Desc	Orthogroup	Arabidopsis_thaliana	Avena_sativa	Brachypodium_distachyon	Hordeum_vulgare	Oryza_sativa	Sorghum_bicolor	Triticum_aestivum	Triticum_turgidum	Zea_mays
n/a	OG0000024	4	28	40	35	19	33	28	26	24
n/a	OG0000027	19	23	15	56	19	31	25	24	24
n/a	OG0000032	15	28	11	26	19	27	30	24	19
n/a	OG0000035	4	26	26	19	22	31	25	24	21
n/a	OG0000036	23	28	13	24	12	25	24	24	23
n/a	OG0000038	3	21	16	23	23	16	33	30	18
n/a	OG0000044	4	21	47	42	16	5	11	42	0
n/a	OG0000046	1	26	8	21	22	30	22	22	9
n/a	OG0000047	0	20	14	17	8	8	33	34	2
n/a	OG0000048	0	15	12	33	7	14	31	25	16
n/a	OG0000050	2	21	17	15	18	10	27	26	4
n/a	OG0000051	5	12	19	17	28	20	26	26	7
n/a	OG0000053	0	10	57	53	12	32	17	8	8
n/a	OG0000054	0	14	35	17	12	30	23	23	6
n/a	OG0000055	2	12	10	26	5	7	32	35	2
n/a	OG0000056	47	16	9	14	19	5	19	24	3
n/a	OG0000057	0	16	27	36	15	5	24	22	0
n/a	OG0000059	0	17	13	19	11	14	31	20	3
n/a	OG0000061	0	15	30	21	22	18	19	22	5
n/a	OG0000062	0	12	15	22	8	11	32	27	2
n/a	OG0000063	1	21	13	13	13	7	22	27	7
n/a	OG0000064	0	11	13	14	8	22	31	26	1
n/a	OG0000066	0	27	10	25	19	10	14	20	6
n/a	OG0000067	1	19	11	16	16	15	20	24	9
n/a	OG0000069	20	21	24	13	17	7	16	16	8
n/a	OG0000070	6	13	14	21	10	13	22	25	10
n/a	OG0000071	3	22	15	16	10	11	20	20	9
n/a	OG0000072	0	18	20	13	9	19	26	18	0
n/a	OG0000073	32	14	13	15	21	16	14	14	17
n/a	OG0000074	6	14	11	35	8	12	20	20	12
n/a	OG0000075	1	15	11	14	16	15	23	22	13
n/a	OG0000077	3	20	16	13	16	10	19	20	7
n/a	OG0000078	0	11	52	47	4	24	0	30	0
n/a	OG0000080	1	19	15	17	10	11	21	20	3
n/a	OG0000082	22	14	10	21	14	10	18	19	7
n/a	OG0000083	2	18	9	18	4	12	21	20	14
n/a	OG0000084	0	13	18	20	16	23	17	22	5
n/a	OG0000085	0	5	48	33	15	14	4	40	0
n/a	OG0000088	0	10	11	21	8	14	23	31	0
n/a	OG0000089	0	11	33	21	6	7	24	21	0
n/a	OG0000091	0	11	12	20	2	8	27	26	2
n/a	OG0000092	18	14	10	14	15	7	18	22	7
n/a	OG0000093	0	19	19	14	32	21	13	9	10
n/a	OG0000094	35	7	11	17	22	14	16	16	10
n/a	OG0000095	0	28	14	14	4	5	19	14	2
n/a	OG0000096	1	17	9	16	6	4	21	21	15
n/a	OG0000098	0	1	64	51	2	14	20	6	2
n/a	OG0000099	11	14	9	18	8	20	20	14	8
n/a	OG0000100	0	23	19	9	9	16	16	16	3
n/a	OG0000101	0	29	5	14	1	5	18	19	1
n/a	OG0000102	38	15	12	4	24	12	15	12	0
n/a	OG0000103	0	16	18	45	10	11	16	10	2
n/a	OG0000104	0	14	12	15	9	9	24	18	6
n/a	OG0000105	15	17	9	14	9	11	18	15	9
n/a	OG0000106	1	16	16	18	15	13	19	14	8
n/a	OG0000107	0	22	10	12	26	13	16	12	1
n/a	OG0000109	0	14	13	13	2	3	23	26	1
n/a	OG0000111	0	6	17	26	4	17	24	16	10
n/a	OG0000112	0	9	10	13	3	2	26	32	1
n/a	OG0000113	0	29	9	18	3	2	14	16	2
n/a	OG0000114	0	10	6	10	11	11	23	26	2
n/a	OG0000115	0	14	13	6	5	13	22	20	6
n/a	OG0000116	0	13	10	20	9	4	21	22	0
n/a	OG0000117	0	17	3	14	9	12	20	18	3
n/a	OG0000118	0	20	9	8	7	17	15	18	5
n/a	OG0000120	0	10	12	13	11	12	20	23	3
n/a	OG0000121	16	23	6	0	10	13	12	10	17
n/a	OG0000123	0	19	13	14	2	2	21	17	1
n/a	OG0000124	0	13	6	12	0	3	21	28	4
n/a	OG0000125	0	12	10	22	12	5	21	18	1
n/a	OG0000127	0	20	14	12	1	6	16	10	21
n/a	OG0000128	8	13	10	17	9	14	13	12	19
n/a	OG0000129	3	16	8	0	9	15	17	16	15
n/a	OG0000130	4	14	7	20	8	7	19	16	4
n/a	OG0000131	0	15	4	6	7	6	20	26	1
n/a	OG0000132	0	13	15	6	18	14	19	16	1
n/a	OG0000133	0	9	9	8	16	9	20	22	6
n/a	OG0000134	0	13	10	0	11	14	18	20	8
n/a	OG0000135	0	13	10	22	18	11	15	14	8
n/a	OG0000136	8	16	7	25	10	9	10	14	11
n/a	OG0000137	3	1	12	19	11	13	21	20	13
n/a	OG0000138	5	7	59	30	6	7	5	6	20
n/a	OG0000141	0	8	10	17	10	7	22	20	0
n/a	OG0000142	6	13	11	15	4	9	17	14	11
n/a	OG0000144	5	12	7	10	12	18	14	14	13
n/a	OG0000145	11	13	15	10	7	16	15	15	0
n/a	OG0000146	1	10	10	9	10	4	21	22	1
n/a	OG0000147	1	15	7	40	30	3	1	20	2
n/a	OG0000148	11	14	8	9	10	9	17	12	9
n/a	OG0000149	1	19	15	10	1	1	18	14	4
n/a	OG0000150	1	11	9	14	9	4	20	20	3
n/a	OG0000151	0	17	11	9	2	2	20	18	1
n/a	OG0000152	8	12	14	0	10	15	16	14	13
n/a	OG0000153	1	15	5	30	0	0	12	25	2
n/a	OG0000154	8	17	4	19	10	5	13	14	6
n/a	OG0000155	0	15	2	11	7	2	18	18	11
n/a	OG0000156	1	8	14	19	7	14	17	13	9
n/a	OG0000157	0	15	13	9	3	9	18	16	4
n/a	OG0000158	0	11	17	9	14	15	12	13	17
n/a	OG0000159	16	7	5	15	4	9	20	15	5
n/a	OG0000160	0	16	11	10	9	1	17	13	10
n/a	OG0000162	0	15	6	14	3	8	16	18	3
n/a	OG0000163	0	12	10	17	9	2	19	16	0
n/a	OG0000164	0	13	10	14	6	17	16	12	3
n/a	OG0000165	1	26	14	8	17	2	9	6	2
n/a	OG0000166	5	12	10	13	8	12	14	13	10
n/a	OG0000167	0	17	13	10	5	7	16	12	2
n/a	OG0000168	2	18	7	19	4	3	13	14	5
n/a	OG0000169	9	13	4	13	13	5	16	12	5
n/a	OG0000170	1	5	42	88	1	4	0	4	0
n/a	OG0000171	0	12	6	9	3	11	17	20	5
n/a	OG0000172	0	0	45	87	2	3	3	6	2
n/a	OG0000173	0	9	4	24	19	4	14	14	8
n/a	OG0000174	1	17	16	6	11	14	11	12	1
n/a	OG0000176	0	24	11	12	6	2	12	9	0
n/a	OG0000177	1	18	6	4	6	5	17	14	1
n/a	OG0000178	9	12	14	61	2	6	3	6	4
n/a	OG0000179	0	28	1	30	1	5	5	2	14
n/a	OG0000180	0	7	16	16	2	6	12	20	16
n/a	OG0000182	1	13	21	13	1	6	11	12	15
n/a	OG0000183	1	17	12	10	11	11	12	10	1
n/a	OG0000184	0	16	11	8	25	9	11	7	5
n/a	OG0000185	8	14	7	10	14	9	11	9	11
n/a	OG0000187	0	9	7	12	7	5	18	20	1
n/a	OG0000189	0	13	13	18	4	1	14	18	0
n/a	OG0000190	0	12	8	0	1	1	20	21	2
n/a	OG0000191	0	6	2	7	14	2	19	24	4
n/a	OG0000192	1	19	6	6	8	8	11	11	7
n/a	OG0000195	0	9	9	16	5	12	13	14	12
n/a	OG0000196	28	11	9	7	0	8	12	12	3
n/a	OG0000198	3	0	7	12	6	11	20	21	9
n/a	OG0000199	13	13	4	7	10	6	15	12	3
n/a	OG0000200	0	22	1	10	9	0	15	8	0
n/a	OG0000201	0	9	10	12	7	18	15	13	5
n/a	OG0000202	3	9	14	41	13	18	8	4	1
n/a	OG0000203	0	9	10	10	14	6	13	14	13
n/a	OG0000204	0	11	15	13	9	22	11	10	0
n/a	OG0000205	0	12	5	11	5	5	18	14	2
n/a	OG0000206	3	6	6	16	7	6	4	12	52
n/a	OG0000207	4	12	8	14	8	8	12	12	8
n/a	OG0000209	0	6	1	12	7	8	19	14	12
n/a	OG0000210	2	9	8	13	4	6	16	14	6
n/a	OG0000211	8	12	12	8	6	6	13	14	3
n/a	OG0000212	1	7	17	21	1	0	13	22	0
n/a	OG0000213	0	4	19	0	16	32	10	14	7
n/a	OG0000214	6	13	10	10	10	10	11	7	12
n/a	OG0000215	16	13	8	0	6	10	12	12	6
n/a	OG0000216	1	10	14	15	5	12	12	10	8
n/a	OG0000217	0	20	11	11	10	5	11	6	0
n/a	OG0000218	0	9	25	10	4	23	10	8	9
n/a	OG0000219	31	0	22	9	19	13	9	4	14
n/a	OG0000220	0	6	16	71	4	11	6	2	0
n/a	OG0000221	0	9	18	33	8	23	3	13	0
n/a	OG0000222	1	2	5	9	12	22	14	16	9
n/a	OG0000223	3	12	7	12	7	19	10	8	11
n/a	OG0000224	4	16	12	53	1	1	5	2	0
n/a	OG0000225	0	11	22	3	20	8	1	0	50
n/a	OG0000228	17	7	11	11	5	12	14	8	3
n/a	OG0000229	34	6	3	0	2	7	14	14	2
n/a	OG0000230	0	14	4	10	3	10	11	13	8
n/a	OG0000231	2	10	9	19	2	8	14	11	3
n/a	OG0000232	0	14	0	30	0	0	12	14	1
n/a	OG0000234	6	8	9	10	6	3	15	15	4
n/a	OG0000235	1	13	7	11	7	7	12	10	8
n/a	OG0000236	0	8	21	10	12	3	12	15	0
n/a	OG0000237	1	12	9	0	0	2	16	19	0
n/a	OG0000238	2	4	9	14	13	6	16	14	5
n/a	OG0000239	0	22	6	5	17	1	7	8	0
n/a	OG0000240	0	12	11	8	6	12	12	12	0
n/a	OG0000241	0	6	8	5	15	17	14	14	0
n/a	OG0000242	0	9	12	12	1	5	14	16	0
n/a	OG0000243	1	4	25	37	22	11	0	11	3
n/a	OG0000244	0	10	14	10	1	6	14	14	2
n/a	OG0000245	12	12	9	8	6	11	9	7	6
n/a	OG0000246	0	11	10	4	1	1	16	17	0
n/a	OG0000247	20	8	6	5	3	1	14	14	1
n/a	OG0000248	8	8	6	10	5	6	13	12	8
n/a	OG0000249	0	13	6	6	8	7	12	13	2
n/a	OG0000250	0	6	16	4	17	6	13	12	5
n/a	OG0000251	0	7	1	10	0	26	16	10	4
n/a	OG0000252	0	19	9	2	4	2	12	10	1
n/a	OG0000253	7	9	5	9	4	3	16	12	3
n/a	OG0000254	7	8	9	6	13	8	10	14	3
n/a	OG0000255	1	0	14	10	13	16	14	9	15
n/a	OG0000256	0	8	10	6	25	3	9	14	3
n/a	OG0000257	5	7	7	11	7	13	12	11	5
n/a	OG0000258	1	14	8	10	3	9	10	8	6
n/a	OG0000259	1	14	7	8	1	6	12	10	6
n/a	OG0000260	1	8	0	82	0	0	6	1	0
n/a	OG0000261	0	2	10	9	0	7	24	12	0
n/a	OG0000262	0	14	7	11	6	9	10	9	3
n/a	OG0000263	4	14	8	12	2	6	11	6	8
n/a	OG0000264	0	0	3	3	0	0	32	12	0
n/a	OG0000265	1	7	4	8	5	6	16	14	4
n/a	OG0000266	0	14	11	7	3	5	10	12	3
n/a	OG0000267	0	11	3	10	5	4	16	8	5
n/a	OG0000268	0	6	10	17	23	2	10	12	2
n/a	OG0000269	1	16	7	1	4	4	12	9	5
n/a	OG0000270	4	8	8	10	12	13	10	7	9
n/a	OG0000272	2	5	7	14	6	8	13	12	7
n/a	OG0000273	15	10	7	6	7	13	7	6	9
n/a	OG0000274	5	6	9	12	6	12	11	10	6
n/a	OG0000275	2	10	7	9	5	18	8	10	10
n/a	OG0000277	0	9	5	10	13	3	12	12	3
n/a	OG0000278	11	12	11	8	6	3	9	8	2
n/a	OG0000280	0	22	6	5	7	2	7	7	0
n/a	OG0000281	0	7	21	4	10	20	7	8	8
n/a	OG0000282	0	8	4	16	11	4	10	12	6
n/a	OG0000283	0	10	5	13	6	6	11	12	6
n/a	OG0000284	1	14	4	9	1	3	13	10	1
n/a	OG0000285	0	11	13	6	9	4	11	10	0
n/a	OG0000286	1	7	7	10	4	2	14	16	0
n/a	OG0000287	5	6	2	6	12	14	13	10	6
n/a	OG0000288	12	7	8	6	5	8	12	10	2
n/a	OG0000289	2	11	6	9	4	7	14	8	3
n/a	OG0000290	0	15	5	8	10	4	10	7	4
n/a	OG0000291	14	10	6	3	7	19	7	4	9
n/a	OG0000292	1	7	8	0	9	14	12	12	6
n/a	OG0000293	1	7	9	10	7	11	9	10	11
n/a	OG0000295	2	8	9	11	1	7	12	11	4
n/a	OG0000296	0	7	11	9	23	6	10	8	0
n/a	OG0000297	0	11	12	10	9	5	9	6	10
n/a	OG0000298	5	8	6	14	3	2	11	10	9
n/a	OG0000299	12	9	6	13	4	4	8	11	2
n/a	OG0000300	14	7	6	0	3	6	13	11	5
n/a	OG0000301	4	12	8	4	2	5	11	10	2
n/a	OG0000302	2	8	6	20	3	2	12	10	2
n/a	OG0000303	2	4	4	8	3	6	15	14	10
n/a	OG0000304	0	8	4	11	5	0	15	12	0
n/a	OG0000305	0	13	9	38	26	0	0	0	1
n/a	OG0000307	1	0	8	15	11	8	15	11	3
n/a	OG0000308	3	7	4	10	4	2	15	10	3
n/a	OG0000309	0	9	5	12	7	5	12	11	1
n/a	OG0000310	0	11	0	14	0	5	15	9	0
n/a	OG0000312	0	14	19	5	2	4	9	6	1
n/a	OG0000313	4	9	8	11	5	6	9	8	8
n/a	OG0000314	5	10	7	8	6	6	8	10	3
n/a	OG0000315	0	6	3	3	3	7	15	15	4
n/a	OG0000316	1	10	10	10	2	9	8	10	3
n/a	OG0000317	6	4	5	17	4	1	6	7	36
n/a	OG0000318	0	22	0	25	0	0	1	8	0
n/a	OG0000319	0	7	3	9	3	4	15	13	0
n/a	OG0000320	0	5	4	7	5	4	15	14	3
n/a	OG0000321	2	7	7	9	3	15	8	10	7
n/a	OG0000322	2	10	3	9	2	2	13	10	3
n/a	OG0000323	7	9	9	4	7	11	8	8	6
n/a	OG0000324	6	6	4	16	5	8	9	12	4
n/a	OG0000325	0	7	5	5	12	8	14	7	1
n/a	OG0000326	0	6	3	12	5	3	12	16	1
n/a	OG0000327	0	10	17	7	2	6	8	12	0
n/a	OG0000328	2	7	12	9	3	6	10	10	6
n/a	OG0000329	2	8	5	9	4	1	14	12	1
n/a	OG0000330	7	8	7	11	7	5	10	7	5
n/a	OG0000331	3	6	7	10	9	12	8	8	11
n/a	OG0000332	3	10	6	9	7	7	11	4	7
n/a	OG0000333	7	6	9	8	9	15	7	10	3
n/a	OG0000334	0	1	68	18	2	13	0	2	2
n/a	OG0000335	0	3	5	5	0	0	17	20	0
n/a	OG0000336	4	8	7	11	6	7	9	8	5
n/a	OG0000337	5	9	3	11	5	6	10	7	6
n/a	OG0000338	8	5	6	9	4	10	10	9	8
n/a	OG0000339	1	6	7	9	7	6	13	8	4
n/a	OG0000340	0	20	2	7	14	6	3	0	7
n/a	OG0000341	0	10	6	6	1	7	8	8	18
n/a	OG0000343	0	9	8	0	10	3	11	12	2
n/a	OG0000344	1	2	20	0	59	2	0	2	14
n/a	OG0000345	1	6	3	7	6	11	12	10	4
n/a	OG0000346	0	6	4	17	5	6	11	12	1
n/a	OG0000348	0	10	8	7	5	2	12	8	0
n/a	OG0000349	0	9	10	6	20	3	9	6	0
n/a	OG0000350	0	9	5	10	4	8	10	10	3
n/a	OG0000351	1	16	9	39	7	1	0	0	0
n/a	OG0000352	1	9	7	7	1	4	11	11	2
n/a	OG0000353	0	14	11	21	0	5	5	5	0
n/a	OG0000354	0	10	8	6	4	2	11	10	1
n/a	OG0000355	0	11	9	9	1	10	7	6	8
n/a	OG0000356	0	13	9	2	3	5	10	8	0
n/a	OG0000357	0	16	12	6	1	1	9	4	2
n/a	OG0000359	1	8	7	10	7	7	8	8	7
n/a	OG0000360	3	14	3	6	1	3	10	8	2
n/a	OG0000361	3	6	10	10	7	9	8	8	7
n/a	OG0000362	2	12	15	6	3	6	8	5	2
n/a	OG0000363	1	9	3	12	7	8	9	7	5
n/a	OG0000364	2	5	4	8	9	9	10	10	8
n/a	OG0000365	3	13	4	6	3	3	8	8	4
n/a	OG0000366	5	8	7	6	5	6	10	8	4
n/a	OG0000367	0	18	12	4	4	5	5	4	0
n/a	OG0000368	0	6	6	8	2	5	12	10	7
n/a	OG0000369	0	6	3	14	7	7	9	9	7
n/a	OG0000370	1	3	1	7	0	1	15	14	11
n/a	OG0000371	4	7	3	11	2	5	12	9	2
n/a	OG0000372	1	8	4	7	9	6	10	8	4
n/a	OG0000373	0	9	2	0	6	1	11	16	2
n/a	OG0000374	0	7	4	5	7	13	8	14	1
n/a	OG0000375	1	1	27	20	2	1	15	0	0
n/a	OG0000376	9	7	3	11	2	1	12	9	0
n/a	OG0000377	4	7	7	9	4	8	10	6	8
n/a	OG0000378	3	9	2	8	3	2	12	9	2
n/a	OG0000379	1	4	4	18	6	8	10	10	2
n/a	OG0000380	0	29	0	4	0	0	3	0	0
n/a	OG0000381	0	9	4	8	5	7	9	5	14
n/a	OG0000382	0	10	4	8	2	4	10	9	4
n/a	OG0000383	3	6	7	10	5	4	11	8	3
n/a	OG0000384	2	6	2	7	7	2	12	12	2
n/a	OG0000385	1	10	3	12	3	3	10	8	3
n/a	OG0000386	1	9	6	10	6	2	11	6	3
n/a	OG0000387	5	4	3	4	3	4	12	15	1
n/a	OG0000388	3	8	5	7	4	12	9	6	6
n/a	OG0000390	0	13	4	8	2	8	8	6	5
n/a	OG0000391	0	11	9	5	1	1	11	6	7
n/a	OG0000392	0	14	3	12	2	6	8	6	1
n/a	OG0000393	0	10	11	8	8	2	9	5	1
n/a	OG0000394	0	8	4	6	0	16	10	7	6
n/a	OG0000395	0	7	17	5	2	10	9	8	0
n/a	OG0000396	0	8	5	8	8	5	9	10	2
n/a	OG0000397	2	7	9	1	0	2	12	12	0
n/a	OG0000398	0	32	2	0	0	0	0	0	0
n/a	OG0000399	0	7	5	7	18	3	8	8	4
n/a	OG0000400	0	10	7	0	17	13	5	4	9
n/a	OG0000401	0	7	11	9	0	2	12	9	0
n/a	OG0000402	0	13	2	3	3	1	13	6	1
n/a	OG0000403	0	5	1	4	1	0	15	16	0
n/a	OG0000404	0	0	0	51	0	0	10	9	0
n/a	OG0000405	2	7	7	10	4	6	8	8	6
n/a	OG0000406	3	10	5	8	5	5	7	6	8
n/a	OG0000407	3	5	4	14	2	5	10	9	5
n/a	OG0000408	4	8	5	7	2	6	10	8	5
n/a	OG0000409	0	5	8	5	10	14	7	7	10
n/a	OG0000410	0	4	13	10	0	0	11	14	0
n/a	OG0000411	0	4	5	6	6	10	10	8	10
n/a	OG0000412	0	11	8	8	6	0	9	8	0
n/a	OG0000413	0	0	0	78	0	0	5	2	0
n/a	OG0000414	0	0	0	21	0	2	16	12	0
n/a	OG0000415	1	3	71	3	8	2	0	1	0
n/a	OG0000416	2	6	7	5	4	11	9	6	10
n/a	OG0000417	1	1	70	12	3	0	2	1	0
n/a	OG0000418	2	6	8	12	6	6	8	7	6
n/a	OG0000419	3	5	4	16	3	4	11	8	4
n/a	OG0000420	0	7	5	12	1	6	9	10	4
n/a	OG0000422	6	6	5	10	2	2	12	8	3
n/a	OG0000423	2	7	5	9	4	2	10	10	3
n/a	OG0000424	1	9	6	6	9	5	7	7	7
n/a	OG0000425	1	8	3	7	5	8	10	7	5
n/a	OG0000426	0	11	2	0	3	4	11	10	0
n/a	OG0000427	0	8	4	7	14	10	5	4	14
n/a	OG0000428	22	1	1	37	0	0	9	0	1
n/a	OG0000429	5	7	6	7	4	7	7	4	13
n/a	OG0000430	82	1	1	1	1	1	1	0	1
n/a	OG0000431	2	8	5	7	3	7	9	7	4
n/a	OG0000432	0	12	4	9	4	6	7	5	6
n/a	OG0000433	1	10	3	4	3	8	8	10	3
n/a	OG0000434	8	5	7	5	7	6	8	8	6
n/a	OG0000435	1	8	4	4	4	5	9	10	2
n/a	OG0000436	1	6	5	6	5	10	9	8	7
n/a	OG0000437	0	6	3	8	4	8	10	8	7
n/a	OG0000438	0	7	4	12	11	8	8	5	1
n/a	OG0000439	0	3	5	6	2	12	10	12	6
n/a	OG0000440	3	6	10	8	7	2	10	6	1
n/a	OG0000441	3	5	3	6	5	2	12	9	3
n/a	OG0000442	5	6	5	9	2	3	11	7	3
n/a	OG0000443	1	5	4	8	2	2	11	12	2
n/a	OG0000444	5	4	6	7	9	12	7	7	5
n/a	OG0000445	3	6	5	8	5	7	8	8	6
n/a	OG0000446	0	7	5	4	16	9	6	6	5
n/a	OG0000447	4	19	7	1	14	1	1	1	1
n/a	OG0000448	7	7	5	0	14	8	6	6	6
n/a	OG0000449	5	7	2	0	1	2	12	11	1
n/a	OG0000450	0	11	6	4	1	8	10	5	1
n/a	OG0000451	0	7	3	9	0	0	12	10	0
n/a	OG0000453	1	0	24	1	15	21	0	0	26
n/a	OG0000454	14	9	5	9	1	7	5	5	3
n/a	OG0000455	4	5	4	7	4	6	9	9	5
n/a	OG0000456	0	10	4	7	3	7	7	6	7
n/a	OG0000457	0	12	2	4	3	1	8	10	0
n/a	OG0000458	0	3	7	8	1	2	12	12	1
n/a	OG0000459	0	3	4	9	15	4	12	6	2
n/a	OG0000460	1	6	6	7	2	6	10	8	3
n/a	OG0000461	5	6	4	8	6	6	8	6	6
n/a	OG0000462	1	5	4	4	11	4	11	8	1
n/a	OG0000463	0	9	5	7	4	7	8	5	4
n/a	OG0000464	0	3	3	11	3	2	13	10	3
n/a	OG0000465	0	10	7	10	1	6	1	0	32
n/a	OG0000466	2	7	6	7	7	6	8	5	7
n/a	OG0000467	4	6	5	8	3	8	8	4	9
n/a	OG0000468	3	9	5	4	1	6	6	6	13
n/a	OG0000469	3	8	6	7	3	6	7	6	6
n/a	OG0000470	2	7	8	5	10	7	5	8	6
n/a	OG0000471	0	5	5	7	5	10	6	6	13
n/a	OG0000472	0	7	2	16	1	8	8	8	1
n/a	OG0000473	0	15	4	6	0	0	7	6	0
n/a	OG0000474	4	5	5	29	0	2	1	12	4
n/a	OG0000475	1	2	9	4	5	2	10	15	0
n/a	OG0000476	1	7	5	9	2	4	8	6	9
n/a	OG0000477	0	4	11	8	12	1	8	10	1
n/a	OG0000478	0	2	8	12	2	3	14	5	4
n/a	OG0000479	3	6	9	5	1	4	8	9	2
n/a	OG0000480	3	6	7	8	4	5	7	8	4
n/a	OG0000481	1	6	4	7	4	2	10	8	2
n/a	OG0000482	2	5	3	8	1	4	9	12	2
n/a	OG0000483	0	7	4	5	12	4	8	8	1
n/a	OG0000484	0	8	1	3	4	3	10	10	0
n/a	OG0000485	0	7	3	5	1	4	9	8	8
n/a	OG0000486	0	11	4	5	5	4	5	8	4
n/a	OG0000487	0	2	2	11	6	4	11	10	4
n/a	OG0000488	7	2	7	2	9	14	12	1	2
n/a	OG0000489	1	5	1	2	0	0	8	16	8
n/a	OG0000490	7	6	6	4	5	10	6	5	8
n/a	OG0000491	12	9	4	4	6	4	6	4	3
n/a	OG0000492	7	3	9	7	2	5	11	6	2
n/a	OG0000495	0	6	5	13	2	3	8	10	1
n/a	OG0000496	1	4	3	11	1	2	12	8	2
n/a	OG0000497	2	5	6	8	3	6	7	8	6
n/a	OG0000498	2	6	6	6	6	6	6	6	10
n/a	OG0000499	2	9	4	5	2	9	7	5	4
n/a	OG0000500	1	5	8	13	2	4	9	6	3
n/a	OG0000501	0	12	14	7	3	7	1	0	12
n/a	OG0000502	6	5	8	12	7	6	5	5	6
n/a	OG0000503	4	8	5	10	5	1	8	3	2
n/a	OG0000504	1	9	9	4	3	7	5	4	6
n/a	OG0000505	0	7	3	7	5	3	8	8	4
n/a	OG0000506	0	6	5	7	2	2	9	9	3
n/a	OG0000507	0	12	5	4	8	4	5	6	0
n/a	OG0000508	0	3	4	9	2	1	11	13	0
n/a	OG0000510	0	4	5	4	5	5	4	4	32
n/a	OG0000511	3	5	3	6	2	3	10	10	1
n/a	OG0000512	5	4	3	4	4	6	7	8	9
n/a	OG0000513	5	6	6	4	4	10	6	5	7
n/a	OG0000514	4	6	6	5	6	7	6	5	8
n/a	OG0000515	3	5	5	5	3	8	8	6	8
n/a	OG0000517	14	0	48	5	4	9	0	0	0
n/a	OG0000518	0	4	3	11	2	5	9	9	4
n/a	OG0000519	4	5	6	6	6	7	6	6	9
n/a	OG0000520	1	6	1	2	2	6	8	11	4
n/a	OG0000521	6	3	5	8	6	5	8	7	5
n/a	OG0000522	0	24	8	1	0	0	0	0	0
n/a	OG0000523	0	7	4	12	2	1	7	9	0
n/a	OG0000524	0	5	6	5	1	1	10	11	0
n/a	OG0000525	0	5	1	0	16	5	9	8	2
n/a	OG0000527	14	8	1	3	8	1	6	4	1
n/a	OG0000528	1	4	4	5	4	9	7	8	9
n/a	OG0000529	2	7	6	5	6	6	6	5	4
n/a	OG0000530	25	10	1	6	10	0	0	4	0
n/a	OG0000531	1	6	4	7	4	6	7	8	4
n/a	OG0000532	4	5	5	6	5	6	6	5	11
n/a	OG0000533	0	7	5	6	2	3	10	6	2
n/a	OG0000534	0	8	4	13	4	2	7	4	4
n/a	OG0000535	0	7	9	2	11	5	7	3	3
n/a	OG0000536	0	3	4	8	8	0	10	10	3
n/a	OG0000537	0	2	6	0	4	3	12	12	3
n/a	OG0000538	0	12	0	7	4	6	5	6	1
n/a	OG0000539	8	5	6	5	1	4	7	8	3
n/a	OG0000540	3	5	6	6	3	8	6	6	10
n/a	OG0000541	11	3	6	7	7	5	6	6	5
n/a	OG0000542	3	7	4	6	5	3	7	6	5
n/a	OG0000543	4	4	4	8	3	3	9	6	5
n/a	OG0000544	8	4	2	0	5	5	8	10	4
n/a	OG0000545	14	7	2	6	2	3	6	6	1
n/a	OG0000546	5	5	4	6	5	9	6	6	4
n/a	OG0000547	2	5	3	6	6	9	7	6	6
n/a	OG0000548	6	4	3	7	4	5	8	4	7
n/a	OG0000549	2	4	4	6	5	7	8	6	7
n/a	OG0000550	1	4	3	6	7	7	8	10	2
n/a	OG0000551	3	6	5	0	7	5	7	8	4
n/a	OG0000552	1	5	5	6	4	11	6	6	8
n/a	OG0000553	0	6	8	14	5	1	8	6	0
n/a	OG0000554	0	2	3	8	2	2	1	0	55
n/a	OG0000555	0	11	3	4	8	4	5	5	3
n/a	OG0000556	0	7	5	7	5	3	9	5	3
n/a	OG0000557	0	5	2	8	5	5	8	8	4
n/a	OG0000558	0	0	0	0	0	0	10	24	0
n/a	OG0000559	1	4	5	8	1	5	8	9	4
n/a	OG0000560	4	5	4	5	5	5	7	6	9
n/a	OG0000561	2	5	5	5	7	7	7	4	8
n/a	OG0000562	2	4	1	8	1	6	9	10	2
n/a	OG0000563	1	4	5	5	0	1	10	10	5
n/a	OG0000565	0	13	4	9	4	4	2	1	8
n/a	OG0000566	0	8	3	0	3	6	8	8	3
n/a	OG0000567	0	6	4	6	3	3	10	6	0
n/a	OG0000568	0	4	0	8	1	0	11	12	0
n/a	OG0000569	0	5	6	6	5	5	8	7	1
n/a	OG0000570	0	0	0	0	0	0	2	36	0
n/a	OG0000571	1	6	3	9	6	3	6	7	3
n/a	OG0000572	6	6	2	13	2	2	4	4	11
n/a	OG0000573	4	5	5	6	6	7	6	6	6
n/a	OG0000574	0	7	4	6	2	3	7	8	2
n/a	OG0000575	0	3	14	5	4	3	8	6	6
n/a	OG0000576	0	9	8	4	6	2	6	6	0
n/a	OG0000577	0	5	6	7	1	7	11	4	0
n/a	OG0000578	0	9	2	1	6	1	9	8	0
n/a	OG0000579	0	8	9	4	5	4	6	4	5
n/a	OG0000580	0	2	13	7	6	12	6	6	5
n/a	OG0000581	0	5	5	4	5	6	8	8	3
n/a	OG0000582	1	0	6	5	2	6	13	4	8
n/a	OG0000583	0	4	2	8	1	2	12	6	4
n/a	OG0000584	0	13	4	9	1	1	4	4	0
n/a	OG0000585	0	6	7	7	7	4	6	6	3
n/a	OG0000586	4	4	5	4	4	5	4	4	20
n/a	OG0000587	1	6	4	7	3	4	8	5	4
n/a	OG0000588	4	3	2	6	5	6	8	8	4
n/a	OG0000589	2	3	5	0	5	9	9	8	3
n/a	OG0000590	1	8	5	7	5	4	6	4	4
n/a	OG0000591	0	4	6	9	2	2	8	8	2
n/a	OG0000592	0	5	5	7	4	4	9	6	2
n/a	OG0000593	0	18	1	0	13	1	0	2	0
n/a	OG0000594	0	7	2	8	4	0	8	8	0
n/a	OG0000595	0	7	4	0	10	11	4	4	8
n/a	OG0000596	0	0	0	0	0	0	7	27	0
n/a	OG0000597	8	2	3	21	2	5	7	4	3
n/a	OG0000598	5	4	6	6	5	5	6	6	6
n/a	OG0000599	2	4	5	8	4	2	10	4	1
n/a	OG0000601	4	5	3	4	3	4	8	6	5
n/a	OG0000602	5	6	4	6	4	5	6	6	5
n/a	OG0000603	5	8	2	2	3	1	8	6	1
n/a	OG0000604	5	9	1	5	0	1	7	6	2
n/a	OG0000605	1	5	4	6	7	3	8	8	1
n/a	OG0000606	2	6	3	5	4	7	6	4	8
n/a	OG0000608	0	8	3	6	2	0	8	8	0
n/a	OG0000609	0	8	6	4	5	4	8	3	1
n/a	OG0000610	0	4	2	8	6	6	9	5	2
n/a	OG0000611	5	8	5	5	2	6	5	2	6
n/a	OG0000612	1	2	27	7	5	6	1	3	11
n/a	OG0000613	2	5	2	10	5	3	6	8	2
n/a	OG0000614	2	7	4	6	5	5	5	4	8
n/a	OG0000615	0	6	6	4	6	7	5	6	5
n/a	OG0000616	0	6	5	7	0	1	9	8	0
n/a	OG0000617	0	1	0	14	4	6	9	6	6
n/a	OG0000618	3	6	4	5	7	9	5	4	3
n/a	OG0000619	1	6	4	8	3	6	6	6	3
n/a	OG0000620	14	3	3	5	3	11	5	4	4
n/a	OG0000621	9	3	3	7	6	6	7	6	1
n/a	OG0000622	3	4	4	4	5	5	3	4	21
n/a	OG0000623	2	4	10	6	3	2	7	6	3
n/a	OG0000624	3	5	6	5	4	5	6	6	4
n/a	OG0000625	0	4	0	57	0	0	1	0	0
n/a	OG0000626	0	4	4	6	5	10	4	4	16
n/a	OG0000627	0	5	0	4	1	4	10	8	1
n/a	OG0000628	0	21	9	0	0	0	0	0	0
n/a	OG0000629	0	6	2	6	2	3	8	8	1
n/a	OG0000630	0	5	6	5	8	5	5	9	1
n/a	OG0000631	0	7	9	6	6	2	7	4	0
n/a	OG0000632	0	6	3	7	10	4	5	6	1
n/a	OG0000633	0	11	0	4	1	1	7	7	0
n/a	OG0000634	0	4	3	28	0	0	7	5	0
n/a	OG0000635	0	1	13	4	2	1	8	14	0
n/a	OG0000636	3	3	0	34	17	0	0	3	0
n/a	OG0000637	8	4	4	5	3	4	6	6	6
n/a	OG0000638	1	7	2	7	2	3	6	6	3
n/a	OG0000639	4	4	4	4	4	4	7	6	5
n/a	OG0000640	2	4	5	5	5	8	5	4	11
n/a	OG0000642	2	6	3	2	6	3	7	6	4
n/a	OG0000643	1	5	2	7	4	5	7	6	3
n/a	OG0000644	1	2	6	3	3	9	9	6	5
n/a	OG0000645	0	20	1	6	0	0	1	1	0
n/a	OG0000646	0	5	6	12	4	5	3	9	3
n/a	OG0000647	0	0	0	44	0	0	6	4	0
n/a	OG0000648	0	0	0	70	0	0	0	0	1
n/a	OG0000649	1	4	5	10	4	5	6	6	4
n/a	OG0000650	5	4	4	6	3	6	6	6	4
n/a	OG0000651	3	4	4	4	5	6	4	4	16
n/a	OG0000652	1	3	4	5	2	7	7	8	5
n/a	OG0000653	0	23	1	1	0	0	0	0	0
n/a	OG0000654	0	4	1	8	0	0	11	8	0
n/a	OG0000655	0	10	1	14	5	3	0	8	1
n/a	OG0000656	0	2	4	12	4	1	9	6	4
n/a	OG0000657	0	0	4	37	21	7	0	0	0
n/a	OG0000658	6	4	7	4	8	7	4	2	7
n/a	OG0000660	4	4	5	6	5	6	5	4	8
n/a	OG0000661	2	5	5	5	5	6	5	4	6
n/a	OG0000662	2	6	5	0	5	6	7	6	3
n/a	OG0000663	4	4	3	6	12	3	5	4	6
n/a	OG0000664	3	7	2	3	3	10	4	4	6
n/a	OG0000665	9	5	3	5	3	8	4	4	8
n/a	OG0000666	2	5	6	5	4	5	5	5	8
n/a	OG0000667	8	5	4	6	6	4	4	4	5
n/a	OG0000668	1	4	5	5	5	6	6	6	5
n/a	OG0000669	2	5	5	6	3	5	5	5	7
n/a	OG0000670	0	8	5	6	1	1	6	7	0
n/a	OG0000671	0	6	3	1	3	1	7	8	3
n/a	OG0000672	0	6	6	1	1	2	8	9	0
n/a	OG0000673	0	5	3	7	4	6	6	4	7
n/a	OG0000674	0	4	4	9	1	7	8	5	3
n/a	OG0000676	3	7	3	8	4	3	5	4	3
n/a	OG0000677	2	7	6	5	3	4	5	5	4
n/a	OG0000678	2	2	2	12	2	2	7	8	3
n/a	OG0000679	2	6	4	5	4	5	5	4	6
n/a	OG0000680	3	5	4	5	4	7	5	5	4
n/a	OG0000681	1	2	2	8	2	3	9	8	3
n/a	OG0000682	4	5	3	6	6	4	4	5	8
n/a	OG0000683	5	6	2	5	3	3	3	9	3
n/a	OG0000684	0	3	0	1	42	0	0	8	0
n/a	OG0000685	0	5	4	7	3	8	4	2	14
n/a	OG0000686	0	5	1	2	3	2	7	12	0
n/a	OG0000687	0	3	5	8	1	1	11	5	0
n/a	OG0000688	0	3	2	8	1	2	8	10	3
n/a	OG0000689	0	0	0	0	0	0	1	33	0
n/a	OG0000690	1	2	0	13	0	0	11	8	0
n/a	OG0000691	5	7	4	4	3	3	5	4	4
n/a	OG0000692	3	5	5	5	4	4	5	5	6
n/a	OG0000693	3	4	5	5	4	6	5	5	7
n/a	OG0000694	2	7	4	5	5	4	5	4	3
n/a	OG0000695	1	3	4	5	11	2	6	8	2
n/a	OG0000696	2	6	5	4	4	3	5	6	6
n/a	OG0000697	0	14	2	3	0	0	5	3	0
n/a	OG0000698	0	4	4	1	3	7	10	4	3
n/a	OG0000699	0	4	5	2	1	0	11	7	0
n/a	OG0000700	0	6	2	5	1	13	6	5	1
n/a	OG0000701	0	6	0	8	0	0	8	8	0
n/a	OG0000702	0	8	3	4	5	3	6	6	0
n/a	OG0000703	1	5	4	5	3	4	6	6	7
n/a	OG0000705	6	4	3	6	4	6	5	6	3
n/a	OG0000706	6	0	5	5	7	6	5	4	13
n/a	OG0000707	3	5	5	5	4	4	5	4	5
n/a	OG0000708	65	0	0	0	0	1	0	0	0
n/a	OG0000709	1	2	0	2	1	0	11	12	0
n/a	OG0000710	4	5	5	5	6	5	5	4	5
n/a	OG0000711	1	4	5	5	4	5	5	4	10
n/a	OG0000712	3	2	3	3	2	5	8	7	6
n/a	OG0000714	0	22	0	0	0	0	0	0	0
n/a	OG0000715	0	5	2	4	7	6	7	6	1
n/a	OG0000716	0	5	3	8	3	1	7	8	1
n/a	OG0000717	0	10	4	6	4	4	4	2	3
n/a	OG0000718	0	6	4	2	4	10	6	2	5
n/a	OG0000719	0	3	2	8	1	4	7	9	1
n/a	OG0000720	0	0	0	51	0	0	3	3	0
n/a	OG0000721	3	4	4	5	2	6	5	4	9
n/a	OG0000722	4	3	3	6	3	3	7	6	4
n/a	OG0000723	6	4	3	7	1	2	6	6	4
n/a	OG0000724	1	4	5	5	5	6	5	6	4
n/a	OG0000725	9	4	4	4	4	4	5	4	4
n/a	OG0000726	3	5	5	6	2	4	5	6	4
n/a	OG0000727	1	8	2	8	0	1	6	5	1
n/a	OG0000728	0	2	0	56	3	0	0	0	0
n/a	OG0000729	0	7	3	11	2	5	1	10	1
n/a	OG0000730	0	7	4	5	5	5	4	4	2
n/a	OG0000732	0	6	2	5	6	2	5	4	6
n/a	OG0000733	0	1	6	9	2	3	6	9	4
n/a	OG0000734	2	4	5	5	6	5	5	5	3
n/a	OG0000735	5	4	5	4	5	5	5	6	2
n/a	OG0000736	9	5	5	4	6	5	5	2	2
n/a	OG0000737	4	6	3	5	1	5	6	2	5
n/a	OG0000738	4	8	3	3	2	1	5	6	1
n/a	OG0000739	4	7	3	5	4	5	4	4	3
n/a	OG0000740	4	5	4	10	3	4	3	4	6
n/a	OG0000741	1	6	5	4	7	3	4	4	4
n/a	OG0000742	5	5	5	4	2	5	4	4	9
n/a	OG0000743	1	4	6	6	5	5	5	5	4
n/a	OG0000744	4	6	2	3	3	8	4	4	6
n/a	OG0000745	1	4	2	5	4	4	7	4	5
n/a	OG0000746	1	4	5	5	5	5	6	6	2
n/a	OG0000747	1	5	2	6	5	3	6	6	3
n/a	OG0000748	0	4	5	3	9	5	6	4	3
n/a	OG0000749	0	2	4	7	1	4	9	6	4
n/a	OG0000750	0	5	2	7	6	5	5	5	2
n/a	OG0000751	0	4	1	8	0	0	9	9	0
n/a	OG0000752	0	5	4	6	6	10	4	4	4
n/a	OG0000753	0	4	4	9	20	0	3	5	1
n/a	OG0000754	0	5	6	4	1	2	10	2	2
n/a	OG0000755	0	6	2	4	1	2	7	8	2
n/a	OG0000756	0	4	3	4	2	2	7	8	3
n/a	OG0000757	0	0	4	2	9	18	5	5	7
n/a	OG0000759	0	0	0	0	0	0	9	18	0
n/a	OG0000760	0	6	5	6	3	9	4	4	1
n/a	OG0000761	0	0	1	47	4	0	0	1	8
n/a	OG0000762	1	5	5	6	4	5	5	4	4
n/a	OG0000763	5	2	2	6	2	7	6	6	6
n/a	OG0000764	1	4	4	4	4	4	5	4	11
n/a	OG0000765	3	4	4	5	3	5	5	5	5
n/a	OG0000766	8	4	3	3	4	3	6	4	1
n/a	OG0000767	1	6	4	4	1	6	5	4	4
n/a	OG0000768	2	5	4	6	4	4	5	4	5
n/a	OG0000769	2	4	4	5	9	2	6	5	3
n/a	OG0000770	2	8	2	4	2	5	5	2	4
n/a	OG0000771	3	7	5	6	2	4	4	4	2
n/a	OG0000772	1	5	4	4	4	6	5	4	6
n/a	OG0000773	2	5	5	6	4	2	6	6	2
n/a	OG0000774	1	7	2	1	1	2	8	4	1
n/a	OG0000775	2	4	7	0	1	1	7	6	6
n/a	OG0000776	0	21	0	0	1	0	0	0	0
n/a	OG0000777	0	4	5	6	2	2	11	2	0
n/a	OG0000778	0	5	2	1	7	5	6	7	0
n/a	OG0000780	0	7	4	5	5	1	7	4	0
n/a	OG0000781	0	4	13	6	15	2	3	2	2
n/a	OG0000782	0	4	1	8	18	4	4	3	3
n/a	OG0000783	0	6	4	7	2	1	6	6	0
n/a	OG0000784	0	9	2	3	1	7	5	4	1
n/a	OG0000785	0	0	0	18	0	0	11	6	0
n/a	OG0000786	2	2	5	0	0	0	7	4	21
n/a	OG0000787	14	4	2	5	2	2	5	4	3
n/a	OG0000788	1	4	2	8	5	3	5	7	3
n/a	OG0000789	2	4	3	7	3	3	6	5	6
n/a	OG0000790	4	4	4	4	6	4	3	4	12
n/a	OG0000791	2	4	4	9	5	5	4	4	6
n/a	OG0000792	7	5	4	4	4	4	5	4	3
n/a	OG0000793	1	4	4	5	3	4	6	5	6
n/a	OG0000794	1	8	0	2	0	0	6	8	0
n/a	OG0000795	3	5	5	3	4	6	4	4	8
n/a	OG0000796	6	3	3	4	7	2	6	5	3
n/a	OG0000797	1	4	4	7	3	3	8	4	2
n/a	OG0000798	2	5	3	4	2	3	6	6	2
n/a	OG0000799	0	6	1	1	9	2	1	12	1
n/a	OG0000800	0	4	3	2	4	2	8	8	2
n/a	OG0000801	0	20	1	0	0	0	0	0	0
n/a	OG0000802	0	5	3	2	2	1	7	8	0
n/a	OG0000803	0	2	5	7	6	2	7	6	1
n/a	OG0000804	0	7	4	5	2	3	4	7	1
n/a	OG0000805	0	4	6	5	0	2	10	4	2
n/a	OG0000806	0	7	2	6	3	5	5	4	1
n/a	OG0000807	0	2	3	2	3	3	9	9	0
n/a	OG0000808	0	0	0	61	0	0	0	0	0
n/a	OG0000809	3	4	5	5	6	5	4	4	5
n/a	OG0000810	3	0	6	7	5	5	6	6	3
n/a	OG0000811	4	5	5	3	5	5	5	3	3
n/a	OG0000812	5	6	3	3	5	3	4	4	4
n/a	OG0000813	2	4	3	5	2	3	6	6	4
n/a	OG0000814	6	4	3	5	1	2	5	6	6
n/a	OG0000815	2	4	4	5	3	5	5	5	4
n/a	OG0000816	1	4	5	0	4	4	5	6	7
n/a	OG0000817	1	4	2	6	4	4	6	6	3
n/a	OG0000818	1	5	3	5	2	3	6	5	3
n/a	OG0000819	2	5	3	5	2	4	6	3	7
n/a	OG0000820	1	1	5	1	16	3	3	2	21
n/a	OG0000821	1	4	2	7	0	1	8	6	0
n/a	OG0000822	0	8	3	5	4	2	5	4	0
n/a	OG0000823	0	8	5	1	4	7	3	4	1
n/a	OG0000824	0	6	3	3	4	4	4	3	11
n/a	OG0000825	0	9	3	3	6	3	4	4	0
n/a	OG0000826	0	5	1	0	6	10	5	2	8
n/a	OG0000827	0	10	3	3	2	2	4	4	1
n/a	OG0000828	0	6	4	6	4	6	4	6	1
n/a	OG0000829	0	5	2	2	8	2	6	5	3
n/a	OG0000830	0	8	3	3	3	1	6	4	1
n/a	OG0000831	0	6	7	6	2	2	6	3	3
n/a	OG0000832	0	4	6	8	2	5	5	6	2
n/a	OG0000833	0	6	3	4	3	3	6	5	2
n/a	OG0000834	0	3	5	7	6	3	6	6	1
n/a	OG0000835	3	4	4	4	5	4	4	6	3
n/a	OG0000836	1	0	1	1	1	1	1	1	51
n/a	OG0000837	2	8	5	3	4	3	4	2	5
n/a	OG0000838	2	4	5	5	5	5	4	4	6
n/a	OG0000839	3	5	4	4	5	4	4	4	4
n/a	OG0000840	2	4	4	5	5	4	5	4	6
n/a	OG0000841	2	6	2	9	2	2	5	5	1
n/a	OG0000842	1	5	5	4	4	3	5	5	4
n/a	OG0000843	1	6	3	3	4	3	5	5	3
n/a	OG0000844	0	6	3	0	1	4	4	6	12
n/a	OG0000845	0	6	3	3	3	1	7	6	0
n/a	OG0000846	0	3	5	5	1	13	6	4	2
n/a	OG0000847	0	13	4	1	2	4	3	0	2
n/a	OG0000848	0	7	2	5	3	3	5	4	2
n/a	OG0000849	0	0	0	6	0	0	9	14	0
n/a	OG0000850	6	4	5	4	1	3	6	4	3
n/a	OG0000851	4	3	4	6	5	4	5	4	4
n/a	OG0000852	3	3	3	6	3	3	6	6	4
n/a	OG0000853	3	2	3	3	1	8	6	6	6
n/a	OG0000854	6	4	3	4	4	4	5	4	6
n/a	OG0000855	1	5	4	4	5	4	4	4	6
n/a	OG0000856	3	5	2	7	2	4	5	4	3
n/a	OG0000857	3	4	5	4	3	5	4	4	6
n/a	OG0000858	1	6	5	5	7	4	4	2	3
n/a	OG0000859	4	3	4	5	6	9	4	2	6
n/a	OG0000860	0	4	11	1	31	1	0	0	2
n/a	OG0000861	0	4	1	3	3	1	7	9	0
n/a	OG0000862	0	15	0	12	0	0	0	0	0
n/a	OG0000863	0	13	0	1	8	2	0	0	8
n/a	OG0000864	0	3	3	4	3	4	8	5	2
n/a	OG0000865	0	7	6	3	0	1	6	6	0
n/a	OG0000866	0	5	5	6	0	4	5	4	4
n/a	OG0000867	0	3	2	5	1	4	6	8	3
n/a	OG0000868	0	3	1	3	0	1	8	10	0
n/a	OG0000869	0	10	8	4	4	2	3	2	0
n/a	OG0000870	0	7	3	0	0	0	8	6	0
n/a	OG0000871	0	4	3	5	12	3	4	6	2
n/a	OG0000872	0	0	3	2	0	7	1	0	45
n/a	OG0000873	0	0	0	0	0	0	13	10	0
n/a	OG0000874	4	1	4	5	3	4	7	5	5
n/a	OG0000875	1	0	2	6	1	2	9	8	2
n/a	OG0000876	1	5	4	4	4	4	4	4	8
n/a	OG0000877	2	5	4	4	2	5	5	4	4
n/a	OG0000878	1	1	0	6	0	0	11	8	0
n/a	OG0000879	2	4	4	4	5	5	4	4	7
n/a	OG0000880	4	4	4	5	4	4	5	5	2
n/a	OG0000881	11	4	3	4	3	5	3	4	5
n/a	OG0000882	2	5	2	8	3	2	5	4	4
n/a	OG0000883	4	4	5	6	2	4	4	4	7
n/a	OG0000884	2	3	4	3	6	8	4	4	5
n/a	OG0000885	1	4	2	8	2	4	7	4	1
n/a	OG0000886	2	5	2	6	1	6	6	4	3
n/a	OG0000887	7	3	1	3	3	1	7	6	0
n/a	OG0000888	3	4	4	4	6	4	4	3	7
n/a	OG0000889	1	2	3	2	2	3	3	3	27
n/a	OG0000890	0	6	2	4	11	4	5	2	0
n/a	OG0000891	0	3	1	5	6	1	8	6	0
n/a	OG0000892	0	14	3	2	4	0	2	0	0
n/a	OG0000893	0	3	5	5	5	7	5	4	4
n/a	OG0000894	2	4	3	4	3	6	4	4	6
n/a	OG0000895	2	3	5	4	3	4	5	4	6
n/a	OG0000896	1	3	5	5	4	6	5	4	4
n/a	OG0000897	6	4	4	4	4	5	4	4	3
n/a	OG0000898	3	4	5	3	3	3	4	6	4
n/a	OG0000899	1	5	0	0	0	0	8	8	0
n/a	OG0000900	5	3	4	5	2	2	7	4	1
n/a	OG0000901	2	6	4	4	6	3	4	4	3
n/a	OG0000902	3	4	4	4	3	4	4	4	7
n/a	OG0000903	3	3	3	5	4	3	4	6	4
n/a	OG0000904	1	3	3	8	2	3	5	6	3
n/a	OG0000905	2	5	2	5	2	2	5	6	2
n/a	OG0000906	1	4	4	0	4	4	5	4	7
n/a	OG0000907	1	1	5	0	1	0	8	12	0
n/a	OG0000908	0	8	3	3	2	5	3	4	2
n/a	OG0000909	0	6	2	4	0	3	5	6	3
n/a	OG0000910	0	5	5	4	2	0	8	4	0
n/a	OG0000911	0	2	10	6	1	3	5	5	4
n/a	OG0000912	0	2	7	15	0	0	7	3	0
n/a	OG0000913	0	8	0	2	1	0	5	6	2
n/a	OG0000914	0	11	3	12	0	1	2	0	0
n/a	OG0000915	0	6	9	0	1	6	4	4	4
n/a	OG0000916	0	5	2	3	1	2	7	6	2
n/a	OG0000917	0	7	2	0	2	0	7	6	0
n/a	OG0000918	0	6	3	7	2	3	5	2	3
n/a	OG0000919	0	5	0	1	0	0	8	9	0
n/a	OG0000920	0	11	1	11	6	0	1	1	1
n/a	OG0000921	0	4	0	3	0	0	8	10	0
n/a	OG0000923	5	5	4	4	3	4	4	4	4
n/a	OG0000924	2	2	6	4	6	7	3	4	10
n/a	OG0000925	3	7	4	4	3	4	3	2	4
n/a	OG0000926	1	4	2	2	1	2	8	6	1
n/a	OG0000927	2	4	4	2	2	9	3	3	11
n/a	OG0000928	6	3	3	4	3	4	4	4	7
n/a	OG0000929	1	2	4	6	5	7	4	4	8
n/a	OG0000930	1	5	4	4	3	5	4	4	5
n/a	OG0000931	2	3	6	3	4	4	3	3	13
n/a	OG0000932	6	5	1	1	0	2	5	6	1
n/a	OG0000933	2	4	3	5	3	5	5	4	3
n/a	OG0000934	1	4	4	4	7	3	5	5	2
n/a	OG0000935	2	4	5	4	3	5	4	4	5
n/a	OG0000936	3	4	4	4	3	4	4	4	4
n/a	OG0000937	2	3	3	4	4	4	3	3	16
n/a	OG0000938	1	7	4	4	2	1	4	4	1
n/a	OG0000939	2	3	1	6	1	1	7	4	5
n/a	OG0000940	0	8	3	2	1	0	6	4	0
n/a	OG0000941	0	7	1	1	8	4	4	4	2
n/a	OG0000943	0	5	2	2	2	3	5	7	1
n/a	OG0000945	0	3	2	29	0	0	1	2	7
n/a	OG0000946	0	4	3	0	2	3	5	10	3
n/a	OG0000947	0	7	1	6	2	1	5	3	2
n/a	OG0000948	0	5	2	7	0	0	7	6	0
n/a	OG0000949	0	4	4	3	4	6	5	4	5
n/a	OG0000950	0	1	3	3	4	9	3	12	2
n/a	OG0000951	4	3	3	4	1	3	4	6	8
n/a	OG0000952	4	4	4	4	3	4	4	4	4
n/a	OG0000953	3	4	4	5	4	4	4	3	5
n/a	OG0000954	4	4	3	4	3	4	4	4	7
n/a	OG0000955	1	0	4	3	4	8	5	6	8
n/a	OG0000956	2	4	4	4	3	4	4	4	6
n/a	OG0000957	1	4	3	4	4	4	4	4	8
n/a	OG0000958	2	4	3	9	3	3	4	4	2
n/a	OG0000959	4	4	3	4	5	4	4	4	4
n/a	OG0000960	2	4	4	4	3	4	4	4	6
n/a	OG0000961	5	4	3	3	3	3	4	4	5
n/a	OG0000962	1	5	3	5	2	2	5	5	1
n/a	OG0000963	4	3	3	5	1	1	6	6	2
n/a	OG0000964	2	3	4	2	5	4	1	2	20
n/a	OG0000965	3	6	3	4	3	3	5	3	2
n/a	OG0000966	1	4	7	2	4	9	2	2	10
n/a	OG0000967	1	4	1	4	7	9	4	3	3
n/a	OG0000969	0	6	1	3	7	2	5	4	1
n/a	OG0000970	0	7	2	5	2	8	3	4	1
n/a	OG0000971	0	6	4	5	1	2	4	4	2
n/a	OG0000972	0	4	2	4	9	4	4	4	3
n/a	OG0000973	0	3	3	3	3	5	5	6	6
n/a	OG0000974	0	2	3	0	1	4	8	6	5
n/a	OG0000975	0	3	1	3	1	11	5	2	10
n/a	OG0000976	0	2	4	7	2	3	6	7	2
n/a	OG0000978	0	1	0	51	0	0	0	0	0
n/a	OG0000979	7	0	11	15	5	7	0	4	1
n/a	OG0000980	3	4	4	4	4	4	3	4	5
n/a	OG0000981	3	5	4	4	4	4	3	4	4
n/a	OG0000982	4	4	4	4	5	3	3	4	6
n/a	OG0000983	3	4	4	4	3	4	4	4	4
n/a	OG0000984	1	4	4	3	3	4	3	4	11
n/a	OG0000985	5	5	1	4	3	6	4	4	1
n/a	OG0000986	2	6	3	4	3	3	4	4	2
n/a	OG0000987	2	4	3	4	4	4	4	6	1
n/a	OG0000988	2	4	4	4	3	3	4	4	7
n/a	OG0000989	2	2	2	6	2	2	5	9	2
n/a	OG0000990	1	4	5	4	4	4	4	3	5
n/a	OG0000991	0	4	1	0	12	5	5	4	1
n/a	OG0000992	0	3	4	4	3	5	5	4	4
n/a	OG0000993	0	5	2	3	2	0	6	7	0
n/a	OG0000994	0	3	2	8	1	1	7	6	1
n/a	OG0000995	0	7	8	7	2	2	2	2	5
n/a	OG0000996	0	1	2	6	8	2	4	9	1
n/a	OG0000997	0	4	3	5	4	5	3	3	8
n/a	OG0000998	0	4	8	3	2	3	6	3	2
n/a	OG0000999	0	7	4	4	1	2	5	4	0
n/a	OG0001000	0	3	3	5	0	2	7	6	2
n/a	OG0001001	0	3	4	4	3	2	6	6	2
n/a	OG0001002	0	3	2	4	1	4	6	7	2
n/a	OG0001003	0	0	1	52	0	0	0	0	0
n/a	OG0001004	4	3	5	7	4	4	3	3	5
n/a	OG0001005	4	3	3	4	4	4	5	4	3
n/a	OG0001006	2	4	2	5	2	2	5	4	3
n/a	OG0001007	10	3	2	4	2	5	4	4	3
n/a	OG0001008	3	4	2	4	7	3	3	4	3
n/a	OG0001009	5	5	2	6	1	3	3	4	3
n/a	OG0001010	2	2	1	3	7	6	4	4	9
n/a	OG0001011	1	2	4	6	4	6	5	4	4
n/a	OG0001012	3	4	3	4	3	3	4	4	5
n/a	OG0001013	1	3	1	3	18	5	3	3	2
n/a	OG0001014	4	3	5	5	3	6	5	3	2
n/a	OG0001015	3	4	3	5	2	5	4	4	5
n/a	OG0001016	1	3	5	4	0	2	3	3	16
n/a	OG0001017	3	4	4	4	3	2	4	4	4
n/a	OG0001018	1	4	5	5	2	2	4	4	5
n/a	OG0001019	0	7	5	1	2	3	6	2	0
n/a	OG0001020	0	6	7	2	4	0	2	8	0
n/a	OG0001021	0	4	1	2	4	4	5	4	7
n/a	OG0001022	0	4	5	4	0	0	7	4	0
n/a	OG0001024	0	4	0	0	1	9	6	6	1
n/a	OG0001025	0	7	1	3	3	4	4	4	0
n/a	OG0001026	0	4	5	5	7	2	3	6	1
n/a	OG0001027	0	2	4	6	3	2	7	6	2
n/a	OG0001028	0	2	9	2	3	0	7	6	0
n/a	OG0001030	2	4	4	4	4	5	3	4	4
n/a	OG0001031	1	3	7	3	1	7	5	4	1
n/a	OG0001032	1	3	3	5	2	3	4	6	5
n/a	OG0001033	5	4	4	3	3	3	4	4	3
n/a	OG0001034	6	1	1	3	3	3	2	2	21
n/a	OG0001035	3	3	2	4	2	3	5	5	5
n/a	OG0001036	4	4	3	4	5	3	4	4	3
n/a	OG0001037	2	4	5	4	4	4	4	2	6
n/a	OG0001038	3	3	3	5	3	2	4	4	4
n/a	OG0001039	3	4	4	4	1	3	4	5	4
n/a	OG0001040	4	4	4	3	2	3	4	4	5
n/a	OG0001041	2	4	4	6	2	3	4	4	3
n/a	OG0001042	1	3	4	5	1	4	5	6	3
n/a	OG0001043	2	4	5	4	3	3	4	4	4
n/a	OG0001044	3	3	3	3	4	3	5	4	3
n/a	OG0001045	1	4	5	4	4	4	3	4	5
n/a	OG0001046	2	4	4	4	2	4	4	3	8
n/a	OG0001047	2	5	3	5	4	4	4	2	3
n/a	OG0001048	2	5	4	7	2	4	3	3	5
n/a	OG0001049	1	4	4	4	3	4	4	4	4
n/a	OG0001050	2	3	3	3	3	3	3	3	14
n/a	OG0001051	1	3	2	3	3	4	6	5	3
n/a	OG0001052	1	5	3	7	3	4	4	2	3
n/a	OG0001053	1	3	2	3	2	2	6	6	4
n/a	OG0001054	1	3	3	4	5	4	4	4	4
n/a	OG0001055	1	3	7	5	4	5	3	2	8
n/a	OG0001056	0	7	3	4	5	3	4	2	2
n/a	OG0001057	0	9	5	0	7	3	3	1	0
n/a	OG0001058	0	5	2	5	2	1	6	4	2
n/a	OG0001059	0	6	0	2	2	6	6	1	2
n/a	OG0001060	0	9	1	16	2	0	1	2	0
n/a	OG0001061	0	15	1	0	0	0	2	0	0
n/a	OG0001062	0	6	11	3	2	1	4	2	1
n/a	OG0001063	0	2	1	8	3	3	5	4	8
n/a	OG0001064	0	4	2	5	1	1	5	7	2
n/a	OG0001065	0	8	2	2	5	1	3	3	1
n/a	OG0001066	0	1	1	6	0	0	9	8	0
n/a	OG0001067	0	2	0	5	0	1	10	5	0
n/a	OG0001068	3	4	3	4	3	3	4	4	4
n/a	OG0001069	1	4	4	4	3	4	4	4	3
n/a	OG0001070	4	4	3	4	4	3	4	4	3
n/a	OG0001071	2	6	1	4	1	1	0	8	8
n/a	OG0001072	1	1	3	1	4	2	2	14	2
n/a	OG0001073	7	3	3	3	2	5	4	4	3
n/a	OG0001074	3	3	3	3	5	3	4	4	7
n/a	OG0001075	5	3	4	3	3	6	3	3	7
n/a	OG0001076	6	5	2	3	6	2	4	1	2
n/a	OG0001078	1	4	3	5	2	4	4	4	2
n/a	OG0001079	4	3	3	3	2	12	3	2	4
n/a	OG0001080	1	4	4	3	2	4	4	4	5
n/a	OG0001081	1	5	6	4	1	2	4	4	3
n/a	OG0001082	2	4	5	5	3	3	4	4	3
n/a	OG0001083	1	4	4	3	3	3	4	5	3
n/a	OG0001084	0	4	5	1	3	3	4	6	2
n/a	OG0001085	0	4	3	4	2	5	6	3	0
n/a	OG0001086	0	16	2	0	0	0	0	0	0
n/a	OG0001087	0	6	3	2	0	0	4	6	4
n/a	OG0001088	0	3	3	5	1	4	5	5	5
n/a	OG0001089	0	7	2	4	1	2	5	4	0
n/a	OG0001091	0	3	3	0	5	4	5	6	0
n/a	OG0001092	0	5	4	2	3	3	4	4	2
n/a	OG0001093	0	3	3	4	1	4	6	6	3
n/a	OG0001094	0	3	6	4	3	4	5	4	2
n/a	OG0001095	0	4	4	3	5	4	4	4	3
n/a	OG0001096	0	1	4	6	2	2	7	4	3
n/a	OG0001097	0	4	3	4	5	2	4	4	6
n/a	OG0001098	2	3	4	4	3	4	4	4	4
n/a	OG0001099	4	4	2	3	1	7	2	2	9
n/a	OG0001100	4	2	3	4	3	8	5	4	2
n/a	OG0001101	2	3	4	4	5	4	3	4	4
n/a	OG0001102	3	0	2	5	4	2	7	4	3
n/a	OG0001103	1	3	1	3	1	1	7	6	2
n/a	OG0001104	2	6	2	2	2	2	5	3	3
n/a	OG0001105	1	4	0	0	0	0	7	8	0
n/a	OG0001106	3	4	5	3	2	3	4	4	1
n/a	OG0001107	1	4	4	4	2	3	4	4	4
n/a	OG0001108	4	3	7	3	3	4	3	3	4
n/a	OG0001109	2	2	6	1	7	1	7	3	2
n/a	OG0001110	4	3	6	3	5	4	3	3	3
n/a	OG0001111	25	2	2	1	5	3	1	0	5
n/a	OG0001112	3	3	3	5	3	3	4	4	4
n/a	OG0001113	2	2	4	4	2	3	5	4	5
n/a	OG0001114	3	3	0	3	5	4	4	5	2
n/a	OG0001115	1	3	4	2	2	4	2	2	19
n/a	OG0001116	2	3	4	4	2	4	4	4	5
n/a	OG0001117	2	3	3	5	3	3	4	4	3
n/a	OG0001118	2	3	5	4	3	4	3	2	7
n/a	OG0001119	2	4	2	3	1	3	5	5	4
n/a	OG0001120	4	4	4	3	4	5	3	2	4
n/a	OG0001121	2	4	3	4	1	2	4	4	3
n/a	OG0001122	2	4	3	4	3	3	4	4	5
n/a	OG0001123	2	5	3	2	3	4	3	3	7
n/a	OG0001124	2	2	3	4	4	4	3	3	12
n/a	OG0001125	1	4	6	4	1	3	4	4	3
n/a	OG0001127	0	7	2	2	1	0	5	5	0
n/a	OG0001128	0	4	3	2	5	6	5	4	0
n/a	OG0001129	0	6	4	0	2	0	5	6	1
n/a	OG0001130	0	7	5	1	14	3	2	0	0
n/a	OG0001131	0	5	1	3	0	2	4	6	6
n/a	OG0001132	0	3	4	3	2	3	5	6	1
n/a	OG0001133	0	5	0	2	1	0	7	5	1
n/a	OG0001134	0	4	5	3	0	0	7	6	0
n/a	OG0001135	0	4	2	3	4	2	5	4	4
n/a	OG0001136	0	4	4	5	5	6	3	3	4
n/a	OG0001137	0	2	1	4	2	2	8	5	1
n/a	OG0001138	0	0	0	0	0	0	12	6	0
n/a	OG0001139	1	3	4	3	3	4	3	3	11
n/a	OG0001140	2	4	3	4	4	3	4	3	5
n/a	OG0001141	3	3	3	4	2	4	3	4	6
n/a	OG0001142	1	3	2	2	2	2	7	3	4
n/a	OG0001143	3	0	4	4	4	4	5	4	8
n/a	OG0001144	4	3	3	3	1	4	3	3	10
n/a	OG0001145	8	3	1	4	2	1	4	4	2
n/a	OG0001147	5	3	3	4	2	3	4	4	3
n/a	OG0001148	3	3	5	3	5	4	2	3	8
n/a	OG0001149	1	4	5	2	2	8	3	2	4
n/a	OG0001150	11	5	2	5	5	1	3	0	0
n/a	OG0001151	3	3	3	4	2	6	4	4	3
n/a	OG0001152	1	5	2	3	2	3	5	2	5
n/a	OG0001153	2	3	3	4	4	4	4	4	4
n/a	OG0001154	3	6	3	2	5	5	2	1	6
n/a	OG0001155	3	6	3	3	3	2	3	3	2
n/a	OG0001156	1	4	4	6	5	3	4	3	2
n/a	OG0001157	1	5	2	4	2	3	4	4	3
n/a	OG0001158	1	7	1	3	1	4	3	4	3
n/a	OG0001159	0	4	1	6	1	4	5	4	2
n/a	OG0001160	0	2	0	0	0	1	7	10	0
n/a	OG0001161	0	3	3	0	0	0	10	4	0
n/a	OG0001162	0	11	1	0	1	0	3	1	1
n/a	OG0001163	0	7	1	4	2	1	5	2	2
n/a	OG0001165	0	2	0	5	0	0	6	10	0
n/a	OG0001166	0	4	1	7	2	1	5	4	5
n/a	OG0001167	0	5	2	3	3	3	4	6	0
n/a	OG0001168	0	1	5	7	3	0	6	6	2
n/a	OG0001169	0	2	5	5	3	1	6	6	0
n/a	OG0001170	0	4	5	3	0	0	7	5	0
n/a	OG0001171	0	8	3	3	1	4	3	2	0
n/a	OG0001172	0	8	1	4	0	4	3	2	3
n/a	OG0001173	0	8	0	2	0	0	5	4	0
n/a	OG0001174	0	2	5	5	1	3	5	6	2
n/a	OG0001175	0	3	2	5	6	1	5	4	1
n/a	OG0001176	0	2	3	4	8	4	4	4	3
n/a	OG0001177	0	0	6	5	3	5	6	4	3
n/a	OG0001178	0	0	3	10	0	1	8	6	0
n/a	OG0001179	0	0	0	47	0	0	0	0	0
n/a	OG0001180	0	0	0	0	0	0	8	12	0
n/a	OG0001181	1	4	4	1	4	2	5	4	2
n/a	OG0001182	1	3	4	3	3	3	3	3	10
n/a	OG0001183	6	2	3	4	2	2	4	4	4
n/a	OG0001184	3	2	1	1	1	7	5	5	3
n/a	OG0001185	3	3	3	4	3	3	4	4	3
n/a	OG0001186	3	1	2	5	3	1	6	6	1
n/a	OG0001187	4	3	3	4	3	3	4	2	4
n/a	OG0001188	3	4	2	4	3	2	5	3	2
n/a	OG0001189	4	4	3	4	4	5	3	2	3
n/a	OG0001190	4	3	3	3	3	4	3	3	8
n/a	OG0001191	2	2	3	3	3	4	4	4	7
n/a	OG0001192	4	2	2	5	2	4	4	4	3
n/a	OG0001193	3	4	3	3	2	3	4	4	4
n/a	OG0001194	1	3	4	3	4	4	3	2	11
n/a	OG0001195	7	3	4	4	3	4	3	2	4
n/a	OG0001196	16	2	3	3	2	2	4	2	2
n/a	OG0001197	5	3	4	3	3	3	3	3	6
n/a	OG0001198	11	3	2	4	2	2	3	3	3
n/a	OG0001199	2	3	4	3	2	3	4	3	6
n/a	OG0001200	3	2	3	3	1	3	2	2	19
n/a	OG0001201	2	3	3	3	2	4	4	4	3
n/a	OG0001202	3	4	4	3	4	4	3	2	5
n/a	OG0001203	4	2	4	3	3	3	4	4	6
n/a	OG0001204	2	3	3	3	4	3	4	4	4
n/a	OG0001205	4	4	2	3	5	7	2	2	4
n/a	OG0001206	2	3	4	3	3	4	3	3	8
n/a	OG0001207	1	6	1	0	3	2	3	4	5
n/a	OG0001208	3	5	4	1	2	2	4	4	2
n/a	OG0001209	1	5	2	2	3	3	3	3	6
n/a	OG0001210	2	4	2	6	2	2	3	5	3
n/a	OG0001211	1	3	3	3	4	3	2	4	12
n/a	OG0001212	1	4	4	3	0	1	5	4	1
n/a	OG0001213	2	3	4	4	5	4	3	4	4
n/a	OG0001214	1	3	6	2	2	1	5	1	10
n/a	OG0001216	0	15	2	0	0	0	0	0	0
n/a	OG0001217	0	3	3	4	4	5	6	2	2
n/a	OG0001218	0	2	2	8	1	1	5	6	1
n/a	OG0001219	0	6	2	1	2	3	3	6	1
n/a	OG0001220	0	9	1	2	0	0	4	4	1
n/a	OG0001221	0	4	4	2	5	0	4	6	0
n/a	OG0001222	0	5	1	2	4	4	4	4	2
n/a	OG0001223	0	2	2	5	8	4	4	4	4
n/a	OG0001224	0	3	2	4	2	1	5	6	2
n/a	OG0001225	0	1	3	5	13	2	4	4	1
n/a	OG0001226	0	8	2	3	5	0	2	4	0
n/a	OG0001227	0	5	1	2	2	2	6	4	2
n/a	OG0001228	0	7	4	3	1	1	4	4	1
n/a	OG0001229	0	3	3	4	2	5	3	4	9
n/a	OG0001230	2	4	2	3	1	2	4	4	4
n/a	OG0001231	1	3	1	4	1	1	5	7	0
n/a	OG0001232	25	0	2	3	1	2	2	3	1
n/a	OG0001233	1	3	1	5	2	2	5	5	2
n/a	OG0001234	4	4	4	2	3	5	2	2	6
n/a	OG0001235	4	6	3	3	4	4	2	1	3
n/a	OG0001236	2	3	3	4	3	4	4	4	4
n/a	OG0001237	4	4	2	4	2	2	4	4	2
n/a	OG0001238	2	6	3	2	1	2	4	3	1
n/a	OG0001239	1	2	2	2	4	2	2	2	21
n/a	OG0001240	2	2	2	6	1	2	6	4	4
n/a	OG0001241	3	3	2	4	3	3	4	3	3
n/a	OG0001242	8	3	2	3	2	2	4	2	3
n/a	OG0001243	2	4	3	4	2	3	4	4	3
n/a	OG0001244	1	3	4	4	4	4	4	3	3
n/a	OG0001245	3	4	4	3	4	3	3	2	4
n/a	OG0001246	5	3	3	3	4	5	3	2	7
n/a	OG0001247	2	5	2	4	2	2	4	4	3
n/a	OG0001248	5	4	4	3	5	3	2	2	5
n/a	OG0001249	1	7	3	2	1	3	3	2	1
n/a	OG0001250	2	4	5	1	5	5	3	2	2
n/a	OG0001251	3	3	3	3	3	5	3	4	4
n/a	OG0001252	1	5	2	5	2	2	4	3	2
n/a	OG0001253	4	3	3	0	3	4	3	3	9
n/a	OG0001254	4	2	2	7	2	1	4	5	1
n/a	OG0001255	4	3	3	3	4	4	3	2	6
n/a	OG0001256	1	3	2	4	2	2	5	4	4
n/a	OG0001257	22	2	2	2	2	3	2	2	1
n/a	OG0001258	38	0	1	1	0	1	1	1	1
n/a	OG0001259	1	3	4	5	3	3	3	3	5
n/a	OG0001260	2	2	2	4	6	4	4	4	3
n/a	OG0001261	2	4	4	4	3	2	4	3	3
n/a	OG0001262	2	4	4	3	1	4	2	4	6
n/a	OG0001263	2	3	2	5	1	2	4	5	2
n/a	OG0001264	2	4	4	0	2	2	4	4	3
n/a	OG0001265	3	3	3	3	4	5	3	3	5
n/a	OG0001266	2	5	4	3	1	3	3	4	4
n/a	OG0001267	2	3	6	3	4	4	3	4	4
n/a	OG0001268	0	4	2	6	10	2	3	2	1
n/a	OG0001269	0	3	2	4	3	1	6	4	0
n/a	OG0001270	0	5	3	3	2	1	3	6	2
n/a	OG0001271	0	3	3	7	3	4	3	4	5
n/a	OG0001272	0	1	4	4	1	2	5	8	2
n/a	OG0001273	0	1	5	4	7	1	7	4	0
n/a	OG0001274	0	5	1	7	1	1	4	4	2
n/a	OG0001275	0	0	0	17	22	1	1	2	0
n/a	OG0001276	12	2	2	3	5	7	1	2	2
n/a	OG0001277	2	2	3	5	2	2	5	4	3
n/a	OG0001278	1	3	2	3	1	2	5	4	3
n/a	OG0001279	1	3	1	5	1	2	5	6	0
n/a	OG0001280	3	3	4	3	5	4	3	3	4
n/a	OG0001281	2	1	4	5	5	3	4	4	3
n/a	OG0001282	3	3	4	3	4	4	3	2	6
n/a	OG0001283	1	3	3	4	3	3	4	4	2
n/a	OG0001284	2	4	3	5	2	1	4	4	2
n/a	OG0001285	2	3	4	3	4	4	3	3	3
n/a	OG0001286	5	2	4	2	2	2	3	2	13
n/a	OG0001287	1	3	3	4	3	3	4	4	3
n/a	OG0001288	3	2	4	4	3	3	3	3	7
n/a	OG0001289	1	4	4	4	5	3	3	4	0
n/a	OG0001290	5	3	3	3	2	3	3	3	5
n/a	OG0001291	2	6	1	2	1	2	4	2	1
n/a	OG0001292	1	1	0	1	0	0	9	7	0
n/a	OG0001293	1	2	0	1	0	1	2	10	9
n/a	OG0001294	2	2	4	5	4	2	5	4	1
n/a	OG0001295	2	3	3	3	6	3	2	4	5
n/a	OG0001296	1	4	2	4	1	1	6	4	0
n/a	OG0001297	1	3	3	4	3	3	4	4	4
n/a	OG0001298	3	3	3	0	1	3	4	4	7
n/a	OG0001299	1	4	3	3	2	5	3	3	5
n/a	OG0001300	2	4	4	3	4	3	3	4	3
n/a	OG0001301	2	5	3	3	3	3	3	3	3
n/a	OG0001302	3	3	3	5	3	2	4	4	1
n/a	OG0001303	0	2	1	4	6	5	5	2	3
n/a	OG0001304	0	6	3	3	9	2	2	2	0
n/a	OG0001305	0	4	0	5	0	0	5	6	0
n/a	OG0001306	0	3	1	4	0	0	5	8	0
n/a	OG0001307	0	3	23	0	1	7	0	2	2
n/a	OG0001308	0	6	8	5	2	2	2	2	1
n/a	OG0001309	0	4	2	1	4	0	5	6	0
n/a	OG0001310	0	4	1	0	3	7	5	3	3
n/a	OG0001311	0	1	1	6	2	2	7	6	1
n/a	OG0001312	0	2	3	4	10	2	4	4	1
n/a	OG0001313	0	3	2	4	3	2	5	4	2
n/a	OG0001314	0	6	2	6	2	2	3	2	4
n/a	OG0001315	0	2	2	5	2	3	5	4	2
n/a	OG0001316	0	2	13	3	0	0	6	4	0
n/a	OG0001317	0	0	0	27	12	0	0	2	0
n/a	OG0001318	0	4	4	3	6	1	4	4	2
n/a	OG0001320	1	0	15	2	23	1	0	0	2
n/a	OG0001321	3	3	3	3	2	3	3	3	7
n/a	OG0001322	3	2	3	3	4	4	3	4	5
n/a	OG0001323	1	0	0	0	3	3	0	0	38
n/a	OG0001324	1	4	4	3	3	3	3	3	5
n/a	OG0001325	2	3	4	3	3	5	3	3	5
n/a	OG0001326	6	1	3	4	2	7	4	3	4
n/a	OG0001327	2	3	2	2	2	1	2	2	18
n/a	OG0001328	2	3	4	6	2	3	4	2	2
n/a	OG0001329	5	2	4	3	4	4	3	2	5
n/a	OG0001330	4	4	4	3	4	4	1	2	6
n/a	OG0001331	2	3	3	3	3	3	4	4	3
n/a	OG0001332	4	2	3	2	3	4	2	4	8
n/a	OG0001333	2	3	3	5	3	3	3	3	4
n/a	OG0001334	1	3	2	4	3	4	3	2	8
n/a	OG0001335	3	3	3	3	4	4	3	2	5
n/a	OG0001336	5	3	3	3	2	3	3	3	6
n/a	OG0001337	1	3	3	5	4	3	3	3	5
n/a	OG0001338	3	5	2	1	2	2	4	4	1
n/a	OG0001339	1	3	3	3	3	5	4	3	3
n/a	OG0001340	5	3	4	3	4	3	3	2	3
n/a	OG0001341	2	3	5	3	3	5	3	2	4
n/a	OG0001342	4	3	3	3	3	3	3	3	5
n/a	OG0001343	3	3	3	3	5	3	3	3	4
n/a	OG0001344	2	1	3	4	2	2	4	3	11
n/a	OG0001345	2	3	4	3	3	3	3	3	7
n/a	OG0001346	2	3	4	3	1	4	3	3	8
n/a	OG0001347	1	4	2	5	2	1	5	4	1
n/a	OG0001348	1	5	2	5	2	2	3	4	3
n/a	OG0001349	1	4	4	4	2	3	4	2	4
n/a	OG0001350	1	2	3	3	2	2	6	4	2
n/a	OG0001351	1	4	3	3	1	2	4	4	2
n/a	OG0001352	1	1	3	6	1	0	6	6	0
n/a	OG0001354	0	3	1	0	4	4	5	6	1
n/a	OG0001355	0	4	5	3	5	4	3	3	1
n/a	OG0001356	0	2	3	2	4	5	4	4	3
n/a	OG0001357	0	5	1	2	2	2	4	5	2
n/a	OG0001358	0	1	1	2	0	1	10	4	0
n/a	OG0001359	0	5	3	1	8	6	3	2	1
n/a	OG0001360	0	6	2	3	0	1	5	3	1
n/a	OG0001361	0	3	1	3	3	5	4	4	4
n/a	OG0001362	0	2	4	3	5	2	4	6	0
n/a	OG0001363	0	9	0	1	1	0	3	2	0
n/a	OG0001364	0	2	2	4	1	2	7	4	1
n/a	OG0001365	0	7	3	8	0	3	3	1	0
n/a	OG0001366	0	1	5	7	0	0	5	8	0
n/a	OG0001367	5	3	3	4	3	3	3	1	5
n/a	OG0001368	1	0	5	3	4	3	6	5	1
n/a	OG0001369	1	4	3	4	2	3	3	3	4
n/a	OG0001370	1	3	2	3	2	3	4	4	2
n/a	OG0001371	7	9	1	1	1	1	1	0	1
n/a	OG0001372	3	4	3	4	1	2	4	3	2
n/a	OG0001373	11	3	3	3	3	2	2	2	3
n/a	OG0001374	1	1	0	7	0	0	8	4	0
n/a	OG0001375	2	2	2	3	4	3	4	4	3
n/a	OG0001376	2	3	2	3	2	2	4	4	3
n/a	OG0001377	4	3	4	2	2	4	2	2	8
n/a	OG0001378	4	3	3	3	3	3	3	3	4
n/a	OG0001379	5	3	3	3	4	4	3	2	2
n/a	OG0001380	1	3	3	3	4	2	4	4	3
n/a	OG0001381	5	3	3	3	5	2	3	4	3
n/a	OG0001382	4	2	2	2	3	2	3	2	12
n/a	OG0001383	2	3	3	3	4	6	2	3	4
n/a	OG0001384	3	4	3	3	2	3	3	2	5
n/a	OG0001385	3	3	3	3	3	3	3	3	7
n/a	OG0001386	4	2	3	2	1	1	3	3	12
n/a	OG0001388	1	3	2	3	2	3	4	4	3
n/a	OG0001389	3	3	4	3	3	4	2	3	5
n/a	OG0001390	2	3	1	4	1	1	5	4	2
n/a	OG0001391	2	3	4	3	4	4	3	2	5
n/a	OG0001392	1	1	0	0	0	0	8	6	6
n/a	OG0001393	3	3	2	4	3	4	3	2	5
n/a	OG0001394	2	2	2	0	2	2	5	6	2
n/a	OG0001395	2	3	4	3	2	3	3	3	6
n/a	OG0001396	3	3	3	3	3	3	3	2	7
n/a	OG0001397	3	2	1	5	1	3	5	4	3
n/a	OG0001398	2	3	3	2	2	3	3	3	10
n/a	OG0001399	4	4	2	2	2	3	1	2	11
n/a	OG0001400	6	2	4	3	2	2	3	3	5
n/a	OG0001401	1	5	2	3	1	2	4	4	3
n/a	OG0001402	4	2	2	3	2	3	4	4	2
n/a	OG0001403	2	3	4	3	3	4	3	3	4
n/a	OG0001404	3	3	4	4	1	2	4	4	3
n/a	OG0001405	3	3	3	3	3	4	3	2	5
n/a	OG0001406	4	2	3	3	3	2	3	6	2
n/a	OG0001407	1	3	4	3	6	3	3	2	3
n/a	OG0001408	1	4	0	1	0	0	5	8	0
n/a	OG0001409	0	3	3	3	2	3	4	4	3
n/a	OG0001410	0	13	3	0	3	0	0	0	0
n/a	OG0001411	0	6	2	4	1	2	4	3	0
n/a	OG0001412	0	6	0	1	0	0	6	4	0
n/a	OG0001413	0	5	2	0	4	5	3	3	3
n/a	OG0001414	0	7	1	2	1	5	2	2	4
n/a	OG0001415	0	3	4	13	0	1	3	2	2
n/a	OG0001416	0	8	2	2	1	5	3	0	1
n/a	OG0001417	0	8	3	3	0	2	2	2	0
n/a	OG0001418	0	1	1	1	13	10	2	1	9
n/a	OG0001419	0	4	0	2	1	7	4	2	8
n/a	OG0001420	0	4	2	3	9	4	3	1	2
n/a	OG0001421	0	2	0	6	3	1	6	5	2
n/a	OG0001422	0	1	3	2	0	0	8	7	0
n/a	OG0001423	0	3	5	2	8	3	3	4	1
n/a	OG0001424	0	0	2	1	0	0	9	6	0
n/a	OG0001425	4	3	2	3	2	1	4	4	2
n/a	OG0001426	1	4	3	3	3	4	3	2	4
n/a	OG0001427	2	6	2	2	2	4	2	1	4
n/a	OG0001428	2	2	2	4	1	3	4	4	5
n/a	OG0001429	1	1	4	4	6	5	3	2	7
n/a	OG0001430	1	4	4	3	2	3	3	4	3
n/a	OG0001431	2	3	2	4	2	3	5	3	2
n/a	OG0001432	1	2	6	0	0	0	8	2	1
n/a	OG0001433	2	3	3	3	3	3	3	2	7
n/a	OG0001434	3	3	3	3	3	4	3	3	3
n/a	OG0001435	3	4	1	3	2	2	4	3	2
n/a	OG0001436	3	13	0	0	0	0	0	0	0
n/a	OG0001437	4	3	3	3	3	3	3	2	6
n/a	OG0001438	3	4	3	4	3	2	4	2	1
n/a	OG0001439	4	4	2	5	1	1	3	4	1
n/a	OG0001440	4	2	3	3	7	2	3	2	4
n/a	OG0001441	3	3	3	3	3	5	3	2	5
n/a	OG0001442	4	3	3	4	3	4	3	2	5
n/a	OG0001443	3	4	3	2	4	3	2	2	5
n/a	OG0001444	2	1	1	6	1	1	5	6	2
n/a	OG0001445	6	4	1	2	1	3	3	4	3
n/a	OG0001446	4	2	5	3	3	4	3	3	2
n/a	OG0001447	2	3	3	3	4	3	3	2	4
n/a	OG0001448	4	3	5	3	2	5	2	2	3
n/a	OG0001449	1	5	4	6	2	2	2	2	3
n/a	OG0001450	2	4	4	3	1	6	2	3	3
n/a	OG0001451	1	5	4	4	1	1	4	3	1
n/a	OG0001452	3	3	3	4	2	3	3	2	4
n/a	OG0001453	1	3	2	3	3	2	4	4	4
n/a	OG0001454	1	2	0	3	0	0	7	6	0
n/a	OG0001455	2	3	3	3	3	3	3	2	6
n/a	OG0001456	3	4	2	3	2	2	3	3	5
n/a	OG0001457	2	3	4	3	3	3	3	3	4
n/a	OG0001458	3	3	2	3	2	3	3	3	5
n/a	OG0001459	1	4	2	3	2	2	4	4	2
n/a	OG0001460	2	3	3	3	3	3	3	3	5
n/a	OG0001461	2	3	3	3	2	3	4	3	3
n/a	OG0001462	2	5	3	3	0	3	4	2	1
n/a	OG0001463	1	3	2	3	1	3	4	4	5
n/a	OG0001464	2	3	3	3	3	3	3	3	5
n/a	OG0001465	5	3	2	2	5	6	2	2	3
n/a	OG0001466	2	3	4	3	2	2	4	4	3
n/a	OG0001467	2	3	4	3	3	5	3	2	3
n/a	OG0001468	2	3	3	3	3	3	3	3	5
n/a	OG0001469	4	4	3	2	2	3	3	2	4
n/a	OG0001470	1	2	3	3	2	4	4	4	4
n/a	OG0001471	2	2	3	3	3	3	3	3	8
n/a	OG0001472	2	4	3	2	1	2	5	2	2
n/a	OG0001473	1	3	4	4	1	4	3	3	3
n/a	OG0001474	3	3	2	3	2	6	4	3	2
n/a	OG0001475	1	5	2	4	1	1	3	4	1
n/a	OG0001476	1	2	3	2	1	1	2	2	18
n/a	OG0001477	1	3	2	3	2	3	3	3	8
n/a	OG0001478	0	13	0	0	0	0	1	0	0
n/a	OG0001479	0	5	5	2	3	2	3	2	3
n/a	OG0001480	0	2	5	5	3	2	4	4	2
n/a	OG0001481	0	6	4	5	7	1	2	0	0
n/a	OG0001483	0	3	2	25	5	0	1	0	0
n/a	OG0001484	0	4	4	1	3	2	5	2	1
n/a	OG0001485	0	3	1	3	4	3	4	5	1
n/a	OG0001486	0	1	12	0	18	9	0	1	0
n/a	OG0001487	0	9	0	7	0	0	1	2	1
n/a	OG0001488	0	4	2	3	1	4	3	4	3
n/a	OG0001489	0	2	3	5	2	3	4	4	2
n/a	OG0001490	0	8	2	2	1	3	2	2	2
n/a	OG0001491	0	0	1	9	0	2	6	6	1
n/a	OG0001492	0	0	0	1	0	1	8	8	0
n/a	OG0001493	2	3	3	3	3	3	3	3	4
n/a	OG0001494	2	3	3	3	3	3	3	2	4
n/a	OG0001495	2	4	3	3	3	3	2	2	5
n/a	OG0001496	2	3	3	2	3	4	3	3	4
n/a	OG0001497	13	2	2	2	0	4	2	2	6
n/a	OG0001498	1	5	3	4	1	3	3	2	3
n/a	OG0001499	2	2	5	3	3	5	3	2	4
n/a	OG0001500	29	1	1	1	1	1	1	1	2
n/a	OG0001501	4	4	2	2	6	2	2	2	6
n/a	OG0001502	3	3	3	3	3	5	2	3	3
n/a	OG0001503	3	3	3	3	3	3	3	3	3
n/a	OG0001504	3	3	3	3	3	3	3	2	5
n/a	OG0001505	9	4	5	1	7	2	1	1	1
n/a	OG0001506	4	3	3	3	3	3	3	3	4
n/a	OG0001507	1	1	1	1	0	2	1	1	30
n/a	OG0001508	2	3	3	3	2	3	3	3	5
n/a	OG0001509	2	3	3	3	3	3	3	3	4
n/a	OG0001510	4	3	4	3	3	2	3	2	3
n/a	OG0001511	3	3	4	2	3	4	2	2	8
n/a	OG0001512	2	3	3	3	3	3	3	3	5
n/a	OG0001513	5	2	4	3	2	3	4	3	3
n/a	OG0001514	1	3	3	3	3	3	3	3	5
n/a	OG0001515	3	3	3	3	2	3	3	3	4
n/a	OG0001517	4	2	3	3	3	3	3	3	4
n/a	OG0001518	2	2	2	2	2	4	2	2	14
n/a	OG0001519	3	3	3	3	2	3	3	3	5
n/a	OG0001520	1	2	1	0	3	0	5	8	0
n/a	OG0001521	2	3	3	3	1	3	3	3	6
n/a	OG0001522	5	3	2	2	2	3	4	2	2
n/a	OG0001523	4	2	3	3	7	3	3	2	3
n/a	OG0001524	1	3	3	3	3	2	3	3	6
n/a	OG0001525	2	3	3	2	4	4	3	3	5
n/a	OG0001526	2	3	5	2	1	3	4	2	4
n/a	OG0001527	2	3	3	3	4	3	3	3	4
n/a	OG0001528	1	3	3	3	1	3	3	3	7
n/a	OG0001529	2	3	3	4	2	4	3	2	5
n/a	OG0001530	3	3	3	3	3	3	3	3	5
n/a	OG0001531	1	0	0	41	0	0	0	0	0
n/a	OG0001532	3	4	3	3	2	3	3	2	4
n/a	OG0001533	1	2	3	3	2	3	4	4	3
n/a	OG0001534	2	2	3	3	6	3	3	3	4
n/a	OG0001535	2	3	4	3	2	4	3	3	4
n/a	OG0001536	2	2	3	4	2	3	4	4	3
n/a	OG0001537	3	3	3	3	3	4	3	3	2
n/a	OG0001538	6	3	3	3	2	3	3	2	2
n/a	OG0001539	2	3	4	0	3	3	4	4	2
n/a	OG0001540	4	3	3	3	3	3	3	2	1
n/a	OG0001541	2	3	3	3	2	3	3	3	5
n/a	OG0001542	3	4	2	3	1	3	3	4	1
n/a	OG0001543	1	4	2	3	1	2	4	3	3
n/a	OG0001544	1	5	0	11	0	0	3	3	0
n/a	OG0001545	0	7	2	1	2	1	4	2	1
n/a	OG0001546	0	7	5	0	9	2	0	2	0
n/a	OG0001547	0	6	2	2	3	3	2	2	2
n/a	OG0001548	0	3	3	3	5	3	3	3	4
n/a	OG0001549	0	3	2	4	5	4	3	4	2
n/a	OG0001550	0	5	2	2	3	6	2	2	5
n/a	OG0001551	0	0	4	6	3	1	5	4	4
n/a	OG0001552	0	3	3	1	12	10	1	0	4
n/a	OG0001553	0	2	6	1	17	3	1	0	7
n/a	OG0001554	0	3	2	2	11	4	3	2	2
n/a	OG0001555	3	0	4	4	3	3	4	4	4
n/a	OG0001556	1	3	3	3	2	3	4	3	3
n/a	OG0001557	2	2	3	3	4	4	3	2	5
n/a	OG0001558	1	3	3	2	2	2	3	2	9
n/a	OG0001559	1	3	3	3	3	4	3	3	4
n/a	OG0001560	4	3	3	3	1	3	3	3	3
n/a	OG0001561	2	3	3	3	3	4	2	3	5
n/a	OG0001562	2	3	3	3	3	3	3	2	5
n/a	OG0001563	4	3	3	2	3	3	3	2	4
n/a	OG0001564	2	3	3	3	2	3	3	2	5
n/a	OG0001565	2	3	3	3	3	3	3	3	3
n/a	OG0001566	4	3	3	2	2	3	3	3	4
n/a	OG0001567	2	4	2	3	3	2	3	3	4
n/a	OG0001568	2	4	2	3	2	6	2	4	1
n/a	OG0001569	5	3	3	3	2	2	3	2	4
n/a	OG0001570	4	3	2	4	2	2	3	3	3
n/a	OG0001571	2	3	3	3	3	3	3	3	3
n/a	OG0001572	3	2	3	3	3	3	3	2	7
n/a	OG0001573	2	4	3	0	5	4	3	2	2
n/a	OG0001574	4	2	4	0	2	4	3	4	4
n/a	OG0001575	3	2	3	2	2	5	2	4	6
n/a	OG0001576	1	0	3	0	0	2	12	0	0
n/a	OG0001577	3	2	2	2	2	2	2	2	15
n/a	OG0001578	3	3	2	4	1	3	3	3	3
n/a	OG0001579	2	3	3	3	3	4	3	3	3
n/a	OG0001580	3	3	3	3	4	3	2	2	4
n/a	OG0001581	2	3	3	3	3	3	3	2	4
n/a	OG0001582	3	2	1	2	5	3	2	2	11
n/a	OG0001583	4	3	3	3	2	3	3	3	3
n/a	OG0001584	1	3	1	3	1	2	3	6	3
n/a	OG0001585	2	2	2	2	2	2	4	6	3
n/a	OG0001586	4	3	4	5	2	2	2	3	3
n/a	OG0001587	3	3	2	3	5	2	3	3	3
n/a	OG0001588	1	3	3	3	2	4	3	3	5
n/a	OG0001589	1	4	3	3	2	3	3	3	2
n/a	OG0001590	2	4	3	3	1	4	3	2	3
n/a	OG0001591	4	2	3	3	3	3	3	3	5
n/a	OG0001592	4	0	4	4	4	3	4	4	3
n/a	OG0001593	3	3	3	3	2	3	3	3	4
n/a	OG0001594	2	3	3	3	4	4	3	2	3
n/a	OG0001595	2	3	2	3	4	4	2	3	4
n/a	OG0001596	4	2	1	3	3	3	4	4	2
n/a	OG0001597	4	3	3	3	1	3	3	2	4
n/a	OG0001598	2	3	3	3	3	3	3	2	4
n/a	OG0001599	3	4	3	3	1	3	3	3	2
n/a	OG0001600	4	4	1	2	5	3	2	2	4
n/a	OG0001601	1	3	5	3	2	3	3	3	3
n/a	OG0001602	2	3	3	3	1	3	3	3	5
n/a	OG0001603	2	3	3	3	3	3	3	3	4
n/a	OG0001604	2	4	4	0	3	3	3	2	5
n/a	OG0001605	1	3	3	3	2	3	3	3	5
n/a	OG0001606	3	3	3	3	3	3	2	2	4
n/a	OG0001607	1	4	3	3	2	3	3	2	2
n/a	OG0001608	1	4	1	2	1	2	5	4	1
n/a	OG0001609	1	3	3	3	3	3	3	3	4
n/a	OG0001610	1	3	3	3	3	4	3	2	8
n/a	OG0001611	0	4	6	1	0	0	4	4	0
n/a	OG0001612	0	2	0	3	1	2	5	6	1
n/a	OG0001613	0	3	5	1	2	8	3	3	1
n/a	OG0001614	0	5	0	4	0	0	4	4	0
n/a	OG0001615	0	4	3	3	0	7	3	4	0
n/a	OG0001616	0	4	4	2	3	2	3	4	0
n/a	OG0001617	0	4	2	3	1	4	3	2	4
n/a	OG0001618	0	5	2	3	1	2	5	2	0
n/a	OG0001619	0	2	1	5	2	1	5	4	2
n/a	OG0001620	0	2	4	4	2	3	3	2	6
n/a	OG0001621	0	1	1	0	4	3	5	6	4
n/a	OG0001622	0	0	5	1	2	6	5	5	2
n/a	OG0001623	0	1	2	5	0	1	6	6	1
n/a	OG0001624	0	0	0	40	0	0	0	0	0
n/a	OG0001625	0	4	2	5	3	2	3	4	0
n/a	OG0001626	2	3	3	3	3	2	3	3	2
n/a	OG0001627	1	3	3	3	3	3	3	2	5
n/a	OG0001628	1	2	3	3	3	3	3	3	5
n/a	OG0001629	2	3	3	3	2	3	3	3	5
n/a	OG0001630	1	1	1	3	1	1	6	6	2
n/a	OG0001631	2	3	3	3	2	3	3	2	4
n/a	OG0001632	2	3	3	3	3	3	3	2	4
n/a	OG0001633	1	2	2	3	0	3	5	4	4
n/a	OG0001634	2	4	3	2	3	2	3	2	3
n/a	OG0001635	1	3	1	0	2	2	5	3	2
n/a	OG0001636	1	3	3	4	3	3	3	2	3
n/a	OG0001637	3	2	3	2	3	5	1	2	9
n/a	OG0001638	4	3	3	3	2	2	3	3	3
n/a	OG0001639	2	3	2	3	4	4	2	2	4
n/a	OG0001640	2	0	1	4	1	0	5	8	0
n/a	OG0001641	3	2	3	3	3	3	3	2	5
n/a	OG0001642	3	3	3	3	2	3	3	3	3
n/a	OG0001643	1	3	3	3	3	3	3	2	4
n/a	OG0001644	5	4	2	2	2	2	2	2	4
n/a	OG0001645	4	3	3	4	2	2	2	2	6
n/a	OG0001646	8	3	3	3	1	3	3	2	2
n/a	OG0001647	2	3	3	4	2	3	3	3	3
n/a	OG0001648	2	3	3	3	1	3	3	3	5
n/a	OG0001649	1	4	1	3	4	2	3	2	3
n/a	OG0001650	2	3	3	3	2	3	3	2	6
n/a	OG0001651	3	3	3	3	2	2	3	3	3
n/a	OG0001652	3	2	3	3	4	2	3	3	2
n/a	OG0001653	2	4	3	3	2	2	3	2	3
n/a	OG0001654	2	2	2	5	3	3	4	2	4
n/a	OG0001655	2	2	3	8	2	3	3	3	1
n/a	OG0001656	3	3	3	3	3	2	3	3	3
n/a	OG0001657	1	3	3	3	1	3	3	3	5
n/a	OG0001658	2	3	3	3	1	3	3	3	4
n/a	OG0001659	1	3	3	3	1	3	3	3	5
n/a	OG0001660	2	3	3	4	2	3	2	3	4
n/a	OG0001661	1	2	1	1	1	0	3	10	0
n/a	OG0001662	2	3	3	3	2	3	3	3	4
n/a	OG0001663	2	3	3	3	3	3	3	3	3
n/a	OG0001664	1	2	3	3	3	4	4	3	2
n/a	OG0001665	1	3	3	3	3	3	3	3	3
n/a	OG0001666	1	3	2	5	2	2	3	3	3
n/a	OG0001667	1	3	3	2	2	3	3	3	5
n/a	OG0001668	1	2	3	3	3	3	3	3	6
n/a	OG0001669	2	5	3	2	3	3	2	2	3
n/a	OG0001670	2	1	2	5	5	2	4	2	3
n/a	OG0001671	4	3	2	3	2	2	3	2	4
n/a	OG0001672	3	3	3	3	3	4	2	2	4
n/a	OG0001673	2	2	3	3	3	3	3	3	5
n/a	OG0001674	1	2	3	4	2	2	4	4	4
n/a	OG0001675	1	3	3	3	3	3	3	3	3
n/a	OG0001676	1	3	3	3	4	3	3	3	3
n/a	OG0001677	3	2	2	3	5	4	3	2	4
n/a	OG0001678	1	2	2	3	2	2	4	4	2
n/a	OG0001679	2	2	3	4	2	4	3	2	4
n/a	OG0001680	1	3	2	3	2	2	4	4	2
n/a	OG0001681	2	3	3	3	3	4	3	2	3
n/a	OG0001682	1	3	2	4	3	5	3	3	3
n/a	OG0001683	2	3	3	2	2	3	3	3	4
n/a	OG0001684	1	3	2	4	2	4	4	3	1
n/a	OG0001685	1	3	3	4	2	2	3	3	2
n/a	OG0001686	1	2	3	3	3	3	3	3	5
n/a	OG0001687	1	5	5	0	0	4	2	3	4
n/a	OG0001688	1	0	2	0	0	1	8	5	0
n/a	OG0001689	0	5	2	2	2	4	3	2	2
n/a	OG0001691	0	2	2	4	5	2	4	3	2
n/a	OG0001693	0	4	1	4	0	1	4	4	0
n/a	OG0001694	0	2	4	1	8	1	4	4	0
n/a	OG0001695	0	2	1	15	4	1	2	1	4
n/a	OG0001696	0	6	1	2	1	4	2	2	4
n/a	OG0001697	0	1	1	2	1	6	5	4	4
n/a	OG0001698	0	3	2	2	2	2	4	4	3
n/a	OG0001699	0	3	4	1	2	1	5	4	0
n/a	OG0001700	0	1	3	4	1	5	5	5	1
n/a	OG0001701	0	4	1	3	3	0	4	4	0
n/a	OG0001702	0	4	6	2	0	0	4	4	0
n/a	OG0001703	0	3	1	6	4	2	3	4	2
n/a	OG0001704	0	2	1	2	2	5	4	4	5
n/a	OG0001705	0	2	5	2	7	3	3	3	2
n/a	OG0001706	0	3	1	1	1	1	5	4	2
n/a	OG0001707	0	3	3	2	1	4	4	3	3
n/a	OG0001708	0	0	1	3	0	0	6	10	0
n/a	OG0001710	2	3	3	5	0	0	6	2	0
n/a	OG0001711	0	3	2	3	3	2	3	2	7
n/a	OG0001712	3	3	2	3	1	3	3	3	4
n/a	OG0001713	3	2	2	3	2	3	3	3	4
n/a	OG0001714	1	3	3	4	6	2	2	3	2
n/a	OG0001715	17	3	0	2	6	3	0	1	0
n/a	OG0001716	2	3	2	3	2	2	3	4	3
n/a	OG0001717	3	2	4	4	3	1	2	3	4
n/a	OG0001718	1	2	2	3	1	2	5	4	2
n/a	OG0001719	1	2	3	3	4	4	3	2	6
n/a	OG0001720	2	3	2	3	3	2	3	3	2
n/a	OG0001721	1	2	2	2	3	3	2	2	14
n/a	OG0001722	4	0	0	1	12	0	0	10	0
n/a	OG0001723	3	3	2	3	2	3	3	3	3
n/a	OG0001724	1	3	3	3	3	3	3	2	4
n/a	OG0001725	2	3	2	8	1	1	3	3	1
n/a	OG0001726	2	3	3	3	2	3	3	3	4
n/a	OG0001727	1	1	2	3	2	2	4	4	4
n/a	OG0001728	2	3	2	3	4	3	3	2	3
n/a	OG0001729	2	1	1	4	1	2	4	4	4
n/a	OG0001730	2	3	3	3	3	3	3	2	3
n/a	OG0001731	20	2	1	1	1	2	1	1	4
n/a	OG0001732	3	4	2	2	2	2	2	3	3
n/a	OG0001733	5	2	3	8	1	2	2	2	4
n/a	OG0001734	3	3	2	3	2	3	3	2	4
n/a	OG0001735	3	3	3	3	1	3	3	2	3
n/a	OG0001736	3	2	3	4	2	3	3	2	5
n/a	OG0001737	2	3	3	3	2	3	3	2	3
n/a	OG0001738	2	3	3	3	3	3	3	3	2
n/a	OG0001740	2	3	4	3	1	3	2	3	5
n/a	OG0001741	1	3	3	3	2	3	3	3	4
n/a	OG0001742	2	3	3	3	2	3	2	3	4
n/a	OG0001743	1	3	3	3	3	3	3	2	3
n/a	OG0001744	3	3	3	3	2	6	2	2	3
n/a	OG0001745	3	1	7	4	1	2	4	4	1
n/a	OG0001746	2	3	3	3	2	3	3	3	3
n/a	OG0001747	1	2	3	3	2	3	3	4	2
n/a	OG0001748	2	3	2	3	2	2	3	3	4
n/a	OG0001749	2	3	3	3	2	2	3	3	3
n/a	OG0001750	1	2	1	4	1	3	5	3	3
n/a	OG0001751	1	2	4	0	5	3	4	4	2
n/a	OG0001752	1	2	3	3	3	2	4	3	3
n/a	OG0001753	2	3	3	3	3	2	3	3	3
n/a	OG0001754	2	3	2	3	1	3	3	3	4
n/a	OG0001755	3	2	3	3	3	3	3	3	3
n/a	OG0001756	3	2	3	3	3	2	3	3	4
n/a	OG0001757	2	3	2	3	0	3	2	5	3
n/a	OG0001758	3	2	2	3	2	3	3	2	7
n/a	OG0001759	2	2	3	3	3	3	3	3	4
n/a	OG0001760	1	0	1	3	7	7	2	4	5
n/a	OG0001761	1	3	3	6	2	3	3	2	3
n/a	OG0001762	2	2	3	3	4	4	3	3	2
n/a	OG0001763	1	2	3	3	2	6	3	2	7
n/a	OG0001764	1	4	2	0	3	3	3	2	3
n/a	OG0001765	1	3	2	3	3	3	3	3	3
n/a	OG0001766	2	2	3	2	4	2	2	2	10
n/a	OG0001767	2	3	2	3	3	3	3	2	4
n/a	OG0001768	1	3	3	3	3	3	3	2	4
n/a	OG0001769	2	2	3	3	3	3	3	3	4
n/a	OG0001770	1	3	3	3	3	3	3	2	5
n/a	OG0001771	1	4	3	1	5	4	2	2	4
n/a	OG0001772	3	3	3	3	2	3	2	3	3
n/a	OG0001773	2	4	4	0	2	4	1	2	9
n/a	OG0001774	1	3	2	3	1	2	3	4	3
n/a	OG0001775	1	3	3	3	4	3	3	2	3
n/a	OG0001776	1	3	4	3	2	3	2	2	6
n/a	OG0001777	1	3	3	3	3	3	3	2	4
n/a	OG0001778	1	4	3	0	6	1	2	4	2
n/a	OG0001779	1	0	1	0	1	1	7	3	7
n/a	OG0001780	1	3	0	0	0	1	6	5	0
n/a	OG0001781	0	13	0	0	0	0	0	0	0
n/a	OG0001782	0	3	3	3	2	3	3	2	6
n/a	OG0001783	0	3	3	3	4	2	4	2	1
n/a	OG0001784	0	5	2	1	7	3	2	2	2
n/a	OG0001785	0	5	1	4	1	0	3	4	0
n/a	OG0001786	0	3	2	3	3	1	4	4	0
n/a	OG0001787	0	4	1	2	0	2	4	5	0
n/a	OG0001788	0	5	4	0	14	2	1	0	0
n/a	OG0001789	0	2	3	3	2	2	4	5	1
n/a	OG0001790	0	4	4	3	2	4	3	2	1
n/a	OG0001791	0	3	2	3	1	5	4	4	1
n/a	OG0001792	0	4	1	2	5	3	3	2	3
n/a	OG0001793	0	3	1	3	1	1	5	4	1
n/a	OG0001794	0	3	1	4	3	2	4	4	1
n/a	OG0001795	0	2	2	2	1	2	4	4	6
n/a	OG0001796	0	4	1	4	1	3	3	2	3
n/a	OG0001797	0	3	3	4	1	2	4	4	1
n/a	OG0001798	0	3	3	3	4	3	3	2	5
n/a	OG0001799	0	2	3	5	2	1	5	4	1
n/a	OG0001800	0	4	1	0	1	0	5	6	0
n/a	OG0001801	0	3	2	2	3	2	4	4	2
n/a	OG0001802	0	2	3	4	1	1	5	4	0
n/a	OG0001803	0	4	2	4	1	2	4	2	2
n/a	OG0001804	0	2	4	3	5	5	4	2	2
n/a	OG0001805	0	0	5	5	1	2	6	3	3
n/a	OG0001807	0	0	34	0	0	0	1	1	0
n/a	OG0001808	3	3	3	3	2	2	3	2	4
n/a	OG0001809	4	2	2	4	2	2	3	2	3
n/a	OG0001810	2	3	2	3	1	2	3	4	2
n/a	OG0001811	1	3	3	3	2	2	3	3	3
n/a	OG0001812	1	3	3	1	2	3	2	2	7
n/a	OG0001813	1	3	3	3	2	3	3	3	3
n/a	OG0001814	2	4	3	2	3	4	2	2	4
n/a	OG0001815	1	2	4	0	0	1	3	4	9
n/a	OG0001816	3	2	2	3	2	2	3	4	3
n/a	OG0001817	4	3	3	3	2	3	3	2	2
n/a	OG0001818	3	3	3	3	3	2	2	3	2
n/a	OG0001819	1	3	3	3	3	4	3	2	3
n/a	OG0001820	1	3	2	0	4	3	3	3	4
n/a	OG0001821	4	2	3	3	2	3	3	2	3
n/a	OG0001822	3	3	3	0	1	3	2	4	4
n/a	OG0001823	3	2	3	3	2	4	3	3	3
n/a	OG0001824	2	4	2	3	1	2	3	3	3
n/a	OG0001825	1	7	0	1	1	0	0	6	0
n/a	OG0001826	1	3	2	3	3	2	4	2	3
n/a	OG0001827	1	3	2	2	3	3	3	2	5
n/a	OG0001828	1	4	1	2	2	2	3	3	3
n/a	OG0001829	1	3	3	3	3	2	3	2	5
n/a	OG0001830	3	3	3	2	3	3	2	2	5
n/a	OG0001831	2	3	4	2	4	2	2	2	3
n/a	OG0001832	2	2	3	3	3	3	3	2	5
n/a	OG0001833	3	2	2	2	2	3	2	2	10
n/a	OG0001834	4	3	3	2	4	2	3	2	2
n/a	OG0001835	2	3	2	4	1	2	3	4	2
n/a	OG0001836	2	2	3	3	2	4	3	2	4
n/a	OG0001837	1	1	2	3	1	1	6	4	2
n/a	OG0001838	3	2	4	3	3	3	3	2	4
n/a	OG0001839	2	3	3	3	2	3	3	2	4
n/a	OG0001840	2	3	3	2	2	3	2	2	8
n/a	OG0001841	2	3	4	2	2	3	2	2	6
n/a	OG0001842	1	3	3	3	1	2	3	3	4
n/a	OG0001843	2	3	3	2	3	2	2	2	7
n/a	OG0001844	1	5	2	2	3	2	2	2	4
n/a	OG0001845	3	1	2	3	3	2	4	4	2
n/a	OG0001846	1	3	2	3	2	3	3	2	4
n/a	OG0001847	2	2	3	3	3	3	3	3	3
n/a	OG0001848	4	2	2	3	3	3	3	2	5
n/a	OG0001849	2	3	2	2	3	4	2	2	5
n/a	OG0001850	2	3	2	3	2	2	3	2	4
n/a	OG0001851	2	2	2	3	2	2	3	3	5
n/a	OG0001852	2	3	3	3	1	2	3	3	4
n/a	OG0001853	4	3	3	2	3	4	2	2	3
n/a	OG0001854	1	3	2	3	2	3	3	3	3
n/a	OG0001855	2	2	3	3	4	3	3	2	4
n/a	OG0001856	2	2	2	3	3	3	3	2	5
n/a	OG0001857	1	5	3	2	3	2	2	2	2
n/a	OG0001858	1	2	3	3	3	3	3	3	3
n/a	OG0001859	2	2	5	3	3	2	2	3	3
n/a	OG0001860	2	2	3	3	1	4	3	2	5
n/a	OG0001861	2	2	2	3	1	2	4	4	2
n/a	OG0001862	1	3	3	3	2	3	3	2	4
n/a	OG0001863	1	2	2	2	2	4	3	4	3
n/a	OG0001864	1	1	4	3	6	1	5	2	1
n/a	OG0001865	1	2	6	1	5	2	3	3	3
n/a	OG0001866	1	1	1	1	1	4	2	1	20
n/a	OG0001867	0	4	2	4	2	2	3	2	2
n/a	OG0001868	0	0	3	3	1	1	5	6	1
n/a	OG0001869	0	12	0	0	1	0	0	0	0
n/a	OG0001870	0	6	1	4	4	4	2	1	0
n/a	OG0001871	0	5	4	1	0	2	4	3	0
n/a	OG0001872	0	1	2	3	7	2	5	4	0
n/a	OG0001873	0	4	4	2	0	0	3	5	0
n/a	OG0001874	0	4	4	5	7	1	2	2	0
n/a	OG0001875	0	5	0	1	0	0	4	4	0
n/a	OG0001876	0	3	1	2	1	1	4	4	3
n/a	OG0001877	0	4	5	1	7	6	2	2	0
n/a	OG0001878	0	4	0	1	9	1	3	2	1
n/a	OG0001879	0	1	1	3	0	0	4	10	0
n/a	OG0001880	0	5	0	3	1	1	4	3	1
n/a	OG0001881	0	3	1	2	1	3	5	2	3
n/a	OG0001882	0	3	2	3	4	1	2	4	3
n/a	OG0001883	0	1	2	4	6	4	3	4	0
n/a	OG0001884	0	6	2	1	4	6	1	1	3
n/a	OG0001885	0	3	4	4	2	1	3	4	1
n/a	OG0001886	0	3	2	3	5	2	2	2	5
n/a	OG0001887	0	3	2	3	3	3	3	4	1
n/a	OG0001888	0	1	0	2	0	0	6	8	0
n/a	OG0001889	0	2	5	3	2	4	3	2	5
n/a	OG0001890	0	0	0	0	0	0	7	8	0
n/a	OG0001891	0	1	0	2	0	1	5	8	0
n/a	OG0001892	0	2	2	3	1	2	5	5	0
n/a	OG0001893	0	4	0	5	4	3	3	2	1
n/a	OG0001894	0	1	2	7	2	0	6	2	0
n/a	OG0001895	0	4	2	2	1	4	3	3	3
n/a	OG0001897	0	4	1	3	0	2	4	3	0
n/a	OG0001898	3	2	3	3	2	3	3	2	4
n/a	OG0001899	6	3	3	3	2	2	2	2	2
n/a	OG0001900	2	3	3	3	3	2	3	2	2
n/a	OG0001901	1	3	13	0	1	1	3	1	1
n/a	OG0001902	2	3	3	4	1	2	3	2	2
n/a	OG0001903	4	2	1	4	4	3	3	2	3
n/a	OG0001904	1	4	2	5	1	1	2	3	2
n/a	OG0001905	3	2	2	3	2	3	3	3	3
n/a	OG0001906	1	1	3	3	2	3	3	4	5
n/a	OG0001907	2	3	2	2	2	3	3	3	3
n/a	OG0001908	2	2	5	2	2	3	2	2	6
n/a	OG0001909	2	3	3	2	2	1	4	2	2
n/a	OG0001910	3	3	2	2	2	5	2	2	5
n/a	OG0001911	1	2	3	3	1	3	3	3	4
n/a	OG0001912	3	3	3	3	2	2	2	2	4
n/a	OG0001913	2	3	3	3	3	3	2	2	4
n/a	OG0001914	1	2	4	3	3	4	2	2	5
n/a	OG0001915	2	3	2	2	3	4	2	2	4
n/a	OG0001917	2	3	2	3	2	2	3	3	2
n/a	OG0001918	4	3	3	3	1	3	3	1	4
n/a	OG0001919	1	3	3	3	3	3	3	2	3
n/a	OG0001920	20	1	0	1	9	0	1	0	0
n/a	OG0001921	5	3	2	2	4	3	2	2	3
n/a	OG0001922	10	1	2	2	2	2	3	2	3
n/a	OG0001923	4	2	2	3	3	2	3	3	4
n/a	OG0001924	4	3	3	3	3	3	1	2	5
n/a	OG0001925	2	3	3	3	2	3	3	3	2
n/a	OG0001926	1	3	3	3	1	3	2	3	5
n/a	OG0001928	3	3	2	4	2	3	2	2	2
n/a	OG0001929	1	1	3	7	3	0	0	10	0
n/a	OG0001930	3	3	2	3	1	3	3	3	1
n/a	OG0001931	3	1	4	3	5	3	2	2	3
n/a	OG0001932	2	3	3	3	2	2	3	2	3
n/a	OG0001933	1	1	1	3	1	1	6	5	0
n/a	OG0001934	2	3	2	3	3	2	3	3	2
n/a	OG0001935	2	3	1	3	1	3	3	3	2
n/a	OG0001936	2	2	3	3	1	3	3	3	3
n/a	OG0001937	2	4	0	0	0	0	4	2	6
n/a	OG0001938	1	3	2	3	3	2	3	3	3
n/a	OG0001939	3	2	4	3	1	3	3	3	2
n/a	OG0001940	1	4	2	3	3	2	2	2	2
n/a	OG0001941	2	2	3	2	2	4	2	2	7
n/a	OG0001942	2	2	2	3	3	2	4	3	3
n/a	OG0001943	3	2	4	0	3	3	3	2	5
n/a	OG0001944	2	2	3	3	2	5	3	2	5
n/a	OG0001945	2	5	2	2	2	2	2	2	3
n/a	OG0001946	2	3	3	3	1	3	3	2	4
n/a	OG0001947	2	4	3	2	3	3	2	2	2
n/a	OG0001948	1	2	2	3	2	3	4	4	2
n/a	OG0001949	3	3	3	3	2	3	1	3	4
n/a	OG0001950	1	3	3	3	2	3	3	3	2
n/a	OG0001951	1	3	3	3	3	3	3	2	3
n/a	OG0001952	3	3	3	3	3	3	3	2	2
n/a	OG0001953	4	2	2	5	5	3	2	2	3
n/a	OG0001954	1	5	1	2	1	1	3	3	1
n/a	OG0001955	2	3	3	2	1	1	3	4	1
n/a	OG0001956	3	5	2	1	1	2	2	2	2
n/a	OG0001957	1	1	2	1	2	2	1	1	21
n/a	OG0001958	1	3	3	4	1	2	3	2	2
n/a	OG0001959	2	3	2	3	3	3	3	1	4
n/a	OG0001960	3	2	4	2	2	2	3	2	3
n/a	OG0001961	1	3	4	3	1	3	3	2	4
n/a	OG0001962	2	3	3	3	2	2	3	2	2
n/a	OG0001963	1	1	4	3	2	5	3	3	3
n/a	OG0001964	1	2	3	3	3	3	3	3	3
n/a	OG0001965	1	2	3	4	1	1	3	5	1
n/a	OG0001966	2	3	3	3	2	2	3	2	3
n/a	OG0001967	1	4	2	2	2	4	2	2	3
n/a	OG0001968	1	3	4	2	3	4	2	2	5
n/a	OG0001969	0	5	3	2	2	2	3	2	2
n/a	OG0001970	0	4	1	7	1	0	4	2	0
n/a	OG0001971	0	2	4	0	1	1	5	4	1
n/a	OG0001972	0	5	4	3	2	1	3	2	0
n/a	OG0001973	0	2	0	2	0	3	5	6	0
n/a	OG0001974	0	6	1	1	1	3	3	2	0
n/a	OG0001975	0	2	4	16	0	0	2	3	0
n/a	OG0001976	0	3	2	1	5	3	2	4	1
n/a	OG0001977	0	3	1	1	2	1	5	4	1
n/a	OG0001978	0	1	5	1	1	8	2	2	8
n/a	OG0001979	0	7	5	2	1	2	2	0	0
n/a	OG0001980	0	2	0	9	0	0	4	4	0
n/a	OG0001981	0	6	3	1	1	2	2	3	1
n/a	OG0001982	0	2	2	0	2	5	4	5	0
n/a	OG0001983	0	1	3	5	1	6	4	2	2
n/a	OG0001984	0	1	3	1	5	0	4	5	3
n/a	OG0001985	0	3	2	2	3	2	3	3	3
n/a	OG0001986	0	2	2	3	2	3	4	4	1
n/a	OG0001987	0	2	4	5	1	1	4	4	1
n/a	OG0001988	0	0	0	35	0	0	1	0	0
n/a	OG0001990	0	0	0	24	0	0	2	3	0
n/a	OG0001992	2	2	2	5	1	3	3	2	3
n/a	OG0001993	1	3	3	3	2	2	3	2	4
n/a	OG0001994	2	1	1	3	4	3	3	3	4
n/a	OG0001995	4	1	2	2	1	3	3	4	5
n/a	OG0001996	2	2	2	4	2	2	3	4	1
n/a	OG0001997	2	2	3	3	3	5	3	2	2
n/a	OG0001998	4	1	1	5	1	2	3	4	4
n/a	OG0001999	1	2	6	1	2	1	2	4	5
n/a	OG0002000	1	3	2	5	0	2	3	3	3
n/a	OG0002001	1	1	0	6	1	0	4	5	1
n/a	OG0002002	3	2	1	0	1	1	5	4	2
n/a	OG0002003	1	3	3	3	2	2	3	2	3
n/a	OG0002004	1	1	2	1	1	1	2	2	17
n/a	OG0002005	3	0	3	3	3	3	3	3	6
n/a	OG0002006	6	2	3	0	1	3	2	4	3
n/a	OG0002007	3	3	3	2	1	3	2	2	6
n/a	OG0002008	2	2	3	2	5	3	2	2	4
n/a	OG0002009	2	2	2	3	2	3	3	3	3
n/a	OG0002010	5	2	2	3	1	2	2	2	4
n/a	OG0002011	1	2	3	3	2	3	3	2	5
n/a	OG0002012	3	2	3	3	3	3	2	2	5
n/a	OG0002013	32	0	0	0	2	1	0	0	1
n/a	OG0002014	4	2	2	2	2	3	1	2	9
n/a	OG0002015	2	3	3	0	2	2	3	3	3
n/a	OG0002016	1	3	3	2	4	3	2	2	4
n/a	OG0002017	3	2	3	2	2	3	2	2	8
n/a	OG0002018	2	2	4	3	3	2	2	3	4
n/a	OG0002019	1	4	2	2	2	2	3	2	1
n/a	OG0002020	7	2	2	2	3	2	2	2	4
n/a	OG0002021	3	3	1	2	1	2	3	2	6
n/a	OG0002022	2	4	2	2	1	3	2	2	5
n/a	OG0002023	1	3	3	2	2	2	3	3	2
n/a	OG0002024	1	2	2	2	2	4	3	4	2
n/a	OG0002025	2	2	2	2	4	2	3	2	5
n/a	OG0002026	1	3	3	2	2	2	3	4	1
n/a	OG0002027	2	2	3	3	3	3	2	3	3
n/a	OG0002028	2	2	3	3	2	2	3	4	2
n/a	OG0002029	2	2	3	2	3	3	3	3	3
n/a	OG0002030	3	2	2	3	3	3	3	2	3
n/a	OG0002031	1	3	3	3	2	3	3	2	3
n/a	OG0002032	3	3	3	2	3	4	2	2	4
n/a	OG0002033	2	2	2	4	3	2	2	2	8
n/a	OG0002034	6	2	3	3	2	2	3	2	2
n/a	OG0002035	1	2	3	3	3	3	3	2	3
n/a	OG0002036	1	3	3	3	2	3	3	3	2
n/a	OG0002037	2	3	3	3	2	3	2	2	3
n/a	OG0002038	3	4	2	2	2	2	2	2	3
n/a	OG0002039	1	1	1	4	1	1	4	6	1
n/a	OG0002040	1	2	2	12	2	2	2	2	2
n/a	OG0002041	3	2	2	2	4	3	2	2	7
n/a	OG0002042	1	3	2	2	1	2	4	3	2
n/a	OG0002043	1	3	3	4	1	2	3	3	1
n/a	OG0002044	3	2	2	2	3	3	4	3	1
n/a	OG0002045	1	2	3	3	3	2	3	3	3
n/a	OG0002046	1	2	3	2	1	1	4	3	3
n/a	OG0002047	1	2	3	3	3	3	3	2	3
n/a	OG0002048	1	1	2	2	5	0	5	4	1
n/a	OG0002049	1	2	2	3	1	3	3	4	2
n/a	OG0002050	1	3	3	2	1	4	2	2	6
n/a	OG0002051	1	3	1	4	2	1	4	3	2
n/a	OG0002052	2	3	2	3	2	2	3	3	2
n/a	OG0002053	2	4	2	2	3	3	2	2	2
n/a	OG0002054	1	3	1	3	1	2	4	3	2
n/a	OG0002055	1	3	3	4	3	2	3	3	1
n/a	OG0002056	3	2	2	2	2	2	2	2	9
n/a	OG0002057	2	3	3	2	1	2	3	3	3
n/a	OG0002058	2	3	4	2	8	3	2	1	1
n/a	OG0002059	1	3	3	3	3	3	3	2	3
n/a	OG0002060	1	2	3	0	0	1	3	3	10
n/a	OG0002061	2	2	7	9	0	1	2	2	0
n/a	OG0002062	0	5	3	0	1	0	3	4	0
n/a	OG0002063	0	2	6	3	0	0	6	2	0
n/a	OG0002065	0	0	0	6	0	1	3	2	16
n/a	OG0002066	0	7	2	3	1	1	2	2	1
n/a	OG0002067	0	4	2	3	2	1	3	2	1
n/a	OG0002068	0	4	3	2	1	0	3	4	1
n/a	OG0002069	0	3	1	4	1	0	5	4	0
n/a	OG0002070	0	3	0	7	0	0	4	4	1
n/a	OG0002071	0	9	0	4	1	0	0	2	0
n/a	OG0002072	0	3	2	4	2	0	4	2	3
n/a	OG0002073	0	3	2	3	2	3	3	2	3
n/a	OG0002074	0	4	3	2	5	3	2	1	3
n/a	OG0002075	0	1	4	3	2	3	4	4	2
n/a	OG0002076	0	6	1	0	0	2	3	4	0
n/a	OG0002077	0	7	0	3	0	1	3	2	0
n/a	OG0002078	0	3	3	4	2	3	3	2	2
n/a	OG0002079	0	2	3	0	5	6	4	2	3
n/a	OG0002080	0	5	1	4	1	0	4	2	0
n/a	OG0002081	0	0	4	1	2	3	6	4	0
n/a	OG0002082	0	3	1	1	1	0	5	4	0
n/a	OG0002083	0	3	0	3	0	0	5	4	0
n/a	OG0002084	0	1	3	5	0	2	5	4	2
n/a	OG0002085	0	4	6	3	1	1	3	2	0
n/a	OG0002086	0	0	0	1	0	0	10	3	0
n/a	OG0002087	0	0	0	0	1	0	0	0	35
n/a	OG0002088	0	1	0	0	1	18	1	6	1
n/a	OG0002089	4	1	2	4	3	2	3	2	2
n/a	OG0002090	3	1	3	3	5	3	3	2	3
n/a	OG0002091	2	2	2	2	2	2	2	2	10
n/a	OG0002092	4	2	1	2	2	6	2	2	4
n/a	OG0002093	6	2	2	3	2	2	2	2	3
n/a	OG0002094	1	2	2	3	2	2	3	3	3
n/a	OG0002095	1	3	2	2	3	5	2	2	3
n/a	OG0002096	2	2	3	3	3	3	3	1	5
n/a	OG0002097	1	4	1	0	0	1	3	2	6
n/a	OG0002098	1	3	1	3	2	2	2	4	2
n/a	OG0002099	1	2	5	2	2	3	2	2	3
n/a	OG0002100	1	2	3	3	3	2	3	2	3
n/a	OG0002101	4	2	2	3	2	4	2	2	2
n/a	OG0002102	4	3	3	2	2	3	2	2	4
n/a	OG0002103	2	3	6	0	5	3	2	0	3
n/a	OG0002104	2	2	2	5	1	2	3	3	2
n/a	OG0002105	1	2	1	4	1	3	4	3	1
n/a	OG0002106	7	0	1	3	1	1	4	4	2
n/a	OG0002107	2	3	1	3	1	2	3	2	2
n/a	OG0002108	2	2	2	3	3	3	3	2	3
n/a	OG0002109	1	2	1	4	3	2	3	3	2
n/a	OG0002110	11	1	2	0	2	0	3	4	0
n/a	OG0002111	1	3	2	2	2	3	3	3	2
n/a	OG0002112	2	3	3	2	3	3	2	2	5
n/a	OG0002113	3	2	3	2	4	3	2	2	3
n/a	OG0002114	3	3	3	2	2	2	3	2	1
n/a	OG0002115	2	3	2	2	3	2	2	2	4
n/a	OG0002116	4	2	2	2	2	3	2	2	6
n/a	OG0002117	4	2	2	2	1	3	3	3	2
n/a	OG0002118	4	2	3	2	3	2	2	3	2
n/a	OG0002119	2	2	3	3	1	2	3	3	4
n/a	OG0002120	2	2	3	3	3	3	2	2	5
n/a	OG0002121	2	2	2	3	3	3	3	3	3
n/a	OG0002122	2	3	3	1	4	3	2	2	3
n/a	OG0002123	11	0	2	2	2	2	3	2	3
n/a	OG0002124	10	2	2	2	2	2	1	2	3
n/a	OG0002125	6	2	2	2	1	2	2	2	8
n/a	OG0002126	1	3	3	2	3	3	2	4	2
n/a	OG0002127	4	2	1	3	2	2	3	2	2
n/a	OG0002128	2	3	2	3	1	1	3	4	2
n/a	OG0002129	1	2	2	2	2	2	2	2	11
n/a	OG0002130	1	3	3	2	2	3	2	2	5
n/a	OG0002131	1	3	1	2	5	3	3	2	3
n/a	OG0002132	2	3	3	2	2	1	2	2	6
n/a	OG0002133	2	2	2	2	3	2	2	2	8
n/a	OG0002134	2	2	2	1	2	2	1	1	14
n/a	OG0002135	2	2	3	3	3	3	2	2	2
n/a	OG0002136	2	3	2	5	2	2	3	2	2
n/a	OG0002137	1	2	2	3	2	2	3	4	3
n/a	OG0002138	1	3	2	0	1	2	3	4	3
n/a	OG0002139	1	11	0	0	1	1	0	0	0
n/a	OG0002140	1	2	1	6	0	1	2	6	1
n/a	OG0002141	1	1	2	2	2	2	2	1	15
n/a	OG0002142	3	2	1	3	1	2	3	2	4
n/a	OG0002143	2	2	2	3	3	3	3	2	4
n/a	OG0002144	2	3	3	3	3	3	2	2	3
n/a	OG0002145	3	1	1	2	1	1	5	3	2
n/a	OG0002146	2	2	3	3	2	2	2	3	3
n/a	OG0002147	2	4	2	2	2	5	2	2	2
n/a	OG0002148	1	2	1	4	2	3	3	2	3
n/a	OG0002149	1	3	2	1	3	1	4	2	1
n/a	OG0002150	1	3	3	2	1	3	3	2	4
n/a	OG0002151	2	1	4	3	3	2	3	3	3
n/a	OG0002152	2	3	2	3	3	2	2	2	3
n/a	OG0002153	5	1	3	3	1	2	2	3	4
n/a	OG0002154	2	3	3	2	4	2	2	2	4
n/a	OG0002155	2	3	2	2	2	3	2	2	3
n/a	OG0002156	2	2	2	4	2	2	3	3	3
n/a	OG0002157	2	2	2	2	2	2	2	2	10
n/a	OG0002158	1	3	2	4	2	2	3	2	2
n/a	OG0002159	1	2	2	2	1	1	3	5	2
n/a	OG0002160	4	2	3	2	3	3	2	2	5
n/a	OG0002161	2	4	2	2	2	3	2	2	2
n/a	OG0002162	8	2	2	3	1	2	2	2	2
n/a	OG0002163	3	2	2	3	2	3	3	3	1
n/a	OG0002164	1	3	2	3	2	2	3	2	2
n/a	OG0002165	2	2	2	2	2	5	2	2	6
n/a	OG0002166	1	3	4	1	1	11	2	0	1
n/a	OG0002167	1	2	1	3	3	2	3	3	6
n/a	OG0002168	1	2	4	4	2	1	3	3	3
n/a	OG0002169	2	2	3	2	2	3	4	3	1
n/a	OG0002170	2	2	2	2	2	2	2	2	10
n/a	OG0002171	1	2	3	3	2	2	3	3	3
n/a	OG0002172	1	2	3	4	2	1	3	3	2
n/a	OG0002173	1	2	2	2	2	3	3	4	2
n/a	OG0002174	1	2	2	2	3	5	3	2	3
n/a	OG0002175	1	2	5	3	2	3	2	2	2
n/a	OG0002176	1	3	2	3	2	2	3	3	2
n/a	OG0002177	0	5	3	0	4	1	3	2	0
n/a	OG0002178	0	5	2	2	3	4	2	1	1
n/a	OG0002179	0	3	1	3	3	0	4	4	0
n/a	OG0002180	0	3	5	3	2	2	3	3	1
n/a	OG0002181	0	4	1	6	0	0	3	4	0
n/a	OG0002182	0	3	4	2	0	0	4	4	0
n/a	OG0002183	0	1	1	4	0	0	4	7	0
n/a	OG0002184	0	2	2	2	8	3	2	2	4
n/a	OG0002185	0	3	4	2	1	2	3	4	0
n/a	OG0002186	0	2	2	2	3	2	2	2	10
n/a	OG0002187	0	3	2	2	5	2	3	2	2
n/a	OG0002188	0	4	0	6	2	1	3	2	0
n/a	OG0002189	0	3	5	1	0	2	3	2	3
n/a	OG0002190	0	1	2	3	1	2	4	5	1
n/a	OG0002191	0	3	2	3	1	2	3	4	2
n/a	OG0002192	0	2	3	4	2	2	3	2	5
n/a	OG0002193	0	5	2	0	3	3	2	2	0
n/a	OG0002194	0	4	3	3	1	2	3	2	2
n/a	OG0002195	0	3	2	5	1	1	3	2	2
n/a	OG0002196	0	1	2	5	1	4	3	4	1
n/a	OG0002197	0	3	2	3	1	2	4	2	4
n/a	OG0002198	0	1	4	2	4	1	6	1	0
n/a	OG0002199	0	0	1	1	16	0	1	0	15
n/a	OG0002200	13	1	2	3	2	1	1	2	1
n/a	OG0002201	2	2	2	5	1	2	2	2	4
n/a	OG0002202	0	0	5	3	11	11	0	2	0
n/a	OG0002203	5	1	0	3	0	4	4	4	2
n/a	OG0002204	2	2	3	3	3	4	1	1	6
n/a	OG0002205	1	4	3	2	2	1	2	2	1
n/a	OG0002206	3	2	2	2	3	3	2	2	6
n/a	OG0002207	2	4	1	2	1	2	2	2	3
n/a	OG0002208	2	2	3	2	3	3	2	2	6
n/a	OG0002209	1	2	3	2	3	4	2	3	2
n/a	OG0002210	3	0	3	3	2	3	3	3	4
n/a	OG0002211	3	2	2	2	2	2	2	2	8
n/a	OG0002212	2	2	3	2	3	3	2	2	5
n/a	OG0002213	1	3	3	3	2	2	2	2	3
n/a	OG0002214	1	2	3	2	3	6	2	2	4
n/a	OG0002215	1	3	2	3	2	1	3	3	1
n/a	OG0002216	1	2	3	3	1	3	3	3	3
n/a	OG0002217	1	2	2	2	2	2	2	2	10
n/a	OG0002218	3	3	4	2	1	2	2	2	3
n/a	OG0002219	4	2	3	2	1	4	2	2	5
n/a	OG0002220	1	3	3	2	2	4	2	2	3
n/a	OG0002221	1	3	2	1	3	2	2	2	7
n/a	OG0002222	1	3	3	2	5	2	2	2	2
n/a	OG0002223	4	1	1	4	1	2	3	4	2
n/a	OG0002224	1	2	2	5	3	3	2	1	7
n/a	OG0002225	3	2	2	2	2	3	2	2	5
n/a	OG0002226	1	2	2	3	1	3	2	2	5
n/a	OG0002227	4	2	2	3	3	2	2	2	5
n/a	OG0002228	2	2	2	6	2	2	2	2	4
n/a	OG0002229	1	3	2	3	2	1	3	2	2
n/a	OG0002230	3	1	1	3	1	1	5	4	1
n/a	OG0002231	2	2	3	2	3	1	3	2	5
n/a	OG0002232	2	3	2	2	4	2	2	2	2
n/a	OG0002233	2	2	2	3	2	2	3	2	3
n/a	OG0002234	2	2	3	4	2	2	2	2	6
n/a	OG0002235	5	2	3	2	2	2	2	2	4
n/a	OG0002236	5	4	2	3	1	2	2	1	1
n/a	OG0002237	2	2	2	3	2	2	3	3	2
n/a	OG0002238	3	3	3	3	2	2	2	2	2
n/a	OG0002239	2	2	2	2	2	2	3	3	3
n/a	OG0002240	3	2	3	2	2	3	2	2	5
n/a	OG0002241	3	3	3	0	2	2	3	2	3
n/a	OG0002242	2	3	3	2	2	3	2	2	4
n/a	OG0002243	2	2	2	2	3	3	2	2	5
n/a	OG0002244	1	3	3	2	1	1	3	3	2
n/a	OG0002245	5	3	2	2	1	2	2	2	4
n/a	OG0002246	2	3	3	2	2	3	2	2	4
n/a	OG0002247	2	2	2	2	1	2	4	4	2
n/a	OG0002248	3	1	3	2	1	3	2	3	6
n/a	OG0002249	3	2	3	2	3	3	2	2	4
n/a	OG0002250	3	2	1	4	1	2	3	2	3
n/a	OG0002251	3	3	2	2	2	2	3	1	3
n/a	OG0002252	7	2	2	2	2	2	2	2	3
n/a	OG0002253	2	2	2	4	2	3	3	2	5
n/a	OG0002254	1	2	3	2	3	3	3	2	4
n/a	OG0002255	3	3	3	2	2	3	2	2	3
n/a	OG0002256	1	2	2	3	2	2	3	4	2
n/a	OG0002257	3	2	2	0	2	2	4	2	3
n/a	OG0002258	3	2	2	0	1	4	3	3	3
n/a	OG0002259	4	3	3	2	2	2	2	2	4
n/a	OG0002260	2	2	3	3	3	3	2	2	3
n/a	OG0002261	1	2	3	3	1	2	3	4	2
n/a	OG0002262	3	2	3	2	3	3	2	2	4
n/a	OG0002263	1	4	2	2	2	2	3	2	2
n/a	OG0002264	1	1	1	1	0	1	4	6	2
n/a	OG0002265	6	1	2	2	0	2	3	4	1
n/a	OG0002266	2	3	2	2	3	3	2	2	3
n/a	OG0002267	1	2	2	1	2	1	4	4	1
n/a	OG0002268	6	2	2	2	1	2	3	2	3
n/a	OG0002269	2	0	1	2	2	2	2	0	20
n/a	OG0002270	2	3	2	2	2	2	2	3	2
n/a	OG0002271	2	3	3	3	1	3	2	2	4
n/a	OG0002272	1	2	3	0	2	3	3	3	4
n/a	OG0002273	2	3	3	3	1	2	2	3	2
n/a	OG0002274	3	2	3	3	2	3	2	2	3
n/a	OG0002275	3	2	4	3	3	3	3	1	3
n/a	OG0002276	2	2	2	3	2	3	3	3	2
n/a	OG0002277	2	3	1	2	2	5	2	2	3
n/a	OG0002278	1	2	2	4	2	1	4	2	2
n/a	OG0002279	1	0	2	4	1	1	4	5	2
n/a	OG0002280	1	4	2	2	1	2	2	2	3
n/a	OG0002281	1	1	1	1	1	1	1	1	21
n/a	OG0002282	2	3	2	1	8	2	2	2	2
n/a	OG0002283	2	2	2	2	3	3	2	2	7
n/a	OG0002284	1	3	2	3	1	1	3	3	2
n/a	OG0002285	2	3	2	2	3	3	2	2	3
n/a	OG0002286	1	2	4	2	2	3	3	2	3
n/a	OG0002287	1	2	2	2	2	2	3	2	4
n/a	OG0002288	2	3	2	2	0	2	3	4	2
n/a	OG0002289	1	3	2	3	2	4	3	2	2
n/a	OG0002290	1	2	3	2	3	3	2	2	5
n/a	OG0002291	1	1	2	0	0	0	2	2	17
n/a	OG0002292	1	1	3	0	0	1	3	4	11
n/a	OG0002293	0	2	5	1	4	11	1	1	2
n/a	OG0002294	0	3	3	3	2	3	2	2	4
n/a	OG0002295	0	4	1	0	2	4	2	2	6
n/a	OG0002296	0	3	1	4	0	2	3	4	0
n/a	OG0002297	0	2	1	2	1	0	5	4	0
n/a	OG0002299	0	2	1	3	1	8	2	4	2
n/a	OG0002300	0	3	2	3	3	2	2	3	2
n/a	OG0002301	0	2	3	2	0	4	2	2	8
n/a	OG0002302	0	3	2	2	2	2	4	2	2
n/a	OG0002303	0	2	2	3	1	3	3	4	2
n/a	OG0002304	0	1	3	3	1	3	3	3	5
n/a	OG0002305	0	3	2	2	3	2	2	2	6
n/a	OG0002306	0	2	2	3	2	2	3	4	0
n/a	OG0002307	0	3	2	3	5	3	2	2	0
n/a	OG0002308	0	1	1	3	3	3	4	4	2
n/a	OG0002309	0	2	4	2	2	2	4	2	2
n/a	OG0002310	0	3	2	3	4	2	2	3	1
n/a	OG0002311	0	4	3	2	6	6	1	0	0
n/a	OG0002312	0	7	1	4	0	0	2	1	0
n/a	OG0002313	0	4	2	4	2	2	2	2	2
n/a	OG0002314	0	3	1	1	1	3	4	3	2
n/a	OG0002315	0	2	1	0	2	5	4	4	3
n/a	OG0002316	0	4	2	1	0	11	1	0	3
n/a	OG0002317	0	0	0	23	0	0	4	0	0
n/a	OG0002318	0	0	0	1	8	3	3	4	4
n/a	OG0002319	0	0	0	2	0	1	6	7	0
n/a	OG0002320	0	0	0	0	0	33	0	0	1
n/a	OG0002321	2	2	2	3	1	2	2	3	4
n/a	OG0002322	4	2	4	1	3	4	1	1	6
n/a	OG0002323	1	0	3	3	3	2	4	4	2
n/a	OG0002324	4	3	1	2	2	2	2	2	3
n/a	OG0002325	1	1	3	3	1	3	3	3	3
n/a	OG0002326	1	2	3	3	1	3	2	3	3
n/a	OG0002327	3	1	3	2	4	3	2	2	6
n/a	OG0002328	1	1	2	3	1	1	4	4	1
n/a	OG0002329	1	3	2	4	2	2	2	3	1
n/a	OG0002330	2	2	2	2	1	1	4	3	2
n/a	OG0002331	1	2	1	1	3	1	2	2	9
n/a	OG0002332	1	3	3	2	3	2	2	2	4
n/a	OG0002333	2	3	3	3	2	2	2	2	3
n/a	OG0002334	3	3	1	3	2	2	3	2	1
n/a	OG0002335	2	3	2	2	2	2	2	2	4
n/a	OG0002336	1	3	5	0	2	2	3	1	3
n/a	OG0002337	5	3	2	2	2	1	2	2	1
n/a	OG0002338	4	2	2	2	3	2	2	2	4
n/a	OG0002339	2	2	2	2	7	2	1	2	5
n/a	OG0002340	2	2	2	2	2	2	2	2	8
n/a	OG0002341	1	2	2	2	2	2	2	2	10
n/a	OG0002342	3	3	3	2	2	2	3	2	2
n/a	OG0002343	3	2	2	3	2	3	2	2	3
n/a	OG0002344	2	2	2	2	2	2	3	2	4
n/a	OG0002345	3	2	3	2	4	2	2	2	4
n/a	OG0002346	2	2	2	2	2	2	3	3	2
n/a	OG0002347	3	2	3	2	2	3	3	2	3
n/a	OG0002348	3	2	1	2	2	2	2	2	7
n/a	OG0002349	2	2	2	2	2	2	2	2	7
n/a	OG0002350	3	3	3	0	2	3	2	2	4
n/a	OG0002351	1	2	3	3	1	2	3	3	3
n/a	OG0002352	2	1	3	3	2	3	3	2	3
n/a	OG0002353	6	2	2	2	2	2	2	2	3
n/a	OG0002354	2	1	2	3	2	3	3	3	2
n/a	OG0002356	3	2	2	2	2	2	2	3	3
n/a	OG0002357	3	2	2	3	1	2	2	1	8
n/a	OG0002358	2	2	2	2	2	2	2	2	7
n/a	OG0002359	1	2	2	2	1	1	3	3	5
n/a	OG0002360	2	2	2	4	2	2	3	2	2
n/a	OG0002361	2	3	2	2	2	3	2	2	3
n/a	OG0002362	5	2	2	2	3	2	2	2	2
n/a	OG0002363	1	2	7	2	3	2	2	2	2
n/a	OG0002364	1	5	1	2	1	1	2	2	1
n/a	OG0002365	1	2	3	2	3	4	2	2	4
n/a	OG0002366	2	2	2	3	2	2	3	3	2
n/a	OG0002367	4	2	2	2	4	2	2	2	3
n/a	OG0002368	2	2	3	3	2	3	3	1	2
n/a	OG0002369	1	3	2	0	1	2	3	4	3
n/a	OG0002370	3	2	2	2	1	2	3	3	2
n/a	OG0002371	2	3	2	2	4	3	2	2	1
n/a	OG0002372	3	2	2	1	2	3	2	2	6
n/a	OG0002373	1	3	3	2	3	2	2	2	3
n/a	OG0002374	1	3	2	2	2	2	3	2	2
n/a	OG0002375	4	3	2	2	4	2	2	2	2
n/a	OG0002376	1	1	1	1	1	1	5	4	1
n/a	OG0002377	3	2	2	2	2	2	3	2	2
n/a	OG0002378	2	1	1	1	0	1	3	2	10
n/a	OG0002379	3	2	3	0	3	3	3	2	3
n/a	OG0002380	5	2	2	2	3	2	2	2	2
n/a	OG0002381	1	3	2	3	1	4	2	2	4
n/a	OG0002382	2	2	2	2	5	2	2	3	1
n/a	OG0002383	2	3	5	0	2	3	2	2	3
n/a	OG0002384	2	2	2	2	2	2	2	2	7
n/a	OG0002385	3	2	2	2	2	5	2	2	3
n/a	OG0002386	2	2	2	2	2	3	2	0	8
n/a	OG0002387	2	2	3	0	2	3	3	2	3
n/a	OG0002388	1	1	3	3	1	2	3	2	9
n/a	OG0002389	2	1	2	2	2	3	2	2	10
n/a	OG0002390	1	2	3	2	3	2	2	2	8
n/a	OG0002391	1	3	1	2	2	2	3	2	2
n/a	OG0002392	1	2	2	3	2	2	3	2	3
n/a	OG0002393	3	2	1	3	0	2	3	3	3
n/a	OG0002394	1	2	3	0	2	3	3	2	4
n/a	OG0002395	2	4	3	0	3	2	1	2	7
n/a	OG0002396	2	2	1	2	2	1	3	4	2
n/a	OG0002397	1	1	3	3	2	2	3	2	7
n/a	OG0002398	1	3	3	3	2	2	3	2	3
n/a	OG0002399	1	3	2	1	2	3	1	2	7
n/a	OG0002400	2	2	3	2	2	2	2	4	3
n/a	OG0002401	2	2	2	0	2	2	3	3	3
n/a	OG0002402	1	2	2	2	2	2	2	2	8
n/a	OG0002403	1	4	3	3	2	2	2	2	2
n/a	OG0002404	1	2	2	3	2	2	2	2	6
n/a	OG0002405	2	2	2	2	2	3	2	2	3
n/a	OG0002406	1	3	3	2	3	2	2	2	4
n/a	OG0002407	1	3	2	2	3	3	2	2	2
n/a	OG0002408	1	3	4	0	0	2	1	2	8
n/a	OG0002409	0	2	3	3	1	1	3	2	4
n/a	OG0002410	0	2	1	5	3	3	3	2	1
n/a	OG0002411	0	11	0	1	0	0	0	0	0
n/a	OG0002412	0	3	2	1	2	2	3	3	3
n/a	OG0002413	0	5	4	1	1	2	3	1	0
n/a	OG0002414	0	3	0	0	0	4	2	3	8
n/a	OG0002415	0	1	5	1	2	1	4	4	0
n/a	OG0002416	0	6	3	3	0	0	2	2	0
n/a	OG0002417	0	3	2	4	0	3	3	3	2
n/a	OG0002418	0	4	2	5	3	2	2	1	1
n/a	OG0002419	0	1	2	2	2	3	4	5	0
n/a	OG0002420	0	2	2	2	2	2	3	4	3
n/a	OG0002421	0	3	2	4	1	1	4	2	1
n/a	OG0002422	0	2	1	3	3	1	4	4	1
n/a	OG0002423	0	2	3	3	2	3	3	2	4
n/a	OG0002424	0	1	4	2	4	3	3	2	2
n/a	OG0002425	0	2	3	3	1	4	3	2	3
n/a	OG0002426	0	2	2	2	2	3	3	3	3
n/a	OG0002427	0	2	2	2	1	1	3	3	8
n/a	OG0002428	0	2	1	3	1	1	4	4	2
n/a	OG0002429	0	5	0	4	0	1	3	2	0
n/a	OG0002430	0	1	1	2	1	1	5	4	2
n/a	OG0002431	0	1	0	3	0	0	5	6	0
n/a	OG0002433	0	0	0	2	0	0	5	8	0
n/a	OG0002434	3	2	2	3	1	2	2	2	3
n/a	OG0002435	3	2	2	2	2	2	3	3	2
n/a	OG0002436	1	2	1	1	1	1	4	4	0
n/a	OG0002437	2	2	3	2	3	3	2	2	4
n/a	OG0002438	2	2	2	3	1	3	2	2	4
n/a	OG0002439	2	2	2	2	2	2	4	2	1
n/a	OG0002440	3	1	3	2	3	2	2	2	5
n/a	OG0002441	5	3	2	2	0	2	2	2	3
n/a	OG0002442	1	2	2	5	3	4	1	2	3
n/a	OG0002443	1	2	1	2	1	4	3	3	1
n/a	OG0002444	1	2	1	4	1	1	3	4	1
n/a	OG0002445	2	2	2	2	3	3	2	2	4
n/a	OG0002446	3	2	2	2	2	2	2	2	3
n/a	OG0002447	5	2	2	2	2	2	2	2	3
n/a	OG0002448	10	0	0	1	11	2	2	0	1
n/a	OG0002449	2	2	2	2	3	2	2	2	5
n/a	OG0002450	9	2	3	0	0	2	3	0	2
n/a	OG0002451	1	2	3	2	3	2	2	2	6
n/a	OG0002452	1	3	3	2	3	2	2	2	4
n/a	OG0002453	1	2	2	2	2	2	2	2	7
n/a	OG0002454	1	2	2	2	2	6	2	2	3
n/a	OG0002455	4	2	2	2	2	2	2	2	5
n/a	OG0002456	1	2	2	2	4	3	2	2	4
n/a	OG0002457	2	3	2	2	2	2	2	2	3
n/a	OG0002458	1	2	2	2	2	2	3	3	3
n/a	OG0002459	4	2	2	4	2	3	2	2	3
n/a	OG0002460	4	2	3	2	2	3	2	2	3
n/a	OG0002461	3	1	2	4	2	2	2	3	3
n/a	OG0002462	2	2	3	3	2	2	2	2	2
n/a	OG0002463	4	3	2	3	2	2	2	2	1
n/a	OG0002464	2	2	2	5	2	2	2	2	2
n/a	OG0002465	3	2	2	3	3	2	2	2	2
n/a	OG0002466	5	2	2	2	4	3	2	2	1
n/a	OG0002467	3	2	3	0	2	3	3	0	4
n/a	OG0002468	3	2	2	1	2	2	4	2	1
n/a	OG0002469	3	2	2	2	2	4	2	2	3
n/a	OG0002470	3	3	3	0	3	3	1	2	3
n/a	OG0002471	2	2	0	2	3	1	2	2	8
n/a	OG0002472	3	2	2	2	2	2	3	3	1
n/a	OG0002473	6	2	2	2	2	2	2	1	4
n/a	OG0002474	3	2	2	2	3	2	2	2	4
n/a	OG0002475	2	2	2	3	3	3	2	2	2
n/a	OG0002476	1	2	2	2	1	2	3	3	2
n/a	OG0002477	3	2	2	2	2	2	2	2	5
n/a	OG0002478	2	2	2	4	4	3	2	2	2
n/a	OG0002479	2	1	3	2	4	2	2	2	3
n/a	OG0002480	1	2	2	2	2	2	2	2	7
n/a	OG0002481	4	2	2	3	2	4	1	2	4
n/a	OG0002482	1	2	5	2	2	3	2	2	3
n/a	OG0002483	1	2	3	3	1	2	3	2	2
n/a	OG0002484	2	2	2	2	3	2	2	2	5
n/a	OG0002485	3	2	2	2	2	2	2	2	5
n/a	OG0002486	2	3	1	3	1	1	3	2	2
n/a	OG0002487	1	3	3	0	2	3	3	2	2
n/a	OG0002488	3	2	1	2	4	2	2	2	4
n/a	OG0002489	2	2	2	2	1	1	2	2	9
n/a	OG0002490	1	3	2	3	1	1	3	2	1
n/a	OG0002491	3	3	2	2	2	1	2	2	3
n/a	OG0002492	2	3	2	2	2	1	3	1	3
n/a	OG0002493	4	2	3	0	3	5	1	1	5
n/a	OG0002494	1	2	2	2	1	3	3	2	2
n/a	OG0002495	1	2	2	2	3	5	1	2	5
n/a	OG0002496	3	3	2	2	1	1	3	2	1
n/a	OG0002497	1	2	2	2	2	4	2	2	5
n/a	OG0002498	2	3	2	2	2	2	2	2	3
n/a	OG0002499	1	3	3	0	2	3	2	2	3
n/a	OG0002500	1	1	2	3	2	2	3	3	4
n/a	OG0002501	1	2	2	6	3	2	2	2	2
n/a	OG0002502	2	3	2	2	1	2	2	2	3
n/a	OG0002503	2	3	2	3	2	2	2	2	1
n/a	OG0002504	2	2	2	3	1	2	3	3	1
n/a	OG0002505	2	2	2	2	4	5	2	2	3
n/a	OG0002506	3	2	1	2	1	4	2	2	5
n/a	OG0002507	4	2	2	2	3	3	2	2	3
n/a	OG0002508	2	2	2	2	2	2	2	2	4
n/a	OG0002509	2	2	4	2	2	2	3	2	2
n/a	OG0002510	1	0	3	3	2	4	3	2	5
n/a	OG0002511	8	2	2	2	2	2	2	1	2
n/a	OG0002512	4	2	2	2	2	2	2	3	2
n/a	OG0002513	1	4	1	3	1	1	2	3	1
n/a	OG0002514	2	2	2	3	1	2	2	4	2
n/a	OG0002515	2	2	2	2	1	1	3	4	2
n/a	OG0002516	2	3	2	3	2	2	2	2	3
n/a	OG0002517	2	2	2	2	1	2	3	3	2
n/a	OG0002518	1	1	1	1	2	1	1	1	18
n/a	OG0002519	1	2	2	2	1	3	2	4	3
n/a	OG0002520	3	2	2	4	2	2	2	2	2
n/a	OG0002521	2	2	2	2	2	2	2	2	6
n/a	OG0002522	1	3	2	3	3	1	2	2	2
n/a	OG0002523	1	2	2	5	3	1	3	2	2
n/a	OG0002524	1	2	2	3	1	2	2	2	5
n/a	OG0002525	1	2	2	7	2	3	2	2	2
n/a	OG0002526	2	3	3	1	3	1	2	2	2
n/a	OG0002527	2	4	1	2	2	2	2	2	1
n/a	OG0002528	1	2	2	3	3	3	3	0	3
n/a	OG0002529	1	4	0	0	0	2	2	6	0
n/a	OG0002530	0	6	1	1	0	0	2	2	0
n/a	OG0002531	0	1	2	3	0	1	6	2	2
n/a	OG0002532	0	7	1	1	0	1	1	2	0
n/a	OG0002533	0	1	1	3	0	1	5	4	0
n/a	OG0002534	0	10	0	0	0	0	0	0	0
n/a	OG0002535	0	3	0	1	7	2	2	2	0
n/a	OG0002537	0	4	6	8	0	0	2	0	0
n/a	OG0002539	0	1	1	0	2	2	4	4	3
n/a	OG0002540	0	2	0	9	1	0	0	8	0
n/a	OG0002541	0	2	1	3	3	3	3	3	3
n/a	OG0002542	0	3	2	4	1	2	3	2	2
n/a	OG0002543	0	3	2	2	4	3	2	2	2
n/a	OG0002544	0	1	1	3	2	3	3	4	1
n/a	OG0002545	0	2	2	2	4	5	2	2	5
n/a	OG0002546	0	2	2	3	2	3	3	3	2
n/a	OG0002547	0	3	2	1	2	2	3	2	2
n/a	OG0002548	0	1	5	5	2	2	3	2	1
n/a	OG0002549	0	2	0	0	10	3	0	1	9
n/a	OG0002550	0	7	3	2	0	0	2	0	0
n/a	OG0002551	0	5	2	1	1	2	1	1	5
n/a	OG0002552	0	2	2	2	0	6	4	2	0
n/a	OG0002553	0	1	3	1	4	2	4	3	0
n/a	OG0002554	0	1	3	3	1	2	4	4	1
n/a	OG0002555	0	3	3	3	2	2	3	2	1
n/a	OG0002556	0	3	3	2	2	2	3	2	2
n/a	OG0002557	0	4	3	0	0	2	4	2	0
n/a	OG0002558	0	2	2	2	6	3	2	2	3
n/a	OG0002559	0	2	2	2	2	1	2	2	9
n/a	OG0002560	0	4	4	1	3	0	2	4	0
n/a	OG0002561	0	1	1	4	1	1	5	4	0
n/a	OG0002562	0	2	3	3	3	2	3	3	1
n/a	OG0002563	0	2	1	2	1	2	3	4	2
n/a	OG0002564	0	1	2	3	2	3	3	3	3
n/a	OG0002565	0	3	2	2	1	2	3	3	2
n/a	OG0002566	0	0	3	3	3	3	3	3	5
n/a	OG0002567	0	0	0	2	0	1	9	0	2
n/a	OG0002568	1	3	0	3	1	1	2	2	5
n/a	OG0002569	4	2	2	2	4	2	2	1	3
n/a	OG0002570	3	2	3	2	3	3	2	2	2
n/a	OG0002571	3	4	1	1	2	2	2	2	1
n/a	OG0002572	3	2	2	2	2	2	2	2	4
n/a	OG0002573	2	2	1	2	3	3	2	2	4
n/a	OG0002574	6	2	2	2	2	2	2	2	3
n/a	OG0002575	2	2	2	2	2	2	2	2	4
n/a	OG0002576	2	2	2	2	3	3	2	2	3
n/a	OG0002577	6	2	2	2	2	2	2	2	2
n/a	OG0002578	1	4	2	2	0	2	2	2	3
n/a	OG0002579	4	1	3	3	4	2	2	2	3
n/a	OG0002580	4	2	2	2	2	2	2	2	3
n/a	OG0002581	2	0	2	3	2	2	3	2	4
n/a	OG0002582	4	2	3	2	2	2	2	2	2
n/a	OG0002583	2	0	0	3	10	1	3	3	0
n/a	OG0002584	2	2	3	2	1	2	3	2	2
n/a	OG0002585	2	2	2	2	3	2	2	2	4
n/a	OG0002586	1	2	4	2	2	2	2	2	3
n/a	OG0002587	4	1	3	2	2	2	2	2	5
n/a	OG0002588	1	2	2	5	1	3	2	2	3
n/a	OG0002589	2	2	2	2	2	2	2	2	3
n/a	OG0002590	1	2	2	2	2	6	2	2	2
n/a	OG0002591	4	2	2	2	2	2	2	2	3
n/a	OG0002592	3	3	2	3	1	1	2	2	1
n/a	OG0002593	5	2	3	2	2	2	2	2	4
n/a	OG0002594	2	2	2	2	2	2	2	2	6
n/a	OG0002595	2	2	3	2	1	2	3	2	2
n/a	OG0002596	7	2	1	2	1	2	2	2	2
n/a	OG0002597	3	2	2	2	2	2	2	2	4
n/a	OG0002598	4	2	2	0	2	3	2	2	5
n/a	OG0002599	3	2	2	3	1	2	3	2	2
n/a	OG0002600	1	2	3	3	3	3	1	2	3
n/a	OG0002601	3	3	0	3	2	0	3	2	1
n/a	OG0002602	1	2	3	2	2	2	2	2	5
n/a	OG0002603	3	2	2	2	3	2	2	2	3
n/a	OG0002604	3	2	2	2	1	2	2	2	5
n/a	OG0002605	2	2	1	1	4	3	2	3	2
n/a	OG0002606	4	2	2	2	2	2	2	2	3
n/a	OG0002607	2	2	2	2	2	3	2	2	5
n/a	OG0002608	5	2	2	2	2	2	2	2	2
n/a	OG0002609	8	2	1	2	1	2	2	2	2
n/a	OG0002610	3	3	2	2	1	2	2	2	2
n/a	OG0002611	1	3	2	2	4	2	2	1	2
n/a	OG0002612	2	2	2	2	2	2	2	2	3
n/a	OG0002613	3	2	3	8	3	1	1	1	1
n/a	OG0002614	2	3	1	2	1	3	2	2	2
n/a	OG0002615	2	2	2	3	0	3	2	2	3
n/a	OG0002616	2	2	2	2	2	2	2	2	5
n/a	OG0002617	5	2	4	2	2	1	2	2	2
n/a	OG0002618	4	2	2	2	2	2	2	2	3
n/a	OG0002619	4	2	2	2	2	2	2	2	3
n/a	OG0002620	2	2	2	2	5	3	1	2	3
n/a	OG0002621	3	2	3	2	2	2	2	2	3
n/a	OG0002622	2	2	1	1	2	1	2	2	8
n/a	OG0002623	3	2	2	2	2	2	2	2	4
n/a	OG0002624	1	2	2	3	1	3	3	2	2
n/a	OG0002625	5	2	2	3	3	2	2	2	2
n/a	OG0002626	1	2	4	0	2	3	2	2	4
n/a	OG0002627	1	2	2	2	1	2	2	2	7
n/a	OG0002628	1	3	3	0	3	2	3	2	1
n/a	OG0002629	1	3	2	3	2	2	2	2	3
n/a	OG0002630	1	2	2	2	3	2	2	2	6
n/a	OG0002631	1	5	1	4	1	0	2	2	0
n/a	OG0002632	2	2	3	2	1	2	2	2	6
n/a	OG0002633	6	2	2	2	2	2	2	2	2
n/a	OG0002634	2	2	1	4	1	1	3	3	2
n/a	OG0002635	2	3	1	3	0	0	4	2	0
n/a	OG0002636	3	2	2	5	2	2	2	2	2
n/a	OG0002637	5	0	5	2	3	3	3	2	2
n/a	OG0002638	3	2	2	2	3	2	2	2	4
n/a	OG0002639	2	2	3	2	2	3	2	2	4
n/a	OG0002640	3	3	2	2	2	2	1	2	3
n/a	OG0002641	3	2	3	2	5	3	1	2	1
n/a	OG0002642	3	3	2	1	2	4	2	0	3
n/a	OG0002643	1	2	3	2	3	3	2	2	3
n/a	OG0002644	3	2	2	2	1	2	2	2	5
n/a	OG0002645	3	2	2	2	2	3	2	2	3
n/a	OG0002646	3	2	2	2	2	2	2	2	4
n/a	OG0002647	2	2	2	2	2	1	3	3	2
n/a	OG0002648	1	1	3	4	3	2	3	2	3
n/a	OG0002649	1	5	2	1	2	2	1	2	1
n/a	OG0002650	2	2	2	2	4	2	2	2	3
n/a	OG0002651	1	2	2	2	2	3	2	2	5
n/a	OG0002652	2	2	2	2	2	2	2	2	5
n/a	OG0002653	1	2	1	3	1	1	4	3	1
n/a	OG0002654	2	2	2	2	4	2	2	2	3
n/a	OG0002655	2	2	2	0	2	3	2	2	5
n/a	OG0002656	2	2	2	2	1	3	1	2	8
n/a	OG0002657	2	4	1	2	1	1	2	2	1
n/a	OG0002658	2	2	2	2	3	2	2	2	4
n/a	OG0002659	2	4	3	2	1	1	1	2	1
n/a	OG0002660	2	2	2	0	2	3	3	1	5
n/a	OG0002661	2	2	3	2	2	3	2	2	3
n/a	OG0002662	2	2	2	2	2	1	2	2	6
n/a	OG0002663	1	2	3	2	1	3	2	3	4
n/a	OG0002664	1	2	3	3	2	2	2	2	3
n/a	OG0002665	1	2	2	3	2	2	3	2	2
n/a	OG0002666	4	2	2	2	2	2	2	2	3
n/a	OG0002667	1	2	2	3	1	1	3	2	2
n/a	OG0002668	1	2	2	1	2	2	3	2	3
n/a	OG0002669	1	1	2	3	2	1	3	4	1
n/a	OG0002670	2	2	2	3	3	2	2	2	1
n/a	OG0002671	12	1	1	1	0	3	0	1	7
n/a	OG0002672	1	2	2	2	2	3	2	2	4
n/a	OG0002673	1	2	4	2	2	3	2	2	4
n/a	OG0002674	1	2	1	2	0	1	2	1	12
n/a	OG0002675	1	2	2	2	5	3	2	2	2
n/a	OG0002676	1	1	3	1	3	4	3	2	4
n/a	OG0002677	4	2	2	2	3	2	2	2	2
n/a	OG0002678	1	3	3	2	1	2	2	2	3
n/a	OG0002679	1	2	1	2	1	1	4	4	1
n/a	OG0002680	1	2	3	3	1	2	2	3	2
n/a	OG0002681	1	2	2	3	1	2	3	2	3
n/a	OG0002682	1	2	3	3	3	3	2	2	1
n/a	OG0002683	1	2	1	3	1	2	3	3	2
n/a	OG0002684	2	2	2	2	1	3	2	2	5
n/a	OG0002685	1	2	2	2	3	2	3	2	2
n/a	OG0002686	2	3	2	2	1	2	2	2	3
n/a	OG0002687	1	2	2	5	3	2	2	2	3
n/a	OG0002688	2	3	2	2	2	2	2	2	2
n/a	OG0002689	1	2	2	2	3	2	2	2	5
n/a	OG0002690	2	2	2	3	2	2	3	2	2
n/a	OG0002691	1	2	2	3	2	3	2	2	3
n/a	OG0002692	1	3	2	1	2	2	2	2	4
n/a	OG0002693	1	1	5	0	0	1	1	2	14
n/a	OG0002694	0	2	2	1	5	4	3	2	0
n/a	OG0002695	0	2	2	2	2	4	2	2	2
n/a	OG0002696	0	6	2	1	0	2	2	2	0
n/a	OG0002697	0	5	2	1	1	2	2	2	0
n/a	OG0002698	0	3	4	2	2	1	3	2	0
n/a	OG0002699	0	4	2	1	2	1	2	1	3
n/a	OG0002700	0	4	3	2	1	2	2	2	1
n/a	OG0002701	0	1	4	3	2	1	4	4	0
n/a	OG0002702	0	6	0	8	2	0	0	1	0
n/a	OG0002703	0	3	2	3	2	7	2	1	1
n/a	OG0002704	0	7	1	2	0	0	2	0	0
n/a	OG0002705	0	4	1	3	0	0	4	2	0
n/a	OG0002706	0	4	2	3	0	1	3	1	2
n/a	OG0002707	0	2	4	2	3	5	1	3	0
n/a	OG0002708	0	1	2	5	1	1	4	2	3
n/a	OG0002709	0	3	1	4	1	0	3	4	1
n/a	OG0002710	0	2	2	1	0	1	4	4	1
n/a	OG0002711	0	2	0	2	12	2	1	2	1
n/a	OG0002712	0	2	1	2	3	3	3	2	3
n/a	OG0002713	0	4	1	2	2	2	2	2	1
n/a	OG0002714	0	2	0	1	0	0	6	2	0
n/a	OG0002715	0	1	3	3	3	1	3	4	1
n/a	OG0002716	0	1	3	4	0	0	4	4	0
n/a	OG0002717	0	1	3	2	3	5	3	2	3
n/a	OG0002718	0	3	2	2	5	2	2	2	1
n/a	OG0002719	0	3	2	2	1	1	3	2	2
n/a	OG0002720	0	3	2	3	2	2	2	2	2
n/a	OG0002721	0	2	2	2	2	2	3	2	3
n/a	OG0002722	0	1	5	3	6	1	3	2	1
n/a	OG0002723	0	1	0	2	0	2	5	4	0
n/a	OG0002724	0	2	2	2	2	3	4	2	1
n/a	OG0002725	0	1	4	2	5	5	2	2	2
n/a	OG0002726	0	2	1	5	2	0	3	4	0
n/a	OG0002727	0	2	2	2	3	2	3	4	1
n/a	OG0002728	0	2	4	2	1	1	4	2	1
n/a	OG0002729	0	2	3	2	1	2	3	4	2
n/a	OG0002730	0	1	1	4	2	1	4	1	4
n/a	OG0002731	0	0	1	3	0	0	5	5	0
n/a	OG0002732	0	2	7	0	1	2	3	2	0
n/a	OG0002733	0	4	2	2	5	1	2	2	0
n/a	OG0002734	0	6	1	1	1	3	1	0	3
n/a	OG0002735	0	2	2	7	2	2	2	2	3
n/a	OG0002736	0	1	1	2	3	3	3	4	1
n/a	OG0002737	0	0	0	30	0	0	0	0	0
n/a	OG0002738	0	0	15	6	1	4	1	0	0
n/a	OG0002739	0	0	0	7	0	0	5	4	0
n/a	OG0002740	0	0	0	1	18	1	1	0	7
n/a	OG0002741	0	0	0	0	0	12	6	0	2
n/a	OG0002742	6	2	0	2	0	1	3	2	2
n/a	OG0002743	1	2	2	6	1	1	2	2	2
n/a	OG0002744	2	2	2	2	2	2	2	2	4
n/a	OG0002745	0	1	2	1	0	10	0	0	13
n/a	OG0002746	2	2	2	2	1	2	2	2	6
n/a	OG0002747	3	2	2	2	2	2	2	2	3
n/a	OG0002748	1	2	2	2	2	3	2	2	3
n/a	OG0002749	4	2	2	2	2	2	2	2	2
n/a	OG0002750	3	2	2	4	2	2	2	2	2
n/a	OG0002751	2	2	2	2	4	2	2	2	3
n/a	OG0002752	2	2	2	2	3	3	2	2	2
n/a	OG0002753	1	2	2	3	1	0	4	3	0
n/a	OG0002754	2	3	2	2	1	2	2	2	2
n/a	OG0002755	1	3	2	2	2	3	2	2	3
n/a	OG0002756	1	3	2	2	1	2	2	2	2
n/a	OG0002757	1	2	0	2	3	0	3	3	1
n/a	OG0002758	1	2	3	4	2	1	2	2	2
n/a	OG0002759	1	3	2	2	2	3	2	0	4
n/a	OG0002760	2	1	2	2	2	2	2	2	8
n/a	OG0002761	3	2	2	2	2	2	2	2	3
n/a	OG0002762	1	2	2	3	1	2	2	2	6
n/a	OG0002763	3	2	3	2	0	3	2	2	3
n/a	OG0002764	2	2	2	2	3	2	2	2	3
n/a	OG0002765	1	3	2	2	2	1	2	2	2
n/a	OG0002766	2	2	2	2	2	2	2	2	4
n/a	OG0002767	5	2	2	2	1	2	2	2	2
n/a	OG0002768	2	2	2	2	2	2	2	2	4
n/a	OG0002769	1	0	3	5	2	2	3	3	3
n/a	OG0002770	3	2	2	2	3	3	2	2	2
n/a	OG0002771	3	2	2	2	5	2	2	1	2
n/a	OG0002772	1	2	2	2	1	1	3	2	2
n/a	OG0002773	2	3	2	2	2	2	2	2	2
n/a	OG0002774	4	2	2	2	1	2	2	2	3
n/a	OG0002775	4	2	2	2	1	3	2	2	2
n/a	OG0002776	4	2	2	2	1	2	2	2	5
n/a	OG0002777	3	2	2	2	2	2	2	2	4
n/a	OG0002778	4	4	2	2	2	2	1	0	1
n/a	OG0002779	1	2	2	2	7	1	1	2	3
n/a	OG0002780	2	2	3	2	3	3	2	1	3
n/a	OG0002781	2	3	2	2	3	2	2	2	2
n/a	OG0002782	2	2	2	2	2	2	1	2	6
n/a	OG0002783	3	2	2	2	2	2	2	2	3
n/a	OG0002784	1	2	2	1	2	2	2	2	7
n/a	OG0002785	6	2	1	2	2	2	2	2	2
n/a	OG0002786	2	3	3	2	1	2	2	2	2
n/a	OG0002787	2	1	1	3	0	1	3	4	1
n/a	OG0002788	1	2	2	2	2	2	2	2	5
n/a	OG0002789	3	2	4	2	2	1	2	2	2
n/a	OG0002790	4	2	2	2	2	2	2	2	4
n/a	OG0002791	2	2	2	2	2	2	2	2	4
n/a	OG0002792	2	2	2	2	2	2	2	2	4
n/a	OG0002793	5	1	2	2	2	3	2	2	3
n/a	OG0002794	4	2	1	2	1	2	2	2	2
n/a	OG0002796	3	2	2	2	1	2	2	2	5
n/a	OG0002797	2	2	2	0	2	4	2	2	4
n/a	OG0002798	2	0	2	2	2	3	3	2	6
n/a	OG0002799	1	2	2	2	3	3	2	2	3
n/a	OG0002800	1	2	2	2	1	3	2	2	5
n/a	OG0002801	4	2	2	2	2	3	2	2	3
n/a	OG0002802	3	3	1	2	1	2	2	3	1
n/a	OG0002803	1	2	2	3	2	2	2	2	4
n/a	OG0002804	3	2	2	2	1	3	2	2	3
n/a	OG0002805	4	2	2	2	2	3	1	1	5
n/a	OG0002806	2	2	2	2	1	2	2	2	5
n/a	OG0002807	2	2	3	2	1	2	2	2	4
n/a	OG0002808	2	2	2	2	1	2	2	2	5
n/a	OG0002809	2	2	2	2	3	3	2	2	2
n/a	OG0002810	3	2	2	2	2	2	2	2	3
n/a	OG0002811	1	2	2	2	4	2	2	2	3
n/a	OG0002812	1	3	3	2	2	3	1	2	3
n/a	OG0002813	6	2	2	0	1	5	2	1	3
n/a	OG0002814	3	2	1	2	6	2	2	2	1
n/a	OG0002815	2	1	2	3	1	2	3	2	3
n/a	OG0002816	2	2	2	2	1	3	2	2	4
n/a	OG0002817	1	2	2	2	3	2	2	2	3
n/a	OG0002818	3	2	2	2	1	2	2	2	4
n/a	OG0002819	3	2	2	2	2	2	2	2	3
n/a	OG0002820	3	2	2	2	2	2	2	2	3
n/a	OG0002821	2	2	2	2	2	3	2	2	2
n/a	OG0002822	3	1	2	4	3	1	3	2	2
n/a	OG0002823	2	2	2	2	3	2	2	2	3
n/a	OG0002824	2	2	2	2	2	2	2	2	3
n/a	OG0002825	3	2	2	2	3	2	2	2	1
n/a	OG0002826	1	1	1	6	1	1	1	2	10
n/a	OG0002827	3	2	2	2	2	2	2	2	3
n/a	OG0002828	6	1	1	1	3	3	3	2	1
n/a	OG0002829	4	2	3	1	1	3	2	2	3
n/a	OG0002830	2	2	2	2	2	2	2	2	4
n/a	OG0002831	3	2	3	0	1	2	2	2	2
n/a	OG0002832	1	2	2	2	2	3	2	2	4
n/a	OG0002833	2	2	2	1	2	3	2	2	4
n/a	OG0002834	1	3	2	2	2	2	2	2	2
n/a	OG0002835	2	3	2	2	2	2	2	2	3
n/a	OG0002836	2	2	2	2	1	2	2	2	5
n/a	OG0002837	3	2	2	2	2	3	2	2	2
n/a	OG0002838	4	2	2	2	1	2	2	2	3
n/a	OG0002839	2	2	3	2	1	3	2	2	4
n/a	OG0002840	2	3	1	2	1	2	2	2	3
n/a	OG0002841	1	2	2	2	2	2	2	1	7
n/a	OG0002842	4	2	2	2	2	2	2	2	3
n/a	OG0002843	2	3	2	2	2	2	2	2	2
n/a	OG0002844	1	2	1	1	1	1	2	2	8
n/a	OG0002845	1	2	2	4	3	2	2	2	2
n/a	OG0002846	3	2	2	2	2	2	2	2	3
n/a	OG0002847	2	2	2	2	2	3	2	2	5
n/a	OG0002848	2	2	3	2	2	3	1	2	3
n/a	OG0002849	3	2	3	2	2	2	2	2	3
n/a	OG0002850	1	1	1	1	5	13	1	1	1
n/a	OG0002851	2	2	1	2	2	3	3	2	2
n/a	OG0002852	1	2	2	2	3	3	2	2	3
n/a	OG0002853	2	2	2	2	2	2	2	2	4
n/a	OG0002854	3	2	2	3	2	2	2	2	2
n/a	OG0002855	2	3	3	2	2	1	2	2	1
n/a	OG0002856	2	2	2	2	2	2	2	2	4
n/a	OG0002857	2	2	2	2	1	1	2	2	5
n/a	OG0002858	1	2	2	2	2	3	2	2	5
n/a	OG0002859	2	2	2	2	1	2	1	2	8
n/a	OG0002860	2	2	6	1	1	3	2	2	2
n/a	OG0002861	2	2	2	2	3	2	2	2	3
n/a	OG0002862	2	2	2	3	1	3	2	2	3
n/a	OG0002863	2	2	2	3	1	1	3	3	2
n/a	OG0002864	2	2	2	2	3	2	2	2	3
n/a	OG0002865	2	3	2	2	2	1	2	2	2
n/a	OG0002866	2	1	3	2	3	3	2	2	4
n/a	OG0002867	2	2	2	2	2	2	2	2	3
n/a	OG0002868	1	2	2	2	5	2	2	2	3
n/a	OG0002869	2	2	2	2	3	3	1	2	3
n/a	OG0002870	3	2	2	2	3	2	2	2	3
n/a	OG0002871	2	2	2	4	2	2	2	1	3
n/a	OG0002872	1	2	2	2	3	3	2	2	3
n/a	OG0002873	1	2	2	2	2	2	2	2	5
n/a	OG0002874	2	2	2	2	2	2	2	2	4
n/a	OG0002875	1	4	2	2	1	1	3	2	1
n/a	OG0002876	3	2	2	2	2	2	2	2	2
n/a	OG0002877	8	1	1	2	0	1	3	2	0
n/a	OG0002878	1	1	2	3	2	2	4	2	1
n/a	OG0002879	1	2	2	0	1	2	3	4	1
n/a	OG0002880	1	2	2	2	2	2	3	2	3
n/a	OG0002881	1	2	2	2	4	2	2	2	3
n/a	OG0002882	2	2	2	2	1	2	2	2	4
n/a	OG0002883	6	2	1	1	1	1	3	2	1
n/a	OG0002884	1	2	3	3	1	2	2	3	2
n/a	OG0002885	1	2	2	2	2	4	2	2	2
n/a	OG0002886	2	2	2	9	1	2	2	2	1
n/a	OG0002887	1	2	2	5	2	2	2	2	2
n/a	OG0002888	1	2	2	2	4	2	2	2	3
n/a	OG0002889	1	2	2	2	2	2	2	2	5
n/a	OG0002890	1	2	2	2	2	2	2	2	5
n/a	OG0002891	1	2	2	2	3	3	2	2	3
n/a	OG0002892	1	2	7	0	0	1	2	0	10
n/a	OG0002893	1	1	2	0	1	0	5	2	3
n/a	OG0002895	0	2	3	2	2	2	2	3	2
n/a	OG0002896	0	2	1	3	1	2	3	3	2
n/a	OG0002898	0	2	4	0	9	5	1	1	0
n/a	OG0002899	0	2	2	2	0	1	3	4	2
n/a	OG0002900	0	2	1	3	0	0	4	4	0
n/a	OG0002901	0	6	0	1	1	0	3	0	0
n/a	OG0002902	0	4	2	1	2	2	2	1	2
n/a	OG0002903	0	4	2	1	1	3	2	2	1
n/a	OG0002904	0	1	1	3	2	2	2	2	6
n/a	OG0002905	0	2	1	1	1	3	4	3	2
n/a	OG0002906	0	2	4	2	4	2	2	3	0
n/a	OG0002907	0	3	0	0	5	3	1	4	1
n/a	OG0002908	0	1	2	0	3	4	3	2	3
n/a	OG0002909	0	3	1	4	3	1	2	3	0
n/a	OG0002910	0	2	3	2	4	3	2	4	0
n/a	OG0002911	0	2	5	2	1	2	3	3	0
n/a	OG0002912	0	3	2	1	2	2	2	2	2
n/a	OG0002913	0	3	1	3	0	3	2	4	1
n/a	OG0002914	0	1	4	5	1	5	2	2	1
n/a	OG0002915	0	2	5	1	2	3	3	2	1
n/a	OG0002916	0	3	2	3	2	4	2	2	2
n/a	OG0002917	0	4	4	0	10	0	1	0	0
n/a	OG0002918	0	6	1	2	0	0	3	1	0
n/a	OG0002919	0	2	2	3	3	2	2	2	4
n/a	OG0002920	0	2	3	2	2	3	2	3	2
n/a	OG0002921	0	5	6	2	0	0	1	0	3
n/a	OG0002922	0	1	1	1	1	0	5	4	0
n/a	OG0002923	0	3	3	2	3	2	2	2	2
n/a	OG0002924	0	4	3	2	3	1	2	2	2
n/a	OG0002925	0	1	1	1	1	7	2	3	4
n/a	OG0002926	0	2	3	3	4	0	3	2	0
n/a	OG0002927	0	1	1	2	3	1	3	4	2
n/a	OG0002928	0	7	2	1	1	0	1	1	0
n/a	OG0002929	0	1	1	2	1	1	2	2	12
n/a	OG0002930	0	2	2	2	1	3	2	2	7
n/a	OG0002931	0	3	1	2	1	3	2	2	1
n/a	OG0002932	0	0	5	13	1	1	0	4	0
n/a	OG0002933	0	0	4	3	2	3	3	2	6
n/a	OG0002934	2	2	2	2	2	2	2	2	4
n/a	OG0002935	1	3	2	2	2	2	2	2	1
n/a	OG0002936	1	2	2	2	2	2	2	2	4
n/a	OG0002937	0	2	2	2	2	2	2	2	5
n/a	OG0002938	3	2	2	2	2	2	2	2	4
n/a	OG0002939	3	2	2	2	2	3	2	2	1
n/a	OG0002940	2	2	2	2	2	2	2	2	3
n/a	OG0002941	2	3	3	1	2	2	2	2	1
n/a	OG0002942	3	3	2	2	1	2	2	1	2
n/a	OG0002943	1	2	2	2	1	2	2	3	3
n/a	OG0002944	0	2	2	2	2	2	2	2	6
n/a	OG0002945	5	2	2	2	1	2	2	2	2
n/a	OG0002946	1	1	0	0	0	0	2	6	6
n/a	OG0002947	3	3	2	2	2	1	2	1	2
n/a	OG0002948	2	1	4	2	2	5	3	2	1
n/a	OG0002949	2	2	2	3	2	3	2	2	2
n/a	OG0002950	0	2	6	3	4	0	2	2	2
n/a	OG0002951	1	2	2	2	3	4	2	2	4
n/a	OG0002952	3	2	6	2	2	2	2	1	2
n/a	OG0002953	2	2	2	2	3	2	2	2	2
n/a	OG0002954	2	2	2	2	2	2	2	2	4
n/a	OG0002955	3	1	1	3	1	1	3	3	2
n/a	OG0002956	2	2	2	2	2	2	2	2	4
n/a	OG0002957	1	2	3	2	2	2	2	2	2
n/a	OG0002958	3	2	2	2	2	2	2	2	3
n/a	OG0002959	1	2	2	2	2	2	1	2	9
n/a	OG0002960	2	2	2	2	1	2	2	2	2
n/a	OG0002961	2	2	2	2	1	2	2	2	4
n/a	OG0002962	2	2	1	2	0	3	1	3	4
n/a	OG0002963	4	1	1	0	2	4	2	2	4
n/a	OG0002964	1	2	2	2	0	2	2	2	6
n/a	OG0002965	4	2	2	2	2	3	1	2	2
n/a	OG0002966	2	2	3	2	3	2	2	2	1
n/a	OG0002967	3	2	2	2	1	2	2	2	3
n/a	OG0002968	1	2	3	1	2	2	2	2	3
n/a	OG0002969	2	2	3	2	2	2	2	2	3
n/a	OG0002970	3	0	2	3	2	2	3	2	5
n/a	OG0002971	4	2	2	2	2	2	2	2	2
n/a	OG0002972	2	2	2	2	2	2	2	2	3
n/a	OG0002973	2	2	3	2	0	4	2	2	2
n/a	OG0002974	3	2	2	2	2	2	2	2	3
n/a	OG0002975	1	3	2	2	1	2	2	2	3
n/a	OG0002976	2	2	2	2	0	3	2	2	4
n/a	OG0002977	2	2	2	2	1	2	2	2	4
n/a	OG0002978	1	1	2	3	1	2	3	2	2
n/a	OG0002979	3	2	2	2	1	2	2	2	3
n/a	OG0002980	2	2	2	2	1	2	2	2	4
n/a	OG0002981	2	2	2	2	2	2	2	2	3
n/a	OG0002982	3	2	2	2	1	2	2	2	3
n/a	OG0002983	2	2	2	2	2	2	2	2	3
n/a	OG0002984	2	2	1	2	2	2	2	2	3
n/a	OG0002985	2	2	2	2	2	2	2	2	3
n/a	OG0002986	2	2	2	2	4	2	2	2	1
n/a	OG0002987	1	2	2	2	3	2	2	2	4
n/a	OG0002988	3	2	2	2	3	2	2	2	2
n/a	OG0002989	4	2	2	0	1	2	2	2	4
n/a	OG0002990	2	2	2	1	3	2	2	2	4
n/a	OG0002992	1	2	2	2	2	2	2	2	3
n/a	OG0002993	3	2	2	2	2	2	2	2	2
n/a	OG0002994	2	1	2	2	7	2	2	2	2
n/a	OG0002995	1	2	3	2	3	2	2	2	3
n/a	OG0002996	2	2	3	2	1	2	2	2	4
n/a	OG0002997	6	2	2	1	2	2	2	2	1
n/a	OG0002998	4	2	2	2	2	2	2	1	4
n/a	OG0002999	2	4	1	0	1	2	2	2	2
n/a	OG0003000	3	3	1	2	1	1	2	2	3
n/a	OG0003001	1	2	2	2	2	3	2	2	3
n/a	OG0003002	3	2	2	2	2	2	2	2	4
n/a	OG0003003	2	3	2	2	2	2	1	2	4
n/a	OG0003004	2	2	2	2	2	2	2	2	3
n/a	OG0003005	3	2	2	2	1	2	2	2	3
n/a	OG0003006	2	2	2	2	2	2	2	2	3
n/a	OG0003007	1	2	2	2	0	2	2	2	7
n/a	OG0003008	8	0	2	2	1	2	2	2	4
n/a	OG0003009	4	1	2	2	2	2	2	2	4
n/a	OG0003010	4	2	2	2	1	2	2	2	3
n/a	OG0003011	2	2	2	2	2	2	2	2	4
n/a	OG0003012	3	2	2	2	2	2	2	2	2
n/a	OG0003013	3	2	3	2	2	2	2	2	2
n/a	OG0003014	3	2	2	2	2	2	2	2	3
n/a	OG0003015	2	2	2	2	1	2	2	2	2
n/a	OG0003016	1	2	2	2	3	3	2	2	3
n/a	OG0003017	2	2	2	2	2	2	2	2	3
n/a	OG0003018	2	2	2	2	2	2	2	2	4
n/a	OG0003019	3	2	2	2	2	2	2	2	2
n/a	OG0003020	4	2	2	2	3	2	2	0	3
n/a	OG0003021	3	2	2	2	2	2	2	2	2
n/a	OG0003022	3	2	2	2	3	2	2	2	2
n/a	OG0003023	2	2	2	2	2	3	1	2	4
n/a	OG0003024	2	2	2	2	4	3	1	2	3
n/a	OG0003025	3	2	2	2	3	2	2	2	2
n/a	OG0003026	2	2	2	2	2	2	2	2	3
n/a	OG0003027	1	1	2	2	2	3	2	2	7
n/a	OG0003028	1	2	2	2	2	2	2	2	4
n/a	OG0003029	1	2	2	2	3	2	2	1	3
n/a	OG0003030	1	2	2	2	2	2	2	2	4
n/a	OG0003031	3	2	2	0	3	3	2	2	3
n/a	OG0003032	2	2	2	1	2	3	2	2	3
n/a	OG0003033	2	2	2	2	1	2	2	2	4
n/a	OG0003034	2	1	1	2	2	3	2	1	8
n/a	OG0003035	2	2	2	2	2	2	2	2	3
n/a	OG0003036	4	2	2	2	1	2	2	2	4
n/a	OG0003037	1	4	2	2	1	2	1	2	3
n/a	OG0003038	3	2	2	2	2	2	2	2	3
n/a	OG0003039	2	2	4	3	1	2	2	2	3
n/a	OG0003040	3	2	2	2	1	2	2	2	3
n/a	OG0003041	2	3	1	2	1	1	3	2	1
n/a	OG0003042	1	2	2	4	1	2	2	2	3
n/a	OG0003043	1	3	4	2	1	1	2	2	2
n/a	OG0003044	1	2	3	3	3	2	2	2	2
n/a	OG0003045	2	2	2	2	3	2	2	2	2
n/a	OG0003046	2	0	3	3	1	3	3	2	3
n/a	OG0003047	3	2	2	0	2	4	1	2	6
n/a	OG0003048	3	2	3	2	2	4	1	2	2
n/a	OG0003049	2	3	2	2	2	2	2	1	3
n/a	OG0003050	5	2	4	2	0	1	2	1	2
n/a	OG0003051	4	2	3	0	3	1	2	2	3
n/a	OG0003052	2	2	2	2	2	2	2	2	4
n/a	OG0003053	2	2	1	2	2	2	2	2	4
n/a	OG0003054	2	2	3	2	2	2	2	2	2
n/a	OG0003055	2	2	2	2	2	2	2	2	3
n/a	OG0003056	1	2	2	2	2	2	2	2	4
n/a	OG0003057	3	1	5	3	1	1	3	2	1
n/a	OG0003058	3	2	2	2	2	2	2	2	2
n/a	OG0003059	3	2	2	2	2	2	1	2	4
n/a	OG0003060	3	2	2	2	1	2	2	2	4
n/a	OG0003061	2	2	2	2	2	2	1	2	6
n/a	OG0003062	2	2	3	2	2	2	2	2	3
n/a	OG0003063	2	2	1	2	2	2	2	2	4
n/a	OG0003064	3	3	1	1	1	2	2	2	2
n/a	OG0003065	1	2	1	2	3	2	2	2	4
n/a	OG0003066	3	2	2	2	2	2	2	2	3
n/a	OG0003067	3	2	2	2	2	2	2	2	3
n/a	OG0003068	3	2	2	2	2	2	2	2	2
n/a	OG0003069	2	2	2	2	2	2	2	2	3
n/a	OG0003070	2	2	2	3	1	2	2	2	2
n/a	OG0003071	1	2	2	2	2	2	2	2	4
n/a	OG0003072	2	3	3	0	2	2	2	2	3
n/a	OG0003073	3	2	2	2	3	3	2	2	2
n/a	OG0003074	2	1	2	2	3	7	1	1	4
n/a	OG0003075	6	2	2	2	1	2	2	1	3
n/a	OG0003076	2	2	2	2	1	2	2	2	5
n/a	OG0003077	3	2	2	2	1	3	2	2	2
n/a	OG0003078	3	3	1	2	1	3	2	2	1
n/a	OG0003079	2	2	2	2	2	2	2	2	3
n/a	OG0003080	2	0	4	2	2	6	2	1	4
n/a	OG0003081	4	2	2	2	2	2	2	1	3
n/a	OG0003082	2	2	2	2	3	2	2	2	3
n/a	OG0003083	3	2	2	2	2	2	2	2	4
n/a	OG0003084	2	2	2	2	2	2	2	2	3
n/a	OG0003085	2	2	2	0	7	2	2	1	3
n/a	OG0003086	2	2	2	2	2	2	2	2	3
n/a	OG0003087	2	2	2	2	2	2	2	2	3
n/a	OG0003088	1	1	1	2	1	2	4	2	3
n/a	OG0003089	4	2	2	0	4	2	2	2	2
n/a	OG0003090	1	2	1	2	1	2	2	4	2
n/a	OG0003091	2	2	2	2	3	2	2	2	3
n/a	OG0003092	1	2	2	2	4	2	2	2	2
n/a	OG0003093	2	2	2	0	2	3	2	2	4
n/a	OG0003094	1	2	2	2	2	2	2	2	4
n/a	OG0003095	2	2	2	2	1	2	2	2	4
n/a	OG0003096	1	1	1	4	1	1	1	2	11
n/a	OG0003097	1	2	2	2	3	3	2	2	1
n/a	OG0003098	1	3	3	1	2	3	2	2	3
n/a	OG0003099	2	2	2	2	2	2	2	2	3
n/a	OG0003100	1	2	2	2	4	2	2	2	3
n/a	OG0003101	1	2	2	2	1	3	2	2	4
n/a	OG0003102	2	2	3	2	2	2	2	2	3
n/a	OG0003103	2	2	3	2	1	2	2	2	4
n/a	OG0003104	1	3	1	2	1	1	3	2	2
n/a	OG0003105	1	2	3	2	2	2	2	2	3
n/a	OG0003106	1	3	4	2	0	1	2	2	1
n/a	OG0003107	1	3	2	2	1	6	1	1	2
n/a	OG0003108	1	2	2	2	2	2	2	2	4
n/a	OG0003109	2	2	2	2	2	3	2	2	3
n/a	OG0003110	1	2	2	2	1	2	2	2	6
n/a	OG0003111	1	2	2	3	2	3	2	2	2
n/a	OG0003112	2	2	2	2	2	2	2	2	3
n/a	OG0003113	2	1	2	4	1	2	2	2	5
n/a	OG0003114	1	2	5	2	1	2	2	2	2
n/a	OG0003115	2	2	2	4	2	3	2	2	2
n/a	OG0003116	1	1	2	3	2	2	2	3	2
n/a	OG0003117	1	3	1	2	1	2	2	2	2
n/a	OG0003118	2	3	1	2	4	1	2	2	3
n/a	OG0003119	1	2	1	3	1	1	3	4	2
n/a	OG0003120	4	2	2	2	1	3	2	2	2
n/a	OG0003121	1	2	2	2	2	2	2	2	6
n/a	OG0003122	1	2	2	2	3	3	1	2	4
n/a	OG0003123	2	2	2	2	2	2	2	2	3
n/a	OG0003124	1	1	2	1	1	1	2	2	10
n/a	OG0003125	2	2	2	2	3	3	2	2	2
n/a	OG0003126	2	0	2	3	1	3	3	4	2
n/a	OG0003127	1	3	2	2	1	1	2	2	4
n/a	OG0003128	1	2	2	3	2	2	2	2	4
n/a	OG0003129	1	1	1	2	4	2	2	2	3
n/a	OG0003130	2	2	2	2	1	2	2	2	4
n/a	OG0003131	2	2	2	2	1	2	2	2	4
n/a	OG0003132	2	2	2	2	2	2	2	2	3
n/a	OG0003133	2	2	2	2	2	2	2	2	3
n/a	OG0003134	3	2	2	2	2	1	2	2	1
n/a	OG0003135	2	2	3	2	2	2	2	2	3
n/a	OG0003136	1	2	2	2	2	2	2	2	4
n/a	OG0003137	1	2	2	2	2	2	2	2	4
n/a	OG0003138	2	1	1	2	0	3	4	3	1
n/a	OG0003139	1	2	2	2	1	4	2	2	3
n/a	OG0003140	1	3	2	2	3	2	2	2	3
n/a	OG0003141	1	2	2	3	2	2	2	2	3
n/a	OG0003142	1	2	2	2	2	3	2	2	2
n/a	OG0003143	1	2	2	2	5	2	2	2	2
n/a	OG0003144	1	2	3	3	2	2	2	2	2
n/a	OG0003145	1	2	2	2	2	2	2	2	4
n/a	OG0003146	2	2	2	2	1	2	2	2	4
n/a	OG0003147	1	2	2	2	2	2	2	2	3
n/a	OG0003148	1	2	3	1	2	3	2	2	3
n/a	OG0003149	1	1	2	2	2	2	3	2	2
n/a	OG0003150	1	6	0	2	1	2	1	1	1
n/a	OG0003151	1	3	2	2	2	2	2	1	3
n/a	OG0003152	1	2	2	3	2	2	2	2	3
n/a	OG0003153	1	2	3	2	1	2	2	2	6
n/a	OG0003154	1	2	2	2	1	3	2	2	3
n/a	OG0003155	2	2	2	2	1	3	2	2	3
n/a	OG0003156	1	2	2	2	2	2	2	2	4
n/a	OG0003157	1	3	2	3	2	2	2	2	2
n/a	OG0003158	1	2	2	2	2	2	2	2	4
n/a	OG0003159	1	2	2	2	3	2	2	2	3
n/a	OG0003160	0	3	2	2	3	2	2	2	2
n/a	OG0003161	0	4	2	2	2	1	2	1	2
n/a	OG0003162	0	3	2	2	1	2	2	2	1
n/a	OG0003163	0	2	2	1	2	2	2	3	3
n/a	OG0003164	0	2	4	2	2	2	2	2	3
n/a	OG0003165	0	3	4	1	1	3	2	2	2
n/a	OG0003166	0	2	1	2	2	1	3	4	1
n/a	OG0003167	0	0	0	0	0	0	1	13	0
n/a	OG0003168	0	4	1	1	1	1	3	2	2
n/a	OG0003169	0	2	2	1	3	2	2	1	7
n/a	OG0003170	0	2	2	2	1	2	2	2	4
n/a	OG0003171	0	2	2	2	3	3	2	2	3
n/a	OG0003172	0	5	1	3	0	0	2	2	0
n/a	OG0003173	0	4	1	1	9	2	1	0	0
n/a	OG0003174	0	2	3	3	1	3	2	2	2
n/a	OG0003175	0	2	0	2	1	0	5	3	0
n/a	OG0003176	0	3	3	1	1	0	3	4	0
n/a	OG0003177	0	1	0	0	0	0	4	4	3
n/a	OG0003178	0	0	5	5	2	1	4	2	1
n/a	OG0003179	0	2	2	2	2	2	2	2	4
n/a	OG0003180	0	3	1	2	1	1	4	2	1
n/a	OG0003181	0	4	3	1	2	3	2	1	2
n/a	OG0003182	0	2	2	3	2	2	2	2	4
n/a	OG0003183	0	5	0	5	0	1	2	2	0
n/a	OG0003184	0	3	1	1	1	0	3	2	4
n/a	OG0003185	0	1	2	3	1	1	4	4	1
n/a	OG0003186	0	2	3	2	8	1	2	2	0
n/a	OG0003187	0	2	2	1	2	1	4	2	1
n/a	OG0003188	0	1	1	6	0	5	2	3	1
n/a	OG0003189	0	3	2	1	1	1	2	4	0
n/a	OG0003190	0	1	1	1	0	1	1	1	18
n/a	OG0003191	0	3	2	3	1	1	3	1	1
n/a	OG0003192	0	3	0	4	2	1	2	2	1
n/a	OG0003193	0	4	2	2	1	2	1	2	2
n/a	OG0003194	0	2	2	2	2	3	2	2	4
n/a	OG0003195	0	2	7	4	2	3	1	2	1
n/a	OG0003196	0	2	2	2	1	1	3	3	2
n/a	OG0003197	0	5	3	0	2	1	1	2	1
n/a	OG0003198	0	2	3	2	1	2	2	3	3
n/a	OG0003199	0	1	4	1	3	3	2	4	0
n/a	OG0003200	0	0	1	5	0	1	3	6	1
n/a	OG0003201	0	0	2	1	18	0	1	3	0
n/a	OG0003202	0	0	1	8	0	1	3	6	0
n/a	OG0003203	0	0	4	0	0	1	8	0	0
n/a	OG0003204	0	0	2	2	3	0	5	4	0
n/a	OG0003205	0	0	0	12	0	0	3	4	0
n/a	OG0003208	0	0	0	0	3	0	5	6	1
n/a	OG0003209	0	0	0	0	1	0	4	8	0
n/a	OG0003212	2	1	1	1	1	1	1	1	14
n/a	OG0003213	1	2	2	2	2	2	2	2	2
n/a	OG0003214	3	2	1	2	1	2	2	2	3
n/a	OG0003215	1	2	2	2	1	4	2	2	4
n/a	OG0003216	1	2	2	1	3	4	1	2	4
n/a	OG0003217	1	2	2	2	2	2	1	3	3
n/a	OG0003218	2	1	2	2	2	2	2	2	4
n/a	OG0003219	1	2	2	2	2	2	2	2	3
n/a	OG0003220	1	2	2	2	3	2	1	2	5
n/a	OG0003221	1	2	2	2	2	2	2	2	3
n/a	OG0003222	2	2	2	2	2	2	2	2	2
n/a	OG0003223	4	2	1	1	2	1	2	2	1
n/a	OG0003224	2	2	2	2	1	2	2	2	3
n/a	OG0003225	3	2	2	2	2	2	2	2	2
n/a	OG0003226	5	2	1	3	3	1	2	2	1
n/a	OG0003227	1	2	2	3	2	2	2	2	2
n/a	OG0003228	2	2	2	2	2	2	2	2	2
n/a	OG0003229	2	2	2	2	2	4	2	1	2
n/a	OG0003230	2	0	3	2	0	3	3	3	3
n/a	OG0003231	0	2	3	2	2	1	2	2	4
n/a	OG0003232	1	2	2	2	1	2	2	2	4
n/a	OG0003233	2	2	2	2	2	2	2	2	4
n/a	OG0003234	3	2	2	2	1	2	2	2	2
n/a	OG0003235	1	1	2	4	3	2	2	2	2
n/a	OG0003236	3	2	2	2	2	2	1	2	3
n/a	OG0003237	2	2	2	2	1	2	2	2	4
n/a	OG0003238	2	2	1	2	1	2	2	2	4
n/a	OG0003239	2	2	1	2	1	2	2	3	1
n/a	OG0003240	3	2	2	5	1	1	2	2	2
n/a	OG0003241	2	2	2	2	2	2	2	2	3
n/a	OG0003242	3	2	2	3	2	2	1	2	2
n/a	OG0003243	2	2	2	2	1	2	2	2	3
n/a	OG0003244	1	2	2	2	2	2	1	2	6
n/a	OG0003245	1	2	2	3	3	3	2	2	0
n/a	OG0003246	4	2	2	1	3	2	1	2	3
n/a	OG0003247	4	1	2	2	2	3	2	2	2
n/a	OG0003248	1	2	2	2	2	4	1	2	3
n/a	OG0003249	3	2	2	0	2	3	2	2	3
n/a	OG0003250	2	2	2	2	2	2	2	2	3
n/a	OG0003251	7	1	2	1	2	3	1	2	3
n/a	OG0003252	3	2	2	2	2	3	1	2	3
n/a	OG0003253	3	2	2	2	2	2	2	2	2
n/a	OG0003254	4	2	1	2	1	1	2	2	1
n/a	OG0003255	5	2	1	1	3	4	1	1	3
n/a	OG0003257	2	2	2	2	2	2	2	2	2
n/a	OG0003258	2	2	4	2	1	1	2	2	2
n/a	OG0003259	2	1	2	3	2	2	2	2	3
n/a	OG0003261	1	2	2	2	2	2	2	2	3
n/a	OG0003262	4	2	1	2	1	1	2	2	3
n/a	OG0003263	1	2	2	2	3	2	2	2	2
n/a	OG0003265	3	1	2	2	2	2	2	2	3
n/a	OG0003266	2	2	2	2	2	2	2	2	2
n/a	OG0003267	2	2	2	2	2	2	2	2	3
n/a	OG0003268	2	2	2	2	2	2	1	2	4
n/a	OG0003269	3	2	2	2	0	2	2	2	3
n/a	OG0003270	3	2	2	2	2	2	2	2	2
n/a	OG0003271	3	1	2	2	2	2	2	2	3
n/a	OG0003272	4	2	1	1	4	3	1	2	2
n/a	OG0003273	5	2	2	2	2	2	2	0	3
n/a	OG0003274	1	2	1	2	2	2	3	3	1
n/a	OG0003275	4	2	2	2	2	2	2	2	2
n/a	OG0003276	1	2	3	2	2	2	2	2	3
n/a	OG0003277	2	2	2	2	2	2	2	2	2
n/a	OG0003278	3	2	2	2	2	1	2	2	2
n/a	OG0003279	1	2	3	2	2	2	2	2	3
n/a	OG0003280	1	1	3	0	0	2	3	3	2
n/a	OG0003281	1	2	2	2	1	3	2	2	3
n/a	OG0003282	3	2	1	2	2	2	2	2	2
n/a	OG0003283	2	2	2	1	2	3	2	2	1
n/a	OG0003284	3	2	2	2	2	2	2	2	2
n/a	OG0003286	2	2	2	2	2	2	2	2	2
n/a	OG0003287	3	4	1	3	3	2	0	2	0
n/a	OG0003288	2	2	2	2	2	2	2	2	3
n/a	OG0003289	1	2	2	2	2	2	2	2	3
n/a	OG0003290	2	0	2	2	2	5	3	2	1
n/a	OG0003291	1	2	2	2	2	4	1	2	2
n/a	OG0003292	1	2	2	2	2	2	2	2	2
n/a	OG0003293	2	2	3	2	2	2	2	2	2
n/a	OG0003294	2	2	2	2	2	2	2	2	3
n/a	OG0003295	1	2	2	2	2	2	2	2	3
n/a	OG0003296	10	1	4	2	4	2	1	0	0
n/a	OG0003297	1	2	2	2	2	3	2	2	2
n/a	OG0003298	2	1	2	2	2	3	2	2	3
n/a	OG0003299	1	2	2	2	2	3	2	2	2
n/a	OG0003300	2	2	3	2	1	2	2	2	3
n/a	OG0003301	1	1	14	1	6	0	0	2	0
n/a	OG0003302	2	2	2	2	1	2	2	2	4
n/a	OG0003303	1	2	2	2	3	2	2	2	3
n/a	OG0003304	3	1	2	2	2	3	2	2	2
n/a	OG0003305	2	2	1	4	3	2	2	2	2
n/a	OG0003306	2	2	2	2	1	3	2	2	3
n/a	OG0003307	2	1	2	2	2	2	2	3	3
n/a	OG0003308	3	2	1	3	1	2	2	1	4
n/a	OG0003309	2	2	2	2	1	2	2	3	2
n/a	OG0003310	2	2	2	2	2	2	2	2	3
n/a	OG0003311	1	1	1	3	2	2	3	2	3
n/a	OG0003312	1	2	2	2	2	2	2	2	3
n/a	OG0003313	1	2	3	2	1	2	2	2	3
n/a	OG0003314	6	2	2	1	2	2	1	1	3
n/a	OG0003315	2	1	3	2	1	2	2	2	4
n/a	OG0003316	2	2	2	2	2	2	2	2	1
n/a	OG0003317	3	0	2	1	4	2	3	2	4
n/a	OG0003318	1	2	2	2	2	2	2	2	3
n/a	OG0003319	2	2	2	2	2	2	2	2	2
n/a	OG0003320	2	2	2	2	2	2	2	2	2
n/a	OG0003321	1	1	1	1	1	1	1	1	15
n/a	OG0003322	1	2	2	2	2	2	2	2	3
n/a	OG0003323	1	2	2	2	2	3	2	2	3
n/a	OG0003324	1	2	2	3	2	3	2	2	1
n/a	OG0003325	1	2	2	2	2	2	2	2	2
n/a	OG0003326	1	1	1	1	1	1	1	1	15
n/a	OG0003327	1	2	2	2	2	2	2	2	3
n/a	OG0003328	1	2	2	2	2	2	2	2	3
n/a	OG0003329	1	2	2	2	3	2	2	2	2
n/a	OG0003330	2	1	2	2	2	3	2	2	3
n/a	OG0003331	3	2	2	2	2	2	1	2	3
n/a	OG0003332	2	2	2	3	1	2	2	2	1
n/a	OG0003333	2	2	3	2	2	1	2	2	3
n/a	OG0003334	1	2	2	3	1	2	2	2	2
n/a	OG0003335	2	2	2	2	2	2	2	2	2
n/a	OG0003336	2	1	3	2	2	2	2	2	3
n/a	OG0003337	2	2	2	2	3	2	1	2	3
n/a	OG0003338	3	2	2	2	2	2	2	1	3
n/a	OG0003339	3	2	2	2	0	2	2	2	3
n/a	OG0003340	2	2	2	2	1	2	2	2	3
n/a	OG0003341	2	1	3	2	2	4	2	2	1
n/a	OG0003342	1	2	2	2	2	2	2	2	3
n/a	OG0003343	1	2	2	2	2	2	2	2	5
n/a	OG0003344	1	2	2	2	3	2	2	2	2
n/a	OG0003345	1	2	1	2	2	2	2	2	4
n/a	OG0003346	1	2	2	2	2	2	2	2	3
n/a	OG0003347	2	2	2	2	2	2	2	2	2
n/a	OG0003348	3	2	2	0	2	2	2	2	3
n/a	OG0003349	1	2	2	2	3	2	2	2	2
n/a	OG0003350	1	1	1	1	2	2	1	1	14
n/a	OG0003351	2	2	2	2	1	2	2	2	3
n/a	OG0003352	2	2	2	2	3	2	2	2	3
n/a	OG0003353	2	2	2	2	1	3	2	2	3
n/a	OG0003354	2	2	2	2	2	2	2	2	3
n/a	OG0003355	1	2	2	2	2	2	2	2	3
n/a	OG0003356	3	2	2	2	3	2	2	1	3
n/a	OG0003357	2	2	2	2	2	2	2	2	3
n/a	OG0003358	1	2	2	0	1	2	3	2	2
n/a	OG0003359	2	2	2	2	2	2	2	2	2
n/a	OG0003360	2	2	2	2	2	2	2	2	2
n/a	OG0003361	2	2	2	2	3	2	2	2	2
n/a	OG0003362	1	2	2	2	2	2	2	2	2
n/a	OG0003363	1	2	2	2	2	2	2	2	3
n/a	OG0003364	2	2	2	2	1	2	2	2	3
n/a	OG0003365	2	2	3	2	1	2	2	2	2
n/a	OG0003366	2	2	2	2	2	2	2	1	5
n/a	OG0003367	3	2	2	2	1	2	2	2	3
n/a	OG0003368	2	1	1	1	1	1	1	3	9
n/a	OG0003369	2	2	2	3	1	1	2	2	2
n/a	OG0003370	2	2	2	2	2	2	2	2	3
n/a	OG0003371	3	1	2	2	2	2	2	2	3
n/a	OG0003372	2	2	2	2	2	2	2	2	2
n/a	OG0003373	2	2	2	2	0	2	2	2	5
n/a	OG0003374	1	2	2	2	2	3	1	2	4
n/a	OG0003375	2	2	3	2	2	1	2	2	2
n/a	OG0003376	2	2	2	2	2	2	2	2	3
n/a	OG0003377	2	2	2	2	2	2	2	2	3
n/a	OG0003378	2	2	2	0	2	2	2	2	4
n/a	OG0003379	2	2	2	2	1	2	3	2	2
n/a	OG0003380	2	2	2	2	1	5	1	2	2
n/a	OG0003381	2	1	3	6	2	2	2	2	1
n/a	OG0003382	3	2	2	1	3	2	2	2	2
n/a	OG0003383	2	1	1	3	1	2	4	2	1
n/a	OG0003384	1	2	2	2	2	2	3	1	3
n/a	OG0003385	1	2	3	2	2	2	2	2	2
n/a	OG0003386	1	2	1	1	0	2	2	2	9
n/a	OG0003387	2	2	2	2	2	2	2	2	3
n/a	OG0003388	4	1	5	2	1	4	1	2	3
n/a	OG0003389	2	2	2	2	2	2	2	2	3
n/a	OG0003390	1	2	1	1	2	2	1	1	9
n/a	OG0003391	2	2	2	2	1	2	2	2	3
n/a	OG0003392	2	2	2	2	1	2	2	2	3
n/a	OG0003393	1	2	1	2	1	1	3	2	1
n/a	OG0003394	2	1	2	2	2	2	3	2	2
n/a	OG0003395	1	2	2	2	1	4	2	2	2
n/a	OG0003396	2	2	1	2	2	2	2	2	3
n/a	OG0003397	3	2	2	2	2	2	2	2	1
n/a	OG0003398	2	2	3	2	1	2	2	2	2
n/a	OG0003399	1	2	3	2	1	2	2	2	4
n/a	OG0003400	2	2	2	2	1	2	2	2	3
n/a	OG0003401	3	2	2	3	2	2	2	2	2
n/a	OG0003402	1	2	2	3	3	2	2	2	3
n/a	OG0003403	3	2	3	0	4	3	1	0	3
n/a	OG0003404	2	2	2	2	3	2	1	2	3
n/a	OG0003405	2	2	1	2	1	2	2	2	4
n/a	OG0003406	2	2	2	3	2	2	1	2	3
n/a	OG0003407	2	2	2	2	1	2	2	2	3
n/a	OG0003408	1	2	2	1	3	3	1	1	7
n/a	OG0003409	1	1	1	2	2	3	3	2	3
n/a	OG0003410	2	2	2	2	3	2	2	2	3
n/a	OG0003411	1	2	2	2	2	2	2	2	3
n/a	OG0003412	1	2	2	2	2	2	2	2	2
n/a	OG0003413	1	2	3	2	3	2	2	2	2
n/a	OG0003414	1	2	2	1	2	2	2	2	4
n/a	OG0003415	1	2	3	2	1	2	2	2	3
n/a	OG0003416	3	2	2	2	1	3	2	2	2
n/a	OG0003417	1	2	3	2	2	2	2	2	4
n/a	OG0003418	1	2	2	2	3	2	2	2	3
n/a	OG0003419	1	2	3	2	3	2	2	1	3
n/a	OG0003420	1	2	2	2	2	3	2	2	2
n/a	OG0003421	2	2	2	2	2	2	2	2	3
n/a	OG0003422	1	2	2	2	3	2	2	2	3
n/a	OG0003423	2	2	2	2	2	2	2	2	2
n/a	OG0003424	2	2	2	2	2	2	2	2	3
n/a	OG0003425	1	2	3	2	3	2	1	2	4
n/a	OG0003426	2	2	2	2	2	2	2	2	4
n/a	OG0003427	1	1	1	2	1	1	4	2	4
n/a	OG0003428	2	2	2	2	3	1	2	2	2
n/a	OG0003429	2	2	2	2	1	2	2	2	3
n/a	OG0003430	1	2	2	2	2	2	2	2	3
n/a	OG0003431	1	2	2	3	2	2	2	2	3
n/a	OG0003432	1	1	2	4	2	2	2	2	2
n/a	OG0003433	1	2	2	2	2	2	2	2	5
n/a	OG0003434	2	2	2	2	3	2	2	2	4
n/a	OG0003435	1	2	2	2	2	2	2	2	2
n/a	OG0003436	1	2	2	2	1	2	2	2	2
n/a	OG0003437	1	2	2	2	2	3	2	2	2
n/a	OG0003438	1	2	2	2	3	3	2	2	3
n/a	OG0003439	1	2	3	2	1	3	2	2	3
n/a	OG0003440	2	2	2	2	2	2	2	2	3
n/a	OG0003441	1	1	1	2	10	2	2	1	1
n/a	OG0003442	2	2	2	2	2	2	2	2	3
n/a	OG0003443	1	2	5	2	2	2	3	0	1
n/a	OG0003444	2	3	3	1	2	3	1	1	4
n/a	OG0003445	2	2	2	3	1	2	2	2	1
n/a	OG0003446	2	2	2	2	2	2	2	2	2
n/a	OG0003447	1	3	2	2	2	2	2	2	1
n/a	OG0003448	1	2	2	2	2	3	2	2	3
n/a	OG0003449	1	3	2	2	2	2	2	2	3
n/a	OG0003450	1	2	3	2	2	2	2	2	3
n/a	OG0003451	2	3	2	2	2	2	2	2	1
n/a	OG0003452	1	3	2	0	2	2	2	2	4
n/a	OG0003453	2	2	2	2	2	2	2	2	2
n/a	OG0003454	1	2	2	2	2	2	2	2	3
n/a	OG0003455	1	2	2	2	2	2	2	2	2
n/a	OG0003456	1	2	2	2	2	2	2	2	3
n/a	OG0003457	1	1	2	4	3	3	2	2	4
n/a	OG0003458	1	2	2	2	2	2	2	2	3
n/a	OG0003459	1	2	2	2	3	4	2	2	1
n/a	OG0003460	2	2	2	2	2	2	2	2	3
n/a	OG0003461	1	2	3	2	1	2	2	2	3
n/a	OG0003462	1	1	1	3	0	1	4	4	1
n/a	OG0003463	1	2	3	2	2	2	2	2	3
n/a	OG0003464	1	1	2	2	3	2	2	2	6
n/a	OG0003465	1	2	2	2	2	2	2	2	4
n/a	OG0003466	1	1	6	0	0	4	1	5	0
n/a	OG0003467	0	2	3	3	1	3	2	2	1
n/a	OG0003468	0	2	2	2	0	5	2	2	3
n/a	OG0003469	0	3	1	2	1	3	2	2	2
n/a	OG0003470	0	3	3	1	3	3	2	2	0
n/a	OG0003471	0	2	2	2	1	2	2	2	6
n/a	OG0003472	0	3	1	2	1	0	4	2	0
n/a	OG0003473	0	2	2	2	4	2	2	2	3
n/a	OG0003474	0	2	0	2	2	0	3	6	0
n/a	OG0003475	0	2	3	3	1	2	2	2	1
n/a	OG0003476	0	2	7	2	0	0	2	2	0
n/a	OG0003477	0	1	1	3	0	0	4	4	0
n/a	OG0003478	0	2	4	3	2	3	1	2	1
n/a	OG0003479	0	2	2	2	2	3	3	2	1
n/a	OG0003480	0	2	2	3	2	2	2	3	1
n/a	OG0003481	0	2	1	5	2	1	3	2	0
n/a	OG0003482	0	1	2	6	2	2	2	2	2
n/a	OG0003483	0	2	3	1	2	3	3	2	1
n/a	OG0003484	0	2	2	2	2	3	2	2	2
n/a	OG0003485	0	2	2	2	3	2	2	2	3
n/a	OG0003486	0	2	2	4	3	1	3	2	1
n/a	OG0003487	0	2	1	1	2	7	2	1	3
n/a	OG0003488	0	2	2	1	6	0	3	2	0
n/a	OG0003489	0	2	2	2	3	1	3	3	1
n/a	OG0003490	0	2	1	6	2	0	2	2	4
n/a	OG0003491	0	4	0	0	2	6	2	1	0
n/a	OG0003492	0	2	0	3	0	0	3	6	0
n/a	OG0003493	0	2	2	0	2	0	3	4	0
n/a	OG0003494	0	3	3	3	1	2	3	1	1
n/a	OG0003495	0	1	1	0	9	2	2	2	2
n/a	OG0003496	0	2	2	2	2	2	3	2	3
n/a	OG0003497	0	2	1	2	3	2	2	2	4
n/a	OG0003498	0	3	1	0	2	13	0	0	3
n/a	OG0003499	0	2	1	2	1	1	4	2	1
n/a	OG0003500	0	2	2	2	3	1	3	2	1
n/a	OG0003501	0	3	3	3	1	1	2	2	1
n/a	OG0003502	0	3	1	1	3	2	3	2	0
n/a	OG0003503	0	9	0	1	0	0	0	0	0
n/a	OG0003504	0	3	2	1	9	1	1	2	0
n/a	OG0003505	0	0	2	0	21	1	0	0	2
n/a	OG0003506	0	0	1	3	0	0	4	6	0
n/a	OG0003507	0	2	2	2	2	2	2	2	3
n/a	OG0003508	0	3	1	3	3	0	2	2	1
n/a	OG0003509	0	2	2	2	2	2	2	2	4
n/a	OG0003510	0	2	1	2	5	2	2	2	3
n/a	OG0003511	0	3	2	3	1	2	2	2	1
n/a	OG0003512	0	0	0	7	0	0	1	10	0
n/a	OG0003513	0	0	0	2	2	1	4	5	2
n/a	OG0003516	1	2	2	2	2	3	2	1	3
n/a	OG0003517	1	1	0	1	0	0	3	1	13
n/a	OG0003518	1	3	2	2	3	1	2	2	1
n/a	OG0003519	1	2	2	2	1	2	2	2	3
n/a	OG0003520	1	0	0	18	1	0	0	3	0
n/a	OG0003521	1	2	2	2	2	2	2	2	3
n/a	OG0003522	4	1	2	2	2	2	2	2	3
n/a	OG0003523	2	2	2	2	1	2	2	2	3
n/a	OG0003524	4	2	2	2	1	2	1	2	3
n/a	OG0003525	1	2	2	2	2	2	2	2	2
n/a	OG0003526	3	2	2	2	2	2	2	2	1
n/a	OG0003527	1	2	2	2	2	2	2	2	2
n/a	OG0003528	1	2	1	2	1	2	2	2	3
n/a	OG0003529	2	2	1	2	2	2	2	2	3
n/a	OG0003530	1	2	2	3	2	1	2	2	1
n/a	OG0003531	1	2	2	2	2	2	2	2	2
n/a	OG0003532	1	2	1	2	2	2	2	2	3
n/a	OG0003533	2	2	3	2	2	1	2	2	2
n/a	OG0003534	1	2	2	2	2	2	2	2	2
n/a	OG0003535	1	2	2	2	1	2	2	2	3
n/a	OG0003536	1	2	2	4	2	1	2	2	1
n/a	OG0003537	2	2	2	2	2	2	2	2	2
n/a	OG0003538	2	2	2	2	2	2	2	2	3
n/a	OG0003539	1	2	3	2	1	2	2	2	2
n/a	OG0003540	1	2	2	2	2	2	2	2	4
n/a	OG0003541	1	2	3	2	2	2	2	2	2
n/a	OG0003542	2	2	2	2	1	2	2	2	2
n/a	OG0003543	1	2	2	2	1	3	2	2	2
n/a	OG0003544	1	2	2	4	2	2	2	1	4
n/a	OG0003545	3	2	2	2	1	2	2	2	3
n/a	OG0003546	1	2	2	2	3	2	2	2	2
n/a	OG0003547	1	1	2	3	1	2	2	2	3
n/a	OG0003548	1	2	2	2	1	2	2	2	3
n/a	OG0003549	2	2	1	2	1	2	2	2	3
n/a	OG0003550	1	2	2	2	2	2	2	2	2
n/a	OG0003551	2	2	2	2	1	2	2	2	3
n/a	OG0003552	5	2	2	2	0	1	2	2	2
n/a	OG0003553	2	1	2	3	2	2	2	2	3
n/a	OG0003554	1	2	2	2	2	2	2	2	3
n/a	OG0003555	2	2	2	2	2	2	2	2	2
n/a	OG0003556	3	2	2	2	2	2	2	2	1
n/a	OG0003557	1	2	2	2	1	3	2	2	1
n/a	OG0003558	3	2	2	0	1	4	1	1	6
n/a	OG0003559	1	2	2	2	1	2	2	2	3
n/a	OG0003560	2	2	2	2	1	2	2	2	2
n/a	OG0003561	2	2	3	1	1	2	2	2	3
n/a	OG0003562	1	2	2	2	2	2	2	2	2
n/a	OG0003563	1	2	2	2	2	2	2	2	2
n/a	OG0003564	2	2	2	2	1	2	2	2	3
n/a	OG0003565	2	2	2	2	2	2	1	2	5
n/a	OG0003566	2	2	2	0	1	4	2	2	2
n/a	OG0003567	2	2	2	2	2	2	2	2	2
n/a	OG0003568	2	2	2	2	0	2	2	2	3
n/a	OG0003569	2	2	3	0	2	2	2	2	3
n/a	OG0003570	2	2	2	2	2	2	2	2	2
n/a	OG0003571	3	2	2	2	2	2	2	2	2
n/a	OG0003573	3	2	2	2	2	2	2	2	2
n/a	OG0003574	4	2	2	2	3	2	1	1	2
n/a	OG0003575	2	2	2	2	1	2	1	2	4
n/a	OG0003576	2	2	2	0	2	2	2	2	3
n/a	OG0003577	3	1	1	2	1	1	3	3	1
n/a	OG0003578	3	1	1	1	2	2	3	2	1
n/a	OG0003579	1	2	3	2	1	3	1	2	4
n/a	OG0003580	1	2	2	2	2	2	2	2	2
n/a	OG0003581	3	2	1	2	3	2	2	2	1
n/a	OG0003582	4	3	1	1	1	4	1	1	2
n/a	OG0003583	1	2	2	2	1	3	2	2	3
n/a	OG0003584	2	2	2	2	2	2	2	2	2
n/a	OG0003585	3	2	2	2	2	2	2	2	2
n/a	OG0003586	2	2	2	2	3	1	2	2	2
n/a	OG0003587	3	0	2	3	2	2	2	4	2
n/a	OG0003588	2	3	2	1	0	2	2	2	2
n/a	OG0003589	3	1	1	2	1	2	2	2	2
n/a	OG0003590	3	2	1	2	0	1	2	2	4
n/a	OG0003591	2	2	2	1	1	1	3	3	1
n/a	OG0003592	3	1	2	2	2	2	1	2	5
n/a	OG0003593	3	3	2	1	3	1	1	1	2
n/a	OG0003594	2	3	1	1	2	2	2	2	1
n/a	OG0003595	1	2	2	2	2	2	2	2	2
n/a	OG0003596	2	2	2	0	2	3	2	2	4
n/a	OG0003597	2	2	2	2	1	2	2	2	3
n/a	OG0003598	3	2	2	2	2	1	2	2	2
n/a	OG0003599	2	2	2	2	1	2	2	2	3
n/a	OG0003600	1	2	2	2	1	2	2	2	4
n/a	OG0003601	1	2	2	2	2	2	2	2	2
n/a	OG0003602	1	3	3	2	1	1	2	2	1
n/a	OG0003603	3	2	2	0	2	2	2	2	3
n/a	OG0003604	1	1	1	1	1	1	4	3	1
n/a	OG0003605	2	3	2	2	2	2	2	0	1
n/a	OG0003606	1	2	2	2	2	2	2	2	2
n/a	OG0003607	1	2	2	2	2	2	2	2	2
n/a	OG0003608	2	2	2	2	2	2	2	2	2
n/a	OG0003609	2	2	2	2	2	2	2	2	2
n/a	OG0003610	2	2	2	2	2	2	2	2	2
n/a	OG0003611	2	2	3	2	0	1	2	2	3
n/a	OG0003612	2	2	2	2	2	2	2	2	2
n/a	OG0003613	3	2	2	0	3	2	2	2	2
n/a	OG0003614	2	2	2	2	2	2	2	1	3
n/a	OG0003615	11	0	2	0	2	1	2	2	1
n/a	OG0003616	2	2	2	2	2	2	2	2	3
n/a	OG0003617	2	2	2	2	2	2	2	2	3
n/a	OG0003618	2	4	1	2	1	0	2	2	1
n/a	OG0003619	2	1	2	2	2	3	2	2	4
n/a	OG0003621	2	2	2	2	1	2	2	2	2
n/a	OG0003622	2	2	2	2	2	2	2	2	2
n/a	OG0003623	2	3	2	1	2	2	2	0	3
n/a	OG0003624	3	2	2	2	1	3	2	2	1
n/a	OG0003625	2	2	2	2	3	2	2	2	2
n/a	OG0003626	1	2	4	0	2	2	2	2	2
n/a	OG0003627	2	2	2	2	2	2	2	2	2
n/a	OG0003628	2	5	0	0	1	2	0	3	1
n/a	OG0003629	2	2	2	2	2	1	2	2	2
n/a	OG0003630	1	2	2	2	2	2	2	2	3
n/a	OG0003631	1	2	2	2	2	2	2	2	3
n/a	OG0003632	1	2	2	2	2	2	2	2	3
n/a	OG0003633	1	2	1	2	1	2	2	2	4
n/a	OG0003634	2	2	2	2	1	2	2	2	2
n/a	OG0003635	3	2	2	3	1	2	2	2	1
n/a	OG0003636	1	3	2	1	1	1	2	2	2
n/a	OG0003637	1	2	2	2	2	2	2	2	2
n/a	OG0003638	2	2	2	2	3	3	2	2	2
n/a	OG0003639	2	2	2	2	3	1	2	2	2
n/a	OG0003640	4	2	2	1	2	3	1	1	5
n/a	OG0003641	1	1	1	2	1	2	2	2	7
n/a	OG0003642	1	2	2	2	3	2	2	2	2
n/a	OG0003643	1	2	2	2	2	2	2	2	3
n/a	OG0003644	1	2	2	3	2	2	2	2	2
n/a	OG0003645	2	2	2	2	2	2	1	2	3
n/a	OG0003646	2	2	2	2	2	2	2	2	2
n/a	OG0003647	2	2	2	1	1	2	2	2	4
n/a	OG0003648	3	2	2	2	2	2	2	2	2
n/a	OG0003649	1	2	2	2	2	2	2	2	2
n/a	OG0003650	3	1	2	2	2	2	2	2	3
n/a	OG0003651	5	1	1	2	2	2	2	2	2
n/a	OG0003652	1	2	2	2	1	3	2	2	3
n/a	OG0003653	2	2	2	2	3	2	2	1	2
n/a	OG0003654	2	2	2	2	1	2	2	2	3
n/a	OG0003655	1	3	2	2	0	2	2	1	2
n/a	OG0003656	1	2	2	5	1	2	2	1	3
n/a	OG0003657	1	2	2	2	1	3	2	2	2
n/a	OG0003658	3	1	2	1	4	2	2	2	2
n/a	OG0003659	2	2	2	2	2	2	2	2	3
n/a	OG0003660	1	2	2	2	2	2	2	2	2
n/a	OG0003661	2	2	2	2	2	2	2	2	2
n/a	OG0003662	2	2	2	2	2	2	2	2	3
n/a	OG0003663	1	2	2	2	2	1	2	2	2
n/a	OG0003664	2	2	2	2	2	2	2	2	2
n/a	OG0003665	1	1	1	1	1	1	0	1	16
n/a	OG0003666	2	1	4	2	2	2	1	2	4
n/a	OG0003667	1	2	2	2	2	2	2	2	2
n/a	OG0003668	1	2	2	0	2	2	2	2	4
n/a	OG0003669	2	2	2	2	2	6	1	2	1
n/a	OG0003670	2	2	2	2	1	2	2	2	2
n/a	OG0003671	2	2	2	2	0	3	2	2	3
n/a	OG0003672	1	0	0	2	0	0	4	5	0
n/a	OG0003673	1	2	2	2	1	2	2	2	3
n/a	OG0003674	2	2	2	2	1	2	2	2	3
n/a	OG0003675	2	2	2	2	2	2	1	2	3
n/a	OG0003676	2	2	2	2	2	2	2	2	1
n/a	OG0003677	2	2	2	2	1	2	2	2	3
n/a	OG0003678	2	1	3	2	1	3	2	2	2
n/a	OG0003679	3	2	2	2	1	3	2	1	3
n/a	OG0003680	2	2	2	0	2	2	2	2	3
n/a	OG0003681	1	2	2	2	1	2	2	2	3
n/a	OG0003682	2	2	2	2	2	2	2	2	2
n/a	OG0003683	2	2	2	2	3	2	1	2	3
n/a	OG0003684	1	2	2	2	2	2	2	2	2
n/a	OG0003685	2	2	3	2	2	2	2	2	3
n/a	OG0003686	2	1	2	1	1	1	2	2	4
n/a	OG0003687	2	5	1	1	1	1	1	1	1
n/a	OG0003688	2	2	2	2	1	2	2	2	2
n/a	OG0003689	5	1	2	2	1	2	2	2	4
n/a	OG0003690	2	1	1	3	1	1	3	2	2
n/a	OG0003691	1	1	1	1	1	1	1	2	13
n/a	OG0003692	2	2	2	2	1	1	2	2	1
n/a	OG0003693	2	2	2	2	1	2	2	2	2
n/a	OG0003694	2	2	2	2	2	2	2	2	2
n/a	OG0003695	2	2	2	2	1	2	2	2	4
n/a	OG0003696	2	1	3	2	2	2	2	2	2
n/a	OG0003697	1	2	2	2	2	2	2	2	3
n/a	OG0003698	2	2	2	2	2	2	2	2	3
n/a	OG0003699	2	1	1	2	3	1	3	2	1
n/a	OG0003700	4	1	2	2	3	1	2	2	2
n/a	OG0003701	1	2	2	2	2	2	2	2	3
n/a	OG0003702	3	2	2	2	1	1	2	2	2
n/a	OG0003703	2	2	2	2	1	2	2	2	3
n/a	OG0003704	2	2	2	2	2	2	2	1	3
n/a	OG0003705	2	2	2	1	0	2	2	2	4
n/a	OG0003706	3	2	2	2	2	1	2	2	1
n/a	OG0003707	1	2	2	1	2	2	2	2	4
n/a	OG0003708	3	2	2	3	0	2	2	2	3
n/a	OG0003709	4	2	2	2	2	1	2	2	1
n/a	OG0003710	1	2	2	2	1	2	2	2	3
n/a	OG0003711	2	2	2	2	2	2	2	2	3
n/a	OG0003712	2	2	1	2	1	1	2	2	4
n/a	OG0003713	2	2	2	2	4	2	2	0	1
n/a	OG0003714	2	2	2	2	2	3	2	2	1
n/a	OG0003715	1	2	2	2	2	2	2	2	2
n/a	OG0003716	1	2	2	2	2	2	2	2	2
n/a	OG0003717	3	2	2	2	2	1	2	2	2
n/a	OG0003718	1	1	1	3	4	2	2	2	1
n/a	OG0003719	2	1	2	2	3	3	2	2	2
n/a	OG0003720	1	2	2	2	2	2	2	2	2
n/a	OG0003721	2	2	2	0	2	4	2	2	3
n/a	OG0003722	2	2	2	2	2	2	2	2	2
n/a	OG0003723	1	1	1	1	0	1	1	1	15
n/a	OG0003724	1	2	2	1	1	2	2	2	7
n/a	OG0003725	1	2	2	2	3	2	2	2	2
n/a	OG0003726	2	2	2	2	2	2	2	2	2
n/a	OG0003727	5	1	1	2	3	4	1	2	2
n/a	OG0003728	1	2	2	2	2	2	2	2	2
n/a	OG0003729	2	2	2	2	2	2	1	2	3
n/a	OG0003730	2	2	2	2	1	2	2	2	2
n/a	OG0003731	2	2	2	2	2	2	2	1	3
n/a	OG0003732	1	3	1	2	2	3	2	1	1
n/a	OG0003733	1	2	2	2	1	2	2	2	4
n/a	OG0003734	1	2	2	2	2	2	2	2	2
n/a	OG0003735	1	2	2	2	2	2	2	2	2
n/a	OG0003736	1	2	2	2	3	2	2	1	4
n/a	OG0003737	1	0	2	2	2	3	3	3	3
n/a	OG0003738	1	2	2	2	2	2	2	2	3
n/a	OG0003739	2	2	2	2	1	2	2	2	2
n/a	OG0003740	1	2	2	1	4	2	2	2	1
n/a	OG0003741	1	2	2	2	2	2	2	2	3
n/a	OG0003742	2	2	2	0	3	3	2	2	3
n/a	OG0003743	2	2	2	2	2	2	2	2	2
n/a	OG0003744	1	2	2	2	1	2	2	2	3
n/a	OG0003745	2	2	2	2	2	2	2	2	2
n/a	OG0003746	2	2	2	2	2	2	2	2	2
n/a	OG0003747	1	2	3	2	1	2	2	2	2
n/a	OG0003748	3	1	1	11	1	1	1	1	2
n/a	OG0003749	2	2	2	2	2	2	2	2	1
n/a	OG0003750	1	2	2	2	2	2	2	2	3
n/a	OG0003751	3	1	2	0	2	3	2	2	3
n/a	OG0003752	1	2	1	3	1	1	2	3	2
n/a	OG0003753	2	2	2	2	1	2	2	2	2
n/a	OG0003754	2	2	2	2	2	1	2	2	3
n/a	OG0003755	1	2	3	2	3	2	2	1	2
n/a	OG0003756	2	1	2	2	1	1	2	2	5
n/a	OG0003757	2	2	3	0	2	1	3	0	4
n/a	OG0003758	1	3	1	4	1	2	2	2	1
n/a	OG0003759	1	2	1	4	2	2	2	2	2
n/a	OG0003760	1	2	2	2	1	3	2	2	3
n/a	OG0003761	2	2	2	2	1	2	2	2	3
n/a	OG0003762	1	2	2	0	2	2	2	2	5
n/a	OG0003763	1	2	2	2	2	2	2	2	2
n/a	OG0003764	1	2	2	2	2	2	2	2	2
n/a	OG0003765	1	2	2	3	1	2	2	2	2
n/a	OG0003766	1	2	2	2	1	2	2	2	4
n/a	OG0003767	1	2	2	2	2	2	2	2	3
n/a	OG0003768	2	2	1	2	0	1	3	2	1
n/a	OG0003769	1	2	2	2	2	2	2	2	2
n/a	OG0003770	1	2	2	2	2	1	2	2	3
n/a	OG0003771	1	3	2	2	2	2	2	2	1
n/a	OG0003772	2	2	2	2	2	2	1	2	3
n/a	OG0003773	2	2	2	2	1	2	2	2	2
n/a	OG0003774	1	2	2	2	1	2	2	2	3
n/a	OG0003775	2	2	2	2	2	2	2	2	2
n/a	OG0003776	1	1	2	1	6	2	2	2	2
n/a	OG0003777	2	2	2	1	2	2	2	2	3
n/a	OG0003778	2	0	1	2	1	2	4	3	2
n/a	OG0003779	2	2	2	2	2	2	2	2	3
n/a	OG0003780	2	2	2	2	1	2	2	2	3
n/a	OG0003781	1	2	2	2	1	2	3	0	2
n/a	OG0003782	1	2	2	2	2	2	2	2	2
n/a	OG0003783	2	2	2	2	1	2	2	2	2
n/a	OG0003784	2	2	2	2	1	1	2	2	2
n/a	OG0003785	1	1	1	2	1	1	4	2	1
n/a	OG0003786	2	2	3	2	2	2	2	2	2
n/a	OG0003787	1	3	2	2	3	2	1	2	2
n/a	OG0003788	2	2	2	0	2	1	2	3	2
n/a	OG0003789	1	2	2	2	2	2	2	2	3
n/a	OG0003790	2	2	2	2	2	1	2	2	2
n/a	OG0003791	1	2	2	2	3	2	2	2	3
n/a	OG0003792	1	2	2	2	3	2	2	2	1
n/a	OG0003793	1	2	2	2	2	2	2	2	2
n/a	OG0003794	1	2	2	2	1	4	1	2	3
n/a	OG0003795	1	1	1	2	1	1	3	2	7
n/a	OG0003796	1	1	2	3	1	1	2	3	2
n/a	OG0003797	1	2	3	3	0	2	3	2	2
n/a	OG0003798	3	2	2	1	2	2	2	2	2
n/a	OG0003799	2	2	2	2	2	2	2	2	3
n/a	OG0003800	1	2	2	2	2	2	2	2	3
n/a	OG0003801	3	2	2	2	1	2	2	2	2
n/a	OG0003802	1	2	1	6	1	1	2	2	2
n/a	OG0003803	1	3	2	0	2	2	1	2	2
n/a	OG0003804	1	2	3	2	1	2	2	2	2
n/a	OG0003805	1	2	2	2	2	2	2	2	3
n/a	OG0003806	1	2	2	2	2	2	2	2	2
n/a	OG0003807	1	2	3	2	2	2	2	2	3
n/a	OG0003808	1	2	2	2	2	2	2	2	2
n/a	OG0003809	2	2	2	2	2	2	2	2	2
n/a	OG0003810	1	2	2	2	2	2	2	2	2
n/a	OG0003811	1	3	2	2	1	2	2	2	2
n/a	OG0003812	1	3	2	2	2	2	1	2	2
n/a	OG0003813	1	2	2	2	2	2	2	2	2
n/a	OG0003814	1	2	2	2	1	2	2	2	2
n/a	OG0003815	1	2	2	2	2	2	2	2	2
n/a	OG0003816	1	2	2	2	2	2	2	2	3
n/a	OG0003817	2	2	2	2	2	2	2	2	2
n/a	OG0003818	1	0	3	3	1	3	3	2	3
n/a	OG0003819	1	1	2	3	2	2	2	2	1
n/a	OG0003820	1	2	2	2	2	2	2	2	2
n/a	OG0003821	1	1	1	1	1	1	1	1	14
n/a	OG0003822	1	2	2	2	1	2	2	2	3
n/a	OG0003823	1	2	2	2	2	2	2	2	2
n/a	OG0003824	1	2	2	2	1	2	2	2	3
n/a	OG0003825	1	2	2	2	2	2	2	2	2
n/a	OG0003826	4	1	1	1	5	1	2	2	2
n/a	OG0003827	1	2	2	2	2	2	2	2	3
n/a	OG0003828	1	2	2	2	1	2	2	2	4
n/a	OG0003829	1	2	2	2	1	3	2	2	3
n/a	OG0003830	1	2	2	2	2	2	2	2	2
n/a	OG0003831	2	2	2	2	1	2	2	2	2
n/a	OG0003832	1	2	2	2	2	2	2	2	3
n/a	OG0003833	1	2	2	2	2	2	2	2	2
n/a	OG0003834	1	2	2	2	2	2	1	2	3
n/a	OG0003835	0	2	4	2	0	0	5	0	0
n/a	OG0003836	0	2	4	1	3	2	2	2	0
n/a	OG0003837	0	2	2	2	4	1	2	2	2
n/a	OG0003838	0	4	3	1	3	3	1	0	2
n/a	OG0003839	0	2	2	2	2	2	2	2	4
n/a	OG0003840	0	2	2	2	2	2	2	2	3
n/a	OG0003841	0	2	2	1	2	3	3	2	2
n/a	OG0003842	0	2	2	2	1	2	2	2	4
n/a	OG0003843	0	2	2	3	1	2	2	2	3
n/a	OG0003844	0	3	2	2	2	2	2	2	1
n/a	OG0003845	0	3	2	3	2	1	1	2	1
n/a	OG0003846	0	2	2	2	2	2	2	2	3
n/a	OG0003847	0	1	2	4	0	2	3	4	0
n/a	OG0003848	0	7	1	0	0	0	2	0	0
n/a	OG0003849	0	1	0	2	1	1	4	3	0
n/a	OG0003850	0	0	1	3	0	1	4	4	0
n/a	OG0003851	0	8	1	1	0	0	1	0	0
n/a	OG0003852	0	6	1	1	2	0	2	0	0
n/a	OG0003853	0	7	2	0	0	4	0	0	1
n/a	OG0003854	0	2	2	2	2	1	2	2	4
n/a	OG0003855	0	2	3	3	3	1	2	2	1
n/a	OG0003856	0	1	4	3	4	0	3	2	0
n/a	OG0003857	0	2	2	4	1	1	2	1	6
n/a	OG0003858	0	2	5	0	1	2	2	2	2
n/a	OG0003859	0	2	3	2	1	1	2	2	4
n/a	OG0003860	0	2	2	3	2	2	2	2	1
n/a	OG0003861	0	3	0	1	2	2	2	2	3
n/a	OG0003862	0	1	0	17	2	1	1	0	2
n/a	OG0003863	0	2	0	1	4	0	2	4	0
n/a	OG0003864	0	3	2	1	1	2	3	2	0
n/a	OG0003865	0	3	1	1	1	0	3	2	0
n/a	OG0003866	0	3	1	2	1	2	2	2	2
n/a	OG0003867	0	1	0	2	0	1	5	3	0
n/a	OG0003868	0	3	3	2	2	1	2	2	0
n/a	OG0003869	0	2	3	2	1	2	2	2	2
n/a	OG0003870	0	2	2	1	1	3	2	2	4
n/a	OG0003871	0	6	2	0	4	0	0	1	0
n/a	OG0003872	0	3	1	1	6	0	3	2	0
n/a	OG0003873	0	2	2	2	6	1	2	2	0
n/a	OG0003874	0	2	2	2	1	2	2	2	4
n/a	OG0003875	0	2	2	2	2	2	2	2	3
n/a	OG0003876	0	2	2	2	1	3	2	2	3
n/a	OG0003877	0	2	3	3	2	1	2	2	2
n/a	OG0003878	0	3	1	1	2	2	2	2	2
n/a	OG0003879	0	2	2	2	3	2	2	2	3
n/a	OG0003880	0	2	2	2	1	2	2	2	4
n/a	OG0003881	0	2	2	2	2	2	2	2	3
n/a	OG0003882	0	1	1	1	1	1	1	1	15
n/a	OG0003883	0	2	2	2	2	2	3	2	2
n/a	OG0003884	0	2	0	3	0	1	3	3	4
n/a	OG0003885	0	2	4	2	6	1	2	1	0
n/a	OG0003886	0	1	3	3	2	2	3	2	1
n/a	OG0003887	0	1	1	15	0	0	2	0	0
n/a	OG0003888	0	2	1	1	1	0	4	2	0
n/a	OG0003889	0	1	1	2	2	2	3	2	3
n/a	OG0003890	0	0	0	1	0	0	6	4	0
n/a	OG0003891	0	0	2	2	7	3	2	2	2
n/a	OG0003893	0	0	0	0	0	0	2	10	0
n/a	OG0003894	1	2	1	2	2	3	2	1	2
n/a	OG0003895	1	2	2	2	2	2	2	2	2
n/a	OG0003896	1	2	2	2	2	2	2	2	2
n/a	OG0003897	0	2	2	2	2	2	2	2	3
n/a	OG0003898	1	2	2	2	2	2	2	2	3
n/a	OG0003899	2	2	2	2	2	2	1	2	3
n/a	OG0003900	1	2	1	2	2	3	2	2	1
n/a	OG0003901	1	3	2	2	0	0	2	2	0
n/a	OG0003902	1	2	2	2	3	2	2	0	2
n/a	OG0003903	1	0	3	3	2	2	2	3	2
n/a	OG0003904	3	1	1	2	1	2	2	2	3
n/a	OG0003905	3	2	2	2	1	1	2	2	2
n/a	OG0003906	2	2	1	2	2	2	2	2	3
n/a	OG0003907	3	2	2	2	1	2	2	1	2
n/a	OG0003908	1	2	2	2	2	2	2	2	2
n/a	OG0003909	1	2	2	2	2	2	2	2	2
n/a	OG0003910	2	2	1	2	2	1	2	2	3
n/a	OG0003911	2	3	3	0	1	1	2	2	1
n/a	OG0003912	3	1	2	2	1	2	2	2	2
n/a	OG0003913	4	1	2	1	2	2	2	2	2
n/a	OG0003914	2	2	2	2	1	2	2	2	1
n/a	OG0003915	2	2	1	3	1	1	2	2	2
n/a	OG0003916	1	2	1	2	3	2	2	2	2
n/a	OG0003917	1	2	2	2	2	1	2	2	2
n/a	OG0003918	2	2	2	2	0	2	2	2	3
n/a	OG0003919	1	2	2	2	1	2	2	2	3
n/a	OG0003920	2	1	3	2	2	2	2	2	3
n/a	OG0003921	2	2	2	2	1	2	2	2	3
n/a	OG0003922	1	2	2	2	2	2	2	2	2
n/a	OG0003923	1	2	2	2	1	2	2	2	3
n/a	OG0003924	2	2	2	2	2	2	2	2	2
n/a	OG0003925	2	2	2	2	2	2	2	2	2
n/a	OG0003926	1	1	1	2	0	1	3	4	1
n/a	OG0003927	2	0	3	1	2	2	2	2	6
n/a	OG0003928	2	2	2	2	2	1	2	1	3
n/a	OG0003929	1	2	3	1	2	3	1	1	6
n/a	OG0003930	1	1	2	3	1	1	3	3	1
n/a	OG0003931	2	3	3	1	2	2	1	1	2
n/a	OG0003932	2	2	2	1	2	1	2	2	2
n/a	OG0003933	2	2	3	2	2	2	1	2	3
n/a	OG0003934	1	1	3	2	0	1	4	2	0
n/a	OG0003935	1	2	2	2	2	2	2	2	2
n/a	OG0003936	2	2	2	2	2	2	2	2	2
n/a	OG0003937	1	2	2	2	2	2	2	2	1
n/a	OG0003938	1	1	2	3	2	2	2	2	3
n/a	OG0003939	1	2	1	3	2	2	2	2	2
n/a	OG0003940	1	2	2	2	1	2	2	2	2
n/a	OG0003941	1	2	2	2	2	3	2	2	2
n/a	OG0003942	2	2	2	1	2	2	2	2	2
n/a	OG0003943	1	2	2	1	2	2	2	2	2
n/a	OG0003944	2	1	2	2	2	2	2	2	3
n/a	OG0003945	2	2	2	3	3	2	2	0	1
n/a	OG0003946	2	2	2	2	1	2	2	2	3
n/a	OG0003947	2	2	1	2	1	2	2	2	3
n/a	OG0003948	3	2	1	2	2	2	2	2	2
n/a	OG0003949	2	1	2	2	2	3	2	2	3
n/a	OG0003950	2	1	1	1	1	1	1	1	12
n/a	OG0003951	1	2	1	2	2	2	2	2	2
n/a	OG0003952	1	2	3	2	1	1	1	2	4
n/a	OG0003953	2	2	2	2	2	1	2	2	1
n/a	OG0003954	1	2	2	1	1	2	2	2	6
n/a	OG0003955	1	2	2	2	1	2	2	2	2
n/a	OG0003956	1	2	2	2	1	2	2	2	2
n/a	OG0003957	1	2	2	2	1	3	2	2	2
n/a	OG0003958	3	2	1	1	1	1	2	2	2
n/a	OG0003959	1	2	2	2	2	2	2	2	2
n/a	OG0003960	2	1	2	2	1	1	3	2	2
n/a	OG0003961	1	1	5	1	4	1	2	2	2
n/a	OG0003962	2	2	2	2	2	2	2	2	2
n/a	OG0003963	1	2	3	2	1	2	2	2	1
n/a	OG0003964	2	2	2	2	1	2	2	2	2
n/a	OG0003965	2	2	2	2	1	3	2	1	2
n/a	OG0003966	4	2	3	1	3	4	0	1	2
n/a	OG0003967	1	2	2	2	2	2	2	2	2
n/a	OG0003968	1	2	2	2	2	2	2	2	3
n/a	OG0003969	1	2	2	2	4	2	1	2	2
n/a	OG0003970	1	2	3	1	1	2	1	1	7
n/a	OG0003971	1	2	2	2	1	2	1	2	4
n/a	OG0003972	2	2	2	2	2	2	2	2	2
n/a	OG0003973	2	2	2	1	1	2	2	2	2
n/a	OG0003974	2	2	1	2	2	2	2	2	2
n/a	OG0003975	1	2	2	2	2	2	2	2	2
n/a	OG0003977	3	2	1	2	2	2	1	2	2
n/a	OG0003978	9	1	1	1	4	2	1	1	1
n/a	OG0003979	4	2	2	2	2	1	2	2	2
n/a	OG0003980	2	1	1	2	2	2	2	2	4
n/a	OG0003981	2	2	2	2	2	2	2	0	3
n/a	OG0003982	2	2	2	2	0	2	2	2	2
n/a	OG0003983	2	2	2	2	2	2	2	2	2
n/a	OG0003984	1	2	2	2	0	2	2	2	3
n/a	OG0003985	2	2	2	2	2	2	2	1	3
n/a	OG0003986	2	2	2	2	2	2	2	2	2
n/a	OG0003987	2	1	2	2	3	2	2	2	3
n/a	OG0003988	4	2	2	1	2	3	1	1	3
n/a	OG0003989	2	2	2	2	1	2	2	2	2
n/a	OG0003990	2	2	2	2	3	2	2	1	3
n/a	OG0003991	2	2	1	3	2	2	2	2	2
n/a	OG0003992	3	2	2	0	2	1	2	2	2
n/a	OG0003993	2	2	2	2	2	2	1	2	2
n/a	OG0003994	1	2	2	2	1	2	2	1	4
n/a	OG0003995	1	1	2	3	2	2	2	1	3
n/a	OG0003996	1	2	2	2	2	2	2	2	2
n/a	OG0003997	3	1	1	3	3	2	2	2	1
n/a	OG0003998	4	2	2	1	2	2	1	1	6
n/a	OG0003999	2	2	2	2	1	1	2	2	2
n/a	OG0004000	1	2	2	2	2	1	2	2	2
n/a	OG0004001	1	0	3	1	2	4	2	1	7
n/a	OG0004002	2	1	2	1	2	2	2	2	3
n/a	OG0004003	1	2	2	1	1	1	2	2	1
n/a	OG0004004	1	2	1	2	2	3	2	2	3
n/a	OG0004005	3	1	1	1	1	1	2	2	6
n/a	OG0004006	2	1	2	4	2	3	2	1	1
n/a	OG0004007	2	2	2	2	1	2	2	2	2
n/a	OG0004008	2	2	1	1	5	1	2	1	2
n/a	OG0004009	1	1	2	2	2	3	2	2	4
n/a	OG0004010	3	2	1	3	1	1	2	2	2
n/a	OG0004011	1	2	2	2	1	2	2	2	2
n/a	OG0004012	2	2	2	2	1	2	2	2	1
n/a	OG0004013	3	1	2	2	1	3	2	2	3
n/a	OG0004014	1	2	2	2	2	2	2	2	2
n/a	OG0004015	6	0	2	2	2	2	2	2	2
n/a	OG0004016	2	2	2	2	3	2	1	2	2
n/a	OG0004017	2	2	2	0	2	2	2	2	3
n/a	OG0004018	1	2	2	2	1	2	2	2	2
n/a	OG0004019	2	1	2	4	2	1	2	2	1
n/a	OG0004020	1	3	2	2	2	2	1	1	2
n/a	OG0004021	1	2	2	2	2	2	2	2	2
n/a	OG0004022	1	2	2	2	2	2	2	1	4
n/a	OG0004023	1	3	1	2	1	2	2	2	2
n/a	OG0004024	1	0	2	2	2	2	3	3	3
n/a	OG0004025	2	2	2	2	1	2	2	1	3
n/a	OG0004026	1	1	3	1	1	1	1	1	11
n/a	OG0004027	1	2	2	2	2	2	2	2	1
n/a	OG0004028	1	2	2	2	1	3	2	2	2
n/a	OG0004029	2	2	2	2	2	2	2	2	1
n/a	OG0004030	2	2	2	2	2	2	2	2	1
n/a	OG0004031	3	2	2	2	1	2	2	1	3
n/a	OG0004032	1	2	2	2	2	2	2	2	1
n/a	OG0004033	3	2	2	2	2	2	2	2	2
n/a	OG0004034	3	0	2	2	3	3	2	2	3
n/a	OG0004035	2	2	2	2	2	2	2	1	3
n/a	OG0004036	2	2	2	2	1	2	2	2	3
n/a	OG0004037	1	2	2	2	2	2	3	2	1
n/a	OG0004038	1	2	2	2	1	1	2	2	3
n/a	OG0004039	1	2	2	1	2	2	2	2	1
n/a	OG0004040	2	2	2	2	2	2	2	2	1
n/a	OG0004041	1	2	3	1	2	2	1	1	5
n/a	OG0004042	3	0	2	3	1	1	3	2	1
n/a	OG0004043	2	2	2	2	1	2	2	2	2
n/a	OG0004044	3	1	2	2	3	2	2	2	3
n/a	OG0004045	1	2	2	2	2	2	2	2	2
n/a	OG0004046	3	1	1	3	1	1	3	2	1
n/a	OG0004047	3	2	2	1	4	1	2	0	2
n/a	OG0004048	2	2	2	2	1	1	2	2	3
n/a	OG0004049	1	2	2	2	5	2	2	2	1
n/a	OG0004050	2	4	2	0	2	1	1	1	2
n/a	OG0004051	2	3	1	1	1	1	2	2	2
n/a	OG0004052	1	2	3	2	2	1	2	2	2
n/a	OG0004053	1	2	2	2	1	2	2	2	2
n/a	OG0004054	1	2	2	2	2	1	2	2	2
n/a	OG0004055	3	1	1	2	2	2	2	2	2
n/a	OG0004056	1	2	2	2	2	2	2	2	3
n/a	OG0004057	2	2	2	2	1	2	2	2	4
n/a	OG0004058	1	2	2	2	2	3	2	2	3
n/a	OG0004059	2	2	2	2	2	2	1	2	4
n/a	OG0004060	1	2	2	2	2	2	2	2	2
n/a	OG0004061	2	2	2	2	0	2	2	2	2
n/a	OG0004062	2	2	2	2	2	2	2	2	2
n/a	OG0004063	2	2	2	2	2	2	2	2	3
n/a	OG0004064	2	2	2	2	1	4	2	2	2
n/a	OG0004065	2	2	2	2	1	1	2	2	2
n/a	OG0004066	1	2	2	2	1	2	2	2	2
n/a	OG0004067	3	1	2	3	1	1	2	1	6
n/a	OG0004068	2	1	2	2	2	2	2	2	3
n/a	OG0004069	1	1	2	1	1	3	3	2	3
n/a	OG0004070	2	2	2	2	2	2	2	2	1
n/a	OG0004071	2	2	2	2	1	2	2	2	2
n/a	OG0004072	3	0	2	2	2	2	2	2	5
n/a	OG0004073	2	1	2	2	1	2	3	2	1
n/a	OG0004074	2	1	2	2	1	2	2	2	4
n/a	OG0004075	2	2	4	0	3	6	1	1	2
n/a	OG0004076	2	2	1	2	3	1	2	2	1
n/a	OG0004077	1	2	2	2	2	2	2	2	2
n/a	OG0004078	1	2	2	2	1	3	2	2	1
n/a	OG0004079	3	2	2	2	1	1	2	2	2
n/a	OG0004080	1	2	2	2	3	2	2	2	1
n/a	OG0004081	3	1	3	2	2	2	1	1	4
n/a	OG0004082	2	2	2	2	0	1	2	2	3
n/a	OG0004083	3	1	2	2	2	2	2	2	2
n/a	OG0004084	2	2	2	2	2	2	2	1	2
n/a	OG0004085	2	2	1	2	1	1	2	2	3
n/a	OG0004086	1	2	2	2	2	2	1	2	3
n/a	OG0004087	1	2	2	2	1	2	2	2	2
n/a	OG0004088	2	1	2	2	2	2	2	2	3
n/a	OG0004089	1	1	4	2	1	3	2	2	2
n/a	OG0004090	2	2	2	2	2	1	2	2	2
n/a	OG0004091	2	2	2	2	3	1	2	2	1
n/a	OG0004092	2	3	4	0	1	5	0	2	1
n/a	OG0004093	2	2	2	1	3	3	2	1	2
n/a	OG0004094	1	2	2	1	1	2	2	2	2
n/a	OG0004095	2	1	1	2	3	2	1	2	6
n/a	OG0004096	2	2	3	0	1	2	1	2	3
n/a	OG0004097	1	2	2	2	1	1	1	3	3
n/a	OG0004098	1	2	2	2	1	2	2	2	3
n/a	OG0004099	2	2	2	2	0	2	2	2	2
n/a	OG0004100	1	2	2	2	2	2	2	2	2
n/a	OG0004101	2	2	2	2	1	2	2	1	3
n/a	OG0004102	1	2	2	2	1	2	2	2	2
n/a	OG0004103	1	2	2	2	1	2	2	2	3
n/a	OG0004104	2	2	2	2	2	1	2	2	2
n/a	OG0004105	1	2	2	2	2	1	2	2	2
n/a	OG0004106	2	1	2	3	2	2	2	2	2
n/a	OG0004107	1	2	3	2	1	2	1	2	5
n/a	OG0004108	1	2	2	2	1	2	2	2	3
n/a	OG0004109	1	2	2	2	2	1	2	2	2
n/a	OG0004110	1	2	1	2	3	2	2	2	2
n/a	OG0004111	1	2	2	2	2	2	2	2	2
n/a	OG0004112	1	2	1	0	2	3	2	2	4
n/a	OG0004113	1	2	2	2	1	2	2	2	2
n/a	OG0004114	1	2	3	2	2	2	2	1	2
n/a	OG0004115	1	2	2	2	2	1	2	2	2
n/a	OG0004116	2	2	1	2	2	2	2	2	2
n/a	OG0004117	1	2	2	2	2	2	2	2	2
n/a	OG0004118	1	2	3	1	3	3	1	0	4
n/a	OG0004119	1	2	2	2	2	2	2	2	2
n/a	OG0004120	2	2	1	2	1	1	2	2	4
n/a	OG0004121	1	2	2	2	1	2	2	2	2
n/a	OG0004122	1	2	2	2	2	2	1	0	6
n/a	OG0004123	2	2	2	5	1	1	1	2	2
n/a	OG0004124	2	2	2	2	1	1	2	2	2
n/a	OG0004125	1	2	2	2	2	2	2	1	3
n/a	OG0004126	2	3	2	1	2	3	1	1	2
n/a	OG0004127	2	2	1	2	1	2	2	2	2
n/a	OG0004128	1	2	2	2	1	2	2	2	2
n/a	OG0004129	2	2	2	2	1	2	2	2	2
n/a	OG0004130	1	2	2	3	1	1	2	3	1
n/a	OG0004131	2	2	2	2	1	2	2	2	2
n/a	OG0004132	1	2	2	2	3	1	2	2	2
n/a	OG0004133	2	2	2	1	2	2	1	2	4
n/a	OG0004134	2	2	2	2	0	2	2	2	2
n/a	OG0004135	1	2	3	2	0	2	2	2	3
n/a	OG0004136	1	1	1	10	4	1	1	1	1
n/a	OG0004137	1	2	2	2	2	2	2	2	2
n/a	OG0004138	1	2	2	2	2	2	2	2	3
n/a	OG0004139	1	2	4	2	2	1	2	2	2
n/a	OG0004140	2	2	2	2	2	2	2	2	2
n/a	OG0004141	2	1	2	2	2	2	1	2	4
n/a	OG0004142	1	2	2	2	1	2	2	2	2
n/a	OG0004143	2	2	2	2	1	2	2	2	2
n/a	OG0004144	2	1	2	0	2	2	2	2	3
n/a	OG0004145	1	2	1	1	2	2	2	2	6
n/a	OG0004146	1	2	2	2	1	2	2	2	2
n/a	OG0004147	1	2	2	2	1	2	2	2	2
n/a	OG0004148	1	2	2	2	3	2	1	2	2
n/a	OG0004149	1	2	2	2	2	2	2	1	2
n/a	OG0004150	1	1	1	2	2	2	2	2	4
n/a	OG0004151	1	2	2	0	2	2	2	2	2
n/a	OG0004152	1	2	2	2	1	2	2	2	3
n/a	OG0004153	1	2	3	3	1	1	2	2	2
n/a	OG0004154	1	2	1	2	0	2	3	2	1
n/a	OG0004155	1	2	2	2	2	2	2	2	3
n/a	OG0004156	1	2	2	2	2	2	1	2	3
n/a	OG0004157	1	2	2	2	2	2	2	2	3
n/a	OG0004158	2	1	2	2	3	3	2	2	3
n/a	OG0004159	1	2	2	2	2	2	2	1	3
n/a	OG0004160	1	2	2	2	1	2	2	2	2
n/a	OG0004161	1	2	2	2	2	2	2	2	2
n/a	OG0004162	1	2	2	0	2	2	2	2	2
n/a	OG0004163	1	2	3	2	2	2	2	2	3
n/a	OG0004164	1	2	1	1	1	2	2	2	4
n/a	OG0004165	0	5	3	1	4	0	1	0	0
n/a	OG0004166	0	2	2	2	3	2	2	2	2
n/a	OG0004167	0	2	2	2	2	2	2	2	4
n/a	OG0004168	0	2	2	2	2	2	2	1	3
n/a	OG0004169	0	2	2	2	2	2	2	2	2
n/a	OG0004170	0	2	2	2	2	2	1	1	7
n/a	OG0004171	0	2	2	2	1	2	2	2	3
n/a	OG0004172	0	1	2	2	1	2	2	3	3
n/a	OG0004173	0	2	2	2	2	2	2	2	2
n/a	OG0004174	0	2	2	2	2	2	2	2	2
n/a	OG0004175	0	3	3	1	2	2	2	1	1
n/a	OG0004176	0	2	1	2	1	1	3	2	1
n/a	OG0004177	0	5	2	1	3	0	1	1	0
n/a	OG0004178	0	2	3	1	4	4	1	1	2
n/a	OG0004180	0	2	3	1	1	0	3	3	0
n/a	OG0004181	0	2	4	2	2	2	2	2	1
n/a	OG0004182	0	1	3	3	2	2	2	2	2
n/a	OG0004183	0	2	3	1	2	1	2	2	1
n/a	OG0004184	0	4	0	2	0	0	3	2	0
n/a	OG0004185	0	1	1	4	0	1	3	4	0
n/a	OG0004186	0	2	1	2	2	2	2	2	3
n/a	OG0004187	0	2	2	2	2	2	2	2	2
n/a	OG0004188	0	2	2	10	0	0	2	1	0
n/a	OG0004189	0	1	1	1	13	1	1	2	0
n/a	OG0004190	0	1	2	2	3	2	2	2	3
n/a	OG0004191	0	2	1	2	2	4	2	2	2
n/a	OG0004192	0	2	2	2	1	2	2	2	3
n/a	OG0004193	0	2	2	2	2	2	2	2	3
n/a	OG0004194	0	2	2	0	2	6	2	2	0
n/a	OG0004195	0	1	2	1	0	0	4	4	0
n/a	OG0004196	0	2	3	1	4	2	1	1	5
n/a	OG0004197	0	2	2	2	2	2	2	2	4
n/a	OG0004198	0	1	3	2	1	1	2	3	2
n/a	OG0004199	0	2	2	2	2	2	2	2	3
n/a	OG0004200	0	2	1	2	1	1	4	2	1
n/a	OG0004201	0	2	2	2	2	2	2	2	2
n/a	OG0004202	0	2	2	2	2	2	2	2	3
n/a	OG0004203	0	2	0	2	5	0	2	2	0
n/a	OG0004204	0	3	1	1	1	0	2	2	1
n/a	OG0004205	0	2	2	2	1	3	2	2	3
n/a	OG0004206	0	0	3	3	0	6	2	2	2
n/a	OG0004207	0	2	1	1	5	3	1	2	4
n/a	OG0004208	0	1	4	2	2	0	3	2	0
n/a	OG0004209	0	2	4	2	4	2	1	1	2
n/a	OG0004210	0	2	2	1	2	1	3	2	0
n/a	OG0004211	0	4	2	1	1	1	2	1	1
n/a	OG0004212	0	8	0	1	0	0	0	0	0
n/a	OG0004213	0	2	0	3	0	0	3	4	0
n/a	OG0004214	0	4	2	3	4	1	1	0	1
n/a	OG0004215	0	2	2	2	2	2	2	2	2
n/a	OG0004216	0	3	2	2	5	3	2	0	0
n/a	OG0004217	0	1	2	2	1	2	3	2	3
n/a	OG0004218	0	2	5	3	0	2	1	0	7
n/a	OG0004219	0	1	0	4	0	0	4	4	0
n/a	OG0004220	0	3	2	2	0	2	2	2	2
n/a	OG0004221	0	1	2	2	2	4	3	2	1
n/a	OG0004222	0	1	1	2	0	2	3	4	2
n/a	OG0004223	0	1	1	5	0	3	3	2	0
n/a	OG0004224	0	2	4	2	2	1	2	2	2
n/a	OG0004225	0	4	3	2	0	0	2	2	0
n/a	OG0004226	0	1	2	2	6	3	2	2	0
n/a	OG0004227	0	2	2	3	0	1	3	2	1
n/a	OG0004228	0	2	2	2	2	2	2	2	3
n/a	OG0004229	0	2	2	2	2	2	2	2	2
n/a	OG0004230	0	1	1	1	2	4	2	2	4
n/a	OG0004231	0	2	2	2	1	2	2	2	3
n/a	OG0004232	0	2	1	4	2	1	3	2	1
n/a	OG0004233	0	2	2	4	1	1	3	1	1
n/a	OG0004234	0	1	2	2	4	3	2	2	3
n/a	OG0004235	0	2	2	2	2	2	2	2	4
n/a	OG0004236	0	0	3	2	3	4	2	2	4
n/a	OG0004237	0	0	5	1	3	0	3	4	1
n/a	OG0004238	0	0	0	1	0	0	3	8	0
n/a	OG0004239	0	0	0	3	0	0	4	6	0
n/a	OG0004240	0	0	0	0	3	22	0	0	1
n/a	OG0004242	5	2	2	1	1	2	1	1	3
n/a	OG0004243	0	3	4	4	1	5	0	1	0
n/a	OG0004244	1	1	3	2	2	2	2	2	2
n/a	OG0004245	1	1	2	1	1	1	3	4	1
n/a	OG0004246	2	2	3	2	1	2	1	2	3
n/a	OG0004247	0	2	2	2	2	1	2	2	2
n/a	OG0004248	2	1	1	1	1	1	1	1	11
n/a	OG0004249	4	0	2	2	2	2	2	2	3
n/a	OG0004250	2	2	2	2	1	1	2	2	1
n/a	OG0004251	2	2	2	0	2	2	2	2	2
n/a	OG0004252	4	1	1	2	3	2	2	1	2
n/a	OG0004253	3	2	2	2	1	0	2	2	3
n/a	OG0004254	5	2	1	2	1	1	2	2	1
n/a	OG0004255	1	2	2	2	1	2	1	2	3
n/a	OG0004256	1	1	2	2	2	2	2	2	3
n/a	OG0004257	1	2	2	2	2	2	2	2	2
n/a	OG0004258	1	2	2	2	2	2	2	2	1
n/a	OG0004259	1	1	1	1	3	1	3	2	2
n/a	OG0004260	2	2	2	2	2	2	2	1	3
n/a	OG0004261	4	2	2	1	2	3	1	1	2
n/a	OG0004262	1	1	1	7	1	1	1	1	6
n/a	OG0004263	1	2	2	2	0	2	2	2	3
n/a	OG0004264	2	2	1	2	2	1	2	2	2
n/a	OG0004265	1	1	1	0	2	2	2	2	4
n/a	OG0004266	2	2	2	2	1	2	2	1	2
n/a	OG0004267	2	2	2	2	2	2	2	1	2
n/a	OG0004268	1	2	5	0	0	1	3	2	0
n/a	OG0004269	2	2	2	2	0	2	2	2	2
n/a	OG0004270	1	2	2	0	2	2	2	2	2
n/a	OG0004271	3	1	2	2	2	2	2	1	3
n/a	OG0004272	3	1	1	2	4	2	2	2	2
n/a	OG0004273	3	2	2	2	1	2	2	1	2
n/a	OG0004274	1	2	2	2	0	3	2	2	3
n/a	OG0004275	1	1	3	2	2	2	2	2	2
n/a	OG0004276	1	1	2	2	2	3	2	2	2
n/a	OG0004277	1	2	2	2	1	1	2	2	2
n/a	OG0004278	1	2	1	1	1	1	2	2	6
n/a	OG0004279	2	2	2	1	2	2	2	1	3
n/a	OG0004280	2	0	2	2	2	2	2	2	4
n/a	OG0004281	2	0	3	2	1	3	2	2	4
n/a	OG0004282	2	2	2	2	1	2	2	2	1
n/a	OG0004283	3	1	2	1	2	2	2	2	2
n/a	OG0004284	2	2	2	3	1	2	2	1	2
n/a	OG0004285	3	1	2	2	2	2	2	2	3
n/a	OG0004286	2	2	2	2	2	2	2	2	2
n/a	OG0004287	1	1	1	2	1	1	3	4	1
n/a	OG0004288	1	2	2	2	2	2	1	2	2
n/a	OG0004289	1	1	2	2	2	2	2	2	3
n/a	OG0004290	2	2	1	2	2	2	1	2	3
n/a	OG0004291	1	2	1	2	2	2	2	2	1
n/a	OG0004292	2	2	2	2	2	2	1	2	2
n/a	OG0004293	3	2	1	2	1	2	1	2	3
n/a	OG0004294	1	2	3	2	0	1	2	2	2
n/a	OG0004295	1	2	2	2	0	2	2	2	2
n/a	OG0004296	4	2	1	2	1	2	2	2	1
n/a	OG0004297	2	2	2	1	2	2	2	2	2
n/a	OG0004298	1	2	2	0	2	2	2	2	2
n/a	OG0004299	1	2	1	2	1	2	2	2	3
n/a	OG0004300	3	3	1	1	1	2	2	2	1
n/a	OG0004301	5	2	2	1	2	2	1	1	3
n/a	OG0004302	9	1	1	1	1	1	1	2	2
n/a	OG0004303	2	1	2	2	2	2	1	2	3
n/a	OG0004304	3	2	2	2	2	2	2	1	1
n/a	OG0004305	3	2	2	2	2	2	1	2	2
n/a	OG0004306	1	2	2	2	1	2	2	2	2
n/a	OG0004307	1	2	2	2	2	2	2	2	1
n/a	OG0004308	2	2	2	2	1	2	2	2	2
n/a	OG0004309	1	2	2	3	1	2	2	2	0
n/a	OG0004310	2	2	2	2	1	2	2	2	2
n/a	OG0004311	2	2	1	2	2	2	2	2	2
n/a	OG0004312	3	2	2	0	2	2	2	2	1
n/a	OG0004313	4	1	4	1	1	2	1	2	2
n/a	OG0004314	1	2	2	2	1	2	2	2	2
n/a	OG0004315	6	1	1	2	2	2	1	2	3
n/a	OG0004316	2	1	2	2	2	2	2	2	3
n/a	OG0004317	3	1	2	2	2	2	2	2	1
n/a	OG0004318	1	2	1	2	1	2	2	2	3
n/a	OG0004319	1	2	2	2	2	2	2	1	2
n/a	OG0004320	1	2	2	2	1	2	2	2	1
n/a	OG0004321	1	2	2	2	1	2	2	2	3
n/a	OG0004322	2	2	2	2	1	2	2	2	2
n/a	OG0004323	11	0	2	1	1	3	1	1	1
n/a	OG0004324	2	1	2	2	1	3	2	2	2
n/a	OG0004325	2	2	2	0	2	1	3	2	1
n/a	OG0004326	2	2	2	2	1	2	2	2	2
n/a	OG0004327	2	2	2	3	0	1	2	2	1
n/a	OG0004328	6	1	1	2	1	1	2	2	1
n/a	OG0004329	1	1	2	2	2	3	1	2	3
n/a	OG0004330	1	1	1	1	1	2	3	3	1
n/a	OG0004331	1	1	2	2	1	2	2	2	3
n/a	OG0004332	1	2	2	2	1	2	2	2	2
n/a	OG0004333	2	2	1	2	2	2	2	2	2
n/a	OG0004334	1	2	2	2	0	2	2	2	2
n/a	OG0004335	1	2	3	2	2	2	1	2	2
n/a	OG0004336	1	2	2	1	2	2	2	1	4
n/a	OG0004337	1	2	1	2	4	3	1	2	2
n/a	OG0004338	2	2	2	2	2	3	1	2	2
n/a	OG0004339	2	2	2	2	1	1	2	2	1
n/a	OG0004340	1	2	2	2	2	2	2	2	2
n/a	OG0004341	1	1	1	1	1	1	1	1	12
n/a	OG0004342	1	1	0	0	0	0	3	3	6
n/a	OG0004343	2	2	2	2	1	2	1	2	4
n/a	OG0004344	1	2	2	2	1	1	2	2	2
n/a	OG0004345	1	2	1	2	1	2	2	2	2
n/a	OG0004346	4	3	1	2	1	1	1	1	1
n/a	OG0004347	3	2	3	1	2	1	1	1	2
n/a	OG0004348	2	2	2	2	0	1	2	2	2
n/a	OG0004349	1	1	2	3	1	2	2	2	3
n/a	OG0004350	9	1	1	2	1	2	1	1	2
n/a	OG0004351	3	2	2	0	1	2	2	1	4
n/a	OG0004352	2	2	2	2	1	2	2	2	1
n/a	OG0004353	1	2	2	2	2	2	1	2	2
n/a	OG0004354	12	1	0	2	0	0	3	0	0
n/a	OG0004355	2	2	2	2	1	1	2	2	1
n/a	OG0004356	1	2	1	2	1	2	2	2	2
n/a	OG0004357	2	2	1	1	1	2	2	2	2
n/a	OG0004358	2	2	2	0	1	2	2	2	2
n/a	OG0004359	1	1	2	3	1	1	2	3	2
n/a	OG0004360	1	2	2	1	1	2	2	2	2
n/a	OG0004361	2	2	2	2	1	2	2	2	2
n/a	OG0004362	3	2	2	2	1	2	1	2	3
n/a	OG0004363	2	2	2	2	0	2	2	2	2
n/a	OG0004364	3	2	2	2	1	1	2	2	1
n/a	OG0004365	1	2	2	2	2	3	1	2	2
n/a	OG0004366	2	2	2	2	1	2	2	2	2
n/a	OG0004367	2	2	2	2	1	2	2	1	2
n/a	OG0004368	1	2	2	1	1	2	2	2	2
n/a	OG0004369	1	2	3	2	1	2	2	2	2
n/a	OG0004370	1	2	2	2	1	2	2	2	2
n/a	OG0004371	1	2	2	1	1	2	2	2	2
n/a	OG0004372	4	3	2	0	2	2	1	0	1
n/a	OG0004373	3	3	2	0	3	2	1	1	2
n/a	OG0004374	2	2	2	2	2	1	1	2	3
n/a	OG0004375	2	2	2	2	2	1	2	2	2
n/a	OG0004376	2	2	1	2	2	2	2	1	2
n/a	OG0004377	1	1	1	1	1	1	1	1	13
n/a	OG0004378	1	5	1	2	1	1	1	0	1
n/a	OG0004379	1	1	2	2	2	2	2	2	2
n/a	OG0004380	3	2	2	2	1	1	2	2	1
n/a	OG0004381	2	1	3	2	1	2	2	2	2
n/a	OG0004382	2	2	2	2	2	2	1	1	4
n/a	OG0004383	1	2	1	1	1	2	3	2	1
n/a	OG0004384	2	1	1	2	1	1	3	2	2
n/a	OG0004385	1	2	2	2	1	1	2	2	2
n/a	OG0004386	3	0	2	4	2	2	2	2	2
n/a	OG0004387	2	2	1	2	1	2	2	2	2
n/a	OG0004388	1	2	2	2	1	2	2	2	2
n/a	OG0004389	2	2	2	2	0	3	2	0	3
n/a	OG0004390	3	2	2	1	1	1	2	2	2
n/a	OG0004391	2	2	2	2	2	2	2	1	2
n/a	OG0004392	1	2	2	3	2	1	2	2	2
n/a	OG0004393	2	1	2	2	2	2	2	2	3
n/a	OG0004394	1	2	2	2	2	2	2	2	2
n/a	OG0004395	1	2	1	2	1	2	2	2	2
n/a	OG0004396	3	1	1	2	4	1	1	1	6
n/a	OG0004397	3	2	2	2	1	2	1	1	3
n/a	OG0004398	1	2	2	0	2	2	2	2	2
n/a	OG0004399	2	2	3	1	0	1	2	2	1
n/a	OG0004400	1	2	2	2	0	2	3	2	1
n/a	OG0004401	1	2	2	2	2	2	1	2	2
n/a	OG0004402	1	1	1	2	1	1	4	2	1
n/a	OG0004403	1	2	2	2	2	2	2	1	3
n/a	OG0004404	1	1	2	2	1	2	2	2	3
n/a	OG0004405	1	2	2	1	1	1	2	3	2
n/a	OG0004406	1	2	2	2	1	2	2	2	2
n/a	OG0004407	1	2	4	2	1	2	2	2	0
n/a	OG0004408	1	1	2	1	3	2	2	2	2
n/a	OG0004409	1	2	2	2	2	2	2	2	1
n/a	OG0004410	2	3	2	1	2	2	1	1	3
n/a	OG0004411	1	2	2	2	2	2	2	1	2
n/a	OG0004412	2	1	2	2	2	2	2	2	3
n/a	OG0004413	2	2	1	2	1	1	2	2	2
n/a	OG0004414	3	2	1	0	3	2	2	0	3
n/a	OG0004415	3	2	2	1	2	2	1	2	2
n/a	OG0004416	2	2	2	2	0	1	2	2	2
n/a	OG0004417	1	2	2	2	2	2	2	1	2
n/a	OG0004418	1	2	2	2	2	2	2	1	2
n/a	OG0004419	1	2	2	2	1	1	2	2	1
n/a	OG0004420	1	2	1	2	2	2	2	2	2
n/a	OG0004421	2	2	2	2	2	2	1	2	2
n/a	OG0004422	1	2	2	2	2	2	2	2	2
n/a	OG0004423	1	2	2	2	2	2	2	2	2
n/a	OG0004424	1	2	2	2	1	2	2	2	3
n/a	OG0004425	1	2	2	2	1	2	1	2	3
n/a	OG0004426	1	1	2	2	2	2	2	2	2
n/a	OG0004427	1	2	1	1	1	3	2	2	2
n/a	OG0004428	1	1	2	2	1	1	3	2	2
n/a	OG0004429	1	2	2	2	1	2	2	2	2
n/a	OG0004430	3	2	2	1	2	2	1	1	4
n/a	OG0004431	1	2	1	2	2	2	2	2	1
n/a	OG0004432	2	2	2	2	2	2	1	2	2
n/a	OG0004433	1	2	1	6	1	1	0	0	7
n/a	OG0004434	1	2	2	2	1	2	2	2	2
n/a	OG0004435	8	2	2	0	1	1	1	1	1
n/a	OG0004436	1	1	2	2	1	2	2	2	3
n/a	OG0004437	1	2	2	2	1	2	2	2	2
n/a	OG0004438	1	2	2	2	1	1	2	2	2
n/a	OG0004439	1	2	1	2	1	2	2	2	3
n/a	OG0004440	1	2	2	0	1	2	2	2	3
n/a	OG0004441	2	2	2	2	2	2	1	1	3
n/a	OG0004442	9	1	1	1	2	2	1	1	2
n/a	OG0004443	1	2	2	2	0	4	2	2	2
n/a	OG0004444	1	2	2	2	1	2	2	2	2
n/a	OG0004445	2	2	2	2	1	2	1	2	2
n/a	OG0004446	1	2	2	1	2	2	2	2	2
n/a	OG0004447	1	2	2	2	3	2	1	2	2
n/a	OG0004448	1	2	1	2	5	1	2	2	1
n/a	OG0004449	2	2	2	2	1	1	2	2	1
n/a	OG0004450	3	2	2	2	2	2	1	2	1
n/a	OG0004451	2	1	2	2	0	2	2	2	3
n/a	OG0004452	2	2	2	2	2	2	2	1	2
n/a	OG0004453	2	2	3	2	1	1	2	2	1
n/a	OG0004454	2	1	2	2	1	2	2	2	2
n/a	OG0004455	1	2	2	2	1	2	2	2	2
n/a	OG0004456	3	2	1	2	1	1	2	2	1
n/a	OG0004457	2	2	2	2	2	2	2	1	2
n/a	OG0004458	1	2	3	2	2	1	1	2	3
n/a	OG0004459	1	2	2	2	2	2	2	2	2
n/a	OG0004460	1	2	2	0	2	2	2	2	2
n/a	OG0004461	2	1	3	1	1	2	1	1	8
n/a	OG0004462	2	2	2	2	1	1	2	2	2
n/a	OG0004463	2	2	2	2	1	2	1	1	4
n/a	OG0004464	2	2	2	2	2	2	1	2	2
n/a	OG0004465	1	2	2	2	1	2	1	2	3
n/a	OG0004466	1	2	2	2	2	2	2	2	2
n/a	OG0004467	1	2	3	2	1	2	1	2	2
n/a	OG0004468	1	2	2	2	1	2	2	2	1
n/a	OG0004469	1	1	2	2	3	2	2	1	3
n/a	OG0004470	1	2	2	2	2	1	2	2	1
n/a	OG0004471	1	2	3	2	1	1	2	2	1
n/a	OG0004472	2	2	2	0	2	2	1	0	7
n/a	OG0004473	2	2	2	2	0	2	2	2	2
n/a	OG0004474	1	1	2	2	2	2	2	2	2
n/a	OG0004475	1	2	2	2	2	2	2	2	2
n/a	OG0004476	1	1	2	2	2	1	2	2	5
n/a	OG0004477	1	2	2	2	1	2	2	2	1
n/a	OG0004478	1	2	2	2	1	2	2	2	2
n/a	OG0004479	1	1	1	2	1	1	3	3	1
n/a	OG0004480	1	2	2	2	1	2	2	2	2
n/a	OG0004481	1	1	3	0	3	2	2	1	3
n/a	OG0004482	1	2	2	2	2	2	2	2	2
n/a	OG0004483	1	2	2	2	2	2	2	2	2
n/a	OG0004484	1	2	2	2	1	2	2	2	2
n/a	OG0004485	1	2	2	2	1	2	2	1	3
n/a	OG0004486	1	1	2	2	2	2	2	2	2
n/a	OG0004487	1	2	1	3	1	1	3	2	1
n/a	OG0004488	1	2	2	2	0	2	2	2	3
n/a	OG0004489	1	0	4	0	0	0	5	2	0
n/a	OG0004490	1	1	2	0	0	1	5	2	0
n/a	OG0004491	1	1	3	0	0	0	4	2	0
n/a	OG0004492	1	1	2	0	0	1	3	4	0
n/a	OG0004493	0	2	2	2	1	2	2	2	2
n/a	OG0004494	0	2	2	2	2	2	2	2	3
n/a	OG0004495	0	1	0	1	0	0	4	4	0
n/a	OG0004496	0	3	2	2	1	2	2	2	0
n/a	OG0004497	0	3	5	1	2	4	1	1	0
n/a	OG0004498	0	2	3	2	1	2	1	2	3
n/a	OG0004499	0	2	2	2	2	2	2	2	2
n/a	OG0004500	0	3	2	0	2	2	2	2	3
n/a	OG0004501	0	2	1	1	1	1	3	2	1
n/a	OG0004502	0	3	1	1	2	1	2	2	1
n/a	OG0004503	0	2	2	1	2	2	2	2	2
n/a	OG0004504	0	2	2	2	2	1	2	2	1
n/a	OG0004505	0	2	3	1	2	3	2	1	3
n/a	OG0004506	0	2	2	1	2	2	2	2	2
n/a	OG0004507	0	2	2	2	3	2	1	2	2
n/a	OG0004508	0	2	2	2	1	1	2	2	1
n/a	OG0004509	0	5	0	0	0	2	1	1	2
n/a	OG0004510	0	1	1	2	1	2	4	2	1
n/a	OG0004511	0	3	2	4	0	0	2	2	0
n/a	OG0004512	0	1	2	1	1	10	2	1	1
n/a	OG0004513	0	3	3	0	7	1	2	0	0
n/a	OG0004514	0	2	3	0	4	1	3	1	1
n/a	OG0004516	0	1	0	4	3	2	3	2	0
n/a	OG0004517	0	2	2	2	1	2	2	2	2
n/a	OG0004518	0	6	1	0	2	5	0	0	0
n/a	OG0004519	0	3	2	3	1	1	2	0	0
n/a	OG0004520	0	2	3	2	1	2	2	2	0
n/a	OG0004521	0	3	0	1	2	1	2	2	0
n/a	OG0004522	0	2	2	2	1	2	2	1	4
n/a	OG0004523	0	1	3	2	0	6	2	2	2
n/a	OG0004524	0	2	2	2	2	2	2	2	2
n/a	OG0004525	0	4	1	1	5	1	1	1	1
n/a	OG0004526	0	2	2	2	2	2	2	2	3
n/a	OG0004527	0	2	2	2	1	2	2	2	3
n/a	OG0004528	0	4	1	1	1	4	1	1	2
n/a	OG0004529	0	3	1	2	1	1	2	2	2
n/a	OG0004530	0	2	3	1	1	5	1	1	4
n/a	OG0004531	0	3	3	4	1	2	0	1	3
n/a	OG0004532	0	1	1	2	1	1	4	2	1
n/a	OG0004533	0	2	1	0	1	4	2	2	3
n/a	OG0004534	0	3	2	2	1	1	2	2	1
n/a	OG0004535	0	2	2	2	2	2	2	2	2
n/a	OG0004536	0	2	1	2	2	2	2	2	3
n/a	OG0004537	0	2	1	2	1	1	3	2	0
n/a	OG0004538	0	3	0	2	4	1	2	2	0
n/a	OG0004539	0	2	2	1	1	3	3	2	2
n/a	OG0004540	0	1	0	1	1	0	3	6	0
n/a	OG0004541	0	1	2	1	4	1	3	2	1
n/a	OG0004542	0	1	1	2	2	6	2	2	3
n/a	OG0004543	0	1	1	1	6	7	1	1	2
n/a	OG0004544	0	2	1	3	0	0	2	4	0
n/a	OG0004545	0	2	2	2	1	3	2	2	2
n/a	OG0004546	0	2	2	2	2	2	2	2	2
n/a	OG0004547	0	2	2	2	1	2	2	2	1
n/a	OG0004548	0	3	0	2	0	0	3	2	0
n/a	OG0004549	0	2	1	0	3	1	3	3	0
n/a	OG0004550	0	3	1	1	3	0	2	2	0
n/a	OG0004551	0	4	1	2	0	0	2	2	0
n/a	OG0004552	0	2	2	4	0	2	3	2	1
n/a	OG0004553	0	2	1	3	1	1	2	3	0
n/a	OG0004554	0	2	2	2	2	2	2	2	2
n/a	OG0004555	0	2	2	2	2	2	2	2	1
n/a	OG0004556	0	2	2	2	1	3	2	2	3
n/a	OG0004557	0	2	2	2	0	1	2	2	6
n/a	OG0004558	0	2	0	1	0	1	3	4	1
n/a	OG0004559	0	2	2	2	1	2	2	2	2
n/a	OG0004560	0	3	1	2	1	1	2	2	1
n/a	OG0004561	0	2	2	2	3	2	2	1	2
n/a	OG0004562	0	2	3	1	0	1	3	2	2
n/a	OG0004563	0	1	1	3	2	1	3	2	3
n/a	OG0004564	0	3	1	2	0	1	3	1	2
n/a	OG0004565	0	2	2	2	2	1	2	2	1
n/a	OG0004566	0	2	2	2	1	2	2	2	2
n/a	OG0004567	0	2	2	2	5	2	1	1	2
n/a	OG0004568	0	2	2	2	2	2	2	2	3
n/a	OG0004569	0	1	1	1	0	1	1	1	14
n/a	OG0004570	0	0	1	3	0	0	5	4	0
n/a	OG0004571	0	0	0	0	8	3	0	2	10
n/a	OG0004572	5	0	1	1	2	2	2	2	3
n/a	OG0004573	4	2	2	1	2	2	1	1	2
n/a	OG0004574	2	2	2	2	1	1	2	2	1
n/a	OG0004575	1	1	2	2	2	2	2	2	3
n/a	OG0004576	3	2	2	2	1	2	2	0	1
n/a	OG0004577	2	0	2	2	2	2	2	2	4
n/a	OG0004578	1	2	2	2	1	2	2	2	2
n/a	OG0004579	1	1	1	3	1	2	3	2	2
n/a	OG0004580	2	2	2	2	1	2	2	2	1
n/a	OG0004581	2	1	2	2	2	1	2	2	2
n/a	OG0004582	2	1	1	1	1	1	1	1	11
n/a	OG0004583	2	0	0	1	11	0	0	2	5
n/a	OG0004584	5	1	2	0	2	2	2	2	2
n/a	OG0004585	1	3	0	0	0	0	1	1	9
n/a	OG0004586	2	2	1	3	1	1	2	1	2
n/a	OG0004587	2	1	1	2	2	2	2	2	2
n/a	OG0004588	1	3	1	1	1	1	2	2	1
n/a	OG0004589	11	1	1	1	1	1	1	1	1
n/a	OG0004590	2	2	2	1	0	2	2	2	3
n/a	OG0004591	1	0	2	1	2	4	2	2	3
n/a	OG0004592	1	2	2	2	1	2	2	2	1
n/a	OG0004593	2	2	1	1	1	2	2	1	3
n/a	OG0004594	1	2	2	2	2	1	2	2	1
n/a	OG0004595	1	2	1	3	2	4	2	1	1
n/a	OG0004596	1	2	2	2	2	1	2	2	2
n/a	OG0004597	2	2	2	2	1	2	1	1	3
n/a	OG0004598	2	2	2	2	2	2	1	1	4
n/a	OG0004599	3	2	1	1	2	3	1	1	4
n/a	OG0004600	1	1	0	1	1	0	1	2	10
n/a	OG0004601	2	1	3	1	3	3	1	1	4
n/a	OG0004602	1	1	2	2	2	1	1	1	8
n/a	OG0004603	2	2	2	2	1	1	2	2	1
n/a	OG0004604	1	2	1	2	1	2	2	2	1
n/a	OG0004605	1	2	3	2	2	1	2	1	2
n/a	OG0004606	1	1	2	2	2	2	2	2	2
n/a	OG0004607	2	1	1	2	1	2	2	2	2
n/a	OG0004608	4	0	2	3	2	2	2	2	2
n/a	OG0004609	2	2	3	2	0	2	1	2	1
n/a	OG0004610	2	2	2	2	2	2	2	0	2
n/a	OG0004611	2	1	2	2	1	1	2	2	1
n/a	OG0004612	2	1	2	2	2	2	2	1	3
n/a	OG0004613	2	1	2	2	2	3	1	2	3
n/a	OG0004614	1	1	2	2	2	2	2	2	2
n/a	OG0004615	1	2	2	2	2	1	1	2	2
n/a	OG0004616	1	2	2	2	2	2	1	2	1
n/a	OG0004617	1	2	3	2	1	1	1	2	2
n/a	OG0004618	2	2	2	2	1	0	2	2	1
n/a	OG0004619	1	1	1	2	2	4	2	2	1
n/a	OG0004621	3	1	2	2	2	1	2	2	2
n/a	OG0004622	2	2	2	2	1	1	2	1	2
n/a	OG0004623	1	2	2	2	1	1	2	2	1
n/a	OG0004624	2	2	2	2	2	2	2	0	0
n/a	OG0004625	1	1	2	2	2	2	2	2	2
n/a	OG0004626	1	2	2	1	2	4	1	2	2
n/a	OG0004627	1	2	2	2	1	2	2	2	1
n/a	OG0004628	1	2	3	1	1	2	2	2	2
n/a	OG0004629	2	3	0	0	2	2	1	1	3
n/a	OG0004630	2	2	1	2	1	2	2	2	1
n/a	OG0004631	3	1	1	2	1	1	2	2	3
n/a	OG0004632	1	2	2	2	1	2	2	2	2
n/a	OG0004633	1	2	1	3	2	1	2	2	1
n/a	OG0004634	4	1	1	1	1	2	2	2	2
n/a	OG0004635	2	1	1	1	1	1	1	1	10
n/a	OG0004636	1	2	2	2	1	1	2	2	2
n/a	OG0004637	2	2	2	0	1	1	2	2	3
n/a	OG0004638	2	2	2	2	2	1	2	2	1
n/a	OG0004639	2	1	1	1	0	3	1	1	9
n/a	OG0004640	1	1	2	2	2	2	2	2	1
n/a	OG0004641	2	2	2	0	1	2	2	1	3
n/a	OG0004642	2	1	2	1	2	2	2	2	3
n/a	OG0004643	1	1	2	2	1	1	2	2	3
n/a	OG0004644	1	2	1	2	2	2	1	2	2
n/a	OG0004645	3	2	2	2	0	2	2	2	1
n/a	OG0004646	1	2	2	2	2	1	2	2	2
n/a	OG0004647	1	1	1	3	1	1	3	2	2
n/a	OG0004648	1	2	2	1	1	2	2	2	2
n/a	OG0004649	1	1	2	2	2	2	2	1	3
n/a	OG0004650	2	1	1	1	1	4	2	2	3
n/a	OG0004651	2	2	1	0	1	2	2	2	2
n/a	OG0004652	3	2	2	1	1	2	1	2	2
n/a	OG0004653	2	2	2	2	0	2	2	2	1
n/a	OG0004654	1	2	2	1	1	3	2	2	1
n/a	OG0004655	2	2	2	1	1	2	2	2	2
n/a	OG0004656	2	2	3	1	2	2	2	1	2
n/a	OG0004657	3	2	2	0	2	3	2	0	2
n/a	OG0004658	2	0	2	2	2	2	2	2	4
n/a	OG0004659	1	2	2	2	1	2	2	1	4
n/a	OG0004660	3	1	2	2	2	2	1	2	2
n/a	OG0004661	2	2	2	2	1	2	1	2	2
n/a	OG0004662	1	2	2	2	1	1	1	2	3
n/a	OG0004663	1	1	3	2	3	3	1	2	1
n/a	OG0004664	1	1	3	2	2	2	2	1	2
n/a	OG0004665	2	2	2	0	0	2	2	2	2
n/a	OG0004666	1	1	2	2	2	2	2	2	2
n/a	OG0004667	2	2	1	2	3	1	2	1	1
n/a	OG0004668	1	1	1	1	1	3	2	2	4
n/a	OG0004669	1	2	2	3	0	2	2	2	1
n/a	OG0004670	1	2	2	2	1	2	2	1	2
n/a	OG0004671	2	2	1	2	0	1	2	2	2
n/a	OG0004672	1	2	2	2	2	2	1	2	2
n/a	OG0004673	1	2	2	2	1	1	2	2	2
n/a	OG0004674	2	1	2	2	0	4	1	2	5
n/a	OG0004675	1	1	1	2	2	2	2	2	2
n/a	OG0004676	2	1	2	3	1	1	2	2	1
n/a	OG0004677	1	2	3	1	3	3	1	1	3
n/a	OG0004678	1	2	2	0	2	2	2	1	3
n/a	OG0004679	1	2	2	2	2	2	2	1	1
n/a	OG0004680	2	2	1	0	3	2	1	2	1
n/a	OG0004681	3	2	1	0	3	3	1	2	2
n/a	OG0004682	1	2	2	2	1	2	2	2	1
n/a	OG0004683	2	1	1	1	1	1	1	1	10
n/a	OG0004684	2	1	2	2	2	2	2	2	2
n/a	OG0004685	1	1	2	2	0	2	2	2	6
n/a	OG0004686	1	2	2	2	2	1	1	2	2
n/a	OG0004687	2	2	2	0	2	2	2	1	3
n/a	OG0004688	2	2	2	2	1	1	2	1	2
n/a	OG0004689	2	2	2	2	2	2	2	0	2
n/a	OG0004690	1	2	2	2	2	2	2	2	2
n/a	OG0004691	1	2	3	2	1	2	2	2	2
n/a	OG0004692	1	2	2	3	2	1	2	1	2
n/a	OG0004693	1	2	2	2	1	2	1	2	4
n/a	OG0004694	3	2	1	0	2	1	2	2	3
n/a	OG0004695	1	1	2	2	2	2	2	2	3
n/a	OG0004696	1	2	2	2	2	2	1	2	2
n/a	OG0004697	2	2	2	1	1	1	2	1	2
n/a	OG0004698	1	2	1	2	2	1	2	2	2
n/a	OG0004699	2	3	1	2	2	1	1	1	3
n/a	OG0004700	1	1	1	3	2	1	2	2	2
n/a	OG0004701	1	2	2	2	1	2	1	2	2
n/a	OG0004702	2	2	2	2	2	1	2	2	0
n/a	OG0004703	1	1	1	1	1	1	3	2	1
n/a	OG0004704	1	2	1	2	0	2	2	2	2
n/a	OG0004705	2	2	2	2	0	2	1	2	3
n/a	OG0004706	1	2	2	2	2	1	2	2	1
n/a	OG0004707	2	2	2	1	2	2	1	1	4
n/a	OG0004708	2	1	2	2	2	2	1	2	2
n/a	OG0004709	1	2	2	1	0	4	1	2	3
n/a	OG0004710	4	2	2	0	2	3	1	1	2
n/a	OG0004711	1	2	2	2	1	2	2	1	3
n/a	OG0004712	2	2	2	2	2	3	1	2	1
n/a	OG0004713	1	3	1	0	1	2	2	2	3
n/a	OG0004714	3	2	4	0	2	2	1	1	2
n/a	OG0004715	3	1	2	3	1	2	2	2	1
n/a	OG0004716	2	1	2	2	2	2	1	2	2
n/a	OG0004717	2	1	1	2	2	2	2	2	3
n/a	OG0004718	2	2	1	2	1	1	2	2	2
n/a	OG0004719	2	1	2	2	1	2	2	2	2
n/a	OG0004720	1	3	2	2	1	1	2	2	1
n/a	OG0004721	1	2	1	0	2	3	2	2	1
n/a	OG0004722	1	1	2	2	0	2	2	2	3
n/a	OG0004723	2	2	2	2	2	2	1	2	2
n/a	OG0004724	1	2	2	2	1	2	2	2	2
n/a	OG0004725	1	1	1	8	1	1	1	2	1
n/a	OG0004726	1	2	2	2	2	2	2	2	2
n/a	OG0004727	1	2	2	2	3	2	2	2	0
n/a	OG0004728	1	1	1	2	2	2	2	3	2
n/a	OG0004729	1	2	2	1	1	2	2	2	2
n/a	OG0004730	3	1	2	2	1	2	2	2	2
n/a	OG0004731	1	1	1	1	1	1	1	1	11
n/a	OG0004732	2	1	3	2	1	2	2	2	2
n/a	OG0004733	4	1	1	3	1	1	2	2	2
n/a	OG0004734	1	1	1	2	2	2	2	2	4
n/a	OG0004735	2	2	2	2	2	2	1	1	3
n/a	OG0004736	2	2	2	2	1	1	2	2	2
n/a	OG0004737	1	1	1	2	1	1	1	2	8
n/a	OG0004738	1	2	2	2	2	2	2	0	2
n/a	OG0004739	1	2	2	2	2	2	2	2	0
n/a	OG0004740	1	1	2	2	2	2	2	2	3
n/a	OG0004741	2	3	1	2	0	2	1	2	2
n/a	OG0004742	1	2	2	2	1	2	2	2	2
n/a	OG0004743	2	1	2	2	1	1	2	2	1
n/a	OG0004744	1	2	2	2	1	1	2	2	1
n/a	OG0004745	4	1	1	1	1	1	1	1	8
n/a	OG0004746	3	0	2	2	2	2	2	2	3
n/a	OG0004747	1	7	1	0	0	0	0	0	0
n/a	OG0004748	1	2	1	2	1	2	2	2	2
n/a	OG0004749	1	2	1	1	1	1	3	2	1
n/a	OG0004750	1	2	2	2	2	2	1	2	2
n/a	OG0004751	2	1	2	2	1	2	1	2	4
n/a	OG0004752	1	2	2	2	1	2	2	2	2
n/a	OG0004753	3	1	1	1	0	1	1	1	10
n/a	OG0004754	1	1	1	1	1	2	1	1	10
n/a	OG0004755	2	1	1	1	1	1	1	1	9
n/a	OG0004756	1	1	1	1	1	1	1	1	11
n/a	OG0004757	1	2	2	2	2	2	1	2	2
n/a	OG0004758	2	1	1	1	2	2	1	1	8
n/a	OG0004759	2	1	1	2	1	1	2	2	3
n/a	OG0004760	1	2	1	0	1	1	2	2	4
n/a	OG0004761	1	2	2	2	1	2	2	2	1
n/a	OG0004762	1	1	2	1	2	2	1	0	9
n/a	OG0004763	1	1	2	2	2	2	2	2	2
n/a	OG0004764	1	1	3	3	1	2	3	0	2
n/a	OG0004765	1	2	2	2	2	1	2	2	3
n/a	OG0004766	2	2	1	1	1	2	2	2	2
n/a	OG0004767	1	2	2	2	1	2	2	2	1
n/a	OG0004768	2	1	2	2	1	2	2	2	3
n/a	OG0004769	1	0	1	1	2	3	2	3	2
n/a	OG0004770	1	2	2	2	1	2	2	2	2
n/a	OG0004771	2	2	2	1	2	2	2	1	3
n/a	OG0004772	1	2	2	2	2	1	2	2	1
n/a	OG0004773	1	2	2	3	0	1	2	2	1
n/a	OG0004774	1	2	1	2	1	1	2	2	2
n/a	OG0004775	4	1	1	2	1	2	2	2	2
n/a	OG0004776	2	2	2	2	1	2	1	2	2
n/a	OG0004777	2	1	1	3	1	1	1	1	8
n/a	OG0004778	2	2	3	1	2	2	1	1	2
n/a	OG0004779	1	2	2	2	2	2	1	2	2
n/a	OG0004780	1	2	2	1	2	2	1	1	5
n/a	OG0004781	1	2	2	2	2	2	2	2	1
n/a	OG0004782	1	2	2	2	2	2	1	2	2
n/a	OG0004783	1	1	2	2	2	2	2	2	2
n/a	OG0004784	1	2	2	2	1	2	2	2	2
n/a	OG0004785	1	2	1	2	0	2	2	2	2
n/a	OG0004786	1	2	2	1	1	1	2	2	1
n/a	OG0004787	1	1	2	2	2	1	2	2	2
n/a	OG0004788	1	2	2	2	1	2	2	2	2
n/a	OG0004789	1	2	1	2	0	1	2	2	2
n/a	OG0004790	1	3	2	1	1	2	2	2	1
n/a	OG0004791	1	2	2	0	2	1	2	2	2
n/a	OG0004792	1	2	2	2	0	2	2	2	2
n/a	OG0004793	1	1	2	2	2	2	2	2	2
n/a	OG0004794	1	2	2	2	2	1	2	2	1
n/a	OG0004795	2	2	2	2	1	1	2	2	1
n/a	OG0004796	1	1	3	2	2	2	1	2	3
n/a	OG0004797	1	2	1	2	3	2	2	2	1
n/a	OG0004798	1	2	2	2	1	3	2	2	2
n/a	OG0004799	1	2	2	2	2	2	2	2	1
n/a	OG0004800	2	2	3	2	1	1	2	2	1
n/a	OG0004801	1	2	2	2	1	1	2	2	2
n/a	OG0004802	1	2	2	2	1	1	2	2	1
n/a	OG0004803	1	1	1	1	1	1	1	1	11
n/a	OG0004804	1	2	2	2	2	1	2	2	2
n/a	OG0004805	1	2	2	2	1	1	2	2	2
n/a	OG0004806	1	1	1	1	1	2	2	2	4
n/a	OG0004807	1	2	2	1	3	3	1	0	4
n/a	OG0004808	1	1	1	2	1	1	2	2	5
n/a	OG0004809	1	1	5	1	0	1	2	0	6
n/a	OG0004810	1	0	2	0	0	1	7	0	0
n/a	OG0004811	0	2	2	2	1	2	2	2	2
n/a	OG0004812	0	2	2	2	1	2	2	2	2
n/a	OG0004813	0	1	1	2	0	4	3	2	1
n/a	OG0004814	0	7	2	1	0	0	0	0	0
n/a	OG0004815	0	2	0	1	0	0	3	4	0
n/a	OG0004816	0	2	3	2	1	1	2	2	1
n/a	OG0004817	0	1	2	2	2	2	2	2	3
n/a	OG0004818	0	1	1	4	2	1	2	2	1
n/a	OG0004819	0	2	2	2	0	2	2	2	3
n/a	OG0004820	0	2	1	2	1	2	2	1	4
n/a	OG0004821	0	2	2	2	1	2	2	2	3
n/a	OG0004822	0	2	2	2	1	2	2	2	2
n/a	OG0004823	0	2	2	2	1	2	2	2	2
n/a	OG0004824	0	2	3	0	1	0	2	3	2
n/a	OG0004825	0	2	2	2	1	2	2	2	1
n/a	OG0004826	0	2	1	4	5	2	1	0	0
n/a	OG0004827	0	2	1	3	6	0	3	0	0
n/a	OG0004828	0	0	2	2	0	0	3	5	0
n/a	OG0004829	0	2	2	2	1	2	1	2	4
n/a	OG0004830	0	7	2	0	0	0	0	0	0
n/a	OG0004831	0	3	1	2	0	0	3	2	0
n/a	OG0004832	0	7	4	0	0	0	0	0	0
n/a	OG0004833	0	3	2	2	1	1	2	2	1
n/a	OG0004834	0	3	2	0	3	2	1	0	2
n/a	OG0004835	0	2	2	2	1	2	2	2	2
n/a	OG0004836	0	2	2	1	1	2	2	2	2
n/a	OG0004837	0	1	2	2	1	3	2	2	3
n/a	OG0004838	0	3	3	1	1	0	2	2	0
n/a	OG0004839	0	5	0	0	0	0	2	2	0
n/a	OG0004840	0	3	2	1	0	1	3	2	0
n/a	OG0004841	0	2	2	2	1	2	2	1	4
n/a	OG0004842	0	1	1	3	1	4	2	2	1
n/a	OG0004843	0	2	2	2	1	1	2	2	3
n/a	OG0004844	0	1	2	1	2	2	1	1	9
n/a	OG0004845	0	2	2	1	0	6	2	2	0
n/a	OG0004846	0	1	2	2	2	2	2	2	3
n/a	OG0004847	0	1	5	4	2	1	3	1	0
n/a	OG0004848	0	0	1	0	0	2	4	4	2
n/a	OG0004849	0	2	2	1	2	2	2	2	2
n/a	OG0004850	0	2	2	1	1	2	2	2	3
n/a	OG0004851	0	2	2	2	2	1	2	2	1
n/a	OG0004852	0	2	1	1	3	2	2	2	1
n/a	OG0004853	0	1	3	3	1	2	2	2	2
n/a	OG0004854	0	1	1	1	1	0	5	2	0
n/a	OG0004855	0	2	2	2	2	1	2	2	2
n/a	OG0004856	0	2	1	2	1	2	2	2	2
n/a	OG0004857	0	3	1	1	5	3	1	0	3
n/a	OG0004858	0	2	1	4	1	4	1	0	2
n/a	OG0004859	0	4	1	2	0	0	2	1	0
n/a	OG0004860	0	2	2	2	1	2	2	2	2
n/a	OG0004861	0	1	1	2	1	3	4	1	1
n/a	OG0004862	0	1	2	1	1	1	3	3	1
n/a	OG0004863	0	2	2	1	1	2	2	2	2
n/a	OG0004864	0	2	1	4	1	1	2	2	1
n/a	OG0004865	0	0	0	1	5	4	3	2	0
n/a	OG0004866	0	1	2	4	1	0	4	0	1
n/a	OG0004867	0	2	2	3	1	2	2	2	1
n/a	OG0004868	0	1	1	4	1	1	1	1	10
n/a	OG0004869	0	1	2	2	3	2	2	2	2
n/a	OG0004870	0	1	2	2	2	2	2	2	3
n/a	OG0004871	0	0	1	1	0	0	3	6	0
n/a	OG0004872	0	0	3	2	1	2	2	2	6
n/a	OG0004873	0	0	1	2	1	1	3	4	1
n/a	OG0004874	0	0	1	0	13	4	1	2	0
n/a	OG0004875	0	0	1	22	0	0	0	0	0
n/a	OG0004876	0	0	0	4	0	0	2	3	7
n/a	OG0004877	0	0	0	3	0	0	4	4	0
n/a	OG0004878	0	0	0	0	1	18	0	0	5
n/a	OG0004879	0	0	0	0	0	2	0	0	22
n/a	OG0004880	0	0	0	0	0	0	3	7	0
n/a	OG0004881	0	0	0	0	0	0	0	0	23
n/a	OG0004882	1	2	1	2	2	2	2	1	2
n/a	OG0004883	2	2	2	1	2	2	1	1	3
n/a	OG0004884	2	1	2	2	1	2	2	1	3
n/a	OG0004885	1	1	1	3	1	1	2	2	2
n/a	OG0004886	2	0	2	2	1	2	2	2	3
n/a	OG0004887	3	2	1	2	0	0	2	3	0
n/a	OG0004888	1	1	2	1	4	2	1	1	5
n/a	OG0004889	1	2	1	2	2	2	2	0	2
n/a	OG0004890	3	2	2	2	1	2	0	2	3
n/a	OG0004891	2	1	3	2	2	2	2	0	3
n/a	OG0004892	3	2	1	2	1	2	1	2	1
n/a	OG0004893	1	2	2	1	2	3	1	1	3
n/a	OG0004894	1	1	2	1	2	2	2	2	2
n/a	OG0004895	1	1	1	2	1	1	2	2	4
n/a	OG0004896	1	2	1	2	2	2	2	2	1
n/a	OG0004897	1	2	2	2	0	1	2	0	4
n/a	OG0004898	1	0	2	2	2	2	2	2	3
n/a	OG0004899	2	2	2	1	1	2	1	1	4
n/a	OG0004900	2	2	2	1	1	3	1	1	3
n/a	OG0004901	1	2	1	2	1	1	2	2	1
n/a	OG0004902	1	2	1	2	1	2	2	2	1
n/a	OG0004903	3	2	1	2	1	1	2	2	1
n/a	OG0004904	1	2	1	2	2	2	2	1	0
n/a	OG0004905	1	1	2	2	2	2	2	2	2
n/a	OG0004906	3	2	2	2	2	1	1	1	1
n/a	OG0004907	1	2	2	2	1	2	2	2	1
n/a	OG0004908	2	2	2	2	2	1	1	0	3
n/a	OG0004909	2	2	2	1	2	2	1	1	3
n/a	OG0004910	2	1	1	1	1	1	1	1	8
n/a	OG0004911	2	2	2	2	0	2	1	1	3
n/a	OG0004912	3	2	2	2	2	1	2	0	1
n/a	OG0004913	2	1	1	2	1	3	2	1	4
n/a	OG0004914	3	2	2	1	3	2	1	1	1
n/a	OG0004915	6	1	1	2	3	3	1	1	1
n/a	OG0004916	2	1	2	2	0	2	2	2	3
n/a	OG0004917	2	2	2	2	1	2	1	2	2
n/a	OG0004918	4	2	2	2	1	2	2	0	1
n/a	OG0004919	1	3	2	1	2	1	2	0	1
n/a	OG0004920	1	2	2	1	1	3	1	1	4
n/a	OG0004921	3	2	2	1	3	1	1	1	1
n/a	OG0004922	2	1	2	2	1	2	2	2	0
n/a	OG0004923	2	3	1	1	2	2	1	2	1
n/a	OG0004924	1	2	2	2	1	2	2	2	2
n/a	OG0004925	1	1	2	2	1	4	2	2	2
n/a	OG0004926	1	1	2	2	2	2	2	2	2
n/a	OG0004927	1	2	2	2	1	2	2	2	2
n/a	OG0004928	1	2	2	2	1	2	2	1	2
n/a	OG0004929	2	1	2	2	2	2	1	2	1
n/a	OG0004930	2	2	2	2	2	2	2	0	2
n/a	OG0004931	3	2	2	1	1	2	2	2	1
n/a	OG0004932	1	2	2	2	1	2	1	2	2
n/a	OG0004933	1	2	2	2	1	2	2	2	1
n/a	OG0004934	1	2	2	2	1	2	2	1	1
n/a	OG0004935	1	2	2	1	2	2	2	0	3
n/a	OG0004936	2	1	1	3	1	1	2	2	1
n/a	OG0004937	1	2	2	1	1	1	2	2	1
n/a	OG0004938	1	1	2	1	3	1	2	2	2
n/a	OG0004939	1	1	2	2	1	1	2	2	2
n/a	OG0004940	2	1	1	1	2	2	2	2	1
n/a	OG0004941	1	1	2	2	3	2	2	1	2
n/a	OG0004942	5	1	1	2	1	1	2	2	2
n/a	OG0004943	1	1	3	1	1	1	1	1	8
n/a	OG0004944	2	3	2	2	0	1	1	2	1
n/a	OG0004945	2	1	1	2	1	1	2	2	2
n/a	OG0004946	1	2	1	2	1	2	2	2	1
n/a	OG0004947	3	1	1	2	2	1	2	2	1
n/a	OG0004948	2	2	1	2	3	2	1	2	1
n/a	OG0004949	4	1	1	1	2	1	1	1	6
n/a	OG0004950	4	1	1	2	1	1	2	2	1
n/a	OG0004951	1	1	2	2	2	2	2	2	2
n/a	OG0004952	2	2	1	1	1	2	2	2	2
n/a	OG0004953	2	1	1	2	1	1	2	2	3
n/a	OG0004954	2	1	1	1	1	1	0	1	11
n/a	OG0004955	1	2	1	2	1	1	2	2	1
n/a	OG0004956	2	2	2	2	2	1	2	0	2
n/a	OG0004957	2	1	2	2	1	2	2	2	1
n/a	OG0004958	3	3	3	1	1	1	1	1	1
n/a	OG0004959	1	2	1	1	2	1	2	1	2
n/a	OG0004960	2	0	2	1	3	2	2	2	3
n/a	OG0004961	2	2	3	1	1	3	1	1	2
n/a	OG0004962	2	1	1	1	2	2	2	2	2
n/a	OG0004963	2	1	2	1	1	2	1	1	6
n/a	OG0004964	2	2	1	2	2	2	2	1	2
n/a	OG0004965	4	0	1	1	2	3	2	2	2
n/a	OG0004966	1	1	2	2	2	1	2	2	2
n/a	OG0004967	5	2	1	1	1	5	1	0	1
n/a	OG0004968	1	2	2	2	1	2	2	2	2
n/a	OG0004969	2	4	1	0	1	1	1	1	2
n/a	OG0004970	5	1	1	1	0	1	1	1	7
n/a	OG0004971	1	2	2	2	2	1	2	2	1
n/a	OG0004972	1	1	1	2	1	4	1	2	2
n/a	OG0004973	2	2	1	1	1	1	1	1	6
n/a	OG0004974	2	2	2	2	2	1	1	2	1
n/a	OG0004975	2	2	2	2	1	1	1	2	2
n/a	OG0004976	4	1	1	1	1	1	1	1	7
n/a	OG0004977	1	1	1	1	1	2	2	2	2
n/a	OG0004978	2	2	2	2	1	1	2	2	1
n/a	OG0004979	1	0	2	2	2	2	2	2	1
n/a	OG0004980	2	2	1	2	1	1	2	2	1
n/a	OG0004981	2	2	2	2	2	1	1	0	3
n/a	OG0004982	5	1	1	1	2	2	1	2	3
n/a	OG0004983	1	1	1	1	0	1	1	2	8
n/a	OG0004984	1	2	1	2	1	1	2	2	2
n/a	OG0004985	1	1	3	2	2	2	2	1	2
n/a	OG0004986	2	2	1	2	1	1	2	2	2
n/a	OG0004987	1	1	2	2	2	2	2	2	1
n/a	OG0004988	4	2	2	1	1	2	1	1	2
n/a	OG0004989	1	2	2	2	1	1	2	2	1
n/a	OG0004990	1	2	2	0	2	2	1	2	2
n/a	OG0004991	1	2	1	2	1	2	2	2	1
n/a	OG0004992	1	1	1	3	0	1	1	0	9
n/a	OG0004993	1	2	2	2	1	2	1	2	2
n/a	OG0004994	2	1	2	2	1	2	2	2	2
n/a	OG0004995	1	1	1	0	1	2	1	1	10
n/a	OG0004996	1	1	2	2	1	2	2	2	2
n/a	OG0004997	3	2	1	1	1	3	1	1	2
n/a	OG0004998	1	2	1	2	2	2	2	2	2
n/a	OG0004999	1	2	1	2	1	1	2	2	1
n/a	OG0005000	2	1	0	0	0	0	2	5	0
n/a	OG0005001	4	3	1	1	1	1	1	0	2
n/a	OG0005002	2	1	2	2	2	2	2	1	2
n/a	OG0005003	2	1	1	2	2	2	2	2	2
n/a	OG0005004	2	1	2	2	1	2	2	2	2
n/a	OG0005005	1	1	2	2	2	2	2	2	2
n/a	OG0005006	2	2	1	2	1	1	2	2	1
n/a	OG0005007	4	2	2	2	1	1	1	2	1
n/a	OG0005008	1	2	2	2	1	2	1	2	1
n/a	OG0005009	4	2	0	0	3	1	2	2	0
n/a	OG0005010	2	2	2	2	2	1	2	1	1
n/a	OG0005011	1	1	1	1	2	1	1	1	9
n/a	OG0005012	1	1	1	1	1	3	3	2	1
n/a	OG0005013	5	1	1	1	1	2	2	2	1
n/a	OG0005014	1	1	2	1	1	2	2	2	4
n/a	OG0005015	2	2	2	1	2	2	1	1	2
n/a	OG0005016	1	1	1	0	2	2	2	2	2
n/a	OG0005017	1	2	2	2	1	2	2	2	1
n/a	OG0005018	2	2	2	1	1	1	2	2	2
n/a	OG0005019	1	1	2	2	1	2	2	2	2
n/a	OG0005020	2	1	3	0	3	3	0	2	5
n/a	OG0005021	2	1	2	1	2	1	2	2	2
n/a	OG0005022	1	1	1	1	0	1	1	1	10
n/a	OG0005023	2	2	2	0	2	2	2	2	2
n/a	OG0005024	2	2	1	2	1	2	2	2	2
n/a	OG0005025	2	1	2	3	1	2	2	1	2
n/a	OG0005026	2	2	2	1	1	1	1	2	1
n/a	OG0005027	2	1	3	2	2	2	1	1	4
n/a	OG0005028	1	2	1	0	2	2	2	2	1
n/a	OG0005029	2	2	2	1	2	2	1	1	3
n/a	OG0005030	2	1	2	2	2	2	2	2	2
n/a	OG0005031	2	0	2	3	1	2	2	2	2
n/a	OG0005032	1	1	1	2	1	1	2	3	1
n/a	OG0005033	1	2	2	1	1	1	1	1	5
n/a	OG0005034	2	2	2	1	1	2	2	2	2
n/a	OG0005035	1	1	2	2	1	2	2	2	2
n/a	OG0005036	1	2	2	2	1	2	2	1	1
n/a	OG0005037	1	2	2	1	1	1	2	2	2
n/a	OG0005038	1	2	1	1	2	2	2	2	2
n/a	OG0005039	1	2	2	1	3	4	1	1	2
n/a	OG0005040	1	2	2	2	1	2	2	1	1
n/a	OG0005041	1	1	2	2	2	2	2	1	3
n/a	OG0005042	2	2	2	1	2	3	1	1	2
n/a	OG0005043	1	0	4	2	2	2	2	2	2
n/a	OG0005044	2	1	2	2	2	2	2	1	2
n/a	OG0005045	3	1	1	1	1	2	2	2	2
n/a	OG0005046	1	2	2	2	1	2	1	2	2
n/a	OG0005047	1	1	1	1	3	2	2	2	1
n/a	OG0005048	1	1	2	2	2	3	2	2	2
n/a	OG0005049	1	1	3	1	4	3	1	1	3
n/a	OG0005050	4	0	3	0	3	3	2	1	1
n/a	OG0005051	3	2	1	2	2	1	2	2	1
n/a	OG0005052	2	2	2	2	0	1	2	2	1
n/a	OG0005053	1	3	1	1	2	1	1	2	1
n/a	OG0005054	3	1	1	1	2	3	1	1	5
n/a	OG0005055	1	2	2	1	2	2	2	1	3
n/a	OG0005056	1	1	1	1	1	1	2	2	5
n/a	OG0005057	1	2	3	1	2	2	2	1	2
n/a	OG0005058	1	1	1	1	1	1	1	1	11
n/a	OG0005059	11	1	1	1	1	1	1	0	1
n/a	OG0005060	2	2	2	0	3	2	1	0	4
n/a	OG0005061	1	2	1	2	1	1	2	2	1
n/a	OG0005062	2	1	1	2	1	1	2	2	2
n/a	OG0005063	2	3	2	1	1	1	1	0	1
n/a	OG0005064	2	0	2	2	2	2	2	2	4
n/a	OG0005065	2	1	2	2	1	2	2	1	2
n/a	OG0005066	1	2	2	2	1	1	2	2	1
n/a	OG0005067	1	2	2	1	1	2	1	2	2
n/a	OG0005068	3	1	2	2	1	1	2	2	1
n/a	OG0005069	2	2	2	0	4	2	1	0	3
n/a	OG0005070	1	2	2	1	1	1	2	2	1
n/a	OG0005071	1	0	2	2	2	2	2	2	4
n/a	OG0005072	2	0	2	2	2	2	2	2	3
n/a	OG0005073	1	2	2	2	2	2	2	1	1
n/a	OG0005074	1	1	3	2	1	1	2	2	1
n/a	OG0005075	2	1	1	1	3	1	2	2	3
n/a	OG0005076	1	1	1	2	2	2	2	2	2
n/a	OG0005077	1	2	2	2	0	2	1	2	4
n/a	OG0005078	1	2	1	2	2	2	1	2	1
n/a	OG0005079	1	2	2	2	1	2	1	2	2
n/a	OG0005080	1	2	2	1	2	2	1	1	3
n/a	OG0005081	1	0	2	2	2	2	2	2	4
n/a	OG0005082	2	1	1	1	1	1	1	0	10
n/a	OG0005083	1	1	1	2	2	2	2	2	2
n/a	OG0005084	1	1	1	3	1	1	2	1	6
n/a	OG0005085	2	1	2	2	1	1	2	2	2
n/a	OG0005086	2	1	2	2	2	1	2	2	2
n/a	OG0005087	1	2	3	3	1	1	1	2	1
n/a	OG0005088	2	3	1	2	1	1	1	1	1
n/a	OG0005089	1	2	2	1	1	1	2	2	1
n/a	OG0005090	1	2	2	2	0	2	1	2	2
n/a	OG0005091	1	0	2	2	2	3	2	2	3
n/a	OG0005092	1	2	2	1	1	2	2	2	2
n/a	OG0005093	1	1	2	2	2	2	2	2	2
n/a	OG0005094	1	1	2	2	1	2	2	2	2
n/a	OG0005095	1	2	1	2	1	2	2	2	1
n/a	OG0005096	1	2	2	2	1	1	1	2	2
n/a	OG0005097	1	2	2	2	1	1	2	2	1
n/a	OG0005098	1	1	1	2	1	2	2	2	3
n/a	OG0005099	1	2	2	0	0	2	2	2	2
n/a	OG0005100	1	2	1	2	0	1	2	2	2
n/a	OG0005101	1	2	2	2	2	2	2	0	2
n/a	OG0005102	1	2	2	1	3	1	2	2	1
n/a	OG0005103	1	3	1	1	2	1	1	2	1
n/a	OG0005104	1	2	3	1	1	2	2	2	1
n/a	OG0005105	1	1	2	3	1	1	2	2	1
n/a	OG0005106	1	2	2	2	2	1	2	2	1
n/a	OG0005107	1	2	2	0	2	2	2	1	2
n/a	OG0005108	1	0	3	0	0	2	4	2	0
n/a	OG0005109	0	2	2	2	2	2	2	2	1
n/a	OG0005111	0	1	1	2	2	1	3	2	1
n/a	OG0005112	0	2	2	2	0	1	2	2	2
n/a	OG0005113	0	2	2	2	2	2	2	1	2
n/a	OG0005114	0	2	1	2	1	1	2	2	2
n/a	OG0005115	0	2	1	2	2	1	2	2	1
n/a	OG0005116	0	6	0	3	0	0	0	0	0
n/a	OG0005117	0	2	1	2	0	2	3	2	1
n/a	OG0005118	0	2	2	2	3	2	2	1	1
n/a	OG0005119	0	2	2	2	1	2	2	2	2
n/a	OG0005120	0	0	0	4	0	0	3	5	0
n/a	OG0005121	0	2	1	2	2	1	2	2	2
n/a	OG0005122	0	7	1	0	0	0	0	0	0
n/a	OG0005123	0	1	5	2	1	1	2	2	1
n/a	OG0005124	0	2	1	2	1	1	2	2	1
n/a	OG0005126	0	1	2	2	1	2	2	2	3
n/a	OG0005127	0	4	2	2	0	0	1	2	0
n/a	OG0005128	0	4	1	1	1	0	1	3	0
n/a	OG0005129	0	2	4	1	2	5	1	0	2
n/a	OG0005130	0	1	1	1	2	1	3	2	2
n/a	OG0005131	0	2	4	1	1	3	1	2	0
n/a	OG0005132	0	2	1	2	0	1	2	2	4
n/a	OG0005133	0	2	1	1	4	3	1	0	3
n/a	OG0005134	0	1	2	3	2	1	2	2	2
n/a	OG0005135	0	1	1	2	1	1	3	2	2
n/a	OG0005136	0	2	2	2	2	1	2	2	1
n/a	OG0005137	0	2	2	1	2	2	1	2	2
n/a	OG0005138	0	1	1	2	3	2	2	2	2
n/a	OG0005139	0	2	2	2	2	2	1	2	3
n/a	OG0005140	0	3	2	1	2	6	0	0	2
n/a	OG0005141	0	1	2	2	1	2	2	2	2
n/a	OG0005142	0	2	2	1	1	2	3	2	0
n/a	OG0005143	0	2	3	1	1	2	1	2	3
n/a	OG0005144	0	2	1	2	0	0	4	0	0
n/a	OG0005145	0	2	2	2	1	3	2	2	1
n/a	OG0005146	0	1	1	2	2	1	3	2	1
n/a	OG0005147	0	1	2	4	1	1	3	2	1
n/a	OG0005148	0	2	1	2	1	1	2	2	1
n/a	OG0005149	0	1	1	1	0	1	4	2	1
n/a	OG0005150	0	1	2	2	1	2	2	2	5
n/a	OG0005151	0	2	3	1	0	0	3	2	0
n/a	OG0005152	0	2	2	2	0	4	1	2	2
n/a	OG0005153	0	4	0	3	0	0	1	1	5
n/a	OG0005154	0	3	2	2	0	0	4	0	0
n/a	OG0005155	0	1	1	0	1	1	1	1	12
n/a	OG0005156	0	1	2	2	2	2	2	2	3
n/a	OG0005157	0	3	3	3	1	1	1	1	0
n/a	OG0005158	0	3	2	2	2	0	2	1	0
n/a	OG0005159	0	0	0	2	0	0	0	10	1
n/a	OG0005160	0	5	1	1	2	2	1	0	0
n/a	OG0005161	0	1	2	3	1	2	2	2	1
n/a	OG0005162	0	3	1	3	0	0	2	2	0
n/a	OG0005163	0	2	0	2	0	3	2	2	2
n/a	OG0005164	0	1	1	0	0	0	3	4	0
n/a	OG0005165	0	2	1	2	0	1	2	2	1
n/a	OG0005166	0	2	2	3	1	1	3	2	0
n/a	OG0005167	0	1	3	2	1	2	2	2	1
n/a	OG0005168	0	1	0	3	1	1	3	3	0
n/a	OG0005169	0	2	2	1	1	2	2	1	4
n/a	OG0005170	0	3	1	1	4	1	1	1	2
n/a	OG0005171	0	1	1	5	0	3	2	2	0
n/a	OG0005172	0	2	2	2	1	2	2	2	1
n/a	OG0005173	0	2	3	0	1	1	2	2	1
n/a	OG0005174	0	3	0	3	0	0	2	2	0
n/a	OG0005175	0	2	4	1	1	2	1	1	3
n/a	OG0005176	0	2	1	1	1	6	2	0	3
n/a	OG0005177	0	1	2	2	0	1	2	4	0
n/a	OG0005178	0	0	2	1	1	3	3	2	0
n/a	OG0005179	0	2	1	2	1	1	3	1	2
n/a	OG0005180	0	1	1	2	3	0	3	2	0
n/a	OG0005181	0	1	2	2	0	1	3	2	2
n/a	OG0005182	0	0	2	3	1	1	3	2	2
n/a	OG0005183	0	0	7	2	2	2	2	1	2
n/a	OG0005185	0	0	0	1	0	0	6	2	0
n/a	OG0005186	0	0	0	1	0	0	5	3	0
n/a	OG0005188	0	0	0	0	0	0	7	0	0
n/a	OG0005189	0	0	0	0	0	0	0	1	20
n/a	OG0005190	1	2	1	1	0	0	3	2	0
n/a	OG0005191	1	2	1	2	0	1	2	2	2
n/a	OG0005192	1	0	2	2	2	2	2	2	3
n/a	OG0005193	14	0	0	0	7	0	0	0	0
n/a	OG0005194	12	1	1	1	0	0	1	1	0
n/a	OG0005195	2	2	2	1	2	2	1	1	3
n/a	OG0005196	2	2	1	4	1	1	1	1	1
n/a	OG0005197	2	2	2	1	0	2	1	0	6
n/a	OG0005198	2	1	2	2	0	1	2	2	1
n/a	OG0005199	2	2	2	1	1	1	2	2	1
n/a	OG0005200	1	2	1	0	1	1	3	2	1
n/a	OG0005201	1	2	2	2	1	2	1	2	2
n/a	OG0005202	2	1	1	2	2	2	2	2	2
n/a	OG0005203	2	1	1	1	0	1	2	3	2
n/a	OG0005204	1	3	1	1	1	2	1	1	2
n/a	OG0005205	3	1	2	2	1	1	1	2	1
n/a	OG0005206	1	2	2	0	2	3	2	0	2
n/a	OG0005207	4	1	2	1	1	1	2	2	1
n/a	OG0005208	1	2	2	2	2	1	1	2	1
n/a	OG0005209	4	2	2	1	2	2	1	1	1
n/a	OG0005210	1	2	2	2	2	1	2	0	1
n/a	OG0005211	1	1	2	2	1	2	2	2	2
n/a	OG0005212	1	1	2	2	1	1	2	2	2
n/a	OG0005213	1	1	2	1	3	3	1	1	5
n/a	OG0005214	2	2	2	2	1	1	1	2	2
n/a	OG0005215	2	1	2	2	1	1	1	2	2
n/a	OG0005216	2	2	2	2	2	2	1	1	1
n/a	OG0005217	1	2	2	2	2	1	1	0	2
n/a	OG0005218	4	1	1	1	0	3	1	1	5
n/a	OG0005219	21	0	0	0	0	0	0	0	0
n/a	OG0005220	2	0	2	2	2	2	2	2	2
n/a	OG0005221	1	2	3	1	2	2	2	0	2
n/a	OG0005222	2	1	3	1	3	3	1	0	4
n/a	OG0005223	2	2	2	1	2	2	1	1	3
n/a	OG0005224	5	1	1	5	1	1	1	1	2
n/a	OG0005225	3	1	1	1	4	1	1	1	5
n/a	OG0005226	1	1	2	2	1	1	2	2	2
n/a	OG0005227	1	1	1	1	1	1	3	2	1
n/a	OG0005228	2	2	1	0	4	4	1	0	2
n/a	OG0005229	1	2	2	1	0	3	1	2	2
n/a	OG0005230	3	2	2	1	2	2	0	1	3
n/a	OG0005231	2	2	2	1	2	2	2	0	2
n/a	OG0005232	1	2	1	2	0	1	2	2	1
n/a	OG0005233	2	1	1	2	1	2	2	2	2
n/a	OG0005234	1	1	1	1	0	1	1	1	10
n/a	OG0005235	1	2	2	2	3	1	1	1	2
n/a	OG0005236	2	2	1	1	2	2	1	1	4
n/a	OG0005237	1	1	1	3	1	1	1	1	7
n/a	OG0005238	1	1	1	2	1	2	2	2	2
n/a	OG0005239	2	0	3	2	2	1	2	2	2
n/a	OG0005240	2	5	1	1	1	1	0	0	1
n/a	OG0005241	2	1	1	2	1	1	2	2	1
n/a	OG0005242	2	0	2	2	1	2	2	2	3
n/a	OG0005243	1	3	2	1	1	1	1	1	2
n/a	OG0005244	1	2	2	2	2	1	1	2	2
n/a	OG0005245	2	1	2	2	1	1	2	2	2
n/a	OG0005246	1	1	1	1	1	6	1	1	2
n/a	OG0005247	5	1	3	1	2	1	1	1	2
n/a	OG0005248	3	1	2	1	2	2	1	1	4
n/a	OG0005249	2	1	2	3	2	2	1	1	3
n/a	OG0005250	2	2	1	2	2	2	1	2	1
n/a	OG0005251	1	2	1	2	1	2	2	0	2
n/a	OG0005252	1	1	3	2	1	2	2	2	1
n/a	OG0005253	2	2	2	1	2	2	1	1	2
n/a	OG0005254	2	1	3	1	3	3	1	0	5
n/a	OG0005255	4	1	1	1	1	2	1	2	1
n/a	OG0005256	1	0	1	1	1	2	3	2	2
n/a	OG0005257	2	2	2	1	0	1	2	2	1
n/a	OG0005258	1	1	1	7	2	1	1	1	2
n/a	OG0005259	1	1	1	4	2	1	2	2	1
n/a	OG0005260	2	2	2	1	2	2	1	0	3
n/a	OG0005261	2	2	1	2	1	2	2	2	0
n/a	OG0005262	1	2	1	2	0	1	2	2	1
n/a	OG0005263	4	1	1	2	1	1	2	2	1
n/a	OG0005264	2	2	2	1	1	2	1	1	3
n/a	OG0005265	2	1	2	2	1	2	1	1	3
n/a	OG0005266	1	1	2	1	3	3	1	0	4
n/a	OG0005267	2	1	2	1	1	1	2	2	2
n/a	OG0005268	2	1	1	2	1	1	2	2	1
n/a	OG0005269	1	2	1	2	1	1	2	2	2
n/a	OG0005270	1	2	2	1	2	2	1	1	3
n/a	OG0005271	1	1	1	2	1	1	2	2	1
n/a	OG0005272	2	2	2	1	2	2	1	1	2
n/a	OG0005273	2	2	1	1	1	1	1	2	2
n/a	OG0005274	2	2	2	2	2	1	1	2	2
n/a	OG0005275	1	1	1	2	2	7	1	1	1
n/a	OG0005276	1	1	2	2	1	2	1	2	3
n/a	OG0005277	1	1	3	2	2	1	2	1	2
n/a	OG0005278	1	1	1	2	1	1	2	2	2
n/a	OG0005279	1	1	2	2	1	1	2	0	4
n/a	OG0005280	2	0	2	2	1	2	2	2	3
n/a	OG0005281	1	1	1	1	1	2	3	2	1
n/a	OG0005282	1	2	1	2	1	1	2	2	2
n/a	OG0005283	1	0	2	3	2	2	2	2	2
n/a	OG0005284	2	3	1	1	2	1	1	1	2
n/a	OG0005285	1	2	1	2	1	1	2	2	1
n/a	OG0005286	2	2	2	2	1	2	1	1	2
n/a	OG0005287	2	1	2	2	1	1	2	2	1
n/a	OG0005288	1	1	1	2	1	1	2	2	4
n/a	OG0005289	2	1	1	1	1	1	1	1	8
n/a	OG0005291	2	2	2	1	2	2	1	1	3
n/a	OG0005292	2	2	1	1	1	1	2	2	1
n/a	OG0005293	1	2	1	1	1	1	2	2	2
n/a	OG0005294	1	2	4	1	1	1	1	1	2
n/a	OG0005295	1	2	2	0	2	2	1	2	2
n/a	OG0005296	1	2	1	2	0	1	2	2	1
n/a	OG0005297	3	1	1	2	1	1	2	2	1
n/a	OG0005298	1	1	2	1	1	2	2	2	2
n/a	OG0005299	1	2	2	2	0	2	2	2	1
n/a	OG0005300	1	1	1	2	1	1	1	1	9
n/a	OG0005301	2	1	1	2	1	1	2	2	1
n/a	OG0005302	1	2	2	2	1	2	2	1	2
n/a	OG0005303	2	2	2	1	2	2	1	1	3
n/a	OG0005304	2	2	2	0	2	2	1	1	3
n/a	OG0005305	1	1	1	1	1	2	2	2	3
n/a	OG0005306	2	2	2	1	2	2	1	1	3
n/a	OG0005307	1	2	2	0	2	2	1	2	2
n/a	OG0005308	2	1	2	2	1	2	2	2	2
n/a	OG0005309	2	1	2	2	1	1	2	2	1
n/a	OG0005310	2	1	2	2	2	2	1	2	3
n/a	OG0005311	2	2	1	1	1	2	1	1	4
n/a	OG0005312	2	1	1	2	1	1	2	2	2
n/a	OG0005313	2	1	4	1	1	1	2	2	1
n/a	OG0005314	1	2	1	1	1	1	1	2	3
n/a	OG0005315	1	1	2	2	2	2	2	2	2
n/a	OG0005316	2	2	2	2	1	2	1	1	3
n/a	OG0005317	1	1	2	2	2	1	2	2	2
n/a	OG0005318	1	2	2	1	2	2	1	1	3
n/a	OG0005319	1	2	2	1	1	3	1	0	3
n/a	OG0005320	1	1	2	1	0	1	2	2	2
n/a	OG0005321	1	0	2	2	2	2	2	2	2
n/a	OG0005322	2	1	1	2	2	1	2	2	2
n/a	OG0005323	2	1	1	2	1	1	2	2	1
n/a	OG0005324	2	0	2	2	1	2	2	2	2
n/a	OG0005325	1	1	2	2	2	2	2	2	1
n/a	OG0005326	2	1	2	1	2	1	2	2	1
n/a	OG0005327	1	2	2	2	1	2	1	1	3
n/a	OG0005328	2	2	2	1	2	1	2	2	1
n/a	OG0005329	2	2	1	2	0	1	2	2	1
n/a	OG0005330	2	2	1	2	1	1	1	2	1
n/a	OG0005331	2	1	1	1	1	1	1	1	8
n/a	OG0005332	2	1	1	1	1	1	2	2	4
n/a	OG0005333	2	1	1	0	1	1	3	3	1
n/a	OG0005334	2	2	2	2	2	2	0	2	2
n/a	OG0005335	1	1	2	2	2	2	2	2	3
n/a	OG0005336	1	2	2	1	2	2	2	0	1
n/a	OG0005337	1	2	2	1	1	1	2	1	2
n/a	OG0005338	2	2	1	2	1	2	1	1	2
n/a	OG0005339	1	2	2	2	2	2	1	1	1
n/a	OG0005340	1	2	2	2	2	1	1	2	2
n/a	OG0005341	2	2	1	1	1	1	2	2	2
n/a	OG0005342	1	1	1	1	1	1	1	0	11
n/a	OG0005343	1	2	2	2	2	1	1	2	1
n/a	OG0005344	1	2	2	1	2	2	1	1	3
n/a	OG0005345	1	2	2	1	2	2	1	1	3
n/a	OG0005346	1	2	2	1	2	2	1	1	3
n/a	OG0005347	1	1	1	2	0	1	2	3	1
n/a	OG0005348	1	2	1	2	1	1	2	1	2
n/a	OG0005349	1	4	1	1	1	1	1	0	1
n/a	OG0005350	1	2	2	2	0	2	2	1	2
n/a	OG0005351	1	2	1	1	2	1	2	2	1
n/a	OG0005352	1	4	1	1	1	1	1	1	1
n/a	OG0005353	3	1	1	2	1	1	2	2	1
n/a	OG0005354	2	2	2	1	2	2	1	1	2
n/a	OG0005355	3	1	1	1	3	1	2	2	2
n/a	OG0005356	1	1	3	2	1	3	2	2	1
n/a	OG0005357	1	2	2	2	1	2	2	2	1
n/a	OG0005358	2	2	1	2	2	1	2	1	2
n/a	OG0005359	1	1	1	2	2	2	2	2	2
n/a	OG0005360	1	1	1	1	1	1	1	1	10
n/a	OG0005361	1	2	2	1	3	2	1	1	2
n/a	OG0005362	1	1	1	1	1	2	1	1	8
n/a	OG0005363	3	1	1	2	1	1	2	2	2
n/a	OG0005364	1	2	2	1	2	3	1	1	1
n/a	OG0005365	1	1	2	2	3	2	1	0	3
n/a	OG0005366	1	2	2	2	2	1	2	2	1
n/a	OG0005367	2	1	1	1	1	1	1	1	8
n/a	OG0005368	1	2	2	1	1	1	1	1	3
n/a	OG0005369	1	2	2	1	2	2	1	1	3
n/a	OG0005370	1	2	2	2	1	1	2	2	1
n/a	OG0005371	2	1	1	2	2	1	2	2	2
n/a	OG0005372	1	2	2	2	2	2	2	0	1
n/a	OG0005373	1	1	2	1	1	2	1	1	7
n/a	OG0005374	1	2	1	1	1	1	2	2	1
n/a	OG0005375	1	1	1	1	2	1	1	2	4
n/a	OG0005376	1	2	1	1	2	3	2	0	2
n/a	OG0005377	1	1	2	2	1	2	2	2	1
n/a	OG0005378	1	1	1	2	1	2	2	2	1
n/a	OG0005379	1	2	2	1	2	2	1	1	3
n/a	OG0005380	1	2	1	2	1	1	2	2	2
n/a	OG0005381	1	2	2	1	1	1	2	2	1
n/a	OG0005382	1	2	2	3	0	1	1	2	1
n/a	OG0005383	1	1	4	2	1	1	1	2	2
n/a	OG0005384	1	2	1	1	2	2	1	1	4
n/a	OG0005385	1	1	1	3	2	1	2	2	1
n/a	OG0005386	2	0	1	0	0	1	3	4	0
n/a	OG0005387	1	1	4	0	0	0	3	2	0
n/a	OG0005388	0	2	1	2	2	2	2	1	1
n/a	OG0005389	0	1	2	2	2	2	2	1	2
n/a	OG0005391	0	2	3	0	0	5	1	0	3
n/a	OG0005392	0	1	1	1	1	1	3	2	2
n/a	OG0005393	0	1	1	2	2	4	2	2	2
n/a	OG0005394	0	3	3	1	1	1	3	0	0
n/a	OG0005395	0	2	1	2	1	1	2	2	0
n/a	OG0005396	0	2	1	2	1	1	2	2	1
n/a	OG0005397	0	2	1	1	0	0	3	2	0
n/a	OG0005398	0	1	2	1	2	2	2	2	3
n/a	OG0005399	0	5	3	2	1	0	0	0	0
n/a	OG0005400	0	2	2	2	1	2	2	0	1
n/a	OG0005401	0	3	1	1	1	3	1	1	2
n/a	OG0005402	0	1	3	2	2	2	2	0	3
n/a	OG0005403	0	2	0	0	1	0	4	2	0
n/a	OG0005404	0	1	3	0	7	3	1	1	0
n/a	OG0005405	0	2	1	3	0	1	2	2	2
n/a	OG0005406	0	1	1	3	2	1	2	2	1
n/a	OG0005407	0	2	1	3	1	3	1	2	1
n/a	OG0005408	0	3	1	5	1	0	2	1	0
n/a	OG0005409	0	2	2	2	3	2	1	2	1
n/a	OG0005410	0	3	2	1	4	1	1	1	0
n/a	OG0005411	0	2	1	2	0	1	2	2	2
n/a	OG0005412	0	2	1	0	3	1	1	2	5
n/a	OG0005413	0	2	2	1	2	2	1	2	1
n/a	OG0005414	0	2	1	2	1	1	2	2	1
n/a	OG0005415	0	2	1	2	1	1	2	2	2
n/a	OG0005416	0	3	1	1	1	1	2	2	1
n/a	OG0005417	0	1	1	2	1	1	1	2	8
n/a	OG0005418	0	0	9	0	2	9	0	0	0
n/a	OG0005419	0	1	0	4	0	0	3	2	1
n/a	OG0005420	0	2	1	1	1	4	1	2	2
n/a	OG0005421	0	2	3	2	0	4	1	3	0
n/a	OG0005422	0	2	3	0	0	2	3	0	0
n/a	OG0005423	0	2	2	2	1	1	2	2	1
n/a	OG0005424	0	1	1	2	1	1	3	2	2
n/a	OG0005425	0	1	2	2	2	2	2	2	2
n/a	OG0005426	0	1	0	3	1	2	3	2	0
n/a	OG0005427	0	2	2	2	1	2	1	2	2
n/a	OG0005428	0	2	2	2	2	1	2	2	1
n/a	OG0005429	0	1	2	2	2	1	2	2	2
n/a	OG0005430	0	2	1	2	2	2	2	1	3
n/a	OG0005431	0	2	1	1	1	5	1	1	1
n/a	OG0005432	0	2	3	2	1	4	1	1	0
n/a	OG0005433	0	3	1	1	3	2	1	0	2
n/a	OG0005434	0	1	2	1	2	2	2	2	3
n/a	OG0005435	0	4	2	1	0	0	1	2	0
n/a	OG0005436	0	2	1	1	2	1	2	2	2
n/a	OG0005437	0	2	2	2	2	1	2	2	0
n/a	OG0005438	0	2	1	1	3	1	2	2	1
n/a	OG0005439	0	2	1	1	0	2	2	2	3
n/a	OG0005440	0	1	3	6	1	1	2	0	2
n/a	OG0005441	0	2	4	2	1	1	2	0	0
n/a	OG0005442	0	2	0	2	2	3	2	2	1
n/a	OG0005443	0	1	0	1	1	2	2	6	0
n/a	OG0005444	0	6	1	1	0	0	0	0	1
n/a	OG0005445	0	2	1	2	2	2	2	2	2
n/a	OG0005446	0	2	2	1	2	3	1	1	3
n/a	OG0005447	0	2	1	1	4	2	1	1	3
n/a	OG0005448	0	1	2	1	2	2	2	2	2
n/a	OG0005449	0	2	1	2	0	2	2	2	1
n/a	OG0005450	0	2	3	2	1	1	2	2	0
n/a	OG0005451	0	2	2	2	1	3	1	1	2
n/a	OG0005452	0	1	1	2	1	2	2	2	3
n/a	OG0005453	0	2	2	2	2	0	2	2	0
n/a	OG0005454	0	2	1	1	1	2	2	2	1
n/a	OG0005455	0	1	1	2	1	1	3	2	1
n/a	OG0005456	0	1	7	1	5	1	0	2	1
n/a	OG0005457	0	0	2	2	0	0	2	6	0
n/a	OG0005458	0	0	2	2	3	2	2	2	3
n/a	OG0005459	0	0	2	3	1	1	3	2	2
n/a	OG0005460	0	0	2	3	1	1	4	0	1
n/a	OG0005461	0	0	0	18	0	0	1	0	0
n/a	OG0005462	0	0	0	7	0	0	3	2	0
n/a	OG0005463	0	0	0	0	0	1	6	2	0
n/a	OG0005464	5	0	0	0	2	5	0	0	9
n/a	OG0005465	0	6	0	0	0	0	0	0	0
n/a	OG0005466	1	3	0	4	0	2	0	2	0
n/a	OG0005467	3	2	1	1	1	2	1	1	1
n/a	OG0005468	6	1	2	1	0	2	1	1	2
n/a	OG0005469	2	0	1	2	2	2	2	2	2
n/a	OG0005470	0	0	10	2	2	1	1	1	0
n/a	OG0005471	6	1	0	1	1	1	2	1	1
n/a	OG0005472	1	1	2	1	2	2	2	1	3
n/a	OG0005473	1	1	1	2	2	2	1	2	3
n/a	OG0005474	4	1	1	1	1	1	2	2	1
n/a	OG0005475	1	1	5	0	0	3	2	2	0
n/a	OG0005476	1	4	1	1	1	1	1	0	0
n/a	OG0005477	1	1	3	1	2	2	1	2	2
n/a	OG0005478	1	1	2	2	2	2	2	0	2
n/a	OG0005479	3	0	2	2	0	2	2	2	3
n/a	OG0005480	1	2	1	2	1	1	1	2	1
n/a	OG0005481	5	3	0	2	0	0	1	0	0
n/a	OG0005482	1	2	2	1	2	2	1	1	3
n/a	OG0005483	2	2	2	1	2	2	1	1	2
n/a	OG0005484	1	1	2	2	1	1	2	1	2
n/a	OG0005485	2	2	2	1	1	1	2	2	1
n/a	OG0005486	2	1	1	2	1	1	2	2	1
n/a	OG0005487	2	2	2	1	2	2	1	1	2
n/a	OG0005488	1	2	1	2	2	1	2	2	1
n/a	OG0005489	1	0	2	2	2	3	2	2	1
n/a	OG0005490	1	2	1	1	1	1	2	0	2
n/a	OG0005491	3	1	2	1	2	1	1	1	4
n/a	OG0005492	1	0	0	2	8	4	1	1	1
n/a	OG0005493	3	1	1	1	1	3	1	1	4
n/a	OG0005494	1	1	1	2	1	2	2	2	1
n/a	OG0005495	9	1	1	0	1	1	1	1	1
n/a	OG0005496	5	1	1	1	1	2	1	1	3
n/a	OG0005497	3	1	1	1	2	1	1	2	3
n/a	OG0005498	2	2	1	0	2	2	1	1	3
n/a	OG0005499	1	2	2	2	2	2	1	2	2
n/a	OG0005500	1	2	2	2	1	1	1	1	1
n/a	OG0005501	1	0	2	2	2	2	2	2	2
n/a	OG0005502	2	0	2	2	2	2	2	2	1
n/a	OG0005503	5	2	1	1	1	1	1	2	1
n/a	OG0005504	1	1	2	1	2	2	1	1	5
n/a	OG0005505	1	3	2	1	0	1	2	1	0
n/a	OG0005506	1	2	2	1	1	2	1	1	3
n/a	OG0005507	1	1	1	1	2	7	1	1	1
n/a	OG0005508	8	0	1	1	2	1	1	1	2
n/a	OG0005509	4	1	2	1	2	2	1	1	2
n/a	OG0005510	1	1	2	2	1	1	1	2	2
n/a	OG0005511	2	0	2	2	2	2	2	1	2
n/a	OG0005512	8	1	1	0	2	1	1	1	1
n/a	OG0005513	1	1	2	0	1	2	2	2	2
n/a	OG0005514	3	1	1	2	1	2	2	2	1
n/a	OG0005515	1	2	2	2	1	1	1	2	2
n/a	OG0005516	1	2	1	1	1	1	2	2	0
n/a	OG0005517	2	1	2	1	1	1	2	2	1
n/a	OG0005518	2	2	2	1	1	2	1	1	2
n/a	OG0005519	3	0	2	1	3	4	1	1	3
n/a	OG0005520	1	1	1	2	1	1	2	2	1
n/a	OG0005521	2	2	1	1	3	2	1	1	1
n/a	OG0005522	1	1	1	1	1	1	1	1	8
n/a	OG0005523	1	1	1	1	0	2	3	2	1
n/a	OG0005524	2	2	1	2	1	2	2	0	2
n/a	OG0005525	1	1	2	2	0	1	2	2	2
n/a	OG0005526	8	1	1	1	0	2	1	1	1
n/a	OG0005527	1	2	1	2	2	2	0	1	4
n/a	OG0005528	2	2	2	1	2	2	1	1	2
n/a	OG0005529	2	2	1	1	1	2	2	2	1
n/a	OG0005530	2	2	2	1	2	2	1	1	2
n/a	OG0005531	3	1	1	1	1	1	2	2	1
n/a	OG0005532	1	2	2	1	3	2	1	0	2
n/a	OG0005533	2	2	1	2	1	1	1	2	1
n/a	OG0005534	1	1	1	4	1	1	2	2	1
n/a	OG0005535	3	2	2	1	1	1	1	1	2
n/a	OG0005536	2	1	1	1	1	2	2	2	1
n/a	OG0005537	2	2	1	2	1	1	1	2	1
n/a	OG0005538	1	1	3	1	3	5	1	0	2
n/a	OG0005539	2	2	2	1	1	2	1	1	3
n/a	OG0005540	3	1	3	1	1	2	1	1	3
n/a	OG0005541	1	1	2	0	1	2	2	2	2
n/a	OG0005542	2	2	2	1	1	3	1	2	1
n/a	OG0005543	3	1	1	1	1	4	2	2	1
n/a	OG0005544	1	1	1	1	1	1	1	4	1
n/a	OG0005545	1	1	1	1	1	2	1	1	7
n/a	OG0005546	1	1	1	2	0	1	2	2	1
n/a	OG0005547	1	1	1	1	1	1	1	1	8
n/a	OG0005548	1	1	1	0	1	3	2	2	1
n/a	OG0005549	2	1	2	2	2	2	1	1	3
n/a	OG0005550	2	2	2	1	3	2	1	0	2
n/a	OG0005551	1	1	1	1	6	1	1	1	3
n/a	OG0005552	2	2	2	1	2	1	1	1	2
n/a	OG0005553	1	1	1	2	1	1	2	2	1
n/a	OG0005554	1	2	2	3	1	1	1	1	1
n/a	OG0005555	1	1	4	2	0	2	1	1	2
n/a	OG0005556	1	2	2	1	1	3	1	0	1
n/a	OG0005557	2	2	2	1	2	2	1	0	2
n/a	OG0005558	1	1	1	2	1	1	2	2	2
n/a	OG0005559	1	2	2	2	1	2	1	1	2
n/a	OG0005560	2	2	2	1	1	1	1	1	1
n/a	OG0005561	1	1	1	2	1	1	1	2	3
n/a	OG0005563	1	2	1	2	2	2	1	2	2
n/a	OG0005564	1	1	1	1	1	3	1	1	6
n/a	OG0005565	2	1	1	2	1	2	2	2	1
n/a	OG0005566	2	3	1	1	1	1	1	1	1
n/a	OG0005567	3	1	2	1	2	2	1	1	4
n/a	OG0005568	3	1	2	1	2	2	1	1	2
n/a	OG0005569	3	1	1	2	1	1	2	2	1
n/a	OG0005570	2	1	2	2	1	1	2	2	2
n/a	OG0005571	2	2	2	1	1	1	2	1	0
n/a	OG0005572	1	1	2	2	1	1	2	2	1
n/a	OG0005573	1	1	2	2	1	1	2	2	1
n/a	OG0005574	6	1	1	1	1	4	1	1	1
n/a	OG0005575	1	1	2	2	2	2	1	2	1
n/a	OG0005576	2	1	2	2	1	1	2	2	1
n/a	OG0005577	1	1	1	1	1	1	2	2	1
n/a	OG0005578	2	0	2	2	2	2	2	0	2
n/a	OG0005579	4	1	2	1	2	2	1	1	2
n/a	OG0005580	4	1	2	1	2	2	1	1	2
n/a	OG0005581	1	1	2	2	1	2	2	1	2
n/a	OG0005582	3	2	2	0	2	2	0	1	3
n/a	OG0005583	2	1	2	2	1	1	2	2	1
n/a	OG0005584	1	2	1	1	1	1	2	2	1
n/a	OG0005585	2	1	3	1	2	3	1	1	1
n/a	OG0005586	2	2	2	1	1	2	1	1	2
n/a	OG0005587	1	1	2	2	2	1	2	2	2
n/a	OG0005588	1	2	1	2	0	1	2	2	0
n/a	OG0005589	1	2	1	2	1	1	1	2	3
n/a	OG0005590	2	3	0	1	0	0	2	2	0
n/a	OG0005591	1	2	1	2	1	1	2	2	1
n/a	OG0005592	1	1	2	1	2	2	1	1	5
n/a	OG0005593	3	1	2	1	3	2	1	1	2
n/a	OG0005594	2	1	1	1	1	1	2	2	1
n/a	OG0005595	4	0	2	1	2	2	2	2	2
n/a	OG0005596	1	1	2	2	2	1	2	2	1
n/a	OG0005597	2	1	1	1	1	2	1	3	1
n/a	OG0005598	1	1	2	2	2	1	2	2	1
n/a	OG0005599	3	1	1	1	1	1	1	2	4
n/a	OG0005600	2	2	2	1	1	2	1	1	3
n/a	OG0005601	3	1	3	0	0	1	2	2	2
n/a	OG0005602	4	1	1	2	2	2	1	0	2
n/a	OG0005603	1	1	1	2	1	1	2	2	2
n/a	OG0005604	1	1	1	1	1	1	1	1	8
n/a	OG0005605	1	2	1	1	2	2	2	1	1
n/a	OG0005606	3	1	2	1	2	2	1	0	4
n/a	OG0005607	1	0	2	2	2	2	2	2	2
n/a	OG0005608	1	1	3	2	1	2	1	2	1
n/a	OG0005609	2	2	2	1	3	1	1	0	2
n/a	OG0005610	1	1	2	2	1	2	1	2	2
n/a	OG0005611	1	1	1	3	1	1	2	2	1
n/a	OG0005612	1	1	1	1	1	1	1	2	5
n/a	OG0005613	6	1	1	1	1	1	1	1	3
n/a	OG0005614	3	2	1	0	1	1	2	1	2
n/a	OG0005615	2	1	2	1	3	3	1	0	3
n/a	OG0005616	2	1	2	1	2	2	1	1	2
n/a	OG0005617	1	1	1	2	1	1	2	2	1
n/a	OG0005618	3	2	1	1	0	2	1	2	1
n/a	OG0005619	1	1	2	1	3	3	1	1	2
n/a	OG0005620	1	1	1	1	1	1	1	4	2
n/a	OG0005621	1	2	2	1	2	2	1	1	3
n/a	OG0005622	1	2	1	1	1	1	2	2	1
n/a	OG0005623	1	2	2	1	1	2	1	1	3
n/a	OG0005624	1	1	2	3	1	1	2	2	2
n/a	OG0005625	1	2	1	2	0	1	2	2	1
n/a	OG0005626	1	1	1	2	0	1	2	2	2
n/a	OG0005627	1	1	1	2	1	2	2	2	1
n/a	OG0005628	1	1	1	1	2	1	1	1	7
n/a	OG0005629	1	2	2	2	1	1	1	2	1
n/a	OG0005630	1	1	1	1	1	2	2	2	1
n/a	OG0005631	1	2	1	1	3	2	1	1	2
n/a	OG0005632	1	2	1	2	0	2	2	2	1
n/a	OG0005633	1	2	2	1	2	3	1	1	1
n/a	OG0005634	3	1	1	1	1	1	1	1	5
n/a	OG0005635	1	1	2	1	0	1	2	2	1
n/a	OG0005636	2	1	3	1	1	1	1	1	5
n/a	OG0005637	2	2	2	2	2	1	1	1	2
n/a	OG0005638	2	1	0	1	2	1	2	2	3
n/a	OG0005639	1	2	1	2	1	1	2	1	2
n/a	OG0005640	3	1	1	2	1	1	2	2	1
n/a	OG0005641	1	2	1	2	1	1	2	2	1
n/a	OG0005642	2	1	1	2	1	1	2	2	2
n/a	OG0005643	1	2	1	1	2	1	1	2	1
n/a	OG0005644	1	2	2	2	1	1	2	1	1
n/a	OG0005645	1	1	2	2	1	2	1	2	2
n/a	OG0005646	1	1	1	1	1	2	2	2	2
n/a	OG0005647	1	1	1	1	1	2	1	0	7
n/a	OG0005648	3	0	2	2	1	2	2	2	2
n/a	OG0005649	1	1	1	2	1	2	2	2	1
n/a	OG0005650	1	2	2	0	1	2	2	2	1
n/a	OG0005651	1	2	1	2	1	1	2	2	1
n/a	OG0005652	2	2	2	1	1	2	1	1	3
n/a	OG0005653	1	2	2	2	1	1	2	1	2
n/a	OG0005654	1	2	2	1	2	2	1	1	2
n/a	OG0005655	1	2	2	0	2	1	2	1	1
n/a	OG0005656	1	1	2	2	1	1	2	2	1
n/a	OG0005657	1	2	2	1	1	1	2	2	1
n/a	OG0005658	1	1	2	2	2	1	2	2	1
n/a	OG0005659	1	2	2	2	3	1	1	1	2
n/a	OG0005660	1	2	1	2	2	1	2	2	1
n/a	OG0005661	1	3	1	1	1	1	1	1	2
n/a	OG0005662	2	2	2	1	1	2	1	1	2
n/a	OG0005663	1	1	2	2	3	2	1	1	2
n/a	OG0005664	1	1	2	1	2	2	1	2	2
n/a	OG0005665	1	1	1	1	1	1	0	1	10
n/a	OG0005666	1	2	1	1	2	2	1	2	2
n/a	OG0005667	1	1	2	3	2	1	1	1	3
n/a	OG0005668	1	2	1	1	2	1	2	2	1
n/a	OG0005669	2	1	2	2	1	1	2	2	2
n/a	OG0005670	1	2	1	1	1	1	1	0	7
n/a	OG0005671	1	2	2	1	1	1	1	2	1
n/a	OG0005672	1	2	1	1	3	1	2	1	1
n/a	OG0005673	1	2	1	2	1	2	2	2	1
n/a	OG0005674	1	2	2	1	2	2	1	1	2
n/a	OG0005675	1	1	1	1	7	1	1	1	1
n/a	OG0005676	1	2	1	2	1	1	1	2	1
n/a	OG0005677	1	2	2	1	2	2	1	1	2
n/a	OG0005678	1	2	1	2	0	1	2	2	1
n/a	OG0005679	1	2	2	0	2	2	2	2	1
n/a	OG0005680	1	2	2	2	1	1	1	2	1
n/a	OG0005681	1	2	1	2	1	2	2	0	2
n/a	OG0005682	1	1	2	1	2	2	2	2	1
n/a	OG0005683	1	2	2	2	2	1	1	1	1
n/a	OG0005684	1	2	1	2	0	1	2	2	1
n/a	OG0005685	1	1	1	2	1	1	2	2	2
n/a	OG0005686	1	1	1	1	1	1	1	1	8
n/a	OG0005687	1	1	1	1	2	2	0	4	2
n/a	OG0005688	1	1	1	2	1	1	2	2	1
n/a	OG0005689	1	2	2	1	1	2	1	1	2
n/a	OG0005690	1	2	1	1	1	2	1	2	3
n/a	OG0005691	1	1	1	2	1	1	2	2	1
n/a	OG0005692	1	2	3	0	0	1	3	1	0
n/a	OG0005693	0	2	3	1	2	2	1	1	2
n/a	OG0005694	0	2	1	2	1	1	2	2	1
n/a	OG0005695	0	2	1	2	3	1	1	1	2
n/a	OG0005696	0	1	2	2	1	2	2	2	1
n/a	OG0005697	0	3	1	0	0	0	2	2	0
n/a	OG0005698	0	1	2	2	1	1	2	2	1
n/a	OG0005699	0	1	0	5	0	0	2	4	0
n/a	OG0005700	0	1	3	3	1	4	0	2	0
n/a	OG0005701	0	4	2	0	1	0	1	1	0
n/a	OG0005702	0	2	1	1	2	3	1	1	2
n/a	OG0005703	0	2	1	2	1	2	2	0	3
n/a	OG0005704	0	1	2	2	2	1	2	2	2
n/a	OG0005705	0	2	1	2	1	0	2	2	1
n/a	OG0005706	0	1	2	1	2	1	2	2	2
n/a	OG0005707	0	2	1	1	1	1	2	2	1
n/a	OG0005708	0	3	1	1	0	0	2	2	0
n/a	OG0005709	0	1	1	3	1	1	3	2	0
n/a	OG0005710	0	2	2	1	2	3	1	1	2
n/a	OG0005711	0	4	1	0	2	1	1	1	0
n/a	OG0005712	0	1	1	2	1	2	2	2	2
n/a	OG0005713	0	1	1	2	1	1	3	2	2
n/a	OG0005714	0	4	2	1	2	2	0	0	2
n/a	OG0005715	0	1	1	1	1	2	2	2	3
n/a	OG0005716	0	1	2	2	1	2	2	2	1
n/a	OG0005717	0	1	3	1	0	2	2	2	2
n/a	OG0005718	0	0	0	0	0	0	4	4	0
n/a	OG0005719	0	2	1	0	2	2	1	0	5
n/a	OG0005720	0	2	2	1	1	1	2	2	1
n/a	OG0005721	0	3	0	1	0	0	3	2	0
n/a	OG0005722	0	2	1	0	0	0	3	3	0
n/a	OG0005723	0	1	1	4	1	2	2	2	0
n/a	OG0005724	0	2	0	2	3	2	2	0	1
n/a	OG0005725	0	2	2	1	8	0	1	0	0
n/a	OG0005726	0	4	0	0	0	0	2	2	0
n/a	OG0005727	0	1	1	2	1	1	2	2	3
n/a	OG0005729	0	2	2	2	1	2	2	0	1
n/a	OG0005730	0	2	2	3	0	1	2	2	1
n/a	OG0005731	0	1	1	2	1	1	3	2	1
n/a	OG0005732	0	0	0	0	0	0	6	0	2
n/a	OG0005733	0	4	0	3	0	1	2	0	0
n/a	OG0005734	0	2	0	1	0	0	1	5	0
n/a	OG0005735	0	1	2	2	2	2	2	2	1
n/a	OG0005736	0	0	4	2	0	2	0	6	0
n/a	OG0005737	0	2	2	0	2	3	2	0	2
n/a	OG0005738	0	2	1	2	2	1	2	2	2
n/a	OG0005739	0	1	1	1	1	1	1	1	9
n/a	OG0005740	0	2	2	3	0	2	2	2	1
n/a	OG0005741	0	1	2	1	2	2	2	2	2
n/a	OG0005742	0	2	1	2	1	1	2	2	0
n/a	OG0005743	0	4	0	0	1	3	1	0	2
n/a	OG0005744	0	4	1	1	1	1	1	1	1
n/a	OG0005745	0	5	0	0	0	0	1	2	0
n/a	OG0005746	0	1	1	1	0	0	3	4	0
n/a	OG0005747	0	2	2	2	2	1	2	1	1
n/a	OG0005748	0	1	3	2	4	5	1	0	0
n/a	OG0005749	0	2	1	2	1	1	2	2	2
n/a	OG0005750	0	1	3	1	2	4	1	1	3
n/a	OG0005751	0	1	1	2	2	3	1	2	2
n/a	OG0005752	0	2	1	0	0	0	2	4	0
n/a	OG0005753	0	2	1	2	1	1	2	2	2
n/a	OG0005754	0	2	1	2	2	1	2	1	3
n/a	OG0005755	0	2	0	1	4	1	2	1	0
n/a	OG0005756	0	0	0	4	0	0	2	4	0
n/a	OG0005757	0	3	2	1	0	1	2	1	1
n/a	OG0005758	0	1	3	0	2	2	3	2	0
n/a	OG0005759	0	1	1	5	0	1	1	1	6
n/a	OG0005760	0	2	2	2	1	0	2	2	0
n/a	OG0005761	0	2	2	1	0	2	2	2	2
n/a	OG0005762	0	3	0	0	1	1	2	2	1
n/a	OG0005763	0	1	1	1	0	0	4	2	0
n/a	OG0005764	0	1	1	3	0	1	2	4	1
n/a	OG0005765	0	0	0	20	0	0	0	0	0
n/a	OG0005767	0	0	3	0	4	1	1	4	1
n/a	OG0005768	0	0	1	3	0	1	3	2	3
n/a	OG0005769	0	0	1	0	1	4	0	0	15
n/a	OG0005770	0	0	0	0	6	7	0	0	8
n/a	OG0005771	0	0	0	0	0	0	4	4	1
n/a	OG0005773	2	1	4	0	0	2	1	2	0
n/a	OG0005774	1	1	2	1	2	2	1	1	3
n/a	OG0005775	2	1	1	2	2	2	2	1	2
n/a	OG0005776	1	1	1	1	1	1	2	2	2
n/a	OG0005777	1	2	2	1	1	2	2	1	1
n/a	OG0005778	3	1	1	2	1	1	1	2	2
n/a	OG0005779	7	1	1	1	0	1	1	1	2
n/a	OG0005780	1	1	1	0	0	1	2	2	6
n/a	OG0005781	1	0	0	0	0	2	0	0	16
n/a	OG0005782	1	3	1	0	0	2	1	2	0
n/a	OG0005783	1	0	2	3	0	0	2	3	0
n/a	OG0005784	1	1	1	2	1	1	2	2	1
n/a	OG0005785	2	1	1	1	5	2	1	1	1
n/a	OG0005786	1	2	1	1	0	1	1	1	6
n/a	OG0005787	3	2	1	1	1	1	1	1	2
n/a	OG0005788	1	1	2	1	0	2	2	2	2
n/a	OG0005789	1	1	1	2	1	1	2	2	1
n/a	OG0005790	1	1	6	0	0	1	2	1	0
n/a	OG0005791	1	2	3	1	0	1	2	1	0
n/a	OG0005792	1	2	2	1	2	2	1	1	2
n/a	OG0005793	6	1	1	1	1	2	1	1	1
n/a	OG0005794	1	1	2	2	2	2	1	0	3
n/a	OG0005795	2	1	2	1	1	3	1	1	3
n/a	OG0005796	1	1	2	1	2	2	1	1	5
n/a	OG0005797	2	2	1	1	1	5	1	0	1
n/a	OG0005798	3	2	2	1	2	2	1	0	3
n/a	OG0005799	1	2	2	2	1	1	2	0	1
n/a	OG0005800	1	2	2	1	2	1	1	1	2
n/a	OG0005801	1	1	1	2	1	1	2	2	2
n/a	OG0005802	1	1	1	2	3	2	1	1	2
n/a	OG0005803	2	1	2	1	1	2	1	0	5
n/a	OG0005804	1	2	1	2	1	1	2	1	1
n/a	OG0005805	2	2	1	1	1	2	1	1	3
n/a	OG0005806	1	1	1	2	1	1	2	2	1
n/a	OG0005807	2	1	1	1	2	2	2	2	1
n/a	OG0005808	3	1	1	1	1	3	1	1	2
n/a	OG0005809	2	1	1	1	1	1	2	1	4
n/a	OG0005810	7	1	1	1	1	1	1	1	1
n/a	OG0005811	2	2	1	1	1	1	1	2	2
n/a	OG0005812	1	1	1	1	1	1	1	1	7
n/a	OG0005813	2	1	0	1	4	4	1	1	1
n/a	OG0005814	4	1	1	1	1	2	1	1	3
n/a	OG0005815	1	1	1	2	2	2	2	2	1
n/a	OG0005816	6	1	1	1	1	1	1	1	1
n/a	OG0005817	2	1	2	2	1	1	2	2	1
n/a	OG0005818	1	2	2	2	1	1	1	2	1
n/a	OG0005819	2	1	2	2	1	2	1	1	2
n/a	OG0005820	2	1	1	3	1	1	2	2	1
n/a	OG0005821	2	1	2	1	2	2	1	1	3
n/a	OG0005822	1	1	1	2	1	1	2	2	1
n/a	OG0005823	1	1	1	2	2	2	1	2	2
n/a	OG0005824	3	2	1	1	0	2	1	1	3
n/a	OG0005825	1	0	2	1	2	2	2	2	2
n/a	OG0005826	1	1	1	1	1	1	1	1	6
n/a	OG0005827	1	1	2	1	2	2	1	1	4
n/a	OG0005828	1	0	2	2	2	2	2	2	2
n/a	OG0005829	2	2	2	0	2	2	1	1	1
n/a	OG0005830	1	2	1	2	1	1	1	2	1
n/a	OG0005831	2	1	1	1	3	2	1	1	3
n/a	OG0005832	2	2	2	1	1	1	1	1	2
n/a	OG0005833	5	1	1	1	3	1	1	1	1
n/a	OG0005834	1	1	1	2	1	1	2	2	1
n/a	OG0005835	2	0	2	1	1	2	2	2	2
n/a	OG0005836	1	1	3	2	2	2	0	2	2
n/a	OG0005837	2	0	2	2	1	1	2	2	1
n/a	OG0005838	1	2	1	2	1	1	2	1	1
n/a	OG0005839	1	1	1	1	1	1	2	2	2
n/a	OG0005840	3	2	1	1	1	3	1	1	1
n/a	OG0005841	6	1	1	1	1	1	1	1	2
n/a	OG0005842	6	1	1	1	1	1	1	1	2
n/a	OG0005843	2	1	1	1	3	2	1	1	3
n/a	OG0005844	1	1	3	1	1	2	1	2	2
n/a	OG0005845	1	3	2	1	1	1	1	1	1
n/a	OG0005846	2	2	1	1	1	1	1	0	5
n/a	OG0005847	2	1	1	0	1	1	2	2	2
n/a	OG0005848	4	1	1	1	1	2	1	1	4
n/a	OG0005849	3	1	1	1	1	1	1	0	6
n/a	OG0005850	3	1	1	1	2	2	1	1	3
n/a	OG0005851	1	2	1	1	2	2	1	1	3
n/a	OG0005852	1	1	1	1	1	1	2	2	1
n/a	OG0005853	2	2	2	1	0	1	1	2	1
n/a	OG0005854	4	2	1	1	1	2	1	0	1
n/a	OG0005855	4	2	1	1	0	1	1	2	2
n/a	OG0005856	1	1	2	1	2	2	1	2	1
n/a	OG0005857	1	1	1	1	1	1	2	2	1
n/a	OG0005858	2	1	1	1	2	1	1	2	2
n/a	OG0005859	5	1	1	2	1	1	1	1	2
n/a	OG0005860	1	2	2	1	2	2	1	0	2
n/a	OG0005861	2	1	3	1	1	1	2	2	1
n/a	OG0005862	1	2	4	1	1	1	1	1	2
n/a	OG0005863	2	1	2	1	2	2	1	1	3
n/a	OG0005864	19	0	0	0	0	0	0	0	0
n/a	OG0005865	2	1	2	1	1	2	1	1	3
n/a	OG0005866	2	1	1	2	1	1	2	1	2
n/a	OG0005867	1	1	1	1	1	1	1	1	7
n/a	OG0005868	1	1	2	2	1	1	2	1	2
n/a	OG0005869	1	2	1	2	1	1	2	1	2
n/a	OG0005870	1	1	1	2	1	1	2	2	2
n/a	OG0005871	2	2	2	1	0	2	1	1	2
n/a	OG0005872	1	2	2	1	2	2	1	0	3
n/a	OG0005873	2	2	2	1	1	1	1	1	2
n/a	OG0005874	1	2	1	1	0	1	2	2	2
n/a	OG0005875	1	2	1	1	1	1	1	1	4
n/a	OG0005876	2	2	1	1	2	2	1	1	1
n/a	OG0005877	1	2	1	1	1	1	1	1	3
n/a	OG0005878	4	1	1	1	1	2	1	1	3
n/a	OG0005879	1	2	2	1	2	2	1	1	2
n/a	OG0005880	1	2	2	2	1	1	1	1	2
n/a	OG0005881	1	1	1	2	1	1	2	2	1
n/a	OG0005882	2	2	2	1	2	2	1	1	1
n/a	OG0005883	1	2	1	2	1	2	1	1	2
n/a	OG0005884	1	2	2	1	2	2	1	1	3
n/a	OG0005885	2	2	0	0	7	2	0	1	1
n/a	OG0005886	2	1	1	2	1	1	2	2	1
n/a	OG0005887	2	2	1	1	2	1	1	1	3
n/a	OG0005888	1	2	1	2	0	1	2	2	1
n/a	OG0005889	2	1	2	1	1	2	1	1	3
n/a	OG0005890	1	1	2	2	1	2	1	1	2
n/a	OG0005891	2	2	2	1	1	1	1	0	4
n/a	OG0005892	2	1	1	2	1	2	2	2	1
n/a	OG0005893	4	1	1	0	3	1	1	1	3
n/a	OG0005894	1	1	1	1	2	2	1	1	5
n/a	OG0005895	2	2	2	1	2	2	1	1	1
n/a	OG0005896	2	1	1	1	1	2	1	2	2
n/a	OG0005897	3	1	1	1	1	2	1	1	4
n/a	OG0005898	1	2	4	1	2	1	1	1	1
n/a	OG0005899	1	1	2	2	2	1	2	1	1
n/a	OG0005900	2	2	2	1	1	1	1	1	2
n/a	OG0005901	1	1	1	2	1	1	2	2	1
n/a	OG0005902	1	1	3	1	2	3	1	1	2
n/a	OG0005903	4	2	2	1	0	2	1	0	2
n/a	OG0005904	3	1	1	1	1	1	2	2	1
n/a	OG0005905	1	2	1	1	2	1	2	1	1
n/a	OG0005906	1	3	1	1	1	1	1	1	1
n/a	OG0005907	2	1	1	1	1	1	2	2	2
n/a	OG0005908	5	2	1	1	2	1	0	1	1
n/a	OG0005909	1	2	1	1	1	1	2	2	1
n/a	OG0005910	1	1	1	3	2	1	1	2	0
n/a	OG0005911	2	1	1	2	1	2	2	0	2
n/a	OG0005912	2	1	0	1	1	2	2	2	1
n/a	OG0005913	1	1	2	2	0	2	1	2	3
n/a	OG0005914	2	1	2	2	1	1	1	2	2
n/a	OG0005915	2	2	1	1	1	1	1	2	1
n/a	OG0005916	1	1	1	2	1	1	2	2	2
n/a	OG0005917	1	1	2	2	2	1	2	2	1
n/a	OG0005918	1	1	1	2	0	1	2	2	2
n/a	OG0005919	1	1	1	1	1	1	2	2	1
n/a	OG0005920	1	1	1	1	1	2	1	1	6
n/a	OG0005921	2	1	1	3	1	1	1	2	1
n/a	OG0005922	1	1	1	3	1	1	1	4	1
n/a	OG0005923	2	1	1	1	1	1	2	2	1
n/a	OG0005924	2	2	2	1	1	2	1	1	2
n/a	OG0005925	2	2	2	1	2	1	1	1	2
n/a	OG0005926	3	1	2	1	2	2	1	1	3
n/a	OG0005927	3	1	2	1	3	1	1	1	2
n/a	OG0005928	1	2	1	2	1	1	1	2	2
n/a	OG0005929	1	1	1	1	0	3	1	1	5
n/a	OG0005930	1	2	2	1	1	2	1	1	2
n/a	OG0005931	2	1	2	1	2	3	1	1	2
n/a	OG0005932	1	2	3	1	1	1	1	1	2
n/a	OG0005933	1	2	2	1	1	1	1	1	2
n/a	OG0005934	2	2	1	1	1	2	1	1	2
n/a	OG0005935	3	1	2	1	1	1	1	1	5
n/a	OG0005936	2	1	1	2	1	1	1	2	2
n/a	OG0005937	1	1	1	1	1	1	2	1	5
n/a	OG0005938	1	1	2	2	1	2	2	2	1
n/a	OG0005939	4	2	1	0	0	1	1	2	1
n/a	OG0005940	2	1	1	1	1	2	1	1	5
n/a	OG0005941	1	1	1	2	1	1	2	2	1
n/a	OG0005942	2	2	2	1	1	1	1	1	2
n/a	OG0005943	1	1	2	2	1	1	1	2	2
n/a	OG0005944	1	2	1	2	1	2	1	1	2
n/a	OG0005945	1	1	1	2	2	1	2	2	1
n/a	OG0005946	1	1	1	1	1	1	1	1	6
n/a	OG0005947	1	1	1	1	1	1	1	1	7
n/a	OG0005948	1	1	2	1	1	1	1	1	7
n/a	OG0005949	1	2	1	0	1	1	2	2	1
n/a	OG0005950	1	2	1	2	1	1	1	2	1
n/a	OG0005951	1	1	3	0	1	1	2	2	2
n/a	OG0005952	1	0	4	1	2	2	1	2	2
n/a	OG0005953	1	2	2	2	1	1	1	2	1
n/a	OG0005954	1	1	1	1	2	2	1	2	2
n/a	OG0005955	3	1	2	1	2	2	1	1	3
n/a	OG0005956	1	1	1	1	1	1	2	2	1
n/a	OG0005957	1	2	3	1	0	1	1	2	1
n/a	OG0005958	1	2	1	2	2	2	1	2	1
n/a	OG0005959	1	1	2	2	1	2	2	1	1
n/a	OG0005960	1	1	1	1	2	3	1	1	4
n/a	OG0005961	1	1	1	1	1	1	2	2	1
n/a	OG0005962	1	1	2	1	1	1	2	2	2
n/a	OG0005963	2	1	2	1	1	1	2	2	2
n/a	OG0005964	1	1	3	2	0	2	1	2	2
n/a	OG0005965	1	1	1	1	0	1	1	1	8
n/a	OG0005966	1	0	2	2	2	2	2	2	2
n/a	OG0005967	1	1	1	2	1	1	2	2	1
n/a	OG0005968	1	0	2	2	1	2	2	2	3
n/a	OG0005969	1	1	2	1	2	1	2	2	1
n/a	OG0005970	1	0	1	0	4	2	3	0	1
n/a	OG0005971	1	2	2	1	4	2	1	0	2
n/a	OG0005972	1	1	1	2	1	1	2	2	2
n/a	OG0005973	1	1	2	1	5	3	1	0	2
n/a	OG0005974	2	1	1	2	0	1	1	2	5
n/a	OG0005975	2	1	1	1	2	1	1	1	5
n/a	OG0005976	1	1	1	3	0	1	2	2	1
n/a	OG0005977	1	2	1	1	1	3	1	1	2
n/a	OG0005978	1	2	2	1	2	2	1	1	2
n/a	OG0005979	1	2	2	1	1	2	1	1	3
n/a	OG0005980	1	1	1	1	1	1	2	2	3
n/a	OG0005981	1	1	1	1	2	1	1	1	5
n/a	OG0005982	1	1	2	1	1	1	1	1	6
n/a	OG0005983	2	1	3	2	1	1	1	2	2
n/a	OG0005984	1	2	2	1	3	1	1	1	1
n/a	OG0005985	1	1	1	1	2	1	2	2	1
n/a	OG0005986	1	1	1	1	1	1	1	1	7
n/a	OG0005987	1	1	1	1	1	1	1	1	7
n/a	OG0005988	1	1	1	2	2	2	1	2	2
n/a	OG0005989	4	1	1	1	1	2	1	1	2
n/a	OG0005990	1	2	2	2	0	2	2	0	2
n/a	OG0005991	1	2	1	1	2	1	1	2	1
n/a	OG0005992	1	1	1	2	1	1	2	2	1
n/a	OG0005993	1	1	1	1	1	1	2	0	6
n/a	OG0005994	2	1	1	1	1	1	2	2	1
n/a	OG0005995	2	1	1	2	1	1	2	2	2
n/a	OG0005996	2	2	1	1	1	2	1	1	2
n/a	OG0005997	1	1	1	2	1	1	2	2	1
n/a	OG0005998	1	2	1	2	1	1	1	2	1
n/a	OG0005999	1	1	1	1	1	1	1	2	6
n/a	OG0006000	2	2	1	1	2	2	1	0	3
n/a	OG0006001	1	1	1	1	1	1	2	2	1
n/a	OG0006002	2	1	2	2	2	1	1	2	2
n/a	OG0006003	1	1	2	1	2	2	1	1	3
n/a	OG0006004	1	2	1	2	2	1	1	1	2
n/a	OG0006005	1	1	1	2	1	1	2	2	2
n/a	OG0006006	1	1	1	2	1	2	2	2	1
n/a	OG0006007	1	1	1	5	1	1	1	1	3
n/a	OG0006008	2	2	2	1	2	2	1	1	1
n/a	OG0006009	1	1	1	1	2	2	1	2	3
n/a	OG0006010	3	1	1	1	2	2	1	1	3
n/a	OG0006011	1	2	1	1	1	3	1	1	2
n/a	OG0006012	2	1	1	4	1	1	1	1	2
n/a	OG0006013	2	1	1	1	0	1	1	1	7
n/a	OG0006014	1	1	1	1	1	1	1	1	7
n/a	OG0006015	1	2	1	1	1	3	1	1	2
n/a	OG0006016	1	3	1	1	0	2	1	0	1
n/a	OG0006017	1	1	2	1	2	1	2	1	2
n/a	OG0006018	1	1	1	1	1	1	2	2	2
n/a	OG0006019	1	1	1	1	0	1	1	1	9
n/a	OG0006020	1	1	2	2	1	1	2	2	1
n/a	OG0006021	2	1	1	1	1	1	3	1	1
n/a	OG0006022	1	0	3	1	1	1	1	2	5
n/a	OG0006023	1	1	2	2	0	1	2	2	3
n/a	OG0006024	1	1	1	2	1	0	2	2	2
n/a	OG0006025	1	1	2	2	1	1	1	2	2
n/a	OG0006026	2	1	1	0	1	1	2	2	2
n/a	OG0006027	1	2	1	2	1	1	2	1	1
n/a	OG0006028	1	1	2	1	2	1	2	2	1
n/a	OG0006029	1	1	1	1	1	1	1	1	7
n/a	OG0006030	1	2	1	0	2	1	2	2	1
n/a	OG0006031	2	1	0	1	2	3	2	2	1
n/a	OG0006032	1	2	2	1	3	1	1	1	1
n/a	OG0006033	1	1	2	1	2	2	1	1	4
n/a	OG0006034	1	1	1	1	1	1	2	2	1
n/a	OG0006035	1	1	1	1	1	1	1	0	8
n/a	OG0006036	1	1	2	2	2	2	2	1	1
n/a	OG0006037	1	1	2	1	2	1	2	2	1
n/a	OG0006038	1	1	1	2	1	1	2	2	1
n/a	OG0006039	1	0	2	0	0	1	3	2	0
n/a	OG0006040	1	0	3	0	0	4	3	0	0
n/a	OG0006041	0	1	1	1	1	3	2	2	2
n/a	OG0006042	0	2	0	3	2	0	2	2	0
n/a	OG0006043	0	2	0	0	0	0	2	3	0
n/a	OG0006044	0	1	2	2	2	2	1	2	2
n/a	OG0006045	0	1	2	1	2	1	2	2	2
n/a	OG0006046	0	1	1	2	1	1	2	2	1
n/a	OG0006047	0	1	2	2	2	1	2	1	2
n/a	OG0006048	0	2	2	1	0	0	2	2	0
n/a	OG0006049	0	4	0	2	0	0	2	1	0
n/a	OG0006050	0	3	1	0	1	4	1	0	0
n/a	OG0006051	0	1	2	1	1	1	1	1	7
n/a	OG0006052	0	6	0	1	0	0	0	0	0
n/a	OG0006053	0	3	2	8	0	0	1	0	0
n/a	OG0006054	0	1	2	2	1	2	2	1	1
n/a	OG0006055	0	1	2	2	1	2	2	2	2
n/a	OG0006056	0	1	1	2	2	3	2	2	0
n/a	OG0006057	0	3	2	4	0	0	2	0	0
n/a	OG0006058	0	1	3	1	1	1	1	1	5
n/a	OG0006059	0	1	0	3	1	0	2	2	2
n/a	OG0006060	0	1	1	0	1	2	3	2	0
n/a	OG0006061	0	5	1	0	0	0	1	1	0
n/a	OG0006062	0	2	1	2	1	1	2	2	1
n/a	OG0006063	0	0	4	1	11	1	0	0	0
n/a	OG0006064	0	4	1	1	3	0	1	0	0
n/a	OG0006065	0	2	2	1	1	2	1	1	2
n/a	OG0006066	0	4	0	4	0	0	1	0	0
n/a	OG0006067	0	1	4	1	3	2	1	1	1
n/a	OG0006068	0	1	1	2	1	1	2	2	2
n/a	OG0006069	0	1	1	2	1	2	2	2	2
n/a	OG0006070	0	2	2	1	2	2	1	1	3
n/a	OG0006071	0	1	1	1	2	1	2	2	2
n/a	OG0006072	0	5	0	2	0	0	1	0	0
n/a	OG0006073	0	2	2	2	2	1	2	1	0
n/a	OG0006074	0	3	0	2	0	1	2	2	1
n/a	OG0006075	0	3	5	4	0	0	0	0	0
n/a	OG0006076	0	3	1	2	0	2	2	0	0
n/a	OG0006077	0	2	2	1	3	2	1	1	2
n/a	OG0006078	0	1	2	1	2	2	1	2	2
n/a	OG0006079	0	2	3	0	0	0	2	2	0
n/a	OG0006080	0	1	0	4	12	0	0	0	1
n/a	OG0006081	0	1	1	2	3	1	2	2	1
n/a	OG0006082	0	2	2	1	2	2	1	1	3
n/a	OG0006083	0	1	1	2	3	1	2	2	1
n/a	OG0006084	0	0	1	2	2	1	3	2	0
n/a	OG0006085	0	1	1	3	1	1	2	2	0
n/a	OG0006086	0	2	0	0	1	0	3	2	0
n/a	OG0006087	0	3	0	2	2	1	1	0	1
n/a	OG0006088	0	2	2	1	0	0	3	1	0
n/a	OG0006089	0	3	1	2	0	1	1	2	0
n/a	OG0006090	0	1	2	1	1	1	2	2	0
n/a	OG0006091	0	1	1	2	1	1	2	2	2
n/a	OG0006092	0	2	0	0	0	0	3	3	1
n/a	OG0006093	0	2	0	0	2	1	2	2	1
n/a	OG0006094	0	1	1	3	1	1	2	2	2
n/a	OG0006095	0	2	2	1	2	3	1	1	1
n/a	OG0006096	0	2	1	0	2	5	1	0	4
n/a	OG0006097	0	2	2	2	1	1	2	2	0
n/a	OG0006098	0	1	1	1	2	1	2	2	1
n/a	OG0006099	0	1	1	2	9	1	1	0	0
n/a	OG0006100	0	1	1	1	1	2	1	1	7
n/a	OG0006101	0	1	1	0	0	1	3	2	0
n/a	OG0006102	0	3	2	2	2	2	1	1	0
n/a	OG0006103	0	3	2	1	0	1	1	1	1
n/a	OG0006104	0	1	1	2	0	1	2	2	1
n/a	OG0006105	0	1	7	1	1	1	1	1	2
n/a	OG0006106	0	2	1	1	0	0	2	3	0
n/a	OG0006107	0	1	2	3	2	2	1	2	1
n/a	OG0006108	0	4	0	1	1	0	1	0	1
n/a	OG0006109	0	2	4	0	3	2	1	1	0
n/a	OG0006110	0	1	0	3	0	0	4	2	0
n/a	OG0006111	0	1	1	1	2	2	1	1	6
n/a	OG0006112	0	1	0	3	1	0	2	4	0
n/a	OG0006113	0	3	1	2	1	1	2	0	1
n/a	OG0006114	0	1	1	2	0	0	3	2	0
n/a	OG0006115	0	3	1	1	0	2	1	2	1
n/a	OG0006116	0	1	2	1	2	2	1	1	4
n/a	OG0006117	0	1	2	1	2	3	1	1	4
n/a	OG0006118	0	1	1	1	2	2	2	2	3
n/a	OG0006119	0	1	1	2	1	1	2	2	1
n/a	OG0006120	0	2	1	1	4	2	1	1	2
n/a	OG0006121	0	2	2	2	0	2	2	2	1
n/a	OG0006122	0	3	1	1	1	1	1	1	2
n/a	OG0006123	0	0	0	2	0	0	3	4	0
n/a	OG0006124	0	1	1	2	1	2	2	2	1
n/a	OG0006125	0	2	4	2	0	0	2	0	1
n/a	OG0006126	0	2	2	0	2	1	2	0	1
n/a	OG0006127	0	1	2	1	2	3	1	1	4
n/a	OG0006128	0	1	1	1	0	3	2	2	0
n/a	OG0006129	0	1	1	0	1	1	3	2	1
n/a	OG0006130	0	0	2	0	0	0	5	2	0
n/a	OG0006131	0	0	3	1	6	1	3	0	0
n/a	OG0006132	0	1	0	3	2	3	2	1	1
n/a	OG0006133	0	0	2	1	2	2	2	2	2
n/a	OG0006134	0	0	5	2	1	4	1	1	3
n/a	OG0006135	0	0	1	2	1	1	3	2	1
n/a	OG0006136	0	0	2	2	2	2	2	2	2
n/a	OG0006137	0	0	1	0	10	4	0	0	4
n/a	OG0006138	0	0	0	1	0	0	4	3	0
n/a	OG0006139	0	0	0	3	0	0	0	8	0
n/a	OG0006140	0	0	0	2	0	0	3	4	0
n/a	OG0006141	0	0	0	2	0	0	5	1	0
n/a	OG0006142	0	0	0	0	0	14	0	0	6
n/a	OG0006143	0	0	0	0	0	0	2	4	6
n/a	OG0006146	2	0	3	3	3	3	0	0	4
n/a	OG0006147	0	3	1	5	0	0	1	2	0
n/a	OG0006148	1	1	1	2	0	1	2	2	1
n/a	OG0006149	2	1	1	3	1	2	1	1	2
n/a	OG0006150	1	1	0	2	0	2	1	2	2
n/a	OG0006151	3	1	2	1	2	2	1	1	2
n/a	OG0006152	2	1	1	1	1	1	1	1	5
n/a	OG0006153	1	1	1	1	1	2	2	2	0
n/a	OG0006154	1	1	1	1	2	3	1	1	3
n/a	OG0006155	3	0	1	1	1	1	1	3	1
n/a	OG0006156	6	1	1	1	0	1	1	1	2
n/a	OG0006157	6	1	1	1	1	1	1	1	2
n/a	OG0006158	5	1	1	1	0	1	1	1	1
n/a	OG0006159	5	1	2	2	1	1	1	0	1
n/a	OG0006160	1	1	2	2	1	1	2	2	1
n/a	OG0006161	2	1	2	1	1	2	1	1	2
n/a	OG0006162	2	1	1	1	3	2	1	0	4
n/a	OG0006163	2	1	1	1	1	1	1	1	5
n/a	OG0006164	2	0	0	1	0	0	0	7	2
n/a	OG0006165	2	1	2	1	1	1	2	2	2
n/a	OG0006166	1	1	2	2	1	1	1	2	2
n/a	OG0006167	3	1	1	2	2	2	1	0	1
n/a	OG0006168	1	2	2	1	2	2	0	0	4
n/a	OG0006169	1	1	2	1	1	3	1	1	3
n/a	OG0006170	1	0	2	1	1	2	2	2	1
n/a	OG0006171	6	1	1	1	1	2	1	2	0
n/a	OG0006172	1	2	1	1	2	1	1	1	2
n/a	OG0006173	1	1	3	2	0	1	2	2	0
n/a	OG0006174	1	1	1	1	0	1	1	1	7
n/a	OG0006175	1	1	2	1	2	2	1	1	3
n/a	OG0006176	1	1	2	1	1	2	1	1	4
n/a	OG0006177	3	2	1	1	1	1	1	1	2
n/a	OG0006178	2	1	1	1	1	2	1	1	4
n/a	OG0006179	1	1	1	1	1	1	2	1	3
n/a	OG0006180	1	2	2	1	0	2	1	1	3
n/a	OG0006181	2	1	2	1	2	2	1	0	3
n/a	OG0006182	7	1	1	1	1	1	1	1	0
n/a	OG0006183	1	2	1	0	0	4	1	0	4
n/a	OG0006184	2	1	1	1	2	2	1	1	3
n/a	OG0006185	3	1	2	1	1	2	1	1	3
n/a	OG0006186	1	1	1	2	1	1	2	2	1
n/a	OG0006187	1	2	2	2	1	0	1	2	0
n/a	OG0006188	1	1	1	1	1	1	1	1	6
n/a	OG0006189	1	1	2	0	1	2	1	1	3
n/a	OG0006190	1	1	1	2	1	1	2	2	1
n/a	OG0006191	5	1	1	1	1	2	1	1	1
n/a	OG0006192	2	1	1	1	1	3	1	2	1
n/a	OG0006193	2	1	1	1	2	2	1	1	3
n/a	OG0006194	2	1	1	1	1	1	1	2	2
n/a	OG0006195	2	1	4	1	1	1	1	1	2
n/a	OG0006196	1	2	1	1	0	1	1	2	2
n/a	OG0006197	1	1	2	1	1	1	2	2	1
n/a	OG0006198	3	1	1	1	1	2	1	1	2
n/a	OG0006199	1	1	1	1	1	1	1	2	4
n/a	OG0006200	1	1	1	2	1	1	2	1	1
n/a	OG0006201	1	1	1	1	2	1	1	2	2
n/a	OG0006202	1	2	1	2	1	1	2	1	1
n/a	OG0006203	2	1	1	1	2	2	1	1	3
n/a	OG0006204	2	1	1	1	1	1	1	1	5
n/a	OG0006205	5	1	1	1	1	1	1	1	2
n/a	OG0006206	5	0	0	2	1	1	2	2	1
n/a	OG0006207	2	1	1	3	2	1	1	1	2
n/a	OG0006208	3	2	1	1	0	1	1	1	3
n/a	OG0006209	3	1	2	1	1	2	1	1	3
n/a	OG0006210	2	1	1	1	1	1	1	2	3
n/a	OG0006211	4	1	1	0	1	2	1	1	3
n/a	OG0006212	5	1	1	1	1	1	1	1	2
n/a	OG0006213	1	2	1	1	1	1	2	1	1
n/a	OG0006214	2	1	2	1	1	2	1	1	4
n/a	OG0006215	1	1	1	0	1	2	2	1	2
n/a	OG0006216	18	0	0	0	0	0	0	0	0
n/a	OG0006217	3	1	2	1	1	2	1	2	2
n/a	OG0006218	1	2	1	1	1	1	2	2	1
n/a	OG0006219	2	1	1	1	1	4	1	2	1
n/a	OG0006220	1	1	1	2	1	1	2	1	2
n/a	OG0006221	3	2	2	1	1	2	0	0	4
n/a	OG0006222	2	1	2	1	2	1	1	1	3
n/a	OG0006223	1	1	1	2	0	1	1	1	6
n/a	OG0006224	5	1	1	2	1	1	1	1	1
n/a	OG0006225	3	1	1	1	1	1	1	2	1
n/a	OG0006226	1	1	1	2	2	2	1	2	2
n/a	OG0006227	1	2	2	1	1	2	1	1	2
n/a	OG0006228	2	1	1	1	1	3	1	1	1
n/a	OG0006229	2	1	2	0	3	2	1	1	2
n/a	OG0006230	3	1	1	1	1	2	1	1	3
n/a	OG0006231	2	1	1	1	1	2	1	0	4
n/a	OG0006232	2	1	1	1	1	1	2	1	2
n/a	OG0006233	1	1	1	2	1	1	2	2	1
n/a	OG0006234	4	0	2	1	2	2	1	1	3
n/a	OG0006235	4	1	1	1	2	2	1	1	1
n/a	OG0006236	2	1	1	1	1	1	2	2	1
n/a	OG0006237	1	1	1	1	3	2	1	1	3
n/a	OG0006238	1	1	1	1	1	1	1	1	6
n/a	OG0006239	5	1	1	1	1	1	1	1	1
n/a	OG0006240	3	1	1	1	1	1	1	1	4
n/a	OG0006241	2	2	4	1	1	1	1	0	1
n/a	OG0006242	2	2	1	1	0	2	1	1	1
n/a	OG0006243	3	1	2	1	1	2	1	1	2
n/a	OG0006244	2	1	2	1	1	2	1	1	3
n/a	OG0006246	1	1	1	1	1	1	2	2	1
n/a	OG0006247	1	1	0	0	1	1	2	3	1
n/a	OG0006248	1	1	1	1	1	5	1	1	2
n/a	OG0006249	2	2	1	1	1	2	1	1	1
n/a	OG0006250	5	1	1	1	1	1	1	1	2
n/a	OG0006251	2	1	1	2	1	1	2	2	1
n/a	OG0006252	1	1	1	1	1	2	2	2	1
n/a	OG0006253	2	1	2	1	1	2	1	1	3
n/a	OG0006254	1	1	2	1	2	2	1	1	3
n/a	OG0006255	1	2	2	1	0	1	2	1	1
n/a	OG0006256	2	1	1	1	1	1	2	2	1
n/a	OG0006257	2	0	2	2	2	1	1	2	3
n/a	OG0006258	1	1	2	2	1	1	1	2	1
n/a	OG0006259	2	1	1	2	2	1	1	2	2
n/a	OG0006260	2	1	1	1	1	1	1	1	5
n/a	OG0006261	2	1	1	1	1	1	1	1	5
n/a	OG0006262	1	2	1	1	4	1	1	1	1
n/a	OG0006263	4	1	1	1	1	1	1	1	3
n/a	OG0006264	1	1	1	1	0	2	2	1	2
n/a	OG0006265	2	0	1	2	1	2	1	2	2
n/a	OG0006266	1	1	1	1	0	4	1	2	1
n/a	OG0006267	6	1	3	0	1	4	0	0	1
n/a	OG0006268	1	2	2	1	2	1	1	1	1
n/a	OG0006269	5	1	1	1	1	1	1	1	1
n/a	OG0006270	4	1	1	1	1	1	1	1	2
n/a	OG0006271	1	2	2	1	1	2	1	1	1
n/a	OG0006272	1	2	1	1	1	1	1	2	2
n/a	OG0006273	4	1	1	1	2	1	1	1	2
n/a	OG0006274	3	1	1	1	1	1	1	1	4
n/a	OG0006275	2	1	4	1	1	3	1	0	2
n/a	OG0006276	1	1	1	2	1	2	1	2	1
n/a	OG0006277	2	1	1	1	4	1	1	1	2
n/a	OG0006278	1	1	1	2	1	1	2	2	1
n/a	OG0006279	1	1	1	1	1	1	1	1	6
n/a	OG0006280	1	2	1	1	2	1	1	1	1
n/a	OG0006281	1	1	2	1	2	2	1	1	3
n/a	OG0006282	2	2	3	1	1	1	1	1	1
n/a	OG0006283	1	2	4	0	0	1	1	1	2
n/a	OG0006284	1	6	0	0	0	0	0	0	0
n/a	OG0006285	3	1	1	1	1	1	1	2	2
n/a	OG0006286	2	1	1	1	2	2	1	2	1
n/a	OG0006287	1	1	1	2	1	1	2	2	1
n/a	OG0006288	2	2	1	1	2	1	1	1	2
n/a	OG0006289	2	1	1	1	2	1	1	1	4
n/a	OG0006290	3	2	2	1	1	1	1	1	2
n/a	OG0006291	5	1	1	1	0	1	1	1	3
n/a	OG0006292	3	0	2	1	2	2	1	1	2
n/a	OG0006293	2	1	2	1	2	2	1	1	2
n/a	OG0006294	1	1	1	1	2	1	1	1	5
n/a	OG0006295	4	1	1	1	2	1	1	1	2
n/a	OG0006296	1	2	1	1	1	1	1	1	3
n/a	OG0006297	2	1	2	1	2	2	1	1	2
n/a	OG0006298	2	1	1	4	1	1	1	0	3
n/a	OG0006299	3	1	2	1	1	2	1	1	2
n/a	OG0006300	1	1	1	1	2	1	1	1	5
n/a	OG0006301	1	2	2	1	1	1	1	1	2
n/a	OG0006302	1	0	2	1	0	1	3	2	1
n/a	OG0006303	1	1	1	2	0	1	2	2	1
n/a	OG0006304	1	1	1	2	1	1	2	1	1
n/a	OG0006305	1	1	1	1	2	1	2	2	1
n/a	OG0006306	4	1	1	1	1	1	1	1	2
n/a	OG0006307	1	1	1	1	2	4	1	1	2
n/a	OG0006308	1	1	1	1	0	1	2	2	1
n/a	OG0006309	2	1	1	1	1	2	1	1	5
n/a	OG0006310	2	1	1	1	1	1	1	1	5
n/a	OG0006311	1	1	1	2	1	2	2	1	2
n/a	OG0006312	1	1	1	1	2	1	1	1	5
n/a	OG0006313	1	2	1	2	0	1	2	1	0
n/a	OG0006314	1	2	2	1	0	2	1	1	3
n/a	OG0006315	2	2	2	1	1	1	1	1	1
n/a	OG0006316	2	1	1	1	3	2	1	1	2
n/a	OG0006317	1	2	2	0	1	2	1	1	2
n/a	OG0006318	4	2	1	1	1	1	1	1	1
n/a	OG0006319	3	1	1	1	1	2	1	1	3
n/a	OG0006320	1	1	2	2	1	1	2	0	2
n/a	OG0006321	2	1	1	1	1	2	1	1	4
n/a	OG0006322	2	1	1	2	1	1	2	2	1
n/a	OG0006323	2	1	3	1	1	2	1	0	4
n/a	OG0006324	2	1	2	1	2	2	1	1	2
n/a	OG0006325	1	1	1	1	1	1	1	1	5
n/a	OG0006326	2	1	2	1	2	2	1	0	3
n/a	OG0006327	2	1	2	1	1	2	1	1	3
n/a	OG0006328	1	1	3	2	1	1	2	2	1
n/a	OG0006329	1	3	1	1	1	1	1	1	1
n/a	OG0006330	1	2	2	1	1	2	1	0	3
n/a	OG0006331	2	1	1	1	1	2	2	0	3
n/a	OG0006332	3	1	1	1	2	1	1	1	3
n/a	OG0006333	2	0	3	2	3	2	2	0	2
n/a	OG0006334	2	1	1	1	1	1	1	2	2
n/a	OG0006335	3	1	1	1	2	2	1	1	2
n/a	OG0006336	1	1	1	1	1	1	2	2	1
n/a	OG0006337	2	1	1	1	1	3	1	2	1
n/a	OG0006338	1	1	1	2	1	1	2	2	1
n/a	OG0006340	1	1	1	2	0	1	2	2	2
n/a	OG0006341	1	1	3	1	1	2	1	1	2
n/a	OG0006342	1	2	2	1	1	2	1	1	1
n/a	OG0006343	2	1	2	1	3	1	1	1	2
n/a	OG0006344	2	2	1	2	1	1	1	2	1
n/a	OG0006345	2	1	2	1	2	2	1	1	2
n/a	OG0006346	1	2	1	1	1	1	2	1	1
n/a	OG0006347	1	1	2	1	2	2	1	2	1
n/a	OG0006348	1	2	1	1	2	1	1	1	2
n/a	OG0006349	2	1	1	0	2	1	1	2	2
n/a	OG0006350	2	2	2	1	1	2	1	1	2
n/a	OG0006351	1	2	1	1	3	1	1	1	1
n/a	OG0006352	1	1	1	2	1	1	1	2	2
n/a	OG0006353	2	1	1	1	1	1	2	2	1
n/a	OG0006354	2	2	2	1	1	1	1	1	1
n/a	OG0006355	2	2	2	1	1	1	1	1	1
n/a	OG0006356	1	1	2	2	1	2	1	2	1
n/a	OG0006357	1	2	2	2	1	2	1	0	2
n/a	OG0006358	1	1	1	1	1	2	1	1	5
n/a	OG0006359	1	2	2	1	1	2	1	1	2
n/a	OG0006360	1	1	1	1	1	5	1	1	2
n/a	OG0006361	1	2	1	1	1	2	1	1	1
n/a	OG0006362	2	1	2	1	2	2	1	1	2
n/a	OG0006363	1	1	1	1	2	1	1	0	6
n/a	OG0006364	1	1	2	1	2	2	1	1	2
n/a	OG0006365	1	1	1	1	1	1	1	1	6
n/a	OG0006366	1	2	1	1	1	1	1	2	2
n/a	OG0006367	2	1	1	1	1	1	1	1	5
n/a	OG0006368	1	1	2	1	0	1	2	2	1
n/a	OG0006369	1	2	1	1	1	2	1	1	2
n/a	OG0006370	1	1	3	1	1	1	2	1	1
n/a	OG0006371	2	2	1	1	1	1	2	0	1
n/a	OG0006372	1	2	1	1	1	1	1	1	3
n/a	OG0006373	1	1	1	1	1	1	1	1	6
n/a	OG0006374	1	1	1	1	0	1	1	1	7
n/a	OG0006375	1	3	1	1	1	1	1	0	1
n/a	OG0006376	1	2	3	1	2	1	1	1	1
n/a	OG0006377	2	0	1	2	2	2	2	1	2
n/a	OG0006378	1	2	1	1	1	1	1	2	2
n/a	OG0006379	1	1	1	1	1	1	1	1	6
n/a	OG0006380	2	1	1	2	1	1	1	2	1
n/a	OG0006381	1	1	1	2	1	1	2	2	1
n/a	OG0006382	3	2	1	1	0	1	1	1	2
n/a	OG0006383	2	2	1	1	1	2	1	1	2
n/a	OG0006384	1	2	1	1	1	1	1	1	3
n/a	OG0006385	1	1	1	2	1	1	2	2	1
n/a	OG0006386	1	2	1	1	1	3	1	1	1
n/a	OG0006387	1	1	1	1	2	2	1	2	3
n/a	OG0006388	1	1	1	1	0	4	1	2	2
n/a	OG0006389	1	2	1	1	2	2	1	1	2
n/a	OG0006390	1	1	1	6	1	1	1	1	1
n/a	OG0006391	2	2	1	1	1	1	1	1	2
n/a	OG0006392	1	1	1	1	2	2	1	1	4
n/a	OG0006393	2	2	2	1	1	2	0	1	2
n/a	OG0006394	1	1	1	3	2	2	1	1	2
n/a	OG0006395	1	2	1	1	1	1	1	1	1
n/a	OG0006396	1	2	1	1	1	1	2	1	2
n/a	OG0006397	1	2	2	1	2	2	0	1	2
n/a	OG0006398	2	1	1	1	1	1	1	1	5
n/a	OG0006399	2	1	1	2	1	1	1	2	1
n/a	OG0006400	1	1	2	1	1	1	2	2	1
n/a	OG0006401	1	2	1	1	3	1	1	0	2
n/a	OG0006402	1	2	2	1	2	1	1	1	1
n/a	OG0006403	1	1	1	2	1	2	2	0	2
n/a	OG0006404	1	1	1	1	1	1	1	1	5
n/a	OG0006405	1	1	1	2	2	1	1	2	1
n/a	OG0006406	1	1	1	1	1	1	1	1	6
n/a	OG0006407	1	1	1	0	1	2	2	2	1
n/a	OG0006408	2	1	2	1	2	2	1	1	2
n/a	OG0006409	1	1	2	2	1	2	1	1	1
n/a	OG0006410	1	2	2	1	1	2	1	1	1
n/a	OG0006411	2	1	2	4	0	1	1	1	2
n/a	OG0006412	1	2	2	2	1	1	1	1	2
n/a	OG0006413	1	1	1	1	0	2	1	1	6
n/a	OG0006414	1	1	1	1	1	1	1	4	1
n/a	OG0006415	1	2	2	1	2	1	1	1	1
n/a	OG0006416	1	1	2	1	1	3	1	1	3
n/a	OG0006417	1	2	2	1	2	1	1	1	1
n/a	OG0006418	1	1	1	1	1	1	2	2	2
n/a	OG0006419	1	1	1	1	1	1	1	1	6
n/a	OG0006420	1	2	2	1	1	1	1	1	2
n/a	OG0006421	1	2	1	1	1	2	1	1	2
n/a	OG0006422	1	0	2	2	1	2	1	2	3
n/a	OG0006423	1	1	3	1	3	1	1	1	2
n/a	OG0006424	1	1	1	1	1	2	1	1	5
n/a	OG0006425	1	1	1	2	1	1	2	2	1
n/a	OG0006426	1	1	1	2	1	2	1	2	2
n/a	OG0006427	1	2	1	2	1	1	2	1	0
n/a	OG0006428	1	1	1	1	1	1	2	2	1
n/a	OG0006429	1	1	2	1	1	1	2	2	1
n/a	OG0006430	1	1	2	2	1	1	1	2	1
n/a	OG0006431	1	2	2	1	1	2	1	1	2
n/a	OG0006432	1	2	1	1	0	1	2	2	1
n/a	OG0006433	1	1	1	2	1	1	2	2	1
n/a	OG0006434	1	1	1	1	1	1	1	1	8
n/a	OG0006435	2	1	1	2	1	0	2	2	0
n/a	OG0006436	1	1	2	1	1	5	1	1	1
n/a	OG0006437	1	2	1	1	0	3	1	1	2
n/a	OG0006438	1	1	1	1	1	1	1	1	6
n/a	OG0006439	1	2	2	1	1	1	1	1	2
n/a	OG0006440	1	1	1	1	2	2	1	1	4
n/a	OG0006441	1	1	1	1	0	2	1	2	3
n/a	OG0006442	1	2	1	1	1	2	1	1	2
n/a	OG0006443	1	2	2	0	1	2	1	1	2
n/a	OG0006444	1	1	1	1	1	2	2	2	1
n/a	OG0006445	1	1	3	1	2	2	1	1	2
n/a	OG0006446	1	1	1	1	1	3	1	1	4
n/a	OG0006447	1	1	1	1	2	2	1	0	4
n/a	OG0006448	1	1	2	1	2	2	1	2	1
n/a	OG0006449	1	2	1	1	1	1	1	1	2
n/a	OG0006450	1	1	1	1	5	1	1	1	2
n/a	OG0006451	1	1	7	0	1	1	1	0	2
n/a	OG0006452	1	2	0	0	0	0	2	1	5
n/a	OG0006453	0	1	2	2	2	3	1	2	2
n/a	OG0006454	0	3	1	1	1	2	1	1	1
n/a	OG0006455	0	5	1	0	0	0	1	0	0
n/a	OG0006456	0	2	1	1	2	2	1	1	3
n/a	OG0006457	0	1	1	0	4	2	1	0	6
n/a	OG0006458	0	1	1	0	1	1	3	1	1
n/a	OG0006459	0	2	1	1	2	1	2	2	1
n/a	OG0006460	0	2	4	0	1	6	0	0	2
n/a	OG0006461	0	1	3	3	0	1	2	2	0
n/a	OG0006463	0	3	2	0	0	1	1	1	1
n/a	OG0006464	0	2	1	2	0	3	1	2	1
n/a	OG0006465	0	3	1	2	6	2	0	0	0
n/a	OG0006466	0	1	1	2	1	1	2	2	1
n/a	OG0006467	0	1	1	2	1	2	2	2	1
n/a	OG0006468	0	2	1	2	1	1	1	2	1
n/a	OG0006469	0	1	3	1	1	1	2	1	1
n/a	OG0006470	0	1	1	1	0	1	1	4	3
n/a	OG0006471	0	1	0	1	1	0	4	2	0
n/a	OG0006472	0	1	1	1	1	6	0	1	4
n/a	OG0006473	0	3	1	1	1	1	1	1	1
n/a	OG0006474	0	3	2	1	1	1	1	1	1
n/a	OG0006475	0	1	1	2	2	1	2	2	1
n/a	OG0006476	0	1	2	1	2	2	1	1	5
n/a	OG0006477	0	2	1	2	1	3	1	0	2
n/a	OG0006478	0	1	1	2	0	0	3	2	0
n/a	OG0006479	0	2	1	0	2	3	1	1	2
n/a	OG0006480	0	3	1	1	1	2	1	1	1
n/a	OG0006481	0	2	2	1	2	2	1	0	2
n/a	OG0006482	0	2	1	1	1	1	2	1	2
n/a	OG0006483	0	2	2	2	1	1	2	1	1
n/a	OG0006484	0	1	1	1	1	1	2	2	1
n/a	OG0006485	0	1	1	2	1	1	2	2	2
n/a	OG0006486	0	2	1	1	1	1	2	0	2
n/a	OG0006487	0	1	1	2	1	1	2	2	1
n/a	OG0006488	0	1	1	2	1	1	2	2	2
n/a	OG0006489	0	2	1	1	1	3	1	2	1
n/a	OG0006490	0	2	1	2	0	2	2	0	2
n/a	OG0006491	0	1	1	1	4	0	2	2	0
n/a	OG0006492	0	1	1	2	1	1	2	2	1
n/a	OG0006493	0	3	1	1	2	1	1	1	0
n/a	OG0006494	0	2	1	1	1	2	1	1	2
n/a	OG0006495	0	1	1	2	0	0	4	2	0
n/a	OG0006496	0	2	1	1	3	1	2	1	0
n/a	OG0006497	0	1	1	2	1	1	2	2	1
n/a	OG0006498	0	3	1	1	1	1	1	2	1
n/a	OG0006499	0	2	1	2	1	0	2	1	0
n/a	OG0006500	0	2	2	2	3	1	2	0	0
n/a	OG0006501	0	2	1	1	9	1	1	0	0
n/a	OG0006502	0	1	3	2	3	0	1	1	1
n/a	OG0006503	0	1	1	1	1	2	1	1	6
n/a	OG0006504	0	1	1	1	1	1	3	1	2
n/a	OG0006505	0	0	2	2	2	3	1	2	3
n/a	OG0006506	0	0	2	2	2	1	2	2	1
n/a	OG0006507	0	2	4	3	1	2	1	0	0
n/a	OG0006508	0	1	0	1	0	0	4	2	0
n/a	OG0006509	0	1	2	1	2	1	2	2	1
n/a	OG0006510	0	5	0	0	0	0	1	0	0
n/a	OG0006511	0	2	1	2	1	1	2	2	1
n/a	OG0006512	0	1	1	0	2	0	2	4	0
n/a	OG0006513	0	1	2	2	2	0	2	2	1
n/a	OG0006514	0	1	2	2	0	1	2	2	2
n/a	OG0006515	0	2	1	1	2	2	2	2	0
n/a	OG0006516	0	1	4	4	0	0	2	2	0
n/a	OG0006517	0	1	1	1	1	1	2	2	3
n/a	OG0006518	0	2	1	2	1	1	2	0	1
n/a	OG0006519	0	5	0	3	0	0	0	0	0
n/a	OG0006520	0	1	1	1	2	1	2	2	1
n/a	OG0006521	0	1	1	2	1	1	2	2	1
n/a	OG0006522	0	1	1	2	0	1	2	2	2
n/a	OG0006523	0	3	1	1	1	1	1	1	2
n/a	OG0006524	0	1	2	1	2	3	2	1	1
n/a	OG0006525	0	2	1	5	1	0	2	0	0
n/a	OG0006526	0	1	1	1	2	2	1	2	3
n/a	OG0006527	0	1	0	4	2	3	0	4	0
n/a	OG0006528	0	2	2	0	1	2	1	1	3
n/a	OG0006529	0	2	1	0	0	0	2	2	0
n/a	OG0006530	0	1	2	1	4	2	1	2	0
n/a	OG0006531	0	2	0	2	0	0	2	3	0
n/a	OG0006532	0	1	1	2	3	2	1	2	0
n/a	OG0006533	0	1	1	1	2	1	2	2	1
n/a	OG0006534	0	1	1	1	1	1	2	2	1
n/a	OG0006535	0	1	0	1	2	3	1	0	5
n/a	OG0006536	0	1	1	1	1	1	3	2	1
n/a	OG0006537	0	0	1	1	3	1	2	2	2
n/a	OG0006538	0	0	6	0	5	1	0	0	7
n/a	OG0006539	0	0	2	0	1	3	2	2	3
n/a	OG0006540	0	0	1	0	0	0	4	2	0
n/a	OG0006541	0	0	5	0	0	1	4	0	0
n/a	OG0006542	0	0	1	2	2	2	2	2	3
n/a	OG0006543	0	0	1	0	7	2	2	1	2
n/a	OG0006544	0	0	1	3	0	0	4	2	0
n/a	OG0006545	0	0	1	1	0	1	3	3	1
n/a	OG0006546	0	0	1	2	0	0	3	4	0
n/a	OG0006547	0	0	0	13	0	0	1	2	0
n/a	OG0006549	0	0	0	0	1	0	0	0	16
n/a	OG0006555	4	2	1	1	1	1	1	0	1
n/a	OG0006556	2	1	1	1	1	2	1	1	3
n/a	OG0006557	2	1	2	1	2	1	1	1	1
n/a	OG0006558	1	0	2	2	2	2	2	1	2
n/a	OG0006559	1	1	0	0	0	2	2	2	3
n/a	OG0006560	2	1	2	1	1	3	1	1	1
n/a	OG0006561	3	1	1	1	1	2	1	1	2
n/a	OG0006562	3	0	0	2	2	1	2	2	1
n/a	OG0006563	4	1	1	1	1	1	1	1	1
n/a	OG0006564	2	2	2	1	1	2	1	0	1
n/a	OG0006565	4	1	1	1	1	1	1	1	2
n/a	OG0006566	2	1	0	0	0	0	2	2	2
n/a	OG0006567	1	1	1	2	1	1	2	1	1
n/a	OG0006568	2	1	2	1	0	3	1	0	3
n/a	OG0006569	3	1	1	1	1	2	1	1	2
n/a	OG0006570	3	0	3	1	2	3	1	0	2
n/a	OG0006571	2	2	1	1	1	1	1	1	1
n/a	OG0006572	10	1	0	1	0	1	1	0	1
n/a	OG0006573	3	1	1	1	3	1	1	1	1
n/a	OG0006574	4	0	2	2	2	3	0	0	4
n/a	OG0006575	2	1	1	1	1	2	1	2	1
n/a	OG0006576	2	1	1	1	1	1	1	1	4
n/a	OG0006577	4	1	1	1	1	1	1	1	2
n/a	OG0006578	3	1	1	1	2	2	1	1	2
n/a	OG0006579	1	1	1	1	2	2	1	2	1
n/a	OG0006580	4	1	1	1	1	1	1	0	3
n/a	OG0006581	1	2	1	1	1	1	1	1	3
n/a	OG0006582	1	2	1	1	1	1	1	2	1
n/a	OG0006583	4	1	1	1	2	1	1	1	1
n/a	OG0006584	2	1	1	1	2	2	1	1	2
n/a	OG0006585	1	1	2	1	2	4	1	0	1
n/a	OG0006586	1	1	1	2	1	1	2	1	1
n/a	OG0006587	1	1	1	5	2	1	1	1	1
n/a	OG0006588	1	2	2	1	1	1	1	1	1
n/a	OG0006589	1	1	1	1	1	1	1	1	5
n/a	OG0006590	1	2	1	1	1	1	1	1	3
n/a	OG0006591	3	1	1	3	1	1	1	1	1
n/a	OG0006592	2	1	1	1	1	1	1	2	2
n/a	OG0006593	3	2	1	1	1	1	1	0	2
n/a	OG0006594	2	1	1	1	2	2	1	1	3
n/a	OG0006595	1	1	1	1	3	2	1	1	2
n/a	OG0006596	4	1	1	1	1	1	1	1	2
n/a	OG0006597	3	1	1	1	1	1	1	2	1
n/a	OG0006598	1	1	1	2	0	1	2	2	1
n/a	OG0006599	1	1	1	2	2	2	1	2	1
n/a	OG0006600	1	1	1	1	1	1	2	2	2
n/a	OG0006601	6	1	1	1	1	1	1	1	0
n/a	OG0006602	1	1	4	2	1	1	1	0	1
n/a	OG0006603	2	1	1	1	1	2	1	1	3
n/a	OG0006604	1	1	1	1	1	1	1	1	5
n/a	OG0006605	1	1	2	1	1	2	1	1	2
n/a	OG0006606	1	1	1	1	1	1	1	1	5
n/a	OG0006607	3	1	1	1	1	2	1	0	2
n/a	OG0006608	3	1	1	1	1	2	1	1	3
n/a	OG0006609	1	1	1	1	2	2	1	1	2
n/a	OG0006610	1	1	2	2	0	0	2	2	0
n/a	OG0006611	1	1	2	1	2	1	1	1	3
n/a	OG0006612	1	1	1	1	1	1	2	2	1
n/a	OG0006613	2	1	1	1	1	2	1	1	3
n/a	OG0006614	2	1	1	1	5	1	1	1	1
n/a	OG0006615	1	2	1	1	1	2	1	1	1
n/a	OG0006616	1	1	1	2	0	1	2	2	1
n/a	OG0006617	2	1	1	1	1	1	1	1	5
n/a	OG0006618	2	1	4	0	1	2	1	0	2
n/a	OG0006619	2	1	1	1	0	1	1	1	4
n/a	OG0006621	4	1	1	1	1	2	1	1	2
n/a	OG0006622	4	0	1	1	1	1	1	1	5
n/a	OG0006623	1	2	1	1	1	1	1	1	2
n/a	OG0006624	3	1	1	1	1	2	1	1	2
n/a	OG0006625	1	1	1	1	1	1	2	2	1
n/a	OG0006626	1	1	2	1	2	2	1	0	2
n/a	OG0006627	2	2	1	1	0	2	1	1	2
n/a	OG0006628	1	1	1	4	1	1	1	1	1
n/a	OG0006629	3	1	1	1	1	2	1	1	2
n/a	OG0006630	3	1	1	1	1	1	1	1	3
n/a	OG0006631	1	2	1	1	1	1	1	1	2
n/a	OG0006632	2	1	2	2	2	1	1	1	1
n/a	OG0006633	2	2	1	2	1	1	1	0	1
n/a	OG0006634	4	1	1	1	1	1	1	1	2
n/a	OG0006635	4	1	1	1	1	1	1	1	2
n/a	OG0006636	2	1	1	1	2	1	1	1	3
n/a	OG0006637	2	1	1	0	4	2	1	0	2
n/a	OG0006638	2	1	2	1	1	1	1	1	3
n/a	OG0006639	2	1	2	1	1	2	1	1	2
n/a	OG0006640	2	2	2	2	1	1	1	0	1
n/a	OG0006641	1	1	1	1	1	2	2	1	2
n/a	OG0006642	3	1	1	1	1	1	1	2	2
n/a	OG0006643	1	1	1	2	1	1	2	2	1
n/a	OG0006644	1	1	1	1	2	2	1	1	1
n/a	OG0006645	1	1	1	1	1	1	1	1	5
n/a	OG0006646	3	2	1	1	1	1	1	1	1
n/a	OG0006647	4	1	1	1	1	1	1	1	2
n/a	OG0006648	3	1	2	1	2	1	1	1	1
n/a	OG0006649	2	2	1	1	1	1	1	1	1
n/a	OG0006650	2	1	1	1	3	1	1	1	2
n/a	OG0006651	3	1	1	1	4	1	1	1	1
n/a	OG0006652	3	1	2	1	1	1	1	1	2
n/a	OG0006653	5	1	1	1	1	1	1	1	1
n/a	OG0006654	3	1	2	1	1	1	1	1	2
n/a	OG0006655	5	1	1	1	1	1	1	1	1
n/a	OG0006656	2	2	1	1	1	1	1	1	1
n/a	OG0006657	2	1	1	1	2	1	1	1	3
n/a	OG0006658	3	1	1	1	2	1	1	1	2
n/a	OG0006659	5	1	1	1	1	1	1	1	1
n/a	OG0006660	4	1	1	1	1	1	1	1	2
n/a	OG0006661	2	1	1	1	1	1	1	1	4
n/a	OG0006662	1	2	1	1	2	1	1	1	1
n/a	OG0006663	1	1	2	1	1	2	1	0	3
n/a	OG0006664	4	1	1	1	1	2	1	1	1
n/a	OG0006665	4	1	1	1	1	1	1	1	2
n/a	OG0006666	2	1	1	1	1	1	1	1	5
n/a	OG0006667	3	1	1	2	1	1	1	1	1
n/a	OG0006668	1	0	3	1	2	2	1	1	3
n/a	OG0006669	1	1	1	1	1	1	2	2	1
n/a	OG0006670	1	1	2	1	1	1	1	1	3
n/a	OG0006671	1	1	1	1	2	2	1	1	3
n/a	OG0006672	1	2	1	1	1	2	1	1	2
n/a	OG0006673	2	1	1	1	1	2	1	1	3
n/a	OG0006674	2	1	2	2	2	3	1	0	2
n/a	OG0006675	1	1	1	1	2	1	1	2	2
n/a	OG0006676	3	1	1	1	1	2	1	1	2
n/a	OG0006677	1	2	1	1	1	2	1	1	1
n/a	OG0006678	4	1	2	1	1	1	1	1	1
n/a	OG0006679	1	2	2	1	0	1	1	1	2
n/a	OG0006680	1	1	2	1	1	2	1	1	2
n/a	OG0006681	1	1	1	1	1	4	1	1	2
n/a	OG0006682	5	1	1	1	1	1	1	1	1
n/a	OG0006683	2	2	1	1	0	2	1	1	1
n/a	OG0006684	2	2	2	1	1	1	1	0	2
n/a	OG0006685	2	1	2	0	1	1	2	2	1
n/a	OG0006686	3	1	2	1	1	1	1	1	2
n/a	OG0006687	2	1	1	1	1	1	1	1	4
n/a	OG0006688	2	1	3	1	1	1	1	1	2
n/a	OG0006689	2	1	1	1	2	2	1	1	2
n/a	OG0006690	4	1	1	2	1	1	1	1	1
n/a	OG0006691	4	1	2	1	1	1	1	1	1
n/a	OG0006692	1	1	3	1	3	1	1	1	1
n/a	OG0006693	1	2	1	1	1	1	1	1	2
n/a	OG0006694	1	2	1	1	3	2	1	0	1
n/a	OG0006695	1	0	2	2	1	2	2	1	2
n/a	OG0006696	1	1	2	1	3	2	1	1	2
n/a	OG0006697	1	1	1	1	1	1	1	1	5
n/a	OG0006698	1	1	1	1	1	1	1	1	5
n/a	OG0006699	1	1	1	1	1	1	1	0	6
n/a	OG0006700	2	2	2	1	0	1	1	1	1
n/a	OG0006701	2	1	1	1	1	1	2	2	1
n/a	OG0006702	2	0	2	1	1	2	2	2	2
n/a	OG0006703	1	1	1	2	2	3	1	1	2
n/a	OG0006704	1	2	1	1	1	2	1	1	1
n/a	OG0006705	1	1	1	4	1	1	1	1	1
n/a	OG0006706	2	1	1	1	1	2	1	1	3
n/a	OG0006707	1	3	1	1	0	1	1	1	1
n/a	OG0006708	5	1	1	1	2	1	1	0	1
n/a	OG0006709	1	1	2	1	2	2	1	1	2
n/a	OG0006710	2	2	1	2	1	1	1	1	1
n/a	OG0006711	3	1	1	1	3	1	1	0	2
n/a	OG0006712	2	1	1	1	1	1	1	1	4
n/a	OG0006713	1	1	1	2	1	1	2	2	1
n/a	OG0006714	1	2	1	1	1	1	1	1	1
n/a	OG0006715	1	1	1	1	1	1	2	2	1
n/a	OG0006716	2	1	1	1	4	1	1	1	1
n/a	OG0006717	2	1	1	1	1	1	1	1	4
n/a	OG0006718	3	1	1	1	4	1	1	0	2
n/a	OG0006719	1	2	1	1	1	1	1	1	2
n/a	OG0006720	2	1	1	0	1	1	2	2	1
n/a	OG0006721	1	1	1	0	1	2	2	2	1
n/a	OG0006722	1	1	1	6	1	1	1	1	1
n/a	OG0006723	1	2	1	1	1	1	1	1	2
n/a	OG0006724	2	1	1	3	1	1	1	1	2
n/a	OG0006725	2	1	1	1	2	2	1	1	2
n/a	OG0006726	2	0	2	2	2	2	1	1	3
n/a	OG0006727	3	1	1	1	2	2	1	1	1
n/a	OG0006728	2	1	1	1	1	2	1	1	3
n/a	OG0006729	3	1	1	1	1	1	1	1	3
n/a	OG0006730	3	1	1	1	1	2	1	1	2
n/a	OG0006731	1	2	1	1	2	1	1	1	1
n/a	OG0006732	2	1	4	1	2	1	1	1	1
n/a	OG0006733	3	1	3	0	2	1	2	0	1
n/a	OG0006734	3	1	1	1	2	1	1	1	2
n/a	OG0006735	2	1	1	1	2	2	1	1	2
n/a	OG0006736	1	1	1	1	1	1	1	0	7
n/a	OG0006737	1	1	1	5	1	1	1	1	1
n/a	OG0006738	1	2	1	1	2	1	1	1	1
n/a	OG0006739	1	1	1	2	1	1	2	2	1
n/a	OG0006740	2	1	1	1	1	2	1	1	2
n/a	OG0006741	1	2	1	1	1	1	1	1	1
n/a	OG0006742	1	1	1	1	2	1	1	2	1
n/a	OG0006743	2	1	1	1	1	2	1	2	2
n/a	OG0006744	2	1	1	1	2	2	1	1	2
n/a	OG0006745	2	1	1	1	1	1	1	1	5
n/a	OG0006746	2	2	2	2	0	2	1	1	0
n/a	OG0006747	2	1	2	0	2	2	1	1	3
n/a	OG0006748	2	2	0	4	1	1	1	1	0
n/a	OG0006749	1	1	2	2	1	1	2	1	1
n/a	OG0006750	1	1	1	1	1	1	1	2	5
n/a	OG0006751	2	1	1	2	1	1	1	2	1
n/a	OG0006752	4	1	1	1	1	1	1	1	2
n/a	OG0006753	1	1	1	1	1	1	1	1	5
n/a	OG0006754	1	1	2	2	1	2	1	1	2
n/a	OG0006755	2	1	1	1	1	1	1	1	4
n/a	OG0006756	1	1	1	1	1	1	1	1	5
n/a	OG0006757	2	1	1	1	2	2	1	1	2
n/a	OG0006758	1	1	1	2	1	1	2	2	1
n/a	OG0006759	2	1	1	1	0	1	1	1	5
n/a	OG0006760	2	1	1	1	1	2	1	1	3
n/a	OG0006761	3	1	1	1	2	1	0	2	2
n/a	OG0006762	2	1	1	3	1	1	1	1	2
n/a	OG0006763	2	1	3	1	1	1	1	1	2
n/a	OG0006764	1	1	1	1	1	1	2	2	1
n/a	OG0006765	1	2	2	1	1	2	1	1	2
n/a	OG0006766	1	1	1	1	0	1	1	1	6
n/a	OG0006767	2	1	1	1	1	1	2	2	1
n/a	OG0006768	2	1	1	1	1	1	1	1	4
n/a	OG0006769	1	0	1	3	1	1	2	2	1
n/a	OG0006770	1	2	1	1	1	1	1	1	1
n/a	OG0006771	2	1	1	1	1	1	1	1	4
n/a	OG0006772	4	1	1	1	1	1	1	1	2
n/a	OG0006773	2	2	1	1	1	1	1	1	2
n/a	OG0006774	2	2	1	1	1	1	1	1	2
n/a	OG0006775	4	1	2	1	1	2	1	1	1
n/a	OG0006776	1	1	1	1	1	1	1	2	1
n/a	OG0006777	1	1	1	2	1	2	1	2	1
n/a	OG0006778	2	1	1	1	2	3	1	1	2
n/a	OG0006779	3	1	2	1	1	1	1	1	2
n/a	OG0006780	2	1	1	1	1	1	1	1	4
n/a	OG0006781	1	2	2	0	1	2	1	0	2
n/a	OG0006782	1	1	1	3	1	2	1	1	2
n/a	OG0006783	1	1	1	1	1	1	1	1	5
n/a	OG0006784	1	1	1	1	1	1	1	1	5
n/a	OG0006785	1	1	1	1	2	1	1	1	4
n/a	OG0006786	2	2	1	1	1	1	1	1	1
n/a	OG0006787	2	1	1	0	1	4	1	1	1
n/a	OG0006788	1	2	1	1	1	1	1	2	2
n/a	OG0006789	1	1	3	1	0	1	1	1	4
n/a	OG0006790	4	1	1	1	1	1	1	1	2
n/a	OG0006791	2	1	2	0	2	2	2	0	1
n/a	OG0006792	2	1	2	2	2	1	1	1	1
n/a	OG0006793	2	1	1	1	1	1	1	1	3
n/a	OG0006794	1	1	1	2	1	1	1	2	1
n/a	OG0006795	2	1	1	2	0	1	2	2	1
n/a	OG0006796	2	1	2	1	2	1	1	1	2
n/a	OG0006797	2	2	1	1	2	1	1	1	1
n/a	OG0006798	1	1	1	1	1	1	1	1	5
n/a	OG0006799	2	1	1	1	1	2	2	0	1
n/a	OG0006800	2	1	2	1	1	2	2	0	3
n/a	OG0006801	1	1	1	1	1	1	2	2	1
n/a	OG0006802	1	1	1	1	0	2	1	1	5
n/a	OG0006803	2	2	1	1	1	1	1	2	1
n/a	OG0006804	1	1	1	1	1	1	1	1	5
n/a	OG0006805	1	1	1	1	1	1	1	2	2
n/a	OG0006806	4	1	1	1	1	1	1	1	1
n/a	OG0006807	2	1	1	1	1	2	1	1	3
n/a	OG0006808	1	1	1	1	1	1	1	1	5
n/a	OG0006809	1	2	1	2	1	1	1	1	1
n/a	OG0006810	1	2	1	1	1	2	1	1	3
n/a	OG0006811	1	1	2	2	1	1	1	2	1
n/a	OG0006812	1	1	2	1	1	2	1	1	2
n/a	OG0006813	1	1	1	0	1	2	2	2	2
n/a	OG0006814	1	1	1	1	1	1	2	2	2
n/a	OG0006815	2	1	1	1	2	2	1	1	2
n/a	OG0006816	3	1	1	1	2	1	1	1	2
n/a	OG0006817	2	1	2	1	2	2	1	1	1
n/a	OG0006818	1	1	1	1	1	1	1	1	5
n/a	OG0006819	1	1	1	1	1	1	1	2	4
n/a	OG0006820	1	2	1	1	1	1	2	1	1
n/a	OG0006821	1	1	1	1	3	1	2	1	1
n/a	OG0006822	1	1	1	1	1	1	2	2	1
n/a	OG0006823	1	1	1	3	1	1	1	0	4
n/a	OG0006824	1	2	1	1	1	1	1	1	2
n/a	OG0006825	1	1	1	1	3	1	1	1	2
n/a	OG0006826	1	1	2	3	1	1	1	1	1
n/a	OG0006827	1	1	1	1	2	2	1	1	2
n/a	OG0006828	3	1	1	1	0	2	1	2	1
n/a	OG0006829	1	1	2	1	2	2	1	1	2
n/a	OG0006830	1	1	1	7	1	0	1	2	0
n/a	OG0006831	2	1	2	1	1	2	1	1	2
n/a	OG0006832	1	1	1	4	2	1	1	1	1
n/a	OG0006833	2	1	1	1	2	2	1	1	3
n/a	OG0006834	1	2	1	2	1	1	1	1	1
n/a	OG0006835	2	1	2	1	3	1	1	1	2
n/a	OG0006836	2	1	1	2	1	2	1	1	1
n/a	OG0006837	1	1	1	2	1	1	1	2	2
n/a	OG0006838	2	1	1	1	1	1	0	0	7
n/a	OG0006839	2	1	1	1	2	1	1	1	3
n/a	OG0006840	1	1	1	1	1	1	1	1	5
n/a	OG0006841	2	2	2	0	2	2	0	0	3
n/a	OG0006842	1	1	2	1	2	2	1	1	3
n/a	OG0006843	1	1	1	2	1	1	1	2	1
n/a	OG0006844	1	1	1	1	1	1	2	1	1
n/a	OG0006845	2	1	2	1	2	1	1	1	2
n/a	OG0006846	1	1	1	1	2	2	1	1	3
n/a	OG0006847	1	1	1	2	1	1	1	2	1
n/a	OG0006848	1	2	1	1	1	1	1	1	1
n/a	OG0006849	1	1	1	1	1	2	1	1	4
n/a	OG0006850	1	0	1	2	1	1	2	2	1
n/a	OG0006851	2	2	1	0	1	1	1	1	2
n/a	OG0006852	1	1	2	1	2	2	1	1	2
n/a	OG0006853	1	1	1	1	0	1	1	1	6
n/a	OG0006854	1	0	0	0	0	0	6	0	0
n/a	OG0006855	1	1	1	1	1	2	2	2	1
n/a	OG0006856	1	1	2	1	3	1	1	1	2
n/a	OG0006857	2	1	1	1	1	2	1	2	1
n/a	OG0006858	2	1	1	1	1	1	1	2	1
n/a	OG0006859	1	2	1	1	1	1	1	1	2
n/a	OG0006860	2	2	1	0	0	1	1	1	2
n/a	OG0006861	2	1	2	0	2	2	1	1	1
n/a	OG0006862	1	1	1	1	3	2	1	1	2
n/a	OG0006863	1	1	1	2	0	2	1	1	2
n/a	OG0006864	1	1	1	1	1	1	2	2	2
n/a	OG0006865	1	0	2	2	2	2	2	0	3
n/a	OG0006866	1	1	1	1	1	1	2	2	2
n/a	OG0006867	1	1	1	2	1	1	2	1	2
n/a	OG0006868	1	2	1	0	2	2	1	1	1
n/a	OG0006869	1	1	1	0	1	1	2	2	2
n/a	OG0006870	1	1	3	1	2	2	1	1	1
n/a	OG0006871	1	0	1	8	0	2	1	1	1
n/a	OG0006872	1	2	2	1	1	2	1	0	3
n/a	OG0006873	1	2	1	1	0	2	1	1	2
n/a	OG0006874	1	1	1	1	1	1	2	1	1
n/a	OG0006875	1	1	1	1	1	1	2	2	1
n/a	OG0006876	1	0	0	17	0	0	0	0	0
n/a	OG0006877	1	1	1	1	2	2	1	1	3
n/a	OG0006878	1	2	1	1	1	1	1	1	2
n/a	OG0006879	1	1	1	0	1	2	2	2	1
n/a	OG0006880	3	1	1	1	1	2	1	0	5
n/a	OG0006881	1	1	1	1	2	2	1	1	4
n/a	OG0006882	1	1	1	0	1	1	2	2	1
n/a	OG0006883	1	2	1	2	0	1	1	2	1
n/a	OG0006884	1	1	1	1	1	3	1	1	2
n/a	OG0006885	1	2	1	1	2	2	1	1	1
n/a	OG0006886	1	2	1	1	1	1	1	1	2
n/a	OG0006887	1	1	1	0	1	2	2	2	1
n/a	OG0006888	1	2	1	1	1	1	1	2	2
n/a	OG0006889	1	2	2	0	2	1	1	2	1
n/a	OG0006890	1	2	1	1	2	1	1	0	2
n/a	OG0006891	1	2	2	1	2	2	0	0	3
n/a	OG0006892	1	2	2	2	0	2	1	2	1
n/a	OG0006893	1	2	2	1	1	1	1	1	1
n/a	OG0006894	1	2	2	1	1	1	1	1	1
n/a	OG0006895	1	1	1	1	1	1	1	1	5
n/a	OG0006896	1	3	1	1	1	1	1	0	1
n/a	OG0006897	1	1	1	2	0	1	2	2	2
n/a	OG0006898	1	1	1	1	0	2	1	1	5
n/a	OG0006899	1	1	2	2	2	1	1	1	2
n/a	OG0006900	1	1	1	1	1	1	1	2	2
n/a	OG0006901	1	1	1	1	0	1	2	2	1
n/a	OG0006902	1	1	1	1	1	1	1	1	5
n/a	OG0006903	1	1	2	1	1	1	1	1	4
n/a	OG0006904	1	1	3	5	0	0	1	1	0
n/a	OG0006905	1	0	1	0	0	1	5	0	0
n/a	OG0006906	0	1	2	2	1	1	1	2	1
n/a	OG0006907	0	1	1	1	0	1	2	2	1
n/a	OG0006908	0	1	1	1	1	1	2	2	1
n/a	OG0006909	0	2	2	1	1	1	1	1	3
n/a	OG0006911	0	1	1	1	1	1	1	1	6
n/a	OG0006912	0	2	4	1	3	1	1	0	1
n/a	OG0006913	0	3	0	1	0	0	1	2	0
n/a	OG0006914	0	2	1	1	0	1	1	2	1
n/a	OG0006915	0	4	0	1	0	0	1	1	0
n/a	OG0006916	0	1	0	0	0	0	4	2	0
n/a	OG0006917	0	3	1	2	0	0	2	0	0
n/a	OG0006918	0	2	0	1	1	0	1	3	0
n/a	OG0006919	0	2	2	1	1	1	1	1	2
n/a	OG0006920	0	2	1	1	3	1	1	2	0
n/a	OG0006921	0	5	3	0	0	0	0	0	0
n/a	OG0006922	0	2	0	2	0	0	2	2	0
n/a	OG0006923	0	1	2	2	1	1	2	2	0
n/a	OG0006924	0	1	0	2	1	0	0	6	0
n/a	OG0006925	0	1	1	1	1	2	2	2	1
n/a	OG0006926	0	1	5	1	1	1	1	1	2
n/a	OG0006927	0	2	2	2	2	1	1	1	1
n/a	OG0006928	0	1	2	1	2	2	1	1	3
n/a	OG0006929	0	1	1	2	0	4	1	1	2
n/a	OG0006930	0	1	1	1	1	1	2	2	2
n/a	OG0006931	0	2	0	0	2	0	1	3	1
n/a	OG0006932	0	4	0	0	0	0	1	1	0
n/a	OG0006933	0	2	1	2	0	1	2	1	1
n/a	OG0006934	0	1	1	1	1	2	1	3	2
n/a	OG0006935	0	1	2	1	1	2	1	1	3
n/a	OG0006936	0	2	2	1	1	2	1	1	2
n/a	OG0006937	0	2	1	1	0	2	1	1	3
n/a	OG0006938	0	2	1	1	2	3	1	2	0
n/a	OG0006939	0	1	1	2	1	1	2	1	2
n/a	OG0006940	0	1	1	2	2	1	2	2	1
n/a	OG0006941	0	1	1	2	1	2	2	2	1
n/a	OG0006942	0	1	2	1	2	2	1	1	2
n/a	OG0006944	0	1	1	0	2	2	2	1	2
n/a	OG0006945	0	1	0	2	0	0	2	2	1
n/a	OG0006946	0	4	1	0	0	0	0	2	0
n/a	OG0006947	0	2	1	1	1	2	1	1	2
n/a	OG0006948	0	2	1	1	1	3	1	1	1
n/a	OG0006949	0	1	1	1	1	1	1	4	2
n/a	OG0006950	0	1	1	1	1	2	1	1	5
n/a	OG0006951	0	0	2	1	0	0	3	3	0
n/a	OG0006952	0	1	3	1	2	3	1	1	2
n/a	OG0006953	0	1	1	2	1	2	1	2	2
n/a	OG0006954	0	1	2	1	1	1	2	2	1
n/a	OG0006955	0	2	1	1	0	0	2	2	0
n/a	OG0006956	0	1	1	1	1	1	2	2	1
n/a	OG0006957	0	1	2	1	3	1	1	1	2
n/a	OG0006958	0	2	0	1	0	1	2	2	0
n/a	OG0006959	0	3	1	1	1	2	1	1	1
n/a	OG0006960	0	1	3	2	2	1	1	1	2
n/a	OG0006961	0	2	1	3	1	1	1	0	2
n/a	OG0006962	0	1	1	1	0	1	2	2	3
n/a	OG0006963	0	1	1	1	1	2	2	2	2
n/a	OG0006964	0	1	1	1	2	1	1	1	5
n/a	OG0006965	0	3	0	1	0	0	2	2	0
n/a	OG0006966	0	4	0	1	2	0	1	0	0
n/a	OG0006967	0	2	1	1	1	1	2	2	1
n/a	OG0006968	0	4	1	1	0	2	1	0	0
n/a	OG0006969	0	2	1	0	3	1	1	0	3
n/a	OG0006970	0	1	1	2	1	1	1	2	2
n/a	OG0006971	0	4	1	1	1	0	1	0	0
n/a	OG0006972	0	1	1	0	2	2	1	1	6
n/a	OG0006973	0	3	1	1	0	2	1	0	3
n/a	OG0006974	0	1	1	1	0	0	3	2	0
n/a	OG0006975	0	2	1	2	0	2	1	2	1
n/a	OG0006976	0	2	1	1	2	2	1	1	2
n/a	OG0006977	0	1	2	1	2	2	1	1	2
n/a	OG0006978	0	1	1	0	1	3	2	2	2
n/a	OG0006979	0	2	2	1	0	2	1	0	3
n/a	OG0006980	0	1	1	3	1	0	1	2	3
n/a	OG0006981	0	1	1	2	3	3	1	1	2
n/a	OG0006982	0	2	1	2	0	2	1	2	1
n/a	OG0006983	0	3	1	0	1	1	1	0	2
n/a	OG0006984	0	1	1	2	1	1	2	2	1
n/a	OG0006985	0	1	1	1	1	2	1	1	5
n/a	OG0006986	0	1	1	1	2	2	1	2	2
n/a	OG0006987	0	2	1	1	3	2	1	1	1
n/a	OG0006988	0	2	1	1	2	1	1	1	1
n/a	OG0006989	0	1	1	1	1	1	2	2	2
n/a	OG0006990	0	2	2	1	1	2	1	0	2
n/a	OG0006991	0	1	1	1	2	1	1	0	7
n/a	OG0006992	0	1	0	12	0	0	0	0	0
n/a	OG0006993	0	1	2	3	0	0	2	2	0
n/a	OG0006994	0	1	0	3	0	0	2	2	2
n/a	OG0006995	0	2	0	2	0	0	1	4	0
n/a	OG0006996	0	1	1	1	1	1	2	1	4
n/a	OG0006997	0	2	2	2	1	2	1	1	1
n/a	OG0006998	0	2	1	1	1	1	1	1	1
n/a	OG0006999	0	1	2	1	0	2	2	2	1
n/a	OG0007000	0	1	0	3	0	0	2	3	0
n/a	OG0007001	0	1	1	1	1	1	2	2	1
n/a	OG0007002	0	0	4	2	0	0	2	2	0
n/a	OG0007003	0	0	1	2	2	1	2	2	0
n/a	OG0007004	0	0	1	2	2	1	2	2	2
n/a	OG0007005	0	0	1	2	1	1	2	2	2
n/a	OG0007007	0	0	0	3	0	3	2	3	0
n/a	OG0007008	0	0	0	0	0	0	3	5	0
n/a	OG0007009	6	1	1	1	1	1	1	0	2
n/a	OG0007010	1	1	1	1	2	2	1	1	2
n/a	OG0007011	2	1	1	3	0	1	1	1	0
n/a	OG0007012	3	1	1	1	1	0	1	1	3
n/a	OG0007013	1	1	1	1	0	1	1	1	5
n/a	OG0007014	3	1	1	1	1	1	1	1	2
n/a	OG0007015	2	1	1	1	1	2	1	0	3
n/a	OG0007016	2	1	1	2	0	1	2	1	1
n/a	OG0007017	1	2	1	1	1	1	1	1	1
n/a	OG0007018	4	1	1	1	1	1	1	1	1
n/a	OG0007019	1	1	2	1	0	1	2	2	1
n/a	OG0007020	3	1	1	1	1	1	1	1	2
n/a	OG0007021	3	1	1	1	1	1	1	1	2
n/a	OG0007022	3	1	1	1	2	1	1	1	1
n/a	OG0007023	2	1	1	1	1	2	1	0	3
n/a	OG0007024	4	1	1	1	0	1	1	1	2
n/a	OG0007025	5	0	2	1	1	2	1	1	1
n/a	OG0007026	3	1	1	1	1	1	1	1	2
n/a	OG0007027	1	2	1	1	1	1	1	1	1
n/a	OG0007028	1	2	1	1	2	1	1	0	2
n/a	OG0007029	4	1	1	1	1	1	1	1	1
n/a	OG0007030	1	1	1	1	2	2	1	1	2
n/a	OG0007031	2	1	1	4	1	1	1	1	1
n/a	OG0007032	2	1	2	1	1	2	1	0	3
n/a	OG0007033	1	1	1	2	1	2	1	1	2
n/a	OG0007034	3	1	1	1	2	2	0	1	2
n/a	OG0007035	2	1	1	1	2	2	1	1	2
n/a	OG0007036	1	2	1	1	1	1	1	1	1
n/a	OG0007037	1	1	1	1	1	2	1	1	3
n/a	OG0007038	1	1	1	1	1	1	2	1	2
n/a	OG0007039	4	1	1	1	1	1	1	1	1
n/a	OG0007040	2	1	1	1	1	1	1	2	1
n/a	OG0007041	1	1	1	1	2	1	1	1	3
n/a	OG0007042	1	1	2	0	2	1	1	1	3
n/a	OG0007043	3	0	2	1	1	2	1	1	3
n/a	OG0007044	3	1	1	1	1	1	1	1	2
n/a	OG0007045	2	1	1	1	0	1	1	1	4
n/a	OG0007046	1	1	1	1	1	2	2	1	1
n/a	OG0007047	2	1	2	1	1	1	1	1	4
n/a	OG0007048	1	1	2	1	0	3	1	1	2
n/a	OG0007049	2	1	1	1	1	2	1	1	2
n/a	OG0007050	2	1	1	1	1	2	1	1	2
n/a	OG0007051	5	1	1	1	1	1	1	1	1
n/a	OG0007052	5	1	1	1	1	1	1	0	2
n/a	OG0007053	4	1	1	1	1	1	1	1	2
n/a	OG0007054	3	0	1	0	1	1	3	1	1
n/a	OG0007055	2	2	1	1	1	1	1	1	1
n/a	OG0007056	1	1	1	1	1	2	1	1	3
n/a	OG0007057	3	1	1	1	0	1	1	1	2
n/a	OG0007058	2	1	1	1	2	2	1	1	1
n/a	OG0007059	2	1	2	1	2	1	1	1	0
n/a	OG0007060	2	1	1	0	2	3	1	0	2
n/a	OG0007061	1	1	1	1	2	2	1	1	2
n/a	OG0007062	1	1	1	4	1	1	1	1	1
n/a	OG0007063	1	1	7	4	0	0	0	0	0
n/a	OG0007064	1	1	1	0	1	2	1	1	4
n/a	OG0007065	2	1	1	1	1	1	1	1	2
n/a	OG0007066	1	1	1	1	2	1	0	1	5
n/a	OG0007067	2	0	2	1	3	2	1	1	2
n/a	OG0007068	1	1	1	1	2	2	1	1	2
n/a	OG0007069	1	1	1	1	2	2	1	1	2
n/a	OG0007070	3	1	1	1	1	2	1	1	1
n/a	OG0007071	2	1	1	1	1	1	1	1	3
n/a	OG0007072	1	1	1	1	2	3	1	1	1
n/a	OG0007073	4	1	1	1	1	1	1	1	2
n/a	OG0007074	2	1	1	1	2	2	1	1	2
n/a	OG0007075	4	1	0	1	1	2	1	1	2
n/a	OG0007076	1	1	1	1	1	1	2	2	1
n/a	OG0007077	1	1	1	1	1	2	1	1	3
n/a	OG0007078	4	1	1	1	1	1	1	1	1
n/a	OG0007079	3	1	1	1	0	2	1	1	2
n/a	OG0007080	1	1	1	0	1	1	1	1	4
n/a	OG0007081	3	1	1	1	1	2	1	1	1
n/a	OG0007082	4	1	1	1	0	1	1	1	2
n/a	OG0007083	3	1	1	1	1	1	1	1	2
n/a	OG0007084	1	1	2	1	2	1	1	1	1
n/a	OG0007085	1	1	3	1	0	1	1	2	2
n/a	OG0007086	2	1	1	1	1	2	1	1	2
n/a	OG0007087	1	1	1	2	0	1	1	1	3
n/a	OG0007088	1	1	1	1	0	1	1	1	5
n/a	OG0007089	1	1	2	1	1	1	2	1	1
n/a	OG0007090	4	1	1	1	1	1	1	1	1
n/a	OG0007091	1	1	1	1	0	1	1	1	5
n/a	OG0007092	3	1	1	1	1	1	1	1	2
n/a	OG0007093	2	1	1	1	1	1	1	1	3
n/a	OG0007094	1	2	2	1	1	1	1	1	1
n/a	OG0007095	3	1	1	1	1	1	1	1	2
n/a	OG0007096	1	1	2	2	1	1	2	0	1
n/a	OG0007097	1	1	1	1	0	3	1	1	3
n/a	OG0007098	2	1	1	1	1	3	1	1	1
n/a	OG0007099	7	0	1	1	1	1	1	1	1
n/a	OG0007100	2	1	1	1	1	1	1	1	3
n/a	OG0007101	4	1	1	1	1	1	1	1	1
n/a	OG0007102	1	1	1	3	2	1	1	1	1
n/a	OG0007103	4	1	1	1	1	1	1	1	1
n/a	OG0007104	1	1	1	0	2	1	1	2	2
n/a	OG0007105	4	1	1	1	1	1	1	1	1
n/a	OG0007106	3	1	1	1	1	1	1	1	2
n/a	OG0007107	2	1	1	1	1	1	1	1	2
n/a	OG0007108	2	1	1	1	2	2	1	1	1
n/a	OG0007110	1	2	1	1	1	1	1	2	1
n/a	OG0007111	1	1	2	1	1	2	1	1	2
n/a	OG0007112	1	1	1	1	1	2	1	1	3
n/a	OG0007113	1	1	1	1	1	1	1	1	4
n/a	OG0007114	1	1	1	1	2	1	1	2	1
n/a	OG0007115	3	1	1	1	1	1	1	1	2
n/a	OG0007116	1	1	1	1	2	2	1	1	1
n/a	OG0007117	2	1	1	1	0	1	2	2	1
n/a	OG0007118	1	0	1	3	0	2	1	2	2
n/a	OG0007119	2	1	1	1	1	1	1	1	2
n/a	OG0007120	4	1	1	1	1	1	1	1	1
n/a	OG0007121	1	2	1	1	1	1	1	1	2
n/a	OG0007122	2	1	1	1	1	2	1	1	2
n/a	OG0007123	3	1	1	1	1	1	1	1	2
n/a	OG0007124	1	1	1	1	2	2	1	1	2
n/a	OG0007125	1	1	1	1	1	1	1	1	4
n/a	OG0007126	2	1	1	1	1	1	1	1	2
n/a	OG0007127	2	1	1	3	0	1	1	1	1
n/a	OG0007128	4	1	1	1	1	1	1	1	1
n/a	OG0007129	2	1	1	1	3	1	1	0	3
n/a	OG0007130	1	1	1	1	1	1	1	1	3
n/a	OG0007131	1	1	1	4	1	1	1	1	1
n/a	OG0007133	5	1	1	0	1	1	1	0	2
n/a	OG0007134	1	1	1	1	2	2	1	1	2
n/a	OG0007135	2	1	2	1	1	1	1	1	2
n/a	OG0007136	3	1	1	1	1	1	1	1	2
n/a	OG0007137	4	1	1	1	1	1	1	1	1
n/a	OG0007138	1	1	1	1	1	1	1	1	4
n/a	OG0007139	1	1	2	2	1	1	1	1	0
n/a	OG0007140	2	1	2	2	0	1	1	1	2
n/a	OG0007141	2	2	1	1	1	1	1	0	1
n/a	OG0007142	2	2	1	1	1	1	2	0	1
n/a	OG0007143	1	1	1	1	1	1	2	2	1
n/a	OG0007144	2	1	1	1	0	1	1	2	2
n/a	OG0007145	5	1	1	1	0	0	1	1	1
n/a	OG0007146	3	1	1	1	2	1	1	1	1
n/a	OG0007147	3	1	1	1	0	3	1	1	1
n/a	OG0007148	1	1	1	2	2	1	1	0	1
n/a	OG0007149	4	1	1	1	1	1	1	1	1
n/a	OG0007150	1	1	1	2	1	1	1	1	3
n/a	OG0007151	1	1	1	2	1	1	1	2	1
n/a	OG0007152	2	1	2	1	1	2	1	1	1
n/a	OG0007153	2	1	1	1	1	2	1	1	2
n/a	OG0007154	1	1	2	1	1	2	1	1	2
n/a	OG0007155	2	2	1	1	1	1	1	1	2
n/a	OG0007156	4	1	1	1	0	2	1	1	1
n/a	OG0007157	1	1	2	1	2	1	1	1	2
n/a	OG0007158	4	1	1	1	1	1	1	1	1
n/a	OG0007159	2	1	1	1	2	1	1	1	2
n/a	OG0007160	4	1	1	0	2	1	1	1	1
n/a	OG0007161	2	1	2	1	2	1	1	0	3
n/a	OG0007162	1	1	1	1	2	2	1	1	2
n/a	OG0007163	3	1	1	1	0	1	1	1	2
n/a	OG0007164	1	1	1	1	4	1	1	1	1
n/a	OG0007165	1	1	1	3	1	1	1	1	1
n/a	OG0007166	1	1	1	1	1	1	1	2	1
n/a	OG0007167	4	1	1	1	1	1	1	1	1
n/a	OG0007168	6	1	1	1	3	0	0	0	1
n/a	OG0007169	5	1	1	1	1	1	1	1	1
n/a	OG0007170	4	0	1	1	1	1	1	1	4
n/a	OG0007171	1	1	1	1	2	1	1	2	1
n/a	OG0007172	2	1	2	1	1	1	1	1	2
n/a	OG0007173	1	2	2	1	0	1	1	1	1
n/a	OG0007174	2	1	1	1	1	1	1	1	3
n/a	OG0007175	2	0	1	1	1	2	1	2	2
n/a	OG0007176	2	1	1	1	0	2	1	1	3
n/a	OG0007177	2	1	2	2	2	1	0	1	1
n/a	OG0007178	1	1	2	1	1	2	1	1	2
n/a	OG0007179	2	1	1	1	2	2	1	1	2
n/a	OG0007180	1	1	1	1	1	1	2	1	2
n/a	OG0007181	1	1	1	1	2	2	1	1	2
n/a	OG0007182	2	1	1	1	1	1	1	1	3
n/a	OG0007183	1	1	1	1	1	1	1	2	1
n/a	OG0007184	2	1	1	1	1	1	1	1	3
n/a	OG0007185	1	1	3	1	2	1	1	1	1
n/a	OG0007186	1	1	1	1	1	1	1	1	4
n/a	OG0007187	1	1	1	1	1	1	1	1	4
n/a	OG0007188	1	1	1	1	1	3	1	1	1
n/a	OG0007189	1	1	1	0	0	1	2	2	1
n/a	OG0007190	4	1	1	1	1	1	1	1	1
n/a	OG0007191	1	1	1	1	3	2	1	1	2
n/a	OG0007192	3	1	1	1	2	1	1	0	2
n/a	OG0007193	2	2	1	1	1	2	1	0	1
n/a	OG0007194	1	1	3	0	1	2	1	1	2
n/a	OG0007195	4	1	1	1	1	1	1	1	1
n/a	OG0007196	3	1	1	1	1	1	1	1	2
n/a	OG0007197	1	1	1	1	1	1	1	1	4
n/a	OG0007198	1	1	1	1	1	1	1	1	4
n/a	OG0007199	1	1	1	1	1	2	1	1	4
n/a	OG0007200	2	2	1	1	1	1	1	1	1
n/a	OG0007201	2	1	1	1	1	1	1	0	5
n/a	OG0007202	1	2	0	1	1	1	1	1	2
n/a	OG0007203	1	2	1	1	2	1	1	1	1
n/a	OG0007204	1	1	2	1	1	1	1	1	3
n/a	OG0007206	1	1	1	1	1	1	1	1	2
n/a	OG0007207	2	1	1	1	1	1	1	1	2
n/a	OG0007208	1	1	1	1	1	1	1	1	4
n/a	OG0007209	2	1	1	1	1	1	2	1	1
n/a	OG0007210	1	2	1	1	1	1	1	1	2
n/a	OG0007211	3	0	1	2	0	2	1	2	2
n/a	OG0007212	3	1	1	1	2	1	1	1	2
n/a	OG0007213	3	1	1	1	1	1	1	0	2
n/a	OG0007214	1	2	1	1	1	1	2	0	1
n/a	OG0007215	1	1	1	3	1	1	1	1	2
n/a	OG0007216	1	1	1	1	2	2	1	1	2
n/a	OG0007217	1	1	1	2	1	1	1	1	3
n/a	OG0007218	7	0	1	0	1	1	1	1	1
n/a	OG0007219	1	1	1	2	1	2	1	1	2
n/a	OG0007220	3	1	1	1	2	1	1	1	1
n/a	OG0007221	5	1	1	1	0	1	1	1	2
n/a	OG0007222	1	1	1	1	1	1	1	1	4
n/a	OG0007223	3	1	1	1	1	3	1	0	1
n/a	OG0007224	2	1	2	1	1	1	1	1	2
n/a	OG0007225	1	1	1	1	1	3	1	1	2
n/a	OG0007226	1	1	3	0	2	3	1	0	4
n/a	OG0007227	2	1	1	1	1	1	1	1	3
n/a	OG0007228	1	2	1	1	2	1	1	1	2
n/a	OG0007229	1	1	1	1	1	1	1	1	4
n/a	OG0007230	2	1	1	1	1	2	1	1	2
n/a	OG0007231	1	1	1	1	1	1	1	1	4
n/a	OG0007232	3	1	1	1	1	1	1	1	2
n/a	OG0007233	1	2	1	1	1	1	1	2	1
n/a	OG0007234	1	1	2	1	2	1	1	1	2
n/a	OG0007235	1	1	2	2	1	2	1	1	2
n/a	OG0007236	1	2	1	1	1	1	1	1	1
n/a	OG0007237	3	1	1	1	1	1	1	1	2
n/a	OG0007238	2	1	1	1	1	3	1	1	1
n/a	OG0007239	1	2	2	0	1	2	2	0	0
n/a	OG0007240	1	2	1	1	1	1	1	1	1
n/a	OG0007241	2	1	1	1	0	1	1	1	5
n/a	OG0007242	3	1	1	1	1	1	1	1	2
n/a	OG0007243	3	1	1	2	1	1	1	1	1
n/a	OG0007244	1	1	2	1	1	2	1	1	2
n/a	OG0007245	2	1	1	1	3	1	1	0	2
n/a	OG0007246	5	1	1	1	1	1	1	0	1
n/a	OG0007247	1	2	1	1	1	1	1	1	1
n/a	OG0007248	2	1	1	1	1	1	1	1	3
n/a	OG0007249	2	1	1	1	3	1	1	1	1
n/a	OG0007250	2	1	1	1	2	2	1	1	1
n/a	OG0007251	1	1	2	1	1	2	1	1	2
n/a	OG0007252	1	1	1	1	2	2	1	1	2
n/a	OG0007253	1	1	1	1	2	2	1	1	2
n/a	OG0007254	1	1	1	1	1	1	1	1	3
n/a	OG0007255	3	1	1	1	1	1	1	1	2
n/a	OG0007256	1	1	1	1	2	2	1	1	2
n/a	OG0007257	1	1	1	2	1	1	2	2	0
n/a	OG0007258	3	1	1	1	1	1	1	1	2
n/a	OG0007259	1	2	1	1	1	1	1	1	1
n/a	OG0007260	1	1	2	1	2	2	1	1	1
n/a	OG0007261	2	1	3	1	1	1	1	1	1
n/a	OG0007262	1	2	1	2	1	1	1	1	1
n/a	OG0007263	1	1	1	2	1	1	1	2	1
n/a	OG0007264	1	1	1	1	1	3	1	1	2
n/a	OG0007265	2	1	1	3	1	1	1	1	2
n/a	OG0007266	2	1	1	1	2	2	1	1	1
n/a	OG0007267	3	1	1	1	2	1	1	1	1
n/a	OG0007268	1	1	1	1	1	1	1	2	2
n/a	OG0007269	1	1	2	1	2	1	1	1	2
n/a	OG0007270	1	1	2	1	0	1	1	1	5
n/a	OG0007271	1	1	1	1	1	2	1	1	3
n/a	OG0007272	3	1	1	1	1	1	1	1	2
n/a	OG0007273	1	1	1	1	0	2	1	2	1
n/a	OG0007274	1	1	1	1	1	1	2	2	1
n/a	OG0007275	1	1	1	1	1	1	0	0	8
n/a	OG0007276	2	1	1	1	1	1	2	1	1
n/a	OG0007277	2	1	2	1	2	2	1	1	1
n/a	OG0007278	2	1	1	1	1	2	1	1	2
n/a	OG0007279	2	1	1	2	1	1	1	0	3
n/a	OG0007280	2	1	1	1	1	1	2	1	1
n/a	OG0007281	1	1	2	1	2	1	1	1	2
n/a	OG0007282	1	1	1	1	1	1	2	2	1
n/a	OG0007283	4	1	1	1	1	1	1	1	2
n/a	OG0007284	3	1	1	1	1	1	1	1	2
n/a	OG0007285	3	1	1	1	1	1	1	1	2
n/a	OG0007286	2	1	1	1	1	1	1	1	4
n/a	OG0007287	1	1	2	1	1	2	1	1	2
n/a	OG0007288	6	1	1	1	1	1	1	0	1
n/a	OG0007289	3	1	1	1	1	1	1	1	2
n/a	OG0007290	1	1	2	1	1	1	2	2	1
n/a	OG0007291	1	1	1	1	1	1	2	2	1
n/a	OG0007292	2	1	1	1	1	3	1	0	2
n/a	OG0007293	2	1	1	1	2	2	1	1	1
n/a	OG0007294	2	1	2	1	1	1	1	1	1
n/a	OG0007295	2	2	1	1	1	1	1	1	1
n/a	OG0007296	1	2	1	1	0	1	1	1	1
n/a	OG0007297	2	2	2	1	0	1	1	0	1
n/a	OG0007298	2	1	2	1	1	1	1	1	2
n/a	OG0007299	2	1	1	1	1	2	1	1	2
n/a	OG0007300	2	1	1	1	1	1	1	1	2
n/a	OG0007301	1	1	1	1	2	1	1	2	2
n/a	OG0007302	4	1	1	1	1	1	1	1	1
n/a	OG0007303	1	2	1	3	0	1	1	1	1
n/a	OG0007304	1	1	1	1	2	2	1	1	2
n/a	OG0007305	1	2	1	1	2	1	1	1	2
n/a	OG0007306	1	1	2	0	2	2	0	2	4
n/a	OG0007307	1	1	1	1	1	1	0	1	6
n/a	OG0007308	2	1	1	1	0	2	1	1	3
n/a	OG0007309	4	1	1	1	1	1	1	1	1
n/a	OG0007310	1	1	1	1	1	1	1	2	1
n/a	OG0007311	1	2	2	1	1	1	1	0	1
n/a	OG0007312	1	1	6	1	2	1	1	0	1
n/a	OG0007313	1	2	1	1	1	1	1	1	1
n/a	OG0007314	1	2	1	1	1	1	1	1	1
n/a	OG0007315	3	1	1	3	0	1	1	1	1
n/a	OG0007316	1	2	1	3	0	1	1	1	1
n/a	OG0007317	2	1	1	1	1	1	1	2	1
n/a	OG0007318	1	1	2	1	1	2	1	1	2
n/a	OG0007319	1	1	1	1	1	1	1	1	4
n/a	OG0007320	1	0	1	2	1	2	1	2	2
n/a	OG0007321	1	1	1	1	2	1	1	1	3
n/a	OG0007322	1	1	2	1	2	2	1	1	2
n/a	OG0007323	1	1	1	1	1	2	1	1	3
n/a	OG0007324	1	1	1	6	0	1	1	0	1
n/a	OG0007325	2	1	2	1	1	2	1	1	2
n/a	OG0007326	1	1	1	2	1	1	2	2	1
n/a	OG0007327	1	1	1	1	1	1	2	1	2
n/a	OG0007328	2	1	2	1	2	1	1	1	1
n/a	OG0007329	1	1	1	2	2	1	1	1	2
n/a	OG0007330	1	1	1	4	1	1	1	1	1
n/a	OG0007331	1	1	1	1	2	2	1	1	2
n/a	OG0007332	2	1	1	1	1	1	1	2	1
n/a	OG0007333	1	1	1	1	1	1	1	1	5
n/a	OG0007334	1	2	1	1	1	1	1	1	2
n/a	OG0007335	2	1	1	1	0	1	1	1	4
n/a	OG0007336	1	1	1	1	1	2	1	1	2
n/a	OG0007337	1	1	1	2	1	1	1	2	1
n/a	OG0007338	2	1	1	1	2	2	1	1	2
n/a	OG0007339	1	1	1	2	1	2	1	2	2
n/a	OG0007340	2	1	1	2	1	1	1	1	1
n/a	OG0007341	1	2	1	1	1	1	1	1	2
n/a	OG0007342	1	2	1	1	0	2	1	1	1
n/a	OG0007343	1	1	1	1	0	1	2	1	1
n/a	OG0007344	1	1	2	2	2	3	1	0	1
n/a	OG0007345	1	1	1	2	1	1	1	2	1
n/a	OG0007346	2	1	3	1	1	1	1	0	1
n/a	OG0007347	1	1	1	1	1	1	1	1	4
n/a	OG0007348	2	1	1	1	2	1	1	1	1
n/a	OG0007349	1	1	1	1	1	1	1	2	1
n/a	OG0007350	2	0	2	1	0	1	2	2	1
n/a	OG0007351	1	1	1	1	1	3	1	1	2
n/a	OG0007352	2	1	2	1	1	1	1	1	2
n/a	OG0007353	1	2	2	0	1	1	1	1	2
n/a	OG0007354	1	1	1	1	3	1	1	1	1
n/a	OG0007355	2	1	1	0	2	1	1	1	4
n/a	OG0007356	2	1	2	1	1	1	1	1	2
n/a	OG0007357	1	1	1	0	1	1	2	2	1
n/a	OG0007358	1	2	2	1	1	2	1	0	1
n/a	OG0007359	1	1	1	0	2	2	2	1	2
n/a	OG0007360	1	1	2	1	2	1	1	2	1
n/a	OG0007361	1	1	2	1	1	1	1	2	1
n/a	OG0007362	1	2	1	1	1	1	1	1	1
n/a	OG0007363	1	1	1	1	4	1	1	1	1
n/a	OG0007364	1	2	1	1	1	1	1	1	2
n/a	OG0007365	1	1	1	1	3	1	1	1	3
n/a	OG0007366	1	1	1	1	1	1	1	0	6
n/a	OG0007367	2	1	1	1	1	2	1	1	3
n/a	OG0007368	1	1	2	1	1	1	1	2	1
n/a	OG0007369	2	1	1	1	2	1	1	1	2
n/a	OG0007370	5	1	1	1	1	1	1	0	1
n/a	OG0007371	3	1	1	1	1	1	1	1	2
n/a	OG0007372	1	1	2	1	2	2	1	0	2
n/a	OG0007373	1	1	2	1	2	2	1	0	2
n/a	OG0007374	2	1	1	2	0	0	2	2	1
n/a	OG0007375	1	1	1	4	1	1	1	1	1
n/a	OG0007376	2	1	1	1	1	1	1	2	1
n/a	OG0007377	1	1	2	1	1	2	1	1	2
n/a	OG0007378	1	1	1	1	1	2	1	1	2
n/a	OG0007379	1	2	1	1	1	2	1	0	2
n/a	OG0007380	1	1	2	1	1	1	2	1	1
n/a	OG0007381	1	1	1	1	1	3	1	1	2
n/a	OG0007382	3	1	1	1	1	1	1	1	2
n/a	OG0007383	1	1	6	3	0	0	1	0	0
n/a	OG0007384	4	1	1	1	1	1	1	1	1
n/a	OG0007385	1	1	2	1	1	1	1	1	2
n/a	OG0007386	1	1	1	1	1	1	1	2	2
n/a	OG0007387	1	1	1	1	0	1	1	2	2
n/a	OG0007388	1	1	1	1	1	2	1	2	2
n/a	OG0007389	2	1	0	1	7	3	0	0	2
n/a	OG0007390	1	1	1	1	0	1	0	1	7
n/a	OG0007391	1	1	1	1	2	1	1	1	3
n/a	OG0007392	4	1	1	1	1	1	1	1	1
n/a	OG0007393	2	1	1	1	3	1	1	1	1
n/a	OG0007394	1	2	1	1	2	1	1	0	1
n/a	OG0007395	1	1	1	1	1	2	2	1	1
n/a	OG0007396	1	2	1	1	2	1	1	1	1
n/a	OG0007397	1	2	1	1	1	1	1	1	1
n/a	OG0007398	2	1	1	1	2	1	1	1	2
n/a	OG0007399	2	1	1	1	2	3	1	0	3
n/a	OG0007400	4	1	1	1	1	1	1	1	1
n/a	OG0007401	3	1	1	1	1	1	1	1	2
n/a	OG0007402	1	1	1	1	1	1	2	1	1
n/a	OG0007403	1	1	1	1	3	1	1	1	1
n/a	OG0007404	1	1	1	1	1	1	1	1	4
n/a	OG0007405	1	1	3	1	1	1	1	1	2
n/a	OG0007406	1	1	1	1	2	2	1	1	1
n/a	OG0007407	2	1	1	1	1	1	1	1	3
n/a	OG0007408	3	1	1	1	1	1	1	1	2
n/a	OG0007409	1	2	1	1	1	1	1	1	2
n/a	OG0007410	1	1	1	2	1	1	1	2	1
n/a	OG0007411	1	1	1	2	1	1	1	0	3
n/a	OG0007412	2	1	1	1	1	1	1	1	3
n/a	OG0007413	1	2	2	0	1	2	1	0	1
n/a	OG0007414	1	1	1	1	1	1	1	1	4
n/a	OG0007415	1	1	2	1	1	1	1	1	2
n/a	OG0007416	2	1	1	1	1	1	1	1	2
n/a	OG0007417	1	1	1	1	0	2	2	2	0
n/a	OG0007418	1	1	1	1	1	2	1	1	3
n/a	OG0007419	1	1	4	1	1	1	1	1	2
n/a	OG0007420	1	2	1	0	1	0	2	2	0
n/a	OG0007421	1	1	1	1	3	2	1	1	1
n/a	OG0007422	1	1	2	1	1	1	1	1	3
n/a	OG0007423	1	1	1	1	1	1	2	1	1
n/a	OG0007424	1	1	1	1	0	1	1	1	5
n/a	OG0007425	1	1	1	1	2	2	1	1	1
n/a	OG0007426	1	1	1	1	1	1	1	1	4
n/a	OG0007427	1	1	3	1	0	1	1	1	1
n/a	OG0007428	1	1	1	1	1	1	2	2	1
n/a	OG0007429	1	1	1	1	1	1	2	1	2
n/a	OG0007430	1	1	1	1	1	1	1	2	1
n/a	OG0007431	1	1	1	5	1	1	1	0	2
n/a	OG0007432	2	1	1	1	1	1	1	0	4
n/a	OG0007433	1	1	2	1	1	1	1	1	4
n/a	OG0007434	1	1	2	2	1	2	1	0	2
n/a	OG0007435	1	2	2	1	1	1	1	1	1
n/a	OG0007436	2	1	1	1	2	2	1	1	1
n/a	OG0007437	2	1	2	1	2	1	1	0	2
n/a	OG0007438	1	2	1	1	1	1	1	1	1
n/a	OG0007439	1	2	2	1	1	1	1	1	1
n/a	OG0007440	1	1	2	1	1	2	1	1	1
n/a	OG0007441	1	0	1	1	2	1	2	2	1
n/a	OG0007442	1	1	3	1	1	2	1	1	1
n/a	OG0007443	1	1	2	1	2	3	0	1	2
n/a	OG0007444	2	1	1	1	1	1	1	2	1
n/a	OG0007445	2	1	1	1	1	1	1	1	3
n/a	OG0007446	1	1	1	1	2	1	1	2	2
n/a	OG0007447	1	1	1	1	1	1	1	0	6
n/a	OG0007448	1	2	1	1	2	1	1	1	1
n/a	OG0007449	1	1	1	1	1	4	1	1	1
n/a	OG0007450	1	1	1	2	0	1	2	2	1
n/a	OG0007451	5	1	1	1	1	1	1	1	1
n/a	OG0007452	1	1	1	1	0	1	1	2	3
n/a	OG0007453	1	1	1	1	1	1	2	1	2
n/a	OG0007454	1	1	2	1	1	2	1	1	1
n/a	OG0007455	1	1	2	1	1	2	1	1	2
n/a	OG0007456	1	1	1	3	0	4	1	0	2
n/a	OG0007457	1	1	1	1	1	1	1	1	4
n/a	OG0007458	1	2	2	1	1	1	1	1	1
n/a	OG0007459	1	1	2	1	1	2	1	1	2
n/a	OG0007460	2	2	1	1	1	1	1	0	1
n/a	OG0007461	1	1	1	2	1	1	1	2	2
n/a	OG0007462	1	1	1	1	0	1	1	1	5
n/a	OG0007463	1	1	1	5	2	1	1	0	1
n/a	OG0007464	1	1	1	1	2	2	1	1	2
n/a	OG0007465	1	2	1	0	1	2	1	1	1
n/a	OG0007466	1	1	1	1	1	1	1	2	1
n/a	OG0007467	1	1	1	1	1	1	1	2	2
n/a	OG0007468	1	1	2	0	2	2	1	1	2
n/a	OG0007469	1	2	1	2	1	1	1	1	1
n/a	OG0007470	1	2	1	1	1	2	1	0	2
n/a	OG0007471	1	1	1	4	2	1	1	1	1
n/a	OG0007472	1	1	1	3	1	1	2	0	1
n/a	OG0007473	1	1	2	0	1	1	1	2	1
n/a	OG0007474	1	1	1	1	4	1	1	1	1
n/a	OG0007475	1	0	1	2	1	1	2	2	1
n/a	OG0007476	1	1	2	1	2	1	1	1	2
n/a	OG0007477	1	2	2	1	1	1	1	0	2
n/a	OG0007478	1	1	1	4	1	1	1	1	1
n/a	OG0007479	1	2	2	0	1	1	1	1	2
n/a	OG0007480	1	1	1	1	2	2	1	1	2
n/a	OG0007481	1	1	1	1	1	1	1	1	4
n/a	OG0007482	1	1	1	1	1	1	1	1	5
n/a	OG0007483	1	2	1	1	1	1	1	1	1
n/a	OG0007484	1	1	1	0	0	0	1	0	6
n/a	OG0007485	1	0	3	0	0	4	3	0	0
n/a	OG0007486	0	1	1	1	1	1	2	2	1
n/a	OG0007487	0	1	2	1	0	1	2	1	1
n/a	OG0007488	0	3	1	0	0	1	1	2	1
n/a	OG0007489	0	1	1	0	5	1	1	1	1
n/a	OG0007491	0	2	2	1	0	0	2	1	0
n/a	OG0007492	0	1	1	3	0	0	3	0	0
n/a	OG0007493	0	1	1	2	0	0	3	1	0
n/a	OG0007494	0	1	1	1	1	2	1	1	4
n/a	OG0007495	0	1	2	2	1	1	2	2	0
n/a	OG0007496	0	0	1	1	1	1	2	2	1
n/a	OG0007497	0	1	2	2	0	0	2	2	0
n/a	OG0007498	0	5	1	1	0	0	0	0	0
n/a	OG0007499	0	3	3	3	0	0	1	0	0
n/a	OG0007500	0	1	1	2	1	2	1	1	2
n/a	OG0007501	0	1	0	1	1	0	2	2	0
n/a	OG0007502	0	1	2	2	2	1	1	2	1
n/a	OG0007503	0	1	1	1	2	2	1	1	3
n/a	OG0007504	0	2	1	1	1	1	2	1	1
n/a	OG0007505	0	3	1	2	1	0	1	0	0
n/a	OG0007506	0	2	1	1	1	1	1	2	0
n/a	OG0007507	0	1	1	1	0	1	1	1	6
n/a	OG0007508	0	1	1	1	1	1	2	2	1
n/a	OG0007509	0	1	1	6	1	1	1	0	2
n/a	OG0007510	0	2	2	1	1	1	1	1	1
n/a	OG0007511	0	1	1	1	1	2	1	1	4
n/a	OG0007512	0	1	1	2	5	0	2	0	0
n/a	OG0007513	0	1	1	1	1	1	1	1	5
n/a	OG0007514	0	1	1	1	1	3	1	1	3
n/a	OG0007515	0	1	2	1	2	2	1	2	0
n/a	OG0007516	0	2	1	1	2	1	1	2	0
n/a	OG0007517	0	1	2	3	1	1	2	0	0
n/a	OG0007518	0	3	0	2	0	0	1	2	0
n/a	OG0007519	0	4	0	2	0	0	1	0	0
n/a	OG0007520	0	1	1	3	1	1	1	1	3
n/a	OG0007521	0	1	2	2	3	0	1	2	0
n/a	OG0007522	0	2	1	1	1	1	1	1	3
n/a	OG0007523	0	2	0	1	0	0	2	1	0
n/a	OG0007524	0	1	1	1	3	2	1	1	2
n/a	OG0007525	0	1	1	1	1	1	2	2	1
n/a	OG0007526	0	1	1	1	0	1	2	2	1
n/a	OG0007527	0	2	1	1	1	1	1	2	2
n/a	OG0007528	0	3	2	0	3	0	1	0	0
n/a	OG0007529	0	3	1	4	3	0	0	0	0
n/a	OG0007530	0	1	2	1	0	0	2	2	0
n/a	OG0007531	0	2	1	0	0	0	2	2	0
n/a	OG0007532	0	1	0	1	0	0	2	3	0
n/a	OG0007533	0	1	2	1	3	0	2	1	0
n/a	OG0007534	0	2	1	1	0	1	1	1	2
n/a	OG0007535	0	2	1	2	1	2	2	0	1
n/a	OG0007536	0	1	1	2	1	1	1	2	1
n/a	OG0007537	0	2	0	1	1	1	2	2	0
n/a	OG0007538	0	1	4	0	4	4	0	0	2
n/a	OG0007539	0	1	1	0	0	3	2	2	1
n/a	OG0007540	0	1	1	3	2	1	1	0	1
n/a	OG0007541	0	1	1	1	0	2	1	1	4
n/a	OG0007542	0	1	1	1	1	2	1	0	6
n/a	OG0007543	0	1	4	1	0	0	2	2	0
n/a	OG0007544	0	1	1	1	1	2	1	2	1
n/a	OG0007545	0	1	1	1	1	1	1	3	1
n/a	OG0007546	0	1	1	1	1	1	1	1	6
n/a	OG0007547	0	3	0	1	4	0	0	0	0
n/a	OG0007548	0	1	1	1	1	1	1	2	4
n/a	OG0007549	0	1	0	1	4	2	2	0	1
n/a	OG0007550	0	1	1	1	1	1	1	1	7
n/a	OG0007551	0	2	1	1	2	1	1	2	1
n/a	OG0007552	0	1	5	0	0	1	1	2	1
n/a	OG0007553	0	1	3	2	2	1	1	1	1
n/a	OG0007554	0	1	3	2	3	1	1	1	1
n/a	OG0007555	0	1	1	1	0	0	2	2	0
n/a	OG0007556	0	3	0	2	0	0	2	0	0
n/a	OG0007557	0	4	0	0	2	2	0	0	0
n/a	OG0007558	0	1	1	2	1	0	2	2	0
n/a	OG0007559	0	1	0	2	1	0	2	2	0
n/a	OG0007560	0	1	1	1	1	1	1	1	5
n/a	OG0007561	0	1	2	2	1	0	2	2	0
n/a	OG0007562	0	1	0	2	1	1	2	2	0
n/a	OG0007563	0	1	1	1	1	1	2	2	1
n/a	OG0007564	0	1	1	3	0	1	1	2	2
n/a	OG0007565	0	1	1	0	1	1	2	2	1
n/a	OG0007566	0	1	1	1	1	1	1	1	6
n/a	OG0007567	0	1	1	1	0	4	1	1	3
n/a	OG0007568	0	1	1	1	0	6	1	1	2
n/a	OG0007569	0	1	3	2	0	2	1	0	3
n/a	OG0007570	0	1	1	4	1	1	1	1	2
n/a	OG0007571	0	1	5	1	1	1	1	1	2
n/a	OG0007572	0	2	2	2	0	1	1	1	1
n/a	OG0007573	0	1	2	1	1	2	1	1	3
n/a	OG0007574	0	1	1	0	1	0	2	2	1
n/a	OG0007575	0	1	1	1	1	1	2	2	1
n/a	OG0007576	0	1	2	1	0	2	1	0	5
n/a	OG0007577	0	1	2	2	2	0	2	2	0
n/a	OG0007578	0	1	0	0	1	0	2	4	0
n/a	OG0007579	0	1	1	1	1	0	4	0	0
n/a	OG0007580	0	1	1	1	1	5	1	1	2
n/a	OG0007581	0	1	1	1	1	1	1	1	5
n/a	OG0007582	0	1	1	2	1	1	2	2	1
n/a	OG0007583	0	2	0	0	5	4	0	0	3
n/a	OG0007584	0	1	1	0	2	1	2	2	1
n/a	OG0007585	0	1	1	2	0	1	2	2	2
n/a	OG0007586	0	1	2	0	0	3	2	1	2
n/a	OG0007587	0	0	15	0	0	2	0	0	0
n/a	OG0007588	0	0	2	0	1	1	4	0	0
n/a	OG0007589	0	0	4	1	3	3	1	2	0
n/a	OG0007590	0	0	3	0	0	0	3	2	0
n/a	OG0007591	0	0	0	1	1	2	2	3	1
n/a	OG0007592	0	0	0	1	0	0	4	2	0
n/a	OG0007593	0	0	0	2	2	1	1	0	7
n/a	OG0007594	0	0	0	1	0	0	2	5	0
n/a	OG0007595	0	0	0	2	4	3	1	1	2
n/a	OG0007596	0	0	0	0	3	10	0	2	1
n/a	OG0007597	0	0	0	0	0	0	2	5	0
n/a	OG0007599	1	3	4	0	0	0	0	1	0
n/a	OG0007600	2	1	1	1	1	1	1	1	2
n/a	OG0007601	1	2	2	2	1	0	1	0	0
n/a	OG0007602	3	1	1	0	1	1	1	1	2
n/a	OG0007603	3	1	1	1	1	1	1	1	1
n/a	OG0007604	2	1	1	1	1	1	1	1	2
n/a	OG0007605	2	1	1	1	1	1	1	1	2
n/a	OG0007606	4	1	1	1	1	1	1	0	1
n/a	OG0007607	5	0	1	1	1	1	1	1	2
n/a	OG0007608	2	1	1	1	1	1	1	1	2
n/a	OG0007609	3	1	1	0	5	2	0	0	3
n/a	OG0007610	3	1	1	1	1	1	1	1	2
n/a	OG0007611	2	2	1	1	1	1	1	0	1
n/a	OG0007612	1	1	1	1	2	2	1	1	2
n/a	OG0007613	1	1	1	1	3	1	1	1	1
n/a	OG0007614	1	1	1	1	1	1	2	1	1
n/a	OG0007615	2	1	2	1	1	1	1	1	1
n/a	OG0007616	4	1	1	1	0	1	1	1	1
n/a	OG0007617	2	1	1	1	1	1	1	1	1
n/a	OG0007618	2	1	1	1	1	1	1	1	2
n/a	OG0007619	3	1	1	1	1	1	1	1	2
n/a	OG0007620	1	1	2	1	0	2	1	1	2
n/a	OG0007621	2	0	1	1	2	2	1	1	3
n/a	OG0007622	1	1	1	1	1	2	1	1	2
n/a	OG0007623	1	1	1	1	1	2	1	1	2
n/a	OG0007624	2	1	1	1	1	1	1	1	2
n/a	OG0007625	2	1	1	1	1	1	1	1	2
n/a	OG0007626	1	1	1	1	1	2	1	1	2
n/a	OG0007627	3	1	1	1	1	1	1	0	2
n/a	OG0007628	1	1	2	1	1	2	1	1	2
n/a	OG0007629	2	1	1	1	1	1	1	1	2
n/a	OG0007630	1	2	1	1	2	1	1	0	1
n/a	OG0007631	1	1	2	1	2	2	1	0	2
n/a	OG0007632	2	1	1	1	1	1	1	1	2
n/a	OG0007633	1	0	2	1	2	2	1	1	3
n/a	OG0007634	4	1	1	1	1	1	1	0	2
n/a	OG0007635	2	1	1	1	1	1	1	1	2
n/a	OG0007636	2	1	2	1	0	1	1	1	2
n/a	OG0007637	1	1	1	1	2	2	1	1	1
n/a	OG0007638	2	1	2	1	0	2	1	1	1
n/a	OG0007639	1	0	2	1	1	1	1	2	3
n/a	OG0007640	1	1	1	2	1	2	1	1	2
n/a	OG0007641	1	1	1	1	1	5	1	1	0
n/a	OG0007642	1	1	1	1	1	2	1	1	2
n/a	OG0007643	2	1	1	1	1	1	1	1	2
n/a	OG0007644	1	1	1	1	1	1	1	1	4
n/a	OG0007645	2	1	1	1	1	1	1	1	2
n/a	OG0007646	2	1	1	1	1	1	1	1	2
n/a	OG0007647	1	1	2	1	2	1	1	1	1
n/a	OG0007648	2	1	1	1	1	1	1	1	2
n/a	OG0007649	2	1	1	1	1	1	1	1	1
n/a	OG0007650	3	1	1	1	1	1	1	1	1
n/a	OG0007651	2	1	1	1	1	1	1	1	1
n/a	OG0007652	3	1	1	1	1	1	1	1	1
n/a	OG0007653	2	1	1	1	1	1	1	1	2
n/a	OG0007654	1	1	1	1	1	2	1	0	3
n/a	OG0007655	2	1	1	1	2	1	1	1	1
n/a	OG0007656	3	1	2	1	2	1	1	0	1
n/a	OG0007657	1	2	1	1	0	1	1	0	2
n/a	OG0007658	2	1	1	1	3	1	1	1	1
n/a	OG0007659	1	1	1	2	2	1	2	0	0
n/a	OG0007660	5	1	1	1	1	1	1	0	1
n/a	OG0007661	1	1	1	1	1	1	1	1	2
n/a	OG0007662	1	2	1	1	1	1	1	1	1
n/a	OG0007663	2	1	1	1	1	1	1	1	2
n/a	OG0007664	1	1	2	1	1	1	1	1	2
n/a	OG0007665	1	1	1	1	1	3	1	1	2
n/a	OG0007666	3	1	1	1	1	1	1	1	1
n/a	OG0007667	2	1	1	1	1	1	1	1	2
n/a	OG0007668	3	1	1	1	1	1	1	1	1
n/a	OG0007669	2	1	1	1	0	1	2	1	1
n/a	OG0007670	1	1	1	1	1	1	1	1	3
n/a	OG0007671	3	1	1	1	1	1	1	1	1
n/a	OG0007672	1	1	1	1	2	1	1	1	2
n/a	OG0007673	1	1	1	1	1	1	1	1	3
n/a	OG0007674	4	1	1	0	2	1	1	1	1
n/a	OG0007675	2	1	1	1	1	1	1	1	2
n/a	OG0007676	3	1	1	1	1	1	1	1	2
n/a	OG0007677	2	1	1	1	1	1	1	1	2
n/a	OG0007678	1	1	1	1	2	2	1	0	1
n/a	OG0007679	1	1	2	1	2	1	1	1	1
n/a	OG0007680	1	2	2	1	1	2	0	1	1
n/a	OG0007681	2	1	1	1	1	1	1	1	2
n/a	OG0007682	2	1	2	1	1	1	1	1	1
n/a	OG0007683	1	1	1	1	2	2	1	1	1
n/a	OG0007684	2	1	1	1	1	1	1	1	3
n/a	OG0007685	2	1	1	1	0	1	1	1	3
n/a	OG0007686	1	1	1	1	1	1	1	1	3
n/a	OG0007687	1	1	1	1	1	1	1	1	3
n/a	OG0007688	1	1	0	1	1	1	1	1	4
n/a	OG0007689	2	1	1	1	1	1	1	1	2
n/a	OG0007690	2	1	1	0	2	1	1	1	2
n/a	OG0007691	2	1	1	1	1	2	1	1	2
n/a	OG0007692	3	1	1	1	1	1	1	1	1
n/a	OG0007693	1	1	1	2	1	1	1	1	2
n/a	OG0007694	3	1	1	1	1	1	1	1	1
n/a	OG0007695	1	1	1	1	4	1	1	0	1
n/a	OG0007696	1	1	1	1	0	1	1	0	6
n/a	OG0007697	1	1	1	1	1	2	1	1	2
n/a	OG0007698	1	1	1	1	1	1	1	2	2
n/a	OG0007699	2	1	1	1	1	1	1	1	2
n/a	OG0007700	2	1	2	1	2	1	0	1	2
n/a	OG0007701	3	1	1	0	1	1	1	1	2
n/a	OG0007702	1	2	2	0	1	1	1	0	2
n/a	OG0007703	1	1	1	1	2	1	1	1	1
n/a	OG0007704	2	1	3	1	1	1	1	1	1
n/a	OG0007705	2	1	1	1	1	1	1	1	2
n/a	OG0007706	2	1	1	1	1	1	1	1	2
n/a	OG0007707	2	1	1	1	1	1	1	1	2
n/a	OG0007708	3	1	1	1	1	1	1	0	2
n/a	OG0007709	1	1	1	1	1	2	1	1	2
n/a	OG0007710	1	2	1	1	1	1	1	1	1
n/a	OG0007711	1	1	1	1	1	1	1	1	3
n/a	OG0007712	1	1	2	1	1	1	1	1	1
n/a	OG0007713	4	1	1	1	0	1	1	1	2
n/a	OG0007714	1	1	2	0	2	2	1	1	3
n/a	OG0007715	2	0	4	1	2	2	1	0	2
n/a	OG0007716	1	1	1	1	1	1	1	1	2
n/a	OG0007717	4	1	2	0	0	1	1	1	0
n/a	OG0007718	4	1	1	1	1	1	1	1	1
n/a	OG0007719	3	1	1	1	1	1	1	1	1
n/a	OG0007720	6	1	1	1	0	0	1	1	0
n/a	OG0007721	2	1	1	1	1	2	1	1	1
n/a	OG0007722	1	1	1	1	1	1	1	1	4
n/a	OG0007723	2	1	1	1	1	1	1	1	2
n/a	OG0007724	1	1	1	1	1	1	1	2	1
n/a	OG0007725	1	1	1	1	1	1	1	1	3
n/a	OG0007726	2	1	1	1	1	1	1	1	2
n/a	OG0007727	1	1	1	1	1	1	1	1	3
n/a	OG0007728	2	1	1	1	1	1	1	1	2
n/a	OG0007729	2	1	1	1	1	1	1	1	2
n/a	OG0007730	3	1	1	1	1	1	1	1	1
n/a	OG0007731	1	1	1	1	1	2	1	1	2
n/a	OG0007732	2	1	1	1	1	1	1	1	2
n/a	OG0007733	3	1	1	1	1	1	1	1	2
n/a	OG0007734	1	1	1	1	1	2	1	1	2
n/a	OG0007735	4	1	1	1	1	1	1	0	1
n/a	OG0007736	1	1	1	1	1	2	1	1	2
n/a	OG0007737	2	1	1	1	1	1	1	1	2
n/a	OG0007738	2	1	1	1	1	1	1	1	2
n/a	OG0007739	3	1	1	1	0	1	1	1	2
n/a	OG0007740	1	1	1	1	1	2	1	1	2
n/a	OG0007741	3	1	1	1	0	1	1	1	2
n/a	OG0007742	2	1	1	1	1	1	1	1	3
n/a	OG0007743	2	1	1	1	1	1	1	1	2
n/a	OG0007744	2	1	1	1	1	2	1	1	2
n/a	OG0007745	2	1	1	1	1	1	1	1	2
n/a	OG0007746	2	1	1	1	1	1	1	1	1
n/a	OG0007747	2	1	2	1	1	1	1	1	1
n/a	OG0007748	2	1	1	1	1	1	1	1	2
n/a	OG0007749	1	1	1	1	1	2	1	1	2
n/a	OG0007750	2	1	1	1	2	1	1	1	2
n/a	OG0007751	2	1	1	0	2	2	1	1	1
n/a	OG0007752	1	2	1	1	1	1	1	1	1
n/a	OG0007753	1	1	2	1	1	1	1	1	2
n/a	OG0007754	1	1	1	1	1	1	1	2	1
n/a	OG0007755	2	1	1	1	2	1	1	1	1
n/a	OG0007756	1	1	2	1	1	1	1	1	2
n/a	OG0007757	2	1	1	1	1	1	1	1	2
n/a	OG0007758	1	1	1	2	1	1	1	1	2
n/a	OG0007759	2	1	1	1	1	1	1	1	2
n/a	OG0007760	4	1	1	1	1	1	1	1	1
n/a	OG0007761	1	1	1	1	1	1	1	2	1
n/a	OG0007762	1	1	1	1	2	2	1	0	2
n/a	OG0007763	2	1	1	2	1	1	1	2	1
n/a	OG0007764	1	2	1	1	1	2	1	1	1
n/a	OG0007765	1	1	1	1	1	1	1	1	4
n/a	OG0007766	1	1	2	0	1	1	1	1	1
n/a	OG0007767	1	1	1	1	1	1	1	1	3
n/a	OG0007768	3	1	1	1	1	1	1	1	1
n/a	OG0007769	1	1	1	1	1	1	1	1	2
n/a	OG0007770	2	1	1	1	1	1	1	1	2
n/a	OG0007771	2	1	2	2	1	1	1	0	1
n/a	OG0007772	2	1	2	1	0	2	1	1	1
n/a	OG0007773	2	1	1	1	1	1	1	1	2
n/a	OG0007774	2	1	1	1	1	1	1	1	2
n/a	OG0007775	2	1	1	1	1	1	1	1	2
n/a	OG0007776	1	1	1	1	2	2	1	1	1
n/a	OG0007777	2	1	1	1	1	1	1	1	2
n/a	OG0007778	2	1	1	1	1	1	1	1	2
n/a	OG0007779	1	1	1	1	1	1	1	1	3
n/a	OG0007780	3	1	1	1	1	1	1	1	1
n/a	OG0007781	2	1	1	1	1	1	1	1	2
n/a	OG0007782	2	1	1	1	1	1	1	1	2
n/a	OG0007783	2	1	1	1	1	1	1	1	2
n/a	OG0007784	1	1	1	1	1	1	1	0	5
n/a	OG0007785	1	1	1	1	3	1	1	1	1
n/a	OG0007786	2	1	1	1	1	1	1	1	2
n/a	OG0007787	7	0	0	0	1	6	0	0	2
n/a	OG0007788	2	0	2	1	1	1	0	1	5
n/a	OG0007789	3	1	1	1	1	1	1	1	1
n/a	OG0007790	2	1	1	1	1	1	1	1	2
n/a	OG0007791	1	1	1	1	1	2	1	1	2
n/a	OG0007792	2	1	1	1	1	1	1	1	2
n/a	OG0007793	1	1	3	1	1	1	1	1	1
n/a	OG0007794	2	1	2	1	1	1	1	1	2
n/a	OG0007795	3	1	1	1	1	1	1	1	1
n/a	OG0007796	2	1	1	1	1	1	1	1	2
n/a	OG0007797	2	1	1	1	2	1	1	1	1
n/a	OG0007798	2	1	1	1	1	1	1	1	2
n/a	OG0007799	3	1	1	1	1	1	1	1	1
n/a	OG0007800	2	1	2	1	1	1	1	1	2
n/a	OG0007801	3	1	1	1	0	1	1	1	2
n/a	OG0007802	2	1	1	1	1	1	1	1	2
n/a	OG0007803	2	1	1	1	1	1	1	1	2
n/a	OG0007804	3	1	1	0	1	1	1	1	2
n/a	OG0007805	1	1	2	3	1	1	0	1	1
n/a	OG0007806	1	1	1	1	1	1	1	2	1
n/a	OG0007807	1	1	2	1	1	1	1	1	1
n/a	OG0007808	1	1	1	1	1	1	2	2	0
n/a	OG0007809	2	1	1	1	2	1	1	1	1
n/a	OG0007810	3	1	2	1	1	1	1	1	0
n/a	OG0007811	2	1	1	1	1	1	1	2	2
n/a	OG0007812	1	1	1	3	1	2	1	1	1
n/a	OG0007813	2	1	1	1	1	1	1	1	2
n/a	OG0007814	1	1	1	2	1	2	1	2	1
n/a	OG0007815	3	1	1	1	1	2	1	1	1
n/a	OG0007816	2	1	1	1	1	1	1	1	2
n/a	OG0007817	2	1	2	1	1	1	1	0	2
n/a	OG0007818	3	1	1	1	1	1	1	1	1
n/a	OG0007819	2	1	1	1	1	1	1	1	2
n/a	OG0007820	3	1	1	1	1	1	1	1	1
n/a	OG0007821	2	1	1	1	1	1	1	1	2
n/a	OG0007822	4	1	1	1	1	1	1	1	2
n/a	OG0007823	2	2	1	1	1	1	1	0	0
n/a	OG0007824	2	1	1	1	1	2	1	1	2
n/a	OG0007825	2	1	1	1	1	1	1	2	1
n/a	OG0007826	2	1	1	1	1	1	1	1	2
n/a	OG0007828	2	1	1	1	1	2	1	1	2
n/a	OG0007829	1	1	1	1	1	2	1	0	2
n/a	OG0007830	1	1	0	0	1	0	0	6	0
n/a	OG0007831	1	1	1	1	0	1	1	1	4
n/a	OG0007832	1	1	1	1	1	1	1	1	3
n/a	OG0007833	4	1	1	1	0	1	1	1	1
n/a	OG0007834	1	1	1	1	1	2	1	1	3
n/a	OG0007835	1	1	2	1	1	1	1	1	3
n/a	OG0007836	1	1	1	1	2	1	1	1	1
n/a	OG0007837	2	1	2	1	1	1	1	1	1
n/a	OG0007838	2	1	1	1	2	1	1	1	1
n/a	OG0007839	1	1	1	1	1	2	1	1	1
n/a	OG0007840	1	2	1	1	1	1	1	1	1
n/a	OG0007841	1	2	1	1	1	1	1	0	1
n/a	OG0007842	2	1	1	1	1	1	1	1	2
n/a	OG0007843	3	1	1	1	1	1	1	1	1
n/a	OG0007844	1	1	1	2	1	1	1	2	1
n/a	OG0007845	1	1	1	1	1	1	1	1	3
n/a	OG0007846	3	1	1	1	1	1	1	1	1
n/a	OG0007847	2	1	2	1	1	1	1	1	1
n/a	OG0007848	2	1	1	0	2	1	1	1	2
n/a	OG0007849	1	1	1	1	0	2	2	1	1
n/a	OG0007850	2	1	1	1	1	1	1	1	2
n/a	OG0007851	3	1	2	1	1	1	1	0	1
n/a	OG0007852	2	0	2	1	0	3	2	0	1
n/a	OG0007853	1	1	1	1	1	1	1	2	2
n/a	OG0007854	2	1	1	1	1	1	1	1	2
n/a	OG0007855	2	1	1	1	1	1	1	1	2
n/a	OG0007856	2	2	1	1	0	1	1	1	1
n/a	OG0007857	1	1	1	1	1	1	1	1	2
n/a	OG0007858	2	1	1	1	2	1	1	1	1
n/a	OG0007859	2	1	1	1	1	1	1	1	3
n/a	OG0007860	1	1	1	1	1	1	1	1	3
n/a	OG0007861	1	1	1	1	1	2	1	1	1
n/a	OG0007862	1	1	1	1	3	1	1	1	1
n/a	OG0007863	2	1	1	1	1	1	1	1	2
n/a	OG0007864	1	1	1	1	2	2	1	1	1
n/a	OG0007865	2	1	1	1	2	1	1	0	1
n/a	OG0007866	2	1	1	1	1	1	1	1	2
n/a	OG0007867	3	1	1	1	1	1	1	1	1
n/a	OG0007868	2	1	1	1	2	1	1	1	1
n/a	OG0007869	3	1	1	1	0	1	1	1	2
n/a	OG0007870	1	1	1	1	1	1	1	2	1
n/a	OG0007871	3	1	1	1	1	1	1	1	1
n/a	OG0007872	1	1	4	1	1	1	1	1	1
n/a	OG0007873	1	1	1	0	2	1	1	1	4
n/a	OG0007874	2	1	1	1	1	2	1	1	1
n/a	OG0007875	1	1	3	1	1	1	1	1	1
n/a	OG0007876	1	1	1	1	1	3	1	1	1
n/a	OG0007877	1	1	1	1	1	1	1	2	1
n/a	OG0007878	2	1	1	1	1	1	1	1	2
n/a	OG0007879	3	1	1	0	1	1	1	1	2
n/a	OG0007880	2	2	1	1	1	1	1	0	1
n/a	OG0007881	2	0	2	1	1	2	1	1	2
n/a	OG0007882	1	1	1	1	1	2	1	1	2
n/a	OG0007883	1	1	1	1	1	2	1	1	2
n/a	OG0007884	2	1	1	1	1	1	1	2	1
n/a	OG0007885	2	1	1	1	1	1	1	1	2
n/a	OG0007886	1	0	2	2	0	2	2	2	1
n/a	OG0007887	1	1	1	1	2	2	1	1	2
n/a	OG0007888	2	1	1	1	1	1	1	1	2
n/a	OG0007889	2	1	2	1	1	2	1	1	1
n/a	OG0007890	2	1	1	1	2	1	1	1	1
n/a	OG0007891	1	1	1	1	1	1	1	2	1
n/a	OG0007892	2	1	1	1	1	1	0	2	2
n/a	OG0007893	1	1	2	1	1	1	1	1	1
n/a	OG0007894	2	2	2	1	1	1	1	0	1
n/a	OG0007895	1	1	1	1	1	1	1	1	3
n/a	OG0007896	3	1	1	1	0	1	1	1	2
n/a	OG0007897	3	1	1	1	1	1	1	1	1
n/a	OG0007898	1	1	1	1	2	1	1	1	2
n/a	OG0007899	1	0	1	1	1	1	1	1	5
n/a	OG0007900	2	1	2	1	2	0	1	1	1
n/a	OG0007901	1	1	1	1	1	2	1	1	2
n/a	OG0007902	1	1	3	1	0	1	1	1	1
n/a	OG0007903	3	1	1	1	1	1	1	1	2
n/a	OG0007904	2	1	1	1	1	2	1	1	1
n/a	OG0007905	1	2	1	1	1	1	1	1	1
n/a	OG0007906	2	1	1	1	1	1	1	1	2
n/a	OG0007907	1	1	1	1	1	1	1	1	4
n/a	OG0007908	1	1	1	4	1	1	1	0	2
n/a	OG0007909	2	1	1	1	1	1	1	1	2
n/a	OG0007910	1	1	1	1	2	1	1	1	2
n/a	OG0007911	1	1	1	1	1	1	1	1	4
n/a	OG0007912	1	1	1	1	1	1	1	1	3
n/a	OG0007913	1	1	1	1	1	1	1	2	1
n/a	OG0007914	2	1	1	1	1	1	1	1	1
n/a	OG0007915	1	2	1	1	2	1	1	0	1
n/a	OG0007916	1	1	1	1	2	1	1	1	1
n/a	OG0007917	4	0	1	0	2	1	1	1	2
n/a	OG0007918	1	1	1	5	1	1	1	0	1
n/a	OG0007919	3	1	1	1	1	1	1	1	1
n/a	OG0007920	1	1	1	1	1	1	1	1	3
n/a	OG0007921	1	1	1	1	1	1	0	1	5
n/a	OG0007922	2	2	1	1	1	1	1	1	1
n/a	OG0007923	1	1	1	1	1	1	1	1	3
n/a	OG0007924	1	1	1	1	2	1	1	1	2
n/a	OG0007925	2	1	1	1	1	1	1	1	2
n/a	OG0007926	1	1	1	1	2	1	1	1	2
n/a	OG0007927	2	1	1	1	1	1	1	1	2
n/a	OG0007928	1	1	1	2	1	1	2	0	0
n/a	OG0007929	3	1	1	1	1	1	1	1	1
n/a	OG0007930	1	1	1	1	1	1	1	1	3
n/a	OG0007931	1	2	1	1	1	1	1	1	1
n/a	OG0007932	3	1	1	1	1	1	1	1	1
n/a	OG0007933	2	1	1	1	1	1	1	1	2
n/a	OG0007934	2	1	3	1	1	1	1	1	1
n/a	OG0007935	3	1	1	1	1	1	1	1	1
n/a	OG0007936	2	1	1	1	1	1	1	1	2
n/a	OG0007937	2	1	1	1	2	1	1	1	1
n/a	OG0007938	2	1	1	1	1	1	1	1	2
n/a	OG0007939	2	1	1	1	1	1	1	1	2
n/a	OG0007940	3	1	1	1	0	1	1	1	1
n/a	OG0007941	2	0	1	1	2	1	1	1	3
n/a	OG0007942	3	1	1	1	1	1	1	1	1
n/a	OG0007943	6	1	1	1	0	1	1	1	0
n/a	OG0007944	4	1	1	1	1	1	1	1	1
n/a	OG0007945	4	1	1	2	1	1	1	1	0
n/a	OG0007946	2	1	1	1	1	1	1	1	2
n/a	OG0007947	1	1	1	1	1	1	1	2	2
n/a	OG0007948	3	1	1	1	1	1	1	0	2
n/a	OG0007949	2	1	1	1	2	1	1	1	1
n/a	OG0007950	1	1	1	1	1	1	2	1	1
n/a	OG0007951	1	1	1	1	2	1	1	1	2
n/a	OG0007952	3	1	1	1	1	1	1	1	1
n/a	OG0007953	2	1	2	1	1	1	1	1	1
n/a	OG0007954	3	1	1	0	1	1	1	1	1
n/a	OG0007955	1	2	1	1	1	1	1	1	1
n/a	OG0007956	2	1	1	1	1	1	1	1	2
n/a	OG0007957	1	2	1	1	1	1	1	1	1
n/a	OG0007958	1	1	1	1	1	1	1	2	1
n/a	OG0007959	2	1	1	1	1	1	1	1	2
n/a	OG0007960	2	1	1	1	2	1	1	1	1
n/a	OG0007961	1	1	1	1	1	1	1	1	4
n/a	OG0007962	1	1	1	1	2	3	1	1	1
n/a	OG0007963	1	1	1	1	1	1	1	1	3
n/a	OG0007964	2	1	1	0	1	1	1	1	1
n/a	OG0007965	1	1	1	1	1	2	1	1	2
n/a	OG0007966	1	1	1	1	1	1	1	2	1
n/a	OG0007967	1	1	1	1	1	2	1	1	1
n/a	OG0007968	2	1	1	1	1	1	1	1	2
n/a	OG0007969	2	1	1	1	1	1	1	1	2
n/a	OG0007970	1	1	1	1	2	1	1	1	2
n/a	OG0007971	2	1	1	1	1	1	1	1	2
n/a	OG0007972	1	1	2	1	2	1	1	1	1
n/a	OG0007973	1	1	1	1	1	1	1	0	4
n/a	OG0007974	1	1	1	1	1	1	1	1	3
n/a	OG0007975	1	2	1	1	1	2	1	1	1
n/a	OG0007976	1	1	1	1	1	2	1	1	2
n/a	OG0007977	1	2	1	1	2	1	1	0	1
n/a	OG0007978	2	1	2	1	1	1	1	1	1
n/a	OG0007979	1	2	1	1	1	1	1	0	1
n/a	OG0007980	1	1	1	1	1	1	2	1	1
n/a	OG0007981	4	1	1	1	1	1	1	1	0
n/a	OG0007982	1	1	1	1	1	2	1	1	2
n/a	OG0007983	2	1	1	1	1	1	1	1	2
n/a	OG0007984	2	1	1	1	1	2	1	0	2
n/a	OG0007985	2	1	1	0	1	3	1	1	2
n/a	OG0007986	1	2	1	1	1	1	1	1	1
n/a	OG0007987	1	1	1	1	1	1	1	1	3
n/a	OG0007988	1	1	1	1	1	2	1	1	2
n/a	OG0007989	2	1	1	1	1	1	1	1	2
n/a	OG0007990	3	1	1	1	1	1	1	1	1
n/a	OG0007991	3	1	1	0	1	1	1	1	2
n/a	OG0007992	3	1	1	1	2	1	1	0	1
n/a	OG0007993	1	1	1	1	3	1	1	1	1
n/a	OG0007994	1	1	1	1	3	1	1	1	1
n/a	OG0007995	1	1	1	1	2	1	1	1	2
n/a	OG0007996	1	0	1	1	2	2	2	1	1
n/a	OG0007997	2	1	1	1	1	1	1	1	2
n/a	OG0007998	1	1	1	1	1	1	1	1	3
n/a	OG0007999	3	1	1	1	1	1	1	1	1
n/a	OG0008000	2	1	1	1	1	1	1	1	2
n/a	OG0008001	2	1	1	1	1	1	1	1	2
n/a	OG0008002	2	1	1	1	2	1	1	1	2
n/a	OG0008003	2	1	1	1	1	1	1	1	2
n/a	OG0008004	2	1	1	1	1	1	1	1	2
n/a	OG0008005	2	0	1	1	1	3	1	1	3
n/a	OG0008006	1	1	1	1	1	1	1	1	3
n/a	OG0008007	2	1	1	1	1	1	1	1	2
n/a	OG0008008	3	1	1	1	1	1	1	1	1
n/a	OG0008009	3	1	1	1	1	1	1	1	1
n/a	OG0008010	2	1	1	1	1	1	1	1	2
n/a	OG0008011	1	1	1	1	1	1	1	1	2
n/a	OG0008012	2	1	1	1	1	3	1	0	1
n/a	OG0008013	1	1	1	1	1	1	1	1	3
n/a	OG0008014	1	1	1	1	3	1	1	1	1
n/a	OG0008015	2	1	1	1	1	1	1	1	2
n/a	OG0008016	2	1	1	1	2	1	1	1	2
n/a	OG0008017	1	2	1	1	1	1	1	1	1
n/a	OG0008018	1	1	1	1	1	1	2	1	1
n/a	OG0008019	2	0	2	1	1	2	1	1	2
n/a	OG0008020	1	1	1	0	3	1	1	1	2
n/a	OG0008021	2	1	1	1	0	1	1	1	3
n/a	OG0008022	1	1	1	1	2	2	1	1	1
n/a	OG0008023	1	1	2	1	1	1	1	1	3
n/a	OG0008024	2	1	1	1	1	1	1	1	2
n/a	OG0008025	2	1	1	1	1	1	1	1	2
n/a	OG0008026	2	1	1	1	1	1	1	1	2
n/a	OG0008027	1	1	1	1	2	2	1	1	1
n/a	OG0008028	2	1	1	1	1	1	1	1	2
n/a	OG0008029	2	1	1	1	1	1	1	1	2
n/a	OG0008030	1	1	3	1	1	1	1	1	1
n/a	OG0008031	2	1	1	2	1	1	1	1	1
n/a	OG0008032	3	1	1	1	1	1	1	1	1
n/a	OG0008033	1	1	1	1	1	1	1	1	3
n/a	OG0008034	2	1	1	1	1	2	1	1	2
n/a	OG0008035	2	1	2	1	1	1	1	1	1
n/a	OG0008036	1	1	2	1	2	1	1	1	2
n/a	OG0008037	2	1	1	1	1	1	1	1	2
n/a	OG0008038	3	1	1	1	1	1	1	1	1
n/a	OG0008039	1	1	1	2	1	1	1	1	2
n/a	OG0008040	2	1	1	1	1	1	1	1	2
n/a	OG0008041	2	1	1	1	1	2	1	1	2
n/a	OG0008042	2	1	1	1	1	1	1	1	2
n/a	OG0008043	2	1	1	1	1	1	1	1	2
n/a	OG0008044	1	1	1	1	3	2	0	1	3
n/a	OG0008045	1	1	1	2	0	1	1	2	1
n/a	OG0008046	2	1	1	1	1	1	1	1	2
n/a	OG0008047	1	1	1	1	1	1	1	2	1
n/a	OG0008048	1	1	1	1	1	1	1	1	1
n/a	OG0008049	1	1	1	1	1	3	1	1	1
n/a	OG0008050	2	1	1	1	2	1	1	1	1
n/a	OG0008051	1	1	1	1	2	2	1	0	2
n/a	OG0008052	2	1	1	1	1	1	1	1	2
n/a	OG0008053	1	1	1	1	1	0	1	2	2
n/a	OG0008054	2	1	1	1	1	3	1	1	1
n/a	OG0008055	1	1	1	1	1	1	1	1	3
n/a	OG0008056	2	1	1	2	0	1	1	1	3
n/a	OG0008057	2	1	1	1	1	1	1	1	2
n/a	OG0008058	1	2	1	1	1	1	1	1	1
n/a	OG0008059	2	1	1	1	1	2	1	1	1
n/a	OG0008060	2	1	2	1	1	1	1	1	1
n/a	OG0008061	2	1	2	1	1	1	1	1	1
n/a	OG0008062	2	1	1	1	1	1	1	1	1
n/a	OG0008063	1	2	1	1	1	1	1	1	1
n/a	OG0008064	2	1	1	1	2	1	1	1	1
n/a	OG0008065	1	1	1	1	1	2	1	1	1
n/a	OG0008066	3	1	1	1	1	1	1	1	1
n/a	OG0008067	2	1	1	1	1	1	1	1	2
n/a	OG0008068	1	1	1	1	1	4	1	1	1
n/a	OG0008069	3	1	1	1	1	1	1	1	1
n/a	OG0008070	1	1	1	1	1	1	1	1	2
n/a	OG0008071	1	1	3	1	1	1	1	1	1
n/a	OG0008072	1	1	1	1	0	1	1	1	3
n/a	OG0008073	1	1	1	1	1	1	1	2	3
n/a	OG0008074	2	1	1	1	1	1	1	1	1
n/a	OG0008075	1	1	1	1	3	1	1	1	1
n/a	OG0008076	1	1	1	1	1	2	1	1	2
n/a	OG0008077	1	1	2	1	1	1	1	1	1
n/a	OG0008078	1	1	1	1	1	1	1	2	1
n/a	OG0008079	1	1	3	1	1	1	1	1	1
n/a	OG0008080	1	1	2	1	0	2	1	1	2
n/a	OG0008081	1	1	1	1	1	1	1	1	3
n/a	OG0008082	1	1	2	1	1	1	1	1	2
n/a	OG0008083	3	1	1	1	1	1	1	1	1
n/a	OG0008084	2	1	1	1	2	2	1	0	1
n/a	OG0008085	1	1	1	1	2	2	1	1	1
n/a	OG0008086	2	1	2	1	0	1	1	1	1
n/a	OG0008087	2	1	1	1	1	2	1	1	2
n/a	OG0008088	1	1	1	2	0	1	2	1	1
n/a	OG0008089	2	1	1	1	1	1	1	1	2
n/a	OG0008090	1	1	1	1	1	1	1	2	1
n/a	OG0008091	2	1	1	1	0	2	1	1	2
n/a	OG0008092	1	1	1	1	1	1	1	2	1
n/a	OG0008093	1	1	1	1	2	1	1	1	2
n/a	OG0008094	1	1	3	2	1	1	1	0	2
n/a	OG0008095	2	1	1	1	0	1	1	1	3
n/a	OG0008096	1	1	1	1	1	1	1	1	3
n/a	OG0008097	1	0	2	1	2	2	1	1	3
n/a	OG0008098	2	1	1	1	1	1	1	1	2
n/a	OG0008099	2	1	1	1	1	1	1	1	2
n/a	OG0008100	2	1	1	1	1	1	1	1	2
n/a	OG0008101	4	1	1	1	1	1	0	1	3
n/a	OG0008102	1	1	1	1	2	1	1	1	2
n/a	OG0008103	2	1	1	1	1	1	1	1	2
n/a	OG0008104	1	1	3	1	1	1	1	1	1
n/a	OG0008105	3	1	1	1	1	1	1	1	1
n/a	OG0008106	2	1	1	1	1	1	1	1	2
n/a	OG0008107	1	1	1	1	3	1	1	1	1
n/a	OG0008108	2	1	1	1	1	1	1	1	2
n/a	OG0008109	1	1	1	1	2	1	1	1	2
n/a	OG0008110	2	1	1	1	1	1	1	1	2
n/a	OG0008111	1	1	1	1	1	1	2	2	0
n/a	OG0008112	1	1	1	1	1	1	1	1	4
n/a	OG0008113	2	1	1	2	1	1	1	0	2
n/a	OG0008114	2	1	1	1	2	1	1	1	2
n/a	OG0008115	2	1	1	1	1	1	1	1	2
n/a	OG0008116	1	1	1	1	1	1	1	1	3
n/a	OG0008117	3	1	1	1	1	1	1	1	1
n/a	OG0008118	2	1	1	1	1	1	1	1	2
n/a	OG0008119	1	1	1	1	1	1	1	1	3
n/a	OG0008120	1	1	1	1	0	2	1	2	1
n/a	OG0008121	2	1	1	1	2	1	1	1	1
n/a	OG0008122	1	1	3	1	1	1	1	1	1
n/a	OG0008123	2	1	1	1	1	1	1	1	2
n/a	OG0008124	1	1	1	1	1	2	1	1	2
n/a	OG0008125	1	1	1	1	3	1	1	1	1
n/a	OG0008126	2	1	1	1	1	1	1	1	2
n/a	OG0008127	1	2	2	1	1	1	1	1	1
n/a	OG0008128	2	1	1	1	1	1	1	1	2
n/a	OG0008129	1	2	1	0	1	1	1	1	1
n/a	OG0008130	1	1	1	2	1	1	1	0	3
n/a	OG0008131	1	1	1	1	1	1	1	2	1
n/a	OG0008132	1	2	2	1	2	1	1	0	1
n/a	OG0008133	2	2	1	1	1	1	1	1	1
n/a	OG0008134	1	1	1	1	2	1	1	1	2
n/a	OG0008135	1	1	1	1	1	2	1	1	2
n/a	OG0008136	2	1	1	1	1	2	1	1	2
n/a	OG0008137	1	1	1	1	1	1	1	1	3
n/a	OG0008138	1	1	1	1	1	1	1	2	1
n/a	OG0008139	2	1	1	1	1	1	1	1	2
n/a	OG0008140	2	1	1	1	2	2	1	1	1
n/a	OG0008141	1	1	1	1	0	1	1	1	3
n/a	OG0008142	1	1	1	1	2	1	1	1	2
n/a	OG0008143	1	1	1	1	2	1	1	1	2
n/a	OG0008144	1	2	1	1	1	1	1	1	1
n/a	OG0008145	3	1	1	1	1	1	1	1	2
n/a	OG0008146	2	1	1	1	1	1	1	1	2
n/a	OG0008147	1	1	1	1	0	2	1	1	3
n/a	OG0008148	1	0	1	1	5	2	1	2	1
n/a	OG0008149	2	0	1	1	2	2	1	1	3
n/a	OG0008150	1	1	1	0	2	2	1	1	1
n/a	OG0008151	2	2	1	1	1	1	1	1	0
n/a	OG0008152	3	1	1	1	1	1	1	1	1
n/a	OG0008153	1	1	1	1	1	1	1	1	3
n/a	OG0008154	2	1	1	1	1	1	1	1	2
n/a	OG0008155	3	1	1	1	1	1	1	1	2
n/a	OG0008156	2	1	1	1	1	1	1	1	2
n/a	OG0008157	1	1	1	1	1	1	1	1	3
n/a	OG0008158	1	1	2	1	1	1	1	1	2
n/a	OG0008159	1	1	1	1	2	1	1	1	1
n/a	OG0008160	1	1	1	1	1	1	1	1	2
n/a	OG0008161	1	1	1	1	2	2	1	1	1
n/a	OG0008162	1	2	1	1	1	1	1	0	2
n/a	OG0008163	1	1	1	1	1	1	1	2	1
n/a	OG0008164	2	1	1	1	1	1	1	1	1
n/a	OG0008165	1	2	1	1	1	1	1	1	1
n/a	OG0008166	1	1	1	1	1	2	1	1	2
n/a	OG0008167	1	1	1	1	1	1	1	1	3
n/a	OG0008168	2	1	3	1	1	1	1	1	1
n/a	OG0008169	2	1	1	1	1	1	1	1	2
n/a	OG0008170	2	1	1	1	1	1	1	1	2
n/a	OG0008171	1	1	1	1	0	2	1	1	3
n/a	OG0008172	4	1	1	1	0	1	1	1	1
n/a	OG0008173	1	1	1	1	0	1	1	1	5
n/a	OG0008174	1	2	1	1	1	1	1	1	1
n/a	OG0008175	1	1	1	1	1	1	2	1	1
n/a	OG0008176	1	1	1	1	1	1	1	1	2
n/a	OG0008177	2	1	1	1	1	1	1	1	2
n/a	OG0008178	2	1	1	1	1	1	1	1	1
n/a	OG0008179	1	1	1	1	1	1	1	1	3
n/a	OG0008180	1	1	1	1	1	2	2	0	1
n/a	OG0008181	1	1	1	2	0	1	2	2	1
n/a	OG0008182	1	1	1	1	2	2	1	1	1
n/a	OG0008183	1	1	1	1	1	1	0	1	5
n/a	OG0008184	1	1	1	1	1	1	1	2	1
n/a	OG0008185	1	1	1	1	1	3	1	1	1
n/a	OG0008186	1	1	1	1	2	1	1	1	1
n/a	OG0008187	2	1	2	1	1	1	1	1	2
n/a	OG0008188	1	1	1	1	3	1	1	1	1
n/a	OG0008189	2	1	1	1	1	1	1	1	2
n/a	OG0008190	1	1	1	1	2	1	1	1	2
n/a	OG0008191	2	1	1	1	2	1	1	1	1
n/a	OG0008192	1	1	2	1	1	1	1	1	2
n/a	OG0008193	2	1	1	1	1	1	1	0	3
n/a	OG0008194	3	1	1	1	1	1	1	2	1
n/a	OG0008195	2	1	2	1	1	1	1	1	1
n/a	OG0008196	2	1	1	1	1	1	1	1	2
n/a	OG0008197	2	1	1	0	2	1	1	1	2
n/a	OG0008198	1	1	2	1	1	2	1	1	1
n/a	OG0008199	2	1	1	1	0	1	2	0	1
n/a	OG0008200	2	1	1	1	1	1	1	1	2
n/a	OG0008201	2	1	1	0	2	1	1	1	2
n/a	OG0008202	2	1	1	1	1	1	1	1	2
n/a	OG0008203	1	1	2	1	1	1	1	1	2
n/a	OG0008204	1	1	2	1	1	2	1	1	1
n/a	OG0008205	1	1	1	1	1	1	1	1	3
n/a	OG0008206	1	1	1	1	1	1	1	2	1
n/a	OG0008207	1	1	1	1	1	1	1	1	3
n/a	OG0008208	1	2	1	1	1	1	1	1	2
n/a	OG0008209	1	1	1	1	2	1	1	1	2
n/a	OG0008210	1	1	2	1	0	1	2	1	1
n/a	OG0008211	1	1	2	1	1	1	1	1	2
n/a	OG0008212	1	1	2	1	2	2	1	0	2
n/a	OG0008213	1	1	1	1	1	2	1	1	1
n/a	OG0008214	1	1	1	1	2	1	1	1	3
n/a	OG0008215	1	1	1	1	1	2	1	1	2
n/a	OG0008216	1	1	1	1	0	1	2	1	1
n/a	OG0008217	1	1	1	1	1	1	1	1	4
n/a	OG0008218	1	1	1	2	1	1	1	0	3
n/a	OG0008219	1	2	1	1	1	1	1	1	1
n/a	OG0008220	1	1	1	1	1	1	1	1	3
n/a	OG0008221	1	1	1	3	0	1	1	1	2
n/a	OG0008222	1	1	1	1	1	1	1	1	2
n/a	OG0008223	2	2	1	1	1	1	1	0	1
n/a	OG0008224	1	2	1	1	1	1	1	0	1
n/a	OG0008225	1	1	1	1	1	1	1	1	3
n/a	OG0008226	1	1	2	1	1	2	1	1	1
n/a	OG0008227	1	1	2	1	1	1	2	1	1
n/a	OG0008228	2	1	1	1	1	1	1	1	2
n/a	OG0008229	1	2	1	1	1	1	1	1	1
n/a	OG0008230	1	1	1	1	0	1	1	1	5
n/a	OG0008231	1	1	1	3	1	1	1	1	1
n/a	OG0008232	1	1	1	1	3	1	1	1	1
n/a	OG0008233	2	1	1	1	2	1	1	1	2
n/a	OG0008234	1	1	1	1	2	2	1	1	1
n/a	OG0008235	1	1	1	1	1	1	1	2	2
n/a	OG0008236	1	1	1	1	1	1	1	1	3
n/a	OG0008237	1	2	1	1	1	1	1	1	1
n/a	OG0008238	3	1	1	1	1	1	1	0	1
n/a	OG0008239	1	1	1	1	1	1	1	2	1
n/a	OG0008240	1	1	3	1	1	1	1	1	1
n/a	OG0008241	1	1	2	1	1	2	1	0	2
n/a	OG0008242	1	1	1	1	1	1	2	1	1
n/a	OG0008243	2	1	1	1	1	2	1	1	1
n/a	OG0008244	1	1	2	1	1	1	1	1	2
n/a	OG0008245	1	1	1	1	2	1	1	1	1
n/a	OG0008246	1	1	1	1	1	3	1	0	1
n/a	OG0008247	1	1	2	1	1	1	1	1	2
n/a	OG0008248	1	1	1	1	1	1	1	2	1
n/a	OG0008249	1	1	1	1	1	4	1	0	2
n/a	OG0008250	1	1	1	1	1	1	0	1	5
n/a	OG0008251	1	2	1	1	1	1	1	1	1
n/a	OG0008252	1	1	1	1	1	1	1	2	1
n/a	OG0008253	2	1	1	1	1	1	1	1	2
n/a	OG0008254	3	1	1	1	1	2	1	1	1
n/a	OG0008255	2	1	1	1	1	1	1	1	1
n/a	OG0008256	1	1	1	1	1	2	1	1	2
n/a	OG0008257	2	1	1	1	1	1	1	1	2
n/a	OG0008258	1	1	2	1	1	1	1	1	2
n/a	OG0008259	1	1	1	1	1	1	1	1	3
n/a	OG0008260	1	1	2	1	1	1	1	1	2
n/a	OG0008261	1	1	1	2	1	1	1	1	1
n/a	OG0008262	2	1	2	0	1	2	1	0	1
n/a	OG0008263	4	1	1	1	0	1	1	0	2
n/a	OG0008264	1	1	1	1	1	1	1	1	2
n/a	OG0008265	2	1	2	1	1	1	1	1	1
n/a	OG0008266	2	1	1	1	1	1	1	1	2
n/a	OG0008267	1	1	2	1	1	1	1	1	2
n/a	OG0008268	1	1	1	1	2	2	1	1	1
n/a	OG0008269	1	1	1	1	1	1	1	2	1
n/a	OG0008270	2	1	2	1	0	1	1	1	2
n/a	OG0008271	1	1	1	1	1	1	2	1	1
n/a	OG0008272	1	1	1	1	1	1	1	1	3
n/a	OG0008273	1	1	1	1	2	1	1	1	2
n/a	OG0008274	1	1	1	1	1	3	1	1	1
n/a	OG0008275	1	1	2	1	1	1	1	1	2
n/a	OG0008276	1	1	1	1	2	1	1	1	2
n/a	OG0008277	1	1	1	1	0	1	1	1	4
n/a	OG0008278	1	1	1	1	1	1	1	1	2
n/a	OG0008279	1	1	1	1	1	2	1	1	2
n/a	OG0008280	1	1	1	1	0	2	1	1	4
n/a	OG0008281	1	2	1	1	0	1	1	1	1
n/a	OG0008282	1	1	1	1	1	2	1	1	2
n/a	OG0008283	1	1	1	1	2	2	1	1	2
n/a	OG0008284	2	1	1	1	1	1	1	1	1
n/a	OG0008285	1	1	1	1	2	1	1	1	2
n/a	OG0008286	1	1	1	2	2	1	1	1	1
n/a	OG0008287	1	1	1	1	1	1	1	2	1
n/a	OG0008288	1	1	1	1	2	2	1	1	1
n/a	OG0008289	1	1	1	1	3	1	1	1	1
n/a	OG0008290	1	1	2	1	1	1	1	1	1
n/a	OG0008291	1	2	1	1	1	1	1	0	1
n/a	OG0008292	1	1	2	1	2	1	1	1	1
n/a	OG0008293	1	1	2	2	1	1	1	1	2
n/a	OG0008294	1	1	1	1	1	3	1	1	1
n/a	OG0008295	1	1	1	1	1	1	1	1	3
n/a	OG0008296	1	1	2	1	2	1	1	1	1
n/a	OG0008297	1	1	1	1	1	1	1	1	3
n/a	OG0008298	1	1	1	1	1	1	1	1	2
n/a	OG0008299	1	0	1	2	1	1	1	2	1
n/a	OG0008300	1	1	1	1	1	2	1	1	2
n/a	OG0008301	1	1	1	1	1	1	2	1	1
n/a	OG0008302	1	2	1	1	1	1	1	1	1
n/a	OG0008303	1	2	1	1	1	1	0	1	1
n/a	OG0008304	1	1	1	1	0	2	1	1	3
n/a	OG0008305	1	1	1	1	1	1	1	0	4
n/a	OG0008306	2	1	1	1	1	1	1	1	3
n/a	OG0008307	1	1	2	1	1	1	1	1	2
n/a	OG0008308	1	1	1	1	1	1	1	1	1
n/a	OG0008309	1	1	2	1	2	2	0	1	2
n/a	OG0008310	2	1	1	1	2	1	1	1	1
n/a	OG0008311	1	1	1	2	1	1	1	1	1
n/a	OG0008312	1	1	1	1	1	1	1	1	3
n/a	OG0008313	1	1	1	1	0	3	1	1	2
n/a	OG0008314	1	1	1	3	1	1	1	1	1
n/a	OG0008315	1	1	1	1	1	1	1	1	3
n/a	OG0008316	1	1	3	1	1	1	1	1	1
n/a	OG0008317	1	2	1	1	1	1	1	0	2
n/a	OG0008318	1	1	1	2	2	1	1	1	1
n/a	OG0008319	2	1	1	1	0	1	1	2	1
n/a	OG0008320	1	1	1	1	2	1	1	1	2
n/a	OG0008321	1	1	1	1	1	1	1	1	4
n/a	OG0008322	1	1	1	3	1	1	1	1	1
n/a	OG0008323	1	1	1	1	1	1	1	2	1
n/a	OG0008324	1	1	1	1	1	1	1	2	1
n/a	OG0008325	1	1	1	3	1	1	1	1	1
n/a	OG0008326	1	1	1	1	2	1	1	1	2
n/a	OG0008327	1	1	1	1	1	1	1	2	1
n/a	OG0008328	2	1	2	1	1	1	1	1	1
n/a	OG0008329	1	1	3	1	1	1	1	1	1
n/a	OG0008330	1	1	1	1	1	1	1	1	2
n/a	OG0008331	1	2	1	1	1	1	1	1	1
n/a	OG0008332	1	1	2	1	0	2	1	1	2
n/a	OG0008333	1	1	1	1	1	1	1	2	2
n/a	OG0008334	1	1	1	1	1	3	1	0	3
n/a	OG0008335	1	1	1	1	1	3	1	1	1
n/a	OG0008336	2	1	1	1	1	1	1	1	2
n/a	OG0008337	1	1	1	1	1	3	1	1	1
n/a	OG0008338	1	1	1	1	0	1	2	2	1
n/a	OG0008339	1	1	1	1	1	2	1	1	2
n/a	OG0008340	1	1	1	1	1	2	1	2	1
n/a	OG0008341	1	1	1	1	2	1	1	1	2
n/a	OG0008342	1	1	1	1	1	2	1	1	2
n/a	OG0008343	1	1	1	1	1	2	1	1	2
n/a	OG0008344	1	1	1	1	1	2	1	1	1
n/a	OG0008345	1	2	1	1	1	1	1	1	1
n/a	OG0008346	1	2	1	1	1	1	1	0	2
n/a	OG0008347	1	1	1	1	1	1	1	1	3
n/a	OG0008348	1	1	1	1	2	1	1	1	1
n/a	OG0008349	1	1	1	1	1	1	1	1	3
n/a	OG0008350	1	1	1	1	1	2	1	1	1
n/a	OG0008351	1	1	1	0	1	1	1	1	4
n/a	OG0008352	1	1	1	1	1	1	1	1	3
n/a	OG0008353	1	1	1	1	1	2	1	2	1
n/a	OG0008354	1	1	1	1	1	2	1	1	2
n/a	OG0008355	1	1	1	1	1	2	1	1	1
n/a	OG0008356	1	1	1	1	1	1	1	1	3
n/a	OG0008357	0	1	2	1	1	2	1	1	2
n/a	OG0008358	0	1	1	3	1	1	2	1	0
n/a	OG0008359	0	1	1	0	0	1	2	2	1
n/a	OG0008360	0	2	1	1	0	1	1	2	1
n/a	OG0008361	0	0	0	0	0	0	5	0	0
n/a	OG0008362	0	2	1	1	1	2	1	1	1
n/a	OG0008363	0	1	1	1	2	2	0	0	6
n/a	OG0008364	0	1	1	1	2	2	1	1	2
n/a	OG0008365	0	2	2	0	1	2	1	1	0
n/a	OG0008367	0	1	1	1	0	1	2	2	2
n/a	OG0008368	0	1	1	1	2	2	1	1	2
n/a	OG0008369	0	1	1	1	1	1	1	1	5
n/a	OG0008370	0	3	1	0	0	0	2	1	0
n/a	OG0008371	0	2	0	1	0	0	2	2	0
n/a	OG0008372	0	2	1	1	3	1	1	1	1
n/a	OG0008373	0	0	2	0	0	0	4	0	0
n/a	OG0008375	0	2	0	0	2	2	1	1	1
n/a	OG0008376	0	0	2	0	3	2	2	1	1
n/a	OG0008379	0	2	1	1	0	1	1	2	0
n/a	OG0008380	0	1	1	1	1	2	1	1	2
n/a	OG0008381	0	2	1	1	2	2	1	0	2
n/a	OG0008382	0	3	1	0	4	0	1	0	0
n/a	OG0008383	0	2	1	1	1	1	1	1	1
n/a	OG0008385	0	2	2	1	2	1	1	0	1
n/a	OG0008386	0	4	1	0	0	0	0	1	0
n/a	OG0008387	0	1	0	2	0	0	2	2	0
n/a	OG0008388	0	2	1	1	0	1	1	1	2
n/a	OG0008389	0	3	0	0	0	1	2	0	0
n/a	OG0008390	0	1	1	1	2	1	1	1	3
n/a	OG0008391	0	1	1	1	4	2	1	0	1
n/a	OG0008392	0	1	2	2	0	0	2	2	0
n/a	OG0008393	0	1	0	1	0	1	2	2	1
n/a	OG0008394	0	1	1	1	0	0	2	2	0
n/a	OG0008395	0	2	3	2	0	0	1	0	0
n/a	OG0008396	0	3	1	1	0	2	0	0	1
n/a	OG0008397	0	1	1	1	1	1	1	2	2
n/a	OG0008398	0	1	1	1	0	1	1	1	5
n/a	OG0008399	0	2	1	1	0	1	1	0	3
n/a	OG0008400	0	2	1	2	1	1	1	1	1
n/a	OG0008401	0	1	1	2	0	1	2	2	1
n/a	OG0008402	0	1	0	1	2	0	2	2	0
n/a	OG0008403	0	2	1	1	0	1	1	1	2
n/a	OG0008404	0	1	2	1	0	1	2	2	0
n/a	OG0008405	0	2	1	1	1	1	1	1	2
n/a	OG0008406	0	2	1	1	1	1	1	1	2
n/a	OG0008407	0	1	2	1	1	1	1	1	1
n/a	OG0008408	0	1	1	1	1	3	1	1	2
n/a	OG0008409	0	1	1	1	1	1	1	1	5
n/a	OG0008410	0	1	1	2	1	1	2	2	0
n/a	OG0008411	0	1	2	1	1	2	1	1	2
n/a	OG0008412	0	1	1	1	1	1	1	1	4
n/a	OG0008413	0	1	1	1	1	1	2	1	2
n/a	OG0008414	0	1	3	1	0	1	2	0	2
n/a	OG0008415	0	2	1	1	1	1	1	1	1
n/a	OG0008416	0	1	2	3	0	1	2	1	0
n/a	OG0008417	0	1	2	2	0	0	2	2	0
n/a	OG0008418	0	1	3	1	0	0	3	0	0
n/a	OG0008419	0	2	2	0	1	2	1	0	3
n/a	OG0008420	0	2	1	1	1	1	1	1	2
n/a	OG0008421	0	2	1	1	1	1	2	1	0
n/a	OG0008422	0	1	1	1	1	1	2	1	0
n/a	OG0008423	0	2	1	0	1	1	2	0	1
n/a	OG0008424	0	1	1	1	2	1	1	2	1
n/a	OG0008425	0	1	2	1	1	1	1	1	3
n/a	OG0008426	0	1	0	0	5	4	0	0	5
n/a	OG0008428	0	1	1	1	3	2	1	1	1
n/a	OG0008429	0	1	0	0	8	1	1	0	0
n/a	OG0008430	0	1	8	2	0	0	1	1	0
n/a	OG0008431	0	2	3	3	0	0	1	0	0
n/a	OG0008432	0	1	1	0	3	1	1	1	3
n/a	OG0008433	0	1	1	1	2	2	1	1	2
n/a	OG0008434	0	0	5	0	0	0	3	1	0
n/a	OG0008435	0	1	1	0	2	1	2	2	1
n/a	OG0008436	0	1	1	0	1	1	2	1	2
n/a	OG0008437	0	4	0	1	1	0	1	0	0
n/a	OG0008438	0	1	0	0	0	6	1	2	1
n/a	OG0008439	0	2	1	0	2	1	1	0	2
n/a	OG0008440	0	1	1	1	1	3	1	1	2
n/a	OG0008441	0	1	1	1	2	1	1	1	3
n/a	OG0008442	0	1	1	1	1	2	1	1	3
n/a	OG0008443	0	2	1	1	2	1	1	1	1
n/a	OG0008444	0	2	1	1	2	1	1	1	1
n/a	OG0008445	0	1	1	0	2	2	1	0	4
n/a	OG0008446	0	1	1	1	2	2	1	1	2
n/a	OG0008447	0	3	0	1	0	0	1	1	0
n/a	OG0008448	0	2	1	1	1	1	1	1	2
n/a	OG0008449	0	1	1	1	1	2	2	0	3
n/a	OG0008450	0	1	8	0	1	0	0	2	0
n/a	OG0008451	0	2	1	2	1	1	1	1	1
n/a	OG0008452	0	0	0	0	0	0	0	8	0
n/a	OG0008453	0	3	1	1	1	1	1	0	0
n/a	OG0008454	0	3	0	1	2	0	1	0	0
n/a	OG0008455	0	2	1	1	1	1	1	1	2
n/a	OG0008456	0	1	1	1	1	3	1	1	2
n/a	OG0008457	0	1	1	1	2	1	1	1	3
n/a	OG0008458	0	1	1	1	1	2	1	1	3
n/a	OG0008459	0	1	1	1	1	1	2	1	0
n/a	OG0008460	0	1	1	1	2	1	1	1	4
n/a	OG0008461	0	1	1	1	1	2	1	1	3
n/a	OG0008462	0	2	1	1	2	1	1	1	1
n/a	OG0008463	0	1	2	1	1	2	1	1	2
n/a	OG0008464	0	1	0	1	0	0	2	3	0
n/a	OG0008465	0	1	1	1	1	0	2	2	0
n/a	OG0008466	0	1	1	1	1	1	1	2	1
n/a	OG0008467	0	2	0	0	0	0	2	2	0
n/a	OG0008468	0	1	1	0	1	2	1	1	4
n/a	OG0008469	0	1	1	1	0	1	1	2	0
n/a	OG0008470	0	2	1	2	0	0	2	0	0
n/a	OG0008471	0	2	2	0	1	3	1	1	0
n/a	OG0008472	0	3	0	1	1	0	1	0	0
n/a	OG0008473	0	3	1	1	1	1	1	0	1
n/a	OG0008474	0	1	0	1	2	1	1	1	4
n/a	OG0008475	0	1	1	1	2	1	1	2	1
n/a	OG0008476	0	1	1	0	1	1	2	1	2
n/a	OG0008477	0	0	1	1	1	0	2	2	0
n/a	OG0008478	0	1	1	2	1	1	1	1	2
n/a	OG0008479	0	1	1	1	1	2	1	1	3
n/a	OG0008480	0	1	0	2	1	1	2	2	1
n/a	OG0008481	0	2	1	1	1	1	1	1	2
n/a	OG0008482	0	1	1	1	1	1	2	2	1
n/a	OG0008483	0	1	1	1	1	2	1	2	1
n/a	OG0008484	0	1	1	1	1	1	1	1	4
n/a	OG0008485	0	2	1	1	3	0	1	1	0
n/a	OG0008486	0	1	1	1	1	3	1	1	3
n/a	OG0008487	0	2	1	1	1	2	1	1	1
n/a	OG0008488	0	1	1	1	1	1	1	1	4
n/a	OG0008489	0	0	0	0	0	0	3	4	0
n/a	OG0008490	0	1	2	1	1	1	2	0	2
n/a	OG0008491	0	2	1	0	2	2	1	0	2
n/a	OG0008492	0	1	1	1	1	1	1	2	1
n/a	OG0008493	0	0	1	2	1	0	2	3	0
n/a	OG0008494	0	1	1	3	1	2	1	0	2
n/a	OG0008495	0	1	1	1	3	1	1	0	2
n/a	OG0008496	0	1	1	1	1	1	1	2	2
n/a	OG0008497	0	1	2	1	2	1	1	1	2
n/a	OG0008498	0	3	1	1	1	1	1	0	0
n/a	OG0008499	0	1	1	1	1	1	1	1	4
n/a	OG0008500	0	1	1	1	1	1	2	2	1
n/a	OG0008501	0	1	1	1	1	1	2	2	1
n/a	OG0008502	0	1	1	4	0	0	3	0	0
n/a	OG0008503	0	1	2	0	4	5	0	0	2
n/a	OG0008504	0	1	0	1	1	0	2	2	0
n/a	OG0008505	0	1	2	0	0	0	3	0	0
n/a	OG0008506	0	1	1	1	1	2	2	2	1
n/a	OG0008507	0	1	1	5	1	1	1	1	1
n/a	OG0008508	0	0	0	1	0	0	3	3	0
n/a	OG0008510	0	0	1	1	1	1	1	1	7
n/a	OG0008511	0	0	2	3	1	1	2	2	0
n/a	OG0008512	0	0	1	2	1	1	2	2	2
n/a	OG0008513	0	0	3	1	0	1	2	2	1
n/a	OG0008515	0	0	0	2	1	0	3	2	0
n/a	OG0008516	0	0	0	2	1	1	2	2	0
n/a	OG0008517	0	0	0	3	0	0	2	3	0
n/a	OG0008519	0	0	0	0	14	1	0	0	0
n/a	OG0008520	0	0	0	0	10	1	1	0	1
n/a	OG0008521	0	0	0	0	3	1	3	2	0
n/a	OG0008522	0	0	0	0	0	0	4	2	0
n/a	OG0008523	1	1	1	1	1	2	1	1	1
n/a	OG0008524	0	0	0	2	0	0	2	4	0
n/a	OG0008525	0	2	1	2	0	0	2	0	0
n/a	OG0008526	2	1	1	1	1	1	1	1	2
n/a	OG0008527	0	2	4	1	0	0	1	1	0
n/a	OG0008528	1	1	1	1	1	1	1	1	2
n/a	OG0008529	4	0	2	2	3	1	0	0	1
n/a	OG0008530	1	1	1	1	1	1	1	1	2
n/a	OG0008531	1	1	1	1	1	1	1	1	2
n/a	OG0008532	2	1	1	1	1	1	1	1	1
n/a	OG0008533	2	1	1	1	1	1	1	1	1
n/a	OG0008534	1	1	1	1	1	1	1	1	2
n/a	OG0008535	1	1	1	1	1	1	1	1	2
n/a	OG0008536	1	1	1	1	1	1	1	1	2
n/a	OG0008537	1	1	1	1	1	1	1	1	2
n/a	OG0008538	1	1	1	1	1	2	1	1	1
n/a	OG0008539	1	1	1	1	1	1	1	1	2
n/a	OG0008540	2	1	1	1	1	1	1	1	1
n/a	OG0008541	1	1	1	1	1	2	1	1	1
n/a	OG0008542	4	1	1	1	1	0	1	0	1
n/a	OG0008543	2	1	1	1	1	1	1	0	2
n/a	OG0008544	2	1	1	1	1	1	1	1	1
n/a	OG0008545	2	1	2	1	1	1	1	1	1
n/a	OG0008546	0	1	1	1	2	1	1	1	1
n/a	OG0008547	2	1	1	1	1	1	1	1	1
n/a	OG0008548	1	1	1	1	1	1	1	1	2
n/a	OG0008549	2	1	1	1	0	3	1	1	1
n/a	OG0008550	2	1	1	1	0	2	1	0	1
n/a	OG0008551	2	1	1	1	1	1	1	0	2
n/a	OG0008552	1	1	2	0	0	0	2	2	0
n/a	OG0008553	3	1	0	1	1	1	1	1	1
n/a	OG0008554	1	1	3	1	1	1	1	0	2
n/a	OG0008555	1	1	1	1	1	1	1	1	2
n/a	OG0008556	1	2	1	1	1	0	1	1	0
n/a	OG0008557	1	0	2	2	0	1	1	2	2
n/a	OG0008558	1	1	1	1	1	1	1	1	2
n/a	OG0008559	1	1	1	1	1	2	1	1	1
n/a	OG0008560	1	1	2	1	1	1	1	1	1
n/a	OG0008561	2	1	1	1	1	1	1	1	1
n/a	OG0008562	3	1	1	1	1	1	0	1	2
n/a	OG0008563	1	1	1	1	1	2	1	1	2
n/a	OG0008564	1	1	1	1	1	1	1	2	1
n/a	OG0008565	2	1	1	1	1	1	1	1	1
n/a	OG0008566	2	1	1	1	1	1	1	1	1
n/a	OG0008567	3	1	1	1	1	1	1	1	1
n/a	OG0008568	1	1	1	1	1	1	1	1	2
n/a	OG0008569	1	1	1	1	0	1	1	1	3
n/a	OG0008570	2	1	1	1	1	1	1	1	1
n/a	OG0008571	1	1	1	1	1	1	1	1	2
n/a	OG0008572	1	1	2	1	0	1	1	0	2
n/a	OG0008573	1	1	1	1	2	1	1	1	1
n/a	OG0008574	1	1	1	1	1	1	1	1	2
n/a	OG0008575	2	1	1	1	1	1	1	1	1
n/a	OG0008576	2	1	1	1	1	1	1	1	1
n/a	OG0008577	2	0	1	1	1	2	1	1	2
n/a	OG0008578	2	1	1	1	1	1	1	1	1
n/a	OG0008579	1	1	1	1	1	1	1	1	2
n/a	OG0008580	2	1	1	1	1	1	1	1	1
n/a	OG0008581	2	1	1	1	1	1	1	1	1
n/a	OG0008582	1	1	1	1	1	1	1	1	2
n/a	OG0008583	1	1	1	1	2	1	1	1	1
n/a	OG0008584	2	1	1	1	1	1	1	1	1
n/a	OG0008585	3	1	1	1	1	0	1	1	1
n/a	OG0008586	1	1	1	1	1	1	1	2	1
n/a	OG0008587	1	0	2	0	1	1	2	2	0
n/a	OG0008588	3	1	1	1	1	1	1	0	1
n/a	OG0008589	2	1	1	1	1	1	1	0	2
n/a	OG0008590	1	1	1	1	1	1	1	1	2
n/a	OG0008591	2	1	1	1	1	1	1	1	1
n/a	OG0008592	1	1	3	0	0	0	1	0	5
n/a	OG0008593	1	1	2	1	1	1	1	1	1
n/a	OG0008594	1	1	1	1	1	1	1	1	2
n/a	OG0008595	1	0	2	1	1	2	1	1	3
n/a	OG0008596	2	1	1	1	1	1	1	1	1
n/a	OG0008597	2	1	1	1	1	1	1	1	1
n/a	OG0008598	1	1	2	1	0	2	1	1	2
n/a	OG0008599	1	1	1	1	1	1	1	2	0
n/a	OG0008600	2	1	1	1	1	2	1	1	2
n/a	OG0008601	10	0	0	0	5	0	0	0	0
n/a	OG0008602	2	1	1	1	1	1	1	1	1
n/a	OG0008603	3	1	1	1	1	1	1	0	1
n/a	OG0008604	1	1	1	1	1	1	1	1	2
n/a	OG0008605	2	1	1	1	1	1	1	1	2
n/a	OG0008606	2	1	1	1	1	1	1	1	1
n/a	OG0008607	3	1	1	1	0	1	1	1	1
n/a	OG0008608	1	1	1	0	2	2	1	0	3
n/a	OG0008609	1	1	1	1	2	1	1	1	1
n/a	OG0008610	1	1	1	1	1	1	1	1	2
n/a	OG0008611	1	1	1	1	1	1	1	1	2
n/a	OG0008612	2	1	1	1	1	1	1	1	1
n/a	OG0008613	1	1	1	1	1	1	1	1	3
n/a	OG0008614	1	1	1	1	1	1	1	1	2
n/a	OG0008615	2	1	1	1	1	1	1	1	1
n/a	OG0008616	1	1	1	1	1	1	1	1	2
n/a	OG0008617	3	1	1	1	1	2	1	0	0
n/a	OG0008618	1	1	1	1	0	1	1	1	3
n/a	OG0008619	3	1	1	1	1	2	1	0	1
n/a	OG0008620	1	1	1	1	1	1	1	1	2
n/a	OG0008621	1	1	1	1	2	1	1	1	1
n/a	OG0008622	1	1	1	1	1	1	1	1	2
n/a	OG0008623	1	1	1	1	1	1	1	1	3
n/a	OG0008624	1	1	1	1	0	1	1	1	4
n/a	OG0008625	1	1	1	1	1	1	1	1	2
n/a	OG0008626	2	1	1	1	1	1	1	1	1
n/a	OG0008627	1	1	1	1	2	1	1	1	1
n/a	OG0008628	2	1	1	1	1	1	1	1	1
n/a	OG0008629	2	1	1	1	1	1	1	0	2
n/a	OG0008630	1	1	1	1	1	1	1	1	2
n/a	OG0008631	1	1	1	1	1	1	1	0	3
n/a	OG0008632	1	1	1	1	1	1	1	1	2
n/a	OG0008633	1	1	1	1	1	2	1	1	1
n/a	OG0008634	2	2	1	1	0	1	1	0	0
n/a	OG0008635	1	1	1	1	1	1	1	1	2
n/a	OG0008636	2	1	2	1	1	1	1	1	1
n/a	OG0008637	2	1	1	1	1	1	1	1	1
n/a	OG0008638	1	1	1	1	1	1	1	1	2
n/a	OG0008639	1	1	1	1	1	1	1	1	2
n/a	OG0008640	1	1	1	1	1	1	1	1	2
n/a	OG0008641	2	1	1	1	0	1	1	1	2
n/a	OG0008642	2	1	1	1	0	1	1	1	2
n/a	OG0008643	2	1	1	2	1	1	1	0	1
n/a	OG0008644	2	1	1	1	1	1	1	1	1
n/a	OG0008645	2	1	1	1	1	1	1	1	1
n/a	OG0008646	1	1	1	1	1	1	1	1	2
n/a	OG0008647	2	1	1	1	1	1	1	1	1
n/a	OG0008648	2	1	1	1	2	1	1	1	1
n/a	OG0008649	1	1	1	1	1	1	1	1	2
n/a	OG0008650	1	1	1	1	1	1	2	1	0
n/a	OG0008651	1	1	1	1	1	1	1	1	3
n/a	OG0008652	2	1	1	1	1	1	1	1	1
n/a	OG0008653	1	1	1	1	1	2	1	0	2
n/a	OG0008654	1	2	1	1	1	1	1	1	1
n/a	OG0008655	2	1	1	1	1	1	1	0	1
n/a	OG0008656	1	1	2	1	1	1	1	1	1
n/a	OG0008657	1	1	1	1	1	2	1	1	1
n/a	OG0008658	2	1	1	1	1	1	1	1	2
n/a	OG0008659	1	1	1	1	0	3	1	1	1
n/a	OG0008660	2	1	1	1	1	1	1	1	1
n/a	OG0008661	1	1	1	1	1	1	1	1	1
n/a	OG0008662	3	1	1	1	1	1	1	1	1
n/a	OG0008663	1	1	1	1	1	1	1	1	2
n/a	OG0008664	2	1	1	1	1	1	1	0	2
n/a	OG0008665	2	1	1	1	1	0	1	1	2
n/a	OG0008666	1	1	1	1	1	1	1	1	2
n/a	OG0008667	2	1	1	1	1	1	1	1	1
n/a	OG0008668	1	1	1	2	1	1	1	1	1
n/a	OG0008669	4	1	1	0	1	1	1	0	2
n/a	OG0008670	4	1	1	0	1	1	1	1	1
n/a	OG0008671	2	1	1	1	0	1	1	1	2
n/a	OG0008672	1	1	1	1	1	1	1	1	2
n/a	OG0008673	1	1	1	1	1	1	1	1	2
n/a	OG0008674	2	1	1	1	0	1	1	1	2
n/a	OG0008675	3	1	1	1	1	2	0	1	1
n/a	OG0008676	2	1	1	1	1	1	1	1	1
n/a	OG0008677	1	1	1	1	1	2	1	1	1
n/a	OG0008678	2	1	2	1	1	1	1	1	1
n/a	OG0008679	1	1	2	1	1	1	1	1	1
n/a	OG0008680	2	1	1	1	1	1	1	1	1
n/a	OG0008681	1	1	3	1	1	1	1	1	1
n/a	OG0008682	1	1	1	1	1	1	1	1	2
n/a	OG0008683	2	1	1	1	1	1	1	1	1
n/a	OG0008684	2	1	1	1	1	1	1	1	1
n/a	OG0008685	2	1	1	1	0	2	1	1	1
n/a	OG0008686	1	1	1	1	1	1	1	1	2
n/a	OG0008687	2	1	1	1	1	1	1	1	2
n/a	OG0008688	1	1	1	1	1	2	1	1	2
n/a	OG0008689	2	1	1	1	1	1	1	1	1
n/a	OG0008690	4	1	1	1	1	1	1	0	0
n/a	OG0008691	1	1	1	1	2	1	1	1	1
n/a	OG0008692	1	1	1	1	1	1	1	1	2
n/a	OG0008693	2	1	1	1	1	1	1	1	1
n/a	OG0008694	2	1	1	1	1	1	1	1	2
n/a	OG0008695	2	1	1	1	1	1	1	1	1
n/a	OG0008696	1	1	1	1	1	1	1	1	2
n/a	OG0008697	3	0	1	1	1	1	1	1	2
n/a	OG0008698	1	1	1	1	1	2	1	1	1
n/a	OG0008699	1	1	2	1	1	1	1	1	1
n/a	OG0008700	2	1	1	1	1	1	1	1	1
n/a	OG0008701	2	1	2	1	1	1	1	0	1
n/a	OG0008702	1	1	2	1	1	1	1	1	1
n/a	OG0008703	1	1	2	1	0	1	1	1	2
n/a	OG0008704	2	1	1	1	1	1	1	1	1
n/a	OG0008705	2	1	1	1	1	1	1	1	2
n/a	OG0008706	1	1	1	1	1	1	1	1	2
n/a	OG0008707	1	1	1	1	1	1	1	1	1
n/a	OG0008708	2	1	2	0	1	1	1	1	1
n/a	OG0008709	1	1	1	1	1	1	1	1	2
n/a	OG0008710	2	1	1	1	1	1	1	1	1
n/a	OG0008711	2	1	1	1	2	1	1	1	1
n/a	OG0008712	1	1	2	1	1	1	1	1	1
n/a	OG0008713	2	1	1	1	1	1	1	1	1
n/a	OG0008714	1	1	1	1	1	1	1	1	2
n/a	OG0008716	1	1	1	3	1	1	1	1	1
n/a	OG0008717	2	1	1	1	1	1	1	1	1
n/a	OG0008718	1	1	1	1	2	1	1	1	1
n/a	OG0008719	1	1	1	1	1	2	1	0	2
n/a	OG0008720	2	1	1	1	1	1	1	1	1
n/a	OG0008721	2	1	1	1	1	1	1	1	1
n/a	OG0008722	11	0	0	0	0	4	0	0	0
n/a	OG0008723	1	1	1	1	1	1	1	1	2
n/a	OG0008724	2	1	2	1	0	1	1	1	1
n/a	OG0008725	1	1	1	1	1	1	1	1	1
n/a	OG0008727	1	1	1	1	1	1	1	1	2
n/a	OG0008728	1	1	1	1	1	1	1	1	2
n/a	OG0008729	3	1	1	1	1	1	1	1	2
n/a	OG0008730	2	1	1	1	1	1	1	1	1
n/a	OG0008731	1	1	1	1	2	1	1	1	1
n/a	OG0008732	1	1	1	1	1	2	1	1	1
n/a	OG0008733	2	1	1	1	1	1	1	1	1
n/a	OG0008734	2	2	1	1	1	1	1	0	1
n/a	OG0008735	4	1	1	0	0	1	1	0	1
n/a	OG0008736	2	1	1	1	1	1	1	0	2
n/a	OG0008737	2	1	1	1	1	1	1	1	2
n/a	OG0008738	1	1	1	1	1	1	1	1	2
n/a	OG0008739	1	1	1	0	2	1	1	1	2
n/a	OG0008740	1	1	1	1	1	1	1	2	1
n/a	OG0008741	2	1	1	1	1	1	1	1	1
n/a	OG0008742	2	1	2	1	1	1	1	0	1
n/a	OG0008743	1	1	1	1	2	1	1	1	1
n/a	OG0008744	2	1	1	1	1	1	1	1	1
n/a	OG0008745	1	1	1	1	1	1	1	1	2
n/a	OG0008746	2	1	1	1	1	1	1	1	1
n/a	OG0008747	4	0	1	1	1	1	1	1	2
n/a	OG0008748	1	1	2	1	1	1	1	1	1
n/a	OG0008749	1	1	1	1	1	1	1	1	3
n/a	OG0008750	1	1	1	1	2	1	1	1	2
n/a	OG0008751	1	1	1	1	1	1	1	1	2
n/a	OG0008752	2	1	1	1	1	1	1	0	2
n/a	OG0008753	1	1	1	1	3	1	1	1	1
n/a	OG0008754	1	1	3	1	0	1	1	1	1
n/a	OG0008755	1	2	1	2	1	1	0	1	1
n/a	OG0008756	2	1	1	1	1	1	1	1	2
n/a	OG0008757	1	1	1	1	1	2	1	1	1
n/a	OG0008758	2	1	1	1	2	1	1	0	1
n/a	OG0008759	1	1	1	1	1	1	1	1	2
n/a	OG0008760	2	1	1	1	1	2	1	0	1
n/a	OG0008761	2	1	1	1	1	1	1	1	1
n/a	OG0008762	1	2	1	1	1	1	1	1	1
n/a	OG0008763	1	1	1	1	1	1	1	1	2
n/a	OG0008764	2	1	1	1	1	1	1	1	1
n/a	OG0008765	1	1	0	1	1	1	1	1	3
n/a	OG0008766	3	1	1	1	1	1	1	0	1
n/a	OG0008767	2	1	1	1	1	1	1	1	1
n/a	OG0008768	1	1	1	1	1	2	1	1	1
n/a	OG0008769	2	1	1	1	1	1	1	1	1
n/a	OG0008770	4	1	1	1	1	1	1	0	1
n/a	OG0008771	2	1	1	1	1	1	1	1	1
n/a	OG0008772	2	1	1	1	1	1	1	1	1
n/a	OG0008773	2	1	1	1	1	1	1	1	1
n/a	OG0008774	1	1	1	1	1	1	1	1	2
n/a	OG0008775	2	1	1	1	1	1	1	0	2
n/a	OG0008776	2	1	1	1	2	1	1	0	1
n/a	OG0008777	1	1	1	1	1	1	1	1	2
n/a	OG0008778	1	1	1	1	1	1	1	1	2
n/a	OG0008779	1	1	1	0	3	0	1	1	2
n/a	OG0008780	2	1	1	1	1	1	1	1	2
n/a	OG0008781	2	1	1	1	1	1	1	1	1
n/a	OG0008782	2	1	1	1	1	1	1	0	2
n/a	OG0008783	1	1	1	1	1	1	1	1	2
n/a	OG0008784	1	1	1	1	1	1	1	1	2
n/a	OG0008785	2	1	1	1	1	1	1	1	2
n/a	OG0008786	2	1	1	1	1	2	1	1	0
n/a	OG0008787	1	1	1	1	1	2	1	1	1
n/a	OG0008788	1	1	2	1	1	1	1	1	1
n/a	OG0008789	2	1	1	1	1	1	1	1	1
n/a	OG0008790	2	1	1	1	1	1	1	1	1
n/a	OG0008791	1	1	1	2	1	1	1	0	1
n/a	OG0008792	3	1	1	1	1	1	1	1	0
n/a	OG0008793	2	1	1	1	1	1	1	0	2
n/a	OG0008794	2	1	1	1	1	1	1	1	1
n/a	OG0008795	1	1	1	1	2	1	1	1	1
n/a	OG0008796	1	1	1	1	1	1	1	1	2
n/a	OG0008797	1	1	1	1	1	1	1	1	2
n/a	OG0008798	2	1	1	1	0	1	1	1	2
n/a	OG0008799	1	1	1	1	1	1	1	1	2
n/a	OG0008801	1	1	1	2	1	1	1	1	1
n/a	OG0008802	3	1	1	1	1	1	1	1	1
n/a	OG0008803	2	1	1	1	1	1	1	1	1
n/a	OG0008804	2	1	1	1	1	1	1	1	1
n/a	OG0008805	1	1	1	0	1	2	1	1	2
n/a	OG0008806	2	1	1	1	1	1	1	1	1
n/a	OG0008807	1	1	1	1	1	2	1	1	1
n/a	OG0008808	2	1	1	1	1	1	1	1	1
n/a	OG0008809	1	1	1	1	1	2	1	1	1
n/a	OG0008810	1	1	1	1	1	1	1	1	2
n/a	OG0008811	1	1	1	1	1	2	1	1	1
n/a	OG0008812	2	0	1	1	1	2	1	1	3
n/a	OG0008813	1	1	1	1	1	1	1	1	2
n/a	OG0008814	2	1	1	1	1	1	1	1	1
n/a	OG0008815	1	1	1	1	1	1	1	1	2
n/a	OG0008816	1	1	2	0	1	1	1	1	2
n/a	OG0008817	1	1	1	1	1	2	1	1	1
n/a	OG0008818	1	1	1	1	0	1	1	1	2
n/a	OG0008819	3	1	1	1	1	1	1	1	0
n/a	OG0008820	1	1	1	1	1	2	1	1	1
n/a	OG0008821	1	2	1	1	1	1	1	0	1
n/a	OG0008822	1	1	1	1	1	1	1	1	2
n/a	OG0008823	1	1	1	1	1	1	1	1	2
n/a	OG0008824	1	1	1	1	1	1	1	1	2
n/a	OG0008825	2	1	1	1	1	1	1	1	2
n/a	OG0008826	1	1	1	1	1	1	1	1	2
n/a	OG0008827	1	1	1	1	2	1	1	0	2
n/a	OG0008828	1	1	1	1	2	1	1	2	1
n/a	OG0008829	1	1	1	1	1	1	1	1	1
n/a	OG0008830	1	1	1	1	1	1	1	1	2
n/a	OG0008831	3	1	1	1	1	1	1	0	2
n/a	OG0008832	1	1	1	1	1	1	1	1	2
n/a	OG0008833	1	1	1	1	1	1	1	0	3
n/a	OG0008834	1	1	1	1	2	1	1	0	2
n/a	OG0008835	2	1	1	1	1	1	1	1	1
n/a	OG0008836	1	1	1	0	1	1	1	2	1
n/a	OG0008837	1	1	1	1	1	1	1	1	2
n/a	OG0008838	1	1	1	1	1	2	1	1	1
n/a	OG0008839	1	1	1	1	1	1	1	1	2
n/a	OG0008840	2	1	1	1	1	1	1	1	1
n/a	OG0008841	2	1	2	1	1	1	1	1	1
n/a	OG0008842	1	1	1	1	1	1	1	1	2
n/a	OG0008843	1	1	1	1	1	1	1	1	2
n/a	OG0008844	2	1	1	1	1	2	1	1	1
n/a	OG0008845	2	1	1	1	0	1	1	1	2
n/a	OG0008846	1	1	4	1	1	1	1	1	1
n/a	OG0008847	1	1	1	1	1	1	1	1	3
n/a	OG0008848	2	1	1	1	1	2	1	0	1
n/a	OG0008849	1	1	1	1	1	1	1	1	3
n/a	OG0008850	1	1	1	1	1	1	1	1	2
n/a	OG0008851	2	1	1	1	1	1	1	1	1
n/a	OG0008852	1	1	1	1	1	1	1	1	2
n/a	OG0008853	1	1	1	1	1	1	1	1	2
n/a	OG0008854	2	1	1	1	1	1	1	1	1
n/a	OG0008855	2	1	1	1	1	1	1	1	1
n/a	OG0008856	1	1	1	1	1	1	1	1	2
n/a	OG0008857	2	1	1	1	1	1	1	1	1
n/a	OG0008858	1	1	1	0	2	1	1	1	2
n/a	OG0008859	1	1	3	1	1	1	1	0	1
n/a	OG0008860	2	1	1	1	1	1	1	1	1
n/a	OG0008861	1	1	1	1	1	1	1	1	2
n/a	OG0008862	2	1	1	1	1	1	1	1	1
n/a	OG0008863	2	1	1	1	1	0	1	1	2
n/a	OG0008864	1	1	1	1	1	2	1	1	1
n/a	OG0008865	2	1	1	1	1	1	1	1	1
n/a	OG0008866	2	1	1	1	1	1	1	0	1
n/a	OG0008867	2	1	1	1	1	1	1	1	1
n/a	OG0008868	2	1	1	1	0	1	1	1	2
n/a	OG0008869	2	1	1	1	0	1	1	1	2
n/a	OG0008870	2	1	1	1	1	1	1	1	1
n/a	OG0008871	1	1	1	1	1	1	1	1	1
n/a	OG0008872	2	1	1	1	1	1	1	1	1
n/a	OG0008873	1	1	1	1	2	1	1	1	2
n/a	OG0008874	1	1	1	1	1	1	1	1	2
n/a	OG0008875	1	1	1	1	1	1	1	1	1
n/a	OG0008876	1	1	1	1	1	1	1	2	1
n/a	OG0008877	2	1	1	1	1	1	1	1	1
n/a	OG0008878	2	1	1	1	1	1	1	1	1
n/a	OG0008879	1	1	1	1	1	1	1	1	2
n/a	OG0008880	1	1	1	1	1	1	1	1	2
n/a	OG0008881	1	1	2	1	1	1	1	1	1
n/a	OG0008882	2	1	1	1	1	1	1	1	1
n/a	OG0008883	2	1	1	0	1	1	1	1	2
n/a	OG0008884	2	1	1	1	1	1	1	1	1
n/a	OG0008885	2	1	1	1	1	1	1	1	2
n/a	OG0008886	3	1	1	1	1	1	1	0	1
n/a	OG0008887	1	1	1	1	1	1	1	1	2
n/a	OG0008888	2	1	1	1	1	1	1	1	1
n/a	OG0008889	1	1	1	1	1	1	1	1	2
n/a	OG0008890	2	1	1	1	1	1	1	1	1
n/a	OG0008891	2	1	2	2	1	1	1	0	1
n/a	OG0008892	1	2	1	1	1	1	1	0	2
n/a	OG0008893	12	0	0	0	0	3	0	0	0
n/a	OG0008894	2	1	1	1	1	1	1	1	2
n/a	OG0008895	2	1	1	1	1	1	1	1	1
n/a	OG0008896	2	1	1	1	0	2	1	0	3
n/a	OG0008897	3	1	1	1	1	1	1	1	1
n/a	OG0008898	2	1	1	1	1	1	1	1	1
n/a	OG0008899	1	1	1	1	1	1	1	1	2
n/a	OG0008900	1	1	1	1	1	1	1	1	2
n/a	OG0008901	1	2	2	1	1	1	1	0	1
n/a	OG0008902	1	1	1	1	1	2	1	1	1
n/a	OG0008903	1	1	2	1	1	1	1	1	1
n/a	OG0008904	1	1	1	1	1	1	1	1	2
n/a	OG0008905	1	1	1	1	1	1	1	2	1
n/a	OG0008906	1	1	1	1	1	1	1	0	4
n/a	OG0008907	2	1	2	1	0	1	1	1	1
n/a	OG0008908	2	1	1	1	1	1	1	1	1
n/a	OG0008909	1	1	1	1	0	2	1	1	2
n/a	OG0008910	1	1	1	1	1	1	1	1	2
n/a	OG0008911	3	1	1	1	0	1	1	0	2
n/a	OG0008912	3	1	1	0	1	2	1	0	2
n/a	OG0008913	2	2	1	1	1	1	1	0	1
n/a	OG0008914	1	1	2	1	1	1	1	1	1
n/a	OG0008915	3	1	1	1	1	1	1	1	1
n/a	OG0008916	1	2	1	0	1	1	1	1	1
n/a	OG0008917	3	1	1	1	1	1	1	1	1
n/a	OG0008918	1	1	1	0	2	2	1	0	2
n/a	OG0008919	1	1	1	1	1	2	1	1	2
n/a	OG0008920	1	1	1	1	1	2	1	1	1
n/a	OG0008921	2	1	1	1	1	1	1	1	2
n/a	OG0008922	1	1	1	1	1	2	1	1	2
n/a	OG0008923	1	1	1	1	1	1	1	1	1
n/a	OG0008924	1	1	1	1	1	1	1	2	1
n/a	OG0008925	1	1	1	1	1	1	1	1	2
n/a	OG0008926	1	1	1	1	1	1	1	1	2
n/a	OG0008927	1	1	1	1	1	2	1	0	2
n/a	OG0008928	2	1	1	1	1	1	1	1	1
n/a	OG0008929	1	1	2	0	1	1	1	1	2
n/a	OG0008930	1	1	1	1	1	1	1	1	1
n/a	OG0008931	2	1	1	1	1	1	1	1	2
n/a	OG0008932	2	1	1	1	1	1	1	1	1
n/a	OG0008933	2	1	1	1	1	1	1	1	1
n/a	OG0008934	1	1	2	1	1	1	1	0	2
n/a	OG0008935	1	1	1	2	1	1	1	0	2
n/a	OG0008936	1	2	1	1	1	1	1	1	1
n/a	OG0008937	2	1	1	1	1	1	1	1	1
n/a	OG0008938	2	1	1	1	2	1	1	1	1
n/a	OG0008939	1	1	1	1	1	1	1	1	2
n/a	OG0008940	1	1	1	1	1	2	1	1	1
n/a	OG0008941	1	1	1	1	1	1	1	1	2
n/a	OG0008942	1	1	1	1	1	1	1	1	2
n/a	OG0008943	1	1	2	2	1	1	1	1	1
n/a	OG0008944	1	1	1	1	1	1	1	1	2
n/a	OG0008945	1	0	1	2	1	1	2	2	1
n/a	OG0008946	1	1	1	1	1	1	1	1	2
n/a	OG0008947	1	1	1	1	2	1	1	1	1
n/a	OG0008948	1	1	1	1	1	1	1	1	2
n/a	OG0008949	3	1	1	1	1	1	1	1	1
n/a	OG0008950	1	1	1	1	1	1	1	1	2
n/a	OG0008951	2	1	1	1	1	1	1	1	1
n/a	OG0008952	2	1	1	1	2	1	1	1	1
n/a	OG0008953	1	1	1	2	1	1	1	1	1
n/a	OG0008954	1	1	3	1	1	1	1	1	1
n/a	OG0008955	1	1	1	1	1	1	1	1	2
n/a	OG0008956	1	1	1	1	1	2	1	1	1
n/a	OG0008957	1	1	1	1	1	2	1	1	1
n/a	OG0008958	1	1	1	1	1	1	1	1	2
n/a	OG0008959	2	1	1	1	1	1	1	1	1
n/a	OG0008960	1	1	1	1	2	1	1	1	1
n/a	OG0008961	1	1	1	1	2	2	1	1	1
n/a	OG0008962	2	1	1	0	0	1	1	1	1
n/a	OG0008963	1	1	1	1	1	1	1	1	2
n/a	OG0008964	1	1	1	1	1	1	1	1	2
n/a	OG0008965	1	1	1	1	1	2	1	1	1
n/a	OG0008966	1	1	1	1	0	1	1	1	3
n/a	OG0008967	1	1	1	1	2	1	1	1	1
n/a	OG0008968	1	1	1	1	1	1	1	1	2
n/a	OG0008969	1	1	1	1	1	1	1	1	3
n/a	OG0008970	1	1	1	1	1	1	1	1	2
n/a	OG0008971	1	1	1	1	1	1	1	1	2
n/a	OG0008972	1	1	1	1	1	1	1	1	2
n/a	OG0008973	1	1	1	1	2	1	1	1	1
n/a	OG0008974	2	1	1	1	0	1	1	1	3
n/a	OG0008975	1	1	1	1	1	1	1	1	2
n/a	OG0008976	3	1	1	1	0	1	1	1	2
n/a	OG0008977	1	1	1	1	2	1	1	1	1
n/a	OG0008978	1	1	1	1	1	1	1	1	2
n/a	OG0008979	1	1	1	1	1	1	1	1	1
n/a	OG0008980	2	1	1	1	1	1	1	1	1
n/a	OG0008981	1	1	1	1	2	1	1	0	2
n/a	OG0008982	1	1	1	1	1	1	1	1	2
n/a	OG0008983	1	1	2	1	1	1	1	1	1
n/a	OG0008984	1	1	1	1	1	1	1	1	2
n/a	OG0008985	1	1	2	1	0	2	1	1	1
n/a	OG0008986	1	1	1	1	1	1	1	1	2
n/a	OG0008987	2	1	1	1	1	1	1	1	0
n/a	OG0008988	1	1	1	1	1	1	1	1	2
n/a	OG0008989	1	1	1	1	2	1	1	1	1
n/a	OG0008990	1	1	1	1	1	1	1	1	2
n/a	OG0008991	3	1	1	1	1	1	1	1	1
n/a	OG0008992	1	1	1	1	1	2	1	1	1
n/a	OG0008993	1	1	1	1	1	1	1	1	2
n/a	OG0008994	1	1	1	1	1	2	1	1	1
n/a	OG0008995	2	1	1	1	1	1	1	1	1
n/a	OG0008996	2	1	1	1	1	1	1	1	1
n/a	OG0008997	1	1	1	1	1	3	1	1	1
n/a	OG0008998	1	1	1	2	1	1	1	1	1
n/a	OG0008999	1	1	2	1	1	1	1	1	1
n/a	OG0009000	1	1	1	1	2	1	1	1	1
n/a	OG0009001	1	1	1	1	1	1	1	1	1
n/a	OG0009002	1	1	1	2	2	1	1	1	1
n/a	OG0009003	2	1	1	1	1	1	1	1	2
n/a	OG0009004	1	1	1	1	2	1	1	1	1
n/a	OG0009005	1	1	1	1	1	1	1	1	2
n/a	OG0009006	1	1	1	1	0	2	1	1	1
n/a	OG0009007	1	1	1	1	1	1	1	1	2
n/a	OG0009008	1	1	3	0	1	1	1	1	1
n/a	OG0009009	1	1	1	1	2	1	1	1	1
n/a	OG0009010	1	1	1	1	1	1	1	1	2
n/a	OG0009011	1	1	1	1	2	1	1	1	1
n/a	OG0009012	2	1	1	1	1	1	1	1	1
n/a	OG0009013	1	2	1	1	0	1	1	1	1
n/a	OG0009014	1	1	1	1	1	2	1	1	1
n/a	OG0009015	1	1	1	1	1	1	1	0	4
n/a	OG0009016	2	1	1	1	1	1	1	1	1
n/a	OG0009017	2	1	1	1	1	1	1	1	1
n/a	OG0009018	1	1	1	1	1	2	1	1	1
n/a	OG0009019	1	1	1	1	2	1	1	1	1
n/a	OG0009020	1	1	1	1	0	2	1	1	2
n/a	OG0009021	1	1	1	1	1	1	1	1	2
n/a	OG0009022	2	1	1	1	1	1	1	1	1
n/a	OG0009023	2	1	1	1	2	1	1	1	1
n/a	OG0009024	1	1	1	1	1	1	1	1	2
n/a	OG0009025	2	1	1	1	1	1	1	1	2
n/a	OG0009026	2	1	1	1	1	1	1	1	1
n/a	OG0009027	2	1	1	1	1	1	1	1	1
n/a	OG0009028	2	1	1	1	1	1	1	1	1
n/a	OG0009029	1	1	1	1	2	1	1	1	1
n/a	OG0009030	1	1	1	1	1	1	1	1	2
n/a	OG0009031	1	1	1	1	1	1	1	1	2
n/a	OG0009032	1	1	1	1	1	1	1	1	2
n/a	OG0009033	1	1	1	2	1	1	1	1	1
n/a	OG0009034	1	1	1	1	1	1	1	1	2
n/a	OG0009035	2	1	1	1	1	1	1	1	1
n/a	OG0009036	2	1	1	1	1	1	1	0	2
n/a	OG0009037	2	1	1	1	1	1	1	1	1
n/a	OG0009038	1	1	1	1	1	1	1	1	2
n/a	OG0009039	2	1	1	1	1	1	1	1	1
n/a	OG0009040	1	1	1	1	1	1	1	1	2
n/a	OG0009041	1	1	1	1	1	1	1	1	2
n/a	OG0009042	1	1	1	1	1	1	1	1	2
n/a	OG0009043	1	1	1	1	1	1	1	1	2
n/a	OG0009044	1	1	1	1	1	1	1	1	2
n/a	OG0009045	1	1	1	1	2	2	1	1	1
n/a	OG0009046	1	1	1	1	1	1	1	1	2
n/a	OG0009047	1	1	1	1	0	1	1	1	4
n/a	OG0009048	1	1	2	1	1	1	1	1	1
n/a	OG0009049	2	1	1	1	1	1	1	1	1
n/a	OG0009050	2	1	1	1	1	1	1	1	1
n/a	OG0009051	2	1	1	1	1	1	1	1	1
n/a	OG0009052	3	1	1	1	1	1	1	1	1
n/a	OG0009053	1	1	1	1	1	1	1	1	3
n/a	OG0009054	2	1	1	1	1	1	1	1	1
n/a	OG0009055	2	1	1	1	1	1	1	1	1
n/a	OG0009056	3	1	1	1	1	1	1	1	1
n/a	OG0009057	2	1	1	1	1	1	1	1	1
n/a	OG0009058	2	1	1	1	0	1	1	1	2
n/a	OG0009059	2	1	2	1	1	1	1	0	1
n/a	OG0009060	2	1	1	1	1	1	1	1	1
n/a	OG0009061	1	1	1	1	1	1	1	1	2
n/a	OG0009062	1	1	1	1	1	1	1	1	1
n/a	OG0009063	1	1	1	1	0	2	2	0	1
n/a	OG0009064	2	1	1	1	1	1	1	1	1
n/a	OG0009065	1	1	1	1	1	1	1	1	2
n/a	OG0009066	2	1	1	1	1	1	1	1	1
n/a	OG0009067	2	1	1	1	0	1	1	1	2
n/a	OG0009068	1	1	0	1	1	1	1	1	3
n/a	OG0009069	1	1	1	1	1	1	1	1	1
n/a	OG0009070	1	1	1	1	2	1	1	1	1
n/a	OG0009071	1	2	1	1	0	1	1	1	1
n/a	OG0009072	1	1	1	1	1	1	1	1	2
n/a	OG0009073	1	1	1	1	1	1	1	1	2
n/a	OG0009074	1	1	1	1	1	1	1	1	2
n/a	OG0009075	1	1	1	1	1	1	1	1	2
n/a	OG0009076	1	1	2	1	1	1	1	1	1
n/a	OG0009077	1	1	1	1	1	1	1	1	2
n/a	OG0009078	2	1	1	1	1	1	1	1	1
n/a	OG0009079	1	1	1	1	1	1	1	1	2
n/a	OG0009080	1	1	1	1	1	1	1	1	1
n/a	OG0009081	1	1	1	1	1	1	1	1	2
n/a	OG0009082	1	1	2	1	1	1	1	1	1
n/a	OG0009083	1	1	1	1	1	1	1	1	2
n/a	OG0009084	1	1	1	1	1	2	1	1	1
n/a	OG0009085	1	1	1	1	0	1	1	1	2
n/a	OG0009086	1	1	1	1	1	1	1	1	1
n/a	OG0009087	2	1	1	1	1	1	1	1	1
n/a	OG0009088	1	1	1	0	1	1	1	1	2
n/a	OG0009089	1	1	1	1	1	1	1	1	1
n/a	OG0009090	1	1	1	2	1	1	1	1	1
n/a	OG0009091	1	1	1	1	1	1	1	1	1
n/a	OG0009092	1	1	1	1	1	1	1	1	1
n/a	OG0009093	1	1	1	1	1	2	1	1	1
n/a	OG0009094	1	1	1	1	1	1	1	1	2
n/a	OG0009095	1	1	1	1	0	3	1	1	1
n/a	OG0009096	2	1	1	1	1	1	1	1	1
n/a	OG0009097	1	1	1	1	0	1	1	1	3
n/a	OG0009098	1	1	2	1	1	1	1	1	1
n/a	OG0009099	1	1	2	1	1	1	1	1	2
n/a	OG0009100	1	1	1	1	1	1	1	1	2
n/a	OG0009101	1	1	1	1	1	1	1	1	2
n/a	OG0009102	2	1	1	1	1	1	1	1	1
n/a	OG0009103	3	1	1	1	1	1	1	0	1
n/a	OG0009104	1	1	1	1	1	1	1	1	2
n/a	OG0009105	2	1	1	0	1	1	1	1	2
n/a	OG0009106	1	1	3	1	0	1	1	1	1
n/a	OG0009107	1	1	1	1	1	2	1	1	1
n/a	OG0009108	2	1	1	1	1	1	1	1	1
n/a	OG0009109	1	1	1	1	1	1	1	1	2
n/a	OG0009110	2	1	1	1	1	1	1	1	1
n/a	OG0009111	1	1	1	1	1	1	1	2	1
n/a	OG0009112	3	1	1	1	0	1	1	1	1
n/a	OG0009113	1	1	1	1	1	3	1	0	1
n/a	OG0009114	3	1	1	1	0	1	1	1	1
n/a	OG0009115	2	1	1	0	2	1	1	1	1
n/a	OG0009116	1	1	1	1	1	1	1	1	2
n/a	OG0009117	1	1	1	1	2	1	1	1	1
n/a	OG0009118	1	1	2	1	1	1	1	1	1
n/a	OG0009119	1	1	1	1	1	3	1	1	1
n/a	OG0009120	2	1	1	1	1	1	1	1	2
n/a	OG0009121	2	1	1	1	0	1	1	1	2
n/a	OG0009122	2	1	1	1	1	1	1	1	1
n/a	OG0009123	2	1	1	1	1	1	1	1	2
n/a	OG0009124	2	1	1	1	1	1	1	1	2
n/a	OG0009125	1	1	1	1	2	1	1	1	1
n/a	OG0009126	1	1	1	1	1	1	1	1	2
n/a	OG0009127	3	0	1	1	0	2	2	0	2
n/a	OG0009128	1	1	1	1	1	2	1	1	1
n/a	OG0009129	1	1	1	1	1	2	1	1	1
n/a	OG0009130	1	1	1	1	1	1	1	1	2
n/a	OG0009131	3	1	1	1	1	1	1	0	1
n/a	OG0009132	2	1	1	1	1	1	1	1	1
n/a	OG0009133	1	1	1	1	1	2	1	1	1
n/a	OG0009134	2	1	1	1	1	1	1	1	1
n/a	OG0009135	2	1	1	1	1	1	1	1	1
n/a	OG0009136	1	1	1	1	1	2	1	1	1
n/a	OG0009137	2	1	1	2	0	1	1	1	1
n/a	OG0009138	2	1	1	1	1	1	1	1	1
n/a	OG0009139	2	1	1	1	2	1	1	0	3
n/a	OG0009140	2	1	1	1	1	1	1	1	1
n/a	OG0009141	2	1	1	1	1	1	1	1	2
n/a	OG0009142	1	1	1	1	1	1	1	1	1
n/a	OG0009143	2	1	1	1	1	1	1	1	1
n/a	OG0009144	1	1	1	1	1	1	1	1	2
n/a	OG0009145	1	1	2	1	1	1	1	0	1
n/a	OG0009146	5	0	1	1	1	1	1	1	2
n/a	OG0009147	2	1	1	1	1	1	1	1	1
n/a	OG0009148	1	1	1	1	1	1	1	1	2
n/a	OG0009149	2	1	1	1	1	1	1	1	1
n/a	OG0009150	2	1	1	1	1	1	1	1	1
n/a	OG0009151	2	1	1	1	2	1	1	1	1
n/a	OG0009152	2	1	1	1	0	1	1	1	2
n/a	OG0009153	2	1	1	1	0	1	1	2	1
n/a	OG0009154	1	1	2	1	1	1	1	1	1
n/a	OG0009155	1	1	1	1	1	2	1	1	1
n/a	OG0009156	1	2	1	1	1	1	0	1	2
n/a	OG0009157	1	1	1	1	1	2	1	1	1
n/a	OG0009158	2	1	1	1	1	1	1	1	1
n/a	OG0009159	2	1	1	1	1	1	1	0	2
n/a	OG0009160	1	1	1	1	1	1	1	1	2
n/a	OG0009161	1	1	1	1	1	1	1	1	2
n/a	OG0009162	1	1	2	1	1	1	1	1	1
n/a	OG0009163	1	1	1	1	1	1	1	1	1
n/a	OG0009164	2	1	1	1	1	1	1	1	1
n/a	OG0009165	2	1	1	1	1	1	1	1	1
n/a	OG0009166	2	1	1	0	2	1	1	1	1
n/a	OG0009167	1	1	1	1	1	1	1	1	1
n/a	OG0009168	1	2	1	1	1	1	1	1	1
n/a	OG0009169	1	1	1	1	1	1	1	1	2
n/a	OG0009170	2	1	1	1	1	1	1	1	1
n/a	OG0009171	2	1	1	1	1	1	1	0	2
n/a	OG0009172	2	1	1	1	1	1	1	1	2
n/a	OG0009173	2	1	1	1	1	1	1	1	1
n/a	OG0009174	1	1	2	1	1	1	1	1	1
n/a	OG0009175	1	1	1	1	1	1	1	1	2
n/a	OG0009176	1	0	1	1	2	2	1	1	3
n/a	OG0009177	1	1	1	1	2	1	1	1	1
n/a	OG0009178	3	1	1	1	1	2	0	0	2
n/a	OG0009179	1	0	1	1	1	1	1	1	4
n/a	OG0009180	2	1	1	1	1	1	1	1	2
n/a	OG0009181	1	1	1	0	1	2	1	1	2
n/a	OG0009182	2	1	1	1	1	1	1	1	1
n/a	OG0009183	2	1	1	0	1	1	1	1	2
n/a	OG0009184	1	1	1	1	1	1	1	1	2
n/a	OG0009185	2	1	1	1	1	1	1	1	1
n/a	OG0009186	1	1	1	1	1	1	1	1	1
n/a	OG0009187	1	1	1	1	1	1	1	1	2
n/a	OG0009188	2	1	1	1	1	1	1	1	1
n/a	OG0009189	1	1	1	1	2	1	1	1	1
n/a	OG0009190	2	1	1	0	2	1	1	1	1
n/a	OG0009191	1	1	2	1	1	2	1	0	2
n/a	OG0009192	1	1	1	1	1	1	1	1	3
n/a	OG0009193	1	1	2	1	0	1	1	1	2
n/a	OG0009194	2	1	1	0	1	2	1	1	2
n/a	OG0009195	1	1	1	1	2	1	1	1	1
n/a	OG0009196	1	1	1	1	1	2	1	1	1
n/a	OG0009197	2	1	1	1	1	1	1	0	2
n/a	OG0009198	2	1	1	1	1	1	1	0	2
n/a	OG0009199	1	1	1	1	1	1	1	0	3
n/a	OG0009200	1	1	1	1	2	1	1	1	1
n/a	OG0009201	1	1	2	1	1	1	1	1	1
n/a	OG0009202	1	2	1	1	1	1	1	0	1
n/a	OG0009203	1	1	1	1	1	1	1	1	1
n/a	OG0009204	2	1	1	1	0	1	1	1	2
n/a	OG0009205	1	1	1	1	2	1	1	1	1
n/a	OG0009206	2	1	1	0	2	2	1	0	2
n/a	OG0009207	1	0	2	1	1	2	1	1	2
n/a	OG0009208	1	1	1	1	1	1	1	1	2
n/a	OG0009209	1	1	2	1	1	1	1	1	1
n/a	OG0009210	1	1	1	1	1	1	1	1	2
n/a	OG0009211	1	1	1	1	1	1	1	1	2
n/a	OG0009212	1	1	1	1	1	1	1	1	2
n/a	OG0009213	1	1	1	1	1	1	1	1	2
n/a	OG0009214	1	1	2	1	0	1	1	1	2
n/a	OG0009215	1	1	1	1	1	1	1	1	2
n/a	OG0009216	1	1	1	1	1	1	1	1	1
n/a	OG0009217	1	1	1	3	0	1	1	1	1
n/a	OG0009218	1	1	1	1	1	1	1	1	2
n/a	OG0009219	1	1	1	1	1	2	1	1	1
n/a	OG0009220	1	1	1	1	1	1	1	1	2
n/a	OG0009221	1	1	1	1	2	1	1	1	1
n/a	OG0009222	1	1	1	1	1	1	1	1	2
n/a	OG0009223	1	1	1	1	1	1	1	1	1
n/a	OG0009224	1	1	1	2	1	1	1	1	1
n/a	OG0009225	1	1	1	1	1	1	1	1	2
n/a	OG0009226	1	1	1	1	1	1	1	1	2
n/a	OG0009227	1	1	1	1	1	1	1	1	2
n/a	OG0009228	1	1	1	1	1	1	1	1	2
n/a	OG0009229	1	1	1	1	1	1	1	1	1
n/a	OG0009230	1	1	1	1	1	1	1	1	2
n/a	OG0009231	1	1	1	1	1	1	1	1	2
n/a	OG0009232	1	1	2	1	0	1	1	1	1
n/a	OG0009233	2	1	1	1	1	1	1	0	3
n/a	OG0009234	1	1	1	1	1	1	1	1	1
n/a	OG0009235	1	1	1	1	1	1	1	1	2
n/a	OG0009236	2	1	1	1	1	1	1	1	1
n/a	OG0009237	1	1	1	1	1	1	1	1	2
n/a	OG0009238	1	1	2	1	1	1	1	1	1
n/a	OG0009239	2	1	1	1	1	1	1	1	1
n/a	OG0009240	1	1	1	1	1	1	1	1	2
n/a	OG0009241	1	1	2	1	1	1	1	1	1
n/a	OG0009242	1	1	1	1	2	1	1	1	1
n/a	OG0009243	1	1	1	1	1	1	1	1	2
n/a	OG0009244	1	1	1	1	1	1	1	1	2
n/a	OG0009245	1	1	1	1	1	1	0	1	4
n/a	OG0009246	1	1	1	1	0	1	1	1	3
n/a	OG0009247	2	1	1	1	1	1	1	1	1
n/a	OG0009248	1	1	1	1	1	1	1	1	2
n/a	OG0009249	1	1	1	1	1	1	1	1	2
n/a	OG0009250	2	1	1	1	1	1	1	0	2
n/a	OG0009251	1	1	1	1	1	1	1	1	2
n/a	OG0009252	1	1	1	1	2	1	1	1	1
n/a	OG0009253	2	1	1	1	1	1	1	1	1
n/a	OG0009254	1	1	1	1	1	1	1	1	2
n/a	OG0009255	3	1	1	1	1	1	1	1	1
n/a	OG0009256	1	1	1	1	1	1	1	1	2
n/a	OG0009257	2	1	1	1	1	1	1	1	1
n/a	OG0009258	1	1	1	1	1	1	1	1	2
n/a	OG0009259	1	1	2	1	1	1	1	1	1
n/a	OG0009260	1	1	1	1	1	2	1	1	1
n/a	OG0009261	1	1	1	1	1	1	1	1	1
n/a	OG0009262	2	1	1	1	0	1	1	1	2
n/a	OG0009263	1	1	1	1	1	1	1	1	1
n/a	OG0009264	1	1	1	1	1	1	1	1	2
n/a	OG0009265	1	1	1	0	2	1	1	1	2
n/a	OG0009266	1	1	1	1	1	2	1	1	1
n/a	OG0009267	2	1	1	1	1	1	1	1	1
n/a	OG0009268	1	1	1	1	1	1	1	1	2
n/a	OG0009269	3	1	1	1	1	1	1	0	1
n/a	OG0009270	1	1	1	1	1	1	1	1	2
n/a	OG0009271	1	1	1	1	1	1	1	1	2
n/a	OG0009272	1	1	1	1	1	1	1	1	3
n/a	OG0009273	2	1	1	1	1	1	1	1	1
n/a	OG0009274	1	1	1	1	1	1	1	1	2
n/a	OG0009275	1	1	2	1	1	2	1	0	1
n/a	OG0009276	1	1	1	1	1	1	0	0	5
n/a	OG0009277	2	1	1	1	1	1	1	1	1
n/a	OG0009278	2	1	1	1	1	1	1	1	1
n/a	OG0009279	1	1	1	1	1	2	1	1	2
n/a	OG0009280	1	1	1	1	2	1	1	1	2
n/a	OG0009281	1	1	1	2	1	1	1	1	1
n/a	OG0009282	1	1	1	1	1	1	1	1	2
n/a	OG0009283	1	1	1	1	0	1	1	0	4
n/a	OG0009284	2	1	1	1	1	1	1	1	1
n/a	OG0009285	1	1	1	1	1	1	1	1	1
n/a	OG0009286	3	1	1	1	0	1	1	1	1
n/a	OG0009287	1	1	1	0	1	1	2	1	1
n/a	OG0009288	2	1	1	1	1	1	1	1	1
n/a	OG0009289	1	1	1	1	2	1	1	1	1
n/a	OG0009290	2	1	1	1	1	1	1	0	2
n/a	OG0009291	1	1	1	1	1	1	1	1	2
n/a	OG0009292	1	1	1	1	1	2	1	1	1
n/a	OG0009293	2	1	1	1	1	1	1	1	1
n/a	OG0009294	1	1	2	1	1	1	1	1	1
n/a	OG0009295	1	1	2	1	1	1	1	1	1
n/a	OG0009296	3	1	1	1	1	1	1	0	1
n/a	OG0009297	1	1	1	1	1	1	1	1	2
n/a	OG0009298	2	1	1	1	1	1	1	1	1
n/a	OG0009299	1	1	1	1	2	1	1	1	1
n/a	OG0009300	1	1	1	1	1	1	1	1	2
n/a	OG0009301	1	1	1	1	1	1	1	1	2
n/a	OG0009302	1	1	1	1	1	1	1	1	1
n/a	OG0009303	2	1	1	0	1	1	1	1	2
n/a	OG0009304	1	1	1	1	2	1	1	1	1
n/a	OG0009305	1	1	2	1	0	2	1	1	2
n/a	OG0009306	2	1	1	1	1	1	1	1	1
n/a	OG0009307	2	1	1	1	1	1	1	1	2
n/a	OG0009308	2	1	1	1	1	1	1	1	1
n/a	OG0009309	2	1	1	1	1	1	1	1	2
n/a	OG0009310	2	1	1	1	1	1	1	1	1
n/a	OG0009311	1	1	1	1	1	1	1	1	2
n/a	OG0009312	1	1	1	1	1	1	1	1	2
n/a	OG0009313	1	1	2	1	2	1	1	1	1
n/a	OG0009314	1	1	1	1	1	1	1	1	2
n/a	OG0009315	1	1	1	2	0	1	1	1	2
n/a	OG0009316	1	1	1	1	1	2	1	1	2
n/a	OG0009317	1	1	1	1	1	1	1	1	2
n/a	OG0009318	1	1	1	1	1	1	1	1	2
n/a	OG0009319	1	1	1	1	1	1	1	1	2
n/a	OG0009320	1	1	1	1	1	1	1	1	2
n/a	OG0009321	2	1	1	1	1	1	1	1	1
n/a	OG0009322	1	1	1	1	1	3	1	0	1
n/a	OG0009323	1	1	1	1	1	1	1	1	2
n/a	OG0009324	1	1	1	1	1	1	1	1	2
n/a	OG0009325	2	1	1	1	1	1	1	1	1
n/a	OG0009326	1	1	1	1	2	1	1	1	1
n/a	OG0009327	2	1	1	1	1	1	1	0	2
n/a	OG0009328	1	1	1	1	1	1	1	1	2
n/a	OG0009329	1	1	1	1	0	2	1	1	2
n/a	OG0009330	1	1	2	1	0	2	1	1	1
n/a	OG0009331	1	1	2	1	1	1	1	1	1
n/a	OG0009332	1	1	1	1	1	1	1	1	2
n/a	OG0009333	1	1	1	1	1	1	1	1	2
n/a	OG0009334	1	1	1	1	0	2	1	1	2
n/a	OG0009335	1	1	1	1	1	1	1	1	3
n/a	OG0009336	1	1	1	1	1	1	1	0	3
n/a	OG0009337	1	1	1	1	1	1	1	2	1
n/a	OG0009338	1	1	1	0	1	2	1	1	2
n/a	OG0009339	1	1	1	1	1	1	1	1	2
n/a	OG0009340	1	1	1	0	1	1	1	1	2
n/a	OG0009341	1	1	1	2	1	1	2	0	1
n/a	OG0009342	1	1	2	1	1	1	1	1	1
n/a	OG0009343	1	1	1	1	1	1	1	1	2
n/a	OG0009344	1	1	1	1	1	1	2	1	0
n/a	OG0009345	1	1	1	1	1	3	1	0	1
n/a	OG0009346	1	1	1	1	1	1	1	1	2
n/a	OG0009347	1	1	1	1	1	2	1	1	1
n/a	OG0009348	1	1	1	1	1	1	1	1	2
n/a	OG0009349	1	1	1	1	1	1	1	1	1
n/a	OG0009350	1	1	1	1	1	1	1	1	2
n/a	OG0009351	1	1	1	1	1	1	1	1	1
n/a	OG0009352	1	1	1	1	1	1	1	1	2
n/a	OG0009353	1	1	1	1	1	1	1	1	1
n/a	OG0009354	1	1	1	1	1	2	2	0	1
n/a	OG0009355	1	1	2	1	1	1	1	1	1
n/a	OG0009356	1	1	1	1	1	2	1	1	1
n/a	OG0009357	1	1	1	1	1	1	1	1	2
n/a	OG0009358	2	1	1	1	1	1	1	1	1
n/a	OG0009359	1	1	2	1	1	1	1	1	1
n/a	OG0009360	1	1	1	1	1	1	1	1	2
n/a	OG0009361	1	1	1	2	1	1	1	1	1
n/a	OG0009362	2	1	1	1	1	1	1	1	1
n/a	OG0009363	2	1	1	1	1	1	1	1	1
n/a	OG0009364	1	1	1	1	1	1	1	2	1
n/a	OG0009365	1	1	2	1	1	1	1	1	1
n/a	OG0009366	1	1	1	1	1	1	1	1	2
n/a	OG0009367	1	1	1	1	1	2	1	0	2
n/a	OG0009368	1	1	1	1	1	1	1	1	1
n/a	OG0009369	1	1	1	1	3	1	1	0	1
n/a	OG0009370	1	2	1	1	1	1	1	1	0
n/a	OG0009371	1	1	1	1	1	1	1	1	2
n/a	OG0009372	2	1	1	1	1	1	1	1	2
n/a	OG0009373	1	1	1	1	2	1	1	1	1
n/a	OG0009374	1	1	1	1	1	2	1	1	1
n/a	OG0009375	3	1	1	1	1	1	1	1	1
n/a	OG0009376	2	1	1	1	1	1	1	0	2
n/a	OG0009377	1	1	1	1	1	1	1	1	2
n/a	OG0009378	1	1	1	1	1	1	1	0	3
n/a	OG0009379	2	1	1	1	1	1	1	1	2
n/a	OG0009380	1	1	1	1	1	1	1	1	1
n/a	OG0009381	1	1	1	1	1	1	1	1	2
n/a	OG0009382	2	1	1	1	1	1	1	1	1
n/a	OG0009383	1	1	1	1	1	1	1	1	2
n/a	OG0009384	1	1	1	2	1	1	1	1	1
n/a	OG0009385	1	1	1	1	1	1	1	1	1
n/a	OG0009387	2	1	2	1	1	1	1	1	1
n/a	OG0009388	1	1	1	1	1	1	1	1	2
n/a	OG0009389	1	1	1	1	1	1	1	1	1
n/a	OG0009390	1	1	1	1	1	1	1	1	1
n/a	OG0009391	1	1	1	1	3	1	1	0	2
n/a	OG0009392	1	1	0	1	2	2	1	1	1
n/a	OG0009393	1	1	1	1	1	1	1	1	1
n/a	OG0009394	3	1	1	1	1	1	1	1	1
n/a	OG0009395	2	1	1	1	1	1	1	1	2
n/a	OG0009396	1	1	1	1	1	1	1	1	1
n/a	OG0009397	2	1	1	1	0	1	1	1	2
n/a	OG0009398	2	1	1	1	1	1	1	1	2
n/a	OG0009399	2	1	1	1	1	1	1	1	1
n/a	OG0009400	2	1	1	0	1	1	1	1	2
n/a	OG0009401	2	1	1	1	1	1	1	1	1
n/a	OG0009402	2	1	1	1	1	1	1	1	1
n/a	OG0009403	1	1	0	1	1	1	1	1	3
n/a	OG0009404	1	1	2	1	1	1	1	0	1
n/a	OG0009405	2	1	1	1	1	1	1	1	1
n/a	OG0009406	1	1	2	1	1	1	1	1	1
n/a	OG0009407	1	1	1	2	1	1	1	1	1
n/a	OG0009408	2	1	1	1	1	1	1	1	1
n/a	OG0009409	1	1	1	1	2	1	1	1	1
n/a	OG0009410	1	1	1	1	1	1	1	1	1
n/a	OG0009411	1	1	1	1	1	2	1	1	1
n/a	OG0009412	1	1	1	1	1	1	1	1	1
n/a	OG0009413	1	1	1	1	2	1	1	1	1
n/a	OG0009414	1	1	1	1	2	1	1	1	1
n/a	OG0009415	1	1	1	1	1	1	1	1	2
n/a	OG0009416	1	1	1	1	1	1	1	1	1
n/a	OG0009417	1	1	1	1	1	2	1	1	1
n/a	OG0009418	1	1	1	1	1	1	1	1	2
n/a	OG0009419	1	1	1	1	1	1	1	0	2
n/a	OG0009420	1	1	1	1	1	1	1	1	1
n/a	OG0009421	1	1	1	1	2	1	1	1	1
n/a	OG0009422	2	1	1	1	1	1	1	1	1
n/a	OG0009423	1	1	1	1	3	1	0	1	1
n/a	OG0009424	1	2	1	1	1	1	1	1	1
n/a	OG0009425	1	1	1	1	1	1	1	1	2
n/a	OG0009426	1	0	1	1	1	1	1	2	1
n/a	OG0009427	1	1	1	1	1	1	1	1	2
n/a	OG0009428	1	1	1	1	2	1	1	1	1
n/a	OG0009429	2	1	1	1	1	1	1	1	1
n/a	OG0009430	2	1	1	1	1	1	1	1	1
n/a	OG0009431	1	1	1	1	2	1	1	1	1
n/a	OG0009432	2	1	1	1	1	1	1	1	1
n/a	OG0009433	1	1	1	1	1	1	1	1	2
n/a	OG0009434	1	1	1	1	1	2	1	1	1
n/a	OG0009435	1	1	1	1	0	1	1	1	3
n/a	OG0009436	1	1	1	1	1	1	1	2	1
n/a	OG0009437	1	1	1	1	1	1	1	1	2
n/a	OG0009438	2	1	2	1	1	1	1	1	1
n/a	OG0009439	1	1	1	1	0	1	1	1	3
n/a	OG0009440	2	1	1	1	1	1	1	1	2
n/a	OG0009441	1	1	2	1	1	2	1	1	1
n/a	OG0009442	1	1	1	1	1	1	1	1	2
n/a	OG0009443	1	1	1	1	1	1	1	2	1
n/a	OG0009444	2	1	1	1	1	1	1	1	1
n/a	OG0009445	2	1	1	1	1	1	1	1	1
n/a	OG0009446	2	1	1	1	1	1	1	1	2
n/a	OG0009447	1	1	1	1	1	1	1	1	2
n/a	OG0009448	1	1	1	1	1	1	1	1	2
n/a	OG0009449	1	1	2	1	1	1	1	1	1
n/a	OG0009450	2	1	1	1	1	1	1	1	1
n/a	OG0009451	1	1	1	1	1	1	1	1	2
n/a	OG0009452	1	1	1	1	1	1	1	1	2
n/a	OG0009453	3	1	1	1	1	1	1	1	1
n/a	OG0009454	1	1	1	1	1	1	1	1	2
n/a	OG0009455	1	1	1	1	1	1	1	1	2
n/a	OG0009456	1	1	1	1	1	1	1	1	2
n/a	OG0009457	1	1	3	1	1	1	1	1	1
n/a	OG0009458	2	1	1	1	1	1	1	1	2
n/a	OG0009459	1	1	1	1	1	1	1	1	1
n/a	OG0009460	1	1	1	1	1	1	1	1	2
n/a	OG0009461	2	1	1	1	1	1	1	1	1
n/a	OG0009462	2	1	1	1	1	1	1	1	1
n/a	OG0009463	1	1	1	1	1	1	1	1	2
n/a	OG0009464	1	1	1	1	1	2	1	1	1
n/a	OG0009465	1	1	1	1	1	1	1	1	2
n/a	OG0009466	1	1	1	1	0	1	1	1	3
n/a	OG0009467	1	1	2	1	1	1	1	0	2
n/a	OG0009468	1	1	1	1	1	1	1	1	2
n/a	OG0009469	1	1	1	1	1	1	1	1	2
n/a	OG0009470	1	1	1	1	1	1	1	1	2
n/a	OG0009471	1	1	1	1	1	2	1	1	1
n/a	OG0009472	1	1	1	1	1	1	1	1	1
n/a	OG0009473	1	1	2	1	1	1	1	2	1
n/a	OG0009474	1	1	1	1	1	1	1	1	1
n/a	OG0009475	1	1	1	1	0	2	1	1	1
n/a	OG0009476	1	1	2	1	1	1	1	1	1
n/a	OG0009477	1	1	1	1	1	1	1	1	2
n/a	OG0009478	1	1	1	1	1	2	1	0	2
n/a	OG0009479	1	1	1	1	1	1	1	1	1
n/a	OG0009480	1	1	3	1	0	1	1	1	1
n/a	OG0009481	1	1	1	1	2	1	1	1	1
n/a	OG0009482	1	1	1	1	1	1	1	1	2
n/a	OG0009483	2	1	1	1	1	1	1	1	2
n/a	OG0009484	1	1	1	3	0	1	1	1	1
n/a	OG0009485	2	1	1	1	1	1	1	1	2
n/a	OG0009486	1	1	1	2	1	1	1	1	1
n/a	OG0009487	1	1	1	1	1	1	1	1	2
n/a	OG0009488	1	1	2	1	1	1	1	1	1
n/a	OG0009489	1	1	1	1	1	1	1	1	2
n/a	OG0009490	1	1	2	1	1	1	1	1	1
n/a	OG0009491	2	1	1	1	0	1	1	1	2
n/a	OG0009492	1	1	1	1	1	1	1	1	2
n/a	OG0009493	1	1	1	1	1	1	1	1	2
n/a	OG0009494	1	1	1	1	1	1	2	1	1
n/a	OG0009495	1	1	1	1	2	1	1	1	1
n/a	OG0009496	1	1	1	2	1	1	1	2	1
n/a	OG0009497	1	1	1	1	1	1	1	1	2
n/a	OG0009498	1	1	1	1	1	1	1	1	2
n/a	OG0009499	1	1	1	1	1	1	1	1	2
n/a	OG0009500	1	1	1	1	1	1	1	1	2
n/a	OG0009501	1	1	1	1	1	1	1	1	2
n/a	OG0009502	1	1	1	1	1	1	1	1	2
n/a	OG0009503	1	1	1	1	1	1	1	1	2
n/a	OG0009504	1	1	1	1	1	1	1	1	2
n/a	OG0009505	1	1	1	1	0	1	1	1	2
n/a	OG0009506	1	1	1	1	1	2	1	1	1
n/a	OG0009507	1	1	1	1	1	1	1	1	3
n/a	OG0009508	1	1	1	1	1	2	1	1	1
n/a	OG0009509	1	1	1	1	2	1	1	1	1
n/a	OG0009510	1	1	1	1	1	1	1	2	1
n/a	OG0009511	1	1	1	1	2	1	1	1	1
n/a	OG0009512	1	1	1	1	1	1	1	1	2
n/a	OG0009513	1	1	2	1	1	1	1	1	1
n/a	OG0009514	1	1	1	1	1	1	1	1	2
n/a	OG0009515	1	1	1	1	1	1	1	1	2
n/a	OG0009516	1	1	1	1	1	1	1	1	2
n/a	OG0009517	1	1	1	1	2	1	1	1	1
n/a	OG0009518	1	1	1	0	2	1	1	1	2
n/a	OG0009519	2	1	1	1	1	0	1	2	0
n/a	OG0009520	1	1	1	1	1	1	1	1	1
n/a	OG0009521	1	1	1	1	1	2	1	1	2
n/a	OG0009522	1	1	1	1	1	1	1	1	2
n/a	OG0009523	1	1	1	1	1	1	1	1	2
n/a	OG0009524	1	1	1	1	1	1	1	1	2
n/a	OG0009525	2	1	1	1	1	1	1	1	1
n/a	OG0009526	3	1	0	1	1	1	1	1	1
n/a	OG0009527	1	1	1	1	1	1	1	1	1
n/a	OG0009528	1	1	1	1	1	1	1	1	1
n/a	OG0009529	2	1	1	1	1	1	1	1	1
n/a	OG0009530	1	1	1	1	1	2	1	1	2
n/a	OG0009531	2	1	1	1	1	1	1	1	1
n/a	OG0009532	2	1	1	0	2	1	1	1	1
n/a	OG0009533	2	1	1	1	1	1	1	1	2
n/a	OG0009534	2	1	1	1	1	1	1	1	2
n/a	OG0009535	1	0	1	1	1	1	1	1	5
n/a	OG0009536	2	0	1	1	1	1	2	1	1
n/a	OG0009537	2	1	1	1	1	1	1	1	1
n/a	OG0009538	2	1	1	1	1	1	1	1	1
n/a	OG0009539	1	2	1	1	0	2	1	1	0
n/a	OG0009540	3	1	1	1	0	1	1	1	1
n/a	OG0009541	2	1	1	1	1	1	1	0	2
n/a	OG0009542	1	1	1	3	0	1	1	1	1
n/a	OG0009543	2	1	1	1	1	1	1	1	1
n/a	OG0009544	1	1	1	1	1	1	1	1	2
n/a	OG0009545	2	1	1	1	1	1	1	1	1
n/a	OG0009546	1	1	1	1	1	1	1	1	1
n/a	OG0009547	2	1	1	1	1	1	1	1	1
n/a	OG0009548	2	1	1	1	1	1	1	1	1
n/a	OG0009549	2	1	1	1	1	1	1	1	1
n/a	OG0009550	1	1	1	1	1	1	1	1	2
n/a	OG0009551	1	1	1	1	1	1	1	1	2
n/a	OG0009552	1	1	1	1	1	1	1	1	2
n/a	OG0009553	1	1	1	1	1	2	1	1	1
n/a	OG0009554	1	1	1	1	1	1	1	1	2
n/a	OG0009555	1	1	1	1	1	1	1	1	2
n/a	OG0009556	1	1	1	1	1	1	1	1	2
n/a	OG0009557	1	1	1	1	2	1	1	1	1
n/a	OG0009558	1	1	1	1	1	1	1	1	2
n/a	OG0009559	1	1	1	1	1	1	1	1	2
n/a	OG0009560	1	1	1	1	1	1	1	1	2
n/a	OG0009561	1	1	1	1	1	1	1	1	2
n/a	OG0009562	1	1	1	1	1	1	1	1	2
n/a	OG0009563	1	1	2	1	1	2	1	1	1
n/a	OG0009564	1	1	1	1	1	2	1	1	1
n/a	OG0009565	1	1	1	1	1	1	1	1	2
n/a	OG0009566	1	1	1	1	1	1	1	1	2
n/a	OG0009567	1	1	1	0	2	2	1	1	1
n/a	OG0009568	1	1	1	1	1	1	1	2	2
n/a	OG0009569	1	1	1	1	2	1	1	1	1
n/a	OG0009570	1	1	1	1	1	1	1	1	2
n/a	OG0009571	1	1	1	1	1	1	1	1	2
n/a	OG0009572	1	2	1	1	1	1	1	1	1
n/a	OG0009573	1	1	1	1	1	1	1	1	2
n/a	OG0009574	1	1	1	1	1	1	1	1	2
n/a	OG0009575	1	1	1	0	1	2	1	1	2
n/a	OG0009576	1	1	1	1	1	1	1	1	1
n/a	OG0009577	1	1	1	1	1	1	1	1	2
n/a	OG0009578	1	1	1	1	1	1	1	1	1
n/a	OG0009579	1	1	1	1	1	1	1	1	1
n/a	OG0009580	2	1	2	0	1	1	1	1	1
n/a	OG0009581	1	1	1	1	0	1	1	1	3
n/a	OG0009582	1	1	1	1	1	1	1	1	2
n/a	OG0009583	1	1	1	1	1	1	1	1	1
n/a	OG0009584	1	1	2	1	1	1	1	1	1
n/a	OG0009585	1	1	1	1	1	1	1	1	2
n/a	OG0009586	1	1	1	1	1	1	1	1	2
n/a	OG0009587	2	1	1	1	1	1	1	1	1
n/a	OG0009588	1	1	1	1	1	1	1	1	1
n/a	OG0009589	1	1	1	1	2	1	1	1	1
n/a	OG0009590	1	1	1	1	1	1	0	1	4
n/a	OG0009591	1	1	1	1	1	1	1	1	2
n/a	OG0009592	1	1	1	1	2	1	1	1	1
n/a	OG0009593	2	1	1	1	1	1	1	1	1
n/a	OG0009594	1	1	1	1	1	2	1	1	1
n/a	OG0009595	1	1	2	1	1	1	1	2	1
n/a	OG0009596	1	1	1	2	1	1	1	1	1
n/a	OG0009597	2	0	1	2	1	1	1	2	1
n/a	OG0009598	1	1	1	1	1	1	1	1	2
n/a	OG0009599	1	1	2	1	1	1	1	1	1
n/a	OG0009600	1	1	1	1	1	1	1	1	2
n/a	OG0009601	1	1	2	1	1	1	1	1	1
n/a	OG0009602	1	1	1	1	1	1	1	1	1
n/a	OG0009603	1	1	1	1	1	3	1	0	2
n/a	OG0009604	1	1	1	1	2	1	1	1	2
n/a	OG0009605	1	2	1	1	0	1	1	2	1
n/a	OG0009606	1	1	2	1	0	2	1	0	2
n/a	OG0009607	1	1	1	1	1	2	1	1	1
n/a	OG0009608	1	1	2	1	2	1	0	1	2
n/a	OG0009609	1	1	1	1	2	1	1	1	1
n/a	OG0009610	1	1	1	1	3	0	1	1	1
n/a	OG0009611	1	1	1	1	1	1	1	1	2
n/a	OG0009612	1	1	1	1	1	1	1	1	2
n/a	OG0009613	1	1	1	1	1	1	1	1	2
n/a	OG0009614	1	1	1	1	1	1	1	1	2
n/a	OG0009615	1	1	1	1	1	1	1	1	2
n/a	OG0009616	1	1	1	1	1	1	1	1	2
n/a	OG0009617	1	1	1	1	1	1	1	1	2
n/a	OG0009618	1	1	1	1	1	2	1	1	1
n/a	OG0009619	1	1	1	1	1	1	1	1	2
n/a	OG0009620	1	1	1	1	1	1	1	1	2
n/a	OG0009621	1	1	1	1	1	1	1	1	2
n/a	OG0009622	1	1	1	1	0	1	1	2	1
n/a	OG0009623	2	1	1	1	1	2	0	1	2
n/a	OG0009624	1	1	1	1	1	1	1	1	2
n/a	OG0009625	1	1	1	1	1	1	1	1	1
n/a	OG0009626	1	1	1	1	1	2	1	1	1
n/a	OG0009627	1	1	1	1	1	1	1	1	2
n/a	OG0009628	1	1	2	2	0	1	1	1	1
n/a	OG0009629	1	1	1	1	3	1	1	0	1
n/a	OG0009630	1	1	1	1	1	1	2	0	1
n/a	OG0009631	1	1	1	1	1	1	1	1	2
n/a	OG0009632	1	1	1	1	0	2	1	1	2
n/a	OG0009633	1	1	1	1	1	1	1	1	2
n/a	OG0009634	1	1	1	1	1	1	1	1	2
n/a	OG0009635	1	1	1	1	2	1	1	1	1
n/a	OG0009636	1	1	1	1	1	1	1	1	1
n/a	OG0009637	1	1	1	1	1	1	1	1	2
n/a	OG0009638	1	1	1	1	1	1	1	1	2
n/a	OG0009639	1	1	1	1	2	1	1	0	2
n/a	OG0009640	1	1	1	1	1	1	1	1	1
n/a	OG0009641	1	1	1	1	1	1	1	1	1
n/a	OG0009642	1	1	1	1	2	1	1	0	2
n/a	OG0009643	1	1	1	1	1	1	1	1	1
n/a	OG0009644	2	1	1	1	1	1	1	1	1
n/a	OG0009645	1	1	2	1	1	1	1	1	2
n/a	OG0009646	1	1	1	1	1	1	1	1	1
n/a	OG0009647	1	1	3	1	1	1	1	1	2
n/a	OG0009648	1	1	1	1	1	1	1	1	2
n/a	OG0009649	1	1	1	1	1	1	1	1	2
n/a	OG0009650	1	1	1	1	1	1	1	1	2
n/a	OG0009651	1	1	2	1	1	1	1	0	2
n/a	OG0009652	1	1	2	1	1	1	1	1	1
n/a	OG0009653	1	1	1	1	1	1	1	1	2
n/a	OG0009654	1	1	1	1	1	2	1	1	1
n/a	OG0009655	1	1	1	1	1	1	1	1	2
n/a	OG0009656	1	1	1	1	1	1	1	1	2
n/a	OG0009657	1	1	1	1	1	1	1	1	2
n/a	OG0009658	1	1	3	1	1	1	1	0	1
n/a	OG0009659	1	1	1	1	1	1	1	1	2
n/a	OG0009660	1	1	2	1	1	1	1	1	1
n/a	OG0009661	2	1	1	1	1	2	1	1	1
n/a	OG0009662	1	1	2	1	1	1	1	1	1
n/a	OG0009663	1	1	1	1	1	1	1	1	1
n/a	OG0009664	1	1	2	1	1	1	1	0	2
n/a	OG0009665	1	1	1	1	1	1	1	1	2
n/a	OG0009666	1	1	1	1	1	1	1	1	2
n/a	OG0009667	1	1	1	1	1	1	1	1	2
n/a	OG0009668	1	1	1	1	2	1	1	0	1
n/a	OG0009669	1	1	1	1	2	1	1	1	1
n/a	OG0009670	1	1	1	1	1	1	1	1	2
n/a	OG0009671	1	1	1	1	1	1	1	1	2
n/a	OG0009672	1	1	1	1	1	1	1	1	2
n/a	OG0009673	1	1	1	1	1	1	1	1	2
n/a	OG0009674	1	1	1	1	0	1	1	1	4
n/a	OG0009675	1	1	1	1	1	1	1	1	2
n/a	OG0009676	1	0	1	1	1	1	1	1	6
n/a	OG0009677	1	1	1	1	1	1	1	1	2
n/a	OG0009678	1	1	1	1	1	1	1	1	2
n/a	OG0009679	1	1	1	1	0	2	1	1	2
n/a	OG0009680	1	1	1	2	1	1	1	0	1
n/a	OG0009681	1	1	2	1	2	1	1	1	1
n/a	OG0009682	1	1	1	1	1	1	1	1	2
n/a	OG0009683	1	1	2	1	1	1	1	1	1
n/a	OG0009684	1	1	1	1	2	1	1	1	1
n/a	OG0009685	1	1	1	1	1	1	1	1	2
n/a	OG0009686	1	1	1	1	1	3	1	1	2
n/a	OG0009687	1	2	1	1	1	1	1	0	1
n/a	OG0009688	1	1	1	1	1	1	1	1	2
n/a	OG0009689	1	1	1	1	1	1	1	1	3
n/a	OG0009690	1	1	2	1	1	2	1	1	1
n/a	OG0009691	1	1	1	1	1	1	1	1	2
n/a	OG0009692	1	1	1	1	1	1	1	1	1
n/a	OG0009693	1	1	1	1	1	1	1	1	2
n/a	OG0009694	2	1	1	1	1	2	1	1	1
n/a	OG0009695	1	1	1	1	1	1	1	1	2
n/a	OG0009696	1	1	1	1	1	1	1	1	2
n/a	OG0009697	1	1	1	1	1	1	1	1	2
n/a	OG0009698	1	1	1	1	1	1	1	1	2
n/a	OG0009699	1	1	1	1	1	1	1	1	2
n/a	OG0009700	1	1	1	1	2	1	1	1	1
n/a	OG0009701	1	1	1	1	1	1	1	1	2
n/a	OG0009702	1	1	1	1	1	1	1	1	1
n/a	OG0009703	1	1	2	1	2	1	1	1	1
n/a	OG0009704	1	1	1	1	1	1	1	1	2
n/a	OG0009705	1	1	1	1	1	1	1	1	2
n/a	OG0009706	1	1	2	1	1	1	1	1	1
n/a	OG0009707	1	1	2	1	1	1	1	1	1
n/a	OG0009708	1	1	2	1	1	2	0	0	2
n/a	OG0009709	1	1	1	1	1	1	1	1	2
n/a	OG0009710	1	1	1	1	1	1	1	1	2
n/a	OG0009711	1	1	1	1	1	1	1	1	2
n/a	OG0009712	1	1	1	1	1	1	1	1	2
n/a	OG0009713	1	0	1	0	1	1	2	1	2
n/a	OG0009714	1	1	2	1	1	1	1	1	1
n/a	OG0009715	1	1	2	1	1	1	1	1	2
n/a	OG0009716	1	1	3	0	1	1	1	1	1
n/a	OG0009717	1	1	1	1	1	1	1	1	1
n/a	OG0009718	1	1	1	1	1	1	1	1	2
n/a	OG0009719	1	1	1	1	1	1	1	1	1
n/a	OG0009720	1	1	1	1	1	2	1	0	2
n/a	OG0009721	1	0	1	0	0	0	1	0	9
n/a	OG0009722	1	0	4	0	0	0	3	0	0
n/a	OG0009723	1	0	3	0	1	0	3	0	0
n/a	OG0009724	1	2	1	0	0	1	2	1	0
n/a	OG0009725	0	1	1	2	1	1	1	1	1
n/a	OG0009726	0	4	2	1	0	0	0	0	0
n/a	OG0009727	0	1	1	0	1	2	1	1	3
n/a	OG0009728	0	1	1	1	1	1	1	1	2
n/a	OG0009729	0	4	0	0	0	0	0	0	0
n/a	OG0009730	0	1	1	1	1	2	1	1	1
n/a	OG0009731	0	1	2	0	0	1	1	2	1
n/a	OG0009732	0	2	0	2	2	1	1	1	0
n/a	OG0009733	0	3	2	0	4	0	0	0	0
n/a	OG0009734	0	1	1	0	1	1	2	2	1
n/a	OG0009735	0	1	1	2	2	3	0	0	2
n/a	OG0009736	0	1	1	1	3	1	1	1	1
n/a	OG0009737	0	2	1	1	1	1	1	1	1
n/a	OG0009738	0	1	1	1	1	1	2	1	0
n/a	OG0009739	0	1	1	1	2	2	1	0	2
n/a	OG0009740	0	3	1	1	0	0	1	1	0
n/a	OG0009741	0	1	1	1	1	1	2	1	1
n/a	OG0009742	0	2	1	1	1	1	1	1	1
n/a	OG0009743	0	1	0	1	0	0	3	1	0
n/a	OG0009744	0	1	1	1	3	1	1	1	1
n/a	OG0009745	0	2	0	3	1	0	1	2	0
n/a	OG0009746	0	1	1	2	1	1	1	1	1
n/a	OG0009747	0	2	1	0	1	1	1	1	1
n/a	OG0009748	0	3	0	0	1	1	0	1	0
n/a	OG0009749	0	2	0	1	0	0	2	1	0
n/a	OG0009750	0	2	0	6	0	0	1	0	0
n/a	OG0009751	0	3	0	0	0	0	1	1	0
n/a	OG0009752	0	2	1	1	1	1	1	1	1
n/a	OG0009753	0	1	1	1	1	1	1	0	4
n/a	OG0009754	0	1	1	1	0	1	1	2	2
n/a	OG0009755	0	1	1	1	1	2	1	1	2
n/a	OG0009756	0	5	0	0	0	0	0	0	0
n/a	OG0009757	0	3	1	0	2	1	1	0	0
n/a	OG0009758	0	1	0	0	0	0	3	1	0
n/a	OG0009759	0	4	0	0	0	1	0	0	1
n/a	OG0009760	0	1	1	1	7	1	0	1	0
n/a	OG0009761	0	2	3	1	1	1	1	1	0
n/a	OG0009762	0	1	1	2	2	0	2	0	0
n/a	OG0009763	0	2	1	2	1	1	1	0	1
n/a	OG0009764	0	3	3	1	0	0	1	0	0
n/a	OG0009765	0	2	0	1	1	1	1	0	2
n/a	OG0009766	0	2	2	1	1	0	1	1	0
n/a	OG0009767	0	1	0	1	1	2	1	1	3
n/a	OG0009768	0	2	1	1	0	0	2	2	0
n/a	OG0009769	0	1	2	1	1	1	1	1	2
n/a	OG0009770	0	1	1	1	1	1	1	2	1
n/a	OG0009772	0	1	1	1	1	1	1	1	3
n/a	OG0009773	0	1	1	1	1	1	1	1	2
n/a	OG0009774	0	1	1	5	0	0	2	0	0
n/a	OG0009775	0	1	1	1	2	1	1	1	2
n/a	OG0009776	0	1	1	1	1	2	1	1	2
n/a	OG0009777	0	2	1	1	2	0	1	2	0
n/a	OG0009778	0	1	1	1	0	1	2	2	1
n/a	OG0009779	0	1	1	1	1	2	1	2	1
n/a	OG0009780	0	1	8	0	4	0	0	0	0
n/a	OG0009781	0	1	1	1	1	2	1	1	1
n/a	OG0009782	0	1	2	1	1	1	1	1	2
n/a	OG0009783	0	1	1	1	1	1	1	2	1
n/a	OG0009784	0	1	1	2	0	1	2	2	0
n/a	OG0009785	0	2	1	1	1	1	1	0	1
n/a	OG0009786	0	1	2	1	2	2	1	1	1
n/a	OG0009787	0	1	1	1	1	1	1	1	3
n/a	OG0009788	0	1	1	3	1	1	1	1	1
n/a	OG0009789	0	2	2	0	2	1	1	0	2
n/a	OG0009790	0	1	1	0	1	4	1	1	1
n/a	OG0009791	0	1	1	2	1	1	1	1	2
n/a	OG0009792	0	2	1	1	1	1	1	1	1
n/a	OG0009793	0	2	0	0	0	0	2	2	0
n/a	OG0009794	0	1	1	1	2	1	1	1	2
n/a	OG0009795	0	1	1	1	1	1	1	1	3
n/a	OG0009796	0	1	1	1	3	1	1	0	2
n/a	OG0009797	0	1	1	2	2	0	1	2	0
n/a	OG0009798	0	1	1	1	2	1	1	0	2
n/a	OG0009799	0	1	1	1	3	1	1	1	1
n/a	OG0009800	0	1	2	1	1	1	1	1	2
n/a	OG0009801	0	2	1	1	1	1	1	1	1
n/a	OG0009802	0	1	1	0	2	2	1	1	2
n/a	OG0009803	0	1	1	2	1	1	1	1	2
n/a	OG0009804	0	1	1	2	1	1	1	1	2
n/a	OG0009805	0	1	1	1	1	1	1	1	3
n/a	OG0009806	0	1	1	1	0	1	1	1	4
n/a	OG0009807	0	1	1	1	1	2	1	1	2
n/a	OG0009808	0	1	2	1	1	2	1	1	2
n/a	OG0009809	0	1	1	1	0	2	1	2	1
n/a	OG0009810	0	0	0	0	0	0	0	0	12
n/a	OG0009811	0	2	1	1	1	2	0	0	2
n/a	OG0009812	0	3	0	0	0	0	1	1	0
n/a	OG0009813	0	4	0	1	0	0	1	0	0
n/a	OG0009814	0	1	1	1	2	1	1	1	2
n/a	OG0009815	0	1	1	1	1	1	1	1	3
n/a	OG0009816	0	1	1	1	1	2	1	1	2
n/a	OG0009817	0	1	2	1	1	1	1	2	0
n/a	OG0009818	0	0	0	0	0	2	0	0	11
n/a	OG0009819	0	1	3	0	0	1	2	1	1
n/a	OG0009820	0	1	1	2	0	1	1	2	1
n/a	OG0009821	0	0	1	1	3	0	0	4	0
n/a	OG0009822	0	1	1	0	1	1	2	2	1
n/a	OG0009823	0	1	1	1	2	1	1	1	2
n/a	OG0009824	0	2	0	6	0	0	0	1	0
n/a	OG0009825	0	1	1	4	0	1	1	1	1
n/a	OG0009826	0	2	1	1	1	1	1	1	1
n/a	OG0009827	0	1	1	1	2	2	1	1	1
n/a	OG0009828	0	1	1	1	1	1	1	2	0
n/a	OG0009829	0	1	1	1	1	1	1	1	2
n/a	OG0009830	0	1	1	1	2	1	1	1	4
n/a	OG0009831	0	1	1	1	1	2	2	2	0
n/a	OG0009832	0	2	1	1	0	1	1	1	1
n/a	OG0009833	0	1	1	1	1	2	1	1	2
n/a	OG0009834	0	1	1	0	1	1	1	2	1
n/a	OG0009835	0	1	1	1	2	1	1	1	1
n/a	OG0009836	0	2	1	1	1	1	1	1	1
n/a	OG0009837	0	1	1	1	1	1	2	1	0
n/a	OG0009838	0	1	0	0	1	0	2	2	0
n/a	OG0009839	0	1	1	1	1	2	1	1	1
n/a	OG0009840	0	1	1	1	1	1	1	1	2
n/a	OG0009841	0	2	1	0	1	1	1	2	0
n/a	OG0009842	0	1	3	1	2	1	1	1	0
n/a	OG0009843	0	1	2	0	2	2	1	1	1
n/a	OG0009844	0	1	1	1	1	1	1	2	2
n/a	OG0009845	0	1	1	1	1	1	1	2	1
n/a	OG0009846	0	1	1	1	1	1	1	2	1
n/a	OG0009847	0	1	1	1	1	1	1	1	3
n/a	OG0009848	0	1	1	1	0	1	2	2	0
n/a	OG0009849	0	1	1	1	0	1	1	2	2
n/a	OG0009850	0	1	2	1	1	1	1	1	2
n/a	OG0009851	0	1	2	0	2	1	1	1	2
n/a	OG0009852	0	1	2	1	2	2	1	0	2
n/a	OG0009853	0	2	1	0	0	4	0	0	3
n/a	OG0009854	0	0	0	3	0	0	2	2	0
n/a	OG0009855	0	1	1	1	2	1	1	1	2
n/a	OG0009856	0	1	1	1	1	2	1	1	3
n/a	OG0009857	0	1	1	1	0	1	1	1	5
n/a	OG0009858	0	1	1	1	1	2	1	1	1
n/a	OG0009859	0	1	1	1	2	1	1	1	2
n/a	OG0009860	0	1	1	1	1	1	1	1	3
n/a	OG0009861	0	2	1	1	1	1	1	1	1
n/a	OG0009862	0	2	0	0	0	0	2	2	0
n/a	OG0009863	0	1	1	1	1	2	1	1	3
n/a	OG0009864	0	1	1	1	0	1	1	1	5
n/a	OG0009865	0	1	0	0	0	1	2	1	3
n/a	OG0009866	0	1	1	1	1	1	1	2	1
n/a	OG0009867	0	1	1	1	2	1	1	1	2
n/a	OG0009868	0	1	1	1	0	2	2	1	1
n/a	OG0009869	0	1	1	1	2	1	1	1	3
n/a	OG0009870	0	1	1	1	2	2	1	1	1
n/a	OG0009871	0	1	1	1	1	1	1	1	2
n/a	OG0009872	0	1	0	3	0	0	2	2	0
n/a	OG0009873	0	1	1	1	3	1	1	1	1
n/a	OG0009874	0	1	1	1	0	1	1	1	4
n/a	OG0009875	0	1	1	1	1	1	1	1	4
n/a	OG0009876	0	1	1	1	1	1	1	2	1
n/a	OG0009877	0	1	1	1	2	1	1	1	2
n/a	OG0009878	0	1	2	0	1	1	2	2	0
n/a	OG0009879	0	1	0	5	0	0	2	0	0
n/a	OG0009880	0	1	1	1	1	1	1	1	3
n/a	OG0009881	0	1	1	1	1	1	1	1	3
n/a	OG0009882	0	1	2	1	1	1	1	1	2
n/a	OG0009883	0	1	1	1	3	1	1	1	2
n/a	OG0009884	0	1	1	1	1	3	1	1	1
n/a	OG0009885	0	2	1	1	1	1	1	1	1
n/a	OG0009886	0	1	1	1	1	2	1	1	2
n/a	OG0009887	0	1	2	1	2	1	1	0	2
n/a	OG0009888	0	2	1	1	1	1	1	1	1
n/a	OG0009889	0	1	1	1	2	2	1	1	1
n/a	OG0009890	0	1	1	1	2	2	1	1	1
n/a	OG0009891	0	1	2	1	2	1	1	1	1
n/a	OG0009892	0	2	1	1	1	1	1	1	1
n/a	OG0009893	0	2	1	1	0	0	1	2	0
n/a	OG0009894	0	1	1	1	1	1	2	1	1
n/a	OG0009895	0	1	1	1	0	0	2	2	0
n/a	OG0009896	0	1	1	1	2	1	1	1	2
n/a	OG0009897	0	1	1	1	1	1	1	1	3
n/a	OG0009898	0	1	1	1	1	1	2	1	1
n/a	OG0009899	0	1	2	1	1	1	1	1	2
n/a	OG0009900	0	0	2	0	0	0	3	2	0
n/a	OG0009901	0	1	1	1	0	1	2	2	1
n/a	OG0009902	0	1	1	1	1	1	1	1	3
n/a	OG0009903	0	1	1	4	1	1	1	1	1
n/a	OG0009904	0	1	1	1	2	1	1	1	1
n/a	OG0009905	0	1	1	1	3	3	1	0	1
n/a	OG0009906	0	1	1	1	1	3	1	1	1
n/a	OG0009907	0	0	6	0	0	0	1	3	0
n/a	OG0009908	0	1	2	1	1	1	1	0	2
n/a	OG0009909	0	1	3	1	1	1	1	1	1
n/a	OG0009910	0	1	1	1	1	1	1	1	2
n/a	OG0009911	0	1	1	1	1	3	1	1	1
n/a	OG0009912	0	1	2	1	1	1	1	1	2
n/a	OG0009913	0	1	1	1	1	2	1	1	2
n/a	OG0009914	0	2	1	0	1	1	1	1	1
n/a	OG0009915	0	1	1	1	2	1	1	1	2
n/a	OG0009916	0	1	3	1	1	1	1	1	1
n/a	OG0009917	0	1	2	3	1	1	1	1	1
n/a	OG0009918	0	1	1	1	2	1	1	1	2
n/a	OG0009919	0	0	2	2	2	1	2	2	0
n/a	OG0009920	0	0	2	4	0	0	3	0	0
n/a	OG0009921	0	0	2	0	0	0	3	2	0
n/a	OG0009922	0	0	1	2	1	2	2	1	1
n/a	OG0009923	0	0	4	0	0	0	3	0	0
n/a	OG0009924	0	0	2	1	2	2	1	1	3
n/a	OG0009925	0	0	1	1	0	9	1	1	0
n/a	OG0009926	0	0	1	1	2	1	2	2	1
n/a	OG0009927	0	0	2	2	1	1	2	2	1
n/a	OG0009928	0	0	0	4	0	0	3	2	0
n/a	OG0009929	0	0	0	2	3	0	2	2	0
n/a	OG0009930	0	0	0	1	5	0	2	2	1
n/a	OG0009931	0	0	0	2	0	0	2	4	0
n/a	OG0009932	0	0	0	1	1	0	1	0	11
n/a	OG0009933	0	0	0	1	0	0	3	3	0
n/a	OG0009934	0	0	0	0	2	6	2	1	0
n/a	OG0009935	0	0	0	0	9	5	0	0	1
n/a	OG0009939	0	1	1	1	1	0	1	1	2
n/a	OG0009940	2	1	1	1	0	1	1	1	1
n/a	OG0009941	1	1	1	1	1	1	1	1	1
n/a	OG0009942	1	1	1	2	1	1	1	0	1
n/a	OG0009943	1	1	1	1	1	1	1	1	1
n/a	OG0009944	2	0	1	2	1	0	2	0	0
n/a	OG0009945	1	1	1	1	1	1	1	1	1
n/a	OG0009946	0	0	2	0	2	9	0	0	1
n/a	OG0009947	3	1	1	1	1	1	1	0	1
n/a	OG0009948	0	1	1	1	1	1	1	1	2
n/a	OG0009949	1	1	1	1	0	1	1	1	2
n/a	OG0009950	2	1	1	1	1	1	1	1	1
n/a	OG0009951	1	1	1	1	1	1	1	1	1
n/a	OG0009952	2	1	1	1	1	1	1	0	1
n/a	OG0009953	2	1	1	1	1	1	1	1	1
n/a	OG0009954	2	1	1	1	0	1	1	1	2
n/a	OG0009955	1	0	2	1	1	2	1	1	2
n/a	OG0009956	1	1	1	1	1	1	1	1	1
n/a	OG0009957	2	1	1	1	1	1	1	0	1
n/a	OG0009958	2	1	1	1	1	1	1	0	1
n/a	OG0009959	3	0	1	1	1	1	1	1	1
n/a	OG0009960	0	1	1	3	1	1	1	1	1
n/a	OG0009961	0	1	1	1	2	2	1	1	1
n/a	OG0009962	1	1	1	1	0	1	1	1	2
n/a	OG0009963	1	1	1	1	1	1	1	0	2
n/a	OG0009964	2	1	1	1	1	1	1	0	2
n/a	OG0009965	1	1	1	1	1	1	1	1	1
n/a	OG0009966	1	1	1	1	1	1	1	1	1
n/a	OG0009967	1	1	1	1	1	1	1	1	1
n/a	OG0009968	1	1	1	1	1	1	1	1	1
n/a	OG0009969	3	1	1	1	1	1	1	0	1
n/a	OG0009970	2	1	1	1	1	1	1	1	1
n/a	OG0009971	1	1	1	1	1	1	1	1	1
n/a	OG0009972	2	1	1	1	0	1	1	1	1
n/a	OG0009973	1	1	1	1	1	1	1	1	1
n/a	OG0009974	1	1	1	1	1	1	1	1	1
n/a	OG0009975	1	1	1	1	1	1	1	1	1
n/a	OG0009976	1	1	1	1	1	1	1	1	1
n/a	OG0009977	1	1	1	1	1	1	1	1	1
n/a	OG0009978	1	1	1	1	1	1	1	1	1
n/a	OG0009979	1	1	1	1	1	1	1	1	1
n/a	OG0009980	1	1	1	1	1	1	1	1	1
n/a	OG0009981	1	1	1	1	1	1	1	1	1
n/a	OG0009982	1	1	1	1	1	2	1	0	1
n/a	OG0009983	1	1	1	1	1	1	1	0	2
n/a	OG0009984	1	1	1	1	1	1	1	1	1
n/a	OG0009985	1	1	1	1	1	1	1	0	2
n/a	OG0009986	1	1	1	1	1	1	1	1	1
n/a	OG0009987	2	1	1	1	1	1	1	1	1
n/a	OG0009988	1	1	1	1	1	1	1	1	1
n/a	OG0009989	1	1	1	1	1	1	1	1	1
n/a	OG0009990	2	1	1	1	0	2	1	0	2
n/a	OG0009991	1	1	1	1	1	1	1	1	1
n/a	OG0009992	1	1	1	1	0	2	1	1	1
n/a	OG0009993	1	1	1	1	1	1	1	1	1
n/a	OG0009994	1	1	2	0	1	1	1	1	1
n/a	OG0009995	1	1	1	1	1	1	1	1	1
n/a	OG0009996	1	1	1	1	1	1	1	1	1
n/a	OG0009997	2	1	1	1	1	1	1	1	1
n/a	OG0009998	1	1	1	1	1	1	1	1	2
n/a	OG0009999	1	1	1	1	1	1	1	1	1
n/a	OG0010000	1	1	1	1	1	1	1	1	1
n/a	OG0010001	2	1	1	1	1	1	1	1	1
n/a	OG0010002	3	1	1	0	0	1	1	1	1
n/a	OG0010003	1	1	1	1	1	1	1	1	1
n/a	OG0010004	1	1	1	2	0	1	1	1	1
n/a	OG0010005	2	1	1	1	0	1	1	1	2
n/a	OG0010006	1	1	1	1	1	1	1	1	1
n/a	OG0010007	1	1	1	1	1	1	1	1	2
n/a	OG0010008	1	1	1	1	1	1	1	1	1
n/a	OG0010009	2	1	1	1	0	1	1	1	1
n/a	OG0010010	1	1	1	1	1	2	1	1	1
n/a	OG0010011	1	1	1	1	1	1	1	1	1
n/a	OG0010012	1	0	2	1	1	2	1	1	2
n/a	OG0010013	1	1	1	1	1	1	1	1	1
n/a	OG0010014	1	1	1	1	0	1	1	1	2
n/a	OG0010015	1	1	1	1	1	1	1	1	1
n/a	OG0010016	1	1	1	1	1	1	1	1	1
n/a	OG0010017	1	1	1	1	1	1	1	1	1
n/a	OG0010018	1	1	1	1	1	1	1	1	2
n/a	OG0010019	1	1	1	1	1	1	1	1	1
n/a	OG0010020	1	1	1	1	1	1	1	1	1
n/a	OG0010021	1	1	1	1	0	1	1	1	2
n/a	OG0010022	3	1	1	1	0	1	1	1	1
n/a	OG0010023	1	1	1	1	1	1	1	1	1
n/a	OG0010024	1	1	1	1	1	1	1	1	1
n/a	OG0010025	1	1	1	1	1	1	1	1	1
n/a	OG0010026	1	1	1	1	1	1	1	1	1
n/a	OG0010027	1	1	1	1	1	1	1	1	1
n/a	OG0010028	1	1	1	1	1	1	1	1	1
n/a	OG0010029	1	1	1	1	1	1	1	1	1
n/a	OG0010030	1	1	1	1	1	1	1	1	1
n/a	OG0010031	1	2	1	1	0	1	1	0	0
n/a	OG0010032	1	1	2	0	1	1	1	1	1
n/a	OG0010033	1	1	1	1	1	1	1	1	1
n/a	OG0010034	1	1	1	1	1	1	1	1	1
n/a	OG0010035	1	1	1	1	1	1	1	1	1
n/a	OG0010036	1	1	1	1	0	1	1	1	2
n/a	OG0010037	2	1	1	1	1	1	1	1	1
n/a	OG0010038	2	1	1	1	1	1	1	1	1
n/a	OG0010039	1	1	1	0	1	2	1	1	1
n/a	OG0010040	1	1	1	1	1	1	1	1	1
n/a	OG0010041	1	1	1	1	1	1	1	1	1
n/a	OG0010042	1	1	1	1	1	1	1	1	1
n/a	OG0010043	3	1	1	1	1	1	0	0	2
n/a	OG0010044	1	1	1	1	1	1	1	1	1
n/a	OG0010045	4	0	1	1	0	1	1	1	2
n/a	OG0010046	1	1	2	1	1	1	1	1	1
n/a	OG0010047	1	1	1	1	0	1	1	1	2
n/a	OG0010048	1	1	1	1	1	1	1	1	1
n/a	OG0010049	2	1	1	0	1	1	1	1	1
n/a	OG0010050	1	1	1	1	1	1	1	1	1
n/a	OG0010051	2	1	1	1	1	1	1	1	1
n/a	OG0010052	1	1	1	1	2	1	1	0	1
n/a	OG0010053	1	1	1	1	1	1	1	1	2
n/a	OG0010054	1	1	1	1	1	1	1	1	1
n/a	OG0010055	1	1	1	1	1	1	1	1	2
n/a	OG0010056	1	1	1	1	1	1	1	1	1
n/a	OG0010057	1	1	1	1	1	1	1	1	1
n/a	OG0010058	2	1	1	1	0	1	1	1	1
n/a	OG0010059	1	1	1	1	1	1	1	1	1
n/a	OG0010060	1	1	1	1	1	1	1	1	1
n/a	OG0010061	1	1	1	1	1	1	1	1	1
n/a	OG0010062	2	1	1	1	1	1	1	1	1
n/a	OG0010063	1	1	1	1	1	1	1	1	1
n/a	OG0010064	1	1	1	1	2	1	1	1	1
n/a	OG0010065	1	1	1	1	1	1	1	1	1
n/a	OG0010066	1	1	1	1	1	1	1	1	1
n/a	OG0010067	1	1	1	1	1	1	1	1	2
n/a	OG0010068	1	1	1	1	0	1	1	1	2
n/a	OG0010069	1	1	1	1	1	1	1	1	1
n/a	OG0010070	1	1	1	1	1	1	1	1	1
n/a	OG0010071	1	1	1	1	1	0	1	1	1
n/a	OG0010072	1	1	1	1	1	1	0	1	3
n/a	OG0010073	1	1	1	1	0	2	1	1	1
n/a	OG0010074	1	1	1	1	1	1	1	1	1
n/a	OG0010075	2	1	1	1	1	1	1	0	1
n/a	OG0010076	1	1	1	1	1	1	1	1	1
n/a	OG0010077	1	1	1	1	1	1	1	1	1
n/a	OG0010078	1	1	1	1	1	1	1	1	1
n/a	OG0010079	2	1	1	1	0	1	1	1	1
n/a	OG0010080	1	1	1	1	0	1	1	1	2
n/a	OG0010081	1	1	1	1	1	1	1	1	2
n/a	OG0010082	1	1	1	1	1	1	1	1	1
n/a	OG0010083	1	1	1	2	1	1	1	1	0
n/a	OG0010084	3	1	0	1	1	1	1	1	0
n/a	OG0010085	1	1	2	1	1	1	1	1	1
n/a	OG0010086	1	1	1	1	1	1	1	1	1
n/a	OG0010087	1	1	1	1	0	1	1	1	2
n/a	OG0010088	1	1	1	1	1	1	1	1	2
n/a	OG0010089	1	1	1	1	1	1	1	1	1
n/a	OG0010090	1	1	2	1	0	1	1	1	1
n/a	OG0010091	1	1	1	1	0	1	1	1	2
n/a	OG0010092	2	1	1	1	0	1	1	1	1
n/a	OG0010093	2	1	1	1	0	1	1	1	2
n/a	OG0010094	1	1	1	1	1	1	1	1	1
n/a	OG0010095	2	1	1	1	1	1	1	1	0
n/a	OG0010096	1	1	1	1	1	1	1	1	1
n/a	OG0010097	1	1	1	0	1	1	1	1	2
n/a	OG0010098	1	1	1	1	1	1	1	1	1
n/a	OG0010099	1	1	1	1	1	1	1	1	1
n/a	OG0010100	3	1	1	1	0	1	1	0	1
n/a	OG0010101	1	1	1	1	1	1	1	1	1
n/a	OG0010102	1	1	0	1	1	1	1	1	1
n/a	OG0010103	2	1	1	1	1	1	1	0	1
n/a	OG0010104	1	1	1	1	1	1	1	1	1
n/a	OG0010105	2	1	1	1	1	1	1	0	2
n/a	OG0010106	1	0	0	1	4	1	1	1	1
n/a	OG0010107	1	1	1	1	1	1	1	1	1
n/a	OG0010108	1	1	1	1	1	1	1	1	1
n/a	OG0010109	1	1	1	1	1	1	1	1	1
n/a	OG0010110	2	1	1	1	1	1	1	1	1
n/a	OG0010111	1	1	1	1	3	1	1	0	1
n/a	OG0010112	1	1	1	1	1	1	1	1	2
n/a	OG0010113	1	1	1	1	0	1	1	1	2
n/a	OG0010114	1	1	1	0	2	2	1	0	1
n/a	OG0010115	2	1	1	1	1	1	0	1	2
n/a	OG0010116	2	1	1	1	1	1	1	1	1
n/a	OG0010117	1	1	1	1	1	1	1	0	2
n/a	OG0010118	1	1	1	1	1	1	1	1	1
n/a	OG0010119	2	1	1	1	1	1	1	1	1
n/a	OG0010120	1	1	1	1	1	1	1	1	1
n/a	OG0010121	1	1	1	1	1	1	1	1	1
n/a	OG0010122	1	1	1	0	1	1	1	1	2
n/a	OG0010123	1	1	1	1	1	1	1	1	1
n/a	OG0010124	1	1	1	1	0	1	1	1	1
n/a	OG0010125	1	1	1	1	2	2	1	0	1
n/a	OG0010126	1	1	0	1	2	1	1	1	1
n/a	OG0010127	1	1	1	1	1	1	1	1	1
n/a	OG0010128	7	1	0	0	4	1	0	0	0
n/a	OG0010129	1	1	1	1	1	1	1	1	2
n/a	OG0010130	2	1	1	1	1	1	1	1	2
n/a	OG0010131	1	1	1	1	1	1	1	1	1
n/a	OG0010132	1	1	1	1	1	2	1	0	2
n/a	OG0010133	1	1	1	1	1	1	1	1	1
n/a	OG0010134	1	1	1	0	1	1	1	1	2
n/a	OG0010135	1	1	1	1	1	2	1	0	1
n/a	OG0010136	1	1	1	1	1	1	1	1	1
n/a	OG0010137	1	1	1	1	1	1	1	1	1
n/a	OG0010138	1	1	1	1	1	1	0	1	3
n/a	OG0010139	1	1	1	1	0	1	1	1	2
n/a	OG0010140	1	1	1	1	1	1	1	1	2
n/a	OG0010141	1	1	1	1	2	2	1	0	2
n/a	OG0010142	1	1	1	1	1	1	1	1	1
n/a	OG0010143	1	1	1	1	1	1	1	1	1
n/a	OG0010144	1	1	1	0	1	1	1	1	2
n/a	OG0010145	1	1	1	1	1	1	1	1	1
n/a	OG0010146	1	1	1	0	1	1	1	1	2
n/a	OG0010147	1	1	1	1	1	1	1	1	1
n/a	OG0010148	1	1	1	1	1	1	1	1	1
n/a	OG0010149	1	1	1	1	1	1	1	1	1
n/a	OG0010150	1	1	1	1	1	1	1	1	1
n/a	OG0010151	2	1	1	1	1	1	1	1	1
n/a	OG0010152	1	1	1	1	1	1	1	1	2
n/a	OG0010153	1	1	1	1	1	1	1	1	1
n/a	OG0010154	1	1	1	1	1	1	1	1	1
n/a	OG0010155	1	1	1	1	1	1	1	1	1
n/a	OG0010156	2	1	1	1	1	1	1	1	1
n/a	OG0010157	1	1	1	2	1	1	1	0	1
n/a	OG0010158	1	1	1	1	1	1	1	1	1
n/a	OG0010159	1	1	1	1	1	1	1	1	1
n/a	OG0010160	1	1	1	1	1	1	1	1	1
n/a	OG0010161	1	1	1	1	1	1	1	1	1
n/a	OG0010162	2	1	1	1	0	1	1	1	1
n/a	OG0010163	1	1	1	1	1	1	1	1	1
n/a	OG0010164	2	0	2	1	1	1	1	1	1
n/a	OG0010165	1	1	1	1	1	1	1	1	1
n/a	OG0010166	2	0	3	1	1	1	1	1	1
n/a	OG0010167	1	1	1	1	1	1	1	1	1
n/a	OG0010168	1	1	2	2	0	1	1	1	1
n/a	OG0010169	2	1	1	1	0	1	1	1	1
n/a	OG0010170	2	1	1	1	1	1	1	1	1
n/a	OG0010171	1	1	1	1	1	1	1	1	1
n/a	OG0010172	1	1	1	1	0	1	1	1	1
n/a	OG0010173	1	1	1	1	1	1	1	1	1
n/a	OG0010174	1	1	1	1	2	1	1	1	1
n/a	OG0010175	1	1	1	1	1	1	1	1	1
n/a	OG0010176	3	1	1	1	1	1	1	1	1
n/a	OG0010177	1	1	1	1	2	1	1	0	2
n/a	OG0010178	1	1	1	1	1	1	1	1	1
n/a	OG0010179	1	1	1	1	1	1	1	1	1
n/a	OG0010180	1	1	1	1	1	1	1	1	1
n/a	OG0010181	1	1	1	1	1	1	1	1	1
n/a	OG0010182	3	0	2	0	1	1	1	1	2
n/a	OG0010183	2	1	1	1	1	1	1	1	1
n/a	OG0010184	2	1	1	1	1	1	1	0	2
n/a	OG0010185	1	1	2	1	1	1	1	1	1
n/a	OG0010186	1	1	1	1	1	1	1	1	1
n/a	OG0010187	1	1	1	1	1	1	1	1	1
n/a	OG0010188	1	1	1	1	1	1	1	1	1
n/a	OG0010189	1	1	1	1	1	1	1	1	2
n/a	OG0010190	2	1	1	1	1	1	1	0	1
n/a	OG0010191	1	1	1	1	2	1	1	1	2
n/a	OG0010192	1	1	1	1	1	1	1	1	1
n/a	OG0010193	1	1	1	1	0	2	1	1	1
n/a	OG0010194	1	1	1	1	0	1	1	1	2
n/a	OG0010195	1	1	1	1	1	1	1	1	1
n/a	OG0010196	1	1	1	0	1	1	1	2	1
n/a	OG0010197	1	1	1	1	1	1	1	1	1
n/a	OG0010198	1	1	1	1	1	1	1	1	1
n/a	OG0010199	1	1	1	1	1	1	1	1	1
n/a	OG0010200	1	1	1	1	1	1	1	1	2
n/a	OG0010201	1	1	1	1	1	1	1	1	1
n/a	OG0010202	1	1	1	1	1	1	1	1	1
n/a	OG0010203	2	1	1	1	0	1	1	1	1
n/a	OG0010204	2	1	1	1	1	0	1	1	1
n/a	OG0010205	1	1	1	1	1	1	1	1	1
n/a	OG0010206	2	1	1	1	0	1	1	1	1
n/a	OG0010207	1	1	1	2	1	1	1	0	1
n/a	OG0010208	1	1	1	1	1	1	1	1	1
n/a	OG0010209	1	1	1	1	1	1	1	1	1
n/a	OG0010210	1	1	1	1	1	1	1	1	1
n/a	OG0010211	1	1	1	1	1	1	1	1	1
n/a	OG0010212	1	0	1	1	0	2	1	2	2
n/a	OG0010213	1	1	1	1	1	1	1	1	2
n/a	OG0010214	1	1	1	1	1	1	1	1	1
n/a	OG0010215	2	1	1	1	1	1	1	1	1
n/a	OG0010216	1	1	1	1	1	1	1	1	2
n/a	OG0010217	2	1	1	1	0	1	1	1	1
n/a	OG0010218	2	1	1	1	0	1	1	1	1
n/a	OG0010219	1	0	1	1	2	2	1	1	2
n/a	OG0010220	1	1	1	1	1	1	1	1	1
n/a	OG0010222	2	1	1	1	0	1	1	2	1
n/a	OG0010223	1	1	1	1	1	1	1	1	1
n/a	OG0010224	2	1	1	1	1	1	1	0	1
n/a	OG0010225	2	1	1	1	1	1	1	1	1
n/a	OG0010226	1	1	1	1	1	1	1	1	1
n/a	OG0010227	1	1	1	1	1	1	1	1	1
n/a	OG0010228	1	1	1	1	1	1	1	1	1
n/a	OG0010229	1	1	1	1	1	1	1	1	1
n/a	OG0010230	1	1	1	1	2	1	1	1	1
n/a	OG0010231	1	1	1	1	1	1	1	1	1
n/a	OG0010232	1	1	1	1	1	1	1	1	1
n/a	OG0010233	2	1	1	1	1	2	1	1	1
n/a	OG0010234	1	1	1	1	2	1	0	1	2
n/a	OG0010235	1	1	1	1	1	1	1	1	1
n/a	OG0010236	2	1	1	1	1	1	1	0	1
n/a	OG0010237	1	1	1	1	1	1	1	1	1
n/a	OG0010238	1	1	1	1	1	1	1	1	1
n/a	OG0010239	1	1	1	1	1	1	1	1	1
n/a	OG0010240	1	1	1	1	1	1	1	1	1
n/a	OG0010241	1	1	1	1	1	1	1	1	1
n/a	OG0010242	1	1	1	1	0	1	1	1	2
n/a	OG0010243	1	1	1	1	1	1	1	1	1
n/a	OG0010244	2	1	1	1	0	1	1	1	1
n/a	OG0010245	1	1	1	1	1	1	1	1	2
n/a	OG0010246	2	1	1	1	0	1	1	2	1
n/a	OG0010247	1	1	1	1	1	1	1	1	1
n/a	OG0010248	1	1	1	1	1	1	1	1	1
n/a	OG0010249	1	1	1	1	1	1	1	1	1
n/a	OG0010250	2	1	1	1	1	1	1	1	1
n/a	OG0010251	2	1	1	1	1	1	1	0	1
n/a	OG0010252	1	0	1	1	1	1	1	2	1
n/a	OG0010253	1	1	1	1	1	1	1	1	1
n/a	OG0010254	2	1	1	1	1	1	1	0	1
n/a	OG0010255	1	1	1	1	1	1	1	1	2
n/a	OG0010256	1	1	1	1	1	1	1	1	1
n/a	OG0010257	1	1	1	1	1	1	1	1	1
n/a	OG0010258	1	1	1	1	1	1	1	1	1
n/a	OG0010259	2	0	1	1	1	2	1	0	3
n/a	OG0010260	1	1	1	1	1	1	1	1	1
n/a	OG0010261	1	1	1	1	1	1	1	1	1
n/a	OG0010262	1	1	1	1	1	1	1	1	1
n/a	OG0010263	2	1	1	1	1	1	1	1	1
n/a	OG0010264	1	1	1	1	1	1	1	1	1
n/a	OG0010265	1	1	1	1	1	1	1	1	1
n/a	OG0010266	1	1	1	1	2	1	1	0	1
n/a	OG0010267	1	1	1	1	1	1	1	1	1
n/a	OG0010268	1	1	1	1	1	1	1	1	1
n/a	OG0010269	1	1	1	1	1	1	1	1	1
n/a	OG0010270	1	1	1	1	1	1	1	1	1
n/a	OG0010271	1	1	1	1	1	1	1	1	1
n/a	OG0010272	2	1	1	1	1	1	1	1	1
n/a	OG0010273	2	1	1	1	1	1	1	1	2
n/a	OG0010274	1	1	1	2	0	1	0	2	1
n/a	OG0010275	1	1	1	1	1	1	1	1	1
n/a	OG0010276	2	1	1	1	1	1	1	0	2
n/a	OG0010277	2	1	1	1	1	1	1	1	0
n/a	OG0010278	1	1	1	1	1	1	1	1	2
n/a	OG0010279	1	1	1	1	1	1	1	1	2
n/a	OG0010280	1	1	1	1	1	1	1	1	2
n/a	OG0010281	1	1	1	1	1	1	1	1	1
n/a	OG0010282	1	1	1	1	1	2	1	1	1
n/a	OG0010283	1	1	1	1	1	1	1	1	1
n/a	OG0010284	1	1	1	1	1	1	1	1	1
n/a	OG0010285	1	1	1	1	1	1	1	1	2
n/a	OG0010286	1	1	1	2	1	1	1	0	1
n/a	OG0010287	2	1	1	1	1	1	1	1	1
n/a	OG0010288	1	1	1	1	1	1	1	1	1
n/a	OG0010289	1	1	1	0	0	1	1	2	1
n/a	OG0010290	2	1	1	1	1	1	1	1	1
n/a	OG0010291	1	1	1	1	1	1	1	1	1
n/a	OG0010292	1	1	1	1	1	1	1	1	1
n/a	OG0010293	1	1	1	1	1	1	1	0	2
n/a	OG0010294	1	1	1	1	1	1	1	1	1
n/a	OG0010295	2	1	1	1	1	1	1	1	0
n/a	OG0010296	1	1	1	1	1	1	1	1	1
n/a	OG0010297	1	1	1	1	1	1	1	1	1
n/a	OG0010298	1	1	1	1	1	1	1	1	2
n/a	OG0010299	1	1	1	1	1	1	1	1	1
n/a	OG0010300	1	1	1	1	1	1	1	1	1
n/a	OG0010301	2	1	1	1	0	1	1	1	1
n/a	OG0010302	2	1	1	0	2	1	1	0	2
n/a	OG0010303	1	1	1	1	1	1	1	1	1
n/a	OG0010304	1	1	1	1	1	1	1	1	1
n/a	OG0010305	2	1	1	1	1	1	1	1	1
n/a	OG0010306	1	1	1	1	1	1	1	1	1
n/a	OG0010307	1	1	1	0	1	1	1	1	2
n/a	OG0010308	1	1	1	1	1	1	1	1	1
n/a	OG0010309	1	1	1	1	1	1	1	1	1
n/a	OG0010310	1	1	1	1	1	1	1	2	1
n/a	OG0010311	1	1	1	1	1	1	1	1	1
n/a	OG0010312	1	1	1	1	2	1	1	1	1
n/a	OG0010313	1	1	1	1	1	1	1	1	1
n/a	OG0010314	1	1	1	1	1	1	1	1	2
n/a	OG0010315	1	1	1	1	1	1	1	1	1
n/a	OG0010316	1	1	1	1	1	1	1	1	1
n/a	OG0010317	1	1	1	1	1	1	1	1	1
n/a	OG0010318	1	1	1	1	1	1	1	1	1
n/a	OG0010319	1	1	2	0	1	1	1	1	1
n/a	OG0010320	2	1	1	0	1	1	1	1	1
n/a	OG0010321	1	1	1	1	1	1	1	1	1
n/a	OG0010322	1	1	1	1	1	1	1	1	1
n/a	OG0010323	1	1	1	1	0	1	1	1	2
n/a	OG0010324	1	1	1	1	1	1	1	1	1
n/a	OG0010325	1	1	1	1	1	1	1	1	1
n/a	OG0010326	1	1	1	1	1	1	1	1	2
n/a	OG0010327	2	1	1	1	0	1	1	1	1
n/a	OG0010328	1	1	1	1	1	1	1	1	1
n/a	OG0010329	1	1	1	1	1	1	1	1	1
n/a	OG0010330	1	1	1	1	1	1	1	0	2
n/a	OG0010331	1	1	1	1	1	1	1	1	1
n/a	OG0010332	1	1	1	1	1	1	1	1	1
n/a	OG0010333	1	1	1	1	1	1	1	1	1
n/a	OG0010334	1	1	1	1	1	1	1	1	1
n/a	OG0010335	1	1	1	1	0	2	1	1	1
n/a	OG0010336	1	1	1	1	1	1	1	0	2
n/a	OG0010337	1	1	1	1	1	1	1	1	1
n/a	OG0010338	1	1	1	1	0	1	1	1	2
n/a	OG0010339	1	1	2	1	1	1	1	0	1
n/a	OG0010340	2	1	1	1	1	1	1	0	1
n/a	OG0010341	1	1	1	0	1	1	1	2	1
n/a	OG0010342	1	1	1	1	1	1	1	1	2
n/a	OG0010343	1	1	1	0	1	1	1	1	2
n/a	OG0010344	2	1	1	1	1	1	1	1	1
n/a	OG0010345	2	1	1	1	0	1	1	1	1
n/a	OG0010346	1	1	1	1	0	1	1	1	2
n/a	OG0010347	1	1	1	1	1	1	1	1	1
n/a	OG0010348	1	1	1	1	1	1	1	2	1
n/a	OG0010349	1	1	1	1	0	1	1	1	2
n/a	OG0010350	1	1	1	1	1	1	1	1	1
n/a	OG0010351	1	1	1	1	1	1	1	1	1
n/a	OG0010352	1	1	1	1	0	1	1	1	3
n/a	OG0010353	1	1	1	1	1	1	1	1	1
n/a	OG0010354	2	1	1	1	1	1	0	1	2
n/a	OG0010355	1	1	1	1	1	1	1	1	1
n/a	OG0010356	1	1	1	0	1	1	1	1	2
n/a	OG0010357	3	1	1	1	0	1	1	1	1
n/a	OG0010358	1	1	1	1	1	1	1	1	1
n/a	OG0010359	1	1	1	1	1	1	1	1	2
n/a	OG0010360	1	1	1	1	1	1	1	1	1
n/a	OG0010361	1	1	1	1	1	2	1	1	1
n/a	OG0010362	2	1	1	2	0	1	1	0	1
n/a	OG0010363	1	1	1	1	1	1	1	1	1
n/a	OG0010364	1	1	1	1	1	1	1	1	1
n/a	OG0010365	1	1	1	1	2	1	1	1	1
n/a	OG0010366	2	1	1	1	1	1	1	1	1
n/a	OG0010367	1	1	1	1	1	1	1	1	1
n/a	OG0010368	1	1	1	0	2	1	1	1	1
n/a	OG0010369	2	1	1	1	1	1	1	1	1
n/a	OG0010370	1	1	1	1	1	1	1	1	1
n/a	OG0010371	2	1	1	0	1	1	1	1	2
n/a	OG0010372	1	1	1	1	1	1	1	1	1
n/a	OG0010373	2	1	1	1	1	1	1	1	1
n/a	OG0010374	1	1	2	1	2	1	1	0	0
n/a	OG0010375	1	1	1	1	1	1	1	1	2
n/a	OG0010376	2	1	1	3	0	0	1	1	0
n/a	OG0010377	1	1	1	1	1	1	1	1	1
n/a	OG0010378	1	1	1	1	2	1	1	1	1
n/a	OG0010379	1	1	1	1	1	1	1	1	1
n/a	OG0010380	1	1	1	1	1	1	1	0	1
n/a	OG0010381	1	1	1	1	1	1	1	1	1
n/a	OG0010382	2	1	1	1	1	1	1	1	1
n/a	OG0010383	1	1	1	1	0	1	1	2	1
n/a	OG0010384	1	1	1	1	1	1	1	1	1
n/a	OG0010385	1	1	1	1	1	1	1	1	1
n/a	OG0010386	1	1	1	1	1	1	1	1	1
n/a	OG0010387	1	1	1	1	1	1	1	1	1
n/a	OG0010388	1	1	1	1	1	1	1	1	1
n/a	OG0010389	2	1	1	1	1	1	1	1	1
n/a	OG0010390	2	1	1	1	1	1	1	1	1
n/a	OG0010391	1	1	1	1	1	1	1	1	1
n/a	OG0010392	1	1	1	1	1	1	1	1	1
n/a	OG0010393	1	1	1	1	1	1	1	1	1
n/a	OG0010394	1	1	1	1	1	1	1	1	1
n/a	OG0010395	1	1	1	1	1	1	1	1	1
n/a	OG0010396	1	1	1	1	0	1	1	1	2
n/a	OG0010397	1	1	1	1	1	1	1	1	1
n/a	OG0010398	1	1	1	1	1	1	1	1	1
n/a	OG0010399	2	1	1	1	1	1	1	1	1
n/a	OG0010400	1	1	1	1	1	1	1	1	1
n/a	OG0010401	1	1	1	1	1	1	1	1	1
n/a	OG0010402	1	1	1	1	1	1	1	1	1
n/a	OG0010403	1	1	1	1	1	1	1	1	1
n/a	OG0010404	1	1	1	1	1	1	1	1	1
n/a	OG0010405	1	1	1	1	1	1	1	1	1
n/a	OG0010406	2	1	1	1	2	1	1	0	1
n/a	OG0010407	2	1	1	1	1	1	1	1	1
n/a	OG0010408	2	1	1	1	0	1	1	1	1
n/a	OG0010409	2	1	1	1	1	1	1	1	1
n/a	OG0010410	1	1	1	1	1	2	1	1	1
n/a	OG0010411	1	1	1	1	1	1	1	1	1
n/a	OG0010412	1	1	1	1	1	1	1	1	1
n/a	OG0010413	2	1	1	1	1	1	1	0	1
n/a	OG0010414	1	1	1	1	1	1	1	1	1
n/a	OG0010415	1	1	1	1	1	1	1	1	1
n/a	OG0010416	1	1	1	1	1	1	1	1	1
n/a	OG0010417	1	1	1	1	1	1	1	1	1
n/a	OG0010418	2	1	1	1	1	1	1	1	1
n/a	OG0010419	2	1	1	1	1	1	1	0	1
n/a	OG0010420	1	1	1	1	1	2	1	1	1
n/a	OG0010421	1	1	1	1	1	1	1	1	1
n/a	OG0010422	3	1	1	0	1	1	1	1	1
n/a	OG0010423	1	1	1	1	1	1	1	1	1
n/a	OG0010424	2	1	1	1	1	1	1	1	1
n/a	OG0010425	4	0	1	1	1	1	1	1	2
n/a	OG0010426	1	1	1	1	1	1	1	1	1
n/a	OG0010427	1	1	1	1	1	1	1	1	1
n/a	OG0010428	3	1	1	1	1	1	0	1	1
n/a	OG0010429	1	1	1	1	1	1	1	1	1
n/a	OG0010430	1	1	1	1	1	1	1	1	1
n/a	OG0010431	1	1	1	1	1	1	1	1	1
n/a	OG0010432	1	1	1	1	1	1	1	1	1
n/a	OG0010433	1	1	1	1	1	1	1	1	1
n/a	OG0010434	1	1	1	1	1	1	1	1	2
n/a	OG0010435	1	1	1	1	1	1	1	1	1
n/a	OG0010436	2	1	1	1	0	1	1	1	1
n/a	OG0010437	1	1	1	1	2	1	1	1	1
n/a	OG0010438	1	1	1	1	1	1	1	1	1
n/a	OG0010439	1	1	1	1	1	1	1	1	2
n/a	OG0010440	1	1	1	1	1	1	1	1	1
n/a	OG0010441	1	1	1	1	1	1	1	1	1
n/a	OG0010442	3	1	1	1	1	1	1	0	1
n/a	OG0010443	1	1	1	1	1	1	1	1	1
n/a	OG0010444	1	1	1	1	1	1	1	1	1
n/a	OG0010445	1	1	1	1	0	1	1	1	2
n/a	OG0010446	1	1	1	1	1	1	1	1	1
n/a	OG0010447	1	1	1	1	1	1	1	1	1
n/a	OG0010448	1	1	1	1	0	1	1	1	2
n/a	OG0010449	1	1	1	1	1	1	1	1	1
n/a	OG0010450	1	1	1	1	0	2	1	1	2
n/a	OG0010451	1	1	1	1	1	1	1	0	2
n/a	OG0010452	1	1	1	1	1	1	1	1	1
n/a	OG0010453	1	1	1	1	1	1	1	1	1
n/a	OG0010454	1	1	1	1	1	1	1	1	1
n/a	OG0010455	1	1	1	1	1	1	1	1	1
n/a	OG0010456	1	1	1	1	1	1	1	1	1
n/a	OG0010457	1	1	1	1	1	1	1	1	2
n/a	OG0010458	1	1	1	1	1	1	1	1	1
n/a	OG0010459	1	1	1	1	1	1	1	1	1
n/a	OG0010460	1	1	1	1	1	1	1	1	2
n/a	OG0010461	2	0	0	1	0	1	0	0	10
n/a	OG0010462	1	1	1	1	1	1	1	1	1
n/a	OG0010463	1	1	1	1	1	1	1	1	1
n/a	OG0010464	1	1	1	1	1	1	1	1	1
n/a	OG0010465	1	1	1	0	1	2	1	1	1
n/a	OG0010466	1	1	1	1	1	1	1	1	1
n/a	OG0010467	1	1	1	1	1	1	1	1	1
n/a	OG0010468	1	1	1	1	1	1	1	1	1
n/a	OG0010469	2	1	1	1	1	1	1	1	1
n/a	OG0010470	1	1	1	1	1	1	1	1	1
n/a	OG0010471	1	1	1	1	1	1	1	1	1
n/a	OG0010472	2	1	1	1	1	0	1	1	2
n/a	OG0010473	1	1	1	1	1	1	1	1	1
n/a	OG0010474	2	1	1	1	1	1	1	1	1
n/a	OG0010476	3	0	1	1	1	1	1	1	1
n/a	OG0010477	1	1	1	1	1	1	1	1	1
n/a	OG0010478	1	2	1	1	0	1	1	0	1
n/a	OG0010479	1	1	1	2	1	1	1	1	1
n/a	OG0010480	1	2	1	0	1	1	1	1	1
n/a	OG0010481	1	1	1	1	1	1	1	1	1
n/a	OG0010482	1	1	1	1	1	1	1	1	1
n/a	OG0010483	2	1	1	1	1	1	1	0	1
n/a	OG0010484	1	1	1	1	1	1	1	1	2
n/a	OG0010485	1	1	1	1	1	1	1	1	2
n/a	OG0010486	1	1	1	1	1	1	1	1	2
n/a	OG0010487	2	1	1	0	1	1	1	1	1
n/a	OG0010488	1	1	1	1	2	1	1	1	1
n/a	OG0010489	1	1	1	1	1	1	1	1	1
n/a	OG0010490	1	1	1	1	0	2	1	1	1
n/a	OG0010491	1	1	1	1	0	1	1	1	2
n/a	OG0010492	1	1	1	1	1	1	1	1	1
n/a	OG0010493	1	1	1	1	1	1	1	1	2
n/a	OG0010494	1	1	1	0	1	1	1	1	2
n/a	OG0010495	2	1	1	1	1	1	1	1	1
n/a	OG0010496	1	1	1	1	1	1	1	1	1
n/a	OG0010497	1	1	1	1	1	1	1	1	1
n/a	OG0010498	1	1	1	1	1	1	1	1	1
n/a	OG0010499	1	1	1	1	1	1	1	1	1
n/a	OG0010500	1	1	1	1	1	1	1	1	1
n/a	OG0010501	1	1	1	0	1	1	1	1	2
n/a	OG0010502	1	1	1	1	1	1	1	1	1
n/a	OG0010503	1	1	1	1	1	1	1	1	1
n/a	OG0010504	1	1	1	1	1	1	1	1	2
n/a	OG0010505	1	1	1	1	1	1	1	2	1
n/a	OG0010506	1	1	1	1	1	1	1	1	1
n/a	OG0010507	1	1	1	1	1	1	1	1	1
n/a	OG0010508	1	1	1	1	1	1	1	1	1
n/a	OG0010509	3	1	1	1	1	1	1	1	1
n/a	OG0010510	1	1	1	1	1	1	1	1	1
n/a	OG0010511	1	1	1	1	1	1	1	1	1
n/a	OG0010512	1	1	1	1	1	1	1	1	1
n/a	OG0010513	1	1	1	1	1	1	1	1	1
n/a	OG0010514	1	1	1	1	1	1	1	1	1
n/a	OG0010515	1	1	1	1	1	1	1	1	1
n/a	OG0010516	1	1	1	1	1	1	1	1	1
n/a	OG0010517	1	1	1	1	0	1	1	1	2
n/a	OG0010518	1	1	1	1	0	1	1	1	2
n/a	OG0010519	1	1	1	1	1	1	1	1	1
n/a	OG0010520	2	1	1	1	1	2	0	1	1
n/a	OG0010521	1	1	1	1	1	1	1	1	1
n/a	OG0010522	1	1	1	1	1	1	1	1	1
n/a	OG0010523	2	1	1	1	1	1	1	1	1
n/a	OG0010524	1	1	1	1	0	1	1	1	2
n/a	OG0010525	1	1	1	1	1	1	1	1	1
n/a	OG0010526	1	1	1	1	1	1	1	0	3
n/a	OG0010527	1	1	1	1	1	1	1	1	1
n/a	OG0010528	1	1	1	1	1	1	1	1	1
n/a	OG0010529	1	1	1	1	1	1	1	1	1
n/a	OG0010530	2	1	1	1	1	1	1	1	1
n/a	OG0010531	1	1	2	1	1	2	1	0	1
n/a	OG0010532	1	1	1	1	1	1	1	1	1
n/a	OG0010533	1	1	1	1	0	1	1	1	2
n/a	OG0010534	1	1	1	1	1	1	1	1	1
n/a	OG0010535	1	1	1	1	1	1	1	1	2
n/a	OG0010536	1	1	1	1	1	1	1	0	2
n/a	OG0010537	1	1	1	1	1	1	1	1	1
n/a	OG0010538	2	1	1	1	1	1	1	0	1
n/a	OG0010539	1	1	1	1	1	1	1	1	1
n/a	OG0010540	1	1	1	1	2	1	1	1	1
n/a	OG0010541	1	1	1	1	1	1	1	1	1
n/a	OG0010542	1	1	1	1	2	1	1	1	1
n/a	OG0010543	1	1	1	1	1	1	1	1	1
n/a	OG0010544	1	1	1	1	1	1	1	1	1
n/a	OG0010545	1	1	1	1	1	1	1	1	1
n/a	OG0010546	1	1	1	1	1	1	1	1	1
n/a	OG0010547	1	1	1	1	1	1	1	1	1
n/a	OG0010548	1	1	1	1	1	1	1	1	1
n/a	OG0010549	1	1	1	1	1	1	1	1	1
n/a	OG0010550	1	1	1	1	1	1	1	1	1
n/a	OG0010551	1	1	1	1	1	1	1	1	1
n/a	OG0010552	1	1	1	1	2	1	1	1	1
n/a	OG0010553	1	1	2	0	1	1	1	1	1
n/a	OG0010554	1	1	1	1	1	1	1	1	1
n/a	OG0010555	1	1	1	1	1	1	1	1	1
n/a	OG0010556	1	1	1	1	1	1	1	1	1
n/a	OG0010557	1	1	1	1	1	1	1	1	1
n/a	OG0010558	1	1	1	1	1	1	1	1	1
n/a	OG0010559	1	1	1	1	1	1	1	1	1
n/a	OG0010560	1	1	1	1	1	1	1	1	1
n/a	OG0010561	1	1	1	1	1	1	1	1	1
n/a	OG0010562	1	1	1	1	1	1	1	1	1
n/a	OG0010563	1	1	1	1	1	1	1	1	1
n/a	OG0010564	1	1	1	1	1	1	1	1	1
n/a	OG0010565	1	1	1	1	1	1	1	1	1
n/a	OG0010566	1	1	1	1	1	1	1	1	1
n/a	OG0010567	1	1	1	1	1	1	1	1	1
n/a	OG0010568	1	1	1	1	0	1	1	1	2
n/a	OG0010569	1	1	1	1	1	1	1	1	1
n/a	OG0010570	1	1	1	1	1	1	1	1	1
n/a	OG0010571	1	1	1	1	1	1	1	1	1
n/a	OG0010572	1	1	1	1	1	1	1	1	1
n/a	OG0010573	1	1	1	1	1	1	1	1	1
n/a	OG0010574	1	1	1	1	1	1	1	1	1
n/a	OG0010575	1	1	1	1	1	1	1	1	1
n/a	OG0010576	1	1	1	1	2	1	1	0	1
n/a	OG0010577	1	1	1	1	1	1	1	1	1
n/a	OG0010578	1	1	1	1	1	1	1	1	1
n/a	OG0010579	1	1	1	1	1	1	1	1	1
n/a	OG0010580	1	1	1	1	1	1	1	1	1
n/a	OG0010581	1	1	1	1	1	1	1	1	1
n/a	OG0010582	1	1	1	1	1	1	1	1	1
n/a	OG0010583	1	1	1	1	1	1	1	1	1
n/a	OG0010584	1	1	1	1	1	1	1	1	1
n/a	OG0010585	1	1	1	1	1	1	1	1	1
n/a	OG0010586	1	1	1	1	1	1	1	1	1
n/a	OG0010587	1	1	1	1	0	2	1	1	1
n/a	OG0010588	1	1	1	1	1	1	1	1	2
n/a	OG0010589	2	1	1	1	1	1	1	0	1
n/a	OG0010590	1	1	1	1	1	1	1	0	2
n/a	OG0010591	1	1	1	1	0	1	1	1	1
n/a	OG0010592	1	1	1	1	1	1	1	1	1
n/a	OG0010593	1	1	1	1	1	1	1	1	1
n/a	OG0010594	1	1	1	1	1	1	1	1	1
n/a	OG0010595	1	1	1	1	1	1	1	1	1
n/a	OG0010596	1	1	1	1	1	1	1	1	1
n/a	OG0010597	1	1	1	1	0	1	1	1	2
n/a	OG0010598	1	1	1	1	1	1	1	1	1
n/a	OG0010599	1	1	1	1	1	1	1	1	1
n/a	OG0010600	1	1	1	1	1	1	1	1	1
n/a	OG0010601	1	1	1	1	2	1	1	0	1
n/a	OG0010602	1	1	1	0	1	1	1	1	2
n/a	OG0010603	2	1	1	1	1	1	1	1	1
n/a	OG0010604	1	0	2	1	1	2	1	0	4
n/a	OG0010605	1	1	1	1	1	1	1	1	1
n/a	OG0010606	2	1	1	1	1	1	1	0	1
n/a	OG0010607	1	1	1	1	1	1	1	1	1
n/a	OG0010608	1	1	1	1	0	1	1	1	2
n/a	OG0010609	1	1	1	1	1	1	1	1	1
n/a	OG0010610	1	1	1	1	1	1	1	1	1
n/a	OG0010611	1	1	1	1	1	1	1	1	1
n/a	OG0010612	1	1	1	1	1	1	1	0	2
n/a	OG0010613	1	1	1	1	1	1	1	0	2
n/a	OG0010614	1	1	1	1	1	1	1	1	2
n/a	OG0010615	3	0	1	1	1	1	1	1	1
n/a	OG0010616	1	1	1	1	1	1	1	1	1
n/a	OG0010617	1	1	1	1	1	1	1	1	1
n/a	OG0010618	1	1	1	1	1	1	1	1	1
n/a	OG0010619	1	1	1	1	2	1	1	1	1
n/a	OG0010620	1	1	1	1	1	1	1	1	1
n/a	OG0010621	1	1	1	1	1	1	1	1	2
n/a	OG0010622	1	1	0	1	1	1	1	1	2
n/a	OG0010623	1	1	1	1	1	1	1	1	1
n/a	OG0010624	1	1	1	1	1	1	1	1	1
n/a	OG0010625	1	1	1	1	1	1	1	1	1
n/a	OG0010626	1	1	1	1	1	1	1	1	1
n/a	OG0010627	1	1	1	1	1	1	1	1	1
n/a	OG0010628	1	1	1	1	1	1	1	1	1
n/a	OG0010629	3	1	1	1	1	1	1	1	1
n/a	OG0010630	1	1	1	1	1	1	1	1	1
n/a	OG0010631	2	1	2	1	2	1	0	0	2
n/a	OG0010632	1	1	1	1	1	1	1	1	1
n/a	OG0010633	1	1	1	1	1	1	1	1	1
n/a	OG0010634	1	1	1	1	1	1	1	1	1
n/a	OG0010635	1	1	1	1	1	1	1	1	1
n/a	OG0010636	2	1	1	1	1	1	1	1	1
n/a	OG0010637	2	1	1	1	0	1	1	1	1
n/a	OG0010638	1	1	1	1	1	1	1	1	1
n/a	OG0010639	1	1	1	1	1	1	1	1	3
n/a	OG0010640	1	1	1	1	1	1	1	0	1
n/a	OG0010641	1	1	1	1	1	1	1	1	1
n/a	OG0010642	2	1	1	1	1	1	1	0	2
n/a	OG0010643	2	1	1	1	1	1	1	1	1
n/a	OG0010644	2	1	1	1	0	1	1	0	2
n/a	OG0010645	1	1	1	1	1	1	1	1	1
n/a	OG0010646	2	1	1	1	1	1	1	1	1
n/a	OG0010647	1	1	1	1	2	1	1	0	1
n/a	OG0010648	1	1	1	1	1	1	1	1	1
n/a	OG0010649	2	1	1	0	0	1	1	1	2
n/a	OG0010650	1	1	1	1	1	1	1	1	1
n/a	OG0010651	1	1	1	1	1	1	1	1	1
n/a	OG0010652	1	1	1	1	1	1	1	1	1
n/a	OG0010653	1	1	1	1	1	1	1	1	1
n/a	OG0010655	1	1	1	1	1	1	1	1	1
n/a	OG0010656	1	1	1	1	1	1	1	0	2
n/a	OG0010657	1	1	1	1	1	1	1	1	2
n/a	OG0010658	1	1	1	1	1	1	1	1	1
n/a	OG0010659	1	1	1	0	1	1	1	1	2
n/a	OG0010660	1	1	1	1	1	1	1	1	1
n/a	OG0010661	1	1	1	1	1	1	1	0	2
n/a	OG0010662	1	1	1	1	1	1	1	1	1
n/a	OG0010663	1	1	1	1	1	1	1	1	1
n/a	OG0010664	2	1	1	1	1	1	1	1	1
n/a	OG0010665	1	1	1	1	0	2	1	1	1
n/a	OG0010666	1	1	1	1	1	1	1	1	2
n/a	OG0010667	1	1	1	1	1	1	1	1	1
n/a	OG0010668	1	1	1	1	1	1	1	1	1
n/a	OG0010669	1	1	1	1	1	1	1	1	1
n/a	OG0010670	1	1	1	1	1	1	1	1	1
n/a	OG0010671	1	1	1	1	1	1	1	1	1
n/a	OG0010672	1	1	1	1	1	1	1	1	1
n/a	OG0010673	2	1	1	1	0	1	1	0	2
n/a	OG0010674	1	1	1	1	1	1	1	1	1
n/a	OG0010675	1	1	1	1	1	1	1	1	1
n/a	OG0010676	1	1	1	1	1	1	1	1	1
n/a	OG0010677	2	1	1	1	1	1	1	1	1
n/a	OG0010678	2	1	1	1	1	1	0	1	2
n/a	OG0010679	1	1	1	1	1	2	1	0	1
n/a	OG0010680	2	1	1	1	0	1	1	1	1
n/a	OG0010681	1	1	1	1	1	1	1	1	1
n/a	OG0010682	1	1	1	1	1	1	1	1	1
n/a	OG0010683	2	0	1	1	2	2	1	1	1
n/a	OG0010684	1	1	1	1	1	1	1	1	1
n/a	OG0010685	1	1	1	1	1	1	1	1	1
n/a	OG0010686	1	1	1	1	1	1	1	1	1
n/a	OG0010687	1	1	1	1	2	1	1	1	1
n/a	OG0010688	2	1	1	1	0	1	1	1	1
n/a	OG0010689	1	1	1	1	0	1	1	1	2
n/a	OG0010690	1	1	1	1	1	1	1	1	1
n/a	OG0010691	1	1	1	1	1	1	1	1	1
n/a	OG0010692	1	1	1	1	1	1	1	0	1
n/a	OG0010693	1	1	1	1	1	1	1	1	2
n/a	OG0010694	1	1	1	1	2	1	1	1	1
n/a	OG0010695	1	1	1	1	1	1	1	1	1
n/a	OG0010696	1	1	1	1	0	1	1	1	2
n/a	OG0010697	1	1	1	1	1	1	1	1	1
n/a	OG0010698	2	1	1	1	1	1	1	1	1
n/a	OG0010699	1	1	1	1	1	1	1	1	1
n/a	OG0010700	1	1	1	1	1	1	1	1	1
n/a	OG0010701	1	1	1	0	1	1	1	1	2
n/a	OG0010702	1	1	1	1	1	1	1	1	1
n/a	OG0010703	2	1	1	1	1	1	1	1	1
n/a	OG0010704	1	1	1	1	1	1	1	0	2
n/a	OG0010705	1	1	1	1	1	1	1	1	1
n/a	OG0010706	1	1	1	1	1	1	1	1	2
n/a	OG0010707	1	1	1	1	1	1	1	1	1
n/a	OG0010708	1	1	1	1	0	1	1	1	3
n/a	OG0010709	1	1	1	1	1	1	1	1	1
n/a	OG0010710	1	1	1	1	1	1	1	1	2
n/a	OG0010711	1	1	1	1	1	1	1	1	1
n/a	OG0010712	1	1	1	1	1	1	1	1	1
n/a	OG0010713	1	1	1	1	1	1	1	0	2
n/a	OG0010714	2	1	2	0	1	1	1	1	1
n/a	OG0010715	1	1	1	1	1	1	1	1	1
n/a	OG0010716	1	1	1	1	1	1	1	1	2
n/a	OG0010717	1	1	1	1	1	1	1	1	1
n/a	OG0010718	1	1	1	1	1	1	1	1	1
n/a	OG0010719	1	1	1	1	1	1	1	1	1
n/a	OG0010720	1	1	1	1	1	1	1	1	1
n/a	OG0010721	1	1	1	1	1	1	1	1	1
n/a	OG0010722	1	1	2	1	1	1	1	1	1
n/a	OG0010723	1	1	1	1	1	1	1	1	1
n/a	OG0010724	1	1	1	1	1	1	1	1	2
n/a	OG0010725	1	1	1	1	2	1	0	1	3
n/a	OG0010726	1	0	1	2	1	1	1	2	1
n/a	OG0010727	1	1	2	1	2	2	1	0	1
n/a	OG0010728	1	1	1	1	1	1	1	1	1
n/a	OG0010729	1	1	1	1	1	1	1	1	1
n/a	OG0010730	2	1	1	1	1	1	1	1	1
n/a	OG0010731	1	1	1	1	1	1	1	1	1
n/a	OG0010732	1	1	1	1	1	1	1	1	1
n/a	OG0010733	1	1	1	1	1	1	1	1	1
n/a	OG0010734	1	1	1	1	1	1	1	1	1
n/a	OG0010735	1	1	1	1	2	1	1	0	1
n/a	OG0010736	1	1	1	1	1	1	1	1	1
n/a	OG0010737	1	1	1	1	1	1	1	1	1
n/a	OG0010738	1	1	1	1	1	1	1	1	1
n/a	OG0010739	1	1	1	1	1	1	1	1	1
n/a	OG0010740	1	1	1	1	1	1	1	1	1
n/a	OG0010741	1	1	1	1	1	1	1	1	1
n/a	OG0010742	1	1	1	1	1	1	1	1	1
n/a	OG0010743	1	1	1	1	1	1	1	1	1
n/a	OG0010744	1	1	1	1	1	1	1	1	1
n/a	OG0010745	1	1	1	1	1	1	1	1	1
n/a	OG0010746	2	1	1	1	1	1	1	0	1
n/a	OG0010747	1	1	1	1	1	1	1	1	1
n/a	OG0010748	1	1	1	1	1	1	1	1	1
n/a	OG0010749	1	1	1	1	1	1	1	1	2
n/a	OG0010750	1	1	1	1	1	1	1	1	1
n/a	OG0010751	1	1	1	1	1	1	1	1	2
n/a	OG0010752	1	1	1	1	1	1	1	1	1
n/a	OG0010753	2	1	1	1	1	1	1	0	2
n/a	OG0010754	1	1	1	1	2	1	1	1	1
n/a	OG0010755	1	1	1	1	1	1	1	1	1
n/a	OG0010756	1	1	1	1	1	1	1	1	1
n/a	OG0010757	1	1	1	1	0	1	1	1	2
n/a	OG0010758	1	1	1	1	1	1	1	1	1
n/a	OG0010759	1	1	1	1	1	1	1	1	1
n/a	OG0010760	1	1	1	1	1	1	1	1	1
n/a	OG0010761	1	1	1	1	1	1	1	1	1
n/a	OG0010762	1	1	1	1	1	1	1	1	1
n/a	OG0010763	1	2	1	1	1	1	1	1	0
n/a	OG0010764	1	1	1	1	1	1	1	1	1
n/a	OG0010765	1	1	1	1	1	1	1	1	1
n/a	OG0010766	1	1	1	1	1	1	1	1	1
n/a	OG0010767	1	1	1	1	1	1	1	1	1
n/a	OG0010768	1	1	1	1	1	1	1	1	1
n/a	OG0010769	1	1	1	1	1	1	1	1	1
n/a	OG0010770	1	1	1	1	1	1	1	1	1
n/a	OG0010771	1	1	1	1	1	1	1	1	1
n/a	OG0010772	1	1	1	1	1	1	1	1	1
n/a	OG0010773	1	1	1	1	1	1	1	1	1
n/a	OG0010774	1	1	1	1	1	1	1	1	1
n/a	OG0010775	1	1	1	1	0	1	1	1	2
n/a	OG0010776	1	1	1	1	1	1	1	1	1
n/a	OG0010777	1	1	1	1	1	1	1	1	1
n/a	OG0010778	1	1	1	1	1	1	1	1	1
n/a	OG0010779	2	1	1	1	0	1	1	1	1
n/a	OG0010780	1	0	0	1	0	1	2	2	0
n/a	OG0010781	1	1	1	1	1	1	1	1	2
n/a	OG0010782	1	1	1	1	1	1	1	1	1
n/a	OG0010783	1	1	1	1	0	1	1	1	2
n/a	OG0010784	1	1	1	1	1	1	1	1	1
n/a	OG0010785	2	0	1	1	1	1	1	1	3
n/a	OG0010786	1	1	1	1	1	1	1	1	1
n/a	OG0010787	1	1	1	1	2	1	1	0	2
n/a	OG0010788	2	1	1	1	1	2	1	0	1
n/a	OG0010789	1	1	1	1	2	1	1	1	0
n/a	OG0010790	1	1	1	1	2	1	0	1	3
n/a	OG0010791	1	1	1	1	1	1	1	1	1
n/a	OG0010792	1	1	1	1	0	1	1	1	2
n/a	OG0010793	1	1	1	1	1	1	1	1	1
n/a	OG0010794	1	1	1	1	1	1	1	1	1
n/a	OG0010795	1	1	1	1	1	1	1	1	1
n/a	OG0010796	2	1	1	1	1	1	1	0	2
n/a	OG0010797	1	1	1	2	0	1	1	1	1
n/a	OG0010798	1	1	1	1	1	1	1	1	1
n/a	OG0010799	1	1	1	1	1	1	1	1	2
n/a	OG0010800	1	2	1	1	1	0	1	0	1
n/a	OG0010801	1	1	1	1	1	2	1	1	1
n/a	OG0010802	1	1	1	1	1	1	1	1	1
n/a	OG0010803	3	0	1	1	1	1	1	1	2
n/a	OG0010804	1	1	1	1	1	1	1	1	2
n/a	OG0010805	1	1	1	1	1	1	1	1	1
n/a	OG0010806	3	0	1	1	1	1	1	1	2
n/a	OG0010807	1	1	1	1	1	1	1	1	1
n/a	OG0010808	1	1	1	1	1	1	1	1	1
n/a	OG0010809	1	1	1	1	1	1	1	1	2
n/a	OG0010810	1	1	1	1	1	1	1	1	1
n/a	OG0010811	1	1	1	1	1	2	1	1	1
n/a	OG0010812	1	1	1	1	1	1	1	1	1
n/a	OG0010813	1	1	1	1	1	1	1	1	1
n/a	OG0010814	1	1	1	1	1	1	1	1	1
n/a	OG0010815	2	1	1	1	0	1	1	1	1
n/a	OG0010816	1	1	1	1	1	2	1	1	1
n/a	OG0010817	2	1	1	1	1	1	1	1	1
n/a	OG0010818	1	1	1	1	1	1	1	1	1
n/a	OG0010819	1	1	1	1	1	1	1	1	1
n/a	OG0010820	1	1	1	1	1	1	1	2	1
n/a	OG0010821	2	1	1	1	1	1	1	1	0
n/a	OG0010822	1	1	1	1	1	1	1	1	1
n/a	OG0010823	1	1	1	1	1	1	1	1	1
n/a	OG0010824	1	1	1	1	1	1	1	1	1
n/a	OG0010825	2	1	1	1	0	1	1	1	2
n/a	OG0010826	1	1	1	1	1	1	1	1	1
n/a	OG0010827	1	1	1	1	1	1	1	1	1
n/a	OG0010828	1	1	1	1	1	1	1	1	1
n/a	OG0010829	1	1	1	1	1	1	1	1	1
n/a	OG0010830	1	1	1	1	1	1	1	0	2
n/a	OG0010831	1	1	1	1	1	1	1	1	1
n/a	OG0010832	1	1	1	1	1	1	1	1	1
n/a	OG0010833	1	1	1	1	1	1	1	1	1
n/a	OG0010834	1	1	1	1	1	1	1	1	1
n/a	OG0010835	1	1	1	1	1	1	1	1	1
n/a	OG0010836	1	1	1	1	1	1	1	1	2
n/a	OG0010837	1	1	1	1	1	1	1	1	1
n/a	OG0010838	1	1	1	1	1	1	1	1	1
n/a	OG0010839	2	1	1	0	2	1	1	0	2
n/a	OG0010840	1	1	1	1	1	1	1	1	1
n/a	OG0010841	2	1	1	1	0	1	1	1	1
n/a	OG0010842	3	1	1	1	1	1	1	0	0
n/a	OG0010843	1	1	1	1	1	1	1	1	1
n/a	OG0010844	1	1	1	1	1	1	1	1	1
n/a	OG0010845	1	1	1	0	1	1	1	2	1
n/a	OG0010846	1	1	1	1	1	1	1	1	1
n/a	OG0010847	2	1	1	1	0	1	1	1	2
n/a	OG0010848	1	1	1	1	1	1	1	0	2
n/a	OG0010849	1	1	1	1	1	1	1	1	2
n/a	OG0010850	1	1	1	1	1	1	1	1	2
n/a	OG0010851	1	1	1	1	1	1	1	1	2
n/a	OG0010852	1	1	1	2	0	1	1	1	1
n/a	OG0010853	2	1	1	1	0	1	1	1	1
n/a	OG0010854	1	1	1	1	1	1	1	1	1
n/a	OG0010855	2	1	1	1	1	1	1	1	1
n/a	OG0010856	1	1	1	1	1	1	1	1	1
n/a	OG0010857	1	1	1	1	1	1	1	1	1
n/a	OG0010858	2	1	2	1	1	1	0	1	2
n/a	OG0010859	1	1	1	1	0	1	1	1	2
n/a	OG0010860	1	1	1	1	1	1	1	1	1
n/a	OG0010861	1	1	1	1	1	1	1	1	1
n/a	OG0010862	1	1	1	1	1	1	1	1	1
n/a	OG0010863	2	1	1	1	1	1	1	0	1
n/a	OG0010864	1	1	1	1	1	1	1	1	1
n/a	OG0010865	1	1	1	1	1	1	1	1	1
n/a	OG0010866	1	1	1	1	1	2	1	1	1
n/a	OG0010867	1	1	1	1	1	1	1	1	1
n/a	OG0010868	1	1	1	1	1	1	1	1	1
n/a	OG0010869	1	1	1	1	1	1	1	1	1
n/a	OG0010870	1	1	1	1	1	1	1	1	1
n/a	OG0010871	1	1	1	1	1	1	1	1	1
n/a	OG0010872	1	1	1	1	1	1	1	1	1
n/a	OG0010873	1	1	1	1	1	1	1	1	1
n/a	OG0010874	1	1	1	1	1	1	1	1	1
n/a	OG0010875	1	1	1	0	1	1	1	1	2
n/a	OG0010876	1	1	1	1	1	1	1	1	1
n/a	OG0010877	2	1	1	1	1	1	1	1	1
n/a	OG0010878	1	1	1	1	1	1	1	1	1
n/a	OG0010879	1	1	1	1	1	1	1	1	1
n/a	OG0010880	1	1	2	1	1	1	1	1	1
n/a	OG0010881	1	1	1	1	1	1	1	1	1
n/a	OG0010882	1	1	3	1	1	1	1	0	0
n/a	OG0010883	1	1	1	1	1	1	1	1	2
n/a	OG0010884	2	1	1	1	1	1	1	1	1
n/a	OG0010885	2	1	0	1	1	1	1	1	1
n/a	OG0010886	1	1	2	1	1	1	1	0	1
n/a	OG0010887	1	1	1	1	1	1	1	1	1
n/a	OG0010888	2	1	1	1	1	1	1	1	1
n/a	OG0010889	1	1	1	1	1	1	1	1	1
n/a	OG0010890	2	1	1	1	1	1	1	0	1
n/a	OG0010891	1	1	1	1	1	1	1	1	1
n/a	OG0010892	2	1	1	1	1	1	1	1	1
n/a	OG0010893	1	1	1	1	0	1	1	1	1
n/a	OG0010894	2	1	1	1	1	1	1	0	2
n/a	OG0010895	1	1	1	1	1	1	1	1	1
n/a	OG0010896	1	1	1	1	1	1	1	1	1
n/a	OG0010897	3	1	1	1	1	1	1	1	1
n/a	OG0010898	1	1	1	1	1	1	1	1	1
n/a	OG0010899	1	1	1	1	1	1	1	1	1
n/a	OG0010900	1	1	1	1	1	1	1	0	2
n/a	OG0010901	1	1	1	1	1	1	1	1	1
n/a	OG0010902	1	1	1	1	1	1	1	1	1
n/a	OG0010903	1	1	1	1	1	1	1	1	1
n/a	OG0010904	1	1	1	1	1	1	1	1	1
n/a	OG0010905	1	1	1	1	1	1	1	1	1
n/a	OG0010906	1	1	1	1	1	1	1	1	1
n/a	OG0010907	1	1	1	1	1	1	1	1	1
n/a	OG0010908	1	1	1	1	1	1	1	1	1
n/a	OG0010909	1	1	1	1	0	1	1	1	2
n/a	OG0010910	1	1	1	1	1	1	1	2	1
n/a	OG0010911	1	1	1	1	1	1	1	1	2
n/a	OG0010912	2	1	1	1	1	0	1	1	1
n/a	OG0010913	2	1	1	1	1	1	1	0	2
n/a	OG0010914	2	0	2	0	2	1	2	0	0
n/a	OG0010915	1	1	1	1	1	1	1	1	1
n/a	OG0010916	1	1	1	1	1	1	1	1	1
n/a	OG0010917	1	1	1	1	1	1	1	1	1
n/a	OG0010918	1	1	1	1	1	1	1	1	1
n/a	OG0010919	1	1	1	1	1	1	1	1	1
n/a	OG0010920	1	1	1	1	1	1	1	1	1
n/a	OG0010921	1	1	1	1	0	1	1	1	2
n/a	OG0010922	1	1	1	1	1	1	1	1	2
n/a	OG0010923	1	1	1	1	1	1	1	1	1
n/a	OG0010924	1	1	1	1	1	1	1	1	1
n/a	OG0010925	1	1	1	1	1	1	1	1	1
n/a	OG0010926	1	1	1	1	1	1	1	1	1
n/a	OG0010927	1	1	1	1	1	1	1	1	1
n/a	OG0010928	1	1	1	1	1	1	1	1	1
n/a	OG0010929	1	1	2	1	1	2	1	0	1
n/a	OG0010930	2	1	1	1	1	1	0	1	2
n/a	OG0010931	2	0	1	1	1	1	1	1	2
n/a	OG0010932	2	1	1	1	0	1	1	1	1
n/a	OG0010933	1	1	2	1	0	1	1	1	1
n/a	OG0010934	1	1	1	1	1	1	1	1	1
n/a	OG0010935	1	1	1	1	0	1	1	1	3
n/a	OG0010936	1	1	1	1	1	1	1	1	1
n/a	OG0010937	1	1	1	1	1	1	1	1	1
n/a	OG0010938	1	1	1	1	1	1	1	1	1
n/a	OG0010939	1	1	1	1	1	1	1	1	1
n/a	OG0010940	1	1	1	1	1	1	1	1	1
n/a	OG0010941	1	1	1	0	1	1	1	1	2
n/a	OG0010942	1	1	1	1	1	1	1	1	1
n/a	OG0010943	1	1	1	1	1	1	1	1	1
n/a	OG0010944	1	1	1	1	2	1	1	1	1
n/a	OG0010945	3	0	1	1	2	1	1	1	1
n/a	OG0010946	1	1	2	1	1	1	1	1	1
n/a	OG0010947	2	1	1	1	1	1	1	0	1
n/a	OG0010948	1	1	1	1	1	1	1	1	2
n/a	OG0010949	1	1	1	1	0	1	1	1	1
n/a	OG0010950	1	1	1	1	1	1	1	1	1
n/a	OG0010951	1	1	1	1	1	1	1	1	1
n/a	OG0010952	1	1	1	1	1	1	1	1	1
n/a	OG0010953	1	1	1	1	1	1	1	1	1
n/a	OG0010954	1	1	1	1	2	1	1	0	1
n/a	OG0010955	1	1	1	1	1	1	1	1	1
n/a	OG0010956	1	1	1	1	1	1	1	1	1
n/a	OG0010957	2	1	1	1	0	1	1	1	1
n/a	OG0010958	1	0	3	1	1	1	1	1	1
n/a	OG0010959	1	1	1	1	1	1	1	1	1
n/a	OG0010960	1	1	1	1	1	1	1	1	1
n/a	OG0010961	1	1	1	1	1	1	1	1	1
n/a	OG0010962	1	1	1	1	1	1	1	1	1
n/a	OG0010963	1	1	1	1	1	1	1	1	1
n/a	OG0010964	1	1	1	1	1	1	1	1	1
n/a	OG0010965	2	1	1	1	1	1	1	1	1
n/a	OG0010966	1	1	1	1	0	2	1	1	1
n/a	OG0010967	1	1	1	1	1	1	1	1	1
n/a	OG0010968	1	1	1	1	1	1	1	1	1
n/a	OG0010969	1	1	1	1	1	1	1	1	1
n/a	OG0010970	1	1	1	1	1	1	1	1	1
n/a	OG0010971	1	1	1	1	1	1	1	1	1
n/a	OG0010972	1	1	1	1	1	1	1	1	1
n/a	OG0010973	1	1	1	0	1	1	1	1	2
n/a	OG0010974	1	1	1	1	1	1	1	1	1
n/a	OG0010975	2	1	1	1	1	1	0	1	2
n/a	OG0010976	1	1	1	1	1	1	1	1	1
n/a	OG0010977	1	1	1	1	1	1	1	1	1
n/a	OG0010978	1	1	1	1	1	1	1	1	1
n/a	OG0010979	1	1	1	1	2	1	1	1	1
n/a	OG0010980	1	1	2	1	1	1	1	0	1
n/a	OG0010981	1	1	1	1	1	1	1	1	1
n/a	OG0010982	2	1	1	1	1	1	1	1	1
n/a	OG0010983	1	1	1	1	1	1	1	1	1
n/a	OG0010984	2	1	1	1	1	1	1	0	1
n/a	OG0010985	1	1	1	1	1	1	1	1	1
n/a	OG0010986	1	1	1	1	1	1	1	1	1
n/a	OG0010987	1	1	1	1	1	1	1	1	1
n/a	OG0010988	1	1	1	1	1	1	1	1	1
n/a	OG0010989	1	1	1	1	1	1	1	1	1
n/a	OG0010990	1	1	1	1	1	1	1	1	1
n/a	OG0010991	1	1	1	1	1	1	1	1	1
n/a	OG0010992	1	1	1	0	1	2	1	1	1
n/a	OG0010993	1	1	1	1	1	1	1	1	1
n/a	OG0010994	1	1	1	1	1	1	1	1	1
n/a	OG0010995	1	1	1	1	1	1	1	1	1
n/a	OG0010996	1	1	1	1	1	1	1	1	1
n/a	OG0010997	1	1	1	1	2	1	1	0	1
n/a	OG0010998	1	1	1	1	1	1	1	1	1
n/a	OG0010999	1	1	1	1	1	1	1	1	1
n/a	OG0011000	1	1	1	1	1	1	1	1	2
n/a	OG0011001	1	1	1	1	1	1	1	1	1
n/a	OG0011002	1	1	1	1	0	1	1	1	2
n/a	OG0011003	1	1	1	1	1	1	1	1	1
n/a	OG0011004	1	1	2	1	1	1	1	1	1
n/a	OG0011005	2	1	1	1	1	1	1	0	1
n/a	OG0011006	1	1	1	1	1	1	1	1	1
n/a	OG0011007	1	1	1	1	1	1	1	1	1
n/a	OG0011008	2	1	2	1	1	1	1	1	0
n/a	OG0011009	1	1	1	1	1	1	1	1	1
n/a	OG0011010	1	1	1	1	1	1	0	0	3
n/a	OG0011011	1	1	1	1	1	1	1	1	1
n/a	OG0011012	1	1	1	1	0	1	1	1	2
n/a	OG0011013	1	1	1	1	1	1	1	0	1
n/a	OG0011014	1	1	1	1	1	1	1	1	1
n/a	OG0011015	1	1	1	1	1	1	1	1	2
n/a	OG0011016	1	1	1	1	1	1	1	1	1
n/a	OG0011017	1	1	2	1	1	1	1	0	1
n/a	OG0011018	2	1	1	1	1	1	0	1	2
n/a	OG0011019	1	1	1	1	1	1	1	1	1
n/a	OG0011020	1	1	1	1	0	1	1	1	2
n/a	OG0011021	1	1	1	1	1	1	1	1	1
n/a	OG0011022	1	1	1	1	1	1	1	1	1
n/a	OG0011023	1	1	1	1	1	1	1	1	1
n/a	OG0011024	1	1	1	1	1	2	0	0	3
n/a	OG0011025	1	1	1	0	1	1	1	1	2
n/a	OG0011026	1	1	1	1	1	1	1	1	1
n/a	OG0011027	1	1	1	1	0	1	1	1	2
n/a	OG0011028	1	1	1	1	1	1	1	1	1
n/a	OG0011029	2	1	1	1	0	1	1	1	1
n/a	OG0011030	1	1	1	1	1	1	1	1	2
n/a	OG0011031	1	1	1	1	1	1	1	1	1
n/a	OG0011032	1	1	1	1	1	1	1	1	1
n/a	OG0011033	1	1	1	1	1	1	1	1	1
n/a	OG0011034	2	1	1	1	1	1	1	1	1
n/a	OG0011035	1	1	1	1	1	1	1	1	1
n/a	OG0011036	1	1	1	1	1	2	1	1	1
n/a	OG0011037	1	1	1	1	1	1	1	1	1
n/a	OG0011038	1	1	1	1	1	1	1	1	1
n/a	OG0011039	1	1	1	1	1	2	1	1	1
n/a	OG0011040	1	1	1	0	1	1	1	1	2
n/a	OG0011041	1	1	0	1	2	1	1	1	1
n/a	OG0011042	1	1	1	1	1	1	1	1	1
n/a	OG0011043	1	1	1	1	1	1	1	1	1
n/a	OG0011044	1	1	1	1	1	1	1	1	1
n/a	OG0011045	2	1	1	1	0	1	1	1	1
n/a	OG0011046	1	1	1	1	1	1	1	1	1
n/a	OG0011047	1	1	1	1	1	1	1	1	1
n/a	OG0011048	1	1	1	1	1	1	1	1	1
n/a	OG0011049	1	1	1	1	0	1	1	1	1
n/a	OG0011050	1	1	1	1	1	1	1	1	1
n/a	OG0011051	1	1	1	1	1	1	1	1	1
n/a	OG0011052	1	1	1	1	1	1	1	1	1
n/a	OG0011053	1	1	1	1	1	1	1	1	1
n/a	OG0011054	1	1	1	1	1	1	1	1	1
n/a	OG0011055	1	1	1	1	1	1	1	1	1
n/a	OG0011056	1	1	1	1	1	1	1	1	2
n/a	OG0011057	1	1	1	1	1	1	1	1	1
n/a	OG0011058	2	1	1	1	1	1	1	1	1
n/a	OG0011059	1	1	1	1	0	1	1	1	3
n/a	OG0011060	1	1	1	1	1	1	1	1	1
n/a	OG0011061	1	1	1	1	1	1	1	1	1
n/a	OG0011062	1	1	1	1	0	2	1	1	2
n/a	OG0011063	1	1	1	1	1	2	1	1	1
n/a	OG0011064	1	1	1	1	1	1	1	1	1
n/a	OG0011065	1	1	1	1	1	1	1	1	1
n/a	OG0011066	1	1	1	1	1	1	1	1	1
n/a	OG0011067	1	1	1	1	1	1	1	1	1
n/a	OG0011068	1	1	1	1	1	1	1	1	1
n/a	OG0011069	1	1	1	1	1	1	1	1	1
n/a	OG0011070	1	1	1	1	2	1	1	1	0
n/a	OG0011071	2	0	1	1	1	2	1	1	2
n/a	OG0011072	1	1	1	1	1	1	1	1	1
n/a	OG0011073	2	1	1	1	0	1	1	1	1
n/a	OG0011074	1	1	1	1	1	1	1	1	2
n/a	OG0011075	2	1	1	0	1	1	1	1	1
n/a	OG0011076	1	1	1	1	1	1	1	0	2
n/a	OG0011077	1	1	1	1	1	1	1	1	1
n/a	OG0011078	1	1	1	1	1	1	1	1	1
n/a	OG0011079	1	1	1	1	1	1	1	1	2
n/a	OG0011080	1	1	1	1	1	1	1	1	2
n/a	OG0011081	2	1	1	1	1	1	1	1	1
n/a	OG0011082	1	1	1	1	1	1	1	1	1
n/a	OG0011083	1	1	1	1	1	1	1	1	1
n/a	OG0011084	2	1	2	0	1	1	1	0	2
n/a	OG0011085	1	1	1	1	1	1	1	1	1
n/a	OG0011086	1	1	1	1	2	2	1	0	1
n/a	OG0011087	1	1	1	2	1	1	1	1	1
n/a	OG0011088	1	1	1	1	1	1	1	1	1
n/a	OG0011089	1	1	1	1	1	1	1	1	1
n/a	OG0011090	2	1	1	1	1	1	1	0	2
n/a	OG0011091	3	1	1	1	1	1	0	1	1
n/a	OG0011092	1	1	2	1	1	1	1	1	1
n/a	OG0011093	1	1	1	1	1	1	1	1	1
n/a	OG0011094	1	1	1	1	1	1	1	1	1
n/a	OG0011095	1	1	1	1	1	1	1	1	1
n/a	OG0011096	1	1	1	1	1	1	1	1	1
n/a	OG0011097	1	1	1	1	1	1	1	1	1
n/a	OG0011098	1	1	1	1	1	1	1	1	1
n/a	OG0011099	2	1	1	1	0	1	1	1	2
n/a	OG0011100	1	1	1	1	1	1	1	1	1
n/a	OG0011101	2	1	1	1	1	1	1	0	1
n/a	OG0011102	2	1	1	1	0	1	1	0	2
n/a	OG0011103	2	0	1	1	1	1	1	1	2
n/a	OG0011104	1	1	1	1	1	1	1	1	1
n/a	OG0011105	1	1	1	1	1	1	1	1	1
n/a	OG0011106	1	1	1	1	1	1	1	1	1
n/a	OG0011107	1	1	1	1	1	1	1	1	1
n/a	OG0011108	1	0	1	1	2	2	1	1	1
n/a	OG0011109	2	1	1	1	2	1	0	1	1
n/a	OG0011110	1	1	1	1	1	1	1	1	1
n/a	OG0011111	1	1	1	1	1	1	1	1	1
n/a	OG0011112	1	1	1	1	0	2	1	1	1
n/a	OG0011113	1	1	1	1	1	1	1	1	1
n/a	OG0011114	1	1	1	0	1	1	1	1	2
n/a	OG0011115	1	1	1	1	1	1	1	1	1
n/a	OG0011116	1	1	1	1	1	1	1	1	1
n/a	OG0011117	1	1	1	1	1	1	1	1	1
n/a	OG0011118	1	1	1	1	1	1	1	1	1
n/a	OG0011119	1	1	1	1	1	1	1	1	1
n/a	OG0011120	1	1	1	1	1	1	1	1	1
n/a	OG0011121	1	1	1	1	1	1	1	1	1
n/a	OG0011122	1	1	1	1	1	1	1	1	1
n/a	OG0011123	1	1	1	1	1	1	1	1	2
n/a	OG0011124	1	1	1	1	1	1	1	1	1
n/a	OG0011125	1	0	1	2	1	1	1	2	1
n/a	OG0011126	1	1	1	1	1	1	1	1	1
n/a	OG0011127	1	1	1	1	1	1	1	1	1
n/a	OG0011128	1	1	1	1	0	2	1	1	2
n/a	OG0011129	1	1	1	1	2	1	1	1	1
n/a	OG0011130	1	1	2	1	1	2	1	0	1
n/a	OG0011131	1	1	2	1	0	1	1	1	1
n/a	OG0011132	1	1	1	1	1	1	1	0	2
n/a	OG0011133	1	1	1	1	1	1	1	1	1
n/a	OG0011134	1	1	1	1	0	2	1	1	1
n/a	OG0011135	1	1	1	1	1	1	1	1	1
n/a	OG0011136	1	1	1	0	1	1	1	2	2
n/a	OG0011137	1	1	1	1	1	1	1	1	2
n/a	OG0011138	1	1	1	1	1	1	1	0	2
n/a	OG0011139	1	1	1	0	1	1	1	1	2
n/a	OG0011140	1	1	1	1	1	1	1	1	1
n/a	OG0011141	3	1	1	1	1	1	1	0	1
n/a	OG0011142	2	1	1	1	0	1	1	1	1
n/a	OG0011143	1	1	1	1	1	1	1	1	1
n/a	OG0011144	1	1	1	1	1	1	1	1	1
n/a	OG0011145	1	1	2	1	0	1	1	1	1
n/a	OG0011146	1	1	1	1	1	1	1	1	1
n/a	OG0011147	1	1	1	1	1	1	1	1	1
n/a	OG0011148	1	1	1	0	2	2	1	0	2
n/a	OG0011149	2	1	1	1	0	1	1	0	2
n/a	OG0011150	1	1	1	1	1	1	1	1	1
n/a	OG0011151	1	1	1	1	1	1	1	1	2
n/a	OG0011152	1	1	1	1	1	1	1	1	1
n/a	OG0011153	1	1	1	1	2	1	1	1	1
n/a	OG0011154	1	1	1	1	1	2	1	1	1
n/a	OG0011155	2	1	1	0	1	1	1	1	1
n/a	OG0011156	1	1	1	1	1	1	1	1	1
n/a	OG0011157	1	1	1	1	1	1	1	1	1
n/a	OG0011158	1	1	1	1	1	1	1	1	1
n/a	OG0011159	1	1	1	1	1	1	1	0	2
n/a	OG0011160	1	1	1	1	1	1	1	1	1
n/a	OG0011161	1	1	1	1	1	1	1	1	1
n/a	OG0011162	1	1	1	1	1	1	1	1	1
n/a	OG0011163	1	1	1	1	1	1	1	1	1
n/a	OG0011164	1	1	1	1	1	1	1	1	1
n/a	OG0011165	1	1	1	1	1	1	1	1	1
n/a	OG0011166	1	1	1	1	1	1	1	1	1
n/a	OG0011167	1	1	1	1	0	2	1	1	1
n/a	OG0011168	1	1	1	1	1	1	1	1	1
n/a	OG0011169	1	1	1	1	1	1	1	1	1
n/a	OG0011170	1	1	1	1	1	1	1	2	1
n/a	OG0011171	1	1	3	1	1	0	1	0	1
n/a	OG0011172	3	0	1	2	1	1	1	1	1
n/a	OG0011173	1	1	2	1	0	1	1	1	1
n/a	OG0011174	1	1	1	1	0	1	1	1	2
n/a	OG0011175	1	1	1	1	1	1	1	0	2
n/a	OG0011176	1	1	1	1	1	1	1	1	1
n/a	OG0011177	2	1	1	1	1	1	1	1	1
n/a	OG0011178	1	1	1	1	1	1	1	1	1
n/a	OG0011179	1	1	1	1	1	1	1	1	1
n/a	OG0011180	1	1	1	1	0	2	1	1	1
n/a	OG0011181	1	0	0	3	1	1	2	0	2
n/a	OG0011182	1	1	1	1	1	1	1	1	1
n/a	OG0011183	1	1	1	1	1	1	1	1	1
n/a	OG0011184	1	1	1	1	1	1	1	1	2
n/a	OG0011185	1	1	1	1	1	1	1	1	1
n/a	OG0011186	1	1	1	1	1	1	1	1	1
n/a	OG0011187	1	1	1	1	1	1	1	1	1
n/a	OG0011188	1	1	1	1	2	1	1	1	1
n/a	OG0011189	1	1	1	1	1	1	1	1	1
n/a	OG0011190	1	1	1	1	1	1	1	1	1
n/a	OG0011191	1	1	1	1	1	1	1	1	1
n/a	OG0011192	1	1	2	1	1	1	1	1	1
n/a	OG0011193	1	1	1	1	1	1	1	1	1
n/a	OG0011194	1	1	1	1	1	1	1	1	1
n/a	OG0011195	1	1	1	1	1	1	1	1	1
n/a	OG0011196	1	1	1	1	1	1	1	1	1
n/a	OG0011197	1	1	1	0	1	1	1	1	2
n/a	OG0011198	1	1	1	1	1	1	1	1	1
n/a	OG0011199	1	1	1	1	1	1	1	1	1
n/a	OG0011200	1	1	1	1	1	1	1	1	1
n/a	OG0011201	1	1	1	1	1	1	1	1	1
n/a	OG0011202	1	1	1	1	1	1	1	1	1
n/a	OG0011203	1	1	1	0	1	1	1	2	1
n/a	OG0011204	1	1	1	1	1	1	1	1	1
n/a	OG0011205	1	1	1	1	1	1	1	1	2
n/a	OG0011206	1	1	1	1	1	1	1	1	1
n/a	OG0011207	1	1	1	1	1	1	1	1	1
n/a	OG0011208	1	1	1	1	1	2	0	0	3
n/a	OG0011209	1	1	1	0	1	1	1	1	2
n/a	OG0011210	1	1	1	1	1	1	1	1	1
n/a	OG0011211	1	1	1	1	1	1	1	1	1
n/a	OG0011212	1	1	1	1	1	1	1	1	1
n/a	OG0011213	1	1	1	1	1	1	1	1	1
n/a	OG0011214	1	1	1	1	1	1	1	1	1
n/a	OG0011215	1	1	1	1	1	1	1	1	1
n/a	OG0011216	1	1	1	1	1	1	1	1	1
n/a	OG0011217	1	1	1	1	1	1	1	1	1
n/a	OG0011218	1	1	1	0	1	1	1	1	2
n/a	OG0011219	1	1	1	1	1	1	1	1	1
n/a	OG0011220	1	1	1	1	1	1	1	1	1
n/a	OG0011221	1	1	1	1	1	1	1	1	1
n/a	OG0011222	1	1	1	1	1	1	1	1	1
n/a	OG0011223	1	1	1	1	1	1	1	1	1
n/a	OG0011224	1	1	1	1	1	1	1	1	1
n/a	OG0011225	1	1	1	1	1	1	1	1	1
n/a	OG0011226	2	1	1	0	2	1	1	0	2
n/a	OG0011227	2	1	1	1	1	1	1	0	1
n/a	OG0011228	1	1	1	1	1	1	1	1	1
n/a	OG0011229	1	1	1	1	1	1	1	1	1
n/a	OG0011230	1	1	1	1	1	1	1	1	1
n/a	OG0011231	1	1	1	1	1	1	1	1	1
n/a	OG0011232	1	1	1	1	1	1	1	1	1
n/a	OG0011233	1	1	1	1	1	1	1	1	1
n/a	OG0011234	1	1	1	1	1	1	1	1	1
n/a	OG0011235	1	1	1	1	1	1	1	1	1
n/a	OG0011236	1	0	2	1	2	2	1	0	1
n/a	OG0011237	1	1	1	1	1	1	1	1	1
n/a	OG0011238	1	1	1	1	1	1	1	1	1
n/a	OG0011239	2	1	2	1	1	1	1	0	2
n/a	OG0011240	1	1	1	1	1	1	1	1	1
n/a	OG0011241	1	1	2	1	0	1	1	2	1
n/a	OG0011242	1	1	1	1	1	1	1	1	1
n/a	OG0011243	2	1	1	1	1	2	0	1	2
n/a	OG0011244	1	1	1	1	1	1	1	1	1
n/a	OG0011245	1	1	1	1	1	1	1	0	1
n/a	OG0011246	1	1	1	1	1	1	1	1	1
n/a	OG0011247	1	1	2	1	1	1	1	1	1
n/a	OG0011248	2	1	1	1	1	1	1	0	1
n/a	OG0011249	1	1	1	1	1	1	1	1	1
n/a	OG0011250	1	1	1	0	1	1	1	0	2
n/a	OG0011251	1	1	1	1	1	1	1	1	1
n/a	OG0011252	1	1	1	1	1	1	1	1	1
n/a	OG0011253	1	1	1	1	1	1	1	1	1
n/a	OG0011254	1	1	1	1	1	1	1	1	2
n/a	OG0011255	1	1	1	1	0	1	1	1	2
n/a	OG0011256	1	1	1	1	1	1	1	1	1
n/a	OG0011257	1	1	1	1	1	1	1	1	1
n/a	OG0011258	1	1	1	1	1	1	1	1	1
n/a	OG0011259	1	1	1	1	1	1	1	1	1
n/a	OG0011260	1	1	1	1	0	1	1	1	2
n/a	OG0011261	1	1	1	1	1	1	1	1	1
n/a	OG0011262	1	1	1	1	1	1	1	1	1
n/a	OG0011263	1	1	1	1	1	1	1	1	1
n/a	OG0011264	1	1	1	1	1	1	1	1	1
n/a	OG0011265	1	1	1	1	0	1	1	1	2
n/a	OG0011266	1	2	1	1	1	1	1	0	0
n/a	OG0011267	1	1	1	1	1	1	1	1	1
n/a	OG0011268	1	1	1	1	1	1	1	1	2
n/a	OG0011269	1	1	1	1	1	1	1	1	1
n/a	OG0011270	1	1	1	1	1	1	1	1	1
n/a	OG0011271	1	1	1	1	1	1	1	1	1
n/a	OG0011272	1	1	1	1	1	1	1	1	1
n/a	OG0011273	1	1	1	1	1	1	1	0	2
n/a	OG0011274	1	1	1	1	1	1	1	1	1
n/a	OG0011275	1	1	1	1	1	1	1	1	1
n/a	OG0011276	1	1	1	1	1	1	1	1	1
n/a	OG0011277	1	1	1	1	1	1	1	1	1
n/a	OG0011278	1	1	1	1	1	1	1	0	2
n/a	OG0011279	1	1	1	1	1	1	1	1	1
n/a	OG0011280	1	1	1	1	1	1	1	1	1
n/a	OG0011281	1	1	2	1	0	1	1	1	1
n/a	OG0011282	1	1	1	1	0	1	1	1	2
n/a	OG0011283	2	1	1	1	1	1	1	1	1
n/a	OG0011284	1	1	1	1	1	1	1	1	1
n/a	OG0011285	1	1	1	1	1	1	1	1	1
n/a	OG0011286	2	1	1	0	1	1	1	1	1
n/a	OG0011287	1	1	1	1	1	1	1	1	1
n/a	OG0011288	1	1	1	1	1	1	1	1	1
n/a	OG0011289	1	1	1	1	1	1	1	1	1
n/a	OG0011290	1	1	1	1	1	1	1	1	1
n/a	OG0011291	1	1	1	1	1	1	1	1	1
n/a	OG0011292	1	1	1	1	1	1	1	2	1
n/a	OG0011293	1	1	1	1	1	1	1	1	1
n/a	OG0011294	1	1	1	1	1	1	1	1	1
n/a	OG0011295	1	1	1	1	1	1	1	1	2
n/a	OG0011296	1	1	1	1	1	1	1	1	1
n/a	OG0011297	1	1	1	1	1	1	1	1	1
n/a	OG0011298	1	1	1	1	1	1	1	1	1
n/a	OG0011299	1	1	1	1	1	1	1	1	1
n/a	OG0011300	1	1	1	1	1	1	1	1	1
n/a	OG0011301	1	1	1	1	1	1	1	1	1
n/a	OG0011302	1	1	1	1	1	1	1	1	1
n/a	OG0011303	1	1	1	1	1	1	1	1	1
n/a	OG0011304	1	1	1	1	1	1	1	1	1
n/a	OG0011305	1	1	1	1	1	1	1	0	2
n/a	OG0011306	2	1	1	1	0	1	1	1	2
n/a	OG0011307	1	1	1	1	1	1	1	1	1
n/a	OG0011308	1	1	1	1	1	1	1	1	1
n/a	OG0011309	1	1	1	1	1	1	1	1	1
n/a	OG0011310	1	1	1	1	1	1	1	1	2
n/a	OG0011311	1	1	1	1	1	1	1	1	1
n/a	OG0011312	1	1	1	1	1	1	1	1	1
n/a	OG0011313	1	1	1	1	1	1	1	1	1
n/a	OG0011314	1	1	1	1	1	1	1	1	1
n/a	OG0011315	1	1	1	1	1	1	1	1	1
n/a	OG0011316	1	1	1	1	1	1	1	0	2
n/a	OG0011317	1	1	1	1	1	1	1	1	1
n/a	OG0011318	1	1	1	1	1	1	1	1	2
n/a	OG0011319	1	1	1	1	1	1	1	1	1
n/a	OG0011320	1	1	1	1	1	1	1	1	1
n/a	OG0011321	1	1	1	1	1	1	1	1	1
n/a	OG0011322	1	1	1	1	1	1	1	1	1
n/a	OG0011323	1	1	1	1	1	1	1	1	2
n/a	OG0011324	1	1	2	1	0	1	1	1	1
n/a	OG0011325	1	1	1	1	1	1	1	1	1
n/a	OG0011326	1	1	2	1	1	2	0	0	2
n/a	OG0011327	2	1	1	1	1	1	1	1	1
n/a	OG0011328	1	1	1	1	1	1	1	1	1
n/a	OG0011329	1	1	1	1	1	1	1	1	1
n/a	OG0011330	2	1	1	1	1	1	1	1	1
n/a	OG0011331	1	1	2	1	0	1	1	2	1
n/a	OG0011332	1	1	1	1	1	1	1	1	1
n/a	OG0011333	1	1	1	1	1	1	1	1	1
n/a	OG0011334	1	1	1	1	1	1	1	0	1
n/a	OG0011335	1	1	1	1	1	1	1	1	1
n/a	OG0011336	1	1	1	1	1	1	1	1	1
n/a	OG0011337	1	1	1	1	0	1	1	1	3
n/a	OG0011338	1	1	1	1	1	1	1	1	1
n/a	OG0011339	1	1	1	1	1	1	1	1	1
n/a	OG0011340	2	1	1	1	1	1	1	0	2
n/a	OG0011341	1	1	1	1	1	1	1	1	1
n/a	OG0011342	2	1	1	1	1	1	1	1	1
n/a	OG0011343	1	1	1	1	2	1	1	1	1
n/a	OG0011344	1	1	1	1	1	1	1	1	1
n/a	OG0011345	1	1	1	1	1	1	1	1	1
n/a	OG0011346	1	1	1	1	1	1	1	1	1
n/a	OG0011347	1	1	1	1	1	1	1	1	1
n/a	OG0011348	1	1	1	0	1	1	1	1	2
n/a	OG0011349	1	1	1	1	1	1	1	1	1
n/a	OG0011350	2	0	1	0	1	0	2	2	1
n/a	OG0011351	1	1	1	1	1	1	1	1	1
n/a	OG0011352	1	1	1	1	1	1	1	1	1
n/a	OG0011353	1	1	1	1	1	2	1	0	1
n/a	OG0011354	1	1	1	1	1	1	1	1	2
n/a	OG0011355	1	1	1	0	2	1	1	1	1
n/a	OG0011356	1	1	1	1	1	1	1	1	1
n/a	OG0011357	1	0	1	1	1	1	1	1	4
n/a	OG0011358	1	1	1	1	1	1	1	1	1
n/a	OG0011359	1	0	1	1	1	1	2	0	1
n/a	OG0011360	1	1	1	1	1	1	1	1	1
n/a	OG0011361	1	1	1	1	1	1	1	1	1
n/a	OG0011362	1	1	2	1	1	1	1	1	1
n/a	OG0011363	1	1	1	1	1	1	1	1	1
n/a	OG0011364	1	1	1	1	1	1	1	1	1
n/a	OG0011365	1	1	1	1	1	1	1	1	1
n/a	OG0011366	1	1	1	1	1	1	1	1	1
n/a	OG0011367	1	1	1	1	1	1	1	1	1
n/a	OG0011368	1	1	1	1	1	1	1	1	1
n/a	OG0011369	1	1	1	1	1	1	1	1	1
n/a	OG0011370	1	1	1	1	1	1	1	1	1
n/a	OG0011371	1	1	1	1	0	1	1	1	2
n/a	OG0011372	1	1	1	1	1	1	1	1	2
n/a	OG0011373	1	1	1	0	1	1	1	1	2
n/a	OG0011374	1	1	1	1	1	1	1	1	1
n/a	OG0011375	1	1	1	1	0	1	1	1	1
n/a	OG0011376	1	1	1	1	1	1	1	1	1
n/a	OG0011377	1	1	1	2	0	1	1	1	1
n/a	OG0011378	1	1	1	1	1	1	1	1	1
n/a	OG0011379	1	1	1	1	1	1	1	1	1
n/a	OG0011380	1	1	1	1	1	1	1	1	1
n/a	OG0011381	1	1	1	1	1	1	1	1	1
n/a	OG0011382	1	1	1	1	1	1	1	1	1
n/a	OG0011383	1	1	1	1	1	1	1	1	1
n/a	OG0011384	1	1	1	1	1	1	1	1	1
n/a	OG0011385	1	1	1	1	1	1	1	1	1
n/a	OG0011386	1	1	1	1	1	1	1	1	2
n/a	OG0011387	1	1	1	1	1	1	1	1	1
n/a	OG0011388	1	1	1	1	1	1	1	1	2
n/a	OG0011389	1	1	1	1	1	1	1	1	1
n/a	OG0011390	1	1	1	1	1	1	1	1	1
n/a	OG0011391	1	1	1	1	1	1	1	1	1
n/a	OG0011392	2	2	0	1	1	0	1	1	0
n/a	OG0011393	1	1	1	0	1	1	1	1	2
n/a	OG0011394	1	1	1	1	1	1	1	1	1
n/a	OG0011395	1	1	1	1	1	1	1	1	1
n/a	OG0011396	1	1	1	1	1	1	1	1	1
n/a	OG0011397	1	1	1	2	0	1	1	1	1
n/a	OG0011398	1	1	1	1	1	1	1	1	1
n/a	OG0011399	1	1	1	1	1	2	1	1	1
n/a	OG0011400	1	1	1	1	1	1	1	1	1
n/a	OG0011401	1	1	1	1	1	1	1	1	1
n/a	OG0011402	1	1	1	1	1	1	1	1	1
n/a	OG0011403	1	1	1	1	1	1	1	1	1
n/a	OG0011404	1	1	1	1	1	1	1	1	1
n/a	OG0011405	1	1	1	1	1	1	1	1	1
n/a	OG0011406	1	1	1	1	2	1	1	1	1
n/a	OG0011407	1	1	1	1	1	1	1	1	1
n/a	OG0011408	1	1	1	1	1	1	1	1	1
n/a	OG0011409	1	1	1	1	0	1	1	1	2
n/a	OG0011410	1	1	1	1	1	1	1	1	1
n/a	OG0011411	1	1	1	1	2	1	0	1	2
n/a	OG0011412	1	1	1	1	1	1	1	1	1
n/a	OG0011413	1	1	1	1	1	1	1	1	1
n/a	OG0011414	1	1	1	1	1	1	1	1	2
n/a	OG0011415	1	1	1	0	1	2	1	0	1
n/a	OG0011416	1	1	1	1	1	1	1	1	1
n/a	OG0011417	1	1	1	1	1	1	1	1	1
n/a	OG0011418	1	1	1	1	1	1	1	1	1
n/a	OG0011419	1	1	1	1	1	1	1	1	1
n/a	OG0011420	3	1	1	1	1	1	1	0	1
n/a	OG0011421	1	1	1	1	2	1	1	1	1
n/a	OG0011422	1	1	1	1	1	1	1	0	2
n/a	OG0011423	1	1	1	1	1	1	1	1	1
n/a	OG0011424	1	1	1	1	1	1	1	1	1
n/a	OG0011425	1	1	1	1	1	1	1	1	1
n/a	OG0011426	1	1	1	1	1	1	1	1	1
n/a	OG0011427	1	1	1	1	1	1	1	1	1
n/a	OG0011428	1	1	1	1	1	1	1	1	1
n/a	OG0011429	1	1	2	1	1	1	1	1	1
n/a	OG0011430	1	1	1	1	1	1	1	1	1
n/a	OG0011431	1	1	1	1	1	1	1	1	1
n/a	OG0011432	1	1	1	0	2	1	1	1	1
n/a	OG0011433	1	1	1	1	1	1	1	1	1
n/a	OG0011434	1	1	1	1	1	1	1	1	1
n/a	OG0011435	1	1	1	1	1	1	1	1	1
n/a	OG0011436	1	1	1	1	1	1	1	1	1
n/a	OG0011437	1	1	1	1	1	1	1	1	1
n/a	OG0011438	1	1	1	1	1	1	1	1	1
n/a	OG0011439	2	1	1	1	1	1	1	1	1
n/a	OG0011440	1	1	1	1	1	1	1	1	1
n/a	OG0011441	1	1	1	1	1	1	1	1	1
n/a	OG0011442	1	1	1	1	1	1	1	1	1
n/a	OG0011443	1	1	1	1	1	1	1	1	1
n/a	OG0011444	3	1	1	0	0	1	1	1	1
n/a	OG0011445	1	1	1	2	1	1	1	1	1
n/a	OG0011446	1	1	1	1	1	1	1	1	1
n/a	OG0011447	1	1	1	1	0	1	1	1	1
n/a	OG0011448	1	1	1	1	1	1	1	1	1
n/a	OG0011449	1	1	1	1	1	1	1	1	1
n/a	OG0011450	1	1	1	1	2	1	1	0	1
n/a	OG0011451	1	1	2	1	1	1	1	0	1
n/a	OG0011452	1	1	1	1	1	1	1	1	1
n/a	OG0011453	1	1	1	1	1	1	1	1	1
n/a	OG0011454	1	1	2	1	0	1	1	1	1
n/a	OG0011455	1	1	1	1	1	1	1	1	2
n/a	OG0011456	1	1	1	1	1	1	1	1	1
n/a	OG0011457	1	1	1	0	1	1	1	1	2
n/a	OG0011458	1	1	1	1	1	1	1	1	1
n/a	OG0011459	1	1	1	1	1	1	1	1	1
n/a	OG0011460	1	2	1	1	0	1	1	1	1
n/a	OG0011461	1	1	1	1	1	1	1	1	1
n/a	OG0011462	3	1	1	1	1	1	0	1	1
n/a	OG0011463	1	1	2	1	1	1	1	1	1
n/a	OG0011464	1	1	1	0	1	1	1	1	1
n/a	OG0011465	1	1	1	1	1	1	1	1	1
n/a	OG0011466	1	1	1	1	1	1	1	1	1
n/a	OG0011467	1	1	1	1	1	1	1	1	1
n/a	OG0011468	1	1	1	1	1	1	1	1	2
n/a	OG0011469	1	1	1	1	1	1	1	1	1
n/a	OG0011470	2	1	1	1	1	1	1	1	1
n/a	OG0011471	1	1	1	1	1	1	1	1	1
n/a	OG0011472	2	1	1	1	1	1	1	1	1
n/a	OG0011473	1	1	1	1	1	1	1	1	1
n/a	OG0011474	1	1	2	1	0	1	1	1	1
n/a	OG0011475	1	1	1	1	0	1	1	1	1
n/a	OG0011476	1	1	1	1	1	1	1	1	1
n/a	OG0011477	1	1	1	1	1	1	1	1	1
n/a	OG0011478	1	1	1	1	1	1	1	1	1
n/a	OG0011479	1	1	1	1	1	2	1	1	1
n/a	OG0011480	1	1	1	1	1	1	1	1	1
n/a	OG0011481	1	1	1	1	1	1	1	1	1
n/a	OG0011482	2	1	1	1	0	1	1	1	2
n/a	OG0011483	2	1	1	0	1	1	1	1	1
n/a	OG0011484	1	1	1	1	1	1	1	1	1
n/a	OG0011485	2	1	1	1	0	1	1	1	1
n/a	OG0011486	1	1	1	1	1	1	1	1	1
n/a	OG0011487	1	1	2	1	1	1	1	0	1
n/a	OG0011488	2	1	1	1	1	1	1	1	1
n/a	OG0011489	1	1	1	1	1	1	1	1	1
n/a	OG0011490	2	1	1	1	1	1	1	1	1
n/a	OG0011491	1	1	1	1	1	1	1	1	1
n/a	OG0011492	1	1	1	1	1	1	1	1	1
n/a	OG0011493	1	1	2	1	1	1	1	0	1
n/a	OG0011494	1	1	1	0	1	1	1	1	2
n/a	OG0011495	1	1	1	1	1	1	1	1	1
n/a	OG0011496	1	1	1	1	1	1	1	1	1
n/a	OG0011497	1	1	1	1	1	1	1	1	1
n/a	OG0011498	1	1	1	1	1	1	1	1	1
n/a	OG0011499	1	1	1	1	1	1	1	1	1
n/a	OG0011500	1	1	1	1	1	1	1	1	1
n/a	OG0011501	1	1	1	1	1	1	1	1	2
n/a	OG0011502	1	1	1	1	1	1	1	1	1
n/a	OG0011503	1	1	1	1	1	1	1	1	2
n/a	OG0011504	1	1	1	1	1	1	1	1	1
n/a	OG0011505	1	1	1	1	1	1	1	1	2
n/a	OG0011506	1	1	1	1	1	1	1	1	1
n/a	OG0011507	1	1	1	1	2	1	1	0	1
n/a	OG0011508	1	1	1	1	1	1	1	1	1
n/a	OG0011509	1	1	1	1	1	1	1	1	1
n/a	OG0011510	1	1	1	1	1	1	1	1	2
n/a	OG0011511	1	1	1	1	1	1	1	1	1
n/a	OG0011512	1	1	1	1	1	1	1	1	1
n/a	OG0011513	1	1	1	1	1	1	1	1	1
n/a	OG0011514	1	1	1	1	1	1	1	1	1
n/a	OG0011515	1	1	1	1	1	1	1	1	1
n/a	OG0011516	1	1	1	1	1	1	1	1	1
n/a	OG0011517	1	1	1	1	1	1	1	1	1
n/a	OG0011518	1	1	1	1	1	1	1	1	1
n/a	OG0011519	1	1	1	1	1	1	1	1	1
n/a	OG0011520	1	1	1	1	1	1	1	1	1
n/a	OG0011521	1	1	1	1	1	1	1	1	1
n/a	OG0011522	1	1	1	1	1	1	1	1	1
n/a	OG0011523	1	1	1	1	1	1	1	1	1
n/a	OG0011524	1	1	1	1	1	1	1	1	2
n/a	OG0011525	1	1	1	1	1	1	1	1	1
n/a	OG0011526	1	1	1	1	1	1	1	1	1
n/a	OG0011527	1	1	1	1	1	1	1	1	1
n/a	OG0011528	1	1	1	1	1	1	1	1	2
n/a	OG0011529	1	1	1	1	1	1	1	1	1
n/a	OG0011530	1	1	1	1	1	1	1	1	2
n/a	OG0011531	1	1	1	1	1	1	1	1	1
n/a	OG0011532	1	1	1	1	1	1	1	1	1
n/a	OG0011533	1	1	1	1	1	1	1	1	1
n/a	OG0011534	1	1	1	1	1	1	1	1	1
n/a	OG0011535	1	1	1	1	1	1	1	1	1
n/a	OG0011536	1	1	2	1	1	1	0	1	2
n/a	OG0011537	1	1	1	1	1	2	1	1	0
n/a	OG0011538	1	1	1	1	1	1	1	1	1
n/a	OG0011539	1	1	1	1	1	1	1	1	1
n/a	OG0011540	1	1	1	1	1	1	1	1	1
n/a	OG0011541	2	1	1	1	1	1	1	1	1
n/a	OG0011542	1	1	1	1	0	1	1	1	2
n/a	OG0011543	1	1	1	1	1	1	1	1	1
n/a	OG0011544	1	1	1	1	1	1	1	1	1
n/a	OG0011545	1	1	1	1	1	1	1	1	1
n/a	OG0011546	1	1	1	1	1	1	1	1	1
n/a	OG0011547	1	1	2	1	1	2	1	0	1
n/a	OG0011548	2	1	1	1	1	1	1	1	1
n/a	OG0011549	1	1	1	1	1	1	1	1	1
n/a	OG0011550	1	1	1	1	1	1	1	1	1
n/a	OG0011551	1	1	1	1	0	1	1	1	2
n/a	OG0011552	1	2	1	1	0	1	0	1	1
n/a	OG0011553	1	1	1	1	1	1	1	1	1
n/a	OG0011554	1	1	1	1	1	1	1	1	2
n/a	OG0011555	1	1	1	1	1	1	1	1	1
n/a	OG0011556	1	1	1	1	1	1	1	1	1
n/a	OG0011557	1	1	1	1	1	1	1	1	1
n/a	OG0011558	1	1	1	0	1	1	1	1	2
n/a	OG0011559	1	1	1	1	1	1	1	1	1
n/a	OG0011560	1	1	1	1	1	1	1	1	1
n/a	OG0011561	1	1	1	1	1	1	1	1	1
n/a	OG0011562	1	1	1	1	1	1	1	1	1
n/a	OG0011563	1	1	1	1	1	1	1	1	1
n/a	OG0011564	1	1	1	1	1	1	1	1	1
n/a	OG0011565	1	1	1	1	0	1	1	1	1
n/a	OG0011566	1	1	1	1	0	1	1	1	2
n/a	OG0011567	1	1	1	1	1	1	1	1	1
n/a	OG0011568	1	1	1	1	0	2	1	1	1
n/a	OG0011569	1	1	1	1	2	1	1	0	1
n/a	OG0011570	1	1	2	0	2	2	1	0	1
n/a	OG0011571	2	1	1	0	1	1	1	0	2
n/a	OG0011572	1	1	1	1	1	1	1	1	1
n/a	OG0011573	1	1	1	1	1	1	1	1	1
n/a	OG0011574	1	1	1	1	1	1	1	2	1
n/a	OG0011575	1	1	1	1	1	1	1	1	1
n/a	OG0011576	1	1	1	1	1	1	1	1	1
n/a	OG0011577	1	1	1	1	1	1	1	1	1
n/a	OG0011578	1	1	1	1	1	2	1	0	1
n/a	OG0011579	2	1	1	1	0	1	1	1	2
n/a	OG0011580	1	1	1	1	1	1	1	1	1
n/a	OG0011581	1	1	1	1	1	1	1	1	1
n/a	OG0011582	1	1	1	1	0	1	1	1	2
n/a	OG0011583	2	1	1	1	0	1	1	1	1
n/a	OG0011584	2	1	1	1	2	1	1	0	0
n/a	OG0011585	1	1	1	1	1	1	1	1	1
n/a	OG0011586	1	1	1	1	1	1	1	1	1
n/a	OG0011587	1	1	1	1	0	1	1	1	1
n/a	OG0011588	1	1	1	1	1	1	1	1	1
n/a	OG0011589	1	1	1	1	0	1	1	1	2
n/a	OG0011590	1	1	1	1	1	1	1	1	1
n/a	OG0011591	1	1	1	1	1	1	1	1	1
n/a	OG0011592	1	1	1	1	0	1	1	1	2
n/a	OG0011593	1	1	1	1	1	1	1	1	1
n/a	OG0011594	1	1	1	1	0	2	1	1	2
n/a	OG0011595	1	1	1	1	1	1	1	1	1
n/a	OG0011596	1	1	1	1	1	1	1	1	1
n/a	OG0011597	1	1	1	1	1	1	1	1	1
n/a	OG0011598	1	1	1	1	1	1	1	1	1
n/a	OG0011599	1	1	1	1	1	1	1	0	2
n/a	OG0011600	1	1	1	1	1	1	1	1	2
n/a	OG0011601	1	1	1	1	1	1	1	1	1
n/a	OG0011602	1	1	1	1	1	1	1	1	1
n/a	OG0011603	1	1	1	1	1	1	1	1	1
n/a	OG0011604	1	0	1	1	1	1	1	2	1
n/a	OG0011605	1	1	1	1	2	1	1	1	1
n/a	OG0011606	1	1	1	1	1	1	1	1	1
n/a	OG0011607	1	1	1	1	1	1	1	1	1
n/a	OG0011608	1	1	1	1	1	1	1	1	1
n/a	OG0011609	1	1	1	1	1	1	1	1	1
n/a	OG0011610	1	1	1	1	1	1	1	1	1
n/a	OG0011611	1	1	1	1	1	1	1	1	1
n/a	OG0011612	1	1	2	1	1	1	1	1	1
n/a	OG0011613	1	1	1	1	1	1	1	1	1
n/a	OG0011614	1	1	1	1	1	1	1	1	1
n/a	OG0011615	1	1	1	1	1	1	1	1	1
n/a	OG0011616	1	1	1	1	1	1	1	1	1
n/a	OG0011617	1	1	1	0	1	1	1	1	1
n/a	OG0011618	1	1	1	1	1	1	1	1	1
n/a	OG0011619	1	1	1	1	1	1	1	1	1
n/a	OG0011620	1	1	1	1	1	1	1	1	1
n/a	OG0011621	1	1	1	1	1	1	1	1	1
n/a	OG0011622	1	1	1	1	1	1	1	1	1
n/a	OG0011623	1	1	1	1	1	1	1	1	1
n/a	OG0011624	1	1	1	1	1	1	1	1	1
n/a	OG0011625	1	1	1	1	1	1	1	1	1
n/a	OG0011626	1	1	1	1	1	1	1	1	1
n/a	OG0011627	1	1	1	1	0	1	1	1	1
n/a	OG0011628	1	1	1	1	1	1	1	1	1
n/a	OG0011629	1	1	1	1	1	1	1	1	1
n/a	OG0011630	1	1	1	1	1	1	1	1	1
n/a	OG0011631	1	1	1	1	1	1	1	1	1
n/a	OG0011632	1	1	1	1	1	1	1	0	3
n/a	OG0011633	1	1	1	1	1	1	1	1	1
n/a	OG0011634	1	1	1	1	1	2	1	1	1
n/a	OG0011635	1	1	1	1	1	1	1	1	1
n/a	OG0011636	1	1	1	1	1	1	1	1	1
n/a	OG0011637	1	1	1	1	1	1	1	1	1
n/a	OG0011638	1	1	1	1	1	1	1	1	1
n/a	OG0011639	1	1	1	1	0	1	1	1	2
n/a	OG0011640	1	1	1	1	0	1	1	1	1
n/a	OG0011641	1	1	1	1	1	1	1	1	1
n/a	OG0011642	1	1	1	1	1	1	1	1	1
n/a	OG0011643	1	1	1	1	1	1	1	1	1
n/a	OG0011644	1	1	1	1	3	1	1	0	0
n/a	OG0011645	1	1	1	1	1	1	1	1	1
n/a	OG0011646	1	1	1	1	1	1	1	1	1
n/a	OG0011647	1	1	1	1	1	1	1	1	2
n/a	OG0011648	1	1	2	1	1	1	1	1	1
n/a	OG0011649	1	1	1	1	1	1	1	1	1
n/a	OG0011650	1	0	1	1	1	2	1	2	1
n/a	OG0011651	1	1	1	1	1	1	1	1	1
n/a	OG0011652	1	1	1	1	1	1	1	1	1
n/a	OG0011653	1	1	1	1	1	1	1	1	1
n/a	OG0011654	1	1	1	0	1	1	1	1	2
n/a	OG0011655	1	1	1	1	1	1	1	1	2
n/a	OG0011656	1	1	1	1	1	1	1	1	1
n/a	OG0011657	1	1	1	1	1	1	1	1	1
n/a	OG0011658	1	1	1	1	1	2	1	0	1
n/a	OG0011659	1	1	1	1	1	1	1	1	1
n/a	OG0011660	1	1	1	1	1	1	1	1	1
n/a	OG0011661	1	1	1	1	1	1	1	1	1
n/a	OG0011662	1	1	1	1	1	1	1	1	1
n/a	OG0011663	1	1	1	1	1	1	1	1	1
n/a	OG0011664	1	1	1	1	1	1	1	1	1
n/a	OG0011665	1	1	1	1	1	1	1	1	1
n/a	OG0011666	1	1	1	1	1	1	1	1	1
n/a	OG0011667	1	1	1	1	1	1	1	1	1
n/a	OG0011668	1	1	1	1	0	1	1	1	2
n/a	OG0011669	1	1	1	1	1	1	1	1	1
n/a	OG0011670	1	1	1	1	1	1	1	1	1
n/a	OG0011671	1	1	1	1	1	1	1	1	1
n/a	OG0011672	1	1	1	0	1	1	1	1	2
n/a	OG0011673	1	1	1	1	1	2	1	0	1
n/a	OG0011674	1	1	1	1	1	1	1	1	1
n/a	OG0011675	1	1	1	1	1	1	1	1	1
n/a	OG0011676	1	1	1	1	1	1	1	1	1
n/a	OG0011677	1	1	1	1	1	1	1	1	1
n/a	OG0011678	1	1	1	1	1	1	1	1	1
n/a	OG0011679	1	1	1	1	1	1	1	1	1
n/a	OG0011680	1	1	1	1	1	1	1	1	1
n/a	OG0011681	1	1	2	0	1	1	1	1	1
n/a	OG0011682	1	1	1	1	1	1	1	1	1
n/a	OG0011683	1	1	1	1	1	1	1	1	1
n/a	OG0011684	1	1	1	1	1	1	1	1	1
n/a	OG0011685	1	1	1	1	2	1	1	1	1
n/a	OG0011686	1	1	1	1	1	1	1	1	1
n/a	OG0011687	1	1	1	2	1	1	1	1	1
n/a	OG0011688	1	1	1	2	1	1	1	1	1
n/a	OG0011689	1	1	1	1	1	1	1	1	1
n/a	OG0011690	1	1	1	1	1	2	1	1	1
n/a	OG0011691	1	1	1	1	1	1	1	1	1
n/a	OG0011692	1	1	1	1	1	1	1	1	1
n/a	OG0011693	1	1	1	1	1	1	1	1	1
n/a	OG0011694	1	1	1	1	1	1	1	0	2
n/a	OG0011695	1	1	1	1	1	2	1	1	0
n/a	OG0011696	1	1	1	1	1	1	1	1	1
n/a	OG0011697	1	1	1	1	0	1	1	1	1
n/a	OG0011698	1	1	1	1	1	1	1	1	1
n/a	OG0011699	1	1	1	1	0	2	1	1	2
n/a	OG0011700	1	1	1	1	1	1	1	1	1
n/a	OG0011701	1	1	1	0	1	2	1	1	1
n/a	OG0011702	1	1	1	1	1	1	1	1	1
n/a	OG0011703	1	1	1	1	1	1	1	1	1
n/a	OG0011704	1	1	1	1	1	1	1	1	1
n/a	OG0011705	1	1	1	1	1	1	1	1	1
n/a	OG0011706	1	1	2	1	0	1	1	1	1
n/a	OG0011707	1	1	1	1	1	1	1	1	1
n/a	OG0011708	1	1	1	0	1	1	1	2	1
n/a	OG0011709	1	1	1	1	1	1	1	1	1
n/a	OG0011710	1	1	1	1	2	1	1	0	1
n/a	OG0011711	1	1	1	1	1	1	1	1	1
n/a	OG0011712	1	1	1	1	1	1	1	1	1
n/a	OG0011713	1	1	2	0	0	1	1	1	1
n/a	OG0011714	1	1	1	1	1	1	1	1	1
n/a	OG0011715	1	1	1	1	2	1	0	1	2
n/a	OG0011716	1	2	1	1	1	1	1	0	1
n/a	OG0011717	1	1	1	1	1	1	1	1	2
n/a	OG0011718	1	1	1	1	1	1	1	1	1
n/a	OG0011719	1	1	1	1	1	1	1	1	2
n/a	OG0011720	1	1	1	1	1	1	1	1	1
n/a	OG0011721	1	1	1	1	1	1	1	1	1
n/a	OG0011722	1	1	1	1	1	1	1	1	1
n/a	OG0011723	1	1	1	1	1	1	1	1	1
n/a	OG0011724	1	1	1	1	1	1	1	1	1
n/a	OG0011725	1	1	1	1	1	2	1	0	1
n/a	OG0011726	1	1	1	1	1	1	1	1	1
n/a	OG0011727	1	1	1	1	1	1	1	1	1
n/a	OG0011728	1	1	1	1	1	1	1	1	1
n/a	OG0011729	1	1	1	1	1	1	1	1	1
n/a	OG0011730	1	1	1	1	1	1	1	1	1
n/a	OG0011731	1	1	1	1	1	1	1	1	1
n/a	OG0011732	1	1	1	1	1	1	1	1	1
n/a	OG0011733	1	1	1	1	1	1	1	1	1
n/a	OG0011734	1	1	1	1	3	1	1	0	2
n/a	OG0011735	1	1	1	1	1	1	1	1	1
n/a	OG0011736	1	1	1	1	1	1	1	1	2
n/a	OG0011737	1	1	1	1	1	1	1	1	1
n/a	OG0011738	1	1	1	1	1	1	1	1	1
n/a	OG0011739	1	1	1	1	1	1	1	1	1
n/a	OG0011740	1	1	1	1	2	1	1	1	1
n/a	OG0011741	1	1	1	1	0	1	1	1	2
n/a	OG0011742	1	1	1	1	1	1	1	1	1
n/a	OG0011743	1	1	1	1	1	1	1	1	1
n/a	OG0011744	1	1	1	1	1	1	1	1	1
n/a	OG0011745	1	1	1	1	1	1	1	1	1
n/a	OG0011746	1	1	1	1	1	1	1	1	1
n/a	OG0011747	1	1	1	1	1	1	1	1	2
n/a	OG0011748	1	1	1	1	1	1	1	1	1
n/a	OG0011749	1	1	1	1	1	1	1	1	1
n/a	OG0011750	1	1	1	1	1	2	1	1	1
n/a	OG0011751	1	1	1	1	1	1	1	1	1
n/a	OG0011752	1	1	1	1	1	1	1	1	1
n/a	OG0011753	1	1	1	1	1	1	1	1	1
n/a	OG0011754	1	1	1	1	1	1	1	1	1
n/a	OG0011755	1	1	1	1	1	1	1	1	1
n/a	OG0011756	1	1	1	1	1	1	1	1	1
n/a	OG0011757	1	1	1	1	1	1	1	1	1
n/a	OG0011758	1	1	1	1	1	1	1	1	1
n/a	OG0011759	1	1	1	1	1	1	1	1	1
n/a	OG0011760	1	1	1	1	1	1	1	1	2
n/a	OG0011761	1	1	1	1	1	2	1	1	1
n/a	OG0011762	1	1	1	1	2	1	1	1	1
n/a	OG0011763	1	1	1	1	1	1	1	1	1
n/a	OG0011764	1	1	1	1	1	1	1	1	2
n/a	OG0011765	1	1	1	1	1	1	1	1	1
n/a	OG0011766	1	1	1	1	1	1	1	1	1
n/a	OG0011767	1	1	1	1	1	1	1	1	2
n/a	OG0011768	1	1	1	1	1	1	1	1	1
n/a	OG0011769	1	1	1	1	1	1	1	1	1
n/a	OG0011770	1	1	1	1	1	1	1	1	1
n/a	OG0011771	1	1	1	1	1	1	1	1	2
n/a	OG0011772	1	1	1	1	1	1	1	1	1
n/a	OG0011773	1	1	1	0	1	1	1	1	2
n/a	OG0011774	1	1	1	1	1	1	1	1	2
n/a	OG0011775	1	1	1	1	1	1	1	1	1
n/a	OG0011776	1	1	1	1	1	1	1	1	1
n/a	OG0011777	1	1	1	1	1	1	1	1	1
n/a	OG0011778	1	1	1	1	1	1	1	1	1
n/a	OG0011779	1	1	1	1	1	1	1	1	2
n/a	OG0011780	1	1	1	1	1	1	0	1	2
n/a	OG0011781	1	1	1	1	1	1	1	1	1
n/a	OG0011782	1	1	1	1	1	1	1	1	1
n/a	OG0011783	1	1	1	1	0	1	1	1	2
n/a	OG0011784	1	1	1	1	1	1	1	1	1
n/a	OG0011785	1	1	1	1	1	1	1	1	1
n/a	OG0011786	1	1	1	1	1	1	1	1	1
n/a	OG0011787	1	1	1	1	1	1	1	1	1
n/a	OG0011788	1	1	1	1	0	1	1	1	3
n/a	OG0011789	2	1	1	1	0	1	1	1	1
n/a	OG0011790	1	1	1	1	1	1	1	1	1
n/a	OG0011791	1	1	1	1	1	1	1	1	1
n/a	OG0011792	1	1	1	1	1	1	1	1	1
n/a	OG0011793	1	1	1	1	1	1	1	1	1
n/a	OG0011794	1	1	1	1	1	1	1	1	1
n/a	OG0011795	1	1	1	1	1	1	1	1	1
n/a	OG0011796	1	1	1	1	1	1	1	1	1
n/a	OG0011797	1	1	1	1	0	1	1	1	1
n/a	OG0011798	1	1	1	1	1	1	1	1	1
n/a	OG0011799	1	1	1	1	2	1	0	1	2
n/a	OG0011800	1	1	1	0	1	1	1	1	2
n/a	OG0011801	1	1	1	1	1	1	1	1	1
n/a	OG0011802	1	1	1	1	1	1	1	1	1
n/a	OG0011803	1	1	1	1	1	1	1	1	1
n/a	OG0011804	1	1	1	1	1	1	1	1	2
n/a	OG0011805	1	1	1	1	1	1	1	1	1
n/a	OG0011806	1	1	1	1	1	1	1	2	1
n/a	OG0011807	1	1	1	1	1	1	1	1	1
n/a	OG0011808	1	1	3	0	0	0	2	1	0
n/a	OG0011809	1	0	4	0	0	1	3	0	0
n/a	OG0011810	1	0	4	0	0	0	3	0	0
n/a	OG0011811	0	2	0	0	2	0	2	1	0
n/a	OG0011812	0	1	1	1	1	1	1	1	2
n/a	OG0011813	0	1	1	0	1	5	1	0	1
n/a	OG0011814	0	1	1	1	1	2	1	1	1
n/a	OG0011815	0	1	1	1	1	1	1	1	1
n/a	OG0011816	0	1	1	1	1	1	1	1	2
n/a	OG0011817	0	2	1	1	1	1	1	1	1
n/a	OG0011818	0	1	1	1	1	1	1	1	2
n/a	OG0011819	0	1	1	1	0	2	1	1	1
n/a	OG0011820	0	1	1	1	1	1	1	1	2
n/a	OG0011821	0	3	0	1	0	0	1	1	0
n/a	OG0011822	0	1	1	1	1	2	1	0	2
n/a	OG0011823	0	1	1	1	1	1	1	1	2
n/a	OG0011824	0	1	1	1	2	1	1	1	1
n/a	OG0011825	0	1	1	1	2	1	1	1	1
n/a	OG0011826	0	1	1	1	1	1	1	1	2
n/a	OG0011827	0	1	1	1	1	1	1	1	2
n/a	OG0011828	0	1	2	1	1	1	1	1	1
n/a	OG0011829	0	1	1	1	1	1	1	1	2
n/a	OG0011830	0	1	1	0	1	1	2	1	1
n/a	OG0011831	0	1	1	1	1	1	1	1	2
n/a	OG0011832	0	1	1	1	1	1	1	1	2
n/a	OG0011833	0	1	1	1	1	1	1	1	2
n/a	OG0011835	0	1	1	1	0	1	1	1	3
n/a	OG0011836	0	3	1	1	0	0	1	0	0
n/a	OG0011837	0	1	1	1	1	1	1	1	1
n/a	OG0011838	0	1	1	1	1	1	1	1	2
n/a	OG0011839	0	1	1	1	1	1	1	1	2
n/a	OG0011840	0	1	1	1	0	1	2	0	0
n/a	OG0011841	0	1	0	1	0	0	2	2	0
n/a	OG0011842	0	1	1	1	1	1	1	1	1
n/a	OG0011843	0	2	2	2	1	1	1	0	1
n/a	OG0011844	0	1	0	2	0	3	1	2	0
n/a	OG0011845	0	1	1	1	1	1	1	1	2
n/a	OG0011846	0	3	0	0	0	0	1	1	0
n/a	OG0011847	0	1	1	1	1	1	1	1	1
n/a	OG0011848	0	1	1	1	1	1	1	1	2
n/a	OG0011849	0	1	1	1	1	1	1	1	2
n/a	OG0011850	0	1	1	1	1	1	1	1	1
n/a	OG0011851	0	1	1	1	1	1	1	1	1
n/a	OG0011852	0	1	1	1	0	0	2	2	0
n/a	OG0011853	0	1	1	1	1	1	1	1	2
n/a	OG0011854	0	1	1	1	2	1	1	1	1
n/a	OG0011856	0	1	1	1	2	1	1	1	1
n/a	OG0011857	0	1	0	1	0	3	1	2	1
n/a	OG0011858	0	1	0	1	0	0	2	2	0
n/a	OG0011859	0	1	1	1	1	2	1	1	1
n/a	OG0011860	0	1	1	1	1	1	1	1	2
n/a	OG0011861	0	1	1	2	1	1	1	1	1
n/a	OG0011862	0	1	1	1	1	2	1	1	1
n/a	OG0011863	0	1	1	1	1	1	1	1	2
n/a	OG0011864	0	1	1	1	1	1	1	1	2
n/a	OG0011865	0	1	1	1	1	1	1	1	1
n/a	OG0011866	0	1	1	1	1	1	1	1	2
n/a	OG0011867	0	1	1	1	2	1	1	1	1
n/a	OG0011868	0	1	2	1	1	1	1	1	1
n/a	OG0011869	0	1	1	1	1	1	1	1	2
n/a	OG0011870	0	1	1	1	1	1	1	1	1
n/a	OG0011871	0	1	1	1	2	1	1	1	1
n/a	OG0011872	0	1	1	1	1	1	1	1	2
n/a	OG0011873	0	1	1	1	1	1	1	1	2
n/a	OG0011874	0	1	1	1	1	1	1	1	2
n/a	OG0011875	0	1	1	1	1	1	1	1	2
n/a	OG0011876	0	1	1	1	2	1	1	1	1
n/a	OG0011877	0	3	0	0	0	2	0	1	1
n/a	OG0011878	0	1	2	1	1	1	1	1	1
n/a	OG0011879	0	1	1	0	0	0	2	2	0
n/a	OG0011880	0	1	1	1	1	1	1	1	2
n/a	OG0011881	0	1	1	1	1	1	1	1	1
n/a	OG0011882	0	1	1	1	2	1	1	1	1
n/a	OG0011883	0	1	1	1	1	1	1	1	2
n/a	OG0011884	0	1	1	1	1	1	1	1	2
n/a	OG0011885	0	1	1	0	1	1	1	2	1
n/a	OG0011886	0	1	1	1	1	1	1	1	1
n/a	OG0011887	0	1	1	1	1	2	1	1	1
n/a	OG0011888	0	1	1	1	1	1	1	1	1
n/a	OG0011889	0	1	0	1	2	0	2	1	0
n/a	OG0011890	0	1	1	1	1	1	1	1	1
n/a	OG0011891	0	1	2	0	1	1	1	1	2
n/a	OG0011892	0	1	1	1	1	1	1	1	2
n/a	OG0011893	0	1	1	1	1	1	1	1	2
n/a	OG0011894	0	1	1	1	1	1	1	1	2
n/a	OG0011895	0	1	2	1	1	1	1	1	1
n/a	OG0011896	0	1	1	1	1	1	1	1	2
n/a	OG0011897	0	1	1	1	1	1	1	1	2
n/a	OG0011898	0	1	1	1	1	1	1	1	2
n/a	OG0011899	0	1	1	1	2	1	1	0	2
n/a	OG0011900	0	1	1	1	1	2	1	1	1
n/a	OG0011901	0	1	1	1	1	1	1	1	2
n/a	OG0011902	0	1	3	1	0	1	1	1	1
n/a	OG0011903	0	1	1	1	1	1	1	1	2
n/a	OG0011904	0	1	1	1	2	1	1	1	1
n/a	OG0011905	0	1	1	1	1	1	1	1	2
n/a	OG0011906	0	1	1	1	0	1	1	1	3
n/a	OG0011907	0	1	1	1	1	1	1	1	2
n/a	OG0011908	0	1	1	1	2	1	1	1	2
n/a	OG0011910	0	1	1	1	1	1	1	0	4
n/a	OG0011911	0	2	2	0	1	0	1	2	0
n/a	OG0011912	0	1	1	1	1	1	1	1	2
n/a	OG0011913	0	1	1	1	1	1	1	1	2
n/a	OG0011914	0	1	1	1	1	1	1	1	2
n/a	OG0011915	0	1	1	1	1	1	1	1	2
n/a	OG0011916	0	1	1	1	1	1	1	1	1
n/a	OG0011918	0	1	1	1	2	1	1	1	1
n/a	OG0011919	0	1	1	1	1	1	1	0	4
n/a	OG0011920	0	1	1	1	1	1	1	1	0
n/a	OG0011921	0	1	1	1	1	1	1	1	2
n/a	OG0011922	0	1	1	1	1	1	1	1	2
n/a	OG0011923	0	1	1	2	1	1	1	0	2
n/a	OG0011924	0	1	1	2	1	1	1	1	1
n/a	OG0011925	0	1	1	1	2	1	1	1	1
n/a	OG0011926	0	2	0	1	0	0	1	2	0
n/a	OG0011927	0	1	1	1	1	2	1	0	1
n/a	OG0011928	0	1	1	1	1	1	1	1	0
n/a	OG0011929	0	1	1	1	1	1	1	1	2
n/a	OG0011930	0	1	1	1	1	1	1	1	2
n/a	OG0011931	0	1	1	1	1	1	1	1	2
n/a	OG0011932	0	1	1	1	1	2	1	1	1
n/a	OG0011933	0	1	2	1	0	1	1	1	2
n/a	OG0011934	0	1	1	1	1	1	1	2	0
n/a	OG0011935	0	2	1	0	0	0	1	1	0
n/a	OG0011936	0	1	0	3	0	0	1	2	0
n/a	OG0011937	0	1	2	1	1	1	1	1	1
n/a	OG0011938	0	1	2	0	0	1	2	1	0
n/a	OG0011939	0	1	10	0	0	0	0	0	0
n/a	OG0011940	0	0	5	0	1	4	0	0	1
n/a	OG0011941	0	1	1	1	1	1	1	1	2
n/a	OG0011942	0	1	0	1	3	1	1	1	1
n/a	OG0011943	0	0	2	1	1	3	1	1	1
n/a	OG0011944	0	1	2	1	1	1	1	1	1
n/a	OG0011945	0	1	1	1	1	1	1	1	2
n/a	OG0011946	0	1	1	1	1	1	1	1	2
n/a	OG0011947	0	1	1	1	1	2	1	1	1
n/a	OG0011948	0	1	1	1	1	1	1	1	2
n/a	OG0011949	0	1	1	1	1	1	1	1	2
n/a	OG0011950	0	1	1	2	0	1	1	1	2
n/a	OG0011951	0	1	1	1	1	1	1	1	2
n/a	OG0011952	0	1	1	1	1	1	1	1	2
n/a	OG0011953	0	1	1	1	0	1	1	1	2
n/a	OG0011954	0	1	1	1	1	1	1	1	2
n/a	OG0011955	0	1	1	1	1	1	1	1	2
n/a	OG0011956	0	1	2	1	1	1	1	1	1
n/a	OG0011957	0	1	1	1	1	1	1	1	2
n/a	OG0011958	0	1	1	1	1	1	1	1	2
n/a	OG0011959	0	1	1	1	1	1	1	1	2
n/a	OG0011960	0	1	1	1	1	1	1	1	2
n/a	OG0011961	0	1	1	1	2	1	1	1	1
n/a	OG0011962	0	1	1	1	1	1	1	1	2
n/a	OG0011963	0	1	1	1	1	1	1	1	2
n/a	OG0011964	0	1	2	1	1	1	1	1	1
n/a	OG0011965	0	1	1	1	2	2	1	0	2
n/a	OG0011966	0	1	1	1	1	1	1	1	2
n/a	OG0011967	0	1	1	1	1	1	1	1	2
n/a	OG0011968	0	1	1	1	1	1	1	1	2
n/a	OG0011969	0	1	1	1	2	1	1	1	1
n/a	OG0011970	0	1	1	1	2	1	1	1	1
n/a	OG0011971	0	1	1	1	1	1	1	1	2
n/a	OG0011972	0	1	1	1	1	1	1	1	2
n/a	OG0011973	0	1	1	1	2	1	1	1	1
n/a	OG0011974	0	0	3	1	4	0	1	1	0
n/a	OG0011975	0	1	0	0	0	0	2	4	0
n/a	OG0011976	0	1	2	1	1	1	1	1	2
n/a	OG0011977	0	1	0	1	1	1	2	2	0
n/a	OG0011978	0	1	1	1	1	1	1	1	2
n/a	OG0011979	0	1	1	1	1	1	1	1	2
n/a	OG0011980	0	1	1	1	1	1	1	1	2
n/a	OG0011981	0	1	1	1	2	1	1	1	1
n/a	OG0011982	0	1	1	1	1	2	1	1	2
n/a	OG0011983	0	1	1	1	1	1	1	1	1
n/a	OG0011984	0	1	2	1	1	1	1	1	1
n/a	OG0011985	0	1	1	1	1	1	1	1	2
n/a	OG0011986	0	1	2	1	1	1	1	1	1
n/a	OG0011987	0	1	1	1	1	1	1	1	2
n/a	OG0011988	0	1	0	1	0	0	2	2	0
n/a	OG0011989	0	1	0	1	4	1	1	1	1
n/a	OG0011990	0	1	2	1	1	1	1	1	1
n/a	OG0011991	0	1	1	2	2	1	1	0	1
n/a	OG0011992	0	1	1	1	1	1	1	1	2
n/a	OG0011993	0	1	1	1	1	1	1	1	1
n/a	OG0011994	0	1	2	1	0	2	1	1	1
n/a	OG0011995	0	1	1	1	1	1	1	1	2
n/a	OG0011996	0	1	1	1	0	1	1	1	3
n/a	OG0011997	0	1	1	1	1	2	1	1	2
n/a	OG0011998	0	1	1	1	1	1	2	0	1
n/a	OG0011999	0	1	1	1	1	1	1	1	2
n/a	OG0012000	0	1	1	1	1	1	1	1	2
n/a	OG0012001	0	1	1	1	0	1	1	1	3
n/a	OG0012002	0	1	1	1	1	2	1	1	2
n/a	OG0012003	0	1	1	1	1	1	1	1	1
n/a	OG0012004	0	1	1	1	1	1	1	1	2
n/a	OG0012005	0	1	1	1	1	1	1	1	2
n/a	OG0012006	0	1	1	1	1	1	1	1	2
n/a	OG0012007	0	2	1	0	0	0	2	0	0
n/a	OG0012008	0	1	1	1	2	1	1	1	1
n/a	OG0012009	0	1	1	1	1	1	1	1	2
n/a	OG0012010	0	1	1	1	1	1	1	1	2
n/a	OG0012011	0	1	2	1	1	2	1	1	0
n/a	OG0012012	0	1	4	1	1	1	1	0	0
n/a	OG0012013	0	1	1	1	1	2	1	1	1
n/a	OG0012014	0	1	1	1	1	1	1	2	1
n/a	OG0012015	0	1	1	1	1	1	1	1	2
n/a	OG0012016	0	2	1	1	0	0	2	0	0
n/a	OG0012017	0	1	1	1	1	1	0	1	4
n/a	OG0012018	0	1	1	2	1	1	1	1	1
n/a	OG0012019	0	1	1	1	1	1	1	1	2
n/a	OG0012020	0	2	1	1	0	1	1	1	1
n/a	OG0012021	0	1	1	1	1	1	1	1	2
n/a	OG0012022	0	1	1	1	1	1	1	1	2
n/a	OG0012023	0	1	1	1	1	1	1	1	2
n/a	OG0012024	0	1	1	1	1	1	1	1	2
n/a	OG0012025	0	1	0	0	1	0	2	2	0
n/a	OG0012026	0	1	1	1	1	1	1	1	2
n/a	OG0012027	0	1	1	1	1	0	1	2	0
n/a	OG0012028	0	1	1	1	1	1	1	1	2
n/a	OG0012029	0	2	1	1	1	0	1	0	0
n/a	OG0012030	0	1	1	1	1	1	1	1	2
n/a	OG0012031	0	1	1	1	1	1	1	0	3
n/a	OG0012032	0	1	1	1	0	2	1	1	2
n/a	OG0012033	0	1	1	0	1	2	1	1	2
n/a	OG0012034	0	1	2	2	0	1	1	1	1
n/a	OG0012035	0	1	1	1	1	2	1	1	1
n/a	OG0012036	0	1	2	1	0	2	1	1	1
n/a	OG0012037	0	1	1	1	1	1	1	1	2
n/a	OG0012038	0	1	1	1	1	1	1	1	2
n/a	OG0012039	0	1	1	0	1	1	1	2	1
n/a	OG0012040	0	1	1	1	1	1	1	1	2
n/a	OG0012041	0	1	1	1	1	1	1	1	1
n/a	OG0012042	0	1	1	1	1	1	1	1	2
n/a	OG0012043	0	1	1	1	1	1	1	1	2
n/a	OG0012044	0	1	1	1	1	1	1	1	2
n/a	OG0012045	0	0	0	0	0	0	3	2	0
n/a	OG0012046	0	1	1	1	1	1	1	2	1
n/a	OG0012047	0	1	2	1	7	1	0	0	0
n/a	OG0012048	0	1	2	1	1	0	2	0	0
n/a	OG0012049	0	1	0	2	0	1	1	2	2
n/a	OG0012050	0	1	1	1	1	1	1	1	1
n/a	OG0012051	0	1	1	1	0	0	1	2	1
n/a	OG0012052	0	1	1	1	1	2	1	1	2
n/a	OG0012053	0	1	0	1	1	1	1	2	1
n/a	OG0012054	0	1	1	1	1	2	1	1	1
n/a	OG0012055	0	1	1	1	1	2	1	0	2
n/a	OG0012056	0	1	1	1	1	2	1	1	1
n/a	OG0012057	0	1	1	1	2	1	1	1	2
n/a	OG0012058	0	1	1	1	1	1	1	2	1
n/a	OG0012059	0	1	1	1	3	0	1	1	1
n/a	OG0012060	0	1	1	1	0	2	1	1	2
n/a	OG0012061	0	1	1	1	1	1	1	1	2
n/a	OG0012062	0	1	1	2	1	1	1	1	1
n/a	OG0012063	0	1	1	1	2	1	1	1	1
n/a	OG0012064	0	1	1	1	1	1	1	1	0
n/a	OG0012065	0	1	1	1	2	1	1	1	1
n/a	OG0012066	0	1	1	1	1	1	1	1	2
n/a	OG0012067	0	1	1	1	2	1	1	1	1
n/a	OG0012068	0	1	2	1	2	1	1	0	1
n/a	OG0012069	0	1	2	1	1	1	1	1	1
n/a	OG0012070	0	1	1	1	1	1	1	1	1
n/a	OG0012071	0	1	1	1	1	1	1	1	2
n/a	OG0012072	0	1	1	1	1	1	1	1	2
n/a	OG0012073	0	1	1	1	2	1	1	1	2
n/a	OG0012074	0	1	1	1	1	1	1	1	2
n/a	OG0012075	0	1	1	1	1	1	1	1	2
n/a	OG0012076	0	1	1	1	1	1	1	1	2
n/a	OG0012077	0	2	0	1	0	0	2	0	0
n/a	OG0012078	0	2	1	1	0	1	1	0	1
n/a	OG0012079	0	1	1	1	1	1	1	1	2
n/a	OG0012080	0	1	0	0	3	2	1	0	3
n/a	OG0012081	0	1	1	1	1	1	1	1	2
n/a	OG0012082	0	1	1	1	2	1	1	1	1
n/a	OG0012083	0	2	1	1	0	0	2	1	0
n/a	OG0012084	0	1	1	1	1	1	1	1	2
n/a	OG0012085	0	1	1	1	1	1	1	1	2
n/a	OG0012086	0	1	1	1	1	1	1	1	2
n/a	OG0012087	0	1	1	1	1	1	1	1	2
n/a	OG0012088	0	1	2	1	1	0	2	1	0
n/a	OG0012089	0	1	2	1	1	1	1	1	1
n/a	OG0012090	0	3	1	0	1	3	0	0	0
n/a	OG0012091	0	1	1	1	1	1	1	1	2
n/a	OG0012092	0	1	2	1	1	1	1	1	1
n/a	OG0012093	0	1	1	1	2	1	1	1	1
n/a	OG0012094	0	1	1	1	0	1	2	2	0
n/a	OG0012095	0	1	1	1	1	1	1	1	2
n/a	OG0012096	0	1	1	1	0	1	1	1	1
n/a	OG0012097	0	2	1	1	0	1	1	1	1
n/a	OG0012098	0	1	1	1	1	1	1	1	1
n/a	OG0012099	0	0	3	0	2	2	2	0	0
n/a	OG0012100	0	1	1	1	3	1	1	1	1
n/a	OG0012101	0	1	1	1	1	1	1	1	2
n/a	OG0012102	0	1	1	1	1	1	1	1	2
n/a	OG0012103	0	1	1	1	1	1	1	1	2
n/a	OG0012104	0	1	1	1	1	1	1	1	2
n/a	OG0012105	0	1	2	0	2	2	1	0	0
n/a	OG0012106	0	1	1	1	1	1	1	1	2
n/a	OG0012107	0	1	1	1	1	1	1	1	2
n/a	OG0012108	0	1	1	1	1	1	1	1	2
n/a	OG0012109	0	1	1	1	1	1	1	1	2
n/a	OG0012110	0	1	1	1	1	1	1	1	2
n/a	OG0012111	0	1	1	1	1	1	1	1	2
n/a	OG0012112	0	1	1	2	5	1	1	0	0
n/a	OG0012113	0	1	1	1	0	1	1	1	3
n/a	OG0012114	0	1	2	1	0	1	2	1	1
n/a	OG0012115	0	1	1	1	1	2	1	1	1
n/a	OG0012116	0	1	1	1	1	1	1	0	3
n/a	OG0012117	0	1	1	1	2	1	1	1	1
n/a	OG0012118	0	1	1	1	1	1	1	1	2
n/a	OG0012119	0	1	1	1	1	1	1	1	1
n/a	OG0012120	0	2	0	1	0	0	2	2	0
n/a	OG0012121	0	0	5	0	1	0	1	2	0
n/a	OG0012122	0	1	1	1	0	1	1	1	3
n/a	OG0012123	0	1	1	1	1	1	1	1	2
n/a	OG0012124	0	2	2	0	0	4	1	0	0
n/a	OG0012125	0	0	1	1	1	0	3	1	1
n/a	OG0012126	0	0	1	1	1	0	1	2	4
n/a	OG0012127	0	0	2	1	2	2	1	1	2
n/a	OG0012128	0	0	1	0	4	2	1	2	1
n/a	OG0012129	0	0	1	2	1	1	1	2	1
n/a	OG0012130	0	0	2	0	3	4	0	0	3
n/a	OG0012131	0	0	1	2	0	0	2	2	0
n/a	OG0012132	0	0	1	1	0	2	2	1	2
n/a	OG0012133	0	0	0	1	1	0	0	0	11
n/a	OG0012134	0	0	0	11	0	0	1	0	0
n/a	OG0012135	0	0	0	4	0	0	3	1	0
n/a	OG0012136	0	0	0	2	0	0	2	2	0
n/a	OG0012137	0	0	0	4	2	0	2	2	0
n/a	OG0012138	0	0	0	0	2	0	2	2	2
n/a	OG0012139	0	0	0	0	11	3	0	0	0
n/a	OG0012140	0	0	0	0	0	3	0	0	11
n/a	OG0012141	0	0	0	0	0	3	3	2	0
n/a	OG0012143	0	0	0	0	0	0	2	4	0
n/a	OG0012144	0	0	0	0	0	0	1	5	0
n/a	OG0012151	0	1	2	2	0	0	1	2	0
n/a	OG0012152	0	0	0	1	0	1	0	6	0
n/a	OG0012153	1	1	1	1	2	1	1	0	1
n/a	OG0012154	1	1	1	1	1	1	1	1	1
n/a	OG0012155	1	1	1	1	0	1	1	1	1
n/a	OG0012156	1	1	1	1	0	1	1	1	2
n/a	OG0012157	2	1	1	1	0	1	1	1	1
n/a	OG0012158	3	0	1	1	1	1	1	1	1
n/a	OG0012159	0	1	1	1	1	1	0	1	2
n/a	OG0012160	0	1	1	1	1	1	1	1	1
n/a	OG0012161	1	1	1	1	1	1	1	1	1
n/a	OG0012162	1	1	1	1	1	1	1	1	1
n/a	OG0012163	1	1	1	1	1	1	1	1	1
n/a	OG0012164	0	1	1	1	1	1	1	1	1
n/a	OG0012165	0	1	1	1	1	1	1	0	2
n/a	OG0012166	0	1	1	1	1	1	1	0	2
n/a	OG0012167	4	0	1	1	1	1	1	1	1
n/a	OG0012168	1	1	1	1	0	1	1	1	2
n/a	OG0012169	1	0	0	0	0	0	1	4	0
n/a	OG0012170	1	1	1	1	1	1	1	0	1
n/a	OG0012171	0	1	1	1	1	1	1	1	1
n/a	OG0012172	1	1	1	1	0	1	1	1	1
n/a	OG0012173	0	1	1	1	1	1	1	1	1
n/a	OG0012174	0	1	1	1	1	1	1	1	1
n/a	OG0012175	1	1	1	1	1	1	1	0	1
n/a	OG0012176	1	1	1	1	1	1	1	0	2
n/a	OG0012177	2	1	1	1	1	1	1	0	0
n/a	OG0012178	0	1	1	1	0	1	1	1	2
n/a	OG0012179	0	1	1	1	1	2	1	1	1
n/a	OG0012180	2	1	1	1	1	1	0	1	1
n/a	OG0012181	2	1	1	1	0	1	1	1	1
n/a	OG0012182	1	1	1	1	1	1	1	1	1
n/a	OG0012183	1	1	1	1	0	1	1	1	1
n/a	OG0012184	1	1	1	1	1	1	1	1	1
n/a	OG0012185	2	1	1	1	1	1	1	0	1
n/a	OG0012186	1	1	1	1	1	1	1	1	1
n/a	OG0012187	1	0	1	1	1	1	1	1	2
n/a	OG0012188	2	1	2	1	1	0	1	1	0
n/a	OG0012189	1	1	1	1	1	1	1	1	1
n/a	OG0012190	1	1	1	1	1	1	1	0	2
n/a	OG0012191	2	1	1	1	0	1	1	0	1
n/a	OG0012192	1	1	1	1	1	1	1	1	1
n/a	OG0012193	1	1	1	1	1	1	1	0	1
n/a	OG0012194	1	1	1	1	1	1	1	0	1
n/a	OG0012195	1	1	1	1	1	1	1	0	2
n/a	OG0012196	2	1	1	1	1	2	0	0	2
n/a	OG0012197	1	1	0	1	1	1	1	1	1
n/a	OG0012198	1	1	1	1	1	1	1	1	1
n/a	OG0012199	1	1	1	1	1	1	1	1	1
n/a	OG0012200	1	1	1	1	0	1	1	1	1
n/a	OG0012201	1	1	1	1	1	1	1	1	1
n/a	OG0012202	1	0	0	2	2	0	1	2	0
n/a	OG0012203	3	1	1	1	1	1	1	0	1
n/a	OG0012204	1	1	1	1	1	1	1	1	1
n/a	OG0012205	1	1	1	1	1	1	1	1	1
n/a	OG0012206	2	1	1	1	1	1	1	0	1
n/a	OG0012207	2	1	1	1	1	1	1	0	0
n/a	OG0012208	1	1	1	1	0	1	1	1	1
n/a	OG0012209	1	1	1	1	1	1	1	0	1
n/a	OG0012210	2	0	1	1	0	1	1	1	3
n/a	OG0012211	1	1	1	1	1	1	1	1	1
n/a	OG0012212	3	0	1	1	1	1	1	1	1
n/a	OG0012213	1	1	1	0	1	1	1	0	2
n/a	OG0012214	1	1	1	1	0	1	1	1	1
n/a	OG0012215	2	1	1	1	1	1	1	0	1
n/a	OG0012216	2	1	1	1	1	1	1	0	1
n/a	OG0012217	1	1	2	1	1	1	0	1	2
n/a	OG0012218	1	1	1	1	1	1	1	1	1
n/a	OG0012219	1	1	1	1	1	1	1	0	1
n/a	OG0012220	1	1	1	1	0	1	1	1	1
n/a	OG0012221	1	1	1	1	1	1	1	0	1
n/a	OG0012222	3	0	1	1	1	1	1	0	1
n/a	OG0012223	1	1	1	1	0	2	1	1	1
n/a	OG0012224	2	1	1	0	0	1	1	1	2
n/a	OG0012225	2	1	1	1	1	1	1	1	0
n/a	OG0012226	2	1	1	1	1	1	1	0	1
n/a	OG0012227	1	1	1	1	1	1	1	1	1
n/a	OG0012228	2	1	0	1	1	1	1	0	1
n/a	OG0012229	1	1	1	1	0	1	1	0	2
n/a	OG0012230	4	1	1	1	1	1	0	0	1
n/a	OG0012231	1	1	1	1	1	1	1	1	1
n/a	OG0012232	1	1	1	1	0	1	1	0	1
n/a	OG0012233	1	1	1	1	1	1	1	1	0
n/a	OG0012234	1	1	1	1	0	1	1	1	1
n/a	OG0012235	1	0	1	1	1	1	1	0	4
n/a	OG0012236	1	1	1	1	1	1	1	1	1
n/a	OG0012237	1	1	1	1	1	1	1	0	1
n/a	OG0012238	1	0	1	1	3	1	1	1	1
n/a	OG0012239	2	1	1	1	1	1	1	0	1
n/a	OG0012240	1	1	1	0	1	1	1	1	1
n/a	OG0012241	1	1	1	1	1	1	1	1	1
n/a	OG0012242	1	1	1	1	1	1	0	1	2
n/a	OG0012243	1	1	1	1	0	1	1	1	1
n/a	OG0012244	1	1	1	1	1	1	1	0	2
n/a	OG0012245	1	1	1	1	1	1	1	0	2
n/a	OG0012246	2	1	1	1	1	1	1	0	0
n/a	OG0012247	1	1	1	1	0	1	1	1	1
n/a	OG0012248	1	1	1	0	1	1	1	1	1
n/a	OG0012249	1	1	1	1	1	1	1	1	1
n/a	OG0012250	1	1	1	1	1	1	0	1	2
n/a	OG0012251	1	1	1	1	0	1	1	1	1
n/a	OG0012252	1	1	1	1	1	1	1	1	0
n/a	OG0012253	1	1	1	1	0	1	1	1	1
n/a	OG0012254	1	1	1	1	1	1	1	1	1
n/a	OG0012255	2	1	1	1	1	1	1	0	1
n/a	OG0012256	1	1	1	1	1	1	1	0	1
n/a	OG0012257	1	1	1	1	1	1	1	1	1
n/a	OG0012258	1	1	1	1	1	1	1	0	1
n/a	OG0012259	1	1	1	1	0	1	1	1	1
n/a	OG0012260	1	0	1	1	2	1	1	1	1
n/a	OG0012261	1	1	1	1	1	1	1	1	1
n/a	OG0012262	1	1	0	1	1	1	1	1	1
n/a	OG0012263	2	1	1	1	1	2	0	0	2
n/a	OG0012264	1	1	1	1	1	1	1	1	1
n/a	OG0012265	3	1	1	1	1	1	1	0	1
n/a	OG0012266	1	1	1	1	1	1	1	1	1
n/a	OG0012267	1	1	1	1	1	1	1	0	1
n/a	OG0012268	1	1	1	1	1	1	1	1	1
n/a	OG0012269	1	1	1	1	1	1	1	1	1
n/a	OG0012270	1	1	1	1	1	1	1	0	1
n/a	OG0012271	1	1	1	1	1	1	1	1	1
n/a	OG0012272	1	1	1	1	1	1	1	1	1
n/a	OG0012273	1	1	1	0	1	1	1	1	2
n/a	OG0012274	1	1	1	1	1	1	1	1	1
n/a	OG0012275	1	1	1	1	0	1	1	1	2
n/a	OG0012276	1	0	1	1	1	1	1	1	2
n/a	OG0012277	1	1	1	1	1	1	1	0	2
n/a	OG0012278	1	1	1	1	0	1	1	1	1
n/a	OG0012279	1	1	1	1	0	1	1	0	2
n/a	OG0012280	1	1	1	1	1	1	1	0	1
n/a	OG0012281	1	1	1	1	2	1	1	0	1
n/a	OG0012282	1	1	1	1	1	1	1	1	1
n/a	OG0012283	1	0	1	1	1	1	1	1	2
n/a	OG0012284	1	0	1	1	1	1	1	1	2
n/a	OG0012285	2	0	1	1	1	1	1	0	2
n/a	OG0012286	1	1	1	1	1	1	1	0	1
n/a	OG0012287	1	2	0	1	2	1	0	0	2
n/a	OG0012288	1	1	1	1	1	1	1	1	1
n/a	OG0012289	1	1	1	1	0	1	1	1	1
n/a	OG0012290	1	1	1	1	1	1	1	1	1
n/a	OG0012291	1	1	1	1	1	1	0	1	2
n/a	OG0012292	1	1	1	1	0	1	1	1	1
n/a	OG0012293	1	1	1	1	0	1	1	1	1
n/a	OG0012294	1	1	1	1	1	1	1	1	1
n/a	OG0012295	2	1	1	0	1	1	1	0	2
n/a	OG0012296	2	0	3	0	1	1	1	1	1
n/a	OG0012297	1	1	1	1	0	1	1	1	1
n/a	OG0012298	1	1	1	1	1	1	1	1	0
n/a	OG0012299	1	1	1	1	1	1	1	1	0
n/a	OG0012300	1	1	1	1	0	0	1	1	2
n/a	OG0012301	1	1	1	1	1	1	1	1	1
n/a	OG0012302	1	1	1	1	1	1	1	1	1
n/a	OG0012303	1	1	1	1	1	1	1	0	1
n/a	OG0012304	1	1	1	1	1	1	1	1	1
n/a	OG0012305	1	1	1	1	1	1	1	1	1
n/a	OG0012306	1	0	1	1	1	1	2	2	0
n/a	OG0012307	1	1	1	1	1	1	1	1	1
n/a	OG0012308	2	1	1	0	1	1	1	1	1
n/a	OG0012309	1	1	1	1	0	1	1	1	1
n/a	OG0012310	1	1	1	0	1	1	1	0	2
n/a	OG0012311	1	1	1	1	1	1	1	1	1
n/a	OG0012312	1	1	1	1	1	1	1	1	1
n/a	OG0012313	1	1	1	1	1	1	1	1	1
n/a	OG0012314	1	1	1	1	0	1	1	1	1
n/a	OG0012315	1	1	1	1	1	1	1	0	3
n/a	OG0012316	1	1	1	0	1	1	1	1	1
n/a	OG0012317	1	1	1	1	1	1	1	1	1
n/a	OG0012318	1	1	1	1	1	1	1	1	1
n/a	OG0012319	1	1	1	1	1	1	1	0	1
n/a	OG0012320	1	1	1	0	1	1	1	1	1
n/a	OG0012321	1	1	1	1	0	1	1	1	1
n/a	OG0012322	1	1	1	1	0	1	1	1	1
n/a	OG0012323	1	1	1	1	0	1	1	1	1
n/a	OG0012324	1	1	1	1	1	1	1	0	2
n/a	OG0012325	1	1	1	1	1	1	1	1	1
n/a	OG0012326	1	1	1	1	1	1	1	1	1
n/a	OG0012327	1	1	1	1	1	1	1	1	1
n/a	OG0012328	1	1	1	1	1	1	1	1	1
n/a	OG0012329	1	1	1	1	1	1	1	1	1
n/a	OG0012330	1	1	1	1	1	1	1	1	1
n/a	OG0012331	1	1	1	1	1	1	1	1	1
n/a	OG0012332	2	1	1	1	1	1	1	1	1
n/a	OG0012333	2	1	1	0	1	1	1	1	1
n/a	OG0012334	1	1	1	1	1	1	1	1	1
n/a	OG0012335	2	1	0	1	0	1	1	0	2
n/a	OG0012336	1	1	1	1	0	1	1	1	1
n/a	OG0012337	1	1	1	1	1	1	1	0	1
n/a	OG0012338	1	1	1	0	1	1	1	1	1
n/a	OG0012339	1	1	1	1	1	1	1	1	1
n/a	OG0012340	1	1	2	1	0	1	1	1	1
n/a	OG0012341	1	1	1	1	1	1	1	0	1
n/a	OG0012342	1	1	1	1	1	1	0	1	2
n/a	OG0012343	1	1	1	1	1	1	1	1	1
n/a	OG0012344	1	1	1	1	0	1	1	1	1
n/a	OG0012345	1	1	1	1	1	1	0	1	2
n/a	OG0012346	1	1	1	1	1	2	0	0	2
n/a	OG0012347	1	1	1	1	1	1	1	1	1
n/a	OG0012348	1	1	1	1	1	1	1	1	1
n/a	OG0012349	2	0	1	1	1	1	1	1	2
n/a	OG0012350	2	0	1	1	1	1	1	1	1
n/a	OG0012351	1	1	1	1	0	2	1	1	1
n/a	OG0012352	1	1	0	1	1	1	1	1	1
n/a	OG0012353	1	1	1	1	0	1	1	1	1
n/a	OG0012354	1	1	1	1	0	1	1	1	1
n/a	OG0012355	1	1	1	1	1	1	1	0	1
n/a	OG0012356	2	1	1	1	1	1	1	0	1
n/a	OG0012357	1	1	1	1	0	1	1	1	1
n/a	OG0012358	1	1	1	1	0	1	1	1	1
n/a	OG0012359	1	1	1	1	1	1	1	1	1
n/a	OG0012360	1	1	1	1	1	1	1	0	2
n/a	OG0012361	1	1	1	0	1	1	1	1	1
n/a	OG0012362	1	1	1	1	1	1	1	0	1
n/a	OG0012363	1	1	1	1	1	1	1	0	1
n/a	OG0012364	1	1	1	1	1	1	1	1	1
n/a	OG0012365	2	1	1	1	1	1	1	1	1
n/a	OG0012366	1	1	1	1	1	1	1	0	1
n/a	OG0012367	1	1	1	1	1	1	1	1	1
n/a	OG0012368	2	1	1	0	1	1	1	0	1
n/a	OG0012369	1	1	1	1	1	1	0	1	2
n/a	OG0012370	1	1	1	0	2	1	1	1	1
n/a	OG0012371	1	1	1	1	0	1	1	1	1
n/a	OG0012372	1	1	1	1	1	1	1	1	1
n/a	OG0012373	1	1	1	1	0	1	1	1	1
n/a	OG0012374	2	1	1	1	1	1	1	0	1
n/a	OG0012375	1	1	1	1	1	1	1	1	1
n/a	OG0012376	1	1	1	1	0	1	1	1	1
n/a	OG0012377	2	1	1	1	0	1	1	1	1
n/a	OG0012378	1	1	1	1	1	1	1	1	1
n/a	OG0012379	2	1	1	1	0	1	0	1	2
n/a	OG0012380	1	1	0	1	1	1	1	1	1
n/a	OG0012381	1	1	1	1	1	1	1	0	1
n/a	OG0012382	1	1	1	1	0	1	1	1	1
n/a	OG0012383	2	1	1	1	1	1	1	0	1
n/a	OG0012384	1	1	1	1	1	1	1	1	1
n/a	OG0012385	3	0	1	1	1	1	1	1	1
n/a	OG0012386	1	1	1	1	1	1	1	1	1
n/a	OG0012387	1	1	1	0	1	1	1	1	1
n/a	OG0012388	2	0	1	0	1	1	1	2	1
n/a	OG0012389	1	1	1	1	1	1	1	1	1
n/a	OG0012390	1	1	1	1	1	1	1	1	1
n/a	OG0012391	1	1	1	1	1	1	1	0	1
n/a	OG0012392	1	1	1	1	1	1	1	1	1
n/a	OG0012393	1	1	1	1	1	1	1	1	1
n/a	OG0012394	1	1	1	1	1	1	1	0	1
n/a	OG0012395	2	1	1	1	1	1	1	0	1
n/a	OG0012396	1	1	1	1	0	1	1	1	1
n/a	OG0012397	1	1	1	1	1	1	1	0	1
n/a	OG0012398	1	1	1	1	0	1	1	1	2
n/a	OG0012399	1	1	1	1	1	1	1	0	1
n/a	OG0012400	2	1	1	1	1	1	1	0	1
n/a	OG0012401	1	1	1	1	1	1	1	1	1
n/a	OG0012402	2	0	1	1	1	1	1	1	1
n/a	OG0012403	1	1	1	1	1	1	1	1	1
n/a	OG0012404	1	1	1	0	1	1	1	1	0
n/a	OG0012405	1	1	1	0	1	1	1	1	1
n/a	OG0012406	1	1	1	0	2	1	1	1	1
n/a	OG0012407	1	1	1	1	0	1	1	1	1
n/a	OG0012408	1	1	1	1	1	1	1	1	1
n/a	OG0012409	1	1	1	0	1	1	1	1	1
n/a	OG0012410	1	1	1	1	1	1	1	1	1
n/a	OG0012411	1	1	1	1	0	1	1	1	1
n/a	OG0012412	1	1	1	1	1	1	1	0	1
n/a	OG0012413	2	1	1	1	0	1	1	1	0
n/a	OG0012414	1	1	1	1	0	1	1	1	2
n/a	OG0012415	1	1	1	1	0	1	1	0	2
n/a	OG0012416	1	1	1	1	1	1	1	1	1
n/a	OG0012417	1	1	1	1	1	1	1	0	1
n/a	OG0012418	1	1	1	1	1	1	1	0	1
n/a	OG0012419	1	1	1	2	1	1	1	0	1
n/a	OG0012420	1	1	1	0	1	1	1	1	1
n/a	OG0012421	1	1	1	1	0	1	1	1	1
n/a	OG0012422	1	1	1	1	1	1	1	1	1
n/a	OG0012423	1	1	1	1	0	1	1	1	1
n/a	OG0012424	2	1	1	1	1	1	1	0	1
n/a	OG0012425	1	1	1	0	1	1	1	1	1
n/a	OG0012426	1	1	1	1	1	1	1	1	1
n/a	OG0012427	1	1	1	0	1	1	1	1	1
n/a	OG0012428	1	1	1	1	1	1	0	1	2
n/a	OG0012429	1	1	1	1	1	1	1	1	1
n/a	OG0012430	1	1	1	1	1	1	1	0	1
n/a	OG0012431	1	1	1	1	0	1	1	1	2
n/a	OG0012432	1	1	1	1	0	1	1	1	1
n/a	OG0012433	1	1	1	1	1	1	1	1	1
n/a	OG0012434	1	1	1	1	1	1	1	1	1
n/a	OG0012435	1	1	0	1	0	1	1	1	2
n/a	OG0012436	1	1	1	1	1	1	1	1	1
n/a	OG0012437	1	1	1	1	1	1	1	0	1
n/a	OG0012438	1	1	1	1	1	1	1	1	1
n/a	OG0012439	1	1	1	0	1	1	1	1	1
n/a	OG0012440	1	1	1	1	1	1	1	1	1
n/a	OG0012441	4	1	1	1	0	1	1	0	0
n/a	OG0012442	1	1	1	1	1	1	1	1	1
n/a	OG0012443	9	1	0	0	0	0	0	0	0
n/a	OG0012444	1	1	1	1	1	1	1	0	1
n/a	OG0012445	1	1	1	1	1	1	1	0	2
n/a	OG0012446	1	1	1	1	1	1	1	1	1
n/a	OG0012447	1	1	1	1	0	1	1	1	1
n/a	OG0012448	2	1	1	1	1	1	0	1	2
n/a	OG0012449	1	1	1	1	2	1	1	0	1
n/a	OG0012450	1	1	1	1	1	1	1	1	1
n/a	OG0012451	1	1	1	1	1	1	1	0	1
n/a	OG0012452	2	0	2	1	1	1	1	1	1
n/a	OG0012453	1	1	1	1	1	1	1	0	1
n/a	OG0012454	1	0	2	2	1	2	0	1	1
n/a	OG0012455	1	1	1	1	1	1	1	1	1
n/a	OG0012456	2	1	1	1	1	1	0	1	1
n/a	OG0012457	1	1	1	0	1	1	1	1	1
n/a	OG0012458	1	1	1	1	0	1	1	1	1
n/a	OG0012459	1	1	1	1	1	1	1	1	1
n/a	OG0012460	1	1	1	1	1	1	1	1	1
n/a	OG0012461	1	1	1	1	2	1	1	0	1
n/a	OG0012462	1	1	1	1	1	1	1	1	1
n/a	OG0012463	1	1	1	0	1	1	1	1	1
n/a	OG0012464	2	1	1	1	1	2	1	0	0
n/a	OG0012465	2	1	1	1	1	1	1	0	1
n/a	OG0012466	1	1	1	0	1	1	1	1	1
n/a	OG0012467	1	1	1	1	1	1	1	0	1
n/a	OG0012468	1	1	1	1	0	1	1	1	1
n/a	OG0012469	1	1	1	1	1	1	1	1	1
n/a	OG0012470	1	1	1	0	1	1	2	0	1
n/a	OG0012471	1	1	1	1	0	1	1	1	1
n/a	OG0012472	2	1	1	1	0	1	1	1	1
n/a	OG0012473	1	1	1	1	0	1	1	1	1
n/a	OG0012474	1	1	1	1	1	1	1	0	1
n/a	OG0012475	1	1	1	0	1	1	1	1	1
n/a	OG0012476	1	1	1	1	0	1	1	1	1
n/a	OG0012477	1	1	1	1	1	1	1	1	1
n/a	OG0012478	2	1	1	1	0	1	1	1	1
n/a	OG0012479	1	1	1	1	0	1	1	1	1
n/a	OG0012480	1	1	1	1	1	1	1	1	1
n/a	OG0012481	1	1	1	1	1	1	1	1	2
n/a	OG0012482	2	1	1	0	1	1	1	1	1
n/a	OG0012483	1	1	1	1	0	1	1	1	1
n/a	OG0012484	1	1	1	1	0	1	1	1	1
n/a	OG0012485	1	1	1	0	1	1	1	1	1
n/a	OG0012486	1	1	1	0	1	1	1	1	1
n/a	OG0012487	1	1	1	1	1	1	1	1	1
n/a	OG0012488	2	1	1	0	1	1	1	0	1
n/a	OG0012489	1	1	1	1	1	1	1	1	1
n/a	OG0012490	1	1	1	1	1	1	1	1	1
n/a	OG0012491	1	0	1	1	1	1	1	1	3
n/a	OG0012492	1	1	1	1	1	1	1	1	1
n/a	OG0012493	1	1	1	1	1	1	1	1	1
n/a	OG0012494	2	0	3	0	2	2	1	0	1
n/a	OG0012495	1	1	1	1	1	1	1	1	1
n/a	OG0012496	1	1	1	1	1	1	1	1	1
n/a	OG0012497	1	0	2	1	1	1	1	1	1
n/a	OG0012498	1	1	1	1	1	1	1	1	1
n/a	OG0012499	1	1	1	1	1	1	1	1	1
n/a	OG0012500	1	1	1	1	1	1	1	1	1
n/a	OG0012501	1	1	1	1	0	1	1	1	1
n/a	OG0012502	1	1	1	1	0	1	1	1	1
n/a	OG0012503	1	1	1	1	1	1	1	1	1
n/a	OG0012504	1	1	1	1	1	1	1	1	1
n/a	OG0012505	1	1	1	1	0	1	1	1	1
n/a	OG0012506	1	1	1	1	1	1	1	1	1
n/a	OG0012508	2	1	1	1	0	1	1	1	1
n/a	OG0012509	1	1	1	1	0	1	0	1	3
n/a	OG0012510	1	1	1	1	1	1	1	1	1
n/a	OG0012511	2	0	1	1	3	1	1	0	1
n/a	OG0012512	1	1	1	1	0	1	1	1	1
n/a	OG0012513	1	1	1	1	0	1	1	1	1
n/a	OG0012514	1	1	1	1	0	1	1	1	1
n/a	OG0012515	1	1	1	1	1	1	1	1	1
n/a	OG0012516	1	1	1	1	0	1	1	1	1
n/a	OG0012517	1	1	1	1	1	1	1	1	1
n/a	OG0012518	1	1	1	1	0	1	1	1	3
n/a	OG0012519	1	1	1	1	1	1	1	1	1
n/a	OG0012520	1	1	1	1	0	1	1	1	2
n/a	OG0012521	1	1	1	0	1	1	1	1	1
n/a	OG0012522	1	1	1	0	1	1	1	1	1
n/a	OG0012523	1	1	1	1	0	1	1	1	1
n/a	OG0012524	2	1	1	1	1	1	1	1	0
n/a	OG0012526	1	1	1	1	1	1	1	0	1
n/a	OG0012527	1	1	1	1	1	1	1	1	1
n/a	OG0012528	1	1	1	1	1	1	1	1	1
n/a	OG0012529	1	1	1	1	1	1	1	1	1
n/a	OG0012530	1	1	1	1	1	1	1	1	1
n/a	OG0012531	1	1	1	1	0	1	1	1	1
n/a	OG0012532	1	1	1	0	1	1	1	1	1
n/a	OG0012533	1	1	1	1	1	1	1	0	1
n/a	OG0012534	1	1	1	1	1	2	1	0	1
n/a	OG0012535	1	1	1	1	1	1	0	1	1
n/a	OG0012536	1	1	1	0	1	1	1	1	2
n/a	OG0012537	1	1	1	1	1	1	1	1	1
n/a	OG0012538	1	1	1	1	1	1	1	1	1
n/a	OG0012539	1	1	1	1	1	1	1	0	1
n/a	OG0012540	1	1	1	1	1	1	1	1	1
n/a	OG0012541	1	1	1	0	1	1	1	1	1
n/a	OG0012542	1	1	1	1	0	1	1	1	1
n/a	OG0012543	1	1	1	1	1	1	1	0	1
n/a	OG0012544	1	1	1	1	1	1	1	1	1
n/a	OG0012545	1	1	1	1	1	1	1	0	1
n/a	OG0012546	1	1	1	1	1	1	1	0	1
n/a	OG0012547	1	1	1	1	1	1	0	1	2
n/a	OG0012548	1	1	1	1	1	1	1	1	1
n/a	OG0012549	1	1	1	1	1	1	1	0	1
n/a	OG0012550	1	1	1	1	0	1	1	1	1
n/a	OG0012551	1	1	1	1	1	1	1	1	1
n/a	OG0012552	1	1	1	1	1	1	1	1	1
n/a	OG0012553	1	1	1	1	1	1	1	0	1
n/a	OG0012554	1	1	1	1	1	1	1	1	1
n/a	OG0012555	1	1	1	1	0	1	1	1	1
n/a	OG0012556	1	1	1	0	0	1	1	1	2
n/a	OG0012557	1	1	1	1	1	1	1	1	1
n/a	OG0012558	2	1	1	1	1	1	1	1	0
n/a	OG0012559	1	1	1	1	1	1	1	1	1
n/a	OG0012560	1	1	1	1	1	1	1	1	1
n/a	OG0012561	1	1	1	1	1	1	1	1	1
n/a	OG0012562	1	1	1	1	0	1	1	1	1
n/a	OG0012563	1	1	1	1	0	1	1	1	1
n/a	OG0012564	2	1	1	1	1	1	0	0	2
n/a	OG0012565	1	1	1	0	1	1	1	1	2
n/a	OG0012566	2	1	1	1	0	1	1	0	1
n/a	OG0012567	1	1	1	1	1	1	1	1	1
n/a	OG0012568	1	1	1	1	1	1	1	1	0
n/a	OG0012569	1	1	1	1	1	1	1	1	1
n/a	OG0012570	1	1	1	1	1	1	1	0	1
n/a	OG0012571	1	1	1	1	2	1	1	1	0
n/a	OG0012572	1	1	1	1	1	1	1	1	1
n/a	OG0012573	1	1	1	0	2	1	1	0	2
n/a	OG0012574	1	1	1	0	1	1	1	1	1
n/a	OG0012575	1	1	1	1	1	1	1	1	1
n/a	OG0012576	1	1	1	1	1	1	1	1	1
n/a	OG0012577	1	1	1	0	1	1	1	1	1
n/a	OG0012578	1	1	1	1	1	1	1	0	1
n/a	OG0012579	1	1	1	2	1	1	1	0	1
n/a	OG0012580	1	1	1	1	1	1	1	1	1
n/a	OG0012581	1	1	1	1	1	1	1	0	1
n/a	OG0012582	1	1	1	1	1	1	1	0	1
n/a	OG0012583	1	1	2	1	1	1	1	0	1
n/a	OG0012584	1	0	2	0	3	1	1	0	2
n/a	OG0012585	1	1	1	1	0	1	1	1	1
n/a	OG0012586	1	1	1	1	0	1	1	1	1
n/a	OG0012587	1	1	1	1	1	1	1	0	1
n/a	OG0012588	1	1	1	1	1	1	1	1	1
n/a	OG0012589	1	1	1	1	0	1	1	1	2
n/a	OG0012590	1	1	1	1	0	1	1	1	1
n/a	OG0012591	1	1	1	1	1	2	1	0	1
n/a	OG0012592	1	1	0	0	1	1	1	1	2
n/a	OG0012593	1	1	1	1	0	1	1	1	1
n/a	OG0012594	1	2	1	0	1	1	1	0	0
n/a	OG0012595	1	1	1	1	0	1	1	1	1
n/a	OG0012596	1	1	1	1	1	1	1	1	1
n/a	OG0012597	1	1	1	1	0	2	1	1	1
n/a	OG0012598	1	1	1	1	1	1	1	1	1
n/a	OG0012599	1	1	1	0	1	1	1	1	1
n/a	OG0012600	1	1	1	1	0	1	1	1	1
n/a	OG0012601	1	1	1	1	1	1	1	1	1
n/a	OG0012602	1	0	2	1	0	1	1	2	1
n/a	OG0012603	1	1	1	1	1	1	1	1	1
n/a	OG0012604	1	1	1	1	0	1	1	1	1
n/a	OG0012605	1	1	1	1	0	1	1	1	1
n/a	OG0012606	1	1	1	1	0	1	1	0	2
n/a	OG0012607	1	1	1	1	1	1	1	1	1
n/a	OG0012608	1	1	1	1	1	1	1	1	1
n/a	OG0012609	1	1	1	1	1	1	1	1	1
n/a	OG0012610	1	1	1	1	1	1	1	0	1
n/a	OG0012611	1	1	1	1	1	1	1	1	1
n/a	OG0012612	1	1	1	1	1	1	1	0	1
n/a	OG0012613	1	1	1	1	1	1	0	1	2
n/a	OG0012614	1	1	1	1	1	1	1	1	1
n/a	OG0012615	1	1	1	1	1	1	1	1	1
n/a	OG0012616	1	1	1	1	0	1	1	1	1
n/a	OG0012617	1	1	1	1	1	1	0	0	3
n/a	OG0012618	1	1	1	1	0	1	1	1	1
n/a	OG0012619	1	1	1	1	1	1	1	1	1
n/a	OG0012620	1	1	1	1	0	1	1	1	1
n/a	OG0012621	1	1	1	1	0	1	1	1	2
n/a	OG0012622	1	1	1	1	1	1	1	1	1
n/a	OG0012623	1	1	1	1	0	2	0	1	2
n/a	OG0012624	1	1	1	1	1	1	1	0	1
n/a	OG0012625	1	1	1	1	1	1	1	1	1
n/a	OG0012626	1	1	1	1	1	1	1	1	1
n/a	OG0012627	1	1	1	1	1	1	1	0	1
n/a	OG0012628	1	1	1	1	0	1	1	1	1
n/a	OG0012629	1	1	1	1	0	1	1	1	1
n/a	OG0012630	2	1	1	1	1	1	1	1	1
n/a	OG0012631	2	1	1	1	1	1	1	0	1
n/a	OG0012632	1	1	1	1	0	1	1	1	1
n/a	OG0012633	4	0	1	1	1	1	1	1	1
n/a	OG0012634	1	1	1	1	1	1	1	0	1
n/a	OG0012635	1	1	1	1	2	1	1	0	1
n/a	OG0012636	1	1	1	1	1	1	1	0	1
n/a	OG0012637	3	0	2	0	2	2	0	0	1
n/a	OG0012638	1	1	1	0	1	1	1	1	1
n/a	OG0012639	1	1	1	1	1	1	0	1	1
n/a	OG0012640	1	1	1	1	1	1	1	0	1
n/a	OG0012641	1	1	1	1	1	1	1	1	1
n/a	OG0012642	1	1	1	1	1	1	1	0	1
n/a	OG0012643	1	1	1	1	0	1	1	0	2
n/a	OG0012644	1	1	1	1	1	1	1	1	1
n/a	OG0012645	1	1	1	1	1	1	1	1	1
n/a	OG0012646	3	0	1	1	1	1	1	1	1
n/a	OG0012647	1	1	1	0	1	1	1	1	1
n/a	OG0012648	2	1	1	1	1	1	0	1	1
n/a	OG0012649	1	1	1	1	1	1	1	1	1
n/a	OG0012650	1	1	1	0	1	1	1	1	1
n/a	OG0012651	1	1	1	0	1	1	1	1	1
n/a	OG0012652	1	1	1	1	1	1	1	1	1
n/a	OG0012653	1	1	1	1	0	1	1	2	1
n/a	OG0012654	2	1	1	1	0	1	1	1	1
n/a	OG0012655	1	1	1	1	1	1	1	1	1
n/a	OG0012656	2	0	1	1	0	2	1	1	1
n/a	OG0012657	1	1	1	0	1	1	1	1	1
n/a	OG0012658	2	1	1	1	0	1	1	1	0
n/a	OG0012659	1	1	1	1	1	1	1	1	1
n/a	OG0012660	1	1	1	1	1	1	1	0	1
n/a	OG0012661	1	1	1	1	1	1	1	0	1
n/a	OG0012662	1	1	1	1	1	1	1	1	1
n/a	OG0012663	1	1	1	1	1	1	1	1	1
n/a	OG0012664	1	1	1	1	1	1	1	1	1
n/a	OG0012665	1	1	0	1	1	1	1	1	1
n/a	OG0012667	1	1	1	1	1	1	1	1	1
n/a	OG0012668	1	1	1	1	0	1	1	1	2
n/a	OG0012669	2	1	1	1	1	1	1	0	2
n/a	OG0012670	2	0	1	1	1	1	1	1	2
n/a	OG0012671	1	1	1	1	2	1	0	1	1
n/a	OG0012672	1	1	1	1	1	1	1	1	1
n/a	OG0012673	1	1	1	1	0	1	1	1	1
n/a	OG0012674	1	1	1	1	1	1	1	1	0
n/a	OG0012675	1	1	1	1	1	1	1	1	1
n/a	OG0012676	1	1	1	1	0	1	1	1	1
n/a	OG0012677	1	1	1	1	0	1	1	1	1
n/a	OG0012678	1	1	1	1	0	1	1	1	2
n/a	OG0012679	1	1	1	1	0	1	1	1	1
n/a	OG0012680	1	1	1	1	1	1	1	0	1
n/a	OG0012681	1	1	1	1	1	1	1	1	1
n/a	OG0012682	1	1	1	1	0	1	1	1	1
n/a	OG0012683	1	1	1	1	1	1	1	1	1
n/a	OG0012684	2	1	1	1	1	1	1	0	2
n/a	OG0012685	1	1	1	1	2	1	0	0	2
n/a	OG0012686	1	1	1	1	1	1	1	1	1
n/a	OG0012687	1	1	1	1	0	1	1	1	1
n/a	OG0012688	1	1	1	1	1	1	1	0	1
n/a	OG0012689	1	1	1	1	1	1	1	1	1
n/a	OG0012690	1	1	1	1	1	1	1	1	1
n/a	OG0012691	1	1	1	1	1	1	1	1	1
n/a	OG0012692	1	1	1	1	1	1	1	1	1
n/a	OG0012693	1	1	1	1	0	1	1	1	1
n/a	OG0012694	1	1	1	0	1	1	1	1	1
n/a	OG0012695	1	1	1	1	1	1	1	0	2
n/a	OG0012696	1	1	1	2	2	1	0	1	1
n/a	OG0012697	1	1	1	1	0	1	1	1	1
n/a	OG0012698	1	1	1	1	1	1	1	1	1
n/a	OG0012699	1	1	1	1	1	1	1	0	1
n/a	OG0012700	1	1	1	1	1	1	1	1	1
n/a	OG0012701	1	1	1	1	0	1	1	1	2
n/a	OG0012702	1	1	1	1	1	1	1	0	1
n/a	OG0012703	1	1	1	1	1	1	1	1	0
n/a	OG0012704	1	1	1	1	0	1	1	1	1
n/a	OG0012705	1	1	1	1	1	1	1	1	1
n/a	OG0012706	1	1	1	1	1	1	1	1	1
n/a	OG0012707	2	0	2	1	1	1	1	1	1
n/a	OG0012708	1	1	1	1	1	1	1	1	1
n/a	OG0012709	1	1	1	1	1	1	1	0	1
n/a	OG0012710	1	1	1	1	1	1	1	1	1
n/a	OG0012711	1	1	1	1	1	1	1	0	2
n/a	OG0012712	1	1	1	1	1	1	1	1	1
n/a	OG0012713	1	1	1	0	1	1	1	1	2
n/a	OG0012714	1	1	1	1	1	1	1	1	1
n/a	OG0012715	1	1	1	1	1	1	1	0	1
n/a	OG0012716	1	1	1	1	1	1	1	1	0
n/a	OG0012717	1	1	1	1	1	1	1	1	1
n/a	OG0012718	1	1	1	1	1	1	1	1	1
n/a	OG0012719	1	1	1	1	1	1	1	1	1
n/a	OG0012720	1	0	1	4	1	1	1	1	1
n/a	OG0012721	1	1	1	1	1	1	1	1	1
n/a	OG0012722	1	0	1	1	1	1	1	1	2
n/a	OG0012723	1	1	2	1	1	1	1	0	1
n/a	OG0012724	1	1	1	1	1	1	1	1	1
n/a	OG0012725	1	1	1	1	1	1	1	0	1
n/a	OG0012726	1	1	1	1	1	1	1	1	1
n/a	OG0012727	1	1	1	1	0	1	1	0	1
n/a	OG0012728	1	1	1	1	1	1	1	0	1
n/a	OG0012729	1	1	1	1	1	1	1	1	1
n/a	OG0012730	1	1	1	1	1	1	1	1	1
n/a	OG0012731	1	1	1	1	0	1	1	1	1
n/a	OG0012732	1	1	1	1	1	1	1	1	1
n/a	OG0012733	4	1	1	1	0	1	1	0	0
n/a	OG0012734	1	1	1	1	1	1	1	1	1
n/a	OG0012735	3	1	1	0	1	1	1	1	1
n/a	OG0012736	1	1	1	1	1	1	1	0	2
n/a	OG0012737	1	1	1	1	2	1	1	0	0
n/a	OG0012738	2	1	1	1	1	1	1	0	1
n/a	OG0012739	1	1	1	0	1	1	1	1	1
n/a	OG0012740	1	1	1	1	1	1	1	1	1
n/a	OG0012741	1	1	1	1	1	1	1	1	1
n/a	OG0012742	1	1	1	1	1	1	1	1	1
n/a	OG0012743	2	1	1	1	0	1	1	1	1
n/a	OG0012744	1	1	1	1	1	1	1	1	1
n/a	OG0012745	1	1	1	1	1	1	1	0	2
n/a	OG0012746	1	1	1	1	0	1	1	1	1
n/a	OG0012747	1	1	1	1	1	1	1	0	1
n/a	OG0012748	1	1	1	1	0	1	1	1	1
n/a	OG0012749	1	1	2	0	2	1	1	0	1
n/a	OG0012750	1	1	1	1	1	1	1	1	1
n/a	OG0012751	1	1	1	1	0	1	1	1	1
n/a	OG0012752	1	0	2	0	2	2	2	0	1
n/a	OG0012753	1	1	1	1	1	1	1	1	1
n/a	OG0012754	1	1	1	1	0	1	1	1	2
n/a	OG0012755	1	1	1	1	1	1	1	1	1
n/a	OG0012756	1	1	1	1	1	1	1	0	1
n/a	OG0012757	1	1	1	1	1	1	1	1	1
n/a	OG0012758	1	1	1	1	1	2	1	0	1
n/a	OG0012759	2	1	1	0	0	1	1	1	1
n/a	OG0012760	1	1	1	1	1	1	1	0	1
n/a	OG0012761	1	1	1	1	1	1	1	1	1
n/a	OG0012762	3	1	1	1	1	1	0	0	2
n/a	OG0012763	1	1	1	1	1	1	1	1	1
n/a	OG0012764	1	1	1	1	1	1	1	1	1
n/a	OG0012765	1	1	1	1	0	1	1	1	1
n/a	OG0012766	1	1	1	1	0	1	1	1	1
n/a	OG0012767	2	1	1	1	0	1	1	1	0
n/a	OG0012768	1	1	1	1	1	1	1	1	1
n/a	OG0012769	1	1	1	1	0	1	1	1	1
n/a	OG0012770	2	1	1	0	1	1	1	0	2
n/a	OG0012771	1	1	4	1	1	1	0	0	1
n/a	OG0012772	1	1	1	1	1	1	1	1	1
n/a	OG0012773	1	1	1	1	1	1	1	0	2
n/a	OG0012774	1	1	1	1	1	1	1	0	1
n/a	OG0012775	1	1	1	1	0	1	1	1	1
n/a	OG0012776	1	1	1	1	1	1	1	0	1
n/a	OG0012777	1	1	1	1	1	1	1	1	1
n/a	OG0012778	1	1	1	1	1	1	1	1	1
n/a	OG0012779	1	1	1	1	1	1	1	0	1
n/a	OG0012780	1	1	1	1	1	1	1	1	1
n/a	OG0012781	1	1	1	1	1	1	1	1	1
n/a	OG0012782	1	1	1	1	1	1	1	0	1
n/a	OG0012783	1	0	1	1	0	3	1	0	2
n/a	OG0012784	1	1	1	1	1	1	1	1	1
n/a	OG0012785	1	1	1	1	0	1	1	1	1
n/a	OG0012786	1	1	1	1	1	1	1	1	1
n/a	OG0012787	1	1	1	1	1	1	1	0	1
n/a	OG0012788	1	1	1	1	1	1	1	0	1
n/a	OG0012789	2	1	1	1	1	1	1	0	2
n/a	OG0012790	2	1	1	1	1	1	1	0	0
n/a	OG0012791	1	1	1	1	0	2	1	1	1
n/a	OG0012792	1	1	1	1	1	1	1	1	1
n/a	OG0012793	1	1	1	0	1	1	1	1	1
n/a	OG0012794	1	1	1	1	1	1	1	1	1
n/a	OG0012795	1	1	1	1	1	1	1	1	1
n/a	OG0012796	1	1	1	0	1	1	1	1	1
n/a	OG0012797	1	1	1	1	0	1	1	1	1
n/a	OG0012798	2	1	1	1	0	1	1	0	1
n/a	OG0012799	1	1	1	1	1	1	1	1	1
n/a	OG0012800	1	1	1	1	1	1	1	1	1
n/a	OG0012801	1	1	1	2	0	1	1	1	1
n/a	OG0012802	1	1	1	1	1	1	1	0	1
n/a	OG0012803	1	1	1	1	0	1	1	1	1
n/a	OG0012804	1	1	1	1	1	1	1	0	1
n/a	OG0012805	1	1	1	1	0	1	1	1	1
n/a	OG0012806	1	1	1	1	1	1	1	1	1
n/a	OG0012807	1	1	1	1	1	1	1	1	1
n/a	OG0012808	1	1	1	1	1	1	1	0	1
n/a	OG0012809	1	1	1	1	1	1	1	1	1
n/a	OG0012810	1	1	1	1	1	1	1	0	2
n/a	OG0012811	1	1	1	1	0	1	1	1	1
n/a	OG0012812	1	1	1	0	1	1	1	1	1
n/a	OG0012813	1	1	1	1	1	1	1	1	1
n/a	OG0012814	1	1	1	1	1	1	1	1	1
n/a	OG0012815	1	1	1	1	0	1	1	1	1
n/a	OG0012816	2	1	1	1	1	1	1	0	2
n/a	OG0012817	1	1	1	1	1	1	1	1	1
n/a	OG0012818	2	1	1	0	1	1	1	0	2
n/a	OG0012819	1	1	1	1	0	1	1	1	1
n/a	OG0012820	1	1	1	1	1	2	1	0	1
n/a	OG0012821	1	1	1	1	1	1	1	1	1
n/a	OG0012822	1	1	1	1	1	1	1	1	1
n/a	OG0012823	1	1	1	1	1	1	1	1	1
n/a	OG0012824	1	1	1	1	0	1	1	1	1
n/a	OG0012825	1	1	1	1	1	1	1	1	1
n/a	OG0012826	1	1	1	1	1	1	1	0	2
n/a	OG0012827	1	1	1	1	1	1	1	1	1
n/a	OG0012828	1	1	1	1	1	1	1	1	1
n/a	OG0012829	1	1	1	1	1	1	1	1	1
n/a	OG0012830	1	1	1	1	0	1	1	1	1
n/a	OG0012831	1	1	1	1	1	1	1	1	1
n/a	OG0012832	1	1	1	0	1	1	1	1	1
n/a	OG0012833	1	1	1	1	1	1	1	1	1
n/a	OG0012834	1	1	1	1	0	1	1	1	1
n/a	OG0012835	1	1	1	1	1	1	1	0	1
n/a	OG0012836	1	1	1	1	1	1	1	0	1
n/a	OG0012837	1	1	1	1	1	1	1	0	2
n/a	OG0012838	1	2	1	0	0	1	1	0	1
n/a	OG0012839	1	1	1	1	1	1	1	1	0
n/a	OG0012840	2	1	1	1	1	1	0	1	1
n/a	OG0012841	1	1	1	1	1	1	0	1	2
n/a	OG0012842	1	1	1	1	0	1	1	1	1
n/a	OG0012843	1	1	1	1	1	1	1	0	1
n/a	OG0012844	1	1	1	0	1	1	1	1	1
n/a	OG0012845	1	1	1	1	1	1	1	0	2
n/a	OG0012846	1	2	1	1	1	1	0	0	1
n/a	OG0012847	1	1	1	1	1	1	0	1	2
n/a	OG0012848	1	1	1	1	1	1	1	1	1
n/a	OG0012849	1	1	1	1	1	1	1	1	1
n/a	OG0012850	1	1	1	1	1	1	1	0	1
n/a	OG0012851	1	1	1	0	1	1	1	1	1
n/a	OG0012852	1	1	1	1	1	1	1	1	1
n/a	OG0012853	1	1	1	1	1	1	1	0	1
n/a	OG0012854	1	1	1	1	1	1	1	1	1
n/a	OG0012855	1	1	1	1	1	1	1	0	1
n/a	OG0012856	1	1	1	1	1	1	1	1	1
n/a	OG0012857	1	1	1	1	1	1	1	0	1
n/a	OG0012858	1	1	1	0	1	1	1	1	1
n/a	OG0012859	1	1	1	1	1	1	1	1	1
n/a	OG0012860	1	1	1	1	0	1	1	1	1
n/a	OG0012861	1	1	1	1	0	1	1	1	1
n/a	OG0012862	1	1	1	0	1	1	1	1	1
n/a	OG0012863	1	1	1	1	1	1	1	0	1
n/a	OG0012864	1	1	1	1	1	1	1	1	1
n/a	OG0012865	2	1	2	0	2	1	0	0	2
n/a	OG0012866	1	1	1	1	1	1	1	1	1
n/a	OG0012867	1	1	1	1	1	1	1	1	1
n/a	OG0012868	1	1	1	1	1	1	1	0	2
n/a	OG0012869	1	1	1	1	1	1	1	0	1
n/a	OG0012870	1	1	1	1	1	1	1	1	1
n/a	OG0012871	1	1	1	1	1	1	1	0	1
n/a	OG0012872	1	1	1	1	1	1	1	1	1
n/a	OG0012873	1	1	1	1	1	1	1	1	1
n/a	OG0012874	1	1	1	1	1	2	1	0	1
n/a	OG0012875	1	1	1	0	1	1	1	1	1
n/a	OG0012876	1	1	1	0	1	1	1	1	1
n/a	OG0012877	1	1	1	1	1	1	1	1	1
n/a	OG0012878	1	1	1	1	1	1	1	1	1
n/a	OG0012879	1	1	1	1	1	1	1	1	1
n/a	OG0012880	1	1	1	1	1	1	1	0	1
n/a	OG0012881	1	1	1	1	1	1	1	1	1
n/a	OG0012882	1	1	1	1	1	1	1	0	1
n/a	OG0012883	1	1	1	1	0	1	1	1	2
n/a	OG0012884	1	1	1	1	0	1	1	1	2
n/a	OG0012885	1	1	1	1	1	1	0	1	2
n/a	OG0012886	1	1	1	1	1	1	1	1	0
n/a	OG0012887	1	1	1	1	1	1	1	1	1
n/a	OG0012888	1	1	1	1	1	1	1	1	0
n/a	OG0012889	1	1	1	1	1	1	1	1	1
n/a	OG0012890	1	1	1	0	1	1	1	1	1
n/a	OG0012891	1	1	0	1	1	1	1	1	1
n/a	OG0012892	1	1	1	1	1	1	1	1	1
n/a	OG0012893	1	1	1	1	0	1	1	1	2
n/a	OG0012894	1	1	1	1	1	1	1	1	1
n/a	OG0012895	1	1	1	1	1	1	1	0	1
n/a	OG0012896	1	1	2	1	1	1	0	1	1
n/a	OG0012897	1	1	1	1	1	2	1	1	0
n/a	OG0012898	1	1	1	0	1	1	1	1	1
n/a	OG0012899	1	1	1	1	0	1	1	1	1
n/a	OG0012900	1	1	1	1	1	1	1	0	1
n/a	OG0012901	1	1	2	1	1	1	1	0	1
n/a	OG0012902	1	1	1	1	1	1	1	0	1
n/a	OG0012903	1	1	1	1	1	1	1	1	1
n/a	OG0012904	1	1	1	1	1	1	1	0	1
n/a	OG0012905	1	1	1	1	1	1	1	1	1
n/a	OG0012906	1	1	1	1	1	1	1	1	1
n/a	OG0012907	1	1	1	1	1	1	1	1	1
n/a	OG0012908	1	1	1	0	1	1	1	1	1
n/a	OG0012909	1	1	1	1	0	1	1	1	1
n/a	OG0012910	2	1	1	1	1	1	0	1	1
n/a	OG0012911	2	0	1	1	1	1	1	1	1
n/a	OG0012912	1	1	1	1	0	1	1	1	1
n/a	OG0012913	1	1	1	1	1	1	1	1	1
n/a	OG0012914	1	1	1	1	1	1	1	0	1
n/a	OG0012915	1	1	1	1	0	1	1	1	1
n/a	OG0012916	2	1	1	1	1	1	1	0	1
n/a	OG0012917	1	1	1	1	1	1	1	0	2
n/a	OG0012918	1	1	1	0	1	1	1	1	1
n/a	OG0012919	1	1	1	1	0	1	1	1	2
n/a	OG0012920	1	1	1	1	1	1	1	0	2
n/a	OG0012921	1	1	1	1	1	1	1	1	1
n/a	OG0012922	1	1	1	1	1	1	1	1	1
n/a	OG0012923	1	1	1	1	0	1	1	1	1
n/a	OG0012924	1	1	1	1	1	1	1	1	1
n/a	OG0012925	1	1	1	1	1	1	1	0	1
n/a	OG0012926	1	1	1	1	0	1	1	0	2
n/a	OG0012927	1	1	1	0	1	1	1	1	1
n/a	OG0012928	1	1	1	1	1	1	1	1	1
n/a	OG0012929	1	1	1	1	1	1	1	1	1
n/a	OG0012930	1	1	1	1	1	1	1	1	1
n/a	OG0012931	1	1	1	1	1	1	0	0	3
n/a	OG0012932	1	1	1	1	1	1	1	1	1
n/a	OG0012933	1	1	1	1	0	1	1	1	2
n/a	OG0012934	1	1	1	1	1	1	1	1	1
n/a	OG0012935	1	1	1	1	1	1	1	1	1
n/a	OG0012936	1	1	1	1	1	1	1	1	1
n/a	OG0012937	1	1	1	1	1	1	1	1	0
n/a	OG0012938	1	1	1	1	1	1	1	1	1
n/a	OG0012939	1	1	1	1	0	1	1	1	1
n/a	OG0012940	1	1	1	1	1	1	1	1	0
n/a	OG0012941	1	1	1	1	1	1	1	0	1
n/a	OG0012942	1	1	1	1	1	1	1	1	1
n/a	OG0012943	1	1	1	1	1	1	1	0	1
n/a	OG0012944	1	1	1	1	1	1	1	1	1
n/a	OG0012945	1	1	2	1	1	1	1	0	1
n/a	OG0012946	1	1	1	1	1	1	1	1	1
n/a	OG0012947	1	1	1	1	1	1	1	1	1
n/a	OG0012948	1	1	1	1	1	1	1	1	1
n/a	OG0012949	1	1	1	0	1	1	1	1	1
n/a	OG0012950	1	1	1	1	1	1	1	0	1
n/a	OG0012951	1	1	1	1	0	1	1	1	1
n/a	OG0012952	1	1	1	1	1	1	1	1	1
n/a	OG0012953	1	1	1	1	1	1	1	0	1
n/a	OG0012954	1	1	1	1	1	1	1	1	1
n/a	OG0012955	1	1	1	1	0	1	1	1	1
n/a	OG0012956	1	1	1	1	1	1	1	1	1
n/a	OG0012957	1	1	1	0	1	1	1	1	1
n/a	OG0012958	1	1	1	1	0	1	1	1	1
n/a	OG0012959	1	1	1	1	1	1	1	0	2
n/a	OG0012960	1	1	1	0	2	1	1	1	1
n/a	OG0012961	1	1	1	1	1	1	1	1	0
n/a	OG0012962	1	1	2	1	1	1	1	1	1
n/a	OG0012963	1	1	1	1	1	1	1	1	1
n/a	OG0012964	1	1	1	1	1	1	1	1	1
n/a	OG0012965	1	1	1	0	1	1	1	1	1
n/a	OG0012966	4	1	1	0	0	0	1	1	0
n/a	OG0012967	1	1	1	1	1	1	1	1	1
n/a	OG0012968	1	1	1	1	1	2	1	0	1
n/a	OG0012969	1	1	1	1	1	1	1	0	1
n/a	OG0012970	1	1	1	1	1	1	1	0	1
n/a	OG0012971	1	1	1	1	0	1	1	1	1
n/a	OG0012972	1	1	1	1	0	1	1	1	1
n/a	OG0012973	1	1	1	1	1	1	1	1	1
n/a	OG0012974	1	1	1	1	1	1	1	1	1
n/a	OG0012975	1	1	1	0	1	1	1	1	2
n/a	OG0012976	1	1	1	1	1	1	1	0	1
n/a	OG0012977	1	1	1	1	1	1	1	1	1
n/a	OG0012978	1	1	1	1	1	1	1	1	1
n/a	OG0012979	1	1	1	0	1	1	1	1	1
n/a	OG0012980	1	1	1	1	1	1	1	1	1
n/a	OG0012981	1	1	1	1	1	1	1	1	1
n/a	OG0012982	1	1	1	1	1	1	1	1	1
n/a	OG0012983	1	1	1	1	1	1	1	1	2
n/a	OG0012984	1	1	2	1	1	1	1	1	1
n/a	OG0012985	1	1	1	0	1	1	1	1	1
n/a	OG0012986	1	1	1	1	1	1	1	0	2
n/a	OG0012987	1	1	1	1	1	1	1	1	1
n/a	OG0012988	1	1	1	1	1	1	1	1	1
n/a	OG0012989	1	1	1	1	0	1	1	1	1
n/a	OG0012990	1	1	1	1	0	1	1	1	1
n/a	OG0012991	1	1	1	1	1	1	1	1	1
n/a	OG0012992	1	1	1	1	0	1	1	1	1
n/a	OG0012993	2	1	1	1	1	1	1	0	0
n/a	OG0012994	1	1	1	0	1	1	1	1	1
n/a	OG0012995	2	1	1	1	1	1	0	1	1
n/a	OG0012996	1	1	1	0	1	1	1	1	2
n/a	OG0012997	1	1	1	1	0	2	1	0	1
n/a	OG0012998	1	1	1	1	1	1	1	1	1
n/a	OG0012999	1	1	1	1	0	1	1	1	1
n/a	OG0013000	2	1	1	1	1	1	1	0	1
n/a	OG0013001	1	1	1	1	1	1	1	0	1
n/a	OG0013002	3	1	1	0	0	2	0	0	2
n/a	OG0013003	1	1	1	1	1	1	1	2	1
n/a	OG0013004	1	1	1	1	0	1	1	1	1
n/a	OG0013005	1	1	1	1	1	1	1	1	1
n/a	OG0013006	1	1	1	1	1	1	1	1	1
n/a	OG0013007	1	1	1	1	1	1	1	0	2
n/a	OG0013008	1	1	1	1	0	1	1	1	1
n/a	OG0013009	1	1	1	1	1	1	1	1	1
n/a	OG0013010	1	1	1	1	0	1	1	0	2
n/a	OG0013011	1	1	1	0	1	1	1	1	2
n/a	OG0013012	1	1	1	1	1	1	1	1	1
n/a	OG0013013	2	1	1	1	1	1	0	1	1
n/a	OG0013014	1	1	1	1	0	1	1	1	1
n/a	OG0013015	1	1	1	1	1	1	1	1	0
n/a	OG0013016	1	1	1	1	1	1	1	1	1
n/a	OG0013017	1	1	1	1	1	1	1	1	1
n/a	OG0013018	1	1	1	1	0	1	1	1	1
n/a	OG0013019	1	1	1	1	1	1	1	0	1
n/a	OG0013020	1	1	1	1	1	1	1	1	1
n/a	OG0013021	1	0	1	1	1	1	1	1	3
n/a	OG0013022	1	1	1	1	1	1	1	0	1
n/a	OG0013023	1	1	1	1	1	1	1	1	1
n/a	OG0013024	1	1	1	1	1	1	1	1	1
n/a	OG0013025	1	1	0	1	2	0	1	1	1
n/a	OG0013026	1	1	1	1	0	1	1	1	1
n/a	OG0013027	1	1	1	1	1	1	1	0	1
n/a	OG0013028	1	1	1	1	2	1	1	0	1
n/a	OG0013029	1	1	1	1	1	1	1	0	1
n/a	OG0013030	1	1	1	1	1	1	1	0	1
n/a	OG0013031	1	1	1	1	0	1	1	1	1
n/a	OG0013032	1	0	1	1	3	1	1	1	1
n/a	OG0013033	1	1	0	0	2	1	1	0	2
n/a	OG0013034	1	0	1	1	1	1	1	1	2
n/a	OG0013035	1	1	1	1	1	1	1	1	1
n/a	OG0013036	1	1	1	1	0	1	1	1	2
n/a	OG0013037	1	1	1	1	1	1	1	1	1
n/a	OG0013038	1	1	1	1	1	1	1	1	1
n/a	OG0013039	2	1	1	0	1	1	1	0	2
n/a	OG0013040	2	1	1	1	1	1	0	0	2
n/a	OG0013041	1	1	1	1	1	1	1	0	1
n/a	OG0013042	2	0	1	1	1	1	1	1	1
n/a	OG0013043	1	1	1	1	0	1	1	1	1
n/a	OG0013044	1	1	1	1	1	1	1	1	0
n/a	OG0013045	1	1	1	1	1	1	1	0	1
n/a	OG0013046	3	1	1	0	1	1	1	0	1
n/a	OG0013047	1	1	2	1	0	1	1	1	0
n/a	OG0013048	1	1	1	0	1	1	1	1	1
n/a	OG0013049	1	1	1	1	1	1	1	1	1
n/a	OG0013050	1	1	1	1	1	1	1	0	2
n/a	OG0013051	1	1	1	1	0	1	1	1	1
n/a	OG0013052	1	1	1	1	0	1	1	1	2
n/a	OG0013053	1	1	1	1	1	1	1	1	1
n/a	OG0013054	1	1	1	1	1	1	1	0	1
n/a	OG0013055	1	1	2	1	0	1	0	1	1
n/a	OG0013056	1	1	1	1	1	1	1	1	1
n/a	OG0013057	1	1	1	1	1	1	1	1	1
n/a	OG0013058	1	1	1	1	1	1	1	1	1
n/a	OG0013059	1	1	1	1	0	1	1	1	1
n/a	OG0013060	1	1	1	1	1	1	1	0	1
n/a	OG0013061	1	1	1	0	1	1	1	1	2
n/a	OG0013062	1	1	1	1	1	1	1	1	1
n/a	OG0013063	1	1	1	1	1	1	1	1	1
n/a	OG0013064	1	1	1	0	2	1	1	0	1
n/a	OG0013065	1	1	1	1	0	1	1	1	1
n/a	OG0013066	1	1	1	1	1	1	1	1	1
n/a	OG0013067	1	1	1	1	1	1	1	1	1
n/a	OG0013068	1	1	1	1	1	1	1	0	1
n/a	OG0013069	1	1	1	0	1	1	1	1	1
n/a	OG0013070	1	1	1	1	0	1	1	1	1
n/a	OG0013071	2	0	1	1	1	1	1	1	2
n/a	OG0013072	2	1	0	1	1	1	1	1	0
n/a	OG0013073	2	1	1	1	0	1	1	1	1
n/a	OG0013074	1	1	1	1	1	1	1	1	1
n/a	OG0013075	1	1	1	1	0	1	1	1	1
n/a	OG0013076	1	1	1	1	1	0	1	1	1
n/a	OG0013077	2	1	1	0	1	1	1	0	3
n/a	OG0013078	1	1	1	1	1	1	1	1	1
n/a	OG0013079	2	1	1	1	1	1	0	1	2
n/a	OG0013080	1	1	1	0	1	1	1	1	1
n/a	OG0013081	1	1	1	1	1	1	1	0	1
n/a	OG0013082	1	1	1	1	1	1	1	1	1
n/a	OG0013083	1	1	1	1	1	1	1	1	2
n/a	OG0013084	1	1	1	1	1	1	1	0	1
n/a	OG0013085	1	1	1	1	0	1	1	1	1
n/a	OG0013086	1	1	1	1	1	1	1	0	1
n/a	OG0013087	1	1	1	1	1	1	1	1	1
n/a	OG0013088	1	1	1	1	0	1	1	1	1
n/a	OG0013089	2	0	1	0	1	1	1	1	2
n/a	OG0013090	1	1	1	1	1	1	1	1	1
n/a	OG0013091	1	1	1	1	0	1	1	1	1
n/a	OG0013092	1	1	1	1	1	1	1	1	1
n/a	OG0013093	1	1	1	1	1	1	1	0	1
n/a	OG0013094	1	1	1	0	1	1	1	0	2
n/a	OG0013095	1	1	1	1	1	1	1	0	1
n/a	OG0013096	2	1	1	1	0	1	1	1	1
n/a	OG0013097	1	1	1	1	1	1	1	0	2
n/a	OG0013098	1	1	1	1	1	2	0	1	1
n/a	OG0013099	1	1	1	1	1	1	1	1	1
n/a	OG0013100	1	1	1	1	1	1	1	0	1
n/a	OG0013101	1	1	1	1	1	1	1	1	1
n/a	OG0013102	1	1	1	1	0	1	1	1	1
n/a	OG0013103	1	1	1	2	1	1	0	1	1
n/a	OG0013104	1	1	1	1	0	1	1	1	1
n/a	OG0013105	1	1	1	1	1	1	1	0	1
n/a	OG0013106	1	1	1	1	1	1	1	0	1
n/a	OG0013107	1	1	1	1	1	1	1	0	1
n/a	OG0013108	1	1	1	1	1	1	1	0	1
n/a	OG0013109	1	1	1	1	1	1	1	0	1
n/a	OG0013110	1	1	1	1	1	1	1	0	1
n/a	OG0013111	1	1	1	1	0	1	1	1	1
n/a	OG0013112	1	1	1	1	1	1	1	0	1
n/a	OG0013113	1	1	1	1	0	1	1	1	1
n/a	OG0013114	1	1	1	0	1	1	1	1	1
n/a	OG0013115	1	1	1	1	1	1	1	1	1
n/a	OG0013116	1	1	1	1	1	1	1	0	1
n/a	OG0013117	1	1	1	1	1	1	1	1	1
n/a	OG0013118	1	1	1	1	1	1	1	1	1
n/a	OG0013119	1	1	1	1	1	1	1	0	1
n/a	OG0013120	1	1	1	1	0	1	1	1	1
n/a	OG0013121	1	1	1	1	1	1	1	1	1
n/a	OG0013122	1	1	1	1	1	1	1	1	0
n/a	OG0013123	1	1	1	1	1	1	1	1	1
n/a	OG0013124	1	1	1	1	1	1	1	1	1
n/a	OG0013125	1	1	1	0	1	1	1	1	1
n/a	OG0013126	1	1	1	1	1	1	1	1	1
n/a	OG0013127	1	1	1	1	1	1	1	1	1
n/a	OG0013128	1	1	1	0	1	1	1	1	1
n/a	OG0013129	1	1	1	1	1	1	1	0	2
n/a	OG0013130	1	1	1	1	1	1	1	1	1
n/a	OG0013131	1	1	1	0	1	1	1	1	1
n/a	OG0013132	1	1	1	0	1	1	1	0	3
n/a	OG0013133	1	1	1	1	2	2	1	0	1
n/a	OG0013134	1	1	1	1	1	1	1	1	1
n/a	OG0013135	1	1	1	1	1	1	1	1	1
n/a	OG0013136	1	1	1	1	1	1	1	1	1
n/a	OG0013137	1	1	1	1	0	1	1	1	1
n/a	OG0013138	1	1	1	0	1	1	1	1	1
n/a	OG0013139	1	1	1	1	0	1	1	1	1
n/a	OG0013140	1	1	1	1	1	1	1	1	1
n/a	OG0013141	1	1	1	1	1	1	1	0	2
n/a	OG0013142	1	1	1	1	1	1	1	0	1
n/a	OG0013143	1	1	1	1	1	1	1	0	1
n/a	OG0013144	2	1	1	1	1	1	1	0	1
n/a	OG0013145	1	1	1	1	0	1	1	1	1
n/a	OG0013146	1	1	1	1	1	1	1	0	1
n/a	OG0013147	1	1	1	1	1	1	1	1	1
n/a	OG0013148	1	1	1	1	0	1	1	1	1
n/a	OG0013149	1	1	1	1	0	1	1	1	1
n/a	OG0013150	1	1	1	1	1	1	1	1	1
n/a	OG0013151	1	1	1	1	1	1	1	1	1
n/a	OG0013152	1	1	0	1	2	1	1	0	1
n/a	OG0013153	1	1	0	1	1	1	1	1	1
n/a	OG0013154	1	1	0	1	1	1	1	1	1
n/a	OG0013155	1	1	1	1	1	1	1	0	1
n/a	OG0013156	1	1	1	1	1	1	1	1	1
n/a	OG0013157	1	1	1	1	1	1	1	1	1
n/a	OG0013158	2	1	1	0	1	1	1	0	1
n/a	OG0013159	1	1	1	1	1	1	1	0	1
n/a	OG0013160	1	1	1	1	1	1	1	0	1
n/a	OG0013161	1	1	1	1	1	1	1	1	1
n/a	OG0013162	1	1	1	1	1	1	1	1	1
n/a	OG0013163	1	1	1	1	1	1	1	1	1
n/a	OG0013164	1	1	1	1	1	1	1	1	1
n/a	OG0013165	1	1	1	1	0	1	1	1	1
n/a	OG0013166	1	1	1	0	1	1	1	1	1
n/a	OG0013167	2	1	1	1	1	1	1	1	1
n/a	OG0013168	2	1	1	1	1	1	1	1	1
n/a	OG0013169	1	1	1	1	1	1	0	1	2
n/a	OG0013170	1	1	1	1	1	1	1	1	1
n/a	OG0013171	1	1	1	1	1	1	1	1	1
n/a	OG0013172	1	1	2	1	1	1	1	1	1
n/a	OG0013173	2	1	1	1	0	1	1	1	1
n/a	OG0013174	1	1	1	0	1	1	1	1	1
n/a	OG0013175	1	1	1	1	1	1	0	1	2
n/a	OG0013176	1	1	1	1	1	1	1	0	1
n/a	OG0013177	1	1	1	1	1	1	1	1	1
n/a	OG0013178	1	1	1	0	1	1	1	1	1
n/a	OG0013179	1	1	1	1	0	1	1	2	1
n/a	OG0013180	1	1	1	1	1	1	1	1	1
n/a	OG0013181	1	1	1	1	1	1	1	1	1
n/a	OG0013182	1	1	1	1	1	1	1	1	1
n/a	OG0013183	1	1	1	1	1	1	1	1	1
n/a	OG0013184	1	1	1	1	1	1	1	1	1
n/a	OG0013185	1	1	1	1	1	1	1	1	1
n/a	OG0013186	1	1	1	1	1	1	1	1	2
n/a	OG0013187	1	0	1	1	1	1	1	1	4
n/a	OG0013188	1	1	1	1	1	1	1	0	2
n/a	OG0013189	1	1	1	0	1	1	1	1	1
n/a	OG0013190	1	1	1	1	1	1	1	0	2
n/a	OG0013191	1	1	1	1	0	1	1	1	1
n/a	OG0013192	1	1	1	2	1	1	0	1	1
n/a	OG0013193	1	1	1	0	1	1	1	1	1
n/a	OG0013194	1	1	1	0	1	1	1	1	2
n/a	OG0013195	1	1	2	1	1	1	1	1	0
n/a	OG0013196	1	1	1	1	1	1	1	1	1
n/a	OG0013197	1	1	1	1	1	1	1	1	1
n/a	OG0013198	1	1	1	1	1	1	1	1	0
n/a	OG0013199	1	1	1	1	1	1	1	1	1
n/a	OG0013200	1	1	1	1	1	1	1	1	1
n/a	OG0013201	1	1	1	1	1	1	1	1	1
n/a	OG0013202	1	1	1	1	1	1	1	1	1
n/a	OG0013203	1	1	1	0	1	1	1	1	2
n/a	OG0013204	1	1	1	1	1	1	1	1	1
n/a	OG0013205	1	1	1	0	1	1	1	1	1
n/a	OG0013206	1	1	1	1	0	1	1	1	1
n/a	OG0013207	1	1	1	1	1	1	1	1	1
n/a	OG0013208	1	1	1	1	1	1	1	1	1
n/a	OG0013209	1	1	1	0	0	1	1	1	2
n/a	OG0013210	1	1	1	1	1	1	1	1	1
n/a	OG0013211	1	1	1	1	1	1	1	1	1
n/a	OG0013212	1	1	1	1	1	1	1	1	1
n/a	OG0013213	1	1	1	1	1	1	1	1	1
n/a	OG0013214	1	1	1	1	0	1	1	1	1
n/a	OG0013215	1	1	1	1	1	1	1	1	1
n/a	OG0013216	1	1	1	1	1	1	1	0	1
n/a	OG0013217	1	1	1	1	0	1	1	1	1
n/a	OG0013218	1	1	1	1	0	1	1	1	1
n/a	OG0013219	1	1	1	1	2	1	1	0	1
n/a	OG0013220	1	1	1	1	1	1	1	1	0
n/a	OG0013221	1	1	1	1	1	1	1	1	1
n/a	OG0013222	1	1	1	1	1	1	1	1	1
n/a	OG0013223	1	1	1	1	1	1	1	0	1
n/a	OG0013224	1	1	1	0	2	2	1	0	1
n/a	OG0013225	1	1	1	0	1	1	1	0	2
n/a	OG0013226	1	1	1	1	0	1	1	1	1
n/a	OG0013227	2	1	1	1	0	1	1	1	0
n/a	OG0013228	1	1	1	0	1	1	1	1	1
n/a	OG0013229	1	1	1	1	1	1	1	1	1
n/a	OG0013230	1	1	1	1	1	1	1	1	1
n/a	OG0013231	1	1	1	1	1	1	1	1	1
n/a	OG0013232	1	1	1	1	1	1	1	0	1
n/a	OG0013233	1	1	1	1	1	1	1	1	1
n/a	OG0013234	1	1	1	1	0	1	1	1	1
n/a	OG0013235	1	1	1	1	1	1	1	0	1
n/a	OG0013236	1	1	1	1	1	1	1	1	1
n/a	OG0013237	1	1	1	1	1	1	1	1	1
n/a	OG0013238	1	1	1	1	0	1	1	1	1
n/a	OG0013239	1	1	1	1	0	1	1	1	1
n/a	OG0013240	1	1	1	1	1	1	1	0	1
n/a	OG0013241	1	1	1	1	1	1	1	1	1
n/a	OG0013242	1	1	1	1	0	1	1	1	1
n/a	OG0013243	1	1	1	1	1	1	1	1	1
n/a	OG0013244	1	1	1	1	1	1	1	1	2
n/a	OG0013245	1	1	1	1	1	1	1	0	1
n/a	OG0013246	1	1	1	1	1	1	1	0	2
n/a	OG0013247	1	1	1	1	1	1	1	1	1
n/a	OG0013248	1	1	1	1	0	1	1	1	1
n/a	OG0013249	1	1	1	1	1	1	1	1	1
n/a	OG0013250	1	1	1	1	1	1	1	1	0
n/a	OG0013251	1	1	1	1	1	1	1	1	1
n/a	OG0013252	1	1	1	1	1	1	1	1	1
n/a	OG0013253	1	1	1	1	1	1	1	1	2
n/a	OG0013254	1	1	1	1	0	1	1	1	1
n/a	OG0013255	1	1	1	1	1	1	1	1	1
n/a	OG0013256	1	1	1	1	1	1	1	1	1
n/a	OG0013257	1	1	1	1	2	1	1	0	2
n/a	OG0013258	1	1	1	1	1	1	1	0	1
n/a	OG0013259	1	1	1	1	1	1	1	1	1
n/a	OG0013260	1	1	1	1	0	1	1	1	1
n/a	OG0013261	1	1	1	1	1	1	1	1	1
n/a	OG0013262	1	1	1	1	0	1	1	1	1
n/a	OG0013263	1	1	1	0	1	1	1	1	1
n/a	OG0013264	1	1	1	1	1	1	1	1	1
n/a	OG0013265	2	1	1	1	1	1	0	1	1
n/a	OG0013266	1	1	1	1	1	2	1	1	1
n/a	OG0013267	1	1	1	1	0	1	1	1	1
n/a	OG0013268	1	1	1	1	1	1	1	1	0
n/a	OG0013269	1	1	1	1	1	1	1	1	1
n/a	OG0013270	1	1	1	0	1	1	1	1	1
n/a	OG0013271	1	1	1	1	1	1	1	1	1
n/a	OG0013272	1	1	1	1	1	1	1	1	1
n/a	OG0013273	1	1	1	1	1	1	1	1	1
n/a	OG0013274	1	1	1	1	1	1	1	1	1
n/a	OG0013275	1	1	1	1	0	1	1	1	1
n/a	OG0013276	1	1	1	1	0	1	1	1	1
n/a	OG0013277	1	1	1	1	0	1	1	1	1
n/a	OG0013278	1	1	1	1	1	1	0	1	2
n/a	OG0013279	1	1	1	1	2	1	1	0	1
n/a	OG0013280	1	1	1	1	0	1	1	1	2
n/a	OG0013281	1	1	1	1	2	1	1	1	1
n/a	OG0013282	1	1	1	1	1	1	1	1	1
n/a	OG0013283	1	1	1	1	1	1	1	0	1
n/a	OG0013284	1	1	1	1	1	1	1	1	1
n/a	OG0013285	1	1	1	1	1	1	1	0	1
n/a	OG0013286	1	1	1	0	1	1	1	1	1
n/a	OG0013287	1	1	1	0	1	1	1	1	1
n/a	OG0013288	1	1	1	1	1	1	1	0	1
n/a	OG0013289	1	1	1	0	1	1	1	1	1
n/a	OG0013290	1	1	1	0	1	1	1	1	1
n/a	OG0013291	1	1	1	1	1	1	1	1	1
n/a	OG0013292	1	1	1	1	1	2	0	1	1
n/a	OG0013293	1	1	1	1	1	1	1	1	1
n/a	OG0013294	1	0	1	1	1	2	1	1	2
n/a	OG0013295	1	1	1	1	1	1	1	1	1
n/a	OG0013296	1	1	1	1	1	1	0	1	2
n/a	OG0013297	1	0	2	1	1	1	1	2	1
n/a	OG0013298	1	1	1	1	1	1	1	1	1
n/a	OG0013299	1	1	1	1	1	1	1	0	1
n/a	OG0013300	1	1	1	1	0	1	1	1	1
n/a	OG0013301	1	1	1	1	0	1	1	1	1
n/a	OG0013302	1	1	1	1	1	1	1	1	1
n/a	OG0013303	1	1	1	1	1	1	1	1	1
n/a	OG0013304	1	1	1	1	1	1	1	0	2
n/a	OG0013305	1	1	1	1	1	1	1	1	1
n/a	OG0013306	1	1	1	1	0	1	1	1	1
n/a	OG0013307	1	1	1	1	1	1	1	1	1
n/a	OG0013308	1	1	1	1	1	1	1	1	1
n/a	OG0013309	1	1	1	0	1	1	1	1	1
n/a	OG0013310	1	1	1	1	1	0	1	1	1
n/a	OG0013311	1	1	1	1	1	1	1	1	1
n/a	OG0013312	1	1	1	1	1	1	1	0	2
n/a	OG0013313	1	1	1	1	0	1	1	1	1
n/a	OG0013314	1	1	1	1	1	1	1	1	1
n/a	OG0013315	1	1	1	1	1	1	1	1	1
n/a	OG0013316	1	1	1	1	1	1	1	1	1
n/a	OG0013317	1	1	1	1	1	1	1	1	1
n/a	OG0013318	1	1	1	1	0	1	1	1	1
n/a	OG0013319	1	1	1	1	1	1	1	1	1
n/a	OG0013320	1	1	1	1	0	1	1	0	2
n/a	OG0013321	1	1	1	1	0	1	1	1	1
n/a	OG0013322	1	1	1	0	1	1	1	1	1
n/a	OG0013323	1	1	1	1	0	1	1	1	1
n/a	OG0013324	1	1	1	0	1	1	1	1	1
n/a	OG0013325	1	1	1	1	0	1	1	1	1
n/a	OG0013326	1	1	1	1	0	1	1	1	1
n/a	OG0013327	1	1	1	1	0	1	1	1	1
n/a	OG0013328	1	1	1	1	1	1	1	1	1
n/a	OG0013329	1	1	1	0	2	1	1	0	1
n/a	OG0013330	1	1	1	1	1	1	1	0	1
n/a	OG0013331	1	1	1	1	0	1	1	1	1
n/a	OG0013332	1	1	1	1	0	1	1	1	1
n/a	OG0013333	1	1	1	1	1	1	1	0	2
n/a	OG0013334	1	1	1	1	0	1	1	1	1
n/a	OG0013335	1	1	1	1	1	1	1	1	1
n/a	OG0013336	1	1	2	1	0	1	1	0	1
n/a	OG0013337	1	1	1	1	1	1	1	0	1
n/a	OG0013338	1	1	1	1	1	1	1	0	1
n/a	OG0013339	1	1	1	1	1	1	1	0	1
n/a	OG0013340	1	1	1	1	1	1	1	0	1
n/a	OG0013341	1	1	1	1	0	1	1	1	1
n/a	OG0013342	1	1	1	1	1	1	1	1	1
n/a	OG0013343	1	1	1	1	1	1	1	0	1
n/a	OG0013344	1	1	1	1	1	1	1	1	1
n/a	OG0013345	1	1	1	1	1	1	1	0	1
n/a	OG0013346	1	1	1	1	0	1	1	1	1
n/a	OG0013347	1	1	1	1	0	1	1	1	1
n/a	OG0013348	1	1	1	1	1	1	1	1	1
n/a	OG0013349	1	1	1	1	1	1	1	1	1
n/a	OG0013350	1	1	0	1	1	1	1	1	1
n/a	OG0013351	1	1	1	1	1	1	1	0	1
n/a	OG0013352	1	1	1	1	1	1	1	1	1
n/a	OG0013353	1	1	1	0	1	1	1	1	1
n/a	OG0013354	1	1	1	1	1	1	1	1	1
n/a	OG0013355	1	1	1	1	1	1	1	1	1
n/a	OG0013356	3	1	1	1	1	1	0	1	1
n/a	OG0013357	1	1	1	1	0	1	1	1	1
n/a	OG0013358	1	1	1	1	1	1	1	1	1
n/a	OG0013359	1	1	1	1	1	1	1	1	1
n/a	OG0013360	1	1	1	1	1	1	1	1	1
n/a	OG0013361	1	1	1	0	1	1	1	1	1
n/a	OG0013362	1	1	1	1	1	1	1	1	1
n/a	OG0013363	1	1	1	1	1	1	1	1	1
n/a	OG0013364	1	1	1	1	1	1	1	0	1
n/a	OG0013365	1	1	1	1	0	1	1	1	1
n/a	OG0013366	1	1	1	1	1	1	1	0	1
n/a	OG0013367	1	1	1	1	1	1	1	1	1
n/a	OG0013368	1	1	1	1	0	2	0	1	2
n/a	OG0013369	1	1	1	1	1	1	1	1	1
n/a	OG0013370	1	1	1	1	1	1	1	0	1
n/a	OG0013371	1	1	1	0	1	1	1	1	2
n/a	OG0013372	1	1	1	1	1	1	1	1	2
n/a	OG0013373	1	1	1	1	1	1	1	0	2
n/a	OG0013374	1	0	1	1	1	1	1	1	3
n/a	OG0013375	1	1	1	1	1	1	1	1	1
n/a	OG0013376	1	1	1	1	1	1	1	1	1
n/a	OG0013377	1	1	1	0	1	1	1	1	1
n/a	OG0013378	1	1	1	1	1	1	1	1	1
n/a	OG0013379	1	1	1	1	1	1	1	1	1
n/a	OG0013380	1	1	1	1	1	1	1	0	1
n/a	OG0013381	1	1	1	1	1	1	1	1	1
n/a	OG0013382	1	1	1	1	1	2	1	0	1
n/a	OG0013383	1	1	1	1	1	1	1	1	1
n/a	OG0013384	1	1	1	1	1	1	1	1	2
n/a	OG0013385	1	1	1	1	1	0	1	1	1
n/a	OG0013386	1	1	1	1	1	1	1	1	1
n/a	OG0013387	0	1	1	1	0	1	1	1	2
n/a	OG0013388	0	3	0	0	0	0	1	1	0
n/a	OG0013389	0	1	1	1	1	1	1	1	1
n/a	OG0013390	0	1	1	1	1	1	1	1	1
n/a	OG0013391	0	1	1	1	1	1	1	1	1
n/a	OG0013392	0	1	1	1	1	1	1	1	1
n/a	OG0013393	0	1	1	1	1	1	1	1	1
n/a	OG0013394	0	1	1	1	1	1	1	1	1
n/a	OG0013395	0	1	1	1	1	1	1	1	2
n/a	OG0013396	0	1	1	1	1	1	1	1	1
n/a	OG0013397	0	1	1	1	1	1	1	1	1
n/a	OG0013398	0	2	1	2	0	1	1	0	0
n/a	OG0013399	0	1	0	1	6	0	1	0	0
n/a	OG0013400	0	1	1	1	1	1	1	1	1
n/a	OG0013401	0	1	1	1	1	1	1	1	1
n/a	OG0013402	0	1	1	1	1	1	1	0	1
n/a	OG0013403	0	1	1	1	1	1	1	1	2
n/a	OG0013404	0	1	1	1	1	1	1	1	1
n/a	OG0013405	0	1	1	1	1	1	1	1	2
n/a	OG0013406	0	1	1	1	1	1	1	1	1
n/a	OG0013407	0	1	1	1	1	1	1	1	1
n/a	OG0013408	0	1	1	1	1	1	1	1	1
n/a	OG0013409	0	1	1	1	2	1	1	0	2
n/a	OG0013410	0	1	1	1	1	1	1	1	1
n/a	OG0013411	0	1	1	1	1	1	1	1	1
n/a	OG0013412	0	1	1	2	0	1	1	1	0
n/a	OG0013413	0	1	1	2	0	1	1	1	1
n/a	OG0013414	0	1	1	1	1	1	1	1	1
n/a	OG0013415	0	1	1	1	1	1	1	1	1
n/a	OG0013416	0	1	1	1	1	1	1	1	2
n/a	OG0013417	0	1	1	1	2	1	1	1	0
n/a	OG0013418	0	1	1	1	1	1	1	1	2
n/a	OG0013419	0	2	3	0	2	2	0	0	0
n/a	OG0013420	0	1	0	9	1	0	0	0	0
n/a	OG0013421	0	1	1	1	1	1	1	1	1
n/a	OG0013422	0	1	1	1	1	1	1	1	1
n/a	OG0013423	0	1	1	1	1	1	1	1	1
n/a	OG0013424	0	1	1	1	1	1	1	1	1
n/a	OG0013425	0	4	0	0	0	0	1	0	0
n/a	OG0013426	0	1	1	1	1	1	1	1	1
n/a	OG0013428	0	3	0	0	0	0	1	1	0
n/a	OG0013429	0	1	1	1	1	1	1	1	1
n/a	OG0013430	0	1	1	1	0	1	1	1	1
n/a	OG0013431	0	1	1	1	1	1	1	1	2
n/a	OG0013432	0	1	1	1	1	1	1	1	1
n/a	OG0013433	0	1	0	1	0	0	2	2	0
n/a	OG0013434	0	1	1	1	0	0	2	2	0
n/a	OG0013435	0	1	1	1	0	1	1	1	1
n/a	OG0013436	0	1	2	1	0	1	1	1	1
n/a	OG0013437	0	1	1	1	1	1	1	1	1
n/a	OG0013438	0	4	0	0	0	0	1	0	0
n/a	OG0013439	0	1	1	1	1	1	1	1	1
n/a	OG0013440	0	2	0	1	0	0	1	1	0
n/a	OG0013441	0	1	1	1	1	1	1	1	2
n/a	OG0013442	0	1	1	1	1	1	1	1	1
n/a	OG0013443	0	1	1	1	1	1	1	1	1
n/a	OG0013444	0	1	1	1	1	1	1	1	2
n/a	OG0013445	0	2	0	1	0	3	1	0	0
n/a	OG0013446	0	1	0	2	0	4	1	1	0
n/a	OG0013447	0	1	1	1	0	1	1	1	2
n/a	OG0013448	0	1	1	1	1	1	1	1	2
n/a	OG0013449	0	1	1	1	0	1	1	2	1
n/a	OG0013450	0	3	0	0	1	0	0	0	0
n/a	OG0013451	0	1	1	1	1	1	1	1	2
n/a	OG0013452	0	1	1	1	1	1	1	1	1
n/a	OG0013453	0	1	1	1	1	1	1	1	1
n/a	OG0013454	0	1	1	1	1	1	1	1	1
n/a	OG0013455	0	1	0	1	1	2	1	1	1
n/a	OG0013456	0	1	1	1	1	1	1	1	1
n/a	OG0013457	0	1	1	1	1	1	1	1	1
n/a	OG0013458	0	1	2	1	1	1	1	0	1
n/a	OG0013459	0	0	0	2	0	0	2	2	0
n/a	OG0013460	0	1	1	1	1	1	1	1	1
n/a	OG0013461	0	1	1	1	1	1	1	1	1
n/a	OG0013462	0	1	1	1	1	1	1	0	2
n/a	OG0013463	0	1	1	1	0	2	1	1	1
n/a	OG0013464	0	1	1	1	1	1	1	1	1
n/a	OG0013465	0	3	2	1	0	0	0	0	0
n/a	OG0013466	0	2	1	0	1	3	0	0	0
n/a	OG0013467	0	3	0	0	2	0	1	0	0
n/a	OG0013468	0	1	1	1	0	1	1	1	1
n/a	OG0013469	0	1	1	1	1	1	1	1	1
n/a	OG0013470	0	1	1	1	0	2	1	1	2
n/a	OG0013471	0	1	1	1	1	1	1	1	1
n/a	OG0013472	0	1	1	1	1	1	1	1	1
n/a	OG0013473	0	1	1	1	2	0	1	2	0
n/a	OG0013474	0	1	1	1	0	1	1	1	2
n/a	OG0013475	0	1	1	1	1	1	1	1	1
n/a	OG0013476	0	2	1	2	1	1	1	0	0
n/a	OG0013477	0	1	1	1	1	1	1	1	1
n/a	OG0013478	0	2	1	1	1	1	0	2	0
n/a	OG0013479	0	1	1	2	1	1	0	2	0
n/a	OG0013480	0	2	0	1	1	0	1	1	0
n/a	OG0013481	0	1	1	1	1	1	1	1	1
n/a	OG0013482	0	1	1	1	1	1	1	1	1
n/a	OG0013483	0	1	1	1	1	1	1	1	1
n/a	OG0013484	0	1	1	1	1	1	1	1	1
n/a	OG0013485	0	1	1	3	0	0	1	1	0
n/a	OG0013486	0	1	1	1	0	1	1	1	2
n/a	OG0013487	0	1	1	1	1	1	1	1	1
n/a	OG0013488	0	1	1	1	1	1	1	1	1
n/a	OG0013489	0	1	1	1	1	1	1	1	1
n/a	OG0013490	0	1	1	1	1	1	1	1	2
n/a	OG0013491	0	1	1	1	1	1	1	1	1
n/a	OG0013492	0	1	1	1	1	1	1	1	1
n/a	OG0013493	0	1	1	1	1	2	1	0	1
n/a	OG0013494	0	1	1	1	1	1	1	1	1
n/a	OG0013495	0	1	1	1	1	1	1	1	1
n/a	OG0013496	0	1	1	1	1	1	1	1	2
n/a	OG0013497	0	1	1	1	1	1	1	1	1
n/a	OG0013498	0	1	1	1	1	1	1	1	1
n/a	OG0013499	0	1	1	1	2	1	1	1	0
n/a	OG0013500	0	1	1	1	1	1	1	1	1
n/a	OG0013501	0	1	1	0	1	1	1	1	2
n/a	OG0013502	0	1	1	1	1	1	1	1	1
n/a	OG0013503	0	1	1	1	1	1	1	1	1
n/a	OG0013504	0	1	1	1	1	1	1	1	1
n/a	OG0013505	0	1	1	1	1	1	1	1	2
n/a	OG0013506	0	1	1	1	1	1	1	1	1
n/a	OG0013507	0	1	1	0	1	1	0	2	2
n/a	OG0013508	0	1	1	1	1	1	1	1	2
n/a	OG0013509	0	1	2	0	1	1	1	1	1
n/a	OG0013510	0	3	1	1	0	0	0	0	0
n/a	OG0013511	0	1	1	1	1	1	1	1	1
n/a	OG0013512	0	1	1	1	1	1	1	1	2
n/a	OG0013513	0	1	1	1	1	1	1	1	2
n/a	OG0013514	0	1	1	1	1	2	1	0	1
n/a	OG0013515	0	1	1	1	1	1	1	1	1
n/a	OG0013516	0	1	1	1	1	1	1	1	1
n/a	OG0013517	0	1	1	1	1	1	1	1	1
n/a	OG0013518	0	1	1	1	1	1	1	1	1
n/a	OG0013519	0	1	1	1	0	1	1	1	2
n/a	OG0013520	0	1	1	1	2	1	1	1	1
n/a	OG0013521	0	1	1	1	1	1	1	1	1
n/a	OG0013522	0	1	1	1	1	1	1	1	1
n/a	OG0013523	0	2	1	2	0	0	1	0	0
n/a	OG0013524	0	1	1	1	0	1	1	1	2
n/a	OG0013525	0	2	1	2	0	0	1	1	0
n/a	OG0013526	0	1	2	1	1	1	1	0	0
n/a	OG0013527	0	1	1	1	1	2	1	0	1
n/a	OG0013528	0	1	1	1	1	1	1	1	1
n/a	OG0013529	0	1	1	1	1	1	1	1	1
n/a	OG0013530	0	1	1	1	1	1	1	1	1
n/a	OG0013531	0	1	1	1	1	1	1	1	2
n/a	OG0013532	0	1	1	1	1	1	1	1	1
n/a	OG0013533	0	1	1	1	1	1	1	1	1
n/a	OG0013534	0	1	1	1	0	1	1	1	3
n/a	OG0013535	0	1	1	1	1	1	1	0	2
n/a	OG0013536	0	1	1	1	1	1	1	1	1
n/a	OG0013537	0	1	1	1	1	1	1	0	2
n/a	OG0013538	0	1	1	1	1	1	1	1	1
n/a	OG0013539	0	1	1	1	0	1	1	1	2
n/a	OG0013540	0	1	1	1	1	1	1	1	0
n/a	OG0013541	0	1	1	1	1	1	1	1	1
n/a	OG0013542	0	1	1	1	1	1	1	1	1
n/a	OG0013543	0	1	1	1	1	1	1	1	1
n/a	OG0013544	0	1	1	1	1	1	1	1	1
n/a	OG0013545	0	0	1	2	3	0	1	1	0
n/a	OG0013546	0	1	1	1	1	1	1	1	1
n/a	OG0013547	0	1	1	1	1	1	1	1	1
n/a	OG0013548	0	1	1	1	2	2	1	0	1
n/a	OG0013549	0	2	0	1	1	0	1	1	0
n/a	OG0013550	0	1	1	1	1	1	1	1	1
n/a	OG0013551	0	1	1	1	1	1	1	0	2
n/a	OG0013552	0	1	1	1	1	1	1	1	1
n/a	OG0013553	0	1	1	1	1	1	1	1	1
n/a	OG0013554	0	1	1	1	0	1	1	1	2
n/a	OG0013555	0	1	1	1	1	1	1	0	3
n/a	OG0013556	0	1	1	4	0	0	2	0	0
n/a	OG0013557	0	1	1	1	1	2	1	0	1
n/a	OG0013558	0	1	1	1	1	1	1	1	1
n/a	OG0013559	0	1	1	1	0	3	1	1	0
n/a	OG0013560	0	1	1	1	1	1	1	1	1
n/a	OG0013561	0	1	1	1	1	1	1	1	1
n/a	OG0013562	0	1	1	1	1	1	1	0	3
n/a	OG0013563	0	1	2	2	0	1	1	1	1
n/a	OG0013564	0	1	1	1	1	1	1	1	1
n/a	OG0013565	0	1	1	1	0	1	1	0	3
n/a	OG0013566	0	1	1	0	1	1	1	1	2
n/a	OG0013567	0	2	2	0	0	0	2	0	0
n/a	OG0013568	0	1	1	1	1	1	1	1	1
n/a	OG0013569	0	2	0	1	0	0	2	0	0
n/a	OG0013570	0	1	1	1	1	1	1	1	1
n/a	OG0013571	0	1	1	1	1	1	1	1	2
n/a	OG0013572	0	3	0	0	0	0	2	0	0
n/a	OG0013573	0	1	1	1	1	1	1	1	1
n/a	OG0013574	0	1	1	1	1	1	1	1	1
n/a	OG0013575	0	1	1	1	1	1	1	1	1
n/a	OG0013576	0	1	0	1	1	1	1	1	2
n/a	OG0013577	0	1	1	1	1	1	1	1	2
n/a	OG0013578	0	1	1	0	1	1	1	1	2
n/a	OG0013579	0	1	1	1	0	2	1	1	1
n/a	OG0013580	0	1	1	1	1	1	1	1	1
n/a	OG0013581	0	1	0	0	0	0	3	1	0
n/a	OG0013582	0	1	1	0	1	1	2	1	1
n/a	OG0013583	0	1	1	1	1	1	1	1	1
n/a	OG0013584	0	1	1	1	1	1	1	1	1
n/a	OG0013585	0	1	1	1	1	1	1	1	1
n/a	OG0013586	0	1	1	1	2	1	1	1	1
n/a	OG0013587	0	1	1	1	1	1	1	1	1
n/a	OG0013588	0	1	1	1	1	1	1	1	1
n/a	OG0013589	0	1	1	1	1	1	1	1	1
n/a	OG0013590	0	1	1	1	1	1	1	1	1
n/a	OG0013591	0	1	1	1	1	1	1	1	1
n/a	OG0013592	0	1	1	1	1	1	1	1	1
n/a	OG0013593	0	1	1	1	1	1	1	1	1
n/a	OG0013594	0	1	1	0	1	1	1	1	2
n/a	OG0013595	0	1	1	1	1	1	1	1	1
n/a	OG0013596	0	1	1	1	1	1	1	1	1
n/a	OG0013597	0	1	1	1	1	1	1	1	1
n/a	OG0013598	0	1	1	1	3	1	1	0	1
n/a	OG0013599	0	1	1	1	1	1	1	1	1
n/a	OG0013600	0	1	1	1	1	1	1	1	1
n/a	OG0013601	0	1	1	1	1	1	1	1	1
n/a	OG0013602	0	1	1	1	1	1	1	1	1
n/a	OG0013603	0	1	1	1	1	1	1	1	1
n/a	OG0013604	0	1	1	1	1	1	1	1	1
n/a	OG0013605	0	1	1	1	1	1	1	1	1
n/a	OG0013606	0	1	1	1	1	1	1	1	1
n/a	OG0013607	0	1	3	2	1	0	1	1	0
n/a	OG0013608	0	1	1	1	1	1	1	1	2
n/a	OG0013609	0	0	1	1	1	1	1	2	1
n/a	OG0013610	0	1	1	1	2	1	1	0	2
n/a	OG0013611	0	3	0	1	0	0	1	0	0
n/a	OG0013612	0	1	1	1	0	1	1	1	2
n/a	OG0013613	0	1	1	1	1	1	1	1	2
n/a	OG0013614	0	1	1	1	1	1	1	1	1
n/a	OG0013615	0	1	1	1	1	1	1	1	1
n/a	OG0013616	0	1	1	1	1	1	1	1	1
n/a	OG0013617	0	1	1	1	1	1	1	1	1
n/a	OG0013618	0	2	0	0	0	0	1	2	0
n/a	OG0013619	0	1	1	1	1	1	1	1	1
n/a	OG0013620	0	1	1	1	1	1	1	1	1
n/a	OG0013621	0	1	1	1	1	1	1	1	1
n/a	OG0013622	0	1	1	1	0	2	1	1	1
n/a	OG0013623	0	1	1	1	1	1	1	1	1
n/a	OG0013624	0	1	0	4	0	0	2	0	0
n/a	OG0013625	0	1	1	1	1	1	1	1	1
n/a	OG0013626	0	1	1	1	1	1	1	1	1
n/a	OG0013627	0	1	1	1	1	1	1	1	1
n/a	OG0013628	0	0	1	1	2	0	2	2	0
n/a	OG0013629	0	1	2	1	1	1	1	1	2
n/a	OG0013630	0	1	2	1	0	1	1	1	1
n/a	OG0013631	0	1	1	1	1	2	1	0	1
n/a	OG0013632	0	1	1	1	1	1	1	1	1
n/a	OG0013633	0	1	1	1	1	1	1	1	1
n/a	OG0013634	0	3	0	0	0	0	1	1	0
n/a	OG0013635	0	1	1	1	1	1	1	1	1
n/a	OG0013636	0	1	1	1	0	1	1	1	2
n/a	OG0013637	0	1	1	1	1	1	1	1	1
n/a	OG0013638	0	1	1	1	1	1	1	1	1
n/a	OG0013639	0	1	1	1	1	1	1	0	2
n/a	OG0013640	0	1	2	1	1	1	1	1	1
n/a	OG0013641	0	1	1	1	1	1	1	1	1
n/a	OG0013642	0	1	1	1	1	1	1	1	1
n/a	OG0013643	0	1	1	1	1	1	1	1	1
n/a	OG0013644	0	1	1	1	1	1	1	1	1
n/a	OG0013645	0	1	1	1	1	1	1	1	1
n/a	OG0013646	0	1	1	1	1	1	1	1	1
n/a	OG0013647	0	1	1	1	1	1	1	1	1
n/a	OG0013648	0	1	1	1	1	1	1	1	1
n/a	OG0013649	0	1	0	1	1	1	1	1	2
n/a	OG0013650	0	1	1	1	1	1	1	0	2
n/a	OG0013651	0	1	1	1	1	1	1	1	1
n/a	OG0013652	0	1	2	1	1	1	1	1	0
n/a	OG0013653	0	1	1	1	1	1	1	1	1
n/a	OG0013654	0	1	1	1	1	1	1	1	1
n/a	OG0013655	0	1	1	1	1	1	1	1	1
n/a	OG0013656	0	1	1	1	1	1	1	1	1
n/a	OG0013657	0	1	0	1	1	2	1	1	2
n/a	OG0013658	0	1	1	1	1	1	1	1	1
n/a	OG0013659	0	1	1	1	1	1	1	1	2
n/a	OG0013660	0	1	1	1	1	1	1	1	1
n/a	OG0013661	0	1	1	1	1	1	1	1	1
n/a	OG0013662	0	1	1	1	1	1	1	1	1
n/a	OG0013663	0	1	1	1	1	1	1	1	1
n/a	OG0013664	0	1	1	1	1	1	1	1	1
n/a	OG0013665	0	1	1	1	1	1	1	1	1
n/a	OG0013666	0	1	1	1	1	1	1	1	1
n/a	OG0013667	0	1	1	1	1	1	1	1	2
n/a	OG0013668	0	1	1	1	1	1	1	1	1
n/a	OG0013669	0	1	1	1	1	1	1	1	1
n/a	OG0013670	0	1	1	1	1	1	1	1	1
n/a	OG0013671	0	1	1	1	1	1	1	1	1
n/a	OG0013672	0	1	1	1	1	1	1	1	1
n/a	OG0013673	0	2	0	1	0	0	1	1	1
n/a	OG0013674	0	1	1	1	1	1	1	1	1
n/a	OG0013675	0	1	1	1	1	1	1	1	1
n/a	OG0013676	0	0	0	0	0	0	0	1	9
n/a	OG0013677	0	1	1	1	1	1	1	1	1
n/a	OG0013678	0	1	1	1	0	3	1	0	1
n/a	OG0013679	0	1	1	1	1	1	1	1	1
n/a	OG0013680	0	1	1	1	0	1	1	1	2
n/a	OG0013681	0	1	1	1	1	1	1	1	1
n/a	OG0013682	0	1	1	1	1	1	1	1	1
n/a	OG0013683	0	1	1	1	1	1	1	1	1
n/a	OG0013684	0	1	1	1	1	1	1	1	1
n/a	OG0013685	0	1	1	1	1	1	1	1	1
n/a	OG0013686	0	1	1	1	1	1	1	1	1
n/a	OG0013687	0	1	1	1	1	1	1	1	1
n/a	OG0013688	0	1	1	1	1	1	1	1	1
n/a	OG0013689	0	1	1	1	1	1	1	1	1
n/a	OG0013690	0	1	1	1	1	1	1	1	1
n/a	OG0013691	0	1	1	1	1	1	1	1	2
n/a	OG0013692	0	1	1	1	1	1	1	1	1
n/a	OG0013693	0	1	1	1	1	0	2	1	0
n/a	OG0013694	0	1	1	1	1	1	1	1	1
n/a	OG0013695	0	1	1	1	1	1	1	1	1
n/a	OG0013696	0	1	1	1	1	1	1	1	1
n/a	OG0013697	0	1	0	0	0	1	3	0	1
n/a	OG0013698	0	1	0	0	0	1	1	2	0
n/a	OG0013699	0	1	1	1	1	1	1	1	1
n/a	OG0013700	0	1	1	1	1	1	1	1	1
n/a	OG0013701	0	1	1	1	0	1	1	1	1
n/a	OG0013702	0	1	1	1	1	1	1	1	1
n/a	OG0013703	0	1	1	1	1	1	1	1	2
n/a	OG0013704	0	1	1	1	1	1	1	1	1
n/a	OG0013705	0	1	1	1	1	1	1	1	1
n/a	OG0013706	0	1	1	1	1	1	1	1	1
n/a	OG0013707	0	1	1	1	1	1	1	1	1
n/a	OG0013708	0	1	1	1	1	1	1	1	1
n/a	OG0013709	0	1	1	1	1	1	1	1	1
n/a	OG0013710	0	1	1	1	1	1	1	1	1
n/a	OG0013711	0	1	1	1	1	1	1	1	1
n/a	OG0013712	0	1	2	1	1	1	1	1	1
n/a	OG0013713	0	2	1	2	0	0	1	0	0
n/a	OG0013714	0	1	1	1	1	1	1	1	1
n/a	OG0013715	0	1	1	1	1	1	1	1	1
n/a	OG0013716	0	1	1	1	1	1	1	1	1
n/a	OG0013717	0	1	1	1	2	1	1	0	1
n/a	OG0013718	0	1	1	1	2	1	1	1	0
n/a	OG0013719	0	1	0	1	1	1	1	1	2
n/a	OG0013720	0	1	1	1	1	1	1	1	2
n/a	OG0013721	0	1	1	1	1	1	1	0	2
n/a	OG0013722	0	1	1	1	1	1	1	1	2
n/a	OG0013723	0	1	1	1	1	1	1	1	1
n/a	OG0013724	0	1	1	1	1	1	1	1	1
n/a	OG0013725	0	1	1	1	1	1	1	1	1
n/a	OG0013726	0	1	1	1	1	1	1	1	1
n/a	OG0013727	0	1	1	1	1	1	1	0	2
n/a	OG0013728	0	1	1	1	1	1	1	1	1
n/a	OG0013729	0	1	1	1	1	1	1	1	1
n/a	OG0013730	0	1	1	1	4	1	1	0	1
n/a	OG0013731	0	1	1	1	1	1	1	1	1
n/a	OG0013732	0	1	1	1	1	1	1	0	2
n/a	OG0013733	0	1	1	1	1	1	1	1	2
n/a	OG0013734	0	1	1	1	1	1	1	1	1
n/a	OG0013735	0	1	1	1	1	1	1	1	0
n/a	OG0013736	0	1	1	1	1	1	1	0	2
n/a	OG0013737	0	2	1	1	0	0	1	1	0
n/a	OG0013738	0	1	1	1	0	1	1	1	2
n/a	OG0013739	0	1	0	0	2	0	1	2	0
n/a	OG0013740	0	1	1	1	1	1	1	1	1
n/a	OG0013741	0	1	1	1	1	1	1	1	2
n/a	OG0013742	0	1	1	1	1	1	1	1	1
n/a	OG0013743	0	1	0	1	1	1	1	1	1
n/a	OG0013744	0	0	0	1	1	3	1	1	2
n/a	OG0013745	0	1	1	1	2	1	1	1	0
n/a	OG0013746	0	1	1	1	1	1	1	1	1
n/a	OG0013747	0	1	1	1	1	1	1	1	1
n/a	OG0013748	0	1	1	1	1	1	1	1	1
n/a	OG0013749	0	1	1	1	1	1	1	1	1
n/a	OG0013750	0	1	1	2	0	1	1	1	1
n/a	OG0013751	0	1	1	1	1	1	1	1	0
n/a	OG0013752	0	1	1	1	2	1	1	1	0
n/a	OG0013753	0	1	1	1	1	1	1	1	1
n/a	OG0013754	0	1	1	1	1	1	1	1	1
n/a	OG0013755	0	1	0	1	4	0	1	1	0
n/a	OG0013756	0	1	1	1	1	1	1	1	1
n/a	OG0013757	0	1	1	1	1	1	1	1	2
n/a	OG0013758	0	1	1	1	1	1	1	1	1
n/a	OG0013759	0	1	1	1	1	1	1	1	1
n/a	OG0013760	0	1	1	1	1	1	1	1	1
n/a	OG0013761	0	1	1	1	1	1	1	1	1
n/a	OG0013762	0	1	1	1	1	1	1	1	1
n/a	OG0013763	0	1	1	0	0	0	2	1	0
n/a	OG0013764	0	1	1	1	1	1	1	1	1
n/a	OG0013765	0	1	1	1	1	1	1	1	1
n/a	OG0013766	0	1	2	1	1	1	0	1	2
n/a	OG0013767	0	1	1	1	1	1	1	1	0
n/a	OG0013768	0	1	1	1	1	1	1	1	1
n/a	OG0013769	0	1	1	1	1	1	1	1	1
n/a	OG0013770	0	1	1	1	1	1	1	1	1
n/a	OG0013771	0	1	1	1	1	1	1	1	1
n/a	OG0013772	0	0	0	12	0	0	0	0	0
n/a	OG0013773	0	1	1	1	1	1	1	1	2
n/a	OG0013774	0	1	1	1	1	1	1	1	1
n/a	OG0013775	0	1	1	1	1	1	1	1	1
n/a	OG0013776	0	1	0	1	0	1	2	2	0
n/a	OG0013777	0	1	1	1	1	2	1	1	0
n/a	OG0013778	0	1	1	1	1	1	1	1	1
n/a	OG0013779	0	1	1	0	1	1	1	1	1
n/a	OG0013780	0	1	1	1	1	1	1	1	1
n/a	OG0013781	0	1	1	1	1	1	1	1	1
n/a	OG0013782	0	1	1	1	1	1	1	1	1
n/a	OG0013783	0	1	1	1	1	1	1	1	1
n/a	OG0013784	0	1	1	1	2	1	1	0	1
n/a	OG0013785	0	1	1	1	1	2	1	1	0
n/a	OG0013786	0	1	1	1	1	1	1	1	1
n/a	OG0013787	0	1	1	1	1	1	1	1	1
n/a	OG0013788	0	1	1	1	1	1	1	1	1
n/a	OG0013789	0	1	1	1	1	1	1	1	1
n/a	OG0013790	0	1	1	1	1	1	1	1	1
n/a	OG0013791	0	1	1	1	1	1	1	1	1
n/a	OG0013792	0	1	1	1	1	1	1	1	1
n/a	OG0013793	0	1	1	1	0	1	1	1	2
n/a	OG0013794	0	1	1	1	1	1	1	1	1
n/a	OG0013795	0	1	1	1	1	1	1	1	1
n/a	OG0013796	0	1	1	1	0	1	1	1	2
n/a	OG0013797	0	1	1	1	1	1	1	1	2
n/a	OG0013798	0	1	1	1	1	1	1	1	2
n/a	OG0013799	0	1	2	1	3	1	0	1	1
n/a	OG0013800	0	1	1	1	2	1	1	1	1
n/a	OG0013801	0	1	1	1	1	1	1	1	2
n/a	OG0013802	0	1	1	1	2	1	1	1	1
n/a	OG0013803	0	1	1	1	1	1	1	0	2
n/a	OG0013804	0	1	1	1	1	1	1	1	1
n/a	OG0013805	0	1	1	1	1	1	1	1	1
n/a	OG0013806	0	1	1	1	0	1	1	1	2
n/a	OG0013807	0	1	1	1	1	1	1	1	1
n/a	OG0013808	0	1	1	2	1	1	1	1	1
n/a	OG0013809	0	1	1	1	1	1	1	1	1
n/a	OG0013810	0	1	1	0	1	0	2	2	0
n/a	OG0013811	0	1	1	1	1	1	1	1	1
n/a	OG0013812	0	1	1	1	1	1	1	1	1
n/a	OG0013813	0	1	1	1	1	1	1	1	1
n/a	OG0013814	0	1	1	1	0	1	1	1	2
n/a	OG0013815	0	1	1	1	1	1	1	1	1
n/a	OG0013816	0	1	1	1	1	1	1	1	1
n/a	OG0013817	0	1	1	1	1	2	1	1	1
n/a	OG0013818	0	1	1	1	1	1	1	0	2
n/a	OG0013819	0	1	1	1	1	1	1	1	1
n/a	OG0013820	0	1	1	1	0	2	1	1	1
n/a	OG0013821	0	1	1	1	0	1	1	1	2
n/a	OG0013822	0	1	1	1	2	1	1	1	1
n/a	OG0013823	0	1	1	1	1	1	1	1	1
n/a	OG0013824	0	1	2	1	0	1	1	1	1
n/a	OG0013825	0	1	1	1	0	1	1	1	2
n/a	OG0013826	0	1	1	1	1	1	1	1	1
n/a	OG0013827	0	1	1	1	1	1	1	1	1
n/a	OG0013828	0	1	1	1	2	1	1	1	1
n/a	OG0013829	0	1	1	1	0	1	1	1	2
n/a	OG0013830	0	1	1	1	1	2	1	1	0
n/a	OG0013831	0	1	1	1	2	2	1	0	1
n/a	OG0013832	0	1	1	1	0	1	1	1	2
n/a	OG0013833	0	1	1	1	1	1	1	1	1
n/a	OG0013834	0	1	2	1	2	1	1	0	0
n/a	OG0013835	0	1	1	1	1	1	1	1	1
n/a	OG0013836	0	1	1	1	1	0	1	1	2
n/a	OG0013837	0	1	1	1	1	1	1	1	1
n/a	OG0013838	0	1	1	1	1	1	1	1	1
n/a	OG0013839	0	1	1	1	1	1	1	1	1
n/a	OG0013840	0	1	0	1	3	0	1	2	0
n/a	OG0013841	0	1	1	1	1	0	1	1	2
n/a	OG0013842	0	1	1	1	1	1	1	1	1
n/a	OG0013843	0	1	1	0	1	1	1	1	2
n/a	OG0013844	0	1	1	1	1	1	1	0	2
n/a	OG0013845	0	1	1	1	1	1	1	1	1
n/a	OG0013846	0	1	1	1	1	1	1	1	1
n/a	OG0013847	0	1	1	1	1	1	1	1	1
n/a	OG0013848	0	3	0	1	1	0	1	0	0
n/a	OG0013849	0	1	1	1	1	1	1	1	1
n/a	OG0013850	0	1	2	1	2	1	1	0	1
n/a	OG0013851	0	1	0	1	2	1	1	1	1
n/a	OG0013852	0	1	1	0	0	1	2	1	0
n/a	OG0013853	0	1	1	1	1	1	1	1	1
n/a	OG0013854	0	1	1	1	1	1	1	1	1
n/a	OG0013855	0	1	1	1	1	1	1	1	1
n/a	OG0013856	0	1	1	1	2	1	1	1	1
n/a	OG0013857	0	1	1	1	1	1	1	1	1
n/a	OG0013858	0	1	1	0	1	1	1	1	2
n/a	OG0013859	0	1	1	1	1	1	1	0	2
n/a	OG0013860	0	1	1	1	1	1	1	1	1
n/a	OG0013861	0	1	1	1	1	1	1	1	1
n/a	OG0013862	0	1	1	1	1	1	1	1	1
n/a	OG0013863	0	1	1	1	1	1	1	1	1
n/a	OG0013864	0	1	1	1	1	1	1	1	1
n/a	OG0013865	0	0	6	0	0	0	1	1	0
n/a	OG0013866	0	1	1	1	1	1	1	1	1
n/a	OG0013867	0	1	1	1	1	1	1	1	1
n/a	OG0013868	0	1	1	1	1	1	1	1	1
n/a	OG0013869	0	1	1	1	1	1	1	1	1
n/a	OG0013870	0	1	1	1	1	1	1	1	1
n/a	OG0013871	0	1	2	1	1	1	1	1	0
n/a	OG0013872	0	1	1	1	1	1	1	1	2
n/a	OG0013873	0	1	1	1	1	1	1	1	1
n/a	OG0013874	0	1	1	1	1	1	1	1	1
n/a	OG0013875	0	1	1	1	1	1	1	1	1
n/a	OG0013876	0	1	1	1	1	1	1	1	1
n/a	OG0013877	0	1	1	1	0	1	1	2	1
n/a	OG0013878	0	1	1	1	1	1	1	1	1
n/a	OG0013879	0	1	1	1	0	1	1	1	2
n/a	OG0013880	0	1	1	1	1	1	1	1	1
n/a	OG0013881	0	1	1	1	1	1	1	0	1
n/a	OG0013882	0	1	1	1	1	1	1	1	1
n/a	OG0013883	0	1	1	1	1	1	1	0	2
n/a	OG0013884	0	1	1	1	1	1	1	1	1
n/a	OG0013885	0	1	1	1	1	1	1	1	1
n/a	OG0013886	0	1	1	1	1	1	1	0	2
n/a	OG0013887	0	1	1	1	1	1	1	1	1
n/a	OG0013888	0	1	1	0	2	1	1	1	1
n/a	OG0013889	0	1	0	1	1	1	1	1	1
n/a	OG0013890	0	2	1	1	0	1	1	0	1
n/a	OG0013891	0	1	1	1	1	1	1	1	1
n/a	OG0013892	0	2	1	0	0	0	1	0	0
n/a	OG0013893	0	1	1	1	1	1	1	1	1
n/a	OG0013894	0	1	1	1	1	1	1	1	1
n/a	OG0013895	0	1	1	0	0	1	1	2	1
n/a	OG0013896	0	1	1	1	1	1	1	1	1
n/a	OG0013897	0	1	1	0	1	1	1	1	2
n/a	OG0013898	0	1	1	1	0	1	1	2	1
n/a	OG0013899	0	1	1	1	1	1	1	1	1
n/a	OG0013900	0	1	1	1	1	1	1	1	1
n/a	OG0013901	0	1	1	1	1	1	1	1	1
n/a	OG0013902	0	1	1	1	1	1	1	1	1
n/a	OG0013903	0	1	1	1	1	1	1	1	1
n/a	OG0013904	0	1	1	1	0	1	0	1	4
n/a	OG0013905	0	1	1	1	0	1	1	1	2
n/a	OG0013906	0	1	1	1	1	1	1	1	1
n/a	OG0013907	0	1	1	1	1	1	1	1	1
n/a	OG0013908	0	1	1	1	1	1	1	1	1
n/a	OG0013909	0	1	1	1	1	1	1	1	2
n/a	OG0013910	0	1	1	1	1	1	1	1	2
n/a	OG0013911	0	1	1	1	1	1	1	1	1
n/a	OG0013912	0	1	1	1	1	1	1	1	1
n/a	OG0013913	0	1	1	1	1	1	1	1	1
n/a	OG0013914	0	1	1	1	1	1	1	1	1
n/a	OG0013915	0	1	1	1	1	1	1	1	1
n/a	OG0013916	0	1	1	1	1	1	1	1	1
n/a	OG0013917	0	1	1	1	1	1	1	1	1
n/a	OG0013918	0	1	1	1	1	1	1	1	1
n/a	OG0013919	0	1	1	1	1	1	1	1	1
n/a	OG0013920	0	1	1	1	1	1	1	1	1
n/a	OG0013921	0	1	1	1	1	1	1	1	1
n/a	OG0013922	0	1	1	1	1	1	1	1	1
n/a	OG0013923	0	1	1	1	1	2	1	0	1
n/a	OG0013924	0	1	1	1	1	1	1	1	1
n/a	OG0013925	0	1	1	1	1	1	1	1	1
n/a	OG0013926	0	1	1	0	1	1	1	1	2
n/a	OG0013927	0	1	2	0	1	1	1	1	1
n/a	OG0013928	0	1	1	1	1	1	1	1	1
n/a	OG0013929	0	1	1	1	1	1	1	1	1
n/a	OG0013930	0	1	1	1	0	1	1	1	2
n/a	OG0013931	0	1	1	1	1	2	1	1	1
n/a	OG0013932	0	1	2	0	0	1	2	1	0
n/a	OG0013933	0	1	1	1	0	0	1	1	3
n/a	OG0013934	0	2	0	1	1	1	1	0	0
n/a	OG0013935	0	1	1	1	1	1	1	1	1
n/a	OG0013936	0	1	1	1	1	1	1	1	1
n/a	OG0013937	0	1	1	1	1	1	1	1	1
n/a	OG0013938	0	1	1	1	1	1	1	1	1
n/a	OG0013939	0	0	0	1	2	3	1	1	0
n/a	OG0013940	0	0	0	1	3	3	0	0	5
n/a	OG0013941	0	1	1	2	1	1	1	1	1
n/a	OG0013942	0	1	1	1	1	1	1	0	1
n/a	OG0013943	0	1	2	1	2	2	1	0	1
n/a	OG0013944	0	1	1	1	1	1	1	1	1
n/a	OG0013945	0	1	1	1	1	1	1	1	1
n/a	OG0013946	0	1	1	1	1	1	1	1	3
n/a	OG0013947	0	1	1	1	1	1	1	1	1
n/a	OG0013948	0	1	2	0	2	2	0	0	1
n/a	OG0013949	0	1	1	1	1	1	1	1	1
n/a	OG0013950	0	1	1	1	1	1	1	1	1
n/a	OG0013951	0	1	1	1	1	1	1	1	1
n/a	OG0013952	0	1	1	1	2	1	1	0	1
n/a	OG0013953	0	1	1	1	1	1	1	1	1
n/a	OG0013954	0	1	1	1	1	1	1	1	1
n/a	OG0013955	0	1	2	1	2	1	1	1	1
n/a	OG0013956	0	0	2	1	1	2	1	1	1
n/a	OG0013957	0	0	2	0	3	3	1	0	1
n/a	OG0013958	0	0	2	1	1	1	1	2	1
n/a	OG0013959	0	0	1	1	1	1	1	1	4
n/a	OG0013960	0	0	1	1	0	0	0	0	10
n/a	OG0013961	0	0	1	1	1	1	2	1	2
n/a	OG0013962	0	0	2	0	0	2	3	0	0
n/a	OG0013963	0	0	3	0	0	0	1	3	0
n/a	OG0013964	0	0	7	1	0	0	1	1	0
n/a	OG0013965	0	0	2	1	3	2	1	0	1
n/a	OG0013966	0	0	1	0	0	0	3	2	0
n/a	OG0013967	0	0	2	0	1	1	2	2	0
n/a	OG0013968	0	0	1	2	0	0	2	2	0
n/a	OG0013969	0	0	1	3	1	0	2	2	0
n/a	OG0013970	0	0	0	3	0	0	1	3	0
n/a	OG0013971	0	0	0	1	1	2	1	2	1
n/a	OG0013972	0	0	0	1	0	0	4	0	0
n/a	OG0013973	0	0	0	10	0	0	1	0	0
n/a	OG0013974	0	0	0	1	0	0	3	2	0
n/a	OG0013975	0	0	0	2	3	3	2	0	0
n/a	OG0013976	0	0	0	1	0	8	1	0	1
n/a	OG0013977	0	0	0	0	5	8	0	0	0
n/a	OG0013978	0	0	0	0	11	0	0	0	0
n/a	OG0013979	0	0	0	0	4	1	1	2	1
n/a	OG0013980	0	0	0	0	10	1	0	0	1
n/a	OG0013981	0	0	0	0	5	2	1	1	1
n/a	OG0013982	0	0	0	0	2	1	1	2	3
n/a	OG0013985	0	0	0	0	0	12	0	0	1
n/a	OG0013987	0	0	0	0	0	0	1	5	0
n/a	OG0013989	0	0	0	0	0	0	1	4	0
n/a	OG0013991	0	0	0	0	0	0	2	3	0
n/a	OG0013994	1	1	4	0	2	0	0	0	1
n/a	OG0013995	0	1	1	1	1	1	1	1	1
n/a	OG0013996	0	0	3	5	0	0	0	2	0
n/a	OG0013997	0	0	0	0	9	3	0	0	0
n/a	OG0013998	1	1	1	1	0	1	1	1	1
n/a	OG0013999	3	1	1	1	1	1	1	0	1
n/a	OG0014000	1	1	1	1	1	1	1	1	1
n/a	OG0014001	4	1	0	1	1	1	0	0	0
n/a	OG0014002	1	1	1	1	1	1	1	0	1
n/a	OG0014003	0	1	1	1	1	2	1	0	1
n/a	OG0014004	0	0	1	1	1	1	1	1	3
n/a	OG0014005	1	0	1	1	1	1	1	1	2
n/a	OG0014006	0	1	1	1	1	1	1	0	2
n/a	OG0014007	4	1	1	1	0	1	1	0	0
n/a	OG0014008	0	1	1	1	1	1	1	1	0
n/a	OG0014009	1	1	1	1	3	0	0	1	0
n/a	OG0014010	2	0	1	1	1	1	1	1	1
n/a	OG0014011	2	1	1	1	1	0	1	0	1
n/a	OG0014012	0	1	3	3	0	0	1	0	0
n/a	OG0014013	0	1	1	1	0	1	1	1	2
n/a	OG0014014	1	1	1	1	1	1	0	1	1
n/a	OG0014015	1	1	1	1	1	1	1	0	1
n/a	OG0014016	1	1	1	1	1	0	1	1	0
n/a	OG0014017	1	1	1	1	1	1	1	0	1
n/a	OG0014018	1	1	1	1	1	1	1	0	1
n/a	OG0014019	1	1	1	1	1	1	1	0	1
n/a	OG0014020	2	1	1	0	0	2	1	0	0
n/a	OG0014021	1	1	1	0	1	3	0	0	3
n/a	OG0014022	1	1	2	1	1	1	0	0	1
n/a	OG0014023	2	1	2	1	0	1	0	1	0
n/a	OG0014024	1	0	1	1	1	1	1	1	1
n/a	OG0014025	2	1	1	1	1	1	1	0	1
n/a	OG0014026	1	0	1	1	1	1	1	1	2
n/a	OG0014027	1	0	1	1	1	1	1	1	1
n/a	OG0014028	1	1	1	1	1	1	1	1	0
n/a	OG0014029	2	1	1	1	1	1	1	0	1
n/a	OG0014030	1	1	1	1	1	1	1	0	0
n/a	OG0014031	1	1	1	1	1	1	1	1	0
n/a	OG0014032	1	1	1	1	1	1	1	1	1
n/a	OG0014033	1	1	1	1	1	1	0	1	1
n/a	OG0014034	1	0	1	1	1	1	1	1	1
n/a	OG0014035	1	1	0	1	1	1	1	1	0
n/a	OG0014036	1	1	1	0	1	0	1	1	0
n/a	OG0014037	1	0	1	1	1	1	1	1	2
n/a	OG0014038	1	1	1	1	1	1	1	1	1
n/a	OG0014039	4	0	2	1	0	0	1	1	0
n/a	OG0014040	1	1	1	1	1	1	1	0	1
n/a	OG0014041	1	1	1	1	1	1	1	1	1
n/a	OG0014042	1	0	2	0	2	1	1	0	2
n/a	OG0014043	2	1	1	1	0	1	0	1	2
n/a	OG0014044	2	1	1	1	1	1	0	0	2
n/a	OG0014045	1	1	1	0	1	1	0	1	2
n/a	OG0014046	1	1	1	1	0	1	1	1	1
n/a	OG0014047	1	1	1	1	1	1	1	1	0
n/a	OG0014048	1	1	1	1	1	1	1	0	0
n/a	OG0014049	1	1	1	1	1	1	1	0	1
n/a	OG0014050	1	1	1	1	1	1	1	0	1
n/a	OG0014051	1	1	1	1	0	1	1	1	1
n/a	OG0014052	1	1	1	1	1	1	0	0	4
n/a	OG0014053	1	0	1	1	1	1	1	0	2
n/a	OG0014054	1	1	1	1	1	1	0	1	1
n/a	OG0014055	1	1	1	1	1	1	1	0	1
n/a	OG0014056	1	1	1	1	0	1	1	0	1
n/a	OG0014057	1	1	1	1	1	1	1	0	1
n/a	OG0014058	1	0	1	1	1	1	1	1	1
n/a	OG0014059	1	1	1	1	1	1	1	0	1
n/a	OG0014060	1	1	1	1	1	1	1	1	1
n/a	OG0014061	1	1	1	1	0	1	1	1	1
n/a	OG0014062	1	1	1	1	1	1	1	1	1
n/a	OG0014063	1	1	1	1	1	1	1	0	1
n/a	OG0014064	2	0	1	1	1	1	1	1	1
n/a	OG0014065	1	1	1	1	1	1	0	1	1
n/a	OG0014066	1	1	1	1	1	1	1	0	1
n/a	OG0014067	1	1	1	1	1	1	1	0	1
n/a	OG0014068	1	1	1	1	1	1	1	0	1
n/a	OG0014069	1	1	1	1	0	1	1	0	1
n/a	OG0014070	1	0	1	1	2	1	1	1	1
n/a	OG0014071	1	0	1	2	1	1	1	2	1
n/a	OG0014072	2	0	0	0	1	1	0	0	8
n/a	OG0014073	2	1	1	0	1	1	0	1	1
n/a	OG0014074	1	1	1	0	1	1	1	1	1
n/a	OG0014075	1	1	1	1	1	1	1	0	1
n/a	OG0014076	1	1	1	1	1	1	1	0	1
n/a	OG0014077	1	1	1	1	1	1	1	0	2
n/a	OG0014078	2	0	1	0	1	1	1	1	2
n/a	OG0014079	1	0	1	1	0	1	1	1	2
n/a	OG0014080	7	1	0	0	0	1	0	0	1
n/a	OG0014081	2	1	1	1	0	1	1	0	1
n/a	OG0014082	1	1	1	1	1	0	0	1	2
n/a	OG0014083	1	1	1	1	1	1	1	0	1
n/a	OG0014084	1	1	1	1	1	1	1	0	1
n/a	OG0014085	1	1	1	0	1	1	1	1	0
n/a	OG0014086	2	0	1	1	1	1	1	0	1
n/a	OG0014087	1	1	1	1	1	1	0	0	2
n/a	OG0014088	1	1	1	1	1	1	0	1	1
n/a	OG0014089	1	1	0	0	0	1	1	1	1
n/a	OG0014090	1	1	1	1	0	1	1	1	0
n/a	OG0014091	1	1	1	0	1	1	1	0	1
n/a	OG0014092	1	1	1	1	1	1	1	0	1
n/a	OG0014093	1	1	1	1	1	1	1	0	1
n/a	OG0014094	1	1	1	0	1	2	1	0	2
n/a	OG0014095	1	1	2	1	0	1	1	1	1
n/a	OG0014096	1	1	1	1	0	1	1	1	1
n/a	OG0014097	1	1	1	1	1	1	1	0	1
n/a	OG0014098	1	0	1	1	1	1	1	1	1
n/a	OG0014099	1	1	1	1	0	1	1	0	1
n/a	OG0014100	1	1	1	0	0	1	1	1	2
n/a	OG0014101	1	1	1	0	1	1	1	1	1
n/a	OG0014102	1	1	1	1	0	1	1	1	0
n/a	OG0014103	1	1	1	1	0	2	0	1	1
n/a	OG0014104	1	1	1	1	1	1	0	1	1
n/a	OG0014105	1	1	1	1	1	1	1	0	1
n/a	OG0014106	1	1	1	0	1	1	1	1	1
n/a	OG0014107	1	1	1	0	1	1	1	0	1
n/a	OG0014108	1	1	1	1	0	1	1	1	1
n/a	OG0014109	1	1	1	1	1	1	0	1	1
n/a	OG0014110	1	1	1	1	0	1	1	1	1
n/a	OG0014111	1	1	1	1	0	1	1	1	1
n/a	OG0014112	1	1	1	1	1	1	0	1	1
n/a	OG0014113	1	1	1	1	1	1	1	1	1
n/a	OG0014114	2	1	1	1	1	1	0	1	1
n/a	OG0014115	1	1	1	1	1	1	1	0	1
n/a	OG0014116	1	1	1	0	1	1	1	1	1
n/a	OG0014117	1	1	1	0	1	1	0	1	1
n/a	OG0014118	1	1	1	1	1	1	1	0	1
n/a	OG0014119	2	1	0	1	2	0	1	0	0
n/a	OG0014120	2	1	1	1	1	1	1	0	1
n/a	OG0014121	1	1	1	0	1	1	1	0	1
n/a	OG0014123	3	1	1	1	0	1	1	0	1
n/a	OG0014124	2	1	1	1	1	1	0	0	1
n/a	OG0014125	1	1	1	1	1	1	1	0	1
n/a	OG0014126	1	1	1	1	1	1	1	1	1
n/a	OG0014127	1	1	1	0	0	1	1	1	1
n/a	OG0014128	1	1	1	1	0	1	1	1	1
n/a	OG0014129	1	0	1	1	1	1	1	1	1
n/a	OG0014130	1	1	1	1	1	1	1	0	1
n/a	OG0014131	1	1	1	1	1	1	0	1	1
n/a	OG0014132	2	1	1	1	0	1	0	1	1
n/a	OG0014133	1	1	2	1	1	1	0	0	2
n/a	OG0014134	1	1	1	1	1	1	0	1	1
n/a	OG0014135	1	1	1	1	0	1	1	1	1
n/a	OG0014137	1	1	2	0	1	3	1	0	1
n/a	OG0014138	11	0	0	0	0	0	0	0	0
n/a	OG0014139	1	0	1	1	1	1	1	1	2
n/a	OG0014140	2	0	1	1	1	1	1	1	1
n/a	OG0014141	1	1	1	1	1	1	1	1	1
n/a	OG0014142	1	0	1	1	1	1	1	1	1
n/a	OG0014143	1	1	1	1	1	1	0	0	2
n/a	OG0014144	2	1	1	0	1	1	0	0	2
n/a	OG0014145	1	1	1	1	1	1	0	1	1
n/a	OG0014146	1	1	1	1	1	1	1	0	1
n/a	OG0014147	1	1	1	1	1	0	1	1	0
n/a	OG0014148	1	1	1	1	1	1	0	1	1
n/a	OG0014149	1	1	1	0	0	1	1	0	2
n/a	OG0014150	1	1	1	1	1	1	0	1	1
n/a	OG0014151	1	1	1	0	1	1	0	1	2
n/a	OG0014152	1	1	1	1	0	1	1	1	1
n/a	OG0014153	8	0	0	1	1	0	1	0	0
n/a	OG0014154	1	1	1	1	1	1	1	0	1
n/a	OG0014155	1	1	1	1	0	1	1	1	0
n/a	OG0014156	1	1	1	1	0	1	1	1	1
n/a	OG0014157	1	0	1	1	0	1	1	1	2
n/a	OG0014159	1	1	1	1	1	1	1	1	0
n/a	OG0014160	1	1	1	0	1	1	1	0	2
n/a	OG0014161	1	1	1	1	1	1	1	0	1
n/a	OG0014162	1	1	1	0	1	1	1	1	1
n/a	OG0014163	1	1	1	1	0	1	1	1	1
n/a	OG0014164	1	1	1	1	1	1	1	0	1
n/a	OG0014165	3	1	1	1	1	1	0	1	0
n/a	OG0014166	2	1	1	1	0	1	1	0	1
n/a	OG0014167	1	1	1	1	1	1	1	0	1
n/a	OG0014168	1	0	1	1	1	1	1	1	2
n/a	OG0014169	1	1	1	1	0	1	1	0	1
n/a	OG0014170	1	1	1	1	0	1	1	1	1
n/a	OG0014171	3	0	1	1	1	1	1	1	1
n/a	OG0014172	1	1	1	1	0	1	1	1	1
n/a	OG0014173	1	1	1	1	1	1	0	1	1
n/a	OG0014174	3	0	1	1	1	1	1	1	0
n/a	OG0014175	1	0	1	1	2	1	1	1	1
n/a	OG0014176	1	1	1	0	0	1	1	1	1
n/a	OG0014177	2	1	1	1	1	1	0	0	1
n/a	OG0014179	1	1	1	1	1	1	0	1	1
n/a	OG0014180	1	0	1	1	1	1	1	1	1
n/a	OG0014181	1	1	1	1	1	1	0	1	1
n/a	OG0014182	1	1	1	0	1	1	1	0	1
n/a	OG0014184	1	0	1	1	1	1	1	1	2
n/a	OG0014185	2	0	1	1	1	2	0	1	1
n/a	OG0014186	1	1	1	1	0	1	1	1	1
n/a	OG0014187	1	1	1	1	1	1	1	0	1
n/a	OG0014188	1	1	1	0	1	1	1	1	1
n/a	OG0014189	1	1	1	0	1	1	1	1	1
n/a	OG0014190	2	0	1	1	1	1	1	1	1
n/a	OG0014192	1	1	1	1	0	1	1	1	1
n/a	OG0014193	1	0	1	1	1	1	1	1	1
n/a	OG0014194	1	1	1	1	1	1	1	0	1
n/a	OG0014195	1	1	1	0	0	1	1	0	2
n/a	OG0014196	1	1	1	1	1	1	1	0	1
n/a	OG0014198	1	1	1	1	1	2	0	0	1
n/a	OG0014199	1	1	1	1	1	1	1	1	1
n/a	OG0014200	2	1	1	0	1	1	0	1	1
n/a	OG0014201	1	1	1	0	1	1	1	1	0
n/a	OG0014202	1	1	1	0	1	1	1	1	1
n/a	OG0014203	1	1	1	1	1	1	0	1	1
n/a	OG0014204	1	1	1	1	1	1	1	0	1
n/a	OG0014205	1	1	1	1	1	1	1	0	1
n/a	OG0014206	1	1	1	1	1	1	1	1	1
n/a	OG0014207	1	1	1	1	0	1	1	0	2
n/a	OG0014209	2	0	1	1	1	1	1	1	1
n/a	OG0014210	1	0	1	1	2	1	1	1	1
n/a	OG0014211	1	1	1	0	1	1	1	1	1
n/a	OG0014212	1	1	1	1	1	1	1	0	1
n/a	OG0014213	1	1	1	2	0	1	1	0	0
n/a	OG0014214	1	1	1	0	1	1	1	0	1
n/a	OG0014215	1	1	1	0	1	1	1	0	2
n/a	OG0014216	1	1	1	1	0	1	1	0	1
n/a	OG0014217	2	0	1	1	1	1	1	1	1
n/a	OG0014218	1	1	1	1	1	1	0	0	3
n/a	OG0014219	1	0	1	1	1	1	1	1	1
n/a	OG0014220	1	1	1	1	1	1	1	1	0
n/a	OG0014221	1	1	1	1	1	1	1	1	1
n/a	OG0014222	1	1	1	1	0	1	1	1	1
n/a	OG0014223	1	1	1	1	0	1	1	1	1
n/a	OG0014224	2	1	1	1	1	1	0	1	1
n/a	OG0014225	1	1	1	1	0	1	1	1	1
n/a	OG0014226	1	1	1	1	0	1	1	0	1
n/a	OG0014227	1	1	1	1	1	1	1	0	1
n/a	OG0014228	1	1	1	1	1	1	1	0	1
n/a	OG0014229	1	1	1	2	1	1	0	1	1
n/a	OG0014230	1	0	1	1	1	1	1	1	1
n/a	OG0014231	1	1	1	1	0	1	0	1	2
n/a	OG0014232	1	1	1	1	1	1	0	1	1
n/a	OG0014233	1	1	1	1	0	1	1	1	0
n/a	OG0014234	1	1	1	1	1	1	0	1	1
n/a	OG0014235	1	1	1	1	1	1	1	0	1
n/a	OG0014236	1	1	1	1	1	1	1	0	1
n/a	OG0014237	1	0	1	1	1	1	1	1	1
n/a	OG0014238	1	1	1	1	1	1	1	0	1
n/a	OG0014239	1	0	1	1	1	1	1	1	2
n/a	OG0014240	1	0	1	1	1	1	1	1	2
n/a	OG0014241	1	1	1	1	0	1	1	1	1
n/a	OG0014242	1	1	1	1	1	1	1	1	1
n/a	OG0014243	1	1	1	1	0	1	1	0	1
n/a	OG0014244	1	1	1	1	0	1	1	1	1
n/a	OG0014245	1	1	1	0	1	1	1	1	1
n/a	OG0014246	2	0	1	1	1	1	1	1	1
n/a	OG0014247	1	1	1	1	0	1	1	1	1
n/a	OG0014248	1	1	1	1	1	1	0	1	1
n/a	OG0014249	1	1	1	1	1	1	0	1	1
n/a	OG0014250	1	1	1	1	1	1	1	0	1
n/a	OG0014251	1	1	1	1	1	0	1	1	1
n/a	OG0014252	1	1	1	1	1	1	1	1	1
n/a	OG0014253	1	1	1	1	1	1	0	1	1
n/a	OG0014254	1	1	1	1	1	1	1	1	1
n/a	OG0014255	1	1	1	1	1	1	1	0	1
n/a	OG0014256	1	1	1	1	1	1	1	0	1
n/a	OG0014257	2	1	1	1	0	1	1	0	1
n/a	OG0014258	1	1	1	1	1	1	0	1	1
n/a	OG0014259	1	1	1	1	1	1	0	1	1
n/a	OG0014260	1	1	1	0	1	2	1	1	0
n/a	OG0014261	2	1	1	1	1	1	1	0	1
n/a	OG0014262	2	0	1	1	1	1	1	1	1
n/a	OG0014263	1	1	1	0	0	1	1	1	2
n/a	OG0014264	1	1	1	1	0	1	1	0	1
n/a	OG0014265	1	1	1	1	1	1	1	1	1
n/a	OG0014266	1	1	1	1	1	1	1	0	1
n/a	OG0014267	1	1	1	1	0	1	1	1	1
n/a	OG0014268	1	1	1	1	1	1	0	1	1
n/a	OG0014269	1	1	1	0	1	1	1	1	1
n/a	OG0014270	1	1	1	1	1	0	1	1	0
n/a	OG0014271	2	0	1	1	1	1	1	1	1
n/a	OG0014272	1	1	1	1	1	1	0	1	1
n/a	OG0014273	1	1	1	1	1	2	0	1	1
n/a	OG0014274	1	1	1	0	1	1	1	1	1
n/a	OG0014275	1	0	1	1	1	1	1	1	1
n/a	OG0014276	1	0	1	1	0	1	1	1	2
n/a	OG0014277	1	1	1	1	1	1	1	1	0
n/a	OG0014278	2	0	3	0	0	0	2	0	0
n/a	OG0014279	1	1	1	0	1	1	1	1	1
n/a	OG0014280	1	1	1	1	1	1	0	1	1
n/a	OG0014281	1	0	2	1	2	1	1	0	1
n/a	OG0014282	1	1	1	1	1	1	1	0	1
n/a	OG0014283	1	1	1	0	1	2	1	1	1
n/a	OG0014284	1	0	1	1	1	1	1	1	1
n/a	OG0014285	1	0	1	1	0	1	1	1	1
n/a	OG0014286	1	1	1	1	1	1	1	0	1
n/a	OG0014287	1	1	1	1	1	1	0	1	1
n/a	OG0014288	1	1	2	1	0	1	1	0	1
n/a	OG0014289	1	1	1	1	1	1	1	1	1
n/a	OG0014290	1	1	1	1	1	1	0	0	2
n/a	OG0014291	1	0	1	1	1	2	1	1	0
n/a	OG0014292	1	1	1	0	1	1	1	1	1
n/a	OG0014293	1	1	1	2	1	1	0	1	1
n/a	OG0014294	1	1	1	1	1	1	1	0	1
n/a	OG0014295	1	1	1	1	1	1	1	0	1
n/a	OG0014296	1	1	1	1	1	1	1	0	1
n/a	OG0014297	1	1	1	1	0	1	1	1	1
n/a	OG0014298	1	1	1	1	1	1	1	0	1
n/a	OG0014299	1	0	1	1	1	1	1	1	1
n/a	OG0014300	2	0	1	1	1	1	1	1	1
n/a	OG0014301	1	1	1	1	0	1	1	1	0
n/a	OG0014302	1	1	1	1	0	1	1	0	2
n/a	OG0014303	2	1	1	1	1	1	1	0	1
n/a	OG0014304	1	1	1	1	0	1	1	1	1
n/a	OG0014305	1	1	1	1	1	1	1	0	1
n/a	OG0014306	1	0	1	1	1	1	1	1	1
n/a	OG0014307	1	1	1	1	0	1	1	1	1
n/a	OG0014308	1	1	1	1	0	1	1	1	1
n/a	OG0014309	1	1	1	1	1	0	1	1	0
n/a	OG0014310	1	1	1	1	1	1	1	0	1
n/a	OG0014311	1	1	1	1	1	1	1	0	1
n/a	OG0014312	1	1	1	1	0	1	1	1	1
n/a	OG0014313	1	1	1	1	1	1	1	0	1
n/a	OG0014314	1	1	1	1	0	0	1	1	1
n/a	OG0014315	1	1	1	1	1	1	0	1	1
n/a	OG0014316	1	1	1	1	0	1	1	0	1
n/a	OG0014317	1	0	1	1	1	1	1	1	1
n/a	OG0014318	1	1	1	1	0	1	1	1	1
n/a	OG0014319	1	1	1	1	1	1	1	0	1
n/a	OG0014320	1	1	1	1	1	1	1	0	1
n/a	OG0014321	1	1	1	1	1	1	0	0	2
n/a	OG0014322	2	0	1	1	1	1	1	0	1
n/a	OG0014323	1	1	1	1	1	1	0	1	1
n/a	OG0014324	1	1	1	1	0	1	1	1	1
n/a	OG0014325	1	1	1	1	1	1	1	0	1
n/a	OG0014326	2	1	1	1	1	1	0	1	1
n/a	OG0014327	1	1	1	1	1	1	0	1	1
n/a	OG0014328	1	1	1	1	1	1	1	1	1
n/a	OG0014329	1	1	1	0	1	1	1	1	1
n/a	OG0014330	2	1	0	1	1	1	1	0	1
n/a	OG0014331	2	1	1	0	0	0	1	1	1
n/a	OG0014332	1	1	1	1	0	1	1	1	1
n/a	OG0014333	1	1	1	1	0	2	1	0	1
n/a	OG0014334	1	1	1	1	1	1	1	0	1
n/a	OG0014335	1	1	1	1	0	1	1	1	1
n/a	OG0014336	1	1	1	1	1	1	1	1	1
n/a	OG0014337	1	1	1	1	1	1	1	1	1
n/a	OG0014338	1	0	1	1	1	1	1	1	1
n/a	OG0014339	2	1	1	1	1	1	0	0	1
n/a	OG0014340	1	1	1	1	0	1	1	0	1
n/a	OG0014341	1	1	1	1	1	1	0	1	1
n/a	OG0014342	3	0	0	1	1	1	1	1	1
n/a	OG0014343	2	0	1	1	1	1	1	1	1
n/a	OG0014344	1	1	1	1	0	1	1	1	1
n/a	OG0014345	1	1	1	1	1	1	1	1	1
n/a	OG0014346	1	1	1	1	0	1	1	1	1
n/a	OG0014347	1	1	1	1	1	1	1	1	1
n/a	OG0014348	1	1	1	1	0	1	1	1	1
n/a	OG0014349	1	0	1	1	0	1	1	1	2
n/a	OG0014350	1	1	1	1	0	1	1	0	1
n/a	OG0014351	1	0	1	1	1	1	1	1	1
n/a	OG0014352	1	1	1	1	1	1	0	1	1
n/a	OG0014353	1	0	1	1	1	1	1	1	1
n/a	OG0014354	1	0	2	1	1	1	1	1	1
n/a	OG0014355	1	1	1	1	1	1	1	0	1
n/a	OG0014356	1	0	3	1	1	1	1	0	2
n/a	OG0014357	1	1	0	0	1	1	1	1	1
n/a	OG0014358	1	1	3	1	0	1	0	1	1
n/a	OG0014359	1	1	1	1	1	1	0	1	1
n/a	OG0014360	1	1	1	0	1	1	0	1	2
n/a	OG0014361	1	1	1	1	1	1	1	0	1
n/a	OG0014362	1	1	1	1	1	1	1	0	1
n/a	OG0014363	1	1	1	1	0	1	1	1	1
n/a	OG0014364	1	1	1	1	1	1	0	1	1
n/a	OG0014365	1	0	1	1	1	1	1	1	1
n/a	OG0014366	1	1	1	1	0	1	1	1	1
n/a	OG0014367	1	1	1	1	1	1	1	0	1
n/a	OG0014368	1	1	1	1	1	1	1	1	1
n/a	OG0014369	1	1	1	1	0	1	1	1	1
n/a	OG0014370	1	1	1	1	1	1	1	0	1
n/a	OG0014371	1	1	1	1	1	1	1	1	1
n/a	OG0014372	1	1	0	1	1	1	1	1	0
n/a	OG0014373	1	1	1	1	1	1	0	1	1
n/a	OG0014374	2	0	1	1	1	1	1	1	1
n/a	OG0014375	3	3	0	1	0	0	0	0	0
n/a	OG0014376	1	3	1	0	0	0	0	0	0
n/a	OG0014377	2	1	1	1	1	1	0	1	1
n/a	OG0014378	1	0	1	1	2	1	1	1	1
n/a	OG0014379	1	1	1	1	1	1	1	1	1
n/a	OG0014380	1	1	1	1	1	1	1	0	1
n/a	OG0014381	1	1	1	1	0	1	1	1	1
n/a	OG0014382	1	0	1	1	1	1	1	1	1
n/a	OG0014383	1	1	1	1	0	1	0	1	1
n/a	OG0014384	1	0	1	0	1	1	1	1	1
n/a	OG0014385	1	1	1	1	0	1	1	1	1
n/a	OG0014386	1	1	1	1	0	1	1	0	1
n/a	OG0014387	1	1	1	1	0	1	1	1	1
n/a	OG0014388	1	1	1	1	0	1	0	1	2
n/a	OG0014389	1	1	1	1	1	1	1	0	1
n/a	OG0014390	1	1	1	1	1	1	1	1	0
n/a	OG0014391	1	1	1	0	1	1	1	1	1
n/a	OG0014392	1	1	1	1	1	1	1	0	1
n/a	OG0014393	1	1	1	1	1	1	1	0	1
n/a	OG0014394	1	1	1	0	1	1	1	1	1
n/a	OG0014395	1	1	1	1	1	1	1	0	1
n/a	OG0014396	1	1	1	1	0	1	1	1	1
n/a	OG0014397	1	1	1	1	1	1	0	1	1
n/a	OG0014398	1	1	1	1	1	1	1	0	1
n/a	OG0014399	1	1	1	1	1	1	1	0	1
n/a	OG0014400	1	1	1	1	1	1	1	0	1
n/a	OG0014401	2	1	1	1	1	1	1	0	0
n/a	OG0014402	1	1	2	1	1	1	0	0	1
n/a	OG0014403	1	1	1	1	1	1	0	1	1
n/a	OG0014404	1	1	1	0	1	1	1	1	0
n/a	OG0014405	1	1	1	1	1	1	0	1	1
n/a	OG0014406	1	1	1	1	1	1	1	0	1
n/a	OG0014407	1	1	1	1	0	1	1	0	1
n/a	OG0014408	1	1	1	1	0	1	1	1	1
n/a	OG0014409	1	1	1	0	1	1	1	1	0
n/a	OG0014410	1	1	1	1	1	1	1	0	1
n/a	OG0014411	1	0	1	1	1	1	1	1	2
n/a	OG0014412	1	1	1	1	0	1	1	1	1
n/a	OG0014413	1	1	1	1	0	1	1	1	0
n/a	OG0014414	1	1	1	1	0	1	1	1	1
n/a	OG0014415	1	1	1	1	0	1	1	0	2
n/a	OG0014416	1	1	1	1	1	1	1	0	1
n/a	OG0014417	1	1	1	1	1	1	1	0	1
n/a	OG0014418	1	1	1	1	1	1	1	1	1
n/a	OG0014419	1	1	1	1	1	1	0	1	1
n/a	OG0014420	1	1	1	1	1	1	1	0	1
n/a	OG0014421	1	1	1	1	1	1	0	1	1
n/a	OG0014422	1	1	1	1	1	0	1	1	1
n/a	OG0014423	1	1	1	1	1	1	1	1	0
n/a	OG0014424	2	1	1	0	0	0	1	0	2
n/a	OG0014425	1	1	1	1	1	1	0	1	1
n/a	OG0014426	1	1	1	1	1	1	1	1	1
n/a	OG0014427	1	1	1	1	1	1	0	1	1
n/a	OG0014428	1	0	1	1	1	1	1	1	2
n/a	OG0014429	1	1	1	1	1	1	1	0	1
n/a	OG0014430	1	1	1	1	1	1	1	0	1
n/a	OG0014431	2	1	0	0	1	1	1	0	2
n/a	OG0014432	1	1	1	1	1	1	1	1	1
n/a	OG0014433	1	1	1	1	0	1	1	1	1
n/a	OG0014434	1	1	1	1	1	1	1	0	0
n/a	OG0014435	1	2	1	0	0	1	1	0	0
n/a	OG0014436	1	1	1	1	0	1	1	1	1
n/a	OG0014437	1	1	1	0	1	1	1	0	1
n/a	OG0014438	1	0	1	1	1	1	1	1	1
n/a	OG0014439	1	0	1	1	1	2	1	1	1
n/a	OG0014440	1	1	1	1	0	1	1	1	1
n/a	OG0014441	1	1	1	0	1	1	1	0	1
n/a	OG0014442	1	1	1	1	1	1	1	0	1
n/a	OG0014443	1	1	1	1	0	1	1	1	0
n/a	OG0014444	1	1	1	1	1	2	0	1	1
n/a	OG0014445	1	1	1	1	1	1	1	0	1
n/a	OG0014446	1	1	1	1	1	1	1	0	1
n/a	OG0014447	1	1	1	1	1	1	1	1	0
n/a	OG0014448	1	1	1	1	1	1	1	0	0
n/a	OG0014449	1	1	1	1	0	1	1	1	1
n/a	OG0014450	1	1	1	1	1	1	1	0	1
n/a	OG0014451	2	1	1	1	0	1	0	1	2
n/a	OG0014452	1	1	1	1	0	1	1	0	1
n/a	OG0014453	1	1	1	1	1	1	0	1	2
n/a	OG0014454	1	1	1	1	1	1	1	0	1
n/a	OG0014455	1	1	1	1	0	1	1	1	1
n/a	OG0014456	1	1	1	1	1	1	1	0	1
n/a	OG0014457	1	1	1	1	1	0	1	1	0
n/a	OG0014458	1	1	1	1	0	1	1	0	1
n/a	OG0014459	1	1	1	0	1	1	1	1	1
n/a	OG0014460	1	1	1	1	1	1	1	0	0
n/a	OG0014461	1	1	1	1	1	1	1	0	2
n/a	OG0014462	1	1	1	1	1	1	1	1	1
n/a	OG0014463	1	1	1	1	0	1	1	0	2
n/a	OG0014464	1	1	1	1	1	1	1	1	1
n/a	OG0014465	1	1	1	1	0	1	1	1	1
n/a	OG0014466	1	1	1	1	1	0	1	0	1
n/a	OG0014467	1	1	1	1	0	1	1	0	1
n/a	OG0014468	1	1	1	1	1	1	1	0	1
n/a	OG0014469	3	0	1	1	1	1	1	0	1
n/a	OG0014470	1	1	1	1	0	1	1	1	1
n/a	OG0014471	1	1	1	1	1	1	1	1	1
n/a	OG0014472	1	0	1	1	1	1	1	1	1
n/a	OG0014473	1	1	1	1	0	1	1	1	1
n/a	OG0014474	1	0	1	1	1	1	1	1	1
n/a	OG0014475	1	1	1	1	1	1	0	1	1
n/a	OG0014476	1	1	1	1	1	1	0	1	1
n/a	OG0014477	1	1	1	1	1	1	0	1	1
n/a	OG0014478	1	1	1	1	1	1	1	1	1
n/a	OG0014479	2	0	1	1	1	1	1	1	1
n/a	OG0014480	1	1	1	1	0	1	1	0	1
n/a	OG0014481	1	1	1	1	0	1	1	1	1
n/a	OG0014482	1	1	1	1	1	1	1	0	1
n/a	OG0014483	1	1	1	1	0	2	1	1	1
n/a	OG0014484	1	1	1	1	1	1	1	0	1
n/a	OG0014485	1	1	1	1	1	1	0	1	2
n/a	OG0014486	1	1	1	1	1	1	0	1	1
n/a	OG0014487	1	0	1	1	1	1	1	1	1
n/a	OG0014488	1	1	1	0	0	1	1	1	1
n/a	OG0014489	1	1	1	1	0	1	1	0	1
n/a	OG0014490	1	1	1	1	0	1	1	1	1
n/a	OG0014491	1	1	1	1	1	1	1	0	1
n/a	OG0014492	1	1	1	0	1	0	1	1	1
n/a	OG0014493	2	0	1	1	1	1	1	0	1
n/a	OG0014494	1	1	1	1	1	0	1	1	0
n/a	OG0014495	1	1	1	1	1	1	1	0	1
n/a	OG0014496	1	1	1	1	1	1	0	1	1
n/a	OG0014497	1	1	1	1	1	1	1	1	1
n/a	OG0014498	1	1	1	1	0	1	1	0	1
n/a	OG0014499	1	1	1	1	0	1	1	1	1
n/a	OG0014500	1	1	1	1	1	1	1	1	0
n/a	OG0014501	1	1	1	1	1	1	1	0	1
n/a	OG0014502	1	1	1	1	0	1	1	1	0
n/a	OG0014503	1	1	1	1	1	1	0	1	1
n/a	OG0014504	1	1	1	1	0	1	1	0	1
n/a	OG0014505	1	1	1	1	1	1	1	0	1
n/a	OG0014506	1	1	1	1	1	1	1	0	1
n/a	OG0014507	1	1	1	1	0	1	1	1	1
n/a	OG0014508	1	0	2	1	1	1	1	1	1
n/a	OG0014509	1	0	2	0	2	1	2	0	1
n/a	OG0014510	1	1	1	1	0	1	1	0	1
n/a	OG0014511	1	1	1	1	0	1	1	1	1
n/a	OG0014512	1	1	2	0	2	1	1	0	1
n/a	OG0014513	1	1	1	1	1	1	1	0	1
n/a	OG0014514	1	1	1	1	1	1	1	0	1
n/a	OG0014515	1	0	1	1	1	1	1	1	1
n/a	OG0014516	1	0	1	1	0	1	1	0	4
n/a	OG0014517	1	1	1	1	1	1	1	0	1
n/a	OG0014518	1	1	1	1	1	1	1	1	0
n/a	OG0014519	1	0	1	1	1	2	1	1	1
n/a	OG0014520	1	1	1	1	0	1	1	0	1
n/a	OG0014521	1	1	1	1	0	1	1	1	1
n/a	OG0014522	1	1	1	1	1	1	1	0	1
n/a	OG0014523	1	1	1	1	1	1	0	1	1
n/a	OG0014524	1	1	1	1	0	1	1	1	1
n/a	OG0014525	1	1	1	1	0	1	1	1	1
n/a	OG0014526	1	1	1	1	0	1	1	1	1
n/a	OG0014527	1	1	1	1	1	1	1	1	1
n/a	OG0014528	1	1	1	1	1	1	1	0	1
n/a	OG0014529	1	1	2	1	1	2	0	0	1
n/a	OG0014530	1	1	0	1	1	0	1	1	1
n/a	OG0014531	1	1	1	1	0	1	1	0	1
n/a	OG0014532	1	0	1	1	1	1	1	1	1
n/a	OG0014533	1	1	1	1	1	1	0	1	1
n/a	OG0014534	1	1	1	1	1	1	0	1	1
n/a	OG0014535	1	1	1	0	1	1	1	0	0
n/a	OG0014536	1	1	1	1	1	1	1	0	1
n/a	OG0014537	1	0	1	1	1	2	1	1	1
n/a	OG0014538	1	1	1	1	1	1	1	0	1
n/a	OG0014539	1	1	0	1	1	1	1	1	1
n/a	OG0014540	1	1	1	1	0	1	1	0	1
n/a	OG0014541	1	1	1	1	0	1	1	1	1
n/a	OG0014542	1	1	1	0	0	1	1	1	1
n/a	OG0014543	1	1	0	1	0	1	1	1	1
n/a	OG0014544	1	1	1	1	1	1	1	0	1
n/a	OG0014545	1	1	1	1	1	1	0	1	1
n/a	OG0014546	1	1	1	1	0	1	1	1	1
n/a	OG0014547	1	1	1	1	1	1	0	1	1
n/a	OG0014548	1	1	1	1	0	1	1	1	1
n/a	OG0014549	1	1	1	1	1	1	1	0	1
n/a	OG0014550	1	1	1	1	0	1	1	1	1
n/a	OG0014551	1	1	1	0	0	1	1	1	1
n/a	OG0014552	2	1	1	1	1	1	1	0	1
n/a	OG0014553	1	1	1	1	1	1	1	1	1
n/a	OG0014554	1	1	1	1	0	1	1	1	1
n/a	OG0014555	1	1	1	1	1	1	1	1	0
n/a	OG0014556	1	1	1	1	1	1	1	0	1
n/a	OG0014557	1	1	1	1	1	1	1	0	1
n/a	OG0014558	1	1	1	1	0	1	1	1	1
n/a	OG0014559	1	1	1	1	1	0	1	1	0
n/a	OG0014560	1	1	1	0	0	1	1	1	2
n/a	OG0014561	1	1	1	1	1	1	1	1	1
n/a	OG0014562	1	1	1	1	1	1	1	0	1
n/a	OG0014563	1	1	1	1	2	2	0	0	1
n/a	OG0014564	1	1	1	1	1	1	0	1	1
n/a	OG0014565	1	1	1	1	0	1	0	1	2
n/a	OG0014566	1	0	2	1	1	1	1	0	1
n/a	OG0014567	1	1	1	0	1	1	1	1	1
n/a	OG0014568	1	1	1	0	0	1	1	1	1
n/a	OG0014569	1	1	0	1	1	1	1	1	1
n/a	OG0014570	1	0	1	1	1	2	1	1	1
n/a	OG0014571	1	0	2	1	1	1	1	0	1
n/a	OG0014572	1	0	1	0	1	1	1	1	2
n/a	OG0014573	1	0	1	1	1	1	1	1	2
n/a	OG0014574	1	1	1	1	1	1	1	0	1
n/a	OG0014575	1	0	0	0	3	0	2	0	0
n/a	OG0014576	1	1	1	1	1	1	1	0	1
n/a	OG0014577	1	1	1	1	1	1	1	0	1
n/a	OG0014578	1	1	1	1	0	1	1	1	1
n/a	OG0014579	1	1	1	1	1	1	1	1	1
n/a	OG0014580	1	0	1	1	1	1	1	1	2
n/a	OG0014581	1	0	1	1	0	1	1	1	2
n/a	OG0014582	1	1	1	1	1	0	1	0	1
n/a	OG0014583	1	1	1	1	1	1	1	0	1
n/a	OG0014584	1	1	1	1	1	1	1	0	1
n/a	OG0014585	1	1	1	0	1	1	1	1	1
n/a	OG0014586	1	0	1	1	2	1	1	1	1
n/a	OG0014587	1	1	1	1	1	1	1	1	1
n/a	OG0014588	1	1	1	1	1	1	0	1	1
n/a	OG0014589	1	1	1	0	1	1	1	1	1
n/a	OG0014590	1	1	1	1	0	1	1	0	1
n/a	OG0014591	1	1	1	1	0	1	1	1	1
n/a	OG0014592	1	1	1	1	1	1	0	1	1
n/a	OG0014593	1	1	1	1	1	1	1	0	1
n/a	OG0014594	1	1	1	0	1	1	1	1	1
n/a	OG0014595	1	1	1	1	0	1	1	1	1
n/a	OG0014596	1	1	2	1	0	1	0	1	1
n/a	OG0014597	1	1	1	1	1	1	1	0	1
n/a	OG0014598	1	1	1	1	1	1	1	0	1
n/a	OG0014599	1	1	1	1	1	1	0	1	1
n/a	OG0014600	1	1	1	1	0	1	0	1	2
n/a	OG0014601	1	1	1	1	1	1	1	0	1
n/a	OG0014602	1	1	1	1	1	1	1	1	0
n/a	OG0014603	1	1	1	1	0	1	1	1	1
n/a	OG0014604	1	1	1	1	1	1	1	0	0
n/a	OG0014605	1	0	1	2	0	2	1	1	1
n/a	OG0014606	1	1	1	1	1	1	0	1	1
n/a	OG0014607	1	1	1	1	1	1	1	1	0
n/a	OG0014608	2	1	1	1	1	0	1	1	0
n/a	OG0014609	1	1	1	1	0	1	1	0	2
n/a	OG0014610	1	1	1	1	1	1	1	0	1
n/a	OG0014611	1	1	1	1	1	1	1	0	1
n/a	OG0014612	1	1	1	1	2	1	1	0	1
n/a	OG0014613	1	1	1	1	1	1	0	0	2
n/a	OG0014614	1	1	1	1	1	1	1	0	1
n/a	OG0014615	1	1	1	0	1	1	1	1	1
n/a	OG0014616	1	1	1	1	1	1	0	1	1
n/a	OG0014617	1	1	1	1	1	1	0	1	1
n/a	OG0014618	1	0	1	1	0	1	1	1	2
n/a	OG0014619	1	0	1	1	1	1	1	1	2
n/a	OG0014620	1	1	1	1	1	2	0	0	1
n/a	OG0014621	1	1	1	1	1	1	1	1	1
n/a	OG0014622	1	1	1	0	0	1	1	1	1
n/a	OG0014623	1	1	1	1	1	1	1	1	1
n/a	OG0014624	1	1	1	1	1	1	1	0	1
n/a	OG0014625	1	1	1	1	0	1	0	1	2
n/a	OG0014626	1	1	1	1	0	1	1	1	1
n/a	OG0014627	1	1	1	0	0	1	1	1	1
n/a	OG0014628	1	1	1	1	0	1	1	0	1
n/a	OG0014629	1	1	0	0	0	0	1	2	0
n/a	OG0014630	1	0	2	0	1	0	3	0	0
n/a	OG0014631	0	0	1	1	1	1	1	1	2
n/a	OG0014632	0	1	1	1	0	1	1	1	1
n/a	OG0014633	0	1	0	1	0	0	1	2	0
n/a	OG0014634	0	1	2	0	2	1	1	0	2
n/a	OG0014635	0	1	1	1	0	1	1	1	1
n/a	OG0014636	0	3	0	0	0	0	0	0	0
n/a	OG0014637	0	1	1	1	1	1	1	1	1
n/a	OG0014638	0	1	1	1	1	1	1	0	1
n/a	OG0014639	0	1	1	1	1	1	1	1	1
n/a	OG0014640	0	1	0	1	2	1	1	1	0
n/a	OG0014641	0	1	1	1	0	1	1	1	1
n/a	OG0014642	0	1	1	1	0	1	1	1	1
n/a	OG0014643	0	1	1	1	0	1	1	1	2
n/a	OG0014644	0	1	1	1	0	1	1	1	1
n/a	OG0014645	0	1	1	1	1	1	1	1	1
n/a	OG0014646	0	1	1	1	1	1	1	0	1
n/a	OG0014647	0	2	5	0	0	0	0	0	0
n/a	OG0014648	0	1	1	1	0	1	1	1	1
n/a	OG0014649	0	1	1	1	0	1	2	0	1
n/a	OG0014650	0	1	1	1	1	1	1	1	1
n/a	OG0014651	0	1	1	1	0	1	1	1	1
n/a	OG0014652	0	1	1	1	0	1	1	1	1
n/a	OG0014653	0	1	1	1	1	1	1	0	2
n/a	OG0014654	0	1	1	1	1	1	1	0	1
n/a	OG0014655	0	1	1	1	0	1	2	0	1
n/a	OG0014656	0	2	1	1	0	1	1	0	1
n/a	OG0014657	0	1	2	1	0	1	1	0	3
n/a	OG0014658	0	1	1	1	1	1	0	1	2
n/a	OG0014659	0	1	1	1	1	2	1	0	2
n/a	OG0014660	0	1	0	2	0	0	1	2	0
n/a	OG0014661	0	1	1	1	0	0	1	2	0
n/a	OG0014663	0	1	1	1	1	1	1	1	0
n/a	OG0014664	0	1	1	0	1	1	1	1	1
n/a	OG0014665	0	1	1	1	1	1	1	1	1
n/a	OG0014666	0	1	1	1	1	1	1	0	1
n/a	OG0014667	0	1	1	2	0	1	1	0	1
n/a	OG0014668	0	1	1	1	1	1	1	1	1
n/a	OG0014669	0	1	1	1	1	1	1	1	1
n/a	OG0014670	0	1	1	1	0	1	1	1	1
n/a	OG0014671	0	1	1	1	1	1	1	0	1
n/a	OG0014672	0	1	1	1	0	1	1	1	1
n/a	OG0014673	0	2	1	0	0	1	1	1	0
n/a	OG0014674	0	1	1	1	1	1	1	0	2
n/a	OG0014675	0	4	0	0	0	0	0	0	0
n/a	OG0014676	0	0	1	1	1	1	2	0	0
n/a	OG0014677	0	1	0	1	2	1	1	0	1
n/a	OG0014678	0	1	3	0	2	2	0	0	0
n/a	OG0014679	0	1	1	1	1	1	1	1	1
n/a	OG0014680	0	3	3	0	0	0	0	0	0
n/a	OG0014681	0	1	1	1	1	1	1	1	0
n/a	OG0014682	0	1	1	1	0	1	1	1	1
n/a	OG0014683	0	1	1	1	1	1	0	1	2
n/a	OG0014684	0	1	1	0	1	1	1	0	1
n/a	OG0014685	0	1	1	1	1	1	1	1	1
n/a	OG0014686	0	1	1	1	1	1	1	1	1
n/a	OG0014687	0	1	1	1	0	1	1	1	1
n/a	OG0014688	0	1	1	1	1	1	1	0	2
n/a	OG0014689	0	1	1	1	1	1	1	1	1
n/a	OG0014690	0	1	1	1	1	1	1	1	1
n/a	OG0014691	0	1	1	1	1	1	1	1	1
n/a	OG0014692	0	1	1	1	1	1	1	1	1
n/a	OG0014693	0	0	1	1	2	1	1	1	1
n/a	OG0014694	0	1	0	0	0	1	2	1	0
n/a	OG0014695	0	1	0	1	0	0	2	2	1
n/a	OG0014696	0	1	1	1	1	1	1	1	1
n/a	OG0014697	0	1	1	1	1	1	0	1	1
n/a	OG0014698	0	2	0	4	0	0	1	0	0
n/a	OG0014699	0	2	0	0	0	0	2	0	0
n/a	OG0014701	0	2	1	1	0	0	1	0	0
n/a	OG0014702	0	3	1	1	1	0	0	0	0
n/a	OG0014703	0	1	0	1	0	1	2	1	0
n/a	OG0014704	0	1	2	1	2	1	0	0	1
n/a	OG0014705	0	2	0	0	3	0	1	1	0
n/a	OG0014706	0	2	0	0	0	1	1	0	0
n/a	OG0014707	0	1	1	0	1	1	1	1	1
n/a	OG0014708	0	1	1	0	1	1	1	1	1
n/a	OG0014709	0	1	1	1	1	1	1	0	1
n/a	OG0014710	0	1	1	1	0	1	1	1	1
n/a	OG0014711	0	1	1	1	0	1	1	1	1
n/a	OG0014712	0	1	1	1	1	1	1	0	1
n/a	OG0014713	0	1	1	1	0	1	1	1	1
n/a	OG0014714	0	1	1	1	0	1	1	1	1
n/a	OG0014715	0	1	1	1	1	1	1	1	0
n/a	OG0014716	0	1	1	1	1	1	1	1	1
n/a	OG0014717	0	1	1	1	1	1	1	1	1
n/a	OG0014718	0	1	1	1	0	1	1	1	1
n/a	OG0014719	0	1	1	1	0	1	1	1	1
n/a	OG0014720	0	1	1	1	0	1	1	1	1
n/a	OG0014721	0	1	1	1	0	1	1	1	1
n/a	OG0014722	0	1	1	1	1	1	1	0	1
n/a	OG0014723	0	1	1	1	0	1	1	1	1
n/a	OG0014724	0	1	1	1	0	1	1	1	1
n/a	OG0014725	0	1	1	1	1	1	1	1	1
n/a	OG0014726	0	1	1	1	1	1	1	1	1
n/a	OG0014727	0	1	1	1	0	1	1	1	1
n/a	OG0014728	0	1	1	1	0	1	1	1	2
n/a	OG0014729	0	1	1	1	1	1	1	0	1
n/a	OG0014730	0	1	1	1	2	1	1	0	1
n/a	OG0014731	0	1	1	1	1	1	1	1	1
n/a	OG0014732	0	1	1	1	0	1	1	1	1
n/a	OG0014733	0	2	1	1	0	0	1	1	0
n/a	OG0014734	0	1	1	1	1	2	1	1	0
n/a	OG0014735	0	1	2	1	0	1	1	1	1
n/a	OG0014736	0	1	1	1	1	1	1	0	1
n/a	OG0014737	0	1	1	1	1	1	1	1	1
n/a	OG0014738	0	1	1	1	1	1	1	1	1
n/a	OG0014739	0	1	1	1	1	1	1	1	0
n/a	OG0014740	0	1	1	1	0	1	1	0	2
n/a	OG0014741	0	2	0	0	2	0	1	0	0
n/a	OG0014742	0	1	1	1	0	1	1	1	1
n/a	OG0014743	0	1	0	1	2	1	1	1	1
n/a	OG0014744	0	1	1	1	1	1	1	1	0
n/a	OG0014745	0	1	1	1	1	1	1	1	1
n/a	OG0014746	0	1	1	1	0	1	1	1	1
n/a	OG0014747	0	1	1	1	1	2	1	1	0
n/a	OG0014748	0	1	1	1	0	1	1	1	1
n/a	OG0014749	0	1	1	1	1	1	1	1	0
n/a	OG0014750	0	1	1	1	0	1	1	1	1
n/a	OG0014751	0	1	1	1	1	1	1	0	1
n/a	OG0014752	0	2	1	1	1	2	0	0	0
n/a	OG0014753	0	1	1	1	0	1	0	0	4
n/a	OG0014754	0	1	1	1	0	1	1	1	1
n/a	OG0014755	0	1	1	1	1	1	1	0	2
n/a	OG0014756	0	1	1	1	0	1	1	1	1
n/a	OG0014757	0	1	3	1	0	0	2	0	0
n/a	OG0014758	0	1	1	0	0	0	2	0	0
n/a	OG0014759	0	1	1	0	1	1	1	1	1
n/a	OG0014760	0	1	1	1	0	1	1	0	2
n/a	OG0014761	0	1	1	1	0	1	1	1	1
n/a	OG0014762	0	1	1	1	0	1	1	1	1
n/a	OG0014763	0	1	1	1	1	1	1	1	0
n/a	OG0014764	0	1	1	1	1	1	1	1	0
n/a	OG0014765	0	1	1	1	1	1	1	0	1
n/a	OG0014766	0	1	1	1	1	1	1	0	1
n/a	OG0014767	0	4	1	0	0	0	0	0	0
n/a	OG0014768	0	1	1	1	0	1	1	1	1
n/a	OG0014769	0	1	1	1	1	1	1	1	0
n/a	OG0014770	0	1	1	1	1	1	1	1	1
n/a	OG0014771	0	1	0	1	1	1	1	1	1
n/a	OG0014772	0	1	1	1	1	1	1	1	1
n/a	OG0014773	0	1	1	1	0	1	1	1	1
n/a	OG0014774	0	1	1	1	1	1	0	1	1
n/a	OG0014775	0	1	1	1	1	1	1	1	0
n/a	OG0014776	0	1	1	1	1	1	1	0	1
n/a	OG0014777	0	1	1	1	1	1	1	1	1
n/a	OG0014778	0	1	1	1	1	2	0	1	1
n/a	OG0014779	0	1	1	1	1	1	1	1	1
n/a	OG0014781	0	1	1	0	1	1	1	1	1
n/a	OG0014782	0	1	1	1	1	1	1	0	1
n/a	OG0014783	0	1	1	1	0	1	1	1	1
n/a	OG0014784	0	1	1	1	1	1	1	1	0
n/a	OG0014785	0	1	1	1	0	1	1	1	2
n/a	OG0014787	0	1	1	1	1	1	1	1	1
n/a	OG0014788	0	1	1	1	1	1	1	1	1
n/a	OG0014789	0	1	0	5	0	0	0	1	0
n/a	OG0014790	0	1	1	1	1	1	1	0	1
n/a	OG0014791	0	1	1	1	0	1	1	1	1
n/a	OG0014792	0	1	1	1	1	1	1	1	1
n/a	OG0014793	0	2	0	0	2	0	0	0	3
n/a	OG0014794	0	1	1	1	0	1	1	1	1
n/a	OG0014795	0	0	1	1	1	1	1	1	2
n/a	OG0014796	0	1	1	0	0	0	0	2	3
n/a	OG0014797	0	1	1	1	1	1	1	1	2
n/a	OG0014798	0	1	1	0	1	1	1	1	1
n/a	OG0014799	0	2	0	0	1	1	1	0	0
n/a	OG0014800	0	2	1	0	1	1	1	0	2
n/a	OG0014801	0	1	1	1	0	1	1	1	2
n/a	OG0014802	0	1	1	1	1	0	1	1	1
n/a	OG0014803	0	1	1	1	1	1	1	1	1
n/a	OG0014804	0	1	1	1	1	1	1	1	0
n/a	OG0014805	0	1	1	1	0	1	1	1	1
n/a	OG0014806	0	1	1	0	1	1	1	0	2
n/a	OG0014807	0	1	1	1	1	1	1	0	1
n/a	OG0014808	0	1	1	1	1	1	1	1	1
n/a	OG0014809	0	1	1	1	1	1	1	0	1
n/a	OG0014810	0	1	1	1	1	1	1	1	0
n/a	OG0014811	0	1	1	1	1	1	1	1	0
n/a	OG0014812	0	1	1	1	1	1	1	0	1
n/a	OG0014813	0	1	2	1	1	1	1	1	1
n/a	OG0014814	0	1	1	1	1	1	1	0	1
n/a	OG0014815	0	1	1	1	1	1	1	1	1
n/a	OG0014816	0	1	1	1	1	1	1	1	1
n/a	OG0014817	0	1	1	1	1	1	1	1	0
n/a	OG0014818	0	1	1	1	1	1	1	1	1
n/a	OG0014819	0	1	1	1	1	1	1	0	1
n/a	OG0014820	0	1	1	1	0	1	1	1	1
n/a	OG0014821	0	1	1	1	0	1	1	1	1
n/a	OG0014822	0	1	1	1	1	1	1	1	0
n/a	OG0014823	0	1	1	1	1	1	1	1	1
n/a	OG0014824	0	1	1	1	1	1	1	0	1
n/a	OG0014825	0	1	1	1	1	1	1	0	1
n/a	OG0014826	0	1	1	1	1	1	1	1	1
n/a	OG0014827	0	1	1	1	1	1	1	1	0
n/a	OG0014828	0	1	1	1	1	1	1	1	0
n/a	OG0014829	0	1	1	1	1	1	1	1	1
n/a	OG0014830	0	1	1	1	0	1	1	1	1
n/a	OG0014831	0	2	0	0	2	0	1	1	0
n/a	OG0014832	0	1	1	1	1	1	1	1	1
n/a	OG0014833	0	1	1	1	1	1	1	1	1
n/a	OG0014834	0	1	1	1	1	1	1	1	1
n/a	OG0014835	0	1	1	1	1	1	1	0	1
n/a	OG0014836	0	1	1	1	1	1	1	0	1
n/a	OG0014837	0	1	1	1	1	1	1	0	1
n/a	OG0014838	0	1	1	1	1	1	1	1	1
n/a	OG0014839	0	1	1	1	1	1	1	1	1
n/a	OG0014840	0	1	1	1	1	0	1	1	0
n/a	OG0014841	0	1	1	1	1	1	1	1	1
n/a	OG0014842	0	1	2	1	1	1	1	2	0
n/a	OG0014843	0	1	1	1	0	1	1	1	1
n/a	OG0014844	0	1	1	1	1	1	1	0	1
n/a	OG0014845	0	4	0	1	0	0	0	0	0
n/a	OG0014846	0	0	0	0	0	0	1	4	0
n/a	OG0014847	0	0	1	1	1	1	1	1	2
n/a	OG0014848	0	1	1	1	0	1	1	1	2
n/a	OG0014849	0	2	1	2	0	0	1	0	0
n/a	OG0014850	0	1	1	1	0	1	1	1	1
n/a	OG0014851	0	1	1	1	1	1	1	0	1
n/a	OG0014852	0	1	1	0	0	1	1	1	2
n/a	OG0014854	0	2	1	1	0	0	1	1	0
n/a	OG0014855	0	1	1	1	1	1	1	1	1
n/a	OG0014856	0	1	1	0	1	1	1	1	1
n/a	OG0014857	0	1	1	1	1	1	1	1	1
n/a	OG0014858	0	2	0	1	1	1	1	0	1
n/a	OG0014859	0	1	1	1	1	1	1	1	0
n/a	OG0014860	0	1	0	1	0	1	1	2	0
n/a	OG0014861	0	1	1	1	1	1	1	1	0
n/a	OG0014862	0	1	1	1	1	1	1	0	1
n/a	OG0014863	0	1	1	1	0	1	1	1	1
n/a	OG0014864	0	1	1	1	1	0	1	1	1
n/a	OG0014865	0	1	1	1	1	1	1	1	1
n/a	OG0014866	0	1	1	1	1	1	1	0	2
n/a	OG0014867	0	1	1	1	1	1	1	0	1
n/a	OG0014868	0	1	1	0	1	1	1	1	2
n/a	OG0014869	0	1	1	1	0	1	1	1	2
n/a	OG0014870	0	1	1	0	1	1	1	1	1
n/a	OG0014871	0	1	0	1	1	1	1	1	1
n/a	OG0014872	0	1	1	1	2	1	1	0	0
n/a	OG0014873	0	1	1	1	1	1	1	1	0
n/a	OG0014874	0	1	1	1	0	1	1	1	1
n/a	OG0014875	0	1	1	1	1	1	1	1	1
n/a	OG0014876	0	1	1	1	0	1	1	1	1
n/a	OG0014877	0	1	1	1	1	1	1	0	2
n/a	OG0014878	0	1	1	1	1	1	1	1	0
n/a	OG0014879	0	1	1	1	1	1	1	1	1
n/a	OG0014880	0	1	1	1	0	1	1	1	1
n/a	OG0014881	0	1	1	1	1	1	1	1	1
n/a	OG0014882	0	1	1	1	1	1	1	1	1
n/a	OG0014883	0	1	1	0	0	1	1	1	1
n/a	OG0014884	0	1	1	1	1	0	1	0	1
n/a	OG0014885	0	1	1	1	0	1	1	0	1
n/a	OG0014886	0	1	1	0	1	1	1	1	2
n/a	OG0014887	0	1	1	1	0	1	1	1	1
n/a	OG0014888	0	1	1	1	1	1	1	1	1
n/a	OG0014889	0	1	1	1	1	1	1	1	1
n/a	OG0014890	0	1	1	2	1	1	1	1	1
n/a	OG0014891	0	1	1	1	1	1	1	1	1
n/a	OG0014892	0	1	1	1	0	1	1	1	1
n/a	OG0014893	0	1	1	0	2	0	1	1	1
n/a	OG0014894	0	1	1	1	0	1	1	1	1
n/a	OG0014895	0	1	1	1	0	1	1	1	1
n/a	OG0014896	0	1	1	1	1	1	1	0	2
n/a	OG0014897	0	1	1	1	1	1	1	1	1
n/a	OG0014899	0	1	1	0	0	1	1	1	0
n/a	OG0014900	0	2	1	1	0	0	1	1	0
n/a	OG0014901	0	1	1	1	1	1	1	1	0
n/a	OG0014902	0	1	1	1	1	1	1	1	1
n/a	OG0014903	0	0	1	1	0	1	1	2	1
n/a	OG0014904	0	1	1	1	0	1	1	1	1
n/a	OG0014905	0	1	1	1	1	1	0	1	2
n/a	OG0014906	0	1	0	0	1	1	1	1	1
n/a	OG0014907	0	1	1	1	1	1	1	1	1
n/a	OG0014908	0	0	1	1	1	1	1	1	2
n/a	OG0014909	0	0	0	0	1	0	2	2	0
n/a	OG0014910	0	0	1	1	1	1	1	1	2
n/a	OG0014911	0	0	0	0	1	0	1	4	1
n/a	OG0014912	0	1	1	1	1	1	1	1	1
n/a	OG0014913	0	1	1	1	1	1	1	0	1
n/a	OG0014914	0	1	0	1	1	1	1	1	1
n/a	OG0014915	0	1	1	0	1	2	1	1	0
n/a	OG0014916	0	2	1	1	0	0	1	2	0
n/a	OG0014917	0	1	0	1	1	1	1	1	1
n/a	OG0014918	0	1	1	1	0	1	1	1	1
n/a	OG0014919	0	1	1	1	1	1	1	1	0
n/a	OG0014920	0	1	1	1	1	1	1	0	1
n/a	OG0014921	0	1	1	1	0	1	1	1	1
n/a	OG0014922	0	1	1	1	0	1	1	1	1
n/a	OG0014923	0	1	1	1	0	1	1	1	1
n/a	OG0014924	0	1	1	1	0	1	1	1	1
n/a	OG0014925	0	1	1	1	0	1	1	1	1
n/a	OG0014926	0	1	0	1	1	1	1	1	1
n/a	OG0014927	0	1	1	1	1	1	1	0	1
n/a	OG0014928	0	1	1	1	0	1	1	1	1
n/a	OG0014929	0	1	1	1	0	1	1	1	1
n/a	OG0014930	0	1	1	1	1	1	1	1	0
n/a	OG0014931	0	1	1	1	1	1	1	0	2
n/a	OG0014932	0	1	0	2	0	0	2	2	0
n/a	OG0014934	0	1	1	1	2	1	1	0	0
n/a	OG0014935	0	1	1	1	1	1	1	1	0
n/a	OG0014936	0	1	1	1	1	1	1	0	2
n/a	OG0014937	0	1	1	1	0	1	1	1	1
n/a	OG0014938	0	1	0	1	1	1	1	0	1
n/a	OG0014939	0	1	1	1	0	1	1	1	1
n/a	OG0014940	0	1	1	1	1	1	1	1	0
n/a	OG0014941	0	1	1	1	1	1	1	1	0
n/a	OG0014942	0	1	1	1	1	2	1	1	0
n/a	OG0014943	0	1	1	1	0	1	1	1	1
n/a	OG0014944	0	1	1	1	0	1	1	1	1
n/a	OG0014945	0	1	1	1	1	2	1	0	0
n/a	OG0014946	0	1	1	1	2	1	1	0	1
n/a	OG0014947	0	1	1	1	1	1	1	1	1
n/a	OG0014948	0	1	1	1	2	0	1	1	0
n/a	OG0014949	0	1	1	1	0	1	1	1	1
n/a	OG0014950	0	1	1	1	1	0	1	1	1
n/a	OG0014951	0	1	1	1	1	1	1	1	1
n/a	OG0014952	0	1	1	1	1	1	1	1	1
n/a	OG0014953	0	1	1	1	1	1	1	0	1
n/a	OG0014954	0	1	1	1	1	1	1	0	1
n/a	OG0014955	0	1	1	1	1	1	1	1	1
n/a	OG0014956	0	1	1	1	1	1	1	1	1
n/a	OG0014957	0	1	1	1	1	1	1	1	1
n/a	OG0014958	0	1	1	1	1	1	1	0	1
n/a	OG0014959	0	1	1	1	1	2	0	1	1
n/a	OG0014960	0	1	1	1	2	0	1	1	0
n/a	OG0014961	0	1	1	1	1	1	1	1	1
n/a	OG0014962	0	1	1	1	1	1	1	1	1
n/a	OG0014963	0	1	2	0	1	5	0	0	0
n/a	OG0014964	0	2	0	1	0	0	1	1	0
n/a	OG0014965	0	1	1	1	1	1	1	0	2
n/a	OG0014966	0	1	1	0	1	1	1	1	1
n/a	OG0014967	0	0	0	0	1	0	1	4	0
n/a	OG0014968	0	1	1	1	1	1	1	0	1
n/a	OG0014969	0	1	1	1	0	1	1	1	1
n/a	OG0014970	0	1	1	1	1	1	1	1	1
n/a	OG0014971	0	1	1	1	1	1	1	1	1
n/a	OG0014972	0	1	1	1	1	1	1	1	1
n/a	OG0014973	0	1	1	1	1	1	1	0	1
n/a	OG0014974	0	1	1	1	0	1	1	1	1
n/a	OG0014975	0	1	1	1	0	1	1	1	1
n/a	OG0014976	0	1	1	1	1	1	1	1	0
n/a	OG0014977	0	1	1	1	0	1	1	1	1
n/a	OG0014978	0	1	1	1	1	1	0	1	2
n/a	OG0014979	0	0	1	1	1	1	1	2	1
n/a	OG0014980	0	1	1	1	1	1	1	1	1
n/a	OG0014981	0	1	1	0	1	1	1	0	3
n/a	OG0014982	0	1	1	1	1	1	1	1	1
n/a	OG0014983	0	1	1	1	0	1	1	1	1
n/a	OG0014984	0	1	1	1	1	1	1	0	1
n/a	OG0014985	0	0	0	3	0	0	3	0	0
n/a	OG0014986	0	1	1	2	0	1	1	1	1
n/a	OG0014987	0	1	1	0	1	1	1	1	1
n/a	OG0014988	0	1	1	1	1	1	1	0	1
n/a	OG0014989	0	1	1	1	1	2	1	0	1
n/a	OG0014990	0	1	1	1	1	1	1	0	1
n/a	OG0014991	0	1	1	1	1	1	1	0	2
n/a	OG0014992	0	1	1	1	1	1	1	0	1
n/a	OG0014993	0	1	1	1	1	1	1	1	0
n/a	OG0014994	0	1	1	1	1	1	1	1	1
n/a	OG0014995	0	1	1	1	1	1	1	1	1
n/a	OG0014996	0	0	1	1	0	1	1	2	1
n/a	OG0014997	0	0	0	1	1	1	2	1	0
n/a	OG0014998	0	0	0	1	0	0	2	2	0
n/a	OG0014999	0	1	0	1	1	1	1	1	1
n/a	OG0015000	0	1	3	1	0	1	1	0	0
n/a	OG0015001	0	1	1	1	1	1	1	1	1
n/a	OG0015002	0	1	1	1	1	1	1	1	1
n/a	OG0015003	0	1	1	0	0	1	1	1	2
n/a	OG0015004	0	1	1	1	1	1	1	1	1
n/a	OG0015005	0	1	1	1	1	1	1	1	0
n/a	OG0015006	0	1	1	1	1	1	1	1	1
n/a	OG0015007	0	1	0	1	1	1	1	1	1
n/a	OG0015008	0	1	1	1	0	1	1	1	2
n/a	OG0015009	0	1	1	1	1	0	1	1	1
n/a	OG0015010	0	1	1	1	1	1	1	1	1
n/a	OG0015011	0	1	1	1	1	1	1	1	1
n/a	OG0015012	0	1	1	1	1	1	1	0	1
n/a	OG0015013	0	1	1	1	0	1	1	1	1
n/a	OG0015014	0	1	1	0	1	1	1	1	1
n/a	OG0015015	0	1	1	1	0	1	1	1	1
n/a	OG0015016	0	1	1	1	1	1	1	0	1
n/a	OG0015017	0	1	1	0	1	1	0	0	6
n/a	OG0015018	0	1	1	1	1	1	1	0	1
n/a	OG0015019	0	1	1	1	1	1	1	1	0
n/a	OG0015020	0	1	1	1	0	2	1	1	1
n/a	OG0015021	0	1	1	1	1	1	1	1	1
n/a	OG0015022	0	0	1	1	0	4	1	0	0
n/a	OG0015023	0	1	1	1	0	1	1	1	2
n/a	OG0015024	0	1	1	1	0	1	1	1	1
n/a	OG0015025	0	1	1	1	1	1	1	0	1
n/a	OG0015026	0	1	1	1	1	1	1	1	1
n/a	OG0015027	0	1	1	1	0	1	1	1	1
n/a	OG0015028	0	1	1	1	1	1	1	1	1
n/a	OG0015029	0	1	1	1	1	1	1	1	0
n/a	OG0015030	0	0	0	0	1	0	1	4	0
n/a	OG0015031	0	0	0	1	0	0	2	2	0
n/a	OG0015032	0	1	1	1	1	1	1	1	1
n/a	OG0015033	0	1	1	1	1	1	1	1	1
n/a	OG0015034	0	1	0	1	2	1	1	1	1
n/a	OG0015035	0	1	1	1	1	1	1	1	1
n/a	OG0015036	0	1	1	1	1	0	1	1	1
n/a	OG0015037	0	1	1	1	2	1	1	0	1
n/a	OG0015038	0	1	1	1	1	1	1	1	1
n/a	OG0015039	0	1	1	1	1	1	1	1	1
n/a	OG0015040	0	1	1	1	0	1	1	1	1
n/a	OG0015041	0	0	1	1	1	1	1	1	2
n/a	OG0015042	0	0	1	1	1	2	1	1	1
n/a	OG0015044	0	0	11	0	0	1	0	0	0
n/a	OG0015045	0	0	5	0	0	2	2	0	0
n/a	OG0015047	0	0	1	0	2	1	1	2	0
n/a	OG0015048	0	0	1	7	0	0	1	1	0
n/a	OG0015049	0	0	5	1	0	3	0	1	0
n/a	OG0015050	0	0	5	0	1	1	1	0	0
n/a	OG0015051	0	0	2	1	1	1	1	0	4
n/a	OG0015052	0	0	1	2	0	0	2	2	0
n/a	OG0015053	0	0	1	1	1	1	1	1	3
n/a	OG0015054	0	0	1	4	0	0	1	2	0
n/a	OG0015055	0	0	1	1	1	1	1	1	3
n/a	OG0015056	0	0	1	1	1	2	1	1	2
n/a	OG0015057	0	0	1	1	2	1	1	1	2
n/a	OG0015058	0	0	1	1	2	2	1	1	1
n/a	OG0015059	0	0	1	2	2	0	1	2	0
n/a	OG0015060	0	0	1	0	0	0	2	2	0
n/a	OG0015061	0	0	2	0	5	3	0	0	2
n/a	OG0015062	0	0	1	1	2	1	1	1	2
n/a	OG0015063	0	0	1	0	2	0	1	0	6
n/a	OG0015064	0	0	0	4	0	1	1	2	0
n/a	OG0015065	0	0	0	5	0	0	1	2	0
n/a	OG0015066	0	0	0	1	0	0	2	2	0
n/a	OG0015067	0	0	0	3	0	0	2	2	0
n/a	OG0015068	0	0	0	1	1	0	2	2	0
n/a	OG0015069	0	0	0	1	1	4	1	1	1
n/a	OG0015070	0	0	0	2	0	0	2	2	0
n/a	OG0015071	0	0	0	2	0	0	2	2	0
n/a	OG0015072	0	0	0	2	0	0	2	2	0
n/a	OG0015074	0	0	0	0	7	4	0	0	1
n/a	OG0015075	0	0	0	0	2	1	0	0	9
n/a	OG0015077	0	0	0	0	3	1	0	0	8
n/a	OG0015078	0	0	0	0	7	0	1	0	1
n/a	OG0015079	0	0	0	0	0	11	0	0	1
n/a	OG0015080	0	0	0	0	0	7	0	0	5
n/a	OG0015082	0	0	0	0	0	2	1	3	1
n/a	OG0015083	0	0	0	0	0	0	4	0	0
n/a	OG0015084	0	0	0	0	0	0	0	6	0
n/a	OG0015085	0	0	0	0	0	0	2	2	0
n/a	OG0015087	0	0	0	0	0	0	2	3	0
n/a	OG0015088	0	0	0	0	0	0	1	4	0
n/a	OG0015089	0	0	0	0	0	0	1	4	0
n/a	OG0015094	1	0	1	1	1	1	1	1	1
n/a	OG0015095	1	0	0	0	4	3	0	0	2
n/a	OG0015096	3	0	1	1	2	1	1	0	1
n/a	OG0015097	3	0	0	1	0	1	1	1	1
n/a	OG0015098	0	1	1	1	1	1	1	1	1
n/a	OG0015099	0	1	1	1	0	1	1	1	1
n/a	OG0015100	0	0	1	0	1	2	0	0	5
n/a	OG0015101	0	1	1	1	1	1	1	1	1
n/a	OG0015102	0	0	0	1	0	0	0	2	4
n/a	OG0015103	1	1	1	1	0	0	1	1	0
n/a	OG0015104	0	1	1	1	1	1	1	1	1
n/a	OG0015105	1	1	1	2	0	1	1	1	0
n/a	OG0015106	2	1	0	1	0	0	1	1	0
n/a	OG0015107	1	0	0	4	2	0	0	2	0
n/a	OG0015108	1	1	1	1	0	1	1	1	0
n/a	OG0015109	1	1	1	1	1	1	1	0	1
n/a	OG0015110	1	0	1	1	1	1	1	1	1
n/a	OG0015111	1	1	1	1	1	1	1	0	0
n/a	OG0015112	1	1	1	1	0	1	1	0	1
n/a	OG0015113	2	0	1	1	1	1	1	0	1
n/a	OG0015114	1	1	1	1	1	1	0	0	2
n/a	OG0015115	0	1	1	1	0	1	1	1	0
n/a	OG0015116	1	1	1	0	0	1	1	0	2
n/a	OG0015117	1	0	1	1	1	1	1	1	1
n/a	OG0015118	1	1	1	1	0	0	1	1	0
n/a	OG0015119	1	0	2	1	1	1	1	0	0
n/a	OG0015120	3	1	0	1	0	0	1	1	0
n/a	OG0015121	1	1	1	1	1	1	0	1	1
n/a	OG0015122	1	0	1	1	1	1	1	0	2
n/a	OG0015123	1	1	1	0	1	1	1	0	1
n/a	OG0015124	2	1	1	1	1	0	1	0	0
n/a	OG0015125	1	0	1	1	0	1	1	1	1
n/a	OG0015126	1	1	0	1	1	1	1	1	1
n/a	OG0015127	1	1	1	1	0	0	1	1	0
n/a	OG0015128	1	1	1	1	0	1	0	1	1
n/a	OG0015129	1	0	1	1	1	1	1	1	1
n/a	OG0015130	1	1	1	1	1	1	0	1	1
n/a	OG0015131	1	1	1	0	2	1	1	0	0
n/a	OG0015132	2	1	1	0	1	1	1	0	2
n/a	OG0015133	10	0	0	0	1	0	0	0	0
n/a	OG0015134	1	1	0	0	0	1	1	2	0
n/a	OG0015135	1	1	1	1	0	1	0	1	1
n/a	OG0015136	2	0	1	1	1	1	1	0	1
n/a	OG0015137	2	0	1	1	1	1	1	0	2
n/a	OG0015138	1	0	1	1	1	1	1	1	1
n/a	OG0015139	2	1	1	1	1	1	0	0	2
n/a	OG0015140	1	1	1	1	0	0	1	1	0
n/a	OG0015141	2	0	1	0	1	1	1	1	1
n/a	OG0015142	1	1	1	1	1	1	0	0	1
n/a	OG0015143	3	0	1	1	1	1	0	0	2
n/a	OG0015144	1	0	1	0	1	1	1	1	1
n/a	OG0015145	1	0	1	1	1	1	1	1	1
n/a	OG0015146	1	0	1	1	1	1	1	1	1
n/a	OG0015147	1	0	1	1	1	1	1	1	1
n/a	OG0015148	1	0	1	1	1	1	1	1	1
n/a	OG0015149	1	0	1	1	1	1	1	1	1
n/a	OG0015150	1	1	1	1	1	1	0	1	1
n/a	OG0015151	1	0	1	1	1	1	1	1	1
n/a	OG0015153	1	0	1	1	1	1	1	1	1
n/a	OG0015155	2	0	1	1	1	1	1	1	1
n/a	OG0015156	1	0	1	1	0	1	1	1	2
n/a	OG0015157	1	1	1	0	0	1	1	1	1
n/a	OG0015158	1	0	1	0	1	1	1	1	1
n/a	OG0015159	1	1	1	1	1	1	1	0	0
n/a	OG0015160	1	1	1	1	0	1	1	0	1
n/a	OG0015161	1	1	1	0	1	1	0	1	1
n/a	OG0015162	1	1	1	1	0	1	0	1	1
n/a	OG0015163	1	0	1	1	1	1	1	1	1
n/a	OG0015164	1	1	1	1	0	1	1	1	1
n/a	OG0015165	1	1	1	1	1	1	0	0	1
n/a	OG0015166	1	0	2	1	1	1	1	1	1
n/a	OG0015167	1	1	1	0	1	1	1	0	1
n/a	OG0015169	1	1	1	1	1	1	0	1	1
n/a	OG0015170	1	1	1	1	0	1	1	1	1
n/a	OG0015171	3	1	1	1	1	1	0	0	1
n/a	OG0015173	1	1	1	1	1	1	1	0	1
n/a	OG0015174	2	1	1	1	0	1	1	0	0
n/a	OG0015175	1	1	1	1	0	1	1	1	0
n/a	OG0015176	1	1	0	1	1	0	1	1	1
n/a	OG0015177	2	1	0	1	1	1	1	0	0
n/a	OG0015178	2	1	1	0	0	1	1	0	1
n/a	OG0015179	1	0	0	1	1	1	1	1	1
n/a	OG0015180	1	0	1	0	1	1	1	1	1
n/a	OG0015181	1	1	1	1	1	1	1	0	0
n/a	OG0015182	1	1	1	0	0	1	1	1	1
n/a	OG0015183	2	1	1	1	0	1	0	1	1
n/a	OG0015184	1	1	1	1	1	1	1	0	1
n/a	OG0015185	1	0	1	1	1	1	1	1	1
n/a	OG0015186	1	1	1	1	1	1	1	0	1
n/a	OG0015187	1	1	1	1	0	1	1	1	0
n/a	OG0015188	1	1	1	1	1	1	1	0	1
n/a	OG0015189	1	0	1	1	1	1	1	1	1
n/a	OG0015190	1	0	1	1	1	1	1	1	1
n/a	OG0015192	2	0	1	0	1	1	1	1	1
n/a	OG0015193	1	1	1	1	0	1	1	0	1
n/a	OG0015194	2	1	1	0	3	1	0	0	0
n/a	OG0015195	1	1	0	1	1	1	1	1	0
n/a	OG0015196	1	0	1	1	1	1	1	1	1
n/a	OG0015197	1	1	1	1	1	1	0	0	1
n/a	OG0015198	1	1	1	1	1	1	1	0	1
n/a	OG0015199	1	1	1	1	1	1	0	0	1
n/a	OG0015200	1	1	1	0	0	1	1	0	1
n/a	OG0015201	1	1	1	1	0	1	1	1	0
n/a	OG0015202	1	1	1	1	1	1	0	0	1
n/a	OG0015203	1	0	1	1	0	2	1	0	2
n/a	OG0015204	1	0	1	0	1	1	1	1	1
n/a	OG0015205	1	0	1	1	1	1	1	1	1
n/a	OG0015206	1	1	1	1	1	1	0	0	1
n/a	OG0015207	1	1	1	1	0	1	1	1	1
n/a	OG0015208	10	0	0	0	0	1	0	0	0
n/a	OG0015209	1	1	1	1	0	1	0	1	1
n/a	OG0015210	1	1	1	0	1	1	1	1	0
n/a	OG0015211	1	1	1	1	1	0	1	0	1
n/a	OG0015212	1	1	1	1	1	1	1	0	1
n/a	OG0015213	1	1	1	0	1	1	1	0	1
n/a	OG0015214	1	1	1	0	1	1	1	0	0
n/a	OG0015215	1	1	1	0	1	2	1	0	0
n/a	OG0015216	1	1	1	1	1	1	0	1	1
n/a	OG0015217	1	1	1	1	0	0	1	1	0
n/a	OG0015218	1	0	1	1	1	1	1	1	1
n/a	OG0015219	1	1	1	0	1	1	1	0	1
n/a	OG0015220	1	1	1	1	1	1	1	0	1
n/a	OG0015221	1	0	1	1	1	1	1	1	1
n/a	OG0015222	1	1	1	1	1	1	0	1	1
n/a	OG0015223	1	1	1	1	1	1	1	0	1
n/a	OG0015224	1	1	1	1	0	1	0	1	1
n/a	OG0015225	1	1	1	1	0	1	0	1	1
n/a	OG0015226	1	0	1	1	1	1	1	1	1
n/a	OG0015227	1	1	1	1	1	1	0	0	1
n/a	OG0015228	1	1	1	1	0	1	1	0	1
n/a	OG0015229	1	1	1	1	0	2	0	0	1
n/a	OG0015230	1	1	1	1	1	1	0	1	1
n/a	OG0015231	1	1	1	1	1	1	1	0	1
n/a	OG0015232	1	1	1	1	1	1	1	0	1
n/a	OG0015233	1	1	1	1	1	1	1	0	1
n/a	OG0015234	1	0	1	1	1	1	1	0	1
n/a	OG0015235	1	0	1	1	1	1	1	1	1
n/a	OG0015236	2	1	0	1	0	1	1	0	1
n/a	OG0015237	1	1	1	1	1	1	1	0	1
n/a	OG0015238	1	0	1	1	1	1	1	0	2
n/a	OG0015239	1	1	1	0	1	1	0	1	1
n/a	OG0015240	1	1	1	1	0	1	1	0	1
n/a	OG0015241	1	1	1	1	1	1	1	0	0
n/a	OG0015242	1	1	1	1	1	1	0	1	1
n/a	OG0015243	1	1	1	1	1	1	0	0	1
n/a	OG0015244	3	1	1	1	0	0	1	1	0
n/a	OG0015245	1	0	2	0	2	2	0	1	1
n/a	OG0015246	1	0	1	1	0	1	1	1	2
n/a	OG0015247	3	0	1	1	0	1	1	1	1
n/a	OG0015248	1	1	1	0	1	1	1	0	1
n/a	OG0015249	1	1	1	0	1	2	1	0	1
n/a	OG0015250	4	0	1	1	1	1	0	1	1
n/a	OG0015251	1	1	1	1	1	1	0	0	1
n/a	OG0015252	1	0	1	1	1	1	1	1	1
n/a	OG0015253	1	1	1	1	1	1	0	0	1
n/a	OG0015254	1	0	2	1	1	1	1	0	1
n/a	OG0015255	1	0	1	1	1	1	1	1	1
n/a	OG0015256	3	1	1	1	1	1	0	0	0
n/a	OG0015257	1	0	1	1	1	1	1	1	1
n/a	OG0015258	1	1	1	1	1	1	1	0	0
n/a	OG0015259	1	1	1	1	0	1	1	0	1
n/a	OG0015260	1	0	1	1	0	1	1	1	1
n/a	OG0015261	1	1	1	1	1	1	1	0	1
n/a	OG0015262	1	1	1	1	0	1	1	1	0
n/a	OG0015263	1	1	1	1	1	1	0	0	1
n/a	OG0015264	1	1	1	1	1	1	1	0	1
n/a	OG0015265	2	0	2	0	2	2	1	0	1
n/a	OG0015266	1	1	1	1	1	1	1	0	1
n/a	OG0015267	1	0	2	1	1	1	1	0	1
n/a	OG0015268	1	1	1	1	0	1	1	0	1
n/a	OG0015269	1	1	1	1	0	1	1	0	1
n/a	OG0015270	1	1	0	0	1	1	1	0	2
n/a	OG0015271	1	0	1	1	1	1	1	0	2
n/a	OG0015272	1	1	1	1	0	1	0	1	1
n/a	OG0015273	1	1	1	1	1	1	1	0	1
n/a	OG0015274	1	1	1	1	1	1	0	1	1
n/a	OG0015275	1	1	1	0	1	1	1	0	0
n/a	OG0015276	1	0	1	1	0	1	1	1	2
n/a	OG0015277	1	1	1	1	0	1	1	1	1
n/a	OG0015278	1	1	1	1	0	1	1	1	1
n/a	OG0015279	1	1	1	1	1	1	1	0	1
n/a	OG0015280	1	1	1	1	1	1	1	0	0
n/a	OG0015281	1	0	1	1	0	1	1	1	1
n/a	OG0015282	1	1	1	0	1	1	1	0	1
n/a	OG0015283	1	1	1	1	0	1	0	1	1
n/a	OG0015284	1	0	2	1	0	1	1	1	2
n/a	OG0015285	1	0	1	1	1	2	1	0	1
n/a	OG0015287	1	1	1	1	1	1	1	0	1
n/a	OG0015288	1	0	0	1	1	0	2	1	0
n/a	OG0015289	2	1	1	1	0	1	1	0	1
n/a	OG0015291	1	0	1	1	1	1	1	1	0
n/a	OG0015292	1	1	1	0	1	1	1	0	1
n/a	OG0015293	1	1	1	0	1	0	1	0	2
n/a	OG0015294	1	0	1	1	1	1	1	1	1
n/a	OG0015295	1	1	0	1	0	1	1	0	1
n/a	OG0015296	1	1	1	0	1	1	1	0	1
n/a	OG0015297	1	1	1	0	1	1	1	0	1
n/a	OG0015298	1	1	0	1	1	1	1	1	1
n/a	OG0015299	1	1	1	1	0	1	1	1	1
n/a	OG0015300	1	1	1	1	1	1	1	0	1
n/a	OG0015301	1	1	1	1	1	1	1	0	1
n/a	OG0015302	1	0	1	1	0	1	1	1	1
n/a	OG0015303	1	0	1	1	1	1	1	1	1
n/a	OG0015304	1	0	1	1	1	1	1	0	1
n/a	OG0015305	1	1	1	0	1	1	1	0	1
n/a	OG0015306	1	1	1	0	1	1	1	0	1
n/a	OG0015307	1	0	1	0	1	1	1	1	1
n/a	OG0015308	1	1	1	1	1	1	0	1	1
n/a	OG0015309	1	1	1	0	1	1	1	0	1
n/a	OG0015310	1	1	1	1	1	1	0	1	1
n/a	OG0015311	1	0	1	1	1	1	1	1	1
n/a	OG0015313	1	0	1	1	1	1	1	1	1
n/a	OG0015314	1	0	1	2	0	1	1	0	1
n/a	OG0015315	1	1	1	0	0	1	0	1	2
n/a	OG0015316	1	1	1	1	0	1	1	0	0
n/a	OG0015317	1	1	1	0	1	1	1	0	0
n/a	OG0015318	1	1	1	1	0	1	1	0	2
n/a	OG0015319	1	1	1	0	1	1	1	0	1
n/a	OG0015320	1	1	1	1	1	1	0	1	1
n/a	OG0015321	1	1	1	0	0	1	1	0	1
n/a	OG0015322	1	1	1	1	0	1	1	1	1
n/a	OG0015323	1	1	1	1	0	1	1	0	1
n/a	OG0015324	1	1	1	1	0	1	1	0	1
n/a	OG0015325	1	1	1	0	1	1	1	0	1
n/a	OG0015326	1	1	1	1	1	1	1	0	1
n/a	OG0015327	2	1	1	1	1	1	1	0	1
n/a	OG0015328	1	1	1	1	1	0	1	1	0
n/a	OG0015329	1	1	1	1	1	1	1	0	0
n/a	OG0015330	1	0	1	1	0	1	1	1	1
n/a	OG0015331	1	0	1	1	1	1	1	1	1
n/a	OG0015332	1	1	1	1	1	1	0	0	1
n/a	OG0015333	1	1	1	1	1	1	1	0	1
n/a	OG0015334	1	1	1	1	1	1	1	0	1
n/a	OG0015335	1	1	1	1	1	1	0	0	1
n/a	OG0015336	1	1	1	1	1	1	1	0	1
n/a	OG0015337	1	0	1	1	1	1	1	1	0
n/a	OG0015338	1	0	1	1	1	1	1	0	2
n/a	OG0015339	2	0	1	1	1	1	1	1	1
n/a	OG0015340	1	0	1	1	1	1	1	1	1
n/a	OG0015341	1	1	1	1	0	1	1	0	1
n/a	OG0015342	1	1	1	1	1	1	0	1	1
n/a	OG0015343	1	1	1	1	0	1	0	1	1
n/a	OG0015344	1	1	1	1	0	1	0	1	1
n/a	OG0015345	1	0	1	1	1	1	1	1	0
n/a	OG0015346	1	1	1	0	1	1	1	0	1
n/a	OG0015347	1	1	1	1	1	1	0	0	1
n/a	OG0015348	1	1	1	1	0	1	1	0	1
n/a	OG0015349	1	1	1	0	1	1	1	0	1
n/a	OG0015350	1	0	1	1	0	1	1	1	2
n/a	OG0015351	1	1	1	1	0	1	0	1	2
n/a	OG0015352	1	1	1	1	1	1	1	0	1
n/a	OG0015353	1	1	1	0	1	1	1	0	1
n/a	OG0015354	1	1	1	1	1	1	0	1	1
n/a	OG0015355	1	0	1	1	1	1	1	1	1
n/a	OG0015356	1	1	1	1	0	1	0	1	2
n/a	OG0015357	1	0	1	1	1	1	1	1	1
n/a	OG0015358	1	1	1	0	1	1	1	0	0
n/a	OG0015359	1	1	1	1	0	1	0	1	1
n/a	OG0015360	1	1	1	1	0	1	0	0	2
n/a	OG0015361	1	0	1	1	1	1	1	1	1
n/a	OG0015362	1	1	0	1	1	0	1	0	2
n/a	OG0015363	1	0	1	1	1	1	1	0	1
n/a	OG0015364	1	1	1	1	1	1	1	0	1
n/a	OG0015365	1	1	1	1	1	1	1	0	1
n/a	OG0015366	1	1	1	1	1	1	0	0	1
n/a	OG0015367	1	1	1	1	1	2	0	0	1
n/a	OG0015368	1	1	1	1	0	1	1	0	1
n/a	OG0015370	1	1	1	0	1	1	1	0	1
n/a	OG0015371	1	1	1	0	1	1	0	1	1
n/a	OG0015372	1	0	1	1	1	1	1	1	1
n/a	OG0015373	1	0	1	1	0	1	1	1	1
n/a	OG0015374	1	1	1	0	1	1	1	0	1
n/a	OG0015375	1	1	1	1	1	1	1	0	1
n/a	OG0015376	1	1	1	0	0	1	1	1	1
n/a	OG0015377	1	1	1	1	1	1	0	0	1
n/a	OG0015378	1	0	1	1	1	1	1	0	1
n/a	OG0015379	1	1	1	1	0	1	1	1	1
n/a	OG0015380	1	0	1	1	0	1	1	1	2
n/a	OG0015381	1	1	1	1	0	1	1	0	1
n/a	OG0015382	1	0	1	1	0	1	1	1	1
n/a	OG0015383	1	1	1	1	0	1	1	1	1
n/a	OG0015384	1	0	2	0	0	3	2	0	0
n/a	OG0015385	0	1	1	1	1	1	1	1	1
n/a	OG0015387	0	1	1	1	1	1	1	0	1
n/a	OG0015388	0	1	0	1	1	0	1	1	1
n/a	OG0015389	0	1	1	1	0	1	1	2	1
n/a	OG0015390	0	1	1	1	1	0	1	1	0
n/a	OG0015391	0	1	1	1	0	1	1	0	1
n/a	OG0015392	0	1	1	0	0	1	1	1	1
n/a	OG0015393	0	1	1	1	1	1	1	0	1
n/a	OG0015394	0	1	0	1	1	1	1	1	1
n/a	OG0015396	0	1	1	0	1	1	1	0	2
n/a	OG0015397	0	1	1	1	1	1	1	0	1
n/a	OG0015398	0	1	1	1	0	0	1	2	0
n/a	OG0015399	0	1	1	0	1	1	1	1	0
n/a	OG0015400	0	1	1	1	0	2	1	0	0
n/a	OG0015401	0	1	1	0	1	1	1	0	1
n/a	OG0015403	0	1	1	1	0	1	1	1	1
n/a	OG0015404	0	1	1	1	1	1	1	1	1
n/a	OG0015405	0	1	1	1	0	1	0	1	2
n/a	OG0015406	0	1	1	1	1	1	1	0	1
n/a	OG0015407	0	1	1	0	1	1	1	1	1
n/a	OG0015408	0	2	2	0	0	1	1	0	0
n/a	OG0015410	0	1	1	1	1	1	1	0	1
n/a	OG0015411	0	1	1	1	1	1	1	0	1
n/a	OG0015412	0	2	0	0	0	0	1	1	0
n/a	OG0015413	0	0	1	1	1	1	1	1	1
n/a	OG0015414	0	1	0	1	1	1	1	1	1
n/a	OG0015415	0	1	0	0	1	1	1	2	0
n/a	OG0015416	0	0	1	1	1	1	1	1	1
n/a	OG0015417	0	2	0	0	0	1	0	1	0
n/a	OG0015418	0	3	1	0	0	0	0	0	0
n/a	OG0015419	0	1	1	0	1	1	1	1	1
n/a	OG0015420	0	1	1	1	1	0	1	1	0
n/a	OG0015421	0	2	0	1	1	1	0	0	1
n/a	OG0015422	0	1	0	1	1	1	1	1	1
n/a	OG0015423	0	0	1	1	0	1	1	1	2
n/a	OG0015424	0	0	0	1	0	0	1	2	0
n/a	OG0015426	0	0	1	1	1	1	1	1	1
n/a	OG0015427	0	2	4	0	0	0	0	0	0
n/a	OG0015429	0	1	1	1	1	1	0	1	1
n/a	OG0015430	0	1	1	1	1	1	1	1	0
n/a	OG0015431	0	1	1	1	0	1	1	1	1
n/a	OG0015432	0	1	0	1	0	0	2	0	0
n/a	OG0015433	0	1	1	1	1	1	1	1	0
n/a	OG0015434	0	1	1	0	1	0	1	1	1
n/a	OG0015435	0	1	1	1	0	0	1	1	0
n/a	OG0015437	0	1	1	1	1	1	1	0	0
n/a	OG0015438	0	1	1	1	1	1	1	0	1
n/a	OG0015439	0	1	1	1	0	1	1	1	1
n/a	OG0015440	0	1	1	1	1	1	1	0	1
n/a	OG0015441	0	1	1	1	0	1	1	1	0
n/a	OG0015443	0	1	0	0	0	0	1	3	0
n/a	OG0015444	0	1	1	1	0	1	1	0	2
n/a	OG0015445	0	1	1	1	1	1	0	1	1
n/a	OG0015446	0	1	1	0	0	1	1	0	2
n/a	OG0015447	0	1	1	1	1	1	1	1	0
n/a	OG0015448	0	1	1	0	1	1	1	0	1
n/a	OG0015449	0	1	1	1	0	1	0	1	2
n/a	OG0015450	0	1	1	1	0	1	1	1	0
n/a	OG0015451	0	1	1	1	1	0	1	1	0
n/a	OG0015452	0	1	1	1	1	0	1	0	0
n/a	OG0015453	0	1	1	1	0	1	0	1	2
n/a	OG0015454	0	1	1	2	0	0	0	2	0
n/a	OG0015455	0	1	1	1	0	1	1	1	1
n/a	OG0015456	0	1	1	1	1	1	0	1	1
n/a	OG0015457	0	1	0	1	0	0	1	2	0
n/a	OG0015458	0	1	0	1	0	1	1	1	1
n/a	OG0015460	0	1	1	1	1	1	0	1	1
n/a	OG0015461	0	2	0	0	0	0	1	2	0
n/a	OG0015462	0	2	2	1	0	0	0	0	0
n/a	OG0015463	0	1	1	1	1	1	1	0	1
n/a	OG0015464	0	2	1	0	0	0	1	0	0
n/a	OG0015465	0	1	1	1	1	1	0	0	1
n/a	OG0015466	0	1	0	1	2	0	1	1	0
n/a	OG0015467	0	1	1	1	0	0	1	1	0
n/a	OG0015468	0	1	1	1	0	1	1	1	0
n/a	OG0015469	0	1	1	1	1	1	1	0	0
n/a	OG0015470	0	2	3	1	1	0	0	0	0
n/a	OG0015471	0	1	1	1	0	1	1	1	1
n/a	OG0015472	0	1	1	2	0	0	2	0	0
n/a	OG0015473	0	1	1	1	1	1	1	0	0
n/a	OG0015474	0	1	1	1	0	1	1	0	1
n/a	OG0015475	0	1	1	1	1	1	1	1	0
n/a	OG0015476	0	1	1	1	1	0	1	1	0
n/a	OG0015477	0	1	1	1	0	1	1	1	1
n/a	OG0015478	0	1	1	1	1	1	1	1	0
n/a	OG0015479	0	1	1	1	1	1	1	1	0
n/a	OG0015480	0	1	1	1	1	1	1	0	1
n/a	OG0015481	0	1	1	1	0	1	1	1	1
n/a	OG0015482	0	1	1	1	0	1	1	0	1
n/a	OG0015483	0	2	1	0	0	2	0	1	0
n/a	OG0015484	0	1	1	1	0	1	1	1	1
n/a	OG0015485	0	1	1	1	1	1	1	0	1
n/a	OG0015487	0	1	1	1	1	1	1	1	1
n/a	OG0015488	0	1	1	1	0	1	1	1	1
n/a	OG0015489	0	1	1	1	1	1	1	0	1
n/a	OG0015490	0	1	1	1	1	2	0	1	1
n/a	OG0015491	0	1	1	1	1	1	1	1	0
n/a	OG0015492	0	1	0	2	0	1	1	0	1
n/a	OG0015493	0	1	1	1	0	1	1	1	0
n/a	OG0015494	0	1	1	0	0	1	1	1	1
n/a	OG0015495	0	1	1	0	1	1	1	0	1
n/a	OG0015496	0	1	1	0	0	1	1	1	1
n/a	OG0015497	0	1	0	1	0	1	1	1	1
n/a	OG0015498	0	1	1	1	1	1	1	1	1
n/a	OG0015499	0	0	0	1	1	1	2	0	0
n/a	OG0015500	0	1	1	1	1	0	1	1	0
n/a	OG0015501	0	1	1	1	1	1	1	0	1
n/a	OG0015502	0	1	1	1	1	1	1	0	0
n/a	OG0015503	0	0	1	1	1	1	1	1	1
n/a	OG0015504	0	0	1	1	1	1	1	1	2
n/a	OG0015505	0	1	1	1	0	1	1	1	1
n/a	OG0015506	0	1	1	1	0	1	1	1	1
n/a	OG0015507	0	1	1	1	0	1	1	1	1
n/a	OG0015508	0	1	1	1	1	1	1	1	0
n/a	OG0015509	0	0	0	1	0	0	1	3	0
n/a	OG0015510	0	1	1	1	1	1	1	1	0
n/a	OG0015511	0	1	1	1	1	1	1	0	1
n/a	OG0015512	0	1	0	1	0	0	1	2	0
n/a	OG0015513	0	1	1	1	1	0	1	1	0
n/a	OG0015514	0	0	1	1	1	1	1	1	1
n/a	OG0015515	0	0	1	1	1	1	1	1	1
n/a	OG0015516	0	1	1	1	1	1	1	0	1
n/a	OG0015517	0	1	1	1	0	0	1	1	0
n/a	OG0015518	0	1	1	1	1	0	1	1	0
n/a	OG0015519	0	1	1	1	1	1	1	0	1
n/a	OG0015520	0	1	0	1	0	1	1	1	1
n/a	OG0015521	0	1	1	1	0	0	1	2	0
n/a	OG0015522	0	1	1	1	1	1	1	0	1
n/a	OG0015523	0	1	1	1	0	1	1	1	1
n/a	OG0015524	0	2	1	0	0	0	0	2	0
n/a	OG0015525	0	1	1	1	0	1	1	1	1
n/a	OG0015526	0	0	1	1	1	1	1	1	0
n/a	OG0015527	0	1	0	1	3	0	1	1	0
n/a	OG0015528	0	1	1	1	1	1	1	0	1
n/a	OG0015529	0	0	0	1	1	0	1	2	1
n/a	OG0015530	0	0	0	0	0	0	2	2	0
n/a	OG0015531	0	1	0	1	0	1	1	1	1
n/a	OG0015532	0	1	1	1	1	1	0	1	1
n/a	OG0015533	0	1	1	1	0	1	1	1	1
n/a	OG0015534	0	1	1	1	1	0	1	1	0
n/a	OG0015535	0	1	1	1	1	1	1	0	1
n/a	OG0015536	0	1	1	1	0	1	1	0	2
n/a	OG0015537	0	1	1	1	0	1	1	1	0
n/a	OG0015538	0	1	1	1	1	1	0	1	1
n/a	OG0015539	0	1	1	1	0	1	1	1	0
n/a	OG0015540	0	1	1	1	1	1	1	0	1
n/a	OG0015541	0	1	1	1	1	1	1	0	1
n/a	OG0015542	0	1	1	1	1	0	1	1	0
n/a	OG0015543	0	1	1	1	1	1	1	0	1
n/a	OG0015544	0	1	1	1	0	1	1	0	2
n/a	OG0015545	0	1	1	1	1	1	1	0	1
n/a	OG0015546	0	1	1	1	1	1	1	0	2
n/a	OG0015547	0	1	1	1	0	1	1	0	2
n/a	OG0015548	0	1	1	1	1	1	0	1	1
n/a	OG0015549	0	1	0	1	0	1	1	1	1
n/a	OG0015550	0	0	1	1	1	2	1	0	1
n/a	OG0015551	0	1	1	1	1	1	0	1	1
n/a	OG0015552	0	0	1	1	1	1	1	1	1
n/a	OG0015553	0	1	1	1	1	1	1	0	1
n/a	OG0015554	0	1	2	2	0	1	0	0	1
n/a	OG0015555	0	1	1	1	0	1	1	1	0
n/a	OG0015556	0	1	1	1	1	0	1	1	0
n/a	OG0015557	0	0	1	1	1	2	1	0	2
n/a	OG0015558	0	0	1	1	1	1	1	1	1
n/a	OG0015559	0	3	1	0	0	0	0	0	0
n/a	OG0015560	0	1	1	0	1	1	1	0	2
n/a	OG0015561	0	1	1	1	0	1	1	1	0
n/a	OG0015562	0	1	2	0	1	1	1	1	0
n/a	OG0015563	0	1	1	1	1	1	1	0	0
n/a	OG0015564	0	2	1	2	0	1	0	0	0
n/a	OG0015565	0	1	0	1	1	1	1	1	0
n/a	OG0015566	0	1	1	1	1	1	1	0	1
n/a	OG0015567	0	1	1	1	0	1	1	1	1
n/a	OG0015568	0	1	1	1	0	0	1	1	0
n/a	OG0015570	0	1	1	1	1	1	1	1	1
n/a	OG0015571	0	0	1	1	1	1	1	1	1
n/a	OG0015572	0	3	0	0	0	0	0	0	0
n/a	OG0015573	0	1	1	1	1	1	1	1	0
n/a	OG0015574	0	1	1	0	1	1	1	0	1
n/a	OG0015575	0	2	3	0	1	1	0	0	1
n/a	OG0015576	0	1	1	1	1	1	0	1	1
n/a	OG0015577	0	1	0	1	1	1	1	1	1
n/a	OG0015578	0	2	1	1	0	1	0	0	1
n/a	OG0015579	0	1	1	0	1	1	1	1	1
n/a	OG0015580	0	1	1	1	1	0	1	1	0
n/a	OG0015581	0	1	1	0	0	1	1	1	1
n/a	OG0015582	0	1	1	0	0	1	1	1	1
n/a	OG0015583	0	2	0	1	0	0	1	1	0
n/a	OG0015586	0	1	1	1	0	1	0	2	0
n/a	OG0015587	0	1	1	1	1	1	0	1	2
n/a	OG0015588	0	1	1	1	1	1	1	0	1
n/a	OG0015589	0	2	1	1	0	0	1	1	0
n/a	OG0015590	0	1	1	1	0	1	1	1	1
n/a	OG0015591	0	1	1	1	0	1	1	1	1
n/a	OG0015592	0	1	1	0	0	1	1	1	1
n/a	OG0015593	0	1	1	1	0	1	1	1	1
n/a	OG0015594	0	1	1	1	1	1	0	1	1
n/a	OG0015595	0	1	0	0	1	1	1	1	1
n/a	OG0015596	0	1	1	1	1	1	1	0	1
n/a	OG0015597	0	1	1	1	1	1	0	1	1
n/a	OG0015598	0	1	1	1	1	1	1	0	1
n/a	OG0015599	0	1	1	1	0	1	1	1	1
n/a	OG0015600	0	1	1	0	1	1	1	1	1
n/a	OG0015601	0	1	1	1	1	0	1	1	0
n/a	OG0015602	0	1	1	1	0	1	1	1	1
n/a	OG0015603	0	1	1	1	1	1	1	1	1
n/a	OG0015604	0	1	1	1	1	0	1	1	0
n/a	OG0015605	0	1	1	1	1	0	1	1	0
n/a	OG0015606	0	1	1	2	0	1	1	0	1
n/a	OG0015607	0	1	0	1	1	1	1	1	1
n/a	OG0015608	0	1	1	1	1	1	1	0	1
n/a	OG0015609	0	1	0	1	0	0	1	2	0
n/a	OG0015610	0	1	1	1	1	1	0	1	1
n/a	OG0015611	0	1	1	1	0	1	1	1	1
n/a	OG0015612	0	1	0	1	1	1	1	1	1
n/a	OG0015613	0	1	1	1	1	1	1	0	0
n/a	OG0015614	0	1	1	1	1	1	1	0	1
n/a	OG0015615	0	1	1	1	0	1	1	2	0
n/a	OG0015616	0	1	0	1	0	0	2	0	0
n/a	OG0015617	0	1	1	1	0	1	1	1	1
n/a	OG0015618	0	3	0	1	0	0	0	0	0
n/a	OG0015619	0	1	1	1	1	1	1	0	1
n/a	OG0015620	0	1	1	1	0	1	1	1	1
n/a	OG0015621	0	1	0	1	0	1	1	2	0
n/a	OG0015622	0	0	0	1	0	0	2	2	0
n/a	OG0015623	0	1	0	2	0	0	2	1	0
n/a	OG0015624	0	1	0	1	1	1	1	1	1
n/a	OG0015625	0	1	1	1	1	0	1	1	0
n/a	OG0015626	0	1	0	1	1	1	1	0	1
n/a	OG0015627	0	1	1	0	0	1	1	1	1
n/a	OG0015628	0	1	1	1	1	1	1	0	1
n/a	OG0015629	0	1	1	1	1	1	0	1	1
n/a	OG0015630	0	1	1	0	0	2	1	1	0
n/a	OG0015632	0	1	1	1	0	1	1	1	1
n/a	OG0015633	0	1	1	1	1	1	1	0	1
n/a	OG0015634	0	2	1	1	0	1	0	1	0
n/a	OG0015635	0	1	1	1	1	1	1	0	1
n/a	OG0015636	0	0	1	1	0	1	1	1	2
n/a	OG0015637	0	1	1	1	0	1	1	0	2
n/a	OG0015638	0	0	1	1	1	1	1	1	1
n/a	OG0015639	0	1	1	1	1	2	0	1	1
n/a	OG0015640	0	1	1	1	0	1	1	1	1
n/a	OG0015641	0	1	1	1	0	1	1	1	1
n/a	OG0015642	0	1	1	0	1	1	1	1	1
n/a	OG0015643	0	1	1	0	1	0	1	2	0
n/a	OG0015644	0	0	0	0	0	0	2	2	0
n/a	OG0015645	0	1	1	1	1	1	1	1	1
n/a	OG0015646	0	1	1	0	1	1	1	0	1
n/a	OG0015647	0	1	0	1	0	0	1	1	0
n/a	OG0015648	0	2	1	1	0	1	1	0	0
n/a	OG0015649	0	0	1	0	1	0	1	2	0
n/a	OG0015650	0	1	1	1	1	0	1	1	0
n/a	OG0015651	0	1	1	1	1	1	1	0	2
n/a	OG0015652	0	1	1	1	0	1	1	1	1
n/a	OG0015653	0	1	1	1	1	1	1	0	1
n/a	OG0015654	0	1	1	1	1	1	1	0	1
n/a	OG0015655	0	1	1	1	0	1	1	0	1
n/a	OG0015656	0	1	1	1	0	1	1	1	1
n/a	OG0015657	0	1	1	1	1	1	1	0	0
n/a	OG0015658	0	1	1	1	0	1	1	1	1
n/a	OG0015659	0	1	1	0	1	1	1	1	1
n/a	OG0015660	0	1	0	1	1	1	1	1	0
n/a	OG0015661	0	1	0	1	1	0	1	0	0
n/a	OG0015662	0	1	0	1	0	0	1	2	0
n/a	OG0015663	0	3	0	0	0	1	0	0	0
n/a	OG0015664	0	1	1	1	1	1	1	1	0
n/a	OG0015665	0	1	1	1	1	1	1	0	1
n/a	OG0015666	0	2	1	1	1	1	0	0	1
n/a	OG0015667	0	1	1	1	0	1	1	1	1
n/a	OG0015668	0	2	0	3	0	0	1	0	0
n/a	OG0015669	0	1	1	1	1	1	1	0	1
n/a	OG0015670	0	1	1	1	1	1	1	0	1
n/a	OG0015671	0	1	0	1	1	1	2	0	0
n/a	OG0015672	0	1	0	1	1	1	1	0	1
n/a	OG0015673	0	1	1	1	1	1	1	1	0
n/a	OG0015674	0	1	1	1	1	1	1	0	2
n/a	OG0015675	0	1	1	1	0	1	1	1	0
n/a	OG0015676	0	1	1	1	1	0	1	1	1
n/a	OG0015677	0	1	1	1	0	1	1	1	0
n/a	OG0015678	0	1	1	1	1	1	0	1	1
n/a	OG0015679	0	1	1	1	0	1	1	1	1
n/a	OG0015680	0	1	1	1	0	1	1	1	0
n/a	OG0015681	0	2	1	0	0	1	1	0	0
n/a	OG0015682	0	1	1	1	0	1	1	1	1
n/a	OG0015683	0	1	1	1	1	1	1	0	0
n/a	OG0015684	0	1	1	1	1	2	1	0	1
n/a	OG0015685	0	1	0	3	0	0	1	0	0
n/a	OG0015686	0	1	1	1	0	1	1	1	0
n/a	OG0015687	0	2	0	3	0	0	1	0	0
n/a	OG0015688	0	0	1	1	1	1	1	1	1
n/a	OG0015689	0	0	0	2	0	0	1	2	0
n/a	OG0015690	0	1	1	1	1	0	1	1	0
n/a	OG0015691	0	1	1	1	0	1	1	1	0
n/a	OG0015692	0	1	1	1	1	1	1	1	0
n/a	OG0015693	0	1	1	1	2	1	0	0	2
n/a	OG0015694	0	1	1	1	1	1	1	0	2
n/a	OG0015695	0	1	1	1	0	0	1	2	0
n/a	OG0015696	0	1	0	0	1	0	1	2	0
n/a	OG0015697	0	1	1	1	1	1	1	1	1
n/a	OG0015698	0	1	1	1	0	1	1	0	1
n/a	OG0015699	0	1	1	0	1	1	1	0	2
n/a	OG0015700	0	1	1	1	1	0	1	1	0
n/a	OG0015701	0	1	1	1	1	1	1	0	0
n/a	OG0015702	0	1	1	1	0	1	1	1	1
n/a	OG0015703	0	1	1	1	0	1	1	1	1
n/a	OG0015704	0	1	1	1	0	1	1	1	1
n/a	OG0015705	0	1	1	1	1	1	1	0	1
n/a	OG0015706	0	1	1	1	1	1	1	0	0
n/a	OG0015707	0	1	1	1	1	1	1	0	1
n/a	OG0015708	0	1	1	0	1	1	1	1	1
n/a	OG0015709	0	1	1	1	1	1	1	0	1
n/a	OG0015710	0	1	2	1	0	1	1	1	1
n/a	OG0015711	0	1	1	1	1	1	1	1	0
n/a	OG0015712	0	1	2	1	0	1	1	1	1
n/a	OG0015713	0	1	1	1	0	0	1	1	0
n/a	OG0015714	0	1	1	1	0	1	1	1	1
n/a	OG0015715	0	1	1	1	1	1	1	0	1
n/a	OG0015716	0	1	1	1	0	1	1	1	1
n/a	OG0015717	0	1	1	1	1	1	0	1	1
n/a	OG0015718	0	1	1	0	1	0	1	1	1
n/a	OG0015719	0	1	1	1	1	0	1	1	0
n/a	OG0015720	0	1	1	1	1	1	1	1	0
n/a	OG0015721	0	0	0	0	5	2	1	0	0
n/a	OG0015722	0	0	0	0	0	0	3	1	0
n/a	OG0015723	0	1	2	0	1	2	1	0	1
n/a	OG0015724	0	0	1	1	1	1	1	1	1
n/a	OG0015725	0	1	1	1	1	1	1	0	1
n/a	OG0015726	0	1	0	1	1	1	1	1	1
n/a	OG0015727	0	0	1	1	1	1	1	1	1
n/a	OG0015728	0	0	1	1	0	3	1	1	1
n/a	OG0015729	0	1	1	0	1	1	1	1	1
n/a	OG0015730	0	1	1	1	1	1	1	0	1
n/a	OG0015731	0	1	3	1	0	0	1	1	0
n/a	OG0015732	0	1	1	1	1	1	1	1	1
n/a	OG0015733	0	0	1	1	1	1	1	1	1
n/a	OG0015734	0	0	1	1	1	1	1	1	1
n/a	OG0015735	0	0	0	0	2	1	1	2	0
n/a	OG0015736	0	0	1	1	1	1	1	1	1
n/a	OG0015737	0	0	1	1	1	1	1	1	1
n/a	OG0015738	0	0	1	1	1	1	1	1	1
n/a	OG0015739	0	1	0	1	1	0	0	3	0
n/a	OG0015740	0	0	1	1	1	1	1	1	2
n/a	OG0015741	0	0	2	1	1	1	1	1	1
n/a	OG0015742	0	0	6	1	0	1	1	0	0
n/a	OG0015743	0	0	1	1	0	1	1	2	1
n/a	OG0015744	0	0	1	1	1	1	1	1	2
n/a	OG0015745	0	0	5	1	2	1	1	0	0
n/a	OG0015746	0	0	1	1	0	1	1	1	3
n/a	OG0015747	0	0	1	1	2	3	1	0	0
n/a	OG0015748	0	0	1	1	0	0	2	1	0
n/a	OG0015749	0	0	1	1	1	1	1	1	2
n/a	OG0015750	0	0	4	1	1	1	1	0	1
n/a	OG0015751	0	0	1	1	2	1	1	1	1
n/a	OG0015752	0	0	1	3	0	0	1	2	0
n/a	OG0015753	0	0	1	1	1	2	0	1	4
n/a	OG0015754	0	0	5	0	0	0	1	2	0
n/a	OG0015755	0	0	1	1	1	2	1	1	1
n/a	OG0015756	0	0	1	1	1	1	1	1	2
n/a	OG0015757	0	0	1	0	4	0	1	1	0
n/a	OG0015758	0	0	1	1	1	1	1	1	2
n/a	OG0015759	0	0	1	1	1	1	1	1	2
n/a	OG0015760	0	0	1	1	2	1	1	1	1
n/a	OG0015761	0	0	1	1	1	1	1	1	2
n/a	OG0015762	0	0	1	1	3	1	1	0	1
n/a	OG0015763	0	0	1	1	1	1	1	1	2
n/a	OG0015764	0	0	1	1	1	1	1	1	2
n/a	OG0015765	0	0	1	1	0	1	1	2	2
n/a	OG0015766	0	0	1	1	3	1	1	1	1
n/a	OG0015767	0	0	1	1	1	1	1	0	3
n/a	OG0015768	0	0	2	1	2	1	1	1	1
n/a	OG0015769	0	0	1	2	3	0	1	1	0
n/a	OG0015770	0	0	1	1	0	0	3	0	0
n/a	OG0015771	0	0	1	1	0	3	1	1	1
n/a	OG0015772	0	0	0	3	0	0	2	2	0
n/a	OG0015773	0	0	0	10	0	0	0	0	0
n/a	OG0015774	0	0	0	4	0	0	1	2	1
n/a	OG0015775	0	0	0	1	0	0	2	2	0
n/a	OG0015776	0	0	0	1	0	0	1	3	0
n/a	OG0015777	0	0	0	1	0	0	1	3	0
n/a	OG0015778	0	0	0	2	1	2	1	0	3
n/a	OG0015779	0	0	0	1	0	0	2	2	0
n/a	OG0015780	0	0	0	2	0	0	1	3	0
n/a	OG0015781	0	0	0	2	0	1	3	0	0
n/a	OG0015782	0	0	0	1	0	0	2	2	0
n/a	OG0015783	0	0	0	0	9	0	0	0	1
n/a	OG0015784	0	0	0	0	2	2	0	0	7
n/a	OG0015785	0	0	0	0	8	1	0	0	2
n/a	OG0015787	0	0	0	0	0	10	0	0	1
n/a	OG0015788	0	0	0	0	0	1	2	2	0
n/a	OG0015789	0	0	0	0	0	10	0	0	1
n/a	OG0015790	0	0	0	0	0	0	3	0	0
n/a	OG0015792	0	0	0	0	0	0	3	1	0
n/a	OG0015794	0	0	0	0	0	0	0	5	0
n/a	OG0015795	0	0	0	0	0	0	3	1	0
n/a	OG0015796	0	0	0	0	0	0	0	5	0
n/a	OG0015806	1	0	5	0	2	0	0	0	0
n/a	OG0015807	1	1	1	1	0	0	1	1	0
n/a	OG0015808	2	0	0	6	0	1	0	0	0
n/a	OG0015809	2	1	0	1	1	0	1	0	0
n/a	OG0015810	5	0	0	1	1	0	1	0	0
n/a	OG0015811	1	1	1	1	0	1	1	1	0
n/a	OG0015812	0	0	1	1	1	1	1	1	1
n/a	OG0015813	0	0	1	1	0	1	1	1	1
n/a	OG0015814	3	1	1	1	0	0	1	0	0
n/a	OG0015815	4	0	1	1	1	1	0	0	1
n/a	OG0015816	3	0	0	0	1	0	0	3	0
n/a	OG0015817	9	0	0	0	0	1	0	0	0
n/a	OG0015818	1	1	1	1	1	1	1	0	0
n/a	OG0015819	2	1	1	0	1	1	0	0	2
n/a	OG0015820	0	1	1	1	0	0	1	1	0
n/a	OG0015821	0	1	1	1	1	1	0	1	0
n/a	OG0015822	1	0	0	1	1	1	1	1	1
n/a	OG0015823	0	0	1	1	1	1	0	1	2
n/a	OG0015824	2	0	1	1	1	1	1	0	1
n/a	OG0015825	1	1	1	1	1	1	0	0	2
n/a	OG0015826	1	1	1	1	0	1	0	1	1
n/a	OG0015827	2	0	1	1	0	1	1	1	0
n/a	OG0015828	2	0	1	0	0	1	1	0	1
n/a	OG0015829	1	1	0	1	0	0	1	1	0
n/a	OG0015830	2	1	2	0	1	1	0	0	1
n/a	OG0015831	1	1	0	1	0	0	1	1	0
n/a	OG0015832	1	1	1	1	1	1	0	1	1
n/a	OG0015833	1	1	1	0	0	0	1	1	0
n/a	OG0015834	0	1	1	1	0	0	1	1	0
n/a	OG0015835	1	1	1	1	1	1	0	0	1
n/a	OG0015836	1	0	1	1	0	1	1	1	1
n/a	OG0015837	1	1	0	1	0	1	1	1	0
n/a	OG0015838	1	1	1	1	1	1	1	0	1
n/a	OG0015839	2	1	1	1	1	1	0	0	1
n/a	OG0015840	1	1	1	1	0	1	0	1	1
n/a	OG0015842	2	1	1	0	0	1	0	0	1
n/a	OG0015843	1	1	1	0	0	1	1	0	1
n/a	OG0015844	1	1	1	0	0	1	1	0	1
n/a	OG0015845	1	0	1	1	0	1	1	2	1
n/a	OG0015846	1	1	1	1	1	1	0	1	1
n/a	OG0015847	1	0	1	1	1	1	1	1	1
n/a	OG0015848	1	1	1	0	0	1	0	1	1
n/a	OG0015849	1	1	1	1	0	1	1	0	1
n/a	OG0015850	2	0	2	0	0	1	1	0	1
n/a	OG0015851	1	1	1	1	0	1	0	0	1
n/a	OG0015853	1	1	1	1	0	0	1	1	0
n/a	OG0015854	1	1	1	1	0	0	1	0	0
n/a	OG0015855	1	0	1	1	1	3	0	1	0
n/a	OG0015856	1	1	1	1	0	1	0	0	1
n/a	OG0015857	1	1	1	0	0	1	1	0	1
n/a	OG0015859	1	1	1	1	0	1	0	0	1
n/a	OG0015860	1	1	1	0	1	1	1	0	1
n/a	OG0015861	2	1	0	1	0	1	1	0	1
n/a	OG0015863	1	0	1	1	0	1	1	0	2
n/a	OG0015864	1	1	1	1	0	1	1	0	1
n/a	OG0015865	1	1	1	1	1	1	0	0	1
n/a	OG0015866	1	0	1	1	1	1	0	1	1
n/a	OG0015867	1	0	0	5	0	0	1	1	0
n/a	OG0015868	1	0	1	1	0	1	1	1	1
n/a	OG0015869	1	0	1	0	1	1	1	1	1
n/a	OG0015871	1	1	1	1	0	1	0	0	1
n/a	OG0015872	1	1	1	1	1	1	0	0	1
n/a	OG0015873	1	1	1	0	1	1	0	0	1
n/a	OG0015874	1	0	1	1	1	1	1	1	1
n/a	OG0015875	1	1	1	1	1	1	0	0	2
n/a	OG0015876	1	0	1	1	1	1	1	0	1
n/a	OG0015877	2	1	1	1	1	1	0	0	1
n/a	OG0015878	1	0	1	1	0	1	1	0	2
n/a	OG0015879	1	1	1	1	0	1	0	1	1
n/a	OG0015881	1	0	1	1	1	1	1	1	1
n/a	OG0015882	1	1	0	1	0	1	1	0	1
n/a	OG0015883	1	0	1	1	1	1	1	1	1
n/a	OG0015884	1	0	0	1	1	1	1	1	1
n/a	OG0015885	1	0	1	0	2	2	0	0	2
n/a	OG0015886	2	0	1	1	0	1	1	0	1
n/a	OG0015887	2	1	2	0	1	1	0	0	1
n/a	OG0015888	1	0	1	1	1	1	1	1	1
n/a	OG0015889	1	0	1	1	1	1	1	0	1
n/a	OG0015890	1	1	1	1	0	1	0	0	1
n/a	OG0015891	1	1	1	1	0	1	0	1	1
n/a	OG0015892	1	1	1	1	0	1	0	0	1
n/a	OG0015893	1	0	1	1	0	1	1	0	2
n/a	OG0015894	1	0	1	1	0	1	1	1	0
n/a	OG0015895	1	0	0	2	1	0	1	0	1
n/a	OG0015896	1	0	1	1	1	1	1	0	1
n/a	OG0015897	1	1	1	1	0	0	1	0	0
n/a	OG0015898	1	1	1	1	0	0	1	1	1
n/a	OG0015899	1	1	2	1	0	1	1	0	1
n/a	OG0015900	1	0	1	0	1	1	1	0	2
n/a	OG0015901	1	1	1	0	1	1	0	1	1
n/a	OG0015902	1	0	1	1	1	1	1	0	0
n/a	OG0015903	1	0	1	1	1	1	1	0	1
n/a	OG0015904	1	1	1	0	1	1	0	0	2
n/a	OG0015905	1	1	1	1	0	1	1	0	1
n/a	OG0015906	1	1	1	1	1	0	1	0	0
n/a	OG0015907	1	0	1	1	1	1	1	1	1
n/a	OG0015908	1	1	1	1	1	1	0	1	0
n/a	OG0015909	1	0	1	1	1	1	1	1	1
n/a	OG0015910	1	1	1	0	1	1	1	0	0
n/a	OG0015911	1	0	1	1	1	1	0	1	1
n/a	OG0015912	1	1	1	1	0	1	0	1	1
n/a	OG0015913	2	1	1	0	1	1	0	0	2
n/a	OG0015914	1	1	1	0	1	1	0	0	1
n/a	OG0015915	1	1	1	1	1	0	0	0	1
n/a	OG0015916	3	1	1	0	1	1	0	0	1
n/a	OG0015917	1	1	1	1	0	1	0	1	0
n/a	OG0015918	1	0	1	0	1	1	1	1	0
n/a	OG0015919	1	1	1	1	1	1	0	0	2
n/a	OG0015920	1	0	1	1	1	1	0	1	1
n/a	OG0015921	1	1	1	1	1	1	0	0	0
n/a	OG0015922	2	0	1	1	1	1	1	0	1
n/a	OG0015923	1	0	1	1	0	1	1	1	1
n/a	OG0015924	1	1	1	1	1	1	1	0	0
n/a	OG0015925	1	0	0	0	5	3	0	0	1
n/a	OG0015926	2	0	2	1	1	1	0	0	1
n/a	OG0015927	1	0	1	1	1	1	1	1	0
n/a	OG0015928	1	1	1	0	1	1	0	1	1
n/a	OG0015929	1	1	1	1	1	1	0	0	0
n/a	OG0015930	1	0	0	1	1	1	1	0	1
n/a	OG0015931	1	1	1	0	1	1	0	1	1
n/a	OG0015932	1	0	2	1	1	1	1	0	0
n/a	OG0015933	1	1	1	0	1	1	1	0	1
n/a	OG0015934	1	1	1	1	0	1	0	0	1
n/a	OG0015935	1	0	1	1	1	1	1	1	1
n/a	OG0015936	1	1	1	0	1	1	1	0	0
n/a	OG0015937	1	1	1	1	1	1	1	0	1
n/a	OG0015938	1	0	1	1	0	1	1	1	1
n/a	OG0015939	1	1	1	0	1	1	1	0	1
n/a	OG0015940	1	0	1	1	1	1	1	0	1
n/a	OG0015941	1	0	1	1	0	1	1	1	1
n/a	OG0015942	1	0	1	1	1	1	1	0	2
n/a	OG0015943	1	1	1	1	0	1	0	1	1
n/a	OG0015944	1	1	1	1	1	1	0	0	0
n/a	OG0015945	1	1	1	1	1	1	0	0	1
n/a	OG0015946	1	1	1	0	1	1	0	1	1
n/a	OG0015947	1	1	2	0	0	2	1	0	0
n/a	OG0015948	1	1	1	1	0	1	1	0	0
n/a	OG0015949	1	0	1	1	0	1	1	1	1
n/a	OG0015950	1	0	1	1	0	1	1	1	1
n/a	OG0015951	1	2	3	0	0	0	0	0	0
n/a	OG0015952	1	1	0	0	0	0	1	1	0
n/a	OG0015953	1	0	2	0	1	0	2	0	0
n/a	OG0015954	0	1	1	1	0	1	1	1	1
n/a	OG0015955	0	1	1	1	1	1	1	0	0
n/a	OG0015956	0	1	1	1	0	1	1	0	1
n/a	OG0015957	0	1	1	1	0	0	1	1	0
n/a	OG0015958	0	1	1	1	1	1	0	0	1
n/a	OG0015959	0	1	1	1	0	1	0	1	1
n/a	OG0015960	0	1	1	1	1	1	0	0	1
n/a	OG0015961	0	3	2	0	0	0	0	0	0
n/a	OG0015962	0	1	1	1	0	1	1	0	1
n/a	OG0015963	0	1	0	1	0	1	1	1	1
n/a	OG0015964	0	1	1	1	1	1	0	0	1
n/a	OG0015965	0	1	1	1	0	1	1	0	1
n/a	OG0015966	0	1	0	1	1	1	1	0	1
n/a	OG0015968	0	1	1	1	0	0	1	1	0
n/a	OG0015969	0	1	1	1	0	1	1	1	0
n/a	OG0015970	0	1	1	1	0	1	1	0	0
n/a	OG0015971	0	1	1	1	1	1	1	0	0
n/a	OG0015972	0	1	1	0	1	3	0	0	2
n/a	OG0015973	0	1	1	0	0	1	1	0	1
n/a	OG0015974	0	1	1	1	1	1	0	1	0
n/a	OG0015975	0	2	0	1	0	0	1	0	0
n/a	OG0015977	0	2	0	1	0	0	1	0	0
n/a	OG0015978	0	1	1	1	1	0	1	1	0
n/a	OG0015979	0	1	1	0	1	1	1	0	0
n/a	OG0015980	0	0	2	0	0	1	1	0	2
n/a	OG0015981	0	1	1	0	1	1	1	0	2
n/a	OG0015982	0	1	0	1	1	0	1	1	0
n/a	OG0015983	0	2	0	0	0	0	1	0	0
n/a	OG0015984	0	1	0	1	0	1	1	1	0
n/a	OG0015985	0	0	1	1	0	2	1	1	1
n/a	OG0015986	0	0	1	1	1	2	1	0	1
n/a	OG0015987	0	0	1	1	1	1	1	0	1
n/a	OG0015989	0	1	0	1	1	1	1	0	1
n/a	OG0015990	0	1	1	1	0	0	1	0	1
n/a	OG0015991	0	0	1	0	1	0	1	0	3
n/a	OG0015992	0	0	1	1	1	1	1	1	1
n/a	OG0015993	0	1	1	1	1	0	1	0	0
n/a	OG0015994	0	1	1	0	1	1	1	0	1
n/a	OG0015995	0	1	1	1	1	1	1	0	0
n/a	OG0015996	0	1	1	1	1	0	1	0	0
n/a	OG0015997	0	1	1	0	0	1	1	0	1
n/a	OG0015998	0	1	1	1	0	1	1	1	1
n/a	OG0015999	0	1	1	1	0	1	1	1	0
n/a	OG0016000	0	1	1	0	1	1	0	0	2
n/a	OG0016001	0	1	1	1	1	0	1	0	0
n/a	OG0016002	0	1	1	1	1	1	1	0	0
n/a	OG0016003	0	1	1	1	1	1	0	1	0
n/a	OG0016004	0	1	1	0	1	0	1	1	1
n/a	OG0016005	0	1	2	0	0	0	1	0	0
n/a	OG0016007	0	1	1	0	1	1	1	0	1
n/a	OG0016008	0	1	1	1	0	0	1	1	0
n/a	OG0016009	0	2	0	1	0	0	1	0	0
n/a	OG0016010	0	1	2	1	1	1	1	0	0
n/a	OG0016011	0	1	0	0	7	0	0	0	0
n/a	OG0016012	0	1	1	1	1	0	1	0	0
n/a	OG0016013	0	1	2	0	1	2	1	0	0
n/a	OG0016015	0	1	1	1	2	1	0	0	1
n/a	OG0016016	0	1	1	1	0	1	0	1	1
n/a	OG0016017	0	1	2	0	3	2	0	0	0
n/a	OG0016018	0	1	1	1	0	1	0	1	1
n/a	OG0016019	0	1	1	1	0	1	0	0	3
n/a	OG0016020	0	1	1	0	1	1	0	0	2
n/a	OG0016021	0	1	1	1	1	1	1	0	1
n/a	OG0016022	0	2	1	1	0	1	1	0	0
n/a	OG0016023	0	1	0	1	0	1	1	1	0
n/a	OG0016024	0	1	1	0	0	1	1	1	1
n/a	OG0016025	0	1	1	0	1	1	1	0	0
n/a	OG0016026	0	1	1	1	0	1	1	0	1
n/a	OG0016027	0	1	1	0	1	1	1	1	1
n/a	OG0016028	0	1	1	1	0	1	1	1	1
n/a	OG0016029	0	3	0	0	0	0	0	0	0
n/a	OG0016030	0	0	1	1	1	1	1	1	1
n/a	OG0016031	0	0	2	1	0	1	1	0	1
n/a	OG0016032	0	1	1	1	0	0	1	1	0
n/a	OG0016033	0	1	0	2	1	1	1	0	0
n/a	OG0016034	0	1	1	1	0	1	1	0	1
n/a	OG0016035	0	1	1	1	0	0	1	1	0
n/a	OG0016036	0	1	1	0	2	2	0	0	2
n/a	OG0016037	0	1	1	1	0	0	1	0	1
n/a	OG0016038	0	0	1	1	1	1	1	1	1
n/a	OG0016039	0	0	2	1	4	0	0	0	0
n/a	OG0016040	0	1	1	1	0	0	1	1	0
n/a	OG0016041	0	1	0	0	1	0	1	2	0
n/a	OG0016042	0	1	1	1	1	0	1	1	0
n/a	OG0016043	0	1	1	1	1	1	0	1	1
n/a	OG0016044	0	1	1	1	0	0	1	1	0
n/a	OG0016045	0	1	1	1	1	1	1	0	1
n/a	OG0016046	0	1	1	1	1	1	1	0	0
n/a	OG0016047	0	1	1	1	0	0	1	1	0
n/a	OG0016048	0	1	0	5	1	0	1	0	0
n/a	OG0016049	0	1	1	1	0	0	1	1	0
n/a	OG0016050	0	1	1	1	0	1	1	0	0
n/a	OG0016051	0	1	1	1	1	0	1	1	0
n/a	OG0016052	0	1	1	1	0	0	1	1	0
n/a	OG0016053	0	0	1	1	2	1	0	1	1
n/a	OG0016054	0	1	0	0	0	1	2	1	0
n/a	OG0016055	0	1	1	1	0	1	0	1	2
n/a	OG0016056	0	1	1	0	1	1	1	0	1
n/a	OG0016057	0	1	0	1	1	1	1	1	0
n/a	OG0016058	0	0	0	0	0	0	2	1	0
n/a	OG0016059	0	0	1	1	1	0	1	1	0
n/a	OG0016060	0	1	1	0	0	1	1	1	1
n/a	OG0016061	0	1	1	0	1	1	1	1	0
n/a	OG0016062	0	1	0	4	0	0	1	1	0
n/a	OG0016063	0	1	1	1	0	0	1	1	0
n/a	OG0016064	0	1	1	0	1	1	1	0	1
n/a	OG0016065	0	1	1	1	1	1	1	0	0
n/a	OG0016066	0	1	0	0	2	0	1	1	2
n/a	OG0016067	0	0	1	1	1	1	1	0	1
n/a	OG0016068	0	1	1	1	1	1	1	0	1
n/a	OG0016069	0	0	1	2	1	1	1	0	0
n/a	OG0016070	0	1	2	0	4	0	0	0	0
n/a	OG0016071	0	1	1	0	1	1	1	0	1
n/a	OG0016072	0	1	0	0	0	0	2	1	0
n/a	OG0016073	0	1	1	1	0	0	1	1	0
n/a	OG0016074	0	2	0	0	3	0	0	0	0
n/a	OG0016075	0	1	1	1	0	1	1	0	0
n/a	OG0016076	0	1	1	1	0	0	1	1	0
n/a	OG0016077	0	1	1	1	0	0	1	1	0
n/a	OG0016078	0	1	0	0	0	1	1	1	1
n/a	OG0016079	0	1	2	1	0	0	1	0	0
n/a	OG0016081	0	2	0	0	0	1	1	0	1
n/a	OG0016082	0	1	1	0	1	1	1	0	1
n/a	OG0016083	0	1	1	0	0	1	1	1	1
n/a	OG0016084	0	1	0	1	1	1	1	1	0
n/a	OG0016085	0	1	1	1	1	0	1	0	1
n/a	OG0016086	0	1	1	0	1	1	1	0	1
n/a	OG0016087	0	1	1	1	1	1	1	0	0
n/a	OG0016088	0	1	0	0	2	1	1	0	0
n/a	OG0016089	0	2	1	0	0	0	0	0	0
n/a	OG0016090	0	1	1	1	1	1	1	0	0
n/a	OG0016091	0	1	1	1	0	1	1	0	1
n/a	OG0016092	0	1	1	1	1	1	1	0	1
n/a	OG0016093	0	1	1	1	0	1	1	1	1
n/a	OG0016094	0	1	0	1	1	1	1	0	1
n/a	OG0016095	0	1	1	1	0	0	1	1	1
n/a	OG0016096	0	1	0	1	0	0	2	0	0
n/a	OG0016097	0	1	0	0	0	0	1	2	0
n/a	OG0016098	0	2	0	0	0	0	1	0	0
n/a	OG0016099	0	2	1	0	0	0	1	0	0
n/a	OG0016100	0	1	1	1	1	1	0	1	1
n/a	OG0016101	0	1	1	1	0	1	1	0	0
n/a	OG0016102	0	1	1	0	1	1	1	0	1
n/a	OG0016103	0	1	1	0	1	1	1	0	1
n/a	OG0016104	0	1	1	0	1	0	1	1	0
n/a	OG0016105	0	1	1	0	1	1	1	0	1
n/a	OG0016106	0	1	1	1	0	0	1	1	0
n/a	OG0016107	0	1	1	1	0	1	1	1	1
n/a	OG0016108	0	1	1	1	0	1	1	0	1
n/a	OG0016109	0	0	3	1	0	1	1	1	0
n/a	OG0016110	0	1	1	0	1	0	1	1	0
n/a	OG0016111	0	3	0	0	0	1	0	0	1
n/a	OG0016112	0	1	1	1	0	1	1	0	1
n/a	OG0016113	0	0	1	0	3	1	1	0	2
n/a	OG0016114	0	1	1	0	0	2	1	1	0
n/a	OG0016115	0	1	2	0	1	1	1	0	1
n/a	OG0016116	0	0	1	1	1	1	1	0	1
n/a	OG0016117	0	0	1	1	0	1	2	0	0
n/a	OG0016118	0	1	1	0	0	1	1	0	1
n/a	OG0016119	0	1	1	1	0	0	1	1	0
n/a	OG0016120	0	1	1	1	0	0	1	1	0
n/a	OG0016121	0	0	3	0	0	0	1	2	0
n/a	OG0016122	0	1	1	1	0	0	1	1	0
n/a	OG0016123	0	1	0	0	1	1	1	1	0
n/a	OG0016124	0	2	0	0	0	0	1	1	0
n/a	OG0016125	0	1	1	1	0	0	1	1	0
n/a	OG0016126	0	1	1	1	1	0	1	1	0
n/a	OG0016127	0	2	0	1	0	0	1	0	0
n/a	OG0016128	0	1	1	1	1	0	1	1	0
n/a	OG0016129	0	1	1	1	1	1	0	1	1
n/a	OG0016130	0	1	0	1	0	0	1	1	0
n/a	OG0016131	0	0	1	0	1	2	1	1	0
n/a	OG0016132	0	1	1	0	0	0	1	1	0
n/a	OG0016133	0	1	1	1	0	1	1	0	1
n/a	OG0016135	0	0	1	1	0	1	1	1	1
n/a	OG0016136	0	1	0	2	0	0	1	1	0
n/a	OG0016137	0	1	1	1	1	2	0	0	1
n/a	OG0016138	0	1	1	1	0	0	1	1	0
n/a	OG0016139	0	1	1	1	0	1	0	1	1
n/a	OG0016140	0	0	1	1	0	1	1	1	1
n/a	OG0016141	0	0	1	1	1	1	1	1	1
n/a	OG0016142	0	1	1	1	0	0	1	1	0
n/a	OG0016143	0	1	1	1	0	1	0	1	1
n/a	OG0016144	0	1	1	1	1	1	1	0	0
n/a	OG0016145	0	1	1	1	1	0	1	1	0
n/a	OG0016146	0	0	1	1	1	0	1	2	0
n/a	OG0016147	0	1	0	1	0	1	1	0	1
n/a	OG0016148	0	1	1	1	0	0	1	1	0
n/a	OG0016149	0	1	1	1	0	1	1	0	1
n/a	OG0016150	0	1	1	1	0	1	1	0	1
n/a	OG0016151	0	1	1	1	0	0	1	1	0
n/a	OG0016152	0	1	0	1	0	0	1	0	0
n/a	OG0016153	0	1	1	0	1	1	1	0	1
n/a	OG0016154	0	1	1	1	1	1	1	0	1
n/a	OG0016155	0	2	2	0	0	0	0	0	0
n/a	OG0016156	0	1	1	1	0	0	1	0	0
n/a	OG0016157	0	1	2	0	1	0	0	1	0
n/a	OG0016158	0	1	0	1	0	1	1	1	0
n/a	OG0016159	0	0	1	1	1	0	1	1	1
n/a	OG0016160	0	1	1	0	1	1	1	0	1
n/a	OG0016161	0	0	1	1	1	1	1	0	1
n/a	OG0016162	0	0	1	1	2	1	1	0	1
n/a	OG0016163	0	0	2	0	1	0	1	1	0
n/a	OG0016164	0	0	1	1	0	1	1	1	1
n/a	OG0016165	0	0	0	2	0	0	2	1	0
n/a	OG0016166	0	1	1	1	1	1	1	0	1
n/a	OG0016167	0	0	1	1	1	1	1	1	1
n/a	OG0016168	0	0	1	1	0	1	1	1	1
n/a	OG0016169	0	0	1	2	0	0	1	2	0
n/a	OG0016170	0	0	1	0	8	0	0	0	0
n/a	OG0016171	0	0	1	1	1	1	1	1	1
n/a	OG0016172	0	0	1	1	1	1	1	1	1
n/a	OG0016173	0	0	1	1	1	1	1	1	1
n/a	OG0016174	0	0	1	1	1	1	1	1	2
n/a	OG0016175	0	0	2	1	1	1	1	1	0
n/a	OG0016176	0	0	1	0	1	1	1	2	0
n/a	OG0016177	0	0	1	1	1	1	1	2	1
n/a	OG0016178	0	0	1	1	1	1	1	1	1
n/a	OG0016179	0	0	1	1	1	1	1	1	1
n/a	OG0016180	0	0	1	1	1	1	1	1	1
n/a	OG0016181	0	0	1	1	1	1	1	1	1
n/a	OG0016182	0	0	2	3	2	2	0	0	0
n/a	OG0016183	0	0	1	1	0	1	1	1	2
n/a	OG0016184	0	0	1	1	1	1	1	1	1
n/a	OG0016185	0	0	2	0	3	0	1	1	0
n/a	OG0016186	0	0	1	1	1	1	1	1	1
n/a	OG0016187	0	0	1	1	1	1	1	1	1
n/a	OG0016188	0	0	1	1	1	1	1	0	2
n/a	OG0016189	0	0	1	1	1	1	1	1	1
n/a	OG0016190	0	0	1	1	1	1	1	1	1
n/a	OG0016191	0	0	1	1	1	1	1	1	1
n/a	OG0016192	0	0	1	1	1	1	1	1	1
n/a	OG0016193	0	0	1	1	0	1	1	1	2
n/a	OG0016194	0	0	1	1	1	1	1	1	1
n/a	OG0016195	0	0	1	1	1	1	1	0	2
n/a	OG0016196	0	0	1	1	1	1	1	1	1
n/a	OG0016197	0	0	1	1	1	1	1	1	1
n/a	OG0016198	0	0	1	1	1	1	1	1	1
n/a	OG0016199	0	0	1	1	0	1	1	1	2
n/a	OG0016200	0	0	1	1	1	1	1	1	1
n/a	OG0016201	0	0	1	1	1	1	1	1	1
n/a	OG0016202	0	0	1	1	1	1	1	1	1
n/a	OG0016203	0	0	1	1	1	1	1	1	1
n/a	OG0016204	0	0	1	1	1	1	1	1	1
n/a	OG0016205	0	0	1	3	0	0	2	0	0
n/a	OG0016206	0	0	1	1	1	1	1	1	1
n/a	OG0016207	0	0	1	1	1	1	1	1	1
n/a	OG0016208	0	0	1	1	1	2	1	0	1
n/a	OG0016209	0	0	1	1	1	1	1	1	1
n/a	OG0016210	0	0	1	1	1	1	1	1	1
n/a	OG0016211	0	0	1	1	1	1	1	2	1
n/a	OG0016212	0	0	1	1	1	1	1	1	1
n/a	OG0016213	0	0	1	1	1	1	1	1	1
n/a	OG0016214	0	0	1	1	0	1	1	1	2
n/a	OG0016215	0	0	1	1	1	1	1	1	1
n/a	OG0016216	0	0	1	1	1	1	1	1	2
n/a	OG0016217	0	0	1	1	0	1	1	1	2
n/a	OG0016218	0	0	1	1	1	1	1	1	1
n/a	OG0016219	0	0	0	2	0	1	1	2	0
n/a	OG0016220	0	0	0	2	1	1	1	1	1
n/a	OG0016221	0	0	0	3	0	0	2	0	0
n/a	OG0016222	0	0	0	1	1	1	1	2	1
n/a	OG0016223	0	0	0	2	0	0	2	2	0
n/a	OG0016224	0	0	0	1	0	0	2	2	0
n/a	OG0016225	0	0	0	1	0	0	0	4	0
n/a	OG0016226	0	0	0	1	2	1	1	1	1
n/a	OG0016227	0	0	0	1	1	0	1	2	0
n/a	OG0016228	0	0	0	0	6	4	0	0	0
n/a	OG0016229	0	0	0	0	1	2	1	2	0
n/a	OG0016230	0	0	0	0	4	0	1	0	3
n/a	OG0016232	0	0	0	0	8	0	0	0	0
n/a	OG0016234	0	0	0	0	3	5	0	0	2
n/a	OG0016235	0	0	0	0	1	0	0	0	9
n/a	OG0016236	0	0	0	0	0	4	1	1	0
n/a	OG0016237	0	0	0	0	0	3	0	0	7
n/a	OG0016238	0	0	0	0	0	1	1	0	6
n/a	OG0016239	0	0	0	0	0	0	2	2	0
n/a	OG0016240	0	0	0	0	0	0	2	2	0
n/a	OG0016241	0	0	0	0	0	0	0	4	0
n/a	OG0016242	0	0	0	0	0	0	3	1	0
n/a	OG0016243	0	0	0	0	0	0	2	2	0
n/a	OG0016244	0	0	0	0	0	0	3	1	0
n/a	OG0016247	0	0	0	0	0	0	0	0	9
n/a	OG0016257	3	0	1	1	1	1	0	1	0
n/a	OG0016258	0	0	1	1	1	1	1	1	0
n/a	OG0016259	3	0	1	0	2	2	0	0	1
n/a	OG0016260	0	0	1	0	1	1	1	0	1
n/a	OG0016261	1	1	1	2	0	2	0	0	0
n/a	OG0016262	1	0	1	0	0	1	1	1	1
n/a	OG0016263	0	0	0	0	3	3	0	0	3
n/a	OG0016264	2	0	0	1	0	1	1	0	1
n/a	OG0016265	2	0	0	0	0	0	1	1	0
n/a	OG0016266	1	0	1	0	1	1	2	0	0
n/a	OG0016267	0	1	0	1	0	0	1	1	0
n/a	OG0016268	1	0	1	1	1	1	1	0	2
n/a	OG0016269	1	0	1	0	1	1	1	1	0
n/a	OG0016270	3	0	0	0	1	1	0	0	4
n/a	OG0016271	1	0	1	0	1	1	1	1	1
n/a	OG0016272	2	0	1	0	1	1	1	0	1
n/a	OG0016273	1	0	1	1	0	1	1	1	1
n/a	OG0016274	1	1	1	1	1	1	1	0	0
n/a	OG0016275	1	0	1	1	1	1	0	0	1
n/a	OG0016276	1	0	1	0	1	1	0	0	5
n/a	OG0016277	0	1	1	1	0	0	1	0	0
n/a	OG0016278	1	1	1	0	0	1	0	0	1
n/a	OG0016279	2	1	1	0	1	2	0	0	1
n/a	OG0016281	1	0	1	1	1	1	1	1	0
n/a	OG0016282	1	0	1	0	1	1	1	0	1
n/a	OG0016285	1	1	1	1	1	0	0	0	1
n/a	OG0016289	1	1	1	0	1	1	0	0	1
n/a	OG0016290	1	1	1	1	0	0	1	0	0
n/a	OG0016291	1	1	1	1	1	1	0	0	1
n/a	OG0016293	1	1	1	1	1	1	0	0	1
n/a	OG0016294	1	0	0	0	0	0	2	0	0
n/a	OG0016295	1	0	0	2	1	1	1	0	1
n/a	OG0016296	2	0	0	1	1	0	1	1	0
n/a	OG0016297	2	1	1	0	1	1	0	0	1
n/a	OG0016299	1	1	1	1	1	1	0	0	1
n/a	OG0016300	1	1	1	0	0	0	1	1	0
n/a	OG0016301	1	0	1	1	0	1	1	1	1
n/a	OG0016302	1	1	0	1	0	1	0	0	1
n/a	OG0016303	1	0	1	1	1	1	1	0	1
n/a	OG0016304	1	0	1	1	2	2	1	0	0
n/a	OG0016305	2	0	1	0	1	0	1	0	2
n/a	OG0016306	1	0	1	1	1	1	0	0	2
n/a	OG0016307	1	0	0	0	0	0	0	2	5
n/a	OG0016308	1	0	1	1	1	1	0	1	1
n/a	OG0016309	1	1	1	1	0	1	1	0	1
n/a	OG0016310	1	0	1	1	0	1	1	0	1
n/a	OG0016311	1	0	1	0	1	1	1	1	1
n/a	OG0016312	1	0	1	1	0	1	1	0	1
n/a	OG0016313	2	1	0	0	0	1	1	0	0
n/a	OG0016314	1	1	1	1	1	1	0	0	0
n/a	OG0016315	1	0	1	1	1	1	1	0	1
n/a	OG0016316	1	0	1	0	0	1	1	0	3
n/a	OG0016317	1	1	1	1	0	1	0	0	1
n/a	OG0016318	1	0	1	1	1	1	0	1	1
n/a	OG0016319	1	1	2	0	1	1	0	0	1
n/a	OG0016320	1	0	1	1	1	1	0	0	1
n/a	OG0016321	1	1	1	1	0	1	0	0	1
n/a	OG0016322	1	0	1	1	1	1	1	0	1
n/a	OG0016323	1	0	1	1	1	1	1	0	2
n/a	OG0016324	1	1	1	1	1	1	0	0	0
n/a	OG0016325	1	0	1	1	1	1	1	0	1
n/a	OG0016326	1	0	1	1	1	1	0	1	1
n/a	OG0016327	1	0	0	0	8	0	0	0	0
n/a	OG0016328	1	0	1	1	2	1	1	0	1
n/a	OG0016329	1	0	1	0	0	1	1	2	0
n/a	OG0016330	1	0	0	0	0	0	1	2	2
n/a	OG0016331	0	1	1	1	1	0	1	1	0
n/a	OG0016332	0	1	1	1	0	1	1	0	1
n/a	OG0016333	0	1	1	0	1	1	0	0	2
n/a	OG0016334	0	1	0	1	2	2	0	0	0
n/a	OG0016335	0	2	1	1	0	0	0	0	0
n/a	OG0016336	0	2	0	1	0	0	0	0	0
n/a	OG0016337	0	1	0	1	1	0	1	0	0
n/a	OG0016338	0	1	1	1	0	1	1	0	1
n/a	OG0016339	0	1	0	1	0	0	1	1	0
n/a	OG0016340	0	1	2	1	0	1	0	0	1
n/a	OG0016341	0	2	1	0	0	1	0	0	1
n/a	OG0016342	0	1	1	0	1	0	1	0	0
n/a	OG0016343	0	1	0	1	1	0	1	1	0
n/a	OG0016344	0	1	0	1	0	0	1	1	0
n/a	OG0016345	0	1	1	0	0	0	2	0	0
n/a	OG0016346	0	3	1	0	0	0	0	0	0
n/a	OG0016347	0	2	0	1	0	0	0	0	0
n/a	OG0016348	0	1	0	1	1	0	1	0	0
n/a	OG0016349	0	0	0	1	0	0	2	1	0
n/a	OG0016351	0	0	1	1	1	1	1	0	1
n/a	OG0016352	0	2	1	0	1	1	0	0	1
n/a	OG0016353	0	2	0	0	0	2	0	0	0
n/a	OG0016354	0	2	0	0	0	0	0	1	0
n/a	OG0016355	0	0	0	0	0	0	2	2	0
n/a	OG0016356	0	1	0	0	2	2	1	0	0
n/a	OG0016358	0	1	0	0	0	0	1	1	1
n/a	OG0016359	0	1	1	0	0	1	1	1	0
n/a	OG0016360	0	2	2	0	0	0	0	0	0
n/a	OG0016361	0	2	1	1	0	0	1	0	0
n/a	OG0016362	0	1	0	1	0	0	1	1	0
n/a	OG0016363	0	1	1	1	1	0	1	1	0
n/a	OG0016364	0	1	1	1	0	0	1	1	0
n/a	OG0016365	0	1	1	0	1	1	0	0	1
n/a	OG0016366	0	1	1	1	0	1	0	0	1
n/a	OG0016367	0	1	1	0	1	0	1	1	0
n/a	OG0016369	0	1	0	1	0	1	0	1	1
n/a	OG0016370	0	1	1	1	0	1	1	0	0
n/a	OG0016371	0	1	1	0	0	0	1	0	0
n/a	OG0016372	0	1	2	1	2	0	0	0	0
n/a	OG0016373	0	1	0	1	0	0	1	1	0
n/a	OG0016374	0	2	0	0	0	0	1	0	0
n/a	OG0016375	0	1	1	1	0	0	1	0	0
n/a	OG0016376	0	1	1	1	0	0	1	1	0
n/a	OG0016377	0	1	1	1	0	1	0	1	1
n/a	OG0016378	0	1	0	1	1	1	1	0	0
n/a	OG0016379	0	1	0	1	0	0	1	1	0
n/a	OG0016380	0	1	1	0	1	1	1	0	0
n/a	OG0016381	0	1	0	0	0	0	1	1	1
n/a	OG0016382	0	1	1	1	1	0	1	0	1
n/a	OG0016383	0	2	0	0	0	0	1	0	0
n/a	OG0016384	0	2	0	1	0	0	1	0	0
n/a	OG0016385	0	1	1	1	0	0	1	0	0
n/a	OG0016386	0	1	1	1	0	1	1	0	1
n/a	OG0016387	0	1	1	1	0	1	1	0	0
n/a	OG0016388	0	1	0	0	2	0	1	1	0
n/a	OG0016389	0	1	0	0	1	1	1	0	1
n/a	OG0016390	0	1	2	1	0	0	1	0	0
n/a	OG0016391	0	1	0	1	0	0	1	1	0
n/a	OG0016392	0	1	0	1	1	0	1	1	0
n/a	OG0016393	0	1	2	1	3	0	0	0	0
n/a	OG0016394	0	1	5	0	0	1	0	0	1
n/a	OG0016395	0	0	1	1	1	1	1	1	0
n/a	OG0016396	0	1	1	1	0	0	1	0	0
n/a	OG0016397	0	1	0	1	1	1	1	1	0
n/a	OG0016398	0	1	1	1	0	1	0	1	1
n/a	OG0016399	0	1	1	0	0	1	1	0	1
n/a	OG0016400	0	1	1	1	0	1	1	0	1
n/a	OG0016401	0	1	1	0	1	1	1	0	0
n/a	OG0016402	0	1	1	1	1	1	0	0	1
n/a	OG0016403	0	1	0	1	0	0	1	1	0
n/a	OG0016404	0	0	1	1	0	1	1	0	1
n/a	OG0016405	0	0	0	0	0	0	2	1	0
n/a	OG0016406	0	0	1	1	1	1	1	0	0
n/a	OG0016407	0	0	1	0	1	3	1	0	0
n/a	OG0016408	0	1	0	1	0	0	1	1	0
n/a	OG0016409	0	0	4	0	1	0	1	0	0
n/a	OG0016410	0	0	0	0	0	0	1	2	0
n/a	OG0016411	0	1	1	1	1	1	0	0	1
n/a	OG0016413	0	1	0	1	1	0	1	1	0
n/a	OG0016414	0	1	0	1	0	0	1	1	0
n/a	OG0016415	0	2	1	0	1	1	0	0	0
n/a	OG0016416	0	1	0	1	0	1	1	0	1
n/a	OG0016417	0	1	0	0	1	1	0	0	2
n/a	OG0016418	0	1	1	0	1	1	0	0	1
n/a	OG0016419	0	1	1	0	1	0	1	1	0
n/a	OG0016420	0	1	1	1	1	1	1	0	0
n/a	OG0016421	0	1	1	1	0	1	0	0	1
n/a	OG0016422	0	1	1	1	0	0	1	0	0
n/a	OG0016423	0	0	1	1	0	1	1	1	1
n/a	OG0016424	0	0	1	1	1	1	1	0	0
n/a	OG0016425	0	1	1	0	1	1	1	0	1
n/a	OG0016426	0	1	0	1	1	0	1	1	0
n/a	OG0016427	0	1	0	0	0	0	1	0	0
n/a	OG0016428	0	1	0	1	1	0	1	1	0
n/a	OG0016430	0	1	1	0	1	1	0	0	1
n/a	OG0016431	0	2	0	0	0	0	1	0	0
n/a	OG0016432	0	1	0	0	0	0	1	0	0
n/a	OG0016433	0	1	1	1	0	1	1	0	0
n/a	OG0016434	0	1	0	1	0	1	1	1	0
n/a	OG0016435	0	0	0	0	1	0	1	2	0
n/a	OG0016436	0	1	1	1	0	1	1	0	1
n/a	OG0016437	0	2	0	1	0	0	1	0	0
n/a	OG0016438	0	1	1	1	0	1	1	0	1
n/a	OG0016439	0	1	1	0	0	1	1	1	0
n/a	OG0016440	0	1	0	1	0	1	1	0	0
n/a	OG0016441	0	1	1	0	0	0	1	1	0
n/a	OG0016442	0	1	0	1	0	0	1	0	0
n/a	OG0016443	0	1	1	1	1	1	0	0	1
n/a	OG0016444	0	0	0	0	2	0	1	0	2
n/a	OG0016445	0	3	1	0	0	0	0	0	0
n/a	OG0016446	0	1	1	1	0	1	0	0	1
n/a	OG0016447	0	1	1	1	0	0	1	0	0
n/a	OG0016448	0	0	1	0	2	2	0	0	1
n/a	OG0016449	0	1	1	1	0	1	1	0	0
n/a	OG0016450	0	0	1	0	1	2	0	1	1
n/a	OG0016451	0	0	0	0	0	0	1	2	0
n/a	OG0016452	0	1	1	0	2	1	0	0	1
n/a	OG0016453	0	0	1	1	1	0	1	1	0
n/a	OG0016454	0	1	1	1	0	0	1	0	0
n/a	OG0016455	0	1	0	2	0	0	1	1	0
n/a	OG0016456	0	1	0	1	1	0	1	1	0
n/a	OG0016457	0	1	0	1	1	0	1	0	0
n/a	OG0016458	0	1	1	0	1	1	1	0	0
n/a	OG0016459	0	1	1	0	2	2	0	1	0
n/a	OG0016460	0	1	1	1	0	0	1	0	0
n/a	OG0016461	0	1	0	0	0	1	1	2	0
n/a	OG0016462	0	1	1	1	0	0	1	0	0
n/a	OG0016463	0	1	0	0	1	1	1	0	1
n/a	OG0016464	0	1	1	1	1	0	1	0	0
n/a	OG0016465	0	1	0	0	1	1	1	0	0
n/a	OG0016466	0	1	1	1	1	1	0	0	1
n/a	OG0016467	0	1	1	1	1	1	0	0	1
n/a	OG0016468	0	1	0	1	0	1	1	0	2
n/a	OG0016469	0	0	1	0	1	0	1	2	0
n/a	OG0016470	0	1	1	1	0	0	1	0	0
n/a	OG0016471	0	1	0	0	0	1	1	0	2
n/a	OG0016472	0	0	1	1	1	2	0	1	1
n/a	OG0016474	0	1	5	0	0	0	0	0	0
n/a	OG0016475	0	1	0	1	1	0	1	0	0
n/a	OG0016476	0	1	1	2	0	1	0	0	0
n/a	OG0016477	0	1	0	1	0	0	1	1	0
n/a	OG0016478	0	1	0	1	0	0	1	1	0
n/a	OG0016479	0	1	1	0	0	1	1	0	0
n/a	OG0016480	0	1	0	1	0	0	1	1	0
n/a	OG0016482	0	1	1	1	1	0	1	0	0
n/a	OG0016483	0	1	1	1	0	1	0	1	0
n/a	OG0016484	0	1	1	1	0	1	1	0	1
n/a	OG0016485	0	0	0	0	0	0	2	2	0
n/a	OG0016486	0	0	1	1	1	1	1	0	1
n/a	OG0016487	0	0	0	0	0	0	0	0	8
n/a	OG0016488	0	0	1	1	1	0	1	1	0
n/a	OG0016489	0	1	1	1	0	0	1	1	0
n/a	OG0016490	0	0	1	1	0	1	1	1	1
n/a	OG0016491	0	0	1	1	1	0	1	1	1
n/a	OG0016492	0	0	1	0	1	1	1	1	1
n/a	OG0016495	0	0	1	1	4	0	0	0	2
n/a	OG0016497	0	0	1	1	0	1	1	1	1
n/a	OG0016498	0	0	1	1	1	1	1	0	1
n/a	OG0016499	0	0	1	1	1	1	1	1	0
n/a	OG0016500	0	0	2	0	0	0	2	1	0
n/a	OG0016501	0	0	1	0	0	1	2	1	0
n/a	OG0016502	0	0	1	1	1	1	1	1	1
n/a	OG0016503	0	0	3	0	0	0	2	0	0
n/a	OG0016504	0	0	1	1	1	1	1	1	1
n/a	OG0016505	0	0	1	0	1	1	1	1	1
n/a	OG0016506	0	0	1	0	2	1	1	1	0
n/a	OG0016507	0	0	1	1	0	1	1	0	2
n/a	OG0016508	0	0	1	1	0	2	1	1	0
n/a	OG0016509	0	0	1	1	1	1	1	1	1
n/a	OG0016510	0	0	1	1	0	1	1	1	1
n/a	OG0016511	0	0	1	0	0	0	0	0	7
n/a	OG0016512	0	0	1	1	0	1	1	1	1
n/a	OG0016513	0	0	1	1	1	0	1	1	1
n/a	OG0016514	0	0	1	1	1	1	1	0	1
n/a	OG0016515	0	0	1	1	1	1	1	0	1
n/a	OG0016516	0	0	1	1	1	1	1	1	0
n/a	OG0016517	0	0	1	1	1	1	1	0	1
n/a	OG0016518	0	0	1	1	0	1	1	1	1
n/a	OG0016519	0	0	1	1	2	1	1	0	1
n/a	OG0016520	0	0	1	7	0	0	0	0	1
n/a	OG0016521	0	0	1	1	1	1	1	0	2
n/a	OG0016522	0	0	1	1	0	1	1	1	1
n/a	OG0016523	0	0	1	1	0	1	1	1	1
n/a	OG0016524	0	0	1	1	1	1	0	2	1
n/a	OG0016525	0	0	1	1	0	1	1	1	1
n/a	OG0016526	0	0	1	1	1	1	1	0	1
n/a	OG0016527	0	0	1	1	1	1	1	1	1
n/a	OG0016528	0	0	1	1	1	1	1	0	1
n/a	OG0016529	0	0	1	1	1	1	1	0	2
n/a	OG0016530	0	0	1	1	1	1	1	1	1
n/a	OG0016531	0	0	1	1	1	1	1	0	1
n/a	OG0016532	0	0	1	1	0	0	1	1	2
n/a	OG0016533	0	0	0	1	1	1	1	1	1
n/a	OG0016534	0	0	0	3	0	0	0	2	0
n/a	OG0016536	0	0	0	8	0	0	0	0	0
n/a	OG0016537	0	0	0	1	1	1	1	0	2
n/a	OG0016538	0	0	0	5	0	0	1	1	0
n/a	OG0016539	0	0	0	1	0	0	1	1	4
n/a	OG0016540	0	0	0	3	0	0	1	1	0
n/a	OG0016541	0	0	0	2	0	1	1	1	1
n/a	OG0016542	0	0	0	1	1	1	1	1	1
n/a	OG0016543	0	0	0	2	2	0	1	0	0
n/a	OG0016544	0	0	0	2	0	0	1	2	0
n/a	OG0016545	0	0	0	1	1	1	1	1	1
n/a	OG0016546	0	0	0	1	1	1	1	1	1
n/a	OG0016547	0	0	0	1	1	1	1	1	0
n/a	OG0016548	0	0	0	1	1	1	1	1	1
n/a	OG0016549	0	0	0	1	1	1	1	1	1
n/a	OG0016550	0	0	0	1	1	1	1	1	1
n/a	OG0016551	0	0	0	1	1	1	1	1	1
n/a	OG0016552	0	0	0	1	0	0	2	2	0
n/a	OG0016553	0	0	0	1	2	1	1	1	1
n/a	OG0016554	0	0	0	1	0	0	1	2	0
n/a	OG0016555	0	0	0	1	1	1	1	1	1
n/a	OG0016556	0	0	0	1	1	1	1	1	1
n/a	OG0016557	0	0	0	1	0	0	2	1	0
n/a	OG0016558	0	0	0	1	0	0	2	2	0
n/a	OG0016559	0	0	0	0	5	0	0	0	3
n/a	OG0016561	0	0	0	0	5	0	1	0	1
n/a	OG0016564	0	0	0	0	3	0	0	0	5
n/a	OG0016565	0	0	0	0	2	0	1	2	0
n/a	OG0016567	0	0	0	0	7	0	1	0	0
n/a	OG0016568	0	0	0	0	1	0	1	2	0
n/a	OG0016569	0	0	0	0	1	0	2	1	0
n/a	OG0016570	0	0	0	0	1	0	2	2	0
n/a	OG0016571	0	0	0	0	6	3	0	0	0
n/a	OG0016572	0	0	0	0	0	7	0	0	2
n/a	OG0016574	0	0	0	0	0	1	0	0	8
n/a	OG0016575	0	0	0	0	0	1	1	1	4
n/a	OG0016576	0	0	0	0	0	0	3	0	0
n/a	OG0016578	0	0	0	0	0	0	3	0	0
n/a	OG0016580	0	0	0	0	0	0	2	2	0
n/a	OG0016581	0	0	0	0	0	0	0	4	0
n/a	OG0016582	0	0	0	0	0	0	2	1	0
n/a	OG0016583	0	0	0	0	0	0	0	4	0
n/a	OG0016584	0	0	0	0	0	0	1	3	0
n/a	OG0016586	0	0	0	0	0	0	0	4	0
n/a	OG0016587	0	0	0	0	0	0	1	2	0
n/a	OG0016588	0	0	0	0	0	0	2	2	0
n/a	OG0016589	0	0	0	0	0	0	3	0	0
n/a	OG0016590	0	0	0	0	0	0	2	2	0
n/a	OG0016591	0	0	0	0	0	0	3	0	0
n/a	OG0016592	0	0	0	0	0	0	2	2	0
n/a	OG0016593	0	0	0	0	0	0	2	1	0
n/a	OG0016595	0	0	0	0	0	0	0	0	8
n/a	OG0016602	1	0	1	1	2	0	1	0	0
n/a	OG0016603	0	0	1	1	1	1	1	0	0
n/a	OG0016604	0	0	1	1	1	1	1	1	0
n/a	OG0016605	1	1	2	1	0	0	0	0	0
n/a	OG0016606	0	0	1	0	1	1	1	0	2
n/a	OG0016607	1	1	1	0	1	1	0	0	1
n/a	OG0016608	2	1	0	0	1	1	0	0	1
n/a	OG0016609	1	0	1	1	0	0	1	1	0
n/a	OG0016610	1	0	1	0	0	1	1	0	2
n/a	OG0016611	1	0	0	1	1	1	1	0	1
n/a	OG0016612	1	1	1	0	1	1	0	0	1
n/a	OG0016613	2	0	0	0	4	1	0	0	1
n/a	OG0016614	1	0	1	0	0	1	1	0	1
n/a	OG0016615	1	0	0	1	1	1	1	0	0
n/a	OG0016616	1	0	0	0	1	0	1	0	2
n/a	OG0016619	1	0	1	1	1	1	1	0	1
n/a	OG0016620	1	0	1	1	1	1	0	1	1
n/a	OG0016624	2	0	0	0	2	0	1	1	0
n/a	OG0016625	1	0	1	1	1	1	0	0	1
n/a	OG0016627	3	0	2	0	1	0	0	0	1
n/a	OG0016628	1	0	1	0	1	1	1	0	1
n/a	OG0016629	1	1	1	0	1	1	0	0	1
n/a	OG0016630	1	1	0	1	0	1	1	0	1
n/a	OG0016631	1	0	1	1	0	1	1	0	1
n/a	OG0016632	1	0	1	1	1	1	0	1	1
n/a	OG0016633	1	0	1	0	1	1	1	0	0
n/a	OG0016634	1	0	1	0	0	1	1	1	0
n/a	OG0016635	1	0	1	1	1	1	1	0	1
n/a	OG0016636	2	0	1	0	1	1	1	0	0
n/a	OG0016637	1	1	1	0	0	0	1	0	1
n/a	OG0016638	1	1	1	0	0	1	0	0	1
n/a	OG0016639	1	0	1	0	1	1	1	0	0
n/a	OG0016640	1	0	1	1	0	1	1	0	1
n/a	OG0016641	2	0	0	0	3	2	0	0	1
n/a	OG0016642	1	0	0	0	1	2	1	1	0
n/a	OG0016643	1	1	1	1	0	2	0	0	0
n/a	OG0016644	1	0	1	1	1	1	0	0	1
n/a	OG0016645	1	1	1	0	1	1	0	0	1
n/a	OG0016646	1	1	1	1	0	1	0	0	1
n/a	OG0016647	1	0	1	1	1	1	0	1	1
n/a	OG0016648	1	1	1	1	0	0	1	0	0
n/a	OG0016649	1	0	1	0	1	1	1	0	1
n/a	OG0016651	1	0	1	1	1	1	1	0	1
n/a	OG0016652	1	1	1	0	1	1	0	0	1
n/a	OG0016653	1	0	1	1	0	0	1	1	0
n/a	OG0016654	1	0	1	0	2	1	1	0	0
n/a	OG0016655	1	0	1	1	1	1	0	0	1
n/a	OG0016656	1	1	1	0	0	1	0	0	0
n/a	OG0016657	1	0	1	1	1	1	0	1	0
n/a	OG0016658	1	0	1	0	0	0	2	0	0
n/a	OG0016659	0	1	0	0	1	2	0	0	1
n/a	OG0016662	0	1	1	1	0	2	0	0	0
n/a	OG0016663	0	1	1	1	0	1	0	0	0
n/a	OG0016664	0	1	1	0	0	1	1	1	0
n/a	OG0016665	0	1	1	0	0	1	1	0	1
n/a	OG0016667	0	1	1	0	0	1	1	0	1
n/a	OG0016668	0	2	0	0	1	1	0	0	1
n/a	OG0016669	0	1	1	0	1	0	1	0	0
n/a	OG0016670	0	1	0	1	2	1	0	0	0
n/a	OG0016671	0	1	0	1	0	0	1	1	0
n/a	OG0016672	0	1	0	0	0	0	1	1	0
n/a	OG0016673	0	1	0	0	1	1	1	0	0
n/a	OG0016674	0	1	1	1	0	0	1	0	0
n/a	OG0016676	0	1	1	1	1	1	0	0	1
n/a	OG0016677	0	1	1	0	0	0	1	0	0
n/a	OG0016678	0	0	1	0	1	0	1	1	0
n/a	OG0016679	0	1	0	0	1	1	0	0	0
n/a	OG0016681	0	1	0	0	0	0	1	1	0
n/a	OG0016682	0	1	0	0	3	0	1	0	0
n/a	OG0016684	0	1	0	0	0	1	0	0	2
n/a	OG0016685	0	1	0	1	0	0	1	1	0
n/a	OG0016687	0	0	0	1	0	2	1	0	1
n/a	OG0016690	0	1	0	0	0	0	1	2	1
n/a	OG0016691	0	1	0	0	1	0	1	1	0
n/a	OG0016692	0	1	1	1	0	0	1	0	0
n/a	OG0016693	0	1	0	1	0	0	1	0	0
n/a	OG0016694	0	1	1	0	0	1	0	0	3
n/a	OG0016695	0	1	0	1	0	0	1	0	0
n/a	OG0016696	0	1	2	0	1	1	0	0	1
n/a	OG0016697	0	1	1	0	1	1	0	0	1
n/a	OG0016698	0	1	0	1	0	0	1	1	0
n/a	OG0016699	0	1	0	0	0	0	2	0	0
n/a	OG0016700	0	0	1	0	0	2	1	0	1
n/a	OG0016701	0	0	0	0	0	0	0	2	1
n/a	OG0016702	0	1	1	1	0	0	1	0	0
n/a	OG0016703	0	1	1	0	1	0	1	0	0
n/a	OG0016704	0	1	0	1	0	0	1	1	0
n/a	OG0016705	0	1	0	1	0	0	1	0	0
n/a	OG0016706	0	1	1	0	1	1	0	0	1
n/a	OG0016707	0	1	1	1	1	0	0	0	0
n/a	OG0016708	0	1	1	1	0	0	1	0	0
n/a	OG0016709	0	1	1	0	1	1	0	0	1
n/a	OG0016711	0	2	0	1	0	0	0	0	0
n/a	OG0016713	0	2	0	0	1	0	0	0	0
n/a	OG0016714	0	2	0	0	1	0	1	0	0
n/a	OG0016715	0	1	1	1	0	0	1	0	0
n/a	OG0016716	0	1	1	0	0	1	0	0	2
n/a	OG0016717	0	1	1	0	0	1	1	0	0
n/a	OG0016718	0	1	0	0	0	0	1	0	0
n/a	OG0016719	0	0	2	0	0	0	2	0	0
n/a	OG0016720	0	1	1	0	1	0	1	0	0
n/a	OG0016721	0	0	0	1	0	0	1	2	0
n/a	OG0016722	0	0	1	1	1	1	1	0	1
n/a	OG0016723	0	0	1	1	0	0	1	1	0
n/a	OG0016724	0	0	0	0	6	0	0	0	1
n/a	OG0016725	0	1	1	1	1	0	0	0	0
n/a	OG0016726	0	1	0	0	0	0	1	1	0
n/a	OG0016727	0	1	1	1	1	1	0	0	1
n/a	OG0016728	0	1	0	0	0	0	1	1	0
n/a	OG0016729	0	0	0	0	3	0	1	0	0
n/a	OG0016731	0	2	0	0	0	0	0	0	0
n/a	OG0016732	0	1	0	1	0	0	1	0	0
n/a	OG0016733	0	1	0	0	2	0	0	0	0
n/a	OG0016734	0	1	1	1	0	0	1	0	0
n/a	OG0016735	0	1	1	0	0	0	1	1	0
n/a	OG0016736	0	1	0	0	0	0	1	1	0
n/a	OG0016737	0	0	0	2	0	0	1	1	0
n/a	OG0016738	0	0	0	2	1	1	1	0	1
n/a	OG0016739	0	0	0	1	1	0	1	1	0
n/a	OG0016740	0	2	1	0	0	0	1	0	0
n/a	OG0016741	0	1	1	1	0	0	1	0	0
n/a	OG0016742	0	0	0	0	0	2	1	0	1
n/a	OG0016743	0	1	0	0	3	1	1	0	0
n/a	OG0016744	0	1	0	1	0	0	1	0	0
n/a	OG0016745	0	1	0	1	0	0	1	1	0
n/a	OG0016746	0	1	1	0	0	1	0	0	1
n/a	OG0016747	0	2	0	0	0	0	0	0	0
n/a	OG0016748	0	1	0	1	0	1	1	0	1
n/a	OG0016749	0	1	2	1	0	1	0	0	0
n/a	OG0016750	0	1	1	0	0	0	1	0	0
n/a	OG0016751	0	1	1	1	0	1	0	0	1
n/a	OG0016752	0	2	0	0	0	0	1	0	0
n/a	OG0016753	0	1	1	1	0	0	1	0	0
n/a	OG0016754	0	1	0	0	0	0	0	2	0
n/a	OG0016755	0	1	1	1	0	0	0	1	0
n/a	OG0016756	0	2	0	0	0	0	1	0	0
n/a	OG0016757	0	1	0	2	0	0	1	0	0
n/a	OG0016758	0	0	0	0	0	0	2	1	0
n/a	OG0016759	0	1	0	1	1	0	1	0	0
n/a	OG0016760	0	0	1	0	1	0	1	1	0
n/a	OG0016761	0	1	1	0	1	1	0	0	1
n/a	OG0016762	0	1	1	0	1	3	0	0	0
n/a	OG0016763	0	1	1	1	0	0	1	0	0
n/a	OG0016764	0	1	1	0	0	0	1	1	0
n/a	OG0016765	0	1	0	1	0	0	1	1	0
n/a	OG0016766	0	0	0	0	1	0	1	2	0
n/a	OG0016767	0	0	0	0	6	0	0	0	1
n/a	OG0016768	0	1	1	0	1	0	1	0	0
n/a	OG0016769	0	1	1	1	0	1	1	0	0
n/a	OG0016770	0	1	0	2	0	0	1	0	0
n/a	OG0016771	0	1	1	1	2	0	0	0	0
n/a	OG0016772	0	1	1	1	1	1	0	0	1
n/a	OG0016773	0	1	0	1	0	0	1	0	0
n/a	OG0016774	0	1	0	0	3	0	1	0	0
n/a	OG0016775	0	2	0	0	0	0	1	0	0
n/a	OG0016776	0	1	0	1	0	0	1	0	0
n/a	OG0016777	0	1	2	0	0	0	0	1	0
n/a	OG0016778	0	0	0	1	0	1	2	0	0
n/a	OG0016779	0	1	1	0	0	0	1	1	0
n/a	OG0016780	0	1	1	1	1	1	0	0	1
n/a	OG0016781	0	1	0	1	0	0	1	1	0
n/a	OG0016782	0	1	1	1	0	1	1	0	1
n/a	OG0016783	0	0	0	2	0	1	1	1	0
n/a	OG0016784	0	1	1	0	1	1	0	0	2
n/a	OG0016786	0	1	1	1	1	1	0	0	1
n/a	OG0016787	0	1	0	1	0	0	1	0	0
n/a	OG0016788	0	1	1	0	1	1	0	0	2
n/a	OG0016789	0	1	0	1	0	0	1	1	0
n/a	OG0016790	0	1	1	1	0	0	1	1	0
n/a	OG0016791	0	2	0	0	0	0	0	0	0
n/a	OG0016792	0	1	1	0	0	0	1	1	0
n/a	OG0016793	0	0	1	0	0	0	1	2	0
n/a	OG0016794	0	1	1	1	0	1	1	0	1
n/a	OG0016795	0	1	1	0	0	0	1	1	0
n/a	OG0016796	0	1	0	0	0	0	2	0	0
n/a	OG0016797	0	0	0	0	1	1	1	1	1
n/a	OG0016798	0	0	0	0	2	0	1	1	0
n/a	OG0016799	0	1	6	0	0	0	0	0	0
n/a	OG0016800	0	0	6	0	0	1	0	0	0
n/a	OG0016801	0	0	1	0	0	1	0	0	6
n/a	OG0016802	0	0	1	0	1	1	1	1	0
n/a	OG0016803	0	0	1	0	0	1	1	0	2
n/a	OG0016804	0	0	1	4	0	0	0	0	2
n/a	OG0016805	0	0	1	0	0	0	0	0	7
n/a	OG0016807	0	0	3	1	1	1	0	0	1
n/a	OG0016808	0	0	1	1	1	1	1	0	1
n/a	OG0016809	0	0	2	0	6	0	0	0	0
n/a	OG0016810	0	0	1	0	1	1	1	1	1
n/a	OG0016811	0	0	1	1	1	0	1	1	0
n/a	OG0016812	0	0	1	1	0	1	1	1	1
n/a	OG0016813	0	0	2	2	0	0	1	1	0
n/a	OG0016814	0	0	3	1	0	0	1	0	1
n/a	OG0016815	0	0	1	0	2	0	1	0	2
n/a	OG0016816	0	0	1	1	1	1	1	0	1
n/a	OG0016817	0	0	1	2	0	0	1	1	0
n/a	OG0016818	0	0	1	0	3	0	1	0	0
n/a	OG0016819	0	0	1	1	0	0	1	1	1
n/a	OG0016820	0	0	1	0	0	0	2	1	0
n/a	OG0016821	0	0	1	1	1	0	1	1	0
n/a	OG0016822	0	0	1	1	1	1	1	0	0
n/a	OG0016823	0	0	1	1	0	1	1	1	0
n/a	OG0016824	0	0	1	2	0	1	0	1	1
n/a	OG0016825	0	0	1	1	1	1	1	0	1
n/a	OG0016826	0	0	1	1	1	1	1	0	1
n/a	OG0016827	0	0	1	1	0	1	1	0	1
n/a	OG0016828	0	0	1	1	0	1	1	0	2
n/a	OG0016830	0	0	0	2	0	0	1	1	0
n/a	OG0016831	0	0	0	1	0	1	1	1	1
n/a	OG0016833	0	0	0	1	0	1	2	0	1
n/a	OG0016834	0	0	0	3	0	0	1	1	0
n/a	OG0016835	0	0	0	1	0	0	1	2	0
n/a	OG0016836	0	0	0	1	0	1	1	1	1
n/a	OG0016837	0	0	0	2	0	1	1	1	1
n/a	OG0016838	0	0	0	6	0	0	0	0	2
n/a	OG0016839	0	0	0	1	0	0	1	2	0
n/a	OG0016840	0	0	0	1	0	0	1	2	0
n/a	OG0016841	0	0	0	1	0	0	1	2	0
n/a	OG0016842	0	0	0	2	0	0	1	2	0
n/a	OG0016843	0	0	0	1	0	0	1	2	0
n/a	OG0016844	0	0	0	1	1	1	1	0	1
n/a	OG0016845	0	0	0	1	0	0	1	2	0
n/a	OG0016846	0	0	0	1	0	0	2	0	0
n/a	OG0016847	0	0	0	2	0	0	1	2	0
n/a	OG0016848	0	0	0	1	0	0	2	1	0
n/a	OG0016849	0	0	0	3	0	1	0	0	4
n/a	OG0016850	0	0	0	1	0	0	2	0	0
n/a	OG0016851	0	0	0	1	0	0	1	2	0
n/a	OG0016853	0	0	0	1	1	0	1	2	0
n/a	OG0016854	0	0	0	3	0	0	2	0	0
n/a	OG0016855	0	0	0	1	0	0	1	2	0
n/a	OG0016856	0	0	0	1	0	0	1	2	0
n/a	OG0016857	0	0	0	1	0	0	1	2	0
n/a	OG0016858	0	0	0	6	0	0	0	1	0
n/a	OG0016859	0	0	0	1	0	0	2	1	0
n/a	OG0016860	0	0	0	1	2	0	1	1	0
n/a	OG0016861	0	0	0	0	4	0	0	0	3
n/a	OG0016862	0	0	0	0	6	0	0	0	2
n/a	OG0016863	0	0	0	0	7	0	0	0	1
n/a	OG0016864	0	0	0	0	6	1	0	0	1
n/a	OG0016866	0	0	0	0	5	0	0	1	0
n/a	OG0016867	0	0	0	0	3	0	1	1	0
n/a	OG0016868	0	0	0	0	3	1	0	0	3
n/a	OG0016869	0	0	0	0	6	1	0	0	1
n/a	OG0016870	0	0	0	0	4	2	0	0	2
n/a	OG0016872	0	0	0	0	7	1	0	0	0
n/a	OG0016873	0	0	0	0	5	2	0	0	0
n/a	OG0016874	0	0	0	0	6	0	0	0	0
n/a	OG0016876	0	0	0	0	1	1	1	2	0
n/a	OG0016877	0	0	0	0	3	4	0	0	1
n/a	OG0016878	0	0	0	0	0	5	0	0	3
n/a	OG0016879	0	0	0	0	0	1	1	1	3
n/a	OG0016880	0	0	0	0	0	3	0	0	5
n/a	OG0016881	0	0	0	0	0	1	0	0	7
n/a	OG0016882	0	0	0	0	0	7	0	0	1
n/a	OG0016883	0	0	0	0	0	7	0	0	1
n/a	OG0016884	0	0	0	0	0	4	0	0	4
n/a	OG0016885	0	0	0	0	0	0	1	2	0
n/a	OG0016886	0	0	0	0	0	0	1	2	0
n/a	OG0016887	0	0	0	0	0	0	2	1	0
n/a	OG0016888	0	0	0	0	0	0	1	2	0
n/a	OG0016889	0	0	0	0	0	0	0	4	0
n/a	OG0016891	0	0	0	0	0	0	1	0	4
n/a	OG0016892	0	0	0	0	0	0	1	2	0
n/a	OG0016894	0	0	0	0	0	0	1	3	0
n/a	OG0016896	0	0	0	0	0	0	2	1	0
n/a	OG0016897	0	0	0	0	0	0	2	1	0
n/a	OG0016898	0	0	0	0	0	0	1	2	0
n/a	OG0016899	0	0	0	0	0	0	1	2	0
n/a	OG0016900	0	0	0	0	0	0	1	2	0
n/a	OG0016901	0	0	0	0	0	0	1	2	0
n/a	OG0016902	0	0	0	0	0	0	2	2	0
n/a	OG0016903	0	0	0	0	0	0	0	4	0
n/a	OG0016904	0	0	0	0	0	0	0	1	6
n/a	OG0016922	1	1	1	0	0	0	0	1	0
n/a	OG0016923	1	2	0	1	0	0	0	0	0
n/a	OG0016924	1	0	1	1	0	1	1	0	0
n/a	OG0016925	5	0	0	0	0	2	0	0	0
n/a	OG0016926	0	1	0	0	0	0	1	1	0
n/a	OG0016927	0	1	1	1	0	1	0	0	1
n/a	OG0016928	0	0	0	0	2	2	0	0	3
n/a	OG0016929	1	0	1	1	1	1	0	0	0
n/a	OG0016930	1	1	1	0	0	1	0	0	1
n/a	OG0016931	1	0	0	1	0	0	1	1	0
n/a	OG0016932	1	1	1	1	0	0	0	0	1
n/a	OG0016933	1	0	0	1	1	0	0	1	1
n/a	OG0016934	1	1	1	0	1	1	0	0	1
n/a	OG0016935	2	0	2	0	2	1	0	0	0
n/a	OG0016936	1	0	0	0	4	1	0	0	1
n/a	OG0016937	4	0	0	0	0	1	0	0	2
n/a	OG0016940	1	0	1	1	1	1	0	1	0
n/a	OG0016941	4	0	1	0	1	1	0	0	0
n/a	OG0016950	1	0	1	0	1	1	1	0	0
n/a	OG0016951	1	1	1	0	2	1	0	0	0
n/a	OG0016954	1	1	1	0	0	1	0	0	1
n/a	OG0016955	1	1	1	0	1	1	0	0	0
n/a	OG0016957	1	0	0	0	0	0	0	0	6
n/a	OG0016959	1	0	0	0	1	3	0	0	2
n/a	OG0016961	1	1	1	1	1	0	0	0	0
n/a	OG0016964	2	1	1	0	1	0	0	0	0
n/a	OG0016965	1	2	0	0	0	0	0	0	0
n/a	OG0016966	1	1	1	0	0	1	0	0	1
n/a	OG0016967	1	0	1	0	1	1	1	0	0
n/a	OG0016968	1	0	1	1	0	1	0	0	2
n/a	OG0016969	1	0	0	4	0	0	0	0	1
n/a	OG0016971	1	1	1	0	1	1	0	0	0
n/a	OG0016972	1	1	1	0	1	0	0	0	0
n/a	OG0016973	1	0	0	4	0	0	0	1	0
n/a	OG0016974	1	0	1	0	1	1	0	0	1
n/a	OG0016975	1	1	1	0	1	1	0	0	0
n/a	OG0016976	1	0	1	1	1	1	0	0	1
n/a	OG0016977	1	0	0	1	0	1	0	1	1
n/a	OG0016978	1	0	1	0	1	1	0	1	1
n/a	OG0016979	1	1	1	0	1	1	0	0	1
n/a	OG0016981	0	1	1	0	1	1	0	0	1
n/a	OG0016982	0	1	0	1	0	0	1	0	0
n/a	OG0016984	0	1	0	0	0	0	1	1	0
n/a	OG0016986	0	0	1	1	2	1	0	0	0
n/a	OG0016987	0	2	0	1	0	0	0	0	0
n/a	OG0016990	0	1	2	0	1	0	0	0	0
n/a	OG0016991	0	1	1	2	1	0	0	0	0
n/a	OG0016993	0	1	0	0	0	0	2	0	0
n/a	OG0016995	0	0	1	1	0	3	0	0	1
n/a	OG0016996	0	1	0	0	0	0	1	1	0
n/a	OG0016998	0	1	1	0	2	0	0	0	0
n/a	OG0016999	0	1	1	0	1	1	0	0	1
n/a	OG0017001	0	0	0	0	0	0	1	2	0
n/a	OG0017002	0	0	0	0	0	0	1	1	0
n/a	OG0017004	0	0	0	1	0	0	1	1	0
n/a	OG0017006	0	1	0	1	0	0	0	0	0
n/a	OG0017007	0	1	0	0	0	0	1	0	0
n/a	OG0017008	0	1	1	1	0	1	0	0	1
n/a	OG0017009	0	1	0	0	0	0	1	0	0
n/a	OG0017011	0	1	1	0	1	0	1	0	0
n/a	OG0017012	0	0	1	1	0	0	1	1	0
n/a	OG0017013	0	1	0	0	0	0	1	0	0
n/a	OG0017015	0	2	0	0	0	1	0	0	0
n/a	OG0017016	0	2	0	0	0	1	0	0	0
n/a	OG0017017	0	1	1	0	1	0	1	0	0
n/a	OG0017019	0	1	4	0	0	0	0	0	0
n/a	OG0017020	0	1	1	0	1	0	0	0	0
n/a	OG0017022	0	1	1	1	0	0	0	1	0
n/a	OG0017023	0	1	1	0	1	1	0	0	1
n/a	OG0017024	0	1	0	0	1	0	1	0	0
n/a	OG0017025	0	1	0	1	0	0	1	0	0
n/a	OG0017026	0	1	1	0	1	1	0	0	1
n/a	OG0017027	0	1	0	1	0	0	1	0	0
n/a	OG0017030	0	1	0	0	0	0	1	1	0
n/a	OG0017031	0	1	0	1	0	0	0	1	0
n/a	OG0017032	0	1	1	0	0	2	0	0	1
n/a	OG0017034	0	1	0	0	0	0	1	0	0
n/a	OG0017035	0	1	1	0	1	1	0	0	1
n/a	OG0017036	0	0	0	1	0	0	1	1	0
n/a	OG0017037	0	0	1	0	1	1	0	0	1
n/a	OG0017038	0	1	1	0	1	1	0	0	1
n/a	OG0017039	0	1	0	1	0	0	1	0	0
n/a	OG0017040	0	0	0	0	0	1	1	1	0
n/a	OG0017041	0	1	0	1	0	0	0	1	0
n/a	OG0017042	0	1	0	0	0	0	1	1	0
n/a	OG0017043	0	1	1	1	0	0	1	0	0
n/a	OG0017044	0	1	0	3	0	0	1	0	0
n/a	OG0017045	0	2	0	1	0	0	0	0	0
n/a	OG0017047	0	1	0	2	1	1	0	0	1
n/a	OG0017048	0	2	0	1	0	0	0	0	0
n/a	OG0017049	0	1	1	0	1	1	0	0	1
n/a	OG0017050	0	1	1	0	0	2	0	0	1
n/a	OG0017051	0	1	1	1	0	1	0	0	0
n/a	OG0017052	0	0	0	0	0	0	1	1	0
n/a	OG0017053	0	1	0	0	0	0	1	1	0
n/a	OG0017054	0	1	1	1	1	1	0	0	1
n/a	OG0017055	0	1	0	0	1	0	1	0	0
n/a	OG0017056	0	1	0	1	0	0	1	1	0
n/a	OG0017057	0	0	0	2	0	0	0	2	0
n/a	OG0017060	0	1	3	0	0	2	0	0	0
n/a	OG0017061	0	0	0	0	0	0	1	2	0
n/a	OG0017063	0	2	0	0	0	0	0	0	0
n/a	OG0017064	0	1	1	0	0	1	0	0	2
n/a	OG0017066	0	1	1	0	1	1	0	0	1
n/a	OG0017067	0	1	0	1	0	0	1	0	0
n/a	OG0017068	0	0	0	0	0	0	1	2	0
n/a	OG0017069	0	1	0	0	0	0	1	1	0
n/a	OG0017070	0	0	0	0	0	1	1	0	2
n/a	OG0017071	0	1	0	0	0	0	0	1	0
n/a	OG0017072	0	1	0	0	0	0	0	1	0
n/a	OG0017073	0	1	1	0	0	1	0	0	1
n/a	OG0017074	0	1	0	0	0	0	1	0	0
n/a	OG0017075	0	1	0	1	0	0	1	0	0
n/a	OG0017077	0	1	4	0	0	0	0	0	0
n/a	OG0017078	0	1	0	1	2	2	0	0	0
n/a	OG0017079	0	1	0	0	1	0	1	0	0
n/a	OG0017080	0	1	1	1	0	0	1	0	0
n/a	OG0017081	0	1	0	1	2	1	0	0	0
n/a	OG0017082	0	1	0	1	0	0	1	0	0
n/a	OG0017083	0	1	0	0	0	1	0	1	0
n/a	OG0017084	0	1	0	0	0	0	1	1	0
n/a	OG0017085	0	1	1	0	0	1	1	0	1
n/a	OG0017086	0	2	1	0	0	0	0	0	0
n/a	OG0017087	0	1	1	1	0	0	1	0	0
n/a	OG0017088	0	1	1	0	1	1	0	0	1
n/a	OG0017089	0	1	0	0	1	0	1	0	0
n/a	OG0017090	0	1	0	1	1	0	1	0	0
n/a	OG0017091	0	1	0	0	0	0	1	1	0
n/a	OG0017092	0	0	1	0	1	3	0	0	0
n/a	OG0017093	0	1	1	0	1	1	0	0	2
n/a	OG0017094	0	0	3	0	2	0	0	0	0
n/a	OG0017095	0	0	1	2	0	0	1	0	0
n/a	OG0017096	0	1	0	1	1	1	0	0	0
n/a	OG0017097	0	1	0	1	0	0	1	0	0
n/a	OG0017098	0	0	1	0	2	0	1	0	0
n/a	OG0017099	0	1	1	0	1	1	0	0	1
n/a	OG0017100	0	1	1	1	0	1	0	0	1
n/a	OG0017101	0	1	0	0	0	0	1	1	0
n/a	OG0017102	0	1	1	0	1	1	0	0	1
n/a	OG0017103	0	1	0	0	2	2	0	0	1
n/a	OG0017104	0	1	1	0	1	1	0	0	1
n/a	OG0017105	0	0	1	1	2	0	0	0	0
n/a	OG0017106	0	0	2	1	2	1	0	0	0
n/a	OG0017107	0	0	1	1	0	0	1	1	0
n/a	OG0017108	0	0	1	0	2	0	1	0	0
n/a	OG0017109	0	2	0	1	0	0	0	0	0
n/a	OG0017110	0	0	0	1	3	0	0	0	0
n/a	OG0017111	0	0	0	0	0	0	1	1	0
n/a	OG0017112	0	0	3	0	1	1	0	0	0
n/a	OG0017113	0	0	0	0	0	0	1	2	0
n/a	OG0017114	0	0	0	2	0	0	1	0	0
n/a	OG0017115	0	1	1	1	1	1	0	0	0
n/a	OG0017116	0	1	0	1	0	0	1	0	0
n/a	OG0017117	0	2	0	0	1	0	0	0	0
n/a	OG0017119	0	0	0	0	0	0	1	2	0
n/a	OG0017120	0	0	0	0	0	0	2	0	0
n/a	OG0017121	0	2	0	0	0	0	0	0	0
n/a	OG0017122	0	0	0	0	0	0	1	2	0
n/a	OG0017123	0	0	0	0	0	0	1	2	0
n/a	OG0017124	0	0	1	0	1	1	1	0	0
n/a	OG0017125	0	0	0	1	0	0	1	1	0
n/a	OG0017126	0	1	1	1	1	0	0	0	0
n/a	OG0017127	0	1	1	1	0	0	1	0	0
n/a	OG0017128	0	1	1	0	0	1	0	0	2
n/a	OG0017129	0	0	1	1	1	1	0	0	2
n/a	OG0017130	0	0	2	0	1	1	1	0	0
n/a	OG0017131	0	0	1	1	1	0	0	2	1
n/a	OG0017133	0	0	2	1	1	1	1	0	0
n/a	OG0017134	0	0	1	1	0	0	1	1	0
n/a	OG0017135	0	0	1	0	1	1	1	0	0
n/a	OG0017136	0	0	1	1	2	1	0	0	1
n/a	OG0017137	0	0	1	0	0	0	2	0	0
n/a	OG0017138	0	0	1	1	1	1	1	0	0
n/a	OG0017139	0	0	2	1	2	1	0	0	0
n/a	OG0017140	0	0	1	0	0	0	1	0	2
n/a	OG0017141	0	0	1	0	0	0	1	1	0
n/a	OG0017142	0	0	1	1	0	1	1	0	1
n/a	OG0017143	0	0	1	1	0	0	1	1	0
n/a	OG0017144	0	0	1	0	0	0	1	1	0
n/a	OG0017145	0	0	1	0	1	0	1	0	0
n/a	OG0017146	0	0	1	1	0	0	1	1	0
n/a	OG0017147	0	0	1	1	0	0	1	1	0
n/a	OG0017148	0	0	1	0	0	0	1	1	0
n/a	OG0017149	0	0	1	0	4	0	0	0	1
n/a	OG0017150	0	0	1	1	0	0	1	1	0
n/a	OG0017151	0	0	1	1	1	1	1	0	1
n/a	OG0017152	0	0	1	0	0	0	1	1	0
n/a	OG0017153	0	0	2	0	0	0	2	0	0
n/a	OG0017154	0	0	1	1	1	1	0	1	0
n/a	OG0017155	0	0	1	0	1	2	0	0	2
n/a	OG0017156	0	0	2	0	0	0	2	0	0
n/a	OG0017157	0	0	1	1	0	0	1	1	0
n/a	OG0017158	0	0	1	0	1	1	1	0	1
n/a	OG0017159	0	0	1	0	0	0	1	2	0
n/a	OG0017160	0	0	1	0	0	0	1	2	0
n/a	OG0017161	0	0	1	2	0	0	1	1	0
n/a	OG0017162	0	0	2	0	2	2	0	0	1
n/a	OG0017163	0	0	1	1	1	1	1	0	1
n/a	OG0017164	0	0	1	1	0	0	1	1	0
n/a	OG0017166	0	0	0	6	0	0	0	0	0
n/a	OG0017167	0	0	0	1	0	0	0	2	0
n/a	OG0017168	0	0	0	1	1	0	1	1	0
n/a	OG0017169	0	0	0	1	0	0	1	1	0
n/a	OG0017170	0	0	0	2	0	0	0	0	5
n/a	OG0017171	0	0	0	1	0	0	1	2	0
n/a	OG0017172	0	0	0	4	0	0	1	0	0
n/a	OG0017173	0	0	0	1	0	2	1	0	0
n/a	OG0017174	0	0	0	1	0	0	1	1	0
n/a	OG0017175	0	0	0	1	1	1	1	1	0
n/a	OG0017176	0	0	0	1	0	0	1	1	0
n/a	OG0017177	0	0	0	1	0	0	1	1	0
n/a	OG0017178	0	0	0	5	1	0	0	0	0
n/a	OG0017179	0	0	0	2	2	2	0	0	1
n/a	OG0017180	0	0	0	1	0	0	1	1	0
n/a	OG0017181	0	0	0	2	0	0	1	1	0
n/a	OG0017182	0	0	0	1	1	1	1	0	1
n/a	OG0017183	0	0	0	1	0	1	1	1	0
n/a	OG0017184	0	0	0	1	1	0	1	1	0
n/a	OG0017185	0	0	0	1	0	0	1	2	0
n/a	OG0017186	0	0	0	1	0	0	1	1	2
n/a	OG0017187	0	0	0	1	0	1	1	1	1
n/a	OG0017188	0	0	0	2	1	0	1	0	0
n/a	OG0017189	0	0	0	1	1	0	1	1	0
n/a	OG0017190	0	0	0	1	0	1	1	1	0
n/a	OG0017191	0	0	0	1	0	0	2	0	0
n/a	OG0017192	0	0	0	3	0	0	1	1	0
n/a	OG0017193	0	0	0	1	0	0	2	0	0
n/a	OG0017194	0	0	0	2	0	0	1	1	0
n/a	OG0017195	0	0	0	1	0	0	1	1	0
n/a	OG0017196	0	0	0	5	0	0	0	0	0
n/a	OG0017198	0	0	0	0	1	1	1	1	1
n/a	OG0017199	0	0	0	0	3	0	1	1	0
n/a	OG0017203	0	0	0	0	3	0	0	0	4
n/a	OG0017206	0	0	0	0	4	1	0	0	2
n/a	OG0017207	0	0	0	0	1	0	1	1	1
n/a	OG0017208	0	0	0	0	4	0	0	2	0
n/a	OG0017210	0	0	0	0	2	0	1	1	0
n/a	OG0017211	0	0	0	0	3	0	1	0	0
n/a	OG0017212	0	0	0	0	2	0	0	0	5
n/a	OG0017213	0	0	0	0	1	0	1	1	1
n/a	OG0017214	0	0	0	0	5	1	0	0	1
n/a	OG0017215	0	0	0	0	5	0	1	0	0
n/a	OG0017216	0	0	0	0	2	0	1	1	0
n/a	OG0017217	0	0	0	0	1	0	0	0	4
n/a	OG0017218	0	0	0	0	6	1	0	0	0
n/a	OG0017219	0	0	0	0	2	0	1	0	3
n/a	OG0017220	0	0	0	0	1	0	1	1	2
n/a	OG0017221	0	0	0	0	3	0	1	0	0
n/a	OG0017222	0	0	0	0	2	0	1	1	0
n/a	OG0017223	0	0	0	0	1	0	0	0	6
n/a	OG0017224	0	0	0	0	2	1	0	0	4
n/a	OG0017225	0	0	0	0	5	1	0	0	1
n/a	OG0017226	0	0	0	0	0	3	0	0	4
n/a	OG0017227	0	0	0	0	0	3	0	0	3
n/a	OG0017229	0	0	0	0	0	2	0	0	5
n/a	OG0017230	0	0	0	0	0	1	0	0	6
n/a	OG0017231	0	0	0	0	0	4	0	0	3
n/a	OG0017232	0	0	0	0	0	1	1	1	0
n/a	OG0017233	0	0	0	0	0	1	0	0	6
n/a	OG0017234	0	0	0	0	0	5	0	0	2
n/a	OG0017235	0	0	0	0	0	1	1	1	1
n/a	OG0017236	0	0	0	0	0	0	1	2	0
n/a	OG0017237	0	0	0	0	0	0	2	0	0
n/a	OG0017238	0	0	0	0	0	0	1	2	0
n/a	OG0017239	0	0	0	0	0	0	1	2	0
n/a	OG0017240	0	0	0	0	0	0	1	2	0
n/a	OG0017241	0	0	0	0	0	0	0	3	0
n/a	OG0017243	0	0	0	0	0	0	1	2	0
n/a	OG0017244	0	0	0	0	0	0	1	2	0
n/a	OG0017245	0	0	0	0	0	0	1	2	1
n/a	OG0017246	0	0	0	0	0	0	1	2	0
n/a	OG0017247	0	0	0	0	0	0	2	0	0
n/a	OG0017248	0	0	0	0	0	0	1	2	0
n/a	OG0017249	0	0	0	0	0	0	1	2	0
n/a	OG0017250	0	0	0	0	0	0	1	2	0
n/a	OG0017251	0	0	0	0	0	0	1	2	0
n/a	OG0017252	0	0	0	0	0	0	1	2	0
n/a	OG0017253	0	0	0	0	0	0	1	2	0
n/a	OG0017254	0	0	0	0	0	0	0	0	6
n/a	OG0017255	0	0	0	0	0	0	0	0	5
n/a	OG0017256	0	0	0	0	0	0	0	3	0
n/a	OG0017257	0	0	0	0	0	0	0	2	1
n/a	OG0017282	5	0	0	0	0	0	0	0	0
n/a	OG0017283	0	0	0	1	2	0	1	0	0
n/a	OG0017284	0	0	0	1	0	0	1	0	1
n/a	OG0017285	4	0	2	0	0	0	0	0	0
n/a	OG0017286	1	0	1	1	1	0	1	0	0
n/a	OG0017287	3	0	0	0	0	0	0	0	3
n/a	OG0017288	2	0	0	0	2	0	0	1	0
n/a	OG0017289	1	1	1	0	0	1	0	0	1
n/a	OG0017290	1	1	0	0	0	0	0	0	0
n/a	OG0017291	2	0	0	0	0	3	0	0	1
n/a	OG0017293	0	0	1	1	1	0	0	1	0
n/a	OG0017294	2	0	1	0	0	1	0	0	2
n/a	OG0017295	1	1	0	0	1	1	0	0	1
n/a	OG0017296	1	0	0	0	5	0	0	0	0
n/a	OG0017297	1	0	1	0	1	2	0	0	1
n/a	OG0017298	1	0	1	0	1	1	0	0	1
n/a	OG0017299	0	0	0	1	0	0	1	2	0
n/a	OG0017300	1	0	1	0	1	0	1	0	0
n/a	OG0017301	0	0	0	1	0	0	1	1	0
n/a	OG0017302	2	0	0	0	2	1	0	0	1
n/a	OG0017303	1	2	0	0	0	0	0	0	0
n/a	OG0017304	0	0	0	1	0	0	1	1	0
n/a	OG0017308	5	0	0	0	0	0	0	0	0
n/a	OG0017313	1	0	1	0	1	1	0	0	2
n/a	OG0017314	4	0	0	0	0	1	0	0	1
n/a	OG0017315	1	0	0	0	0	0	0	2	1
n/a	OG0017317	5	0	0	0	0	0	0	0	1
n/a	OG0017322	1	1	0	0	0	0	1	0	0
n/a	OG0017326	1	0	0	0	1	1	0	0	3
n/a	OG0017327	1	0	1	0	1	1	0	0	1
n/a	OG0017330	1	0	1	0	1	1	0	0	1
n/a	OG0017331	1	0	1	0	1	0	1	0	0
n/a	OG0017336	4	0	0	0	0	0	0	0	2
n/a	OG0017337	4	0	0	0	0	0	0	1	0
n/a	OG0017340	1	0	1	1	0	0	1	0	0
n/a	OG0017342	1	0	1	0	1	1	0	0	2
n/a	OG0017346	0	1	0	1	0	0	1	0	0
n/a	OG0017347	0	1	0	0	0	0	1	0	0
n/a	OG0017348	0	1	0	0	0	0	1	0	0
n/a	OG0017349	0	1	0	1	0	0	0	1	0
n/a	OG0017350	0	1	0	1	0	0	0	1	0
n/a	OG0017351	0	1	0	1	0	0	0	1	0
n/a	OG0017352	0	1	0	0	1	1	0	0	1
n/a	OG0017353	0	2	0	0	0	0	0	0	0
n/a	OG0017354	0	1	0	0	0	0	0	0	0
n/a	OG0017355	0	1	0	1	0	0	1	0	0
n/a	OG0017357	0	1	0	0	0	0	1	0	0
n/a	OG0017359	0	1	0	0	1	0	0	0	2
n/a	OG0017360	0	0	0	1	0	0	1	0	0
n/a	OG0017361	0	0	1	0	0	1	1	0	0
n/a	OG0017364	0	1	0	0	2	1	0	0	0
n/a	OG0017365	0	0	0	0	0	0	0	2	0
n/a	OG0017367	0	1	0	0	0	0	0	1	0
n/a	OG0017368	0	1	0	0	0	0	0	1	0
n/a	OG0017369	0	0	0	4	0	1	0	0	0
n/a	OG0017372	0	1	1	0	2	0	0	0	0
n/a	OG0017373	0	1	0	0	0	0	1	0	0
n/a	OG0017374	0	1	1	0	1	1	0	0	1
n/a	OG0017375	0	1	0	1	1	1	0	0	0
n/a	OG0017376	0	1	3	0	0	0	0	0	0
n/a	OG0017377	0	1	1	0	0	1	0	0	1
n/a	OG0017378	0	1	0	1	0	0	1	0	0
n/a	OG0017379	0	1	0	1	1	0	0	0	0
n/a	OG0017380	0	0	0	0	2	0	1	0	0
n/a	OG0017381	0	1	0	0	1	0	1	0	0
n/a	OG0017382	0	0	0	1	0	0	1	1	0
n/a	OG0017383	0	2	0	0	0	1	0	0	0
n/a	OG0017384	0	1	1	0	0	1	0	0	1
n/a	OG0017385	0	1	1	0	0	0	0	0	0
n/a	OG0017386	0	1	0	0	0	0	1	0	0
n/a	OG0017387	0	1	0	0	0	0	1	0	0
n/a	OG0017388	0	0	1	0	1	2	0	0	1
n/a	OG0017389	0	1	0	0	1	0	1	0	0
n/a	OG0017390	0	1	1	0	1	0	0	0	0
n/a	OG0017391	0	0	1	0	1	0	1	0	0
n/a	OG0017392	0	1	0	0	0	0	0	1	0
n/a	OG0017393	0	1	0	0	0	0	1	0	0
n/a	OG0017395	0	1	0	0	1	1	0	0	0
n/a	OG0017396	0	0	5	0	0	0	0	0	0
n/a	OG0017397	0	1	0	0	0	0	0	0	4
n/a	OG0017398	0	0	0	0	0	0	1	2	0
n/a	OG0017400	0	1	1	1	1	0	0	0	0
n/a	OG0017401	0	0	0	1	0	0	1	0	0
n/a	OG0017403	0	2	0	0	0	0	0	0	0
n/a	OG0017404	0	1	0	1	0	0	1	0	0
n/a	OG0017405	0	0	0	0	0	0	1	1	0
n/a	OG0017406	0	0	0	0	0	1	0	2	0
n/a	OG0017407	0	0	1	0	1	1	0	0	2
n/a	OG0017408	0	0	0	0	0	0	1	1	0
n/a	OG0017409	0	1	0	0	2	0	0	0	0
n/a	OG0017410	0	1	0	1	0	1	0	0	0
n/a	OG0017411	0	0	1	0	0	0	1	0	0
n/a	OG0017412	0	0	0	0	0	1	1	1	0
n/a	OG0017413	0	1	1	0	0	1	0	0	1
n/a	OG0017416	0	1	1	0	1	1	0	0	1
n/a	OG0017418	0	1	0	1	0	0	0	1	0
n/a	OG0017419	0	1	0	0	3	0	0	0	0
n/a	OG0017420	0	0	1	0	2	2	0	0	0
n/a	OG0017421	0	0	1	0	3	0	0	0	1
n/a	OG0017422	0	0	0	1	0	0	1	1	0
n/a	OG0017423	0	0	0	0	0	0	1	1	0
n/a	OG0017424	0	1	2	0	0	0	0	0	0
n/a	OG0017426	0	1	0	0	0	0	0	2	0
n/a	OG0017427	0	1	0	0	0	0	1	0	0
n/a	OG0017428	0	2	0	0	0	1	0	0	0
n/a	OG0017429	0	1	1	0	0	1	0	0	1
n/a	OG0017431	0	2	1	0	0	0	0	0	0
n/a	OG0017432	0	1	0	1	0	0	1	0	0
n/a	OG0017433	0	1	0	0	0	0	0	1	0
n/a	OG0017434	0	0	1	0	0	1	1	0	0
n/a	OG0017435	0	0	1	1	0	0	1	0	0
n/a	OG0017436	0	2	1	0	0	0	0	0	0
n/a	OG0017437	0	1	1	1	0	0	0	0	0
n/a	OG0017438	0	1	0	1	0	0	0	0	0
n/a	OG0017439	0	1	0	2	0	0	0	0	0
n/a	OG0017440	0	1	0	0	0	0	1	0	0
n/a	OG0017441	0	1	0	1	0	0	1	0	0
n/a	OG0017442	0	1	1	0	0	0	1	0	0
n/a	OG0017443	0	1	0	0	0	3	0	0	0
n/a	OG0017444	0	0	0	0	2	1	0	0	2
n/a	OG0017445	0	0	0	1	0	0	0	2	0
n/a	OG0017446	0	1	1	0	0	1	0	0	1
n/a	OG0017447	0	1	1	1	0	0	1	0	0
n/a	OG0017448	0	1	1	0	0	1	1	0	0
n/a	OG0017449	0	0	1	4	0	0	0	0	0
n/a	OG0017450	0	1	0	1	0	0	1	0	0
n/a	OG0017451	0	1	0	0	0	0	1	0	1
n/a	OG0017452	0	1	0	0	0	0	0	0	0
n/a	OG0017453	0	0	0	0	1	0	1	0	0
n/a	OG0017454	0	0	0	0	1	0	1	0	0
n/a	OG0017456	0	0	0	0	0	0	1	1	0
n/a	OG0017457	0	0	0	1	0	0	1	0	0
n/a	OG0017459	0	1	0	0	1	0	1	0	0
n/a	OG0017461	0	0	1	0	0	0	0	2	0
n/a	OG0017462	0	2	0	0	0	0	0	0	0
n/a	OG0017463	0	1	1	0	0	1	0	0	1
n/a	OG0017464	0	1	0	0	0	0	1	1	0
n/a	OG0017465	0	1	1	0	1	1	0	0	1
n/a	OG0017467	0	1	0	0	0	0	1	0	0
n/a	OG0017468	0	0	1	1	0	1	0	0	1
n/a	OG0017469	0	0	0	1	0	1	1	0	0
n/a	OG0017470	0	1	0	0	1	1	1	0	0
n/a	OG0017473	0	1	0	0	2	1	0	0	0
n/a	OG0017474	0	0	0	4	0	0	0	0	0
n/a	OG0017475	0	1	0	0	0	0	1	1	0
n/a	OG0017476	0	0	2	0	2	1	0	0	0
n/a	OG0017477	0	0	0	0	0	0	0	2	0
n/a	OG0017478	0	0	2	1	0	0	1	0	0
n/a	OG0017479	0	1	0	0	0	0	1	1	0
n/a	OG0017480	0	1	0	1	0	0	0	0	0
n/a	OG0017481	0	1	1	0	1	1	0	0	1
n/a	OG0017482	0	1	1	0	0	1	0	0	1
n/a	OG0017483	0	1	1	0	1	1	0	0	0
n/a	OG0017484	0	1	0	0	0	0	0	1	0
n/a	OG0017485	0	0	1	0	0	0	0	2	0
n/a	OG0017486	0	0	0	2	0	0	1	0	0
n/a	OG0017487	0	1	0	0	0	0	1	1	0
n/a	OG0017488	0	0	0	1	0	0	1	0	0
n/a	OG0017489	0	1	2	0	0	0	0	0	0
n/a	OG0017490	0	1	1	0	0	1	0	0	1
n/a	OG0017491	0	1	1	0	0	1	0	0	1
n/a	OG0017492	0	1	1	0	1	1	0	0	1
n/a	OG0017493	0	0	0	0	2	0	1	0	0
n/a	OG0017494	0	0	2	0	0	1	1	0	0
n/a	OG0017495	0	0	0	0	0	0	1	1	0
n/a	OG0017496	0	0	5	0	0	1	0	0	0
n/a	OG0017497	0	0	1	0	4	0	0	0	1
n/a	OG0017498	0	0	1	1	0	1	1	0	0
n/a	OG0017500	0	0	1	1	0	1	0	0	1
n/a	OG0017502	0	0	2	1	0	1	1	0	0
n/a	OG0017503	0	0	1	1	1	1	0	0	1
n/a	OG0017505	0	0	1	0	0	0	1	1	0
n/a	OG0017506	0	0	1	0	3	1	0	0	0
n/a	OG0017508	0	0	1	1	1	1	1	0	0
n/a	OG0017512	0	0	3	0	0	2	0	0	0
n/a	OG0017513	0	0	1	0	0	0	1	1	0
n/a	OG0017514	0	0	1	1	1	1	0	0	1
n/a	OG0017515	0	0	1	0	1	1	1	0	1
n/a	OG0017516	0	0	1	0	1	2	0	0	2
n/a	OG0017517	0	0	2	0	0	4	0	0	0
n/a	OG0017518	0	0	1	1	0	0	1	0	0
n/a	OG0017519	0	0	3	0	0	1	0	0	2
n/a	OG0017520	0	0	1	0	0	0	1	1	0
n/a	OG0017521	0	0	1	0	1	1	0	0	3
n/a	OG0017522	0	0	1	1	1	1	0	0	1
n/a	OG0017523	0	0	1	0	0	1	1	0	1
n/a	OG0017524	0	0	1	0	1	1	0	0	3
n/a	OG0017525	0	0	1	0	1	1	0	0	2
n/a	OG0017526	0	0	1	1	1	1	0	0	0
n/a	OG0017527	0	0	1	0	0	1	1	0	1
n/a	OG0017528	0	0	1	0	0	1	1	0	1
n/a	OG0017529	0	0	1	0	1	0	1	1	0
n/a	OG0017530	0	0	1	0	0	0	0	0	4
n/a	OG0017531	0	0	1	0	2	0	0	0	3
n/a	OG0017532	0	0	1	0	4	1	0	0	0
n/a	OG0017533	0	0	0	1	0	0	1	0	0
n/a	OG0017534	0	0	0	5	1	0	0	0	0
n/a	OG0017536	0	0	0	4	0	0	0	0	0
n/a	OG0017538	0	0	0	1	0	1	0	1	1
n/a	OG0017539	0	0	0	2	0	0	1	0	0
n/a	OG0017540	0	0	0	1	0	0	1	1	0
n/a	OG0017541	0	0	0	1	0	0	1	1	0
n/a	OG0017542	0	0	0	1	0	0	1	0	0
n/a	OG0017543	0	0	0	1	1	1	1	0	0
n/a	OG0017544	0	0	0	1	0	0	1	1	0
n/a	OG0017545	0	0	0	1	0	0	1	1	0
n/a	OG0017546	0	0	0	1	0	1	1	0	0
n/a	OG0017547	0	0	0	2	0	0	1	0	0
n/a	OG0017548	0	0	0	1	0	0	1	0	0
n/a	OG0017550	0	0	0	1	0	0	1	1	0
n/a	OG0017551	0	0	0	1	0	0	1	1	0
n/a	OG0017552	0	0	0	1	0	0	1	0	0
n/a	OG0017553	0	0	0	1	0	1	1	0	1
n/a	OG0017554	0	0	0	1	0	0	1	1	0
n/a	OG0017555	0	0	0	1	0	0	1	1	0
n/a	OG0017556	0	0	0	1	0	0	1	1	0
n/a	OG0017557	0	0	0	1	0	0	1	0	0
n/a	OG0017558	0	0	0	1	1	1	0	0	3
n/a	OG0017559	0	0	0	1	0	0	1	1	0
n/a	OG0017560	0	0	0	1	0	0	1	1	0
n/a	OG0017561	0	0	0	1	0	0	1	1	0
n/a	OG0017562	0	0	0	1	1	0	1	1	0
n/a	OG0017563	0	0	0	1	0	0	1	1	0
n/a	OG0017564	0	0	0	1	0	0	1	1	0
n/a	OG0017565	0	0	0	2	0	0	1	0	0
n/a	OG0017566	0	0	0	1	0	0	1	1	0
n/a	OG0017567	0	0	0	1	0	1	1	0	1
n/a	OG0017568	0	0	0	2	0	0	1	1	0
n/a	OG0017569	0	0	0	1	0	0	1	1	0
n/a	OG0017570	0	0	0	1	0	0	1	1	0
n/a	OG0017571	0	0	0	1	0	0	1	2	0
n/a	OG0017572	0	0	0	1	0	0	1	1	0
n/a	OG0017573	0	0	0	1	0	0	1	1	0
n/a	OG0017574	0	0	0	1	0	0	1	1	0
n/a	OG0017575	0	0	0	1	0	0	1	1	0
n/a	OG0017576	0	0	0	1	0	0	1	2	0
n/a	OG0017577	0	0	0	1	0	0	1	1	0
n/a	OG0017578	0	0	0	1	0	0	1	0	0
n/a	OG0017579	0	0	0	1	0	0	1	1	0
n/a	OG0017580	0	0	0	1	0	0	1	1	0
n/a	OG0017581	0	0	0	1	0	0	1	1	0
n/a	OG0017582	0	0	0	2	0	0	1	1	0
n/a	OG0017583	0	0	0	1	0	0	1	1	0
n/a	OG0017584	0	0	0	1	0	0	1	0	0
n/a	OG0017585	0	0	0	1	0	0	1	0	0
n/a	OG0017586	0	0	0	1	0	0	1	1	0
n/a	OG0017587	0	0	0	1	0	0	1	1	0
n/a	OG0017588	0	0	0	1	0	0	1	0	0
n/a	OG0017589	0	0	0	1	0	0	1	1	0
n/a	OG0017590	0	0	0	1	0	0	1	0	0
n/a	OG0017591	0	0	0	1	0	0	1	1	0
n/a	OG0017592	0	0	0	1	0	0	1	2	0
n/a	OG0017597	0	0	0	0	2	3	0	0	1
n/a	OG0017599	0	0	0	0	2	4	0	0	0
n/a	OG0017600	0	0	0	0	5	0	0	0	1
n/a	OG0017601	0	0	0	0	3	1	0	0	2
n/a	OG0017602	0	0	0	0	1	0	1	1	0
n/a	OG0017603	0	0	0	0	1	0	1	1	0
n/a	OG0017604	0	0	0	0	1	1	1	0	0
n/a	OG0017605	0	0	0	0	1	0	1	2	0
n/a	OG0017606	0	0	0	0	1	0	1	1	0
n/a	OG0017607	0	0	0	0	1	0	0	0	5
n/a	OG0017608	0	0	0	0	4	1	0	0	1
n/a	OG0017609	0	0	0	0	2	0	0	0	4
n/a	OG0017611	0	0	0	0	2	2	0	0	1
n/a	OG0017612	0	0	0	0	1	0	0	0	5
n/a	OG0017613	0	0	0	0	1	0	1	1	0
n/a	OG0017614	0	0	0	0	1	0	0	0	4
n/a	OG0017615	0	0	0	0	1	0	1	1	0
n/a	OG0017617	0	0	0	0	1	0	1	1	0
n/a	OG0017618	0	0	0	0	1	0	1	1	0
n/a	OG0017619	0	0	0	0	1	0	1	1	0
n/a	OG0017620	0	0	0	0	5	0	0	0	1
n/a	OG0017621	0	0	0	0	2	1	1	0	0
n/a	OG0017622	0	0	0	0	1	0	1	1	0
n/a	OG0017623	0	0	0	0	1	0	1	1	0
n/a	OG0017624	0	0	0	0	1	0	0	0	4
n/a	OG0017625	0	0	0	0	4	0	0	0	2
n/a	OG0017626	0	0	0	0	1	0	1	1	0
n/a	OG0017627	0	0	0	0	1	0	0	0	5
n/a	OG0017628	0	0	0	0	1	0	1	1	0
n/a	OG0017629	0	0	0	0	1	1	1	0	1
n/a	OG0017630	0	0	0	0	1	0	1	1	0
n/a	OG0017632	0	0	0	0	2	0	1	1	0
n/a	OG0017633	0	0	0	0	1	0	1	1	0
n/a	OG0017634	0	0	0	0	1	0	1	0	3
n/a	OG0017635	0	0	0	0	1	0	1	1	0
n/a	OG0017636	0	0	0	0	2	0	1	0	0
n/a	OG0017637	0	0	0	0	0	5	0	0	1
n/a	OG0017639	0	0	0	0	0	1	0	0	5
n/a	OG0017643	0	0	0	0	0	1	0	0	5
n/a	OG0017644	0	0	0	0	0	1	0	0	5
n/a	OG0017646	0	0	0	0	0	5	0	0	1
n/a	OG0017648	0	0	0	0	0	1	0	0	5
n/a	OG0017649	0	0	0	0	0	3	0	0	3
n/a	OG0017651	0	0	0	0	0	0	1	2	0
n/a	OG0017652	0	0	0	0	0	0	1	0	3
n/a	OG0017653	0	0	0	0	0	0	0	2	0
n/a	OG0017654	0	0	0	0	0	0	0	2	0
n/a	OG0017655	0	0	0	0	0	0	2	0	0
n/a	OG0017657	0	0	0	0	0	0	1	1	0
n/a	OG0017658	0	0	0	0	0	0	1	2	0
n/a	OG0017659	0	0	0	0	0	0	2	0	0
n/a	OG0017660	0	0	0	0	0	0	1	1	0
n/a	OG0017661	0	0	0	0	0	0	1	2	0
n/a	OG0017662	0	0	0	0	0	0	1	2	0
n/a	OG0017664	0	0	0	0	0	0	2	0	0
n/a	OG0017665	0	0	0	0	0	0	0	2	0
n/a	OG0017666	0	0	0	0	0	0	1	2	0
n/a	OG0017667	0	0	0	0	0	0	1	1	0
n/a	OG0017668	0	0	0	0	0	0	1	2	0
n/a	OG0017669	0	0	0	0	0	0	1	2	0
n/a	OG0017670	0	0	0	0	0	0	1	2	0
n/a	OG0017672	0	0	0	0	0	0	1	2	0
n/a	OG0017673	0	0	0	0	0	0	1	2	0
n/a	OG0017674	0	0	0	0	0	0	1	2	0
n/a	OG0017675	0	0	0	0	0	0	2	0	0
n/a	OG0017676	0	0	0	0	0	0	1	2	0
n/a	OG0017677	0	0	0	0	0	0	1	2	0
n/a	OG0017678	0	0	0	0	0	0	1	2	0
n/a	OG0017679	0	0	0	0	0	0	1	1	0
n/a	OG0017680	0	0	0	0	0	0	1	2	0
n/a	OG0017681	0	0	0	0	0	0	1	2	0
n/a	OG0017682	0	0	0	0	0	0	1	2	0
n/a	OG0017683	0	0	0	0	0	0	2	0	0
n/a	OG0017684	0	0	0	0	0	0	1	2	0
n/a	OG0017685	0	0	0	0	0	0	0	2	0
n/a	OG0017687	0	0	0	0	0	0	0	2	0
n/a	OG0017688	0	0	0	0	0	0	1	2	0
n/a	OG0017689	0	0	0	0	0	0	1	2	0
n/a	OG0017690	0	0	0	0	0	0	2	0	0
n/a	OG0017691	0	0	0	0	0	0	1	1	0
n/a	OG0017692	0	0	0	0	0	0	2	0	0
n/a	OG0017693	0	0	0	0	0	0	1	2	0
n/a	OG0017694	0	0	0	0	0	0	1	2	0
n/a	OG0017695	0	0	0	0	0	0	0	2	0
n/a	OG0017696	0	0	0	0	0	0	2	0	0
n/a	OG0017697	0	0	0	0	0	0	0	2	0
n/a	OG0017698	0	0	0	0	0	0	0	2	0
n/a	OG0017699	0	0	0	0	0	0	1	2	0
n/a	OG0017700	0	0	0	0	0	0	1	2	0
n/a	OG0017701	0	0	0	0	0	0	0	2	0
n/a	OG0017712	0	0	0	0	0	0	0	0	5
n/a	OG0017752	0	0	2	2	0	1	0	0	0
n/a	OG0017753	1	0	1	0	1	1	0	0	1
n/a	OG0017754	1	0	0	0	1	0	0	0	3
n/a	OG0017755	0	0	0	1	0	1	0	0	1
n/a	OG0017756	3	0	1	0	0	0	0	0	1
n/a	OG0017758	0	1	2	0	0	0	0	0	0
n/a	OG0017759	2	0	1	0	0	1	0	0	1
n/a	OG0017760	1	0	0	0	0	2	0	0	2
n/a	OG0017761	2	0	0	0	1	1	0	0	1
n/a	OG0017762	3	0	0	0	2	0	0	0	0
n/a	OG0017763	1	0	0	0	1	1	0	0	1
n/a	OG0017764	2	0	0	0	2	0	0	0	0
n/a	OG0017765	1	0	1	0	1	1	0	0	1
n/a	OG0017766	1	0	1	0	1	1	0	0	1
n/a	OG0017767	3	0	0	0	1	0	0	0	0
n/a	OG0017768	1	0	0	0	1	1	0	0	1
n/a	OG0017769	2	0	1	0	0	0	0	0	0
n/a	OG0017770	0	0	0	1	0	0	1	0	0
n/a	OG0017771	2	0	0	0	1	1	0	0	1
n/a	OG0017772	1	0	0	0	1	0	0	0	0
n/a	OG0017779	3	0	0	0	0	1	0	0	1
n/a	OG0017781	1	0	1	0	1	1	0	0	1
n/a	OG0017784	1	0	1	0	0	1	0	0	1
n/a	OG0017795	1	0	0	0	0	0	1	0	1
n/a	OG0017796	2	1	0	0	1	0	0	0	0
n/a	OG0017799	2	0	0	2	0	0	0	0	0
n/a	OG0017809	1	0	0	0	1	1	0	0	2
n/a	OG0017821	1	0	0	0	1	0	0	0	2
n/a	OG0017825	1	0	1	0	1	1	0	0	1
n/a	OG0017828	2	0	0	0	1	1	0	0	1
n/a	OG0017830	2	0	1	0	1	1	0	0	0
n/a	OG0017831	1	0	1	0	1	1	0	0	1
n/a	OG0017832	1	0	1	0	1	1	0	0	1
n/a	OG0017833	1	0	0	0	0	0	1	0	0
n/a	OG0017834	1	0	0	0	0	0	1	1	0
n/a	OG0017835	0	1	1	0	0	0	0	0	0
n/a	OG0017836	0	0	1	2	0	0	0	0	0
n/a	OG0017841	0	0	2	0	0	1	0	0	1
n/a	OG0017844	0	1	0	0	0	0	0	0	0
n/a	OG0017846	0	0	1	0	1	1	0	0	1
n/a	OG0017847	0	1	0	1	0	0	0	0	0
n/a	OG0017848	0	1	0	0	0	0	1	0	0
n/a	OG0017850	0	1	0	0	0	0	0	0	0
n/a	OG0017851	0	1	0	0	0	0	0	0	0
n/a	OG0017852	0	1	0	1	1	0	0	0	0
n/a	OG0017856	0	1	0	1	1	0	0	0	0
n/a	OG0017857	0	1	0	0	1	1	0	0	0
n/a	OG0017858	0	1	0	0	0	0	1	0	0
n/a	OG0017859	0	0	1	0	0	0	1	0	0
n/a	OG0017860	0	0	0	2	0	0	1	0	0
n/a	OG0017862	0	1	0	0	0	0	0	0	0
n/a	OG0017863	0	1	1	0	1	0	0	0	0
n/a	OG0017868	0	1	0	0	0	0	0	0	0
n/a	OG0017869	0	1	0	0	1	0	0	0	0
n/a	OG0017870	0	1	1	0	1	0	0	0	0
n/a	OG0017871	0	0	1	1	0	0	0	0	0
n/a	OG0017874	0	1	0	0	0	0	0	0	0
n/a	OG0017875	0	1	1	1	0	0	0	0	0
n/a	OG0017876	0	1	1	0	0	1	0	0	1
n/a	OG0017877	0	1	0	1	0	0	0	0	0
n/a	OG0017880	0	1	1	1	0	0	0	0	0
n/a	OG0017881	0	1	0	1	0	0	0	0	0
n/a	OG0017882	0	1	0	1	0	0	0	0	0
n/a	OG0017883	0	1	1	0	1	0	0	0	0
n/a	OG0017884	0	1	0	0	0	0	0	0	0
n/a	OG0017885	0	0	0	0	0	0	0	0	4
n/a	OG0017886	0	0	0	0	1	1	0	1	0
n/a	OG0017887	0	1	2	0	0	0	0	0	0
n/a	OG0017888	0	1	1	0	1	0	0	0	0
n/a	OG0017889	0	1	0	0	0	0	0	0	0
n/a	OG0017891	0	1	0	0	0	0	1	0	0
n/a	OG0017892	0	1	0	1	0	0	0	0	0
n/a	OG0017896	0	0	1	0	3	0	0	0	0
n/a	OG0017897	0	1	0	0	0	1	0	0	1
n/a	OG0017898	0	0	0	0	4	0	0	0	0
n/a	OG0017899	0	0	0	4	0	0	0	0	0
n/a	OG0017900	0	0	0	0	0	0	1	1	0
n/a	OG0017901	0	1	0	0	0	0	0	0	0
n/a	OG0017904	0	1	1	1	0	0	0	0	0
n/a	OG0017905	0	0	0	0	0	0	1	0	0
n/a	OG0017908	0	0	0	1	0	0	0	1	0
n/a	OG0017910	0	0	0	0	1	0	0	1	0
n/a	OG0017911	0	1	1	0	0	0	0	0	0
n/a	OG0017912	0	1	0	0	0	0	1	0	0
n/a	OG0017914	0	1	0	0	0	0	0	0	0
n/a	OG0017915	0	1	0	0	0	1	1	0	0
n/a	OG0017917	0	1	0	2	0	0	0	0	0
n/a	OG0017918	0	1	0	1	0	0	0	0	0
n/a	OG0017919	0	1	1	0	0	1	0	0	1
n/a	OG0017920	0	0	0	0	0	0	1	1	0
n/a	OG0017921	0	0	0	1	0	0	1	0	0
n/a	OG0017922	0	0	0	2	0	0	0	0	0
n/a	OG0017923	0	0	0	1	0	1	1	0	0
n/a	OG0017924	0	1	0	1	0	0	0	0	0
n/a	OG0017926	0	0	0	0	0	1	0	0	3
n/a	OG0017927	0	0	1	0	1	1	0	0	1
n/a	OG0017928	0	1	1	1	0	0	0	0	0
n/a	OG0017930	0	1	1	0	1	0	0	0	0
n/a	OG0017931	0	1	0	0	1	1	0	0	1
n/a	OG0017932	0	1	0	0	0	0	0	0	0
n/a	OG0017935	0	1	0	1	0	0	0	1	0
n/a	OG0017936	0	1	0	0	0	0	1	0	1
n/a	OG0017937	0	1	1	0	0	0	0	0	0
n/a	OG0017938	0	1	0	0	2	0	0	0	0
n/a	OG0017939	0	1	0	1	0	0	0	0	0
n/a	OG0017940	0	0	0	0	2	0	0	0	1
n/a	OG0017941	0	1	1	0	0	2	0	0	0
n/a	OG0017943	0	1	0	0	0	0	0	0	0
n/a	OG0017944	0	1	0	1	1	0	0	0	0
n/a	OG0017946	0	1	0	0	0	0	1	0	0
n/a	OG0017948	0	1	0	0	0	0	1	0	0
n/a	OG0017952	0	1	0	0	0	0	1	0	0
n/a	OG0017953	0	1	0	1	0	0	0	0	0
n/a	OG0017956	0	1	0	1	0	0	0	0	0
n/a	OG0017957	0	1	0	0	0	0	1	0	0
n/a	OG0017958	0	1	0	0	0	1	0	0	1
n/a	OG0017959	0	0	1	0	0	0	1	0	0
n/a	OG0017961	0	1	0	0	0	0	1	0	1
n/a	OG0017963	0	0	0	0	0	0	1	1	0
n/a	OG0017964	0	0	0	0	0	0	1	0	0
n/a	OG0017965	0	1	2	0	0	0	0	0	0
n/a	OG0017966	0	1	0	0	0	0	0	0	0
n/a	OG0017967	0	0	0	0	0	0	1	0	0
n/a	OG0017968	0	0	0	0	0	0	1	1	0
n/a	OG0017969	0	0	0	0	0	0	0	2	0
n/a	OG0017970	0	0	0	0	0	0	1	0	0
n/a	OG0017971	0	1	1	0	0	0	1	0	0
n/a	OG0017972	0	1	2	0	0	0	0	0	0
n/a	OG0017973	0	1	0	0	0	0	1	0	0
n/a	OG0017975	0	1	1	0	0	0	0	0	0
n/a	OG0017977	0	1	0	1	0	0	0	0	0
n/a	OG0017978	0	1	0	1	0	0	0	0	0
n/a	OG0017981	0	1	0	0	0	1	0	0	1
n/a	OG0017982	0	1	0	0	1	1	0	0	0
n/a	OG0017983	0	1	0	0	0	1	0	0	1
n/a	OG0017984	0	1	1	0	1	1	0	0	0
n/a	OG0017985	0	1	1	0	0	0	0	0	0
n/a	OG0017988	0	0	0	0	0	0	0	2	0
n/a	OG0017989	0	0	0	3	0	0	0	0	0
n/a	OG0017990	0	0	0	0	0	0	1	0	0
n/a	OG0017993	0	0	0	0	0	1	0	2	0
n/a	OG0017994	0	1	2	1	0	0	0	0	0
n/a	OG0017995	0	0	0	0	3	0	0	0	1
n/a	OG0017996	0	1	0	0	0	1	0	0	0
n/a	OG0017997	0	1	0	0	0	0	0	2	0
n/a	OG0017998	0	1	0	0	0	0	1	0	0
n/a	OG0017999	0	1	0	0	0	0	1	0	0
n/a	OG0018000	0	1	0	0	0	0	1	0	0
n/a	OG0018001	0	0	4	0	0	0	0	0	0
n/a	OG0018002	0	0	0	2	0	0	1	0	0
n/a	OG0018003	0	1	0	1	0	0	1	0	0
n/a	OG0018004	0	0	0	0	0	0	1	1	0
n/a	OG0018005	0	1	0	0	0	0	0	0	1
n/a	OG0018006	0	1	0	0	0	0	0	0	1
n/a	OG0018007	0	1	0	2	0	0	0	0	0
n/a	OG0018008	0	1	2	0	0	0	0	0	0
n/a	OG0018009	0	0	0	1	0	0	1	0	0
n/a	OG0018010	0	0	0	0	0	0	1	1	0
n/a	OG0018011	0	0	0	0	0	0	1	0	0
n/a	OG0018012	0	0	1	0	1	1	0	0	1
n/a	OG0018014	0	0	1	1	0	0	0	1	0
n/a	OG0018016	0	0	1	1	0	0	1	0	0
n/a	OG0018018	0	0	3	0	2	0	0	0	0
n/a	OG0018019	0	0	1	1	0	0	1	0	0
n/a	OG0018020	0	0	1	0	3	1	0	0	0
n/a	OG0018022	0	0	1	0	1	0	1	0	0
n/a	OG0018024	0	0	1	1	0	0	1	0	0
n/a	OG0018025	0	0	1	0	0	0	1	1	0
n/a	OG0018026	0	0	1	0	1	0	1	0	0
n/a	OG0018027	0	0	1	1	0	0	1	0	0
n/a	OG0018029	0	0	1	0	1	1	0	0	2
n/a	OG0018030	0	0	1	0	0	3	0	0	0
n/a	OG0018031	0	0	1	0	0	0	1	0	0
n/a	OG0018032	0	0	1	0	0	0	0	2	0
n/a	OG0018033	0	0	2	1	0	0	1	0	0
n/a	OG0018034	0	0	1	0	0	0	1	0	0
n/a	OG0018035	0	0	1	1	0	1	1	0	0
n/a	OG0018036	0	0	1	0	1	1	0	0	2
n/a	OG0018037	0	0	2	0	0	0	1	0	0
n/a	OG0018040	0	0	1	1	0	0	0	1	0
n/a	OG0018041	0	0	1	0	0	1	1	0	1
n/a	OG0018042	0	0	1	0	0	0	0	2	0
n/a	OG0018043	0	0	1	0	0	0	1	0	0
n/a	OG0018044	0	0	3	0	0	0	0	0	0
n/a	OG0018046	0	0	4	0	0	1	0	0	0
n/a	OG0018047	0	0	1	0	0	1	1	0	0
n/a	OG0018048	0	0	1	0	1	0	0	0	2
n/a	OG0018049	0	0	1	0	1	0	1	0	0
n/a	OG0018050	0	0	1	0	0	1	1	0	0
n/a	OG0018051	0	0	1	0	1	2	0	0	1
n/a	OG0018052	0	0	1	0	0	1	1	0	0
n/a	OG0018053	0	0	1	0	1	1	0	0	2
n/a	OG0018054	0	0	1	0	1	1	0	0	2
n/a	OG0018055	0	0	1	0	2	0	0	0	0
n/a	OG0018056	0	0	1	1	0	0	1	0	0
n/a	OG0018057	0	0	1	0	0	0	1	1	0
n/a	OG0018058	0	0	0	1	0	0	1	1	0
n/a	OG0018059	0	0	0	1	0	0	1	0	0
n/a	OG0018060	0	0	0	1	0	0	1	0	0
n/a	OG0018061	0	0	0	1	0	0	1	1	0
n/a	OG0018062	0	0	0	1	1	0	1	0	0
n/a	OG0018063	0	0	0	1	0	0	1	1	0
n/a	OG0018064	0	0	0	2	0	0	0	1	0
n/a	OG0018065	0	0	0	1	0	1	0	1	0
n/a	OG0018066	0	0	0	4	0	0	0	0	0
n/a	OG0018067	0	0	0	1	0	0	1	0	0
n/a	OG0018068	0	0	0	3	0	0	1	0	0
n/a	OG0018069	0	0	0	1	0	0	1	0	0
n/a	OG0018070	0	0	0	1	0	0	1	0	0
n/a	OG0018071	0	0	0	1	0	0	0	2	0
n/a	OG0018072	0	0	0	1	0	0	1	0	0
n/a	OG0018073	0	0	0	1	0	0	1	0	0
n/a	OG0018074	0	0	0	4	0	0	0	0	1
n/a	OG0018075	0	0	0	1	0	0	1	1	0
n/a	OG0018076	0	0	0	2	0	0	1	0	0
n/a	OG0018077	0	0	0	1	0	0	1	1	0
n/a	OG0018078	0	0	0	1	0	0	1	0	0
n/a	OG0018079	0	0	0	1	0	0	1	0	0
n/a	OG0018080	0	0	0	1	0	0	1	1	0
n/a	OG0018081	0	0	0	4	0	0	0	0	0
n/a	OG0018082	0	0	0	1	1	1	0	0	0
n/a	OG0018083	0	0	0	1	0	0	1	0	0
n/a	OG0018084	0	0	0	1	0	0	1	0	1
n/a	OG0018085	0	0	0	3	0	0	0	0	0
n/a	OG0018086	0	0	0	2	0	0	0	0	3
n/a	OG0018087	0	0	0	1	0	0	1	1	0
n/a	OG0018088	0	0	0	1	0	0	1	1	0
n/a	OG0018089	0	0	0	1	0	0	1	0	0
n/a	OG0018090	0	0	0	1	1	0	1	0	0
n/a	OG0018091	0	0	0	1	0	1	0	1	1
n/a	OG0018092	0	0	0	2	0	0	1	0	0
n/a	OG0018093	0	0	0	1	0	0	1	1	0
n/a	OG0018094	0	0	0	1	0	0	1	0	0
n/a	OG0018095	0	0	0	1	0	0	0	2	0
n/a	OG0018096	0	0	0	1	0	0	1	1	0
n/a	OG0018097	0	0	0	1	0	0	1	0	0
n/a	OG0018098	0	0	0	1	0	0	1	0	0
n/a	OG0018099	0	0	0	2	1	2	0	0	0
n/a	OG0018100	0	0	0	1	0	0	1	1	0
n/a	OG0018101	0	0	0	1	0	0	1	1	0
n/a	OG0018102	0	0	0	2	0	0	1	0	0
n/a	OG0018103	0	0	0	1	0	0	1	1	0
n/a	OG0018104	0	0	0	3	2	0	0	0	0
n/a	OG0018105	0	0	0	1	0	0	1	0	0
n/a	OG0018106	0	0	0	1	0	0	1	1	0
n/a	OG0018107	0	0	0	1	0	0	1	0	0
n/a	OG0018108	0	0	0	1	0	0	1	0	0
n/a	OG0018109	0	0	0	1	0	0	1	0	0
n/a	OG0018110	0	0	0	1	0	0	1	1	0
n/a	OG0018111	0	0	0	1	0	0	1	1	0
n/a	OG0018112	0	0	0	1	0	0	1	0	0
n/a	OG0018113	0	0	0	1	0	0	1	0	0
n/a	OG0018114	0	0	0	1	0	0	1	1	0
n/a	OG0018115	0	0	0	1	0	0	1	1	0
n/a	OG0018116	0	0	0	1	0	0	1	1	0
n/a	OG0018117	0	0	0	2	0	0	1	0	0
n/a	OG0018118	0	0	0	1	0	0	1	0	0
n/a	OG0018119	0	0	0	1	0	0	1	0	0
n/a	OG0018120	0	0	0	1	0	0	1	1	0
n/a	OG0018121	0	0	0	1	0	0	1	0	0
n/a	OG0018122	0	0	0	2	0	0	1	0	0
n/a	OG0018123	0	0	0	1	0	0	1	1	0
n/a	OG0018124	0	0	0	1	0	0	1	0	0
n/a	OG0018125	0	0	0	0	4	0	0	0	0
n/a	OG0018126	0	0	0	0	2	1	0	0	2
n/a	OG0018132	0	0	0	0	2	0	1	0	0
n/a	OG0018134	0	0	0	0	2	2	0	0	1
n/a	OG0018135	0	0	0	0	1	0	1	1	0
n/a	OG0018137	0	0	0	0	1	0	0	0	2
n/a	OG0018138	0	0	0	0	4	1	0	0	0
n/a	OG0018139	0	0	0	0	1	0	0	0	4
n/a	OG0018140	0	0	0	0	1	0	1	1	0
n/a	OG0018141	0	0	0	0	4	1	0	0	0
n/a	OG0018142	0	0	0	0	4	0	0	0	1
n/a	OG0018143	0	0	0	0	2	2	0	0	1
n/a	OG0018145	0	0	0	0	1	0	1	0	0
n/a	OG0018149	0	0	0	0	1	1	1	0	0
n/a	OG0018151	0	0	0	0	3	0	0	0	2
n/a	OG0018155	0	0	0	0	2	1	0	0	2
n/a	OG0018156	0	0	0	0	2	0	0	0	1
n/a	OG0018157	0	0	0	0	1	0	0	1	1
n/a	OG0018158	0	0	0	0	1	0	1	1	0
n/a	OG0018159	0	0	0	0	1	0	1	0	1
n/a	OG0018160	0	0	0	0	1	3	0	0	1
n/a	OG0018161	0	0	0	0	2	0	0	1	0
n/a	OG0018162	0	0	0	0	4	1	0	0	0
n/a	OG0018164	0	0	0	0	1	0	1	0	0
n/a	OG0018165	0	0	0	0	1	2	1	0	0
n/a	OG0018166	0	0	0	0	1	0	1	1	0
n/a	OG0018167	0	0	0	0	1	1	0	0	3
n/a	OG0018170	0	0	0	0	2	2	0	0	1
n/a	OG0018171	0	0	0	0	1	0	0	0	4
n/a	OG0018172	0	0	0	0	3	1	0	0	1
n/a	OG0018173	0	0	0	0	3	2	0	0	0
n/a	OG0018175	0	0	0	0	2	3	0	0	0
n/a	OG0018176	0	0	0	0	2	1	0	0	2
n/a	OG0018177	0	0	0	0	1	3	0	0	1
n/a	OG0018178	0	0	0	0	4	1	0	0	0
n/a	OG0018179	0	0	0	0	1	0	0	0	4
n/a	OG0018180	0	0	0	0	1	0	1	0	0
n/a	OG0018181	0	0	0	0	1	3	0	0	1
n/a	OG0018184	0	0	0	0	0	1	0	0	4
n/a	OG0018186	0	0	0	0	0	3	0	0	2
n/a	OG0018189	0	0	0	0	0	2	1	0	0
n/a	OG0018190	0	0	0	0	0	1	0	0	3
n/a	OG0018191	0	0	0	0	0	4	0	0	1
n/a	OG0018193	0	0	0	0	0	2	0	0	3
n/a	OG0018194	0	0	0	0	0	3	0	0	2
n/a	OG0018197	0	0	0	0	0	3	0	0	2
n/a	OG0018199	0	0	0	0	0	3	0	0	2
n/a	OG0018200	0	0	0	0	0	1	1	0	0
n/a	OG0018201	0	0	0	0	0	3	0	0	2
n/a	OG0018202	0	0	0	0	0	1	0	0	4
n/a	OG0018203	0	0	0	0	0	2	0	0	3
n/a	OG0018205	0	0	0	0	0	2	0	0	3
n/a	OG0018206	0	0	0	0	0	1	1	1	0
n/a	OG0018207	0	0	0	0	0	1	0	0	3
n/a	OG0018208	0	0	0	0	0	2	0	0	3
n/a	OG0018209	0	0	0	0	0	4	0	0	1
n/a	OG0018210	0	0	0	0	0	4	0	0	1
n/a	OG0018211	0	0	0	0	0	1	1	0	1
n/a	OG0018212	0	0	0	0	0	2	0	0	3
n/a	OG0018213	0	0	0	0	0	0	1	1	1
n/a	OG0018214	0	0	0	0	0	0	1	1	0
n/a	OG0018215	0	0	0	0	0	0	1	0	0
n/a	OG0018216	0	0	0	0	0	0	1	1	0
n/a	OG0018217	0	0	0	0	0	0	1	2	0
n/a	OG0018218	0	0	0	0	0	0	1	0	0
n/a	OG0018219	0	0	0	0	0	0	1	0	0
n/a	OG0018221	0	0	0	0	0	0	0	2	0
n/a	OG0018222	0	0	0	0	0	0	0	2	1
n/a	OG0018223	0	0	0	0	0	0	1	1	0
n/a	OG0018224	0	0	0	0	0	0	1	2	0
n/a	OG0018227	0	0	0	0	0	0	1	0	0
n/a	OG0018228	0	0	0	0	0	0	1	0	0
n/a	OG0018230	0	0	0	0	0	0	1	0	0
n/a	OG0018231	0	0	0	0	0	0	1	0	0
n/a	OG0018232	0	0	0	0	0	0	1	2	0
n/a	OG0018233	0	0	0	0	0	0	1	2	0
n/a	OG0018234	0	0	0	0	0	0	1	2	0
n/a	OG0018235	0	0	0	0	0	0	1	1	0
n/a	OG0018236	0	0	0	0	0	0	1	1	0
n/a	OG0018237	0	0	0	0	0	0	1	1	0
n/a	OG0018238	0	0	0	0	0	0	1	2	0
n/a	OG0018239	0	0	0	0	0	0	1	0	0
n/a	OG0018241	0	0	0	0	0	0	0	2	0
n/a	OG0018242	0	0	0	0	0	0	1	1	0
n/a	OG0018243	0	0	0	0	0	0	1	1	0
n/a	OG0018244	0	0	0	0	0	0	1	2	0
n/a	OG0018245	0	0	0	0	0	0	1	0	0
n/a	OG0018247	0	0	0	0	0	0	1	2	0
n/a	OG0018248	0	0	0	0	0	0	0	2	0
n/a	OG0018250	0	0	0	0	0	0	1	1	0
n/a	OG0018251	0	0	0	0	0	0	1	2	0
n/a	OG0018252	0	0	0	0	0	0	1	0	0
n/a	OG0018253	0	0	0	0	0	0	0	2	0
n/a	OG0018254	0	0	0	0	0	0	0	2	0
n/a	OG0018255	0	0	0	0	0	0	1	0	1
n/a	OG0018256	0	0	0	0	0	0	1	0	0
n/a	OG0018257	0	0	0	0	0	0	0	2	0
n/a	OG0018258	0	0	0	0	0	0	1	0	0
n/a	OG0018260	0	0	0	0	0	0	1	2	0
n/a	OG0018261	0	0	0	0	0	0	1	1	0
n/a	OG0018262	0	0	0	0	0	0	1	2	0
n/a	OG0018263	0	0	0	0	0	0	1	1	0
n/a	OG0018264	0	0	0	0	0	0	1	0	0
n/a	OG0018265	0	0	0	0	0	0	0	2	0
n/a	OG0018266	0	0	0	0	0	0	0	2	0
n/a	OG0018267	0	0	0	0	0	0	1	2	0
n/a	OG0018268	0	0	0	0	0	0	1	2	0
n/a	OG0018269	0	0	0	0	0	0	1	1	0
n/a	OG0018270	0	0	0	0	0	0	0	2	0
n/a	OG0018271	0	0	0	0	0	0	1	1	0
n/a	OG0018272	0	0	0	0	0	0	1	1	0
n/a	OG0018273	0	0	0	0	0	0	1	1	0
n/a	OG0018274	0	0	0	0	0	0	0	2	0
n/a	OG0018275	0	0	0	0	0	0	1	2	0
n/a	OG0018277	0	0	0	0	0	0	1	2	0
n/a	OG0018278	0	0	0	0	0	0	1	2	0
n/a	OG0018279	0	0	0	0	0	0	1	0	0
n/a	OG0018280	0	0	0	0	0	0	1	0	0
n/a	OG0018281	0	0	0	0	0	0	1	2	0
n/a	OG0018282	0	0	0	0	0	0	1	2	0
n/a	OG0018284	0	0	0	0	0	0	1	0	0
n/a	OG0018285	0	0	0	0	0	0	0	2	0
n/a	OG0018287	0	0	0	0	0	0	1	0	1
n/a	OG0018289	0	0	0	0	0	0	1	2	0
n/a	OG0018290	0	0	0	0	0	0	0	2	0
n/a	OG0018293	0	0	0	0	0	0	1	1	0
n/a	OG0018294	0	0	0	0	0	0	1	1	0
n/a	OG0018301	0	0	0	0	0	0	0	2	1
n/a	OG0018351	1	0	1	0	2	0	0	0	0
n/a	OG0018352	1	0	2	0	0	0	0	0	0
n/a	OG0018353	2	0	0	0	0	0	0	0	0
n/a	OG0018354	0	0	0	1	0	0	1	0	0
n/a	OG0018355	1	0	0	0	1	1	0	0	1
n/a	OG0018356	1	0	1	2	0	0	0	0	0
n/a	OG0018358	0	0	0	0	0	3	0	0	1
n/a	OG0018359	0	1	1	0	0	0	0	0	0
n/a	OG0018362	0	0	0	0	0	2	0	0	2
n/a	OG0018363	2	0	2	0	0	0	0	0	0
n/a	OG0018364	1	0	0	2	1	0	0	0	0
n/a	OG0018365	1	0	0	1	0	0	0	1	0
n/a	OG0018366	2	0	0	0	0	1	0	0	1
n/a	OG0018367	1	0	1	0	1	1	0	0	0
n/a	OG0018369	1	1	0	0	0	0	0	0	0
n/a	OG0018370	1	0	0	0	1	1	0	0	1
n/a	OG0018371	1	1	0	0	0	1	0	0	0
n/a	OG0018372	1	0	0	0	0	0	0	0	3
n/a	OG0018373	1	1	0	0	0	0	0	0	0
n/a	OG0018374	1	0	0	0	0	1	0	0	1
n/a	OG0018375	1	0	0	0	1	1	0	0	1
n/a	OG0018376	2	0	0	0	0	1	0	0	1
n/a	OG0018377	1	1	0	0	0	0	0	0	0
n/a	OG0018384	2	0	0	0	0	1	0	0	1
n/a	OG0018390	1	0	1	0	0	0	1	0	0
n/a	OG0018399	1	0	0	0	1	1	0	0	1
n/a	OG0018409	1	0	0	0	1	0	0	0	0
n/a	OG0018436	1	0	1	0	1	1	0	0	0
n/a	OG0018444	2	0	0	0	0	1	0	0	1
n/a	OG0018445	1	0	0	0	1	1	0	0	1
n/a	OG0018450	1	1	0	0	0	0	0	0	0
n/a	OG0018452	1	0	1	0	1	1	0	0	0
n/a	OG0018454	1	0	0	0	1	1	0	0	1
n/a	OG0018457	1	0	0	0	1	1	0	0	1
n/a	OG0018458	1	0	0	0	1	1	0	0	1
n/a	OG0018459	1	0	0	1	0	0	0	0	0
n/a	OG0018461	1	0	0	0	3	0	0	0	0
n/a	OG0018463	1	0	0	0	0	0	0	0	0
n/a	OG0018464	1	0	0	0	1	1	0	0	1
n/a	OG0018465	1	1	0	0	0	1	0	0	0
n/a	OG0018467	1	0	2	0	0	1	0	0	0
n/a	OG0018472	0	1	1	0	0	0	0	0	0
n/a	OG0018473	0	1	1	0	0	0	0	0	0
n/a	OG0018475	0	1	0	1	0	0	0	0	0
n/a	OG0018479	0	1	1	0	0	0	0	0	0
n/a	OG0018480	0	1	0	0	0	0	0	0	0
n/a	OG0018482	0	1	0	1	0	0	0	0	0
n/a	OG0018484	0	1	0	0	0	0	0	1	0
n/a	OG0018485	0	1	0	0	0	0	0	0	0
n/a	OG0018491	0	0	0	0	0	0	0	2	0
n/a	OG0018497	0	0	0	0	0	1	0	0	0
n/a	OG0018498	0	0	0	0	0	0	0	1	0
n/a	OG0018501	0	1	0	0	0	0	0	0	0
n/a	OG0018503	0	1	0	0	0	1	0	0	0
n/a	OG0018506	0	0	0	0	1	1	0	0	0
n/a	OG0018508	0	1	0	0	0	0	1	0	0
n/a	OG0018511	0	0	0	0	3	0	0	0	0
n/a	OG0018517	0	1	0	0	0	0	1	0	0
n/a	OG0018520	0	0	0	0	2	1	0	0	0
n/a	OG0018528	0	1	0	1	0	0	0	0	0
n/a	OG0018530	0	0	0	0	0	0	1	0	0
n/a	OG0018531	0	0	0	0	0	0	1	0	0
n/a	OG0018532	0	1	0	0	0	0	0	0	0
n/a	OG0018533	0	1	0	0	1	0	0	0	0
n/a	OG0018535	0	0	0	0	3	0	0	0	0
n/a	OG0018536	0	1	0	0	0	0	1	0	0
n/a	OG0018538	0	1	1	1	0	0	0	0	0
n/a	OG0018543	0	0	0	0	1	1	0	0	1
n/a	OG0018545	0	1	1	0	0	0	0	0	0
n/a	OG0018548	0	1	0	0	0	0	0	0	0
n/a	OG0018549	0	1	0	1	0	0	0	0	0
n/a	OG0018553	0	1	2	0	0	0	0	0	0
n/a	OG0018554	0	1	1	0	1	0	0	0	0
n/a	OG0018560	0	0	0	0	0	0	1	0	0
n/a	OG0018561	0	1	0	0	1	0	0	0	0
n/a	OG0018562	0	1	0	0	0	0	0	0	0
n/a	OG0018563	0	0	0	0	1	0	0	0	0
n/a	OG0018564	0	1	0	0	1	0	0	0	0
n/a	OG0018566	0	0	0	0	0	0	0	1	0
n/a	OG0018567	0	0	0	0	0	0	1	0	0
n/a	OG0018568	0	1	0	0	0	0	0	0	0
n/a	OG0018569	0	0	0	0	0	0	1	0	0
n/a	OG0018570	0	1	1	0	1	0	0	0	0
n/a	OG0018571	0	1	0	0	0	0	0	0	1
n/a	OG0018572	0	0	0	0	0	0	0	1	0
n/a	OG0018573	0	1	0	0	0	0	0	0	0
n/a	OG0018574	0	1	0	0	0	0	1	0	0
n/a	OG0018575	0	0	0	0	1	0	0	1	0
n/a	OG0018577	0	1	0	0	0	0	0	0	0
n/a	OG0018578	0	1	0	0	0	0	0	0	0
n/a	OG0018580	0	1	0	0	0	0	0	0	0
n/a	OG0018583	0	0	0	0	2	0	0	0	1
n/a	OG0018584	0	0	0	0	0	0	1	0	0
n/a	OG0018585	0	0	1	0	0	1	0	0	1
n/a	OG0018586	0	1	0	0	0	0	1	0	0
n/a	OG0018587	0	1	0	0	0	1	0	0	0
n/a	OG0018588	0	1	0	0	0	0	0	0	0
n/a	OG0018594	0	1	0	0	0	0	1	0	0
n/a	OG0018596	0	1	0	1	0	0	0	0	0
n/a	OG0018597	0	1	0	1	0	1	0	0	0
n/a	OG0018598	0	1	2	0	0	0	0	0	0
n/a	OG0018600	0	1	0	0	0	0	1	0	0
n/a	OG0018606	0	1	0	0	0	0	0	0	0
n/a	OG0018607	0	1	0	0	0	0	0	0	0
n/a	OG0018610	0	1	1	0	0	0	0	0	0
n/a	OG0018612	0	1	0	1	0	1	0	0	0
n/a	OG0018614	0	1	0	0	0	0	0	0	1
n/a	OG0018617	0	0	0	0	0	0	0	1	0
n/a	OG0018621	0	1	0	0	0	0	0	0	0
n/a	OG0018622	0	0	0	1	0	0	0	0	0
n/a	OG0018624	0	1	0	0	0	0	0	0	0
n/a	OG0018626	0	0	0	0	0	0	0	0	3
n/a	OG0018627	0	0	0	1	0	0	0	0	0
n/a	OG0018628	0	0	0	1	0	0	0	0	0
n/a	OG0018629	0	0	0	0	0	0	0	1	0
n/a	OG0018631	0	1	0	0	0	1	0	0	1
n/a	OG0018632	0	1	1	0	0	0	0	0	0
n/a	OG0018633	0	0	0	0	0	0	0	1	0
n/a	OG0018634	0	1	0	0	0	1	0	0	1
n/a	OG0018635	0	0	0	3	0	0	0	0	0
n/a	OG0018636	0	1	0	0	0	0	0	0	2
n/a	OG0018637	0	0	0	0	0	0	1	0	0
n/a	OG0018638	0	0	0	1	0	0	1	0	0
n/a	OG0018639	0	1	0	0	0	0	0	0	0
n/a	OG0018640	0	1	0	0	0	0	0	0	0
n/a	OG0018641	0	0	0	0	0	0	0	2	0
n/a	OG0018643	0	1	0	1	0	0	0	0	0
n/a	OG0018645	0	0	1	0	0	2	0	0	0
n/a	OG0018648	0	1	0	0	0	0	0	0	0
n/a	OG0018650	0	1	0	0	0	0	0	0	0
n/a	OG0018651	0	1	0	0	0	0	0	0	0
n/a	OG0018654	0	1	0	0	0	0	0	0	0
n/a	OG0018655	0	1	0	0	0	0	0	0	0
n/a	OG0018656	0	1	1	0	0	0	0	0	0
n/a	OG0018659	0	1	0	0	0	0	1	0	0
n/a	OG0018660	0	1	1	0	0	0	0	0	0
n/a	OG0018662	0	1	0	2	0	0	0	0	0
n/a	OG0018663	0	0	0	0	0	0	0	1	0
n/a	OG0018664	0	1	0	0	0	0	0	0	0
n/a	OG0018665	0	1	0	0	0	0	0	0	1
n/a	OG0018666	0	0	2	0	0	1	0	0	0
n/a	OG0018667	0	0	0	0	0	0	0	2	0
n/a	OG0018668	0	1	0	0	0	0	0	0	0
n/a	OG0018669	0	0	0	1	0	0	1	0	0
n/a	OG0018670	0	0	0	0	0	0	0	0	3
n/a	OG0018672	0	1	0	0	1	0	0	0	0
n/a	OG0018673	0	1	1	0	0	0	0	0	0
n/a	OG0018674	0	1	0	1	0	0	0	0	0
n/a	OG0018677	0	0	0	0	0	0	0	2	0
n/a	OG0018678	0	0	0	0	0	0	0	1	0
n/a	OG0018679	0	0	0	0	0	0	0	1	0
n/a	OG0018680	0	0	0	0	0	0	0	1	0
n/a	OG0018681	0	0	0	0	2	1	0	0	0
n/a	OG0018682	0	1	1	0	0	0	0	0	0
n/a	OG0018683	0	0	0	0	1	1	0	0	1
n/a	OG0018684	0	0	3	0	0	0	0	0	0
n/a	OG0018685	0	0	0	1	0	0	1	0	0
n/a	OG0018686	0	0	0	0	0	0	0	1	0
n/a	OG0018687	0	1	0	0	0	0	0	0	0
n/a	OG0018688	0	0	1	0	0	0	1	0	0
n/a	OG0018690	0	0	2	0	0	1	0	0	0
n/a	OG0018691	0	0	1	0	1	1	0	0	1
n/a	OG0018695	0	0	1	0	1	1	0	0	1
n/a	OG0018696	0	0	1	0	0	0	1	0	0
n/a	OG0018697	0	0	1	0	0	2	0	0	1
n/a	OG0018699	0	0	2	0	0	0	0	0	2
n/a	OG0018702	0	0	1	0	0	0	1	0	0
n/a	OG0018703	0	0	1	3	0	0	0	0	0
n/a	OG0018704	0	0	1	0	1	1	0	0	1
n/a	OG0018706	0	0	2	0	1	1	0	0	0
n/a	OG0018707	0	0	1	0	0	1	0	0	0
n/a	OG0018708	0	0	1	0	1	0	0	0	0
n/a	OG0018709	0	0	1	0	1	1	0	0	1
n/a	OG0018710	0	0	1	0	0	0	0	0	3
n/a	OG0018711	0	0	1	0	1	0	0	0	0
n/a	OG0018712	0	0	1	0	0	0	1	0	0
n/a	OG0018714	0	0	1	0	1	1	0	0	1
n/a	OG0018715	0	0	2	1	0	1	0	0	0
n/a	OG0018716	0	0	1	0	0	1	0	0	2
n/a	OG0018717	0	0	1	1	0	0	0	0	0
n/a	OG0018719	0	0	2	0	2	0	0	0	0
n/a	OG0018720	0	0	1	0	0	1	0	0	0
n/a	OG0018721	0	0	2	0	0	2	0	0	0
n/a	OG0018722	0	0	1	0	1	1	0	0	1
n/a	OG0018724	0	0	1	0	1	1	0	0	1
n/a	OG0018725	0	0	1	0	1	1	0	0	1
n/a	OG0018726	0	0	2	0	0	0	0	0	0
n/a	OG0018727	0	0	1	0	1	1	0	0	1
n/a	OG0018728	0	0	1	0	1	1	0	0	1
n/a	OG0018729	0	0	1	0	1	2	0	0	0
n/a	OG0018730	0	0	1	2	0	0	0	0	0
n/a	OG0018731	0	0	1	1	0	0	0	0	0
n/a	OG0018732	0	0	2	0	1	1	0	0	0
n/a	OG0018733	0	0	1	0	1	1	0	0	1
n/a	OG0018734	0	0	1	1	0	0	0	0	0
n/a	OG0018735	0	0	1	0	1	0	1	0	0
n/a	OG0018736	0	0	1	0	0	0	1	0	0
n/a	OG0018737	0	0	1	0	1	1	0	0	1
n/a	OG0018738	0	0	1	0	1	1	0	0	1
n/a	OG0018739	0	0	1	0	1	0	0	0	2
n/a	OG0018740	0	0	1	0	1	1	0	0	1
n/a	OG0018741	0	0	1	0	1	1	0	0	1
n/a	OG0018742	0	0	1	0	1	1	0	0	1
n/a	OG0018743	0	0	1	0	0	0	1	0	0
n/a	OG0018744	0	0	1	0	0	0	1	0	1
n/a	OG0018746	0	0	1	0	0	1	0	0	2
n/a	OG0018747	0	0	1	0	1	1	0	0	1
n/a	OG0018748	0	0	2	0	0	2	0	0	0
n/a	OG0018749	0	0	1	0	1	0	1	0	0
n/a	OG0018750	0	0	2	0	0	0	0	1	0
n/a	OG0018751	0	0	1	0	1	0	0	0	0
n/a	OG0018752	0	0	1	0	2	0	0	0	0
n/a	OG0018753	0	0	1	0	3	0	0	0	0
n/a	OG0018754	0	0	1	0	1	1	0	0	1
n/a	OG0018755	0	0	1	1	1	0	0	0	0
n/a	OG0018756	0	0	1	0	1	1	0	0	1
n/a	OG0018757	0	0	1	1	0	0	1	0	0
n/a	OG0018758	0	0	1	1	0	1	0	0	1
n/a	OG0018759	0	0	0	1	0	0	1	0	0
n/a	OG0018760	0	0	0	1	0	0	1	0	0
n/a	OG0018762	0	0	0	1	3	0	0	0	0
n/a	OG0018763	0	0	0	1	0	0	1	0	0
n/a	OG0018764	0	0	0	2	0	0	1	0	0
n/a	OG0018765	0	0	0	1	0	0	0	1	0
n/a	OG0018768	0	0	0	2	0	0	0	0	0
n/a	OG0018769	0	0	0	1	0	1	0	0	1
n/a	OG0018770	0	0	0	1	0	0	0	1	0
n/a	OG0018771	0	0	0	1	0	0	1	0	0
n/a	OG0018772	0	0	0	1	0	0	1	0	0
n/a	OG0018773	0	0	0	1	1	0	1	0	0
n/a	OG0018774	0	0	0	1	0	0	1	0	0
n/a	OG0018775	0	0	0	2	0	0	0	0	0
n/a	OG0018776	0	0	0	1	0	0	0	1	0
n/a	OG0018777	0	0	0	1	0	0	1	0	0
n/a	OG0018778	0	0	0	3	0	0	0	0	0
n/a	OG0018782	0	0	0	1	0	0	1	0	0
n/a	OG0018783	0	0	0	1	1	0	0	0	0
n/a	OG0018784	0	0	0	1	0	0	1	0	0
n/a	OG0018785	0	0	0	1	0	0	1	0	0
n/a	OG0018786	0	0	0	1	0	0	1	0	0
n/a	OG0018787	0	0	0	1	0	0	1	0	0
n/a	OG0018788	0	0	0	1	0	0	1	0	1
n/a	OG0018789	0	0	0	1	0	0	1	0	0
n/a	OG0018790	0	0	0	1	0	0	1	0	0
n/a	OG0018791	0	0	0	1	0	0	1	0	0
n/a	OG0018792	0	0	0	3	0	0	0	0	1
n/a	OG0018794	0	0	0	1	0	0	0	1	0
n/a	OG0018795	0	0	0	1	2	0	0	0	0
n/a	OG0018796	0	0	0	1	0	0	1	0	0
n/a	OG0018798	0	0	0	1	0	0	1	0	0
n/a	OG0018799	0	0	0	1	0	0	1	0	0
n/a	OG0018800	0	0	0	1	0	0	1	0	0
n/a	OG0018801	0	0	0	1	0	0	0	1	0
n/a	OG0018802	0	0	0	1	0	0	1	0	0
n/a	OG0018803	0	0	0	1	0	0	1	0	0
n/a	OG0018804	0	0	0	1	0	0	1	0	0
n/a	OG0018805	0	0	0	1	0	0	1	0	0
n/a	OG0018806	0	0	0	1	0	0	1	0	0
n/a	OG0018807	0	0	0	1	0	0	0	1	0
n/a	OG0018808	0	0	0	1	2	1	0	0	0
n/a	OG0018809	0	0	0	2	0	0	0	0	0
n/a	OG0018810	0	0	0	1	0	0	1	0	0
n/a	OG0018811	0	0	0	1	0	0	1	0	0
n/a	OG0018812	0	0	0	1	0	0	1	0	0
n/a	OG0018813	0	0	0	1	0	0	0	1	0
n/a	OG0018814	0	0	0	3	0	0	0	0	0
n/a	OG0018815	0	0	0	1	0	0	0	1	0
n/a	OG0018816	0	0	0	1	0	0	0	1	0
n/a	OG0018817	0	0	0	1	0	0	0	1	0
n/a	OG0018818	0	0	0	3	0	0	0	0	0
n/a	OG0018819	0	0	0	1	0	0	1	0	0
n/a	OG0018820	0	0	0	1	0	0	1	0	0
n/a	OG0018821	0	0	0	1	0	0	1	0	0
n/a	OG0018822	0	0	0	1	0	0	1	0	0
n/a	OG0018823	0	0	0	1	0	0	1	0	0
n/a	OG0018824	0	0	0	1	0	0	1	0	0
n/a	OG0018825	0	0	0	1	0	0	0	1	0
n/a	OG0018826	0	0	0	1	0	0	0	1	0
n/a	OG0018827	0	0	0	1	0	0	1	0	0
n/a	OG0018828	0	0	0	1	0	0	1	0	0
n/a	OG0018829	0	0	0	2	0	0	0	0	0
n/a	OG0018830	0	0	0	2	0	0	0	0	0
n/a	OG0018831	0	0	0	2	0	1	0	0	0
n/a	OG0018832	0	0	0	1	1	0	0	1	0
n/a	OG0018833	0	0	0	1	1	0	0	0	2
n/a	OG0018834	0	0	0	1	0	0	1	0	0
n/a	OG0018835	0	0	0	1	0	0	1	0	0
n/a	OG0018836	0	0	0	1	0	0	0	1	0
n/a	OG0018837	0	0	0	2	0	0	0	0	0
n/a	OG0018838	0	0	0	1	0	0	0	1	0
n/a	OG0018839	0	0	0	1	0	0	1	0	0
n/a	OG0018840	0	0	0	2	0	0	0	0	0
n/a	OG0018841	0	0	0	1	0	0	1	0	0
n/a	OG0018842	0	0	0	1	0	0	1	0	0
n/a	OG0018843	0	0	0	1	0	0	1	0	0
n/a	OG0018844	0	0	0	1	0	0	1	0	0
n/a	OG0018845	0	0	0	2	0	0	0	0	0
n/a	OG0018846	0	0	0	1	0	0	0	0	1
n/a	OG0018847	0	0	0	2	0	0	0	0	0
n/a	OG0018848	0	0	0	1	0	0	1	0	0
n/a	OG0018849	0	0	0	1	0	1	0	0	0
n/a	OG0018850	0	0	0	2	0	0	1	0	0
n/a	OG0018851	0	0	0	1	0	0	1	0	0
n/a	OG0018852	0	0	0	1	0	0	0	0	1
n/a	OG0018853	0	0	0	1	0	0	1	0	0
n/a	OG0018854	0	0	0	1	0	0	0	1	0
n/a	OG0018855	0	0	0	1	0	0	1	0	0
n/a	OG0018856	0	0	0	1	0	0	1	0	0
n/a	OG0018857	0	0	0	1	0	0	1	0	0
n/a	OG0018858	0	0	0	1	0	0	1	0	0
n/a	OG0018859	0	0	0	0	2	0	1	0	0
n/a	OG0018863	0	0	0	0	3	0	0	0	1
n/a	OG0018864	0	0	0	0	2	1	0	0	0
n/a	OG0018868	0	0	0	0	1	0	1	0	0
n/a	OG0018874	0	0	0	0	3	0	0	0	1
n/a	OG0018875	0	0	0	0	3	1	0	0	0
n/a	OG0018880	0	0	0	0	1	0	0	0	1
n/a	OG0018882	0	0	0	0	2	0	0	1	0
n/a	OG0018884	0	0	0	0	1	0	1	0	0
n/a	OG0018885	0	0	0	0	3	0	0	0	1
n/a	OG0018887	0	0	0	0	1	1	0	0	2
n/a	OG0018888	0	0	0	0	2	2	0	0	0
n/a	OG0018891	0	0	0	0	1	0	0	0	3
n/a	OG0018893	0	0	0	0	3	0	0	0	1
n/a	OG0018894	0	0	0	0	1	0	1	0	0
n/a	OG0018895	0	0	0	0	1	1	0	0	2
n/a	OG0018897	0	0	0	0	1	0	0	0	2
n/a	OG0018899	0	0	0	0	2	0	0	0	2
n/a	OG0018905	0	0	0	0	3	0	0	0	0
n/a	OG0018909	0	0	0	0	2	0	0	0	1
n/a	OG0018910	0	0	0	0	2	0	0	0	0
n/a	OG0018911	0	0	0	0	1	0	1	0	0
n/a	OG0018914	0	0	0	0	1	0	1	0	0
n/a	OG0018918	0	0	0	0	2	1	0	0	1
n/a	OG0018919	0	0	0	0	2	0	0	0	2
n/a	OG0018920	0	0	0	0	2	0	0	0	2
n/a	OG0018923	0	0	0	0	2	2	0	0	0
n/a	OG0018924	0	0	0	0	1	0	1	0	0
n/a	OG0018926	0	0	0	0	2	0	0	0	0
n/a	OG0018932	0	0	0	0	1	0	0	1	0
n/a	OG0018933	0	0	0	0	1	0	1	0	0
n/a	OG0018934	0	0	0	0	1	0	1	0	1
n/a	OG0018936	0	0	0	0	2	2	0	0	0
n/a	OG0018937	0	0	0	0	3	0	0	0	1
n/a	OG0018939	0	0	0	0	1	0	0	0	2
n/a	OG0018941	0	0	0	0	1	0	1	0	0
n/a	OG0018942	0	0	0	0	1	0	0	1	0
n/a	OG0018944	0	0	0	0	2	0	0	0	2
n/a	OG0018945	0	0	0	0	1	1	0	0	2
n/a	OG0018946	0	0	0	0	2	2	0	0	0
n/a	OG0018947	0	0	0	0	1	1	1	0	0
n/a	OG0018948	0	0	0	0	1	1	0	0	1
n/a	OG0018949	0	0	0	0	1	2	0	0	1
n/a	OG0018952	0	0	0	0	2	0	0	0	0
n/a	OG0018953	0	0	0	0	1	0	1	0	1
n/a	OG0018955	0	0	0	0	2	2	0	0	0
n/a	OG0018956	0	0	0	0	1	1	0	0	2
n/a	OG0018957	0	0	0	0	1	2	0	0	1
n/a	OG0018958	0	0	0	0	1	0	0	0	3
n/a	OG0018963	0	0	0	0	1	0	1	0	0
n/a	OG0018965	0	0	0	0	1	2	0	0	1
n/a	OG0018967	0	0	0	0	2	1	0	0	1
n/a	OG0018968	0	0	0	0	1	0	0	1	0
n/a	OG0018971	0	0	0	0	1	1	0	0	2
n/a	OG0018972	0	0	0	0	1	2	0	0	1
n/a	OG0018973	0	0	0	0	2	1	0	0	1
n/a	OG0018977	0	0	0	0	2	0	1	0	0
n/a	OG0018979	0	0	0	0	1	1	0	0	2
n/a	OG0018980	0	0	0	0	1	0	0	0	3
n/a	OG0018981	0	0	0	0	1	1	0	0	2
n/a	OG0018984	0	0	0	0	1	0	0	2	0
n/a	OG0018985	0	0	0	0	1	0	0	0	1
n/a	OG0018987	0	0	0	0	3	1	0	0	0
n/a	OG0018988	0	0	0	0	1	3	0	0	0
n/a	OG0018990	0	0	0	0	1	0	1	0	0
n/a	OG0018991	0	0	0	0	1	0	1	0	0
n/a	OG0018992	0	0	0	0	1	0	0	0	3
n/a	OG0018994	0	0	0	0	1	0	0	1	0
n/a	OG0018995	0	0	0	0	1	0	0	0	2
n/a	OG0018996	0	0	0	0	1	0	1	0	0
n/a	OG0018998	0	0	0	0	0	3	0	0	1
n/a	OG0019001	0	0	0	0	0	1	1	0	0
n/a	OG0019003	0	0	0	0	0	2	0	0	2
n/a	OG0019004	0	0	0	0	0	1	0	0	3
n/a	OG0019005	0	0	0	0	0	3	0	0	1
n/a	OG0019009	0	0	0	0	0	2	0	0	2
n/a	OG0019013	0	0	0	0	0	2	0	0	2
n/a	OG0019018	0	0	0	0	0	3	0	0	1
n/a	OG0019019	0	0	0	0	0	2	0	0	2
n/a	OG0019021	0	0	0	0	0	3	0	0	1
n/a	OG0019022	0	0	0	0	0	2	0	0	2
n/a	OG0019023	0	0	0	0	0	1	0	0	3
n/a	OG0019025	0	0	0	0	0	1	1	0	0
n/a	OG0019026	0	0	0	0	0	3	0	0	1
n/a	OG0019029	0	0	0	0	0	2	0	0	2
n/a	OG0019030	0	0	0	0	0	1	0	0	3
n/a	OG0019031	0	0	0	0	0	1	0	0	3
n/a	OG0019036	0	0	0	0	0	1	0	0	3
n/a	OG0019037	0	0	0	0	0	1	0	0	3
n/a	OG0019039	0	0	0	0	0	3	0	0	1
n/a	OG0019041	0	0	0	0	0	3	0	0	1
n/a	OG0019044	0	0	0	0	0	3	0	0	1
n/a	OG0019047	0	0	0	0	0	2	0	0	2
n/a	OG0019048	0	0	0	0	0	2	0	0	2
n/a	OG0019049	0	0	0	0	0	2	0	0	2
n/a	OG0019050	0	0	0	0	0	1	0	0	3
n/a	OG0019051	0	0	0	0	0	3	0	0	1
n/a	OG0019052	0	0	0	0	0	1	0	0	1
n/a	OG0019053	0	0	0	0	0	1	0	0	1
n/a	OG0019055	0	0	0	0	0	1	0	0	3
n/a	OG0019056	0	0	0	0	0	3	0	0	1
n/a	OG0019057	0	0	0	0	0	0	1	1	0
n/a	OG0019058	0	0	0	0	0	0	1	0	0
n/a	OG0019059	0	0	0	0	0	0	1	0	0
n/a	OG0019061	0	0	0	0	0	0	1	0	0
n/a	OG0019062	0	0	0	0	0	0	1	0	0
n/a	OG0019063	0	0	0	0	0	0	0	2	0
n/a	OG0019064	0	0	0	0	0	0	1	1	0
n/a	OG0019065	0	0	0	0	0	0	1	1	0
n/a	OG0019066	0	0	0	0	0	0	1	0	0
n/a	OG0019068	0	0	0	0	0	0	1	1	0
n/a	OG0019069	0	0	0	0	0	0	1	0	0
n/a	OG0019070	0	0	0	0	0	0	0	2	0
n/a	OG0019071	0	0	0	0	0	0	1	1	0
n/a	OG0019072	0	0	0	0	0	0	1	1	0
n/a	OG0019073	0	0	0	0	0	0	1	0	0
n/a	OG0019075	0	0	0	0	0	0	1	1	0
n/a	OG0019076	0	0	0	0	0	0	0	2	0
n/a	OG0019077	0	0	0	0	0	0	1	1	0
n/a	OG0019078	0	0	0	0	0	0	1	0	0
n/a	OG0019080	0	0	0	0	0	0	1	0	0
n/a	OG0019081	0	0	0	0	0	0	0	2	0
n/a	OG0019082	0	0	0	0	0	0	1	1	0
n/a	OG0019083	0	0	0	0	0	0	0	2	0
n/a	OG0019085	0	0	0	0	0	0	1	1	0
n/a	OG0019086	0	0	0	0	0	0	1	1	0
n/a	OG0019087	0	0	0	0	0	0	1	0	0
n/a	OG0019088	0	0	0	0	0	0	0	2	0
n/a	OG0019089	0	0	0	0	0	0	1	0	0
n/a	OG0019090	0	0	0	0	0	0	0	2	0
n/a	OG0019091	0	0	0	0	0	0	0	2	0
n/a	OG0019093	0	0	0	0	0	0	1	1	0
n/a	OG0019096	0	0	0	0	0	0	1	0	0
n/a	OG0019097	0	0	0	0	0	0	1	0	0
n/a	OG0019098	0	0	0	0	0	0	0	2	0
n/a	OG0019099	0	0	0	0	0	0	0	2	0
n/a	OG0019100	0	0	0	0	0	0	0	2	0
n/a	OG0019101	0	0	0	0	0	0	1	0	0
n/a	OG0019102	0	0	0	0	0	0	1	1	0
n/a	OG0019103	0	0	0	0	0	0	1	1	0
n/a	OG0019104	0	0	0	0	0	0	1	0	0
n/a	OG0019105	0	0	0	0	0	0	0	2	0
n/a	OG0019107	0	0	0	0	0	0	0	2	0
n/a	OG0019108	0	0	0	0	0	0	1	0	0
n/a	OG0019111	0	0	0	0	0	0	1	1	0
n/a	OG0019112	0	0	0	0	0	0	1	1	0
n/a	OG0019113	0	0	0	0	0	0	1	1	0
n/a	OG0019115	0	0	0	0	0	0	0	2	0
n/a	OG0019116	0	0	0	0	0	0	0	2	0
n/a	OG0019118	0	0	0	0	0	0	1	1	0
n/a	OG0019120	0	0	0	0	0	0	0	2	0
n/a	OG0019121	0	0	0	0	0	0	1	1	0
n/a	OG0019125	0	0	0	0	0	0	0	2	0
n/a	OG0019128	0	0	0	0	0	0	1	0	0
n/a	OG0019129	0	0	0	0	0	0	0	2	0
n/a	OG0019130	0	0	0	0	0	0	1	1	0
n/a	OG0019131	0	0	0	0	0	0	0	2	0
n/a	OG0019132	0	0	0	0	0	0	1	1	0
n/a	OG0019133	0	0	0	0	0	0	1	1	0
n/a	OG0019134	0	0	0	0	0	0	1	0	0
n/a	OG0019135	0	0	0	0	0	0	0	2	0
n/a	OG0019136	0	0	0	0	0	0	1	1	0
n/a	OG0019139	0	0	0	0	0	0	0	2	0
n/a	OG0019140	0	0	0	0	0	0	0	2	0
n/a	OG0019141	0	0	0	0	0	0	1	0	0
n/a	OG0019142	0	0	0	0	0	0	1	1	0
n/a	OG0019143	0	0	0	0	0	0	1	1	0
n/a	OG0019145	0	0	0	0	0	0	1	0	0
n/a	OG0019146	0	0	0	0	0	0	1	1	0
n/a	OG0019148	0	0	0	0	0	0	1	1	0
n/a	OG0019149	0	0	0	0	0	0	0	2	0
n/a	OG0019150	0	0	0	0	0	0	1	1	0
n/a	OG0019151	0	0	0	0	0	0	1	1	0
n/a	OG0019153	0	0	0	0	0	0	1	1	0
n/a	OG0019155	0	0	0	0	0	0	1	0	0
n/a	OG0019156	0	0	0	0	0	0	1	0	0
n/a	OG0019158	0	0	0	0	0	0	1	1	0
n/a	OG0019159	0	0	0	0	0	0	1	1	0
n/a	OG0019160	0	0	0	0	0	0	1	1	0
n/a	OG0019161	0	0	0	0	0	0	0	2	0
n/a	OG0019162	0	0	0	0	0	0	1	1	0
n/a	OG0019163	0	0	0	0	0	0	1	1	0
n/a	OG0019164	0	0	0	0	0	0	0	2	0
n/a	OG0019165	0	0	0	0	0	0	1	1	0
n/a	OG0019166	0	0	0	0	0	0	1	1	0
n/a	OG0019167	0	0	0	0	0	0	1	1	0
n/a	OG0019168	0	0	0	0	0	0	1	1	0
n/a	OG0019169	0	0	0	0	0	0	0	2	0
n/a	OG0019170	0	0	0	0	0	0	1	1	0
n/a	OG0019172	0	0	0	0	0	0	1	1	0
n/a	OG0019173	0	0	0	0	0	0	1	1	0
n/a	OG0019174	0	0	0	0	0	0	1	0	0
n/a	OG0019175	0	0	0	0	0	0	1	0	0
n/a	OG0019176	0	0	0	0	0	0	1	1	0
n/a	OG0019177	0	0	0	0	0	0	1	1	0
n/a	OG0019179	0	0	0	0	0	0	1	0	0
n/a	OG0019180	0	0	0	0	0	0	1	1	0
n/a	OG0019181	0	0	0	0	0	0	0	2	0
n/a	OG0019182	0	0	0	0	0	0	1	1	0
n/a	OG0019183	0	0	0	0	0	0	1	1	0
n/a	OG0019184	0	0	0	0	0	0	1	1	0
n/a	OG0019185	0	0	0	0	0	0	1	1	0
n/a	OG0019187	0	0	0	0	0	0	1	0	0
n/a	OG0019188	0	0	0	0	0	0	0	2	0
n/a	OG0019189	0	0	0	0	0	0	1	0	0
n/a	OG0019190	0	0	0	0	0	0	1	1	0
n/a	OG0019191	0	0	0	0	0	0	1	0	0
n/a	OG0019192	0	0	0	0	0	0	1	0	0
n/a	OG0019193	0	0	0	0	0	0	0	2	0
n/a	OG0019194	0	0	0	0	0	0	1	1	0
n/a	OG0019195	0	0	0	0	0	0	1	0	0
n/a	OG0019196	0	0	0	0	0	0	1	1	0
n/a	OG0019197	0	0	0	0	0	0	0	2	0
n/a	OG0019198	0	0	0	0	0	0	1	1	0
n/a	OG0019199	0	0	0	0	0	0	0	2	0
n/a	OG0019200	0	0	0	0	0	0	0	2	0
n/a	OG0019201	0	0	0	0	0	0	1	1	0
n/a	OG0019202	0	0	0	0	0	0	1	0	0
n/a	OG0019203	0	0	0	0	0	0	1	1	0
n/a	OG0019206	0	0	0	0	0	0	1	1	0
n/a	OG0019207	0	0	0	0	0	0	0	2	0
n/a	OG0019208	0	0	0	0	0	0	1	0	0
n/a	OG0019209	0	0	0	0	0	0	1	0	0
n/a	OG0019210	0	0	0	0	0	0	1	0	0
n/a	OG0019211	0	0	0	0	0	0	1	1	0
n/a	OG0019212	0	0	0	0	0	0	1	0	0
n/a	OG0019214	0	0	0	0	0	0	1	0	0
n/a	OG0019216	0	0	0	0	0	0	0	2	0
n/a	OG0019217	0	0	0	0	0	0	1	1	0
n/a	OG0019219	0	0	0	0	0	0	1	1	0
n/a	OG0019220	0	0	0	0	0	0	1	0	0
n/a	OG0019221	0	0	0	0	0	0	1	1	0
n/a	OG0019222	0	0	0	0	0	0	1	0	0
n/a	OG0019224	0	0	0	0	0	0	0	2	0
n/a	OG0019225	0	0	0	0	0	0	0	2	0
n/a	OG0019226	0	0	0	0	0	0	1	1	0
n/a	OG0019227	0	0	0	0	0	0	1	1	0
n/a	OG0019228	0	0	0	0	0	0	0	2	0
n/a	OG0019229	0	0	0	0	0	0	0	2	0
n/a	OG0019231	0	0	0	0	0	0	0	2	0
n/a	OG0019232	0	0	0	0	0	0	1	0	0
n/a	OG0019233	0	0	0	0	0	0	1	1	0
n/a	OG0019234	0	0	0	0	0	0	0	2	0
n/a	OG0019235	0	0	0	0	0	0	0	2	0
n/a	OG0019236	0	0	0	0	0	0	1	0	0
n/a	OG0019237	0	0	0	0	0	0	0	2	0
n/a	OG0019238	0	0	0	0	0	0	1	0	0
n/a	OG0019239	0	0	0	0	0	0	0	2	0
n/a	OG0019240	0	0	0	0	0	0	0	2	0
n/a	OG0019241	0	0	0	0	0	0	1	1	0
n/a	OG0019242	0	0	0	0	0	0	1	1	0
n/a	OG0019243	0	0	0	0	0	0	0	2	0
n/a	OG0019244	0	0	0	0	0	0	0	2	0
n/a	OG0019245	0	0	0	0	0	0	1	0	0
n/a	OG0019246	0	0	0	0	0	0	0	2	0
n/a	OG0019247	0	0	0	0	0	0	0	2	0
n/a	OG0019265	0	0	0	0	0	0	0	0	3
n/a	OG0019357	0	0	0	0	0	2	0	0	1
n/a	OG0019358	1	0	2	0	0	0	0	0	0
n/a	OG0019359	1	0	0	0	1	0	0	0	1
n/a	OG0019360	0	0	0	2	0	0	0	0	0
n/a	OG0019361	0	0	1	0	1	1	0	0	0
n/a	OG0019362	0	0	0	0	0	1	0	0	0
n/a	OG0019363	2	0	0	0	0	0	0	0	0
n/a	OG0019364	0	0	0	0	1	1	0	0	1
n/a	OG0019365	0	0	0	0	2	0	0	0	1
n/a	OG0019366	2	0	1	0	0	0	0	0	0
n/a	OG0019367	1	0	0	0	0	0	0	0	0
n/a	OG0019370	1	0	1	0	1	0	0	0	0
n/a	OG0019373	2	0	0	0	1	0	0	0	0
n/a	OG0019376	0	0	0	0	1	1	0	0	1
n/a	OG0019377	2	0	0	0	0	1	0	0	0
n/a	OG0019379	0	0	0	0	0	1	0	0	2
n/a	OG0019380	1	0	1	0	1	0	0	0	0
n/a	OG0019381	0	0	0	1	1	1	0	0	0
n/a	OG0019382	2	0	0	0	1	0	0	0	0
n/a	OG0019384	2	0	0	0	0	0	0	0	1
n/a	OG0019385	1	0	1	0	0	0	0	0	0
n/a	OG0019386	2	0	1	0	0	0	0	0	0
n/a	OG0019387	1	0	0	0	2	0	0	0	0
n/a	OG0019388	2	0	0	0	0	0	0	0	0
n/a	OG0019389	2	0	0	0	0	0	0	0	0
n/a	OG0019390	1	0	0	0	0	1	0	0	1
n/a	OG0019391	1	0	0	0	0	1	0	0	1
n/a	OG0019392	1	0	0	0	0	2	0	0	0
n/a	OG0019393	2	0	0	0	1	0	0	0	0
n/a	OG0019394	1	0	0	0	0	1	0	0	1
n/a	OG0019395	1	0	0	0	0	0	0	0	2
n/a	OG0019396	1	0	0	0	0	1	0	0	1
n/a	OG0019397	1	0	0	0	1	1	0	0	0
n/a	OG0019398	1	0	1	0	0	1	0	0	0
n/a	OG0019399	1	0	0	0	1	0	0	0	0
n/a	OG0019400	1	0	0	0	1	0	0	0	1
n/a	OG0019409	2	0	0	0	1	0	0	0	0
n/a	OG0019420	2	0	0	0	1	0	0	0	0
n/a	OG0019444	1	0	1	0	0	1	0	0	0
n/a	OG0019451	1	0	0	0	1	0	0	0	1
n/a	OG0019459	1	0	0	0	0	0	0	0	0
n/a	OG0019476	1	0	0	0	0	2	0	0	0
n/a	OG0019479	1	0	0	0	0	0	0	0	2
n/a	OG0019485	1	0	0	0	2	0	0	0	0
n/a	OG0019490	1	0	0	0	0	0	0	0	2
n/a	OG0019494	1	0	0	0	0	0	0	0	0
n/a	OG0019496	1	0	1	0	0	1	0	0	0
n/a	OG0019527	1	0	0	0	0	0	1	0	0
n/a	OG0019532	1	0	0	0	0	1	0	0	1
n/a	OG0019533	1	0	0	0	2	0	0	0	0
n/a	OG0019536	1	0	0	0	0	1	0	0	1
n/a	OG0019537	1	0	0	0	0	1	0	0	1
n/a	OG0019539	1	0	0	0	0	1	0	0	1
n/a	OG0019544	0	0	0	0	0	2	0	0	0
n/a	OG0019552	0	0	0	0	0	1	0	0	1
n/a	OG0019554	0	1	0	0	0	0	0	0	0
n/a	OG0019555	0	0	2	0	0	0	0	0	0
n/a	OG0019557	0	1	0	0	1	0	0	0	0
n/a	OG0019561	0	0	0	0	0	0	0	0	0
n/a	OG0019566	0	1	1	0	0	0	0	0	0
n/a	OG0019573	0	0	0	0	0	0	1	0	0
n/a	OG0019577	0	0	0	0	0	0	0	0	1
n/a	OG0019578	0	1	0	0	0	0	0	0	0
n/a	OG0019583	0	0	0	0	0	0	0	1	0
n/a	OG0019587	0	1	0	0	1	0	0	0	0
n/a	OG0019588	0	0	0	0	0	0	0	0	0
n/a	OG0019589	0	1	0	0	0	0	0	0	0
n/a	OG0019594	0	0	0	0	1	0	0	0	0
n/a	OG0019609	0	1	0	0	0	0	0	0	0
n/a	OG0019610	0	0	0	1	0	0	0	0	0
n/a	OG0019611	0	1	0	0	1	0	0	0	0
n/a	OG0019612	0	0	0	0	0	0	0	0	0
n/a	OG0019613	0	0	0	0	0	0	1	0	0
n/a	OG0019614	0	0	1	0	0	0	0	0	0
n/a	OG0019618	0	0	0	0	0	0	1	0	0
n/a	OG0019619	0	0	0	0	0	0	0	0	0
n/a	OG0019621	0	1	0	0	0	0	0	0	0
n/a	OG0019625	0	1	0	1	0	0	0	0	0
n/a	OG0019627	0	0	0	0	0	0	0	0	0
n/a	OG0019628	0	0	0	0	0	0	0	0	0
n/a	OG0019634	0	1	0	0	0	0	0	0	0
n/a	OG0019639	0	1	0	0	0	0	0	0	0
n/a	OG0019644	0	1	0	0	0	0	0	0	0
n/a	OG0019645	0	0	0	0	0	0	0	0	0
n/a	OG0019649	0	1	0	0	0	0	0	0	0
n/a	OG0019657	0	0	0	0	0	0	0	0	1
n/a	OG0019658	0	0	0	0	0	0	0	1	0
n/a	OG0019659	0	1	0	1	0	0	0	0	0
n/a	OG0019661	0	0	0	0	0	0	0	0	0
n/a	OG0019662	0	1	0	0	0	0	0	0	0
n/a	OG0019666	0	1	0	0	0	1	0	0	0
n/a	OG0019676	0	1	0	0	0	0	0	0	0
n/a	OG0019684	0	0	1	0	0	1	0	0	0
n/a	OG0019685	0	0	0	0	0	0	1	0	0
n/a	OG0019686	0	1	0	0	1	0	0	0	0
n/a	OG0019687	0	0	0	1	0	0	0	0	0
n/a	OG0019690	0	0	0	0	0	0	0	1	0
n/a	OG0019691	0	0	1	0	0	0	0	0	0
n/a	OG0019693	0	0	0	1	0	0	0	0	0
n/a	OG0019694	0	1	0	0	0	0	0	0	0
n/a	OG0019695	0	1	0	0	0	0	0	0	0
n/a	OG0019698	0	0	0	0	0	0	1	0	0
n/a	OG0019702	0	1	1	0	0	0	0	0	0
n/a	OG0019703	0	0	0	0	1	0	0	0	0
n/a	OG0019704	0	0	0	0	0	0	1	0	0
n/a	OG0019705	0	1	0	0	0	0	0	0	0
n/a	OG0019706	0	0	0	1	0	0	0	0	1
n/a	OG0019715	0	0	0	0	1	1	0	0	0
n/a	OG0019716	0	0	0	0	1	0	0	0	0
n/a	OG0019717	0	0	0	0	2	0	0	0	0
n/a	OG0019718	0	0	0	0	0	0	0	0	0
n/a	OG0019720	0	0	0	0	0	0	0	0	0
n/a	OG0019723	0	1	0	0	0	0	0	0	0
n/a	OG0019727	0	1	0	1	0	0	0	0	0
n/a	OG0019730	0	0	0	1	0	0	0	0	0
n/a	OG0019739	0	1	0	0	0	0	0	0	0
n/a	OG0019740	0	0	0	0	1	0	0	0	0
n/a	OG0019741	0	0	0	0	0	0	0	0	0
n/a	OG0019744	0	1	0	0	0	0	0	0	0
n/a	OG0019748	0	1	0	0	0	0	0	0	0
n/a	OG0019751	0	0	0	0	0	0	0	0	0
n/a	OG0019752	0	0	0	1	0	1	0	0	0
n/a	OG0019754	0	1	0	0	0	0	0	0	0
n/a	OG0019757	0	0	0	0	0	0	0	1	0
n/a	OG0019766	0	0	0	0	1	1	0	0	0
n/a	OG0019776	0	0	0	0	1	1	0	0	0
n/a	OG0019777	0	1	0	0	0	0	0	0	0
n/a	OG0019787	0	1	0	0	0	0	0	0	0
n/a	OG0019816	0	0	0	0	0	0	0	1	0
n/a	OG0019820	0	0	0	0	0	0	1	0	0
n/a	OG0019821	0	0	0	0	0	0	0	0	0
n/a	OG0019828	0	0	0	0	0	0	0	0	0
n/a	OG0019833	0	0	0	0	0	0	0	0	0
n/a	OG0019835	0	0	0	0	0	0	0	0	0
n/a	OG0019836	0	1	0	0	1	0	0	0	0
n/a	OG0019837	0	1	0	0	0	0	0	0	0
n/a	OG0019839	0	0	2	0	0	0	0	0	0
n/a	OG0019840	0	0	0	1	0	0	0	0	0
n/a	OG0019841	0	0	0	0	0	0	0	0	0
n/a	OG0019842	0	0	0	0	1	0	0	0	0
n/a	OG0019843	0	0	0	0	2	0	0	0	0
n/a	OG0019844	0	1	1	0	0	0	0	0	0
n/a	OG0019850	0	0	0	1	0	0	0	0	0
n/a	OG0019852	0	1	0	0	0	0	0	0	1
n/a	OG0019855	0	0	1	0	0	0	0	0	0
n/a	OG0019858	0	0	0	0	0	0	0	0	0
n/a	OG0019861	0	0	0	2	0	0	0	0	0
n/a	OG0019863	0	0	0	0	1	0	0	0	1
n/a	OG0019874	0	0	0	0	0	1	0	0	1
n/a	OG0019876	0	0	0	0	1	1	0	0	0
n/a	OG0019877	0	0	0	0	2	0	0	0	0
n/a	OG0019878	0	0	0	0	0	0	0	1	0
n/a	OG0019879	0	0	0	0	0	0	0	0	2
n/a	OG0019883	0	1	0	0	0	0	0	0	0
n/a	OG0019885	0	0	0	0	1	0	0	0	0
n/a	OG0019894	0	0	0	0	1	0	0	0	0
n/a	OG0019895	0	0	0	0	0	0	0	0	0
n/a	OG0019896	0	0	0	0	0	0	0	0	0
n/a	OG0019897	0	1	0	0	0	0	0	0	0
n/a	OG0019898	0	0	1	0	0	0	0	0	0
n/a	OG0019899	0	1	0	0	0	0	0	0	0
n/a	OG0019901	0	0	0	0	0	0	0	0	0
n/a	OG0019902	0	0	0	0	0	0	0	1	0
n/a	OG0019903	0	0	1	0	0	1	0	0	0
n/a	OG0019908	0	1	0	0	0	0	0	0	0
n/a	OG0019912	0	1	0	0	0	0	0	0	0
n/a	OG0019922	0	1	0	0	0	0	0	0	0
n/a	OG0019929	0	0	0	1	0	0	0	0	1
n/a	OG0019930	0	0	0	0	0	0	1	0	0
n/a	OG0019931	0	1	0	0	0	0	0	0	0
n/a	OG0019932	0	0	0	1	0	0	0	0	0
n/a	OG0019935	0	0	0	0	0	0	0	0	0
n/a	OG0019936	0	1	0	0	0	1	0	0	0
n/a	OG0019937	0	1	0	0	0	0	0	0	0
n/a	OG0019938	0	0	1	0	0	1	0	0	0
n/a	OG0019939	0	0	0	1	0	0	0	0	0
n/a	OG0019940	0	0	0	0	1	0	0	0	0
n/a	OG0019941	0	0	0	0	0	0	0	0	0
n/a	OG0019942	0	0	0	0	0	0	0	0	0
n/a	OG0019943	0	0	0	1	0	0	0	0	0
n/a	OG0019944	0	0	0	0	0	0	1	0	0
n/a	OG0019945	0	0	0	0	0	0	0	1	0
n/a	OG0019946	0	0	0	0	0	0	0	1	0
n/a	OG0019947	0	0	0	1	0	0	0	0	0
n/a	OG0019948	0	0	0	0	0	0	0	1	0
n/a	OG0019949	0	0	0	0	0	0	0	1	0
n/a	OG0019950	0	0	0	1	0	0	0	0	0
n/a	OG0019951	0	1	0	0	0	0	0	0	0
n/a	OG0019955	0	0	0	0	1	0	0	0	1
n/a	OG0019956	0	1	0	1	0	0	0	0	0
n/a	OG0019957	0	1	0	0	1	0	0	0	0
n/a	OG0019960	0	0	1	0	1	0	0	0	0
n/a	OG0019961	0	0	0	0	0	0	0	0	0
n/a	OG0019962	0	0	0	0	0	0	0	0	0
n/a	OG0019963	0	0	1	0	0	0	0	0	0
n/a	OG0019964	0	0	0	2	0	0	0	0	0
n/a	OG0019965	0	0	1	0	0	0	0	0	0
n/a	OG0019966	0	0	0	0	0	0	1	0	0
n/a	OG0019967	0	0	1	0	0	0	0	0	0
n/a	OG0019968	0	0	1	0	0	0	0	0	0
n/a	OG0019969	0	0	1	0	0	0	1	0	0
n/a	OG0019974	0	0	1	0	0	0	0	0	0
n/a	OG0019978	0	0	1	0	0	0	1	0	0
n/a	OG0019985	0	0	1	0	1	0	0	0	1
n/a	OG0019987	0	0	1	0	0	0	1	0	0
n/a	OG0019991	0	0	1	1	1	0	0	0	0
n/a	OG0019994	0	0	1	0	0	0	0	0	0
n/a	OG0019996	0	0	1	0	0	0	1	0	0
n/a	OG0019998	0	0	1	0	1	1	0	0	0
n/a	OG0020001	0	0	1	0	1	0	0	0	1
n/a	OG0020003	0	0	1	0	1	0	0	0	1
n/a	OG0020005	0	0	1	0	1	0	0	0	0
n/a	OG0020007	0	0	1	0	1	1	0	0	0
n/a	OG0020010	0	0	1	0	1	1	0	0	0
n/a	OG0020011	0	0	1	0	2	0	0	0	0
n/a	OG0020014	0	0	1	0	0	0	1	0	0
n/a	OG0020015	0	0	1	0	0	0	0	1	0
n/a	OG0020016	0	0	1	0	0	1	0	0	1
n/a	OG0020018	0	0	2	0	0	1	0	0	0
n/a	OG0020019	0	0	2	0	1	0	0	0	0
n/a	OG0020020	0	0	1	0	0	2	0	0	0
n/a	OG0020024	0	0	1	0	0	1	0	0	1
n/a	OG0020027	0	0	1	0	0	0	0	0	2
n/a	OG0020028	0	0	1	0	0	1	0	0	1
n/a	OG0020029	0	0	1	0	0	1	0	0	1
n/a	OG0020030	0	0	1	0	0	1	0	0	1
n/a	OG0020031	0	0	1	0	1	0	0	0	0
n/a	OG0020032	0	0	1	0	2	0	0	0	0
n/a	OG0020033	0	0	1	0	0	0	1	0	0
n/a	OG0020036	0	0	1	0	1	1	0	0	0
n/a	OG0020038	0	0	1	0	0	1	0	0	1
n/a	OG0020040	0	0	1	1	0	0	0	0	0
n/a	OG0020041	0	0	1	0	1	1	0	0	0
n/a	OG0020042	0	0	1	0	1	1	0	0	0
n/a	OG0020043	0	0	1	0	0	1	0	0	1
n/a	OG0020044	0	0	1	0	0	0	0	0	0
n/a	OG0020045	0	0	1	0	2	0	0	0	0
n/a	OG0020046	0	0	1	0	0	1	0	0	1
n/a	OG0020048	0	0	1	0	0	0	1	0	0
n/a	OG0020049	0	0	1	0	0	0	0	0	0
n/a	OG0020050	0	0	1	0	2	0	0	0	0
n/a	OG0020051	0	0	1	0	0	1	0	0	1
n/a	OG0020052	0	0	1	0	0	0	1	0	0
n/a	OG0020053	0	0	1	1	0	0	0	0	0
n/a	OG0020055	0	0	1	0	0	1	0	0	1
n/a	OG0020056	0	0	1	0	1	1	0	0	0
n/a	OG0020057	0	0	2	0	0	1	0	0	0
n/a	OG0020058	0	0	1	0	0	1	0	0	0
n/a	OG0020059	0	0	1	0	0	0	1	0	0
n/a	OG0020060	0	0	2	0	0	0	0	0	1
n/a	OG0020061	0	0	1	0	0	0	1	0	0
n/a	OG0020062	0	0	1	0	1	1	0	0	0
n/a	OG0020063	0	0	1	0	0	0	0	0	2
n/a	OG0020064	0	0	1	0	0	0	1	0	0
n/a	OG0020065	0	0	1	1	0	1	0	0	0
n/a	OG0020066	0	0	1	0	0	0	0	0	0
n/a	OG0020067	0	0	1	0	2	0	0	0	0
n/a	OG0020068	0	0	1	0	0	1	0	0	1
n/a	OG0020069	0	0	0	1	0	0	0	0	0
n/a	OG0020070	0	0	0	1	0	0	0	0	0
n/a	OG0020071	0	0	0	2	0	0	0	0	0
n/a	OG0020073	0	0	0	1	0	0	0	0	0
n/a	OG0020074	0	0	0	2	0	0	0	0	0
n/a	OG0020077	0	0	0	1	0	0	0	0	0
n/a	OG0020078	0	0	0	1	0	0	0	0	0
n/a	OG0020079	0	0	0	1	0	0	1	0	0
n/a	OG0020080	0	0	0	1	0	0	1	0	0
n/a	OG0020081	0	0	0	2	0	0	0	0	0
n/a	OG0020082	0	0	0	2	0	0	0	0	0
n/a	OG0020083	0	0	0	1	0	0	0	0	0
n/a	OG0020084	0	0	0	1	0	0	0	0	0
n/a	OG0020085	0	0	0	1	0	0	0	0	0
n/a	OG0020086	0	0	0	1	0	0	1	0	0
n/a	OG0020087	0	0	0	1	0	0	0	0	0
n/a	OG0020088	0	0	0	1	0	0	1	0	0
n/a	OG0020089	0	0	0	1	0	0	0	1	0
n/a	OG0020090	0	0	0	1	0	0	1	0	0
n/a	OG0020092	0	0	0	2	0	0	0	0	0
n/a	OG0020094	0	0	0	2	0	0	0	0	0
n/a	OG0020096	0	0	0	1	0	0	0	0	0
n/a	OG0020099	0	0	0	1	0	0	0	0	0
n/a	OG0020100	0	0	0	1	0	0	0	0	0
n/a	OG0020101	0	0	0	1	0	0	1	0	0
n/a	OG0020102	0	0	0	1	0	0	0	0	0
n/a	OG0020103	0	0	0	1	0	0	1	0	0
n/a	OG0020104	0	0	0	1	0	0	0	0	0
n/a	OG0020105	0	0	0	1	0	0	0	0	0
n/a	OG0020106	0	0	0	1	0	0	0	0	0
n/a	OG0020107	0	0	0	1	0	0	1	0	0
n/a	OG0020108	0	0	0	1	0	0	1	0	0
n/a	OG0020109	0	0	0	1	0	0	0	0	0
n/a	OG0020112	0	0	0	1	0	0	0	0	1
n/a	OG0020113	0	0	0	1	0	0	0	0	0
n/a	OG0020114	0	0	0	1	0	0	0	0	0
n/a	OG0020115	0	0	0	1	0	0	0	0	0
n/a	OG0020116	0	0	0	1	0	0	0	0	0
n/a	OG0020117	0	0	0	1	0	0	0	0	0
n/a	OG0020118	0	0	0	1	0	0	0	0	0
n/a	OG0020119	0	0	0	2	0	0	0	0	0
n/a	OG0020120	0	0	0	2	1	0	0	0	0
n/a	OG0020121	0	0	0	1	0	0	0	0	0
n/a	OG0020122	0	0	0	2	0	0	0	0	0
n/a	OG0020124	0	0	0	1	0	0	0	0	0
n/a	OG0020125	0	0	0	1	0	0	0	0	0
n/a	OG0020126	0	0	0	2	0	0	0	0	0
n/a	OG0020127	0	0	0	1	0	0	0	0	0
n/a	OG0020128	0	0	0	1	0	0	0	0	0
n/a	OG0020129	0	0	0	1	0	0	1	0	0
n/a	OG0020130	0	0	0	1	0	0	1	0	0
n/a	OG0020131	0	0	0	2	0	0	0	0	0
n/a	OG0020132	0	0	0	1	0	0	1	0	0
n/a	OG0020133	0	0	0	1	0	0	0	0	0
n/a	OG0020134	0	0	0	1	0	0	0	0	0
n/a	OG0020135	0	0	0	1	0	0	0	1	0
n/a	OG0020136	0	0	0	1	0	0	0	0	0
n/a	OG0020137	0	0	0	1	0	0	0	0	0
n/a	OG0020138	0	0	0	1	0	0	0	0	0
n/a	OG0020139	0	0	0	1	0	1	0	0	0
n/a	OG0020140	0	0	0	1	0	0	0	0	0
n/a	OG0020141	0	0	0	1	0	0	0	0	0
n/a	OG0020142	0	0	0	1	0	0	0	0	0
n/a	OG0020143	0	0	0	2	0	0	0	0	0
n/a	OG0020144	0	0	0	1	0	0	0	0	0
n/a	OG0020145	0	0	0	1	0	0	1	0	0
n/a	OG0020146	0	0	0	1	0	0	0	0	0
n/a	OG0020147	0	0	0	1	0	0	1	0	0
n/a	OG0020148	0	0	0	1	0	0	0	0	0
n/a	OG0020149	0	0	0	1	0	0	0	1	0
n/a	OG0020150	0	0	0	1	0	0	1	0	0
n/a	OG0020151	0	0	0	1	0	0	0	0	0
n/a	OG0020152	0	0	0	1	0	0	0	0	0
n/a	OG0020153	0	0	0	1	0	0	0	0	0
n/a	OG0020154	0	0	0	1	0	0	0	0	0
n/a	OG0020155	0	0	0	1	0	0	0	0	0
n/a	OG0020156	0	0	0	1	0	0	1	0	0
n/a	OG0020157	0	0	0	1	0	0	0	1	0
n/a	OG0020158	0	0	0	1	1	0	0	0	0
n/a	OG0020159	0	0	0	1	0	0	0	0	0
n/a	OG0020160	0	0	0	1	0	0	1	0	0
n/a	OG0020161	0	0	0	1	0	0	0	0	0
n/a	OG0020162	0	0	0	1	0	0	0	0	0
n/a	OG0020163	0	0	0	1	0	0	0	1	0
n/a	OG0020164	0	0	0	1	0	0	0	0	0
n/a	OG0020165	0	0	0	1	0	0	0	0	0
n/a	OG0020166	0	0	0	1	0	0	0	0	0
n/a	OG0020167	0	0	0	1	1	0	0	0	0
n/a	OG0020168	0	0	0	1	0	0	0	0	0
n/a	OG0020169	0	0	0	1	0	0	1	0	0
n/a	OG0020170	0	0	0	1	0	0	0	0	0
n/a	OG0020171	0	0	0	1	0	0	1	0	0
n/a	OG0020172	0	0	0	1	0	0	0	0	0
n/a	OG0020175	0	0	0	0	2	0	0	0	1
n/a	OG0020176	0	0	0	0	1	0	0	0	2
n/a	OG0020178	0	0	0	0	2	0	0	0	0
n/a	OG0020182	0	0	0	0	1	1	0	0	1
n/a	OG0020183	0	0	0	0	1	1	0	0	1
n/a	OG0020186	0	0	0	0	1	0	0	0	2
n/a	OG0020187	0	0	0	0	1	1	0	0	1
n/a	OG0020189	0	0	0	0	1	1	0	0	1
n/a	OG0020190	0	0	0	0	1	1	0	0	1
n/a	OG0020191	0	0	0	0	1	1	0	0	1
n/a	OG0020196	0	0	0	0	2	0	0	0	1
n/a	OG0020198	0	0	0	0	1	1	0	0	1
n/a	OG0020200	0	0	0	0	2	1	0	0	0
n/a	OG0020207	0	0	0	0	1	1	0	0	1
n/a	OG0020211	0	0	0	0	1	0	0	0	2
n/a	OG0020213	0	0	0	0	2	0	0	0	1
n/a	OG0020216	0	0	0	0	1	2	0	0	0
n/a	OG0020217	0	0	0	0	2	0	0	0	1
n/a	OG0020218	0	0	0	0	1	1	0	0	1
n/a	OG0020219	0	0	0	0	1	1	0	0	1
n/a	OG0020220	0	0	0	0	2	0	0	0	0
n/a	OG0020222	0	0	0	0	1	1	0	0	1
n/a	OG0020228	0	0	0	0	1	0	0	0	1
n/a	OG0020231	0	0	0	0	1	1	0	0	1
n/a	OG0020233	0	0	0	0	1	1	0	0	1
n/a	OG0020234	0	0	0	0	1	0	0	0	2
n/a	OG0020236	0	0	0	0	1	0	0	0	0
n/a	OG0020237	0	0	0	0	2	1	0	0	0
n/a	OG0020238	0	0	0	0	1	1	0	0	1
n/a	OG0020241	0	0	0	0	2	0	0	0	1
n/a	OG0020243	0	0	0	0	2	0	0	0	1
n/a	OG0020244	0	0	0	0	2	0	0	0	1
n/a	OG0020245	0	0	0	0	2	0	0	0	0
n/a	OG0020246	0	0	0	0	1	1	0	0	1
n/a	OG0020250	0	0	0	0	1	0	0	0	2
n/a	OG0020251	0	0	0	0	2	1	0	0	0
n/a	OG0020254	0	0	0	0	1	2	0	0	0
n/a	OG0020261	0	0	0	0	1	1	0	0	1
n/a	OG0020262	0	0	0	0	1	1	0	0	1
n/a	OG0020263	0	0	0	0	1	0	0	0	0
n/a	OG0020267	0	0	0	0	1	1	0	0	1
n/a	OG0020268	0	0	0	0	1	0	0	0	0
n/a	OG0020273	0	0	0	0	2	1	0	0	0
n/a	OG0020275	0	0	0	0	1	0	0	0	1
n/a	OG0020276	0	0	0	0	1	0	0	0	0
n/a	OG0020277	0	0	0	0	2	0	0	0	1
n/a	OG0020280	0	0	0	0	1	1	0	0	1
n/a	OG0020281	0	0	0	0	2	0	0	0	1
n/a	OG0020282	0	0	0	0	1	1	0	0	1
n/a	OG0020283	0	0	0	0	1	0	0	0	2
n/a	OG0020286	0	0	0	0	2	0	0	0	0
n/a	OG0020287	0	0	0	0	1	1	0	0	1
n/a	OG0020288	0	0	0	0	1	0	0	0	1
n/a	OG0020297	0	0	0	0	2	1	0	0	0
n/a	OG0020298	0	0	0	0	1	1	0	0	1
n/a	OG0020299	0	0	0	0	2	1	0	0	0
n/a	OG0020302	0	0	0	0	1	1	0	0	1
n/a	OG0020304	0	0	0	0	2	1	0	0	0
n/a	OG0020311	0	0	0	0	1	1	0	0	1
n/a	OG0020313	0	0	0	0	1	1	0	0	1
n/a	OG0020314	0	0	0	0	1	0	0	0	2
n/a	OG0020317	0	0	0	0	1	0	0	0	2
n/a	OG0020318	0	0	0	0	1	1	0	0	1
n/a	OG0020321	0	0	0	0	1	0	1	0	0
n/a	OG0020326	0	0	0	0	2	0	0	0	1
n/a	OG0020327	0	0	0	0	2	0	0	0	1
n/a	OG0020329	0	0	0	0	1	0	0	0	1
n/a	OG0020332	0	0	0	0	1	0	0	0	2
n/a	OG0020333	0	0	0	0	1	0	0	0	2
n/a	OG0020334	0	0	0	0	1	1	0	0	1
n/a	OG0020337	0	0	0	0	1	1	0	0	1
n/a	OG0020340	0	0	0	0	1	2	0	0	0
n/a	OG0020346	0	0	0	0	1	2	0	0	0
n/a	OG0020348	0	0	0	0	1	0	0	0	0
n/a	OG0020350	0	0	0	0	1	0	0	0	2
n/a	OG0020353	0	0	0	0	1	1	0	0	1
n/a	OG0020355	0	0	0	0	1	1	0	0	1
n/a	OG0020356	0	0	0	0	1	1	0	0	1
n/a	OG0020360	0	0	0	0	2	1	0	0	0
n/a	OG0020362	0	0	0	0	1	1	0	0	1
n/a	OG0020365	0	0	0	0	1	0	0	0	2
n/a	OG0020368	0	0	0	0	1	0	0	0	2
n/a	OG0020370	0	0	0	0	1	0	1	0	0
n/a	OG0020371	0	0	0	0	1	1	0	0	1
n/a	OG0020372	0	0	0	0	2	1	0	0	0
n/a	OG0020373	0	0	0	0	1	1	0	0	1
n/a	OG0020374	0	0	0	0	2	0	0	0	1
n/a	OG0020377	0	0	0	0	1	1	0	0	1
n/a	OG0020383	0	0	0	0	1	0	0	0	0
n/a	OG0020385	0	0	0	0	1	0	0	0	1
n/a	OG0020386	0	0	0	0	1	2	0	0	0
n/a	OG0020387	0	0	0	0	1	2	0	0	0
n/a	OG0020388	0	0	0	0	1	1	0	0	1
n/a	OG0020389	0	0	0	0	1	1	0	0	1
n/a	OG0020391	0	0	0	0	1	1	0	0	1
n/a	OG0020392	0	0	0	0	1	1	0	0	0
n/a	OG0020393	0	0	0	0	1	2	0	0	0
n/a	OG0020395	0	0	0	0	1	0	1	0	0
n/a	OG0020396	0	0	0	0	1	1	0	0	1
n/a	OG0020399	0	0	0	0	2	0	0	0	1
n/a	OG0020400	0	0	0	0	1	2	0	0	0
n/a	OG0020402	0	0	0	0	2	0	0	0	0
n/a	OG0020404	0	0	0	0	1	0	0	0	2
n/a	OG0020406	0	0	0	0	1	1	0	0	1
n/a	OG0020407	0	0	0	0	1	1	0	0	1
n/a	OG0020408	0	0	0	0	2	0	0	0	1
n/a	OG0020409	0	0	0	0	2	0	0	0	1
n/a	OG0020410	0	0	0	0	1	0	0	0	0
n/a	OG0020411	0	0	0	0	1	1	0	0	1
n/a	OG0020413	0	0	0	0	1	1	0	0	1
n/a	OG0020415	0	0	0	0	1	0	0	0	0
n/a	OG0020416	0	0	0	0	1	0	1	0	0
n/a	OG0020417	0	0	0	0	2	1	0	0	0
n/a	OG0020419	0	0	0	0	1	1	0	0	1
n/a	OG0020421	0	0	0	0	1	0	0	0	0
n/a	OG0020422	0	0	0	0	1	1	0	0	0
n/a	OG0020423	0	0	0	0	1	1	0	0	1
n/a	OG0020424	0	0	0	0	1	1	0	0	0
n/a	OG0020425	0	0	0	0	1	0	0	0	2
n/a	OG0020426	0	0	0	0	1	0	0	0	0
n/a	OG0020427	0	0	0	0	2	1	0	0	0
n/a	OG0020429	0	0	0	0	2	0	0	0	0
n/a	OG0020430	0	0	0	0	2	0	0	0	0
n/a	OG0020431	0	0	0	0	1	0	0	0	2
n/a	OG0020432	0	0	0	0	1	0	0	0	2
n/a	OG0020433	0	0	0	0	1	1	0	0	1
n/a	OG0020434	0	0	0	0	1	1	0	0	1
n/a	OG0020436	0	0	0	0	1	1	0	0	1
n/a	OG0020438	0	0	0	0	1	1	0	0	1
n/a	OG0020440	0	0	0	0	1	0	1	0	0
n/a	OG0020441	0	0	0	0	1	1	0	0	1
n/a	OG0020443	0	0	0	0	1	1	0	0	1
n/a	OG0020444	0	0	0	0	0	2	0	0	1
n/a	OG0020446	0	0	0	0	0	2	0	0	1
n/a	OG0020447	0	0	0	0	0	2	0	0	1
n/a	OG0020452	0	0	0	0	0	2	0	0	1
n/a	OG0020453	0	0	0	0	0	2	0	0	1
n/a	OG0020454	0	0	0	0	0	2	0	0	1
n/a	OG0020455	0	0	0	0	0	2	0	0	1
n/a	OG0020456	0	0	0	0	0	2	0	0	1
n/a	OG0020459	0	0	0	0	0	1	0	0	2
n/a	OG0020460	0	0	0	0	0	2	0	0	1
n/a	OG0020461	0	0	0	0	0	1	0	0	1
n/a	OG0020462	0	0	0	0	0	2	0	0	1
n/a	OG0020463	0	0	0	0	0	1	0	0	2
n/a	OG0020465	0	0	0	0	0	2	0	0	1
n/a	OG0020468	0	0	0	0	0	2	0	0	1
n/a	OG0020469	0	0	0	0	0	1	0	0	2
n/a	OG0020471	0	0	0	0	0	1	0	0	2
n/a	OG0020479	0	0	0	0	0	1	0	0	2
n/a	OG0020483	0	0	0	0	0	2	0	0	1
n/a	OG0020484	0	0	0	0	0	1	0	0	2
n/a	OG0020486	0	0	0	0	0	1	0	0	2
n/a	OG0020488	0	0	0	0	0	1	0	0	2
n/a	OG0020492	0	0	0	0	0	2	0	0	1
n/a	OG0020501	0	0	0	0	0	1	0	0	2
n/a	OG0020503	0	0	0	0	0	1	0	0	2
n/a	OG0020507	0	0	0	0	0	2	0	0	1
n/a	OG0020508	0	0	0	0	0	1	0	0	2
n/a	OG0020511	0	0	0	0	0	1	0	0	2
n/a	OG0020514	0	0	0	0	0	2	0	0	1
n/a	OG0020516	0	0	0	0	0	1	0	0	2
n/a	OG0020517	0	0	0	0	0	1	0	1	0
n/a	OG0020521	0	0	0	0	0	2	0	0	1
n/a	OG0020522	0	0	0	0	0	2	0	0	1
n/a	OG0020523	0	0	0	0	0	2	0	0	1
n/a	OG0020527	0	0	0	0	0	1	0	0	2
n/a	OG0020528	0	0	0	0	0	2	0	0	1
n/a	OG0020529	0	0	0	0	0	2	0	0	1
n/a	OG0020530	0	0	0	0	0	1	0	0	2
n/a	OG0020531	0	0	0	0	0	2	0	0	1
n/a	OG0020532	0	0	0	0	0	2	0	0	1
n/a	OG0020534	0	0	0	0	0	1	0	0	2
n/a	OG0020535	0	0	0	0	0	1	0	0	2
n/a	OG0020536	0	0	0	0	0	2	0	0	1
n/a	OG0020537	0	0	0	0	0	2	0	0	1
n/a	OG0020538	0	0	0	0	0	2	0	0	1
n/a	OG0020539	0	0	0	0	0	1	1	0	0
n/a	OG0020540	0	0	0	0	0	2	0	0	1
n/a	OG0020541	0	0	0	0	0	1	0	0	2
n/a	OG0020542	0	0	0	0	0	2	0	0	1
n/a	OG0020544	0	0	0	0	0	2	0	0	1
n/a	OG0020546	0	0	0	0	0	1	0	0	0
n/a	OG0020548	0	0	0	0	0	2	0	0	1
n/a	OG0020549	0	0	0	0	0	2	0	0	1
n/a	OG0020550	0	0	0	0	0	2	0	0	1
n/a	OG0020552	0	0	0	0	0	1	1	0	0
n/a	OG0020555	0	0	0	0	0	2	0	0	1
n/a	OG0020556	0	0	0	0	0	1	0	0	2
n/a	OG0020557	0	0	0	0	0	1	0	0	0
n/a	OG0020558	0	0	0	0	0	1	1	0	0
n/a	OG0020559	0	0	0	0	0	2	0	0	1
n/a	OG0020560	0	0	0	0	0	1	0	0	2
n/a	OG0020561	0	0	0	0	0	2	0	0	1
n/a	OG0020563	0	0	0	0	0	2	0	0	1
n/a	OG0020564	0	0	0	0	0	2	0	0	1
n/a	OG0020565	0	0	0	0	0	1	0	0	2
n/a	OG0020566	0	0	0	0	0	2	0	0	1
n/a	OG0020567	0	0	0	0	0	2	0	0	1
n/a	OG0020569	0	0	0	0	0	1	0	0	2
n/a	OG0020570	0	0	0	0	0	1	0	0	2
n/a	OG0020571	0	0	0	0	0	2	0	0	1
n/a	OG0020572	0	0	0	0	0	0	0	1	0
n/a	OG0020574	0	0	0	0	0	0	1	0	0
n/a	OG0020576	0	0	0	0	0	0	1	0	0
n/a	OG0020577	0	0	0	0	0	0	1	0	0
n/a	OG0020578	0	0	0	0	0	0	0	1	0
n/a	OG0020579	0	0	0	0	0	0	0	1	0
n/a	OG0020580	0	0	0	0	0	0	1	0	0
n/a	OG0020581	0	0	0	0	0	0	1	0	0
n/a	OG0020582	0	0	0	0	0	0	0	1	0
n/a	OG0020583	0	0	0	0	0	0	1	0	0
n/a	OG0020586	0	0	0	0	0	0	0	1	0
n/a	OG0020587	0	0	0	0	0	0	0	1	0
n/a	OG0020588	0	0	0	0	0	0	0	1	0
n/a	OG0020589	0	0	0	0	0	0	0	1	0
n/a	OG0020591	0	0	0	0	0	0	0	1	0
n/a	OG0020592	0	0	0	0	0	0	0	1	0
n/a	OG0020594	0	0	0	0	0	0	1	0	0
n/a	OG0020595	0	0	0	0	0	0	1	0	0
n/a	OG0020596	0	0	0	0	0	0	0	1	0
n/a	OG0020597	0	0	0	0	0	0	0	1	0
n/a	OG0020598	0	0	0	0	0	0	0	1	0
n/a	OG0020600	0	0	0	0	0	0	1	0	0
n/a	OG0020601	0	0	0	0	0	0	0	1	0
n/a	OG0020602	0	0	0	0	0	0	1	0	0
n/a	OG0020603	0	0	0	0	0	0	1	0	0
n/a	OG0020604	0	0	0	0	0	0	1	0	0
n/a	OG0020606	0	0	0	0	0	0	1	0	0
n/a	OG0020607	0	0	0	0	0	0	0	1	0
n/a	OG0020609	0	0	0	0	0	0	0	1	0
n/a	OG0020611	0	0	0	0	0	0	1	0	0
n/a	OG0020613	0	0	0	0	0	0	1	0	0
n/a	OG0020614	0	0	0	0	0	0	0	1	0
n/a	OG0020615	0	0	0	0	0	0	0	1	0
n/a	OG0020616	0	0	0	0	0	0	0	1	0
n/a	OG0020617	0	0	0	0	0	0	1	0	0
n/a	OG0020618	0	0	0	0	0	0	1	0	0
n/a	OG0020619	0	0	0	0	0	0	0	1	0
n/a	OG0020620	0	0	0	0	0	0	1	0	1
n/a	OG0020621	0	0	0	0	0	0	0	1	0
n/a	OG0020623	0	0	0	0	0	0	0	1	0
n/a	OG0020624	0	0	0	0	0	0	1	0	0
n/a	OG0020625	0	0	0	0	0	0	0	1	0
n/a	OG0020626	0	0	0	0	0	0	0	1	0
n/a	OG0020629	0	0	0	0	0	0	1	0	0
n/a	OG0020631	0	0	0	0	0	0	0	1	0
n/a	OG0020633	0	0	0	0	0	0	0	1	0
n/a	OG0020634	0	0	0	0	0	0	1	0	0
n/a	OG0020635	0	0	0	0	0	0	1	0	0
n/a	OG0020638	0	0	0	0	0	0	0	1	0
n/a	OG0020640	0	0	0	0	0	0	1	0	0
n/a	OG0020641	0	0	0	0	0	0	1	0	0
n/a	OG0020642	0	0	0	0	0	0	1	0	0
n/a	OG0020644	0	0	0	0	0	0	1	0	0
n/a	OG0020646	0	0	0	0	0	0	0	1	0
n/a	OG0020647	0	0	0	0	0	0	0	1	0
n/a	OG0020648	0	0	0	0	0	0	1	0	0
n/a	OG0020649	0	0	0	0	0	0	0	1	0
n/a	OG0020652	0	0	0	0	0	0	0	1	0
n/a	OG0020653	0	0	0	0	0	0	0	1	0
n/a	OG0020654	0	0	0	0	0	0	1	0	0
n/a	OG0020655	0	0	0	0	0	0	0	1	0
n/a	OG0020656	0	0	0	0	0	0	0	1	0
n/a	OG0020657	0	0	0	0	0	0	0	1	0
n/a	OG0020658	0	0	0	0	0	0	0	0	1
n/a	OG0020660	0	0	0	0	0	0	0	1	0
n/a	OG0020661	0	0	0	0	0	0	0	0	2
n/a	OG0020662	0	0	0	0	0	0	1	0	0
n/a	OG0020663	0	0	0	0	0	0	1	0	0
n/a	OG0020664	0	0	0	0	0	0	0	1	0
n/a	OG0020665	0	0	0	0	0	0	0	1	0
n/a	OG0020666	0	0	0	0	0	0	1	0	0
n/a	OG0020667	0	0	0	0	0	0	0	1	0
n/a	OG0020668	0	0	0	0	0	0	0	0	1
n/a	OG0020670	0	0	0	0	0	0	0	1	0
n/a	OG0020672	0	0	0	0	0	0	0	1	0
n/a	OG0020673	0	0	0	0	0	0	1	0	0
n/a	OG0020675	0	0	0	0	0	0	0	0	2
n/a	OG0020676	0	0	0	0	0	0	1	0	0
n/a	OG0020677	0	0	0	0	0	0	1	0	0
n/a	OG0020678	0	0	0	0	0	0	1	0	0
n/a	OG0020680	0	0	0	0	0	0	0	1	0
n/a	OG0020682	0	0	0	0	0	0	0	1	0
n/a	OG0020683	0	0	0	0	0	0	0	1	0
n/a	OG0020684	0	0	0	0	0	0	1	0	0
n/a	OG0020686	0	0	0	0	0	0	0	1	0
n/a	OG0020688	0	0	0	0	0	0	1	0	0
n/a	OG0020691	0	0	0	0	0	0	1	0	0
n/a	OG0020692	0	0	0	0	0	0	0	1	0
n/a	OG0020693	0	0	0	0	0	0	0	0	2
n/a	OG0020695	0	0	0	0	0	0	0	1	0
n/a	OG0020696	0	0	0	0	0	0	1	0	0
n/a	OG0020697	0	0	0	0	0	0	1	0	0
n/a	OG0020699	0	0	0	0	0	0	0	1	0
n/a	OG0020700	0	0	0	0	0	0	0	1	0
n/a	OG0020701	0	0	0	0	0	0	0	1	0
n/a	OG0020703	0	0	0	0	0	0	0	1	0
n/a	OG0020704	0	0	0	0	0	0	1	0	0
n/a	OG0020705	0	0	0	0	0	0	1	0	0
n/a	OG0020706	0	0	0	0	0	0	1	0	0
n/a	OG0020707	0	0	0	0	0	0	0	1	0
n/a	OG0020708	0	0	0	0	0	0	1	0	0
n/a	OG0020709	0	0	0	0	0	0	0	1	0
n/a	OG0020710	0	0	0	0	0	0	1	0	0
n/a	OG0020711	0	0	0	0	0	0	0	1	0
n/a	OG0020712	0	0	0	0	0	0	0	1	0
n/a	OG0020713	0	0	0	0	0	0	1	0	0
n/a	OG0020714	0	0	0	0	0	0	1	0	0
n/a	OG0020715	0	0	0	0	0	0	1	0	0
n/a	OG0020716	0	0	0	0	0	0	1	0	0
n/a	OG0020720	0	0	0	0	0	0	0	1	0
n/a	OG0020722	0	0	0	0	0	0	1	0	0
n/a	OG0020723	0	0	0	0	0	0	1	0	0
n/a	OG0020724	0	0	0	0	0	0	0	1	0
n/a	OG0020725	0	0	0	0	0	0	0	1	0
n/a	OG0020726	0	0	0	0	0	0	0	1	0
n/a	OG0020727	0	0	0	0	0	0	0	1	0
n/a	OG0020729	0	0	0	0	0	0	0	1	0
n/a	OG0020731	0	0	0	0	0	0	1	0	0
n/a	OG0020733	0	0	0	0	0	0	0	1	0
n/a	OG0020734	0	0	0	0	0	0	0	1	0
n/a	OG0020735	0	0	0	0	0	0	0	1	0
n/a	OG0020736	0	0	0	0	0	0	0	1	0
n/a	OG0020737	0	0	0	0	0	0	0	1	0
n/a	OG0020738	0	0	0	0	0	0	0	1	0
n/a	OG0020739	0	0	0	0	0	0	0	1	0
n/a	OG0020740	0	0	0	0	0	0	1	0	0
n/a	OG0020741	0	0	0	0	0	0	0	1	0
n/a	OG0020742	0	0	0	0	0	0	0	1	0
n/a	OG0020744	0	0	0	0	0	0	1	0	0
n/a	OG0020745	0	0	0	0	0	0	1	0	0
n/a	OG0020746	0	0	0	0	0	0	0	1	0
n/a	OG0020748	0	0	0	0	0	0	0	1	0
n/a	OG0020749	0	0	0	0	0	0	1	0	0
n/a	OG0020750	0	0	0	0	0	0	0	1	0
n/a	OG0020751	0	0	0	0	0	0	1	0	1
n/a	OG0020752	0	0	0	0	0	0	0	1	0
n/a	OG0020754	0	0	0	0	0	0	1	0	0
n/a	OG0020755	0	0	0	0	0	0	1	0	0
n/a	OG0020756	0	0	0	0	0	0	0	1	0
n/a	OG0020757	0	0	0	0	0	0	0	1	0
n/a	OG0020758	0	0	0	0	0	0	0	1	0
n/a	OG0020759	0	0	0	0	0	0	0	1	0
n/a	OG0020760	0	0	0	0	0	0	1	0	0
n/a	OG0020761	0	0	0	0	0	0	0	1	0
n/a	OG0020762	0	0	0	0	0	0	1	0	0
n/a	OG0020763	0	0	0	0	0	0	0	1	0
n/a	OG0020764	0	0	0	0	0	0	0	1	0
n/a	OG0020767	0	0	0	0	0	0	0	1	0
n/a	OG0020768	0	0	0	0	0	0	1	0	0
n/a	OG0020769	0	0	0	0	0	0	0	1	0
n/a	OG0020770	0	0	0	0	0	0	1	0	0
n/a	OG0020771	0	0	0	0	0	0	0	1	0
n/a	OG0020772	0	0	0	0	0	0	0	1	0
n/a	OG0020773	0	0	0	0	0	0	0	1	0
n/a	OG0020774	0	0	0	0	0	0	0	1	0
n/a	OG0020775	0	0	0	0	0	0	0	1	0
n/a	OG0020776	0	0	0	0	0	0	0	1	0
n/a	OG0020777	0	0	0	0	0	0	1	0	0
n/a	OG0020778	0	0	0	0	0	0	0	1	0
n/a	OG0020779	0	0	0	0	0	0	0	1	0
n/a	OG0020780	0	0	0	0	0	0	1	0	0
n/a	OG0020781	0	0	0	0	0	0	0	1	0
n/a	OG0020782	0	0	0	0	0	0	0	1	0
n/a	OG0020783	0	0	0	0	0	0	1	0	0
n/a	OG0020784	0	0	0	0	0	0	0	1	0
n/a	OG0020785	0	0	0	0	0	0	0	1	0
n/a	OG0020786	0	0	0	0	0	0	0	1	0
n/a	OG0020787	0	0	0	0	0	0	1	0	0
n/a	OG0020788	0	0	0	0	0	0	0	1	0
n/a	OG0020790	0	0	0	0	0	0	1	0	0
n/a	OG0020791	0	0	0	0	0	0	0	0	1
n/a	OG0020792	0	0	0	0	0	0	1	0	0
n/a	OG0020794	0	0	0	0	0	0	1	0	0
n/a	OG0020795	0	0	0	0	0	0	0	1	0
n/a	OG0020796	0	0	0	0	0	0	1	0	0
n/a	OG0020797	0	0	0	0	0	0	0	1	0
n/a	OG0020798	0	0	0	0	0	0	0	1	0
n/a	OG0020800	0	0	0	0	0	0	0	1	0
n/a	OG0020801	0	0	0	0	0	0	0	1	0
n/a	OG0020802	0	0	0	0	0	0	0	1	0
n/a	OG0020803	0	0	0	0	0	0	0	1	0
n/a	OG0020804	0	0	0	0	0	0	0	1	0
n/a	OG0020805	0	0	0	0	0	0	0	1	0
n/a	OG0020806	0	0	0	0	0	0	0	1	0
n/a	OG0020807	0	0	0	0	0	0	0	1	0
n/a	OG0020809	0	0	0	0	0	0	1	0	0
n/a	OG0020810	0	0	0	0	0	0	0	1	0
n/a	OG0020811	0	0	0	0	0	0	0	1	0
n/a	OG0020812	0	0	0	0	0	0	0	1	0
n/a	OG0020813	0	0	0	0	0	0	0	1	0
n/a	OG0020814	0	0	0	0	0	0	1	0	0
n/a	OG0020816	0	0	0	0	0	0	0	1	0
n/a	OG0020817	0	0	0	0	0	0	0	1	0
n/a	OG0020818	0	0	0	0	0	0	1	0	0
n/a	OG0020819	0	0	0	0	0	0	1	0	0
n/a	OG0020821	0	0	0	0	0	0	1	0	0
n/a	OG0020822	0	0	0	0	0	0	1	0	0
n/a	OG0020823	0	0	0	0	0	0	0	1	0
n/a	OG0020824	0	0	0	0	0	0	0	1	0
n/a	OG0020826	0	0	0	0	0	0	0	1	0
n/a	OG0020827	0	0	0	0	0	0	0	1	0
n/a	OG0020828	0	0	0	0	0	0	1	0	0
n/a	OG0020829	0	0	0	0	0	0	0	1	0
n/a	OG0020831	0	0	0	0	0	0	0	1	0
n/a	OG0020832	0	0	0	0	0	0	1	0	0
n/a	OG0020833	0	0	0	0	0	0	1	0	0
n/a	OG0020834	0	0	0	0	0	0	1	0	0
n/a	OG0020836	0	0	0	0	0	0	1	0	0
n/a	OG0020837	0	0	0	0	0	0	0	1	0
n/a	OG0020838	0	0	0	0	0	0	0	0	1
n/a	OG0020839	0	0	0	0	0	0	1	0	0
n/a	OG0020840	0	0	0	0	0	0	0	1	0
n/a	OG0020841	0	0	0	0	0	0	0	1	0
n/a	OG0020842	0	0	0	0	0	0	0	1	0
n/a	OG0020843	0	0	0	0	0	0	0	1	0
n/a	OG0020844	0	0	0	0	0	0	0	1	0
n/a	OG0020845	0	0	0	0	0	0	1	0	0
n/a	OG0020846	0	0	0	0	0	0	0	1	0
n/a	OG0020848	0	0	0	0	0	0	0	1	0
n/a	OG0020849	0	0	0	0	0	0	0	1	0
n/a	OG0020850	0	0	0	0	0	0	0	1	0
n/a	OG0020851	0	0	0	0	0	0	0	1	0
n/a	OG0020852	0	0	0	0	0	0	0	1	0
n/a	OG0020853	0	0	0	0	0	0	0	1	0
n/a	OG0020854	0	0	0	0	0	0	1	0	0
n/a	OG0020855	0	0	0	0	0	0	0	1	0
n/a	OG0020856	0	0	0	0	0	0	1	0	0
n/a	OG0020857	0	0	0	0	0	0	1	0	0
n/a	OG0020858	0	0	0	0	0	0	1	0	0
n/a	OG0020859	0	0	0	0	0	0	1	0	0
n/a	OG0020860	0	0	0	0	0	0	0	1	0
n/a	OG0020861	0	0	0	0	0	0	1	0	0
n/a	OG0020863	0	0	0	0	0	0	0	1	0
n/a	OG0020864	0	0	0	0	0	0	0	1	0
n/a	OG0020865	0	0	0	0	0	0	0	1	0
n/a	OG0020866	0	0	0	0	0	0	0	1	0
n/a	OG0020867	0	0	0	0	0	0	0	1	0
n/a	OG0020868	0	0	0	0	0	0	1	0	0
n/a	OG0020869	0	0	0	0	0	0	0	1	0
n/a	OG0020870	0	0	0	0	0	0	0	1	0
n/a	OG0020871	0	0	0	0	0	0	0	0	2
n/a	OG0020873	0	0	0	0	0	0	0	1	0
n/a	OG0020874	0	0	0	0	0	0	0	1	0
n/a	OG0020875	0	0	0	0	0	0	0	1	0
n/a	OG0020876	0	0	0	0	0	0	0	1	0
n/a	OG0020877	0	0	0	0	0	0	1	0	0
n/a	OG0020878	0	0	0	0	0	0	0	1	0
n/a	OG0020879	0	0	0	0	0	0	0	1	0
n/a	OG0020880	0	0	0	0	0	0	0	1	0
n/a	OG0020881	0	0	0	0	0	0	0	1	0
n/a	OG0020882	0	0	0	0	0	0	1	0	0
n/a	OG0020883	0	0	0	0	0	0	1	0	0
n/a	OG0020884	0	0	0	0	0	0	0	1	0
n/a	OG0020885	0	0	0	0	0	0	0	1	0
n/a	OG0020886	0	0	0	0	0	0	1	0	0
n/a	OG0020887	0	0	0	0	0	0	0	1	0
n/a	OG0020888	0	0	0	0	0	0	1	0	0
n/a	OG0020889	0	0	0	0	0	0	1	0	0
n/a	OG0020890	0	0	0	0	0	0	0	1	0
n/a	OG0020891	0	0	0	0	0	0	0	1	0
n/a	OG0020893	0	0	0	0	0	0	0	1	0
n/a	OG0020894	0	0	0	0	0	0	1	0	0
n/a	OG0020895	0	0	0	0	0	0	1	0	0
n/a	OG0020896	0	0	0	0	0	0	1	0	0
n/a	OG0020897	0	0	0	0	0	0	1	0	0
n/a	OG0020898	0	0	0	0	0	0	0	1	0
n/a	OG0020900	0	0	0	0	0	0	0	1	0
n/a	OG0020901	0	0	0	0	0	0	0	1	0
n/a	OG0020902	0	0	0	0	0	0	1	0	0
n/a	OG0020903	0	0	0	0	0	0	1	0	0
n/a	OG0020904	0	0	0	0	0	0	1	0	0
n/a	OG0020905	0	0	0	0	0	0	0	1	0
n/a	OG0020906	0	0	0	0	0	0	0	1	0
n/a	OG0020907	0	0	0	0	0	0	0	0	1
n/a	OG0020909	0	0	0	0	0	0	0	1	0
n/a	OG0020910	0	0	0	0	0	0	1	0	0
n/a	OG0020911	0	0	0	0	0	0	0	1	0
n/a	OG0020912	0	0	0	0	0	0	0	1	0
n/a	OG0020913	0	0	0	0	0	0	1	0	0
n/a	OG0020914	0	0	0	0	0	0	0	1	0
n/a	OG0020915	0	0	0	0	0	0	0	1	0
n/a	OG0020916	0	0	0	0	0	0	0	1	0
n/a	OG0020917	0	0	0	0	0	0	0	1	0
n/a	OG0020918	0	0	0	0	0	0	0	1	0
n/a	OG0020919	0	0	0	0	0	0	0	1	0
n/a	OG0020921	0	0	0	0	0	0	0	1	0
n/a	OG0020923	0	0	0	0	0	0	1	0	0
n/a	OG0020924	0	0	0	0	0	0	0	1	0
n/a	OG0020925	0	0	0	0	0	0	1	0	0
n/a	OG0020926	0	0	0	0	0	0	0	1	0
n/a	OG0020927	0	0	0	0	0	0	0	1	0
n/a	OG0020929	0	0	0	0	0	0	1	0	0
n/a	OG0020930	0	0	0	0	0	0	1	0	0
n/a	OG0020931	0	0	0	0	0	0	1	0	0
n/a	OG0020932	0	0	0	0	0	0	0	1	0
n/a	OG0020933	0	0	0	0	0	0	0	1	0
n/a	OG0020934	0	0	0	0	0	0	1	0	0
n/a	OG0020935	0	0	0	0	0	0	0	1	0
n/a	OG0020936	0	0	0	0	0	0	0	1	0
n/a	OG0020937	0	0	0	0	0	0	1	0	0
n/a	OG0020938	0	0	0	0	0	0	0	1	0
n/a	OG0020939	0	0	0	0	0	0	1	0	0
n/a	OG0020940	0	0	0	0	0	0	1	0	0
n/a	OG0020941	0	0	0	0	0	0	1	0	0
n/a	OG0020942	0	0	0	0	0	0	0	1	0
n/a	OG0020943	0	0	0	0	0	0	0	1	0
n/a	OG0020944	0	0	0	0	0	0	0	1	0
n/a	OG0020945	0	0	0	0	0	0	1	0	0
n/a	OG0020946	0	0	0	0	0	0	0	1	0
n/a	OG0020947	0	0	0	0	0	0	1	0	0
n/a	OG0020948	0	0	0	0	0	0	1	0	0
n/a	OG0020949	0	0	0	0	0	0	0	1	0
n/a	OG0020950	0	0	0	0	0	0	0	0	1
n/a	OG0020951	0	0	0	0	0	0	1	0	0
n/a	OG0020952	0	0	0	0	0	0	0	1	0
n/a	OG0020953	0	0	0	0	0	0	0	1	0
n/a	OG0020954	0	0	0	0	0	0	0	1	0
n/a	OG0020955	0	0	0	0	0	0	0	1	0
n/a	OG0020956	0	0	0	0	0	0	0	1	0
n/a	OG0020958	0	0	0	0	0	0	0	1	0
n/a	OG0020959	0	0	0	0	0	0	0	1	0
n/a	OG0020961	0	0	0	0	0	0	0	1	0
n/a	OG0020962	0	0	0	0	0	0	0	1	0
n/a	OG0020964	0	0	0	0	0	0	1	0	1
n/a	OG0020966	0	0	0	0	0	0	0	1	0
n/a	OG0020967	0	0	0	0	0	0	1	0	0
n/a	OG0020968	0	0	0	0	0	0	0	1	0
n/a	OG0020969	0	0	0	0	0	0	0	1	0
n/a	OG0020970	0	0	0	0	0	0	0	1	0
n/a	OG0020971	0	0	0	0	0	0	0	1	0
n/a	OG0020972	0	0	0	0	0	0	1	0	0
n/a	OG0020973	0	0	0	0	0	0	1	0	0
n/a	OG0020974	0	0	0	0	0	0	1	0	0
n/a	OG0020975	0	0	0	0	0	0	1	0	0
n/a	OG0020976	0	0	0	0	0	0	1	0	0
n/a	OG0020977	0	0	0	0	0	0	0	1	0
n/a	OG0020979	0	0	0	0	0	0	0	1	0
n/a	OG0020980	0	0	0	0	0	0	1	0	0
n/a	OG0020981	0	0	0	0	0	0	0	1	0
n/a	OG0020982	0	0	0	0	0	0	1	0	0
n/a	OG0020983	0	0	0	0	0	0	0	1	0
n/a	OG0020984	0	0	0	0	0	0	0	1	0
n/a	OG0020985	0	0	0	0	0	0	1	0	0
n/a	OG0020986	0	0	0	0	0	0	1	0	0
n/a	OG0020987	0	0	0	0	0	0	0	1	0
n/a	OG0020988	0	0	0	0	0	0	0	1	0
n/a	OG0020989	0	0	0	0	0	0	1	0	0
n/a	OG0020990	0	0	0	0	0	0	1	0	0
n/a	OG0020991	0	0	0	0	0	0	0	1	0
n/a	OG0020993	0	0	0	0	0	0	1	0	0
n/a	OG0020994	0	0	0	0	0	0	1	0	0
n/a	OG0020995	0	0	0	0	0	0	0	1	0
n/a	OG0020996	0	0	0	0	0	0	0	1	0
n/a	OG0020997	0	0	0	0	0	0	1	0	0
n/a	OG0020998	0	0	0	0	0	0	0	1	0
n/a	OG0020999	0	0	0	0	0	0	1	0	0
n/a	OG0021000	0	0	0	0	0	0	1	0	0
n/a	OG0021001	0	0	0	0	0	0	0	1	0
n/a	OG0021002	0	0	0	0	0	0	0	1	0
n/a	OG0021003	0	0	0	0	0	0	0	1	0
n/a	OG0021004	0	0	0	0	0	0	1	0	0
n/a	OG0021005	0	0	0	0	0	0	0	1	0
n/a	OG0021006	0	0	0	0	0	0	0	1	0
n/a	OG0021008	0	0	0	0	0	0	1	0	0
n/a	OG0021009	0	0	0	0	0	0	0	1	0
n/a	OG0021010	0	0	0	0	0	0	0	1	0
n/a	OG0021011	0	0	0	0	0	0	1	0	0
n/a	OG0021012	0	0	0	0	0	0	0	1	0
n/a	OG0021013	0	0	0	0	0	0	0	1	0
n/a	OG0021017	0	0	0	0	0	0	1	0	0
n/a	OG0021020	0	0	0	0	0	0	0	1	1
n/a	OG0021034	0	0	0	0	0	0	0	1	1
n/a	OG0021035	0	0	0	0	0	0	0	1	1
n/a	OG0021045	0	0	0	0	0	0	0	1	1
n/a	OG0021053	0	0	0	0	0	0	0	0	2
n/a	OG0021056	0	0	0	0	0	0	0	0	2
n/a	OG0021088	0	0	0	0	0	0	0	0	2
n/a	OG0021092	0	0	0	0	0	0	0	1	1
n/a	OG0021098	0	0	0	0	0	0	0	0	2
n/a	OG0021106	0	0	0	0	0	0	0	0	2
n/a	OG0021109	0	0	0	0	0	0	0	1	1
n/a	OG0021112	0	0	0	0	0	0	0	1	1
n/a	OG0021113	0	0	0	0	0	0	0	0	2
n/a	OG0021116	0	0	0	0	0	0	0	0	2
n/a	OG0021117	0	0	0	0	0	0	0	1	1
n/a	OG0021257	0	0	1	0	1	0	0	0	0
n/a	OG0021258	0	0	0	0	0	0	0	0	0
n/a	OG0021260	0	0	0	0	1	1	0	0	0
n/a	OG0021261	0	0	0	0	0	0	0	0	1
n/a	OG0021262	0	0	0	1	0	0	0	0	0
n/a	OG0021264	0	0	0	0	0	0	0	0	0
n/a	OG0021265	1	0	0	0	0	0	0	0	0
n/a	OG0021266	1	0	0	0	0	0	0	0	0
n/a	OG0021268	0	0	0	1	0	0	0	0	0
n/a	OG0021271	1	0	0	0	0	1	0	0	0
n/a	OG0021272	1	0	0	0	0	0	0	0	0
n/a	OG0021273	0	0	0	0	0	0	0	0	0
n/a	OG0021277	1	0	0	0	1	0	0	0	0
n/a	OG0021279	1	0	1	0	0	0	0	0	0
n/a	OG0021280	1	0	0	0	1	0	0	0	0
n/a	OG0021281	0	0	0	0	0	0	0	0	0
n/a	OG0021282	0	0	0	0	0	0	0	0	0
n/a	OG0021285	1	0	0	0	1	0	0	0	0
n/a	OG0021287	1	0	0	0	1	0	0	0	0
n/a	OG0021288	1	0	0	0	0	1	0	0	0
n/a	OG0021290	1	0	0	0	0	0	0	0	0
n/a	OG0021291	0	0	0	0	0	1	0	0	1
n/a	OG0021292	0	0	0	1	0	0	0	0	0
n/a	OG0021293	0	0	1	0	0	0	0	0	0
n/a	OG0021294	1	0	1	0	0	0	0	0	0
n/a	OG0021295	1	0	0	0	0	1	0	0	0
n/a	OG0021297	1	0	0	0	0	0	0	0	0
n/a	OG0021298	1	0	1	0	0	0	0	0	0
n/a	OG0021299	1	0	0	0	0	0	0	0	1
n/a	OG0021300	0	0	0	0	0	1	0	0	1
n/a	OG0021301	1	0	0	0	1	0	0	0	0
n/a	OG0021302	1	0	0	0	1	0	0	0	0
n/a	OG0021304	1	0	0	0	1	0	0	0	0
n/a	OG0021305	1	0	0	0	0	0	0	0	1
n/a	OG0021306	1	0	1	0	0	0	0	0	0
n/a	OG0021307	1	0	0	0	0	1	0	0	0
n/a	OG0021308	1	0	0	0	0	0	0	0	1
n/a	OG0021309	1	0	0	0	1	0	0	0	0
n/a	OG0021310	1	0	0	0	0	0	0	0	0
n/a	OG0021311	1	0	0	0	1	0	0	0	0
n/a	OG0021312	1	0	0	0	1	0	0	0	0
n/a	OG0021313	1	0	0	0	1	0	0	0	0
n/a	OG0021319	1	0	0	0	0	0	0	0	0
n/a	OG0021340	1	0	0	0	1	0	0	0	0
n/a	OG0021394	1	0	0	0	0	1	0	0	0
n/a	OG0021451	1	0	0	0	1	0	0	0	0
n/a	OG0021469	1	0	0	0	1	0	0	0	0
n/a	OG0021498	1	0	0	0	0	0	0	0	0
n/a	OG0021505	1	0	0	0	0	0	0	0	1
n/a	OG0021510	1	0	0	0	1	0	0	0	0
n/a	OG0021520	1	0	0	0	0	0	0	0	0
n/a	OG0021521	1	0	0	0	0	1	0	0	0
n/a	OG0021563	1	0	0	0	0	1	0	0	0
n/a	OG0021566	1	0	0	0	0	0	0	0	0
n/a	OG0021646	1	0	0	0	0	0	0	0	0
n/a	OG0021728	1	0	0	0	0	0	0	0	1
n/a	OG0021739	1	0	0	0	0	0	0	0	0
n/a	OG0021755	1	0	0	0	0	1	0	0	0
n/a	OG0021762	1	0	0	0	0	0	0	0	1
n/a	OG0021794	1	0	0	0	1	0	0	0	0
n/a	OG0021809	1	0	0	0	1	0	0	0	0
n/a	OG0021815	1	0	0	0	1	0	0	0	0
n/a	OG0021823	1	0	1	0	0	0	0	0	0
n/a	OG0021830	0	0	0	0	1	0	0	0	0
n/a	OG0021842	0	0	0	0	0	0	0	0	0
n/a	OG0021850	0	0	0	0	0	0	0	0	0
n/a	OG0021852	0	0	0	0	0	0	0	0	0
n/a	OG0021854	0	0	0	0	1	0	0	0	0
n/a	OG0021860	0	0	0	0	1	0	0	0	0
n/a	OG0021867	0	0	0	0	0	0	0	0	0
n/a	OG0021885	0	0	0	0	0	0	0	0	0
n/a	OG0021887	0	0	0	0	0	0	0	0	0
n/a	OG0021888	0	0	0	0	0	0	0	0	0
n/a	OG0021889	0	0	0	0	1	0	0	0	0
n/a	OG0021890	0	0	0	0	0	0	0	0	0
n/a	OG0021903	0	0	0	0	0	0	0	0	0
n/a	OG0021919	0	0	1	0	0	0	0	0	0
n/a	OG0021923	0	0	0	0	0	0	0	0	0
n/a	OG0021925	0	0	0	0	0	0	0	0	0
n/a	OG0021928	0	0	0	0	1	0	0	0	0
n/a	OG0021930	0	0	0	0	0	0	0	0	0
n/a	OG0021931	0	0	1	0	0	0	0	0	0
n/a	OG0021932	0	0	0	0	0	0	0	0	1
n/a	OG0021939	0	0	1	0	0	0	0	0	0
n/a	OG0021940	0	0	0	0	0	0	0	0	0
n/a	OG0021946	0	0	0	0	0	0	0	0	0
n/a	OG0021947	0	0	0	0	0	0	0	0	0
n/a	OG0021954	0	0	0	0	0	0	0	0	0
n/a	OG0021957	0	0	0	0	0	1	0	0	0
n/a	OG0021962	0	0	0	0	1	0	0	0	0
n/a	OG0021963	0	0	0	0	0	0	0	0	0
n/a	OG0021991	0	0	0	0	0	0	0	0	1
n/a	OG0022002	0	0	0	0	0	0	0	0	0
n/a	OG0022012	0	0	0	1	0	0	0	0	0
n/a	OG0022020	0	0	0	0	1	0	0	0	0
n/a	OG0022028	0	0	0	0	0	0	0	0	0
n/a	OG0022053	0	0	0	0	0	0	0	0	0
n/a	OG0022056	0	0	0	0	0	0	0	0	0
n/a	OG0022057	0	0	0	1	0	0	0	0	0
n/a	OG0022058	0	0	0	1	0	0	0	0	0
n/a	OG0022059	0	0	0	0	0	1	0	0	0
n/a	OG0022066	0	0	0	0	0	0	0	0	0
n/a	OG0022068	0	0	1	0	0	0	0	0	0
n/a	OG0022070	0	0	0	0	0	0	0	0	0
n/a	OG0022074	0	0	0	0	0	1	0	0	0
n/a	OG0022083	0	0	0	1	0	0	0	0	0
n/a	OG0022088	0	0	0	0	0	0	0	0	0
n/a	OG0022093	0	0	0	0	0	0	0	0	0
n/a	OG0022094	0	0	0	0	0	0	0	0	1
n/a	OG0022098	0	0	0	0	0	0	0	0	0
n/a	OG0022100	0	0	0	0	1	0	0	0	0
n/a	OG0022103	0	0	0	1	0	0	0	0	0
n/a	OG0022108	0	0	0	0	0	0	0	0	0
n/a	OG0022110	0	0	0	0	0	0	0	0	0
n/a	OG0022131	0	0	0	1	0	0	0	0	0
n/a	OG0022132	0	0	0	0	0	0	0	0	0
n/a	OG0022136	0	0	0	1	0	0	0	0	0
n/a	OG0022140	0	0	0	0	0	0	0	0	0
n/a	OG0022143	0	0	0	0	0	0	0	0	0
n/a	OG0022146	0	0	0	0	0	0	0	0	0
n/a	OG0022148	0	0	0	0	0	0	0	0	0
n/a	OG0022150	0	0	0	0	0	0	0	0	0
n/a	OG0022154	0	0	0	0	1	0	0	0	0
n/a	OG0022157	0	0	0	0	0	0	0	0	0
n/a	OG0022159	0	0	1	0	0	0	0	0	0
n/a	OG0022160	0	0	0	0	1	0	0	0	0
n/a	OG0022161	0	0	0	1	0	0	0	0	0
n/a	OG0022164	0	0	0	0	0	0	0	0	0
n/a	OG0022166	0	0	0	0	0	0	0	0	0
n/a	OG0022180	0	0	0	0	1	0	0	0	0
n/a	OG0022182	0	0	0	0	1	0	0	0	0
n/a	OG0022202	0	0	0	0	0	0	0	0	0
n/a	OG0022204	0	0	0	0	0	0	0	0	0
n/a	OG0022220	0	0	0	0	1	0	0	0	0
n/a	OG0022221	0	0	0	0	0	0	0	0	0
n/a	OG0022222	0	0	0	0	0	0	0	0	0
n/a	OG0022224	0	0	0	1	0	0	0	0	0
n/a	OG0022263	0	0	0	0	0	0	0	0	0
n/a	OG0022264	0	0	0	0	1	0	0	0	0
n/a	OG0022266	0	0	0	1	0	0	0	0	0
n/a	OG0022271	0	0	0	0	0	0	0	0	0
n/a	OG0022272	0	0	0	0	0	0	0	0	0
n/a	OG0022273	0	0	0	0	1	0	0	0	0
n/a	OG0022275	0	0	0	0	0	1	0	0	0
n/a	OG0022276	0	0	0	0	1	0	0	0	0
n/a	OG0022277	0	0	1	0	0	0	0	0	0
n/a	OG0022279	0	0	0	0	0	0	0	0	0
n/a	OG0022283	0	0	0	0	0	0	0	0	0
n/a	OG0022286	0	0	0	0	0	0	0	0	0
n/a	OG0022287	0	0	0	0	0	0	0	0	0
n/a	OG0022289	0	0	0	0	0	0	0	0	0
n/a	OG0022295	0	0	0	1	0	0	0	0	0
n/a	OG0022296	0	0	0	0	0	0	0	0	0
n/a	OG0022297	0	0	0	0	0	0	0	0	0
n/a	OG0022298	0	0	0	0	0	0	0	0	0
n/a	OG0022299	0	0	0	0	1	0	0	0	0
n/a	OG0022300	0	0	0	0	1	0	0	0	0
n/a	OG0022302	0	0	0	0	0	0	0	0	0
n/a	OG0022303	0	0	0	0	0	0	0	0	0
n/a	OG0022304	0	0	0	0	0	0	0	0	0
n/a	OG0022305	0	0	0	0	1	0	0	0	0
n/a	OG0022308	0	0	0	0	1	0	0	0	0
n/a	OG0022318	0	0	0	0	0	0	0	0	0
n/a	OG0022322	0	0	0	0	0	0	0	0	0
n/a	OG0022323	0	0	0	0	0	0	0	0	0
n/a	OG0022324	0	0	0	0	0	0	0	0	0
n/a	OG0022325	0	0	0	0	0	0	0	0	0
n/a	OG0022327	0	0	0	1	0	0	0	0	0
n/a	OG0022332	0	0	1	0	0	0	0	0	0
n/a	OG0022335	0	0	0	0	0	0	0	0	0
n/a	OG0022368	0	0	0	0	1	0	0	0	0
n/a	OG0022391	0	0	0	0	0	0	0	0	0
n/a	OG0022392	0	0	0	0	0	0	0	0	0
n/a	OG0022410	0	0	0	0	0	0	0	0	0
n/a	OG0022419	0	0	1	0	0	0	0	0	0
n/a	OG0022421	0	0	0	1	0	0	0	0	0
n/a	OG0022422	0	0	0	0	0	0	0	0	1
n/a	OG0022423	0	0	0	0	0	0	0	0	0
n/a	OG0022424	0	0	0	0	0	0	0	0	1
n/a	OG0022426	0	0	0	0	0	0	0	0	0
n/a	OG0022427	0	0	0	0	1	0	0	0	0
n/a	OG0022428	0	0	0	0	0	0	0	0	1
n/a	OG0022429	0	0	0	0	1	0	0	0	0
n/a	OG0022430	0	0	0	0	0	0	0	0	0
n/a	OG0022432	0	0	0	0	1	0	0	0	0
n/a	OG0022433	0	0	0	0	0	0	0	0	0
n/a	OG0022436	0	0	0	0	0	0	0	0	0
n/a	OG0022438	0	0	0	0	0	0	0	0	0
n/a	OG0022439	0	0	0	0	0	0	0	0	0
n/a	OG0022440	0	0	0	1	0	0	0	0	0
n/a	OG0022442	0	0	0	0	0	0	0	0	0
n/a	OG0022471	0	0	0	0	1	0	0	0	0
n/a	OG0022475	0	0	0	0	0	0	0	0	0
n/a	OG0022476	0	0	0	1	0	0	0	0	0
n/a	OG0022478	0	0	0	1	0	0	0	0	0
n/a	OG0022485	0	0	0	0	0	0	0	0	0
n/a	OG0022487	0	0	0	0	0	0	0	0	0
n/a	OG0022488	0	0	0	0	0	0	0	0	0
n/a	OG0022490	0	0	0	0	0	0	0	0	1
n/a	OG0022492	0	0	0	0	0	0	0	0	0
n/a	OG0022493	0	0	0	0	0	0	0	0	1
n/a	OG0022495	0	0	0	0	0	0	0	0	0
n/a	OG0022496	0	0	0	0	0	0	0	0	0
n/a	OG0022498	0	0	0	0	1	0	0	0	0
n/a	OG0022499	0	0	0	0	1	0	0	0	0
n/a	OG0022500	0	0	0	0	0	0	0	0	0
n/a	OG0022501	0	0	0	0	0	0	0	0	0
n/a	OG0022502	0	0	0	0	0	0	0	0	0
n/a	OG0022503	0	0	0	0	0	0	0	0	0
n/a	OG0022504	0	0	0	0	0	1	0	0	0
n/a	OG0022507	0	0	0	1	0	0	0	0	0
n/a	OG0022520	0	0	0	0	0	0	0	0	0
n/a	OG0022528	0	0	0	1	0	0	0	0	0
n/a	OG0022533	0	0	0	0	0	0	0	0	0
n/a	OG0022535	0	0	0	0	0	0	0	0	0
n/a	OG0022537	0	0	0	0	0	0	0	0	0
n/a	OG0022544	0	0	1	0	0	0	0	0	0
n/a	OG0022548	0	0	0	0	0	0	0	0	0
n/a	OG0022551	0	0	0	0	0	0	0	0	0
n/a	OG0022553	0	0	0	0	0	0	0	0	0
n/a	OG0022554	0	0	0	0	1	0	0	0	0
n/a	OG0022555	0	0	0	0	0	0	0	0	0
n/a	OG0022556	0	0	0	0	0	1	0	0	0
n/a	OG0022557	0	0	0	1	0	0	0	0	0
n/a	OG0022558	0	0	0	0	0	0	0	0	0
n/a	OG0022561	0	0	0	0	0	0	0	0	0
n/a	OG0022562	0	0	0	0	0	0	0	0	1
n/a	OG0022563	0	0	0	0	0	0	0	0	0
n/a	OG0022564	0	0	0	0	1	0	0	0	0
n/a	OG0022565	0	0	0	0	1	0	0	0	0
n/a	OG0022567	0	0	0	0	0	0	0	0	0
n/a	OG0022568	0	0	0	0	0	0	0	0	0
n/a	OG0022569	0	0	0	0	0	0	0	0	0
n/a	OG0022570	0	0	0	1	0	0	0	0	0
n/a	OG0022571	0	0	0	0	0	0	0	0	1
n/a	OG0022586	0	0	1	0	0	1	0	0	0
n/a	OG0022596	0	0	1	0	0	0	0	0	0
n/a	OG0022602	0	0	1	0	0	0	0	0	1
n/a	OG0022603	0	0	1	0	1	0	0	0	0
n/a	OG0022605	0	0	1	0	1	0	0	0	0
n/a	OG0022615	0	0	1	0	0	1	0	0	0
n/a	OG0022620	0	0	1	0	0	0	0	0	0
n/a	OG0022626	0	0	1	0	0	0	0	0	0
n/a	OG0022628	0	0	1	0	1	0	0	0	0
n/a	OG0022633	0	0	1	0	0	1	0	0	0
n/a	OG0022635	0	0	1	0	0	1	0	0	0
n/a	OG0022642	0	0	1	0	0	0	0	0	1
n/a	OG0022649	0	0	1	0	0	0	0	0	1
n/a	OG0022655	0	0	1	0	1	0	0	0	0
n/a	OG0022670	0	0	1	0	0	1	0	0	0
n/a	OG0022674	0	0	1	0	0	0	0	0	0
n/a	OG0022681	0	0	1	0	0	0	0	0	0
n/a	OG0022682	0	0	1	0	0	1	0	0	0
n/a	OG0022683	0	0	1	0	1	0	0	0	0
n/a	OG0022686	0	0	1	0	1	0	0	0	0
n/a	OG0022687	0	0	1	0	0	0	0	0	1
n/a	OG0022688	0	0	1	0	1	0	0	0	0
n/a	OG0022693	0	0	1	0	0	1	0	0	0
n/a	OG0022694	0	0	1	0	0	1	0	0	0
n/a	OG0022700	0	0	1	1	0	0	0	0	0
n/a	OG0022703	0	0	1	0	1	0	0	0	0
n/a	OG0022706	0	0	1	0	0	0	0	0	0
n/a	OG0022716	0	0	1	0	0	0	0	0	0
n/a	OG0022719	0	0	1	0	0	0	0	0	1
n/a	OG0022723	0	0	1	1	0	0	0	0	0
n/a	OG0022730	0	0	1	1	0	0	0	0	0
n/a	OG0022731	0	0	1	0	0	0	0	0	1
n/a	OG0022734	0	0	1	0	1	0	0	0	0
n/a	OG0022737	0	0	1	0	0	0	0	0	0
n/a	OG0022740	0	0	1	0	0	1	0	0	0
n/a	OG0022748	0	0	1	0	0	0	0	0	0
n/a	OG0022749	0	0	1	0	0	0	0	0	0
n/a	OG0022752	0	0	1	0	1	0	0	0	0
n/a	OG0022755	0	0	1	0	0	0	0	0	0
n/a	OG0022756	0	0	1	0	1	0	0	0	0
n/a	OG0022757	0	0	1	0	1	0	0	0	0
n/a	OG0022759	0	0	1	0	0	0	0	0	1
n/a	OG0022760	0	0	1	0	0	0	0	0	0
n/a	OG0022761	0	0	1	1	0	0	0	0	0
n/a	OG0022762	0	0	1	0	0	0	0	0	0
n/a	OG0022765	0	0	1	0	0	0	0	0	0
n/a	OG0022766	0	0	1	0	1	0	0	0	0
n/a	OG0022767	0	0	1	0	0	0	0	0	0
n/a	OG0022769	0	0	1	0	0	0	0	0	0
n/a	OG0022770	0	0	1	0	0	1	0	0	0
n/a	OG0022774	0	0	1	0	0	0	0	0	0
n/a	OG0022780	0	0	1	0	1	0	0	0	0
n/a	OG0022782	0	0	1	0	0	1	0	0	0
n/a	OG0022785	0	0	1	1	0	0	0	0	0
n/a	OG0022788	0	0	1	0	0	0	0	0	0
n/a	OG0022792	0	0	1	0	0	0	0	0	0
n/a	OG0022793	0	0	1	0	0	0	0	0	0
n/a	OG0022795	0	0	1	0	0	0	0	0	0
n/a	OG0022798	0	0	1	1	0	0	0	0	0
n/a	OG0022801	0	0	1	0	0	0	0	0	0
n/a	OG0022802	0	0	1	1	0	0	0	0	0
n/a	OG0022803	0	0	1	0	0	1	0	0	0
n/a	OG0022805	0	0	1	0	0	1	0	0	0
n/a	OG0022808	0	0	1	0	1	0	0	0	0
n/a	OG0022809	0	0	1	0	1	0	0	0	0
n/a	OG0022812	0	0	1	0	0	0	0	0	0
n/a	OG0022815	0	0	1	1	0	0	0	0	0
n/a	OG0022819	0	0	1	0	1	0	0	0	0
n/a	OG0022820	0	0	1	0	0	0	0	0	0
n/a	OG0022821	0	0	1	0	0	0	0	0	1
n/a	OG0022822	0	0	1	0	0	0	0	0	0
n/a	OG0022823	0	0	1	0	0	0	0	0	1
n/a	OG0022824	0	0	1	0	1	0	0	0	0
n/a	OG0022825	0	0	1	0	0	0	0	0	1
n/a	OG0022827	0	0	1	0	1	0	0	0	0
n/a	OG0022830	0	0	1	0	0	0	0	0	1
n/a	OG0022838	0	0	1	0	0	1	0	0	0
n/a	OG0022839	0	0	1	0	0	0	0	0	1
n/a	OG0022841	0	0	1	0	1	0	0	0	0
n/a	OG0022842	0	0	1	0	1	0	0	0	0
n/a	OG0022844	0	0	1	0	0	0	0	0	0
n/a	OG0022846	0	0	1	0	0	0	0	0	0
n/a	OG0022852	0	0	1	0	0	0	0	0	1
n/a	OG0022853	0	0	1	0	1	0	0	0	0
n/a	OG0022854	0	0	1	0	1	0	0	0	0
n/a	OG0022855	0	0	1	0	1	0	0	0	0
n/a	OG0022856	0	0	1	0	0	0	0	0	0
n/a	OG0022857	0	0	1	0	0	1	0	0	0
n/a	OG0022858	0	0	1	0	0	1	0	0	0
n/a	OG0022860	0	0	1	0	0	0	0	0	0
n/a	OG0022861	0	0	0	1	0	0	0	0	0
n/a	OG0022862	0	0	0	1	0	0	0	0	0
n/a	OG0022868	0	0	0	1	0	0	0	0	0
n/a	OG0022870	0	0	0	1	0	0	0	0	0
n/a	OG0022871	0	0	0	1	0	0	0	0	0
n/a	OG0022872	0	0	0	1	0	0	0	0	0
n/a	OG0022875	0	0	0	1	0	0	0	0	0
n/a	OG0022876	0	0	0	1	0	0	0	0	0
n/a	OG0022881	0	0	0	1	0	0	0	0	0
n/a	OG0022882	0	0	0	1	0	0	0	0	0
n/a	OG0022883	0	0	0	1	0	0	0	0	0
n/a	OG0022884	0	0	0	1	0	0	0	0	0
n/a	OG0022886	0	0	0	1	0	0	0	0	0
n/a	OG0022887	0	0	0	1	1	0	0	0	0
n/a	OG0022890	0	0	0	1	0	0	0	0	0
n/a	OG0022893	0	0	0	1	0	0	0	0	1
n/a	OG0022897	0	0	0	1	1	0	0	0	0
n/a	OG0022901	0	0	0	1	0	0	0	0	0
n/a	OG0022904	0	0	0	1	0	0	0	0	0
n/a	OG0022905	0	0	0	1	0	0	0	0	0
n/a	OG0022907	0	0	0	1	0	0	0	0	0
n/a	OG0022908	0	0	0	1	0	0	0	0	0
n/a	OG0022910	0	0	0	1	0	0	0	0	0
n/a	OG0022911	0	0	0	1	0	0	0	0	0
n/a	OG0022912	0	0	0	1	0	0	0	0	0
n/a	OG0022913	0	0	0	1	0	0	0	0	0
n/a	OG0022915	0	0	0	1	0	0	0	0	1
n/a	OG0022918	0	0	0	1	0	0	0	0	0
n/a	OG0022922	0	0	0	1	0	0	0	0	0
n/a	OG0022924	0	0	0	1	0	0	0	0	0
n/a	OG0022925	0	0	0	1	0	0	0	0	0
n/a	OG0022926	0	0	0	1	0	1	0	0	0
n/a	OG0022927	0	0	0	1	0	0	0	0	0
n/a	OG0022928	0	0	0	1	0	0	0	0	0
n/a	OG0022929	0	0	0	1	0	0	0	0	0
n/a	OG0022930	0	0	0	1	0	0	0	0	0
n/a	OG0022931	0	0	0	1	0	0	0	0	0
n/a	OG0022932	0	0	0	1	0	0	0	0	0
n/a	OG0022934	0	0	0	1	1	0	0	0	0
n/a	OG0022939	0	0	0	1	0	0	0	0	0
n/a	OG0022940	0	0	0	1	0	0	0	0	0
n/a	OG0022941	0	0	0	1	0	0	0	0	0
n/a	OG0022942	0	0	0	1	0	0	0	0	0
n/a	OG0022943	0	0	0	1	0	0	0	0	0
n/a	OG0022944	0	0	0	1	0	0	0	0	1
n/a	OG0022945	0	0	0	1	0	0	0	0	0
n/a	OG0022946	0	0	0	1	0	0	0	0	0
n/a	OG0022947	0	0	0	1	0	0	0	0	0
n/a	OG0022948	0	0	0	1	0	0	0	0	0
n/a	OG0022951	0	0	0	1	0	0	0	0	0
n/a	OG0022952	0	0	0	1	0	0	0	0	0
n/a	OG0022953	0	0	0	1	0	0	0	0	0
n/a	OG0022955	0	0	0	1	0	0	0	0	0
n/a	OG0022957	0	0	0	1	0	0	0	0	0
n/a	OG0022959	0	0	0	1	0	0	0	0	0
n/a	OG0022960	0	0	0	1	0	0	0	0	0
n/a	OG0022961	0	0	0	1	0	0	0	0	0
n/a	OG0022962	0	0	0	1	0	0	0	0	0
n/a	OG0022963	0	0	0	1	0	0	0	0	0
n/a	OG0022964	0	0	0	1	0	0	0	0	0
n/a	OG0022965	0	0	0	1	0	0	0	0	0
n/a	OG0022967	0	0	0	1	0	0	0	0	0
n/a	OG0022968	0	0	0	1	0	0	0	0	0
n/a	OG0022969	0	0	0	1	0	0	0	0	0
n/a	OG0022972	0	0	0	1	0	0	0	0	0
n/a	OG0022973	0	0	0	1	0	0	0	0	0
n/a	OG0022974	0	0	0	1	0	0	0	0	0
n/a	OG0022975	0	0	0	1	1	0	0	0	0
n/a	OG0022976	0	0	0	1	0	0	0	0	0
n/a	OG0022977	0	0	0	1	0	0	0	0	0
n/a	OG0022979	0	0	0	1	0	0	0	0	0
n/a	OG0022980	0	0	0	1	0	0	0	0	0
n/a	OG0022981	0	0	0	1	0	0	0	0	0
n/a	OG0022982	0	0	0	1	0	0	0	0	0
n/a	OG0022983	0	0	0	1	0	0	0	0	0
n/a	OG0022984	0	0	0	1	0	0	0	0	0
n/a	OG0022985	0	0	0	1	0	0	0	0	0
n/a	OG0022986	0	0	0	1	0	0	0	0	0
n/a	OG0022987	0	0	0	1	0	0	0	0	0
n/a	OG0022988	0	0	0	1	0	0	0	0	0
n/a	OG0022989	0	0	0	1	0	0	0	0	0
n/a	OG0022990	0	0	0	1	0	0	0	0	0
n/a	OG0022991	0	0	0	1	0	0	0	0	1
n/a	OG0022992	0	0	0	1	0	0	0	0	0
n/a	OG0022993	0	0	0	1	0	0	0	0	1
n/a	OG0022994	0	0	0	1	0	0	0	0	0
n/a	OG0022995	0	0	0	1	0	0	0	0	0
n/a	OG0022996	0	0	0	1	0	0	0	0	0
n/a	OG0022997	0	0	0	1	0	0	0	0	0
n/a	OG0022998	0	0	0	1	0	0	0	0	0
n/a	OG0022999	0	0	0	1	0	0	0	0	0
n/a	OG0023000	0	0	0	1	0	0	0	0	0
n/a	OG0023001	0	0	0	1	0	0	0	0	0
n/a	OG0023002	0	0	0	1	0	0	0	0	0
n/a	OG0023003	0	0	0	1	0	0	0	0	0
n/a	OG0023004	0	0	0	1	0	0	0	0	0
n/a	OG0023007	0	0	0	1	0	0	0	0	0
n/a	OG0023009	0	0	0	0	1	0	0	0	0
n/a	OG0023014	0	0	0	0	1	0	0	0	1
n/a	OG0023016	0	0	0	0	1	0	0	0	1
n/a	OG0023019	0	0	0	0	1	1	0	0	0
n/a	OG0023028	0	0	0	0	1	1	0	0	0
n/a	OG0023030	0	0	0	0	1	0	0	0	1
n/a	OG0023035	0	0	0	0	1	0	0	0	1
n/a	OG0023047	0	0	0	0	1	1	0	0	0
n/a	OG0023074	0	0	0	0	1	1	0	0	0
n/a	OG0023077	0	0	0	0	1	0	0	0	0
n/a	OG0023086	0	0	0	0	1	0	0	0	0
n/a	OG0023088	0	0	0	0	1	0	0	0	1
n/a	OG0023091	0	0	0	0	1	0	0	0	0
n/a	OG0023094	0	0	0	0	1	1	0	0	0
n/a	OG0023104	0	0	0	0	1	1	0	0	0
n/a	OG0023106	0	0	0	0	1	0	0	0	1
n/a	OG0023107	0	0	0	0	1	0	0	0	0
n/a	OG0023109	0	0	0	0	1	0	0	0	0
n/a	OG0023126	0	0	0	0	1	0	0	0	0
n/a	OG0023134	0	0	0	0	1	0	0	0	1
n/a	OG0023140	0	0	0	0	1	0	0	0	0
n/a	OG0023146	0	0	0	0	1	0	0	0	1
n/a	OG0023157	0	0	0	0	1	0	0	0	1
n/a	OG0023163	0	0	0	0	1	1	0	0	0
n/a	OG0023172	0	0	0	0	1	1	0	0	0
n/a	OG0023174	0	0	0	0	1	1	0	0	0
n/a	OG0023182	0	0	0	0	1	0	0	0	1
n/a	OG0023195	0	0	0	0	1	1	0	0	0
n/a	OG0023204	0	0	0	0	1	1	0	0	0
n/a	OG0023205	0	0	0	0	1	1	0	0	0
n/a	OG0023213	0	0	0	0	1	0	0	0	1
n/a	OG0023215	0	0	0	0	1	0	0	0	1
n/a	OG0023220	0	0	0	0	1	0	0	0	1
n/a	OG0023229	0	0	0	0	1	0	0	0	1
n/a	OG0023239	0	0	0	0	1	1	0	0	0
n/a	OG0023240	0	0	0	0	1	1	0	0	0
n/a	OG0023241	0	0	0	0	1	0	0	0	0
n/a	OG0023248	0	0	0	0	1	0	0	0	1
n/a	OG0023252	0	0	0	0	1	1	0	0	0
n/a	OG0023253	0	0	0	0	1	0	0	0	1
n/a	OG0023254	0	0	0	0	1	0	0	0	1
n/a	OG0023257	0	0	0	0	1	0	0	0	1
n/a	OG0023258	0	0	0	0	1	1	0	0	0
n/a	OG0023264	0	0	0	0	1	1	0	0	0
n/a	OG0023266	0	0	0	0	1	0	0	0	1
n/a	OG0023273	0	0	0	0	1	0	0	0	1
n/a	OG0023283	0	0	0	0	1	0	0	0	1
n/a	OG0023294	0	0	0	0	1	1	0	0	0
n/a	OG0023301	0	0	0	0	1	0	0	0	1
n/a	OG0023302	0	0	0	0	1	0	0	0	1
n/a	OG0023307	0	0	0	0	1	0	0	0	1
n/a	OG0023313	0	0	0	0	1	0	0	0	1
n/a	OG0023314	0	0	0	0	1	1	0	0	0
n/a	OG0023315	0	0	0	0	1	0	0	0	1
n/a	OG0023316	0	0	0	0	1	0	0	0	0
n/a	OG0023319	0	0	0	0	1	1	0	0	0
n/a	OG0023324	0	0	0	0	1	0	0	0	1
n/a	OG0023328	0	0	0	0	1	0	0	0	1
n/a	OG0023342	0	0	0	0	1	0	0	0	0
n/a	OG0023357	0	0	0	0	1	0	0	0	1
n/a	OG0023369	0	0	0	0	1	1	0	0	0
n/a	OG0023372	0	0	0	0	1	0	0	0	1
n/a	OG0023373	0	0	0	0	1	0	0	0	0
n/a	OG0023375	0	0	0	0	1	0	0	0	1
n/a	OG0023377	0	0	0	0	1	0	0	0	1
n/a	OG0023378	0	0	0	0	1	0	0	0	1
n/a	OG0023379	0	0	0	0	1	0	0	0	1
n/a	OG0023380	0	0	0	0	1	0	0	0	1
n/a	OG0023384	0	0	0	0	1	0	0	0	1
n/a	OG0023389	0	0	0	0	1	1	0	0	0
n/a	OG0023390	0	0	0	0	1	0	0	0	1
n/a	OG0023393	0	0	0	0	1	0	0	0	1
n/a	OG0023394	0	0	0	0	1	0	0	0	1
n/a	OG0023396	0	0	0	0	1	0	0	0	1
n/a	OG0023400	0	0	0	0	1	0	0	0	1
n/a	OG0023404	0	0	0	0	1	1	0	0	0
n/a	OG0023406	0	0	0	0	1	1	0	0	0
n/a	OG0023410	0	0	0	0	1	0	0	0	1
n/a	OG0023413	0	0	0	0	1	0	0	0	1
n/a	OG0023416	0	0	0	0	1	1	0	0	0
n/a	OG0023427	0	0	0	0	1	0	0	0	0
n/a	OG0023428	0	0	0	0	1	1	0	0	0
n/a	OG0023434	0	0	0	0	1	0	0	0	0
n/a	OG0023435	0	0	0	0	1	0	0	0	1
n/a	OG0023445	0	0	0	0	1	0	0	0	1
n/a	OG0023449	0	0	0	0	1	1	0	0	0
n/a	OG0023457	0	0	0	0	1	0	0	0	0
n/a	OG0023458	0	0	0	0	1	0	0	0	1
n/a	OG0023460	0	0	0	0	1	0	0	0	1
n/a	OG0023461	0	0	0	0	1	0	0	0	1
n/a	OG0023463	0	0	0	0	1	0	0	0	0
n/a	OG0023468	0	0	0	0	1	0	0	0	0
n/a	OG0023475	0	0	0	0	1	1	0	0	0
n/a	OG0023476	0	0	0	0	1	1	0	0	0
n/a	OG0023485	0	0	0	0	1	0	0	0	1
n/a	OG0023490	0	0	0	0	1	0	0	0	1
n/a	OG0023491	0	0	0	0	1	0	0	0	1
n/a	OG0023492	0	0	0	0	1	0	0	0	1
n/a	OG0023494	0	0	0	0	1	0	0	0	1
n/a	OG0023496	0	0	0	0	1	0	0	0	0
n/a	OG0023499	0	0	0	0	1	0	0	0	1
n/a	OG0023503	0	0	0	0	1	1	0	0	0
n/a	OG0023512	0	0	0	0	1	0	0	0	1
n/a	OG0023521	0	0	0	0	1	0	0	0	1
n/a	OG0023527	0	0	0	0	1	1	0	0	0
n/a	OG0023529	0	0	0	0	1	0	0	0	1
n/a	OG0023530	0	0	0	0	1	0	0	0	1
n/a	OG0023531	0	0	0	0	1	1	0	0	0
n/a	OG0023534	0	0	0	0	1	0	0	0	1
n/a	OG0023535	0	0	0	0	1	0	0	0	1
n/a	OG0023537	0	0	0	0	1	0	0	0	1
n/a	OG0023546	0	0	0	0	1	0	0	0	0
n/a	OG0023547	0	0	0	0	1	0	0	0	1
n/a	OG0023550	0	0	0	0	1	1	0	0	0
n/a	OG0023554	0	0	0	0	1	0	0	0	1
n/a	OG0023555	0	0	0	0	1	0	0	0	1
n/a	OG0023556	0	0	0	0	1	0	0	0	1
n/a	OG0023559	0	0	0	0	1	1	0	0	0
n/a	OG0023563	0	0	0	0	1	0	0	0	0
n/a	OG0023570	0	0	0	0	1	0	0	0	1
n/a	OG0023571	0	0	0	0	1	1	0	0	0
n/a	OG0023572	0	0	0	0	1	1	0	0	0
n/a	OG0023578	0	0	0	0	1	0	0	0	1
n/a	OG0023581	0	0	0	0	1	1	0	0	0
n/a	OG0023584	0	0	0	0	1	1	0	0	0
n/a	OG0023589	0	0	0	0	1	0	0	0	1
n/a	OG0023602	0	0	0	0	1	0	0	0	0
n/a	OG0023613	0	0	0	0	1	0	0	0	1
n/a	OG0023622	0	0	0	0	1	1	0	0	0
n/a	OG0023623	0	0	0	0	1	1	0	0	0
n/a	OG0023624	0	0	0	0	1	0	0	0	1
n/a	OG0023626	0	0	0	0	1	0	0	0	1
n/a	OG0023629	0	0	0	0	1	0	0	0	0
n/a	OG0023638	0	0	0	0	1	0	0	0	0
n/a	OG0023641	0	0	0	0	1	0	0	0	1
n/a	OG0023645	0	0	0	0	1	0	0	0	1
n/a	OG0023646	0	0	0	0	1	0	0	0	0
n/a	OG0023647	0	0	0	0	1	0	0	0	0
n/a	OG0023648	0	0	0	0	1	0	0	0	0
n/a	OG0023649	0	0	0	0	1	1	0	0	0
n/a	OG0023650	0	0	0	0	1	0	0	0	1
n/a	OG0023652	0	0	0	0	1	1	0	0	0
n/a	OG0023653	0	0	0	0	1	0	0	0	1
n/a	OG0023655	0	0	0	0	1	0	0	0	1
n/a	OG0023659	0	0	0	0	1	0	0	0	1
n/a	OG0023666	0	0	0	0	1	1	0	0	0
n/a	OG0023669	0	0	0	0	1	0	0	0	1
n/a	OG0023670	0	0	0	0	1	0	0	0	1
n/a	OG0023671	0	0	0	0	1	1	0	0	0
n/a	OG0023672	0	0	0	0	1	0	0	0	0
n/a	OG0023675	0	0	0	0	1	0	0	0	1
n/a	OG0023677	0	0	0	0	1	0	0	0	1
n/a	OG0023678	0	0	0	0	1	0	0	0	1
n/a	OG0023681	0	0	0	0	1	1	0	0	0
n/a	OG0023698	0	0	0	0	1	0	0	0	1
n/a	OG0023699	0	0	0	0	1	0	0	0	0
n/a	OG0023703	0	0	0	0	1	0	0	0	1
n/a	OG0023711	0	0	0	0	1	0	0	0	1
n/a	OG0023713	0	0	0	0	1	0	0	0	1
n/a	OG0023714	0	0	0	0	1	1	0	0	0
n/a	OG0023716	0	0	0	0	1	0	0	0	1
n/a	OG0023718	0	0	0	0	1	0	0	0	1
n/a	OG0023723	0	0	0	0	1	0	0	0	0
n/a	OG0023727	0	0	0	0	1	0	0	0	1
n/a	OG0023728	0	0	0	0	1	0	0	0	1
n/a	OG0023730	0	0	0	0	1	0	0	0	1
n/a	OG0023732	0	0	0	0	1	0	0	0	1
n/a	OG0023739	0	0	0	0	1	1	0	0	0
n/a	OG0023741	0	0	0	0	1	0	0	0	0
n/a	OG0023743	0	0	0	0	1	1	0	0	0
n/a	OG0023747	0	0	0	0	0	1	0	0	1
n/a	OG0023750	0	0	0	0	0	1	0	0	1
n/a	OG0023756	0	0	0	0	0	1	0	0	1
n/a	OG0023760	0	0	0	0	0	1	0	0	1
n/a	OG0023762	0	0	0	0	0	1	0	0	1
n/a	OG0023764	0	0	0	0	0	1	0	0	1
n/a	OG0023767	0	0	0	0	0	1	0	0	1
n/a	OG0023776	0	0	0	0	0	1	0	0	1
n/a	OG0023777	0	0	0	0	0	1	0	0	1
n/a	OG0023780	0	0	0	0	0	1	0	0	1
n/a	OG0023786	0	0	0	0	0	1	0	0	1
n/a	OG0023788	0	0	0	0	0	1	0	0	1
n/a	OG0023790	0	0	0	0	0	1	0	0	1
n/a	OG0023792	0	0	0	0	0	1	0	0	1
n/a	OG0023794	0	0	0	0	0	1	0	0	1
n/a	OG0023795	0	0	0	0	0	1	0	0	1
n/a	OG0023801	0	0	0	0	0	1	0	0	1
n/a	OG0023802	0	0	0	0	0	1	0	0	1
n/a	OG0023804	0	0	0	0	0	1	0	0	1
n/a	OG0023805	0	0	0	0	0	1	0	0	0
n/a	OG0023806	0	0	0	0	0	1	0	0	1
n/a	OG0023810	0	0	0	0	0	1	0	0	1
n/a	OG0023811	0	0	0	0	0	1	0	0	1
n/a	OG0023815	0	0	0	0	0	1	0	0	1
n/a	OG0023816	0	0	0	0	0	1	0	0	1
n/a	OG0023818	0	0	0	0	0	1	0	0	1
n/a	OG0023819	0	0	0	0	0	1	0	0	1
n/a	OG0023822	0	0	0	0	0	1	0	0	1
n/a	OG0023825	0	0	0	0	0	1	0	0	1
n/a	OG0023826	0	0	0	0	0	1	0	0	1
n/a	OG0023828	0	0	0	0	0	1	0	0	1
n/a	OG0023831	0	0	0	0	0	1	0	0	1
n/a	OG0023832	0	0	0	0	0	1	0	0	1
n/a	OG0023833	0	0	0	0	0	1	0	0	1
n/a	OG0023840	0	0	0	0	0	1	0	0	1
n/a	OG0023841	0	0	0	0	0	1	0	0	1
n/a	OG0023842	0	0	0	0	0	1	0	0	1
n/a	OG0023844	0	0	0	0	0	1	0	0	1
n/a	OG0023845	0	0	0	0	0	1	0	0	0
n/a	OG0023846	0	0	0	0	0	1	0	0	1
n/a	OG0023849	0	0	0	0	0	1	0	0	1
n/a	OG0023851	0	0	0	0	0	1	0	0	1
n/a	OG0023852	0	0	0	0	0	1	0	0	1
n/a	OG0023855	0	0	0	0	0	1	0	0	1
n/a	OG0023858	0	0	0	0	0	1	0	0	1
n/a	OG0023860	0	0	0	0	0	1	0	0	1
n/a	OG0023861	0	0	0	0	0	1	0	0	1
n/a	OG0023862	0	0	0	0	0	1	0	0	1
n/a	OG0023865	0	0	0	0	0	1	0	0	1
n/a	OG0023866	0	0	0	0	0	1	0	0	1
n/a	OG0023867	0	0	0	0	0	1	0	0	1
n/a	OG0023875	0	0	0	0	0	1	0	0	1
n/a	OG0023885	0	0	0	0	0	1	0	0	1
n/a	OG0023886	0	0	0	0	0	1	0	0	1
n/a	OG0023890	0	0	0	0	0	1	0	0	1
n/a	OG0023892	0	0	0	0	0	1	0	0	1
n/a	OG0023893	0	0	0	0	0	1	0	0	1
n/a	OG0023896	0	0	0	0	0	1	0	0	1
n/a	OG0023897	0	0	0	0	0	1	0	0	1
n/a	OG0023899	0	0	0	0	0	1	0	0	1
n/a	OG0023901	0	0	0	0	0	1	0	0	1
n/a	OG0023902	0	0	0	0	0	1	0	0	1
n/a	OG0023903	0	0	0	0	0	1	0	0	1
n/a	OG0023910	0	0	0	0	0	1	0	0	1
n/a	OG0023912	0	0	0	0	0	1	0	0	1
n/a	OG0023914	0	0	0	0	0	1	0	0	1
n/a	OG0023918	0	0	0	0	0	1	0	0	1
n/a	OG0023919	0	0	0	0	0	1	0	0	1
n/a	OG0023920	0	0	0	0	0	1	0	0	1
n/a	OG0023921	0	0	0	0	0	1	0	0	1
n/a	OG0023925	0	0	0	0	0	1	0	0	1
n/a	OG0023928	0	0	0	0	0	1	0	0	1
n/a	OG0023931	0	0	0	0	0	1	0	0	1
n/a	OG0023936	0	0	0	0	0	1	0	0	1
n/a	OG0023937	0	0	0	0	0	1	0	0	1
n/a	OG0023939	0	0	0	0	0	1	0	0	1
n/a	OG0023941	0	0	0	0	0	1	0	0	1
n/a	OG0023942	0	0	0	0	0	1	0	0	1
n/a	OG0023945	0	0	0	0	0	1	0	0	1
n/a	OG0023946	0	0	0	0	0	1	0	0	1
n/a	OG0023948	0	0	0	0	0	1	0	0	0
n/a	OG0023949	0	0	0	0	0	1	0	0	1
n/a	OG0023952	0	0	0	0	0	1	0	0	1
n/a	OG0023954	0	0	0	0	0	1	0	0	1
n/a	OG0023956	0	0	0	0	0	1	0	0	1
n/a	OG0023959	0	0	0	0	0	1	0	0	1
n/a	OG0023963	0	0	0	0	0	1	0	0	1
n/a	OG0023965	0	0	0	0	0	1	0	0	1
n/a	OG0023968	0	0	0	0	0	1	0	0	1
n/a	OG0023969	0	0	0	0	0	1	0	0	1
n/a	OG0023970	0	0	0	0	0	1	0	0	1
n/a	OG0023973	0	0	0	0	0	1	0	0	1
n/a	OG0023976	0	0	0	0	0	1	0	0	1
n/a	OG0023977	0	0	0	0	0	1	0	0	1
n/a	OG0023982	0	0	0	0	0	1	0	0	1
n/a	OG0023986	0	0	0	0	0	1	0	0	1
n/a	OG0023989	0	0	0	0	0	1	0	0	1
n/a	OG0023996	0	0	0	0	0	1	0	0	1
n/a	OG0024002	0	0	0	0	0	1	0	0	1
n/a	OG0024006	0	0	0	0	0	1	0	0	1
n/a	OG0024007	0	0	0	0	0	1	0	0	1
n/a	OG0024008	0	0	0	0	0	1	0	0	1
n/a	OG0024010	0	0	0	0	0	1	0	0	1
n/a	OG0024015	0	0	0	0	0	1	0	0	1
n/a	OG0024016	0	0	0	0	0	1	0	0	1
n/a	OG0024019	0	0	0	0	0	1	0	0	1
n/a	OG0024021	0	0	0	0	0	1	0	0	1
n/a	OG0024022	0	0	0	0	0	1	0	0	1
n/a	OG0024024	0	0	0	0	0	1	0	0	1
n/a	OG0024025	0	0	0	0	0	1	0	0	1
n/a	OG0024027	0	0	0	0	0	1	0	0	1
n/a	OG0024030	0	0	0	0	0	1	0	0	1
n/a	OG0024033	0	0	0	0	0	1	0	0	1
n/a	OG0024034	0	0	0	0	0	1	0	0	1
n/a	OG0024035	0	0	0	0	0	1	0	0	1
n/a	OG0024036	0	0	0	0	0	1	0	0	1
n/a	OG0024039	0	0	0	0	0	1	0	0	1
n/a	OG0024040	0	0	0	0	0	1	0	0	1
n/a	OG0024042	0	0	0	0	0	1	0	0	1
n/a	OG0024043	0	0	0	0	0	1	0	0	0
n/a	OG0024044	0	0	0	0	0	1	0	0	1
n/a	OG0024050	0	0	0	0	0	1	0	0	1
n/a	OG0024054	0	0	0	0	0	1	0	0	1
n/a	OG0024056	0	0	0	0	0	1	0	0	1
n/a	OG0024064	0	0	0	0	0	1	0	0	1
n/a	OG0024065	0	0	0	0	0	1	0	0	1
n/a	OG0024068	0	0	0	0	0	1	0	0	1
n/a	OG0024071	0	0	0	0	0	1	0	0	1
n/a	OG0024074	0	0	0	0	0	1	0	0	1
n/a	OG0024075	0	0	0	0	0	1	0	0	1
n/a	OG0024076	0	0	0	0	0	1	0	0	1
n/a	OG0024080	0	0	0	0	0	1	0	0	1
n/a	OG0024082	0	0	0	0	0	1	0	0	1
n/a	OG0024084	0	0	0	0	0	1	0	0	1
n/a	OG0024085	0	0	0	0	0	1	0	0	1
n/a	OG0024088	0	0	0	0	0	1	0	0	1
n/a	OG0024089	0	0	0	0	0	1	0	0	1
n/a	OG0024090	0	0	0	0	0	1	0	0	1
n/a	OG0024093	0	0	0	0	0	1	0	0	1
n/a	OG0024095	0	0	0	0	0	1	0	0	1
n/a	OG0024096	0	0	0	0	0	1	0	0	1
n/a	OG0024097	0	0	0	0	0	1	0	0	1
n/a	OG0024099	0	0	0	0	0	1	0	0	1
n/a	OG0024101	0	0	0	0	0	1	0	0	1
n/a	OG0024102	0	0	0	0	0	1	0	0	1
n/a	OG0024103	0	0	0	0	0	1	0	0	1
n/a	OG0024104	0	0	0	0	0	1	0	0	1
n/a	OG0024106	0	0	0	0	0	1	0	0	1
n/a	OG0024108	0	0	0	0	0	1	0	0	1
n/a	OG0024110	0	0	0	0	0	1	0	0	1
n/a	OG0024111	0	0	0	0	0	1	0	0	1
n/a	OG0024112	0	0	0	0	0	1	0	0	1
n/a	OG0024113	0	0	0	0	0	1	0	0	1
n/a	OG0024115	0	0	0	0	0	1	0	0	1
n/a	OG0024116	0	0	0	0	0	1	0	0	1
n/a	OG0024123	0	0	0	0	0	1	0	0	1
n/a	OG0024124	0	0	0	0	0	1	0	0	1
n/a	OG0024126	0	0	0	0	0	1	0	0	1
n/a	OG0024128	0	0	0	0	0	1	0	0	1
n/a	OG0024130	0	0	0	0	0	1	0	0	1
n/a	OG0024131	0	0	0	0	0	1	0	0	1
n/a	OG0024132	0	0	0	0	0	1	0	0	1
n/a	OG0024133	0	0	0	0	0	1	0	0	1
n/a	OG0024143	0	0	0	0	0	1	0	0	1
n/a	OG0024144	0	0	0	0	0	1	0	0	1
n/a	OG0024145	0	0	0	0	0	1	0	0	0
n/a	OG0024146	0	0	0	0	0	1	0	0	1
n/a	OG0024147	0	0	0	0	0	1	0	0	1
n/a	OG0024148	0	0	0	0	0	1	0	0	1
n/a	OG0024151	0	0	0	0	0	1	0	0	1
n/a	OG0024153	0	0	0	0	0	1	0	0	1
n/a	OG0024155	0	0	0	0	0	1	0	0	0
n/a	OG0024159	0	0	0	0	0	1	0	0	1
n/a	OG0024167	0	0	0	0	0	1	0	0	1
n/a	OG0024170	0	0	0	0	0	1	0	0	1
n/a	OG0024171	0	0	0	0	0	1	0	0	0
n/a	OG0024172	0	0	0	0	0	1	0	0	1
n/a	OG0024177	0	0	0	0	0	1	0	0	1
n/a	OG0024178	0	0	0	0	0	1	0	0	1
n/a	OG0024179	0	0	0	0	0	1	0	0	1
n/a	OG0024180	0	0	0	0	0	1	0	0	1
n/a	OG0024183	0	0	0	0	0	1	0	0	1
n/a	OG0024184	0	0	0	0	0	1	0	0	1
n/a	OG0024186	0	0	0	0	0	1	0	0	1
n/a	OG0024187	0	0	0	0	0	1	0	0	0
n/a	OG0024189	0	0	0	0	0	1	0	0	1
n/a	OG0024190	0	0	0	0	0	1	0	0	1
n/a	OG0024195	0	0	0	0	0	1	0	0	1
n/a	OG0024198	0	0	0	0	0	1	0	0	1
n/a	OG0024199	0	0	0	0	0	1	0	0	1
n/a	OG0024201	0	0	0	0	0	1	0	0	1
n/a	OG0024202	0	0	0	0	0	1	0	0	1
n/a	OG0024203	0	0	0	0	0	1	0	0	1
n/a	OG0024204	0	0	0	0	0	1	0	0	1
n/a	OG0024205	0	0	0	0	0	1	0	0	1
n/a	OG0024209	0	0	0	0	0	1	0	0	1
n/a	OG0024210	0	0	0	0	0	1	0	0	1
n/a	OG0024211	0	0	0	0	0	1	0	0	1
n/a	OG0024213	0	0	0	0	0	1	0	0	1
n/a	OG0024214	0	0	0	0	0	1	0	0	0
n/a	OG0024217	0	0	0	0	0	1	0	0	1
n/a	OG0024220	0	0	0	0	0	1	0	0	0
n/a	OG0024221	0	0	0	0	0	1	0	0	1
n/a	OG0024222	0	0	0	0	0	1	0	0	1
n/a	OG0024224	0	0	0	0	0	1	0	0	1
n/a	OG0024225	0	0	0	0	0	1	0	0	1
n/a	OG0024226	0	0	0	0	0	1	0	0	1
n/a	OG0024227	0	0	0	0	0	1	0	0	1
n/a	OG0024228	0	0	0	0	0	1	0	0	1
n/a	OG0024229	0	0	0	0	0	1	0	0	1
n/a	OG0024231	0	0	0	0	0	1	0	0	1
n/a	OG0024232	0	0	0	0	0	1	0	0	1
n/a	OG0024233	0	0	0	0	0	1	0	0	1
n/a	OG0024234	0	0	0	0	0	1	0	0	1
n/a	OG0024235	0	0	0	0	0	1	0	0	1
n/a	OG0024237	0	0	0	0	0	1	0	0	1
n/a	OG0024238	0	0	0	0	0	1	0	0	1
n/a	OG0024239	0	0	0	0	0	1	0	0	1
n/a	OG0024240	0	0	0	0	0	1	0	0	1
n/a	OG0024242	0	0	0	0	0	1	0	0	1
n/a	OG0024244	0	0	0	0	0	1	0	0	1
n/a	OG0024246	0	0	0	0	0	1	0	0	1
n/a	OG0024247	0	0	0	0	0	1	0	0	1
n/a	OG0024248	0	0	0	0	0	1	0	0	1
n/a	OG0024249	0	0	0	0	0	1	0	0	1
n/a	OG0024250	0	0	0	0	0	1	0	0	1
n/a	OG0024251	0	0	0	0	0	1	0	0	1
n/a	OG0024252	0	0	0	0	0	1	0	0	1
n/a	OG0024256	0	0	0	0	0	1	0	0	1
n/a	OG0024257	0	0	0	0	0	1	0	0	0
n/a	OG0024258	0	0	0	0	0	1	0	0	1
n/a	OG0024259	0	0	0	0	0	1	0	0	1
n/a	OG0024260	0	0	0	0	0	1	0	0	1
n/a	OG0024262	0	0	0	0	0	1	0	0	1
n/a	OG0024263	0	0	0	0	0	1	0	0	1
n/a	OG0024264	0	0	0	0	0	1	0	0	1
n/a	OG0024265	0	0	0	0	0	1	0	0	1
n/a	OG0024266	0	0	0	0	0	1	0	0	1
n/a	OG0024268	0	0	0	0	0	1	0	0	1
n/a	OG0024269	0	0	0	0	0	1	0	0	1
n/a	OG0024270	0	0	0	0	0	0	0	0	0
n/a	OG0024272	0	0	0	0	0	0	0	0	0
n/a	OG0024273	0	0	0	0	0	0	0	0	0
n/a	OG0024274	0	0	0	0	0	0	0	0	0
n/a	OG0024275	0	0	0	0	0	0	0	0	0
n/a	OG0024276	0	0	0	0	0	0	0	0	0
n/a	OG0024277	0	0	0	0	0	0	0	0	0
n/a	OG0024278	0	0	0	0	0	0	0	0	0
n/a	OG0024279	0	0	0	0	0	0	0	0	0
n/a	OG0024280	0	0	0	0	0	0	0	0	0
n/a	OG0024281	0	0	0	0	0	0	0	0	0
n/a	OG0024282	0	0	0	0	0	0	0	0	0
n/a	OG0024284	0	0	0	0	0	0	0	0	0
n/a	OG0024285	0	0	0	0	0	0	0	0	0
n/a	OG0024286	0	0	0	0	0	0	0	0	0
n/a	OG0024287	0	0	0	0	0	0	0	0	0
n/a	OG0024288	0	0	0	0	0	0	0	0	0
n/a	OG0024289	0	0	0	0	0	0	0	0	0
n/a	OG0024290	0	0	0	0	0	0	0	0	0
n/a	OG0024291	0	0	0	0	0	0	0	0	0
n/a	OG0024292	0	0	0	0	0	0	0	0	0
n/a	OG0024293	0	0	0	0	0	0	0	0	0
n/a	OG0024294	0	0	0	0	0	0	0	0	0
n/a	OG0024295	0	0	0	0	0	0	0	0	0
n/a	OG0024296	0	0	0	0	0	0	0	0	0
n/a	OG0024297	0	0	0	0	0	0	0	0	0
n/a	OG0024298	0	0	0	0	0	0	0	0	0
n/a	OG0024299	0	0	0	0	0	0	0	0	0
n/a	OG0024300	0	0	0	0	0	0	0	0	0
n/a	OG0024301	0	0	0	0	0	0	0	0	0
n/a	OG0024302	0	0	0	0	0	0	0	0	0
n/a	OG0024303	0	0	0	0	0	0	0	0	0
n/a	OG0024304	0	0	0	0	0	0	0	0	0
n/a	OG0024305	0	0	0	0	0	0	0	0	0
n/a	OG0024306	0	0	0	0	0	0	0	0	0
n/a	OG0024307	0	0	0	0	0	0	0	0	0
n/a	OG0024308	0	0	0	0	0	0	0	0	0
n/a	OG0024309	0	0	0	0	0	0	0	0	0
n/a	OG0024310	0	0	0	0	0	0	0	0	0
n/a	OG0024311	0	0	0	0	0	0	0	0	0
n/a	OG0024312	0	0	0	0	0	0	0	0	0
n/a	OG0024313	0	0	0	0	0	0	0	0	0
n/a	OG0024314	0	0	0	0	0	0	0	0	0
n/a	OG0024315	0	0	0	0	0	0	0	0	0
n/a	OG0024316	0	0	0	0	0	0	0	0	0
n/a	OG0024317	0	0	0	0	0	0	0	0	0
n/a	OG0024318	0	0	0	0	0	0	0	0	0
n/a	OG0024319	0	0	0	0	0	0	0	0	0
n/a	OG0024320	0	0	0	0	0	0	0	0	0
n/a	OG0024321	0	0	0	0	0	0	0	0	0
n/a	OG0024322	0	0	0	0	0	0	0	0	0
n/a	OG0024323	0	0	0	0	0	0	0	0	0
n/a	OG0024324	0	0	0	0	0	0	0	0	0
n/a	OG0024325	0	0	0	0	0	0	0	0	0
n/a	OG0024326	0	0	0	0	0	0	0	0	0
n/a	OG0024327	0	0	0	0	0	0	0	0	0
n/a	OG0024328	0	0	0	0	0	0	0	0	0
n/a	OG0024329	0	0	0	0	0	0	0	0	0
n/a	OG0024330	0	0	0	0	0	0	0	0	0
n/a	OG0024331	0	0	0	0	0	0	0	0	0
n/a	OG0024332	0	0	0	0	0	0	0	0	0
n/a	OG0024333	0	0	0	0	0	0	0	0	0
n/a	OG0024334	0	0	0	0	0	0	0	0	1
n/a	OG0024335	0	0	0	0	0	0	0	0	0
n/a	OG0024336	0	0	0	0	0	0	0	0	0
n/a	OG0024337	0	0	0	0	0	0	0	0	0
n/a	OG0024339	0	0	0	0	0	0	0	0	0
n/a	OG0024341	0	0	0	0	0	0	0	0	0
n/a	OG0024342	0	0	0	0	0	0	0	0	0
n/a	OG0024343	0	0	0	0	0	0	0	0	0
n/a	OG0024344	0	0	0	0	0	0	0	0	0
n/a	OG0024345	0	0	0	0	0	0	0	0	0
n/a	OG0024346	0	0	0	0	0	0	0	0	0
n/a	OG0024347	0	0	0	0	0	0	0	0	0
n/a	OG0024348	0	0	0	0	0	0	0	0	0
n/a	OG0024349	0	0	0	0	0	0	0	0	0
n/a	OG0024350	0	0	0	0	0	0	0	0	0
n/a	OG0024351	0	0	0	0	0	0	0	0	0
n/a	OG0024352	0	0	0	0	0	0	0	0	0
n/a	OG0024354	0	0	0	0	0	0	0	0	0
n/a	OG0024355	0	0	0	0	0	0	0	0	0
n/a	OG0024356	0	0	0	0	0	0	0	0	0
n/a	OG0024358	0	0	0	0	0	0	0	0	0
n/a	OG0024359	0	0	0	0	0	0	0	0	0
n/a	OG0024360	0	0	0	0	0	0	0	0	0
n/a	OG0024361	0	0	0	0	0	0	0	0	0
n/a	OG0024362	0	0	0	0	0	0	0	0	0
n/a	OG0024363	0	0	0	0	0	0	0	0	0
n/a	OG0024364	0	0	0	0	0	0	0	0	0
n/a	OG0024365	0	0	0	0	0	0	0	0	0
n/a	OG0024366	0	0	0	0	0	0	0	0	0
n/a	OG0024367	0	0	0	0	0	0	0	0	0
n/a	OG0024368	0	0	0	0	0	0	0	0	0
n/a	OG0024369	0	0	0	0	0	0	0	0	0
n/a	OG0024370	0	0	0	0	0	0	0	0	0
n/a	OG0024371	0	0	0	0	0	0	0	0	0
n/a	OG0024372	0	0	0	0	0	0	0	0	0
n/a	OG0024373	0	0	0	0	0	0	0	0	0
n/a	OG0024374	0	0	0	0	0	0	0	0	0
n/a	OG0024376	0	0	0	0	0	0	0	0	0
n/a	OG0024377	0	0	0	0	0	0	0	0	0
n/a	OG0024378	0	0	0	0	0	0	0	0	0
n/a	OG0024379	0	0	0	0	0	0	0	0	0
n/a	OG0024380	0	0	0	0	0	0	0	0	0
n/a	OG0024381	0	0	0	0	0	0	0	0	0
n/a	OG0024383	0	0	0	0	0	0	0	0	0
n/a	OG0024384	0	0	0	0	0	0	0	0	0
n/a	OG0024385	0	0	0	0	0	0	0	0	0
n/a	OG0024386	0	0	0	0	0	0	0	0	0
n/a	OG0024387	0	0	0	0	0	0	0	0	0
n/a	OG0024388	0	0	0	0	0	0	0	0	0
n/a	OG0024389	0	0	0	0	0	0	0	0	0
n/a	OG0024390	0	0	0	0	0	0	0	0	0
n/a	OG0024391	0	0	0	0	0	0	0	0	0
n/a	OG0024392	0	0	0	0	0	0	0	0	0
n/a	OG0024393	0	0	0	0	0	0	0	0	0
n/a	OG0024394	0	0	0	0	0	0	0	0	0
n/a	OG0024395	0	0	0	0	0	0	0	0	0
n/a	OG0024396	0	0	0	0	0	0	0	0	0
n/a	OG0024397	0	0	0	0	0	0	0	0	0
n/a	OG0024398	0	0	0	0	0	0	0	0	0
n/a	OG0024400	0	0	0	0	0	0	0	0	0
n/a	OG0024402	0	0	0	0	0	0	0	0	0
n/a	OG0024403	0	0	0	0	0	0	0	0	0
n/a	OG0024404	0	0	0	0	0	0	0	0	0
n/a	OG0024406	0	0	0	0	0	0	0	0	0
n/a	OG0024407	0	0	0	0	0	0	0	0	0
n/a	OG0024408	0	0	0	0	0	0	0	0	0
n/a	OG0024409	0	0	0	0	0	0	0	0	0
n/a	OG0024410	0	0	0	0	0	0	0	0	0
n/a	OG0024411	0	0	0	0	0	0	0	0	0
n/a	OG0024412	0	0	0	0	0	0	0	0	0
n/a	OG0024413	0	0	0	0	0	0	0	0	0
n/a	OG0024414	0	0	0	0	0	0	0	0	0
n/a	OG0024415	0	0	0	0	0	0	0	0	0
n/a	OG0024416	0	0	0	0	0	0	0	0	0
n/a	OG0024417	0	0	0	0	0	0	0	0	0
n/a	OG0024419	0	0	0	0	0	0	0	0	0
n/a	OG0024420	0	0	0	0	0	0	0	0	0
n/a	OG0024421	0	0	0	0	0	0	0	0	0
n/a	OG0024422	0	0	0	0	0	0	0	0	0
n/a	OG0024423	0	0	0	0	0	0	0	0	0
n/a	OG0024424	0	0	0	0	0	0	0	0	0
n/a	OG0024425	0	0	0	0	0	0	0	0	0
n/a	OG0024426	0	0	0	0	0	0	0	0	0
n/a	OG0024428	0	0	0	0	0	0	0	0	0
n/a	OG0024430	0	0	0	0	0	0	0	0	0
n/a	OG0024432	0	0	0	0	0	0	0	0	0
n/a	OG0024433	0	0	0	0	0	0	0	0	0
n/a	OG0024434	0	0	0	0	0	0	0	0	0
n/a	OG0024435	0	0	0	0	0	0	0	0	0
n/a	OG0024436	0	0	0	0	0	0	0	0	0
n/a	OG0024437	0	0	0	0	0	0	0	0	0
n/a	OG0024438	0	0	0	0	0	0	0	0	0
n/a	OG0024439	0	0	0	0	0	0	0	0	0
n/a	OG0024441	0	0	0	0	0	0	0	0	0
n/a	OG0024442	0	0	0	0	0	0	0	0	0
n/a	OG0024443	0	0	0	0	0	0	0	0	0
n/a	OG0024445	0	0	0	0	0	0	0	0	0
n/a	OG0024446	0	0	0	0	0	0	0	0	0
n/a	OG0024447	0	0	0	0	0	0	0	0	0
n/a	OG0024448	0	0	0	0	0	0	0	0	0
n/a	OG0024451	0	0	0	0	0	0	0	0	0
n/a	OG0024452	0	0	0	0	0	0	0	0	0
n/a	OG0024453	0	0	0	0	0	0	0	0	0
n/a	OG0024455	0	0	0	0	0	0	0	0	0
n/a	OG0024456	0	0	0	0	0	0	0	0	0
n/a	OG0024457	0	0	0	0	0	0	0	0	0
n/a	OG0024459	0	0	0	0	0	0	0	0	1
n/a	OG0024460	0	0	0	0	0	0	0	0	0
n/a	OG0024462	0	0	0	0	0	0	0	0	0
n/a	OG0024463	0	0	0	0	0	0	0	0	0
n/a	OG0024466	0	0	0	0	0	0	0	0	0
n/a	OG0024468	0	0	0	0	0	0	0	0	0
n/a	OG0024469	0	0	0	0	0	0	0	0	0
n/a	OG0024470	0	0	0	0	0	0	0	0	0
n/a	OG0024471	0	0	0	0	0	0	0	0	0
n/a	OG0024472	0	0	0	0	0	0	0	0	0
n/a	OG0024473	0	0	0	0	0	0	0	0	0
n/a	OG0024474	0	0	0	0	0	0	0	0	0
n/a	OG0024475	0	0	0	0	0	0	0	0	0
n/a	OG0024476	0	0	0	0	0	0	0	0	0
n/a	OG0024477	0	0	0	0	0	0	0	0	0
n/a	OG0024478	0	0	0	0	0	0	0	0	0
n/a	OG0024479	0	0	0	0	0	0	0	0	0
n/a	OG0024480	0	0	0	0	0	0	0	0	0
n/a	OG0024481	0	0	0	0	0	0	0	0	0
n/a	OG0024482	0	0	0	0	0	0	0	0	1
n/a	OG0024483	0	0	0	0	0	0	0	0	0
n/a	OG0024484	0	0	0	0	0	0	0	0	0
n/a	OG0024485	0	0	0	0	0	0	0	0	0
n/a	OG0024486	0	0	0	0	0	0	0	0	0
n/a	OG0024488	0	0	0	0	0	0	0	0	1
n/a	OG0024490	0	0	0	0	0	0	0	0	0
n/a	OG0024491	0	0	0	0	0	0	0	0	0
n/a	OG0024492	0	0	0	0	0	0	0	0	0
n/a	OG0024493	0	0	0	0	0	0	0	0	0
n/a	OG0024498	0	0	0	0	0	0	0	0	0
n/a	OG0024499	0	0	0	0	0	0	0	0	0
n/a	OG0024500	0	0	0	0	0	0	0	0	0
n/a	OG0024501	0	0	0	0	0	0	0	0	0
n/a	OG0024502	0	0	0	0	0	0	0	0	0
n/a	OG0024503	0	0	0	0	0	0	0	0	0
n/a	OG0024505	0	0	0	0	0	0	0	0	0
n/a	OG0024507	0	0	0	0	0	0	0	0	0
n/a	OG0024508	0	0	0	0	0	0	0	0	0
n/a	OG0024509	0	0	0	0	0	0	0	0	0
n/a	OG0024510	0	0	0	0	0	0	0	0	0
n/a	OG0024511	0	0	0	0	0	0	0	0	0
n/a	OG0024512	0	0	0	0	0	0	0	0	0
n/a	OG0024513	0	0	0	0	0	0	0	0	0
n/a	OG0024514	0	0	0	0	0	0	0	0	0
n/a	OG0024517	0	0	0	0	0	0	0	0	0
n/a	OG0024519	0	0	0	0	0	0	0	0	0
n/a	OG0024520	0	0	0	0	0	0	0	0	0
n/a	OG0024522	0	0	0	0	0	0	0	0	0
n/a	OG0024523	0	0	0	0	0	0	0	0	0
n/a	OG0024524	0	0	0	0	0	0	0	0	0
n/a	OG0024525	0	0	0	0	0	0	0	0	0
n/a	OG0024528	0	0	0	0	0	0	0	0	0
n/a	OG0024534	0	0	0	0	0	0	0	0	0
n/a	OG0024535	0	0	0	0	0	0	0	0	0
n/a	OG0024536	0	0	0	0	0	0	0	0	1
n/a	OG0024539	0	0	0	0	0	0	0	0	0
n/a	OG0024541	0	0	0	0	0	0	0	0	0
n/a	OG0024542	0	0	0	0	0	0	0	0	0
n/a	OG0024544	0	0	0	0	0	0	0	0	0
n/a	OG0024546	0	0	0	0	0	0	0	0	0
n/a	OG0024549	0	0	0	0	0	0	0	0	0
n/a	OG0024550	0	0	0	0	0	0	0	0	0
n/a	OG0024552	0	0	0	0	0	0	0	0	0
n/a	OG0024553	0	0	0	0	0	0	0	0	0
n/a	OG0024557	0	0	0	0	0	0	0	0	0
n/a	OG0024558	0	0	0	0	0	0	0	0	0
n/a	OG0024560	0	0	0	0	0	0	0	0	0
n/a	OG0024561	0	0	0	0	0	0	0	0	0
n/a	OG0024564	0	0	0	0	0	0	0	0	0
n/a	OG0024565	0	0	0	0	0	0	0	0	0
n/a	OG0024566	0	0	0	0	0	0	0	0	0
n/a	OG0024567	0	0	0	0	0	0	0	0	0
n/a	OG0024568	0	0	0	0	0	0	0	0	0
n/a	OG0024569	0	0	0	0	0	0	0	0	0
n/a	OG0024570	0	0	0	0	0	0	0	0	0
n/a	OG0024571	0	0	0	0	0	0	0	0	0
n/a	OG0024572	0	0	0	0	0	0	0	0	0
n/a	OG0024573	0	0	0	0	0	0	0	0	0
n/a	OG0024575	0	0	0	0	0	0	0	0	0
n/a	OG0024577	0	0	0	0	0	0	0	0	0
n/a	OG0024578	0	0	0	0	0	0	0	0	0
n/a	OG0024579	0	0	0	0	0	0	0	0	0
n/a	OG0024580	0	0	0	0	0	0	0	0	0
n/a	OG0024582	0	0	0	0	0	0	0	0	0
n/a	OG0024583	0	0	0	0	0	0	0	0	0
n/a	OG0024584	0	0	0	0	0	0	0	0	0
n/a	OG0024585	0	0	0	0	0	0	0	0	0
n/a	OG0024586	0	0	0	0	0	0	0	0	0
n/a	OG0024587	0	0	0	0	0	0	0	0	0
n/a	OG0024588	0	0	0	0	0	0	0	0	0
n/a	OG0024589	0	0	0	0	0	0	0	0	0
n/a	OG0024590	0	0	0	0	0	0	0	0	0
n/a	OG0024591	0	0	0	0	0	0	0	0	0
n/a	OG0024592	0	0	0	0	0	0	0	0	0
n/a	OG0024593	0	0	0	0	0	0	0	0	0
n/a	OG0024594	0	0	0	0	0	0	0	0	0
n/a	OG0024595	0	0	0	0	0	0	0	0	0
n/a	OG0024597	0	0	0	0	0	0	0	0	0
n/a	OG0024598	0	0	0	0	0	0	0	0	0
n/a	OG0024600	0	0	0	0	0	0	0	0	0
n/a	OG0024601	0	0	0	0	0	0	0	0	0
n/a	OG0024603	0	0	0	0	0	0	0	0	0
n/a	OG0024605	0	0	0	0	0	0	0	0	0
n/a	OG0024606	0	0	0	0	0	0	0	0	0
n/a	OG0024607	0	0	0	0	0	0	0	0	0
n/a	OG0024608	0	0	0	0	0	0	0	0	0
n/a	OG0024609	0	0	0	0	0	0	0	0	0
n/a	OG0024610	0	0	0	0	0	0	0	0	0
n/a	OG0024611	0	0	0	0	0	0	0	0	0
n/a	OG0024612	0	0	0	0	0	0	0	0	0
n/a	OG0024613	0	0	0	0	0	0	0	0	0
n/a	OG0024614	0	0	0	0	0	0	0	0	0
n/a	OG0024615	0	0	0	0	0	0	0	0	0
n/a	OG0024616	0	0	0	0	0	0	0	0	0
n/a	OG0024617	0	0	0	0	0	0	0	0	0
n/a	OG0024618	0	0	0	0	0	0	0	0	0
n/a	OG0024619	0	0	0	0	0	0	0	0	0
n/a	OG0024620	0	0	0	0	0	0	0	0	0
n/a	OG0024622	0	0	0	0	0	0	0	0	0
n/a	OG0024623	0	0	0	0	0	0	0	0	0
n/a	OG0024624	0	0	0	0	0	0	0	0	0
n/a	OG0024625	0	0	0	0	0	0	0	0	0
n/a	OG0024626	0	0	0	0	0	0	0	0	0
n/a	OG0024628	0	0	0	0	0	0	0	0	0
n/a	OG0024629	0	0	0	0	0	0	0	0	0
n/a	OG0024630	0	0	0	0	0	0	0	0	0
n/a	OG0024631	0	0	0	0	0	0	0	0	0
n/a	OG0024632	0	0	0	0	0	0	0	0	0
n/a	OG0024633	0	0	0	0	0	0	0	0	0
n/a	OG0024634	0	0	0	0	0	0	0	0	0
n/a	OG0024635	0	0	0	0	0	0	0	0	0
n/a	OG0024636	0	0	0	0	0	0	0	0	0
n/a	OG0024637	0	0	0	0	0	0	0	0	0
n/a	OG0024638	0	0	0	0	0	0	0	0	0
n/a	OG0024639	0	0	0	0	0	0	0	0	0
n/a	OG0024640	0	0	0	0	0	0	0	0	0
n/a	OG0024641	0	0	0	0	0	0	0	0	0
n/a	OG0024642	0	0	0	0	0	0	0	0	0
n/a	OG0024643	0	0	0	0	0	0	0	0	0
n/a	OG0024644	0	0	0	0	0	0	0	0	0
n/a	OG0024646	0	0	0	0	0	0	0	0	0
n/a	OG0024647	0	0	0	0	0	0	0	0	0
n/a	OG0024648	0	0	0	0	0	0	0	0	0
n/a	OG0024649	0	0	0	0	0	0	0	0	0
n/a	OG0024651	0	0	0	0	0	0	0	0	0
n/a	OG0024652	0	0	0	0	0	0	0	0	0
n/a	OG0024653	0	0	0	0	0	0	0	0	0
n/a	OG0024654	0	0	0	0	0	0	0	0	0
n/a	OG0024655	0	0	0	0	0	0	0	0	0
n/a	OG0024656	0	0	0	0	0	0	0	0	0
n/a	OG0024657	0	0	0	0	0	0	0	0	0
n/a	OG0024658	0	0	0	0	0	0	0	0	0
n/a	OG0024659	0	0	0	0	0	0	0	0	0
n/a	OG0024660	0	0	0	0	0	0	0	0	0
n/a	OG0024661	0	0	0	0	0	0	0	0	0
n/a	OG0024662	0	0	0	0	0	0	0	0	0
n/a	OG0024663	0	0	0	0	0	0	0	0	0
n/a	OG0024664	0	0	0	0	0	0	0	0	0
n/a	OG0024665	0	0	0	0	0	0	0	0	0
n/a	OG0024666	0	0	0	0	0	0	0	0	0
n/a	OG0024667	0	0	0	0	0	0	0	0	0
n/a	OG0024668	0	0	0	0	0	0	0	0	0
n/a	OG0024669	0	0	0	0	0	0	0	0	0
n/a	OG0024670	0	0	0	0	0	0	0	0	0
n/a	OG0024671	0	0	0	0	0	0	0	0	0
n/a	OG0024673	0	0	0	0	0	0	0	0	0
n/a	OG0024674	0	0	0	0	0	0	0	0	0
n/a	OG0024676	0	0	0	0	0	0	0	0	1
n/a	OG0024677	0	0	0	0	0	0	0	0	0
n/a	OG0024679	0	0	0	0	0	0	0	0	0
n/a	OG0024680	0	0	0	0	0	0	0	0	0
n/a	OG0024681	0	0	0	0	0	0	0	0	0
n/a	OG0024682	0	0	0	0	0	0	0	0	0
n/a	OG0024683	0	0	0	0	0	0	0	0	0
n/a	OG0024685	0	0	0	0	0	0	0	0	0
n/a	OG0024686	0	0	0	0	0	0	0	0	0
n/a	OG0024687	0	0	0	0	0	0	0	0	0
n/a	OG0024688	0	0	0	0	0	0	0	0	0
n/a	OG0024689	0	0	0	0	0	0	0	0	0
n/a	OG0024690	0	0	0	0	0	0	0	0	0
n/a	OG0024691	0	0	0	0	0	0	0	0	0
n/a	OG0024692	0	0	0	0	0	0	0	0	0
n/a	OG0024694	0	0	0	0	0	0	0	0	0
n/a	OG0024696	0	0	0	0	0	0	0	0	0
n/a	OG0024697	0	0	0	0	0	0	0	0	0
n/a	OG0024698	0	0	0	0	0	0	0	0	0
n/a	OG0024699	0	0	0	0	0	0	0	0	0
n/a	OG0024700	0	0	0	0	0	0	0	0	0
n/a	OG0024701	0	0	0	0	0	0	0	0	0
n/a	OG0024702	0	0	0	0	0	0	0	0	0
n/a	OG0024703	0	0	0	0	0	0	0	0	0
n/a	OG0024704	0	0	0	0	0	0	0	0	0
n/a	OG0024705	0	0	0	0	0	0	0	0	0
n/a	OG0024706	0	0	0	0	0	0	0	0	0
n/a	OG0024707	0	0	0	0	0	0	0	0	0
n/a	OG0024708	0	0	0	0	0	0	0	0	0
n/a	OG0024710	0	0	0	0	0	0	0	0	0
n/a	OG0024711	0	0	0	0	0	0	0	0	0
n/a	OG0024712	0	0	0	0	0	0	0	0	0
n/a	OG0024713	0	0	0	0	0	0	0	0	0
n/a	OG0024714	0	0	0	0	0	0	0	0	0
n/a	OG0024715	0	0	0	0	0	0	0	0	0
n/a	OG0024716	0	0	0	0	0	0	0	0	0
n/a	OG0024717	0	0	0	0	0	0	0	0	0
n/a	OG0024719	0	0	0	0	0	0	0	0	0
n/a	OG0024721	0	0	0	0	0	0	0	0	0
n/a	OG0024722	0	0	0	0	0	0	0	0	0
n/a	OG0024723	0	0	0	0	0	0	0	0	0
n/a	OG0024725	0	0	0	0	0	0	0	0	0
n/a	OG0024726	0	0	0	0	0	0	0	0	0
n/a	OG0024727	0	0	0	0	0	0	0	0	0
n/a	OG0024728	0	0	0	0	0	0	0	0	0
n/a	OG0024729	0	0	0	0	0	0	0	0	0
n/a	OG0024730	0	0	0	0	0	0	0	0	0
n/a	OG0024733	0	0	0	0	0	0	0	0	0
n/a	OG0024734	0	0	0	0	0	0	0	0	0
n/a	OG0024735	0	0	0	0	0	0	0	0	0
n/a	OG0024737	0	0	0	0	0	0	0	0	0
n/a	OG0024738	0	0	0	0	0	0	0	0	0
n/a	OG0024739	0	0	0	0	0	0	0	0	0
n/a	OG0024740	0	0	0	0	0	0	0	0	0
n/a	OG0024742	0	0	0	0	0	0	0	0	0
n/a	OG0024743	0	0	0	0	0	0	0	0	0
n/a	OG0024744	0	0	0	0	0	0	0	0	0
n/a	OG0024745	0	0	0	0	0	0	0	0	0
n/a	OG0024746	0	0	0	0	0	0	0	0	0
n/a	OG0024747	0	0	0	0	0	0	0	0	0
n/a	OG0024748	0	0	0	0	0	0	0	0	0
n/a	OG0024749	0	0	0	0	0	0	0	0	0
n/a	OG0024750	0	0	0	0	0	0	0	0	0
n/a	OG0024752	0	0	0	0	0	0	0	0	0
n/a	OG0024754	0	0	0	0	0	0	0	0	0
n/a	OG0024755	0	0	0	0	0	0	0	0	0
n/a	OG0024756	0	0	0	0	0	0	0	0	0
n/a	OG0024757	0	0	0	0	0	0	0	0	0
n/a	OG0024758	0	0	0	0	0	0	0	0	0
n/a	OG0024759	0	0	0	0	0	0	0	0	0
n/a	OG0024760	0	0	0	0	0	0	0	0	0
n/a	OG0024761	0	0	0	0	0	0	0	0	0
n/a	OG0024762	0	0	0	0	0	0	0	0	0
n/a	OG0024763	0	0	0	0	0	0	0	0	0
n/a	OG0024764	0	0	0	0	0	0	0	0	0
n/a	OG0024765	0	0	0	0	0	0	0	0	0
n/a	OG0024766	0	0	0	0	0	0	0	0	0
n/a	OG0024769	0	0	0	0	0	0	0	0	0
n/a	OG0024770	0	0	0	0	0	0	0	0	0
n/a	OG0024771	0	0	0	0	0	0	0	0	0
n/a	OG0024772	0	0	0	0	0	0	0	0	0
n/a	OG0024773	0	0	0	0	0	0	0	0	0
n/a	OG0024774	0	0	0	0	0	0	0	0	0
n/a	OG0024776	0	0	0	0	0	0	0	0	0
n/a	OG0024777	0	0	0	0	0	0	0	0	0
n/a	OG0024778	0	0	0	0	0	0	0	0	0
n/a	OG0024779	0	0	0	0	0	0	0	0	0
n/a	OG0024780	0	0	0	0	0	0	0	0	0
n/a	OG0024781	0	0	0	0	0	0	0	0	0
n/a	OG0024782	0	0	0	0	0	0	0	0	0
n/a	OG0024783	0	0	0	0	0	0	0	0	0
n/a	OG0024784	0	0	0	0	0	0	0	0	0
n/a	OG0024785	0	0	0	0	0	0	0	0	0
n/a	OG0024786	0	0	0	0	0	0	0	0	0
n/a	OG0024787	0	0	0	0	0	0	0	0	0
n/a	OG0024788	0	0	0	0	0	0	0	0	0
n/a	OG0024789	0	0	0	0	0	0	0	0	0
n/a	OG0024790	0	0	0	0	0	0	0	0	0
n/a	OG0024791	0	0	0	0	0	0	0	0	0
n/a	OG0024792	0	0	0	0	0	0	0	0	0
n/a	OG0024793	0	0	0	0	0	0	0	0	0
n/a	OG0024794	0	0	0	0	0	0	0	0	0
n/a	OG0024795	0	0	0	0	0	0	0	0	0
n/a	OG0024796	0	0	0	0	0	0	0	0	0
n/a	OG0024797	0	0	0	0	0	0	0	0	0
n/a	OG0024799	0	0	0	0	0	0	0	0	0
n/a	OG0024800	0	0	0	0	0	0	0	0	0
n/a	OG0024801	0	0	0	0	0	0	0	0	0
n/a	OG0024802	0	0	0	0	0	0	0	0	0
n/a	OG0024803	0	0	0	0	0	0	0	0	0
n/a	OG0024804	0	0	0	0	0	0	0	0	0
n/a	OG0024806	0	0	0	0	0	0	0	0	0
n/a	OG0024807	0	0	0	0	0	0	0	0	0
n/a	OG0024808	0	0	0	0	0	0	0	0	0
n/a	OG0024809	0	0	0	0	0	0	0	0	0
n/a	OG0024810	0	0	0	0	0	0	0	0	0
n/a	OG0024811	0	0	0	0	0	0	0	0	0
n/a	OG0024812	0	0	0	0	0	0	0	0	0
n/a	OG0024813	0	0	0	0	0	0	0	0	0
n/a	OG0024814	0	0	0	0	0	0	0	0	0
n/a	OG0024815	0	0	0	0	0	0	0	0	0
n/a	OG0024816	0	0	0	0	0	0	0	0	0
n/a	OG0024817	0	0	0	0	0	0	0	0	0
n/a	OG0024818	0	0	0	0	0	0	0	0	0
n/a	OG0024819	0	0	0	0	0	0	0	0	0
n/a	OG0024820	0	0	0	0	0	0	0	0	0
n/a	OG0024821	0	0	0	0	0	0	0	0	0
n/a	OG0024822	0	0	0	0	0	0	0	0	0
n/a	OG0024823	0	0	0	0	0	0	0	0	0
n/a	OG0024824	0	0	0	0	0	0	0	0	0
n/a	OG0024825	0	0	0	0	0	0	0	0	0
n/a	OG0024826	0	0	0	0	0	0	0	0	0
n/a	OG0024828	0	0	0	0	0	0	0	0	0
n/a	OG0024829	0	0	0	0	0	0	0	0	0
n/a	OG0024830	0	0	0	0	0	0	0	0	0
n/a	OG0024831	0	0	0	0	0	0	0	0	0
n/a	OG0024834	0	0	0	0	0	0	0	0	0
n/a	OG0024835	0	0	0	0	0	0	0	0	0
n/a	OG0024836	0	0	0	0	0	0	0	0	0
n/a	OG0024837	0	0	0	0	0	0	0	0	0
n/a	OG0024838	0	0	0	0	0	0	0	0	0
n/a	OG0024839	0	0	0	0	0	0	0	0	0
n/a	OG0024840	0	0	0	0	0	0	0	0	0
n/a	OG0024841	0	0	0	0	0	0	0	0	0
n/a	OG0024842	0	0	0	0	0	0	0	0	0
n/a	OG0024843	0	0	0	0	0	0	0	0	0
n/a	OG0024844	0	0	0	0	0	0	0	0	0
n/a	OG0024845	0	0	0	0	0	0	0	0	0
n/a	OG0024848	0	0	0	0	0	0	0	0	0
n/a	OG0024849	0	0	0	0	0	0	0	0	0
n/a	OG0024850	0	0	0	0	0	0	0	0	0
n/a	OG0024852	0	0	0	0	0	0	0	0	0
n/a	OG0024853	0	0	0	0	0	0	0	0	0
n/a	OG0024854	0	0	0	0	0	0	0	0	0
n/a	OG0024855	0	0	0	0	0	0	0	0	0
n/a	OG0024856	0	0	0	0	0	0	0	0	0
n/a	OG0024858	0	0	0	0	0	0	0	0	0
n/a	OG0024859	0	0	0	0	0	0	0	0	0
n/a	OG0024860	0	0	0	0	0	0	0	0	0
n/a	OG0024861	0	0	0	0	0	0	0	0	0
n/a	OG0024862	0	0	0	0	0	0	0	0	0
n/a	OG0024863	0	0	0	0	0	0	0	0	0
n/a	OG0024864	0	0	0	0	0	0	0	0	0
n/a	OG0024865	0	0	0	0	0	0	0	0	0
n/a	OG0024866	0	0	0	0	0	0	0	0	0
n/a	OG0024867	0	0	0	0	0	0	0	0	0
n/a	OG0024868	0	0	0	0	0	0	0	0	0
n/a	OG0024869	0	0	0	0	0	0	0	0	0
n/a	OG0024870	0	0	0	0	0	0	0	0	0
n/a	OG0024871	0	0	0	0	0	0	0	0	0
n/a	OG0024872	0	0	0	0	0	0	0	0	0
n/a	OG0024873	0	0	0	0	0	0	0	0	0
n/a	OG0024874	0	0	0	0	0	0	0	0	0
n/a	OG0024878	0	0	0	0	0	0	0	0	0
n/a	OG0024880	0	0	0	0	0	0	0	0	0
n/a	OG0024881	0	0	0	0	0	0	0	0	0
n/a	OG0024882	0	0	0	0	0	0	0	0	0
n/a	OG0024883	0	0	0	0	0	0	0	0	0
n/a	OG0024884	0	0	0	0	0	0	0	0	0
n/a	OG0024885	0	0	0	0	0	0	0	0	0
n/a	OG0024886	0	0	0	0	0	0	0	0	0
n/a	OG0024887	0	0	0	0	0	0	0	0	0
n/a	OG0024889	0	0	0	0	0	0	0	0	0
n/a	OG0024890	0	0	0	0	0	0	0	0	0
n/a	OG0024891	0	0	0	0	0	0	0	0	0
n/a	OG0024892	0	0	0	0	0	0	0	0	0
n/a	OG0024894	0	0	0	0	0	0	0	0	0
n/a	OG0024895	0	0	0	0	0	0	0	0	0
n/a	OG0024896	0	0	0	0	0	0	0	0	0
n/a	OG0024897	0	0	0	0	0	0	0	0	0
n/a	OG0024898	0	0	0	0	0	0	0	0	0
n/a	OG0024899	0	0	0	0	0	0	0	0	0
n/a	OG0024900	0	0	0	0	0	0	0	0	0
n/a	OG0024901	0	0	0	0	0	0	0	0	0
n/a	OG0024903	0	0	0	0	0	0	0	0	0
n/a	OG0024904	0	0	0	0	0	0	0	0	0
n/a	OG0024905	0	0	0	0	0	0	0	0	0
n/a	OG0024906	0	0	0	0	0	0	0	0	0
n/a	OG0024907	0	0	0	0	0	0	0	0	0
n/a	OG0024909	0	0	0	0	0	0	0	0	0
n/a	OG0024911	0	0	0	0	0	0	0	0	0
n/a	OG0024912	0	0	0	0	0	0	0	0	0
n/a	OG0024913	0	0	0	0	0	0	0	0	0
n/a	OG0024914	0	0	0	0	0	0	0	0	0
n/a	OG0024916	0	0	0	0	0	0	0	0	0
n/a	OG0024917	0	0	0	0	0	0	0	0	0
n/a	OG0024919	0	0	0	0	0	0	0	0	0
n/a	OG0024920	0	0	0	0	0	0	0	0	0
n/a	OG0024922	0	0	0	0	0	0	0	0	0
n/a	OG0024924	0	0	0	0	0	0	0	0	0
n/a	OG0024926	0	0	0	0	0	0	0	0	0
n/a	OG0024931	0	0	0	0	0	0	0	0	1
n/a	OG0024933	0	0	0	0	0	0	0	0	0
n/a	OG0024935	0	0	0	0	0	0	0	0	0
n/a	OG0024936	0	0	0	0	0	0	0	0	0
n/a	OG0024940	0	0	0	0	0	0	0	0	0
n/a	OG0024941	0	0	0	0	0	0	0	0	0
n/a	OG0024942	0	0	0	0	0	0	0	0	0
n/a	OG0024943	0	0	0	0	0	0	0	0	0
n/a	OG0024946	0	0	0	0	0	0	0	0	0
n/a	OG0024947	0	0	0	0	0	0	0	0	0
n/a	OG0024948	0	0	0	0	0	0	0	0	0
n/a	OG0024950	0	0	0	0	0	0	0	0	0
n/a	OG0024952	0	0	0	0	0	0	0	0	0
n/a	OG0024953	0	0	0	0	0	0	0	0	0
n/a	OG0024955	0	0	0	0	0	0	0	0	0
n/a	OG0024956	0	0	0	0	0	0	0	0	0
n/a	OG0024957	0	0	0	0	0	0	0	0	0
n/a	OG0024958	0	0	0	0	0	0	0	0	0
n/a	OG0024959	0	0	0	0	0	0	0	0	0
n/a	OG0024962	0	0	0	0	0	0	0	0	0
n/a	OG0024963	0	0	0	0	0	0	0	0	0
n/a	OG0024964	0	0	0	0	0	0	0	0	0
n/a	OG0024966	0	0	0	0	0	0	0	0	1
n/a	OG0024967	0	0	0	0	0	0	0	0	0
n/a	OG0024968	0	0	0	0	0	0	0	0	0
n/a	OG0024969	0	0	0	0	0	0	0	0	0
n/a	OG0024971	0	0	0	0	0	0	0	0	0
n/a	OG0024972	0	0	0	0	0	0	0	0	0
n/a	OG0024974	0	0	0	0	0	0	0	0	0
n/a	OG0024975	0	0	0	0	0	0	0	0	0
n/a	OG0024976	0	0	0	0	0	0	0	0	0
n/a	OG0024977	0	0	0	0	0	0	0	0	0
n/a	OG0024978	0	0	0	0	0	0	0	0	0
n/a	OG0024979	0	0	0	0	0	0	0	0	0
n/a	OG0024980	0	0	0	0	0	0	0	0	0
n/a	OG0024981	0	0	0	0	0	0	0	0	0
n/a	OG0024982	0	0	0	0	0	0	0	0	0
n/a	OG0024983	0	0	0	0	0	0	0	0	0
n/a	OG0024984	0	0	0	0	0	0	0	0	0
n/a	OG0024985	0	0	0	0	0	0	0	0	0
n/a	OG0024986	0	0	0	0	0	0	0	0	0
n/a	OG0024987	0	0	0	0	0	0	0	0	0
n/a	OG0024988	0	0	0	0	0	0	0	0	0
n/a	OG0024990	0	0	0	0	0	0	0	0	0
n/a	OG0024991	0	0	0	0	0	0	0	0	0
n/a	OG0024992	0	0	0	0	0	0	0	0	0
n/a	OG0024994	0	0	0	0	0	0	0	0	0
n/a	OG0024995	0	0	0	0	0	0	0	0	0
n/a	OG0024996	0	0	0	0	0	0	0	0	0
n/a	OG0024997	0	0	0	0	0	0	0	0	0
n/a	OG0024998	0	0	0	0	0	0	0	0	0
n/a	OG0024999	0	0	0	0	0	0	0	0	0
n/a	OG0025000	0	0	0	0	0	0	0	0	0
n/a	OG0025001	0	0	0	0	0	0	0	0	0
n/a	OG0025002	0	0	0	0	0	0	0	0	0
n/a	OG0025003	0	0	0	0	0	0	0	0	0
n/a	OG0025004	0	0	0	0	0	0	0	0	0
n/a	OG0025005	0	0	0	0	0	0	0	0	0
n/a	OG0025006	0	0	0	0	0	0	0	0	0
n/a	OG0025007	0	0	0	0	0	0	0	0	0
n/a	OG0025008	0	0	0	0	0	0	0	0	0
n/a	OG0025009	0	0	0	0	0	0	0	0	0
n/a	OG0025010	0	0	0	0	0	0	0	0	0
n/a	OG0025011	0	0	0	0	0	0	0	0	0
n/a	OG0025012	0	0	0	0	0	0	0	0	0
n/a	OG0025013	0	0	0	0	0	0	0	0	0
n/a	OG0025014	0	0	0	0	0	0	0	0	0
n/a	OG0025015	0	0	0	0	0	0	0	0	0
n/a	OG0025016	0	0	0	0	0	0	0	0	0
n/a	OG0025017	0	0	0	0	0	0	0	0	0
n/a	OG0025018	0	0	0	0	0	0	0	0	0
n/a	OG0025019	0	0	0	0	0	0	0	0	0
n/a	OG0025020	0	0	0	0	0	0	0	0	0
n/a	OG0025021	0	0	0	0	0	0	0	0	0
n/a	OG0025022	0	0	0	0	0	0	0	0	0
n/a	OG0025023	0	0	0	0	0	0	0	0	0
n/a	OG0025024	0	0	0	0	0	0	0	0	0
n/a	OG0025025	0	0	0	0	0	0	0	0	0
n/a	OG0025026	0	0	0	0	0	0	0	0	0
n/a	OG0025028	0	0	0	0	0	0	0	0	0
n/a	OG0025029	0	0	0	0	0	0	0	0	0
n/a	OG0025030	0	0	0	0	0	0	0	0	0
n/a	OG0025031	0	0	0	0	0	0	0	0	0
n/a	OG0025032	0	0	0	0	0	0	0	0	0
n/a	OG0025033	0	0	0	0	0	0	0	0	0
n/a	OG0025034	0	0	0	0	0	0	0	0	0
n/a	OG0025035	0	0	0	0	0	0	0	0	0
n/a	OG0025036	0	0	0	0	0	0	0	0	0
n/a	OG0025037	0	0	0	0	0	0	0	0	0
n/a	OG0025038	0	0	0	0	0	0	0	0	0
n/a	OG0025039	0	0	0	0	0	0	0	0	0
n/a	OG0025040	0	0	0	0	0	0	0	0	0
n/a	OG0025041	0	0	0	0	0	0	0	0	0
n/a	OG0025042	0	0	0	0	0	0	0	0	0
n/a	OG0025043	0	0	0	0	0	0	0	0	0
n/a	OG0025044	0	0	0	0	0	0	0	0	0
n/a	OG0025045	0	0	0	0	0	0	0	0	0
n/a	OG0025046	0	0	0	0	0	0	0	0	0
n/a	OG0025047	0	0	0	0	0	0	0	0	0
n/a	OG0025048	0	0	0	0	0	0	0	0	0
n/a	OG0025049	0	0	0	0	0	0	0	0	0
n/a	OG0025050	0	0	0	0	0	0	0	0	0
n/a	OG0025051	0	0	0	0	0	0	0	0	0
n/a	OG0025052	0	0	0	0	0	0	0	0	0
n/a	OG0025053	0	0	0	0	0	0	0	0	0
n/a	OG0025054	0	0	0	0	0	0	0	0	0
n/a	OG0025055	0	0	0	0	0	0	0	0	0
n/a	OG0025056	0	0	0	0	0	0	0	0	0
n/a	OG0025057	0	0	0	0	0	0	0	0	0
n/a	OG0025059	0	0	0	0	0	0	0	0	0
n/a	OG0025060	0	0	0	0	0	0	0	0	0
n/a	OG0025061	0	0	0	0	0	0	0	0	0
n/a	OG0025062	0	0	0	0	0	0	0	0	0
n/a	OG0025063	0	0	0	0	0	0	0	0	0
n/a	OG0025064	0	0	0	0	0	0	0	0	0
n/a	OG0025066	0	0	0	0	0	0	0	0	0
n/a	OG0025067	0	0	0	0	0	0	0	0	0
n/a	OG0025069	0	0	0	0	0	0	0	0	0
n/a	OG0025071	0	0	0	0	0	0	0	0	0
n/a	OG0025072	0	0	0	0	0	0	0	0	0
n/a	OG0025073	0	0	0	0	0	0	0	0	0
n/a	OG0025075	0	0	0	0	0	0	0	0	0
n/a	OG0025076	0	0	0	0	0	0	0	0	0
n/a	OG0025077	0	0	0	0	0	0	0	0	0
n/a	OG0025078	0	0	0	0	0	0	0	0	0
n/a	OG0025079	0	0	0	0	0	0	0	0	0
n/a	OG0025080	0	0	0	0	0	0	0	0	0
n/a	OG0025081	0	0	0	0	0	0	0	0	0
n/a	OG0025084	0	0	0	0	0	0	0	0	0
n/a	OG0025085	0	0	0	0	0	0	0	0	0
n/a	OG0025086	0	0	0	0	0	0	0	0	0
n/a	OG0025087	0	0	0	0	0	0	0	0	0
n/a	OG0025088	0	0	0	0	0	0	0	0	0
n/a	OG0025089	0	0	0	0	0	0	0	0	0
n/a	OG0025090	0	0	0	0	0	0	0	0	0
n/a	OG0025091	0	0	0	0	0	0	0	0	0
n/a	OG0025093	0	0	0	0	0	0	0	0	0
n/a	OG0025094	0	0	0	0	0	0	0	0	0
n/a	OG0025095	0	0	0	0	0	0	0	0	0
n/a	OG0025096	0	0	0	0	0	0	0	0	0
n/a	OG0025097	0	0	0	0	0	0	0	0	0
n/a	OG0025098	0	0	0	0	0	0	0	0	0
n/a	OG0025099	0	0	0	0	0	0	0	0	0
n/a	OG0025100	0	0	0	0	0	0	0	0	0
n/a	OG0025101	0	0	0	0	0	0	0	0	0
n/a	OG0025102	0	0	0	0	0	0	0	0	0
n/a	OG0025103	0	0	0	0	0	0	0	0	0
n/a	OG0025104	0	0	0	0	0	0	0	0	0
n/a	OG0025105	0	0	0	0	0	0	0	0	0
n/a	OG0025107	0	0	0	0	0	0	0	0	0
n/a	OG0025108	0	0	0	0	0	0	0	0	0
n/a	OG0025109	0	0	0	0	0	0	0	0	0
n/a	OG0025110	0	0	0	0	0	0	0	0	0
n/a	OG0025111	0	0	0	0	0	0	0	0	0
n/a	OG0025112	0	0	0	0	0	0	0	0	0
n/a	OG0025113	0	0	0	0	0	0	0	0	0
n/a	OG0025114	0	0	0	0	0	0	0	0	0
n/a	OG0025115	0	0	0	0	0	0	0	0	0
n/a	OG0025116	0	0	0	0	0	0	0	0	0
n/a	OG0025118	0	0	0	0	0	0	0	0	0
n/a	OG0025119	0	0	0	0	0	0	0	0	0
n/a	OG0025120	0	0	0	0	0	0	0	0	0
n/a	OG0025121	0	0	0	0	0	0	0	0	0
n/a	OG0025122	0	0	0	0	0	0	0	0	0
n/a	OG0025123	0	0	0	0	0	0	0	0	0
n/a	OG0025124	0	0	0	0	0	0	0	0	0
n/a	OG0025126	0	0	0	0	0	0	0	0	0
n/a	OG0025127	0	0	0	0	0	0	0	0	0
n/a	OG0025128	0	0	0	0	0	0	0	0	0
n/a	OG0025129	0	0	0	0	0	0	0	0	0
n/a	OG0025130	0	0	0	0	0	0	0	0	0
n/a	OG0025131	0	0	0	0	0	0	0	0	0
n/a	OG0025132	0	0	0	0	0	0	0	0	0
n/a	OG0025133	0	0	0	0	0	0	0	0	0
n/a	OG0025134	0	0	0	0	0	0	0	0	0
n/a	OG0025135	0	0	0	0	0	0	0	0	0
n/a	OG0025136	0	0	0	0	0	0	0	0	0
n/a	OG0025137	0	0	0	0	0	0	0	0	0
n/a	OG0025138	0	0	0	0	0	0	0	0	0
n/a	OG0025139	0	0	0	0	0	0	0	0	0
n/a	OG0025140	0	0	0	0	0	0	0	0	0
n/a	OG0025141	0	0	0	0	0	0	0	0	0
n/a	OG0025142	0	0	0	0	0	0	0	0	0
n/a	OG0025143	0	0	0	0	0	0	0	0	0
n/a	OG0025144	0	0	0	0	0	0	0	0	0
n/a	OG0025145	0	0	0	0	0	0	0	0	0
n/a	OG0025146	0	0	0	0	0	0	0	0	0
n/a	OG0025147	0	0	0	0	0	0	0	0	0
n/a	OG0025148	0	0	0	0	0	0	0	0	0
n/a	OG0025149	0	0	0	0	0	0	0	0	0
n/a	OG0025150	0	0	0	0	0	0	0	0	0
n/a	OG0025151	0	0	0	0	0	0	0	0	0
n/a	OG0025152	0	0	0	0	0	0	0	0	0
n/a	OG0025153	0	0	0	0	0	0	0	0	0
n/a	OG0025156	0	0	0	0	0	0	0	0	0
n/a	OG0025157	0	0	0	0	0	0	0	0	0
n/a	OG0025158	0	0	0	0	0	0	0	0	0
n/a	OG0025159	0	0	0	0	0	0	0	0	0
n/a	OG0025160	0	0	0	0	0	0	0	0	0
n/a	OG0025161	0	0	0	0	0	0	0	0	0
n/a	OG0025163	0	0	0	0	0	0	0	0	0
n/a	OG0025164	0	0	0	0	0	0	0	0	0
n/a	OG0025165	0	0	0	0	0	0	0	0	0
n/a	OG0025166	0	0	0	0	0	0	0	0	1
n/a	OG0025167	0	0	0	0	0	0	0	0	0
n/a	OG0025168	0	0	0	0	0	0	0	0	0
n/a	OG0025169	0	0	0	0	0	0	0	0	0
n/a	OG0025170	0	0	0	0	0	0	0	0	0
n/a	OG0025171	0	0	0	0	0	0	0	0	0
n/a	OG0025172	0	0	0	0	0	0	0	0	0
n/a	OG0025173	0	0	0	0	0	0	0	0	0
n/a	OG0025174	0	0	0	0	0	0	0	0	0
n/a	OG0025175	0	0	0	0	0	0	0	0	0
n/a	OG0025176	0	0	0	0	0	0	0	0	0
n/a	OG0025177	0	0	0	0	0	0	0	0	0
n/a	OG0025178	0	0	0	0	0	0	0	0	0
n/a	OG0025179	0	0	0	0	0	0	0	0	0
n/a	OG0025180	0	0	0	0	0	0	0	0	0
n/a	OG0025181	0	0	0	0	0	0	0	0	0
n/a	OG0025182	0	0	0	0	0	0	0	0	0
n/a	OG0025185	0	0	0	0	0	0	0	0	0
n/a	OG0025186	0	0	0	0	0	0	0	0	0
n/a	OG0025187	0	0	0	0	0	0	0	0	0
n/a	OG0025188	0	0	0	0	0	0	0	0	0
n/a	OG0025189	0	0	0	0	0	0	0	0	0
n/a	OG0025190	0	0	0	0	0	0	0	0	0
n/a	OG0025191	0	0	0	0	0	0	0	0	0
n/a	OG0025192	0	0	0	0	0	0	0	0	0
n/a	OG0025193	0	0	0	0	0	0	0	0	0
n/a	OG0025194	0	0	0	0	0	0	0	0	0
n/a	OG0025195	0	0	0	0	0	0	0	0	0
n/a	OG0025196	0	0	0	0	0	0	0	0	0
n/a	OG0025197	0	0	0	0	0	0	0	0	0
n/a	OG0025198	0	0	0	0	0	0	0	0	0
n/a	OG0025199	0	0	0	0	0	0	0	0	0
n/a	OG0025200	0	0	0	0	0	0	0	0	0
n/a	OG0025201	0	0	0	0	0	0	0	0	0
n/a	OG0025202	0	0	0	0	0	0	0	0	0
n/a	OG0025204	0	0	0	0	0	0	0	0	0
n/a	OG0025205	0	0	0	0	0	0	0	0	0
n/a	OG0025206	0	0	0	0	0	0	0	0	0
n/a	OG0025207	0	0	0	0	0	0	0	0	0
n/a	OG0025208	0	0	0	0	0	0	0	0	0
n/a	OG0025209	0	0	0	0	0	0	0	0	0
n/a	OG0025210	0	0	0	0	0	0	0	0	0
n/a	OG0025211	0	0	0	0	0	0	0	0	0
n/a	OG0025212	0	0	0	0	0	0	0	0	0
n/a	OG0025213	0	0	0	0	0	0	0	0	0
n/a	OG0025215	0	0	0	0	0	0	0	0	0
n/a	OG0025216	0	0	0	0	0	0	0	0	0
n/a	OG0025217	0	0	0	0	0	0	0	0	0
n/a	OG0025218	0	0	0	0	0	0	0	0	0
n/a	OG0025219	0	0	0	0	0	0	0	0	0
n/a	OG0025220	0	0	0	0	0	0	0	0	0
n/a	OG0025221	0	0	0	0	0	0	0	0	0
n/a	OG0025222	0	0	0	0	0	0	0	0	0
n/a	OG0025224	0	0	0	0	0	0	0	0	1
n/a	OG0025226	0	0	0	0	0	0	0	0	0
n/a	OG0025227	0	0	0	0	0	0	0	0	0
n/a	OG0025228	0	0	0	0	0	0	0	0	0
n/a	OG0025229	0	0	0	0	0	0	0	0	0
n/a	OG0025230	0	0	0	0	0	0	0	0	0
n/a	OG0025231	0	0	0	0	0	0	0	0	0
n/a	OG0025232	0	0	0	0	0	0	0	0	0
n/a	OG0025233	0	0	0	0	0	0	0	0	0
n/a	OG0025234	0	0	0	0	0	0	0	0	0
n/a	OG0025236	0	0	0	0	0	0	0	0	0
n/a	OG0025237	0	0	0	0	0	0	0	0	0
n/a	OG0025238	0	0	0	0	0	0	0	0	0
n/a	OG0025239	0	0	0	0	0	0	0	0	0
n/a	OG0025240	0	0	0	0	0	0	0	0	0
n/a	OG0025241	0	0	0	0	0	0	0	0	0
n/a	OG0025242	0	0	0	0	0	0	0	0	0
n/a	OG0025243	0	0	0	0	0	0	0	0	0
n/a	OG0025244	0	0	0	0	0	0	0	0	0
n/a	OG0025246	0	0	0	0	0	0	0	0	0
n/a	OG0025248	0	0	0	0	0	0	0	0	0
n/a	OG0025249	0	0	0	0	0	0	0	0	0
n/a	OG0025250	0	0	0	0	0	0	0	0	0
n/a	OG0025251	0	0	0	0	0	0	0	0	0
n/a	OG0025252	0	0	0	0	0	0	0	0	0
n/a	OG0025253	0	0	0	0	0	0	0	0	0
n/a	OG0025255	0	0	0	0	0	0	0	0	0
n/a	OG0025256	0	0	0	0	0	0	0	0	0
n/a	OG0025257	0	0	0	0	0	0	0	0	0
n/a	OG0025258	0	0	0	0	0	0	0	0	0
n/a	OG0025259	0	0	0	0	0	0	0	0	0
n/a	OG0025260	0	0	0	0	0	0	0	0	0
n/a	OG0025261	0	0	0	0	0	0	0	0	0
n/a	OG0025262	0	0	0	0	0	0	0	0	0
n/a	OG0025263	0	0	0	0	0	0	0	0	0
n/a	OG0025265	0	0	0	0	0	0	0	0	0
n/a	OG0025266	0	0	0	0	0	0	0	0	0
n/a	OG0025267	0	0	0	0	0	0	0	0	0
n/a	OG0025268	0	0	0	0	0	0	0	0	0
n/a	OG0025269	0	0	0	0	0	0	0	0	0
n/a	OG0025271	0	0	0	0	0	0	0	0	0
n/a	OG0025272	0	0	0	0	0	0	0	0	0
n/a	OG0025273	0	0	0	0	0	0	0	0	0
n/a	OG0025274	0	0	0	0	0	0	0	0	0
n/a	OG0025275	0	0	0	0	0	0	0	0	0
n/a	OG0025276	0	0	0	0	0	0	0	0	0
n/a	OG0025277	0	0	0	0	0	0	0	0	0
n/a	OG0025280	0	0	0	0	0	0	0	0	0
n/a	OG0025282	0	0	0	0	0	0	0	0	0
n/a	OG0025283	0	0	0	0	0	0	0	0	0
n/a	OG0025284	0	0	0	0	0	0	0	0	0
n/a	OG0025285	0	0	0	0	0	0	0	0	0
n/a	OG0025286	0	0	0	0	0	0	0	0	0
n/a	OG0025287	0	0	0	0	0	0	0	0	0
n/a	OG0025288	0	0	0	0	0	0	0	0	0
n/a	OG0025289	0	0	0	0	0	0	0	0	0
n/a	OG0025290	0	0	0	0	0	0	0	0	0
n/a	OG0025291	0	0	0	0	0	0	0	0	0
n/a	OG0025292	0	0	0	0	0	0	0	0	0
n/a	OG0025294	0	0	0	0	0	0	0	0	1
n/a	OG0025296	0	0	0	0	0	0	0	0	0
n/a	OG0025298	0	0	0	0	0	0	0	0	0
n/a	OG0025299	0	0	0	0	0	0	0	0	0
n/a	OG0025300	0	0	0	0	0	0	0	0	0
n/a	OG0025301	0	0	0	0	0	0	0	0	0
n/a	OG0025302	0	0	0	0	0	0	0	0	0
n/a	OG0025303	0	0	0	0	0	0	0	0	0
n/a	OG0025304	0	0	0	0	0	0	0	0	0
n/a	OG0025305	0	0	0	0	0	0	0	0	0
n/a	OG0025307	0	0	0	0	0	0	0	0	0
n/a	OG0025309	0	0	0	0	0	0	0	0	0
n/a	OG0025310	0	0	0	0	0	0	0	0	0
n/a	OG0025312	0	0	0	0	0	0	0	0	0
n/a	OG0025316	0	0	0	0	0	0	0	0	1
n/a	OG0025317	0	0	0	0	0	0	0	0	0
n/a	OG0025319	0	0	0	0	0	0	0	0	0
n/a	OG0025320	0	0	0	0	0	0	0	0	0
n/a	OG0025321	0	0	0	0	0	0	0	0	0
n/a	OG0025322	0	0	0	0	0	0	0	0	0
n/a	OG0025323	0	0	0	0	0	0	0	0	0
n/a	OG0025324	0	0	0	0	0	0	0	0	0
n/a	OG0025325	0	0	0	0	0	0	0	0	0
n/a	OG0025327	0	0	0	0	0	0	0	0	0
n/a	OG0025329	0	0	0	0	0	0	0	0	0
n/a	OG0025330	0	0	0	0	0	0	0	0	0
n/a	OG0025331	0	0	0	0	0	0	0	0	0
n/a	OG0025332	0	0	0	0	0	0	0	0	0
n/a	OG0025333	0	0	0	0	0	0	0	0	0
n/a	OG0025334	0	0	0	0	0	0	0	0	0
n/a	OG0025335	0	0	0	0	0	0	0	0	0
n/a	OG0025336	0	0	0	0	0	0	0	0	0
n/a	OG0025337	0	0	0	0	0	0	0	0	0
n/a	OG0025338	0	0	0	0	0	0	0	0	0
n/a	OG0025339	0	0	0	0	0	0	0	0	0
n/a	OG0025340	0	0	0	0	0	0	0	0	0
n/a	OG0025341	0	0	0	0	0	0	0	0	0
n/a	OG0025342	0	0	0	0	0	0	0	0	0
n/a	OG0025343	0	0	0	0	0	0	0	0	0
n/a	OG0025344	0	0	0	0	0	0	0	0	0
n/a	OG0025345	0	0	0	0	0	0	0	0	0
n/a	OG0025346	0	0	0	0	0	0	0	0	0
n/a	OG0025347	0	0	0	0	0	0	0	0	0
n/a	OG0025348	0	0	0	0	0	0	0	0	0
n/a	OG0025349	0	0	0	0	0	0	0	0	0
n/a	OG0025350	0	0	0	0	0	0	0	0	0
n/a	OG0025351	0	0	0	0	0	0	0	0	0
n/a	OG0025352	0	0	0	0	0	0	0	0	0
n/a	OG0025353	0	0	0	0	0	0	0	0	0
n/a	OG0025354	0	0	0	0	0	0	0	0	0
n/a	OG0025355	0	0	0	0	0	0	0	0	0
n/a	OG0025356	0	0	0	0	0	0	0	0	0
n/a	OG0025357	0	0	0	0	0	0	0	0	0
n/a	OG0025358	0	0	0	0	0	0	0	0	0
n/a	OG0025359	0	0	0	0	0	0	0	0	0
n/a	OG0025360	0	0	0	0	0	0	0	0	0
n/a	OG0025361	0	0	0	0	0	0	0	0	0
n/a	OG0025362	0	0	0	0	0	0	0	0	0
n/a	OG0025363	0	0	0	0	0	0	0	0	0
n/a	OG0025364	0	0	0	0	0	0	0	0	0
n/a	OG0025365	0	0	0	0	0	0	0	0	0
n/a	OG0025366	0	0	0	0	0	0	0	0	0
n/a	OG0025367	0	0	0	0	0	0	0	0	0
n/a	OG0025368	0	0	0	0	0	0	0	0	0
n/a	OG0025369	0	0	0	0	0	0	0	0	0
n/a	OG0025370	0	0	0	0	0	0	0	0	0
n/a	OG0025371	0	0	0	0	0	0	0	0	0
n/a	OG0025372	0	0	0	0	0	0	0	0	0
n/a	OG0025373	0	0	0	0	0	0	0	0	0
n/a	OG0025374	0	0	0	0	0	0	0	0	0
n/a	OG0025375	0	0	0	0	0	0	0	0	0
n/a	OG0025376	0	0	0	0	0	0	0	0	0
n/a	OG0025377	0	0	0	0	0	0	0	0	0
n/a	OG0025378	0	0	0	0	0	0	0	0	0
n/a	OG0025379	0	0	0	0	0	0	0	0	0
n/a	OG0025380	0	0	0	0	0	0	0	0	0
n/a	OG0025381	0	0	0	0	0	0	0	0	0
n/a	OG0025382	0	0	0	0	0	0	0	0	0
n/a	OG0025383	0	0	0	0	0	0	0	0	0
n/a	OG0025384	0	0	0	0	0	0	0	0	0
n/a	OG0025385	0	0	0	0	0	0	0	0	0
n/a	OG0025386	0	0	0	0	0	0	0	0	0
n/a	OG0025387	0	0	0	0	0	0	0	0	0
n/a	OG0025388	0	0	0	0	0	0	0	0	0
n/a	OG0025389	0	0	0	0	0	0	0	0	0
n/a	OG0025390	0	0	0	0	0	0	0	0	0
n/a	OG0025391	0	0	0	0	0	0	0	0	0
n/a	OG0025392	0	0	0	0	0	0	0	0	0
n/a	OG0025393	0	0	0	0	0	0	0	0	0
n/a	OG0025394	0	0	0	0	0	0	0	0	0
n/a	OG0025395	0	0	0	0	0	0	0	0	0
n/a	OG0025396	0	0	0	0	0	0	0	0	0
n/a	OG0025397	0	0	0	0	0	0	0	0	0
n/a	OG0025398	0	0	0	0	0	0	0	0	0
n/a	OG0025399	0	0	0	0	0	0	0	0	0
n/a	OG0025400	0	0	0	0	0	0	0	0	0
n/a	OG0025401	0	0	0	0	0	0	0	0	0
n/a	OG0025402	0	0	0	0	0	0	0	0	0
n/a	OG0025403	0	0	0	0	0	0	0	0	0
n/a	OG0025404	0	0	0	0	0	0	0	0	0
n/a	OG0025405	0	0	0	0	0	0	0	0	0
n/a	OG0025406	0	0	0	0	0	0	0	0	0
n/a	OG0025407	0	0	0	0	0	0	0	0	0
n/a	OG0025408	0	0	0	0	0	0	0	0	0
n/a	OG0025409	0	0	0	0	0	0	0	0	0
n/a	OG0025410	0	0	0	0	0	0	0	0	0
n/a	OG0025411	0	0	0	0	0	0	0	0	0
n/a	OG0025412	0	0	0	0	0	0	0	0	0
n/a	OG0025413	0	0	0	0	0	0	0	0	0
n/a	OG0025414	0	0	0	0	0	0	0	0	0
n/a	OG0025415	0	0	0	0	0	0	0	0	0
n/a	OG0025416	0	0	0	0	0	0	0	0	0
n/a	OG0025418	0	0	0	0	0	0	0	0	0
n/a	OG0025419	0	0	0	0	0	0	0	0	0
n/a	OG0025420	0	0	0	0	0	0	0	0	0
n/a	OG0025421	0	0	0	0	0	0	0	0	0
n/a	OG0025422	0	0	0	0	0	0	0	0	0
n/a	OG0025423	0	0	0	0	0	0	0	0	0
n/a	OG0025424	0	0	0	0	0	0	0	0	0
n/a	OG0025425	0	0	0	0	0	0	0	0	0
n/a	OG0025426	0	0	0	0	0	0	0	0	0
n/a	OG0025427	0	0	0	0	0	0	0	0	0
n/a	OG0025428	0	0	0	0	0	0	0	0	0
n/a	OG0025429	0	0	0	0	0	0	0	0	0
n/a	OG0025430	0	0	0	0	0	0	0	0	0
n/a	OG0025431	0	0	0	0	0	0	0	0	0
n/a	OG0025432	0	0	0	0	0	0	0	0	0
n/a	OG0025433	0	0	0	0	0	0	0	0	0
n/a	OG0025434	0	0	0	0	0	0	0	0	0
n/a	OG0025435	0	0	0	0	0	0	0	0	0
n/a	OG0025436	0	0	0	0	0	0	0	0	0
n/a	OG0025437	0	0	0	0	0	0	0	0	0
n/a	OG0025438	0	0	0	0	0	0	0	0	0
n/a	OG0025440	0	0	0	0	0	0	0	0	0
n/a	OG0025442	0	0	0	0	0	0	0	0	0
n/a	OG0025443	0	0	0	0	0	0	0	0	0
n/a	OG0025444	0	0	0	0	0	0	0	0	0
n/a	OG0025445	0	0	0	0	0	0	0	0	0
n/a	OG0025446	0	0	0	0	0	0	0	0	0
n/a	OG0025447	0	0	0	0	0	0	0	0	0
n/a	OG0025448	0	0	0	0	0	0	0	0	0
n/a	OG0025449	0	0	0	0	0	0	0	0	0
n/a	OG0025450	0	0	0	0	0	0	0	0	0
n/a	OG0025451	0	0	0	0	0	0	0	0	0
n/a	OG0025452	0	0	0	0	0	0	0	0	0
n/a	OG0025453	0	0	0	0	0	0	0	0	0
n/a	OG0025454	0	0	0	0	0	0	0	0	0
n/a	OG0025455	0	0	0	0	0	0	0	0	0
n/a	OG0025456	0	0	0	0	0	0	0	0	0
n/a	OG0025457	0	0	0	0	0	0	0	0	0
n/a	OG0025458	0	0	0	0	0	0	0	0	0
n/a	OG0025459	0	0	0	0	0	0	0	0	0
n/a	OG0025460	0	0	0	0	0	0	0	0	0
n/a	OG0025461	0	0	0	0	0	0	0	0	0
n/a	OG0025463	0	0	0	0	0	0	0	0	0
n/a	OG0025464	0	0	0	0	0	0	0	0	0
n/a	OG0025466	0	0	0	0	0	0	0	0	0
n/a	OG0025467	0	0	0	0	0	0	0	0	0
n/a	OG0025468	0	0	0	0	0	0	0	0	0
n/a	OG0025469	0	0	0	0	0	0	0	0	0
n/a	OG0025470	0	0	0	0	0	0	0	0	0
n/a	OG0025471	0	0	0	0	0	0	0	0	0
n/a	OG0025472	0	0	0	0	0	0	0	0	0
n/a	OG0025473	0	0	0	0	0	0	0	0	0
n/a	OG0025474	0	0	0	0	0	0	0	0	0
n/a	OG0025475	0	0	0	0	0	0	0	0	0
n/a	OG0025478	0	0	0	0	0	0	0	0	0
n/a	OG0025479	0	0	0	0	0	0	0	0	0
n/a	OG0025480	0	0	0	0	0	0	0	0	0
n/a	OG0025481	0	0	0	0	0	0	0	0	0
n/a	OG0025482	0	0	0	0	0	0	0	0	0
n/a	OG0025483	0	0	0	0	0	0	0	0	0
n/a	OG0025484	0	0	0	0	0	0	0	0	0
n/a	OG0025485	0	0	0	0	0	0	0	0	0
n/a	OG0025486	0	0	0	0	0	0	0	0	0
n/a	OG0025487	0	0	0	0	0	0	0	0	0
n/a	OG0025488	0	0	0	0	0	0	0	0	0
n/a	OG0025489	0	0	0	0	0	0	0	0	0
n/a	OG0025491	0	0	0	0	0	0	0	0	0
n/a	OG0025493	0	0	0	0	0	0	0	0	0
n/a	OG0025495	0	0	0	0	0	0	0	0	0
n/a	OG0025497	0	0	0	0	0	0	0	0	0
n/a	OG0025498	0	0	0	0	0	0	0	0	0
n/a	OG0025499	0	0	0	0	0	0	0	0	0
n/a	OG0025500	0	0	0	0	0	0	0	0	0
n/a	OG0025502	0	0	0	0	0	0	0	0	0
n/a	OG0025503	0	0	0	0	0	0	0	0	0
n/a	OG0025504	0	0	0	0	0	0	0	0	0
n/a	OG0025505	0	0	0	0	0	0	0	0	0
n/a	OG0025506	0	0	0	0	0	0	0	0	0
n/a	OG0025507	0	0	0	0	0	0	0	0	0
n/a	OG0025508	0	0	0	0	0	0	0	0	0
n/a	OG0025509	0	0	0	0	0	0	0	0	0
n/a	OG0025511	0	0	0	0	0	0	0	0	0
n/a	OG0025512	0	0	0	0	0	0	0	0	0
n/a	OG0025513	0	0	0	0	0	0	0	0	0
n/a	OG0025514	0	0	0	0	0	0	0	0	0
n/a	OG0025515	0	0	0	0	0	0	0	0	0
n/a	OG0025516	0	0	0	0	0	0	0	0	0
n/a	OG0025518	0	0	0	0	0	0	0	0	0
n/a	OG0025519	0	0	0	0	0	0	0	0	0
n/a	OG0025520	0	0	0	0	0	0	0	0	0
n/a	OG0025521	0	0	0	0	0	0	0	0	0
n/a	OG0025522	0	0	0	0	0	0	0	0	0
n/a	OG0025523	0	0	0	0	0	0	0	0	0
n/a	OG0025524	0	0	0	0	0	0	0	0	0
n/a	OG0025525	0	0	0	0	0	0	0	0	0
n/a	OG0025526	0	0	0	0	0	0	0	0	0
n/a	OG0025528	0	0	0	0	0	0	0	0	0
n/a	OG0025529	0	0	0	0	0	0	0	0	0
n/a	OG0025530	0	0	0	0	0	0	0	0	0
n/a	OG0025531	0	0	0	0	0	0	0	0	0
n/a	OG0025533	0	0	0	0	0	0	0	0	0
n/a	OG0025534	0	0	0	0	0	0	0	0	0
n/a	OG0025535	0	0	0	0	0	0	0	0	0
n/a	OG0025536	0	0	0	0	0	0	0	0	0
n/a	OG0025537	0	0	0	0	0	0	0	0	0
n/a	OG0025538	0	0	0	0	0	0	0	0	0
n/a	OG0025540	0	0	0	0	0	0	0	0	0
n/a	OG0025541	0	0	0	0	0	0	0	0	0
n/a	OG0025543	0	0	0	0	0	0	0	0	0
n/a	OG0025545	0	0	0	0	0	0	0	0	0
n/a	OG0025546	0	0	0	0	0	0	0	0	0
n/a	OG0025548	0	0	0	0	0	0	0	0	0
n/a	OG0025549	0	0	0	0	0	0	0	0	0
n/a	OG0025550	0	0	0	0	0	0	0	0	0
n/a	OG0025551	0	0	0	0	0	0	0	0	0
n/a	OG0025552	0	0	0	0	0	0	0	0	0
n/a	OG0025553	0	0	0	0	0	0	0	0	0
n/a	OG0025554	0	0	0	0	0	0	0	0	0
n/a	OG0025555	0	0	0	0	0	0	0	0	0
n/a	OG0025556	0	0	0	0	0	0	0	0	0
n/a	OG0025557	0	0	0	0	0	0	0	0	0
n/a	OG0025558	0	0	0	0	0	0	0	0	0
n/a	OG0025559	0	0	0	0	0	0	0	0	0
n/a	OG0025560	0	0	0	0	0	0	0	0	0
n/a	OG0025562	0	0	0	0	0	0	0	0	0
n/a	OG0025563	0	0	0	0	0	0	0	0	0
n/a	OG0025564	0	0	0	0	0	0	0	0	0
n/a	OG0025565	0	0	0	0	0	0	0	0	0
n/a	OG0025566	0	0	0	0	0	0	0	0	0
n/a	OG0025567	0	0	0	0	0	0	0	0	0
n/a	OG0025568	0	0	0	0	0	0	0	0	0
n/a	OG0025574	0	0	0	0	0	0	0	0	0
n/a	OG0025576	0	0	0	0	0	0	0	0	0
n/a	OG0025577	0	0	0	0	0	0	0	0	0
n/a	OG0025578	0	0	0	0	0	0	0	0	0
n/a	OG0025579	0	0	0	0	0	0	0	0	0
n/a	OG0025580	0	0	0	0	0	0	0	0	0
n/a	OG0025581	0	0	0	0	0	0	0	0	0
n/a	OG0025582	0	0	0	0	0	0	0	0	0
n/a	OG0025583	0	0	0	0	0	0	0	0	0
n/a	OG0025584	0	0	0	0	0	0	0	0	0
n/a	OG0025587	0	0	0	0	0	0	0	0	0
n/a	OG0025588	0	0	0	0	0	0	0	0	0
n/a	OG0025589	0	0	0	0	0	0	0	0	0
n/a	OG0025590	0	0	0	0	0	0	0	0	0
n/a	OG0025591	0	0	0	0	0	0	0	0	0
n/a	OG0025592	0	0	0	0	0	0	0	0	0
n/a	OG0025593	0	0	0	0	0	0	0	0	0
n/a	OG0025594	0	0	0	0	0	0	0	0	0
n/a	OG0025595	0	0	0	0	0	0	0	0	0
n/a	OG0025596	0	0	0	0	0	0	0	0	0
n/a	OG0025597	0	0	0	0	0	0	0	0	0
n/a	OG0025598	0	0	0	0	0	0	0	0	0
n/a	OG0025599	0	0	0	0	0	0	0	0	0
n/a	OG0025600	0	0	0	0	0	0	0	0	0
n/a	OG0025601	0	0	0	0	0	0	0	0	0
n/a	OG0025602	0	0	0	0	0	0	0	0	0
n/a	OG0025603	0	0	0	0	0	0	0	0	0
n/a	OG0025604	0	0	0	0	0	0	0	0	0
n/a	OG0025605	0	0	0	0	0	0	0	0	0
n/a	OG0025606	0	0	0	0	0	0	0	0	0
n/a	OG0025607	0	0	0	0	0	0	0	0	0
n/a	OG0025609	0	0	0	0	0	0	0	0	0
n/a	OG0025610	0	0	0	0	0	0	0	0	0
n/a	OG0025611	0	0	0	0	0	0	0	0	0
n/a	OG0025612	0	0	0	0	0	0	0	0	0
n/a	OG0025613	0	0	0	0	0	0	0	0	0
n/a	OG0025614	0	0	0	0	0	0	0	0	0
n/a	OG0025615	0	0	0	0	0	0	0	0	0
n/a	OG0025616	0	0	0	0	0	0	0	0	0
n/a	OG0025617	0	0	0	0	0	0	0	0	0
n/a	OG0025618	0	0	0	0	0	0	0	0	0
n/a	OG0025619	0	0	0	0	0	0	0	0	0
n/a	OG0025620	0	0	0	0	0	0	0	0	0
n/a	OG0025621	0	0	0	0	0	0	0	0	0
n/a	OG0025623	0	0	0	0	0	0	0	0	0
n/a	OG0025624	0	0	0	0	0	0	0	0	0
n/a	OG0025625	0	0	0	0	0	0	0	0	0
n/a	OG0025626	0	0	0	0	0	0	0	0	0
n/a	OG0025627	0	0	0	0	0	0	0	0	0
n/a	OG0025629	0	0	0	0	0	0	0	0	0
n/a	OG0025630	0	0	0	0	0	0	0	0	0
n/a	OG0025631	0	0	0	0	0	0	0	0	0
n/a	OG0025632	0	0	0	0	0	0	0	0	0
n/a	OG0025633	0	0	0	0	0	0	0	0	0
n/a	OG0025634	0	0	0	0	0	0	0	0	0
n/a	OG0025635	0	0	0	0	0	0	0	0	0
n/a	OG0025636	0	0	0	0	0	0	0	0	0
n/a	OG0025637	0	0	0	0	0	0	0	0	0
n/a	OG0025638	0	0	0	0	0	0	0	0	0
n/a	OG0025639	0	0	0	0	0	0	0	0	0
n/a	OG0025640	0	0	0	0	0	0	0	0	0
n/a	OG0025641	0	0	0	0	0	0	0	0	0
n/a	OG0025642	0	0	0	0	0	0	0	0	0
n/a	OG0025643	0	0	0	0	0	0	0	0	0
n/a	OG0025644	0	0	0	0	0	0	0	0	0
n/a	OG0025645	0	0	0	0	0	0	0	0	0
n/a	OG0025646	0	0	0	0	0	0	0	0	0
n/a	OG0025647	0	0	0	0	0	0	0	0	0
n/a	OG0025648	0	0	0	0	0	0	0	0	0
n/a	OG0025650	0	0	0	0	0	0	0	0	0
n/a	OG0025651	0	0	0	0	0	0	0	0	0
n/a	OG0025652	0	0	0	0	0	0	0	0	0
n/a	OG0025653	0	0	0	0	0	0	0	0	0
n/a	OG0025654	0	0	0	0	0	0	0	0	0
n/a	OG0025655	0	0	0	0	0	0	0	0	0
n/a	OG0025656	0	0	0	0	0	0	0	0	0
n/a	OG0025657	0	0	0	0	0	0	0	0	0
n/a	OG0025658	0	0	0	0	0	0	0	0	0
n/a	OG0025659	0	0	0	0	0	0	0	0	0
n/a	OG0025660	0	0	0	0	0	0	0	0	0
n/a	OG0025661	0	0	0	0	0	0	0	0	0
n/a	OG0025662	0	0	0	0	0	0	0	0	0
n/a	OG0025663	0	0	0	0	0	0	0	0	0
n/a	OG0025664	0	0	0	0	0	0	0	0	0
n/a	OG0025665	0	0	0	0	0	0	0	0	0
n/a	OG0025666	0	0	0	0	0	0	0	0	0
n/a	OG0025667	0	0	0	0	0	0	0	0	0
n/a	OG0025669	0	0	0	0	0	0	0	0	0
n/a	OG0025670	0	0	0	0	0	0	0	0	0
n/a	OG0025672	0	0	0	0	0	0	0	0	0
n/a	OG0025673	0	0	0	0	0	0	0	0	0
n/a	OG0025674	0	0	0	0	0	0	0	0	0
n/a	OG0025675	0	0	0	0	0	0	0	0	0
n/a	OG0025676	0	0	0	0	0	0	0	0	0
n/a	OG0025677	0	0	0	0	0	0	0	0	0
n/a	OG0025678	0	0	0	0	0	0	0	0	0
n/a	OG0025679	0	0	0	0	0	0	0	0	0
n/a	OG0025680	0	0	0	0	0	0	0	0	0
n/a	OG0025681	0	0	0	0	0	0	0	0	0
n/a	OG0025682	0	0	0	0	0	0	0	0	0
n/a	OG0025683	0	0	0	0	0	0	0	0	0
n/a	OG0025684	0	0	0	0	0	0	0	0	0
n/a	OG0025685	0	0	0	0	0	0	0	0	0
n/a	OG0025686	0	0	0	0	0	0	0	0	0
n/a	OG0025687	0	0	0	0	0	0	0	0	0
n/a	OG0025688	0	0	0	0	0	0	0	0	0
n/a	OG0025689	0	0	0	0	0	0	0	0	0
n/a	OG0025690	0	0	0	0	0	0	0	0	0
n/a	OG0025691	0	0	0	0	0	0	0	0	0
n/a	OG0025692	0	0	0	0	0	0	0	0	0
n/a	OG0025693	0	0	0	0	0	0	0	0	0
n/a	OG0025694	0	0	0	0	0	0	0	0	0
n/a	OG0025695	0	0	0	0	0	0	0	0	0
n/a	OG0025697	0	0	0	0	0	0	0	0	0
n/a	OG0025698	0	0	0	0	0	0	0	0	0
n/a	OG0025699	0	0	0	0	0	0	0	0	0
n/a	OG0025700	0	0	0	0	0	0	0	0	0
n/a	OG0025701	0	0	0	0	0	0	0	0	0
n/a	OG0025702	0	0	0	0	0	0	0	0	0
n/a	OG0025703	0	0	0	0	0	0	0	0	0
n/a	OG0025704	0	0	0	0	0	0	0	0	0
n/a	OG0025705	0	0	0	0	0	0	0	0	0
n/a	OG0025706	0	0	0	0	0	0	0	0	0
n/a	OG0025707	0	0	0	0	0	0	0	0	0
n/a	OG0025708	0	0	0	0	0	0	0	0	0
n/a	OG0025710	0	0	0	0	0	0	0	0	0
n/a	OG0025711	0	0	0	0	0	0	0	0	0
n/a	OG0025712	0	0	0	0	0	0	0	0	0
n/a	OG0025713	0	0	0	0	0	0	0	0	0
n/a	OG0025714	0	0	0	0	0	0	0	0	0
n/a	OG0025715	0	0	0	0	0	0	0	0	0
n/a	OG0025716	0	0	0	0	0	0	0	0	0
n/a	OG0025717	0	0	0	0	0	0	0	0	0
n/a	OG0025718	0	0	0	0	0	0	0	0	0
n/a	OG0025719	0	0	0	0	0	0	0	0	0
n/a	OG0025720	0	0	0	0	0	0	0	0	0
n/a	OG0025721	0	0	0	0	0	0	0	0	0
n/a	OG0025722	0	0	0	0	0	0	0	0	0
n/a	OG0025723	0	0	0	0	0	0	0	0	0
n/a	OG0025724	0	0	0	0	0	0	0	0	0
n/a	OG0025725	0	0	0	0	0	0	0	0	0
n/a	OG0025726	0	0	0	0	0	0	0	0	0
n/a	OG0025727	0	0	0	0	0	0	0	0	0
n/a	OG0025730	0	0	0	0	0	0	0	0	0
n/a	OG0025732	0	0	0	0	0	0	0	0	0
n/a	OG0025733	0	0	0	0	0	0	0	0	0
n/a	OG0025734	0	0	0	0	0	0	0	0	0
n/a	OG0025735	0	0	0	0	0	0	0	0	0
n/a	OG0025736	0	0	0	0	0	0	0	0	0
n/a	OG0025737	0	0	0	0	0	0	0	0	0
n/a	OG0025738	0	0	0	0	0	0	0	0	0
n/a	OG0025740	0	0	0	0	0	0	0	0	0
n/a	OG0025741	0	0	0	0	0	0	0	0	0
n/a	OG0025742	0	0	0	0	0	0	0	0	0
n/a	OG0025743	0	0	0	0	0	0	0	0	0
n/a	OG0025744	0	0	0	0	0	0	0	0	0
n/a	OG0025745	0	0	0	0	0	0	0	0	0
n/a	OG0025746	0	0	0	0	0	0	0	0	0
n/a	OG0025747	0	0	0	0	0	0	0	0	0
n/a	OG0025748	0	0	0	0	0	0	0	0	0
n/a	OG0025749	0	0	0	0	0	0	0	0	0
n/a	OG0025750	0	0	0	0	0	0	0	0	0
n/a	OG0025751	0	0	0	0	0	0	0	0	0
n/a	OG0025752	0	0	0	0	0	0	0	0	0
n/a	OG0025753	0	0	0	0	0	0	0	0	0
n/a	OG0025754	0	0	0	0	0	0	0	0	0
n/a	OG0025755	0	0	0	0	0	0	0	0	0
n/a	OG0025756	0	0	0	0	0	0	0	0	0
n/a	OG0025757	0	0	0	0	0	0	0	0	0
n/a	OG0025758	0	0	0	0	0	0	0	0	0
n/a	OG0025759	0	0	0	0	0	0	0	0	0
n/a	OG0025760	0	0	0	0	0	0	0	0	0
n/a	OG0025761	0	0	0	0	0	0	0	0	0
n/a	OG0025762	0	0	0	0	0	0	0	0	0
n/a	OG0025763	0	0	0	0	0	0	0	0	0
n/a	OG0025764	0	0	0	0	0	0	0	0	0
n/a	OG0025765	0	0	0	0	0	0	0	0	0
n/a	OG0025766	0	0	0	0	0	0	0	0	0
n/a	OG0025767	0	0	0	0	0	0	0	0	0
n/a	OG0025768	0	0	0	0	0	0	0	0	0
n/a	OG0025769	0	0	0	0	0	0	0	0	0
n/a	OG0025772	0	0	0	0	0	0	0	0	0
n/a	OG0025774	0	0	0	0	0	0	0	0	0
n/a	OG0025775	0	0	0	0	0	0	0	0	0
n/a	OG0025776	0	0	0	0	0	0	0	0	0
n/a	OG0025779	0	0	0	0	0	0	0	0	0
n/a	OG0025782	0	0	0	0	0	0	0	0	0
n/a	OG0025783	0	0	0	0	0	0	0	0	0
n/a	OG0025784	0	0	0	0	0	0	0	0	0
n/a	OG0025785	0	0	0	0	0	0	0	0	0
n/a	OG0025786	0	0	0	0	0	0	0	0	0
n/a	OG0025787	0	0	0	0	0	0	0	0	0
n/a	OG0025788	0	0	0	0	0	0	0	0	0
n/a	OG0025789	0	0	0	0	0	0	0	0	0
n/a	OG0025790	0	0	0	0	0	0	0	0	0
n/a	OG0025791	0	0	0	0	0	0	0	0	0
n/a	OG0025792	0	0	0	0	0	0	0	0	0
n/a	OG0025793	0	0	0	0	0	0	0	0	0
n/a	OG0025794	0	0	0	0	0	0	0	0	0
n/a	OG0025795	0	0	0	0	0	0	0	0	0
n/a	OG0025796	0	0	0	0	0	0	0	0	0
n/a	OG0025797	0	0	0	0	0	0	0	0	0
n/a	OG0025798	0	0	0	0	0	0	0	0	0
n/a	OG0025799	0	0	0	0	0	0	0	0	0
n/a	OG0025800	0	0	0	0	0	0	0	0	0
n/a	OG0025801	0	0	0	0	0	0	0	0	0
n/a	OG0025802	0	0	0	0	0	0	0	0	0
n/a	OG0025803	0	0	0	0	0	0	0	0	0
n/a	OG0025804	0	0	0	0	0	0	0	0	0
n/a	OG0025805	0	0	0	0	0	0	0	0	0
n/a	OG0025806	0	0	0	0	0	0	0	0	0
n/a	OG0025809	0	0	0	0	0	0	0	0	0
n/a	OG0025810	0	0	0	0	0	0	0	0	0
n/a	OG0025811	0	0	0	0	0	0	0	0	0
n/a	OG0025813	0	0	0	0	0	0	0	0	0
n/a	OG0025814	0	0	0	0	0	0	0	0	0
n/a	OG0025815	0	0	0	0	0	0	0	0	0
n/a	OG0025816	0	0	0	0	0	0	0	0	0
n/a	OG0025818	0	0	0	0	0	0	0	0	0
n/a	OG0025820	0	0	0	0	0	0	0	0	0
n/a	OG0025821	0	0	0	0	0	0	0	0	0
n/a	OG0025822	0	0	0	0	0	0	0	0	0
n/a	OG0025823	0	0	0	0	0	0	0	0	0
n/a	OG0025824	0	0	0	0	0	0	0	0	0
n/a	OG0025825	0	0	0	0	0	0	0	0	0
n/a	OG0025826	0	0	0	0	0	0	0	0	0
n/a	OG0025827	0	0	0	0	0	0	0	0	0
n/a	OG0025828	0	0	0	0	0	0	0	0	0
n/a	OG0025829	0	0	0	0	0	0	0	0	0
n/a	OG0025830	0	0	0	0	0	0	0	0	0
n/a	OG0025831	0	0	0	0	0	0	0	0	0
n/a	OG0025833	0	0	0	0	0	0	0	0	0
n/a	OG0025834	0	0	0	0	0	0	0	0	0
n/a	OG0025835	0	0	0	0	0	0	0	0	0
n/a	OG0025836	0	0	0	0	0	0	0	0	0
n/a	OG0025837	0	0	0	0	0	0	0	0	0
n/a	OG0025838	0	0	0	0	0	0	0	0	0
n/a	OG0025839	0	0	0	0	0	0	0	0	0
n/a	OG0025840	0	0	0	0	0	0	0	0	0
n/a	OG0025841	0	0	0	0	0	0	0	0	0
n/a	OG0025842	0	0	0	0	0	0	0	0	0
n/a	OG0025843	0	0	0	0	0	0	0	0	0
n/a	OG0025844	0	0	0	0	0	0	0	0	0
n/a	OG0025845	0	0	0	0	0	0	0	0	0
n/a	OG0025846	0	0	0	0	0	0	0	0	0
n/a	OG0025848	0	0	0	0	0	0	0	0	0
n/a	OG0025849	0	0	0	0	0	0	0	0	0
n/a	OG0025850	0	0	0	0	0	0	0	0	0
n/a	OG0025851	0	0	0	0	0	0	0	0	0
n/a	OG0025853	0	0	0	0	0	0	0	0	0
n/a	OG0025854	0	0	0	0	0	0	0	0	0
n/a	OG0025855	0	0	0	0	0	0	0	0	0
n/a	OG0025856	0	0	0	0	0	0	0	0	0
n/a	OG0025857	0	0	0	0	0	0	0	0	0
n/a	OG0025859	0	0	0	0	0	0	0	0	0
n/a	OG0025860	0	0	0	0	0	0	0	0	0
n/a	OG0025861	0	0	0	0	0	0	0	0	0
n/a	OG0025862	0	0	0	0	0	0	0	0	0
n/a	OG0025863	0	0	0	0	0	0	0	0	0
n/a	OG0025864	0	0	0	0	0	0	0	0	0
n/a	OG0025865	0	0	0	0	0	0	0	0	0
n/a	OG0025866	0	0	0	0	0	0	0	0	0
n/a	OG0025867	0	0	0	0	0	0	0	0	0
n/a	OG0025868	0	0	0	0	0	0	0	0	0
n/a	OG0025869	0	0	0	0	0	0	0	0	0
n/a	OG0025870	0	0	0	0	0	0	0	0	0
n/a	OG0025871	0	0	0	0	0	0	0	0	0
n/a	OG0025872	0	0	0	0	0	0	0	0	0
n/a	OG0025873	0	0	0	0	0	0	0	0	0
n/a	OG0025874	0	0	0	0	0	0	0	0	0
n/a	OG0025875	0	0	0	0	0	0	0	0	0
n/a	OG0025877	0	0	0	0	0	0	0	0	0
n/a	OG0025878	0	0	0	0	0	0	0	0	0
n/a	OG0025879	0	0	0	0	0	0	0	0	0
n/a	OG0025880	0	0	0	0	0	0	0	0	0
n/a	OG0025881	0	0	0	0	0	0	0	0	0
n/a	OG0025882	0	0	0	0	0	0	0	0	0
n/a	OG0025883	0	0	0	0	0	0	0	0	0
n/a	OG0025884	0	0	0	0	0	0	0	0	0
n/a	OG0025886	0	0	0	0	0	0	0	0	0
n/a	OG0025887	0	0	0	0	0	0	0	0	0
n/a	OG0025888	0	0	0	0	0	0	0	0	0
n/a	OG0025889	0	0	0	0	0	0	0	0	0
n/a	OG0025890	0	0	0	0	0	0	0	0	0
n/a	OG0025891	0	0	0	0	0	0	0	0	0
n/a	OG0025892	0	0	0	0	0	0	0	0	0
n/a	OG0025893	0	0	0	0	0	0	0	0	0
n/a	OG0025896	0	0	0	0	0	0	0	0	0
n/a	OG0025897	0	0	0	0	0	0	0	0	0
n/a	OG0025898	0	0	0	0	0	0	0	0	0
n/a	OG0025899	0	0	0	0	0	0	0	0	0
n/a	OG0025900	0	0	0	0	0	0	0	0	0
n/a	OG0025902	0	0	0	0	0	0	0	0	0
n/a	OG0025903	0	0	0	0	0	0	0	0	0
n/a	OG0025904	0	0	0	0	0	0	0	0	0
n/a	OG0025905	0	0	0	0	0	0	0	0	0
n/a	OG0025906	0	0	0	0	0	0	0	0	0
n/a	OG0025907	0	0	0	0	0	0	0	0	0
n/a	OG0025908	0	0	0	0	0	0	0	0	0
n/a	OG0025909	0	0	0	0	0	0	0	0	0
n/a	OG0025910	0	0	0	0	0	0	0	0	0
n/a	OG0025911	0	0	0	0	0	0	0	0	0
n/a	OG0025913	0	0	0	0	0	0	0	0	0
n/a	OG0025914	0	0	0	0	0	0	0	0	0
n/a	OG0025915	0	0	0	0	0	0	0	0	0
n/a	OG0025916	0	0	0	0	0	0	0	0	0
n/a	OG0025918	0	0	0	0	0	0	0	0	0
n/a	OG0025919	0	0	0	0	0	0	0	0	0
n/a	OG0025920	0	0	0	0	0	0	0	0	0
n/a	OG0025921	0	0	0	0	0	0	0	0	0
n/a	OG0025922	0	0	0	0	0	0	0	0	0
n/a	OG0025923	0	0	0	0	0	0	0	0	0
n/a	OG0025925	0	0	0	0	0	0	0	0	0
n/a	OG0025927	0	0	0	0	0	0	0	0	1
n/a	OG0025928	0	0	0	0	0	0	0	0	0
n/a	OG0025930	0	0	0	0	0	0	0	0	0
n/a	OG0025933	0	0	0	0	0	0	0	0	0
n/a	OG0025935	0	0	0	0	0	0	0	0	0
n/a	OG0025937	0	0	0	0	0	0	0	0	0
n/a	OG0025938	0	0	0	0	0	0	0	0	1
n/a	OG0025939	0	0	0	0	0	0	0	0	0
n/a	OG0025941	0	0	0	0	0	0	0	0	0
n/a	OG0025943	0	0	0	0	0	0	0	0	0
n/a	OG0025944	0	0	0	0	0	0	0	0	0
n/a	OG0025946	0	0	0	0	0	0	0	0	0
n/a	OG0025947	0	0	0	0	0	0	0	0	0
n/a	OG0025949	0	0	0	0	0	0	0	0	0
n/a	OG0025950	0	0	0	0	0	0	0	0	0
n/a	OG0025951	0	0	0	0	0	0	0	0	0
n/a	OG0025952	0	0	0	0	0	0	0	0	0
n/a	OG0025953	0	0	0	0	0	0	0	0	0
n/a	OG0025954	0	0	0	0	0	0	0	0	0
n/a	OG0025955	0	0	0	0	0	0	0	0	0
n/a	OG0025956	0	0	0	0	0	0	0	0	0
n/a	OG0025959	0	0	0	0	0	0	0	0	0
n/a	OG0025960	0	0	0	0	0	0	0	0	0
n/a	OG0025962	0	0	0	0	0	0	0	0	0
n/a	OG0025963	0	0	0	0	0	0	0	0	0
n/a	OG0025964	0	0	0	0	0	0	0	0	0
n/a	OG0025965	0	0	0	0	0	0	0	0	0
n/a	OG0025966	0	0	0	0	0	0	0	0	0
n/a	OG0025967	0	0	0	0	0	0	0	0	0
n/a	OG0025969	0	0	0	0	0	0	0	0	0
n/a	OG0025970	0	0	0	0	0	0	0	0	0
n/a	OG0025971	0	0	0	0	0	0	0	0	0
n/a	OG0025972	0	0	0	0	0	0	0	0	0
n/a	OG0025973	0	0	0	0	0	0	0	0	0
n/a	OG0025974	0	0	0	0	0	0	0	0	0
n/a	OG0025975	0	0	0	0	0	0	0	0	0
n/a	OG0025976	0	0	0	0	0	0	0	0	0
n/a	OG0025977	0	0	0	0	0	0	0	0	0
n/a	OG0025978	0	0	0	0	0	0	0	0	0
n/a	OG0025979	0	0	0	0	0	0	0	0	0
n/a	OG0025980	0	0	0	0	0	0	0	0	0
n/a	OG0025981	0	0	0	0	0	0	0	0	0
n/a	OG0025982	0	0	0	0	0	0	0	0	0
n/a	OG0025983	0	0	0	0	0	0	0	0	0
n/a	OG0025984	0	0	0	0	0	0	0	0	0
n/a	OG0025985	0	0	0	0	0	0	0	0	0
n/a	OG0025986	0	0	0	0	0	0	0	0	0
n/a	OG0025987	0	0	0	0	0	0	0	0	0
n/a	OG0025988	0	0	0	0	0	0	0	0	0
n/a	OG0025989	0	0	0	0	0	0	0	0	0
n/a	OG0025990	0	0	0	0	0	0	0	0	0
n/a	OG0025991	0	0	0	0	0	0	0	0	0
n/a	OG0025992	0	0	0	0	0	0	0	0	0
n/a	OG0025993	0	0	0	0	0	0	0	0	0
n/a	OG0025994	0	0	0	0	0	0	0	0	0
n/a	OG0025995	0	0	0	0	0	0	0	0	0
n/a	OG0025996	0	0	0	0	0	0	0	0	0
n/a	OG0025997	0	0	0	0	0	0	0	0	0
n/a	OG0025998	0	0	0	0	0	0	0	0	0
n/a	OG0025999	0	0	0	0	0	0	0	0	0
n/a	OG0026002	0	0	0	0	0	0	0	0	0
n/a	OG0026003	0	0	0	0	0	0	0	0	0
n/a	OG0026004	0	0	0	0	0	0	0	0	0
n/a	OG0026005	0	0	0	0	0	0	0	0	0
n/a	OG0026006	0	0	0	0	0	0	0	0	0
n/a	OG0026007	0	0	0	0	0	0	0	0	0
n/a	OG0026008	0	0	0	0	0	0	0	0	0
n/a	OG0026009	0	0	0	0	0	0	0	0	0
n/a	OG0026010	0	0	0	0	0	0	0	0	0
n/a	OG0026011	0	0	0	0	0	0	0	0	0
n/a	OG0026012	0	0	0	0	0	0	0	0	0
n/a	OG0026013	0	0	0	0	0	0	0	0	0
n/a	OG0026014	0	0	0	0	0	0	0	0	0
n/a	OG0026015	0	0	0	0	0	0	0	0	0
n/a	OG0026016	0	0	0	0	0	0	0	0	0
n/a	OG0026017	0	0	0	0	0	0	0	0	0
n/a	OG0026018	0	0	0	0	0	0	0	0	0
n/a	OG0026019	0	0	0	0	0	0	0	0	0
n/a	OG0026020	0	0	0	0	0	0	0	0	0
n/a	OG0026021	0	0	0	0	0	0	0	0	0
n/a	OG0026023	0	0	0	0	0	0	0	0	0
n/a	OG0026024	0	0	0	0	0	0	0	0	0
n/a	OG0026025	0	0	0	0	0	0	0	0	0
n/a	OG0026026	0	0	0	0	0	0	0	0	0
n/a	OG0026027	0	0	0	0	0	0	0	0	0
n/a	OG0026028	0	0	0	0	0	0	0	0	0
n/a	OG0026029	0	0	0	0	0	0	0	0	0
n/a	OG0026030	0	0	0	0	0	0	0	0	0
n/a	OG0026031	0	0	0	0	0	0	0	0	0
n/a	OG0026032	0	0	0	0	0	0	0	0	0
n/a	OG0026033	0	0	0	0	0	0	0	0	0
n/a	OG0026034	0	0	0	0	0	0	0	0	0
n/a	OG0026035	0	0	0	0	0	0	0	0	0
n/a	OG0026036	0	0	0	0	0	0	0	0	0
n/a	OG0026037	0	0	0	0	0	0	0	0	0
n/a	OG0026038	0	0	0	0	0	0	0	0	0
n/a	OG0026039	0	0	0	0	0	0	0	0	0
n/a	OG0026040	0	0	0	0	0	0	0	0	0
n/a	OG0026041	0	0	0	0	0	0	0	0	0
n/a	OG0026042	0	0	0	0	0	0	0	0	0
n/a	OG0026043	0	0	0	0	0	0	0	0	0
n/a	OG0026044	0	0	0	0	0	0	0	0	0
n/a	OG0026045	0	0	0	0	0	0	0	0	0
n/a	OG0026046	0	0	0	0	0	0	0	0	0
n/a	OG0026047	0	0	0	0	0	0	0	0	0
n/a	OG0026048	0	0	0	0	0	0	0	0	0
n/a	OG0026049	0	0	0	0	0	0	0	0	0
n/a	OG0026050	0	0	0	0	0	0	0	0	0
n/a	OG0026051	0	0	0	0	0	0	0	0	0
n/a	OG0026052	0	0	0	0	0	0	0	0	0
n/a	OG0026053	0	0	0	0	0	0	0	0	0
n/a	OG0026054	0	0	0	0	0	0	0	0	0
n/a	OG0026055	0	0	0	0	0	0	0	0	0
n/a	OG0026056	0	0	0	0	0	0	0	0	0
n/a	OG0026057	0	0	0	0	0	0	0	0	0
n/a	OG0026058	0	0	0	0	0	0	0	0	0
n/a	OG0026059	0	0	0	0	0	0	0	0	0
n/a	OG0026060	0	0	0	0	0	0	0	0	0
n/a	OG0026061	0	0	0	0	0	0	0	0	0
n/a	OG0026062	0	0	0	0	0	0	0	0	0
n/a	OG0026063	0	0	0	0	0	0	0	0	0
n/a	OG0026064	0	0	0	0	0	0	0	0	0
n/a	OG0026065	0	0	0	0	0	0	0	0	0
n/a	OG0026066	0	0	0	0	0	0	0	0	0
n/a	OG0026067	0	0	0	0	0	0	0	0	0
n/a	OG0026068	0	0	0	0	0	0	0	0	0
n/a	OG0026069	0	0	0	0	0	0	0	0	0
n/a	OG0026070	0	0	0	0	0	0	0	0	0
n/a	OG0026071	0	0	0	0	0	0	0	0	0
n/a	OG0026072	0	0	0	0	0	0	0	0	0
n/a	OG0026073	0	0	0	0	0	0	0	0	0
n/a	OG0026074	0	0	0	0	0	0	0	0	0
n/a	OG0026075	0	0	0	0	0	0	0	0	0
n/a	OG0026076	0	0	0	0	0	0	0	0	0
n/a	OG0026077	0	0	0	0	0	0	0	0	0
n/a	OG0026078	0	0	0	0	0	0	0	0	0
n/a	OG0026079	0	0	0	0	0	0	0	0	0
n/a	OG0026080	0	0	0	0	0	0	0	0	0
n/a	OG0026081	0	0	0	0	0	0	0	0	0
n/a	OG0026082	0	0	0	0	0	0	0	0	0
n/a	OG0026083	0	0	0	0	0	0	0	0	0
n/a	OG0026084	0	0	0	0	0	0	0	0	0
n/a	OG0026085	0	0	0	0	0	0	0	0	0
n/a	OG0026086	0	0	0	0	0	0	0	0	0
n/a	OG0026087	0	0	0	0	0	0	0	0	0
n/a	OG0026088	0	0	0	0	0	0	0	0	0
n/a	OG0026089	0	0	0	0	0	0	0	0	1
n/a	OG0026090	0	0	0	0	0	0	0	0	0
n/a	OG0026091	0	0	0	0	0	0	0	0	0
n/a	OG0026092	0	0	0	0	0	0	0	0	0
n/a	OG0026093	0	0	0	0	0	0	0	0	0
n/a	OG0026094	0	0	0	0	0	0	0	0	0
n/a	OG0026095	0	0	0	0	0	0	0	0	0
n/a	OG0026096	0	0	0	0	0	0	0	0	0
n/a	OG0026097	0	0	0	0	0	0	0	0	0
n/a	OG0026098	0	0	0	0	0	0	0	0	0
n/a	OG0026099	0	0	0	0	0	0	0	0	0
n/a	OG0026101	0	0	0	0	0	0	0	0	0
n/a	OG0026102	0	0	0	0	0	0	0	0	0
n/a	OG0026103	0	0	0	0	0	0	0	0	0
n/a	OG0026105	0	0	0	0	0	0	0	0	0
n/a	OG0026106	0	0	0	0	0	0	0	0	0
n/a	OG0026107	0	0	0	0	0	0	0	0	0
n/a	OG0026108	0	0	0	0	0	0	0	0	0
n/a	OG0026109	0	0	0	0	0	0	0	0	0
n/a	OG0026110	0	0	0	0	0	0	0	0	0
n/a	OG0026111	0	0	0	0	0	0	0	0	0
n/a	OG0026112	0	0	0	0	0	0	0	0	0
n/a	OG0026114	0	0	0	0	0	0	0	0	0
n/a	OG0026115	0	0	0	0	0	0	0	0	0
n/a	OG0026116	0	0	0	0	0	0	0	0	0
n/a	OG0026117	0	0	0	0	0	0	0	0	0
n/a	OG0026118	0	0	0	0	0	0	0	0	0
n/a	OG0026120	0	0	0	0	0	0	0	0	0
n/a	OG0026121	0	0	0	0	0	0	0	0	0
n/a	OG0026123	0	0	0	0	0	0	0	0	0
n/a	OG0026124	0	0	0	0	0	0	0	0	0
n/a	OG0026126	0	0	0	0	0	0	0	0	0
n/a	OG0026127	0	0	0	0	0	0	0	0	0
n/a	OG0026128	0	0	0	0	0	0	0	0	0
n/a	OG0026129	0	0	0	0	0	0	0	0	0
n/a	OG0026134	0	0	0	0	0	0	0	0	0
n/a	OG0026136	0	0	0	0	0	0	0	0	0
n/a	OG0026138	0	0	0	0	0	0	0	0	0
n/a	OG0026139	0	0	0	0	0	0	0	0	0
n/a	OG0026140	0	0	0	0	0	0	0	0	0
n/a	OG0026142	0	0	0	0	0	0	0	0	0
n/a	OG0026143	0	0	0	0	0	0	0	0	0
n/a	OG0026144	0	0	0	0	0	0	0	0	0
n/a	OG0026145	0	0	0	0	0	0	0	0	0
n/a	OG0026146	0	0	0	0	0	0	0	0	0
n/a	OG0026147	0	0	0	0	0	0	0	0	0
n/a	OG0026148	0	0	0	0	0	0	0	0	0
n/a	OG0026149	0	0	0	0	0	0	0	0	0
n/a	OG0026150	0	0	0	0	0	0	0	0	0
n/a	OG0026151	0	0	0	0	0	0	0	0	0
n/a	OG0026152	0	0	0	0	0	0	0	0	0
n/a	OG0026153	0	0	0	0	0	0	0	0	0
n/a	OG0026154	0	0	0	0	0	0	0	0	0
n/a	OG0026155	0	0	0	0	0	0	0	0	0
n/a	OG0026156	0	0	0	0	0	0	0	0	0
n/a	OG0026158	0	0	0	0	0	0	0	0	0
n/a	OG0026159	0	0	0	0	0	0	0	0	0
n/a	OG0026161	0	0	0	0	0	0	0	0	0
n/a	OG0026162	0	0	0	0	0	0	0	0	0
n/a	OG0026163	0	0	0	0	0	0	0	0	0
n/a	OG0026164	0	0	0	0	0	0	0	0	0
n/a	OG0026167	0	0	0	0	0	0	0	0	0
n/a	OG0026168	0	0	0	0	0	0	0	0	0
n/a	OG0026169	0	0	0	0	0	0	0	0	0
n/a	OG0026170	0	0	0	0	0	0	0	0	0
n/a	OG0026171	0	0	0	0	0	0	0	0	0
n/a	OG0026172	0	0	0	0	0	0	0	0	0
n/a	OG0026173	0	0	0	0	0	0	0	0	0
n/a	OG0026174	0	0	0	0	0	0	0	0	0
n/a	OG0026175	0	0	0	0	0	0	0	0	0
n/a	OG0026176	0	0	0	0	0	0	0	0	0
n/a	OG0026178	0	0	0	0	0	0	0	0	0
n/a	OG0026179	0	0	0	0	0	0	0	0	0
n/a	OG0026181	0	0	0	0	0	0	0	0	0
n/a	OG0026182	0	0	0	0	0	0	0	0	0
n/a	OG0026183	0	0	0	0	0	0	0	0	0
n/a	OG0026184	0	0	0	0	0	0	0	0	0
n/a	OG0026185	0	0	0	0	0	0	0	0	0
n/a	OG0026186	0	0	0	0	0	0	0	0	0
n/a	OG0026187	0	0	0	0	0	0	0	0	0
n/a	OG0026188	0	0	0	0	0	0	0	0	0
n/a	OG0026189	0	0	0	0	0	0	0	0	0
n/a	OG0026190	0	0	0	0	0	0	0	0	0
n/a	OG0026191	0	0	0	0	0	0	0	0	0
n/a	OG0026192	0	0	0	0	0	0	0	0	0
n/a	OG0026193	0	0	0	0	0	0	0	0	0
n/a	OG0026194	0	0	0	0	0	0	0	0	0
n/a	OG0026195	0	0	0	0	0	0	0	0	0
n/a	OG0026196	0	0	0	0	0	0	0	0	0
n/a	OG0026197	0	0	0	0	0	0	0	0	0
n/a	OG0026199	0	0	0	0	0	0	0	0	0
n/a	OG0026200	0	0	0	0	0	0	0	0	0
n/a	OG0026201	0	0	0	0	0	0	0	0	0
n/a	OG0026202	0	0	0	0	0	0	0	0	0
n/a	OG0026203	0	0	0	0	0	0	0	0	0
n/a	OG0026204	0	0	0	0	0	0	0	0	0
n/a	OG0026205	0	0	0	0	0	0	0	0	0
n/a	OG0026206	0	0	0	0	0	0	0	0	0
n/a	OG0026207	0	0	0	0	0	0	0	0	0
n/a	OG0026208	0	0	0	0	0	0	0	0	0
n/a	OG0026209	0	0	0	0	0	0	0	0	0
n/a	OG0026210	0	0	0	0	0	0	0	0	0
n/a	OG0026211	0	0	0	0	0	0	0	0	0
n/a	OG0026213	0	0	0	0	0	0	0	0	0
n/a	OG0026214	0	0	0	0	0	0	0	0	0
n/a	OG0026215	0	0	0	0	0	0	0	0	0
n/a	OG0026216	0	0	0	0	0	0	0	0	0
n/a	OG0026217	0	0	0	0	0	0	0	0	0
n/a	OG0026218	0	0	0	0	0	0	0	0	0
n/a	OG0026219	0	0	0	0	0	0	0	0	0
n/a	OG0026220	0	0	0	0	0	0	0	0	0
n/a	OG0026221	0	0	0	0	0	0	0	0	0
n/a	OG0026222	0	0	0	0	0	0	0	0	0
n/a	OG0026223	0	0	0	0	0	0	0	0	0
n/a	OG0026224	0	0	0	0	0	0	0	0	0
n/a	OG0026225	0	0	0	0	0	0	0	0	0
n/a	OG0026226	0	0	0	0	0	0	0	0	0
n/a	OG0026227	0	0	0	0	0	0	0	0	0
n/a	OG0026228	0	0	0	0	0	0	0	0	0
n/a	OG0026229	0	0	0	0	0	0	0	0	0
n/a	OG0026230	0	0	0	0	0	0	0	0	0
n/a	OG0026231	0	0	0	0	0	0	0	0	0
n/a	OG0026232	0	0	0	0	0	0	0	0	0
n/a	OG0026233	0	0	0	0	0	0	0	0	0
n/a	OG0026234	0	0	0	0	0	0	0	0	0
n/a	OG0026235	0	0	0	0	0	0	0	0	0
n/a	OG0026236	0	0	0	0	0	0	0	0	0
n/a	OG0026238	0	0	0	0	0	0	0	0	0
n/a	OG0026239	0	0	0	0	0	0	0	0	0
n/a	OG0026242	0	0	0	0	0	0	0	0	0
n/a	OG0026245	0	0	0	0	0	0	0	0	0
n/a	OG0026246	0	0	0	0	0	0	0	0	0
n/a	OG0026247	0	0	0	0	0	0	0	0	1
n/a	OG0026248	0	0	0	0	0	0	0	0	0
n/a	OG0026249	0	0	0	0	0	0	0	0	1
n/a	OG0026250	0	0	0	0	0	0	0	0	0
n/a	OG0026252	0	0	0	0	0	0	0	0	0
n/a	OG0026253	0	0	0	0	0	0	0	0	0
n/a	OG0026254	0	0	0	0	0	0	0	0	0
n/a	OG0026256	0	0	0	0	0	0	0	0	0
n/a	OG0026259	0	0	0	0	0	0	0	0	0
n/a	OG0026260	0	0	0	0	0	0	0	0	0
n/a	OG0026261	0	0	0	0	0	0	0	0	0
n/a	OG0026262	0	0	0	0	0	0	0	0	0
n/a	OG0026264	0	0	0	0	0	0	0	0	0
n/a	OG0026265	0	0	0	0	0	0	0	0	0
n/a	OG0026266	0	0	0	0	0	0	0	0	0
n/a	OG0026267	0	0	0	0	0	0	0	0	0
n/a	OG0026268	0	0	0	0	0	0	0	0	0
n/a	OG0026269	0	0	0	0	0	0	0	0	0
n/a	OG0026270	0	0	0	0	0	0	0	0	0
n/a	OG0026271	0	0	0	0	0	0	0	0	0
n/a	OG0026272	0	0	0	0	0	0	0	0	0
n/a	OG0026273	0	0	0	0	0	0	0	0	0
n/a	OG0026274	0	0	0	0	0	0	0	0	0
n/a	OG0026276	0	0	0	0	0	0	0	0	0
n/a	OG0026277	0	0	0	0	0	0	0	0	0
n/a	OG0026278	0	0	0	0	0	0	0	0	0
n/a	OG0026279	0	0	0	0	0	0	0	0	0
n/a	OG0026280	0	0	0	0	0	0	0	0	0
n/a	OG0026282	0	0	0	0	0	0	0	0	0
n/a	OG0026284	0	0	0	0	0	0	0	0	0
n/a	OG0026286	0	0	0	0	0	0	0	0	0
n/a	OG0026288	0	0	0	0	0	0	0	0	0
n/a	OG0026289	0	0	0	0	0	0	0	0	0
n/a	OG0026291	0	0	0	0	0	0	0	0	0
n/a	OG0026292	0	0	0	0	0	0	0	0	0
n/a	OG0026293	0	0	0	0	0	0	0	0	0
n/a	OG0026294	0	0	0	0	0	0	0	0	0
n/a	OG0026295	0	0	0	0	0	0	0	0	0
n/a	OG0026296	0	0	0	0	0	0	0	0	0
n/a	OG0026297	0	0	0	0	0	0	0	0	0
n/a	OG0026298	0	0	0	0	0	0	0	0	0
n/a	OG0026299	0	0	0	0	0	0	0	0	0
n/a	OG0026300	0	0	0	0	0	0	0	0	0
n/a	OG0026301	0	0	0	0	0	0	0	0	0
n/a	OG0026302	0	0	0	0	0	0	0	0	0
n/a	OG0026303	0	0	0	0	0	0	0	0	0
n/a	OG0026304	0	0	0	0	0	0	0	0	0
n/a	OG0026305	0	0	0	0	0	0	0	0	0
n/a	OG0026306	0	0	0	0	0	0	0	0	0
n/a	OG0026308	0	0	0	0	0	0	0	0	0
n/a	OG0026309	0	0	0	0	0	0	0	0	0
n/a	OG0026310	0	0	0	0	0	0	0	0	0
n/a	OG0026311	0	0	0	0	0	0	0	0	0
n/a	OG0026312	0	0	0	0	0	0	0	0	0
n/a	OG0026313	0	0	0	0	0	0	0	0	0
n/a	OG0026314	0	0	0	0	0	0	0	0	0
n/a	OG0026315	0	0	0	0	0	0	0	0	0
n/a	OG0026316	0	0	0	0	0	0	0	0	0
n/a	OG0026317	0	0	0	0	0	0	0	0	0
n/a	OG0026318	0	0	0	0	0	0	0	0	0
n/a	OG0026319	0	0	0	0	0	0	0	0	0
n/a	OG0026320	0	0	0	0	0	0	0	0	0
n/a	OG0026322	0	0	0	0	0	0	0	0	0
n/a	OG0026323	0	0	0	0	0	0	0	0	0
n/a	OG0026324	0	0	0	0	0	0	0	0	0
n/a	OG0026325	0	0	0	0	0	0	0	0	0
n/a	OG0026326	0	0	0	0	0	0	0	0	0
n/a	OG0026327	0	0	0	0	0	0	0	0	0
n/a	OG0026328	0	0	0	0	0	0	0	0	0
n/a	OG0026329	0	0	0	0	0	0	0	0	0
n/a	OG0026330	0	0	0	0	0	0	0	0	0
n/a	OG0026331	0	0	0	0	0	0	0	0	0
n/a	OG0026332	0	0	0	0	0	0	0	0	0
n/a	OG0026333	0	0	0	0	0	0	0	0	0
n/a	OG0026334	0	0	0	0	0	0	0	0	0
n/a	OG0026335	0	0	0	0	0	0	0	0	0
n/a	OG0026336	0	0	0	0	0	0	0	0	0
n/a	OG0026338	0	0	0	0	0	0	0	0	0
n/a	OG0026339	0	0	0	0	0	0	0	0	0
n/a	OG0026340	0	0	0	0	0	0	0	0	0
n/a	OG0026341	0	0	0	0	0	0	0	0	0
n/a	OG0026342	0	0	0	0	0	0	0	0	0
n/a	OG0026343	0	0	0	0	0	0	0	0	0
n/a	OG0026344	0	0	0	0	0	0	0	0	0
n/a	OG0026345	0	0	0	0	0	0	0	0	0
n/a	OG0026346	0	0	0	0	0	0	0	0	0
n/a	OG0026347	0	0	0	0	0	0	0	0	0
n/a	OG0026348	0	0	0	0	0	0	0	0	0
n/a	OG0026349	0	0	0	0	0	0	0	0	0
n/a	OG0026350	0	0	0	0	0	0	0	0	0
n/a	OG0026352	0	0	0	0	0	0	0	0	0
n/a	OG0026353	0	0	0	0	0	0	0	0	0
n/a	OG0026354	0	0	0	0	0	0	0	0	0
n/a	OG0026355	0	0	0	0	0	0	0	0	0
n/a	OG0026356	0	0	0	0	0	0	0	0	0
n/a	OG0026357	0	0	0	0	0	0	0	0	0
n/a	OG0026358	0	0	0	0	0	0	0	0	0
n/a	OG0026359	0	0	0	0	0	0	0	0	0
n/a	OG0026360	0	0	0	0	0	0	0	0	0
n/a	OG0026361	0	0	0	0	0	0	0	0	0
n/a	OG0026362	0	0	0	0	0	0	0	0	0
n/a	OG0026363	0	0	0	0	0	0	0	0	0
n/a	OG0026364	0	0	0	0	0	0	0	0	0
n/a	OG0026365	0	0	0	0	0	0	0	0	0
n/a	OG0026366	0	0	0	0	0	0	0	0	0
n/a	OG0026367	0	0	0	0	0	0	0	0	0
n/a	OG0026368	0	0	0	0	0	0	0	0	0
n/a	OG0026369	0	0	0	0	0	0	0	0	0
n/a	OG0026370	0	0	0	0	0	0	0	0	0
n/a	OG0026371	0	0	0	0	0	0	0	0	0
n/a	OG0026372	0	0	0	0	0	0	0	0	0
n/a	OG0026373	0	0	0	0	0	0	0	0	0
n/a	OG0026374	0	0	0	0	0	0	0	0	0
n/a	OG0026375	0	0	0	0	0	0	0	0	0
n/a	OG0026376	0	0	0	0	0	0	0	0	0
n/a	OG0026377	0	0	0	0	0	0	0	0	0
n/a	OG0026378	0	0	0	0	0	0	0	0	0
n/a	OG0026379	0	0	0	0	0	0	0	0	0
n/a	OG0026380	0	0	0	0	0	0	0	0	0
n/a	OG0026381	0	0	0	0	0	0	0	0	0
n/a	OG0026382	0	0	0	0	0	0	0	0	0
n/a	OG0026383	0	0	0	0	0	0	0	0	0
n/a	OG0026384	0	0	0	0	0	0	0	0	0
n/a	OG0026385	0	0	0	0	0	0	0	0	0
n/a	OG0026386	0	0	0	0	0	0	0	0	0
n/a	OG0026387	0	0	0	0	0	0	0	0	0
n/a	OG0026388	0	0	0	0	0	0	0	0	0
n/a	OG0026389	0	0	0	0	0	0	0	0	0
n/a	OG0026390	0	0	0	0	0	0	0	0	0
n/a	OG0026391	0	0	0	0	0	0	0	0	0
n/a	OG0026392	0	0	0	0	0	0	0	0	0
n/a	OG0026393	0	0	0	0	0	0	0	0	0
n/a	OG0026394	0	0	0	0	0	0	0	0	0
n/a	OG0026395	0	0	0	0	0	0	0	0	0
n/a	OG0026396	0	0	0	0	0	0	0	0	0
n/a	OG0026397	0	0	0	0	0	0	0	0	0
n/a	OG0026398	0	0	0	0	0	0	0	0	0
n/a	OG0026399	0	0	0	0	0	0	0	0	0
n/a	OG0026400	0	0	0	0	0	0	0	0	0
n/a	OG0026401	0	0	0	0	0	0	0	0	0
n/a	OG0026402	0	0	0	0	0	0	0	0	0
n/a	OG0026403	0	0	0	0	0	0	0	0	0
n/a	OG0026404	0	0	0	0	0	0	0	0	0
n/a	OG0026405	0	0	0	0	0	0	0	0	0
n/a	OG0026406	0	0	0	0	0	0	0	0	0
n/a	OG0026407	0	0	0	0	0	0	0	0	0
n/a	OG0026408	0	0	0	0	0	0	0	0	0
n/a	OG0026409	0	0	0	0	0	0	0	0	0
n/a	OG0026410	0	0	0	0	0	0	0	0	0
n/a	OG0026411	0	0	0	0	0	0	0	0	0
n/a	OG0026412	0	0	0	0	0	0	0	0	0
n/a	OG0026413	0	0	0	0	0	0	0	0	0
n/a	OG0026414	0	0	0	0	0	0	0	0	0
n/a	OG0026415	0	0	0	0	0	0	0	0	0
n/a	OG0026416	0	0	0	0	0	0	0	0	0
n/a	OG0026417	0	0	0	0	0	0	0	0	0
n/a	OG0026418	0	0	0	0	0	0	0	0	0
n/a	OG0026419	0	0	0	0	0	0	0	0	0
n/a	OG0026420	0	0	0	0	0	0	0	0	0
n/a	OG0026422	0	0	0	0	0	0	0	0	0
n/a	OG0026423	0	0	0	0	0	0	0	0	0
n/a	OG0026424	0	0	0	0	0	0	0	0	0
n/a	OG0026425	0	0	0	0	0	0	0	0	0
n/a	OG0026426	0	0	0	0	0	0	0	0	0
n/a	OG0026427	0	0	0	0	0	0	0	0	0
n/a	OG0026428	0	0	0	0	0	0	0	0	0
n/a	OG0026429	0	0	0	0	0	0	0	0	0
n/a	OG0026430	0	0	0	0	0	0	0	0	0
n/a	OG0026431	0	0	0	0	0	0	0	0	0
n/a	OG0026432	0	0	0	0	0	0	0	0	0
n/a	OG0026433	0	0	0	0	0	0	0	0	0
n/a	OG0026434	0	0	0	0	0	0	0	0	0
n/a	OG0026435	0	0	0	0	0	0	0	0	0
n/a	OG0026436	0	0	0	0	0	0	0	0	0
n/a	OG0026437	0	0	0	0	0	0	0	0	0
n/a	OG0026438	0	0	0	0	0	0	0	0	0
n/a	OG0026439	0	0	0	0	0	0	0	0	0
n/a	OG0026440	0	0	0	0	0	0	0	0	0
n/a	OG0026441	0	0	0	0	0	0	0	0	0
n/a	OG0026442	0	0	0	0	0	0	0	0	0
n/a	OG0026443	0	0	0	0	0	0	0	0	0
n/a	OG0026445	0	0	0	0	0	0	0	0	0
n/a	OG0026446	0	0	0	0	0	0	0	0	0
n/a	OG0026447	0	0	0	0	0	0	0	0	0
n/a	OG0026448	0	0	0	0	0	0	0	0	0
n/a	OG0026449	0	0	0	0	0	0	0	0	0
n/a	OG0026450	0	0	0	0	0	0	0	0	0
n/a	OG0026452	0	0	0	0	0	0	0	0	0
n/a	OG0026453	0	0	0	0	0	0	0	0	0
n/a	OG0026454	0	0	0	0	0	0	0	0	0
n/a	OG0026455	0	0	0	0	0	0	0	0	0
n/a	OG0026457	0	0	0	0	0	0	0	0	0
n/a	OG0026458	0	0	0	0	0	0	0	0	0
n/a	OG0026460	0	0	0	0	0	0	0	0	0
n/a	OG0026461	0	0	0	0	0	0	0	0	0
n/a	OG0026462	0	0	0	0	0	0	0	0	0
n/a	OG0026463	0	0	0	0	0	0	0	0	0
n/a	OG0026464	0	0	0	0	0	0	0	0	0
n/a	OG0026465	0	0	0	0	0	0	0	0	0
n/a	OG0026467	0	0	0	0	0	0	0	0	0
n/a	OG0026468	0	0	0	0	0	0	0	0	0
n/a	OG0026469	0	0	0	0	0	0	0	0	0
n/a	OG0026470	0	0	0	0	0	0	0	0	0
n/a	OG0026471	0	0	0	0	0	0	0	0	0
n/a	OG0026472	0	0	0	0	0	0	0	0	0
n/a	OG0026473	0	0	0	0	0	0	0	0	0
n/a	OG0026474	0	0	0	0	0	0	0	0	0
n/a	OG0026475	0	0	0	0	0	0	0	0	0
n/a	OG0026476	0	0	0	0	0	0	0	0	0
n/a	OG0026477	0	0	0	0	0	0	0	0	0
n/a	OG0026478	0	0	0	0	0	0	0	0	0
n/a	OG0026480	0	0	0	0	0	0	0	0	0
n/a	OG0026481	0	0	0	0	0	0	0	0	0
n/a	OG0026482	0	0	0	0	0	0	0	0	0
n/a	OG0026483	0	0	0	0	0	0	0	0	0
n/a	OG0026484	0	0	0	0	0	0	0	0	0
n/a	OG0026485	0	0	0	0	0	0	0	0	0
n/a	OG0026486	0	0	0	0	0	0	0	0	0
n/a	OG0026488	0	0	0	0	0	0	0	0	0
n/a	OG0026489	0	0	0	0	0	0	0	0	0
n/a	OG0026491	0	0	0	0	0	0	0	0	0
n/a	OG0026492	0	0	0	0	0	0	0	0	0
n/a	OG0026493	0	0	0	0	0	0	0	0	0
n/a	OG0026494	0	0	0	0	0	0	0	0	0
n/a	OG0026495	0	0	0	0	0	0	0	0	0
n/a	OG0026496	0	0	0	0	0	0	0	0	0
n/a	OG0026498	0	0	0	0	0	0	0	0	0
n/a	OG0026499	0	0	0	0	0	0	0	0	0
n/a	OG0026500	0	0	0	0	0	0	0	0	0
n/a	OG0026501	0	0	0	0	0	0	0	0	0
n/a	OG0026502	0	0	0	0	0	0	0	0	0
n/a	OG0026503	0	0	0	0	0	0	0	0	0
n/a	OG0026504	0	0	0	0	0	0	0	0	0
n/a	OG0026506	0	0	0	0	0	0	0	0	0
n/a	OG0026507	0	0	0	0	0	0	0	0	0
n/a	OG0026509	0	0	0	0	0	0	0	0	0
n/a	OG0026510	0	0	0	0	0	0	0	0	0
n/a	OG0026511	0	0	0	0	0	0	0	0	0
n/a	OG0026512	0	0	0	0	0	0	0	0	0
n/a	OG0026513	0	0	0	0	0	0	0	0	0
n/a	OG0026514	0	0	0	0	0	0	0	0	0
n/a	OG0026515	0	0	0	0	0	0	0	0	0
n/a	OG0026516	0	0	0	0	0	0	0	0	0
n/a	OG0026517	0	0	0	0	0	0	0	0	0
n/a	OG0026518	0	0	0	0	0	0	0	0	0
n/a	OG0026519	0	0	0	0	0	0	0	0	0
n/a	OG0026520	0	0	0	0	0	0	0	0	0
n/a	OG0026521	0	0	0	0	0	0	0	0	0
n/a	OG0026522	0	0	0	0	0	0	0	0	0
n/a	OG0026523	0	0	0	0	0	0	0	0	0
n/a	OG0026524	0	0	0	0	0	0	0	0	0
n/a	OG0026525	0	0	0	0	0	0	0	0	0
n/a	OG0026526	0	0	0	0	0	0	0	0	0
n/a	OG0026527	0	0	0	0	0	0	0	0	0
n/a	OG0026528	0	0	0	0	0	0	0	0	0
n/a	OG0026529	0	0	0	0	0	0	0	0	0
n/a	OG0026530	0	0	0	0	0	0	0	0	0
n/a	OG0026532	0	0	0	0	0	0	0	0	0
n/a	OG0026533	0	0	0	0	0	0	0	0	0
n/a	OG0026534	0	0	0	0	0	0	0	0	0
n/a	OG0026535	0	0	0	0	0	0	0	0	0
n/a	OG0026536	0	0	0	0	0	0	0	0	0
n/a	OG0026537	0	0	0	0	0	0	0	0	0
n/a	OG0026538	0	0	0	0	0	0	0	0	0
n/a	OG0026539	0	0	0	0	0	0	0	0	0
n/a	OG0026540	0	0	0	0	0	0	0	0	0
n/a	OG0026541	0	0	0	0	0	0	0	0	0
n/a	OG0026542	0	0	0	0	0	0	0	0	0
n/a	OG0026543	0	0	0	0	0	0	0	0	0
n/a	OG0026544	0	0	0	0	0	0	0	0	0
n/a	OG0026545	0	0	0	0	0	0	0	0	0
n/a	OG0026546	0	0	0	0	0	0	0	0	0
n/a	OG0026547	0	0	0	0	0	0	0	0	0
n/a	OG0026548	0	0	0	0	0	0	0	0	0
n/a	OG0026549	0	0	0	0	0	0	0	0	0
n/a	OG0026550	0	0	0	0	0	0	0	0	0
n/a	OG0026551	0	0	0	0	0	0	0	0	0
n/a	OG0026552	0	0	0	0	0	0	0	0	0
n/a	OG0026553	0	0	0	0	0	0	0	0	0
n/a	OG0026554	0	0	0	0	0	0	0	0	0
n/a	OG0026555	0	0	0	0	0	0	0	0	0
n/a	OG0026556	0	0	0	0	0	0	0	0	0
n/a	OG0026558	0	0	0	0	0	0	0	0	0
n/a	OG0026559	0	0	0	0	0	0	0	0	0
n/a	OG0026560	0	0	0	0	0	0	0	0	0
n/a	OG0026561	0	0	0	0	0	0	0	0	0
n/a	OG0026562	0	0	0	0	0	0	0	0	0
n/a	OG0026563	0	0	0	0	0	0	0	0	0
n/a	OG0026564	0	0	0	0	0	0	0	0	0
n/a	OG0026565	0	0	0	0	0	0	0	0	0
n/a	OG0026566	0	0	0	0	0	0	0	0	0
n/a	OG0026567	0	0	0	0	0	0	0	0	0
n/a	OG0026568	0	0	0	0	0	0	0	0	0
n/a	OG0026569	0	0	0	0	0	0	0	0	0
n/a	OG0026570	0	0	0	0	0	0	0	0	0
n/a	OG0026571	0	0	0	0	0	0	0	0	0
n/a	OG0026577	0	0	0	0	0	0	0	0	0
n/a	OG0026579	0	0	0	0	0	0	0	0	0
n/a	OG0026585	0	0	0	0	0	0	0	0	0
n/a	OG0026586	0	0	0	0	0	0	0	0	0
n/a	OG0026587	0	0	0	0	0	0	0	0	0
n/a	OG0026589	0	0	0	0	0	0	0	0	0
n/a	OG0026592	0	0	0	0	0	0	0	0	0
n/a	OG0026593	0	0	0	0	0	0	0	0	0
n/a	OG0026594	0	0	0	0	0	0	0	0	0
n/a	OG0026595	0	0	0	0	0	0	0	0	0
n/a	OG0026596	0	0	0	0	0	0	0	0	1
n/a	OG0026597	0	0	0	0	0	0	0	0	0
n/a	OG0026598	0	0	0	0	0	0	0	0	0
n/a	OG0026599	0	0	0	0	0	0	0	0	0
n/a	OG0026600	0	0	0	0	0	0	0	0	0
n/a	OG0026601	0	0	0	0	0	0	0	0	0
n/a	OG0026602	0	0	0	0	0	0	0	0	0
n/a	OG0026603	0	0	0	0	0	0	0	0	0
n/a	OG0026604	0	0	0	0	0	0	0	0	0
n/a	OG0026605	0	0	0	0	0	0	0	0	0
n/a	OG0026606	0	0	0	0	0	0	0	0	0
n/a	OG0026608	0	0	0	0	0	0	0	0	0
n/a	OG0026609	0	0	0	0	0	0	0	0	0
n/a	OG0026610	0	0	0	0	0	0	0	0	0
n/a	OG0026611	0	0	0	0	0	0	0	0	0
n/a	OG0026613	0	0	0	0	0	0	0	0	0
n/a	OG0026616	0	0	0	0	0	0	0	0	0
n/a	OG0026617	0	0	0	0	0	0	0	0	0
n/a	OG0026618	0	0	0	0	0	0	0	0	0
n/a	OG0026622	0	0	0	0	0	0	0	0	0
n/a	OG0026624	0	0	0	0	0	0	0	0	0
n/a	OG0026625	0	0	0	0	0	0	0	0	0
n/a	OG0026627	0	0	0	0	0	0	0	0	0
n/a	OG0026628	0	0	0	0	0	0	0	0	0
n/a	OG0026629	0	0	0	0	0	0	0	0	0
n/a	OG0026637	0	0	0	0	0	0	0	0	1
n/a	OG0026655	0	0	0	0	0	0	0	0	1
n/a	OG0026673	0	0	0	0	0	0	0	0	1
n/a	OG0026745	0	0	0	0	0	0	0	0	1
n/a	OG0026813	0	0	0	0	0	0	0	0	1
n/a	OG0026852	0	0	0	0	0	0	0	0	1
n/a	OG0026861	0	0	0	0	0	0	0	0	1
