FamilyID	Arabidopsis_thaliana<1>	Zea_mays<2>	Sorghum_bicolor<3>	Oryza_sativa<4>	Brachypodium_distachyon<5>	Avena_sativa<6>	Hordeum_vulgare<7>	Triticum_aestivum<8>	Triticum_turgidum<9>	<10>	<11>	<12>	<13>	<14>	<15>	<16>	<17>
OG0000024	4	24	33	19	40	28	35	28	26	6	23	26	24	29	29	29	28
OG0000027	19	24	31	19	15	23	56	25	24	7	20	25	20	21	23	27	25
OG0000032	15	19	27	19	11	28	26	30	24	7	19	21	19	20	24	26	26
OG0000035	4	21	31	22	26	26	19	25	24	5	22	23	22	24	24	23	24
OG0000036	23	23	25	12	13	28	24	24	24	7	17	23	17	18	23	24	24
OG0000038	3	18	16	23	16	21	23	33	30	4	18	17	19	20	21	24	30
OG0000044	4	0	5	16	47	21	42	11	42	4	10	5	16	28	28	33	33
OG0000046	1	9	30	22	8	26	21	22	22	4	18	18	18	18	21	21	22
OG0000050	2	4	10	18	17	21	15	27	26	4	12	9	15	18	19	19	26
OG0000051	5	7	20	28	19	12	17	26	26	5	17	16	18	18	18	19	26
OG0000055	2	2	7	5	10	12	26	32	35	3	6	5	6	10	13	26	32
OG0000056	47	3	5	19	9	16	14	19	24	7	9	5	12	12	14	15	19
OG0000063	1	7	7	13	13	21	13	22	27	3	9	7	12	14	16	17	22
OG0000067	1	9	15	16	11	19	16	20	24	3	13	13	14	15	17	17	20
OG0000069	20	8	7	17	24	21	13	16	16	7	11	8	15	18	18	16	16
OG0000070	6	10	13	10	14	13	21	22	25	5	11	11	11	14	14	21	22
OG0000071	3	9	11	10	15	22	16	20	20	4	10	10	11	15	18	18	20
OG0000073	32	17	16	21	13	14	15	14	14	7	15	16	15	14	14	14	14
OG0000074	6	12	12	8	11	14	35	20	20	5	11	12	11	12	14	20	20
OG0000075	1	13	15	16	11	15	14	23	22	3	14	14	14	14	15	16	22
OG0000077	3	7	10	16	16	20	13	19	20	4	11	10	14	16	17	17	19
OG0000080	1	3	11	10	15	19	17	21	20	3	10	9	11	15	17	18	20
OG0000082	22	7	10	14	10	14	21	18	19	7	11	10	12	12	14	18	18
OG0000083	2	14	12	4	9	18	18	21	20	3	10	12	10	12	16	18	20
OG0000092	18	7	7	15	10	14	14	18	22	7	10	7	12	12	13	14	18
OG0000094	35	10	14	22	11	7	17	16	16	7	12	12	12	12	12	16	16
OG0000096	1	15	4	6	9	17	16	21	21	3	8	8	8	11	15	17	21
OG0000099	11	8	20	8	9	14	18	20	14	6	10	11	10	11	14	17	17
OG0000102	38	0	12	24	12	15	4	15	12	7	11	10	12	12	12	12	12
OG0000105	15	9	11	9	9	17	14	18	15	6	10	10	10	11	14	14	15
OG0000106	1	8	13	15	16	16	18	19	14	3	12	12	14	16	16	17	17
OG0000121	16	17	13	10	6	23	0	12	10	7	10	13	10	10	10	9	10
OG0000128	8	19	14	9	10	13	17	13	12	6	11	14	11	11	13	13	13
OG0000129	3	15	15	9	8	16	0	17	16	4	10	14	10	10	11	11	16
OG0000130	4	4	7	8	7	14	20	19	16	4	7	7	8	9	13	17	17
OG0000136	8	11	9	10	7	16	25	10	14	6	10	10	10	11	14	15	14
OG0000137	3	13	13	11	12	1	19	21	20	4	12	13	12	12	12	19	20
OG0000138	5	20	7	6	59	7	30	5	6	4	10	10	10	13	12	12	6
OG0000142	6	11	9	4	11	13	15	17	14	5	9	9	9	11	13	15	15
OG0000144	5	13	18	12	7	12	10	14	14	5	12	14	12	12	12	12	14
OG0000145	11	0	16	7	15	13	10	15	15	6	9	9	9	13	13	13	15
OG0000146	1	1	4	10	10	10	9	21	22	2	6	4	8	10	10	11	21
OG0000147	1	2	3	30	7	15	40	1	20	2	7	3	12	13	15	19	18
OG0000148	11	9	9	10	8	14	9	17	12	6	9	9	9	10	11	11	12
OG0000149	1	4	1	1	15	19	10	18	14	2	3	3	3	13	13	13	14
OG0000150	1	3	4	9	9	11	14	20	20	2	6	4	8	10	11	14	20
OG0000152	8	13	15	10	14	12	0	16	14	6	12	13	12	12	12	11	14
OG0000153	1	2	0	0	5	15	30	12	25	1	2	2	2	6	14	21	21
OG0000154	8	6	5	10	4	17	19	13	14	6	8	6	9	9	13	14	14
OG0000156	1	9	14	7	14	8	19	17	13	3	10	10	10	12	12	16	16
OG0000159	16	5	9	4	5	7	15	20	15	5	6	6	6	6	7	15	15
OG0000165	1	2	2	17	14	26	8	9	6	2	6	2	12	13	13	9	9
OG0000166	5	10	12	8	10	12	13	14	13	4	10	10	10	11	12	13	13
OG0000168	2	5	3	4	7	18	19	13	14	3	5	5	5	8	13	14	14
OG0000169	9	5	5	13	4	13	13	16	12	6	8	5	9	9	12	13	13
OG0000170	1	0	4	1	42	5	88	0	4	2	3	2	3	8	8	10	3
OG0000174	1	1	14	11	16	17	6	11	12	3	10	9	11	13	13	11	11
OG0000177	1	1	5	6	6	18	4	17	14	2	5	5	6	7	10	10	14
OG0000178	9	4	6	2	14	12	61	3	6	5	6	6	6	12	12	13	6
OG0000182	1	15	6	1	21	13	13	11	12	3	8	8	8	13	13	13	12
OG0000183	1	1	11	11	12	17	10	12	10	3	9	8	10	12	12	11	11
OG0000185	8	11	9	14	7	14	10	11	9	6	10	10	10	10	10	10	10
OG0000192	1	7	8	8	6	19	6	11	11	3	8	8	8	8	10	10	11
OG0000196	28	3	8	0	9	11	7	12	12	6	6	6	6	9	9	9	12
OG0000198	3	9	11	6	7	0	12	20	21	3	7	9	7	7	7	12	20
OG0000199	13	3	6	10	4	13	7	15	12	6	8	6	8	8	9	9	12
OG0000202	3	1	18	13	14	9	41	8	4	4	11	11	12	12	12	13	8
OG0000206	3	52	6	7	6	6	16	4	12	3	7	12	7	7	7	10	10
OG0000207	4	8	8	8	8	12	14	12	12	4	8	8	8	9	11	12	12
OG0000210	2	6	6	4	8	9	13	16	14	3	6	6	6	8	9	13	14
OG0000211	8	3	6	6	12	12	8	13	14	5	7	6	7	11	11	11	13
OG0000212	1	0	0	1	17	7	21	13	22	1	1	0	2	11	11	17	17
OG0000214	6	12	10	10	10	13	10	11	7	5	10	10	10	10	10	10	10
OG0000215	16	6	10	6	8	13	0	12	12	6	8	8	8	9	9	9	12
OG0000216	1	8	12	5	14	10	15	12	10	3	8	9	8	11	11	12	12
OG0000219	31	14	13	19	22	0	9	9	4	7	13	13	13	12	9	9	9
OG0000222	1	9	22	12	5	2	9	14	16	3	8	11	8	7	7	9	14
OG0000223	3	11	19	7	7	12	12	10	8	4	9	12	9	9	10	10	10
OG0000224	4	0	1	1	12	16	53	5	2	3	3	1	3	12	14	14	5
OG0000228	17	3	12	5	11	7	11	14	8	6	8	8	8	9	9	11	11
OG0000229	34	2	7	2	3	6	0	14	14	5	4	4	4	4	5	5	14
OG0000231	2	3	8	2	9	10	19	14	11	3	5	5	5	9	10	13	13
OG0000234	6	4	3	6	9	8	10	15	15	4	6	4	6	8	8	10	15
OG0000235	1	8	7	7	7	13	11	12	10	2	7	7	7	8	11	11	11
OG0000237	1	0	2	0	9	12	0	16	19	1	2	2	2	9	9	9	16
OG0000238	2	5	6	13	9	4	14	16	14	3	7	6	9	9	9	14	14
OG0000243	1	3	11	22	25	4	37	0	11	3	11	10	14	15	14	15	11
OG0000245	12	6	11	6	9	12	8	9	7	6	8	8	8	9	9	8	8
OG0000247	20	1	1	3	6	8	5	14	14	4	4	1	4	6	7	7	14
OG0000248	8	8	6	5	6	8	10	13	12	5	6	7	6	7	8	10	12
OG0000253	7	3	3	4	5	9	9	16	12	4	4	3	4	6	8	9	12
OG0000254	7	3	8	13	9	8	6	10	14	5	8	7	8	8	8	8	10
OG0000255	1	15	16	13	14	0	10	14	9	3	12	15	12	11	10	10	10
OG0000257	5	5	13	7	7	7	11	12	11	4	7	7	7	7	7	11	11
OG0000258	1	6	9	3	8	14	10	10	8	2	6	7	6	8	10	10	10
OG0000259	1	6	6	1	7	14	8	12	10	2	5	6	5	7	9	9	10
OG0000260	1	0	0	0	0	8	82	6	1	1	1	0	1	1	7	10	6
OG0000263	4	8	6	2	8	14	12	11	6	4	6	6	6	9	11	11	11
OG0000265	1	4	6	5	4	7	8	16	14	2	5	5	5	5	7	8	14
OG0000269	1	5	4	4	7	16	1	12	9	2	5	5	5	7	8	8	9
OG0000270	4	9	13	12	8	8	10	10	7	4	9	10	9	9	9	9	9
OG0000272	2	7	8	6	7	5	14	13	12	3	7	7	7	7	7	12	12
OG0000273	15	9	13	7	7	10	6	7	6	6	7	9	7	7	7	6	6
OG0000274	5	6	12	6	9	6	12	11	10	4	7	7	7	8	8	11	11
OG0000275	2	10	18	5	7	10	9	8	10	3	8	11	8	8	9	9	9
OG0000278	11	2	3	6	11	12	8	9	8	5	6	3	6	9	9	8	8
OG0000284	1	1	3	1	4	14	9	13	10	1	2	2	2	5	9	9	10
OG0000286	1	0	2	4	7	7	10	14	16	2	3	2	4	7	7	10	14
OG0000287	5	6	14	12	2	6	6	13	10	4	7	8	7	6	6	6	10
OG0000288	12	2	8	5	8	7	6	12	10	5	6	6	6	7	7	7	10
OG0000289	2	3	7	4	6	11	9	14	8	3	5	5	5	7	9	9	9
OG0000291	14	9	19	7	6	10	3	7	4	6	7	10	7	7	7	5	5
OG0000292	1	6	14	9	8	7	0	12	12	3	8	8	8	8	8	8	12
OG0000293	1	11	11	7	9	7	10	9	10	3	9	11	9	9	9	10	10
OG0000295	2	4	7	1	9	8	11	12	11	3	5	5	5	8	8	11	11
OG0000298	5	9	2	3	6	8	14	11	10	4	5	5	5	6	8	11	11
OG0000299	12	2	4	4	6	9	13	8	11	4	5	4	5	7	9	10	10
OG0000300	14	5	6	3	6	7	0	13	11	5	5	5	5	6	6	6	11
OG0000301	4	2	5	2	8	12	4	11	10	3	4	4	4	8	8	8	10
OG0000302	2	2	2	3	6	8	20	12	10	2	3	2	3	6	8	12	12
OG0000303	2	10	6	3	4	4	8	15	14	2	4	6	4	4	4	8	14
OG0000307	1	3	8	11	8	0	15	15	11	2	7	7	8	8	8	13	13
OG0000308	3	3	2	4	4	7	10	15	10	3	4	3	4	5	7	10	10
OG0000313	4	8	6	5	8	9	11	9	8	4	7	7	7	8	9	9	9
OG0000314	5	3	6	6	7	10	8	8	10	4	6	6	6	7	8	8	8
OG0000316	1	3	9	2	10	10	10	8	10	2	5	5	5	10	10	10	10
OG0000317	6	36	1	4	5	4	17	6	7	4	5	7	5	5	5	7	7
OG0000321	2	7	15	3	7	7	9	8	10	3	6	8	6	7	7	9	9
OG0000322	2	3	2	2	3	10	9	13	10	2	3	3	3	4	8	9	10
OG0000323	7	6	11	7	9	9	4	8	8	5	7	8	7	8	8	8	8
OG0000324	6	4	8	5	4	6	16	9	12	4	5	5	5	5	6	11	11
OG0000328	2	6	6	3	12	7	9	10	10	3	6	6	6	8	8	9	10
OG0000329	2	1	1	4	5	8	9	14	12	2	3	1	4	6	8	9	12
OG0000330	7	5	5	7	7	8	11	10	7	5	7	5	7	7	8	9	9
OG0000331	3	11	12	9	7	6	10	8	8	4	8	11	8	8	8	8	8
OG0000332	3	7	7	7	6	10	9	11	4	3	7	7	7	7	9	9	9
OG0000333	7	3	15	9	9	6	8	7	10	5	8	8	8	8	8	8	8
OG0000336	4	5	7	6	7	8	11	9	8	4	6	6	6	7	8	9	9
OG0000337	5	6	6	5	3	9	11	10	7	4	6	6	6	6	8	9	9
OG0000338	8	8	10	4	6	5	9	10	9	5	6	8	6	6	6	9	9
OG0000339	1	4	6	7	7	6	9	13	8	2	6	6	6	7	7	9	9
OG0000344	1	14	2	59	20	2	0	0	2	3	12	11	13	11	3	1	1
OG0000345	1	4	11	6	3	6	7	12	10	2	6	6	6	6	6	7	10
OG0000351	1	0	1	7	9	16	39	0	0	2	4	1	6	9	11	11	0
OG0000352	1	2	4	1	7	9	7	11	11	2	3	3	3	7	8	8	11
OG0000359	1	7	7	7	7	8	10	8	8	2	7	7	7	7	8	8	8
OG0000360	3	2	3	1	3	14	6	10	8	3	3	3	3	4	7	7	8
OG0000361	3	7	9	7	10	6	10	8	8	3	7	8	7	8	8	8	8
OG0000362	2	2	6	3	15	12	6	8	5	3	5	4	5	9	9	7	7
OG0000363	1	5	8	7	3	9	12	9	7	2	6	6	6	7	8	9	9
OG0000364	2	8	9	9	4	5	8	10	10	3	7	8	7	6	6	8	10
OG0000365	3	4	3	3	4	13	6	8	8	3	4	4	4	5	7	7	8
OG0000366	5	4	6	5	7	8	6	10	8	4	5	5	5	7	7	7	8
OG0000370	1	11	1	0	1	3	7	15	14	1	2	2	2	2	3	7	14
OG0000371	4	2	5	2	3	7	11	12	9	3	4	4	4	4	7	10	10
OG0000372	1	4	6	9	4	8	7	10	8	2	6	6	6	6	7	7	8
OG0000375	1	0	1	2	27	1	20	15	0	1	2	1	2	9	9	12	12
OG0000376	9	0	1	2	3	7	11	12	9	3	2	1	2	4	7	10	10
OG0000377	4	8	8	4	7	7	9	10	6	4	7	8	7	7	7	8	8
OG0000378	3	2	2	3	2	9	8	12	9	3	3	2	3	3	7	8	9
OG0000379	1	2	8	6	4	4	18	10	10	2	5	5	5	5	5	10	10
OG0000383	3	3	4	5	7	6	10	11	8	3	5	4	5	7	7	9	9
OG0000384	2	2	2	7	2	6	7	12	12	2	3	2	5	5	6	7	12
OG0000385	1	3	3	3	3	10	12	10	8	2	3	3	3	4	9	10	10
OG0000386	1	3	2	6	6	9	10	11	6	2	4	3	6	6	8	9	9
OG0000387	5	1	4	3	3	4	4	12	15	3	3	3	3	3	4	5	12
OG0000388	3	6	12	4	5	8	7	9	6	3	6	7	6	6	7	7	7
OG0000397	2	0	2	0	9	7	1	12	12	2	2	2	2	7	7	7	12
OG0000405	2	6	6	4	7	7	10	8	8	3	6	6	6	7	7	8	8
OG0000406	3	8	5	5	5	10	8	7	6	3	6	6	6	6	7	7	7
OG0000407	3	5	5	2	4	5	14	10	9	3	4	5	4	4	5	10	10
OG0000408	4	5	6	2	5	8	7	10	8	3	5	5	5	6	7	7	8
OG0000415	1	0	2	8	71	3	3	0	1	2	4	2	6	6	4	3	1
OG0000416	2	10	11	4	7	6	5	9	6	3	6	10	6	6	6	6	6
OG0000417	1	0	0	3	70	1	12	2	1	1	2	0	3	5	5	5	2
OG0000418	2	6	6	6	8	6	12	8	7	3	6	6	6	7	7	8	8
OG0000419	3	4	4	3	4	5	16	11	8	3	4	4	4	4	5	10	10
OG0000422	6	3	2	2	5	6	10	12	8	3	3	3	3	5	6	9	9
OG0000423	2	3	2	4	5	7	9	10	10	2	4	3	4	5	7	9	10
OG0000424	1	7	5	9	6	9	6	7	7	2	7	7	7	7	7	7	7
OG0000425	1	5	8	5	3	8	7	10	7	2	5	5	5	5	7	7	7
OG0000428	22	1	0	0	1	1	37	9	0	3	1	1	1	1	1	8	8
OG0000429	5	13	7	4	6	7	7	7	4	4	6	8	6	6	7	7	7
OG0000430	82	1	1	1	1	1	1	1	0	5	1	1	1	1	1	1	1
OG0000431	2	4	7	3	5	8	7	9	7	3	5	5	5	6	7	7	7
OG0000433	1	3	8	3	3	10	4	8	10	2	4	4	4	4	6	6	8
OG0000434	8	6	6	7	7	5	5	8	8	5	6	6	6	6	6	6	8
OG0000435	1	2	5	4	4	8	4	9	10	2	4	4	4	5	6	6	9
OG0000436	1	7	10	5	5	6	6	9	8	2	6	7	6	6	6	6	8
OG0000440	3	1	2	7	10	6	8	10	6	3	4	2	6	7	7	8	8
OG0000441	3	3	2	5	3	5	6	12	9	3	4	3	4	4	5	6	9
OG0000442	5	3	3	2	5	6	9	11	7	3	3	3	3	5	6	8	8
OG0000443	1	2	2	2	4	5	8	11	12	1	2	2	2	4	5	8	11
OG0000444	5	5	12	9	6	4	7	7	7	4	6	7	6	6	6	7	7
OG0000445	3	6	7	5	5	6	8	8	8	3	6	6	6	6	6	8	8
OG0000447	4	1	1	14	7	19	1	1	1	3	5	1	7	7	7	1	1
OG0000448	7	6	8	14	5	7	0	6	6	5	7	7	7	6	6	6	6
OG0000449	5	1	2	1	2	7	0	12	11	2	2	2	2	2	4	4	11
OG0000453	1	26	21	15	24	0	1	0	0	3	13	21	13	12	1	1	0
OG0000454	14	3	7	1	5	9	9	5	5	4	5	5	5	5	6	6	5
OG0000455	4	5	6	4	4	5	7	9	9	3	5	5	5	5	5	7	9
OG0000460	1	3	6	2	6	6	7	10	8	2	4	4	4	6	6	7	8
OG0000461	5	6	6	6	4	6	8	8	6	4	6	6	6	6	6	7	7
OG0000462	1	1	4	11	4	5	4	11	8	2	5	4	5	5	5	5	8
OG0000466	2	7	6	7	6	7	7	8	5	3	7	7	7	7	7	7	7
OG0000467	4	9	8	3	5	6	8	8	4	4	6	8	6	6	6	7	7
OG0000468	3	13	6	1	5	9	4	6	6	3	5	7	5	5	6	6	6
OG0000469	3	6	6	3	6	8	7	7	6	3	5	6	5	6	7	7	7
OG0000470	2	6	7	10	8	7	5	5	8	3	7	7	7	7	7	6	6
OG0000474	4	4	2	0	5	5	29	1	12	3	3	3	3	5	5	11	11
OG0000475	1	0	2	5	9	2	4	10	15	2	3	2	4	5	5	5	10
OG0000476	1	9	4	2	5	7	9	8	6	2	5	5	5	6	7	8	8
OG0000479	3	2	4	1	9	6	5	8	9	3	3	3	3	6	6	6	8
OG0000480	3	4	5	4	7	6	8	7	8	3	5	5	5	6	6	7	7
OG0000481	1	2	2	4	4	6	7	10	8	2	3	2	4	5	6	7	8
OG0000482	2	2	4	1	3	5	8	9	12	2	3	3	3	3	5	8	9
OG0000488	7	2	14	9	7	2	2	12	1	5	6	6	6	5	3	3	3
OG0000489	1	8	0	0	1	5	2	8	16	1	2	2	2	2	4	4	8
OG0000490	7	8	10	5	6	6	4	6	5	5	6	8	6	6	6	5	5
OG0000491	12	3	4	6	4	9	4	6	4	4	5	4	5	5	5	5	5
OG0000492	7	2	5	2	9	3	7	11	6	4	4	4	4	6	6	7	7
OG0000496	1	2	2	1	3	4	11	12	8	1	2	2	2	3	4	9	9
OG0000497	2	6	6	3	6	5	8	7	8	3	5	6	5	6	6	7	7
OG0000498	2	10	6	6	6	6	6	6	6	3	6	7	6	6	6	6	6
OG0000499	2	4	9	2	4	9	5	7	5	2	4	5	4	4	5	5	5
OG0000500	1	3	4	2	8	5	13	9	6	2	4	4	4	6	6	8	8
OG0000502	6	6	6	7	8	5	12	5	5	4	6	6	6	6	6	6	5
OG0000503	4	2	1	5	5	8	10	8	3	3	4	2	5	6	7	7	7
OG0000504	1	6	7	3	9	9	4	5	4	2	6	6	6	7	7	5	5
OG0000511	3	1	3	2	3	5	6	10	10	2	3	2	3	3	5	6	10
OG0000512	5	9	6	4	3	4	4	7	8	3	4	6	4	4	4	4	7
OG0000513	5	7	10	4	6	6	4	6	5	4	6	7	6	6	6	5	5
OG0000514	4	8	7	6	6	6	5	6	5	4	6	7	6	6	6	5	5
OG0000515	3	8	8	3	5	5	5	8	6	3	5	8	5	5	5	5	6
OG0000517	14	0	9	4	48	0	5	0	0	4	5	5	5	5	3	3	0
OG0000519	4	9	7	6	6	5	6	6	6	4	6	7	6	6	6	6	6
OG0000520	1	4	6	2	1	6	2	8	11	2	3	4	3	3	4	4	8
OG0000521	6	5	5	6	5	3	8	8	7	4	5	5	5	5	5	7	7
OG0000527	14	1	1	8	1	8	3	6	4	4	4	1	4	4	4	4	4
OG0000528	1	9	9	4	4	4	5	7	8	2	4	9	4	4	4	5	7
OG0000529	2	4	6	6	6	7	5	6	5	3	6	6	6	6	6	5	5
OG0000530	25	0	0	10	1	10	6	0	4	5	5	0	5	5	5	5	4
OG0000531	1	4	6	4	4	6	7	7	8	2	5	5	5	5	6	7	7
OG0000532	4	11	6	5	5	5	6	6	5	3	5	6	5	5	5	6	6
OG0000539	8	3	4	1	6	5	5	7	8	3	4	4	4	5	5	5	7
OG0000540	3	10	8	3	6	5	6	6	6	3	6	8	6	6	6	6	6
OG0000541	11	5	5	7	6	3	7	6	6	5	6	5	6	6	6	6	6
OG0000542	3	5	3	5	4	7	6	7	6	3	5	5	5	5	6	6	6
OG0000543	4	5	3	3	4	4	8	9	6	3	4	4	4	4	4	7	7
OG0000544	8	4	5	5	2	4	0	8	10	4	4	4	4	4	4	4	8
OG0000545	14	1	3	2	2	7	6	6	6	4	3	3	3	3	6	6	6
OG0000546	5	4	9	5	4	5	6	6	6	4	5	5	5	5	5	6	6
OG0000547	2	6	9	6	3	5	6	7	6	3	5	6	5	5	5	6	6
OG0000548	6	7	5	4	3	4	7	8	4	3	4	5	4	4	4	6	6
OG0000549	2	7	7	5	4	4	6	8	6	3	5	7	5	5	5	6	6
OG0000550	1	2	7	7	3	4	6	8	10	2	4	4	4	4	4	6	8
OG0000551	3	4	5	7	5	6	0	7	8	3	5	5	5	5	5	5	7
OG0000552	1	8	11	4	5	5	6	6	6	2	5	8	5	5	5	6	6
OG0000559	1	4	5	1	5	4	8	8	9	2	4	4	4	5	5	8	8
OG0000560	4	9	5	5	4	5	5	7	6	3	5	6	5	5	5	5	6
OG0000561	2	8	7	7	5	5	5	7	4	3	6	7	6	5	5	5	5
OG0000562	2	2	6	1	1	4	8	9	10	2	2	2	2	2	4	8	9
OG0000563	1	5	1	0	5	4	5	10	10	2	3	3	3	4	4	5	10
OG0000571	1	3	3	6	3	6	9	6	7	2	4	3	4	5	6	7	7
OG0000572	6	11	2	2	2	6	13	4	4	3	4	4	4	4	5	5	4
OG0000573	4	6	7	6	5	5	6	6	6	3	6	6	6	6	6	6	6
OG0000582	1	8	6	2	6	0	5	13	4	2	4	6	4	4	4	5	5
OG0000586	4	20	5	4	5	4	4	4	4	3	4	6	4	4	4	4	4
OG0000587	1	4	4	3	4	6	7	8	5	2	4	4	4	5	6	7	7
OG0000588	4	4	6	5	2	3	6	8	8	3	4	4	4	4	4	6	8
OG0000589	2	3	9	5	5	3	0	9	8	3	5	5	5	5	5	5	8
OG0000590	1	4	4	5	5	8	7	6	4	2	5	4	5	5	6	6	6
OG0000597	8	3	5	2	3	2	21	7	4	3	3	3	3	3	3	7	7
OG0000598	5	6	5	5	6	4	6	6	6	4	5	5	5	5	5	6	6
OG0000599	2	1	2	4	5	4	8	10	4	2	3	2	4	5	5	7	7
OG0000601	4	5	4	3	3	5	4	8	6	3	4	4	4	4	4	5	6
OG0000602	5	5	5	4	4	6	6	6	6	4	5	5	5	5	6	6	6
OG0000603	5	1	1	3	2	8	2	8	6	3	3	1	3	3	4	4	6
OG0000604	5	2	1	0	1	9	5	7	6	2	2	2	2	2	5	5	6
OG0000605	1	1	3	7	4	5	6	8	8	2	4	3	5	5	5	6	8
OG0000606	2	8	7	4	3	6	5	6	4	3	5	7	5	5	5	5	5
OG0000611	5	6	6	2	5	8	5	5	2	4	5	6	5	5	5	5	5
OG0000612	1	11	6	5	27	2	7	1	3	2	6	7	6	6	5	5	3
OG0000613	2	2	3	5	2	5	10	6	8	2	4	3	4	4	5	7	7
OG0000614	2	8	5	5	4	7	6	5	4	3	5	5	5	5	5	5	5
OG0000618	3	3	9	7	4	6	5	5	4	3	5	5	5	5	5	5	5
OG0000619	1	3	6	3	4	6	8	6	6	2	4	4	4	5	6	6	6
OG0000620	14	4	11	3	3	3	5	5	4	4	4	5	4	4	4	5	5
OG0000621	9	1	6	6	3	3	7	7	6	4	4	4	4	4	4	6	6
OG0000622	3	21	5	5	4	4	4	3	4	3	5	7	5	4	4	4	4
OG0000623	2	3	2	3	10	4	6	7	6	2	3	3	3	6	6	6	6
OG0000624	3	4	5	4	6	5	5	6	6	3	4	4	4	5	5	5	6
OG0000636	3	0	0	17	0	3	34	0	3	2	3	0	3	3	3	4	3
OG0000637	8	6	4	3	4	4	5	6	6	4	4	4	4	4	4	5	6
OG0000638	1	3	3	2	2	7	7	6	6	2	3	3	3	3	6	6	6
OG0000639	4	5	4	4	4	4	4	7	6	3	4	4	4	4	4	4	6
OG0000640	2	11	8	5	5	4	5	5	4	3	5	8	5	5	5	5	5
OG0000642	2	4	3	6	3	6	2	7	6	2	4	4	4	4	4	4	6
OG0000643	1	3	5	4	2	5	7	7	6	2	4	4	4	4	5	6	6
OG0000644	1	5	9	3	6	2	3	9	6	2	4	5	4	4	4	4	6
OG0000649	1	4	5	4	5	4	10	6	6	2	4	4	4	5	5	6	6
OG0000650	5	4	6	3	4	4	6	6	6	3	4	4	4	4	4	6	6
OG0000651	3	16	6	5	4	4	4	4	4	3	5	7	5	4	4	4	4
OG0000652	1	5	7	2	4	3	5	7	8	2	4	5	4	4	4	5	7
OG0000658	6	7	7	8	7	4	4	4	2	4	6	7	6	6	4	4	4
OG0000660	4	8	6	5	5	4	6	5	4	3	5	6	5	5	5	5	5
OG0000661	2	6	6	5	5	5	5	5	4	3	5	6	5	5	5	5	5
OG0000662	2	3	6	5	5	6	0	7	6	3	5	5	5	5	5	5	6
OG0000663	4	6	3	12	3	4	6	5	4	3	5	5	5	5	5	5	5
OG0000664	3	6	10	3	2	7	3	4	4	3	4	6	4	4	4	4	4
OG0000665	9	8	8	3	3	5	5	4	4	4	5	8	4	4	4	4	4
OG0000666	2	8	5	4	6	5	5	5	5	3	5	5	5	5	5	5	5
OG0000667	8	5	4	6	4	5	6	4	4	4	5	5	5	5	5	5	4
OG0000668	1	5	6	5	5	4	5	6	6	2	5	5	5	5	5	5	6
OG0000669	2	7	5	3	5	5	6	5	5	3	5	5	5	5	5	5	5
OG0000676	3	3	3	4	3	7	8	5	4	3	4	3	4	4	5	5	5
OG0000677	2	4	4	3	6	7	5	5	5	2	4	4	4	5	5	5	5
OG0000678	2	3	2	2	2	2	12	7	8	2	2	2	2	2	2	8	8
OG0000679	2	6	5	4	4	6	5	5	4	3	5	5	5	5	5	5	5
OG0000680	3	4	7	4	4	5	5	5	5	3	5	5	5	5	5	5	5
OG0000681	1	3	3	2	2	2	8	9	8	1	2	3	2	2	2	8	8
OG0000682	4	8	4	6	3	5	6	4	5	3	5	5	5	5	5	5	5
OG0000683	5	3	3	3	2	6	5	3	9	3	3	3	3	3	5	5	5
OG0000690	1	0	0	0	0	2	13	11	8	1	1	0	1	1	2	9	9
OG0000691	5	4	3	3	4	7	4	5	4	3	4	4	4	4	4	4	4
OG0000692	3	6	4	4	5	5	5	5	5	3	5	5	5	5	5	5	5
OG0000693	3	7	6	4	5	4	5	5	5	3	5	6	5	5	5	5	5
OG0000694	2	3	4	5	4	7	5	5	4	2	4	4	4	4	5	5	5
OG0000695	1	2	2	11	4	3	5	6	8	2	3	2	4	4	4	5	6
OG0000696	2	6	3	4	5	6	4	5	6	2	4	4	4	5	5	5	5
OG0000703	1	7	4	3	4	5	5	6	6	2	4	4	4	4	5	5	6
OG0000705	6	3	6	4	3	4	6	5	6	3	4	4	4	4	4	5	5
OG0000706	6	13	6	7	5	0	5	5	4	4	6	7	6	5	5	5	5
OG0000707	3	5	4	4	5	5	5	5	4	3	4	4	4	5	5	5	5
OG0000708	65	0	1	0	0	0	0	0	0	5	1	1	0	0	0	0	0
OG0000709	1	0	0	1	0	2	2	11	12	1	1	0	1	1	2	2	11
OG0000710	4	5	5	6	5	5	5	5	4	3	5	5	5	5	5	5	5
OG0000711	1	10	5	4	5	4	5	5	4	2	5	6	5	5	5	5	5
OG0000712	3	6	5	2	3	2	3	8	7	3	3	5	3	3	3	3	7
OG0000721	3	9	6	2	4	4	5	5	4	3	4	6	4	4	4	5	5
OG0000722	4	4	3	3	3	3	6	7	6	3	3	3	3	3	3	6	6
OG0000723	6	4	2	1	3	4	7	6	6	3	3	3	3	3	4	6	6
OG0000724	1	4	6	5	5	4	5	5	6	2	5	5	5	5	5	5	5
OG0000725	9	4	4	4	4	4	4	5	4	4	4	4	4	4	4	4	4
OG0000726	3	4	4	2	5	5	6	5	6	3	4	4	4	5	5	6	6
OG0000727	1	1	1	0	2	8	8	6	5	1	1	1	1	2	6	6	6
OG0000734	2	3	5	6	5	4	5	5	5	3	5	5	5	5	5	5	5
OG0000735	5	2	5	5	5	4	4	5	6	3	4	4	4	4	4	4	5
OG0000736	9	2	5	6	5	5	4	5	2	4	5	5	5	5	5	4	4
OG0000737	4	5	5	1	3	6	5	6	2	3	4	5	4	4	5	5	5
OG0000738	4	1	1	2	3	8	3	5	6	2	2	1	2	3	4	4	5
OG0000739	4	3	5	4	3	7	5	4	4	3	4	4	4	4	4	4	4
OG0000740	4	6	4	3	4	5	10	3	4	3	4	4	4	4	5	5	4
OG0000741	1	4	3	7	5	6	4	4	4	2	5	4	5	5	5	4	4
OG0000742	5	9	5	2	5	5	4	4	4	4	5	6	5	5	5	4	4
OG0000743	1	4	5	5	6	4	6	5	5	2	5	5	5	5	5	5	5
OG0000744	4	6	8	3	2	6	3	4	4	3	4	6	4	4	4	4	4
OG0000745	1	5	4	4	2	4	5	7	4	2	4	4	4	4	4	5	5
OG0000746	1	2	5	5	5	4	5	6	6	2	5	5	5	5	5	5	6
OG0000747	1	3	3	5	2	5	6	6	6	2	4	3	4	4	5	6	6
OG0000762	1	4	5	4	5	5	6	5	4	2	4	4	4	5	5	5	5
OG0000763	5	6	7	2	2	2	6	6	6	3	3	6	3	3	3	6	6
OG0000764	1	11	4	4	4	4	4	5	4	2	4	5	4	4	4	4	4
OG0000765	3	5	5	3	4	4	5	5	5	3	4	5	4	4	4	5	5
OG0000766	8	1	3	4	3	4	3	6	4	3	4	3	4	4	4	4	4
OG0000767	1	4	6	1	4	6	4	5	4	2	4	4	4	4	4	4	4
OG0000768	2	5	4	4	4	5	6	5	4	2	4	4	4	4	5	5	5
OG0000769	2	3	2	9	4	4	5	6	5	2	4	3	4	4	4	5	5
OG0000770	2	4	5	2	2	8	4	5	2	2	3	4	3	3	4	4	4
OG0000771	3	2	4	2	5	7	6	4	4	3	3	3	3	5	5	5	4
OG0000772	1	6	6	4	4	5	4	5	4	2	4	6	4	4	4	4	4
OG0000773	2	2	2	4	5	5	6	6	6	2	3	2	4	5	5	6	6
OG0000774	1	1	2	1	2	7	1	8	4	1	2	2	2	2	3	3	4
OG0000775	2	6	1	1	7	4	0	7	6	2	3	3	3	4	4	4	6
OG0000786	2	21	0	0	5	2	0	7	4	2	2	3	2	2	2	2	4
OG0000787	14	3	2	2	2	4	5	5	4	4	3	3	3	3	4	5	5
OG0000788	1	3	3	5	2	4	8	5	7	2	4	3	4	4	4	6	6
OG0000789	2	6	3	3	3	4	7	6	5	2	4	4	4	4	4	6	6
OG0000790	4	12	4	6	4	4	4	3	4	3	4	5	4	4	4	4	4
OG0000791	2	6	5	5	4	4	9	4	4	2	4	5	4	4	4	4	4
OG0000792	7	3	4	4	4	5	4	5	4	4	4	4	4	4	4	4	4
OG0000793	1	6	4	3	4	4	5	6	5	2	4	4	4	4	4	5	5
OG0000794	1	0	0	0	0	8	2	6	8	1	1	0	1	1	4	4	6
OG0000795	3	8	6	4	5	5	3	4	4	3	5	6	5	5	5	4	4
OG0000796	6	3	2	7	3	3	4	6	5	3	4	3	4	4	4	4	5
OG0000797	1	2	3	3	4	4	7	8	4	2	3	3	3	4	4	6	6
OG0000798	2	2	3	2	3	5	4	6	6	2	3	3	3	3	4	4	6
OG0000809	3	5	5	6	5	4	5	4	4	3	5	5	5	5	5	5	4
OG0000810	3	3	5	5	6	0	7	6	6	3	5	5	5	5	5	6	6
OG0000811	4	3	5	5	5	5	3	5	3	3	5	5	5	5	5	4	4
OG0000812	5	4	3	5	3	6	3	4	4	3	4	4	4	4	4	4	4
OG0000813	2	4	3	2	3	4	5	6	6	2	3	3	3	3	4	5	6
OG0000814	6	6	2	1	3	4	5	5	6	3	3	3	3	3	4	5	5
OG0000815	2	4	5	3	4	4	5	5	5	2	4	4	4	4	4	5	5
OG0000816	1	7	4	4	5	4	0	5	6	2	4	4	4	4	4	4	5
OG0000817	1	3	4	4	2	4	6	6	6	2	4	4	4	4	4	6	6
OG0000818	1	3	3	2	3	5	5	6	5	2	3	3	3	3	5	5	5
OG0000819	2	7	4	2	3	5	5	6	3	2	4	4	4	4	5	5	5
OG0000820	1	21	3	16	5	1	1	3	2	2	6	7	6	5	2	2	2
OG0000821	1	0	1	0	2	4	7	8	6	1	1	1	1	2	4	7	7
OG0000835	3	3	4	5	4	4	4	4	6	3	4	4	4	4	4	4	4
OG0000836	1	51	1	1	1	0	1	1	1	1	1	4	1	1	1	1	1
OG0000837	2	5	3	4	5	8	3	4	2	2	4	4	4	4	4	3	3
OG0000838	2	6	5	5	5	4	5	4	4	3	5	5	5	5	5	5	4
OG0000839	3	4	4	5	4	5	4	4	4	3	4	4	4	4	4	4	4
OG0000840	2	6	4	5	4	4	5	5	4	2	4	4	4	4	4	5	5
OG0000841	2	1	2	2	2	6	9	5	5	2	2	2	2	3	5	5	5
OG0000842	1	4	3	4	5	5	4	5	5	2	4	4	4	5	5	5	5
OG0000843	1	3	3	4	3	6	3	5	5	2	4	3	4	4	4	4	5
OG0000850	6	3	3	1	5	4	4	6	4	3	3	3	3	4	4	4	4
OG0000851	4	4	4	5	4	3	6	5	4	3	4	4	4	4	4	5	5
OG0000852	3	4	3	3	3	3	6	6	6	3	3	3	3	3	3	6	6
OG0000853	3	6	8	1	3	2	3	6	6	3	3	6	3	3	3	3	6
OG0000854	6	6	4	4	3	4	4	5	4	3	4	4	4	4	4	4	4
OG0000855	1	6	4	5	4	5	4	4	4	2	4	4	4	4	4	4	4
OG0000856	3	3	4	2	2	5	7	5	4	3	3	3	3	3	5	5	5
OG0000857	3	6	5	3	5	4	4	4	4	3	4	5	4	4	4	4	4
OG0000858	1	3	4	7	5	6	5	4	2	2	5	4	5	5	5	5	4
OG0000859	4	6	9	6	4	3	5	4	2	3	5	6	5	4	4	4	4
OG0000874	4	5	4	3	4	1	5	7	5	3	4	4	4	4	4	5	5
OG0000875	1	2	2	1	2	0	6	9	8	1	2	2	2	2	2	6	8
OG0000876	1	8	4	4	4	5	4	4	4	2	4	5	4	4	4	4	4
OG0000877	2	4	5	2	4	5	4	5	4	2	4	4	4	4	4	4	4
OG0000878	1	0	0	0	0	1	6	11	8	1	1	0	1	1	1	6	8
OG0000879	2	7	5	5	4	4	4	4	4	2	4	5	4	4	4	4	4
OG0000880	4	2	4	4	4	4	5	5	5	3	4	4	4	4	4	5	5
OG0000881	11	5	5	3	3	4	4	3	4	4	4	5	4	4	4	4	4
OG0000882	2	4	2	3	2	5	8	5	4	2	3	3	3	3	5	5	5
OG0000883	4	7	4	2	5	4	6	4	4	3	4	4	4	4	4	4	4
OG0000884	2	5	8	6	4	3	3	4	4	2	4	5	4	4	4	4	4
OG0000885	1	1	4	2	2	4	8	7	4	1	2	2	2	2	4	6	6
OG0000886	2	3	6	1	2	5	6	6	4	2	3	3	3	3	5	5	5
OG0000887	7	0	1	3	1	3	3	7	6	3	3	1	3	3	3	3	6
OG0000888	3	7	4	6	4	4	4	4	3	3	4	4	4	4	4	4	4
OG0000889	1	27	3	2	3	2	2	3	3	2	3	5	3	3	3	3	3
OG0000894	2	6	6	3	3	4	4	4	4	2	4	6	4	4	4	4	4
OG0000895	2	6	4	3	5	3	4	5	4	2	4	4	4	4	4	4	4
OG0000896	1	4	6	4	5	3	5	5	4	2	4	4	4	4	4	5	5
OG0000897	6	3	5	4	4	4	4	4	4	3	4	4	4	4	4	4	4
OG0000898	3	4	3	3	5	4	3	4	6	3	4	4	4	4	4	4	4
OG0000899	1	0	0	0	0	5	0	8	8	1	1	0	1	1	3	3	8
OG0000900	5	1	2	2	4	3	5	7	4	3	3	2	3	4	4	5	5
OG0000901	2	3	3	6	4	6	4	4	4	2	4	3	4	4	4	4	4
OG0000902	3	7	4	3	4	4	4	4	4	3	4	4	4	4	4	4	4
OG0000903	3	4	3	4	3	3	5	4	6	3	4	4	4	4	4	5	5
OG0000904	1	3	3	2	3	3	8	5	6	2	3	3	3	3	3	6	6
OG0000905	2	2	2	2	2	5	5	5	6	2	2	2	2	3	5	5	5
OG0000906	1	7	4	4	4	4	0	5	4	2	4	4	4	4	4	4	4
OG0000907	1	0	0	1	5	1	0	8	12	1	1	0	1	2	2	2	8
OG0000923	5	4	4	3	4	5	4	4	4	3	4	4	4	4	4	4	4
OG0000924	2	10	7	6	6	2	4	3	4	3	5	7	5	5	4	4	4
OG0000925	3	4	4	3	4	7	4	3	2	3	4	4	4	4	4	4	3
OG0000926	1	1	2	1	2	4	2	8	6	1	2	2	2	2	3	3	6
OG0000927	2	11	9	2	4	4	2	3	3	2	4	9	4	4	4	3	3
OG0000928	6	7	4	3	3	3	4	4	4	3	3	4	3	3	3	4	4
OG0000929	1	8	7	5	4	2	6	4	4	2	5	7	5	4	4	4	4
OG0000930	1	5	5	3	4	5	4	4	4	2	4	5	4	4	4	4	4
OG0000931	2	13	4	4	6	3	3	3	3	2	4	5	4	4	3	3	3
OG0000932	6	1	2	0	1	5	1	5	6	2	2	2	2	2	3	3	5
OG0000933	2	3	5	3	3	4	5	5	4	2	3	3	3	3	4	5	5
OG0000934	1	2	3	7	4	4	4	5	5	2	4	3	4	4	4	4	5
OG0000935	2	5	5	3	5	4	4	4	4	2	4	5	4	4	4	4	4
OG0000936	3	4	4	3	4	4	4	4	4	3	4	4	4	4	4	4	4
OG0000937	2	16	4	4	3	3	4	3	3	2	4	5	4	3	3	3	3
OG0000938	1	1	1	2	4	7	4	4	4	1	2	1	2	4	4	4	4
OG0000939	2	5	1	1	1	3	6	7	4	2	2	2	2	2	3	5	5
OG0000951	4	8	3	1	3	3	4	4	6	3	3	4	3	3	3	4	4
OG0000952	4	4	4	3	4	4	4	4	4	3	4	4	4	4	4	4	4
OG0000953	3	5	4	4	4	4	5	4	3	3	4	4	4	4	4	4	4
OG0000954	4	7	4	3	3	4	4	4	4	3	4	4	4	4	4	4	4
OG0000955	1	8	8	4	4	0	3	5	6	2	4	8	4	4	4	4	5
OG0000956	2	6	4	3	4	4	4	4	4	2	4	4	4	4	4	4	4
OG0000957	1	8	4	4	3	4	4	4	4	2	4	5	4	4	4	4	4
OG0000958	2	2	3	3	3	4	9	4	4	2	3	3	3	3	4	4	4
OG0000959	4	4	4	5	3	4	4	4	4	3	4	4	4	4	4	4	4
OG0000960	2	6	4	3	4	4	4	4	4	2	4	4	4	4	4	4	4
OG0000961	5	5	3	3	3	4	3	4	4	3	4	4	4	4	4	4	4
OG0000962	1	1	2	2	3	5	5	5	5	1	2	2	2	3	5	5	5
OG0000963	4	2	1	1	3	3	5	6	6	2	2	2	2	3	3	5	6
OG0000964	2	20	4	5	4	3	2	1	2	2	4	6	4	4	3	2	2
OG0000965	3	2	3	3	3	6	4	5	3	3	3	3	3	3	4	4	4
OG0000966	1	10	9	4	7	4	2	2	2	2	4	9	4	4	4	2	2
OG0000967	1	3	9	7	1	4	4	4	3	2	4	4	4	4	4	4	4
OG0000979	7	1	7	5	11	0	15	0	4	4	5	5	5	5	5	5	4
OG0000980	3	5	4	4	4	4	4	3	4	3	4	4	4	4	4	4	4
OG0000981	3	4	4	4	4	5	4	3	4	3	4	4	4	4	4	4	4
OG0000982	4	6	3	5	4	4	4	3	4	3	4	4	4	4	4	4	4
OG0000983	3	4	4	3	4	4	4	4	4	3	4	4	4	4	4	4	4
OG0000984	1	11	4	3	4	4	3	3	4	2	4	5	4	4	4	3	3
OG0000985	5	1	6	3	1	5	4	4	4	3	3	3	3	3	4	4	4
OG0000986	2	2	3	3	3	6	4	4	4	2	3	3	3	3	4	4	4
OG0000987	2	1	4	4	3	4	4	4	6	2	4	4	4	4	4	4	4
OG0000988	2	7	3	3	4	4	4	4	4	2	4	4	4	4	4	4	4
OG0000989	2	2	2	2	2	2	6	5	9	2	2	2	2	2	2	6	6
OG0000990	1	5	4	4	5	4	4	4	3	2	4	4	4	4	4	4	4
OG0001004	4	5	4	4	5	3	7	3	3	3	4	4	4	4	4	4	3
OG0001005	4	3	4	4	3	3	4	5	4	3	3	3	3	3	3	4	4
OG0001006	2	3	2	2	2	4	5	5	4	2	2	2	2	2	4	5	5
OG0001007	10	3	5	2	2	3	4	4	4	3	3	3	3	3	3	4	4
OG0001008	3	3	3	7	2	4	4	3	4	3	4	3	4	4	4	4	4
OG0001009	5	3	3	1	2	5	6	3	4	3	3	3	3	3	4	4	4
OG0001010	2	9	6	7	1	2	3	4	4	3	5	6	5	3	3	3	4
OG0001011	1	4	6	4	4	2	6	5	4	2	4	4	4	4	4	5	5
OG0001012	3	5	3	3	3	4	4	4	4	3	4	4	4	4	4	4	4
OG0001013	1	2	5	18	1	3	3	3	3	2	4	4	4	3	3	3	3
OG0001014	4	2	6	3	5	3	5	5	3	3	4	4	4	4	4	4	4
OG0001015	3	5	5	2	3	4	5	4	4	3	4	5	4	4	4	4	4
OG0001016	1	16	2	0	5	3	4	3	3	2	3	4	3	3	3	3	3
OG0001017	3	4	2	3	4	4	4	4	4	3	3	3	3	4	4	4	4
OG0001018	1	5	2	2	5	4	5	4	4	2	3	3	3	4	4	4	4
OG0001030	2	4	5	4	4	4	4	3	4	2	4	4	4	4	4	4	4
OG0001031	1	1	7	1	7	3	3	5	4	2	3	3	3	3	3	3	4
OG0001032	1	5	3	2	3	3	5	4	6	2	3	3	3	3	3	5	5
OG0001033	5	3	3	3	4	4	3	4	4	3	3	3	3	4	4	4	4
OG0001034	6	21	3	3	1	1	3	2	2	3	3	5	3	2	2	2	2
OG0001035	3	5	3	2	2	3	4	5	5	3	3	3	3	3	3	4	5
OG0001036	4	3	3	5	3	4	4	4	4	3	4	3	4	4	4	4	4
OG0001037	2	6	4	4	5	4	4	4	2	2	4	4	4	4	4	4	4
OG0001038	3	4	2	3	3	3	5	4	4	3	3	3	3	3	3	4	4
OG0001039	3	4	3	1	4	4	4	4	5	3	3	3	3	4	4	4	4
OG0001040	4	5	3	2	4	4	3	4	4	3	4	4	4	4	4	4	4
OG0001041	2	3	3	2	4	4	6	4	4	2	3	3	3	4	4	4	4
OG0001042	1	3	4	1	4	3	5	5	6	2	3	3	3	4	4	5	5
OG0001043	2	4	3	3	5	4	4	4	4	2	3	3	3	4	4	4	4
OG0001044	3	3	3	4	3	3	3	5	4	3	3	3	3	3	3	3	4
OG0001045	1	5	4	4	5	4	4	3	4	2	4	4	4	4	4	4	4
OG0001046	2	8	4	2	4	4	4	4	3	2	4	5	4	4	4	4	4
OG0001047	2	3	4	4	3	5	5	4	2	2	4	4	4	4	4	4	4
OG0001048	2	5	4	2	4	5	7	3	3	2	4	4	4	4	4	4	3
OG0001049	1	4	4	3	4	4	4	4	4	2	4	4	4	4	4	4	4
OG0001050	2	14	3	3	3	3	3	3	3	2	3	4	3	3	3	3	3
OG0001051	1	3	4	3	2	3	3	6	5	2	3	3	3	3	3	3	5
OG0001052	1	3	4	3	3	5	7	4	2	2	3	3	3	3	4	4	4
OG0001053	1	4	2	2	2	3	3	6	6	1	2	2	2	2	3	3	6
OG0001054	1	4	4	5	3	3	4	4	4	2	4	4	4	4	4	4	4
OG0001055	1	8	5	4	7	3	5	3	2	2	4	5	4	4	4	4	3
OG0001068	3	4	3	3	3	4	4	4	4	3	3	3	3	3	4	4	4
OG0001069	1	3	4	3	4	4	4	4	4	2	3	3	3	4	4	4	4
OG0001070	4	3	3	4	3	4	4	4	4	3	4	3	4	4	4	4	4
OG0001071	2	8	1	1	1	6	4	0	8	2	2	2	2	2	4	4	4
OG0001072	1	2	2	4	3	1	1	2	14	1	2	2	2	2	2	2	2
OG0001073	7	3	5	2	3	3	3	4	4	3	3	3	3	3	3	3	4
OG0001074	3	7	3	5	3	3	3	4	4	3	3	4	3	3	3	3	4
OG0001075	5	7	6	3	4	3	3	3	3	3	3	6	3	3	3	3	3
OG0001076	6	2	2	6	2	5	3	4	1	3	3	2	3	3	3	3	3
OG0001078	1	2	4	2	3	4	5	4	4	2	3	3	3	3	4	4	4
OG0001079	4	4	12	2	3	3	3	3	2	3	3	5	3	3	3	3	3
OG0001080	1	5	4	2	4	4	3	4	4	2	4	4	4	4	4	4	4
OG0001081	1	3	2	1	6	5	4	4	4	2	3	3	3	4	4	4	4
OG0001082	2	3	3	3	5	4	5	4	4	2	3	3	3	4	4	4	4
OG0001083	1	3	3	3	4	4	3	4	5	2	3	3	3	4	4	4	4
OG0001098	2	4	4	3	4	3	4	4	4	2	4	4	4	4	4	4	4
OG0001099	4	9	7	1	2	4	3	2	2	3	3	7	3	3	3	3	2
OG0001100	4	2	8	3	3	2	4	5	4	3	3	3	3	3	3	4	4
OG0001101	2	4	4	5	4	3	4	3	4	2	4	4	4	4	4	4	4
OG0001102	3	3	2	4	2	0	5	7	4	3	3	3	3	3	3	5	5
OG0001103	1	2	1	1	1	3	3	7	6	1	1	1	1	1	3	3	6
OG0001104	2	3	2	2	2	6	2	5	3	2	2	2	2	2	3	3	3
OG0001105	1	0	0	0	0	4	0	7	8	1	1	0	1	1	2	2	7
OG0001106	3	1	3	2	5	4	3	4	4	3	3	3	3	4	4	4	4
OG0001107	1	4	3	2	4	4	4	4	4	2	3	3	3	4	4	4	4
OG0001108	4	4	4	3	7	3	3	3	3	3	3	4	3	3	3	3	3
OG0001109	2	2	1	7	6	2	1	7	3	2	3	2	3	3	3	3	3
OG0001110	4	3	4	5	6	3	3	3	3	3	4	4	4	4	3	3	3
OG0001111	25	5	3	5	2	2	1	1	0	5	4	4	4	2	2	1	1
OG0001112	3	4	3	3	3	3	5	4	4	3	3	3	3	3	3	4	4
OG0001113	2	5	3	2	4	2	4	5	4	2	3	3	3	3	3	4	4
OG0001114	3	2	4	5	0	3	3	4	5	3	3	3	3	3	3	3	4
OG0001115	1	19	4	2	4	3	2	2	2	2	3	5	3	3	3	2	2
OG0001116	2	5	4	2	4	3	4	4	4	2	4	4	4	4	4	4	4
OG0001117	2	3	3	3	3	3	5	4	4	2	3	3	3	3	3	4	4
OG0001118	2	7	4	3	5	3	4	3	2	2	3	4	3	3	3	3	3
OG0001119	2	4	3	1	2	4	3	5	5	2	3	3	3	3	3	3	5
OG0001120	4	4	5	4	4	4	3	3	2	3	4	4	4	4	4	3	3
OG0001121	2	3	2	1	3	4	4	4	4	2	2	2	2	3	4	4	4
OG0001122	2	5	3	3	3	4	4	4	4	2	3	3	3	3	4	4	4
OG0001123	2	7	4	3	3	5	2	3	3	2	3	4	3	3	3	3	3
OG0001124	2	12	4	4	3	2	4	3	3	2	4	5	4	3	3	3	3
OG0001125	1	3	3	1	6	4	4	4	4	2	3	3	3	4	4	4	4
OG0001139	1	11	4	3	4	3	3	3	3	2	3	4	3	3	3	3	3
OG0001140	2	5	3	4	3	4	4	4	3	2	4	4	4	4	4	4	4
OG0001141	3	6	4	2	3	3	4	3	4	3	3	4	3	3	3	4	4
OG0001142	1	4	2	2	2	3	2	7	3	1	2	2	2	2	2	2	3
OG0001143	3	8	4	4	4	0	4	5	4	3	4	5	4	4	4	4	4
OG0001144	4	10	4	1	3	3	3	3	3	3	3	4	3	3	3	3	3
OG0001145	8	2	1	2	1	3	4	4	4	3	2	2	2	2	3	4	4
OG0001147	5	3	3	2	3	3	4	4	4	3	3	3	3	3	3	4	4
OG0001148	3	8	4	5	5	3	3	2	3	3	4	5	4	4	3	3	3
OG0001149	1	4	8	2	5	4	2	3	2	2	4	5	4	4	4	3	3
OG0001150	11	0	1	5	2	5	5	3	0	4	4	1	4	4	4	4	3
OG0001151	3	3	6	2	3	3	4	4	4	3	3	3	3	3	3	4	4
OG0001152	1	5	3	2	2	5	3	5	2	2	3	3	3	3	3	3	3
OG0001153	2	4	4	4	3	3	4	4	4	2	4	4	4	4	4	4	4
OG0001154	3	6	5	5	3	6	2	2	1	3	4	5	4	4	4	2	2
OG0001155	3	2	2	3	3	6	3	3	3	3	3	2	3	3	3	3	3
OG0001156	1	2	3	5	4	4	6	4	3	2	4	3	4	4	4	4	4
OG0001157	1	3	3	2	2	5	4	4	4	2	3	3	3	3	4	4	4
OG0001158	1	3	4	1	1	7	3	3	4	1	2	3	2	2	3	3	3
OG0001181	1	2	2	4	4	4	1	5	4	2	3	2	4	4	4	4	4
OG0001182	1	10	3	3	4	3	3	3	3	2	3	4	3	3	3	3	3
OG0001183	6	4	2	2	3	2	4	4	4	3	3	3	3	3	3	4	4
OG0001184	3	3	7	1	1	2	1	5	5	2	2	3	2	2	2	2	5
OG0001185	3	3	3	3	3	3	4	4	4	3	3	3	3	3	3	4	4
OG0001186	3	1	1	3	2	1	5	6	6	2	2	1	2	2	2	5	6
OG0001187	4	4	3	3	3	3	4	4	2	3	3	3	3	3	3	3	3
OG0001188	3	2	2	3	2	4	4	5	3	3	3	2	3	3	4	4	4
OG0001189	4	3	5	4	3	4	4	3	2	3	4	4	4	4	4	4	3
OG0001190	4	8	4	3	3	3	3	3	3	3	3	4	3	3	3	3	3
OG0001191	2	7	4	3	3	2	3	4	4	2	3	4	3	3	3	3	4
OG0001192	4	3	4	2	2	2	5	4	4	2	3	3	2	2	2	4	4
OG0001193	3	4	3	2	3	4	3	4	4	3	3	3	3	3	3	3	4
OG0001194	1	11	4	4	4	3	3	3	2	2	4	5	4	4	3	3	3
OG0001195	7	4	4	3	4	3	4	3	2	3	3	4	3	3	3	3	3
OG0001196	16	2	2	2	3	2	3	4	2	4	3	2	3	3	3	3	3
OG0001197	5	6	3	3	4	3	3	3	3	3	3	3	3	3	3	3	3
OG0001198	11	3	2	2	2	3	4	3	3	3	3	3	3	3	3	3	3
OG0001199	2	6	3	2	4	3	3	4	3	2	3	3	3	3	3	3	3
OG0001200	3	19	3	1	3	2	3	2	2	2	2	4	2	2	2	2	2
OG0001201	2	3	4	2	3	3	3	4	4	2	3	3	3	3	3	3	4
OG0001202	3	5	4	4	4	4	3	3	2	3	4	4	4	4	4	3	3
OG0001203	4	6	3	3	4	2	3	4	4	3	3	3	3	3	3	3	4
OG0001204	2	4	3	4	3	3	3	4	4	2	3	3	3	3	3	3	4
OG0001205	4	4	7	5	2	4	3	2	2	3	4	4	4	3	3	3	2
OG0001206	2	8	4	3	4	3	3	3	3	2	3	4	3	3	3	3	3
OG0001207	1	5	2	3	1	6	0	3	4	2	3	3	3	3	3	3	3
OG0001208	3	2	2	2	4	5	1	4	4	2	2	2	2	4	4	4	4
OG0001209	1	6	3	3	2	5	2	3	3	2	3	3	3	3	3	3	3
OG0001210	2	3	2	2	2	4	6	3	5	2	2	2	2	2	4	5	5
OG0001211	1	12	3	4	3	3	3	2	4	2	3	4	3	3	3	3	3
OG0001212	1	1	1	0	4	4	3	5	4	1	1	1	1	4	4	4	4
OG0001213	2	4	4	5	4	3	4	3	4	2	4	4	4	4	4	4	4
OG0001214	1	10	1	2	6	3	2	5	1	2	3	3	3	3	3	3	3
OG0001230	2	4	2	1	2	4	3	4	4	2	2	2	2	2	3	3	4
OG0001231	1	0	1	1	1	3	4	5	7	1	1	1	1	1	3	4	5
OG0001232	25	1	2	1	2	0	3	2	3	4	2	2	2	2	2	3	3
OG0001233	1	2	2	2	1	3	5	5	5	1	2	2	2	2	3	5	5
OG0001234	4	6	5	3	4	4	2	2	2	3	4	5	4	4	4	2	2
OG0001235	4	3	4	4	3	6	3	2	1	3	3	3	3	3	3	3	2
OG0001236	2	4	4	3	3	3	4	4	4	2	3	4	3	3	3	4	4
OG0001237	4	2	2	2	2	4	4	4	4	2	2	2	2	2	4	4	4
OG0001238	2	1	2	1	3	6	2	4	3	2	2	2	2	3	3	3	3
OG0001239	1	21	2	4	2	2	2	2	2	2	3	4	3	2	2	2	2
OG0001240	2	4	2	1	2	2	6	6	4	2	2	2	2	2	2	5	5
OG0001241	3	3	3	3	2	3	4	4	3	3	3	3	3	3	3	4	4
OG0001242	8	3	2	2	2	3	3	4	2	3	3	3	3	3	3	3	3
OG0001243	2	3	3	2	3	4	4	4	4	2	3	3	3	3	4	4	4
OG0001244	1	3	4	4	4	3	4	4	3	2	4	4	4	4	4	4	4
OG0001245	3	4	3	4	4	4	3	3	2	3	4	4	4	4	4	3	3
OG0001246	5	7	5	4	3	3	3	3	2	3	4	5	4	3	3	3	3
OG0001247	2	3	2	2	2	5	4	4	4	2	2	2	2	2	4	4	4
OG0001248	5	5	3	5	4	4	3	2	2	3	4	4	4	4	4	3	2
OG0001249	1	1	3	1	3	7	2	3	2	1	2	2	2	3	3	2	2
OG0001250	2	2	5	5	5	4	1	3	2	2	4	4	4	4	4	2	2
OG0001251	3	4	5	3	3	3	3	3	4	3	3	4	3	3	3	3	3
OG0001252	1	2	2	2	2	5	5	4	3	1	2	2	2	2	4	4	4
OG0001253	4	9	4	3	3	3	0	3	3	3	3	4	3	3	3	3	3
OG0001254	4	1	1	2	2	2	7	4	5	2	2	1	2	2	2	5	5
OG0001255	4	6	4	4	3	3	3	3	2	3	4	4	4	3	3	3	3
OG0001256	1	4	2	2	2	3	4	5	4	1	2	2	2	2	3	4	4
OG0001257	22	1	3	2	2	2	2	2	2	4	2	2	2	2	2	2	2
OG0001258	38	1	1	0	1	0	1	1	1	4	1	1	1	1	1	1	1
OG0001259	1	5	3	3	4	3	5	3	3	2	3	3	3	3	3	3	3
OG0001260	2	3	4	6	2	2	4	4	4	2	3	3	3	3	3	4	4
OG0001261	2	3	2	3	4	4	4	4	3	2	3	3	3	4	4	4	4
OG0001262	2	6	4	1	4	4	3	2	4	2	3	4	3	3	3	3	3
OG0001263	2	2	2	1	2	3	5	4	5	2	2	2	2	2	3	4	4
OG0001264	2	3	2	2	4	4	0	4	4	2	3	3	3	4	4	4	4
OG0001265	3	5	5	4	3	3	3	3	3	3	4	5	4	3	3	3	3
OG0001266	2	4	3	1	4	5	3	3	4	2	3	3	3	3	3	3	3
OG0001267	2	4	4	4	6	3	3	3	4	2	4	4	4	4	3	3	3
OG0001276	12	2	7	5	2	2	3	1	2	4	4	4	4	2	2	2	2
OG0001277	2	3	2	2	3	2	5	5	4	2	3	3	3	3	3	4	4
OG0001278	1	3	2	1	2	3	3	5	4	1	2	2	2	2	3	3	4
OG0001279	1	0	2	1	1	3	5	5	6	1	1	1	1	1	3	5	5
OG0001280	3	4	4	5	4	3	3	3	3	3	4	4	4	4	3	3	3
OG0001281	2	3	3	5	4	1	5	4	4	2	3	3	4	4	4	4	4
OG0001282	3	6	4	4	4	3	3	3	2	3	4	4	4	4	3	3	3
OG0001283	1	2	3	3	3	3	4	4	4	2	3	3	3	3	3	4	4
OG0001284	2	2	1	2	3	4	5	4	4	2	2	2	2	3	4	4	4
OG0001285	2	3	4	4	4	3	3	3	3	2	3	3	3	3	3	3	3
OG0001286	5	13	2	2	4	2	2	3	2	3	3	4	3	3	2	2	2
OG0001287	1	3	3	3	3	3	4	4	4	2	3	3	3	3	3	4	4
OG0001288	3	7	3	3	4	2	4	3	3	3	3	3	3	3	3	3	3
OG0001289	1	0	3	5	4	4	4	3	4	2	4	3	4	4	4	4	4
OG0001290	5	5	3	2	3	3	3	3	3	3	3	3	3	3	3	3	3
OG0001291	2	1	2	1	1	6	2	4	2	2	2	2	2	2	2	2	2
OG0001292	1	0	0	0	0	1	1	9	7	1	1	0	1	1	1	1	7
OG0001293	1	9	1	0	0	2	1	2	10	1	1	1	1	1	1	1	2
OG0001294	2	1	2	4	4	2	5	5	4	2	3	2	4	4	4	5	5
OG0001295	2	5	3	6	3	3	3	2	4	2	3	3	3	3	3	3	3
OG0001296	1	0	1	1	2	4	4	6	4	1	1	1	1	2	4	4	4
OG0001297	1	4	3	3	3	3	4	4	4	2	3	3	3	3	3	4	4
OG0001298	3	7	3	1	3	3	0	4	4	3	3	3	3	3	3	3	4
OG0001299	1	5	5	2	3	4	3	3	3	2	3	5	3	3	3	3	3
OG0001300	2	3	3	4	4	4	3	3	4	2	3	3	3	3	3	3	3
OG0001301	2	3	3	3	3	5	3	3	3	2	3	3	3	3	3	3	3
OG0001302	3	1	2	3	3	3	5	4	4	3	3	2	3	3	3	4	4
OG0001320	1	2	1	23	15	0	2	0	0	2	3	2	5	5	2	2	0
OG0001321	3	7	3	2	3	3	3	3	3	3	3	3	3	3	3	3	3
OG0001322	3	5	4	4	3	2	3	3	4	3	4	4	4	3	3	3	3
OG0001323	1	38	3	3	0	0	0	0	0	2	2	6	2	0	0	0	0
OG0001324	1	5	3	3	4	4	3	3	3	2	3	3	3	3	3	3	3
OG0001325	2	5	5	3	4	3	3	3	3	2	3	5	3	3	3	3	3
OG0001326	6	4	7	2	3	1	4	4	3	3	3	4	3	3	3	4	4
OG0001327	2	18	1	2	2	3	2	2	2	2	2	3	2	2	2	2	2
OG0001328	2	2	3	2	4	3	6	4	2	2	3	3	3	3	3	4	4
OG0001329	5	5	4	4	4	2	3	3	2	3	4	4	4	4	3	3	3
OG0001330	4	6	4	4	4	4	3	1	2	3	4	4	4	4	4	3	2
OG0001331	2	3	3	3	3	3	3	4	4	2	3	3	3	3	3	3	4
OG0001332	4	8	4	3	3	2	2	2	4	3	3	4	3	3	2	2	2
OG0001333	2	4	3	3	3	3	5	3	3	2	3	3	3	3	3	3	3
OG0001334	1	8	4	3	2	3	4	3	2	2	3	4	3	3	3	3	3
OG0001335	3	5	4	4	3	3	3	3	2	3	4	4	4	3	3	3	3
OG0001336	5	6	3	2	3	3	3	3	3	3	3	3	3	3	3	3	3
OG0001337	1	5	3	4	3	3	5	3	3	2	3	3	3	3	3	3	3
OG0001338	3	1	2	2	2	5	1	4	4	2	2	2	2	2	3	3	4
OG0001339	1	3	5	3	3	3	3	4	3	2	3	3	3	3	3	3	3
OG0001340	5	3	3	4	4	3	3	3	2	3	3	3	3	3	3	3	3
OG0001341	2	4	5	3	5	3	3	3	2	2	3	4	3	3	3	3	3
OG0001342	4	5	3	3	3	3	3	3	3	3	3	3	3	3	3	3	3
OG0001343	3	4	3	5	3	3	3	3	3	3	3	3	3	3	3	3	3
OG0001344	2	11	2	2	3	1	4	4	3	2	3	3	3	3	3	4	4
OG0001345	2	7	3	3	4	3	3	3	3	2	3	3	3	3	3	3	3
OG0001346	2	8	4	1	4	3	3	3	3	2	3	4	3	3	3	3	3
OG0001347	1	1	1	2	2	4	5	5	4	1	2	1	2	2	4	5	5
OG0001348	1	3	2	2	2	5	5	3	4	1	2	2	2	2	4	4	4
OG0001349	1	4	3	2	4	4	4	4	2	2	3	3	3	4	4	4	4
OG0001350	1	2	2	2	3	2	3	6	4	1	2	2	2	3	3	3	4
OG0001351	1	2	2	1	3	4	3	4	4	1	2	2	2	3	3	3	4
OG0001352	1	0	0	1	3	1	6	6	6	1	1	0	1	3	3	6	6
OG0001367	5	5	3	3	3	3	4	3	1	3	3	3	3	3	3	3	3
OG0001368	1	1	3	4	5	0	3	6	5	2	3	3	3	3	3	3	5
OG0001369	1	4	3	2	3	4	4	3	3	2	3	3	3	3	3	3	3
OG0001370	1	2	3	2	2	3	3	4	4	1	2	2	2	2	3	3	4
OG0001371	7	1	1	1	1	9	1	1	0	2	1	1	1	1	1	1	1
OG0001372	3	2	2	1	3	4	4	4	3	2	2	2	2	3	4	4	4
OG0001373	11	3	2	3	3	3	3	2	2	3	3	3	3	3	3	3	2
OG0001374	1	0	0	0	0	1	7	8	4	1	1	0	1	1	1	6	6
OG0001375	2	3	3	4	2	2	3	4	4	2	3	3	3	3	3	3	4
OG0001376	2	3	2	2	2	3	3	4	4	2	2	2	2	2	3	3	4
OG0001377	4	8	4	2	4	3	2	2	2	3	3	4	3	3	3	2	2
OG0001378	4	4	3	3	3	3	3	3	3	3	3	3	3	3	3	3	3
OG0001379	5	2	4	4	3	3	3	3	2	3	3	3	3	3	3	3	3
OG0001380	1	3	2	4	3	3	3	4	4	2	3	3	3	3	3	3	4
OG0001381	5	3	2	5	3	3	3	3	4	3	3	3	3	3	3	3	3
OG0001382	4	12	2	3	2	2	2	3	2	3	3	3	3	2	2	2	2
OG0001383	2	4	6	4	3	3	3	2	3	2	3	4	3	3	3	3	3
OG0001384	3	5	3	2	3	4	3	3	2	3	3	3	3	3	3	3	3
OG0001385	3	7	3	3	3	3	3	3	3	3	3	3	3	3	3	3	3
OG0001386	4	12	1	1	3	2	2	3	3	3	3	3	3	3	3	3	3
OG0001388	1	3	3	2	2	3	3	4	4	2	3	3	3	3	3	3	4
OG0001389	3	5	4	3	4	3	3	2	3	3	3	4	3	3	3	3	3
OG0001390	2	2	1	1	1	3	4	5	4	2	2	2	2	2	3	4	4
OG0001391	2	5	4	4	4	3	3	3	2	2	4	4	4	4	3	3	3
OG0001392	1	6	0	0	0	1	0	8	6	1	1	1	1	1	1	1	6
OG0001393	3	5	4	3	2	3	4	3	2	3	3	4	3	3	3	3	3
OG0001394	2	2	2	2	2	2	0	5	6	2	2	2	2	2	2	2	5
OG0001395	2	6	3	2	4	3	3	3	3	2	3	3	3	3	3	3	3
OG0001396	3	7	3	3	3	3	3	3	2	3	3	3	3	3	3	3	3
OG0001397	3	3	3	1	1	2	5	5	4	2	2	3	2	2	2	4	4
OG0001398	2	10	3	2	3	3	2	3	3	2	3	4	3	3	3	3	3
OG0001399	4	11	3	2	2	4	2	1	2	2	2	3	2	2	2	2	2
OG0001400	6	5	2	2	4	2	3	3	3	3	3	3	3	3	3	3	3
OG0001401	1	3	2	1	2	5	3	4	4	1	2	2	2	2	3	3	4
OG0001402	4	2	3	2	2	2	3	4	4	2	2	2	2	2	2	3	4
OG0001403	2	4	4	3	4	3	3	3	3	2	3	4	3	3	3	3	3
OG0001404	3	3	2	1	4	3	4	4	4	3	3	3	3	4	4	4	4
OG0001405	3	5	4	3	3	3	3	3	2	3	3	4	3	3	3	3	3
OG0001406	4	2	2	3	3	2	3	3	6	3	3	2	3	3	3	3	3
OG0001407	1	3	3	6	4	3	3	3	2	2	3	3	3	3	3	3	3
OG0001408	1	0	0	0	0	4	1	5	8	1	1	0	1	1	2	2	5
OG0001425	4	2	1	2	2	3	3	4	4	2	2	2	2	2	3	3	4
OG0001426	1	4	4	3	3	4	3	3	2	2	3	4	3	3	3	3	3
OG0001427	2	4	4	2	2	6	2	2	1	2	2	4	2	2	2	2	2
OG0001428	2	5	3	1	2	2	4	4	4	2	2	3	2	2	2	4	4
OG0001429	1	7	5	6	4	1	4	3	2	2	4	5	4	4	3	3	3
OG0001430	1	3	3	2	4	4	3	3	4	2	3	3	3	3	3	3	3
OG0001431	2	2	3	2	2	3	4	5	3	2	2	2	2	2	3	4	4
OG0001432	1	1	0	0	6	2	0	8	2	1	1	1	1	2	2	2	2
OG0001433	2	7	3	3	3	3	3	3	2	2	3	3	3	3	3	3	3
OG0001434	3	3	4	3	3	3	3	3	3	3	3	3	3	3	3	3	3
OG0001435	3	2	2	2	1	4	3	4	3	2	2	2	2	2	3	3	3
OG0001436	3	0	0	0	0	13	0	0	0	1	1	0	1	1	1	0	0
OG0001437	4	6	3	3	3	3	3	3	2	3	3	3	3	3	3	3	3
OG0001438	3	1	2	3	3	4	4	4	2	3	3	2	3	3	4	4	4
OG0001439	4	1	1	1	2	4	5	3	4	2	2	1	2	2	4	4	4
OG0001440	4	4	2	7	3	2	3	3	2	3	3	3	3	3	3	3	3
OG0001441	3	5	5	3	3	3	3	3	2	3	3	5	3	3	3	3	3
OG0001442	4	5	4	3	3	3	4	3	2	3	3	4	3	3	3	3	3
OG0001443	3	5	3	4	3	4	2	2	2	3	3	3	3	3	3	2	2
OG0001444	2	2	1	1	1	1	6	5	6	1	1	1	1	1	1	5	5
OG0001445	6	3	3	1	1	4	2	3	4	3	3	3	3	3	3	3	3
OG0001446	4	2	4	3	5	2	3	3	3	3	3	3	3	3	3	3	3
OG0001447	2	4	3	4	3	3	3	3	2	2	3	3	3	3	3	3	3
OG0001448	4	3	5	2	5	3	3	2	2	3	3	3	3	3	3	3	2
OG0001449	1	3	2	2	4	5	6	2	2	2	3	3	3	4	4	4	2
OG0001450	2	3	6	1	4	4	3	2	3	2	3	3	3	3	3	3	3
OG0001451	1	1	1	1	4	5	4	4	3	1	1	1	1	4	4	4	4
OG0001452	3	4	3	2	3	3	4	3	2	3	3	3	3	3	3	3	3
OG0001453	1	4	2	3	2	3	3	4	4	2	3	3	3	3	3	3	4
OG0001454	1	0	0	0	0	2	3	7	6	1	1	0	1	1	2	3	6
OG0001455	2	6	3	3	3	3	3	3	2	2	3	3	3	3	3	3	3
OG0001456	3	5	2	2	2	4	3	3	3	3	3	3	3	3	3	3	3
OG0001457	2	4	3	3	4	3	3	3	3	2	3	3	3	3	3	3	3
OG0001458	3	5	3	2	2	3	3	3	3	3	3	3	3	3	3	3	3
OG0001459	1	2	2	2	2	4	3	4	4	1	2	2	2	2	3	3	4
OG0001460	2	5	3	3	3	3	3	3	3	2	3	3	3	3	3	3	3
OG0001461	2	3	3	2	3	3	3	4	3	2	3	3	3	3	3	3	3
OG0001462	2	1	3	0	3	5	3	4	2	2	2	2	2	3	3	3	3
OG0001463	1	5	3	1	2	3	3	4	4	2	3	3	3	3	3	3	4
OG0001464	2	5	3	3	3	3	3	3	3	2	3	3	3	3	3	3	3
OG0001465	5	3	6	5	2	3	2	2	2	3	4	4	4	3	3	2	2
OG0001466	2	3	2	2	4	3	3	4	4	2	3	3	3	3	3	3	4
OG0001467	2	3	5	3	4	3	3	3	2	2	3	3	3	3	3	3	3
OG0001468	2	5	3	3	3	3	3	3	3	2	3	3	3	3	3	3	3
OG0001469	4	4	3	2	3	4	2	3	2	3	3	3	3	3	3	2	2
OG0001470	1	4	4	2	3	2	3	4	4	2	3	4	3	3	3	3	4
OG0001471	2	8	3	3	3	2	3	3	3	2	3	4	3	3	3	3	3
OG0001472	2	2	2	1	3	4	2	5	2	2	2	2	2	3	3	3	3
OG0001473	1	3	4	1	4	3	4	3	3	2	3	3	3	3	3	3	3
OG0001474	3	2	6	2	2	3	3	4	3	3	3	3	3	3	3	3	3
OG0001475	1	1	1	1	2	5	4	3	4	1	1	1	1	2	4	4	4
OG0001476	1	18	1	1	3	2	2	2	2	1	2	3	2	2	2	2	2
OG0001477	1	8	3	2	2	3	3	3	3	2	3	4	3	3	3	3	3
OG0001493	2	4	3	3	3	3	3	3	3	2	3	3	3	3	3	3	3
OG0001494	2	4	3	3	3	3	3	3	2	2	3	3	3	3	3	3	3
OG0001495	2	5	3	3	3	4	3	2	2	2	3	3	3	3	3	3	2
OG0001496	2	4	4	3	3	3	2	3	3	2	3	4	3	3	3	3	3
OG0001497	13	6	4	0	2	2	2	2	2	4	3	4	2	2	2	2	2
OG0001498	1	3	3	1	3	5	4	3	2	2	3	3	3	3	3	3	3
OG0001499	2	4	5	3	5	2	3	3	2	2	3	4	3	3	3	3	3
OG0001500	29	2	1	1	1	1	1	1	1	3	1	1	1	1	1	1	1
OG0001501	4	6	2	6	2	4	2	2	2	3	3	3	3	3	3	2	2
OG0001502	3	3	5	3	3	3	3	2	3	3	3	3	3	3	3	3	3
OG0001503	3	3	3	3	3	3	3	3	3	3	3	3	3	3	3	3	3
OG0001504	3	5	3	3	3	3	3	3	2	3	3	3	3	3	3	3	3
OG0001505	9	1	2	7	5	4	1	1	1	4	4	2	4	4	4	1	1
OG0001506	4	4	3	3	3	3	3	3	3	3	3	3	3	3	3	3	3
OG0001507	1	30	2	0	1	1	1	1	1	1	1	4	1	1	1	1	1
OG0001508	2	5	3	2	3	3	3	3	3	2	3	3	3	3	3	3	3
OG0001509	2	4	3	3	3	3	3	3	3	2	3	3	3	3	3	3	3
OG0001510	4	3	2	3	4	3	3	3	2	3	3	3	3	3	3	3	3
OG0001511	3	8	4	3	4	3	2	2	2	3	3	4	3	3	3	2	2
OG0001512	2	5	3	3	3	3	3	3	3	2	3	3	3	3	3	3	3
OG0001513	5	3	3	2	4	2	3	4	3	3	3	3	3	3	3	3	3
OG0001514	1	5	3	3	3	3	3	3	3	2	3	3	3	3	3	3	3
OG0001515	3	4	3	2	3	3	3	3	3	3	3	3	3	3	3	3	3
OG0001517	4	4	3	3	3	2	3	3	3	3	3	3	3	3	3	3	3
OG0001518	2	14	4	2	2	2	2	2	2	2	2	4	2	2	2	2	2
OG0001519	3	5	3	2	3	3	3	3	3	3	3	3	3	3	3	3	3
OG0001520	1	0	0	3	1	2	0	5	8	1	1	0	2	2	2	2	5
OG0001521	2	6	3	1	3	3	3	3	3	2	3	3	3	3	3	3	3
OG0001522	5	2	3	2	2	3	2	4	2	2	2	2	2	2	2	2	2
OG0001523	4	3	3	7	3	2	3	3	2	3	3	3	3	3	3	3	3
OG0001524	1	6	2	3	3	3	3	3	3	2	3	3	3	3	3	3	3
OG0001525	2	5	4	4	3	3	2	3	3	2	3	4	3	3	3	3	3
OG0001526	2	4	3	1	5	3	2	4	2	2	3	3	3	3	3	3	3
OG0001527	2	4	3	4	3	3	3	3	3	2	3	3	3	3	3	3	3
OG0001528	1	7	3	1	3	3	3	3	3	2	3	3	3	3	3	3	3
OG0001529	2	5	4	2	3	3	4	3	2	2	3	4	3	3	3	3	3
OG0001530	3	5	3	3	3	3	3	3	3	3	3	3	3	3	3	3	3
OG0001531	1	0	0	0	0	0	41	0	0	1	1	0	1	1	1	1	0
OG0001532	3	4	3	2	3	4	3	3	2	3	3	3	3	3	3	3	3
OG0001533	1	3	3	2	3	2	3	4	4	2	3	3	3	3	3	3	4
OG0001534	2	4	3	6	3	2	3	3	3	2	3	3	3	3	3	3	3
OG0001535	2	4	4	2	4	3	3	3	3	2	3	4	3	3	3	3	3
OG0001536	2	3	3	2	3	2	4	4	4	2	3	3	3	3	3	4	4
OG0001537	3	2	4	3	3	3	3	3	3	3	3	3	3	3	3	3	3
OG0001538	6	2	3	2	3	3	3	3	2	3	3	3	3	3	3	3	3
OG0001539	2	2	3	3	4	3	0	4	4	2	3	3	3	3	3	3	4
OG0001540	4	1	3	3	3	3	3	3	2	3	3	3	3	3	3	3	3
OG0001541	2	5	3	2	3	3	3	3	3	2	3	3	3	3	3	3	3
OG0001542	3	1	3	1	2	4	3	3	4	2	2	2	2	2	3	3	3
OG0001543	1	3	2	1	2	4	3	4	3	1	2	2	2	2	3	3	3
OG0001544	1	0	0	0	0	5	11	3	3	1	1	0	1	1	4	4	3
OG0001555	3	4	3	3	4	0	4	4	4	3	3	3	3	3	3	4	4
OG0001556	1	3	3	2	3	3	3	4	3	2	3	3	3	3	3	3	3
OG0001557	2	5	4	4	3	2	3	3	2	2	3	4	3	3	3	3	3
OG0001558	1	9	2	2	3	3	2	3	2	2	3	3	3	3	3	2	2
OG0001559	1	4	4	3	3	3	3	3	3	2	3	4	3	3	3	3	3
OG0001560	4	3	3	1	3	3	3	3	3	3	3	3	3	3	3	3	3
OG0001561	2	5	4	3	3	3	3	2	3	2	3	4	3	3	3	3	3
OG0001562	2	5	3	3	3	3	3	3	2	2	3	3	3	3	3	3	3
OG0001563	4	4	3	3	3	3	2	3	2	3	3	3	3	3	3	2	2
OG0001564	2	5	3	2	3	3	3	3	2	2	3	3	3	3	3	3	3
OG0001565	2	3	3	3	3	3	3	3	3	2	3	3	3	3	3	3	3
OG0001566	4	4	3	2	3	3	2	3	3	3	3	3	3	3	3	3	3
OG0001567	2	4	2	3	2	4	3	3	3	2	3	3	3	3	3	3	3
OG0001568	2	1	6	2	2	4	3	2	4	2	2	2	2	2	3	3	3
OG0001569	5	4	2	2	3	3	3	3	2	3	3	3	3	3	3	3	3
OG0001570	4	3	2	2	2	3	4	3	3	3	3	3	3	3	3	3	3
OG0001571	2	3	3	3	3	3	3	3	3	2	3	3	3	3	3	3	3
OG0001572	3	7	3	3	3	2	3	3	2	3	3	3	3	3	3	3	3
OG0001573	2	2	4	5	3	4	0	3	2	2	3	3	3	3	3	2	2
OG0001574	4	4	4	2	4	2	0	3	4	3	3	4	3	3	3	3	3
OG0001575	3	6	5	2	3	2	2	2	4	2	2	5	2	2	2	2	2
OG0001576	1	0	2	0	3	0	0	12	0	1	1	1	1	1	1	1	1
OG0001577	3	15	2	2	2	2	2	2	2	2	2	3	2	2	2	2	2
OG0001578	3	3	3	1	2	3	4	3	3	3	3	3	3	3	3	3	3
OG0001579	2	3	4	3	3	3	3	3	3	2	3	3	3	3	3	3	3
OG0001580	3	4	3	4	3	3	3	2	2	3	3	3	3	3	3	3	2
OG0001581	2	4	3	3	3	3	3	3	2	2	3	3	3	3	3	3	3
OG0001582	3	11	3	5	1	2	2	2	2	3	3	4	3	2	2	2	2
OG0001583	4	3	3	2	3	3	3	3	3	3	3	3	3	3	3	3	3
OG0001584	1	3	2	1	1	3	3	3	6	1	2	2	2	2	3	3	3
OG0001585	2	3	2	2	2	2	2	4	6	2	2	2	2	2	2	2	4
OG0001586	4	3	2	2	4	3	5	2	3	3	3	3	3	3	3	3	3
OG0001587	3	3	2	5	2	3	3	3	3	3	3	3	3	3	3	3	3
OG0001588	1	5	4	2	3	3	3	3	3	2	3	4	3	3	3	3	3
OG0001589	1	2	3	2	3	4	3	3	3	2	2	2	2	3	3	3	3
OG0001590	2	3	4	1	3	4	3	3	2	2	3	3	3	3	3	3	3
OG0001591	4	5	3	3	3	2	3	3	3	3	3	3	3	3	3	3	3
OG0001592	4	3	3	4	4	0	4	4	4	3	4	3	4	4	4	4	4
OG0001593	3	4	3	2	3	3	3	3	3	3	3	3	3	3	3	3	3
OG0001594	2	3	4	4	3	3	3	3	2	2	3	3	3	3	3	3	3
OG0001595	2	4	4	4	2	3	3	2	3	2	3	4	3	3	3	3	3
OG0001596	4	2	3	3	1	2	3	4	4	2	2	2	2	2	2	3	4
OG0001597	4	4	3	1	3	3	3	3	2	3	3	3	3	3	3	3	3
OG0001598	2	4	3	3	3	3	3	3	2	2	3	3	3	3	3	3	3
OG0001599	3	2	3	1	3	4	3	3	3	2	2	2	2	3	3	3	3
OG0001600	4	4	3	5	1	4	2	2	2	3	3	3	3	3	3	2	2
OG0001601	1	3	3	2	5	3	3	3	3	2	3	3	3	3	3	3	3
OG0001602	2	5	3	1	3	3	3	3	3	2	3	3	3	3	3	3	3
OG0001603	2	4	3	3	3	3	3	3	3	2	3	3	3	3	3	3	3
OG0001604	2	5	3	3	4	4	0	3	2	2	3	3	3	3	3	2	2
OG0001605	1	5	3	2	3	3	3	3	3	2	3	3	3	3	3	3	3
OG0001606	3	4	3	3	3	3	3	2	2	3	3	3	3	3	3	3	2
OG0001607	1	2	3	2	3	4	3	3	2	2	2	2	2	3	3	3	3
OG0001608	1	1	2	1	1	4	2	5	4	1	1	1	1	1	3	3	4
OG0001609	1	4	3	3	3	3	3	3	3	2	3	3	3	3	3	3	3
OG0001610	1	8	4	3	3	3	3	3	2	2	3	4	3	3	3	3	3
OG0001626	2	2	2	3	3	3	3	3	3	2	3	2	3	3	3	3	3
OG0001627	1	5	3	3	3	3	3	3	2	2	3	3	3	3	3	3	3
OG0001628	1	5	3	3	3	2	3	3	3	2	3	3	3	3	3	3	3
OG0001629	2	5	3	2	3	3	3	3	3	2	3	3	3	3	3	3	3
OG0001630	1	2	1	1	1	1	3	6	6	1	1	1	1	1	1	3	6
OG0001631	2	4	3	2	3	3	3	3	2	2	3	3	3	3	3	3	3
OG0001632	2	4	3	3	3	3	3	3	2	2	3	3	3	3	3	3	3
OG0001633	1	4	3	0	2	2	3	5	4	1	2	3	2	2	2	3	4
OG0001634	2	3	2	3	3	4	2	3	2	2	3	3	3	3	3	2	2
OG0001635	1	2	2	2	1	3	0	5	3	1	2	2	2	2	2	2	3
OG0001636	1	3	3	3	3	3	4	3	2	2	3	3	3	3	3	3	3
OG0001637	3	9	5	3	3	2	2	1	2	3	3	5	3	3	2	2	2
OG0001638	4	3	2	2	3	3	3	3	3	3	3	3	3	3	3	3	3
OG0001639	2	4	4	4	2	3	3	2	2	2	3	4	3	3	3	3	2
OG0001640	2	0	0	1	1	0	4	5	8	1	1	0	1	1	1	4	5
OG0001641	3	5	3	3	3	2	3	3	2	3	3	3	3	3	3	3	3
OG0001642	3	3	3	2	3	3	3	3	3	3	3	3	3	3	3	3	3
OG0001643	1	4	3	3	3	3	3	3	2	2	3	3	3	3	3	3	3
OG0001644	5	4	2	2	2	4	2	2	2	2	2	2	2	2	2	2	2
OG0001645	4	6	2	2	3	3	4	2	2	3	3	3	3	3	3	3	2
OG0001646	8	2	3	1	3	3	3	3	2	3	3	3	3	3	3	3	3
OG0001647	2	3	3	2	3	3	4	3	3	2	3	3	3	3	3	3	3
OG0001648	2	5	3	1	3	3	3	3	3	2	3	3	3	3	3	3	3
OG0001649	1	3	2	4	1	4	3	3	2	2	3	3	3	3	3	3	3
OG0001650	2	6	3	2	3	3	3	3	2	2	3	3	3	3	3	3	3
OG0001651	3	3	2	2	3	3	3	3	3	3	3	3	3	3	3	3	3
OG0001652	3	2	2	4	3	2	3	3	3	3	3	2	3	3	3	3	3
OG0001653	2	3	2	2	3	4	3	3	2	2	3	3	3	3	3	3	3
OG0001654	2	4	3	3	2	2	5	4	2	2	3	3	3	3	3	4	4
OG0001655	2	1	3	2	3	2	8	3	3	2	2	2	2	3	3	3	3
OG0001656	3	3	2	3	3	3	3	3	3	3	3	3	3	3	3	3	3
OG0001657	1	5	3	1	3	3	3	3	3	2	3	3	3	3	3	3	3
OG0001658	2	4	3	1	3	3	3	3	3	2	3	3	3	3	3	3	3
OG0001659	1	5	3	1	3	3	3	3	3	2	3	3	3	3	3	3	3
OG0001660	2	4	3	2	3	3	4	2	3	2	3	3	3	3	3	3	3
OG0001661	1	0	0	1	1	2	1	3	10	1	1	0	1	1	2	2	3
OG0001662	2	4	3	2	3	3	3	3	3	2	3	3	3	3	3	3	3
OG0001663	2	3	3	3	3	3	3	3	3	2	3	3	3	3	3	3	3
OG0001664	1	2	4	3	3	2	3	4	3	2	3	3	3	3	3	3	3
OG0001665	1	3	3	3	3	3	3	3	3	2	3	3	3	3	3	3	3
OG0001666	1	3	2	2	2	3	5	3	3	1	2	2	2	2	3	3	3
OG0001667	1	5	3	2	3	3	2	3	3	2	3	3	3	3	3	3	3
OG0001668	1	6	3	3	3	2	3	3	3	2	3	3	3	3	3	3	3
OG0001669	2	3	3	3	3	5	2	2	2	2	3	3	3	3	3	2	2
OG0001670	2	3	2	5	2	1	5	4	2	2	3	3	3	3	3	4	4
OG0001671	4	4	2	2	2	3	3	3	2	3	3	3	3	3	3	3	3
OG0001672	3	4	4	3	3	3	3	2	2	3	3	4	3	3	3	3	2
OG0001673	2	5	3	3	3	2	3	3	3	2	3	3	3	3	3	3	3
OG0001674	1	4	2	2	3	2	4	4	4	2	3	3	3	3	3	4	4
OG0001675	1	3	3	3	3	3	3	3	3	2	3	3	3	3	3	3	3
OG0001676	1	3	3	4	3	3	3	3	3	2	3	3	3	3	3	3	3
OG0001677	3	4	4	5	2	2	3	3	2	3	4	4	4	3	3	3	3
OG0001678	1	2	2	2	2	2	3	4	4	1	2	2	2	2	2	3	4
OG0001679	2	4	4	2	3	2	4	3	2	2	3	4	3	3	3	3	3
OG0001680	1	2	2	2	2	3	3	4	4	1	2	2	2	2	3	3	4
OG0001681	2	3	4	3	3	3	3	3	2	2	3	3	3	3	3	3	3
OG0001682	1	3	5	3	2	3	4	3	3	2	3	3	3	3	3	3	3
OG0001683	2	4	3	2	3	3	2	3	3	2	3	3	3	3	3	3	3
OG0001684	1	1	4	2	2	3	4	4	3	1	2	2	2	2	3	4	4
OG0001685	1	2	2	2	3	3	4	3	3	1	2	2	2	3	3	3	3
OG0001686	1	5	3	3	3	2	3	3	3	2	3	3	3	3	3	3	3
OG0001687	1	4	4	0	5	5	0	2	3	2	3	4	3	3	3	2	2
OG0001688	1	0	1	0	2	0	0	8	5	1	1	1	1	1	1	1	5
OG0001710	2	0	0	0	3	3	5	6	2	1	1	0	1	3	3	4	4
OG0001712	3	4	3	1	2	3	3	3	3	3	3	3	3	3	3	3	3
OG0001713	3	4	3	2	2	2	3	3	3	2	2	3	2	2	2	3	3
OG0001714	1	2	2	6	3	3	4	2	3	2	3	2	3	3	3	3	3
OG0001715	17	0	3	6	0	3	2	0	1	4	3	3	3	2	2	2	1
OG0001716	2	3	2	2	2	3	3	3	4	2	2	2	2	2	3	3	3
OG0001717	3	4	1	3	4	2	4	2	3	3	3	3	3	3	3	3	3
OG0001718	1	2	2	1	2	2	3	5	4	1	2	2	2	2	2	3	4
OG0001719	1	6	4	4	3	2	3	3	2	2	3	4	3	3	3	3	3
OG0001720	2	2	2	3	2	3	3	3	3	2	3	2	3	3	3	3	3
OG0001721	1	14	3	3	2	2	2	2	2	2	3	4	3	2	2	2	2
OG0001722	4	0	0	12	0	0	1	0	10	2	2	0	2	1	1	1	1
OG0001723	3	3	3	2	2	3	3	3	3	3	3	3	3	3	3	3	3
OG0001724	1	4	3	3	3	3	3	3	2	2	3	3	3	3	3	3	3
OG0001725	2	1	1	1	2	3	8	3	3	1	1	1	1	2	3	3	3
OG0001726	2	4	3	2	3	3	3	3	3	2	3	3	3	3	3	3	3
OG0001727	1	4	2	2	2	1	3	4	4	1	2	2	2	2	2	3	4
OG0001728	2	3	3	4	2	3	3	3	2	2	3	3	3	3	3	3	3
OG0001729	2	4	2	1	1	1	4	4	4	2	2	2	2	2	2	4	4
OG0001730	2	3	3	3	3	3	3	3	2	2	3	3	3	3	3	3	3
OG0001731	20	4	2	1	1	2	1	1	1	3	2	2	1	1	1	1	1
OG0001732	3	3	2	2	2	4	2	2	3	2	2	2	2	2	2	2	2
OG0001733	5	4	2	1	3	2	8	2	2	3	3	3	3	3	3	3	2
OG0001734	3	4	3	2	2	3	3	3	2	3	3	3	3	3	3	3	3
OG0001735	3	3	3	1	3	3	3	3	2	3	3	3	3	3	3	3	3
OG0001736	3	5	3	2	3	2	4	3	2	3	3	3	3	3	3	3	3
OG0001737	2	3	3	2	3	3	3	3	2	2	3	3	3	3	3	3	3
OG0001738	2	2	3	3	3	3	3	3	3	2	3	3	3	3	3	3	3
OG0001740	2	5	3	1	4	3	3	2	3	2	3	3	3	3	3	3	3
OG0001741	1	4	3	2	3	3	3	3	3	2	3	3	3	3	3	3	3
OG0001742	2	4	3	2	3	3	3	2	3	2	3	3	3	3	3	3	3
OG0001743	1	3	3	3	3	3	3	3	2	2	3	3	3	3	3	3	3
OG0001744	3	3	6	2	3	3	3	2	2	3	3	3	3	3	3	3	2
OG0001745	3	1	2	1	7	1	4	4	4	2	2	2	2	3	3	4	4
OG0001746	2	3	3	2	3	3	3	3	3	2	3	3	3	3	3	3	3
OG0001747	1	2	3	2	3	2	3	3	4	2	2	2	2	3	3	3	3
OG0001748	2	4	2	2	2	3	3	3	3	2	2	2	2	2	3	3	3
OG0001749	2	3	2	2	3	3	3	3	3	2	3	3	3	3	3	3	3
OG0001750	1	3	3	1	1	2	4	5	3	1	2	3	2	2	2	4	4
OG0001751	1	2	3	5	4	2	0	4	4	2	3	3	3	3	3	3	4
OG0001752	1	3	2	3	3	2	3	4	3	2	3	3	3	3	3	3	3
OG0001753	2	3	2	3	3	3	3	3	3	2	3	3	3	3	3	3	3
OG0001754	2	4	3	1	2	3	3	3	3	2	3	3	3	3	3	3	3
OG0001755	3	3	3	3	3	2	3	3	3	3	3	3	3	3	3	3	3
OG0001756	3	4	2	3	3	2	3	3	3	3	3	3	3	3	3	3	3
OG0001757	2	3	3	0	2	3	3	2	5	2	3	3	3	3	3	3	3
OG0001758	3	7	3	2	2	2	3	3	2	2	3	3	2	2	2	3	3
OG0001759	2	4	3	3	3	2	3	3	3	2	3	3	3	3	3	3	3
OG0001760	1	5	7	7	1	0	3	2	4	2	4	5	4	3	3	3	3
OG0001761	1	3	3	2	3	3	6	3	2	2	3	3	3	3	3	3	3
OG0001762	2	2	4	4	3	2	3	3	3	2	3	3	3	3	3	3	3
OG0001763	1	7	6	2	3	2	3	3	2	2	3	6	3	3	3	3	3
OG0001764	1	3	3	3	2	4	0	3	2	2	3	3	3	3	3	2	2
OG0001765	1	3	3	3	2	3	3	3	3	2	3	3	3	3	3	3	3
OG0001766	2	10	2	4	3	2	2	2	2	2	3	3	3	3	2	2	2
OG0001767	2	4	3	3	2	3	3	3	2	2	3	3	3	3	3	3	3
OG0001768	1	4	3	3	3	3	3	3	2	2	3	3	3	3	3	3	3
OG0001769	2	4	3	3	3	2	3	3	3	2	3	3	3	3	3	3	3
OG0001770	1	5	3	3	3	3	3	3	2	2	3	3	3	3	3	3	3
OG0001771	1	4	4	5	3	4	1	2	2	2	4	4	4	3	3	2	2
OG0001772	3	3	3	2	3	3	3	2	3	3	3	3	3	3	3	3	3
OG0001773	2	9	4	2	4	4	0	1	2	2	3	4	3	3	3	2	2
OG0001774	1	3	2	1	2	3	3	3	4	1	2	2	2	2	3	3	3
OG0001775	1	3	3	4	3	3	3	3	2	2	3	3	3	3	3	3	3
OG0001776	1	6	3	2	4	3	3	2	2	2	3	3	3	3	3	3	2
OG0001777	1	4	3	3	3	3	3	3	2	2	3	3	3	3	3	3	3
OG0001778	1	2	1	6	3	4	0	2	4	2	3	2	3	3	3	2	2
OG0001779	1	7	1	1	1	0	0	7	3	1	1	1	1	1	1	1	3
OG0001780	1	0	1	0	0	3	0	6	5	1	1	1	1	1	2	2	5
OG0001808	3	4	2	2	3	3	3	3	2	3	3	3	3	3	3	3	3
OG0001809	4	3	2	2	2	2	4	3	2	2	2	2	2	2	2	3	3
OG0001810	2	2	2	1	2	3	3	3	4	2	2	2	2	2	3	3	3
OG0001811	1	3	2	2	3	3	3	3	3	2	2	2	2	3	3	3	3
OG0001812	1	7	3	2	3	3	1	2	2	2	3	3	3	3	3	2	2
OG0001813	1	3	3	2	3	3	3	3	3	2	3	3	3	3	3	3	3
OG0001814	2	4	4	3	3	4	2	2	2	2	3	4	3	3	3	2	2
OG0001815	1	9	1	0	4	2	0	3	4	1	2	2	2	2	2	2	3
OG0001816	3	3	2	2	2	2	3	3	4	2	2	2	2	2	2	3	3
OG0001817	4	2	3	2	3	3	3	3	2	3	3	3	3	3	3	3	3
OG0001818	3	2	2	3	3	3	3	2	3	3	3	2	3	3	3	3	3
OG0001819	1	3	4	3	3	3	3	3	2	2	3	3	3	3	3	3	3
OG0001820	1	4	3	4	2	3	0	3	3	2	3	3	3	3	3	3	3
OG0001821	4	3	3	2	3	2	3	3	2	3	3	3	3	3	3	3	3
OG0001822	3	4	3	1	3	3	0	2	4	3	3	3	3	3	3	2	2
OG0001823	3	3	4	2	3	2	3	3	3	3	3	3	3	3	3	3	3
OG0001824	2	3	2	1	2	4	3	3	3	2	2	2	2	2	3	3	3
OG0001825	1	0	0	1	0	7	1	0	6	1	1	0	1	1	1	1	1
OG0001826	1	3	2	3	2	3	3	4	2	2	3	3	3	3	3	3	3
OG0001827	1	5	3	3	2	3	2	3	2	2	3	3	3	3	3	2	2
OG0001828	1	3	2	2	1	4	2	3	3	1	2	2	2	2	3	3	3
OG0001829	1	5	2	3	3	3	3	3	2	2	3	3	3	3	3	3	3
OG0001830	3	5	3	3	3	3	2	2	2	3	3	3	3	3	3	2	2
OG0001831	2	3	2	4	4	3	2	2	2	2	3	3	3	3	3	2	2
OG0001832	2	5	3	3	3	2	3	3	2	2	3	3	3	3	3	3	3
OG0001833	3	10	3	2	2	2	2	2	2	2	2	3	2	2	2	2	2
OG0001834	4	2	2	4	3	3	2	3	2	3	3	2	3	3	3	2	2
OG0001835	2	2	2	1	2	3	4	3	4	2	2	2	2	2	3	4	4
OG0001836	2	4	4	2	3	2	3	3	2	2	3	4	3	3	3	3	3
OG0001837	1	2	1	1	2	1	3	6	4	1	2	2	2	2	2	3	4
OG0001838	3	4	3	3	4	2	3	3	2	3	3	3	3	3	3	3	3
OG0001839	2	4	3	2	3	3	3	3	2	2	3	3	3	3	3	3	3
OG0001840	2	8	3	2	3	3	2	2	2	2	3	4	3	3	3	2	2
OG0001841	2	6	3	2	4	3	2	2	2	2	3	3	3	3	3	2	2
OG0001842	1	4	2	1	3	3	3	3	3	2	3	3	3	3	3	3	3
OG0001843	2	7	2	3	3	3	2	2	2	2	3	3	3	3	3	2	2
OG0001844	1	4	2	3	2	5	2	2	2	2	3	3	3	3	3	2	2
OG0001845	3	2	2	3	2	1	3	4	4	2	2	2	2	2	2	3	4
OG0001846	1	4	3	2	2	3	3	3	2	2	3	3	3	3	3	3	3
OG0001847	2	3	3	3	3	2	3	3	3	2	3	3	3	3	3	3	3
OG0001848	4	5	3	3	2	2	3	3	2	3	3	3	3	3	3	3	3
OG0001849	2	5	4	3	2	3	2	2	2	2	3	4	3	3	3	2	2
OG0001850	2	4	2	2	2	3	3	3	2	2	2	2	2	2	3	3	3
OG0001851	2	5	2	2	2	2	3	3	3	2	2	2	2	2	2	3	3
OG0001852	2	4	2	1	3	3	3	3	3	2	3	3	3	3	3	3	3
OG0001853	4	3	4	3	3	3	2	2	2	3	3	3	3	3	3	2	2
OG0001854	1	3	3	2	2	3	3	3	3	2	3	3	3	3	3	3	3
OG0001855	2	4	3	4	3	2	3	3	2	2	3	3	3	3	3	3	3
OG0001856	2	5	3	3	2	2	3	3	2	2	3	3	3	3	3	3	3
OG0001857	1	2	2	3	3	5	2	2	2	2	3	2	3	3	3	2	2
OG0001858	1	3	3	3	3	2	3	3	3	2	3	3	3	3	3	3	3
OG0001859	2	3	2	3	5	2	3	2	3	2	3	3	3	3	3	3	3
OG0001860	2	5	4	1	3	2	3	3	2	2	3	4	3	3	3	3	3
OG0001861	2	2	2	1	2	2	3	4	4	2	2	2	2	2	2	3	4
OG0001862	1	4	3	2	3	3	3	3	2	2	3	3	3	3	3	3	3
OG0001863	1	3	4	2	2	2	2	3	4	1	2	3	2	2	2	2	3
OG0001864	1	1	1	6	4	1	3	5	2	1	2	1	3	3	3	3	3
OG0001865	1	3	2	5	6	2	1	3	3	2	3	3	3	3	3	3	3
OG0001866	1	20	4	1	1	1	1	2	1	1	1	5	1	1	1	1	1
OG0001898	3	4	3	2	3	2	3	3	2	3	3	3	3	3	3	3	3
OG0001899	6	2	2	2	3	3	3	2	2	2	2	2	2	3	3	3	2
OG0001900	2	2	2	3	3	3	3	3	2	2	3	2	3	3	3	3	3
OG0001901	1	1	1	1	13	3	0	3	1	1	1	1	1	3	3	2	2
OG0001902	2	2	2	1	3	3	4	3	2	2	2	2	2	3	3	3	3
OG0001903	4	3	3	4	1	2	4	3	2	3	3	3	3	3	3	3	3
OG0001904	1	2	1	1	2	4	5	2	3	1	2	2	2	2	3	3	3
OG0001905	3	3	3	2	2	2	3	3	3	2	2	3	2	2	2	3	3
OG0001906	1	5	3	2	3	1	3	3	4	2	3	3	3	3	3	3	3
OG0001907	2	3	3	2	2	3	2	3	3	2	3	3	3	3	3	3	3
OG0001908	2	6	3	2	5	2	2	2	2	2	2	3	2	2	2	2	2
OG0001909	2	2	1	2	3	3	2	4	2	2	2	2	2	2	2	2	2
OG0001910	3	5	5	2	2	3	2	2	2	2	2	5	2	2	2	2	2
OG0001911	1	4	3	1	3	2	3	3	3	2	3	3	3	3	3	3	3
OG0001912	3	4	2	2	3	3	3	2	2	3	3	3	3	3	3	3	2
OG0001913	2	4	3	3	3	3	3	2	2	2	3	3	3	3	3	3	2
OG0001914	1	5	4	3	4	2	3	2	2	2	3	4	3	3	3	3	2
OG0001915	2	4	4	3	2	3	2	2	2	2	3	4	3	3	3	2	2
OG0001917	2	2	2	2	2	3	3	3	3	2	2	2	2	2	3	3	3
OG0001918	4	4	3	1	3	3	3	3	1	3	3	3	3	3	3	3	3
OG0001919	1	3	3	3	3	3	3	3	2	2	3	3	3	3	3	3	3
OG0001920	20	0	0	9	0	1	1	1	0	3	2	0	2	1	1	1	1
OG0001921	5	3	3	4	2	3	2	2	2	3	3	3	3	3	3	2	2
OG0001922	10	3	2	2	2	1	2	3	2	3	2	2	2	2	2	2	2
OG0001923	4	4	2	3	2	2	3	3	3	3	3	3	3	3	3	3	3
OG0001924	4	5	3	3	3	3	3	1	2	3	3	3	3	3	3	3	2
OG0001925	2	2	3	2	3	3	3	3	3	2	3	3	3	3	3	3	3
OG0001926	1	5	3	1	3	3	3	2	3	2	3	3	3	3	3	3	3
OG0001928	3	2	3	2	2	3	4	2	2	2	2	2	2	2	2	2	2
OG0001929	1	0	0	3	3	1	7	0	10	1	2	0	3	3	3	5	5
OG0001930	3	1	3	1	2	3	3	3	3	2	2	2	2	2	3	3	3
OG0001931	3	3	3	5	4	1	3	2	2	3	3	3	3	3	3	3	2
OG0001932	2	3	2	2	3	3	3	3	2	2	3	3	3	3	3	3	3
OG0001933	1	0	1	1	1	1	3	6	5	1	1	1	1	1	1	3	5
OG0001934	2	2	2	3	2	3	3	3	3	2	3	2	3	3	3	3	3
OG0001935	2	2	3	1	1	3	3	3	3	2	2	2	2	2	3	3	3
OG0001936	2	3	3	1	3	2	3	3	3	2	3	3	3	3	3	3	3
OG0001937	2	6	0	0	0	4	0	4	2	2	2	2	2	2	2	2	2
OG0001938	1	3	2	3	2	3	3	3	3	2	3	3	3	3	3	3	3
OG0001939	3	2	3	1	4	2	3	3	3	2	2	2	2	3	3	3	3
OG0001940	1	2	2	3	2	4	3	2	2	1	2	2	2	2	2	2	2
OG0001941	2	7	4	2	3	2	2	2	2	2	2	4	2	2	2	2	2
OG0001942	2	3	2	3	2	2	3	4	3	2	2	2	2	2	2	3	3
OG0001943	3	5	3	3	4	2	0	3	2	3	3	3	3	3	2	2	2
OG0001944	2	5	5	2	3	2	3	3	2	2	3	5	3	3	3	3	3
OG0001945	2	3	2	2	2	5	2	2	2	2	2	2	2	2	2	2	2
OG0001946	2	4	3	1	3	3	3	3	2	2	3	3	3	3	3	3	3
OG0001947	2	2	3	3	3	4	2	2	2	2	3	3	3	3	3	2	2
OG0001948	1	2	3	2	2	2	3	4	4	1	2	2	2	2	2	3	4
OG0001949	3	4	3	2	3	3	3	1	3	3	3	3	3	3	3	3	3
OG0001950	1	2	3	2	3	3	3	3	3	2	2	2	2	3	3	3	3
OG0001951	1	3	3	3	3	3	3	3	2	2	3	3	3	3	3	3	3
OG0001952	3	2	3	3	3	3	3	3	2	3	3	3	3	3	3	3	3
OG0001953	4	3	3	5	2	2	5	2	2	3	3	3	3	2	2	2	2
OG0001954	1	1	1	1	1	5	2	3	3	1	1	1	1	1	2	2	3
OG0001955	2	1	1	1	3	3	2	3	4	2	2	1	2	3	3	3	3
OG0001956	3	2	2	1	2	5	1	2	2	2	2	2	2	2	2	2	2
OG0001957	1	21	2	2	2	1	1	1	1	1	2	3	2	2	1	1	1
OG0001958	1	2	2	1	3	3	4	3	2	1	2	2	2	3	3	3	3
OG0001959	2	4	3	3	2	3	3	3	1	2	3	3	3	3	3	3	3
OG0001960	3	3	2	2	4	2	2	3	2	2	2	2	2	2	2	2	2
OG0001961	1	4	3	1	4	3	3	3	2	2	3	3	3	3	3	3	3
OG0001962	2	2	2	2	3	3	3	3	2	2	2	2	2	3	3	3	3
OG0001963	1	3	5	2	4	1	3	3	3	2	3	3	3	3	3	3	3
OG0001964	1	3	3	3	3	2	3	3	3	2	3	3	3	3	3	3	3
OG0001965	1	1	1	1	3	2	4	3	5	1	1	1	1	3	3	4	4
OG0001966	2	3	2	2	3	3	3	3	2	2	3	3	3	3	3	3	3
OG0001967	1	3	4	2	2	4	2	2	2	1	2	3	2	2	2	2	2
OG0001968	1	5	4	3	4	3	2	2	2	2	3	4	3	3	3	2	2
OG0001992	2	3	3	1	2	2	5	3	2	2	2	3	2	2	2	3	3
OG0001993	1	4	2	2	3	3	3	3	2	2	3	3	3	3	3	3	3
OG0001994	2	4	3	4	1	1	3	3	3	2	3	3	3	2	2	3	3
OG0001995	4	5	3	1	2	1	2	3	4	2	2	3	2	2	2	2	3
OG0001996	2	1	2	2	2	2	4	3	4	2	2	2	2	2	2	3	3
OG0001997	2	2	5	3	3	2	3	3	2	2	3	3	3	3	3	3	3
OG0001998	4	4	2	1	1	1	5	3	4	2	2	2	2	2	2	4	4
OG0001999	1	5	1	2	6	2	1	2	4	1	2	2	2	2	2	2	2
OG0002000	1	3	2	0	2	3	5	3	3	1	2	2	2	2	3	3	3
OG0002001	1	1	0	1	0	1	6	4	5	1	1	1	1	1	1	4	4
OG0002002	3	2	1	1	1	2	0	5	4	2	2	2	2	2	2	2	4
OG0002003	1	3	2	2	3	3	3	3	2	2	2	2	2	3	3	3	3
OG0002004	1	17	1	1	2	1	1	2	2	1	2	3	2	2	2	2	2
OG0002005	3	6	3	3	3	0	3	3	3	3	3	3	3	3	3	3	3
OG0002006	6	3	3	1	3	2	0	2	4	2	2	3	2	2	2	2	2
OG0002007	3	6	3	1	3	3	2	2	2	3	3	3	3	3	3	2	2
OG0002008	2	4	3	5	3	2	2	2	2	2	3	3	3	3	2	2	2
OG0002009	2	3	3	2	2	2	3	3	3	2	2	3	2	2	2	3	3
OG0002010	5	4	2	1	2	2	3	2	2	2	2	2	2	2	2	2	2
OG0002011	1	5	3	2	3	2	3	3	2	2	3	3	3	3	3	3	3
OG0002012	3	5	3	3	3	2	3	2	2	3	3	3	3	3	3	3	2
OG0002013	32	1	1	2	0	0	0	0	0	4	1	1	1	0	0	0	0
OG0002014	4	9	3	2	2	2	2	1	2	2	2	3	2	2	2	2	2
OG0002015	2	3	2	2	3	3	0	3	3	2	3	3	3	3	3	3	3
OG0002016	1	4	3	4	3	3	2	2	2	2	3	3	3	3	3	2	2
OG0002017	3	8	3	2	3	2	2	2	2	2	2	3	2	2	2	2	2
OG0002018	2	4	2	3	4	2	3	2	3	2	3	3	3	3	3	3	3
OG0002019	1	1	2	2	2	4	2	3	2	1	2	2	2	2	2	2	2
OG0002020	7	4	2	3	2	2	2	2	2	3	3	3	3	2	2	2	2
OG0002021	3	6	2	1	1	3	2	3	2	2	2	2	2	2	2	2	2
OG0002022	2	5	3	1	2	4	2	2	2	2	2	3	2	2	2	2	2
OG0002023	1	2	2	2	3	3	2	3	3	1	2	2	2	3	3	3	3
OG0002024	1	2	4	2	2	2	2	3	4	1	2	2	2	2	2	2	3
OG0002025	2	5	2	4	2	2	2	3	2	2	3	3	3	2	2	2	2
OG0002026	1	1	2	2	3	3	2	3	4	1	2	2	2	3	3	3	3
OG0002027	2	3	3	3	3	2	3	2	3	2	3	3	3	3	3	3	3
OG0002028	2	2	2	2	3	2	3	3	4	2	2	2	2	3	3	3	3
OG0002029	2	3	3	3	3	2	2	3	3	2	3	3	3	3	3	3	3
OG0002030	3	3	3	3	2	2	3	3	2	3	3	3	3	3	3	3	3
OG0002031	1	3	3	2	3	3	3	3	2	2	3	3	3	3	3	3	3
OG0002032	3	4	4	3	3	3	2	2	2	3	3	4	3	3	3	2	2
OG0002033	2	8	2	3	2	2	4	2	2	2	2	3	2	2	2	2	2
OG0002034	6	2	2	2	3	2	3	3	2	2	2	2	2	3	3	3	3
OG0002035	1	3	3	3	3	2	3	3	2	2	3	3	3	3	3	3	3
OG0002036	1	2	3	2	3	3	3	3	3	2	2	2	2	3	3	3	3
OG0002037	2	3	3	2	3	3	3	2	2	2	3	3	3	3	3	3	2
OG0002038	3	3	2	2	2	4	2	2	2	2	2	2	2	2	2	2	2
OG0002039	1	1	1	1	1	1	4	4	6	1	1	1	1	1	1	4	4
OG0002040	1	2	2	2	2	2	12	2	2	1	2	2	2	2	2	2	2
OG0002041	3	7	3	4	2	2	2	2	2	3	3	3	3	2	2	2	2
OG0002042	1	2	2	1	2	3	2	4	3	1	2	2	2	2	2	2	3
OG0002043	1	1	2	1	3	3	4	3	3	1	2	2	2	3	3	3	3
OG0002044	3	1	3	3	2	2	2	4	3	2	2	2	2	2	2	2	3
OG0002045	1	3	2	3	3	2	3	3	3	2	3	3	3	3	3	3	3
OG0002046	1	3	1	1	3	2	2	4	3	1	2	2	2	2	2	2	3
OG0002047	1	3	3	3	3	2	3	3	2	2	3	3	3	3	3	3	3
OG0002048	1	1	0	5	2	1	2	5	4	1	2	1	2	2	2	2	4
OG0002049	1	2	3	1	2	2	3	3	4	1	2	2	2	2	2	3	3
OG0002050	1	6	4	1	3	3	2	2	2	2	3	4	3	3	3	2	2
OG0002051	1	2	1	2	1	3	4	4	3	1	2	2	2	2	3	4	4
OG0002052	2	2	2	2	2	3	3	3	3	2	2	2	2	2	3	3	3
OG0002053	2	2	3	3	2	4	2	2	2	2	2	2	2	2	2	2	2
OG0002054	1	2	2	1	1	3	3	4	3	1	2	2	2	2	3	3	3
OG0002055	1	1	2	3	3	3	4	3	3	2	3	2	3	3	3	3	3
OG0002056	3	9	2	2	2	2	2	2	2	2	2	3	2	2	2	2	2
OG0002057	2	3	2	1	3	3	2	3	3	2	2	2	2	3	3	3	3
OG0002058	2	1	3	8	4	3	2	2	1	2	3	3	3	3	3	2	2
OG0002059	1	3	3	3	3	3	3	3	2	2	3	3	3	3	3	3	3
OG0002060	1	10	1	0	3	2	0	3	3	1	2	2	2	2	2	2	3
OG0002061	2	0	1	0	7	2	9	2	2	1	1	1	1	2	2	2	2
OG0002089	4	2	2	3	2	1	4	3	2	2	2	2	2	2	2	3	3
OG0002090	3	3	3	5	3	1	3	3	2	3	3	3	3	3	3	3	3
OG0002091	2	10	2	2	2	2	2	2	2	2	2	3	2	2	2	2	2
OG0002092	4	4	6	2	1	2	2	2	2	2	2	4	2	2	2	2	2
OG0002093	6	3	2	2	2	2	3	2	2	2	2	2	2	2	2	2	2
OG0002094	1	3	2	2	2	2	3	3	3	1	2	2	2	2	2	3	3
OG0002095	1	3	5	3	2	3	2	2	2	2	3	3	3	3	3	2	2
OG0002096	2	5	3	3	3	2	3	3	1	2	3	3	3	3	3	3	3
OG0002097	1	6	1	0	1	4	0	3	2	1	1	1	1	1	2	2	2
OG0002098	1	2	2	2	1	3	3	2	4	1	2	2	2	2	3	3	3
OG0002099	1	3	3	2	5	2	2	2	2	1	2	3	2	2	2	2	2
OG0002100	1	3	2	3	3	2	3	3	2	2	3	3	3	3	3	3	3
OG0002101	4	2	4	2	2	2	3	2	2	2	2	2	2	2	2	2	2
OG0002102	4	4	3	2	3	3	2	2	2	3	3	3	3	3	3	2	2
OG0002103	2	3	3	5	6	3	0	2	0	2	3	3	3	3	3	1	1
OG0002104	2	2	2	1	2	2	5	3	3	2	2	2	2	2	2	3	3
OG0002105	1	1	3	1	1	2	4	4	3	1	1	1	1	1	2	3	3
OG0002106	7	2	1	1	1	0	3	4	4	2	1	1	1	1	1	3	4
OG0002107	2	2	2	1	1	3	3	3	2	2	2	2	2	2	3	3	3
OG0002108	2	3	3	3	2	2	3	3	2	2	3	3	3	3	3	3	3
OG0002109	1	2	2	3	1	2	4	3	3	1	2	2	2	2	2	3	3
OG0002110	11	0	0	2	2	1	0	3	4	3	2	0	2	2	2	2	3
OG0002111	1	2	3	2	2	3	2	3	3	1	2	2	2	2	2	2	3
OG0002112	2	5	3	3	3	3	2	2	2	2	3	3	3	3	3	2	2
OG0002113	3	3	3	4	3	2	2	2	2	3	3	3	3	3	2	2	2
OG0002114	3	1	2	2	3	3	2	3	2	2	2	2	2	2	2	2	2
OG0002115	2	4	2	3	2	3	2	2	2	2	2	2	2	2	2	2	2
OG0002116	4	6	3	2	2	2	2	2	2	2	2	3	2	2	2	2	2
OG0002117	4	2	3	1	2	2	2	3	3	2	2	2	2	2	2	2	3
OG0002118	4	2	2	3	3	2	2	2	3	2	2	2	2	2	2	2	2
OG0002119	2	4	2	1	3	2	3	3	3	2	3	3	3	3	3	3	3
OG0002120	2	5	3	3	3	2	3	2	2	2	3	3	3	3	3	3	2
OG0002121	2	3	3	3	2	2	3	3	3	2	3	3	3	3	3	3	3
OG0002122	2	3	3	4	3	3	1	2	2	2	3	3	3	3	3	2	2
OG0002123	11	3	2	2	2	0	2	3	2	3	2	2	2	2	2	2	2
OG0002124	10	3	2	2	2	2	2	1	2	3	2	2	2	2	2	2	2
OG0002125	6	8	2	1	2	2	2	2	2	2	2	2	2	2	2	2	2
OG0002126	1	2	3	3	3	3	2	2	4	2	3	3	3	3	3	3	3
OG0002127	4	2	2	2	1	2	3	3	2	2	2	2	2	2	2	3	3
OG0002128	2	2	1	1	2	3	3	3	4	2	2	2	2	2	3	3	3
OG0002129	1	11	2	2	2	2	2	2	2	1	2	3	2	2	2	2	2
OG0002130	1	5	3	2	3	3	2	2	2	2	3	3	3	3	3	2	2
OG0002131	1	3	3	5	1	3	2	3	2	2	3	3	3	2	2	2	2
OG0002132	2	6	1	2	3	3	2	2	2	2	3	3	3	3	3	2	2
OG0002133	2	8	2	3	2	2	2	2	2	2	2	3	2	2	2	2	2
OG0002134	2	14	2	2	2	2	1	1	1	2	2	3	2	2	2	1	1
OG0002135	2	2	3	3	3	2	3	2	2	2	3	3	3	3	3	3	2
OG0002136	2	2	2	2	2	3	5	3	2	2	2	2	2	2	3	3	3
OG0002137	1	3	2	2	2	2	3	3	4	1	2	2	2	2	2	3	3
OG0002138	1	3	2	1	2	3	0	3	4	1	2	2	2	2	2	2	3
OG0002139	1	0	1	1	0	11	0	0	0	1	1	1	1	1	1	0	0
OG0002140	1	1	1	0	1	2	6	2	6	1	1	1	1	1	2	4	4
OG0002141	1	15	2	2	2	1	2	2	1	1	2	3	2	2	2	2	2
OG0002142	3	4	2	1	1	2	3	3	2	2	2	2	2	2	2	3	3
OG0002143	2	4	3	3	2	2	3	3	2	2	3	3	3	3	3	3	3
OG0002144	2	3	3	3	3	3	3	2	2	2	3	3	3	3	3	3	2
OG0002145	3	2	1	1	1	1	2	5	3	1	1	1	1	1	1	2	3
OG0002146	2	3	2	2	3	2	3	2	3	2	3	3	3	3	3	3	3
OG0002147	2	2	5	2	2	4	2	2	2	2	2	2	2	2	2	2	2
OG0002148	1	3	3	2	1	2	4	3	2	1	2	3	2	2	2	3	3
OG0002149	1	1	1	3	2	3	1	4	2	1	2	1	2	2	2	2	2
OG0002150	1	4	3	1	3	3	2	3	2	2	3	3	3	3	3	2	2
OG0002151	2	3	2	3	4	1	3	3	3	2	3	3	3	3	3	3	3
OG0002152	2	3	2	3	2	3	3	2	2	2	3	3	3	3	3	3	2
OG0002153	5	4	2	1	3	1	3	2	3	3	3	3	3	3	3	3	3
OG0002154	2	4	2	4	3	3	2	2	2	2	3	3	3	3	3	2	2
OG0002155	2	3	3	2	2	3	2	2	2	2	2	3	2	2	2	2	2
OG0002156	2	3	2	2	2	2	4	3	3	2	2	2	2	2	2	3	3
OG0002157	2	10	2	2	2	2	2	2	2	2	2	3	2	2	2	2	2
OG0002158	1	2	2	2	2	3	4	3	2	1	2	2	2	2	3	3	3
OG0002159	1	2	1	1	2	2	2	3	5	1	2	2	2	2	2	2	3
OG0002160	4	5	3	3	3	2	2	2	2	3	3	3	3	3	2	2	2
OG0002161	2	2	3	2	2	4	2	2	2	2	2	2	2	2	2	2	2
OG0002162	8	2	2	1	2	2	3	2	2	3	2	2	2	2	2	2	2
OG0002163	3	1	3	2	2	2	3	3	3	2	2	2	2	2	2	3	3
OG0002164	1	2	2	2	2	3	3	3	2	1	2	2	2	2	3	3	3
OG0002165	2	6	5	2	2	2	2	2	2	2	2	5	2	2	2	2	2
OG0002166	1	1	11	1	4	3	1	2	0	2	2	3	2	2	2	1	1
OG0002167	1	6	2	3	1	2	3	3	3	2	2	3	2	2	2	3	3
OG0002168	1	3	1	2	4	2	4	3	3	1	2	2	2	3	3	3	3
OG0002169	2	1	3	2	3	2	2	4	3	2	2	2	2	2	2	2	3
OG0002170	2	10	2	2	2	2	2	2	2	2	2	3	2	2	2	2	2
OG0002171	1	3	2	2	3	2	3	3	3	2	2	2	2	3	3	3	3
OG0002172	1	2	1	2	3	2	4	3	3	1	2	2	2	3	3	3	3
OG0002173	1	2	3	2	2	2	2	3	4	1	2	2	2	2	2	2	3
OG0002174	1	3	5	3	2	2	2	3	2	2	3	3	3	2	2	2	2
OG0002175	1	2	3	2	5	2	3	2	2	1	2	2	2	2	2	2	2
OG0002176	1	2	2	2	2	3	3	3	3	1	2	2	2	2	3	3	3
OG0002200	13	1	1	2	2	1	3	1	2	3	2	1	2	2	2	2	2
OG0002201	2	4	2	1	2	2	5	2	2	2	2	2	2	2	2	2	2
OG0002203	5	2	4	0	0	1	3	4	4	2	2	2	1	1	1	3	4
OG0002204	2	6	4	3	3	2	3	1	1	2	3	4	3	3	3	3	1
OG0002205	1	1	1	2	3	4	2	2	2	1	2	1	2	2	2	2	2
OG0002206	3	6	3	3	2	2	2	2	2	3	3	3	3	2	2	2	2
OG0002207	2	3	2	1	1	4	2	2	2	2	2	2	2	2	2	2	2
OG0002208	2	6	3	3	3	2	2	2	2	2	3	3	3	3	2	2	2
OG0002209	1	2	4	3	3	2	2	2	3	2	3	3	3	3	2	2	2
OG0002210	3	4	3	2	3	0	3	3	3	3	3	3	3	3	3	3	3
OG0002211	3	8	2	2	2	2	2	2	2	2	2	2	2	2	2	2	2
OG0002212	2	5	3	3	3	2	2	2	2	2	3	3	3	3	2	2	2
OG0002213	1	3	2	2	3	3	3	2	2	2	2	2	2	3	3	3	2
OG0002214	1	4	6	3	3	2	2	2	2	2	3	4	3	3	2	2	2
OG0002215	1	1	1	2	2	3	3	3	3	1	2	1	2	2	3	3	3
OG0002216	1	3	3	1	3	2	3	3	3	2	3	3	3	3	3	3	3
OG0002217	1	10	2	2	2	2	2	2	2	1	2	3	2	2	2	2	2
OG0002218	3	3	2	1	4	3	2	2	2	2	2	2	2	2	2	2	2
OG0002219	4	5	4	1	3	2	2	2	2	2	2	4	2	2	2	2	2
OG0002220	1	3	4	2	3	3	2	2	2	2	3	3	3	3	3	2	2
OG0002221	1	7	2	3	2	3	1	2	2	1	2	2	2	2	2	2	2
OG0002222	1	2	2	5	3	3	2	2	2	2	3	2	3	3	3	2	2
OG0002223	4	2	2	1	1	1	4	3	4	2	2	2	2	2	2	3	3
OG0002224	1	7	3	3	2	2	5	2	1	2	3	3	3	2	2	2	2
OG0002225	3	5	3	2	2	2	2	2	2	2	2	3	2	2	2	2	2
OG0002226	1	5	3	1	2	2	3	2	2	1	2	3	2	2	2	2	2
OG0002227	4	5	2	3	2	2	3	2	2	3	3	3	3	2	2	2	2
OG0002228	2	4	2	2	2	2	6	2	2	2	2	2	2	2	2	2	2
OG0002229	1	2	1	2	2	3	3	3	2	1	2	2	2	2	3	3	3
OG0002230	3	1	1	1	1	1	3	5	4	1	1	1	1	1	1	3	4
OG0002231	2	5	1	3	3	2	2	3	2	2	3	3	3	3	2	2	2
OG0002232	2	2	2	4	2	3	2	2	2	2	2	2	2	2	2	2	2
OG0002233	2	3	2	2	2	2	3	3	2	2	2	2	2	2	2	3	3
OG0002234	2	6	2	2	3	2	4	2	2	2	2	2	2	2	2	2	2
OG0002235	5	4	2	2	3	2	2	2	2	2	2	2	2	2	2	2	2
OG0002236	5	1	2	1	2	4	3	2	1	2	2	2	2	2	2	2	2
OG0002237	2	2	2	2	2	2	3	3	3	2	2	2	2	2	2	3	3
OG0002238	3	2	2	2	3	3	3	2	2	2	2	2	2	3	3	3	2
OG0002239	2	3	2	2	2	2	2	3	3	2	2	2	2	2	2	2	3
OG0002240	3	5	3	2	3	2	2	2	2	2	2	3	2	2	2	2	2
OG0002241	3	3	2	2	3	3	0	3	2	2	2	2	2	2	2	2	2
OG0002242	2	4	3	2	3	3	2	2	2	2	3	3	3	3	3	2	2
OG0002243	2	5	3	3	2	2	2	2	2	2	3	3	3	2	2	2	2
OG0002244	1	2	1	1	3	3	2	3	3	1	2	2	2	3	3	3	3
OG0002245	5	4	2	1	2	3	2	2	2	2	2	2	2	2	2	2	2
OG0002246	2	4	3	2	3	3	2	2	2	2	3	3	3	3	3	2	2
OG0002247	2	2	2	1	2	2	2	4	4	2	2	2	2	2	2	2	4
OG0002248	3	6	3	1	3	1	2	2	3	2	2	3	2	2	2	2	2
OG0002249	3	4	3	3	3	2	2	2	2	3	3	3	3	3	2	2	2
OG0002250	3	3	2	1	1	2	4	3	2	2	2	2	2	2	2	3	3
OG0002251	3	3	2	2	2	3	2	3	1	2	2	2	2	2	2	2	2
OG0002252	7	3	2	2	2	2	2	2	2	2	2	2	2	2	2	2	2
OG0002253	2	5	3	2	2	2	4	3	2	2	2	3	2	2	2	3	3
OG0002254	1	4	3	3	3	2	2	3	2	2	3	3	3	3	2	2	2
OG0002255	3	3	3	2	3	3	2	2	2	3	3	3	3	3	3	2	2
OG0002256	1	2	2	2	2	2	3	3	4	1	2	2	2	2	2	3	3
OG0002257	3	3	2	2	2	2	0	4	2	2	2	2	2	2	2	2	2
OG0002258	3	3	4	1	2	2	0	3	3	2	2	3	2	2	2	2	3
OG0002259	4	4	2	2	3	3	2	2	2	3	3	3	3	3	3	2	2
OG0002260	2	3	3	3	3	2	3	2	2	2	3	3	3	3	3	3	2
OG0002261	1	2	2	1	3	2	3	3	4	1	2	2	2	3	3	3	3
OG0002262	3	4	3	3	3	2	2	2	2	3	3	3	3	3	2	2	2
OG0002263	1	2	2	2	2	4	2	3	2	1	2	2	2	2	2	2	2
OG0002264	1	2	1	0	1	1	1	4	6	1	1	1	1	1	1	1	4
OG0002265	6	1	2	0	2	1	2	3	4	2	2	2	2	2	2	2	3
OG0002266	2	3	3	3	2	3	2	2	2	2	3	3	3	3	3	2	2
OG0002267	1	1	1	2	2	2	1	4	4	1	2	1	2	2	2	2	4
OG0002268	6	3	2	1	2	2	2	3	2	2	2	2	2	2	2	2	2
OG0002269	2	20	2	2	1	0	2	2	0	2	2	3	2	2	2	2	2
OG0002270	2	2	2	2	2	3	2	2	3	2	2	2	2	2	2	2	2
OG0002271	2	4	3	1	3	3	3	2	2	2	3	3	3	3	3	3	2
OG0002272	1	4	3	2	3	2	0	3	3	1	2	3	2	2	2	2	3
OG0002273	2	2	2	1	3	3	3	2	3	2	2	2	2	3	3	3	3
OG0002274	3	3	3	2	3	2	3	2	2	2	2	3	2	2	2	2	2
OG0002275	3	3	3	3	4	2	3	3	1	3	3	3	3	3	3	3	3
OG0002276	2	2	3	2	2	2	3	3	3	2	2	2	2	2	2	3	3
OG0002277	2	3	5	2	1	3	2	2	2	2	2	3	2	2	2	2	2
OG0002278	1	2	1	2	2	2	4	4	2	1	2	2	2	2	2	3	3
OG0002279	1	2	1	1	2	0	4	4	5	1	2	2	2	2	2	4	4
OG0002280	1	3	2	1	2	4	2	2	2	1	2	2	2	2	2	2	2
OG0002281	1	21	1	1	1	1	1	1	1	1	1	2	1	1	1	1	1
OG0002282	2	2	2	8	2	3	1	2	2	2	2	2	2	2	2	2	2
OG0002283	2	7	3	3	2	2	2	2	2	2	3	3	3	2	2	2	2
OG0002284	1	2	1	1	2	3	3	3	3	1	2	2	2	2	3	3	3
OG0002285	2	3	3	3	2	3	2	2	2	2	3	3	3	3	3	2	2
OG0002286	1	3	3	2	4	2	2	3	2	1	2	3	2	2	2	2	2
OG0002287	1	4	2	2	2	2	2	3	2	1	2	2	2	2	2	2	2
OG0002288	2	2	2	0	2	3	2	3	4	2	2	2	2	2	2	2	3
OG0002289	1	2	4	2	2	3	3	3	2	1	2	2	2	2	3	3	3
OG0002290	1	5	3	3	3	2	2	2	2	2	3	3	3	3	2	2	2
OG0002291	1	17	0	0	2	1	0	2	2	1	1	2	1	1	1	1	2
OG0002292	1	11	1	0	3	1	0	3	4	1	2	2	2	2	2	2	3
OG0002321	2	4	2	1	2	2	3	2	3	2	2	2	2	2	2	3	3
OG0002322	4	6	4	3	4	2	1	1	1	3	3	4	3	3	2	1	1
OG0002323	1	2	2	3	3	0	3	4	4	2	2	2	3	3	3	3	4
OG0002324	4	3	2	2	1	3	2	2	2	2	2	2	2	2	2	2	2
OG0002325	1	3	3	1	3	1	3	3	3	2	3	3	3	3	3	3	3
OG0002326	1	3	3	1	3	2	3	2	3	2	3	3	3	3	3	3	3
OG0002327	3	6	3	4	3	1	2	2	2	3	3	3	3	3	2	2	2
OG0002328	1	1	1	1	2	1	3	4	4	1	1	1	1	2	2	3	4
OG0002329	1	1	2	2	2	3	4	2	3	1	2	2	2	2	3	3	3
OG0002330	2	2	1	1	2	2	2	4	3	2	2	2	2	2	2	2	3
OG0002331	1	9	1	3	1	2	1	2	2	1	2	2	2	2	2	2	2
OG0002332	1	4	2	3	3	3	2	2	2	2	3	3	3	3	3	2	2
OG0002333	2	3	2	2	3	3	3	2	2	2	3	3	3	3	3	3	2
OG0002334	3	1	2	2	1	3	3	3	2	2	2	2	2	2	3	3	3
OG0002335	2	4	2	2	2	3	2	2	2	2	2	2	2	2	2	2	2
OG0002336	1	3	2	2	5	3	0	3	1	2	2	2	2	3	3	2	2
OG0002337	5	1	1	2	2	3	2	2	2	2	2	1	2	2	2	2	2
OG0002338	4	4	2	3	2	2	2	2	2	2	2	2	2	2	2	2	2
OG0002339	2	5	2	7	2	2	2	1	2	2	3	3	3	2	2	2	2
OG0002340	2	8	2	2	2	2	2	2	2	2	2	2	2	2	2	2	2
OG0002341	1	10	2	2	2	2	2	2	2	1	2	3	2	2	2	2	2
OG0002342	3	2	2	2	3	3	2	3	2	2	2	2	2	2	2	2	2
OG0002343	3	3	3	2	2	2	3	2	2	2	2	3	2	2	2	2	2
OG0002344	2	4	2	2	2	2	2	3	2	2	2	2	2	2	2	2	2
OG0002345	3	4	2	4	3	2	2	2	2	3	3	3	3	3	2	2	2
OG0002346	2	2	2	2	2	2	2	3	3	2	2	2	2	2	2	2	3
OG0002347	3	3	3	2	3	2	2	3	2	2	2	3	2	2	2	2	2
OG0002348	3	7	2	2	1	2	2	2	2	2	2	2	2	2	2	2	2
OG0002349	2	7	2	2	2	2	2	2	2	2	2	2	2	2	2	2	2
OG0002350	3	4	3	2	3	3	0	2	2	3	3	3	3	3	3	2	2
OG0002351	1	3	2	1	3	2	3	3	3	1	2	2	2	3	3	3	3
OG0002352	2	3	3	2	3	1	3	3	2	2	3	3	3	3	3	3	3
OG0002353	6	3	2	2	2	2	2	2	2	2	2	2	2	2	2	2	2
OG0002354	2	2	3	2	2	1	3	3	3	2	2	2	2	2	2	3	3
OG0002356	3	3	2	2	2	2	2	2	3	2	2	2	2	2	2	2	2
OG0002357	3	8	2	1	2	2	3	2	1	2	2	2	2	2	2	2	2
OG0002358	2	7	2	2	2	2	2	2	2	2	2	2	2	2	2	2	2
OG0002359	1	5	1	1	2	2	2	3	3	1	2	2	2	2	2	2	3
OG0002360	2	2	2	2	2	2	4	3	2	2	2	2	2	2	2	3	3
OG0002361	2	3	3	2	2	3	2	2	2	2	2	3	2	2	2	2	2
OG0002362	5	2	2	3	2	2	2	2	2	2	2	2	2	2	2	2	2
OG0002363	1	2	2	3	7	2	2	2	2	1	2	2	2	2	2	2	2
OG0002364	1	1	1	1	1	5	2	2	2	1	1	1	1	1	2	2	2
OG0002365	1	4	4	3	3	2	2	2	2	2	3	4	3	3	2	2	2
OG0002366	2	2	2	2	2	2	3	3	3	2	2	2	2	2	2	3	3
OG0002367	4	3	2	4	2	2	2	2	2	2	2	2	2	2	2	2	2
OG0002368	2	2	3	2	3	2	3	3	1	2	3	3	3	3	3	3	3
OG0002369	1	3	2	1	2	3	0	3	4	1	2	2	2	2	2	2	3
OG0002370	3	2	2	1	2	2	2	3	3	2	2	2	2	2	2	2	3
OG0002371	2	1	3	4	2	3	2	2	2	2	2	2	2	2	2	2	2
OG0002372	3	6	3	2	2	2	1	2	2	2	2	3	2	2	2	2	2
OG0002373	1	3	2	3	3	3	2	2	2	2	3	3	3	3	3	2	2
OG0002374	1	2	2	2	2	3	2	3	2	1	2	2	2	2	2	2	2
OG0002375	4	2	2	4	2	3	2	2	2	2	2	2	2	2	2	2	2
OG0002376	1	1	1	1	1	1	1	5	4	1	1	1	1	1	1	1	4
OG0002377	3	2	2	2	2	2	2	3	2	2	2	2	2	2	2	2	2
OG0002378	2	10	1	0	1	1	1	3	2	1	1	1	1	1	1	1	2
OG0002379	3	3	3	3	3	2	0	3	2	3	3	3	3	3	2	2	2
OG0002380	5	2	2	3	2	2	2	2	2	2	2	2	2	2	2	2	2
OG0002381	1	4	4	1	2	3	3	2	2	1	2	4	2	2	2	2	2
OG0002382	2	1	2	5	2	2	2	2	3	2	2	2	2	2	2	2	2
OG0002383	2	3	3	2	5	3	0	2	2	2	3	3	3	3	3	2	2
OG0002384	2	7	2	2	2	2	2	2	2	2	2	2	2	2	2	2	2
OG0002385	3	3	5	2	2	2	2	2	2	2	2	3	2	2	2	2	2
OG0002386	2	8	3	2	2	2	2	2	0	2	2	3	2	2	2	2	2
OG0002387	2	3	3	2	3	2	0	3	2	2	2	3	2	2	2	2	2
OG0002388	1	9	2	1	3	1	3	3	2	2	3	3	3	3	3	3	3
OG0002389	2	10	3	2	2	1	2	2	2	2	2	3	2	2	2	2	2
OG0002390	1	8	2	3	3	2	2	2	2	2	3	3	3	3	2	2	2
OG0002391	1	2	2	2	1	3	2	3	2	1	2	2	2	2	2	2	2
OG0002392	1	3	2	2	2	2	3	3	2	1	2	2	2	2	2	3	3
OG0002393	3	3	2	0	1	2	3	3	3	2	2	2	2	2	2	3	3
OG0002394	1	4	3	2	3	2	0	3	2	1	2	3	2	2	2	2	2
OG0002395	2	7	2	3	3	4	0	1	2	2	3	3	3	3	3	2	2
OG0002396	2	2	1	2	1	2	2	3	4	2	2	2	2	2	2	2	3
OG0002397	1	7	2	2	3	1	3	3	2	2	3	3	3	3	3	3	3
OG0002398	1	3	2	2	3	3	3	3	2	2	2	2	2	3	3	3	3
OG0002399	1	7	3	2	2	3	1	1	2	1	2	3	2	2	2	2	2
OG0002400	2	3	2	2	3	2	2	2	4	2	2	2	2	2	2	2	2
OG0002401	2	3	2	2	2	2	0	3	3	2	2	2	2	2	2	2	3
OG0002402	1	8	2	2	2	2	2	2	2	1	2	2	2	2	2	2	2
OG0002403	1	2	2	2	3	4	3	2	2	1	2	2	2	3	3	3	2
OG0002404	1	6	2	2	2	2	3	2	2	1	2	2	2	2	2	2	2
OG0002405	2	3	3	2	2	2	2	2	2	2	2	3	2	2	2	2	2
OG0002406	1	4	2	3	3	3	2	2	2	2	3	3	3	3	3	2	2
OG0002407	1	2	3	3	2	3	2	2	2	1	2	2	2	2	2	2	2
OG0002408	1	8	2	0	4	3	0	1	2	2	2	3	2	2	2	1	1
OG0002434	3	3	2	1	2	2	3	2	2	2	2	2	2	2	2	2	2
OG0002435	3	2	2	2	2	2	2	3	3	2	2	2	2	2	2	2	3
OG0002436	1	0	1	1	1	2	1	4	4	1	1	1	1	1	2	2	4
OG0002437	2	4	3	3	3	2	2	2	2	2	3	3	3	3	2	2	2
OG0002438	2	4	3	1	2	2	3	2	2	2	2	3	2	2	2	2	2
OG0002439	2	1	2	2	2	2	2	4	2	2	2	2	2	2	2	2	2
OG0002440	3	5	2	3	3	1	2	2	2	3	3	3	3	3	2	2	2
OG0002441	5	3	2	0	2	3	2	2	2	2	2	2	2	2	2	2	2
OG0002442	1	3	4	3	2	2	5	1	2	2	3	3	3	2	2	2	2
OG0002443	1	1	4	1	1	2	2	3	3	1	1	1	1	1	2	2	3
OG0002444	1	1	1	1	1	2	4	3	4	1	1	1	1	1	2	3	3
OG0002445	2	4	3	3	2	2	2	2	2	2	3	3	3	2	2	2	2
OG0002446	3	3	2	2	2	2	2	2	2	2	2	2	2	2	2	2	2
OG0002447	5	3	2	2	2	2	2	2	2	2	2	2	2	2	2	2	2
OG0002448	10	1	2	11	0	0	1	2	0	3	2	2	2	1	1	1	1
OG0002449	2	5	2	3	2	2	2	2	2	2	2	2	2	2	2	2	2
OG0002450	9	2	2	0	3	2	0	3	0	3	2	2	2	2	2	1	1
OG0002451	1	6	2	3	3	2	2	2	2	2	3	3	3	3	2	2	2
OG0002452	1	4	2	3	3	3	2	2	2	2	3	3	3	3	3	2	2
OG0002453	1	7	2	2	2	2	2	2	2	1	2	2	2	2	2	2	2
OG0002454	1	3	6	2	2	2	2	2	2	1	2	3	2	2	2	2	2
OG0002455	4	5	2	2	2	2	2	2	2	2	2	2	2	2	2	2	2
OG0002456	1	4	3	4	2	2	2	2	2	2	3	3	3	2	2	2	2
OG0002457	2	3	2	2	2	3	2	2	2	2	2	2	2	2	2	2	2
OG0002458	1	3	2	2	2	2	2	3	3	1	2	2	2	2	2	2	3
OG0002459	4	3	3	2	2	2	4	2	2	2	2	3	2	2	2	2	2
OG0002460	4	3	3	2	3	2	2	2	2	2	2	3	2	2	2	2	2
OG0002461	3	3	2	2	2	1	4	2	3	2	2	2	2	2	2	3	3
OG0002462	2	2	2	2	3	2	3	2	2	2	2	2	2	2	2	2	2
OG0002463	4	1	2	2	2	3	3	2	2	2	2	2	2	2	2	2	2
OG0002464	2	2	2	2	2	2	5	2	2	2	2	2	2	2	2	2	2
OG0002465	3	2	2	3	2	2	3	2	2	2	2	2	2	2	2	2	2
OG0002466	5	1	3	4	2	2	2	2	2	2	2	2	2	2	2	2	2
OG0002467	3	4	3	2	3	2	0	3	0	2	2	3	2	2	2	1	1
OG0002468	3	1	2	2	2	2	1	4	2	2	2	2	2	2	2	2	2
OG0002469	3	3	4	2	2	2	2	2	2	2	2	3	2	2	2	2	2
OG0002470	3	3	3	3	3	3	0	1	2	3	3	3	3	3	3	2	2
OG0002471	2	8	1	3	0	2	2	2	2	2	2	2	2	2	2	2	2
OG0002472	3	1	2	2	2	2	2	3	3	2	2	2	2	2	2	2	3
OG0002473	6	4	2	2	2	2	2	2	1	2	2	2	2	2	2	2	2
OG0002474	3	4	2	3	2	2	2	2	2	2	2	2	2	2	2	2	2
OG0002475	2	2	3	3	2	2	3	2	2	2	2	2	2	2	2	2	2
OG0002476	1	2	2	1	2	2	2	3	3	1	2	2	2	2	2	2	3
OG0002477	3	5	2	2	2	2	2	2	2	2	2	2	2	2	2	2	2
OG0002478	2	2	3	4	2	2	4	2	2	2	2	2	2	2	2	2	2
OG0002479	2	3	2	4	3	1	2	2	2	2	3	3	3	3	2	2	2
OG0002480	1	7	2	2	2	2	2	2	2	1	2	2	2	2	2	2	2
OG0002481	4	4	4	2	2	2	3	1	2	2	2	4	2	2	2	2	2
OG0002482	1	3	3	2	5	2	2	2	2	1	2	3	2	2	2	2	2
OG0002483	1	2	2	1	3	2	3	3	2	1	2	2	2	3	3	3	3
OG0002484	2	5	2	3	2	2	2	2	2	2	2	2	2	2	2	2	2
OG0002485	3	5	2	2	2	2	2	2	2	2	2	2	2	2	2	2	2
OG0002486	2	2	1	1	1	3	3	3	2	2	2	2	2	2	3	3	3
OG0002487	1	2	3	2	3	3	0	3	2	1	2	2	2	2	2	2	2
OG0002488	3	4	2	4	1	2	2	2	2	3	3	3	3	2	2	2	2
OG0002489	2	9	1	1	2	2	2	2	2	2	2	2	2	2	2	2	2
OG0002490	1	1	1	1	2	3	3	3	2	1	1	1	1	2	3	3	3
OG0002491	3	3	1	2	2	3	2	2	2	2	2	2	2	2	2	2	2
OG0002492	2	3	1	2	2	3	2	3	1	2	2	2	2	2	2	2	2
OG0002493	4	5	5	3	3	2	0	1	1	3	3	5	3	3	2	1	1
OG0002494	1	2	3	1	2	2	2	3	2	1	2	2	2	2	2	2	2
OG0002495	1	5	5	3	2	2	2	1	2	2	3	5	3	2	2	2	2
OG0002496	3	1	1	1	2	3	2	3	2	1	1	1	1	2	2	2	2
OG0002497	1	5	4	2	2	2	2	2	2	1	2	4	2	2	2	2	2
OG0002498	2	3	2	2	2	3	2	2	2	2	2	2	2	2	2	2	2
OG0002499	1	3	3	2	3	3	0	2	2	2	3	3	3	3	3	2	2
OG0002500	1	4	2	2	2	1	3	3	3	1	2	2	2	2	2	3	3
OG0002501	1	2	2	3	2	2	6	2	2	1	2	2	2	2	2	2	2
OG0002502	2	3	2	1	2	3	2	2	2	2	2	2	2	2	2	2	2
OG0002503	2	1	2	2	2	3	3	2	2	2	2	2	2	2	2	2	2
OG0002504	2	1	2	1	2	2	3	3	3	2	2	2	2	2	2	3	3
OG0002505	2	3	5	4	2	2	2	2	2	2	3	3	3	2	2	2	2
OG0002506	3	5	4	1	1	2	2	2	2	2	2	4	2	2	2	2	2
OG0002507	4	3	3	3	2	2	2	2	2	3	3	3	3	2	2	2	2
OG0002508	2	4	2	2	2	2	2	2	2	2	2	2	2	2	2	2	2
OG0002509	2	2	2	2	4	2	2	3	2	2	2	2	2	2	2	2	2
OG0002510	1	5	4	2	3	0	3	3	2	2	3	4	3	3	3	3	3
OG0002511	8	2	2	2	2	2	2	2	1	3	2	2	2	2	2	2	2
OG0002512	4	2	2	2	2	2	2	2	3	2	2	2	2	2	2	2	2
OG0002513	1	1	1	1	1	4	3	2	3	1	1	1	1	1	3	3	3
OG0002514	2	2	2	1	2	2	3	2	4	2	2	2	2	2	2	3	3
OG0002515	2	2	1	1	2	2	2	3	4	2	2	2	2	2	2	2	3
OG0002516	2	3	2	2	2	3	3	2	2	2	2	2	2	2	2	2	2
OG0002517	2	2	2	1	2	2	2	3	3	2	2	2	2	2	2	2	3
OG0002518	1	18	1	2	1	1	1	1	1	1	2	3	2	1	1	1	1
OG0002519	1	3	3	1	2	2	2	2	4	1	2	3	2	2	2	2	2
OG0002520	3	2	2	2	2	2	4	2	2	2	2	2	2	2	2	2	2
OG0002521	2	6	2	2	2	2	2	2	2	2	2	2	2	2	2	2	2
OG0002522	1	2	1	3	2	3	3	2	2	1	2	2	2	2	2	2	2
OG0002523	1	2	1	3	2	2	5	3	2	1	2	2	2	2	2	3	3
OG0002524	1	5	2	1	2	2	3	2	2	1	2	2	2	2	2	2	2
OG0002525	1	2	3	2	2	2	7	2	2	1	2	2	2	2	2	2	2
OG0002526	2	2	1	3	3	3	1	2	2	2	2	2	3	3	3	2	2
OG0002527	2	1	2	2	1	4	2	2	2	2	2	2	2	2	2	2	2
OG0002528	1	3	3	3	2	2	3	3	0	2	3	3	3	3	3	3	3
OG0002529	1	0	2	0	0	4	0	2	6	1	1	1	1	1	2	2	2
OG0002568	1	5	1	1	0	3	3	2	2	1	1	1	1	1	2	2	2
OG0002569	4	3	2	4	2	2	2	2	1	2	2	2	2	2	2	2	2
OG0002570	3	2	3	3	3	2	2	2	2	2	2	2	2	2	2	2	2
OG0002571	3	1	2	2	1	4	1	2	2	2	2	2	2	2	2	2	2
OG0002572	3	4	2	2	2	2	2	2	2	2	2	2	2	2	2	2	2
OG0002573	2	4	3	3	1	2	2	2	2	2	3	3	3	2	2	2	2
OG0002574	6	3	2	2	2	2	2	2	2	2	2	2	2	2	2	2	2
OG0002575	2	4	2	2	2	2	2	2	2	2	2	2	2	2	2	2	2
OG0002576	2	3	3	3	2	2	2	2	2	2	3	3	3	2	2	2	2
OG0002577	6	2	2	2	2	2	2	2	2	2	2	2	2	2	2	2	2
OG0002578	1	3	2	0	2	4	2	2	2	1	2	2	2	2	2	2	2
OG0002579	4	3	2	4	3	1	3	2	2	3	3	3	3	3	3	3	2
OG0002580	4	3	2	2	2	2	2	2	2	2	2	2	2	2	2	2	2
OG0002581	2	4	2	2	2	0	3	3	2	2	2	2	2	2	2	3	3
OG0002582	4	2	2	2	3	2	2	2	2	2	2	2	2	2	2	2	2
OG0002583	2	0	1	10	0	0	3	3	3	2	2	1	2	2	2	3	3
OG0002584	2	2	2	1	3	2	2	3	2	2	2	2	2	2	2	2	2
OG0002585	2	4	2	3	2	2	2	2	2	2	2	2	2	2	2	2	2
OG0002586	1	3	2	2	4	2	2	2	2	1	2	2	2	2	2	2	2
OG0002587	4	5	2	2	3	1	2	2	2	2	2	2	2	2	2	2	2
OG0002588	1	3	3	1	2	2	5	2	2	1	2	3	2	2	2	2	2
OG0002589	2	3	2	2	2	2	2	2	2	2	2	2	2	2	2	2	2
OG0002590	1	2	6	2	2	2	2	2	2	1	2	2	2	2	2	2	2
OG0002591	4	3	2	2	2	2	2	2	2	2	2	2	2	2	2	2	2
OG0002592	3	1	1	1	2	3	3	2	2	1	1	1	1	2	2	2	2
OG0002593	5	4	2	2	3	2	2	2	2	2	2	2	2	2	2	2	2
OG0002594	2	6	2	2	2	2	2	2	2	2	2	2	2	2	2	2	2
OG0002595	2	2	2	1	3	2	2	3	2	2	2	2	2	2	2	2	2
OG0002596	7	2	2	1	1	2	2	2	2	2	2	2	2	2	2	2	2
OG0002597	3	4	2	2	2	2	2	2	2	2	2	2	2	2	2	2	2
OG0002598	4	5	3	2	2	2	0	2	2	2	2	3	2	2	2	2	2
OG0002599	3	2	2	1	2	2	3	3	2	2	2	2	2	2	2	3	3
OG0002600	1	3	3	3	3	2	3	1	2	2	3	3	3	3	3	3	2
OG0002601	3	1	0	2	0	3	3	3	2	2	2	1	2	2	3	3	3
OG0002602	1	5	2	2	3	2	2	2	2	1	2	2	2	2	2	2	2
OG0002603	3	3	2	3	2	2	2	2	2	2	2	2	2	2	2	2	2
OG0002604	3	5	2	1	2	2	2	2	2	2	2	2	2	2	2	2	2
OG0002605	2	2	3	4	1	2	1	2	3	2	2	2	2	2	2	2	2
OG0002606	4	3	2	2	2	2	2	2	2	2	2	2	2	2	2	2	2
OG0002607	2	5	3	2	2	2	2	2	2	2	2	3	2	2	2	2	2
OG0002608	5	2	2	2	2	2	2	2	2	2	2	2	2	2	2	2	2
OG0002609	8	2	2	1	1	2	2	2	2	3	2	2	2	2	2	2	2
OG0002610	3	2	2	1	2	3	2	2	2	2	2	2	2	2	2	2	2
OG0002611	1	2	2	4	2	3	2	2	1	1	2	2	2	2	2	2	2
OG0002612	2	3	2	2	2	2	2	2	2	2	2	2	2	2	2	2	2
OG0002613	3	1	1	3	3	2	8	1	1	2	2	1	2	2	2	2	1
OG0002614	2	2	3	1	1	3	2	2	2	2	2	2	2	2	2	2	2
OG0002615	2	3	3	0	2	2	3	2	2	2	2	3	2	2	2	2	2
OG0002616	2	5	2	2	2	2	2	2	2	2	2	2	2	2	2	2	2
OG0002617	5	2	1	2	4	2	2	2	2	2	2	2	2	2	2	2	2
OG0002618	4	3	2	2	2	2	2	2	2	2	2	2	2	2	2	2	2
OG0002619	4	3	2	2	2	2	2	2	2	2	2	2	2	2	2	2	2
OG0002620	2	3	3	5	2	2	2	1	2	2	3	3	3	2	2	2	2
OG0002621	3	3	2	2	3	2	2	2	2	2	2	2	2	2	2	2	2
OG0002622	2	8	1	2	1	2	1	2	2	2	2	2	2	2	2	2	2
OG0002623	3	4	2	2	2	2	2	2	2	2	2	2	2	2	2	2	2
OG0002624	1	2	3	1	2	2	3	3	2	1	2	2	2	2	2	3	3
OG0002625	5	2	2	3	2	2	3	2	2	2	2	2	2	2	2	2	2
OG0002626	1	4	3	2	4	2	0	2	2	1	2	3	2	2	2	2	2
OG0002627	1	7	2	1	2	2	2	2	2	1	2	2	2	2	2	2	2
OG0002628	1	1	2	3	3	3	0	3	2	2	2	2	3	3	3	2	2
OG0002629	1	3	2	2	2	3	3	2	2	1	2	2	2	2	2	2	2
OG0002630	1	6	2	3	2	2	2	2	2	1	2	2	2	2	2	2	2
OG0002631	1	0	0	1	1	5	4	2	2	1	1	0	1	1	2	2	2
OG0002632	2	6	2	1	3	2	2	2	2	2	2	2	2	2	2	2	2
OG0002633	6	2	2	2	2	2	2	2	2	2	2	2	2	2	2	2	2
OG0002634	2	2	1	1	1	2	4	3	3	2	2	2	2	2	2	3	3
OG0002635	2	0	0	0	1	3	3	4	2	1	1	0	1	1	3	3	3
OG0002636	3	2	2	2	2	2	5	2	2	2	2	2	2	2	2	2	2
OG0002637	5	2	3	3	5	0	2	3	2	3	3	3	3	3	2	2	2
OG0002638	3	4	2	3	2	2	2	2	2	2	2	2	2	2	2	2	2
OG0002639	2	4	3	2	3	2	2	2	2	2	2	3	2	2	2	2	2
OG0002640	3	3	2	2	2	3	2	1	2	2	2	2	2	2	2	2	2
OG0002641	3	1	3	5	3	2	2	1	2	3	3	3	3	3	2	2	2
OG0002642	3	3	4	2	2	3	1	2	0	2	2	3	2	2	2	1	1
OG0002643	1	3	3	3	3	2	2	2	2	2	3	3	3	3	2	2	2
OG0002644	3	5	2	1	2	2	2	2	2	2	2	2	2	2	2	2	2
OG0002645	3	3	3	2	2	2	2	2	2	2	2	3	2	2	2	2	2
OG0002646	3	4	2	2	2	2	2	2	2	2	2	2	2	2	2	2	2
OG0002647	2	2	1	2	2	2	2	3	3	2	2	2	2	2	2	2	3
OG0002648	1	3	2	3	3	1	4	3	2	2	3	3	3	3	3	3	3
OG0002649	1	1	2	2	2	5	1	1	2	1	2	2	2	2	2	2	2
OG0002650	2	3	2	4	2	2	2	2	2	2	2	2	2	2	2	2	2
OG0002651	1	5	3	2	2	2	2	2	2	1	2	3	2	2	2	2	2
OG0002652	2	5	2	2	2	2	2	2	2	2	2	2	2	2	2	2	2
OG0002653	1	1	1	1	1	2	3	4	3	1	1	1	1	1	2	3	3
OG0002654	2	3	2	4	2	2	2	2	2	2	2	2	2	2	2	2	2
OG0002655	2	5	3	2	2	2	0	2	2	2	2	3	2	2	2	2	2
OG0002656	2	8	3	1	2	2	2	1	2	2	2	3	2	2	2	2	2
OG0002657	2	1	1	1	1	4	2	2	2	1	1	1	1	1	2	2	2
OG0002658	2	4	2	3	2	2	2	2	2	2	2	2	2	2	2	2	2
OG0002659	2	1	1	1	3	4	2	1	2	1	1	1	1	2	2	2	2
OG0002660	2	5	3	2	2	2	0	3	1	2	2	3	2	2	2	2	2
OG0002661	2	3	3	2	3	2	2	2	2	2	2	3	2	2	2	2	2
OG0002662	2	6	1	2	2	2	2	2	2	2	2	2	2	2	2	2	2
OG0002663	1	4	3	1	3	2	2	2	3	1	2	3	2	2	2	2	2
OG0002664	1	3	2	2	3	2	3	2	2	1	2	2	2	2	2	2	2
OG0002665	1	2	2	2	2	2	3	3	2	1	2	2	2	2	2	3	3
OG0002666	4	3	2	2	2	2	2	2	2	2	2	2	2	2	2	2	2
OG0002667	1	2	1	1	2	2	3	3	2	1	2	2	2	2	2	3	3
OG0002668	1	3	2	2	2	2	1	3	2	1	2	2	2	2	2	2	2
OG0002669	1	1	1	2	2	1	3	3	4	1	2	1	2	2	2	3	3
OG0002670	2	1	2	3	2	2	3	2	2	2	2	2	2	2	2	2	2
OG0002671	12	7	3	0	1	1	1	0	1	3	2	3	1	1	1	1	1
OG0002672	1	4	3	2	2	2	2	2	2	1	2	3	2	2	2	2	2
OG0002673	1	4	3	2	4	2	2	2	2	1	2	3	2	2	2	2	2
OG0002674	1	12	1	0	1	2	2	2	1	1	2	2	2	2	2	2	2
OG0002675	1	2	3	5	2	2	2	2	2	1	2	2	2	2	2	2	2
OG0002676	1	4	4	3	3	1	1	3	2	2	3	4	3	3	2	2	2
OG0002677	4	2	2	3	2	2	2	2	2	2	2	2	2	2	2	2	2
OG0002678	1	3	2	1	3	3	2	2	2	1	2	2	2	2	2	2	2
OG0002679	1	1	1	1	1	2	2	4	4	1	1	1	1	1	2	2	4
OG0002680	1	2	2	1	3	2	3	2	3	1	2	2	2	3	3	3	3
OG0002681	1	3	2	1	2	2	3	3	2	1	2	2	2	2	2	3	3
OG0002682	1	1	3	3	3	2	3	2	2	1	2	2	2	2	2	2	2
OG0002683	1	2	2	1	1	2	3	3	3	1	2	2	2	2	2	3	3
OG0002684	2	5	3	1	2	2	2	2	2	2	2	3	2	2	2	2	2
OG0002685	1	2	2	3	2	2	2	3	2	1	2	2	2	2	2	2	2
OG0002686	2	3	2	1	2	3	2	2	2	2	2	2	2	2	2	2	2
OG0002687	1	3	2	3	2	2	5	2	2	1	2	2	2	2	2	2	2
OG0002688	2	2	2	2	2	3	2	2	2	2	2	2	2	2	2	2	2
OG0002689	1	5	2	3	2	2	2	2	2	1	2	2	2	2	2	2	2
OG0002690	2	2	2	2	2	2	3	3	2	2	2	2	2	2	2	3	3
OG0002691	1	3	3	2	2	2	3	2	2	1	2	3	2	2	2	2	2
OG0002692	1	4	2	2	2	3	1	2	2	1	2	2	2	2	2	2	2
OG0002693	1	14	1	0	5	1	0	1	2	1	1	2	1	1	1	1	1
OG0002742	6	2	1	0	0	2	2	3	2	2	2	2	2	2	2	2	2
OG0002743	1	2	1	1	2	2	6	2	2	1	2	2	2	2	2	2	2
OG0002744	2	4	2	2	2	2	2	2	2	2	2	2	2	2	2	2	2
OG0002746	2	6	2	1	2	2	2	2	2	2	2	2	2	2	2	2	2
OG0002747	3	3	2	2	2	2	2	2	2	2	2	2	2	2	2	2	2
OG0002748	1	3	3	2	2	2	2	2	2	1	2	3	2	2	2	2	2
OG0002749	4	2	2	2	2	2	2	2	2	2	2	2	2	2	2	2	2
OG0002750	3	2	2	2	2	2	4	2	2	2	2	2	2	2	2	2	2
OG0002751	2	3	2	4	2	2	2	2	2	2	2	2	2	2	2	2	2
OG0002752	2	2	3	3	2	2	2	2	2	2	2	2	2	2	2	2	2
OG0002753	1	0	0	1	2	2	3	4	3	1	1	0	1	2	2	3	3
OG0002754	2	2	2	1	2	3	2	2	2	2	2	2	2	2	2	2	2
OG0002755	1	3	3	2	2	3	2	2	2	1	2	3	2	2	2	2	2
OG0002756	1	2	2	1	2	3	2	2	2	1	2	2	2	2	2	2	2
OG0002757	1	1	0	3	0	2	2	3	3	1	2	1	2	2	2	2	3
OG0002758	1	2	1	2	3	2	4	2	2	1	2	2	2	2	2	2	2
OG0002759	1	4	3	2	2	3	2	2	0	1	2	3	2	2	2	2	2
OG0002760	2	8	2	2	2	1	2	2	2	2	2	2	2	2	2	2	2
OG0002761	3	3	2	2	2	2	2	2	2	2	2	2	2	2	2	2	2
OG0002762	1	6	2	1	2	2	3	2	2	1	2	2	2	2	2	2	2
OG0002763	3	3	3	0	3	2	2	2	2	2	2	3	2	2	2	2	2
OG0002764	2	3	2	3	2	2	2	2	2	2	2	2	2	2	2	2	2
OG0002765	1	2	1	2	2	3	2	2	2	1	2	2	2	2	2	2	2
OG0002766	2	4	2	2	2	2	2	2	2	2	2	2	2	2	2	2	2
OG0002767	5	2	2	1	2	2	2	2	2	2	2	2	2	2	2	2	2
OG0002768	2	4	2	2	2	2	2	2	2	2	2	2	2	2	2	2	2
OG0002769	1	3	2	2	3	0	5	3	3	1	2	2	2	2	2	3	3
OG0002770	3	2	3	3	2	2	2	2	2	2	2	2	2	2	2	2	2
OG0002771	3	2	2	5	2	2	2	2	1	2	2	2	2	2	2	2	2
OG0002772	1	2	1	1	2	2	2	3	2	1	2	2	2	2	2	2	2
OG0002773	2	2	2	2	2	3	2	2	2	2	2	2	2	2	2	2	2
OG0002774	4	3	2	1	2	2	2	2	2	2	2	2	2	2	2	2	2
OG0002775	4	2	3	1	2	2	2	2	2	2	2	2	2	2	2	2	2
OG0002776	4	5	2	1	2	2	2	2	2	2	2	2	2	2	2	2	2
OG0002777	3	4	2	2	2	2	2	2	2	2	2	2	2	2	2	2	2
OG0002778	4	1	2	2	2	4	2	1	0	2	2	2	2	2	2	2	1
OG0002779	1	3	1	7	2	2	2	1	2	1	2	2	2	2	2	2	2
OG0002780	2	3	3	3	3	2	2	2	1	2	3	3	3	3	2	2	2
OG0002781	2	2	2	3	2	3	2	2	2	2	2	2	2	2	2	2	2
OG0002782	2	6	2	2	2	2	2	1	2	2	2	2	2	2	2	2	2
OG0002783	3	3	2	2	2	2	2	2	2	2	2	2	2	2	2	2	2
OG0002784	1	7	2	2	2	2	1	2	2	1	2	2	2	2	2	2	2
OG0002785	6	2	2	2	1	2	2	2	2	2	2	2	2	2	2	2	2
OG0002786	2	2	2	1	3	3	2	2	2	2	2	2	2	2	2	2	2
OG0002787	2	1	1	0	1	1	3	3	4	1	1	1	1	1	1	3	3
OG0002788	1	5	2	2	2	2	2	2	2	1	2	2	2	2	2	2	2
OG0002789	3	2	1	2	4	2	2	2	2	2	2	2	2	2	2	2	2
OG0002790	4	4	2	2	2	2	2	2	2	2	2	2	2	2	2	2	2
OG0002791	2	4	2	2	2	2	2	2	2	2	2	2	2	2	2	2	2
OG0002792	2	4	2	2	2	2	2	2	2	2	2	2	2	2	2	2	2
OG0002793	5	3	3	2	2	1	2	2	2	2	2	3	2	2	2	2	2
OG0002794	4	2	2	1	1	2	2	2	2	2	2	2	2	2	2	2	2
OG0002796	3	5	2	1	2	2	2	2	2	2	2	2	2	2	2	2	2
OG0002797	2	4	4	2	2	2	0	2	2	2	2	4	2	2	2	2	2
OG0002798	2	6	3	2	2	0	2	3	2	2	2	3	2	2	2	2	2
OG0002799	1	3	3	3	2	2	2	2	2	2	3	3	3	2	2	2	2
OG0002800	1	5	3	1	2	2	2	2	2	1	2	3	2	2	2	2	2
OG0002801	4	3	3	2	2	2	2	2	2	2	2	3	2	2	2	2	2
OG0002802	3	1	2	1	1	3	2	2	3	2	2	2	2	2	2	2	2
OG0002803	1	4	2	2	2	2	3	2	2	1	2	2	2	2	2	2	2
OG0002804	3	3	3	1	2	2	2	2	2	2	2	3	2	2	2	2	2
OG0002805	4	5	3	2	2	2	2	1	1	2	2	3	2	2	2	2	1
OG0002806	2	5	2	1	2	2	2	2	2	2	2	2	2	2	2	2	2
OG0002807	2	4	2	1	3	2	2	2	2	2	2	2	2	2	2	2	2
OG0002808	2	5	2	1	2	2	2	2	2	2	2	2	2	2	2	2	2
OG0002809	2	2	3	3	2	2	2	2	2	2	2	2	2	2	2	2	2
OG0002810	3	3	2	2	2	2	2	2	2	2	2	2	2	2	2	2	2
OG0002811	1	3	2	4	2	2	2	2	2	1	2	2	2	2	2	2	2
OG0002812	1	3	3	2	3	3	2	1	2	2	3	3	3	3	3	2	2
OG0002813	6	3	5	1	2	2	0	2	1	2	2	3	2	2	2	1	1
OG0002814	3	1	2	6	1	2	2	2	2	2	2	2	2	2	2	2	2
OG0002815	2	3	2	1	2	1	3	3	2	2	2	2	2	2	2	3	3
OG0002816	2	4	3	1	2	2	2	2	2	2	2	3	2	2	2	2	2
OG0002817	1	3	2	3	2	2	2	2	2	1	2	2	2	2	2	2	2
OG0002818	3	4	2	1	2	2	2	2	2	2	2	2	2	2	2	2	2
OG0002819	3	3	2	2	2	2	2	2	2	2	2	2	2	2	2	2	2
OG0002820	3	3	2	2	2	2	2	2	2	2	2	2	2	2	2	2	2
OG0002821	2	2	3	2	2	2	2	2	2	2	2	2	2	2	2	2	2
OG0002822	3	2	1	3	2	1	4	3	2	2	2	2	2	2	2	3	3
OG0002823	2	3	2	3	2	2	2	2	2	2	2	2	2	2	2	2	2
OG0002824	2	3	2	2	2	2	2	2	2	2	2	2	2	2	2	2	2
OG0002825	3	1	2	3	2	2	2	2	2	2	2	2	2	2	2	2	2
OG0002826	1	10	1	1	1	1	6	1	2	1	1	1	1	1	1	2	2
OG0002827	3	3	2	2	2	2	2	2	2	2	2	2	2	2	2	2	2
OG0002828	6	1	3	3	1	1	1	3	2	2	2	2	2	1	1	1	2
OG0002829	4	3	3	1	3	2	1	2	2	2	2	3	2	2	2	2	2
OG0002830	2	4	2	2	2	2	2	2	2	2	2	2	2	2	2	2	2
OG0002831	3	2	2	1	3	2	0	2	2	2	2	2	2	2	2	2	2
OG0002832	1	4	3	2	2	2	2	2	2	1	2	3	2	2	2	2	2
OG0002833	2	4	3	2	2	2	1	2	2	2	2	3	2	2	2	2	2
OG0002834	1	2	2	2	2	3	2	2	2	1	2	2	2	2	2	2	2
OG0002835	2	3	2	2	2	3	2	2	2	2	2	2	2	2	2	2	2
OG0002836	2	5	2	1	2	2	2	2	2	2	2	2	2	2	2	2	2
OG0002837	3	2	3	2	2	2	2	2	2	2	2	2	2	2	2	2	2
OG0002838	4	3	2	1	2	2	2	2	2	2	2	2	2	2	2	2	2
OG0002839	2	4	3	1	3	2	2	2	2	2	2	3	2	2	2	2	2
OG0002840	2	3	2	1	1	3	2	2	2	2	2	2	2	2	2	2	2
OG0002841	1	7	2	2	2	2	2	2	1	1	2	2	2	2	2	2	2
OG0002842	4	3	2	2	2	2	2	2	2	2	2	2	2	2	2	2	2
OG0002843	2	2	2	2	2	3	2	2	2	2	2	2	2	2	2	2	2
OG0002844	1	8	1	1	1	2	1	2	2	1	2	2	2	2	2	2	2
OG0002845	1	2	2	3	2	2	4	2	2	1	2	2	2	2	2	2	2
OG0002846	3	3	2	2	2	2	2	2	2	2	2	2	2	2	2	2	2
OG0002847	2	5	3	2	2	2	2	2	2	2	2	3	2	2	2	2	2
OG0002848	2	3	3	2	3	2	2	1	2	2	2	3	2	2	2	2	2
OG0002849	3	3	2	2	3	2	2	2	2	2	2	2	2	2	2	2	2
OG0002850	1	1	13	5	1	1	1	1	1	2	2	3	2	1	1	1	1
OG0002851	2	2	3	2	1	2	2	3	2	2	2	2	2	2	2	2	2
OG0002852	1	3	3	3	2	2	2	2	2	2	3	3	3	2	2	2	2
OG0002853	2	4	2	2	2	2	2	2	2	2	2	2	2	2	2	2	2
OG0002854	3	2	2	2	2	2	3	2	2	2	2	2	2	2	2	2	2
OG0002855	2	1	1	2	3	3	2	2	2	2	2	1	2	2	2	2	2
OG0002856	2	4	2	2	2	2	2	2	2	2	2	2	2	2	2	2	2
OG0002857	2	5	1	1	2	2	2	2	2	2	2	2	2	2	2	2	2
OG0002858	1	5	3	2	2	2	2	2	2	1	2	3	2	2	2	2	2
OG0002859	2	8	2	1	2	2	2	1	2	2	2	2	2	2	2	2	2
OG0002860	2	2	3	1	6	2	1	2	2	2	2	2	2	2	2	2	2
OG0002861	2	3	2	3	2	2	2	2	2	2	2	2	2	2	2	2	2
OG0002862	2	3	3	1	2	2	3	2	2	2	2	3	2	2	2	2	2
OG0002863	2	2	1	1	2	2	3	3	3	2	2	2	2	2	2	3	3
OG0002864	2	3	2	3	2	2	2	2	2	2	2	2	2	2	2	2	2
OG0002865	2	2	1	2	2	3	2	2	2	2	2	2	2	2	2	2	2
OG0002866	2	4	3	3	3	1	2	2	2	2	3	3	3	3	2	2	2
OG0002867	2	3	2	2	2	2	2	2	2	2	2	2	2	2	2	2	2
OG0002868	1	3	2	5	2	2	2	2	2	1	2	2	2	2	2	2	2
OG0002869	2	3	3	3	2	2	2	1	2	2	3	3	3	2	2	2	2
OG0002870	3	3	2	3	2	2	2	2	2	2	2	2	2	2	2	2	2
OG0002871	2	3	2	2	2	2	4	2	1	2	2	2	2	2	2	2	2
OG0002872	1	3	3	3	2	2	2	2	2	2	3	3	3	2	2	2	2
OG0002873	1	5	2	2	2	2	2	2	2	1	2	2	2	2	2	2	2
OG0002874	2	4	2	2	2	2	2	2	2	2	2	2	2	2	2	2	2
OG0002875	1	1	1	1	2	4	2	3	2	1	1	1	1	2	2	2	2
OG0002876	3	2	2	2	2	2	2	2	2	2	2	2	2	2	2	2	2
OG0002877	8	0	1	0	1	1	2	3	2	2	1	1	1	1	1	2	2
OG0002878	1	1	2	2	2	1	3	4	2	1	2	2	2	2	2	3	3
OG0002879	1	1	2	1	2	2	0	3	4	1	2	2	2	2	2	2	3
OG0002880	1	3	2	2	2	2	2	3	2	1	2	2	2	2	2	2	2
OG0002881	1	3	2	4	2	2	2	2	2	1	2	2	2	2	2	2	2
OG0002882	2	4	2	1	2	2	2	2	2	2	2	2	2	2	2	2	2
OG0002883	6	1	1	1	1	2	1	3	2	2	1	1	1	1	1	1	2
OG0002884	1	2	2	1	3	2	3	2	3	1	2	2	2	3	3	3	3
OG0002885	1	2	4	2	2	2	2	2	2	1	2	2	2	2	2	2	2
OG0002886	2	1	2	1	2	2	9	2	2	2	2	2	2	2	2	2	2
OG0002887	1	2	2	2	2	2	5	2	2	1	2	2	2	2	2	2	2
OG0002888	1	3	2	4	2	2	2	2	2	1	2	2	2	2	2	2	2
OG0002889	1	5	2	2	2	2	2	2	2	1	2	2	2	2	2	2	2
OG0002890	1	5	2	2	2	2	2	2	2	1	2	2	2	2	2	2	2
OG0002891	1	3	3	3	2	2	2	2	2	2	3	3	3	2	2	2	2
OG0002892	1	10	1	0	7	2	0	2	0	1	2	2	2	2	2	1	1
OG0002893	1	3	0	1	2	1	0	5	2	1	1	1	1	1	1	1	2
OG0002934	2	4	2	2	2	2	2	2	2	2	2	2	2	2	2	2	2
OG0002935	1	1	2	2	2	3	2	2	2	1	2	2	2	2	2	2	2
OG0002936	1	4	2	2	2	2	2	2	2	1	2	2	2	2	2	2	2
OG0002938	3	4	2	2	2	2	2	2	2	2	2	2	2	2	2	2	2
OG0002939	3	1	3	2	2	2	2	2	2	2	2	2	2	2	2	2	2
OG0002940	2	3	2	2	2	2	2	2	2	2	2	2	2	2	2	2	2
OG0002941	2	1	2	2	3	3	1	2	2	2	2	2	2	2	2	2	2
OG0002942	3	2	2	1	2	3	2	2	1	2	2	2	2	2	2	2	2
OG0002943	1	3	2	1	2	2	2	2	3	1	2	2	2	2	2	2	2
OG0002945	5	2	2	1	2	2	2	2	2	2	2	2	2	2	2	2	2
OG0002946	1	6	0	0	0	1	0	2	6	1	1	1	1	1	1	1	2
OG0002947	3	2	1	2	2	3	2	2	1	2	2	2	2	2	2	2	2
OG0002948	2	1	5	2	4	1	2	3	2	2	2	2	2	2	2	2	2
OG0002949	2	2	3	2	2	2	3	2	2	2	2	2	2	2	2	2	2
OG0002951	1	4	4	3	2	2	2	2	2	2	3	4	3	2	2	2	2
OG0002952	3	2	2	2	6	2	2	2	1	2	2	2	2	2	2	2	2
OG0002953	2	2	2	3	2	2	2	2	2	2	2	2	2	2	2	2	2
OG0002954	2	4	2	2	2	2	2	2	2	2	2	2	2	2	2	2	2
OG0002955	3	2	1	1	1	1	3	3	3	1	1	1	1	1	1	3	3
OG0002956	2	4	2	2	2	2	2	2	2	2	2	2	2	2	2	2	2
OG0002957	1	2	2	2	3	2	2	2	2	1	2	2	2	2	2	2	2
OG0002958	3	3	2	2	2	2	2	2	2	2	2	2	2	2	2	2	2
OG0002959	1	9	2	2	2	2	2	1	2	1	2	3	2	2	2	2	2
OG0002960	2	2	2	1	2	2	2	2	2	2	2	2	2	2	2	2	2
OG0002961	2	4	2	1	2	2	2	2	2	2	2	2	2	2	2	2	2
OG0002962	2	4	3	0	1	2	2	1	3	2	2	3	2	2	2	2	2
OG0002963	4	4	4	2	1	1	0	2	2	2	2	4	2	1	1	1	2
OG0002964	1	6	2	0	2	2	2	2	2	1	2	2	2	2	2	2	2
OG0002965	4	2	3	2	2	2	2	1	2	2	2	2	2	2	2	2	2
OG0002966	2	1	2	3	3	2	2	2	2	2	2	2	2	2	2	2	2
OG0002967	3	3	2	1	2	2	2	2	2	2	2	2	2	2	2	2	2
OG0002968	1	3	2	2	3	2	1	2	2	1	2	2	2	2	2	2	2
OG0002969	2	3	2	2	3	2	2	2	2	2	2	2	2	2	2	2	2
OG0002970	3	5	2	2	2	0	3	3	2	2	2	2	2	2	2	3	3
OG0002971	4	2	2	2	2	2	2	2	2	2	2	2	2	2	2	2	2
OG0002972	2	3	2	2	2	2	2	2	2	2	2	2	2	2	2	2	2
OG0002973	2	2	4	0	3	2	2	2	2	2	2	2	2	2	2	2	2
OG0002974	3	3	2	2	2	2	2	2	2	2	2	2	2	2	2	2	2
OG0002975	1	3	2	1	2	3	2	2	2	1	2	2	2	2	2	2	2
OG0002976	2	4	3	0	2	2	2	2	2	2	2	3	2	2	2	2	2
OG0002977	2	4	2	1	2	2	2	2	2	2	2	2	2	2	2	2	2
OG0002978	1	2	2	1	2	1	3	3	2	1	2	2	2	2	2	3	3
OG0002979	3	3	2	1	2	2	2	2	2	2	2	2	2	2	2	2	2
OG0002980	2	4	2	1	2	2	2	2	2	2	2	2	2	2	2	2	2
OG0002981	2	3	2	2	2	2	2	2	2	2	2	2	2	2	2	2	2
OG0002982	3	3	2	1	2	2	2	2	2	2	2	2	2	2	2	2	2
OG0002983	2	3	2	2	2	2	2	2	2	2	2	2	2	2	2	2	2
OG0002984	2	3	2	2	1	2	2	2	2	2	2	2	2	2	2	2	2
OG0002985	2	3	2	2	2	2	2	2	2	2	2	2	2	2	2	2	2
OG0002986	2	1	2	4	2	2	2	2	2	2	2	2	2	2	2	2	2
OG0002987	1	4	2	3	2	2	2	2	2	1	2	2	2	2	2	2	2
OG0002988	3	2	2	3	2	2	2	2	2	2	2	2	2	2	2	2	2
OG0002989	4	4	2	1	2	2	0	2	2	2	2	2	2	2	2	2	2
OG0002990	2	4	2	3	2	2	1	2	2	2	2	2	2	2	2	2	2
OG0002992	1	3	2	2	2	2	2	2	2	1	2	2	2	2	2	2	2
OG0002993	3	2	2	2	2	2	2	2	2	2	2	2	2	2	2	2	2
OG0002994	2	2	2	7	2	1	2	2	2	2	2	2	2	2	2	2	2
OG0002995	1	3	2	3	3	2	2	2	2	1	2	2	2	2	2	2	2
OG0002996	2	4	2	1	3	2	2	2	2	2	2	2	2	2	2	2	2
OG0002997	6	1	2	2	2	2	1	2	2	2	2	2	2	2	2	2	2
OG0002998	4	4	2	2	2	2	2	2	1	2	2	2	2	2	2	2	2
OG0002999	2	2	2	1	1	4	0	2	2	2	2	2	2	2	2	2	2
OG0003000	3	3	1	1	1	3	2	2	2	2	2	2	2	2	2	2	2
OG0003001	1	3	3	2	2	2	2	2	2	1	2	3	2	2	2	2	2
OG0003002	3	4	2	2	2	2	2	2	2	2	2	2	2	2	2	2	2
OG0003003	2	4	2	2	2	3	2	1	2	2	2	2	2	2	2	2	2
OG0003004	2	3	2	2	2	2	2	2	2	2	2	2	2	2	2	2	2
OG0003005	3	3	2	1	2	2	2	2	2	2	2	2	2	2	2	2	2
OG0003006	2	3	2	2	2	2	2	2	2	2	2	2	2	2	2	2	2
OG0003007	1	7	2	0	2	2	2	2	2	1	2	2	2	2	2	2	2
OG0003008	8	4	2	1	2	0	2	2	2	3	2	2	2	2	2	2	2
OG0003009	4	4	2	2	2	1	2	2	2	2	2	2	2	2	2	2	2
OG0003010	4	3	2	1	2	2	2	2	2	2	2	2	2	2	2	2	2
OG0003011	2	4	2	2	2	2	2	2	2	2	2	2	2	2	2	2	2
OG0003012	3	2	2	2	2	2	2	2	2	2	2	2	2	2	2	2	2
OG0003013	3	2	2	2	3	2	2	2	2	2	2	2	2	2	2	2	2
OG0003014	3	3	2	2	2	2	2	2	2	2	2	2	2	2	2	2	2
OG0003015	2	2	2	1	2	2	2	2	2	2	2	2	2	2	2	2	2
OG0003016	1	3	3	3	2	2	2	2	2	2	3	3	3	2	2	2	2
OG0003017	2	3	2	2	2	2	2	2	2	2	2	2	2	2	2	2	2
OG0003018	2	4	2	2	2	2	2	2	2	2	2	2	2	2	2	2	2
OG0003019	3	2	2	2	2	2	2	2	2	2	2	2	2	2	2	2	2
OG0003020	4	3	2	3	2	2	2	2	0	2	2	2	2	2	2	2	2
OG0003021	3	2	2	2	2	2	2	2	2	2	2	2	2	2	2	2	2
OG0003022	3	2	2	3	2	2	2	2	2	2	2	2	2	2	2	2	2
OG0003023	2	4	3	2	2	2	2	1	2	2	2	3	2	2	2	2	2
OG0003024	2	3	3	4	2	2	2	1	2	2	3	3	3	2	2	2	2
OG0003025	3	2	2	3	2	2	2	2	2	2	2	2	2	2	2	2	2
OG0003026	2	3	2	2	2	2	2	2	2	2	2	2	2	2	2	2	2
OG0003027	1	7	3	2	2	1	2	2	2	1	2	3	2	2	2	2	2
OG0003028	1	4	2	2	2	2	2	2	2	1	2	2	2	2	2	2	2
OG0003029	1	3	2	3	2	2	2	2	1	1	2	2	2	2	2	2	2
OG0003030	1	4	2	2	2	2	2	2	2	1	2	2	2	2	2	2	2
OG0003031	3	3	3	3	2	2	0	2	2	3	3	3	3	2	2	2	2
OG0003032	2	3	3	2	2	2	1	2	2	2	2	3	2	2	2	2	2
OG0003033	2	4	2	1	2	2	2	2	2	2	2	2	2	2	2	2	2
OG0003034	2	8	3	2	1	1	2	2	1	2	2	3	2	2	2	2	2
OG0003035	2	3	2	2	2	2	2	2	2	2	2	2	2	2	2	2	2
OG0003036	4	4	2	1	2	2	2	2	2	2	2	2	2	2	2	2	2
OG0003037	1	3	2	1	2	4	2	1	2	1	2	2	2	2	2	2	2
OG0003038	3	3	2	2	2	2	2	2	2	2	2	2	2	2	2	2	2
OG0003039	2	3	2	1	4	2	3	2	2	2	2	2	2	2	2	2	2
OG0003040	3	3	2	1	2	2	2	2	2	2	2	2	2	2	2	2	2
OG0003041	2	1	1	1	1	3	2	3	2	1	1	1	1	1	2	2	2
OG0003042	1	3	2	1	2	2	4	2	2	1	2	2	2	2	2	2	2
OG0003043	1	2	1	1	4	3	2	2	2	1	2	2	2	2	2	2	2
OG0003044	1	2	2	3	3	2	3	2	2	1	2	2	2	2	2	2	2
OG0003045	2	2	2	3	2	2	2	2	2	2	2	2	2	2	2	2	2
OG0003046	2	3	3	1	3	0	3	3	2	2	3	3	3	3	3	3	3
OG0003047	3	6	4	2	2	2	0	1	2	2	2	4	2	2	2	1	1
OG0003048	3	2	4	2	3	2	2	1	2	2	2	2	2	2	2	2	2
OG0003049	2	3	2	2	2	3	2	2	1	2	2	2	2	2	2	2	2
OG0003050	5	2	1	0	4	2	2	2	1	2	2	2	2	2	2	2	2
OG0003051	4	3	1	3	3	2	0	2	2	2	2	2	2	2	2	2	2
OG0003052	2	4	2	2	2	2	2	2	2	2	2	2	2	2	2	2	2
OG0003053	2	4	2	2	1	2	2	2	2	2	2	2	2	2	2	2	2
OG0003054	2	2	2	2	3	2	2	2	2	2	2	2	2	2	2	2	2
OG0003055	2	3	2	2	2	2	2	2	2	2	2	2	2	2	2	2	2
OG0003056	1	4	2	2	2	2	2	2	2	1	2	2	2	2	2	2	2
OG0003057	3	1	1	1	5	1	3	3	2	2	2	1	2	3	3	3	3
OG0003058	3	2	2	2	2	2	2	2	2	2	2	2	2	2	2	2	2
OG0003059	3	4	2	2	2	2	2	1	2	2	2	2	2	2	2	2	2
OG0003060	3	4	2	1	2	2	2	2	2	2	2	2	2	2	2	2	2
OG0003061	2	6	2	2	2	2	2	1	2	2	2	2	2	2	2	2	2
OG0003062	2	3	2	2	3	2	2	2	2	2	2	2	2	2	2	2	2
OG0003063	2	4	2	2	1	2	2	2	2	2	2	2	2	2	2	2	2
OG0003064	3	2	2	1	1	3	1	2	2	2	2	2	2	2	2	2	2
OG0003065	1	4	2	3	1	2	2	2	2	1	2	2	2	2	2	2	2
OG0003066	3	3	2	2	2	2	2	2	2	2	2	2	2	2	2	2	2
OG0003067	3	3	2	2	2	2	2	2	2	2	2	2	2	2	2	2	2
OG0003068	3	2	2	2	2	2	2	2	2	2	2	2	2	2	2	2	2
OG0003069	2	3	2	2	2	2	2	2	2	2	2	2	2	2	2	2	2
OG0003070	2	2	2	1	2	2	3	2	2	2	2	2	2	2	2	2	2
OG0003071	1	4	2	2	2	2	2	2	2	1	2	2	2	2	2	2	2
OG0003072	2	3	2	2	3	3	0	2	2	2	2	2	2	2	2	2	2
OG0003073	3	2	3	3	2	2	2	2	2	2	2	2	2	2	2	2	2
OG0003074	2	4	7	3	2	1	2	1	1	2	3	4	3	2	2	2	1
OG0003075	6	3	2	1	2	2	2	2	1	2	2	2	2	2	2	2	2
OG0003076	2	5	2	1	2	2	2	2	2	2	2	2	2	2	2	2	2
OG0003077	3	2	3	1	2	2	2	2	2	2	2	2	2	2	2	2	2
OG0003078	3	1	3	1	1	3	2	2	2	2	2	2	2	2	2	2	2
OG0003079	2	3	2	2	2	2	2	2	2	2	2	2	2	2	2	2	2
OG0003080	2	4	6	2	4	0	2	2	1	2	2	4	2	2	2	2	2
OG0003081	4	3	2	2	2	2	2	2	1	2	2	2	2	2	2	2	2
OG0003082	2	3	2	3	2	2	2	2	2	2	2	2	2	2	2	2	2
OG0003083	3	4	2	2	2	2	2	2	2	2	2	2	2	2	2	2	2
OG0003084	2	3	2	2	2	2	2	2	2	2	2	2	2	2	2	2	2
OG0003085	2	3	2	7	2	2	0	2	1	2	2	2	2	2	2	1	1
OG0003086	2	3	2	2	2	2	2	2	2	2	2	2	2	2	2	2	2
OG0003087	2	3	2	2	2	2	2	2	2	2	2	2	2	2	2	2	2
OG0003088	1	3	2	1	1	1	2	4	2	1	1	2	1	1	1	2	2
OG0003089	4	2	2	4	2	2	0	2	2	2	2	2	2	2	2	2	2
OG0003090	1	2	2	1	1	2	2	2	4	1	2	2	2	2	2	2	2
OG0003091	2	3	2	3	2	2	2	2	2	2	2	2	2	2	2	2	2
OG0003092	1	2	2	4	2	2	2	2	2	1	2	2	2	2	2	2	2
OG0003093	2	4	3	2	2	2	0	2	2	2	2	3	2	2	2	2	2
OG0003094	1	4	2	2	2	2	2	2	2	1	2	2	2	2	2	2	2
OG0003095	2	4	2	1	2	2	2	2	2	2	2	2	2	2	2	2	2
OG0003096	1	11	1	1	1	1	4	1	2	1	1	2	1	1	1	2	2
OG0003097	1	1	3	3	2	2	2	2	2	1	2	2	2	2	2	2	2
OG0003098	1	3	3	2	3	3	1	2	2	2	3	3	3	3	3	2	2
OG0003099	2	3	2	2	2	2	2	2	2	2	2	2	2	2	2	2	2
OG0003100	1	3	2	4	2	2	2	2	2	1	2	2	2	2	2	2	2
OG0003101	1	4	3	1	2	2	2	2	2	1	2	3	2	2	2	2	2
OG0003102	2	3	2	2	3	2	2	2	2	2	2	2	2	2	2	2	2
OG0003103	2	4	2	1	3	2	2	2	2	2	2	2	2	2	2	2	2
OG0003104	1	2	1	1	1	3	2	3	2	1	1	1	1	1	2	2	2
OG0003105	1	3	2	2	3	2	2	2	2	1	2	2	2	2	2	2	2
OG0003106	1	1	1	0	4	3	2	2	2	1	1	1	1	2	2	2	2
OG0003107	1	2	6	1	2	3	2	1	1	1	2	2	2	2	2	2	1
OG0003108	1	4	2	2	2	2	2	2	2	1	2	2	2	2	2	2	2
OG0003109	2	3	3	2	2	2	2	2	2	2	2	3	2	2	2	2	2
OG0003110	1	6	2	1	2	2	2	2	2	1	2	2	2	2	2	2	2
OG0003111	1	2	3	2	2	2	3	2	2	1	2	2	2	2	2	2	2
OG0003112	2	3	2	2	2	2	2	2	2	2	2	2	2	2	2	2	2
OG0003113	2	5	2	1	2	1	4	2	2	2	2	2	2	2	2	2	2
OG0003114	1	2	2	1	5	2	2	2	2	1	2	2	2	2	2	2	2
OG0003115	2	2	3	2	2	2	4	2	2	2	2	2	2	2	2	2	2
OG0003116	1	2	2	2	2	1	3	2	3	1	2	2	2	2	2	3	3
OG0003117	1	2	2	1	1	3	2	2	2	1	2	2	2	2	2	2	2
OG0003118	2	3	1	4	1	3	2	2	2	2	2	2	2	2	2	2	2
OG0003119	1	2	1	1	1	2	3	3	4	1	1	1	1	1	2	3	3
OG0003120	4	2	3	1	2	2	2	2	2	2	2	2	2	2	2	2	2
OG0003121	1	6	2	2	2	2	2	2	2	1	2	2	2	2	2	2	2
OG0003122	1	4	3	3	2	2	2	1	2	2	3	3	3	2	2	2	2
OG0003123	2	3	2	2	2	2	2	2	2	2	2	2	2	2	2	2	2
OG0003124	1	10	1	1	2	1	1	2	2	1	2	2	2	2	2	2	2
OG0003125	2	2	3	3	2	2	2	2	2	2	2	2	2	2	2	2	2
OG0003126	2	2	3	1	2	0	3	3	4	2	2	2	2	2	2	3	3
OG0003127	1	4	1	1	2	3	2	2	2	1	2	2	2	2	2	2	2
OG0003128	1	4	2	2	2	2	3	2	2	1	2	2	2	2	2	2	2
OG0003129	1	3	2	4	1	1	2	2	2	1	2	2	2	2	2	2	2
OG0003130	2	4	2	1	2	2	2	2	2	2	2	2	2	2	2	2	2
OG0003131	2	4	2	1	2	2	2	2	2	2	2	2	2	2	2	2	2
OG0003132	2	3	2	2	2	2	2	2	2	2	2	2	2	2	2	2	2
OG0003133	2	3	2	2	2	2	2	2	2	2	2	2	2	2	2	2	2
OG0003134	3	1	1	2	2	2	2	2	2	2	2	1	2	2	2	2	2
OG0003135	2	3	2	2	3	2	2	2	2	2	2	2	2	2	2	2	2
OG0003136	1	4	2	2	2	2	2	2	2	1	2	2	2	2	2	2	2
OG0003137	1	4	2	2	2	2	2	2	2	1	2	2	2	2	2	2	2
OG0003138	2	1	3	0	1	1	2	4	3	1	1	1	1	1	1	2	3
OG0003139	1	3	4	1	2	2	2	2	2	1	2	3	2	2	2	2	2
OG0003140	1	3	2	3	2	3	2	2	2	1	2	2	2	2	2	2	2
OG0003141	1	3	2	2	2	2	3	2	2	1	2	2	2	2	2	2	2
OG0003142	1	2	3	2	2	2	2	2	2	1	2	2	2	2	2	2	2
OG0003143	1	2	2	5	2	2	2	2	2	1	2	2	2	2	2	2	2
OG0003144	1	2	2	2	3	2	3	2	2	1	2	2	2	2	2	2	2
OG0003145	1	4	2	2	2	2	2	2	2	1	2	2	2	2	2	2	2
OG0003146	2	4	2	1	2	2	2	2	2	2	2	2	2	2	2	2	2
OG0003147	1	3	2	2	2	2	2	2	2	1	2	2	2	2	2	2	2
OG0003148	1	3	3	2	3	2	1	2	2	1	2	3	2	2	2	2	2
OG0003149	1	2	2	2	2	1	2	3	2	1	2	2	2	2	2	2	2
OG0003150	1	1	2	1	0	6	2	1	1	1	1	1	1	1	2	2	1
OG0003151	1	3	2	2	2	3	2	2	1	1	2	2	2	2	2	2	2
OG0003152	1	3	2	2	2	2	3	2	2	1	2	2	2	2	2	2	2
OG0003153	1	6	2	1	3	2	2	2	2	1	2	2	2	2	2	2	2
OG0003154	1	3	3	1	2	2	2	2	2	1	2	3	2	2	2	2	2
OG0003155	2	3	3	1	2	2	2	2	2	2	2	3	2	2	2	2	2
OG0003156	1	4	2	2	2	2	2	2	2	1	2	2	2	2	2	2	2
OG0003157	1	2	2	2	2	3	3	2	2	1	2	2	2	2	2	2	2
OG0003158	1	4	2	2	2	2	2	2	2	1	2	2	2	2	2	2	2
OG0003159	1	3	2	3	2	2	2	2	2	1	2	2	2	2	2	2	2
OG0003212	2	14	1	1	1	1	1	1	1	1	1	2	1	1	1	1	1
OG0003213	1	2	2	2	2	2	2	2	2	1	2	2	2	2	2	2	2
OG0003214	3	3	2	1	1	2	2	2	2	2	2	2	2	2	2	2	2
OG0003215	1	4	4	1	2	2	2	2	2	1	2	4	2	2	2	2	2
OG0003216	1	4	4	3	2	2	1	1	2	2	3	4	3	2	2	2	2
OG0003217	1	3	2	2	2	2	2	1	3	1	2	2	2	2	2	2	2
OG0003218	2	4	2	2	2	1	2	2	2	2	2	2	2	2	2	2	2
OG0003219	1	3	2	2	2	2	2	2	2	1	2	2	2	2	2	2	2
OG0003220	1	5	2	3	2	2	2	1	2	1	2	2	2	2	2	2	2
OG0003221	1	3	2	2	2	2	2	2	2	1	2	2	2	2	2	2	2
OG0003222	2	2	2	2	2	2	2	2	2	2	2	2	2	2	2	2	2
OG0003223	4	1	1	2	1	2	1	2	2	2	2	1	2	2	2	2	2
OG0003224	2	3	2	1	2	2	2	2	2	2	2	2	2	2	2	2	2
OG0003225	3	2	2	2	2	2	2	2	2	2	2	2	2	2	2	2	2
OG0003226	5	1	1	3	1	2	3	2	2	2	2	1	2	2	2	2	2
OG0003227	1	2	2	2	2	2	3	2	2	1	2	2	2	2	2	2	2
OG0003228	2	2	2	2	2	2	2	2	2	2	2	2	2	2	2	2	2
OG0003229	2	2	4	2	2	2	2	2	1	2	2	2	2	2	2	2	2
OG0003230	2	3	3	0	3	0	2	3	3	2	2	3	2	2	2	2	3
OG0003232	1	4	2	1	2	2	2	2	2	1	2	2	2	2	2	2	2
OG0003233	2	4	2	2	2	2	2	2	2	2	2	2	2	2	2	2	2
OG0003234	3	2	2	1	2	2	2	2	2	2	2	2	2	2	2	2	2
OG0003235	1	2	2	3	2	1	4	2	2	1	2	2	2	2	2	2	2
OG0003236	3	3	2	2	2	2	2	1	2	2	2	2	2	2	2	2	2
OG0003237	2	4	2	1	2	2	2	2	2	2	2	2	2	2	2	2	2
OG0003238	2	4	2	1	1	2	2	2	2	2	2	2	2	2	2	2	2
OG0003239	2	1	2	1	1	2	2	2	3	2	2	2	2	2	2	2	2
OG0003240	3	2	1	1	2	2	5	2	2	2	2	2	2	2	2	2	2
OG0003241	2	3	2	2	2	2	2	2	2	2	2	2	2	2	2	2	2
OG0003242	3	2	2	2	2	2	3	1	2	2	2	2	2	2	2	2	2
OG0003243	2	3	2	1	2	2	2	2	2	2	2	2	2	2	2	2	2
OG0003244	1	6	2	2	2	2	2	1	2	1	2	2	2	2	2	2	2
OG0003245	1	0	3	3	2	2	3	2	2	1	2	2	2	2	2	2	2
OG0003246	4	3	2	3	2	2	1	1	2	2	2	2	2	2	2	2	2
OG0003247	4	2	3	2	2	1	2	2	2	2	2	2	2	2	2	2	2
OG0003248	1	3	4	2	2	2	2	1	2	1	2	3	2	2	2	2	2
OG0003249	3	3	3	2	2	2	0	2	2	2	2	3	2	2	2	2	2
OG0003250	2	3	2	2	2	2	2	2	2	2	2	2	2	2	2	2	2
OG0003251	7	3	3	2	2	1	1	1	2	2	2	3	2	2	1	1	1
OG0003252	3	3	3	2	2	2	2	1	2	2	2	3	2	2	2	2	2
OG0003253	3	2	2	2	2	2	2	2	2	2	2	2	2	2	2	2	2
OG0003254	4	1	1	1	1	2	2	2	2	2	1	1	1	1	2	2	2
OG0003255	5	3	4	3	1	2	1	1	1	3	3	3	3	2	2	1	1
OG0003257	2	2	2	2	2	2	2	2	2	2	2	2	2	2	2	2	2
OG0003258	2	2	1	1	4	2	2	2	2	2	2	2	2	2	2	2	2
OG0003259	2	3	2	2	2	1	3	2	2	2	2	2	2	2	2	2	2
OG0003261	1	3	2	2	2	2	2	2	2	1	2	2	2	2	2	2	2
OG0003262	4	3	1	1	1	2	2	2	2	2	2	2	2	2	2	2	2
OG0003263	1	2	2	3	2	2	2	2	2	1	2	2	2	2	2	2	2
OG0003265	3	3	2	2	2	1	2	2	2	2	2	2	2	2	2	2	2
OG0003266	2	2	2	2	2	2	2	2	2	2	2	2	2	2	2	2	2
OG0003267	2	3	2	2	2	2	2	2	2	2	2	2	2	2	2	2	2
OG0003268	2	4	2	2	2	2	2	1	2	2	2	2	2	2	2	2	2
OG0003269	3	3	2	0	2	2	2	2	2	2	2	2	2	2	2	2	2
OG0003270	3	2	2	2	2	2	2	2	2	2	2	2	2	2	2	2	2
OG0003271	3	3	2	2	2	1	2	2	2	2	2	2	2	2	2	2	2
OG0003272	4	2	3	4	1	2	1	1	2	2	2	2	2	2	2	2	2
OG0003273	5	3	2	2	2	2	2	2	0	2	2	2	2	2	2	2	2
OG0003274	1	1	2	2	1	2	2	3	3	1	2	2	2	2	2	2	3
OG0003275	4	2	2	2	2	2	2	2	2	2	2	2	2	2	2	2	2
OG0003276	1	3	2	2	3	2	2	2	2	1	2	2	2	2	2	2	2
OG0003277	2	2	2	2	2	2	2	2	2	2	2	2	2	2	2	2	2
OG0003278	3	2	1	2	2	2	2	2	2	2	2	2	2	2	2	2	2
OG0003279	1	3	2	2	3	2	2	2	2	1	2	2	2	2	2	2	2
OG0003280	1	2	2	0	3	1	0	3	3	1	2	2	2	2	2	2	3
OG0003281	1	3	3	1	2	2	2	2	2	1	2	3	2	2	2	2	2
OG0003282	3	2	2	2	1	2	2	2	2	2	2	2	2	2	2	2	2
OG0003283	2	1	3	2	2	2	1	2	2	2	2	2	2	2	2	2	2
OG0003284	3	2	2	2	2	2	2	2	2	2	2	2	2	2	2	2	2
OG0003286	2	2	2	2	2	2	2	2	2	2	2	2	2	2	2	2	2
OG0003287	3	0	2	3	1	4	3	0	2	2	2	2	2	2	2	2	2
OG0003288	2	3	2	2	2	2	2	2	2	2	2	2	2	2	2	2	2
OG0003289	1	3	2	2	2	2	2	2	2	1	2	2	2	2	2	2	2
OG0003290	2	1	5	2	2	0	2	3	2	2	2	2	2	2	2	2	2
OG0003291	1	2	4	2	2	2	2	1	2	1	2	2	2	2	2	2	2
OG0003292	1	2	2	2	2	2	2	2	2	1	2	2	2	2	2	2	2
OG0003293	2	2	2	2	3	2	2	2	2	2	2	2	2	2	2	2	2
OG0003294	2	3	2	2	2	2	2	2	2	2	2	2	2	2	2	2	2
OG0003295	1	3	2	2	2	2	2	2	2	1	2	2	2	2	2	2	2
OG0003296	10	0	2	4	4	1	2	1	0	3	3	2	3	3	2	2	1
OG0003297	1	2	3	2	2	2	2	2	2	1	2	2	2	2	2	2	2
OG0003298	2	3	3	2	2	1	2	2	2	2	2	3	2	2	2	2	2
OG0003299	1	2	3	2	2	2	2	2	2	1	2	2	2	2	2	2	2
OG0003300	2	3	2	1	3	2	2	2	2	2	2	2	2	2	2	2	2
OG0003301	1	0	0	6	14	1	1	0	2	1	1	0	2	2	1	1	1
OG0003302	2	4	2	1	2	2	2	2	2	2	2	2	2	2	2	2	2
OG0003303	1	3	2	3	2	2	2	2	2	1	2	2	2	2	2	2	2
OG0003304	3	2	3	2	2	1	2	2	2	2	2	2	2	2	2	2	2
OG0003305	2	2	2	3	1	2	4	2	2	2	2	2	2	2	2	2	2
OG0003306	2	3	3	1	2	2	2	2	2	2	2	3	2	2	2	2	2
OG0003307	2	3	2	2	2	1	2	2	3	2	2	2	2	2	2	2	2
OG0003308	3	4	2	1	1	2	3	2	1	2	2	2	2	2	2	2	2
OG0003309	2	2	2	1	2	2	2	2	3	2	2	2	2	2	2	2	2
OG0003310	2	3	2	2	2	2	2	2	2	2	2	2	2	2	2	2	2
OG0003311	1	3	2	2	1	1	3	3	2	1	2	2	2	2	2	3	3
OG0003312	1	3	2	2	2	2	2	2	2	1	2	2	2	2	2	2	2
OG0003313	1	3	2	1	3	2	2	2	2	1	2	2	2	2	2	2	2
OG0003314	6	3	2	2	2	2	1	1	1	2	2	2	2	2	2	1	1
OG0003315	2	4	2	1	3	1	2	2	2	2	2	2	2	2	2	2	2
OG0003316	2	1	2	2	2	2	2	2	2	2	2	2	2	2	2	2	2
OG0003317	3	4	2	4	2	0	1	3	2	3	3	3	3	2	2	2	2
OG0003318	1	3	2	2	2	2	2	2	2	1	2	2	2	2	2	2	2
OG0003319	2	2	2	2	2	2	2	2	2	2	2	2	2	2	2	2	2
OG0003320	2	2	2	2	2	2	2	2	2	2	2	2	2	2	2	2	2
OG0003321	1	15	1	1	1	1	1	1	1	1	1	2	1	1	1	1	1
OG0003322	1	3	2	2	2	2	2	2	2	1	2	2	2	2	2	2	2
OG0003323	1	3	3	2	2	2	2	2	2	1	2	3	2	2	2	2	2
OG0003324	1	1	3	2	2	2	3	2	2	1	2	2	2	2	2	2	2
OG0003325	1	2	2	2	2	2	2	2	2	1	2	2	2	2	2	2	2
OG0003326	1	15	1	1	1	1	1	1	1	1	1	2	1	1	1	1	1
OG0003327	1	3	2	2	2	2	2	2	2	1	2	2	2	2	2	2	2
OG0003328	1	3	2	2	2	2	2	2	2	1	2	2	2	2	2	2	2
OG0003329	1	2	2	3	2	2	2	2	2	1	2	2	2	2	2	2	2
OG0003330	2	3	3	2	2	1	2	2	2	2	2	3	2	2	2	2	2
OG0003331	3	3	2	2	2	2	2	1	2	2	2	2	2	2	2	2	2
OG0003332	2	1	2	1	2	2	3	2	2	2	2	2	2	2	2	2	2
OG0003333	2	3	1	2	3	2	2	2	2	2	2	2	2	2	2	2	2
OG0003334	1	2	2	1	2	2	3	2	2	1	2	2	2	2	2	2	2
OG0003335	2	2	2	2	2	2	2	2	2	2	2	2	2	2	2	2	2
OG0003336	2	3	2	2	3	1	2	2	2	2	2	2	2	2	2	2	2
OG0003337	2	3	2	3	2	2	2	1	2	2	2	2	2	2	2	2	2
OG0003338	3	3	2	2	2	2	2	2	1	2	2	2	2	2	2	2	2
OG0003339	3	3	2	0	2	2	2	2	2	2	2	2	2	2	2	2	2
OG0003340	2	3	2	1	2	2	2	2	2	2	2	2	2	2	2	2	2
OG0003341	2	1	4	2	3	1	2	2	2	2	2	2	2	2	2	2	2
OG0003342	1	3	2	2	2	2	2	2	2	1	2	2	2	2	2	2	2
OG0003343	1	5	2	2	2	2	2	2	2	1	2	2	2	2	2	2	2
OG0003344	1	2	2	3	2	2	2	2	2	1	2	2	2	2	2	2	2
OG0003345	1	4	2	2	1	2	2	2	2	1	2	2	2	2	2	2	2
OG0003346	1	3	2	2	2	2	2	2	2	1	2	2	2	2	2	2	2
OG0003347	2	2	2	2	2	2	2	2	2	2	2	2	2	2	2	2	2
OG0003348	3	3	2	2	2	2	0	2	2	2	2	2	2	2	2	2	2
OG0003349	1	2	2	3	2	2	2	2	2	1	2	2	2	2	2	2	2
OG0003350	1	14	2	2	1	1	1	1	1	1	2	3	2	1	1	1	1
OG0003351	2	3	2	1	2	2	2	2	2	2	2	2	2	2	2	2	2
OG0003352	2	3	2	3	2	2	2	2	2	2	2	2	2	2	2	2	2
OG0003353	2	3	3	1	2	2	2	2	2	2	2	3	2	2	2	2	2
OG0003354	2	3	2	2	2	2	2	2	2	2	2	2	2	2	2	2	2
OG0003355	1	3	2	2	2	2	2	2	2	1	2	2	2	2	2	2	2
OG0003356	3	3	2	3	2	2	2	2	1	2	2	2	2	2	2	2	2
OG0003357	2	3	2	2	2	2	2	2	2	2	2	2	2	2	2	2	2
OG0003358	1	2	2	1	2	2	0	3	2	1	2	2	2	2	2	2	2
OG0003359	2	2	2	2	2	2	2	2	2	2	2	2	2	2	2	2	2
OG0003360	2	2	2	2	2	2	2	2	2	2	2	2	2	2	2	2	2
OG0003361	2	2	2	3	2	2	2	2	2	2	2	2	2	2	2	2	2
OG0003362	1	2	2	2	2	2	2	2	2	1	2	2	2	2	2	2	2
OG0003363	1	3	2	2	2	2	2	2	2	1	2	2	2	2	2	2	2
OG0003364	2	3	2	1	2	2	2	2	2	2	2	2	2	2	2	2	2
OG0003365	2	2	2	1	3	2	2	2	2	2	2	2	2	2	2	2	2
OG0003366	2	5	2	2	2	2	2	2	1	2	2	2	2	2	2	2	2
OG0003367	3	3	2	1	2	2	2	2	2	2	2	2	2	2	2	2	2
OG0003368	2	9	1	1	1	1	1	1	3	1	1	1	1	1	1	1	1
OG0003369	2	2	1	1	2	2	3	2	2	2	2	2	2	2	2	2	2
OG0003370	2	3	2	2	2	2	2	2	2	2	2	2	2	2	2	2	2
OG0003371	3	3	2	2	2	1	2	2	2	2	2	2	2	2	2	2	2
OG0003372	2	2	2	2	2	2	2	2	2	2	2	2	2	2	2	2	2
OG0003373	2	5	2	0	2	2	2	2	2	2	2	2	2	2	2	2	2
OG0003374	1	4	3	2	2	2	2	1	2	1	2	3	2	2	2	2	2
OG0003375	2	2	1	2	3	2	2	2	2	2	2	2	2	2	2	2	2
OG0003376	2	3	2	2	2	2	2	2	2	2	2	2	2	2	2	2	2
OG0003377	2	3	2	2	2	2	2	2	2	2	2	2	2	2	2	2	2
OG0003378	2	4	2	2	2	2	0	2	2	2	2	2	2	2	2	2	2
OG0003379	2	2	2	1	2	2	2	3	2	2	2	2	2	2	2	2	2
OG0003380	2	2	5	1	2	2	2	1	2	2	2	2	2	2	2	2	2
OG0003381	2	1	2	2	3	1	6	2	2	2	2	2	2	2	2	2	2
OG0003382	3	2	2	3	2	2	1	2	2	2	2	2	2	2	2	2	2
OG0003383	2	1	2	1	1	1	3	4	2	1	1	1	1	1	1	3	3
OG0003384	1	3	2	2	2	2	2	3	1	1	2	2	2	2	2	2	2
OG0003385	1	2	2	2	3	2	2	2	2	1	2	2	2	2	2	2	2
OG0003386	1	9	2	0	1	2	1	2	2	1	2	3	2	2	2	2	2
OG0003387	2	3	2	2	2	2	2	2	2	2	2	2	2	2	2	2	2
OG0003388	4	3	4	1	5	1	2	1	2	2	2	3	2	2	2	2	2
OG0003389	2	3	2	2	2	2	2	2	2	2	2	2	2	2	2	2	2
OG0003390	1	9	2	2	1	2	1	1	1	1	2	3	2	2	2	1	1
OG0003391	2	3	2	1	2	2	2	2	2	2	2	2	2	2	2	2	2
OG0003392	2	3	2	1	2	2	2	2	2	2	2	2	2	2	2	2	2
OG0003393	1	1	1	1	1	2	2	3	2	1	1	1	1	1	2	2	2
OG0003394	2	2	2	2	2	1	2	3	2	2	2	2	2	2	2	2	2
OG0003395	1	2	4	1	2	2	2	2	2	1	2	2	2	2	2	2	2
OG0003396	2	3	2	2	1	2	2	2	2	2	2	2	2	2	2	2	2
OG0003397	3	1	2	2	2	2	2	2	2	2	2	2	2	2	2	2	2
OG0003398	2	2	2	1	3	2	2	2	2	2	2	2	2	2	2	2	2
OG0003399	1	4	2	1	3	2	2	2	2	1	2	2	2	2	2	2	2
OG0003400	2	3	2	1	2	2	2	2	2	2	2	2	2	2	2	2	2
OG0003401	3	2	2	2	2	2	3	2	2	2	2	2	2	2	2	2	2
OG0003402	1	3	2	3	2	2	3	2	2	1	2	2	2	2	2	2	2
OG0003403	3	3	3	4	3	2	0	1	0	3	3	3	3	3	2	1	1
OG0003404	2	3	2	3	2	2	2	1	2	2	2	2	2	2	2	2	2
OG0003405	2	4	2	1	1	2	2	2	2	2	2	2	2	2	2	2	2
OG0003406	2	3	2	2	2	2	3	1	2	2	2	2	2	2	2	2	2
OG0003407	2	3	2	1	2	2	2	2	2	2	2	2	2	2	2	2	2
OG0003408	1	7	3	3	2	2	1	1	1	2	3	3	3	2	2	1	1
OG0003409	1	3	3	2	1	1	2	3	2	1	2	3	2	2	2	2	2
OG0003410	2	3	2	3	2	2	2	2	2	2	2	2	2	2	2	2	2
OG0003411	1	3	2	2	2	2	2	2	2	1	2	2	2	2	2	2	2
OG0003412	1	2	2	2	2	2	2	2	2	1	2	2	2	2	2	2	2
OG0003413	1	2	2	3	3	2	2	2	2	1	2	2	2	2	2	2	2
OG0003414	1	4	2	2	2	2	1	2	2	1	2	2	2	2	2	2	2
OG0003415	1	3	2	1	3	2	2	2	2	1	2	2	2	2	2	2	2
OG0003416	3	2	3	1	2	2	2	2	2	2	2	2	2	2	2	2	2
OG0003417	1	4	2	2	3	2	2	2	2	1	2	2	2	2	2	2	2
OG0003418	1	3	2	3	2	2	2	2	2	1	2	2	2	2	2	2	2
OG0003419	1	3	2	3	3	2	2	2	1	1	2	2	2	2	2	2	2
OG0003420	1	2	3	2	2	2	2	2	2	1	2	2	2	2	2	2	2
OG0003421	2	3	2	2	2	2	2	2	2	2	2	2	2	2	2	2	2
OG0003422	1	3	2	3	2	2	2	2	2	1	2	2	2	2	2	2	2
OG0003423	2	2	2	2	2	2	2	2	2	2	2	2	2	2	2	2	2
OG0003424	2	3	2	2	2	2	2	2	2	2	2	2	2	2	2	2	2
OG0003425	1	4	2	3	3	2	2	1	2	2	3	3	3	3	2	2	2
OG0003426	2	4	2	2	2	2	2	2	2	2	2	2	2	2	2	2	2
OG0003427	1	4	1	1	1	1	2	4	2	1	1	1	1	1	1	2	2
OG0003428	2	2	1	3	2	2	2	2	2	2	2	2	2	2	2	2	2
OG0003429	2	3	2	1	2	2	2	2	2	2	2	2	2	2	2	2	2
OG0003430	1	3	2	2	2	2	2	2	2	1	2	2	2	2	2	2	2
OG0003431	1	3	2	2	2	2	3	2	2	1	2	2	2	2	2	2	2
OG0003432	1	2	2	2	2	1	4	2	2	1	2	2	2	2	2	2	2
OG0003433	1	5	2	2	2	2	2	2	2	1	2	2	2	2	2	2	2
OG0003434	2	4	2	3	2	2	2	2	2	2	2	2	2	2	2	2	2
OG0003435	1	2	2	2	2	2	2	2	2	1	2	2	2	2	2	2	2
OG0003436	1	2	2	1	2	2	2	2	2	1	2	2	2	2	2	2	2
OG0003437	1	2	3	2	2	2	2	2	2	1	2	2	2	2	2	2	2
OG0003438	1	3	3	3	2	2	2	2	2	2	3	3	3	2	2	2	2
OG0003439	1	3	3	1	3	2	2	2	2	1	2	3	2	2	2	2	2
OG0003440	2	3	2	2	2	2	2	2	2	2	2	2	2	2	2	2	2
OG0003441	1	1	2	10	1	1	2	2	1	1	2	2	2	2	2	2	2
OG0003442	2	3	2	2	2	2	2	2	2	2	2	2	2	2	2	2	2
OG0003443	1	1	2	2	5	2	2	3	0	1	2	2	2	2	2	2	2
OG0003444	2	4	3	2	3	3	1	1	1	2	3	3	3	3	3	1	1
OG0003445	2	1	2	1	2	2	3	2	2	2	2	2	2	2	2	2	2
OG0003446	2	2	2	2	2	2	2	2	2	2	2	2	2	2	2	2	2
OG0003447	1	1	2	2	2	3	2	2	2	1	2	2	2	2	2	2	2
OG0003448	1	3	3	2	2	2	2	2	2	1	2	3	2	2	2	2	2
OG0003449	1	3	2	2	2	3	2	2	2	1	2	2	2	2	2	2	2
OG0003450	1	3	2	2	3	2	2	2	2	1	2	2	2	2	2	2	2
OG0003451	2	1	2	2	2	3	2	2	2	2	2	2	2	2	2	2	2
OG0003452	1	4	2	2	2	3	0	2	2	1	2	2	2	2	2	2	2
OG0003453	2	2	2	2	2	2	2	2	2	2	2	2	2	2	2	2	2
OG0003454	1	3	2	2	2	2	2	2	2	1	2	2	2	2	2	2	2
OG0003455	1	2	2	2	2	2	2	2	2	1	2	2	2	2	2	2	2
OG0003456	1	3	2	2	2	2	2	2	2	1	2	2	2	2	2	2	2
OG0003457	1	4	3	3	2	1	4	2	2	2	3	3	3	2	2	2	2
OG0003458	1	3	2	2	2	2	2	2	2	1	2	2	2	2	2	2	2
OG0003459	1	1	4	3	2	2	2	2	2	1	2	2	2	2	2	2	2
OG0003460	2	3	2	2	2	2	2	2	2	2	2	2	2	2	2	2	2
OG0003461	1	3	2	1	3	2	2	2	2	1	2	2	2	2	2	2	2
OG0003462	1	1	1	0	1	1	3	4	4	1	1	1	1	1	1	3	4
OG0003463	1	3	2	2	3	2	2	2	2	1	2	2	2	2	2	2	2
OG0003464	1	6	2	3	2	1	2	2	2	1	2	2	2	2	2	2	2
OG0003465	1	4	2	2	2	2	2	2	2	1	2	2	2	2	2	2	2
OG0003466	1	0	4	0	6	1	0	1	5	1	1	1	1	1	1	1	1
OG0003516	1	3	3	2	2	2	2	2	1	1	2	3	2	2	2	2	2
OG0003517	1	13	0	0	0	1	1	3	1	1	1	1	1	1	1	1	1
OG0003518	1	1	1	3	2	3	2	2	2	1	2	1	2	2	2	2	2
OG0003519	1	3	2	1	2	2	2	2	2	1	2	2	2	2	2	2	2
OG0003520	1	0	0	1	0	0	18	0	3	1	1	0	1	1	1	3	3
OG0003521	1	3	2	2	2	2	2	2	2	1	2	2	2	2	2	2	2
OG0003522	4	3	2	2	2	1	2	2	2	2	2	2	2	2	2	2	2
OG0003523	2	3	2	1	2	2	2	2	2	2	2	2	2	2	2	2	2
OG0003524	4	3	2	1	2	2	2	1	2	2	2	2	2	2	2	2	2
OG0003525	1	2	2	2	2	2	2	2	2	1	2	2	2	2	2	2	2
OG0003526	3	1	2	2	2	2	2	2	2	2	2	2	2	2	2	2	2
OG0003527	1	2	2	2	2	2	2	2	2	1	2	2	2	2	2	2	2
OG0003528	1	3	2	1	1	2	2	2	2	1	2	2	2	2	2	2	2
OG0003529	2	3	2	2	1	2	2	2	2	2	2	2	2	2	2	2	2
OG0003530	1	1	1	2	2	2	3	2	2	1	2	1	2	2	2	2	2
OG0003531	1	2	2	2	2	2	2	2	2	1	2	2	2	2	2	2	2
OG0003532	1	3	2	2	1	2	2	2	2	1	2	2	2	2	2	2	2
OG0003533	2	2	1	2	3	2	2	2	2	2	2	2	2	2	2	2	2
OG0003534	1	2	2	2	2	2	2	2	2	1	2	2	2	2	2	2	2
OG0003535	1	3	2	1	2	2	2	2	2	1	2	2	2	2	2	2	2
OG0003536	1	1	1	2	2	2	4	2	2	1	2	1	2	2	2	2	2
OG0003537	2	2	2	2	2	2	2	2	2	2	2	2	2	2	2	2	2
OG0003538	2	3	2	2	2	2	2	2	2	2	2	2	2	2	2	2	2
OG0003539	1	2	2	1	3	2	2	2	2	1	2	2	2	2	2	2	2
OG0003540	1	4	2	2	2	2	2	2	2	1	2	2	2	2	2	2	2
OG0003541	1	2	2	2	3	2	2	2	2	1	2	2	2	2	2	2	2
OG0003542	2	2	2	1	2	2	2	2	2	2	2	2	2	2	2	2	2
OG0003543	1	2	3	1	2	2	2	2	2	1	2	2	2	2	2	2	2
OG0003544	1	4	2	2	2	2	4	2	1	1	2	2	2	2	2	2	2
OG0003545	3	3	2	1	2	2	2	2	2	2	2	2	2	2	2	2	2
OG0003546	1	2	2	3	2	2	2	2	2	1	2	2	2	2	2	2	2
OG0003547	1	3	2	1	2	1	3	2	2	1	2	2	2	2	2	2	2
OG0003548	1	3	2	1	2	2	2	2	2	1	2	2	2	2	2	2	2
OG0003549	2	3	2	1	1	2	2	2	2	2	2	2	2	2	2	2	2
OG0003550	1	2	2	2	2	2	2	2	2	1	2	2	2	2	2	2	2
OG0003551	2	3	2	1	2	2	2	2	2	2	2	2	2	2	2	2	2
OG0003552	5	2	1	0	2	2	2	2	2	2	2	2	2	2	2	2	2
OG0003553	2	3	2	2	2	1	3	2	2	2	2	2	2	2	2	2	2
OG0003554	1	3	2	2	2	2	2	2	2	1	2	2	2	2	2	2	2
OG0003555	2	2	2	2	2	2	2	2	2	2	2	2	2	2	2	2	2
OG0003556	3	1	2	2	2	2	2	2	2	2	2	2	2	2	2	2	2
OG0003557	1	1	3	1	2	2	2	2	2	1	2	2	2	2	2	2	2
OG0003558	3	6	4	1	2	2	0	1	1	2	2	4	2	2	2	1	1
OG0003559	1	3	2	1	2	2	2	2	2	1	2	2	2	2	2	2	2
OG0003560	2	2	2	1	2	2	2	2	2	2	2	2	2	2	2	2	2
OG0003561	2	3	2	1	3	2	1	2	2	2	2	2	2	2	2	2	2
OG0003562	1	2	2	2	2	2	2	2	2	1	2	2	2	2	2	2	2
OG0003563	1	2	2	2	2	2	2	2	2	1	2	2	2	2	2	2	2
OG0003564	2	3	2	1	2	2	2	2	2	2	2	2	2	2	2	2	2
OG0003565	2	5	2	2	2	2	2	1	2	2	2	2	2	2	2	2	2
OG0003566	2	2	4	1	2	2	0	2	2	2	2	2	2	2	2	2	2
OG0003567	2	2	2	2	2	2	2	2	2	2	2	2	2	2	2	2	2
OG0003568	2	3	2	0	2	2	2	2	2	2	2	2	2	2	2	2	2
OG0003569	2	3	2	2	3	2	0	2	2	2	2	2	2	2	2	2	2
OG0003570	2	2	2	2	2	2	2	2	2	2	2	2	2	2	2	2	2
OG0003571	3	2	2	2	2	2	2	2	2	2	2	2	2	2	2	2	2
OG0003573	3	2	2	2	2	2	2	2	2	2	2	2	2	2	2	2	2
OG0003574	4	2	2	3	2	2	2	1	1	2	2	2	2	2	2	2	1
OG0003575	2	4	2	1	2	2	2	1	2	2	2	2	2	2	2	2	2
OG0003576	2	3	2	2	2	2	0	2	2	2	2	2	2	2	2	2	2
OG0003577	3	1	1	1	1	1	2	3	3	1	1	1	1	1	1	2	3
OG0003578	3	1	2	2	1	1	1	3	2	2	2	2	2	1	1	1	2
OG0003579	1	4	3	1	3	2	2	1	2	1	2	3	2	2	2	2	2
OG0003580	1	2	2	2	2	2	2	2	2	1	2	2	2	2	2	2	2
OG0003581	3	1	2	3	1	2	2	2	2	2	2	2	2	2	2	2	2
OG0003582	4	2	4	1	1	3	1	1	1	2	2	2	1	1	1	1	1
OG0003583	1	3	3	1	2	2	2	2	2	1	2	3	2	2	2	2	2
OG0003584	2	2	2	2	2	2	2	2	2	2	2	2	2	2	2	2	2
OG0003585	3	2	2	2	2	2	2	2	2	2	2	2	2	2	2	2	2
OG0003586	2	2	1	3	2	2	2	2	2	2	2	2	2	2	2	2	2
OG0003587	3	2	2	2	2	0	3	2	4	2	2	2	2	2	2	3	3
OG0003588	2	2	2	0	2	3	1	2	2	2	2	2	2	2	2	2	2
OG0003589	3	2	2	1	1	1	2	2	2	2	2	2	1	1	1	2	2
OG0003590	3	4	1	0	1	2	2	2	2	2	2	2	2	2	2	2	2
OG0003591	2	1	1	1	2	2	1	3	3	1	1	1	1	2	2	2	3
OG0003592	3	5	2	2	2	1	2	1	2	2	2	2	2	2	2	2	2
OG0003593	3	2	1	3	2	3	1	1	1	2	2	2	2	2	2	1	1
OG0003594	2	1	2	2	1	3	1	2	2	2	2	2	2	2	2	2	2
OG0003595	1	2	2	2	2	2	2	2	2	1	2	2	2	2	2	2	2
OG0003596	2	4	3	2	2	2	0	2	2	2	2	3	2	2	2	2	2
OG0003597	2	3	2	1	2	2	2	2	2	2	2	2	2	2	2	2	2
OG0003598	3	2	1	2	2	2	2	2	2	2	2	2	2	2	2	2	2
OG0003599	2	3	2	1	2	2	2	2	2	2	2	2	2	2	2	2	2
OG0003600	1	4	2	1	2	2	2	2	2	1	2	2	2	2	2	2	2
OG0003601	1	2	2	2	2	2	2	2	2	1	2	2	2	2	2	2	2
OG0003602	1	1	1	1	3	3	2	2	2	1	1	1	1	2	2	2	2
OG0003603	3	3	2	2	2	2	0	2	2	2	2	2	2	2	2	2	2
OG0003604	1	1	1	1	1	1	1	4	3	1	1	1	1	1	1	1	3
OG0003605	2	1	2	2	2	3	2	2	0	2	2	2	2	2	2	2	2
OG0003606	1	2	2	2	2	2	2	2	2	1	2	2	2	2	2	2	2
OG0003607	1	2	2	2	2	2	2	2	2	1	2	2	2	2	2	2	2
OG0003608	2	2	2	2	2	2	2	2	2	2	2	2	2	2	2	2	2
OG0003609	2	2	2	2	2	2	2	2	2	2	2	2	2	2	2	2	2
OG0003610	2	2	2	2	2	2	2	2	2	2	2	2	2	2	2	2	2
OG0003611	2	3	1	0	3	2	2	2	2	2	2	2	2	2	2	2	2
OG0003612	2	2	2	2	2	2	2	2	2	2	2	2	2	2	2	2	2
OG0003613	3	2	2	3	2	2	0	2	2	2	2	2	2	2	2	2	2
OG0003614	2	3	2	2	2	2	2	2	1	2	2	2	2	2	2	2	2
OG0003615	11	1	1	2	2	0	0	2	2	3	2	1	2	2	2	2	2
OG0003616	2	3	2	2	2	2	2	2	2	2	2	2	2	2	2	2	2
OG0003617	2	3	2	2	2	2	2	2	2	2	2	2	2	2	2	2	2
OG0003618	2	1	0	1	1	4	2	2	2	1	1	1	1	1	2	2	2
OG0003619	2	4	3	2	2	1	2	2	2	2	2	3	2	2	2	2	2
OG0003621	2	2	2	1	2	2	2	2	2	2	2	2	2	2	2	2	2
OG0003622	2	2	2	2	2	2	2	2	2	2	2	2	2	2	2	2	2
OG0003623	2	3	2	2	2	3	1	2	0	2	2	2	2	2	2	1	1
OG0003624	3	1	3	1	2	2	2	2	2	2	2	2	2	2	2	2	2
OG0003625	2	2	2	3	2	2	2	2	2	2	2	2	2	2	2	2	2
OG0003626	1	2	2	2	4	2	0	2	2	1	2	2	2	2	2	2	2
OG0003627	2	2	2	2	2	2	2	2	2	2	2	2	2	2	2	2	2
OG0003628	2	1	2	1	0	5	0	0	3	1	1	1	1	1	1	1	1
OG0003629	2	2	1	2	2	2	2	2	2	2	2	2	2	2	2	2	2
OG0003630	1	3	2	2	2	2	2	2	2	1	2	2	2	2	2	2	2
OG0003631	1	3	2	2	2	2	2	2	2	1	2	2	2	2	2	2	2
OG0003632	1	3	2	2	2	2	2	2	2	1	2	2	2	2	2	2	2
OG0003633	1	4	2	1	1	2	2	2	2	1	2	2	2	2	2	2	2
OG0003634	2	2	2	1	2	2	2	2	2	2	2	2	2	2	2	2	2
OG0003635	3	1	2	1	2	2	3	2	2	2	2	2	2	2	2	2	2
OG0003636	1	2	1	1	2	3	1	2	2	1	2	2	2	2	2	2	2
OG0003637	1	2	2	2	2	2	2	2	2	1	2	2	2	2	2	2	2
OG0003638	2	2	3	3	2	2	2	2	2	2	2	2	2	2	2	2	2
OG0003639	2	2	1	3	2	2	2	2	2	2	2	2	2	2	2	2	2
OG0003640	4	5	3	2	2	2	1	1	1	2	2	3	2	2	2	1	1
OG0003641	1	7	2	1	1	1	2	2	2	1	1	2	1	1	1	2	2
OG0003642	1	2	2	3	2	2	2	2	2	1	2	2	2	2	2	2	2
OG0003643	1	3	2	2	2	2	2	2	2	1	2	2	2	2	2	2	2
OG0003644	1	2	2	2	2	2	3	2	2	1	2	2	2	2	2	2	2
OG0003645	2	3	2	2	2	2	2	1	2	2	2	2	2	2	2	2	2
OG0003646	2	2	2	2	2	2	2	2	2	2	2	2	2	2	2	2	2
OG0003647	2	4	2	1	2	2	1	2	2	2	2	2	2	2	2	2	2
OG0003648	3	2	2	2	2	2	2	2	2	2	2	2	2	2	2	2	2
OG0003649	1	2	2	2	2	2	2	2	2	1	2	2	2	2	2	2	2
OG0003650	3	3	2	2	2	1	2	2	2	2	2	2	2	2	2	2	2
OG0003651	5	2	2	2	1	1	2	2	2	2	2	2	2	2	2	2	2
OG0003652	1	3	3	1	2	2	2	2	2	1	2	3	2	2	2	2	2
OG0003653	2	2	2	3	2	2	2	2	1	2	2	2	2	2	2	2	2
OG0003654	2	3	2	1	2	2	2	2	2	2	2	2	2	2	2	2	2
OG0003655	1	2	2	0	2	3	2	2	1	1	2	2	2	2	2	2	2
OG0003656	1	3	2	1	2	2	5	2	1	1	2	2	2	2	2	2	2
OG0003657	1	2	3	1	2	2	2	2	2	1	2	2	2	2	2	2	2
OG0003658	3	2	2	4	2	1	1	2	2	2	2	2	2	2	2	2	2
OG0003659	2	3	2	2	2	2	2	2	2	2	2	2	2	2	2	2	2
OG0003660	1	2	2	2	2	2	2	2	2	1	2	2	2	2	2	2	2
OG0003661	2	2	2	2	2	2	2	2	2	2	2	2	2	2	2	2	2
OG0003662	2	3	2	2	2	2	2	2	2	2	2	2	2	2	2	2	2
OG0003663	1	2	1	2	2	2	2	2	2	1	2	2	2	2	2	2	2
OG0003664	2	2	2	2	2	2	2	2	2	2	2	2	2	2	2	2	2
OG0003665	1	16	1	1	1	1	1	0	1	1	1	2	1	1	1	1	1
OG0003666	2	4	2	2	4	1	2	1	2	2	2	2	2	2	2	2	2
OG0003667	1	2	2	2	2	2	2	2	2	1	2	2	2	2	2	2	2
OG0003668	1	4	2	2	2	2	0	2	2	1	2	2	2	2	2	2	2
OG0003669	2	1	6	2	2	2	2	1	2	2	2	2	2	2	2	2	2
OG0003670	2	2	2	1	2	2	2	2	2	2	2	2	2	2	2	2	2
OG0003671	2	3	3	0	2	2	2	2	2	2	2	3	2	2	2	2	2
OG0003672	1	0	0	0	0	0	2	4	5	1	1	0	1	1	1	2	4
OG0003673	1	3	2	1	2	2	2	2	2	1	2	2	2	2	2	2	2
OG0003674	2	3	2	1	2	2	2	2	2	2	2	2	2	2	2	2	2
OG0003675	2	3	2	2	2	2	2	1	2	2	2	2	2	2	2	2	2
OG0003676	2	1	2	2	2	2	2	2	2	2	2	2	2	2	2	2	2
OG0003677	2	3	2	1	2	2	2	2	2	2	2	2	2	2	2	2	2
OG0003678	2	2	3	1	3	1	2	2	2	2	2	2	2	2	2	2	2
OG0003679	3	3	3	1	2	2	2	2	1	2	2	3	2	2	2	2	2
OG0003680	2	3	2	2	2	2	0	2	2	2	2	2	2	2	2	2	2
OG0003681	1	3	2	1	2	2	2	2	2	1	2	2	2	2	2	2	2
OG0003682	2	2	2	2	2	2	2	2	2	2	2	2	2	2	2	2	2
OG0003683	2	3	2	3	2	2	2	1	2	2	2	2	2	2	2	2	2
OG0003684	1	2	2	2	2	2	2	2	2	1	2	2	2	2	2	2	2
OG0003685	2	3	2	2	3	2	2	2	2	2	2	2	2	2	2	2	2
OG0003686	2	4	1	1	2	1	1	2	2	2	2	2	2	2	2	2	2
OG0003687	2	1	1	1	1	5	1	1	1	1	1	1	1	1	1	1	1
OG0003688	2	2	2	1	2	2	2	2	2	2	2	2	2	2	2	2	2
OG0003689	5	4	2	1	2	1	2	2	2	2	2	2	2	2	2	2	2
OG0003690	2	2	1	1	1	1	3	3	2	1	1	1	1	1	1	3	3
OG0003691	1	13	1	1	1	1	1	1	2	1	1	2	1	1	1	1	1
OG0003692	2	1	1	1	2	2	2	2	2	1	1	1	1	2	2	2	2
OG0003693	2	2	2	1	2	2	2	2	2	2	2	2	2	2	2	2	2
OG0003694	2	2	2	2	2	2	2	2	2	2	2	2	2	2	2	2	2
OG0003695	2	4	2	1	2	2	2	2	2	2	2	2	2	2	2	2	2
OG0003696	2	2	2	2	3	1	2	2	2	2	2	2	2	2	2	2	2
OG0003697	1	3	2	2	2	2	2	2	2	1	2	2	2	2	2	2	2
OG0003698	2	3	2	2	2	2	2	2	2	2	2	2	2	2	2	2	2
OG0003699	2	1	1	3	1	1	2	3	2	1	1	1	1	1	1	2	2
OG0003700	4	2	1	3	2	1	2	2	2	2	2	2	2	2	2	2	2
OG0003701	1	3	2	2	2	2	2	2	2	1	2	2	2	2	2	2	2
OG0003702	3	2	1	1	2	2	2	2	2	2	2	2	2	2	2	2	2
OG0003703	2	3	2	1	2	2	2	2	2	2	2	2	2	2	2	2	2
OG0003704	2	3	2	2	2	2	2	2	1	2	2	2	2	2	2	2	2
OG0003705	2	4	2	0	2	2	1	2	2	2	2	2	2	2	2	2	2
OG0003706	3	1	1	2	2	2	2	2	2	2	2	1	2	2	2	2	2
OG0003707	1	4	2	2	2	2	1	2	2	1	2	2	2	2	2	2	2
OG0003708	3	3	2	0	2	2	3	2	2	2	2	2	2	2	2	2	2
OG0003709	4	1	1	2	2	2	2	2	2	2	2	1	2	2	2	2	2
OG0003710	1	3	2	1	2	2	2	2	2	1	2	2	2	2	2	2	2
OG0003711	2	3	2	2	2	2	2	2	2	2	2	2	2	2	2	2	2
OG0003712	2	4	1	1	1	2	2	2	2	2	2	2	2	2	2	2	2
OG0003713	2	1	2	4	2	2	2	2	0	2	2	2	2	2	2	2	2
OG0003714	2	1	3	2	2	2	2	2	2	2	2	2	2	2	2	2	2
OG0003715	1	2	2	2	2	2	2	2	2	1	2	2	2	2	2	2	2
OG0003716	1	2	2	2	2	2	2	2	2	1	2	2	2	2	2	2	2
OG0003717	3	2	1	2	2	2	2	2	2	2	2	2	2	2	2	2	2
OG0003718	1	1	2	4	1	1	3	2	2	1	2	2	2	2	2	2	2
OG0003719	2	2	3	3	2	1	2	2	2	2	2	2	2	2	2	2	2
OG0003720	1	2	2	2	2	2	2	2	2	1	2	2	2	2	2	2	2
OG0003721	2	3	4	2	2	2	0	2	2	2	2	3	2	2	2	2	2
OG0003722	2	2	2	2	2	2	2	2	2	2	2	2	2	2	2	2	2
OG0003723	1	15	1	0	1	1	1	1	1	1	1	2	1	1	1	1	1
OG0003724	1	7	2	1	2	2	1	2	2	1	2	2	2	2	2	2	2
OG0003725	1	2	2	3	2	2	2	2	2	1	2	2	2	2	2	2	2
OG0003726	2	2	2	2	2	2	2	2	2	2	2	2	2	2	2	2	2
OG0003727	5	2	4	3	1	1	2	1	2	3	3	3	3	2	2	2	2
OG0003728	1	2	2	2	2	2	2	2	2	1	2	2	2	2	2	2	2
OG0003729	2	3	2	2	2	2	2	1	2	2	2	2	2	2	2	2	2
OG0003730	2	2	2	1	2	2	2	2	2	2	2	2	2	2	2	2	2
OG0003731	2	3	2	2	2	2	2	2	1	2	2	2	2	2	2	2	2
OG0003732	1	1	3	2	1	3	2	2	1	1	2	2	2	2	2	2	2
OG0003733	1	4	2	1	2	2	2	2	2	1	2	2	2	2	2	2	2
OG0003734	1	2	2	2	2	2	2	2	2	1	2	2	2	2	2	2	2
OG0003735	1	2	2	2	2	2	2	2	2	1	2	2	2	2	2	2	2
OG0003736	1	4	2	3	2	2	2	2	1	1	2	2	2	2	2	2	2
OG0003737	1	3	3	2	2	0	2	3	3	1	2	3	2	2	2	2	3
OG0003738	1	3	2	2	2	2	2	2	2	1	2	2	2	2	2	2	2
OG0003739	2	2	2	1	2	2	2	2	2	2	2	2	2	2	2	2	2
OG0003740	1	1	2	4	2	2	1	2	2	1	2	2	2	2	2	2	2
OG0003741	1	3	2	2	2	2	2	2	2	1	2	2	2	2	2	2	2
OG0003742	2	3	3	3	2	2	0	2	2	2	3	3	3	2	2	2	2
OG0003743	2	2	2	2	2	2	2	2	2	2	2	2	2	2	2	2	2
OG0003744	1	3	2	1	2	2	2	2	2	1	2	2	2	2	2	2	2
OG0003745	2	2	2	2	2	2	2	2	2	2	2	2	2	2	2	2	2
OG0003746	2	2	2	2	2	2	2	2	2	2	2	2	2	2	2	2	2
OG0003747	1	2	2	1	3	2	2	2	2	1	2	2	2	2	2	2	2
OG0003748	3	2	1	1	1	1	11	1	1	1	1	1	1	1	1	1	1
OG0003749	2	1	2	2	2	2	2	2	2	2	2	2	2	2	2	2	2
OG0003750	1	3	2	2	2	2	2	2	2	1	2	2	2	2	2	2	2
OG0003751	3	3	3	2	2	1	0	2	2	2	2	3	2	2	2	2	2
OG0003752	1	2	1	1	1	2	3	2	3	1	1	1	1	1	2	3	3
OG0003753	2	2	2	1	2	2	2	2	2	2	2	2	2	2	2	2	2
OG0003754	2	3	1	2	2	2	2	2	2	2	2	2	2	2	2	2	2
OG0003755	1	2	2	3	3	2	2	2	1	1	2	2	2	2	2	2	2
OG0003756	2	5	1	1	2	1	2	2	2	2	2	2	2	2	2	2	2
OG0003757	2	4	1	2	3	2	0	3	0	2	2	2	2	2	2	1	1
OG0003758	1	1	2	1	1	3	4	2	2	1	1	1	1	1	2	2	2
OG0003759	1	2	2	2	1	2	4	2	2	1	2	2	2	2	2	2	2
OG0003760	1	3	3	1	2	2	2	2	2	1	2	3	2	2	2	2	2
OG0003761	2	3	2	1	2	2	2	2	2	2	2	2	2	2	2	2	2
OG0003762	1	5	2	2	2	2	0	2	2	1	2	2	2	2	2	2	2
OG0003763	1	2	2	2	2	2	2	2	2	1	2	2	2	2	2	2	2
OG0003764	1	2	2	2	2	2	2	2	2	1	2	2	2	2	2	2	2
OG0003765	1	2	2	1	2	2	3	2	2	1	2	2	2	2	2	2	2
OG0003766	1	4	2	1	2	2	2	2	2	1	2	2	2	2	2	2	2
OG0003767	1	3	2	2	2	2	2	2	2	1	2	2	2	2	2	2	2
OG0003768	2	1	1	0	1	2	2	3	2	1	1	1	1	1	2	2	2
OG0003769	1	2	2	2	2	2	2	2	2	1	2	2	2	2	2	2	2
OG0003770	1	3	1	2	2	2	2	2	2	1	2	2	2	2	2	2	2
OG0003771	1	1	2	2	2	3	2	2	2	1	2	2	2	2	2	2	2
OG0003772	2	3	2	2	2	2	2	1	2	2	2	2	2	2	2	2	2
OG0003773	2	2	2	1	2	2	2	2	2	2	2	2	2	2	2	2	2
OG0003774	1	3	2	1	2	2	2	2	2	1	2	2	2	2	2	2	2
OG0003775	2	2	2	2	2	2	2	2	2	2	2	2	2	2	2	2	2
OG0003776	1	2	2	6	2	1	1	2	2	1	2	2	2	2	2	2	2
OG0003777	2	3	2	2	2	2	1	2	2	2	2	2	2	2	2	2	2
OG0003778	2	2	2	1	1	0	2	4	3	1	1	2	1	1	1	2	3
OG0003779	2	3	2	2	2	2	2	2	2	2	2	2	2	2	2	2	2
OG0003780	2	3	2	1	2	2	2	2	2	2	2	2	2	2	2	2	2
OG0003781	1	2	2	1	2	2	2	3	0	1	2	2	2	2	2	2	2
OG0003782	1	2	2	2	2	2	2	2	2	1	2	2	2	2	2	2	2
OG0003783	2	2	2	1	2	2	2	2	2	2	2	2	2	2	2	2	2
OG0003784	2	2	1	1	2	2	2	2	2	2	2	2	2	2	2	2	2
OG0003785	1	1	1	1	1	1	2	4	2	1	1	1	1	1	1	2	2
OG0003786	2	2	2	2	3	2	2	2	2	2	2	2	2	2	2	2	2
OG0003787	1	2	2	3	2	3	2	1	2	1	2	2	2	2	2	2	2
OG0003788	2	2	1	2	2	2	0	2	3	2	2	2	2	2	2	2	2
OG0003789	1	3	2	2	2	2	2	2	2	1	2	2	2	2	2	2	2
OG0003790	2	2	1	2	2	2	2	2	2	2	2	2	2	2	2	2	2
OG0003791	1	3	2	3	2	2	2	2	2	1	2	2	2	2	2	2	2
OG0003792	1	1	2	3	2	2	2	2	2	1	2	2	2	2	2	2	2
OG0003793	1	2	2	2	2	2	2	2	2	1	2	2	2	2	2	2	2
OG0003794	1	3	4	1	2	2	2	1	2	1	2	3	2	2	2	2	2
OG0003795	1	7	1	1	1	1	2	3	2	1	1	1	1	1	1	2	2
OG0003796	1	2	1	1	2	1	3	2	3	1	2	2	2	2	2	3	3
OG0003797	1	2	2	0	3	2	3	3	2	1	2	2	2	3	3	3	3
OG0003798	3	2	2	2	2	2	1	2	2	2	2	2	2	2	2	2	2
OG0003799	2	3	2	2	2	2	2	2	2	2	2	2	2	2	2	2	2
OG0003800	1	3	2	2	2	2	2	2	2	1	2	2	2	2	2	2	2
OG0003801	3	2	2	1	2	2	2	2	2	2	2	2	2	2	2	2	2
OG0003802	1	2	1	1	1	2	6	2	2	1	1	1	1	1	2	2	2
OG0003803	1	2	2	2	2	3	0	1	2	1	2	2	2	2	2	1	1
OG0003804	1	2	2	1	3	2	2	2	2	1	2	2	2	2	2	2	2
OG0003805	1	3	2	2	2	2	2	2	2	1	2	2	2	2	2	2	2
OG0003806	1	2	2	2	2	2	2	2	2	1	2	2	2	2	2	2	2
OG0003807	1	3	2	2	3	2	2	2	2	1	2	2	2	2	2	2	2
OG0003808	1	2	2	2	2	2	2	2	2	1	2	2	2	2	2	2	2
OG0003809	2	2	2	2	2	2	2	2	2	2	2	2	2	2	2	2	2
OG0003810	1	2	2	2	2	2	2	2	2	1	2	2	2	2	2	2	2
OG0003811	1	2	2	1	2	3	2	2	2	1	2	2	2	2	2	2	2
OG0003812	1	2	2	2	2	3	2	1	2	1	2	2	2	2	2	2	2
OG0003813	1	2	2	2	2	2	2	2	2	1	2	2	2	2	2	2	2
OG0003814	1	2	2	1	2	2	2	2	2	1	2	2	2	2	2	2	2
OG0003815	1	2	2	2	2	2	2	2	2	1	2	2	2	2	2	2	2
OG0003816	1	3	2	2	2	2	2	2	2	1	2	2	2	2	2	2	2
OG0003817	2	2	2	2	2	2	2	2	2	2	2	2	2	2	2	2	2
OG0003818	1	3	3	1	3	0	3	3	2	2	3	3	3	3	3	3	3
OG0003819	1	1	2	2	2	1	3	2	2	1	2	2	2	2	2	2	2
OG0003820	1	2	2	2	2	2	2	2	2	1	2	2	2	2	2	2	2
OG0003821	1	14	1	1	1	1	1	1	1	1	1	2	1	1	1	1	1
OG0003822	1	3	2	1	2	2	2	2	2	1	2	2	2	2	2	2	2
OG0003823	1	2	2	2	2	2	2	2	2	1	2	2	2	2	2	2	2
OG0003824	1	3	2	1	2	2	2	2	2	1	2	2	2	2	2	2	2
OG0003825	1	2	2	2	2	2	2	2	2	1	2	2	2	2	2	2	2
OG0003826	4	2	1	5	1	1	1	2	2	2	2	2	2	1	1	1	2
OG0003827	1	3	2	2	2	2	2	2	2	1	2	2	2	2	2	2	2
OG0003828	1	4	2	1	2	2	2	2	2	1	2	2	2	2	2	2	2
OG0003829	1	3	3	1	2	2	2	2	2	1	2	3	2	2	2	2	2
OG0003830	1	2	2	2	2	2	2	2	2	1	2	2	2	2	2	2	2
OG0003831	2	2	2	1	2	2	2	2	2	2	2	2	2	2	2	2	2
OG0003832	1	3	2	2	2	2	2	2	2	1	2	2	2	2	2	2	2
OG0003833	1	2	2	2	2	2	2	2	2	1	2	2	2	2	2	2	2
OG0003834	1	3	2	2	2	2	2	1	2	1	2	2	2	2	2	2	2
OG0003894	1	2	3	2	1	2	2	2	1	1	2	2	2	2	2	2	2
OG0003895	1	2	2	2	2	2	2	2	2	1	2	2	2	2	2	2	2
OG0003896	1	2	2	2	2	2	2	2	2	1	2	2	2	2	2	2	2
OG0003898	1	3	2	2	2	2	2	2	2	1	2	2	2	2	2	2	2
OG0003899	2	3	2	2	2	2	2	1	2	2	2	2	2	2	2	2	2
OG0003900	1	1	3	2	1	2	2	2	2	1	2	2	2	2	2	2	2
OG0003901	1	0	0	0	2	3	2	2	2	1	1	0	1	2	2	2	2
OG0003902	1	2	2	3	2	2	2	2	0	1	2	2	2	2	2	2	2
OG0003903	1	2	2	2	3	0	3	2	3	1	2	2	2	2	2	3	3
OG0003904	3	3	2	1	1	1	2	2	2	2	2	2	1	1	1	2	2
OG0003905	3	2	1	1	2	2	2	2	2	2	2	2	2	2	2	2	2
OG0003906	2	3	2	2	1	2	2	2	2	2	2	2	2	2	2	2	2
OG0003907	3	2	2	1	2	2	2	2	1	2	2	2	2	2	2	2	2
OG0003908	1	2	2	2	2	2	2	2	2	1	2	2	2	2	2	2	2
OG0003909	1	2	2	2	2	2	2	2	2	1	2	2	2	2	2	2	2
OG0003910	2	3	1	2	1	2	2	2	2	2	2	2	2	2	2	2	2
OG0003911	2	1	1	1	3	3	0	2	2	1	1	1	1	2	2	2	2
OG0003912	3	2	2	1	2	1	2	2	2	2	2	2	2	2	2	2	2
OG0003913	4	2	2	2	2	1	1	2	2	2	2	2	2	2	2	2	2
OG0003914	2	1	2	1	2	2	2	2	2	2	2	2	2	2	2	2	2
OG0003915	2	2	1	1	1	2	3	2	2	2	2	2	2	2	2	2	2
OG0003916	1	2	2	3	1	2	2	2	2	1	2	2	2	2	2	2	2
OG0003917	1	2	1	2	2	2	2	2	2	1	2	2	2	2	2	2	2
OG0003918	2	3	2	0	2	2	2	2	2	2	2	2	2	2	2	2	2
OG0003919	1	3	2	1	2	2	2	2	2	1	2	2	2	2	2	2	2
OG0003920	2	3	2	2	3	1	2	2	2	2	2	2	2	2	2	2	2
OG0003921	2	3	2	1	2	2	2	2	2	2	2	2	2	2	2	2	2
OG0003922	1	2	2	2	2	2	2	2	2	1	2	2	2	2	2	2	2
OG0003923	1	3	2	1	2	2	2	2	2	1	2	2	2	2	2	2	2
OG0003924	2	2	2	2	2	2	2	2	2	2	2	2	2	2	2	2	2
OG0003925	2	2	2	2	2	2	2	2	2	2	2	2	2	2	2	2	2
OG0003926	1	1	1	0	1	1	2	3	4	1	1	1	1	1	1	2	3
OG0003927	2	6	2	2	3	0	1	2	2	2	2	2	2	2	2	2	2
OG0003928	2	3	1	2	2	2	2	2	1	2	2	2	2	2	2	2	2
OG0003929	1	6	3	2	3	2	1	1	1	1	2	3	2	2	2	1	1
OG0003930	1	1	1	1	2	1	3	3	3	1	1	1	1	2	2	3	3
OG0003931	2	2	2	2	3	3	1	1	1	2	2	2	2	2	2	1	1
OG0003932	2	2	1	2	2	2	1	2	2	2	2	2	2	2	2	2	2
OG0003933	2	3	2	2	3	2	2	1	2	2	2	2	2	2	2	2	2
OG0003934	1	0	1	0	3	1	2	4	2	1	1	1	1	2	2	2	2
OG0003935	1	2	2	2	2	2	2	2	2	1	2	2	2	2	2	2	2
OG0003936	2	2	2	2	2	2	2	2	2	2	2	2	2	2	2	2	2
OG0003937	1	1	2	2	2	2	2	2	2	1	2	2	2	2	2	2	2
OG0003938	1	3	2	2	2	1	3	2	2	1	2	2	2	2	2	2	2
OG0003939	1	2	2	2	1	2	3	2	2	1	2	2	2	2	2	2	2
OG0003940	1	2	2	1	2	2	2	2	2	1	2	2	2	2	2	2	2
OG0003941	1	2	3	2	2	2	2	2	2	1	2	2	2	2	2	2	2
OG0003942	2	2	2	2	2	2	1	2	2	2	2	2	2	2	2	2	2
OG0003943	1	2	2	2	2	2	1	2	2	1	2	2	2	2	2	2	2
OG0003944	2	3	2	2	2	1	2	2	2	2	2	2	2	2	2	2	2
OG0003945	2	1	2	3	2	2	3	2	0	2	2	2	2	2	2	2	2
OG0003946	2	3	2	1	2	2	2	2	2	2	2	2	2	2	2	2	2
OG0003947	2	3	2	1	1	2	2	2	2	2	2	2	2	2	2	2	2
OG0003948	3	2	2	2	1	2	2	2	2	2	2	2	2	2	2	2	2
OG0003949	2	3	3	2	2	1	2	2	2	2	2	3	2	2	2	2	2
OG0003950	2	12	1	1	1	1	1	1	1	1	1	2	1	1	1	1	1
OG0003951	1	2	2	2	1	2	2	2	2	1	2	2	2	2	2	2	2
OG0003952	1	4	1	1	3	2	2	1	2	1	2	2	2	2	2	2	2
OG0003953	2	1	1	2	2	2	2	2	2	2	2	1	2	2	2	2	2
OG0003954	1	6	2	1	2	2	1	2	2	1	2	2	2	2	2	2	2
OG0003955	1	2	2	1	2	2	2	2	2	1	2	2	2	2	2	2	2
OG0003956	1	2	2	1	2	2	2	2	2	1	2	2	2	2	2	2	2
OG0003957	1	2	3	1	2	2	2	2	2	1	2	2	2	2	2	2	2
OG0003958	3	2	1	1	1	2	1	2	2	2	2	2	2	2	2	2	2
OG0003959	1	2	2	2	2	2	2	2	2	1	2	2	2	2	2	2	2
OG0003960	2	2	1	1	2	1	2	3	2	2	2	2	2	2	2	2	2
OG0003961	1	2	1	4	5	1	1	2	2	1	2	2	2	2	2	2	2
OG0003962	2	2	2	2	2	2	2	2	2	2	2	2	2	2	2	2	2
OG0003963	1	1	2	1	3	2	2	2	2	1	2	2	2	2	2	2	2
OG0003964	2	2	2	1	2	2	2	2	2	2	2	2	2	2	2	2	2
OG0003965	2	2	3	1	2	2	2	2	1	2	2	2	2	2	2	2	2
OG0003966	4	2	4	3	3	2	1	0	1	3	3	3	3	3	2	1	1
OG0003967	1	2	2	2	2	2	2	2	2	1	2	2	2	2	2	2	2
OG0003968	1	3	2	2	2	2	2	2	2	1	2	2	2	2	2	2	2
OG0003969	1	2	2	4	2	2	2	1	2	1	2	2	2	2	2	2	2
OG0003970	1	7	2	1	3	2	1	1	1	1	2	2	2	2	2	1	1
OG0003971	1	4	2	1	2	2	2	1	2	1	2	2	2	2	2	2	2
OG0003972	2	2	2	2	2	2	2	2	2	2	2	2	2	2	2	2	2
OG0003973	2	2	2	1	2	2	1	2	2	2	2	2	2	2	2	2	2
OG0003974	2	2	2	2	1	2	2	2	2	2	2	2	2	2	2	2	2
OG0003975	1	2	2	2	2	2	2	2	2	1	2	2	2	2	2	2	2
OG0003977	3	2	2	2	1	2	2	1	2	2	2	2	2	2	2	2	2
OG0003978	9	1	2	4	1	1	1	1	1	3	2	2	2	1	1	1	1
OG0003979	4	2	1	2	2	2	2	2	2	2	2	2	2	2	2	2	2
OG0003980	2	4	2	2	1	1	2	2	2	2	2	2	2	2	2	2	2
OG0003981	2	3	2	2	2	2	2	2	0	2	2	2	2	2	2	2	2
OG0003982	2	2	2	0	2	2	2	2	2	2	2	2	2	2	2	2	2
OG0003983	2	2	2	2	2	2	2	2	2	2	2	2	2	2	2	2	2
OG0003984	1	3	2	0	2	2	2	2	2	1	2	2	2	2	2	2	2
OG0003985	2	3	2	2	2	2	2	2	1	2	2	2	2	2	2	2	2
OG0003986	2	2	2	2	2	2	2	2	2	2	2	2	2	2	2	2	2
OG0003987	2	3	2	3	2	1	2	2	2	2	2	2	2	2	2	2	2
OG0003988	4	3	3	2	2	2	1	1	1	2	2	3	2	2	2	1	1
OG0003989	2	2	2	1	2	2	2	2	2	2	2	2	2	2	2	2	2
OG0003990	2	3	2	3	2	2	2	2	1	2	2	2	2	2	2	2	2
OG0003991	2	2	2	2	1	2	3	2	2	2	2	2	2	2	2	2	2
OG0003992	3	2	1	2	2	2	0	2	2	2	2	2	2	2	2	2	2
OG0003993	2	2	2	2	2	2	2	1	2	2	2	2	2	2	2	2	2
OG0003994	1	4	2	1	2	2	2	2	1	1	2	2	2	2	2	2	2
OG0003995	1	3	2	2	2	1	3	2	1	1	2	2	2	2	2	2	2
OG0003996	1	2	2	2	2	2	2	2	2	1	2	2	2	2	2	2	2
OG0003997	3	1	2	3	1	1	3	2	2	2	2	2	2	2	2	2	2
OG0003998	4	6	2	2	2	2	1	1	1	2	2	2	2	2	2	1	1
OG0003999	2	2	1	1	2	2	2	2	2	2	2	2	2	2	2	2	2
OG0004000	1	2	1	2	2	2	2	2	2	1	2	2	2	2	2	2	2
OG0004001	1	7	4	2	3	0	1	2	1	1	2	4	2	2	1	1	1
OG0004002	2	3	2	2	2	1	1	2	2	2	2	2	2	2	2	2	2
OG0004003	1	1	1	1	2	2	1	2	2	1	1	1	1	2	2	2	2
OG0004004	1	3	3	2	1	2	2	2	2	1	2	3	2	2	2	2	2
OG0004005	3	6	1	1	1	1	1	2	2	1	1	1	1	1	1	1	2
OG0004006	2	1	3	2	2	1	4	2	1	2	2	2	2	2	2	2	2
OG0004007	2	2	2	1	2	2	2	2	2	2	2	2	2	2	2	2	2
OG0004008	2	2	1	5	1	2	1	2	1	2	2	2	2	2	2	2	2
OG0004009	1	4	3	2	2	1	2	2	2	1	2	3	2	2	2	2	2
OG0004010	3	2	1	1	1	2	3	2	2	2	2	2	2	2	2	2	2
OG0004011	1	2	2	1	2	2	2	2	2	1	2	2	2	2	2	2	2
OG0004012	2	1	2	1	2	2	2	2	2	2	2	2	2	2	2	2	2
OG0004013	3	3	3	1	2	1	2	2	2	2	2	3	2	2	2	2	2
OG0004014	1	2	2	2	2	2	2	2	2	1	2	2	2	2	2	2	2
OG0004015	6	2	2	2	2	0	2	2	2	2	2	2	2	2	2	2	2
OG0004016	2	2	2	3	2	2	2	1	2	2	2	2	2	2	2	2	2
OG0004017	2	3	2	2	2	2	0	2	2	2	2	2	2	2	2	2	2
OG0004018	1	2	2	1	2	2	2	2	2	1	2	2	2	2	2	2	2
OG0004019	2	1	1	2	2	1	4	2	2	2	2	1	2	2	2	2	2
OG0004020	1	2	2	2	2	3	2	1	1	1	2	2	2	2	2	2	1
OG0004021	1	2	2	2	2	2	2	2	2	1	2	2	2	2	2	2	2
OG0004022	1	4	2	2	2	2	2	2	1	1	2	2	2	2	2	2	2
OG0004023	1	2	2	1	1	3	2	2	2	1	2	2	2	2	2	2	2
OG0004024	1	3	2	2	2	0	2	3	3	1	2	2	2	2	2	2	3
OG0004025	2	3	2	1	2	2	2	2	1	2	2	2	2	2	2	2	2
OG0004026	1	11	1	1	3	1	1	1	1	1	1	2	1	1	1	1	1
OG0004027	1	1	2	2	2	2	2	2	2	1	2	2	2	2	2	2	2
OG0004028	1	2	3	1	2	2	2	2	2	1	2	2	2	2	2	2	2
OG0004029	2	1	2	2	2	2	2	2	2	2	2	2	2	2	2	2	2
OG0004030	2	1	2	2	2	2	2	2	2	2	2	2	2	2	2	2	2
OG0004031	3	3	2	1	2	2	2	2	1	2	2	2	2	2	2	2	2
OG0004032	1	1	2	2	2	2	2	2	2	1	2	2	2	2	2	2	2
OG0004033	3	2	2	2	2	2	2	2	2	2	2	2	2	2	2	2	2
OG0004034	3	3	3	3	2	0	2	2	2	3	3	3	3	2	2	2	2
OG0004035	2	3	2	2	2	2	2	2	1	2	2	2	2	2	2	2	2
OG0004036	2	3	2	1	2	2	2	2	2	2	2	2	2	2	2	2	2
OG0004037	1	1	2	2	2	2	2	3	2	1	2	2	2	2	2	2	2
OG0004038	1	3	1	1	2	2	2	2	2	1	2	2	2	2	2	2	2
OG0004039	1	1	2	2	2	2	1	2	2	1	2	2	2	2	2	2	2
OG0004040	2	1	2	2	2	2	2	2	2	2	2	2	2	2	2	2	2
OG0004041	1	5	2	2	3	2	1	1	1	1	2	2	2	2	2	1	1
OG0004042	3	1	1	1	2	0	3	3	2	1	1	1	1	2	2	3	3
OG0004043	2	2	2	1	2	2	2	2	2	2	2	2	2	2	2	2	2
OG0004044	3	3	2	3	2	1	2	2	2	2	2	2	2	2	2	2	2
OG0004045	1	2	2	2	2	2	2	2	2	1	2	2	2	2	2	2	2
OG0004046	3	1	1	1	1	1	3	3	2	1	1	1	1	1	1	3	3
OG0004047	3	2	1	4	2	2	1	2	0	2	2	2	2	2	2	1	1
OG0004048	2	3	1	1	2	2	2	2	2	2	2	2	2	2	2	2	2
OG0004049	1	1	2	5	2	2	2	2	2	1	2	2	2	2	2	2	2
OG0004050	2	2	1	2	2	4	0	1	1	2	2	2	2	2	2	1	1
OG0004051	2	2	1	1	1	3	1	2	2	2	2	2	2	2	2	2	2
OG0004052	1	2	1	2	3	2	2	2	2	1	2	2	2	2	2	2	2
OG0004053	1	2	2	1	2	2	2	2	2	1	2	2	2	2	2	2	2
OG0004054	1	2	1	2	2	2	2	2	2	1	2	2	2	2	2	2	2
OG0004055	3	2	2	2	1	1	2	2	2	2	2	2	2	2	2	2	2
OG0004056	1	3	2	2	2	2	2	2	2	1	2	2	2	2	2	2	2
OG0004057	2	4	2	1	2	2	2	2	2	2	2	2	2	2	2	2	2
OG0004058	1	3	3	2	2	2	2	2	2	1	2	3	2	2	2	2	2
OG0004059	2	4	2	2	2	2	2	1	2	2	2	2	2	2	2	2	2
OG0004060	1	2	2	2	2	2	2	2	2	1	2	2	2	2	2	2	2
OG0004061	2	2	2	0	2	2	2	2	2	2	2	2	2	2	2	2	2
OG0004062	2	2	2	2	2	2	2	2	2	2	2	2	2	2	2	2	2
OG0004063	2	3	2	2	2	2	2	2	2	2	2	2	2	2	2	2	2
OG0004064	2	2	4	1	2	2	2	2	2	2	2	2	2	2	2	2	2
OG0004065	2	2	1	1	2	2	2	2	2	2	2	2	2	2	2	2	2
OG0004066	1	2	2	1	2	2	2	2	2	1	2	2	2	2	2	2	2
OG0004067	3	6	1	1	2	1	3	2	1	2	2	2	2	2	2	2	2
OG0004068	2	3	2	2	2	1	2	2	2	2	2	2	2	2	2	2	2
OG0004069	1	3	3	1	2	1	1	3	2	1	2	3	2	2	2	2	2
OG0004070	2	1	2	2	2	2	2	2	2	2	2	2	2	2	2	2	2
OG0004071	2	2	2	1	2	2	2	2	2	2	2	2	2	2	2	2	2
OG0004072	3	5	2	2	2	0	2	2	2	2	2	2	2	2	2	2	2
OG0004073	2	1	2	1	2	1	2	3	2	2	2	2	2	2	2	2	2
OG0004074	2	4	2	1	2	1	2	2	2	2	2	2	2	2	2	2	2
OG0004075	2	2	6	3	4	2	0	1	1	2	3	3	3	3	2	1	1
OG0004076	2	1	1	3	1	2	2	2	2	2	2	1	2	2	2	2	2
OG0004077	1	2	2	2	2	2	2	2	2	1	2	2	2	2	2	2	2
OG0004078	1	1	3	1	2	2	2	2	2	1	2	2	2	2	2	2	2
OG0004079	3	2	1	1	2	2	2	2	2	2	2	2	2	2	2	2	2
OG0004080	1	1	2	3	2	2	2	2	2	1	2	2	2	2	2	2	2
OG0004081	3	4	2	2	3	1	2	1	1	2	2	2	2	2	2	2	1
OG0004082	2	3	1	0	2	2	2	2	2	2	2	2	2	2	2	2	2
OG0004083	3	2	2	2	2	1	2	2	2	2	2	2	2	2	2	2	2
OG0004084	2	2	2	2	2	2	2	2	1	2	2	2	2	2	2	2	2
OG0004085	2	3	1	1	1	2	2	2	2	2	2	2	2	2	2	2	2
OG0004086	1	3	2	2	2	2	2	1	2	1	2	2	2	2	2	2	2
OG0004087	1	2	2	1	2	2	2	2	2	1	2	2	2	2	2	2	2
OG0004088	2	3	2	2	2	1	2	2	2	2	2	2	2	2	2	2	2
OG0004089	1	2	3	1	4	1	2	2	2	1	2	2	2	2	2	2	2
OG0004090	2	2	1	2	2	2	2	2	2	2	2	2	2	2	2	2	2
OG0004091	2	1	1	3	2	2	2	2	2	2	2	1	2	2	2	2	2
OG0004092	2	1	5	1	4	3	0	0	2	2	2	2	2	2	2	1	1
OG0004093	2	2	3	3	2	2	1	2	1	2	2	2	2	2	2	2	2
OG0004094	1	2	2	1	2	2	1	2	2	1	2	2	2	2	2	2	2
OG0004095	2	6	2	3	1	1	2	1	2	2	2	2	2	2	2	2	2
OG0004096	2	3	2	1	3	2	0	1	2	2	2	2	2	2	2	1	1
OG0004097	1	3	1	1	2	2	2	1	3	1	2	2	2	2	2	2	2
OG0004098	1	3	2	1	2	2	2	2	2	1	2	2	2	2	2	2	2
OG0004099	2	2	2	0	2	2	2	2	2	2	2	2	2	2	2	2	2
OG0004100	1	2	2	2	2	2	2	2	2	1	2	2	2	2	2	2	2
OG0004101	2	3	2	1	2	2	2	2	1	2	2	2	2	2	2	2	2
OG0004102	1	2	2	1	2	2	2	2	2	1	2	2	2	2	2	2	2
OG0004103	1	3	2	1	2	2	2	2	2	1	2	2	2	2	2	2	2
OG0004104	2	2	1	2	2	2	2	2	2	2	2	2	2	2	2	2	2
OG0004105	1	2	1	2	2	2	2	2	2	1	2	2	2	2	2	2	2
OG0004106	2	2	2	2	2	1	3	2	2	2	2	2	2	2	2	2	2
OG0004107	1	5	2	1	3	2	2	1	2	1	2	2	2	2	2	2	2
OG0004108	1	3	2	1	2	2	2	2	2	1	2	2	2	2	2	2	2
OG0004109	1	2	1	2	2	2	2	2	2	1	2	2	2	2	2	2	2
OG0004110	1	2	2	3	1	2	2	2	2	1	2	2	2	2	2	2	2
OG0004111	1	2	2	2	2	2	2	2	2	1	2	2	2	2	2	2	2
OG0004112	1	4	3	2	1	2	0	2	2	1	2	3	2	2	2	2	2
OG0004113	1	2	2	1	2	2	2	2	2	1	2	2	2	2	2	2	2
OG0004114	1	2	2	2	3	2	2	2	1	1	2	2	2	2	2	2	2
OG0004115	1	2	1	2	2	2	2	2	2	1	2	2	2	2	2	2	2
OG0004116	2	2	2	2	1	2	2	2	2	2	2	2	2	2	2	2	2
OG0004117	1	2	2	2	2	2	2	2	2	1	2	2	2	2	2	2	2
OG0004118	1	4	3	3	3	2	1	1	0	2	3	3	3	3	2	1	1
OG0004119	1	2	2	2	2	2	2	2	2	1	2	2	2	2	2	2	2
OG0004120	2	4	1	1	1	2	2	2	2	2	2	2	2	2	2	2	2
OG0004121	1	2	2	1	2	2	2	2	2	1	2	2	2	2	2	2	2
OG0004122	1	6	2	2	2	2	2	1	0	1	2	2	2	2	2	2	1
OG0004123	2	2	1	1	2	2	5	1	2	2	2	2	2	2	2	2	2
OG0004124	2	2	1	1	2	2	2	2	2	2	2	2	2	2	2	2	2
OG0004125	1	3	2	2	2	2	2	2	1	1	2	2	2	2	2	2	2
OG0004126	2	2	3	2	2	3	1	1	1	2	2	2	2	2	2	1	1
OG0004127	2	2	2	1	1	2	2	2	2	2	2	2	2	2	2	2	2
OG0004128	1	2	2	1	2	2	2	2	2	1	2	2	2	2	2	2	2
OG0004129	2	2	2	1	2	2	2	2	2	2	2	2	2	2	2	2	2
OG0004130	1	1	1	1	2	2	3	2	3	1	1	1	1	2	2	3	3
OG0004131	2	2	2	1	2	2	2	2	2	2	2	2	2	2	2	2	2
OG0004132	1	2	1	3	2	2	2	2	2	1	2	2	2	2	2	2	2
OG0004133	2	4	2	2	2	2	1	1	2	2	2	2	2	2	2	2	2
OG0004134	2	2	2	0	2	2	2	2	2	2	2	2	2	2	2	2	2
OG0004135	1	3	2	0	3	2	2	2	2	1	2	2	2	2	2	2	2
OG0004136	1	1	1	4	1	1	10	1	1	1	1	1	1	1	1	1	1
OG0004137	1	2	2	2	2	2	2	2	2	1	2	2	2	2	2	2	2
OG0004138	1	3	2	2	2	2	2	2	2	1	2	2	2	2	2	2	2
OG0004139	1	2	1	2	4	2	2	2	2	1	2	2	2	2	2	2	2
OG0004140	2	2	2	2	2	2	2	2	2	2	2	2	2	2	2	2	2
OG0004141	2	4	2	2	2	1	2	1	2	2	2	2	2	2	2	2	2
OG0004142	1	2	2	1	2	2	2	2	2	1	2	2	2	2	2	2	2
OG0004143	2	2	2	1	2	2	2	2	2	2	2	2	2	2	2	2	2
OG0004144	2	3	2	2	2	1	0	2	2	2	2	2	2	2	2	2	2
OG0004145	1	6	2	2	1	2	1	2	2	1	2	2	2	2	2	2	2
OG0004146	1	2	2	1	2	2	2	2	2	1	2	2	2	2	2	2	2
OG0004147	1	2	2	1	2	2	2	2	2	1	2	2	2	2	2	2	2
OG0004148	1	2	2	3	2	2	2	1	2	1	2	2	2	2	2	2	2
OG0004149	1	2	2	2	2	2	2	2	1	1	2	2	2	2	2	2	2
OG0004150	1	4	2	2	1	1	2	2	2	1	2	2	2	2	2	2	2
OG0004151	1	2	2	2	2	2	0	2	2	1	2	2	2	2	2	2	2
OG0004152	1	3	2	1	2	2	2	2	2	1	2	2	2	2	2	2	2
OG0004153	1	2	1	1	3	2	3	2	2	1	2	2	2	2	2	2	2
OG0004154	1	1	2	0	1	2	2	3	2	1	1	1	1	1	2	2	2
OG0004155	1	3	2	2	2	2	2	2	2	1	2	2	2	2	2	2	2
OG0004156	1	3	2	2	2	2	2	1	2	1	2	2	2	2	2	2	2
OG0004157	1	3	2	2	2	2	2	2	2	1	2	2	2	2	2	2	2
OG0004158	2	3	3	3	2	1	2	2	2	2	3	3	3	2	2	2	2
OG0004159	1	3	2	2	2	2	2	2	1	1	2	2	2	2	2	2	2
OG0004160	1	2	2	1	2	2	2	2	2	1	2	2	2	2	2	2	2
OG0004161	1	2	2	2	2	2	2	2	2	1	2	2	2	2	2	2	2
OG0004162	1	2	2	2	2	2	0	2	2	1	2	2	2	2	2	2	2
OG0004163	1	3	2	2	3	2	2	2	2	1	2	2	2	2	2	2	2
OG0004164	1	4	2	1	1	2	1	2	2	1	2	2	2	2	2	2	2
OG0004242	5	3	2	1	2	2	1	1	1	2	2	2	2	2	2	1	1
OG0004244	1	2	2	2	3	1	2	2	2	1	2	2	2	2	2	2	2
OG0004245	1	1	1	1	2	1	1	3	4	1	1	1	1	1	1	1	3
OG0004246	2	3	2	1	3	2	2	1	2	2	2	2	2	2	2	2	2
OG0004248	2	11	1	1	1	1	1	1	1	1	1	2	1	1	1	1	1
OG0004249	4	3	2	2	2	0	2	2	2	2	2	2	2	2	2	2	2
OG0004250	2	1	1	1	2	2	2	2	2	1	1	1	1	2	2	2	2
OG0004251	2	2	2	2	2	2	0	2	2	2	2	2	2	2	2	2	2
OG0004252	4	2	2	3	1	1	2	2	1	2	2	2	2	2	2	2	2
OG0004253	3	3	0	1	2	2	2	2	2	2	2	2	2	2	2	2	2
OG0004254	5	1	1	1	1	2	2	2	2	2	1	1	1	1	2	2	2
OG0004255	1	3	2	1	2	2	2	1	2	1	2	2	2	2	2	2	2
OG0004256	1	3	2	2	2	1	2	2	2	1	2	2	2	2	2	2	2
OG0004257	1	2	2	2	2	2	2	2	2	1	2	2	2	2	2	2	2
OG0004258	1	1	2	2	2	2	2	2	2	1	2	2	2	2	2	2	2
OG0004259	1	2	1	3	1	1	1	3	2	1	1	1	1	1	1	1	2
OG0004260	2	3	2	2	2	2	2	2	1	2	2	2	2	2	2	2	2
OG0004261	4	2	3	2	2	2	1	1	1	2	2	2	2	2	2	1	1
OG0004262	1	6	1	1	1	1	7	1	1	1	1	1	1	1	1	1	1
OG0004263	1	3	2	0	2	2	2	2	2	1	2	2	2	2	2	2	2
OG0004264	2	2	1	2	1	2	2	2	2	2	2	2	2	2	2	2	2
OG0004265	1	4	2	2	1	1	0	2	2	1	2	2	2	1	1	1	2
OG0004266	2	2	2	1	2	2	2	2	1	2	2	2	2	2	2	2	2
OG0004267	2	2	2	2	2	2	2	2	1	2	2	2	2	2	2	2	2
OG0004268	1	0	1	0	5	2	0	3	2	1	1	1	1	2	2	2	2
OG0004269	2	2	2	0	2	2	2	2	2	2	2	2	2	2	2	2	2
OG0004270	1	2	2	2	2	2	0	2	2	1	2	2	2	2	2	2	2
OG0004271	3	3	2	2	2	1	2	2	1	2	2	2	2	2	2	2	2
OG0004272	3	2	2	4	1	1	2	2	2	2	2	2	2	2	2	2	2
OG0004273	3	2	2	1	2	2	2	2	1	2	2	2	2	2	2	2	2
OG0004274	1	3	3	0	2	2	2	2	2	1	2	3	2	2	2	2	2
OG0004275	1	2	2	2	3	1	2	2	2	1	2	2	2	2	2	2	2
OG0004276	1	2	3	2	2	1	2	2	2	1	2	2	2	2	2	2	2
OG0004277	1	2	1	1	2	2	2	2	2	1	2	2	2	2	2	2	2
OG0004278	1	6	1	1	1	2	1	2	2	1	2	2	2	2	2	2	2
OG0004279	2	3	2	2	2	2	1	2	1	2	2	2	2	2	2	2	2
OG0004280	2	4	2	2	2	0	2	2	2	2	2	2	2	2	2	2	2
OG0004281	2	4	3	1	3	0	2	2	2	2	2	3	2	2	2	2	2
OG0004282	2	1	2	1	2	2	2	2	2	2	2	2	2	2	2	2	2
OG0004283	3	2	2	2	2	1	1	2	2	2	2	2	2	2	2	2	2
OG0004284	2	2	2	1	2	2	3	2	1	2	2	2	2	2	2	2	2
OG0004285	3	3	2	2	2	1	2	2	2	2	2	2	2	2	2	2	2
OG0004286	2	2	2	2	2	2	2	2	2	2	2	2	2	2	2	2	2
OG0004287	1	1	1	1	1	1	2	3	4	1	1	1	1	1	1	2	3
OG0004288	1	2	2	2	2	2	2	1	2	1	2	2	2	2	2	2	2
OG0004289	1	3	2	2	2	1	2	2	2	1	2	2	2	2	2	2	2
OG0004290	2	3	2	2	1	2	2	1	2	2	2	2	2	2	2	2	2
OG0004291	1	1	2	2	1	2	2	2	2	1	2	2	2	2	2	2	2
OG0004292	2	2	2	2	2	2	2	1	2	2	2	2	2	2	2	2	2
OG0004293	3	3	2	1	1	2	2	1	2	2	2	2	2	2	2	2	2
OG0004294	1	2	1	0	3	2	2	2	2	1	1	1	1	2	2	2	2
OG0004295	1	2	2	0	2	2	2	2	2	1	2	2	2	2	2	2	2
OG0004296	4	1	2	1	1	2	2	2	2	2	2	2	2	2	2	2	2
OG0004297	2	2	2	2	2	2	1	2	2	2	2	2	2	2	2	2	2
OG0004298	1	2	2	2	2	2	0	2	2	1	2	2	2	2	2	2	2
OG0004299	1	3	2	1	1	2	2	2	2	1	2	2	2	2	2	2	2
OG0004300	3	1	2	1	1	3	1	2	2	2	2	2	2	2	2	2	2
OG0004301	5	3	2	2	2	2	1	1	1	2	2	2	2	2	2	1	1
OG0004302	9	2	1	1	1	1	1	1	2	2	1	1	1	1	1	1	1
OG0004303	2	3	2	2	2	1	2	1	2	2	2	2	2	2	2	2	2
OG0004304	3	1	2	2	2	2	2	2	1	2	2	2	2	2	2	2	2
OG0004305	3	2	2	2	2	2	2	1	2	2	2	2	2	2	2	2	2
OG0004306	1	2	2	1	2	2	2	2	2	1	2	2	2	2	2	2	2
OG0004307	1	1	2	2	2	2	2	2	2	1	2	2	2	2	2	2	2
OG0004308	2	2	2	1	2	2	2	2	2	2	2	2	2	2	2	2	2
OG0004309	1	0	2	1	2	2	3	2	2	1	1	1	1	2	2	2	2
OG0004310	2	2	2	1	2	2	2	2	2	2	2	2	2	2	2	2	2
OG0004311	2	2	2	2	1	2	2	2	2	2	2	2	2	2	2	2	2
OG0004312	3	1	2	2	2	2	0	2	2	2	2	2	2	2	2	2	2
OG0004313	4	2	2	1	4	1	1	1	2	2	2	2	2	2	1	1	1
OG0004314	1	2	2	1	2	2	2	2	2	1	2	2	2	2	2	2	2
OG0004315	6	3	2	2	1	1	2	1	2	2	2	2	2	2	2	2	2
OG0004316	2	3	2	2	2	1	2	2	2	2	2	2	2	2	2	2	2
OG0004317	3	1	2	2	2	1	2	2	2	2	2	2	2	2	2	2	2
OG0004318	1	3	2	1	1	2	2	2	2	1	2	2	2	2	2	2	2
OG0004319	1	2	2	2	2	2	2	2	1	1	2	2	2	2	2	2	2
OG0004320	1	1	2	1	2	2	2	2	2	1	2	2	2	2	2	2	2
OG0004321	1	3	2	1	2	2	2	2	2	1	2	2	2	2	2	2	2
OG0004322	2	2	2	1	2	2	2	2	2	2	2	2	2	2	2	2	2
OG0004323	11	1	3	1	2	0	1	1	1	2	1	1	1	1	1	1	1
OG0004324	2	2	3	1	2	1	2	2	2	2	2	2	2	2	2	2	2
OG0004325	2	1	1	2	2	2	0	3	2	2	2	1	2	2	2	2	2
OG0004326	2	2	2	1	2	2	2	2	2	2	2	2	2	2	2	2	2
OG0004327	2	1	1	0	2	2	3	2	2	1	1	1	1	2	2	2	2
OG0004328	6	1	1	1	1	1	2	2	2	2	1	1	1	1	1	2	2
OG0004329	1	3	3	2	2	1	2	1	2	1	2	3	2	2	2	2	2
OG0004330	1	1	2	1	1	1	1	3	3	1	1	1	1	1	1	1	3
OG0004331	1	3	2	1	2	1	2	2	2	1	2	2	2	2	2	2	2
OG0004332	1	2	2	1	2	2	2	2	2	1	2	2	2	2	2	2	2
OG0004333	2	2	2	2	1	2	2	2	2	2	2	2	2	2	2	2	2
OG0004334	1	2	2	0	2	2	2	2	2	1	2	2	2	2	2	2	2
OG0004335	1	2	2	2	3	2	2	1	2	1	2	2	2	2	2	2	2
OG0004336	1	4	2	2	2	2	1	2	1	1	2	2	2	2	2	2	2
OG0004337	1	2	3	4	1	2	2	1	2	1	2	2	2	2	2	2	2
OG0004338	2	2	3	2	2	2	2	1	2	2	2	2	2	2	2	2	2
OG0004339	2	1	1	1	2	2	2	2	2	1	1	1	1	2	2	2	2
OG0004340	1	2	2	2	2	2	2	2	2	1	2	2	2	2	2	2	2
OG0004341	1	12	1	1	1	1	1	1	1	1	1	2	1	1	1	1	1
OG0004342	1	6	0	0	0	1	0	3	3	1	1	1	1	1	1	1	3
OG0004343	2	4	2	1	2	2	2	1	2	2	2	2	2	2	2	2	2
OG0004344	1	2	1	1	2	2	2	2	2	1	2	2	2	2	2	2	2
OG0004345	1	2	2	1	1	2	2	2	2	1	2	2	2	2	2	2	2
OG0004346	4	1	1	1	1	3	2	1	1	2	1	1	1	1	1	1	1
OG0004347	3	2	1	2	3	2	1	1	1	2	2	2	2	2	2	1	1
OG0004348	2	2	1	0	2	2	2	2	2	2	2	2	2	2	2	2	2
OG0004349	1	3	2	1	2	1	3	2	2	1	2	2	2	2	2	2	2
OG0004350	9	2	2	1	1	1	2	1	1	3	2	2	1	1	1	1	1
OG0004351	3	4	2	1	2	2	0	2	1	2	2	2	2	2	2	1	1
OG0004352	2	1	2	1	2	2	2	2	2	2	2	2	2	2	2	2	2
OG0004353	1	2	2	2	2	2	2	1	2	1	2	2	2	2	2	2	2
OG0004354	12	0	0	0	0	1	2	3	0	2	1	0	1	1	1	2	2
OG0004355	2	1	1	1	2	2	2	2	2	1	1	1	1	2	2	2	2
OG0004356	1	2	2	1	1	2	2	2	2	1	2	2	2	2	2	2	2
OG0004357	2	2	2	1	1	2	1	2	2	2	2	2	2	2	2	2	2
OG0004358	2	2	2	1	2	2	0	2	2	2	2	2	2	2	2	2	2
OG0004359	1	2	1	1	2	1	3	2	3	1	2	2	2	2	2	3	3
OG0004360	1	2	2	1	2	2	1	2	2	1	2	2	2	2	2	2	2
OG0004361	2	2	2	1	2	2	2	2	2	2	2	2	2	2	2	2	2
OG0004362	3	3	2	1	2	2	2	1	2	2	2	2	2	2	2	2	2
OG0004363	2	2	2	0	2	2	2	2	2	2	2	2	2	2	2	2	2
OG0004364	3	1	1	1	2	2	2	2	2	1	1	1	1	2	2	2	2
OG0004365	1	2	3	2	2	2	2	1	2	1	2	2	2	2	2	2	2
OG0004366	2	2	2	1	2	2	2	2	2	2	2	2	2	2	2	2	2
OG0004367	2	2	2	1	2	2	2	2	1	2	2	2	2	2	2	2	2
OG0004368	1	2	2	1	2	2	1	2	2	1	2	2	2	2	2	2	2
OG0004369	1	2	2	1	3	2	2	2	2	1	2	2	2	2	2	2	2
OG0004370	1	2	2	1	2	2	2	2	2	1	2	2	2	2	2	2	2
OG0004371	1	2	2	1	2	2	1	2	2	1	2	2	2	2	2	2	2
OG0004372	4	1	2	2	2	3	0	1	0	2	2	2	2	2	2	1	1
OG0004373	3	2	2	3	2	3	0	1	1	2	2	2	2	2	2	1	1
OG0004374	2	3	1	2	2	2	2	1	2	2	2	2	2	2	2	2	2
OG0004375	2	2	1	2	2	2	2	2	2	2	2	2	2	2	2	2	2
OG0004376	2	2	2	2	1	2	2	2	1	2	2	2	2	2	2	2	2
OG0004377	1	13	1	1	1	1	1	1	1	1	1	2	1	1	1	1	1
OG0004378	1	1	1	1	1	5	2	1	0	1	1	1	1	1	2	2	1
OG0004379	1	2	2	2	2	1	2	2	2	1	2	2	2	2	2	2	2
OG0004380	3	1	1	1	2	2	2	2	2	1	1	1	1	2	2	2	2
OG0004381	2	2	2	1	3	1	2	2	2	2	2	2	2	2	2	2	2
OG0004382	2	4	2	2	2	2	2	1	1	2	2	2	2	2	2	2	1
OG0004383	1	1	2	1	1	2	1	3	2	1	1	1	1	1	1	1	2
OG0004384	2	2	1	1	1	1	2	3	2	1	1	1	1	1	1	2	2
OG0004385	1	2	1	1	2	2	2	2	2	1	2	2	2	2	2	2	2
OG0004386	3	2	2	2	2	0	4	2	2	2	2	2	2	2	2	2	2
OG0004387	2	2	2	1	1	2	2	2	2	2	2	2	2	2	2	2	2
OG0004388	1	2	2	1	2	2	2	2	2	1	2	2	2	2	2	2	2
OG0004389	2	3	3	0	2	2	2	2	0	2	2	3	2	2	2	2	2
OG0004390	3	2	1	1	2	2	1	2	2	2	2	2	2	2	2	2	2
OG0004391	2	2	2	2	2	2	2	2	1	2	2	2	2	2	2	2	2
OG0004392	1	2	1	2	2	2	3	2	2	1	2	2	2	2	2	2	2
OG0004393	2	3	2	2	2	1	2	2	2	2	2	2	2	2	2	2	2
OG0004394	1	2	2	2	2	2	2	2	2	1	2	2	2	2	2	2	2
OG0004395	1	2	2	1	1	2	2	2	2	1	2	2	2	2	2	2	2
OG0004396	3	6	1	4	1	1	2	1	1	2	2	2	2	1	1	1	1
OG0004397	3	3	2	1	2	2	2	1	1	2	2	2	2	2	2	2	1
OG0004398	1	2	2	2	2	2	0	2	2	1	2	2	2	2	2	2	2
OG0004399	2	1	1	0	3	2	1	2	2	1	1	1	1	2	2	2	2
OG0004400	1	1	2	0	2	2	2	3	2	1	1	1	1	2	2	2	2
OG0004401	1	2	2	2	2	2	2	1	2	1	2	2	2	2	2	2	2
OG0004402	1	1	1	1	1	1	2	4	2	1	1	1	1	1	1	2	2
OG0004403	1	3	2	2	2	2	2	2	1	1	2	2	2	2	2	2	2
OG0004404	1	3	2	1	2	1	2	2	2	1	2	2	2	2	2	2	2
OG0004405	1	2	1	1	2	2	1	2	3	1	2	2	2	2	2	2	2
OG0004406	1	2	2	1	2	2	2	2	2	1	2	2	2	2	2	2	2
OG0004407	1	0	2	1	4	2	2	2	2	1	1	1	1	2	2	2	2
OG0004408	1	2	2	3	2	1	1	2	2	1	2	2	2	2	2	2	2
OG0004409	1	1	2	2	2	2	2	2	2	1	2	2	2	2	2	2	2
OG0004410	2	3	2	2	2	3	1	1	1	2	2	2	2	2	2	1	1
OG0004411	1	2	2	2	2	2	2	2	1	1	2	2	2	2	2	2	2
OG0004412	2	3	2	2	2	1	2	2	2	2	2	2	2	2	2	2	2
OG0004413	2	2	1	1	1	2	2	2	2	2	2	2	2	2	2	2	2
OG0004414	3	3	2	3	1	2	0	2	0	2	2	2	2	2	2	1	1
OG0004415	3	2	2	2	2	2	1	1	2	2	2	2	2	2	2	2	2
OG0004416	2	2	1	0	2	2	2	2	2	2	2	2	2	2	2	2	2
OG0004417	1	2	2	2	2	2	2	2	1	1	2	2	2	2	2	2	2
OG0004418	1	2	2	2	2	2	2	2	1	1	2	2	2	2	2	2	2
OG0004419	1	1	1	1	2	2	2	2	2	1	1	1	1	2	2	2	2
OG0004420	1	2	2	2	1	2	2	2	2	1	2	2	2	2	2	2	2
OG0004421	2	2	2	2	2	2	2	1	2	2	2	2	2	2	2	2	2
OG0004422	1	2	2	2	2	2	2	2	2	1	2	2	2	2	2	2	2
OG0004423	1	2	2	2	2	2	2	2	2	1	2	2	2	2	2	2	2
OG0004424	1	3	2	1	2	2	2	2	2	1	2	2	2	2	2	2	2
OG0004425	1	3	2	1	2	2	2	1	2	1	2	2	2	2	2	2	2
OG0004426	1	2	2	2	2	1	2	2	2	1	2	2	2	2	2	2	2
OG0004427	1	2	3	1	1	2	1	2	2	1	2	2	2	2	2	2	2
OG0004428	1	2	1	1	2	1	2	3	2	1	2	2	2	2	2	2	2
OG0004429	1	2	2	1	2	2	2	2	2	1	2	2	2	2	2	2	2
OG0004430	3	4	2	2	2	2	1	1	1	2	2	2	2	2	2	1	1
OG0004431	1	1	2	2	1	2	2	2	2	1	2	2	2	2	2	2	2
OG0004432	2	2	2	2	2	2	2	1	2	2	2	2	2	2	2	2	2
OG0004433	1	7	1	1	1	2	6	0	0	1	2	2	2	2	2	2	0
OG0004434	1	2	2	1	2	2	2	2	2	1	2	2	2	2	2	2	2
OG0004435	8	1	1	1	2	2	0	1	1	2	1	1	1	1	1	1	1
OG0004436	1	3	2	1	2	1	2	2	2	1	2	2	2	2	2	2	2
OG0004437	1	2	2	1	2	2	2	2	2	1	2	2	2	2	2	2	2
OG0004438	1	2	1	1	2	2	2	2	2	1	2	2	2	2	2	2	2
OG0004439	1	3	2	1	1	2	2	2	2	1	2	2	2	2	2	2	2
OG0004440	1	3	2	1	2	2	0	2	2	1	2	2	2	2	2	2	2
OG0004441	2	3	2	2	2	2	2	1	1	2	2	2	2	2	2	2	1
OG0004442	9	2	2	2	1	1	1	1	1	3	2	2	2	1	1	1	1
OG0004443	1	2	4	0	2	2	2	2	2	1	2	2	2	2	2	2	2
OG0004444	1	2	2	1	2	2	2	2	2	1	2	2	2	2	2	2	2
OG0004445	2	2	2	1	2	2	2	1	2	2	2	2	2	2	2	2	2
OG0004446	1	2	2	2	2	2	1	2	2	1	2	2	2	2	2	2	2
OG0004447	1	2	2	3	2	2	2	1	2	1	2	2	2	2	2	2	2
OG0004448	1	1	1	5	1	2	2	2	2	1	2	1	2	2	2	2	2
OG0004449	2	1	1	1	2	2	2	2	2	1	1	1	1	2	2	2	2
OG0004450	3	1	2	2	2	2	2	1	2	2	2	2	2	2	2	2	2
OG0004451	2	3	2	0	2	1	2	2	2	2	2	2	2	2	2	2	2
OG0004452	2	2	2	2	2	2	2	2	1	2	2	2	2	2	2	2	2
OG0004453	2	1	1	1	3	2	2	2	2	1	1	1	1	2	2	2	2
OG0004454	2	2	2	1	2	1	2	2	2	2	2	2	2	2	2	2	2
OG0004455	1	2	2	1	2	2	2	2	2	1	2	2	2	2	2	2	2
OG0004456	3	1	1	1	1	2	2	2	2	1	1	1	1	1	2	2	2
OG0004457	2	2	2	2	2	2	2	2	1	2	2	2	2	2	2	2	2
OG0004458	1	3	1	2	3	2	2	1	2	1	2	2	2	2	2	2	2
OG0004459	1	2	2	2	2	2	2	2	2	1	2	2	2	2	2	2	2
OG0004460	1	2	2	2	2	2	0	2	2	1	2	2	2	2	2	2	2
OG0004461	2	8	2	1	3	1	1	1	1	2	2	2	2	2	1	1	1
OG0004462	2	2	1	1	2	2	2	2	2	2	2	2	2	2	2	2	2
OG0004463	2	4	2	1	2	2	2	1	1	2	2	2	2	2	2	2	1
OG0004464	2	2	2	2	2	2	2	1	2	2	2	2	2	2	2	2	2
OG0004465	1	3	2	1	2	2	2	1	2	1	2	2	2	2	2	2	2
OG0004466	1	2	2	2	2	2	2	2	2	1	2	2	2	2	2	2	2
OG0004467	1	2	2	1	3	2	2	1	2	1	2	2	2	2	2	2	2
OG0004468	1	1	2	1	2	2	2	2	2	1	2	2	2	2	2	2	2
OG0004469	1	3	2	3	2	1	2	2	1	1	2	2	2	2	2	2	2
OG0004470	1	1	1	2	2	2	2	2	2	1	2	1	2	2	2	2	2
OG0004471	1	1	1	1	3	2	2	2	2	1	1	1	1	2	2	2	2
OG0004472	2	7	2	2	2	2	0	1	0	2	2	2	2	2	2	1	1
OG0004473	2	2	2	0	2	2	2	2	2	2	2	2	2	2	2	2	2
OG0004474	1	2	2	2	2	1	2	2	2	1	2	2	2	2	2	2	2
OG0004475	1	2	2	2	2	2	2	2	2	1	2	2	2	2	2	2	2
OG0004476	1	5	1	2	2	1	2	2	2	1	2	2	2	2	2	2	2
OG0004477	1	1	2	1	2	2	2	2	2	1	2	2	2	2	2	2	2
OG0004478	1	2	2	1	2	2	2	2	2	1	2	2	2	2	2	2	2
OG0004479	1	1	1	1	1	1	2	3	3	1	1	1	1	1	1	2	3
OG0004480	1	2	2	1	2	2	2	2	2	1	2	2	2	2	2	2	2
OG0004481	1	3	2	3	3	1	0	2	1	1	2	2	2	2	1	1	1
OG0004482	1	2	2	2	2	2	2	2	2	1	2	2	2	2	2	2	2
OG0004483	1	2	2	2	2	2	2	2	2	1	2	2	2	2	2	2	2
OG0004484	1	2	2	1	2	2	2	2	2	1	2	2	2	2	2	2	2
OG0004485	1	3	2	1	2	2	2	2	1	1	2	2	2	2	2	2	2
OG0004486	1	2	2	2	2	1	2	2	2	1	2	2	2	2	2	2	2
OG0004487	1	1	1	1	1	2	3	3	2	1	1	1	1	1	2	3	3
OG0004488	1	3	2	0	2	2	2	2	2	1	2	2	2	2	2	2	2
OG0004489	1	0	0	0	4	0	0	5	2	1	1	0	1	1	1	1	2
OG0004490	1	0	1	0	2	1	0	5	2	1	1	1	1	1	1	1	2
OG0004491	1	0	0	0	3	1	0	4	2	1	1	0	1	1	1	1	2
OG0004492	1	0	1	0	2	1	0	3	4	1	1	1	1	1	1	1	3
OG0004572	5	3	2	2	1	0	1	2	2	2	2	2	2	1	1	1	2
OG0004573	4	2	2	2	2	2	1	1	1	2	2	2	2	2	2	1	1
OG0004574	2	1	1	1	2	2	2	2	2	1	1	1	1	2	2	2	2
OG0004575	1	3	2	2	2	1	2	2	2	1	2	2	2	2	2	2	2
OG0004576	3	1	2	1	2	2	2	2	0	2	2	2	2	2	2	2	2
OG0004577	2	4	2	2	2	0	2	2	2	2	2	2	2	2	2	2	2
OG0004578	1	2	2	1	2	2	2	2	2	1	2	2	2	2	2	2	2
OG0004579	1	2	2	1	1	1	3	3	2	1	1	2	1	1	1	3	3
OG0004580	2	1	2	1	2	2	2	2	2	2	2	2	2	2	2	2	2
OG0004581	2	2	1	2	2	1	2	2	2	2	2	2	2	2	2	2	2
OG0004582	2	11	1	1	1	1	1	1	1	1	1	2	1	1	1	1	1
OG0004583	2	5	0	11	0	0	1	0	2	2	2	2	2	1	1	1	1
OG0004584	5	2	2	2	2	1	0	2	2	2	2	2	2	2	2	2	2
OG0004585	1	9	0	0	0	3	0	1	1	1	1	1	1	1	1	1	1
OG0004586	2	2	1	1	1	2	3	2	1	2	2	2	2	2	2	2	2
OG0004587	2	2	2	2	1	1	2	2	2	2	2	2	2	2	2	2	2
OG0004588	1	1	1	1	1	3	1	2	2	1	1	1	1	1	2	2	2
OG0004589	11	1	1	1	1	1	1	1	1	2	1	1	1	1	1	1	1
OG0004590	2	3	2	0	2	2	1	2	2	2	2	2	2	2	2	2	2
OG0004591	1	3	4	2	2	0	1	2	2	1	2	3	2	2	2	2	2
OG0004592	1	1	2	1	2	2	2	2	2	1	2	2	2	2	2	2	2
OG0004593	2	3	2	1	1	2	1	2	1	1	1	2	1	1	1	1	1
OG0004594	1	1	1	2	2	2	2	2	2	1	2	1	2	2	2	2	2
OG0004595	1	1	4	2	1	2	3	2	1	1	2	2	2	2	2	2	2
OG0004596	1	2	1	2	2	2	2	2	2	1	2	2	2	2	2	2	2
OG0004597	2	3	2	1	2	2	2	1	1	2	2	2	2	2	2	2	1
OG0004598	2	4	2	2	2	2	2	1	1	2	2	2	2	2	2	2	1
OG0004599	3	4	3	2	1	2	1	1	1	2	2	3	2	2	2	1	1
OG0004600	1	10	0	1	0	1	1	1	2	1	1	1	1	1	1	1	1
OG0004601	2	4	3	3	3	1	1	1	1	2	3	3	3	3	1	1	1
OG0004602	1	8	1	2	2	1	2	1	1	1	2	2	2	2	2	2	1
OG0004603	2	1	1	1	2	2	2	2	2	1	1	1	1	2	2	2	2
OG0004604	1	1	2	1	1	2	2	2	2	1	1	1	1	1	2	2	2
OG0004605	1	2	1	2	3	2	2	2	1	1	2	2	2	2	2	2	2
OG0004606	1	2	2	2	2	1	2	2	2	1	2	2	2	2	2	2	2
OG0004607	2	2	2	1	1	1	2	2	2	1	1	2	1	1	1	2	2
OG0004608	4	2	2	2	2	0	3	2	2	2	2	2	2	2	2	2	2
OG0004609	2	1	2	0	3	2	2	1	2	2	2	2	2	2	2	2	2
OG0004610	2	2	2	2	2	2	2	2	0	2	2	2	2	2	2	2	2
OG0004611	2	1	1	1	2	1	2	2	2	1	1	1	1	2	2	2	2
OG0004612	2	3	2	2	2	1	2	2	1	2	2	2	2	2	2	2	2
OG0004613	2	3	3	2	2	1	2	1	2	2	2	3	2	2	2	2	2
OG0004614	1	2	2	2	2	1	2	2	2	1	2	2	2	2	2	2	2
OG0004615	1	2	1	2	2	2	2	1	2	1	2	2	2	2	2	2	2
OG0004616	1	1	2	2	2	2	2	1	2	1	2	2	2	2	2	2	2
OG0004617	1	2	1	1	3	2	2	1	2	1	2	2	2	2	2	2	2
OG0004618	2	1	0	1	2	2	2	2	2	1	1	1	1	2	2	2	2
OG0004619	1	1	4	2	1	1	2	2	2	1	2	2	2	2	2	2	2
OG0004621	3	2	1	2	2	1	2	2	2	2	2	2	2	2	2	2	2
OG0004622	2	2	1	1	2	2	2	2	1	2	2	2	2	2	2	2	2
OG0004623	1	1	1	1	2	2	2	2	2	1	1	1	1	2	2	2	2
OG0004624	2	0	2	2	2	2	2	2	0	2	2	2	2	2	2	2	2
OG0004625	1	2	2	2	2	1	2	2	2	1	2	2	2	2	2	2	2
OG0004626	1	2	4	2	2	2	1	1	2	1	2	2	2	2	2	2	2
OG0004627	1	1	2	1	2	2	2	2	2	1	2	2	2	2	2	2	2
OG0004628	1	2	2	1	3	2	1	2	2	1	2	2	2	2	2	2	2
OG0004629	2	3	2	2	0	3	0	1	1	2	2	2	2	2	2	1	1
OG0004630	2	1	2	1	1	2	2	2	2	2	2	2	2	2	2	2	2
OG0004631	3	3	1	1	1	1	2	2	2	1	1	1	1	1	1	2	2
OG0004632	1	2	2	1	2	2	2	2	2	1	2	2	2	2	2	2	2
OG0004633	1	1	1	2	1	2	3	2	2	1	2	1	2	2	2	2	2
OG0004634	4	2	2	1	1	1	1	2	2	2	2	2	1	1	1	1	2
OG0004635	2	10	1	1	1	1	1	1	1	1	1	1	1	1	1	1	1
OG0004636	1	2	1	1	2	2	2	2	2	1	2	2	2	2	2	2	2
OG0004637	2	3	1	1	2	2	0	2	2	2	2	2	2	2	2	2	2
OG0004638	2	1	1	2	2	2	2	2	2	2	2	1	2	2	2	2	2
OG0004639	2	9	3	0	1	1	1	1	1	1	1	3	1	1	1	1	1
OG0004640	1	1	2	2	2	1	2	2	2	1	2	2	2	2	2	2	2
OG0004641	2	3	2	1	2	2	0	2	1	2	2	2	2	2	2	1	1
OG0004642	2	3	2	2	2	1	1	2	2	2	2	2	2	2	2	2	2
OG0004643	1	3	1	1	2	1	2	2	2	1	2	2	2	2	2	2	2
OG0004644	1	2	2	2	1	2	2	1	2	1	2	2	2	2	2	2	2
OG0004645	3	1	2	0	2	2	2	2	2	2	2	2	2	2	2	2	2
OG0004646	1	2	1	2	2	2	2	2	2	1	2	2	2	2	2	2	2
OG0004647	1	2	1	1	1	1	3	3	2	1	1	1	1	1	1	3	3
OG0004648	1	2	2	1	2	2	1	2	2	1	2	2	2	2	2	2	2
OG0004649	1	3	2	2	2	1	2	2	1	1	2	2	2	2	2	2	2
OG0004650	2	3	4	1	1	1	1	2	2	1	1	3	1	1	1	1	2
OG0004651	2	2	2	1	1	2	0	2	2	2	2	2	2	2	2	2	2
OG0004652	3	2	2	1	2	2	1	1	2	2	2	2	2	2	2	2	2
OG0004653	2	1	2	0	2	2	2	2	2	2	2	2	2	2	2	2	2
OG0004654	1	1	3	1	2	2	1	2	2	1	2	2	2	2	2	2	2
OG0004655	2	2	2	1	2	2	1	2	2	2	2	2	2	2	2	2	2
OG0004656	2	2	2	2	3	2	1	2	1	2	2	2	2	2	2	2	2
OG0004657	3	2	3	2	2	2	0	2	0	2	2	2	2	2	2	1	1
OG0004658	2	4	2	2	2	0	2	2	2	2	2	2	2	2	2	2	2
OG0004659	1	4	2	1	2	2	2	2	1	1	2	2	2	2	2	2	2
OG0004660	3	2	2	2	2	1	2	1	2	2	2	2	2	2	2	2	2
OG0004661	2	2	2	1	2	2	2	1	2	2	2	2	2	2	2	2	2
OG0004662	1	3	1	1	2	2	2	1	2	1	2	2	2	2	2	2	2
OG0004663	1	1	3	3	3	1	2	1	2	1	2	2	2	2	2	2	2
OG0004664	1	2	2	2	3	1	2	2	1	1	2	2	2	2	2	2	2
OG0004665	2	2	2	0	2	2	0	2	2	2	2	2	2	2	2	2	2
OG0004666	1	2	2	2	2	1	2	2	2	1	2	2	2	2	2	2	2
OG0004667	2	1	1	3	1	2	2	2	1	2	2	1	2	2	2	2	2
OG0004668	1	4	3	1	1	1	1	2	2	1	1	3	1	1	1	1	2
OG0004669	1	1	2	0	2	2	3	2	2	1	1	1	1	2	2	2	2
OG0004670	1	2	2	1	2	2	2	2	1	1	2	2	2	2	2	2	2
OG0004671	2	2	1	0	1	2	2	2	2	1	1	1	1	1	2	2	2
OG0004672	1	2	2	2	2	2	2	1	2	1	2	2	2	2	2	2	2
OG0004673	1	2	1	1	2	2	2	2	2	1	2	2	2	2	2	2	2
OG0004674	2	5	4	0	2	1	2	1	2	2	2	4	2	2	2	2	2
OG0004675	1	2	2	2	1	1	2	2	2	1	2	2	2	2	2	2	2
OG0004676	2	1	1	1	2	1	3	2	2	1	1	1	1	2	2	2	2
OG0004677	1	3	3	3	3	2	1	1	1	2	3	3	3	3	2	1	1
OG0004678	1	3	2	2	2	2	0	2	1	1	2	2	2	2	2	1	1
OG0004679	1	1	2	2	2	2	2	2	1	1	2	2	2	2	2	2	2
OG0004680	2	1	2	3	1	2	0	1	2	2	2	2	2	2	2	1	1
OG0004681	3	2	3	3	1	2	0	1	2	2	2	2	2	2	2	1	1
OG0004682	1	1	2	1	2	2	2	2	2	1	2	2	2	2	2	2	2
OG0004683	2	10	1	1	1	1	1	1	1	1	1	1	1	1	1	1	1
OG0004684	2	2	2	2	2	1	2	2	2	2	2	2	2	2	2	2	2
OG0004685	1	6	2	0	2	1	2	2	2	1	2	2	2	2	2	2	2
OG0004686	1	2	1	2	2	2	2	1	2	1	2	2	2	2	2	2	2
OG0004687	2	3	2	2	2	2	0	2	1	2	2	2	2	2	2	1	1
OG0004688	2	2	1	1	2	2	2	2	1	2	2	2	2	2	2	2	2
OG0004689	2	2	2	2	2	2	2	2	0	2	2	2	2	2	2	2	2
OG0004690	1	2	2	2	2	2	2	2	2	1	2	2	2	2	2	2	2
OG0004691	1	2	2	1	3	2	2	2	2	1	2	2	2	2	2	2	2
OG0004692	1	2	1	2	2	2	3	2	1	1	2	2	2	2	2	2	2
OG0004693	1	4	2	1	2	2	2	1	2	1	2	2	2	2	2	2	2
OG0004694	3	3	1	2	1	2	0	2	2	2	2	2	2	2	2	2	2
OG0004695	1	3	2	2	2	1	2	2	2	1	2	2	2	2	2	2	2
OG0004696	1	2	2	2	2	2	2	1	2	1	2	2	2	2	2	2	2
OG0004697	2	2	1	1	2	2	1	2	1	2	2	2	2	2	2	2	2
OG0004698	1	2	1	2	1	2	2	2	2	1	2	2	2	2	2	2	2
OG0004699	2	3	1	2	1	3	2	1	1	2	2	2	2	2	2	2	1
OG0004700	1	2	1	2	1	1	3	2	2	1	1	1	1	1	1	2	2
OG0004701	1	2	2	1	2	2	2	1	2	1	2	2	2	2	2	2	2
OG0004702	2	0	1	2	2	2	2	2	2	2	2	1	2	2	2	2	2
OG0004703	1	1	1	1	1	1	1	3	2	1	1	1	1	1	1	1	2
OG0004704	1	2	2	0	1	2	2	2	2	1	2	2	2	2	2	2	2
OG0004705	2	3	2	0	2	2	2	1	2	2	2	2	2	2	2	2	2
OG0004706	1	1	1	2	2	2	2	2	2	1	2	1	2	2	2	2	2
OG0004707	2	4	2	2	2	2	1	1	1	2	2	2	2	2	2	1	1
OG0004708	2	2	2	2	2	1	2	1	2	2	2	2	2	2	2	2	2
OG0004709	1	3	4	0	2	2	1	1	2	1	2	3	2	2	2	2	2
OG0004710	4	2	3	2	2	2	0	1	1	2	2	2	2	2	2	1	1
OG0004711	1	3	2	1	2	2	2	2	1	1	2	2	2	2	2	2	2
OG0004712	2	1	3	2	2	2	2	1	2	2	2	2	2	2	2	2	2
OG0004713	1	3	2	1	1	3	0	2	2	1	2	2	2	2	2	2	2
OG0004714	3	2	2	2	4	2	0	1	1	2	2	2	2	2	2	1	1
OG0004715	3	1	2	1	2	1	3	2	2	2	2	2	2	2	2	2	2
OG0004716	2	2	2	2	2	1	2	1	2	2	2	2	2	2	2	2	2
OG0004717	2	3	2	2	1	1	2	2	2	2	2	2	2	2	2	2	2
OG0004718	2	2	1	1	1	2	2	2	2	2	2	2	2	2	2	2	2
OG0004719	2	2	2	1	2	1	2	2	2	2	2	2	2	2	2	2	2
OG0004720	1	1	1	1	2	3	2	2	2	1	1	1	1	2	2	2	2
OG0004721	1	1	3	2	1	2	0	2	2	1	2	2	2	2	2	2	2
OG0004722	1	3	2	0	2	1	2	2	2	1	2	2	2	2	2	2	2
OG0004723	2	2	2	2	2	2	2	1	2	2	2	2	2	2	2	2	2
OG0004724	1	2	2	1	2	2	2	2	2	1	2	2	2	2	2	2	2
OG0004725	1	1	1	1	1	1	8	1	2	1	1	1	1	1	1	2	2
OG0004726	1	2	2	2	2	2	2	2	2	1	2	2	2	2	2	2	2
OG0004727	1	0	2	3	2	2	2	2	2	1	2	2	2	2	2	2	2
OG0004728	1	2	2	2	1	1	2	2	3	1	2	2	2	2	2	2	2
OG0004729	1	2	2	1	2	2	1	2	2	1	2	2	2	2	2	2	2
OG0004730	3	2	2	1	2	1	2	2	2	2	2	2	2	2	2	2	2
OG0004731	1	11	1	1	1	1	1	1	1	1	1	2	1	1	1	1	1
OG0004732	2	2	2	1	3	1	2	2	2	2	2	2	2	2	2	2	2
OG0004733	4	2	1	1	1	1	3	2	2	2	1	1	1	1	1	2	2
OG0004734	1	4	2	2	1	1	2	2	2	1	2	2	2	2	2	2	2
OG0004735	2	3	2	2	2	2	2	1	1	2	2	2	2	2	2	2	1
OG0004736	2	2	1	1	2	2	2	2	2	2	2	2	2	2	2	2	2
OG0004737	1	8	1	1	1	1	2	1	2	1	1	1	1	1	1	2	2
OG0004738	1	2	2	2	2	2	2	2	0	1	2	2	2	2	2	2	2
OG0004739	1	0	2	2	2	2	2	2	2	1	2	2	2	2	2	2	2
OG0004740	1	3	2	2	2	1	2	2	2	1	2	2	2	2	2	2	2
OG0004741	2	2	2	0	1	3	2	1	2	2	2	2	2	2	2	2	2
OG0004742	1	2	2	1	2	2	2	2	2	1	2	2	2	2	2	2	2
OG0004743	2	1	1	1	2	1	2	2	2	1	1	1	1	2	2	2	2
OG0004744	1	1	1	1	2	2	2	2	2	1	1	1	1	2	2	2	2
OG0004745	4	8	1	1	1	1	1	1	1	2	1	1	1	1	1	1	1
OG0004746	3	3	2	2	2	0	2	2	2	2	2	2	2	2	2	2	2
OG0004747	1	0	0	0	1	7	0	0	0	1	1	0	1	1	1	0	0
OG0004748	1	2	2	1	1	2	2	2	2	1	2	2	2	2	2	2	2
OG0004749	1	1	1	1	1	2	1	3	2	1	1	1	1	1	1	1	2
OG0004750	1	2	2	2	2	2	2	1	2	1	2	2	2	2	2	2	2
OG0004751	2	4	2	1	2	1	2	1	2	2	2	2	2	2	2	2	2
OG0004752	1	2	2	1	2	2	2	2	2	1	2	2	2	2	2	2	2
OG0004753	3	10	1	0	1	1	1	1	1	1	1	2	1	1	1	1	1
OG0004754	1	10	2	1	1	1	1	1	1	1	1	2	1	1	1	1	1
OG0004755	2	9	1	1	1	1	1	1	1	1	1	1	1	1	1	1	1
OG0004756	1	11	1	1	1	1	1	1	1	1	1	2	1	1	1	1	1
OG0004757	1	2	2	2	2	2	2	1	2	1	2	2	2	2	2	2	2
OG0004758	2	8	2	2	1	1	1	1	1	2	2	2	2	1	1	1	1
OG0004759	2	3	1	1	1	1	2	2	2	1	1	1	1	1	1	2	2
OG0004760	1	4	1	1	1	2	0	2	2	1	1	1	1	1	1	1	2
OG0004761	1	1	2	1	2	2	2	2	2	1	2	2	2	2	2	2	2
OG0004762	1	9	2	2	2	1	1	1	0	1	2	3	2	2	1	1	1
OG0004763	1	2	2	2	2	1	2	2	2	1	2	2	2	2	2	2	2
OG0004764	1	2	2	1	3	1	3	3	0	1	2	2	2	2	2	2	2
OG0004765	1	3	1	2	2	2	2	2	2	1	2	2	2	2	2	2	2
OG0004766	2	2	2	1	1	2	1	2	2	2	2	2	2	2	2	2	2
OG0004767	1	1	2	1	2	2	2	2	2	1	2	2	2	2	2	2	2
OG0004768	2	3	2	1	2	1	2	2	2	2	2	2	2	2	2	2	2
OG0004769	1	2	3	2	1	0	1	2	3	1	2	2	2	1	1	1	2
OG0004770	1	2	2	1	2	2	2	2	2	1	2	2	2	2	2	2	2
OG0004771	2	3	2	2	2	2	1	2	1	2	2	2	2	2	2	2	2
OG0004772	1	1	1	2	2	2	2	2	2	1	2	1	2	2	2	2	2
OG0004773	1	1	1	0	2	2	3	2	2	1	1	1	1	2	2	2	2
OG0004774	1	2	1	1	1	2	2	2	2	1	1	1	1	1	2	2	2
OG0004775	4	2	2	1	1	1	2	2	2	2	2	2	1	1	1	2	2
OG0004776	2	2	2	1	2	2	2	1	2	2	2	2	2	2	2	2	2
OG0004777	2	8	1	1	1	1	3	1	1	1	1	1	1	1	1	1	1
OG0004778	2	2	2	2	3	2	1	1	1	2	2	2	2	2	2	1	1
OG0004779	1	2	2	2	2	2	2	1	2	1	2	2	2	2	2	2	2
OG0004780	1	5	2	2	2	2	1	1	1	1	2	2	2	2	2	1	1
OG0004781	1	1	2	2	2	2	2	2	2	1	2	2	2	2	2	2	2
OG0004782	1	2	2	2	2	2	2	1	2	1	2	2	2	2	2	2	2
OG0004783	1	2	2	2	2	1	2	2	2	1	2	2	2	2	2	2	2
OG0004784	1	2	2	1	2	2	2	2	2	1	2	2	2	2	2	2	2
OG0004785	1	2	2	0	1	2	2	2	2	1	2	2	2	2	2	2	2
OG0004786	1	1	1	1	2	2	1	2	2	1	1	1	1	2	2	2	2
OG0004787	1	2	1	2	2	1	2	2	2	1	2	2	2	2	2	2	2
OG0004788	1	2	2	1	2	2	2	2	2	1	2	2	2	2	2	2	2
OG0004789	1	2	1	0	1	2	2	2	2	1	1	1	1	1	2	2	2
OG0004790	1	1	2	1	2	3	1	2	2	1	2	2	2	2	2	2	2
OG0004791	1	2	1	2	2	2	0	2	2	1	2	2	2	2	2	2	2
OG0004792	1	2	2	0	2	2	2	2	2	1	2	2	2	2	2	2	2
OG0004793	1	2	2	2	2	1	2	2	2	1	2	2	2	2	2	2	2
OG0004794	1	1	1	2	2	2	2	2	2	1	2	1	2	2	2	2	2
OG0004795	2	1	1	1	2	2	2	2	2	1	1	1	1	2	2	2	2
OG0004796	1	3	2	2	3	1	2	1	2	1	2	2	2	2	2	2	2
OG0004797	1	1	2	3	1	2	2	2	2	1	2	2	2	2	2	2	2
OG0004798	1	2	3	1	2	2	2	2	2	1	2	2	2	2	2	2	2
OG0004799	1	1	2	2	2	2	2	2	2	1	2	2	2	2	2	2	2
OG0004800	2	1	1	1	3	2	2	2	2	1	1	1	1	2	2	2	2
OG0004801	1	2	1	1	2	2	2	2	2	1	2	2	2	2	2	2	2
OG0004802	1	1	1	1	2	2	2	2	2	1	1	1	1	2	2	2	2
OG0004803	1	11	1	1	1	1	1	1	1	1	1	2	1	1	1	1	1
OG0004804	1	2	1	2	2	2	2	2	2	1	2	2	2	2	2	2	2
OG0004805	1	2	1	1	2	2	2	2	2	1	2	2	2	2	2	2	2
OG0004806	1	4	2	1	1	1	1	2	2	1	1	2	1	1	1	1	2
OG0004807	1	4	3	3	2	2	1	1	0	2	3	3	3	2	2	1	1
OG0004808	1	5	1	1	1	1	2	2	2	1	1	1	1	1	1	2	2
OG0004809	1	6	1	0	5	1	1	2	0	1	1	1	1	1	1	1	1
OG0004810	1	0	1	0	2	0	0	7	0	1	1	1	1	1	1	1	1
OG0004882	1	2	2	2	1	2	2	2	1	1	2	2	2	2	2	2	2
OG0004883	2	3	2	2	2	2	1	1	1	2	2	2	2	2	2	1	1
OG0004884	2	3	2	1	2	1	2	2	1	2	2	2	2	2	2	2	2
OG0004885	1	2	1	1	1	1	3	2	2	1	1	1	1	1	1	2	2
OG0004886	2	3	2	1	2	0	2	2	2	2	2	2	2	2	2	2	2
OG0004887	3	0	0	0	1	2	2	2	3	1	1	0	1	1	2	2	2
OG0004888	1	5	2	4	2	1	1	1	1	1	2	2	2	2	1	1	1
OG0004889	1	2	2	2	1	2	2	2	0	1	2	2	2	2	2	2	2
OG0004890	3	3	2	1	2	2	2	0	2	2	2	2	2	2	2	2	2
OG0004891	2	3	2	2	3	1	2	2	0	2	2	2	2	2	2	2	2
OG0004892	3	1	2	1	1	2	2	1	2	2	2	2	2	2	2	2	2
OG0004893	1	3	3	2	2	2	1	1	1	1	2	3	2	2	2	1	1
OG0004894	1	2	2	2	2	1	1	2	2	1	2	2	2	2	2	2	2
OG0004895	1	4	1	1	1	1	2	2	2	1	1	1	1	1	1	2	2
OG0004896	1	1	2	2	1	2	2	2	2	1	2	2	2	2	2	2	2
OG0004897	1	4	1	0	2	2	2	2	0	1	2	2	2	2	2	2	2
OG0004898	1	3	2	2	2	0	2	2	2	1	2	2	2	2	2	2	2
OG0004899	2	4	2	1	2	2	1	1	1	2	2	2	2	2	2	1	1
OG0004900	2	3	3	1	2	2	1	1	1	2	2	3	2	2	2	1	1
OG0004901	1	1	1	1	1	2	2	2	2	1	1	1	1	1	2	2	2
OG0004902	1	1	2	1	1	2	2	2	2	1	1	1	1	1	2	2	2
OG0004903	3	1	1	1	1	2	2	2	2	1	1	1	1	1	2	2	2
OG0004904	1	0	2	2	1	2	2	2	1	1	2	2	2	2	2	2	2
OG0004905	1	2	2	2	2	1	2	2	2	1	2	2	2	2	2	2	2
OG0004906	3	1	1	2	2	2	2	1	1	2	2	1	2	2	2	2	1
OG0004907	1	1	2	1	2	2	2	2	2	1	2	2	2	2	2	2	2
OG0004908	2	3	1	2	2	2	2	1	0	2	2	2	2	2	2	2	1
OG0004909	2	3	2	2	2	2	1	1	1	2	2	2	2	2	2	1	1
OG0004910	2	8	1	1	1	1	1	1	1	1	1	1	1	1	1	1	1
OG0004911	2	3	2	0	2	2	2	1	1	2	2	2	2	2	2	2	1
OG0004912	3	1	1	2	2	2	2	2	0	2	2	1	2	2	2	2	2
OG0004913	2	4	3	1	1	1	2	2	1	2	2	3	1	1	1	2	2
OG0004914	3	1	2	3	2	2	1	1	1	2	2	2	2	2	2	1	1
OG0004915	6	1	3	3	1	1	2	1	1	2	2	2	2	1	1	1	1
OG0004916	2	3	2	0	2	1	2	2	2	2	2	2	2	2	2	2	2
OG0004917	2	2	2	1	2	2	2	1	2	2	2	2	2	2	2	2	2
OG0004918	4	1	2	1	2	2	2	2	0	2	2	2	2	2	2	2	2
OG0004919	1	1	1	2	2	3	1	2	0	1	2	1	2	2	2	1	1
OG0004920	1	4	3	1	2	2	1	1	1	1	2	3	2	2	2	1	1
OG0004921	3	1	1	3	2	2	1	1	1	2	2	1	2	2	2	1	1
OG0004922	2	0	2	1	2	1	2	2	2	2	2	2	2	2	2	2	2
OG0004923	2	1	2	2	1	3	1	1	2	2	2	2	2	2	2	2	2
OG0004924	1	2	2	1	2	2	2	2	2	1	2	2	2	2	2	2	2
OG0004925	1	2	4	1	2	1	2	2	2	1	2	2	2	2	2	2	2
OG0004926	1	2	2	2	2	1	2	2	2	1	2	2	2	2	2	2	2
OG0004927	1	2	2	1	2	2	2	2	2	1	2	2	2	2	2	2	2
OG0004928	1	2	2	1	2	2	2	2	1	1	2	2	2	2	2	2	2
OG0004929	2	1	2	2	2	1	2	1	2	2	2	2	2	2	2	2	2
OG0004930	2	2	2	2	2	2	2	2	0	2	2	2	2	2	2	2	2
OG0004931	3	1	2	1	2	2	1	2	2	2	2	2	2	2	2	2	2
OG0004932	1	2	2	1	2	2	2	1	2	1	2	2	2	2	2	2	2
OG0004933	1	1	2	1	2	2	2	2	2	1	2	2	2	2	2	2	2
OG0004934	1	1	2	1	2	2	2	2	1	1	2	2	2	2	2	2	2
OG0004935	1	3	2	2	2	2	1	2	0	1	2	2	2	2	2	1	1
OG0004936	2	1	1	1	1	1	3	2	2	1	1	1	1	1	1	2	2
OG0004937	1	1	1	1	2	2	1	2	2	1	1	1	1	2	2	2	2
OG0004938	1	2	1	3	2	1	1	2	2	1	2	2	2	2	2	2	2
OG0004939	1	2	1	1	2	1	2	2	2	1	2	2	2	2	2	2	2
OG0004940	2	1	2	2	1	1	1	2	2	2	2	2	2	1	1	1	2
OG0004941	1	2	2	3	2	1	2	2	1	1	2	2	2	2	2	2	2
OG0004942	5	2	1	1	1	1	2	2	2	2	1	1	1	1	1	2	2
OG0004943	1	8	1	1	3	1	1	1	1	1	1	1	1	1	1	1	1
OG0004944	2	1	1	0	2	3	2	1	2	1	1	1	1	2	2	2	2
OG0004945	2	2	1	1	1	1	2	2	2	1	1	1	1	1	1	2	2
OG0004946	1	1	2	1	1	2	2	2	2	1	1	1	1	1	2	2	2
OG0004947	3	1	1	2	1	1	2	2	2	1	1	1	1	1	1	2	2
OG0004948	2	1	2	3	1	2	2	1	2	2	2	2	2	2	2	2	2
OG0004949	4	6	1	2	1	1	1	1	1	2	2	2	2	1	1	1	1
OG0004950	4	1	1	1	1	1	2	2	2	2	1	1	1	1	1	2	2
OG0004951	1	2	2	2	2	1	2	2	2	1	2	2	2	2	2	2	2
OG0004952	2	2	2	1	1	2	1	2	2	2	2	2	2	2	2	2	2
OG0004953	2	3	1	1	1	1	2	2	2	1	1	1	1	1	1	2	2
OG0004954	2	11	1	1	1	1	1	0	1	1	1	2	1	1	1	1	1
OG0004955	1	1	1	1	1	2	2	2	2	1	1	1	1	1	2	2	2
OG0004956	2	2	1	2	2	2	2	2	0	2	2	2	2	2	2	2	2
OG0004957	2	1	2	1	2	1	2	2	2	2	2	2	2	2	2	2	2
OG0004958	3	1	1	1	3	3	1	1	1	1	1	1	1	2	2	1	1
OG0004959	1	2	1	2	1	2	1	2	1	1	1	1	1	1	1	1	1
OG0004960	2	3	2	3	2	0	1	2	2	2	2	2	2	2	2	2	2
OG0004961	2	2	3	1	3	2	1	1	1	2	2	2	2	2	2	1	1
OG0004962	2	2	2	2	1	1	1	2	2	2	2	2	2	1	1	1	2
OG0004963	2	6	2	1	2	1	1	1	1	1	1	2	1	1	1	1	1
OG0004964	2	2	2	2	1	2	2	2	1	2	2	2	2	2	2	2	2
OG0004965	4	2	3	2	1	0	1	2	2	2	2	2	2	1	1	1	2
OG0004966	1	2	1	2	2	1	2	2	2	1	2	2	2	2	2	2	2
OG0004967	5	1	5	1	1	2	1	1	0	2	1	1	1	1	1	1	1
OG0004968	1	2	2	1	2	2	2	2	2	1	2	2	2	2	2	2	2
OG0004969	2	2	1	1	1	4	0	1	1	1	1	1	1	1	1	1	1
OG0004970	5	7	1	0	1	1	1	1	1	2	1	1	1	1	1	1	1
OG0004971	1	1	1	2	2	2	2	2	2	1	2	1	2	2	2	2	2
OG0004972	1	2	4	1	1	1	2	1	2	1	1	2	1	1	1	2	2
OG0004973	2	6	1	1	1	2	1	1	1	1	1	1	1	1	1	1	1
OG0004974	2	1	1	2	2	2	2	1	2	2	2	1	2	2	2	2	2
OG0004975	2	2	1	1	2	2	2	1	2	2	2	2	2	2	2	2	2
OG0004976	4	7	1	1	1	1	1	1	1	2	1	1	1	1	1	1	1
OG0004977	1	2	2	1	1	1	1	2	2	1	1	2	1	1	1	1	2
OG0004978	2	1	1	1	2	2	2	2	2	1	1	1	1	2	2	2	2
OG0004979	1	1	2	2	2	0	2	2	2	1	2	2	2	2	2	2	2
OG0004980	2	1	1	1	1	2	2	2	2	1	1	1	1	1	2	2	2
OG0004981	2	3	1	2	2	2	2	1	0	2	2	2	2	2	2	2	1
OG0004982	5	3	2	2	1	1	1	1	2	2	2	2	2	1	1	1	1
OG0004983	1	8	1	0	1	1	1	1	2	1	1	1	1	1	1	1	1
OG0004984	1	2	1	1	1	2	2	2	2	1	1	1	1	1	2	2	2
OG0004985	1	2	2	2	3	1	2	2	1	1	2	2	2	2	2	2	2
OG0004986	2	2	1	1	1	2	2	2	2	2	2	2	2	2	2	2	2
OG0004987	1	1	2	2	2	1	2	2	2	1	2	2	2	2	2	2	2
OG0004988	4	2	2	1	2	2	1	1	1	2	2	2	2	2	2	1	1
OG0004989	1	1	1	1	2	2	2	2	2	1	1	1	1	2	2	2	2
OG0004990	1	2	2	2	2	2	0	1	2	1	2	2	2	2	2	1	1
OG0004991	1	1	2	1	1	2	2	2	2	1	1	1	1	1	2	2	2
OG0004992	1	9	1	0	1	1	3	1	0	1	1	1	1	1	1	1	1
OG0004993	1	2	2	1	2	2	2	1	2	1	2	2	2	2	2	2	2
OG0004994	2	2	2	1	2	1	2	2	2	2	2	2	2	2	2	2	2
OG0004995	1	10	2	1	1	1	0	1	1	1	1	2	1	1	1	1	1
OG0004996	1	2	2	1	2	1	2	2	2	1	2	2	2	2	2	2	2
OG0004997	3	2	3	1	1	2	1	1	1	1	1	2	1	1	1	1	1
OG0004998	1	2	2	2	1	2	2	2	2	1	2	2	2	2	2	2	2
OG0004999	1	1	1	1	1	2	2	2	2	1	1	1	1	1	2	2	2
OG0005000	2	0	0	0	0	1	0	2	5	1	1	0	1	1	1	1	2
OG0005001	4	2	1	1	1	3	1	1	0	2	1	1	1	1	1	1	1
OG0005002	2	2	2	2	2	1	2	2	1	2	2	2	2	2	2	2	2
OG0005003	2	2	2	2	1	1	2	2	2	2	2	2	2	2	2	2	2
OG0005004	2	2	2	1	2	1	2	2	2	2	2	2	2	2	2	2	2
OG0005005	1	2	2	2	2	1	2	2	2	1	2	2	2	2	2	2	2
OG0005006	2	1	1	1	1	2	2	2	2	1	1	1	1	1	2	2	2
OG0005007	4	1	1	1	2	2	2	1	2	2	2	1	2	2	2	2	2
OG0005008	1	1	2	1	2	2	2	1	2	1	2	2	2	2	2	2	2
OG0005009	4	0	1	3	0	2	0	2	2	2	2	1	2	2	2	2	2
OG0005010	2	1	1	2	2	2	2	2	1	2	2	1	2	2	2	2	2
OG0005011	1	9	1	2	1	1	1	1	1	1	2	2	2	1	1	1	1
OG0005012	1	1	3	1	1	1	1	3	2	1	1	1	1	1	1	1	2
OG0005013	5	1	2	1	1	1	1	2	2	2	1	1	1	1	1	1	2
OG0005014	1	4	2	1	2	1	1	2	2	1	2	2	2	2	2	2	2
OG0005015	2	2	2	2	2	2	1	1	1	2	2	2	2	2	2	1	1
OG0005016	1	2	2	2	1	1	0	2	2	1	2	2	2	1	1	1	2
OG0005017	1	1	2	1	2	2	2	2	2	1	2	2	2	2	2	2	2
OG0005018	2	2	1	1	2	2	1	2	2	2	2	2	2	2	2	2	2
OG0005019	1	2	2	1	2	1	2	2	2	1	2	2	2	2	2	2	2
OG0005020	2	5	3	3	3	1	0	0	2	2	3	3	3	3	1	1	1
OG0005021	2	2	1	2	2	1	1	2	2	2	2	2	2	2	2	2	2
OG0005022	1	10	1	0	1	1	1	1	1	1	1	1	1	1	1	1	1
OG0005023	2	2	2	2	2	2	0	2	2	2	2	2	2	2	2	2	2
OG0005024	2	2	2	1	1	2	2	2	2	2	2	2	2	2	2	2	2
OG0005025	2	2	2	1	2	1	3	2	1	2	2	2	2	2	2	2	2
OG0005026	2	1	1	1	2	2	1	1	2	1	1	1	1	1	1	1	1
OG0005027	2	4	2	2	3	1	2	1	1	2	2	2	2	2	2	2	1
OG0005028	1	1	2	2	1	2	0	2	2	1	2	2	2	2	2	2	2
OG0005029	2	3	2	2	2	2	1	1	1	2	2	2	2	2	2	1	1
OG0005030	2	2	2	2	2	1	2	2	2	2	2	2	2	2	2	2	2
OG0005031	2	2	2	1	2	0	3	2	2	2	2	2	2	2	2	2	2
OG0005032	1	1	1	1	1	1	2	2	3	1	1	1	1	1	1	2	2
OG0005033	1	5	1	1	2	2	1	1	1	1	2	2	2	2	2	1	1
OG0005034	2	2	2	1	2	2	1	2	2	2	2	2	2	2	2	2	2
OG0005035	1	2	2	1	2	1	2	2	2	1	2	2	2	2	2	2	2
OG0005036	1	1	2	1	2	2	2	2	1	1	2	2	2	2	2	2	2
OG0005037	1	2	1	1	2	2	1	2	2	1	2	2	2	2	2	2	2
OG0005038	1	2	2	2	1	2	1	2	2	1	2	2	2	2	2	2	2
OG0005039	1	2	4	3	2	2	1	1	1	1	2	2	2	2	2	1	1
OG0005040	1	1	2	1	2	2	2	2	1	1	2	2	2	2	2	2	2
OG0005041	1	3	2	2	2	1	2	2	1	1	2	2	2	2	2	2	2
OG0005042	2	2	3	2	2	2	1	1	1	2	2	2	2	2	2	1	1
OG0005043	1	2	2	2	4	0	2	2	2	1	2	2	2	2	2	2	2
OG0005044	2	2	2	2	2	1	2	2	1	2	2	2	2	2	2	2	2
OG0005045	3	2	2	1	1	1	1	2	2	1	1	2	1	1	1	1	2
OG0005046	1	2	2	1	2	2	2	1	2	1	2	2	2	2	2	2	2
OG0005047	1	1	2	3	1	1	1	2	2	1	1	1	1	1	1	1	2
OG0005048	1	2	3	2	2	1	2	2	2	1	2	2	2	2	2	2	2
OG0005049	1	3	3	4	3	1	1	1	1	2	3	3	3	3	1	1	1
OG0005050	4	1	3	3	3	0	0	2	1	2	2	2	2	2	1	1	1
OG0005051	3	1	1	2	1	2	2	2	2	2	2	1	2	2	2	2	2
OG0005052	2	1	1	0	2	2	2	2	2	1	1	1	1	2	2	2	2
OG0005053	1	1	1	2	1	3	1	1	2	1	1	1	1	1	1	1	1
OG0005054	3	5	3	2	1	1	1	1	1	2	2	3	2	1	1	1	1
OG0005055	1	3	2	2	2	2	1	2	1	1	2	2	2	2	2	2	2
OG0005056	1	5	1	1	1	1	1	2	2	1	1	1	1	1	1	1	2
OG0005057	1	2	2	2	3	2	1	2	1	1	2	2	2	2	2	2	2
OG0005058	1	11	1	1	1	1	1	1	1	1	1	2	1	1	1	1	1
OG0005059	11	1	1	1	1	1	1	1	0	2	1	1	1	1	1	1	1
OG0005060	2	4	2	3	2	2	0	1	0	2	2	2	2	2	2	1	1
OG0005061	1	1	1	1	1	2	2	2	2	1	1	1	1	1	2	2	2
OG0005062	2	2	1	1	1	1	2	2	2	1	1	1	1	1	1	2	2
OG0005063	2	1	1	1	2	3	1	1	0	1	1	1	1	2	2	1	1
OG0005064	2	4	2	2	2	0	2	2	2	2	2	2	2	2	2	2	2
OG0005065	2	2	2	1	2	1	2	2	1	2	2	2	2	2	2	2	2
OG0005066	1	1	1	1	2	2	2	2	2	1	1	1	1	2	2	2	2
OG0005067	1	2	2	1	2	2	1	1	2	1	2	2	2	2	2	2	2
OG0005068	3	1	1	1	2	1	2	2	2	1	1	1	1	2	2	2	2
OG0005069	2	3	2	4	2	2	0	1	0	2	2	2	2	2	2	1	1
OG0005070	1	1	1	1	2	2	1	2	2	1	1	1	1	2	2	2	2
OG0005071	1	4	2	2	2	0	2	2	2	1	2	2	2	2	2	2	2
OG0005072	2	3	2	2	2	0	2	2	2	2	2	2	2	2	2	2	2
OG0005073	1	1	2	2	2	2	2	2	1	1	2	2	2	2	2	2	2
OG0005074	1	1	1	1	3	1	2	2	2	1	1	1	1	2	2	2	2
OG0005075	2	3	1	3	1	1	1	2	2	2	2	2	2	1	1	1	2
OG0005076	1	2	2	2	1	1	2	2	2	1	2	2	2	2	2	2	2
OG0005077	1	4	2	0	2	2	2	1	2	1	2	2	2	2	2	2	2
OG0005078	1	1	2	2	1	2	2	1	2	1	2	2	2	2	2	2	2
OG0005079	1	2	2	1	2	2	2	1	2	1	2	2	2	2	2	2	2
OG0005080	1	3	2	2	2	2	1	1	1	1	2	2	2	2	2	1	1
OG0005081	1	4	2	2	2	0	2	2	2	1	2	2	2	2	2	2	2
OG0005082	2	10	1	1	1	1	1	1	0	1	1	1	1	1	1	1	1
OG0005083	1	2	2	2	1	1	2	2	2	1	2	2	2	2	2	2	2
OG0005084	1	6	1	1	1	1	3	2	1	1	1	1	1	1	1	2	2
OG0005085	2	2	1	1	2	1	2	2	2	2	2	2	2	2	2	2	2
OG0005086	2	2	1	2	2	1	2	2	2	2	2	2	2	2	2	2	2
OG0005087	1	1	1	1	3	2	3	1	2	1	1	1	1	2	2	2	2
OG0005088	2	1	1	1	1	3	2	1	1	1	1	1	1	1	1	1	1
OG0005089	1	1	1	1	2	2	1	2	2	1	1	1	1	2	2	2	2
OG0005090	1	2	2	0	2	2	2	1	2	1	2	2	2	2	2	2	2
OG0005091	1	3	3	2	2	0	2	2	2	1	2	3	2	2	2	2	2
OG0005092	1	2	2	1	2	2	1	2	2	1	2	2	2	2	2	2	2
OG0005093	1	2	2	2	2	1	2	2	2	1	2	2	2	2	2	2	2
OG0005094	1	2	2	1	2	1	2	2	2	1	2	2	2	2	2	2	2
OG0005095	1	1	2	1	1	2	2	2	2	1	1	1	1	1	2	2	2
OG0005096	1	2	1	1	2	2	2	1	2	1	2	2	2	2	2	2	2
OG0005097	1	1	1	1	2	2	2	2	2	1	1	1	1	2	2	2	2
OG0005098	1	3	2	1	1	1	2	2	2	1	1	2	1	1	1	2	2
OG0005099	1	2	2	0	2	2	0	2	2	1	2	2	2	2	2	2	2
OG0005100	1	2	1	0	1	2	2	2	2	1	1	1	1	1	2	2	2
OG0005101	1	2	2	2	2	2	2	2	0	1	2	2	2	2	2	2	2
OG0005102	1	1	1	3	2	2	1	2	2	1	2	1	2	2	2	2	2
OG0005103	1	1	1	2	1	3	1	1	2	1	1	1	1	1	1	1	1
OG0005104	1	1	2	1	3	2	1	2	2	1	2	2	2	2	2	2	2
OG0005105	1	1	1	1	2	1	3	2	2	1	1	1	1	2	2	2	2
OG0005106	1	1	1	2	2	2	2	2	2	1	2	1	2	2	2	2	2
OG0005107	1	2	2	2	2	2	0	2	1	1	2	2	2	2	2	1	1
OG0005108	1	0	2	0	3	0	0	4	2	1	1	1	1	1	1	1	2
OG0005190	1	0	0	0	1	2	1	3	2	1	1	0	1	1	1	1	2
OG0005191	1	2	1	0	1	2	2	2	2	1	1	1	1	1	2	2	2
OG0005192	1	3	2	2	2	0	2	2	2	1	2	2	2	2	2	2	2
OG0005193	14	0	0	7	0	0	0	0	0	3	1	0	1	0	0	0	0
OG0005194	12	0	0	0	1	1	1	1	1	2	1	0	1	1	1	1	1
OG0005195	2	3	2	2	2	2	1	1	1	2	2	2	2	2	2	1	1
OG0005196	2	1	1	1	1	2	4	1	1	1	1	1	1	1	1	1	1
OG0005197	2	6	2	0	2	2	1	1	0	2	2	2	2	2	2	1	1
OG0005198	2	1	1	0	2	1	2	2	2	1	1	1	1	2	2	2	2
OG0005199	2	1	1	1	2	2	1	2	2	1	1	1	1	2	2	2	2
OG0005200	1	1	1	1	1	2	0	3	2	1	1	1	1	1	1	1	2
OG0005201	1	2	2	1	2	2	2	1	2	1	2	2	2	2	2	2	2
OG0005202	2	2	2	2	1	1	2	2	2	2	2	2	2	2	2	2	2
OG0005203	2	2	1	0	1	1	1	2	3	1	1	1	1	1	1	1	2
OG0005204	1	2	2	1	1	3	1	1	1	1	1	2	1	1	1	1	1
OG0005205	3	1	1	1	2	1	2	1	2	1	1	1	1	2	2	2	2
OG0005206	1	2	3	2	2	2	0	2	0	1	2	2	2	2	2	1	1
OG0005207	4	1	1	1	2	1	1	2	2	2	1	1	1	1	1	1	2
OG0005208	1	1	1	2	2	2	2	1	2	1	2	1	2	2	2	2	2
OG0005209	4	1	2	2	2	2	1	1	1	2	2	2	2	2	2	1	1
OG0005210	1	1	1	2	2	2	2	2	0	1	2	1	2	2	2	2	2
OG0005211	1	2	2	1	2	1	2	2	2	1	2	2	2	2	2	2	2
OG0005212	1	2	1	1	2	1	2	2	2	1	2	2	2	2	2	2	2
OG0005213	1	5	3	3	2	1	1	1	1	2	3	3	3	2	1	1	1
OG0005214	2	2	1	1	2	2	2	1	2	2	2	2	2	2	2	2	2
OG0005215	2	2	1	1	2	1	2	1	2	2	2	2	2	2	2	2	2
OG0005216	2	1	2	2	2	2	2	1	1	2	2	2	2	2	2	2	1
OG0005217	1	2	1	2	2	2	2	1	0	1	2	2	2	2	2	2	1
OG0005218	4	5	3	0	1	1	1	1	1	2	2	3	1	1	1	1	1
OG0005220	2	2	2	2	2	0	2	2	2	2	2	2	2	2	2	2	2
OG0005221	1	2	2	2	3	2	1	2	0	1	2	2	2	2	2	1	1
OG0005222	2	4	3	3	3	1	1	1	0	2	3	3	3	3	1	1	1
OG0005223	2	3	2	2	2	2	1	1	1	2	2	2	2	2	2	1	1
OG0005224	5	2	1	1	1	1	5	1	1	2	1	1	1	1	1	1	1
OG0005225	3	5	1	4	1	1	1	1	1	2	2	2	2	1	1	1	1
OG0005226	1	2	1	1	2	1	2	2	2	1	2	2	2	2	2	2	2
OG0005227	1	1	1	1	1	1	1	3	2	1	1	1	1	1	1	1	2
OG0005228	2	2	4	4	1	2	0	1	0	2	2	2	2	2	2	1	1
OG0005229	1	2	3	0	2	2	1	1	2	1	2	2	2	2	2	2	2
OG0005230	3	3	2	2	2	2	1	0	1	2	2	2	2	2	2	1	1
OG0005231	2	2	2	2	2	2	1	2	0	2	2	2	2	2	2	1	1
OG0005232	1	1	1	0	1	2	2	2	2	1	1	1	1	1	2	2	2
OG0005233	2	2	2	1	1	1	2	2	2	1	1	2	1	1	1	2	2
OG0005234	1	10	1	0	1	1	1	1	1	1	1	1	1	1	1	1	1
OG0005235	1	2	1	3	2	2	2	1	1	1	2	2	2	2	2	2	1
OG0005236	2	4	2	2	1	2	1	1	1	2	2	2	2	2	2	1	1
OG0005237	1	7	1	1	1	1	3	1	1	1	1	1	1	1	1	1	1
OG0005238	1	2	2	1	1	1	2	2	2	1	1	2	1	1	1	2	2
OG0005239	2	2	1	2	3	0	2	2	2	2	2	2	2	2	2	2	2
OG0005240	2	1	1	1	1	5	1	0	0	1	1	1	1	1	1	1	0
OG0005241	2	1	1	1	1	1	2	2	2	1	1	1	1	1	1	2	2
OG0005242	2	3	2	1	2	0	2	2	2	2	2	2	2	2	2	2	2
OG0005243	1	2	1	1	2	3	1	1	1	1	2	2	2	2	2	1	1
OG0005244	1	2	1	2	2	2	2	1	2	1	2	2	2	2	2	2	2
OG0005245	2	2	1	1	2	1	2	2	2	2	2	2	2	2	2	2	2
OG0005246	1	2	6	1	1	1	1	1	1	1	1	2	1	1	1	1	1
OG0005247	5	2	1	2	3	1	1	1	1	2	2	2	2	2	1	1	1
OG0005248	3	4	2	2	2	1	1	1	1	2	2	2	2	2	1	1	1
OG0005249	2	3	2	2	2	1	3	1	1	2	2	2	2	2	2	2	1
OG0005250	2	1	2	2	1	2	2	1	2	2	2	2	2	2	2	2	2
OG0005251	1	2	2	1	1	2	2	2	0	1	2	2	2	2	2	2	2
OG0005252	1	1	2	1	3	1	2	2	2	1	2	2	2	2	2	2	2
OG0005253	2	2	2	2	2	2	1	1	1	2	2	2	2	2	2	1	1
OG0005254	2	5	3	3	3	1	1	1	0	2	3	3	3	3	1	1	1
OG0005255	4	1	2	1	1	1	1	1	2	2	1	1	1	1	1	1	1
OG0005256	1	2	2	1	1	0	1	3	2	1	1	2	1	1	1	1	2
OG0005257	2	1	1	0	2	2	1	2	2	1	1	1	1	2	2	2	2
OG0005258	1	2	1	2	1	1	7	1	1	1	1	1	1	1	1	1	1
OG0005259	1	1	1	2	1	1	4	2	2	1	1	1	1	1	1	2	2
OG0005260	2	3	2	2	2	2	1	1	0	2	2	2	2	2	2	1	1
OG0005261	2	0	2	1	1	2	2	2	2	1	1	1	1	1	2	2	2
OG0005262	1	1	1	0	1	2	2	2	2	1	1	1	1	1	2	2	2
OG0005263	4	1	1	1	1	1	2	2	2	2	1	1	1	1	1	2	2
OG0005264	2	3	2	1	2	2	1	1	1	2	2	2	2	2	2	1	1
OG0005265	2	3	2	1	2	1	2	1	1	2	2	2	2	2	2	2	1
OG0005266	1	4	3	3	2	1	1	1	0	2	3	3	3	2	1	1	1
OG0005267	2	2	1	1	2	1	1	2	2	1	1	1	1	1	1	1	2
OG0005268	2	1	1	1	1	1	2	2	2	1	1	1	1	1	1	2	2
OG0005269	1	2	1	1	1	2	2	2	2	1	1	1	1	1	2	2	2
OG0005270	1	3	2	2	2	2	1	1	1	1	2	2	2	2	2	1	1
OG0005271	1	1	1	1	1	1	2	2	2	1	1	1	1	1	1	2	2
OG0005272	2	2	2	2	2	2	1	1	1	2	2	2	2	2	2	1	1
OG0005273	2	2	1	1	1	2	1	1	2	1	1	1	1	1	1	1	1
OG0005274	2	2	1	2	2	2	2	1	2	2	2	2	2	2	2	2	2
OG0005275	1	1	7	2	1	1	2	1	1	1	1	2	1	1	1	1	1
OG0005276	1	3	2	1	2	1	2	1	2	1	2	2	2	2	2	2	2
OG0005277	1	2	1	2	3	1	2	2	1	1	2	2	2	2	2	2	2
OG0005278	1	2	1	1	1	1	2	2	2	1	1	1	1	1	1	2	2
OG0005279	1	4	1	1	2	1	2	2	0	1	2	2	2	2	2	2	2
OG0005280	2	3	2	1	2	0	2	2	2	2	2	2	2	2	2	2	2
OG0005281	1	1	2	1	1	1	1	3	2	1	1	1	1	1	1	1	2
OG0005282	1	2	1	1	1	2	2	2	2	1	1	1	1	1	2	2	2
OG0005283	1	2	2	2	2	0	3	2	2	1	2	2	2	2	2	2	2
OG0005284	2	2	1	2	1	3	1	1	1	2	2	2	2	2	2	1	1
OG0005285	1	1	1	1	1	2	2	2	2	1	1	1	1	1	2	2	2
OG0005286	2	2	2	1	2	2	2	1	1	2	2	2	2	2	2	2	1
OG0005287	2	1	1	1	2	1	2	2	2	1	1	1	1	2	2	2	2
OG0005288	1	4	1	1	1	1	2	2	2	1	1	1	1	1	1	2	2
OG0005289	2	8	1	1	1	1	1	1	1	1	1	1	1	1	1	1	1
OG0005291	2	3	2	2	2	2	1	1	1	2	2	2	2	2	2	1	1
OG0005292	2	1	1	1	1	2	1	2	2	1	1	1	1	1	1	1	2
OG0005293	1	2	1	1	1	2	1	2	2	1	1	1	1	1	1	1	2
OG0005294	1	2	1	1	4	2	1	1	1	1	2	2	2	2	2	1	1
OG0005295	1	2	2	2	2	2	0	1	2	1	2	2	2	2	2	1	1
OG0005296	1	1	1	0	1	2	2	2	2	1	1	1	1	1	2	2	2
OG0005297	3	1	1	1	1	1	2	2	2	1	1	1	1	1	1	2	2
OG0005298	1	2	2	1	2	1	1	2	2	1	2	2	2	2	2	2	2
OG0005299	1	1	2	0	2	2	2	2	2	1	1	1	1	2	2	2	2
OG0005300	1	9	1	1	1	1	2	1	1	1	1	1	1	1	1	1	1
OG0005301	2	1	1	1	1	1	2	2	2	1	1	1	1	1	1	2	2
OG0005302	1	2	2	1	2	2	2	2	1	1	2	2	2	2	2	2	2
OG0005303	2	3	2	2	2	2	1	1	1	2	2	2	2	2	2	1	1
OG0005304	2	3	2	2	2	2	0	1	1	2	2	2	2	2	2	1	1
OG0005305	1	3	2	1	1	1	1	2	2	1	1	2	1	1	1	1	2
OG0005306	2	3	2	2	2	2	1	1	1	2	2	2	2	2	2	1	1
OG0005307	1	2	2	2	2	2	0	1	2	1	2	2	2	2	2	1	1
OG0005308	2	2	2	1	2	1	2	2	2	2	2	2	2	2	2	2	2
OG0005309	2	1	1	1	2	1	2	2	2	1	1	1	1	2	2	2	2
OG0005310	2	3	2	2	2	1	2	1	2	2	2	2	2	2	2	2	2
OG0005311	2	4	2	1	1	2	1	1	1	1	1	2	1	1	1	1	1
OG0005312	2	2	1	1	1	1	2	2	2	1	1	1	1	1	1	2	2
OG0005313	2	1	1	1	4	1	1	2	2	1	1	1	1	1	1	1	2
OG0005314	1	3	1	1	1	2	1	1	2	1	1	1	1	1	1	1	1
OG0005315	1	2	2	2	2	1	2	2	2	1	2	2	2	2	2	2	2
OG0005316	2	3	2	1	2	2	2	1	1	2	2	2	2	2	2	2	1
OG0005317	1	2	1	2	2	1	2	2	2	1	2	2	2	2	2	2	2
OG0005318	1	3	2	2	2	2	1	1	1	1	2	2	2	2	2	1	1
OG0005319	1	3	3	1	2	2	1	1	0	1	2	3	2	2	2	1	1
OG0005320	1	2	1	0	2	1	1	2	2	1	1	1	1	1	1	1	2
OG0005321	1	2	2	2	2	0	2	2	2	1	2	2	2	2	2	2	2
OG0005322	2	2	1	2	1	1	2	2	2	2	2	2	2	2	2	2	2
OG0005323	2	1	1	1	1	1	2	2	2	1	1	1	1	1	1	2	2
OG0005324	2	2	2	1	2	0	2	2	2	2	2	2	2	2	2	2	2
OG0005325	1	1	2	2	2	1	2	2	2	1	2	2	2	2	2	2	2
OG0005326	2	1	1	2	2	1	1	2	2	2	2	1	2	2	2	2	2
OG0005327	1	3	2	1	2	2	2	1	1	1	2	2	2	2	2	2	1
OG0005328	2	1	1	2	2	2	1	2	2	2	2	1	2	2	2	2	2
OG0005329	2	1	1	0	1	2	2	2	2	1	1	1	1	1	2	2	2
OG0005330	2	1	1	1	1	2	2	1	2	1	1	1	1	1	2	2	2
OG0005331	2	8	1	1	1	1	1	1	1	1	1	1	1	1	1	1	1
OG0005332	2	4	1	1	1	1	1	2	2	1	1	1	1	1	1	1	2
OG0005333	2	1	1	1	1	1	0	3	3	1	1	1	1	1	1	1	3
OG0005334	2	2	2	2	2	2	2	0	2	2	2	2	2	2	2	2	2
OG0005335	1	3	2	2	2	1	2	2	2	1	2	2	2	2	2	2	2
OG0005336	1	1	2	2	2	2	1	2	0	1	2	2	2	2	2	1	1
OG0005337	1	2	1	1	2	2	1	2	1	1	1	1	1	1	1	1	1
OG0005338	2	2	2	1	1	2	2	1	1	2	2	2	2	2	2	2	1
OG0005339	1	1	2	2	2	2	2	1	1	1	2	2	2	2	2	2	1
OG0005340	1	2	1	2	2	2	2	1	2	1	2	2	2	2	2	2	2
OG0005341	2	2	1	1	1	2	1	2	2	2	2	2	2	2	2	2	2
OG0005342	1	11	1	1	1	1	1	1	0	1	1	2	1	1	1	1	1
OG0005343	1	1	1	2	2	2	2	1	2	1	2	1	2	2	2	2	2
OG0005344	1	3	2	2	2	2	1	1	1	1	2	2	2	2	2	1	1
OG0005345	1	3	2	2	2	2	1	1	1	1	2	2	2	2	2	1	1
OG0005346	1	3	2	2	2	2	1	1	1	1	2	2	2	2	2	1	1
OG0005347	1	1	1	0	1	1	2	2	3	1	1	1	1	1	1	2	2
OG0005348	1	2	1	1	1	2	2	2	1	1	1	1	1	1	2	2	2
OG0005349	1	1	1	1	1	4	1	1	0	1	1	1	1	1	1	1	1
OG0005350	1	2	2	0	2	2	2	2	1	1	2	2	2	2	2	2	2
OG0005351	1	1	1	2	1	2	1	2	2	1	2	1	2	2	2	2	2
OG0005352	1	1	1	1	1	4	1	1	1	1	1	1	1	1	1	1	1
OG0005353	3	1	1	1	1	1	2	2	2	1	1	1	1	1	1	2	2
OG0005354	2	2	2	2	2	2	1	1	1	2	2	2	2	2	2	1	1
OG0005355	3	2	1	3	1	1	1	2	2	2	2	2	2	1	1	1	2
OG0005356	1	1	3	1	3	1	2	2	2	1	2	2	2	2	2	2	2
OG0005357	1	1	2	1	2	2	2	2	2	1	2	2	2	2	2	2	2
OG0005358	2	2	1	2	1	2	2	2	1	2	2	2	2	2	2	2	2
OG0005359	1	2	2	2	1	1	2	2	2	1	2	2	2	2	2	2	2
OG0005360	1	10	1	1	1	1	1	1	1	1	1	1	1	1	1	1	1
OG0005361	1	2	2	3	2	2	1	1	1	1	2	2	2	2	2	1	1
OG0005362	1	8	2	1	1	1	1	1	1	1	1	2	1	1	1	1	1
OG0005363	3	2	1	1	1	1	2	2	2	1	1	1	1	1	1	2	2
OG0005364	1	1	3	2	2	2	1	1	1	1	2	2	2	2	2	1	1
OG0005365	1	3	2	3	2	1	2	1	0	1	2	2	2	2	2	2	1
OG0005366	1	1	1	2	2	2	2	2	2	1	2	1	2	2	2	2	2
OG0005367	2	8	1	1	1	1	1	1	1	1	1	1	1	1	1	1	1
OG0005368	1	3	1	1	2	2	1	1	1	1	2	2	2	2	2	1	1
OG0005369	1	3	2	2	2	2	1	1	1	1	2	2	2	2	2	1	1
OG0005370	1	1	1	1	2	2	2	2	2	1	1	1	1	2	2	2	2
OG0005371	2	2	1	2	1	1	2	2	2	2	2	2	2	2	2	2	2
OG0005372	1	1	2	2	2	2	2	2	0	1	2	2	2	2	2	2	2
OG0005373	1	7	2	1	2	1	1	1	1	1	1	2	1	1	1	1	1
OG0005374	1	1	1	1	1	2	1	2	2	1	1	1	1	1	1	1	2
OG0005375	1	4	1	2	1	1	1	1	2	1	1	1	1	1	1	1	1
OG0005376	1	2	3	2	1	2	1	2	0	1	2	2	2	2	2	1	1
OG0005377	1	1	2	1	2	1	2	2	2	1	2	2	2	2	2	2	2
OG0005378	1	1	2	1	1	1	2	2	2	1	1	1	1	1	1	2	2
OG0005379	1	3	2	2	2	2	1	1	1	1	2	2	2	2	2	1	1
OG0005380	1	2	1	1	1	2	2	2	2	1	1	1	1	1	2	2	2
OG0005381	1	1	1	1	2	2	1	2	2	1	1	1	1	2	2	2	2
OG0005382	1	1	1	0	2	2	3	1	2	1	1	1	1	2	2	2	2
OG0005383	1	2	1	1	4	1	2	1	2	1	2	2	2	2	2	2	2
OG0005384	1	4	2	2	1	2	1	1	1	1	2	2	2	2	2	1	1
OG0005385	1	1	1	2	1	1	3	2	2	1	1	1	1	1	1	2	2
OG0005386	2	0	1	0	1	0	0	3	4	1	1	1	1	1	1	1	3
OG0005387	1	0	0	0	4	1	0	3	2	1	1	0	1	1	1	1	2
OG0005464	5	9	5	2	0	0	0	0	0	3	3	5	2	0	0	0	0
OG0005466	1	0	2	0	0	3	4	0	2	1	1	1	1	1	2	2	2
OG0005467	3	1	2	1	1	2	1	1	1	1	1	1	1	1	1	1	1
OG0005468	6	2	2	0	2	1	1	1	1	2	2	2	2	2	1	1	1
OG0005469	2	2	2	2	1	0	2	2	2	2	2	2	2	2	2	2	2
OG0005471	6	1	1	1	0	1	1	2	1	2	1	1	1	1	1	1	1
OG0005472	1	3	2	2	2	1	1	2	1	1	2	2	2	2	1	1	1
OG0005473	1	3	2	2	1	1	2	1	2	1	2	2	2	2	2	2	2
OG0005474	4	1	1	1	1	1	1	2	2	2	1	1	1	1	1	1	2
OG0005475	1	0	3	0	5	1	0	2	2	1	1	1	1	1	1	1	2
OG0005476	1	0	1	1	1	4	1	1	0	1	1	1	1	1	1	1	1
OG0005477	1	2	2	2	3	1	1	1	2	1	2	2	2	2	1	1	1
OG0005478	1	2	2	2	2	1	2	2	0	1	2	2	2	2	2	2	2
OG0005479	3	3	2	0	2	0	2	2	2	2	2	2	2	2	2	2	2
OG0005480	1	1	1	1	1	2	2	1	2	1	1	1	1	1	2	2	2
OG0005481	5	0	0	0	0	3	2	1	0	2	1	0	1	1	1	1	1
OG0005482	1	3	2	2	2	2	1	1	1	1	2	2	2	2	2	1	1
OG0005483	2	2	2	2	2	2	1	1	1	2	2	2	2	2	2	1	1
OG0005484	1	2	1	1	2	1	2	2	1	1	2	2	2	2	2	2	2
OG0005485	2	1	1	1	2	2	1	2	2	1	1	1	1	2	2	2	2
OG0005486	2	1	1	1	1	1	2	2	2	1	1	1	1	1	1	2	2
OG0005487	2	2	2	2	2	2	1	1	1	2	2	2	2	2	2	1	1
OG0005488	1	1	1	2	1	2	2	2	2	1	2	1	2	2	2	2	2
OG0005489	1	1	3	2	2	0	2	2	2	1	2	2	2	2	2	2	2
OG0005490	1	2	1	1	1	2	1	2	0	1	1	1	1	1	1	1	1
OG0005491	3	4	1	2	2	1	1	1	1	2	2	2	2	2	1	1	1
OG0005492	1	1	4	8	0	0	2	1	1	1	2	2	2	1	1	1	1
OG0005493	3	4	3	1	1	1	1	1	1	2	2	3	1	1	1	1	1
OG0005494	1	1	2	1	1	1	2	2	2	1	1	1	1	1	1	2	2
OG0005495	9	1	1	1	1	1	0	1	1	2	1	1	1	1	1	1	1
OG0005496	5	3	2	1	1	1	1	1	1	2	2	2	1	1	1	1	1
OG0005497	3	3	1	2	1	1	1	1	2	2	2	2	2	1	1	1	1
OG0005498	2	3	2	2	1	2	0	1	1	2	2	2	2	2	2	1	1
OG0005499	1	2	2	2	2	2	2	1	2	1	2	2	2	2	2	2	2
OG0005500	1	1	1	1	2	2	2	1	1	1	1	1	1	2	2	2	1
OG0005501	1	2	2	2	2	0	2	2	2	1	2	2	2	2	2	2	2
OG0005502	2	1	2	2	2	0	2	2	2	2	2	2	2	2	2	2	2
OG0005503	5	1	1	1	1	2	1	1	2	2	1	1	1	1	1	1	1
OG0005504	1	5	2	2	2	1	1	1	1	1	2	2	2	2	1	1	1
OG0005505	1	0	1	0	2	3	1	2	1	1	1	1	1	2	2	2	2
OG0005506	1	3	2	1	2	2	1	1	1	1	2	2	2	2	2	1	1
OG0005507	1	1	7	2	1	1	1	1	1	1	1	2	1	1	1	1	1
OG0005508	8	2	1	2	1	0	1	1	1	3	2	2	2	1	1	1	1
OG0005509	4	2	2	2	2	1	1	1	1	2	2	2	2	2	1	1	1
OG0005510	1	2	1	1	2	1	2	1	2	1	2	2	2	2	2	2	2
OG0005511	2	2	2	2	2	0	2	2	1	2	2	2	2	2	2	2	2
OG0005512	8	1	1	2	1	1	0	1	1	2	1	1	1	1	1	1	1
OG0005513	1	2	2	1	2	1	0	2	2	1	1	2	1	1	1	1	2
OG0005514	3	1	2	1	1	1	2	2	2	1	1	1	1	1	1	2	2
OG0005515	1	2	1	1	2	2	2	1	2	1	2	2	2	2	2	2	2
OG0005516	1	0	1	1	1	2	1	2	2	1	1	1	1	1	1	1	2
OG0005517	2	1	1	1	2	1	1	2	2	1	1	1	1	1	1	1	2
OG0005518	2	2	2	1	2	2	1	1	1	2	2	2	2	2	2	1	1
OG0005519	3	3	4	3	2	0	1	1	1	3	3	3	3	2	1	1	1
OG0005520	1	1	1	1	1	1	2	2	2	1	1	1	1	1	1	2	2
OG0005521	2	1	2	3	1	2	1	1	1	2	2	2	2	2	2	1	1
OG0005522	1	8	1	1	1	1	1	1	1	1	1	1	1	1	1	1	1
OG0005523	1	1	2	0	1	1	1	3	2	1	1	1	1	1	1	1	2
OG0005524	2	2	2	1	1	2	2	2	0	2	2	2	2	2	2	2	2
OG0005525	1	2	1	0	2	1	2	2	2	1	1	1	1	2	2	2	2
OG0005526	8	1	2	0	1	1	1	1	1	2	1	1	1	1	1	1	1
OG0005527	1	4	2	2	1	2	2	0	1	1	2	2	2	2	2	2	1
OG0005528	2	2	2	2	2	2	1	1	1	2	2	2	2	2	2	1	1
OG0005529	2	1	2	1	1	2	1	2	2	2	2	2	2	2	2	2	2
OG0005530	2	2	2	2	2	2	1	1	1	2	2	2	2	2	2	1	1
OG0005531	3	1	1	1	1	1	1	2	2	1	1	1	1	1	1	1	2
OG0005532	1	2	2	3	2	2	1	1	0	1	2	2	2	2	2	1	1
OG0005533	2	1	1	1	1	2	2	1	2	1	1	1	1	1	2	2	2
OG0005534	1	1	1	1	1	1	4	2	2	1	1	1	1	1	1	2	2
OG0005535	3	2	1	1	2	2	1	1	1	2	2	2	2	2	2	1	1
OG0005536	2	1	2	1	1	1	1	2	2	1	1	1	1	1	1	1	2
OG0005537	2	1	1	1	1	2	2	1	2	1	1	1	1	1	2	2	2
OG0005538	1	2	5	3	3	1	1	1	0	1	2	3	2	2	1	1	1
OG0005539	2	3	2	1	2	2	1	1	1	2	2	2	2	2	2	1	1
OG0005540	3	3	2	1	3	1	1	1	1	2	2	2	2	2	1	1	1
OG0005541	1	2	2	1	2	1	0	2	2	1	1	2	1	1	1	1	2
OG0005542	2	1	3	1	2	2	1	1	2	2	2	2	2	2	2	2	2
OG0005543	3	1	4	1	1	1	1	2	2	1	1	1	1	1	1	1	2
OG0005544	1	1	1	1	1	1	1	1	4	1	1	1	1	1	1	1	1
OG0005545	1	7	2	1	1	1	1	1	1	1	1	2	1	1	1	1	1
OG0005546	1	1	1	0	1	1	2	2	2	1	1	1	1	1	1	2	2
OG0005547	1	8	1	1	1	1	1	1	1	1	1	1	1	1	1	1	1
OG0005548	1	1	3	1	1	1	0	2	2	1	1	1	1	1	1	1	2
OG0005549	2	3	2	2	2	1	2	1	1	2	2	2	2	2	2	2	1
OG0005550	2	2	2	3	2	2	1	1	0	2	2	2	2	2	2	1	1
OG0005551	1	3	1	6	1	1	1	1	1	1	2	2	2	1	1	1	1
OG0005552	2	2	1	2	2	2	1	1	1	2	2	2	2	2	2	1	1
OG0005553	1	1	1	1	1	1	2	2	2	1	1	1	1	1	1	2	2
OG0005554	1	1	1	1	2	2	3	1	1	1	1	1	1	2	2	2	1
OG0005555	1	2	2	0	4	1	2	1	1	1	1	2	1	1	1	1	1
OG0005556	1	1	3	1	2	2	1	1	0	1	2	2	2	2	2	1	1
OG0005557	2	2	2	2	2	2	1	1	0	2	2	2	2	2	2	1	1
OG0005558	1	2	1	1	1	1	2	2	2	1	1	1	1	1	1	2	2
OG0005559	1	2	2	1	2	2	2	1	1	1	2	2	2	2	2	2	1
OG0005560	2	1	1	1	2	2	1	1	1	1	1	1	1	1	1	1	1
OG0005561	1	3	1	1	1	1	2	1	2	1	1	1	1	1	1	2	2
OG0005563	1	2	2	2	1	2	2	1	2	1	2	2	2	2	2	2	2
OG0005564	1	6	3	1	1	1	1	1	1	1	1	3	1	1	1	1	1
OG0005565	2	1	2	1	1	1	2	2	2	1	1	1	1	1	1	2	2
OG0005566	2	1	1	1	1	3	1	1	1	1	1	1	1	1	1	1	1
OG0005567	3	4	2	2	2	1	1	1	1	2	2	2	2	2	1	1	1
OG0005568	3	2	2	2	2	1	1	1	1	2	2	2	2	2	1	1	1
OG0005569	3	1	1	1	1	1	2	2	2	1	1	1	1	1	1	2	2
OG0005570	2	2	1	1	2	1	2	2	2	2	2	2	2	2	2	2	2
OG0005571	2	0	1	1	2	2	1	2	1	1	1	1	1	1	1	1	1
OG0005572	1	1	1	1	2	1	2	2	2	1	1	1	1	2	2	2	2
OG0005573	1	1	1	1	2	1	2	2	2	1	1	1	1	2	2	2	2
OG0005574	6	1	4	1	1	1	1	1	1	2	1	1	1	1	1	1	1
OG0005575	1	1	2	2	2	1	2	1	2	1	2	2	2	2	2	2	2
OG0005576	2	1	1	1	2	1	2	2	2	1	1	1	1	2	2	2	2
OG0005577	1	1	1	1	1	1	1	2	2	1	1	1	1	1	1	1	2
OG0005578	2	2	2	2	2	0	2	2	0	2	2	2	2	2	2	2	2
OG0005579	4	2	2	2	2	1	1	1	1	2	2	2	2	2	1	1	1
OG0005580	4	2	2	2	2	1	1	1	1	2	2	2	2	2	1	1	1
OG0005581	1	2	2	1	2	1	2	2	1	1	2	2	2	2	2	2	2
OG0005582	3	3	2	2	2	2	0	0	1	2	2	2	2	2	2	1	1
OG0005583	2	1	1	1	2	1	2	2	2	1	1	1	1	2	2	2	2
OG0005584	1	1	1	1	1	2	1	2	2	1	1	1	1	1	1	1	2
OG0005585	2	1	3	2	3	1	1	1	1	2	2	2	2	2	1	1	1
OG0005586	2	2	2	1	2	2	1	1	1	2	2	2	2	2	2	1	1
OG0005587	1	2	1	2	2	1	2	2	2	1	2	2	2	2	2	2	2
OG0005588	1	0	1	0	1	2	2	2	2	1	1	1	1	1	2	2	2
OG0005589	1	3	1	1	1	2	2	1	2	1	1	1	1	1	2	2	2
OG0005590	2	0	0	0	0	3	1	2	2	1	1	0	1	1	2	2	2
OG0005591	1	1	1	1	1	2	2	2	2	1	1	1	1	1	2	2	2
OG0005592	1	5	2	2	2	1	1	1	1	1	2	2	2	2	1	1	1
OG0005593	3	2	2	3	2	1	1	1	1	2	2	2	2	2	1	1	1
OG0005594	2	1	1	1	1	1	1	2	2	1	1	1	1	1	1	1	2
OG0005595	4	2	2	2	2	0	1	2	2	2	2	2	2	2	2	2	2
OG0005596	1	1	1	2	2	1	2	2	2	1	2	1	2	2	2	2	2
OG0005597	2	1	2	1	1	1	1	1	3	1	1	1	1	1	1	1	1
OG0005598	1	1	1	2	2	1	2	2	2	1	2	1	2	2	2	2	2
OG0005599	3	4	1	1	1	1	1	1	2	1	1	1	1	1	1	1	1
OG0005600	2	3	2	1	2	2	1	1	1	2	2	2	2	2	2	1	1
OG0005601	3	2	1	0	3	1	0	2	2	1	1	1	1	1	1	1	2
OG0005602	4	2	2	2	1	1	2	1	0	2	2	2	2	1	1	1	1
OG0005603	1	2	1	1	1	1	2	2	2	1	1	1	1	1	1	2	2
OG0005604	1	8	1	1	1	1	1	1	1	1	1	1	1	1	1	1	1
OG0005605	1	1	2	2	1	2	1	2	1	1	1	1	1	1	1	1	1
OG0005606	3	4	2	2	2	1	1	1	0	2	2	2	2	2	1	1	1
OG0005607	1	2	2	2	2	0	2	2	2	1	2	2	2	2	2	2	2
OG0005608	1	1	2	1	3	1	2	1	2	1	2	2	2	2	2	2	2
OG0005609	2	2	1	3	2	2	1	1	0	2	2	2	2	2	2	1	1
OG0005610	1	2	2	1	2	1	2	1	2	1	2	2	2	2	2	2	2
OG0005611	1	1	1	1	1	1	3	2	2	1	1	1	1	1	1	2	2
OG0005612	1	5	1	1	1	1	1	1	2	1	1	1	1	1	1	1	1
OG0005613	6	3	1	1	1	1	1	1	1	2	1	1	1	1	1	1	1
OG0005614	3	2	1	1	1	2	0	2	1	1	1	1	1	1	1	1	1
OG0005615	2	3	3	3	2	1	1	1	0	2	3	3	3	2	1	1	1
OG0005616	2	2	2	2	2	1	1	1	1	2	2	2	2	2	1	1	1
OG0005617	1	1	1	1	1	1	2	2	2	1	1	1	1	1	1	2	2
OG0005618	3	1	2	0	1	2	1	1	2	1	1	1	1	1	1	1	1
OG0005619	1	2	3	3	2	1	1	1	1	1	2	2	2	2	1	1	1
OG0005620	1	2	1	1	1	1	1	1	4	1	1	1	1	1	1	1	1
OG0005621	1	3	2	2	2	2	1	1	1	1	2	2	2	2	2	1	1
OG0005622	1	1	1	1	1	2	1	2	2	1	1	1	1	1	1	1	2
OG0005623	1	3	2	1	2	2	1	1	1	1	2	2	2	2	2	1	1
OG0005624	1	2	1	1	2	1	3	2	2	1	2	2	2	2	2	2	2
OG0005625	1	1	1	0	1	2	2	2	2	1	1	1	1	1	2	2	2
OG0005626	1	2	1	0	1	1	2	2	2	1	1	1	1	1	1	2	2
OG0005627	1	1	2	1	1	1	2	2	2	1	1	1	1	1	1	2	2
OG0005628	1	7	1	2	1	1	1	1	1	1	1	2	1	1	1	1	1
OG0005629	1	1	1	1	2	2	2	1	2	1	1	1	1	2	2	2	2
OG0005630	1	1	2	1	1	1	1	2	2	1	1	1	1	1	1	1	2
OG0005631	1	2	2	3	1	2	1	1	1	1	2	2	2	2	2	1	1
OG0005632	1	1	2	0	1	2	2	2	2	1	1	1	1	1	2	2	2
OG0005633	1	1	3	2	2	2	1	1	1	1	2	2	2	2	2	1	1
OG0005634	3	5	1	1	1	1	1	1	1	1	1	1	1	1	1	1	1
OG0005635	1	1	1	0	2	1	1	2	2	1	1	1	1	1	1	1	2
OG0005636	2	5	1	1	3	1	1	1	1	1	1	2	1	1	1	1	1
OG0005637	2	2	1	2	2	2	2	1	1	2	2	2	2	2	2	2	1
OG0005638	2	3	1	2	0	1	1	2	2	2	2	2	2	1	1	1	2
OG0005639	1	2	1	1	1	2	2	2	1	1	1	1	1	1	2	2	2
OG0005640	3	1	1	1	1	1	2	2	2	1	1	1	1	1	1	2	2
OG0005641	1	1	1	1	1	2	2	2	2	1	1	1	1	1	2	2	2
OG0005642	2	2	1	1	1	1	2	2	2	1	1	1	1	1	1	2	2
OG0005643	1	1	1	2	1	2	1	1	2	1	1	1	1	1	1	1	1
OG0005644	1	1	1	1	2	2	2	2	1	1	1	1	1	2	2	2	2
OG0005645	1	2	2	1	2	1	2	1	2	1	2	2	2	2	2	2	2
OG0005646	1	2	2	1	1	1	1	2	2	1	1	2	1	1	1	1	2
OG0005647	1	7	2	1	1	1	1	1	0	1	1	2	1	1	1	1	1
OG0005648	3	2	2	1	2	0	2	2	2	2	2	2	2	2	2	2	2
OG0005649	1	1	2	1	1	1	2	2	2	1	1	1	1	1	1	2	2
OG0005650	1	1	2	1	2	2	0	2	2	1	2	2	2	2	2	2	2
OG0005651	1	1	1	1	1	2	2	2	2	1	1	1	1	1	2	2	2
OG0005652	2	3	2	1	2	2	1	1	1	2	2	2	2	2	2	1	1
OG0005653	1	2	1	1	2	2	2	2	1	1	2	2	2	2	2	2	2
OG0005654	1	2	2	2	2	2	1	1	1	1	2	2	2	2	2	1	1
OG0005655	1	1	1	2	2	2	0	2	1	1	2	1	2	2	2	1	1
OG0005656	1	1	1	1	2	1	2	2	2	1	1	1	1	2	2	2	2
OG0005657	1	1	1	1	2	2	1	2	2	1	1	1	1	2	2	2	2
OG0005658	1	1	1	2	2	1	2	2	2	1	2	1	2	2	2	2	2
OG0005659	1	2	1	3	2	2	2	1	1	1	2	2	2	2	2	2	1
OG0005660	1	1	1	2	1	2	2	2	2	1	2	1	2	2	2	2	2
OG0005661	1	2	1	1	1	3	1	1	1	1	1	1	1	1	1	1	1
OG0005662	2	2	2	1	2	2	1	1	1	2	2	2	2	2	2	1	1
OG0005663	1	2	2	3	2	1	2	1	1	1	2	2	2	2	2	2	1
OG0005664	1	2	2	2	2	1	1	1	2	1	2	2	2	2	1	1	1
OG0005665	1	10	1	1	1	1	1	0	1	1	1	1	1	1	1	1	1
OG0005666	1	2	2	2	1	2	1	1	2	1	2	2	2	2	2	2	2
OG0005667	1	3	1	2	2	1	3	1	1	1	2	2	2	2	2	2	1
OG0005668	1	1	1	2	1	2	1	2	2	1	2	1	2	2	2	2	2
OG0005669	2	2	1	1	2	1	2	2	2	2	2	2	2	2	2	2	2
OG0005670	1	7	1	1	1	2	1	1	0	1	1	1	1	1	1	1	1
OG0005671	1	1	1	1	2	2	1	1	2	1	1	1	1	1	1	1	1
OG0005672	1	1	1	3	1	2	1	2	1	1	1	1	1	1	1	1	1
OG0005673	1	1	2	1	1	2	2	2	2	1	1	1	1	1	2	2	2
OG0005674	1	2	2	2	2	2	1	1	1	1	2	2	2	2	2	1	1
OG0005675	1	1	1	7	1	1	1	1	1	1	1	1	1	1	1	1	1
OG0005676	1	1	1	1	1	2	2	1	2	1	1	1	1	1	2	2	2
OG0005677	1	2	2	2	2	2	1	1	1	1	2	2	2	2	2	1	1
OG0005678	1	1	1	0	1	2	2	2	2	1	1	1	1	1	2	2	2
OG0005679	1	1	2	2	2	2	0	2	2	1	2	2	2	2	2	2	2
OG0005680	1	1	1	1	2	2	2	1	2	1	1	1	1	2	2	2	2
OG0005681	1	2	2	1	1	2	2	2	0	1	2	2	2	2	2	2	2
OG0005682	1	1	2	2	2	1	1	2	2	1	2	2	2	2	2	2	2
OG0005683	1	1	1	2	2	2	2	1	1	1	2	1	2	2	2	2	1
OG0005684	1	1	1	0	1	2	2	2	2	1	1	1	1	1	2	2	2
OG0005685	1	2	1	1	1	1	2	2	2	1	1	1	1	1	1	2	2
OG0005686	1	8	1	1	1	1	1	1	1	1	1	1	1	1	1	1	1
OG0005687	1	2	2	2	1	1	1	0	4	1	2	2	2	1	1	1	1
OG0005688	1	1	1	1	1	1	2	2	2	1	1	1	1	1	1	2	2
OG0005689	1	2	2	1	2	2	1	1	1	1	2	2	2	2	2	1	1
OG0005690	1	3	2	1	1	2	1	1	2	1	1	2	1	1	1	1	1
OG0005691	1	1	1	1	1	1	2	2	2	1	1	1	1	1	1	2	2
OG0005692	1	0	1	0	3	2	0	3	1	1	1	1	1	2	2	2	2
OG0005773	2	0	2	0	4	1	0	1	2	1	1	1	1	1	1	1	1
OG0005774	1	3	2	2	2	1	1	1	1	1	2	2	2	2	1	1	1
OG0005775	2	2	2	2	1	1	2	2	1	2	2	2	2	2	2	2	2
OG0005776	1	2	1	1	1	1	1	2	2	1	1	1	1	1	1	1	2
OG0005777	1	1	2	1	2	2	1	2	1	1	1	1	1	1	1	1	1
OG0005778	3	2	1	1	1	1	2	1	2	1	1	1	1	1	1	2	2
OG0005779	7	2	1	0	1	1	1	1	1	2	1	1	1	1	1	1	1
OG0005780	1	6	1	0	1	1	0	2	2	1	1	1	1	1	1	1	2
OG0005781	1	16	2	0	0	0	0	0	0	1	1	3	0	0	0	0	0
OG0005782	1	0	2	0	1	3	0	1	2	1	1	1	1	1	1	1	1
OG0005783	1	0	0	0	2	0	3	2	3	1	1	0	1	2	2	3	3
OG0005784	1	1	1	1	1	1	2	2	2	1	1	1	1	1	1	2	2
OG0005785	2	1	2	5	1	1	1	1	1	2	2	2	2	1	1	1	1
OG0005786	1	6	1	0	1	2	1	1	1	1	1	1	1	1	1	1	1
OG0005787	3	2	1	1	1	2	1	1	1	1	1	1	1	1	1	1	1
OG0005788	1	2	2	0	2	1	1	2	2	1	1	2	1	1	1	1	2
OG0005789	1	1	1	1	1	1	2	2	2	1	1	1	1	1	1	2	2
OG0005790	1	0	1	0	6	1	0	2	1	1	1	1	1	1	1	1	1
OG0005791	1	0	1	0	3	2	1	2	1	1	1	1	1	2	2	2	2
OG0005792	1	2	2	2	2	2	1	1	1	1	2	2	2	2	2	1	1
OG0005793	6	1	2	1	1	1	1	1	1	2	1	1	1	1	1	1	1
OG0005794	1	3	2	2	2	1	2	1	0	1	2	2	2	2	2	2	1
OG0005795	2	3	3	1	2	1	1	1	1	2	2	3	2	2	1	1	1
OG0005796	1	5	2	2	2	1	1	1	1	1	2	2	2	2	1	1	1
OG0005797	2	1	5	1	1	2	1	1	0	1	1	1	1	1	1	1	1
OG0005798	3	3	2	2	2	2	1	1	0	2	2	2	2	2	2	1	1
OG0005799	1	1	1	1	2	2	2	2	0	1	1	1	1	2	2	2	2
OG0005800	1	2	1	2	2	2	1	1	1	1	2	2	2	2	2	1	1
OG0005801	1	2	1	1	1	1	2	2	2	1	1	1	1	1	1	2	2
OG0005802	1	2	2	3	1	1	2	1	1	1	2	2	2	1	1	1	1
OG0005803	2	5	2	1	2	1	1	1	0	1	1	2	1	1	1	1	1
OG0005804	1	1	1	1	1	2	2	2	1	1	1	1	1	1	2	2	2
OG0005805	2	3	2	1	1	2	1	1	1	1	1	2	1	1	1	1	1
OG0005806	1	1	1	1	1	1	2	2	2	1	1	1	1	1	1	2	2
OG0005807	2	1	2	2	1	1	1	2	2	2	2	2	2	1	1	1	2
OG0005808	3	2	3	1	1	1	1	1	1	1	1	2	1	1	1	1	1
OG0005809	2	4	1	1	1	1	1	2	1	1	1	1	1	1	1	1	1
OG0005810	7	1	1	1	1	1	1	1	1	2	1	1	1	1	1	1	1
OG0005811	2	2	1	1	1	2	1	1	2	1	1	1	1	1	1	1	1
OG0005812	1	7	1	1	1	1	1	1	1	1	1	1	1	1	1	1	1
OG0005813	2	1	4	4	0	1	1	1	1	2	2	2	2	1	1	1	1
OG0005814	4	3	2	1	1	1	1	1	1	2	2	2	1	1	1	1	1
OG0005815	1	1	2	2	1	1	2	2	2	1	1	1	1	1	1	2	2
OG0005816	6	1	1	1	1	1	1	1	1	2	1	1	1	1	1	1	1
OG0005817	2	1	1	1	2	1	2	2	2	1	1	1	1	2	2	2	2
OG0005818	1	1	1	1	2	2	2	1	2	1	1	1	1	2	2	2	2
OG0005819	2	2	2	1	2	1	2	1	1	2	2	2	2	2	2	2	1
OG0005820	2	1	1	1	1	1	3	2	2	1	1	1	1	1	1	2	2
OG0005821	2	3	2	2	2	1	1	1	1	2	2	2	2	2	1	1	1
OG0005822	1	1	1	1	1	1	2	2	2	1	1	1	1	1	1	2	2
OG0005823	1	2	2	2	1	1	2	1	2	1	2	2	2	2	2	2	2
OG0005824	3	3	2	0	1	2	1	1	1	1	1	2	1	1	1	1	1
OG0005825	1	2	2	2	2	0	1	2	2	1	2	2	2	2	2	2	2
OG0005826	1	6	1	1	1	1	1	1	1	1	1	1	1	1	1	1	1
OG0005827	1	4	2	2	2	1	1	1	1	1	2	2	2	2	1	1	1
OG0005828	1	2	2	2	2	0	2	2	2	1	2	2	2	2	2	2	2
OG0005829	2	1	2	2	2	2	0	1	1	2	2	2	2	2	2	1	1
OG0005830	1	1	1	1	1	2	2	1	2	1	1	1	1	1	2	2	2
OG0005831	2	3	2	3	1	1	1	1	1	2	2	2	2	1	1	1	1
OG0005832	2	2	1	1	2	2	1	1	1	2	2	2	2	2	2	1	1
OG0005833	5	1	1	3	1	1	1	1	1	2	1	1	1	1	1	1	1
OG0005834	1	1	1	1	1	1	2	2	2	1	1	1	1	1	1	2	2
OG0005835	2	2	2	1	2	0	1	2	2	2	2	2	2	2	2	2	2
OG0005836	1	2	2	2	3	1	2	0	2	1	2	2	2	2	2	2	2
OG0005837	2	1	1	1	2	0	2	2	2	1	1	1	1	1	1	2	2
OG0005838	1	1	1	1	1	2	2	2	1	1	1	1	1	1	2	2	2
OG0005839	1	2	1	1	1	1	1	2	2	1	1	1	1	1	1	1	2
OG0005840	3	1	3	1	1	2	1	1	1	1	1	1	1	1	1	1	1
OG0005841	6	2	1	1	1	1	1	1	1	2	1	1	1	1	1	1	1
OG0005842	6	2	1	1	1	1	1	1	1	2	1	1	1	1	1	1	1
OG0005843	2	3	2	3	1	1	1	1	1	2	2	2	2	1	1	1	1
OG0005844	1	2	2	1	3	1	1	1	2	1	1	2	1	1	1	1	1
OG0005845	1	1	1	1	2	3	1	1	1	1	1	1	1	2	2	1	1
OG0005846	2	5	1	1	1	2	1	1	0	1	1	1	1	1	1	1	1
OG0005847	2	2	1	1	1	1	0	2	2	1	1	1	1	1	1	1	2
OG0005848	4	4	2	1	1	1	1	1	1	2	2	2	1	1	1	1	1
OG0005849	3	6	1	1	1	1	1	1	0	1	1	1	1	1	1	1	1
OG0005850	3	3	2	2	1	1	1	1	1	2	2	2	2	1	1	1	1
OG0005851	1	3	2	2	1	2	1	1	1	1	2	2	2	2	2	1	1
OG0005852	1	1	1	1	1	1	1	2	2	1	1	1	1	1	1	1	2
OG0005853	2	1	1	0	2	2	1	1	2	1	1	1	1	1	1	1	1
OG0005854	4	1	2	1	1	2	1	1	0	2	1	1	1	1	1	1	1
OG0005855	4	2	1	0	1	2	1	1	2	2	1	1	1	1	1	1	1
OG0005856	1	1	2	2	2	1	1	1	2	1	2	2	2	2	1	1	1
OG0005857	1	1	1	1	1	1	1	2	2	1	1	1	1	1	1	1	2
OG0005858	2	2	1	2	1	1	1	1	2	2	2	2	2	1	1	1	1
OG0005859	5	2	1	1	1	1	2	1	1	2	1	1	1	1	1	1	1
OG0005860	1	2	2	2	2	2	1	1	0	1	2	2	2	2	2	1	1
OG0005861	2	1	1	1	3	1	1	2	2	1	1	1	1	1	1	1	2
OG0005862	1	2	1	1	4	2	1	1	1	1	2	2	2	2	2	1	1
OG0005863	2	3	2	2	2	1	1	1	1	2	2	2	2	2	1	1	1
OG0005865	2	3	2	1	2	1	1	1	1	1	1	2	1	1	1	1	1
OG0005866	2	2	1	1	1	1	2	2	1	1	1	1	1	1	1	2	2
OG0005867	1	7	1	1	1	1	1	1	1	1	1	1	1	1	1	1	1
OG0005868	1	2	1	1	2	1	2	2	1	1	2	2	2	2	2	2	2
OG0005869	1	2	1	1	1	2	2	2	1	1	1	1	1	1	2	2	2
OG0005870	1	2	1	1	1	1	2	2	2	1	1	1	1	1	1	2	2
OG0005871	2	2	2	0	2	2	1	1	1	2	2	2	2	2	2	1	1
OG0005872	1	3	2	2	2	2	1	1	0	1	2	2	2	2	2	1	1
OG0005873	2	2	1	1	2	2	1	1	1	2	2	2	2	2	2	1	1
OG0005874	1	2	1	0	1	2	1	2	2	1	1	1	1	1	1	1	2
OG0005875	1	4	1	1	1	2	1	1	1	1	1	1	1	1	1	1	1
OG0005876	2	1	2	2	1	2	1	1	1	2	2	2	2	2	2	1	1
OG0005877	1	3	1	1	1	2	1	1	1	1	1	1	1	1	1	1	1
OG0005878	4	3	2	1	1	1	1	1	1	2	2	2	1	1	1	1	1
OG0005879	1	2	2	2	2	2	1	1	1	1	2	2	2	2	2	1	1
OG0005880	1	2	1	1	2	2	2	1	1	1	2	2	2	2	2	2	1
OG0005881	1	1	1	1	1	1	2	2	2	1	1	1	1	1	1	2	2
OG0005882	2	1	2	2	2	2	1	1	1	2	2	2	2	2	2	1	1
OG0005883	1	2	2	1	1	2	2	1	1	1	1	2	1	1	1	1	1
OG0005884	1	3	2	2	2	2	1	1	1	1	2	2	2	2	2	1	1
OG0005885	2	1	2	7	0	2	0	0	1	2	2	2	2	1	1	1	1
OG0005886	2	1	1	1	1	1	2	2	2	1	1	1	1	1	1	2	2
OG0005887	2	3	1	2	1	2	1	1	1	2	2	2	2	2	2	1	1
OG0005888	1	1	1	0	1	2	2	2	2	1	1	1	1	1	2	2	2
OG0005889	2	3	2	1	2	1	1	1	1	1	1	2	1	1	1	1	1
OG0005890	1	2	2	1	2	1	2	1	1	1	1	2	1	1	1	1	1
OG0005891	2	4	1	1	2	2	1	1	0	2	2	2	2	2	2	1	1
OG0005892	2	1	2	1	1	1	2	2	2	1	1	1	1	1	1	2	2
OG0005893	4	3	1	3	1	1	0	1	1	2	2	2	2	1	1	1	1
OG0005894	1	5	2	2	1	1	1	1	1	1	2	2	2	1	1	1	1
OG0005895	2	1	2	2	2	2	1	1	1	2	2	2	2	2	2	1	1
OG0005896	2	2	2	1	1	1	1	1	2	1	1	2	1	1	1	1	1
OG0005897	3	4	2	1	1	1	1	1	1	1	1	2	1	1	1	1	1
OG0005898	1	1	1	2	4	2	1	1	1	1	2	1	2	2	2	1	1
OG0005899	1	1	1	2	2	1	2	2	1	1	2	1	2	2	2	2	2
OG0005900	2	2	1	1	2	2	1	1	1	2	2	2	2	2	2	1	1
OG0005901	1	1	1	1	1	1	2	2	2	1	1	1	1	1	1	2	2
OG0005902	1	2	3	2	3	1	1	1	1	1	2	2	2	2	1	1	1
OG0005903	4	2	2	0	2	2	1	1	0	2	2	2	2	2	2	1	1
OG0005904	3	1	1	1	1	1	1	2	2	1	1	1	1	1	1	1	2
OG0005905	1	1	1	2	1	2	1	2	1	1	1	1	1	1	1	1	1
OG0005906	1	1	1	1	1	3	1	1	1	1	1	1	1	1	1	1	1
OG0005907	2	2	1	1	1	1	1	2	2	1	1	1	1	1	1	1	2
OG0005908	5	1	1	2	1	2	1	0	1	2	1	1	1	1	1	1	1
OG0005909	1	1	1	1	1	2	1	2	2	1	1	1	1	1	1	1	2
OG0005910	1	0	1	2	1	1	3	1	2	1	1	1	1	1	1	2	2
OG0005911	2	2	2	1	1	1	2	2	0	1	1	2	1	1	1	2	2
OG0005912	2	1	2	1	0	1	1	2	2	1	1	1	1	1	1	1	2
OG0005913	1	3	2	0	2	1	2	1	2	1	2	2	2	2	2	2	2
OG0005914	2	2	1	1	2	1	2	1	2	2	2	2	2	2	2	2	2
OG0005915	2	1	1	1	1	2	1	1	2	1	1	1	1	1	1	1	1
OG0005916	1	2	1	1	1	1	2	2	2	1	1	1	1	1	1	2	2
OG0005917	1	1	1	2	2	1	2	2	2	1	2	1	2	2	2	2	2
OG0005918	1	2	1	0	1	1	2	2	2	1	1	1	1	1	1	2	2
OG0005919	1	1	1	1	1	1	1	2	2	1	1	1	1	1	1	1	2
OG0005920	1	6	2	1	1	1	1	1	1	1	1	2	1	1	1	1	1
OG0005921	2	1	1	1	1	1	3	1	2	1	1	1	1	1	1	2	2
OG0005922	1	1	1	1	1	1	3	1	4	1	1	1	1	1	1	3	3
OG0005923	2	1	1	1	1	1	1	2	2	1	1	1	1	1	1	1	2
OG0005924	2	2	2	1	2	2	1	1	1	2	2	2	2	2	2	1	1
OG0005925	2	2	1	2	2	2	1	1	1	2	2	2	2	2	2	1	1
OG0005926	3	3	2	2	2	1	1	1	1	2	2	2	2	2	1	1	1
OG0005927	3	2	1	3	2	1	1	1	1	2	2	2	2	2	1	1	1
OG0005928	1	2	1	1	1	2	2	1	2	1	1	1	1	1	2	2	2
OG0005929	1	5	3	0	1	1	1	1	1	1	1	3	1	1	1	1	1
OG0005930	1	2	2	1	2	2	1	1	1	1	2	2	2	2	2	1	1
OG0005931	2	2	3	2	2	1	1	1	1	2	2	2	2	2	1	1	1
OG0005932	1	2	1	1	3	2	1	1	1	1	2	2	2	2	2	1	1
OG0005933	1	2	1	1	2	2	1	1	1	1	1	1	1	1	1	1	1
OG0005934	2	2	2	1	1	2	1	1	1	1	1	2	1	1	1	1	1
OG0005935	3	5	1	1	2	1	1	1	1	1	1	2	1	1	1	1	1
OG0005936	2	2	1	1	1	1	2	1	2	1	1	1	1	1	1	2	2
OG0005937	1	5	1	1	1	1	1	2	1	1	1	1	1	1	1	1	1
OG0005938	1	1	2	1	2	1	2	2	2	1	2	2	2	2	2	2	2
OG0005939	4	1	1	0	1	2	0	1	2	2	1	1	1	1	1	1	1
OG0005940	2	5	2	1	1	1	1	1	1	1	1	2	1	1	1	1	1
OG0005941	1	1	1	1	1	1	2	2	2	1	1	1	1	1	1	2	2
OG0005942	2	2	1	1	2	2	1	1	1	2	2	2	2	2	2	1	1
OG0005943	1	2	1	1	2	1	2	1	2	1	2	2	2	2	2	2	2
OG0005944	1	2	2	1	1	2	2	1	1	1	1	2	1	1	1	1	1
OG0005945	1	1	1	2	1	1	2	2	2	1	1	1	1	1	1	2	2
OG0005946	1	6	1	1	1	1	1	1	1	1	1	1	1	1	1	1	1
OG0005947	1	7	1	1	1	1	1	1	1	1	1	1	1	1	1	1	1
OG0005948	1	7	1	1	2	1	1	1	1	1	1	1	1	1	1	1	1
OG0005949	1	1	1	1	1	2	0	2	2	1	1	1	1	1	1	1	2
OG0005950	1	1	1	1	1	2	2	1	2	1	1	1	1	1	2	2	2
OG0005951	1	2	1	1	3	1	0	2	2	1	1	1	1	1	1	1	2
OG0005952	1	2	2	2	4	0	1	1	2	1	2	2	2	2	1	1	1
OG0005953	1	1	1	1	2	2	2	1	2	1	1	1	1	2	2	2	2
OG0005954	1	2	2	2	1	1	1	1	2	1	2	2	2	1	1	1	1
OG0005955	3	3	2	2	2	1	1	1	1	2	2	2	2	2	1	1	1
OG0005956	1	1	1	1	1	1	1	2	2	1	1	1	1	1	1	1	2
OG0005957	1	1	1	0	3	2	1	1	2	1	1	1	1	2	2	2	2
OG0005958	1	1	2	2	1	2	2	1	2	1	2	2	2	2	2	2	2
OG0005959	1	1	2	1	2	1	2	2	1	1	2	2	2	2	2	2	2
OG0005960	1	4	3	2	1	1	1	1	1	1	2	3	2	1	1	1	1
OG0005961	1	1	1	1	1	1	1	2	2	1	1	1	1	1	1	1	2
OG0005962	1	2	1	1	2	1	1	2	2	1	1	1	1	1	1	1	2
OG0005963	2	2	1	1	2	1	1	2	2	1	1	1	1	1	1	1	2
OG0005964	1	2	2	0	3	1	2	1	2	1	2	2	2	2	2	2	2
OG0005965	1	8	1	0	1	1	1	1	1	1	1	1	1	1	1	1	1
OG0005966	1	2	2	2	2	0	2	2	2	1	2	2	2	2	2	2	2
OG0005967	1	1	1	1	1	1	2	2	2	1	1	1	1	1	1	2	2
OG0005968	1	3	2	1	2	0	2	2	2	1	2	2	2	2	2	2	2
OG0005969	1	1	1	2	2	1	1	2	2	1	1	1	1	1	1	1	2
OG0005970	1	1	2	4	1	0	0	3	0	1	1	1	1	1	1	1	1
OG0005971	1	2	2	4	2	2	1	1	0	1	2	2	2	2	2	1	1
OG0005972	1	2	1	1	1	1	2	2	2	1	1	1	1	1	1	2	2
OG0005973	1	2	3	5	2	1	1	1	0	1	2	2	2	2	1	1	1
OG0005974	2	5	1	0	1	1	2	1	2	1	1	1	1	1	1	2	2
OG0005975	2	5	1	2	1	1	1	1	1	2	2	2	2	1	1	1	1
OG0005976	1	1	1	0	1	1	3	2	2	1	1	1	1	1	1	2	2
OG0005977	1	2	3	1	1	2	1	1	1	1	1	2	1	1	1	1	1
OG0005978	1	2	2	2	2	2	1	1	1	1	2	2	2	2	2	1	1
OG0005979	1	3	2	1	2	2	1	1	1	1	2	2	2	2	2	1	1
OG0005980	1	3	1	1	1	1	1	2	2	1	1	1	1	1	1	1	2
OG0005981	1	5	1	2	1	1	1	1	1	1	1	1	1	1	1	1	1
OG0005982	1	6	1	1	2	1	1	1	1	1	1	1	1	1	1	1	1
OG0005983	2	2	1	1	3	1	2	1	2	2	2	2	2	2	2	2	2
OG0005984	1	1	1	3	2	2	1	1	1	1	2	1	2	2	2	1	1
OG0005985	1	1	1	2	1	1	1	2	2	1	1	1	1	1	1	1	2
OG0005986	1	7	1	1	1	1	1	1	1	1	1	1	1	1	1	1	1
OG0005987	1	7	1	1	1	1	1	1	1	1	1	1	1	1	1	1	1
OG0005988	1	2	2	2	1	1	2	1	2	1	2	2	2	2	2	2	2
OG0005989	4	2	2	1	1	1	1	1	1	2	2	2	1	1	1	1	1
OG0005990	1	2	2	0	2	2	2	2	0	1	2	2	2	2	2	2	2
OG0005991	1	1	1	2	1	2	1	1	2	1	1	1	1	1	1	1	1
OG0005992	1	1	1	1	1	1	2	2	2	1	1	1	1	1	1	2	2
OG0005993	1	6	1	1	1	1	1	2	0	1	1	1	1	1	1	1	1
OG0005994	2	1	1	1	1	1	1	2	2	1	1	1	1	1	1	1	2
OG0005995	2	2	1	1	1	1	2	2	2	1	1	1	1	1	1	2	2
OG0005996	2	2	2	1	1	2	1	1	1	1	1	2	1	1	1	1	1
OG0005997	1	1	1	1	1	1	2	2	2	1	1	1	1	1	1	2	2
OG0005998	1	1	1	1	1	2	2	1	2	1	1	1	1	1	2	2	2
OG0005999	1	6	1	1	1	1	1	1	2	1	1	1	1	1	1	1	1
OG0006000	2	3	2	2	1	2	1	1	0	2	2	2	2	2	2	1	1
OG0006001	1	1	1	1	1	1	1	2	2	1	1	1	1	1	1	1	2
OG0006002	2	2	1	2	2	1	2	1	2	2	2	2	2	2	2	2	2
OG0006003	1	3	2	2	2	1	1	1	1	1	2	2	2	2	1	1	1
OG0006004	1	2	1	2	1	2	2	1	1	1	2	2	2	2	2	2	1
OG0006005	1	2	1	1	1	1	2	2	2	1	1	1	1	1	1	2	2
OG0006006	1	1	2	1	1	1	2	2	2	1	1	1	1	1	1	2	2
OG0006007	1	3	1	1	1	1	5	1	1	1	1	1	1	1	1	1	1
OG0006008	2	1	2	2	2	2	1	1	1	2	2	2	2	2	2	1	1
OG0006009	1	3	2	2	1	1	1	1	2	1	2	2	2	1	1	1	1
OG0006010	3	3	2	2	1	1	1	1	1	2	2	2	2	1	1	1	1
OG0006011	1	2	3	1	1	2	1	1	1	1	1	2	1	1	1	1	1
OG0006012	2	2	1	1	1	1	4	1	1	1	1	1	1	1	1	1	1
OG0006013	2	7	1	0	1	1	1	1	1	1	1	1	1	1	1	1	1
OG0006014	1	7	1	1	1	1	1	1	1	1	1	1	1	1	1	1	1
OG0006015	1	2	3	1	1	2	1	1	1	1	1	2	1	1	1	1	1
OG0006016	1	1	2	0	1	3	1	1	0	1	1	1	1	1	1	1	1
OG0006017	1	2	1	2	2	1	1	2	1	1	2	2	2	2	1	1	1
OG0006018	1	2	1	1	1	1	1	2	2	1	1	1	1	1	1	1	2
OG0006019	1	9	1	0	1	1	1	1	1	1	1	1	1	1	1	1	1
OG0006020	1	1	1	1	2	1	2	2	2	1	1	1	1	2	2	2	2
OG0006021	2	1	1	1	1	1	1	3	1	1	1	1	1	1	1	1	1
OG0006022	1	5	1	1	3	0	1	1	2	1	1	1	1	1	1	1	1
OG0006023	1	3	1	0	2	1	2	2	2	1	2	2	2	2	2	2	2
OG0006024	1	2	0	1	1	1	2	2	2	1	1	1	1	1	1	2	2
OG0006025	1	2	1	1	2	1	2	1	2	1	2	2	2	2	2	2	2
OG0006026	2	2	1	1	1	1	0	2	2	1	1	1	1	1	1	1	2
OG0006027	1	1	1	1	1	2	2	2	1	1	1	1	1	1	2	2	2
OG0006028	1	1	1	2	2	1	1	2	2	1	1	1	1	1	1	1	2
OG0006029	1	7	1	1	1	1	1	1	1	1	1	1	1	1	1	1	1
OG0006030	1	1	1	2	1	2	0	2	2	1	1	1	1	1	1	1	2
OG0006031	2	1	3	2	0	1	1	2	2	2	2	2	2	1	1	1	2
OG0006032	1	1	1	3	2	2	1	1	1	1	2	1	2	2	2	1	1
OG0006033	1	4	2	2	2	1	1	1	1	1	2	2	2	2	1	1	1
OG0006034	1	1	1	1	1	1	1	2	2	1	1	1	1	1	1	1	2
OG0006035	1	8	1	1	1	1	1	1	0	1	1	1	1	1	1	1	1
OG0006036	1	1	2	2	2	1	2	2	1	1	2	2	2	2	2	2	2
OG0006037	1	1	1	2	2	1	1	2	2	1	1	1	1	1	1	1	2
OG0006038	1	1	1	1	1	1	2	2	2	1	1	1	1	1	1	2	2
OG0006039	1	0	1	0	2	0	0	3	2	1	1	1	1	1	1	1	2
OG0006040	1	0	4	0	3	0	0	3	0	1	1	1	1	1	1	1	1
OG0006146	2	4	3	3	3	0	3	0	0	2	3	3	3	3	2	2	0
OG0006148	1	1	1	0	1	1	2	2	2	1	1	1	1	1	1	2	2
OG0006149	2	2	2	1	1	1	3	1	1	1	1	2	1	1	1	1	1
OG0006150	1	2	2	0	0	1	2	1	2	1	1	2	1	1	1	2	2
OG0006151	3	2	2	2	2	1	1	1	1	2	2	2	2	2	1	1	1
OG0006152	2	5	1	1	1	1	1	1	1	1	1	1	1	1	1	1	1
OG0006153	1	0	2	1	1	1	1	2	2	1	1	1	1	1	1	1	2
OG0006154	1	3	3	2	1	1	1	1	1	1	2	3	2	1	1	1	1
OG0006155	3	1	1	1	1	0	1	1	3	1	1	1	1	1	1	1	1
OG0006156	6	2	1	0	1	1	1	1	1	2	1	1	1	1	1	1	1
OG0006157	6	2	1	1	1	1	1	1	1	2	1	1	1	1	1	1	1
OG0006158	5	1	1	0	1	1	1	1	1	2	1	1	1	1	1	1	1
OG0006159	5	1	1	1	2	1	2	1	0	2	1	1	1	1	1	1	1
OG0006160	1	1	1	1	2	1	2	2	2	1	1	1	1	2	2	2	2
OG0006161	2	2	2	1	2	1	1	1	1	1	1	2	1	1	1	1	1
OG0006162	2	4	2	3	1	1	1	1	0	2	2	2	2	1	1	1	1
OG0006163	2	5	1	1	1	1	1	1	1	1	1	1	1	1	1	1	1
OG0006164	2	2	0	0	0	0	1	0	7	1	1	1	1	1	1	1	1
OG0006165	2	2	1	1	2	1	1	2	2	1	1	1	1	1	1	1	2
OG0006166	1	2	1	1	2	1	2	1	2	1	2	2	2	2	2	2	2
OG0006167	3	1	2	2	1	1	2	1	0	2	2	2	2	1	1	1	1
OG0006168	1	4	2	2	2	2	1	0	0	1	2	2	2	2	2	1	0
OG0006169	1	3	3	1	2	1	1	1	1	1	1	3	1	1	1	1	1
OG0006170	1	1	2	1	2	0	1	2	2	1	1	1	1	1	1	1	2
OG0006171	6	0	2	1	1	1	1	1	2	2	1	1	1	1	1	1	1
OG0006172	1	2	1	2	1	2	1	1	1	1	1	1	1	1	1	1	1
OG0006173	1	0	1	0	3	1	2	2	2	1	1	1	1	2	2	2	2
OG0006174	1	7	1	0	1	1	1	1	1	1	1	1	1	1	1	1	1
OG0006175	1	3	2	2	2	1	1	1	1	1	2	2	2	2	1	1	1
OG0006176	1	4	2	1	2	1	1	1	1	1	1	2	1	1	1	1	1
OG0006177	3	2	1	1	1	2	1	1	1	1	1	1	1	1	1	1	1
OG0006178	2	4	2	1	1	1	1	1	1	1	1	2	1	1	1	1	1
OG0006179	1	3	1	1	1	1	1	2	1	1	1	1	1	1	1	1	1
OG0006180	1	3	2	0	2	2	1	1	1	1	2	2	2	2	2	1	1
OG0006181	2	3	2	2	2	1	1	1	0	2	2	2	2	2	1	1	1
OG0006182	7	0	1	1	1	1	1	1	1	2	1	1	1	1	1	1	1
OG0006183	1	4	4	0	1	2	0	1	0	1	1	4	1	1	1	1	1
OG0006184	2	3	2	2	1	1	1	1	1	2	2	2	2	1	1	1	1
OG0006185	3	3	2	1	2	1	1	1	1	2	2	2	2	2	1	1	1
OG0006186	1	1	1	1	1	1	2	2	2	1	1	1	1	1	1	2	2
OG0006187	1	0	0	1	2	2	2	1	2	1	1	0	1	2	2	2	2
OG0006188	1	6	1	1	1	1	1	1	1	1	1	1	1	1	1	1	1
OG0006189	1	3	2	1	2	1	0	1	1	1	1	2	1	1	1	1	1
OG0006190	1	1	1	1	1	1	2	2	2	1	1	1	1	1	1	2	2
OG0006191	5	1	2	1	1	1	1	1	1	2	1	1	1	1	1	1	1
OG0006192	2	1	3	1	1	1	1	1	2	1	1	1	1	1	1	1	1
OG0006193	2	3	2	2	1	1	1	1	1	2	2	2	2	1	1	1	1
OG0006194	2	2	1	1	1	1	1	1	2	1	1	1	1	1	1	1	1
OG0006195	2	2	1	1	4	1	1	1	1	1	1	1	1	1	1	1	1
OG0006196	1	2	1	0	1	2	1	1	2	1	1	1	1	1	1	1	1
OG0006197	1	1	1	1	2	1	1	2	2	1	1	1	1	1	1	1	2
OG0006198	3	2	2	1	1	1	1	1	1	1	1	2	1	1	1	1	1
OG0006199	1	4	1	1	1	1	1	1	2	1	1	1	1	1	1	1	1
OG0006200	1	1	1	1	1	1	2	2	1	1	1	1	1	1	1	2	2
OG0006201	1	2	1	2	1	1	1	1	2	1	1	1	1	1	1	1	1
OG0006202	1	1	1	1	1	2	2	2	1	1	1	1	1	1	2	2	2
OG0006203	2	3	2	2	1	1	1	1	1	2	2	2	2	1	1	1	1
OG0006204	2	5	1	1	1	1	1	1	1	1	1	1	1	1	1	1	1
OG0006205	5	2	1	1	1	1	1	1	1	2	1	1	1	1	1	1	1
OG0006206	5	1	1	1	0	0	2	2	2	2	1	1	1	1	1	2	2
OG0006207	2	2	1	2	1	1	3	1	1	2	2	2	2	1	1	1	1
OG0006208	3	3	1	0	1	2	1	1	1	1	1	1	1	1	1	1	1
OG0006209	3	3	2	1	2	1	1	1	1	2	2	2	2	2	1	1	1
OG0006210	2	3	1	1	1	1	1	1	2	1	1	1	1	1	1	1	1
OG0006211	4	3	2	1	1	1	0	1	1	2	2	2	1	1	1	1	1
OG0006212	5	2	1	1	1	1	1	1	1	2	1	1	1	1	1	1	1
OG0006213	1	1	1	1	1	2	1	2	1	1	1	1	1	1	1	1	1
OG0006214	2	4	2	1	2	1	1	1	1	1	1	2	1	1	1	1	1
OG0006215	1	2	2	1	1	1	0	2	1	1	1	2	1	1	1	1	1
OG0006217	3	2	2	1	2	1	1	1	2	2	2	2	2	2	1	1	1
OG0006218	1	1	1	1	1	2	1	2	2	1	1	1	1	1	1	1	2
OG0006219	2	1	4	1	1	1	1	1	2	1	1	1	1	1	1	1	1
OG0006220	1	2	1	1	1	1	2	2	1	1	1	1	1	1	1	2	2
OG0006221	3	4	2	1	2	2	1	0	0	2	2	2	2	2	2	1	0
OG0006222	2	3	1	2	2	1	1	1	1	2	2	2	2	2	1	1	1
OG0006223	1	6	1	0	1	1	2	1	1	1	1	1	1	1	1	1	1
OG0006224	5	1	1	1	1	1	2	1	1	2	1	1	1	1	1	1	1
OG0006225	3	1	1	1	1	1	1	1	2	1	1	1	1	1	1	1	1
OG0006226	1	2	2	2	1	1	2	1	2	1	2	2	2	2	2	2	2
OG0006227	1	2	2	1	2	2	1	1	1	1	2	2	2	2	2	1	1
OG0006228	2	1	3	1	1	1	1	1	1	1	1	1	1	1	1	1	1
OG0006229	2	2	2	3	2	1	0	1	1	2	2	2	2	2	1	1	1
OG0006230	3	3	2	1	1	1	1	1	1	1	1	2	1	1	1	1	1
OG0006231	2	4	2	1	1	1	1	1	0	1	1	2	1	1	1	1	1
OG0006232	2	2	1	1	1	1	1	2	1	1	1	1	1	1	1	1	1
OG0006233	1	1	1	1	1	1	2	2	2	1	1	1	1	1	1	2	2
OG0006234	4	3	2	2	2	0	1	1	1	2	2	2	2	2	1	1	1
OG0006235	4	1	2	2	1	1	1	1	1	2	2	2	2	1	1	1	1
OG0006236	2	1	1	1	1	1	1	2	2	1	1	1	1	1	1	1	2
OG0006237	1	3	2	3	1	1	1	1	1	1	2	2	2	1	1	1	1
OG0006238	1	6	1	1	1	1	1	1	1	1	1	1	1	1	1	1	1
OG0006239	5	1	1	1	1	1	1	1	1	2	1	1	1	1	1	1	1
OG0006240	3	4	1	1	1	1	1	1	1	1	1	1	1	1	1	1	1
OG0006241	2	1	1	1	4	2	1	1	0	1	1	1	1	2	2	1	1
OG0006242	2	1	2	0	1	2	1	1	1	1	1	1	1	1	1	1	1
OG0006243	3	2	2	1	2	1	1	1	1	2	2	2	2	2	1	1	1
OG0006244	2	3	2	1	2	1	1	1	1	1	1	2	1	1	1	1	1
OG0006246	1	1	1	1	1	1	1	2	2	1	1	1	1	1	1	1	2
OG0006247	1	1	1	1	0	1	0	2	3	1	1	1	1	1	1	1	2
OG0006248	1	2	5	1	1	1	1	1	1	1	1	2	1	1	1	1	1
OG0006249	2	1	2	1	1	2	1	1	1	1	1	1	1	1	1	1	1
OG0006250	5	2	1	1	1	1	1	1	1	2	1	1	1	1	1	1	1
OG0006251	2	1	1	1	1	1	2	2	2	1	1	1	1	1	1	2	2
OG0006252	1	1	2	1	1	1	1	2	2	1	1	1	1	1	1	1	2
OG0006253	2	3	2	1	2	1	1	1	1	1	1	2	1	1	1	1	1
OG0006254	1	3	2	2	2	1	1	1	1	1	2	2	2	2	1	1	1
OG0006255	1	1	1	0	2	2	1	2	1	1	1	1	1	1	1	1	1
OG0006256	2	1	1	1	1	1	1	2	2	1	1	1	1	1	1	1	2
OG0006257	2	3	1	2	2	0	2	1	2	2	2	2	2	2	2	2	2
OG0006258	1	1	1	1	2	1	2	1	2	1	1	1	1	2	2	2	2
OG0006259	2	2	1	2	1	1	2	1	2	2	2	2	2	2	2	2	2
OG0006260	2	5	1	1	1	1	1	1	1	1	1	1	1	1	1	1	1
OG0006261	2	5	1	1	1	1	1	1	1	1	1	1	1	1	1	1	1
OG0006262	1	1	1	4	1	2	1	1	1	1	1	1	1	1	1	1	1
OG0006263	4	3	1	1	1	1	1	1	1	2	1	1	1	1	1	1	1
OG0006264	1	2	2	0	1	1	1	2	1	1	1	2	1	1	1	1	1
OG0006265	2	2	2	1	1	0	2	1	2	1	1	2	1	1	1	2	2
OG0006266	1	1	4	0	1	1	1	1	2	1	1	1	1	1	1	1	1
OG0006267	6	1	4	1	3	1	0	0	0	2	2	2	2	2	1	0	0
OG0006268	1	1	1	2	2	2	1	1	1	1	2	1	2	2	2	1	1
OG0006269	5	1	1	1	1	1	1	1	1	2	1	1	1	1	1	1	1
OG0006270	4	2	1	1	1	1	1	1	1	2	1	1	1	1	1	1	1
OG0006271	1	1	2	1	2	2	1	1	1	1	1	1	1	1	1	1	1
OG0006272	1	2	1	1	1	2	1	1	2	1	1	1	1	1	1	1	1
OG0006273	4	2	1	2	1	1	1	1	1	2	2	2	2	1	1	1	1
OG0006274	3	4	1	1	1	1	1	1	1	1	1	1	1	1	1	1	1
OG0006275	2	2	3	1	4	1	1	1	0	2	2	2	2	2	1	1	1
OG0006276	1	1	2	1	1	1	2	1	2	1	1	1	1	1	1	2	2
OG0006277	2	2	1	4	1	1	1	1	1	2	2	2	2	1	1	1	1
OG0006278	1	1	1	1	1	1	2	2	2	1	1	1	1	1	1	2	2
OG0006279	1	6	1	1	1	1	1	1	1	1	1	1	1	1	1	1	1
OG0006280	1	1	1	2	1	2	1	1	1	1	1	1	1	1	1	1	1
OG0006281	1	3	2	2	2	1	1	1	1	1	2	2	2	2	1	1	1
OG0006282	2	1	1	1	3	2	1	1	1	1	1	1	1	2	2	1	1
OG0006283	1	2	1	0	4	2	0	1	1	1	1	1	1	2	2	1	1
OG0006284	1	0	0	0	0	6	0	0	0	1	1	0	1	1	1	0	0
OG0006285	3	2	1	1	1	1	1	1	2	1	1	1	1	1	1	1	1
OG0006286	2	1	2	2	1	1	1	1	2	2	2	2	2	1	1	1	1
OG0006287	1	1	1	1	1	1	2	2	2	1	1	1	1	1	1	2	2
OG0006288	2	2	1	2	1	2	1	1	1	2	2	2	2	2	2	1	1
OG0006289	2	4	1	2	1	1	1	1	1	2	2	2	2	1	1	1	1
OG0006290	3	2	1	1	2	2	1	1	1	2	2	2	2	2	2	1	1
OG0006291	5	3	1	0	1	1	1	1	1	2	1	1	1	1	1	1	1
OG0006292	3	2	2	2	2	0	1	1	1	2	2	2	2	2	1	1	1
OG0006293	2	2	2	2	2	1	1	1	1	2	2	2	2	2	1	1	1
OG0006294	1	5	1	2	1	1	1	1	1	1	1	1	1	1	1	1	1
OG0006295	4	2	1	2	1	1	1	1	1	2	2	2	2	1	1	1	1
OG0006296	1	3	1	1	1	2	1	1	1	1	1	1	1	1	1	1	1
OG0006297	2	2	2	2	2	1	1	1	1	2	2	2	2	2	1	1	1
OG0006298	2	3	1	1	1	1	4	1	0	1	1	1	1	1	1	1	1
OG0006299	3	2	2	1	2	1	1	1	1	2	2	2	2	2	1	1	1
OG0006300	1	5	1	2	1	1	1	1	1	1	1	1	1	1	1	1	1
OG0006301	1	2	1	1	2	2	1	1	1	1	1	1	1	1	1	1	1
OG0006302	1	1	1	0	2	0	1	3	2	1	1	1	1	1	1	1	2
OG0006303	1	1	1	0	1	1	2	2	2	1	1	1	1	1	1	2	2
OG0006304	1	1	1	1	1	1	2	2	1	1	1	1	1	1	1	2	2
OG0006305	1	1	1	2	1	1	1	2	2	1	1	1	1	1	1	1	2
OG0006306	4	2	1	1	1	1	1	1	1	2	1	1	1	1	1	1	1
OG0006307	1	2	4	2	1	1	1	1	1	1	2	2	2	1	1	1	1
OG0006308	1	1	1	0	1	1	1	2	2	1	1	1	1	1	1	1	2
OG0006309	2	5	2	1	1	1	1	1	1	1	1	2	1	1	1	1	1
OG0006310	2	5	1	1	1	1	1	1	1	1	1	1	1	1	1	1	1
OG0006311	1	2	2	1	1	1	2	2	1	1	1	2	1	1	1	2	2
OG0006312	1	5	1	2	1	1	1	1	1	1	1	1	1	1	1	1	1
OG0006313	1	0	1	0	1	2	2	2	1	1	1	1	1	1	2	2	2
OG0006314	1	3	2	0	2	2	1	1	1	1	2	2	2	2	2	1	1
OG0006315	2	1	1	1	2	2	1	1	1	1	1	1	1	1	1	1	1
OG0006316	2	2	2	3	1	1	1	1	1	2	2	2	2	1	1	1	1
OG0006317	1	2	2	1	2	2	0	1	1	1	2	2	2	2	2	1	1
OG0006318	4	1	1	1	1	2	1	1	1	2	1	1	1	1	1	1	1
OG0006319	3	3	2	1	1	1	1	1	1	1	1	2	1	1	1	1	1
OG0006320	1	2	1	1	2	1	2	2	0	1	2	2	2	2	2	2	2
OG0006321	2	4	2	1	1	1	1	1	1	1	1	2	1	1	1	1	1
OG0006322	2	1	1	1	1	1	2	2	2	1	1	1	1	1	1	2	2
OG0006323	2	4	2	1	3	1	1	1	0	2	2	2	2	2	1	1	1
OG0006324	2	2	2	2	2	1	1	1	1	2	2	2	2	2	1	1	1
OG0006325	1	5	1	1	1	1	1	1	1	1	1	1	1	1	1	1	1
OG0006326	2	3	2	2	2	1	1	1	0	2	2	2	2	2	1	1	1
OG0006327	2	3	2	1	2	1	1	1	1	1	1	2	1	1	1	1	1
OG0006328	1	1	1	1	3	1	2	2	2	1	1	1	1	2	2	2	2
OG0006329	1	1	1	1	1	3	1	1	1	1	1	1	1	1	1	1	1
OG0006330	1	3	2	1	2	2	1	1	0	1	2	2	2	2	2	1	1
OG0006331	2	3	2	1	1	1	1	2	0	1	1	2	1	1	1	1	1
OG0006332	3	3	1	2	1	1	1	1	1	2	2	2	2	1	1	1	1
OG0006333	2	2	2	3	3	0	2	2	0	2	2	2	2	2	2	2	2
OG0006334	2	2	1	1	1	1	1	1	2	1	1	1	1	1	1	1	1
OG0006335	3	2	2	2	1	1	1	1	1	2	2	2	2	1	1	1	1
OG0006336	1	1	1	1	1	1	1	2	2	1	1	1	1	1	1	1	2
OG0006337	2	1	3	1	1	1	1	1	2	1	1	1	1	1	1	1	1
OG0006338	1	1	1	1	1	1	2	2	2	1	1	1	1	1	1	2	2
OG0006340	1	2	1	0	1	1	2	2	2	1	1	1	1	1	1	2	2
OG0006341	1	2	2	1	3	1	1	1	1	1	1	2	1	1	1	1	1
OG0006342	1	1	2	1	2	2	1	1	1	1	1	1	1	1	1	1	1
OG0006343	2	2	1	3	2	1	1	1	1	2	2	2	2	2	1	1	1
OG0006344	2	1	1	1	1	2	2	1	2	1	1	1	1	1	2	2	2
OG0006345	2	2	2	2	2	1	1	1	1	2	2	2	2	2	1	1	1
OG0006346	1	1	1	1	1	2	1	2	1	1	1	1	1	1	1	1	1
OG0006347	1	1	2	2	2	1	1	1	2	1	2	2	2	2	1	1	1
OG0006348	1	2	1	2	1	2	1	1	1	1	1	1	1	1	1	1	1
OG0006349	2	2	1	2	1	1	0	1	2	2	2	2	2	1	1	1	1
OG0006350	2	2	2	1	2	2	1	1	1	2	2	2	2	2	2	1	1
OG0006351	1	1	1	3	1	2	1	1	1	1	1	1	1	1	1	1	1
OG0006352	1	2	1	1	1	1	2	1	2	1	1	1	1	1	1	2	2
OG0006353	2	1	1	1	1	1	1	2	2	1	1	1	1	1	1	1	2
OG0006354	2	1	1	1	2	2	1	1	1	1	1	1	1	1	1	1	1
OG0006355	2	1	1	1	2	2	1	1	1	1	1	1	1	1	1	1	1
OG0006356	1	1	2	1	2	1	2	1	2	1	2	2	2	2	2	2	2
OG0006357	1	2	2	1	2	2	2	1	0	1	2	2	2	2	2	2	1
OG0006358	1	5	2	1	1	1	1	1	1	1	1	2	1	1	1	1	1
OG0006359	1	2	2	1	2	2	1	1	1	1	2	2	2	2	2	1	1
OG0006360	1	2	5	1	1	1	1	1	1	1	1	2	1	1	1	1	1
OG0006361	1	1	2	1	1	2	1	1	1	1	1	1	1	1	1	1	1
OG0006362	2	2	2	2	2	1	1	1	1	2	2	2	2	2	1	1	1
OG0006363	1	6	1	2	1	1	1	1	0	1	1	1	1	1	1	1	1
OG0006364	1	2	2	2	2	1	1	1	1	1	2	2	2	2	1	1	1
OG0006365	1	6	1	1	1	1	1	1	1	1	1	1	1	1	1	1	1
OG0006366	1	2	1	1	1	2	1	1	2	1	1	1	1	1	1	1	1
OG0006367	2	5	1	1	1	1	1	1	1	1	1	1	1	1	1	1	1
OG0006368	1	1	1	0	2	1	1	2	2	1	1	1	1	1	1	1	2
OG0006369	1	2	2	1	1	2	1	1	1	1	1	2	1	1	1	1	1
OG0006370	1	1	1	1	3	1	1	2	1	1	1	1	1	1	1	1	1
OG0006371	2	1	1	1	1	2	1	2	0	1	1	1	1	1	1	1	1
OG0006372	1	3	1	1	1	2	1	1	1	1	1	1	1	1	1	1	1
OG0006373	1	6	1	1	1	1	1	1	1	1	1	1	1	1	1	1	1
OG0006374	1	7	1	0	1	1	1	1	1	1	1	1	1	1	1	1	1
OG0006375	1	1	1	1	1	3	1	1	0	1	1	1	1	1	1	1	1
OG0006376	1	1	1	2	3	2	1	1	1	1	2	1	2	2	2	1	1
OG0006377	2	2	2	2	1	0	2	2	1	2	2	2	2	2	2	2	2
OG0006378	1	2	1	1	1	2	1	1	2	1	1	1	1	1	1	1	1
OG0006379	1	6	1	1	1	1	1	1	1	1	1	1	1	1	1	1	1
OG0006380	2	1	1	1	1	1	2	1	2	1	1	1	1	1	1	2	2
OG0006381	1	1	1	1	1	1	2	2	2	1	1	1	1	1	1	2	2
OG0006382	3	2	1	0	1	2	1	1	1	1	1	1	1	1	1	1	1
OG0006383	2	2	2	1	1	2	1	1	1	1	1	2	1	1	1	1	1
OG0006384	1	3	1	1	1	2	1	1	1	1	1	1	1	1	1	1	1
OG0006385	1	1	1	1	1	1	2	2	2	1	1	1	1	1	1	2	2
OG0006386	1	1	3	1	1	2	1	1	1	1	1	1	1	1	1	1	1
OG0006387	1	3	2	2	1	1	1	1	2	1	2	2	2	1	1	1	1
OG0006388	1	2	4	0	1	1	1	1	2	1	1	2	1	1	1	1	1
OG0006389	1	2	2	2	1	2	1	1	1	1	2	2	2	2	2	1	1
OG0006390	1	1	1	1	1	1	6	1	1	1	1	1	1	1	1	1	1
OG0006391	2	2	1	1	1	2	1	1	1	1	1	1	1	1	1	1	1
OG0006392	1	4	2	2	1	1	1	1	1	1	2	2	2	1	1	1	1
OG0006393	2	2	2	1	2	2	1	0	1	2	2	2	2	2	2	1	1
OG0006394	1	2	2	2	1	1	3	1	1	1	2	2	2	1	1	1	1
OG0006395	1	1	1	1	1	2	1	1	1	1	1	1	1	1	1	1	1
OG0006396	1	2	1	1	1	2	1	2	1	1	1	1	1	1	1	1	1
OG0006397	1	2	2	2	2	2	1	0	1	1	2	2	2	2	2	1	1
OG0006398	2	5	1	1	1	1	1	1	1	1	1	1	1	1	1	1	1
OG0006399	2	1	1	1	1	1	2	1	2	1	1	1	1	1	1	2	2
OG0006400	1	1	1	1	2	1	1	2	2	1	1	1	1	1	1	1	2
OG0006401	1	2	1	3	1	2	1	1	0	1	1	1	1	1	1	1	1
OG0006402	1	1	1	2	2	2	1	1	1	1	2	1	2	2	2	1	1
OG0006403	1	2	2	1	1	1	2	2	0	1	1	2	1	1	1	2	2
OG0006404	1	5	1	1	1	1	1	1	1	1	1	1	1	1	1	1	1
OG0006405	1	1	1	2	1	1	2	1	2	1	1	1	1	1	1	2	2
OG0006406	1	6	1	1	1	1	1	1	1	1	1	1	1	1	1	1	1
OG0006407	1	1	2	1	1	1	0	2	2	1	1	1	1	1	1	1	2
OG0006408	2	2	2	2	2	1	1	1	1	2	2	2	2	2	1	1	1
OG0006409	1	1	2	1	2	1	2	1	1	1	1	1	1	1	1	1	1
OG0006410	1	1	2	1	2	2	1	1	1	1	1	1	1	1	1	1	1
OG0006411	2	2	1	0	2	1	4	1	1	1	1	1	1	1	1	1	1
OG0006412	1	2	1	1	2	2	2	1	1	1	2	2	2	2	2	2	1
OG0006413	1	6	2	0	1	1	1	1	1	1	1	2	1	1	1	1	1
OG0006414	1	1	1	1	1	1	1	1	4	1	1	1	1	1	1	1	1
OG0006415	1	1	1	2	2	2	1	1	1	1	2	1	2	2	2	1	1
OG0006416	1	3	3	1	2	1	1	1	1	1	1	3	1	1	1	1	1
OG0006417	1	1	1	2	2	2	1	1	1	1	2	1	2	2	2	1	1
OG0006418	1	2	1	1	1	1	1	2	2	1	1	1	1	1	1	1	2
OG0006419	1	6	1	1	1	1	1	1	1	1	1	1	1	1	1	1	1
OG0006420	1	2	1	1	2	2	1	1	1	1	1	1	1	1	1	1	1
OG0006421	1	2	2	1	1	2	1	1	1	1	1	2	1	1	1	1	1
OG0006422	1	3	2	1	2	0	2	1	2	1	2	2	2	2	2	2	2
OG0006423	1	2	1	3	3	1	1	1	1	1	2	2	2	2	1	1	1
OG0006424	1	5	2	1	1	1	1	1	1	1	1	2	1	1	1	1	1
OG0006425	1	1	1	1	1	1	2	2	2	1	1	1	1	1	1	2	2
OG0006426	1	2	2	1	1	1	2	1	2	1	1	2	1	1	1	2	2
OG0006427	1	0	1	1	1	2	2	2	1	1	1	1	1	1	2	2	2
OG0006428	1	1	1	1	1	1	1	2	2	1	1	1	1	1	1	1	2
OG0006429	1	1	1	1	2	1	1	2	2	1	1	1	1	1	1	1	2
OG0006430	1	1	1	1	2	1	2	1	2	1	1	1	1	2	2	2	2
OG0006431	1	2	2	1	2	2	1	1	1	1	2	2	2	2	2	1	1
OG0006432	1	1	1	0	1	2	1	2	2	1	1	1	1	1	1	1	2
OG0006433	1	1	1	1	1	1	2	2	2	1	1	1	1	1	1	2	2
OG0006434	1	8	1	1	1	1	1	1	1	1	1	1	1	1	1	1	1
OG0006435	2	0	0	1	1	1	2	2	2	1	1	0	1	1	1	2	2
OG0006436	1	1	5	1	2	1	1	1	1	1	1	1	1	1	1	1	1
OG0006437	1	2	3	0	1	2	1	1	1	1	1	2	1	1	1	1	1
OG0006438	1	6	1	1	1	1	1	1	1	1	1	1	1	1	1	1	1
OG0006439	1	2	1	1	2	2	1	1	1	1	1	1	1	1	1	1	1
OG0006440	1	4	2	2	1	1	1	1	1	1	2	2	2	1	1	1	1
OG0006441	1	3	2	0	1	1	1	1	2	1	1	2	1	1	1	1	1
OG0006442	1	2	2	1	1	2	1	1	1	1	1	2	1	1	1	1	1
OG0006443	1	2	2	1	2	2	0	1	1	1	2	2	2	2	2	1	1
OG0006444	1	1	2	1	1	1	1	2	2	1	1	1	1	1	1	1	2
OG0006445	1	2	2	2	3	1	1	1	1	1	2	2	2	2	1	1	1
OG0006446	1	4	3	1	1	1	1	1	1	1	1	3	1	1	1	1	1
OG0006447	1	4	2	2	1	1	1	1	0	1	2	2	2	1	1	1	1
OG0006448	1	1	2	2	2	1	1	1	2	1	2	2	2	2	1	1	1
OG0006449	1	2	1	1	1	2	1	1	1	1	1	1	1	1	1	1	1
OG0006450	1	2	1	5	1	1	1	1	1	1	1	1	1	1	1	1	1
OG0006451	1	2	1	1	7	1	0	1	0	1	1	1	1	1	1	1	1
OG0006452	1	5	0	0	0	2	0	2	1	1	1	1	1	1	1	1	1
OG0006555	4	1	1	1	1	2	1	1	0	2	1	1	1	1	1	1	1
OG0006556	2	3	2	1	1	1	1	1	1	1	1	2	1	1	1	1	1
OG0006557	2	1	1	2	2	1	1	1	1	1	1	1	1	1	1	1	1
OG0006558	1	2	2	2	2	0	2	2	1	1	2	2	2	2	2	2	2
OG0006559	1	3	2	0	0	1	0	2	2	1	1	2	1	1	1	1	2
OG0006560	2	1	3	1	2	1	1	1	1	1	1	1	1	1	1	1	1
OG0006561	3	2	2	1	1	1	1	1	1	1	1	2	1	1	1	1	1
OG0006562	3	1	1	2	0	0	2	2	2	1	1	1	1	1	1	2	2
OG0006563	4	1	1	1	1	1	1	1	1	2	1	1	1	1	1	1	1
OG0006564	2	1	2	1	2	2	1	1	0	2	2	2	2	2	2	1	1
OG0006565	4	2	1	1	1	1	1	1	1	2	1	1	1	1	1	1	1
OG0006566	2	2	0	0	0	1	0	2	2	1	1	1	1	1	1	1	2
OG0006567	1	1	1	1	1	1	2	2	1	1	1	1	1	1	1	2	2
OG0006568	2	3	3	0	2	1	1	1	0	1	1	3	1	1	1	1	1
OG0006569	3	2	2	1	1	1	1	1	1	1	1	2	1	1	1	1	1
OG0006570	3	2	3	2	3	0	1	1	0	2	2	2	2	2	1	1	1
OG0006571	2	1	1	1	1	2	1	1	1	1	1	1	1	1	1	1	1
OG0006572	10	1	1	0	0	1	1	1	0	2	1	1	1	1	1	1	1
OG0006573	3	1	1	3	1	1	1	1	1	1	1	1	1	1	1	1	1
OG0006574	4	4	3	2	2	0	2	0	0	2	2	3	2	2	2	2	0
OG0006575	2	1	2	1	1	1	1	1	2	1	1	1	1	1	1	1	1
OG0006576	2	4	1	1	1	1	1	1	1	1	1	1	1	1	1	1	1
OG0006577	4	2	1	1	1	1	1	1	1	2	1	1	1	1	1	1	1
OG0006578	3	2	2	2	1	1	1	1	1	2	2	2	2	1	1	1	1
OG0006579	1	1	2	2	1	1	1	1	2	1	1	1	1	1	1	1	1
OG0006580	4	3	1	1	1	1	1	1	0	2	1	1	1	1	1	1	1
OG0006581	1	3	1	1	1	2	1	1	1	1	1	1	1	1	1	1	1
OG0006582	1	1	1	1	1	2	1	1	2	1	1	1	1	1	1	1	1
OG0006583	4	1	1	2	1	1	1	1	1	2	1	1	1	1	1	1	1
OG0006584	2	2	2	2	1	1	1	1	1	2	2	2	2	1	1	1	1
OG0006585	1	1	4	2	2	1	1	1	0	1	2	2	2	2	1	1	1
OG0006586	1	1	1	1	1	1	2	2	1	1	1	1	1	1	1	2	2
OG0006587	1	1	1	2	1	1	5	1	1	1	1	1	1	1	1	1	1
OG0006588	1	1	1	1	2	2	1	1	1	1	1	1	1	1	1	1	1
OG0006589	1	5	1	1	1	1	1	1	1	1	1	1	1	1	1	1	1
OG0006590	1	3	1	1	1	2	1	1	1	1	1	1	1	1	1	1	1
OG0006591	3	1	1	1	1	1	3	1	1	1	1	1	1	1	1	1	1
OG0006592	2	2	1	1	1	1	1	1	2	1	1	1	1	1	1	1	1
OG0006593	3	2	1	1	1	2	1	1	0	1	1	1	1	1	1	1	1
OG0006594	2	3	2	2	1	1	1	1	1	2	2	2	2	1	1	1	1
OG0006595	1	2	2	3	1	1	1	1	1	1	2	2	2	1	1	1	1
OG0006596	4	2	1	1	1	1	1	1	1	2	1	1	1	1	1	1	1
OG0006597	3	1	1	1	1	1	1	1	2	1	1	1	1	1	1	1	1
OG0006598	1	1	1	0	1	1	2	2	2	1	1	1	1	1	1	2	2
OG0006599	1	1	2	2	1	1	2	1	2	1	1	1	1	1	1	2	2
OG0006600	1	2	1	1	1	1	1	2	2	1	1	1	1	1	1	1	2
OG0006601	6	0	1	1	1	1	1	1	1	2	1	1	1	1	1	1	1
OG0006602	1	1	1	1	4	1	2	1	0	1	1	1	1	1	1	1	1
OG0006603	2	3	2	1	1	1	1	1	1	1	1	2	1	1	1	1	1
OG0006604	1	5	1	1	1	1	1	1	1	1	1	1	1	1	1	1	1
OG0006605	1	2	2	1	2	1	1	1	1	1	1	2	1	1	1	1	1
OG0006606	1	5	1	1	1	1	1	1	1	1	1	1	1	1	1	1	1
OG0006607	3	2	2	1	1	1	1	1	0	1	1	2	1	1	1	1	1
OG0006608	3	3	2	1	1	1	1	1	1	1	1	2	1	1	1	1	1
OG0006609	1	2	2	2	1	1	1	1	1	1	2	2	2	1	1	1	1
OG0006610	1	0	0	0	2	1	2	2	2	1	1	0	1	2	2	2	2
OG0006611	1	3	1	2	2	1	1	1	1	1	2	2	2	2	1	1	1
OG0006612	1	1	1	1	1	1	1	2	2	1	1	1	1	1	1	1	2
OG0006613	2	3	2	1	1	1	1	1	1	1	1	2	1	1	1	1	1
OG0006614	2	1	1	5	1	1	1	1	1	1	1	1	1	1	1	1	1
OG0006615	1	1	2	1	1	2	1	1	1	1	1	1	1	1	1	1	1
OG0006616	1	1	1	0	1	1	2	2	2	1	1	1	1	1	1	2	2
OG0006617	2	5	1	1	1	1	1	1	1	1	1	1	1	1	1	1	1
OG0006618	2	2	2	1	4	1	0	1	0	2	2	2	2	2	1	1	1
OG0006619	2	4	1	0	1	1	1	1	1	1	1	1	1	1	1	1	1
OG0006621	4	2	2	1	1	1	1	1	1	2	2	2	1	1	1	1	1
OG0006622	4	5	1	1	1	0	1	1	1	2	1	1	1	1	1	1	1
OG0006623	1	2	1	1	1	2	1	1	1	1	1	1	1	1	1	1	1
OG0006624	3	2	2	1	1	1	1	1	1	1	1	2	1	1	1	1	1
OG0006625	1	1	1	1	1	1	1	2	2	1	1	1	1	1	1	1	2
OG0006626	1	2	2	2	2	1	1	1	0	1	2	2	2	2	1	1	1
OG0006627	2	2	2	0	1	2	1	1	1	1	1	2	1	1	1	1	1
OG0006628	1	1	1	1	1	1	4	1	1	1	1	1	1	1	1	1	1
OG0006629	3	2	2	1	1	1	1	1	1	1	1	2	1	1	1	1	1
OG0006630	3	3	1	1	1	1	1	1	1	1	1	1	1	1	1	1	1
OG0006631	1	2	1	1	1	2	1	1	1	1	1	1	1	1	1	1	1
OG0006632	2	1	1	2	2	1	2	1	1	2	2	1	2	2	2	2	1
OG0006633	2	1	1	1	1	2	2	1	0	1	1	1	1	1	1	1	1
OG0006634	4	2	1	1	1	1	1	1	1	2	1	1	1	1	1	1	1
OG0006635	4	2	1	1	1	1	1	1	1	2	1	1	1	1	1	1	1
OG0006636	2	3	1	2	1	1	1	1	1	2	2	2	2	1	1	1	1
OG0006637	2	2	2	4	1	1	0	1	0	2	2	2	2	1	1	1	1
OG0006638	2	3	1	1	2	1	1	1	1	1	1	1	1	1	1	1	1
OG0006639	2	2	2	1	2	1	1	1	1	1	1	2	1	1	1	1	1
OG0006640	2	1	1	1	2	2	2	1	0	1	1	1	1	2	2	2	1
OG0006641	1	2	2	1	1	1	1	2	1	1	1	2	1	1	1	1	1
OG0006642	3	2	1	1	1	1	1	1	2	1	1	1	1	1	1	1	1
OG0006643	1	1	1	1	1	1	2	2	2	1	1	1	1	1	1	2	2
OG0006644	1	1	2	2	1	1	1	1	1	1	1	1	1	1	1	1	1
OG0006645	1	5	1	1	1	1	1	1	1	1	1	1	1	1	1	1	1
OG0006646	3	1	1	1	1	2	1	1	1	1	1	1	1	1	1	1	1
OG0006647	4	2	1	1	1	1	1	1	1	2	1	1	1	1	1	1	1
OG0006648	3	1	1	2	2	1	1	1	1	1	1	1	1	1	1	1	1
OG0006649	2	1	1	1	1	2	1	1	1	1	1	1	1	1	1	1	1
OG0006650	2	2	1	3	1	1	1	1	1	2	2	2	2	1	1	1	1
OG0006651	3	1	1	4	1	1	1	1	1	1	1	1	1	1	1	1	1
OG0006652	3	2	1	1	2	1	1	1	1	1	1	1	1	1	1	1	1
OG0006653	5	1	1	1	1	1	1	1	1	2	1	1	1	1	1	1	1
OG0006654	3	2	1	1	2	1	1	1	1	1	1	1	1	1	1	1	1
OG0006655	5	1	1	1	1	1	1	1	1	2	1	1	1	1	1	1	1
OG0006656	2	1	1	1	1	2	1	1	1	1	1	1	1	1	1	1	1
OG0006657	2	3	1	2	1	1	1	1	1	2	2	2	2	1	1	1	1
OG0006658	3	2	1	2	1	1	1	1	1	2	2	2	2	1	1	1	1
OG0006659	5	1	1	1	1	1	1	1	1	2	1	1	1	1	1	1	1
OG0006660	4	2	1	1	1	1	1	1	1	2	1	1	1	1	1	1	1
OG0006661	2	4	1	1	1	1	1	1	1	1	1	1	1	1	1	1	1
OG0006662	1	1	1	2	1	2	1	1	1	1	1	1	1	1	1	1	1
OG0006663	1	3	2	1	2	1	1	1	0	1	1	2	1	1	1	1	1
OG0006664	4	1	2	1	1	1	1	1	1	2	1	1	1	1	1	1	1
OG0006665	4	2	1	1	1	1	1	1	1	2	1	1	1	1	1	1	1
OG0006666	2	5	1	1	1	1	1	1	1	1	1	1	1	1	1	1	1
OG0006667	3	1	1	1	1	1	2	1	1	1	1	1	1	1	1	1	1
OG0006668	1	3	2	2	3	0	1	1	1	1	2	2	2	2	1	1	1
OG0006669	1	1	1	1	1	1	1	2	2	1	1	1	1	1	1	1	2
OG0006670	1	3	1	1	2	1	1	1	1	1	1	1	1	1	1	1	1
OG0006671	1	3	2	2	1	1	1	1	1	1	2	2	2	1	1	1	1
OG0006672	1	2	2	1	1	2	1	1	1	1	1	2	1	1	1	1	1
OG0006673	2	3	2	1	1	1	1	1	1	1	1	2	1	1	1	1	1
OG0006674	2	2	3	2	2	1	2	1	0	2	2	2	2	2	2	2	1
OG0006675	1	2	1	2	1	1	1	1	2	1	1	1	1	1	1	1	1
OG0006676	3	2	2	1	1	1	1	1	1	1	1	2	1	1	1	1	1
OG0006677	1	1	2	1	1	2	1	1	1	1	1	1	1	1	1	1	1
OG0006678	4	1	1	1	2	1	1	1	1	2	1	1	1	1	1	1	1
OG0006679	1	2	1	0	2	2	1	1	1	1	1	1	1	1	1	1	1
OG0006680	1	2	2	1	2	1	1	1	1	1	1	2	1	1	1	1	1
OG0006681	1	2	4	1	1	1	1	1	1	1	1	2	1	1	1	1	1
OG0006682	5	1	1	1	1	1	1	1	1	2	1	1	1	1	1	1	1
OG0006683	2	1	2	0	1	2	1	1	1	1	1	1	1	1	1	1	1
OG0006684	2	2	1	1	2	2	1	1	0	2	2	2	2	2	2	1	1
OG0006685	2	1	1	1	2	1	0	2	2	1	1	1	1	1	1	1	2
OG0006686	3	2	1	1	2	1	1	1	1	1	1	1	1	1	1	1	1
OG0006687	2	4	1	1	1	1	1	1	1	1	1	1	1	1	1	1	1
OG0006688	2	2	1	1	3	1	1	1	1	1	1	1	1	1	1	1	1
OG0006689	2	2	2	2	1	1	1	1	1	2	2	2	2	1	1	1	1
OG0006690	4	1	1	1	1	1	2	1	1	2	1	1	1	1	1	1	1
OG0006691	4	1	1	1	2	1	1	1	1	2	1	1	1	1	1	1	1
OG0006692	1	1	1	3	3	1	1	1	1	1	1	1	1	1	1	1	1
OG0006693	1	2	1	1	1	2	1	1	1	1	1	1	1	1	1	1	1
OG0006694	1	1	2	3	1	2	1	1	0	1	1	1	1	1	1	1	1
OG0006695	1	2	2	1	2	0	2	2	1	1	2	2	2	2	2	2	2
OG0006696	1	2	2	3	2	1	1	1	1	1	2	2	2	2	1	1	1
OG0006697	1	5	1	1	1	1	1	1	1	1	1	1	1	1	1	1	1
OG0006698	1	5	1	1	1	1	1	1	1	1	1	1	1	1	1	1	1
OG0006699	1	6	1	1	1	1	1	1	0	1	1	1	1	1	1	1	1
OG0006700	2	1	1	0	2	2	1	1	1	1	1	1	1	1	1	1	1
OG0006701	2	1	1	1	1	1	1	2	2	1	1	1	1	1	1	1	2
OG0006702	2	2	2	1	2	0	1	2	2	2	2	2	2	2	2	2	2
OG0006703	1	2	3	2	1	1	2	1	1	1	2	2	2	1	1	1	1
OG0006704	1	1	2	1	1	2	1	1	1	1	1	1	1	1	1	1	1
OG0006705	1	1	1	1	1	1	4	1	1	1	1	1	1	1	1	1	1
OG0006706	2	3	2	1	1	1	1	1	1	1	1	2	1	1	1	1	1
OG0006707	1	1	1	0	1	3	1	1	1	1	1	1	1	1	1	1	1
OG0006708	5	1	1	2	1	1	1	1	0	2	1	1	1	1	1	1	1
OG0006709	1	2	2	2	2	1	1	1	1	1	2	2	2	2	1	1	1
OG0006710	2	1	1	1	1	2	2	1	1	1	1	1	1	1	1	1	1
OG0006711	3	2	1	3	1	1	1	1	0	2	2	2	2	1	1	1	1
OG0006712	2	4	1	1	1	1	1	1	1	1	1	1	1	1	1	1	1
OG0006713	1	1	1	1	1	1	2	2	2	1	1	1	1	1	1	2	2
OG0006714	1	1	1	1	1	2	1	1	1	1	1	1	1	1	1	1	1
OG0006715	1	1	1	1	1	1	1	2	2	1	1	1	1	1	1	1	2
OG0006716	2	1	1	4	1	1	1	1	1	1	1	1	1	1	1	1	1
OG0006717	2	4	1	1	1	1	1	1	1	1	1	1	1	1	1	1	1
OG0006718	3	2	1	4	1	1	1	1	0	2	2	2	2	1	1	1	1
OG0006719	1	2	1	1	1	2	1	1	1	1	1	1	1	1	1	1	1
OG0006720	2	1	1	1	1	1	0	2	2	1	1	1	1	1	1	1	2
OG0006721	1	1	2	1	1	1	0	2	2	1	1	1	1	1	1	1	2
OG0006722	1	1	1	1	1	1	6	1	1	1	1	1	1	1	1	1	1
OG0006723	1	2	1	1	1	2	1	1	1	1	1	1	1	1	1	1	1
OG0006724	2	2	1	1	1	1	3	1	1	1	1	1	1	1	1	1	1
OG0006725	2	2	2	2	1	1	1	1	1	2	2	2	2	1	1	1	1
OG0006726	2	3	2	2	2	0	2	1	1	2	2	2	2	2	2	2	1
OG0006727	3	1	2	2	1	1	1	1	1	2	2	2	2	1	1	1	1
OG0006728	2	3	2	1	1	1	1	1	1	1	1	2	1	1	1	1	1
OG0006729	3	3	1	1	1	1	1	1	1	1	1	1	1	1	1	1	1
OG0006730	3	2	2	1	1	1	1	1	1	1	1	2	1	1	1	1	1
OG0006731	1	1	1	2	1	2	1	1	1	1	1	1	1	1	1	1	1
OG0006732	2	1	1	2	4	1	1	1	1	2	2	1	2	2	1	1	1
OG0006733	3	1	1	2	3	1	0	2	0	2	2	1	2	2	1	1	1
OG0006734	3	2	1	2	1	1	1	1	1	2	2	2	2	1	1	1	1
OG0006735	2	2	2	2	1	1	1	1	1	2	2	2	2	1	1	1	1
OG0006736	1	7	1	1	1	1	1	1	0	1	1	1	1	1	1	1	1
OG0006737	1	1	1	1	1	1	5	1	1	1	1	1	1	1	1	1	1
OG0006738	1	1	1	2	1	2	1	1	1	1	1	1	1	1	1	1	1
OG0006739	1	1	1	1	1	1	2	2	2	1	1	1	1	1	1	2	2
OG0006740	2	2	2	1	1	1	1	1	1	1	1	2	1	1	1	1	1
OG0006741	1	1	1	1	1	2	1	1	1	1	1	1	1	1	1	1	1
OG0006742	1	1	1	2	1	1	1	1	2	1	1	1	1	1	1	1	1
OG0006743	2	2	2	1	1	1	1	1	2	1	1	2	1	1	1	1	1
OG0006744	2	2	2	2	1	1	1	1	1	2	2	2	2	1	1	1	1
OG0006745	2	5	1	1	1	1	1	1	1	1	1	1	1	1	1	1	1
OG0006746	2	0	2	0	2	2	2	1	1	2	2	2	2	2	2	2	1
OG0006747	2	3	2	2	2	1	0	1	1	2	2	2	2	2	1	1	1
OG0006748	2	0	1	1	0	2	4	1	1	1	1	1	1	1	1	1	1
OG0006749	1	1	1	1	2	1	2	2	1	1	1	1	1	2	2	2	2
OG0006750	1	5	1	1	1	1	1	1	2	1	1	1	1	1	1	1	1
OG0006751	2	1	1	1	1	1	2	1	2	1	1	1	1	1	1	2	2
OG0006752	4	2	1	1	1	1	1	1	1	2	1	1	1	1	1	1	1
OG0006753	1	5	1	1	1	1	1	1	1	1	1	1	1	1	1	1	1
OG0006754	1	2	2	1	2	1	2	1	1	1	1	2	1	1	1	1	1
OG0006755	2	4	1	1	1	1	1	1	1	1	1	1	1	1	1	1	1
OG0006756	1	5	1	1	1	1	1	1	1	1	1	1	1	1	1	1	1
OG0006757	2	2	2	2	1	1	1	1	1	2	2	2	2	1	1	1	1
OG0006758	1	1	1	1	1	1	2	2	2	1	1	1	1	1	1	2	2
OG0006759	2	5	1	0	1	1	1	1	1	1	1	1	1	1	1	1	1
OG0006760	2	3	2	1	1	1	1	1	1	1	1	2	1	1	1	1	1
OG0006761	3	2	1	2	1	1	1	0	2	2	2	2	2	1	1	1	1
OG0006762	2	2	1	1	1	1	3	1	1	1	1	1	1	1	1	1	1
OG0006763	2	2	1	1	3	1	1	1	1	1	1	1	1	1	1	1	1
OG0006764	1	1	1	1	1	1	1	2	2	1	1	1	1	1	1	1	2
OG0006765	1	2	2	1	2	2	1	1	1	1	2	2	2	2	2	1	1
OG0006766	1	6	1	0	1	1	1	1	1	1	1	1	1	1	1	1	1
OG0006767	2	1	1	1	1	1	1	2	2	1	1	1	1	1	1	1	2
OG0006768	2	4	1	1	1	1	1	1	1	1	1	1	1	1	1	1	1
OG0006769	1	1	1	1	1	0	3	2	2	1	1	1	1	1	1	2	2
OG0006770	1	1	1	1	1	2	1	1	1	1	1	1	1	1	1	1	1
OG0006771	2	4	1	1	1	1	1	1	1	1	1	1	1	1	1	1	1
OG0006772	4	2	1	1	1	1	1	1	1	2	1	1	1	1	1	1	1
OG0006773	2	2	1	1	1	2	1	1	1	1	1	1	1	1	1	1	1
OG0006774	2	2	1	1	1	2	1	1	1	1	1	1	1	1	1	1	1
OG0006775	4	1	2	1	2	1	1	1	1	2	1	1	1	1	1	1	1
OG0006776	1	1	1	1	1	1	1	1	2	1	1	1	1	1	1	1	1
OG0006777	1	1	2	1	1	1	2	1	2	1	1	1	1	1	1	2	2
OG0006778	2	2	3	2	1	1	1	1	1	2	2	2	2	1	1	1	1
OG0006779	3	2	1	1	2	1	1	1	1	1	1	1	1	1	1	1	1
OG0006780	2	4	1	1	1	1	1	1	1	1	1	1	1	1	1	1	1
OG0006781	1	2	2	1	2	2	0	1	0	1	2	2	2	2	2	1	1
OG0006782	1	2	2	1	1	1	3	1	1	1	1	2	1	1	1	1	1
OG0006783	1	5	1	1	1	1	1	1	1	1	1	1	1	1	1	1	1
OG0006784	1	5	1	1	1	1	1	1	1	1	1	1	1	1	1	1	1
OG0006785	1	4	1	2	1	1	1	1	1	1	1	1	1	1	1	1	1
OG0006786	2	1	1	1	1	2	1	1	1	1	1	1	1	1	1	1	1
OG0006787	2	1	4	1	1	1	0	1	1	1	1	1	1	1	1	1	1
OG0006788	1	2	1	1	1	2	1	1	2	1	1	1	1	1	1	1	1
OG0006789	1	4	1	0	3	1	1	1	1	1	1	1	1	1	1	1	1
OG0006790	4	2	1	1	1	1	1	1	1	2	1	1	1	1	1	1	1
OG0006791	2	1	2	2	2	1	0	2	0	2	2	2	2	2	1	1	1
OG0006792	2	1	1	2	2	1	2	1	1	2	2	1	2	2	2	2	1
OG0006793	2	3	1	1	1	1	1	1	1	1	1	1	1	1	1	1	1
OG0006794	1	1	1	1	1	1	2	1	2	1	1	1	1	1	1	2	2
OG0006795	2	1	1	0	1	1	2	2	2	1	1	1	1	1	1	2	2
OG0006796	2	2	1	2	2	1	1	1	1	2	2	2	2	2	1	1	1
OG0006797	2	1	1	2	1	2	1	1	1	1	1	1	1	1	1	1	1
OG0006798	1	5	1	1	1	1	1	1	1	1	1	1	1	1	1	1	1
OG0006799	2	1	2	1	1	1	1	2	0	1	1	1	1	1	1	1	1
OG0006800	2	3	2	1	2	1	1	2	0	1	1	2	1	1	1	1	1
OG0006801	1	1	1	1	1	1	1	2	2	1	1	1	1	1	1	1	2
OG0006802	1	5	2	0	1	1	1	1	1	1	1	2	1	1	1	1	1
OG0006803	2	1	1	1	1	2	1	1	2	1	1	1	1	1	1	1	1
OG0006804	1	5	1	1	1	1	1	1	1	1	1	1	1	1	1	1	1
OG0006805	1	2	1	1	1	1	1	1	2	1	1	1	1	1	1	1	1
OG0006806	4	1	1	1	1	1	1	1	1	2	1	1	1	1	1	1	1
OG0006807	2	3	2	1	1	1	1	1	1	1	1	2	1	1	1	1	1
OG0006808	1	5	1	1	1	1	1	1	1	1	1	1	1	1	1	1	1
OG0006809	1	1	1	1	1	2	2	1	1	1	1	1	1	1	1	1	1
OG0006810	1	3	2	1	1	2	1	1	1	1	1	2	1	1	1	1	1
OG0006811	1	1	1	1	2	1	2	1	2	1	1	1	1	2	2	2	2
OG0006812	1	2	2	1	2	1	1	1	1	1	1	2	1	1	1	1	1
OG0006813	1	2	2	1	1	1	0	2	2	1	1	2	1	1	1	1	2
OG0006814	1	2	1	1	1	1	1	2	2	1	1	1	1	1	1	1	2
OG0006815	2	2	2	2	1	1	1	1	1	2	2	2	2	1	1	1	1
OG0006816	3	2	1	2	1	1	1	1	1	2	2	2	2	1	1	1	1
OG0006817	2	1	2	2	2	1	1	1	1	2	2	2	2	2	1	1	1
OG0006818	1	5	1	1	1	1	1	1	1	1	1	1	1	1	1	1	1
OG0006819	1	4	1	1	1	1	1	1	2	1	1	1	1	1	1	1	1
OG0006820	1	1	1	1	1	2	1	2	1	1	1	1	1	1	1	1	1
OG0006821	1	1	1	3	1	1	1	2	1	1	1	1	1	1	1	1	1
OG0006822	1	1	1	1	1	1	1	2	2	1	1	1	1	1	1	1	2
OG0006823	1	4	1	1	1	1	3	1	0	1	1	1	1	1	1	1	1
OG0006824	1	2	1	1	1	2	1	1	1	1	1	1	1	1	1	1	1
OG0006825	1	2	1	3	1	1	1	1	1	1	1	1	1	1	1	1	1
OG0006826	1	1	1	1	2	1	3	1	1	1	1	1	1	1	1	1	1
OG0006827	1	2	2	2	1	1	1	1	1	1	2	2	2	1	1	1	1
OG0006828	3	1	2	0	1	1	1	1	2	1	1	1	1	1	1	1	1
OG0006829	1	2	2	2	2	1	1	1	1	1	2	2	2	2	1	1	1
OG0006830	1	0	0	1	1	1	7	1	2	1	1	0	1	1	1	2	2
OG0006831	2	2	2	1	2	1	1	1	1	1	1	2	1	1	1	1	1
OG0006832	1	1	1	2	1	1	4	1	1	1	1	1	1	1	1	1	1
OG0006833	2	3	2	2	1	1	1	1	1	2	2	2	2	1	1	1	1
OG0006834	1	1	1	1	1	2	2	1	1	1	1	1	1	1	1	1	1
OG0006835	2	2	1	3	2	1	1	1	1	2	2	2	2	2	1	1	1
OG0006836	2	1	2	1	1	1	2	1	1	1	1	1	1	1	1	1	1
OG0006837	1	2	1	1	1	1	2	1	2	1	1	1	1	1	1	2	2
OG0006838	2	7	1	1	1	1	1	0	0	1	1	1	1	1	1	1	0
OG0006839	2	3	1	2	1	1	1	1	1	2	2	2	2	1	1	1	1
OG0006840	1	5	1	1	1	1	1	1	1	1	1	1	1	1	1	1	1
OG0006841	2	3	2	2	2	2	0	0	0	2	2	2	2	2	2	0	0
OG0006842	1	3	2	2	2	1	1	1	1	1	2	2	2	2	1	1	1
OG0006843	1	1	1	1	1	1	2	1	2	1	1	1	1	1	1	2	2
OG0006844	1	1	1	1	1	1	1	2	1	1	1	1	1	1	1	1	1
OG0006845	2	2	1	2	2	1	1	1	1	2	2	2	2	2	1	1	1
OG0006846	1	3	2	2	1	1	1	1	1	1	2	2	2	1	1	1	1
OG0006847	1	1	1	1	1	1	2	1	2	1	1	1	1	1	1	2	2
OG0006848	1	1	1	1	1	2	1	1	1	1	1	1	1	1	1	1	1
OG0006849	1	4	2	1	1	1	1	1	1	1	1	2	1	1	1	1	1
OG0006850	1	1	1	1	1	0	2	2	2	1	1	1	1	1	1	2	2
OG0006851	2	2	1	1	1	2	0	1	1	1	1	1	1	1	1	1	1
OG0006852	1	2	2	2	2	1	1	1	1	1	2	2	2	2	1	1	1
OG0006853	1	6	1	0	1	1	1	1	1	1	1	1	1	1	1	1	1
OG0006854	1	0	0	0	0	0	0	6	0	1	1	0	1	1	1	1	1
OG0006855	1	1	2	1	1	1	1	2	2	1	1	1	1	1	1	1	2
OG0006856	1	2	1	3	2	1	1	1	1	1	2	2	2	2	1	1	1
OG0006857	2	1	2	1	1	1	1	1	2	1	1	1	1	1	1	1	1
OG0006858	2	1	1	1	1	1	1	1	2	1	1	1	1	1	1	1	1
OG0006859	1	2	1	1	1	2	1	1	1	1	1	1	1	1	1	1	1
OG0006860	2	2	1	0	1	2	0	1	1	1	1	1	1	1	1	1	1
OG0006861	2	1	2	2	2	1	0	1	1	2	2	2	2	2	1	1	1
OG0006862	1	2	2	3	1	1	1	1	1	1	2	2	2	1	1	1	1
OG0006863	1	2	2	0	1	1	2	1	1	1	1	2	1	1	1	1	1
OG0006864	1	2	1	1	1	1	1	2	2	1	1	1	1	1	1	1	2
OG0006865	1	3	2	2	2	0	2	2	0	1	2	2	2	2	2	2	2
OG0006866	1	2	1	1	1	1	1	2	2	1	1	1	1	1	1	1	2
OG0006867	1	2	1	1	1	1	2	2	1	1	1	1	1	1	1	2	2
OG0006868	1	1	2	2	1	2	0	1	1	1	1	1	1	1	1	1	1
OG0006869	1	2	1	1	1	1	0	2	2	1	1	1	1	1	1	1	2
OG0006870	1	1	2	2	3	1	1	1	1	1	2	2	2	2	1	1	1
OG0006871	1	1	2	0	1	0	8	1	1	1	1	1	1	1	1	1	1
OG0006872	1	3	2	1	2	2	1	1	0	1	2	2	2	2	2	1	1
OG0006873	1	2	2	0	1	2	1	1	1	1	1	2	1	1	1	1	1
OG0006874	1	1	1	1	1	1	1	2	1	1	1	1	1	1	1	1	1
OG0006875	1	1	1	1	1	1	1	2	2	1	1	1	1	1	1	1	2
OG0006876	1	0	0	0	0	0	17	0	0	1	1	0	1	1	1	1	0
OG0006877	1	3	2	2	1	1	1	1	1	1	2	2	2	1	1	1	1
OG0006878	1	2	1	1	1	2	1	1	1	1	1	1	1	1	1	1	1
OG0006879	1	1	2	1	1	1	0	2	2	1	1	1	1	1	1	1	2
OG0006880	3	5	2	1	1	1	1	1	0	1	1	2	1	1	1	1	1
OG0006881	1	4	2	2	1	1	1	1	1	1	2	2	2	1	1	1	1
OG0006882	1	1	1	1	1	1	0	2	2	1	1	1	1	1	1	1	2
OG0006883	1	1	1	0	1	2	2	1	2	1	1	1	1	1	2	2	2
OG0006884	1	2	3	1	1	1	1	1	1	1	1	2	1	1	1	1	1
OG0006885	1	1	2	2	1	2	1	1	1	1	1	1	1	1	1	1	1
OG0006886	1	2	1	1	1	2	1	1	1	1	1	1	1	1	1	1	1
OG0006887	1	1	2	1	1	1	0	2	2	1	1	1	1	1	1	1	2
OG0006888	1	2	1	1	1	2	1	1	2	1	1	1	1	1	1	1	1
OG0006889	1	1	1	2	2	2	0	1	2	1	2	1	2	2	2	1	1
OG0006890	1	2	1	2	1	2	1	1	0	1	1	1	1	1	1	1	1
OG0006891	1	3	2	2	2	2	1	0	0	1	2	2	2	2	2	1	0
OG0006892	1	1	2	0	2	2	2	1	2	1	1	1	1	2	2	2	2
OG0006893	1	1	1	1	2	2	1	1	1	1	1	1	1	1	1	1	1
OG0006894	1	1	1	1	2	2	1	1	1	1	1	1	1	1	1	1	1
OG0006895	1	5	1	1	1	1	1	1	1	1	1	1	1	1	1	1	1
OG0006896	1	1	1	1	1	3	1	1	0	1	1	1	1	1	1	1	1
OG0006897	1	2	1	0	1	1	2	2	2	1	1	1	1	1	1	2	2
OG0006898	1	5	2	0	1	1	1	1	1	1	1	2	1	1	1	1	1
OG0006899	1	2	1	2	2	1	2	1	1	1	2	2	2	2	2	2	1
OG0006900	1	2	1	1	1	1	1	1	2	1	1	1	1	1	1	1	1
OG0006901	1	1	1	0	1	1	1	2	2	1	1	1	1	1	1	1	2
OG0006902	1	5	1	1	1	1	1	1	1	1	1	1	1	1	1	1	1
OG0006903	1	4	1	1	2	1	1	1	1	1	1	1	1	1	1	1	1
OG0006904	1	0	0	0	3	1	5	1	1	1	1	0	1	1	1	1	1
OG0006905	1	0	1	0	1	0	0	5	0	1	1	1	1	1	1	1	1
OG0007009	6	2	1	1	1	1	1	1	0	2	1	1	1	1	1	1	1
OG0007010	1	2	2	2	1	1	1	1	1	1	2	2	2	1	1	1	1
OG0007011	2	0	1	0	1	1	3	1	1	1	1	1	1	1	1	1	1
OG0007012	3	3	0	1	1	1	1	1	1	1	1	1	1	1	1	1	1
OG0007013	1	5	1	0	1	1	1	1	1	1	1	1	1	1	1	1	1
OG0007014	3	2	1	1	1	1	1	1	1	1	1	1	1	1	1	1	1
OG0007015	2	3	2	1	1	1	1	1	0	1	1	2	1	1	1	1	1
OG0007016	2	1	1	0	1	1	2	2	1	1	1	1	1	1	1	2	2
OG0007017	1	1	1	1	1	2	1	1	1	1	1	1	1	1	1	1	1
OG0007018	4	1	1	1	1	1	1	1	1	2	1	1	1	1	1	1	1
OG0007019	1	1	1	0	2	1	1	2	2	1	1	1	1	1	1	1	2
OG0007020	3	2	1	1	1	1	1	1	1	1	1	1	1	1	1	1	1
OG0007021	3	2	1	1	1	1	1	1	1	1	1	1	1	1	1	1	1
OG0007022	3	1	1	2	1	1	1	1	1	1	1	1	1	1	1	1	1
OG0007023	2	3	2	1	1	1	1	1	0	1	1	2	1	1	1	1	1
OG0007024	4	2	1	0	1	1	1	1	1	2	1	1	1	1	1	1	1
OG0007025	5	1	2	1	2	0	1	1	1	2	1	1	1	1	1	1	1
OG0007026	3	2	1	1	1	1	1	1	1	1	1	1	1	1	1	1	1
OG0007027	1	1	1	1	1	2	1	1	1	1	1	1	1	1	1	1	1
OG0007028	1	2	1	2	1	2	1	1	0	1	1	1	1	1	1	1	1
OG0007029	4	1	1	1	1	1	1	1	1	2	1	1	1	1	1	1	1
OG0007030	1	2	2	2	1	1	1	1	1	1	2	2	2	1	1	1	1
OG0007031	2	1	1	1	1	1	4	1	1	1	1	1	1	1	1	1	1
OG0007032	2	3	2	1	2	1	1	1	0	1	1	2	1	1	1	1	1
OG0007033	1	2	2	1	1	1	2	1	1	1	1	2	1	1	1	1	1
OG0007034	3	2	2	2	1	1	1	0	1	2	2	2	2	1	1	1	1
OG0007035	2	2	2	2	1	1	1	1	1	2	2	2	2	1	1	1	1
OG0007036	1	1	1	1	1	2	1	1	1	1	1	1	1	1	1	1	1
OG0007037	1	3	2	1	1	1	1	1	1	1	1	2	1	1	1	1	1
OG0007038	1	2	1	1	1	1	1	2	1	1	1	1	1	1	1	1	1
OG0007039	4	1	1	1	1	1	1	1	1	2	1	1	1	1	1	1	1
OG0007040	2	1	1	1	1	1	1	1	2	1	1	1	1	1	1	1	1
OG0007041	1	3	1	2	1	1	1	1	1	1	1	1	1	1	1	1	1
OG0007042	1	3	1	2	2	1	0	1	1	1	2	2	2	2	1	1	1
OG0007043	3	3	2	1	2	0	1	1	1	2	2	2	2	2	1	1	1
OG0007044	3	2	1	1	1	1	1	1	1	1	1	1	1	1	1	1	1
OG0007045	2	4	1	0	1	1	1	1	1	1	1	1	1	1	1	1	1
OG0007046	1	1	2	1	1	1	1	2	1	1	1	1	1	1	1	1	1
OG0007047	2	4	1	1	2	1	1	1	1	1	1	1	1	1	1	1	1
OG0007048	1	2	3	0	2	1	1	1	1	1	1	2	1	1	1	1	1
OG0007049	2	2	2	1	1	1	1	1	1	1	1	2	1	1	1	1	1
OG0007050	2	2	2	1	1	1	1	1	1	1	1	2	1	1	1	1	1
OG0007051	5	1	1	1	1	1	1	1	1	2	1	1	1	1	1	1	1
OG0007052	5	2	1	1	1	1	1	1	0	2	1	1	1	1	1	1	1
OG0007053	4	2	1	1	1	1	1	1	1	2	1	1	1	1	1	1	1
OG0007054	3	1	1	1	1	0	0	3	1	1	1	1	1	1	1	1	1
OG0007055	2	1	1	1	1	2	1	1	1	1	1	1	1	1	1	1	1
OG0007056	1	3	2	1	1	1	1	1	1	1	1	2	1	1	1	1	1
OG0007057	3	2	1	0	1	1	1	1	1	1	1	1	1	1	1	1	1
OG0007058	2	1	2	2	1	1	1	1	1	2	2	2	2	1	1	1	1
OG0007059	2	0	1	2	2	1	1	1	1	1	1	1	1	1	1	1	1
OG0007060	2	2	3	2	1	1	0	1	0	2	2	2	2	1	1	1	1
OG0007061	1	2	2	2	1	1	1	1	1	1	2	2	2	1	1	1	1
OG0007062	1	1	1	1	1	1	4	1	1	1	1	1	1	1	1	1	1
OG0007063	1	0	0	0	7	1	4	0	0	1	1	0	1	1	1	1	0
OG0007064	1	4	2	1	1	1	0	1	1	1	1	2	1	1	1	1	1
OG0007065	2	2	1	1	1	1	1	1	1	1	1	1	1	1	1	1	1
OG0007066	1	5	1	2	1	1	1	0	1	1	1	1	1	1	1	1	1
OG0007067	2	2	2	3	2	0	1	1	1	2	2	2	2	2	1	1	1
OG0007068	1	2	2	2	1	1	1	1	1	1	2	2	2	1	1	1	1
OG0007069	1	2	2	2	1	1	1	1	1	1	2	2	2	1	1	1	1
OG0007070	3	1	2	1	1	1	1	1	1	1	1	1	1	1	1	1	1
OG0007071	2	3	1	1	1	1	1	1	1	1	1	1	1	1	1	1	1
OG0007072	1	1	3	2	1	1	1	1	1	1	1	1	1	1	1	1	1
OG0007073	4	2	1	1	1	1	1	1	1	2	1	1	1	1	1	1	1
OG0007074	2	2	2	2	1	1	1	1	1	2	2	2	2	1	1	1	1
OG0007075	4	2	2	1	0	1	1	1	1	2	2	2	1	1	1	1	1
OG0007076	1	1	1	1	1	1	1	2	2	1	1	1	1	1	1	1	2
OG0007077	1	3	2	1	1	1	1	1	1	1	1	2	1	1	1	1	1
OG0007078	4	1	1	1	1	1	1	1	1	2	1	1	1	1	1	1	1
OG0007079	3	2	2	0	1	1	1	1	1	1	1	2	1	1	1	1	1
OG0007080	1	4	1	1	1	1	0	1	1	1	1	1	1	1	1	1	1
OG0007081	3	1	2	1	1	1	1	1	1	1	1	1	1	1	1	1	1
OG0007082	4	2	1	0	1	1	1	1	1	2	1	1	1	1	1	1	1
OG0007083	3	2	1	1	1	1	1	1	1	1	1	1	1	1	1	1	1
OG0007084	1	1	1	2	2	1	1	1	1	1	1	1	1	1	1	1	1
OG0007085	1	2	1	0	3	1	1	1	2	1	1	1	1	1	1	1	1
OG0007086	2	2	2	1	1	1	1	1	1	1	1	2	1	1	1	1	1
OG0007087	1	3	1	0	1	1	2	1	1	1	1	1	1	1	1	1	1
OG0007088	1	5	1	0	1	1	1	1	1	1	1	1	1	1	1	1	1
OG0007089	1	1	1	1	2	1	1	2	1	1	1	1	1	1	1	1	1
OG0007090	4	1	1	1	1	1	1	1	1	2	1	1	1	1	1	1	1
OG0007091	1	5	1	0	1	1	1	1	1	1	1	1	1	1	1	1	1
OG0007092	3	2	1	1	1	1	1	1	1	1	1	1	1	1	1	1	1
OG0007093	2	3	1	1	1	1	1	1	1	1	1	1	1	1	1	1	1
OG0007094	1	1	1	1	2	2	1	1	1	1	1	1	1	1	1	1	1
OG0007095	3	2	1	1	1	1	1	1	1	1	1	1	1	1	1	1	1
OG0007096	1	1	1	1	2	1	2	2	0	1	1	1	1	2	2	2	2
OG0007097	1	3	3	0	1	1	1	1	1	1	1	3	1	1	1	1	1
OG0007098	2	1	3	1	1	1	1	1	1	1	1	1	1	1	1	1	1
OG0007099	7	1	1	1	1	0	1	1	1	2	1	1	1	1	1	1	1
OG0007100	2	3	1	1	1	1	1	1	1	1	1	1	1	1	1	1	1
OG0007101	4	1	1	1	1	1	1	1	1	2	1	1	1	1	1	1	1
OG0007102	1	1	1	2	1	1	3	1	1	1	1	1	1	1	1	1	1
OG0007103	4	1	1	1	1	1	1	1	1	2	1	1	1	1	1	1	1
OG0007104	1	2	1	2	1	1	0	1	2	1	1	1	1	1	1	1	1
OG0007105	4	1	1	1	1	1	1	1	1	2	1	1	1	1	1	1	1
OG0007106	3	2	1	1	1	1	1	1	1	1	1	1	1	1	1	1	1
OG0007107	2	2	1	1	1	1	1	1	1	1	1	1	1	1	1	1	1
OG0007108	2	1	2	2	1	1	1	1	1	2	2	2	2	1	1	1	1
OG0007110	1	1	1	1	1	2	1	1	2	1	1	1	1	1	1	1	1
OG0007111	1	2	2	1	2	1	1	1	1	1	1	2	1	1	1	1	1
OG0007112	1	3	2	1	1	1	1	1	1	1	1	2	1	1	1	1	1
OG0007113	1	4	1	1	1	1	1	1	1	1	1	1	1	1	1	1	1
OG0007114	1	1	1	2	1	1	1	1	2	1	1	1	1	1	1	1	1
OG0007115	3	2	1	1	1	1	1	1	1	1	1	1	1	1	1	1	1
OG0007116	1	1	2	2	1	1	1	1	1	1	1	1	1	1	1	1	1
OG0007117	2	1	1	0	1	1	1	2	2	1	1	1	1	1	1	1	2
OG0007118	1	2	2	0	1	0	3	1	2	1	1	2	1	1	1	2	2
OG0007119	2	2	1	1	1	1	1	1	1	1	1	1	1	1	1	1	1
OG0007120	4	1	1	1	1	1	1	1	1	2	1	1	1	1	1	1	1
OG0007121	1	2	1	1	1	2	1	1	1	1	1	1	1	1	1	1	1
OG0007122	2	2	2	1	1	1	1	1	1	1	1	2	1	1	1	1	1
OG0007123	3	2	1	1	1	1	1	1	1	1	1	1	1	1	1	1	1
OG0007124	1	2	2	2	1	1	1	1	1	1	2	2	2	1	1	1	1
OG0007125	1	4	1	1	1	1	1	1	1	1	1	1	1	1	1	1	1
OG0007126	2	2	1	1	1	1	1	1	1	1	1	1	1	1	1	1	1
OG0007127	2	1	1	0	1	1	3	1	1	1	1	1	1	1	1	1	1
OG0007128	4	1	1	1	1	1	1	1	1	2	1	1	1	1	1	1	1
OG0007129	2	3	1	3	1	1	1	1	0	2	2	2	2	1	1	1	1
OG0007130	1	3	1	1	1	1	1	1	1	1	1	1	1	1	1	1	1
OG0007131	1	1	1	1	1	1	4	1	1	1	1	1	1	1	1	1	1
OG0007133	5	2	1	1	1	1	0	1	0	2	1	1	1	1	1	1	1
OG0007134	1	2	2	2	1	1	1	1	1	1	2	2	2	1	1	1	1
OG0007135	2	2	1	1	2	1	1	1	1	1	1	1	1	1	1	1	1
OG0007136	3	2	1	1	1	1	1	1	1	1	1	1	1	1	1	1	1
OG0007137	4	1	1	1	1	1	1	1	1	2	1	1	1	1	1	1	1
OG0007138	1	4	1	1	1	1	1	1	1	1	1	1	1	1	1	1	1
OG0007139	1	0	1	1	2	1	2	1	1	1	1	1	1	1	1	1	1
OG0007140	2	2	1	0	2	1	2	1	1	1	1	1	1	1	1	1	1
OG0007141	2	1	1	1	1	2	1	1	0	1	1	1	1	1	1	1	1
OG0007142	2	1	1	1	1	2	1	2	0	1	1	1	1	1	1	1	1
OG0007143	1	1	1	1	1	1	1	2	2	1	1	1	1	1	1	1	2
OG0007144	2	2	1	0	1	1	1	1	2	1	1	1	1	1	1	1	1
OG0007145	5	1	0	0	1	1	1	1	1	2	1	1	1	1	1	1	1
OG0007146	3	1	1	2	1	1	1	1	1	1	1	1	1	1	1	1	1
OG0007147	3	1	3	0	1	1	1	1	1	1	1	1	1	1	1	1	1
OG0007148	1	1	1	2	1	1	2	1	0	1	1	1	1	1	1	1	1
OG0007149	4	1	1	1	1	1	1	1	1	2	1	1	1	1	1	1	1
OG0007150	1	3	1	1	1	1	2	1	1	1	1	1	1	1	1	1	1
OG0007151	1	1	1	1	1	1	2	1	2	1	1	1	1	1	1	2	2
OG0007152	2	1	2	1	2	1	1	1	1	1	1	1	1	1	1	1	1
OG0007153	2	2	2	1	1	1	1	1	1	1	1	2	1	1	1	1	1
OG0007154	1	2	2	1	2	1	1	1	1	1	1	2	1	1	1	1	1
OG0007155	2	2	1	1	1	2	1	1	1	1	1	1	1	1	1	1	1
OG0007156	4	1	2	0	1	1	1	1	1	2	1	1	1	1	1	1	1
OG0007157	1	2	1	2	2	1	1	1	1	1	2	2	2	2	1	1	1
OG0007158	4	1	1	1	1	1	1	1	1	2	1	1	1	1	1	1	1
OG0007159	2	2	1	2	1	1	1	1	1	2	2	2	2	1	1	1	1
OG0007160	4	1	1	2	1	1	0	1	1	2	1	1	1	1	1	1	1
OG0007161	2	3	1	2	2	1	1	1	0	2	2	2	2	2	1	1	1
OG0007162	1	2	2	2	1	1	1	1	1	1	2	2	2	1	1	1	1
OG0007163	3	2	1	0	1	1	1	1	1	1	1	1	1	1	1	1	1
OG0007164	1	1	1	4	1	1	1	1	1	1	1	1	1	1	1	1	1
OG0007165	1	1	1	1	1	1	3	1	1	1	1	1	1	1	1	1	1
OG0007166	1	1	1	1	1	1	1	1	2	1	1	1	1	1	1	1	1
OG0007167	4	1	1	1	1	1	1	1	1	2	1	1	1	1	1	1	1
OG0007168	6	1	0	3	1	1	1	0	0	2	1	1	1	1	1	1	0
OG0007169	5	1	1	1	1	1	1	1	1	2	1	1	1	1	1	1	1
OG0007170	4	4	1	1	1	0	1	1	1	2	1	1	1	1	1	1	1
OG0007171	1	1	1	2	1	1	1	1	2	1	1	1	1	1	1	1	1
OG0007172	2	2	1	1	2	1	1	1	1	1	1	1	1	1	1	1	1
OG0007173	1	1	1	0	2	2	1	1	1	1	1	1	1	1	1	1	1
OG0007174	2	3	1	1	1	1	1	1	1	1	1	1	1	1	1	1	1
OG0007175	2	2	2	1	1	0	1	1	2	1	1	2	1	1	1	1	1
OG0007176	2	3	2	0	1	1	1	1	1	1	1	2	1	1	1	1	1
OG0007177	2	1	1	2	2	1	2	0	1	2	2	1	2	2	2	2	1
OG0007178	1	2	2	1	2	1	1	1	1	1	1	2	1	1	1	1	1
OG0007179	2	2	2	2	1	1	1	1	1	2	2	2	2	1	1	1	1
OG0007180	1	2	1	1	1	1	1	2	1	1	1	1	1	1	1	1	1
OG0007181	1	2	2	2	1	1	1	1	1	1	2	2	2	1	1	1	1
OG0007182	2	3	1	1	1	1	1	1	1	1	1	1	1	1	1	1	1
OG0007183	1	1	1	1	1	1	1	1	2	1	1	1	1	1	1	1	1
OG0007184	2	3	1	1	1	1	1	1	1	1	1	1	1	1	1	1	1
OG0007185	1	1	1	2	3	1	1	1	1	1	1	1	1	1	1	1	1
OG0007186	1	4	1	1	1	1	1	1	1	1	1	1	1	1	1	1	1
OG0007187	1	4	1	1	1	1	1	1	1	1	1	1	1	1	1	1	1
OG0007188	1	1	3	1	1	1	1	1	1	1	1	1	1	1	1	1	1
OG0007189	1	1	1	0	1	1	0	2	2	1	1	1	1	1	1	1	2
OG0007190	4	1	1	1	1	1	1	1	1	2	1	1	1	1	1	1	1
OG0007191	1	2	2	3	1	1	1	1	1	1	2	2	2	1	1	1	1
OG0007192	3	2	1	2	1	1	1	1	0	2	2	2	2	1	1	1	1
OG0007193	2	1	2	1	1	2	1	1	0	1	1	1	1	1	1	1	1
OG0007194	1	2	2	1	3	1	0	1	1	1	1	2	1	1	1	1	1
OG0007195	4	1	1	1	1	1	1	1	1	2	1	1	1	1	1	1	1
OG0007196	3	2	1	1	1	1	1	1	1	1	1	1	1	1	1	1	1
OG0007197	1	4	1	1	1	1	1	1	1	1	1	1	1	1	1	1	1
OG0007198	1	4	1	1	1	1	1	1	1	1	1	1	1	1	1	1	1
OG0007199	1	4	2	1	1	1	1	1	1	1	1	2	1	1	1	1	1
OG0007200	2	1	1	1	1	2	1	1	1	1	1	1	1	1	1	1	1
OG0007201	2	5	1	1	1	1	1	1	0	1	1	1	1	1	1	1	1
OG0007202	1	2	1	1	0	2	1	1	1	1	1	1	1	1	1	1	1
OG0007203	1	1	1	2	1	2	1	1	1	1	1	1	1	1	1	1	1
OG0007204	1	3	1	1	2	1	1	1	1	1	1	1	1	1	1	1	1
OG0007206	1	2	1	1	1	1	1	1	1	1	1	1	1	1	1	1	1
OG0007207	2	2	1	1	1	1	1	1	1	1	1	1	1	1	1	1	1
OG0007208	1	4	1	1	1	1	1	1	1	1	1	1	1	1	1	1	1
OG0007209	2	1	1	1	1	1	1	2	1	1	1	1	1	1	1	1	1
OG0007210	1	2	1	1	1	2	1	1	1	1	1	1	1	1	1	1	1
OG0007211	3	2	2	0	1	0	2	1	2	1	1	2	1	1	1	2	2
OG0007212	3	2	1	2	1	1	1	1	1	2	2	2	2	1	1	1	1
OG0007213	3	2	1	1	1	1	1	1	0	1	1	1	1	1	1	1	1
OG0007214	1	1	1	1	1	2	1	2	0	1	1	1	1	1	1	1	1
OG0007215	1	2	1	1	1	1	3	1	1	1	1	1	1	1	1	1	1
OG0007216	1	2	2	2	1	1	1	1	1	1	2	2	2	1	1	1	1
OG0007217	1	3	1	1	1	1	2	1	1	1	1	1	1	1	1	1	1
OG0007218	7	1	1	1	1	0	0	1	1	2	1	1	1	1	1	1	1
OG0007219	1	2	2	1	1	1	2	1	1	1	1	2	1	1	1	1	1
OG0007220	3	1	1	2	1	1	1	1	1	1	1	1	1	1	1	1	1
OG0007221	5	2	1	0	1	1	1	1	1	2	1	1	1	1	1	1	1
OG0007222	1	4	1	1	1	1	1	1	1	1	1	1	1	1	1	1	1
OG0007223	3	1	3	1	1	1	1	1	0	1	1	1	1	1	1	1	1
OG0007224	2	2	1	1	2	1	1	1	1	1	1	1	1	1	1	1	1
OG0007225	1	2	3	1	1	1	1	1	1	1	1	2	1	1	1	1	1
OG0007226	1	4	3	2	3	1	0	1	0	1	2	3	2	2	1	1	1
OG0007227	2	3	1	1	1	1	1	1	1	1	1	1	1	1	1	1	1
OG0007228	1	2	1	2	1	2	1	1	1	1	1	1	1	1	1	1	1
OG0007229	1	4	1	1	1	1	1	1	1	1	1	1	1	1	1	1	1
OG0007230	2	2	2	1	1	1	1	1	1	1	1	2	1	1	1	1	1
OG0007231	1	4	1	1	1	1	1	1	1	1	1	1	1	1	1	1	1
OG0007232	3	2	1	1	1	1	1	1	1	1	1	1	1	1	1	1	1
OG0007233	1	1	1	1	1	2	1	1	2	1	1	1	1	1	1	1	1
OG0007234	1	2	1	2	2	1	1	1	1	1	2	2	2	2	1	1	1
OG0007235	1	2	2	1	2	1	2	1	1	1	1	2	1	1	1	1	1
OG0007236	1	1	1	1	1	2	1	1	1	1	1	1	1	1	1	1	1
OG0007237	3	2	1	1	1	1	1	1	1	1	1	1	1	1	1	1	1
OG0007238	2	1	3	1	1	1	1	1	1	1	1	1	1	1	1	1	1
OG0007239	1	0	2	1	2	2	0	2	0	1	1	1	1	1	1	1	1
OG0007240	1	1	1	1	1	2	1	1	1	1	1	1	1	1	1	1	1
OG0007241	2	5	1	0	1	1	1	1	1	1	1	1	1	1	1	1	1
OG0007242	3	2	1	1	1	1	1	1	1	1	1	1	1	1	1	1	1
OG0007243	3	1	1	1	1	1	2	1	1	1	1	1	1	1	1	1	1
OG0007244	1	2	2	1	2	1	1	1	1	1	1	2	1	1	1	1	1
OG0007245	2	2	1	3	1	1	1	1	0	2	2	2	2	1	1	1	1
OG0007246	5	1	1	1	1	1	1	1	0	2	1	1	1	1	1	1	1
OG0007247	1	1	1	1	1	2	1	1	1	1	1	1	1	1	1	1	1
OG0007248	2	3	1	1	1	1	1	1	1	1	1	1	1	1	1	1	1
OG0007249	2	1	1	3	1	1	1	1	1	1	1	1	1	1	1	1	1
OG0007250	2	1	2	2	1	1	1	1	1	2	2	2	2	1	1	1	1
OG0007251	1	2	2	1	2	1	1	1	1	1	1	2	1	1	1	1	1
OG0007252	1	2	2	2	1	1	1	1	1	1	2	2	2	1	1	1	1
OG0007253	1	2	2	2	1	1	1	1	1	1	2	2	2	1	1	1	1
OG0007254	1	3	1	1	1	1	1	1	1	1	1	1	1	1	1	1	1
OG0007255	3	2	1	1	1	1	1	1	1	1	1	1	1	1	1	1	1
OG0007256	1	2	2	2	1	1	1	1	1	1	2	2	2	1	1	1	1
OG0007257	1	0	1	1	1	1	2	2	2	1	1	1	1	1	1	2	2
OG0007258	3	2	1	1	1	1	1	1	1	1	1	1	1	1	1	1	1
OG0007259	1	1	1	1	1	2	1	1	1	1	1	1	1	1	1	1	1
OG0007260	1	1	2	2	2	1	1	1	1	1	2	2	2	2	1	1	1
OG0007261	2	1	1	1	3	1	1	1	1	1	1	1	1	1	1	1	1
OG0007262	1	1	1	1	1	2	2	1	1	1	1	1	1	1	1	1	1
OG0007263	1	1	1	1	1	1	2	1	2	1	1	1	1	1	1	2	2
OG0007264	1	2	3	1	1	1	1	1	1	1	1	2	1	1	1	1	1
OG0007265	2	2	1	1	1	1	3	1	1	1	1	1	1	1	1	1	1
OG0007266	2	1	2	2	1	1	1	1	1	2	2	2	2	1	1	1	1
OG0007267	3	1	1	2	1	1	1	1	1	1	1	1	1	1	1	1	1
OG0007268	1	2	1	1	1	1	1	1	2	1	1	1	1	1	1	1	1
OG0007269	1	2	1	2	2	1	1	1	1	1	2	2	2	2	1	1	1
OG0007270	1	5	1	0	2	1	1	1	1	1	1	1	1	1	1	1	1
OG0007271	1	3	2	1	1	1	1	1	1	1	1	2	1	1	1	1	1
OG0007272	3	2	1	1	1	1	1	1	1	1	1	1	1	1	1	1	1
OG0007273	1	1	2	0	1	1	1	1	2	1	1	1	1	1	1	1	1
OG0007274	1	1	1	1	1	1	1	2	2	1	1	1	1	1	1	1	2
OG0007275	1	8	1	1	1	1	1	0	0	1	1	1	1	1	1	1	0
OG0007276	2	1	1	1	1	1	1	2	1	1	1	1	1	1	1	1	1
OG0007277	2	1	2	2	2	1	1	1	1	2	2	2	2	2	1	1	1
OG0007278	2	2	2	1	1	1	1	1	1	1	1	2	1	1	1	1	1
OG0007279	2	3	1	1	1	1	2	1	0	1	1	1	1	1	1	1	1
OG0007280	2	1	1	1	1	1	1	2	1	1	1	1	1	1	1	1	1
OG0007281	1	2	1	2	2	1	1	1	1	1	2	2	2	2	1	1	1
OG0007282	1	1	1	1	1	1	1	2	2	1	1	1	1	1	1	1	2
OG0007283	4	2	1	1	1	1	1	1	1	2	1	1	1	1	1	1	1
OG0007284	3	2	1	1	1	1	1	1	1	1	1	1	1	1	1	1	1
OG0007285	3	2	1	1	1	1	1	1	1	1	1	1	1	1	1	1	1
OG0007286	2	4	1	1	1	1	1	1	1	1	1	1	1	1	1	1	1
OG0007287	1	2	2	1	2	1	1	1	1	1	1	2	1	1	1	1	1
OG0007288	6	1	1	1	1	1	1	1	0	2	1	1	1	1	1	1	1
OG0007289	3	2	1	1	1	1	1	1	1	1	1	1	1	1	1	1	1
OG0007290	1	1	1	1	2	1	1	2	2	1	1	1	1	1	1	1	2
OG0007291	1	1	1	1	1	1	1	2	2	1	1	1	1	1	1	1	2
OG0007292	2	2	3	1	1	1	1	1	0	1	1	2	1	1	1	1	1
OG0007293	2	1	2	2	1	1	1	1	1	2	2	2	2	1	1	1	1
OG0007294	2	1	1	1	2	1	1	1	1	1	1	1	1	1	1	1	1
OG0007295	2	1	1	1	1	2	1	1	1	1	1	1	1	1	1	1	1
OG0007296	1	1	1	0	1	2	1	1	1	1	1	1	1	1	1	1	1
OG0007297	2	1	1	0	2	2	1	1	0	1	1	1	1	1	1	1	1
OG0007298	2	2	1	1	2	1	1	1	1	1	1	1	1	1	1	1	1
OG0007299	2	2	2	1	1	1	1	1	1	1	1	2	1	1	1	1	1
OG0007300	2	2	1	1	1	1	1	1	1	1	1	1	1	1	1	1	1
OG0007301	1	2	1	2	1	1	1	1	2	1	1	1	1	1	1	1	1
OG0007302	4	1	1	1	1	1	1	1	1	2	1	1	1	1	1	1	1
OG0007303	1	1	1	0	1	2	3	1	1	1	1	1	1	1	1	1	1
OG0007304	1	2	2	2	1	1	1	1	1	1	2	2	2	1	1	1	1
OG0007305	1	2	1	2	1	2	1	1	1	1	1	1	1	1	1	1	1
OG0007306	1	4	2	2	2	1	0	0	2	1	2	2	2	2	1	1	1
OG0007307	1	6	1	1	1	1	1	0	1	1	1	1	1	1	1	1	1
OG0007308	2	3	2	0	1	1	1	1	1	1	1	2	1	1	1	1	1
OG0007309	4	1	1	1	1	1	1	1	1	2	1	1	1	1	1	1	1
OG0007310	1	1	1	1	1	1	1	1	2	1	1	1	1	1	1	1	1
OG0007311	1	1	1	1	2	2	1	1	0	1	1	1	1	1	1	1	1
OG0007312	1	1	1	2	6	1	1	1	0	1	1	1	1	1	1	1	1
OG0007313	1	1	1	1	1	2	1	1	1	1	1	1	1	1	1	1	1
OG0007314	1	1	1	1	1	2	1	1	1	1	1	1	1	1	1	1	1
OG0007315	3	1	1	0	1	1	3	1	1	1	1	1	1	1	1	1	1
OG0007316	1	1	1	0	1	2	3	1	1	1	1	1	1	1	1	1	1
OG0007317	2	1	1	1	1	1	1	1	2	1	1	1	1	1	1	1	1
OG0007318	1	2	2	1	2	1	1	1	1	1	1	2	1	1	1	1	1
OG0007319	1	4	1	1	1	1	1	1	1	1	1	1	1	1	1	1	1
OG0007320	1	2	2	1	1	0	2	1	2	1	1	2	1	1	1	2	2
OG0007321	1	3	1	2	1	1	1	1	1	1	1	1	1	1	1	1	1
OG0007322	1	2	2	2	2	1	1	1	1	1	2	2	2	2	1	1	1
OG0007323	1	3	2	1	1	1	1	1	1	1	1	2	1	1	1	1	1
OG0007324	1	1	1	0	1	1	6	1	0	1	1	1	1	1	1	1	1
OG0007325	2	2	2	1	2	1	1	1	1	1	1	2	1	1	1	1	1
OG0007326	1	1	1	1	1	1	2	2	2	1	1	1	1	1	1	2	2
OG0007327	1	2	1	1	1	1	1	2	1	1	1	1	1	1	1	1	1
OG0007328	2	1	1	2	2	1	1	1	1	1	1	1	1	1	1	1	1
OG0007329	1	2	1	2	1	1	2	1	1	1	1	1	1	1	1	1	1
OG0007330	1	1	1	1	1	1	4	1	1	1	1	1	1	1	1	1	1
OG0007331	1	2	2	2	1	1	1	1	1	1	2	2	2	1	1	1	1
OG0007332	2	1	1	1	1	1	1	1	2	1	1	1	1	1	1	1	1
OG0007333	1	5	1	1	1	1	1	1	1	1	1	1	1	1	1	1	1
OG0007334	1	2	1	1	1	2	1	1	1	1	1	1	1	1	1	1	1
OG0007335	2	4	1	0	1	1	1	1	1	1	1	1	1	1	1	1	1
OG0007336	1	2	2	1	1	1	1	1	1	1	1	2	1	1	1	1	1
OG0007337	1	1	1	1	1	1	2	1	2	1	1	1	1	1	1	2	2
OG0007338	2	2	2	2	1	1	1	1	1	2	2	2	2	1	1	1	1
OG0007339	1	2	2	1	1	1	2	1	2	1	1	2	1	1	1	2	2
OG0007340	2	1	1	1	1	1	2	1	1	1	1	1	1	1	1	1	1
OG0007341	1	2	1	1	1	2	1	1	1	1	1	1	1	1	1	1	1
OG0007342	1	1	2	0	1	2	1	1	1	1	1	1	1	1	1	1	1
OG0007343	1	1	1	0	1	1	1	2	1	1	1	1	1	1	1	1	1
OG0007344	1	1	3	2	2	1	2	1	0	1	2	2	2	2	2	2	1
OG0007345	1	1	1	1	1	1	2	1	2	1	1	1	1	1	1	2	2
OG0007346	2	1	1	1	3	1	1	1	0	1	1	1	1	1	1	1	1
OG0007347	1	4	1	1	1	1	1	1	1	1	1	1	1	1	1	1	1
OG0007348	2	1	1	2	1	1	1	1	1	1	1	1	1	1	1	1	1
OG0007349	1	1	1	1	1	1	1	1	2	1	1	1	1	1	1	1	1
OG0007350	2	1	1	0	2	0	1	2	2	1	1	1	1	1	1	1	2
OG0007351	1	2	3	1	1	1	1	1	1	1	1	2	1	1	1	1	1
OG0007352	2	2	1	1	2	1	1	1	1	1	1	1	1	1	1	1	1
OG0007353	1	2	1	1	2	2	0	1	1	1	1	1	1	1	1	1	1
OG0007354	1	1	1	3	1	1	1	1	1	1	1	1	1	1	1	1	1
OG0007355	2	4	1	2	1	1	0	1	1	2	2	2	2	1	1	1	1
OG0007356	2	2	1	1	2	1	1	1	1	1	1	1	1	1	1	1	1
OG0007357	1	1	1	1	1	1	0	2	2	1	1	1	1	1	1	1	2
OG0007358	1	1	2	1	2	2	1	1	0	1	1	1	1	1	1	1	1
OG0007359	1	2	2	2	1	1	0	2	1	1	2	2	2	1	1	1	1
OG0007360	1	1	1	2	2	1	1	1	2	1	1	1	1	1	1	1	1
OG0007361	1	1	1	1	2	1	1	1	2	1	1	1	1	1	1	1	1
OG0007362	1	1	1	1	1	2	1	1	1	1	1	1	1	1	1	1	1
OG0007363	1	1	1	4	1	1	1	1	1	1	1	1	1	1	1	1	1
OG0007364	1	2	1	1	1	2	1	1	1	1	1	1	1	1	1	1	1
OG0007365	1	3	1	3	1	1	1	1	1	1	1	1	1	1	1	1	1
OG0007366	1	6	1	1	1	1	1	1	0	1	1	1	1	1	1	1	1
OG0007367	2	3	2	1	1	1	1	1	1	1	1	2	1	1	1	1	1
OG0007368	1	1	1	1	2	1	1	1	2	1	1	1	1	1	1	1	1
OG0007369	2	2	1	2	1	1	1	1	1	2	2	2	2	1	1	1	1
OG0007370	5	1	1	1	1	1	1	1	0	2	1	1	1	1	1	1	1
OG0007371	3	2	1	1	1	1	1	1	1	1	1	1	1	1	1	1	1
OG0007372	1	2	2	2	2	1	1	1	0	1	2	2	2	2	1	1	1
OG0007373	1	2	2	2	2	1	1	1	0	1	2	2	2	2	1	1	1
OG0007374	2	1	0	0	1	1	2	2	2	1	1	1	1	1	1	2	2
OG0007375	1	1	1	1	1	1	4	1	1	1	1	1	1	1	1	1	1
OG0007376	2	1	1	1	1	1	1	1	2	1	1	1	1	1	1	1	1
OG0007377	1	2	2	1	2	1	1	1	1	1	1	2	1	1	1	1	1
OG0007378	1	2	2	1	1	1	1	1	1	1	1	2	1	1	1	1	1
OG0007379	1	2	2	1	1	2	1	1	0	1	1	2	1	1	1	1	1
OG0007380	1	1	1	1	2	1	1	2	1	1	1	1	1	1	1	1	1
OG0007381	1	2	3	1	1	1	1	1	1	1	1	2	1	1	1	1	1
OG0007382	3	2	1	1	1	1	1	1	1	1	1	1	1	1	1	1	1
OG0007383	1	0	0	0	6	1	3	1	0	1	1	0	1	1	1	1	1
OG0007384	4	1	1	1	1	1	1	1	1	2	1	1	1	1	1	1	1
OG0007385	1	2	1	1	2	1	1	1	1	1	1	1	1	1	1	1	1
OG0007386	1	2	1	1	1	1	1	1	2	1	1	1	1	1	1	1	1
OG0007387	1	2	1	0	1	1	1	1	2	1	1	1	1	1	1	1	1
OG0007388	1	2	2	1	1	1	1	1	2	1	1	2	1	1	1	1	1
OG0007389	2	2	3	7	0	1	1	0	0	2	2	2	2	1	1	1	0
OG0007390	1	7	1	0	1	1	1	0	1	1	1	1	1	1	1	1	1
OG0007391	1	3	1	2	1	1	1	1	1	1	1	1	1	1	1	1	1
OG0007392	4	1	1	1	1	1	1	1	1	2	1	1	1	1	1	1	1
OG0007393	2	1	1	3	1	1	1	1	1	1	1	1	1	1	1	1	1
OG0007394	1	1	1	2	1	2	1	1	0	1	1	1	1	1	1	1	1
OG0007395	1	1	2	1	1	1	1	2	1	1	1	1	1	1	1	1	1
OG0007396	1	1	1	2	1	2	1	1	1	1	1	1	1	1	1	1	1
OG0007397	1	1	1	1	1	2	1	1	1	1	1	1	1	1	1	1	1
OG0007398	2	2	1	2	1	1	1	1	1	2	2	2	2	1	1	1	1
OG0007399	2	3	3	2	1	1	1	1	0	2	2	3	2	1	1	1	1
OG0007400	4	1	1	1	1	1	1	1	1	2	1	1	1	1	1	1	1
OG0007401	3	2	1	1	1	1	1	1	1	1	1	1	1	1	1	1	1
OG0007402	1	1	1	1	1	1	1	2	1	1	1	1	1	1	1	1	1
OG0007403	1	1	1	3	1	1	1	1	1	1	1	1	1	1	1	1	1
OG0007404	1	4	1	1	1	1	1	1	1	1	1	1	1	1	1	1	1
OG0007405	1	2	1	1	3	1	1	1	1	1	1	1	1	1	1	1	1
OG0007406	1	1	2	2	1	1	1	1	1	1	1	1	1	1	1	1	1
OG0007407	2	3	1	1	1	1	1	1	1	1	1	1	1	1	1	1	1
OG0007408	3	2	1	1	1	1	1	1	1	1	1	1	1	1	1	1	1
OG0007409	1	2	1	1	1	2	1	1	1	1	1	1	1	1	1	1	1
OG0007410	1	1	1	1	1	1	2	1	2	1	1	1	1	1	1	2	2
OG0007411	1	3	1	1	1	1	2	1	0	1	1	1	1	1	1	1	1
OG0007412	2	3	1	1	1	1	1	1	1	1	1	1	1	1	1	1	1
OG0007413	1	1	2	1	2	2	0	1	0	1	1	1	1	1	1	1	1
OG0007414	1	4	1	1	1	1	1	1	1	1	1	1	1	1	1	1	1
OG0007415	1	2	1	1	2	1	1	1	1	1	1	1	1	1	1	1	1
OG0007416	2	2	1	1	1	1	1	1	1	1	1	1	1	1	1	1	1
OG0007417	1	0	2	0	1	1	1	2	2	1	1	1	1	1	1	1	2
OG0007418	1	3	2	1	1	1	1	1	1	1	1	2	1	1	1	1	1
OG0007419	1	2	1	1	4	1	1	1	1	1	1	1	1	1	1	1	1
OG0007420	1	0	0	1	1	2	0	2	2	1	1	0	1	1	1	1	2
OG0007421	1	1	2	3	1	1	1	1	1	1	1	1	1	1	1	1	1
OG0007422	1	3	1	1	2	1	1	1	1	1	1	1	1	1	1	1	1
OG0007423	1	1	1	1	1	1	1	2	1	1	1	1	1	1	1	1	1
OG0007424	1	5	1	0	1	1	1	1	1	1	1	1	1	1	1	1	1
OG0007425	1	1	2	2	1	1	1	1	1	1	1	1	1	1	1	1	1
OG0007426	1	4	1	1	1	1	1	1	1	1	1	1	1	1	1	1	1
OG0007427	1	1	1	0	3	1	1	1	1	1	1	1	1	1	1	1	1
OG0007428	1	1	1	1	1	1	1	2	2	1	1	1	1	1	1	1	2
OG0007429	1	2	1	1	1	1	1	2	1	1	1	1	1	1	1	1	1
OG0007430	1	1	1	1	1	1	1	1	2	1	1	1	1	1	1	1	1
OG0007431	1	2	1	1	1	1	5	1	0	1	1	1	1	1	1	1	1
OG0007432	2	4	1	1	1	1	1	1	0	1	1	1	1	1	1	1	1
OG0007433	1	4	1	1	2	1	1	1	1	1	1	1	1	1	1	1	1
OG0007434	1	2	2	1	2	1	2	1	0	1	1	2	1	1	1	1	1
OG0007435	1	1	1	1	2	2	1	1	1	1	1	1	1	1	1	1	1
OG0007436	2	1	2	2	1	1	1	1	1	2	2	2	2	1	1	1	1
OG0007437	2	2	1	2	2	1	1	1	0	2	2	2	2	2	1	1	1
OG0007438	1	1	1	1	1	2	1	1	1	1	1	1	1	1	1	1	1
OG0007439	1	1	1	1	2	2	1	1	1	1	1	1	1	1	1	1	1
OG0007440	1	1	2	1	2	1	1	1	1	1	1	1	1	1	1	1	1
OG0007441	1	1	1	2	1	0	1	2	2	1	1	1	1	1	1	1	2
OG0007442	1	1	2	1	3	1	1	1	1	1	1	1	1	1	1	1	1
OG0007443	1	2	3	2	2	1	1	0	1	1	2	2	2	2	1	1	1
OG0007444	2	1	1	1	1	1	1	1	2	1	1	1	1	1	1	1	1
OG0007445	2	3	1	1	1	1	1	1	1	1	1	1	1	1	1	1	1
OG0007446	1	2	1	2	1	1	1	1	2	1	1	1	1	1	1	1	1
OG0007447	1	6	1	1	1	1	1	1	0	1	1	1	1	1	1	1	1
OG0007448	1	1	1	2	1	2	1	1	1	1	1	1	1	1	1	1	1
OG0007449	1	1	4	1	1	1	1	1	1	1	1	1	1	1	1	1	1
OG0007450	1	1	1	0	1	1	2	2	2	1	1	1	1	1	1	2	2
OG0007451	5	1	1	1	1	1	1	1	1	2	1	1	1	1	1	1	1
OG0007452	1	3	1	0	1	1	1	1	2	1	1	1	1	1	1	1	1
OG0007453	1	2	1	1	1	1	1	2	1	1	1	1	1	1	1	1	1
OG0007454	1	1	2	1	2	1	1	1	1	1	1	1	1	1	1	1	1
OG0007455	1	2	2	1	2	1	1	1	1	1	1	2	1	1	1	1	1
OG0007456	1	2	4	0	1	1	3	1	0	1	1	2	1	1	1	1	1
OG0007457	1	4	1	1	1	1	1	1	1	1	1	1	1	1	1	1	1
OG0007458	1	1	1	1	2	2	1	1	1	1	1	1	1	1	1	1	1
OG0007459	1	2	2	1	2	1	1	1	1	1	1	2	1	1	1	1	1
OG0007460	2	1	1	1	1	2	1	1	0	1	1	1	1	1	1	1	1
OG0007461	1	2	1	1	1	1	2	1	2	1	1	1	1	1	1	2	2
OG0007462	1	5	1	0	1	1	1	1	1	1	1	1	1	1	1	1	1
OG0007463	1	1	1	2	1	1	5	1	0	1	1	1	1	1	1	1	1
OG0007464	1	2	2	2	1	1	1	1	1	1	2	2	2	1	1	1	1
OG0007465	1	1	2	1	1	2	0	1	1	1	1	1	1	1	1	1	1
OG0007466	1	1	1	1	1	1	1	1	2	1	1	1	1	1	1	1	1
OG0007467	1	2	1	1	1	1	1	1	2	1	1	1	1	1	1	1	1
OG0007468	1	2	2	2	2	1	0	1	1	1	2	2	2	2	1	1	1
OG0007469	1	1	1	1	1	2	2	1	1	1	1	1	1	1	1	1	1
OG0007470	1	2	2	1	1	2	1	1	0	1	1	2	1	1	1	1	1
OG0007471	1	1	1	2	1	1	4	1	1	1	1	1	1	1	1	1	1
OG0007472	1	1	1	1	1	1	3	2	0	1	1	1	1	1	1	2	2
OG0007473	1	1	1	1	2	1	0	1	2	1	1	1	1	1	1	1	1
OG0007474	1	1	1	4	1	1	1	1	1	1	1	1	1	1	1	1	1
OG0007475	1	1	1	1	1	0	2	2	2	1	1	1	1	1	1	2	2
OG0007476	1	2	1	2	2	1	1	1	1	1	2	2	2	2	1	1	1
OG0007477	1	2	1	1	2	2	1	1	0	1	1	1	1	1	1	1	1
OG0007478	1	1	1	1	1	1	4	1	1	1	1	1	1	1	1	1	1
OG0007479	1	2	1	1	2	2	0	1	1	1	1	1	1	1	1	1	1
OG0007480	1	2	2	2	1	1	1	1	1	1	2	2	2	1	1	1	1
OG0007481	1	4	1	1	1	1	1	1	1	1	1	1	1	1	1	1	1
OG0007482	1	5	1	1	1	1	1	1	1	1	1	1	1	1	1	1	1
OG0007483	1	1	1	1	1	2	1	1	1	1	1	1	1	1	1	1	1
OG0007484	1	6	0	0	1	1	0	1	0	1	1	1	1	1	1	1	1
OG0007485	1	0	4	0	3	0	0	3	0	1	1	1	1	1	1	1	1
OG0007599	1	0	0	0	4	3	0	0	1	1	1	0	1	2	2	1	1
OG0007600	2	2	1	1	1	1	1	1	1	1	1	1	1	1	1	1	1
OG0007601	1	0	0	1	2	2	2	1	0	1	1	0	1	2	2	2	1
OG0007602	3	2	1	1	1	1	0	1	1	1	1	1	1	1	1	1	1
OG0007603	3	1	1	1	1	1	1	1	1	1	1	1	1	1	1	1	1
OG0007604	2	2	1	1	1	1	1	1	1	1	1	1	1	1	1	1	1
OG0007605	2	2	1	1	1	1	1	1	1	1	1	1	1	1	1	1	1
OG0007606	4	1	1	1	1	1	1	1	0	2	1	1	1	1	1	1	1
OG0007607	5	2	1	1	1	0	1	1	1	2	1	1	1	1	1	1	1
OG0007608	2	2	1	1	1	1	1	1	1	1	1	1	1	1	1	1	1
OG0007609	3	3	2	5	1	1	0	0	0	2	2	2	2	1	1	0	0
OG0007610	3	2	1	1	1	1	1	1	1	1	1	1	1	1	1	1	1
OG0007611	2	1	1	1	1	2	1	1	0	1	1	1	1	1	1	1	1
OG0007612	1	2	2	2	1	1	1	1	1	1	2	2	2	1	1	1	1
OG0007613	1	1	1	3	1	1	1	1	1	1	1	1	1	1	1	1	1
OG0007614	1	1	1	1	1	1	1	2	1	1	1	1	1	1	1	1	1
OG0007615	2	1	1	1	2	1	1	1	1	1	1	1	1	1	1	1	1
OG0007616	4	1	1	0	1	1	1	1	1	2	1	1	1	1	1	1	1
OG0007617	2	1	1	1	1	1	1	1	1	1	1	1	1	1	1	1	1
OG0007618	2	2	1	1	1	1	1	1	1	1	1	1	1	1	1	1	1
OG0007619	3	2	1	1	1	1	1	1	1	1	1	1	1	1	1	1	1
OG0007620	1	2	2	0	2	1	1	1	1	1	1	2	1	1	1	1	1
OG0007621	2	3	2	2	1	0	1	1	1	2	2	2	2	1	1	1	1
OG0007622	1	2	2	1	1	1	1	1	1	1	1	2	1	1	1	1	1
OG0007623	1	2	2	1	1	1	1	1	1	1	1	2	1	1	1	1	1
OG0007624	2	2	1	1	1	1	1	1	1	1	1	1	1	1	1	1	1
OG0007625	2	2	1	1	1	1	1	1	1	1	1	1	1	1	1	1	1
OG0007626	1	2	2	1	1	1	1	1	1	1	1	2	1	1	1	1	1
OG0007627	3	2	1	1	1	1	1	1	0	1	1	1	1	1	1	1	1
OG0007628	1	2	2	1	2	1	1	1	1	1	1	2	1	1	1	1	1
OG0007629	2	2	1	1	1	1	1	1	1	1	1	1	1	1	1	1	1
OG0007630	1	1	1	2	1	2	1	1	0	1	1	1	1	1	1	1	1
OG0007631	1	2	2	2	2	1	1	1	0	1	2	2	2	2	1	1	1
OG0007632	2	2	1	1	1	1	1	1	1	1	1	1	1	1	1	1	1
OG0007633	1	3	2	2	2	0	1	1	1	1	2	2	2	2	1	1	1
OG0007634	4	2	1	1	1	1	1	1	0	2	1	1	1	1	1	1	1
OG0007635	2	2	1	1	1	1	1	1	1	1	1	1	1	1	1	1	1
OG0007636	2	2	1	0	2	1	1	1	1	1	1	1	1	1	1	1	1
OG0007637	1	1	2	2	1	1	1	1	1	1	1	1	1	1	1	1	1
OG0007638	2	1	2	0	2	1	1	1	1	1	1	1	1	1	1	1	1
OG0007639	1	3	1	1	2	0	1	1	2	1	1	1	1	1	1	1	1
OG0007640	1	2	2	1	1	1	2	1	1	1	1	2	1	1	1	1	1
OG0007641	1	0	5	1	1	1	1	1	1	1	1	1	1	1	1	1	1
OG0007642	1	2	2	1	1	1	1	1	1	1	1	2	1	1	1	1	1
OG0007643	2	2	1	1	1	1	1	1	1	1	1	1	1	1	1	1	1
OG0007644	1	4	1	1	1	1	1	1	1	1	1	1	1	1	1	1	1
OG0007645	2	2	1	1	1	1	1	1	1	1	1	1	1	1	1	1	1
OG0007646	2	2	1	1	1	1	1	1	1	1	1	1	1	1	1	1	1
OG0007647	1	1	1	2	2	1	1	1	1	1	1	1	1	1	1	1	1
OG0007648	2	2	1	1	1	1	1	1	1	1	1	1	1	1	1	1	1
OG0007649	2	1	1	1	1	1	1	1	1	1	1	1	1	1	1	1	1
OG0007650	3	1	1	1	1	1	1	1	1	1	1	1	1	1	1	1	1
OG0007651	2	1	1	1	1	1	1	1	1	1	1	1	1	1	1	1	1
OG0007652	3	1	1	1	1	1	1	1	1	1	1	1	1	1	1	1	1
OG0007653	2	2	1	1	1	1	1	1	1	1	1	1	1	1	1	1	1
OG0007654	1	3	2	1	1	1	1	1	0	1	1	2	1	1	1	1	1
OG0007655	2	1	1	2	1	1	1	1	1	1	1	1	1	1	1	1	1
OG0007656	3	1	1	2	2	1	1	1	0	1	1	1	1	1	1	1	1
OG0007657	1	2	1	0	1	2	1	1	0	1	1	1	1	1	1	1	1
OG0007658	2	1	1	3	1	1	1	1	1	1	1	1	1	1	1	1	1
OG0007659	1	0	1	2	1	1	2	2	0	1	1	1	1	1	1	2	2
OG0007660	5	1	1	1	1	1	1	1	0	2	1	1	1	1	1	1	1
OG0007661	1	2	1	1	1	1	1	1	1	1	1	1	1	1	1	1	1
OG0007662	1	1	1	1	1	2	1	1	1	1	1	1	1	1	1	1	1
OG0007663	2	2	1	1	1	1	1	1	1	1	1	1	1	1	1	1	1
OG0007664	1	2	1	1	2	1	1	1	1	1	1	1	1	1	1	1	1
OG0007665	1	2	3	1	1	1	1	1	1	1	1	2	1	1	1	1	1
OG0007666	3	1	1	1	1	1	1	1	1	1	1	1	1	1	1	1	1
OG0007667	2	2	1	1	1	1	1	1	1	1	1	1	1	1	1	1	1
OG0007668	3	1	1	1	1	1	1	1	1	1	1	1	1	1	1	1	1
OG0007669	2	1	1	0	1	1	1	2	1	1	1	1	1	1	1	1	1
OG0007670	1	3	1	1	1	1	1	1	1	1	1	1	1	1	1	1	1
OG0007671	3	1	1	1	1	1	1	1	1	1	1	1	1	1	1	1	1
OG0007672	1	2	1	2	1	1	1	1	1	1	1	1	1	1	1	1	1
OG0007673	1	3	1	1	1	1	1	1	1	1	1	1	1	1	1	1	1
OG0007674	4	1	1	2	1	1	0	1	1	2	1	1	1	1	1	1	1
OG0007675	2	2	1	1	1	1	1	1	1	1	1	1	1	1	1	1	1
OG0007676	3	2	1	1	1	1	1	1	1	1	1	1	1	1	1	1	1
OG0007677	2	2	1	1	1	1	1	1	1	1	1	1	1	1	1	1	1
OG0007678	1	1	2	2	1	1	1	1	0	1	1	1	1	1	1	1	1
OG0007679	1	1	1	2	2	1	1	1	1	1	1	1	1	1	1	1	1
OG0007680	1	1	2	1	2	2	1	0	1	1	1	1	1	1	1	1	1
OG0007681	2	2	1	1	1	1	1	1	1	1	1	1	1	1	1	1	1
OG0007682	2	1	1	1	2	1	1	1	1	1	1	1	1	1	1	1	1
OG0007683	1	1	2	2	1	1	1	1	1	1	1	1	1	1	1	1	1
OG0007684	2	3	1	1	1	1	1	1	1	1	1	1	1	1	1	1	1
OG0007685	2	3	1	0	1	1	1	1	1	1	1	1	1	1	1	1	1
OG0007686	1	3	1	1	1	1	1	1	1	1	1	1	1	1	1	1	1
OG0007687	1	3	1	1	1	1	1	1	1	1	1	1	1	1	1	1	1
OG0007688	1	4	1	1	0	1	1	1	1	1	1	1	1	1	1	1	1
OG0007689	2	2	1	1	1	1	1	1	1	1	1	1	1	1	1	1	1
OG0007690	2	2	1	2	1	1	0	1	1	2	2	2	2	1	1	1	1
OG0007691	2	2	2	1	1	1	1	1	1	1	1	2	1	1	1	1	1
OG0007692	3	1	1	1	1	1	1	1	1	1	1	1	1	1	1	1	1
OG0007693	1	2	1	1	1	1	2	1	1	1	1	1	1	1	1	1	1
OG0007694	3	1	1	1	1	1	1	1	1	1	1	1	1	1	1	1	1
OG0007695	1	1	1	4	1	1	1	1	0	1	1	1	1	1	1	1	1
OG0007696	1	6	1	0	1	1	1	1	0	1	1	1	1	1	1	1	1
OG0007697	1	2	2	1	1	1	1	1	1	1	1	2	1	1	1	1	1
OG0007698	1	2	1	1	1	1	1	1	2	1	1	1	1	1	1	1	1
OG0007699	2	2	1	1	1	1	1	1	1	1	1	1	1	1	1	1	1
OG0007700	2	2	1	2	2	1	1	0	1	2	2	2	2	2	1	1	1
OG0007701	3	2	1	1	1	1	0	1	1	1	1	1	1	1	1	1	1
OG0007702	1	2	1	1	2	2	0	1	0	1	1	1	1	1	1	1	1
OG0007703	1	1	1	2	1	1	1	1	1	1	1	1	1	1	1	1	1
OG0007704	2	1	1	1	3	1	1	1	1	1	1	1	1	1	1	1	1
OG0007705	2	2	1	1	1	1	1	1	1	1	1	1	1	1	1	1	1
OG0007706	2	2	1	1	1	1	1	1	1	1	1	1	1	1	1	1	1
OG0007707	2	2	1	1	1	1	1	1	1	1	1	1	1	1	1	1	1
OG0007708	3	2	1	1	1	1	1	1	0	1	1	1	1	1	1	1	1
OG0007709	1	2	2	1	1	1	1	1	1	1	1	2	1	1	1	1	1
OG0007710	1	1	1	1	1	2	1	1	1	1	1	1	1	1	1	1	1
OG0007711	1	3	1	1	1	1	1	1	1	1	1	1	1	1	1	1	1
OG0007712	1	1	1	1	2	1	1	1	1	1	1	1	1	1	1	1	1
OG0007713	4	2	1	0	1	1	1	1	1	2	1	1	1	1	1	1	1
OG0007714	1	3	2	2	2	1	0	1	1	1	2	2	2	2	1	1	1
OG0007715	2	2	2	2	4	0	1	1	0	2	2	2	2	2	1	1	1
OG0007716	1	2	1	1	1	1	1	1	1	1	1	1	1	1	1	1	1
OG0007717	4	0	1	0	2	1	0	1	1	2	1	1	1	1	1	1	1
OG0007718	4	1	1	1	1	1	1	1	1	2	1	1	1	1	1	1	1
OG0007719	3	1	1	1	1	1	1	1	1	1	1	1	1	1	1	1	1
OG0007720	6	0	0	0	1	1	1	1	1	2	1	0	1	1	1	1	1
OG0007721	2	1	2	1	1	1	1	1	1	1	1	1	1	1	1	1	1
OG0007722	1	4	1	1	1	1	1	1	1	1	1	1	1	1	1	1	1
OG0007723	2	2	1	1	1	1	1	1	1	1	1	1	1	1	1	1	1
OG0007724	1	1	1	1	1	1	1	1	2	1	1	1	1	1	1	1	1
OG0007725	1	3	1	1	1	1	1	1	1	1	1	1	1	1	1	1	1
OG0007726	2	2	1	1	1	1	1	1	1	1	1	1	1	1	1	1	1
OG0007727	1	3	1	1	1	1	1	1	1	1	1	1	1	1	1	1	1
OG0007728	2	2	1	1	1	1	1	1	1	1	1	1	1	1	1	1	1
OG0007729	2	2	1	1	1	1	1	1	1	1	1	1	1	1	1	1	1
OG0007730	3	1	1	1	1	1	1	1	1	1	1	1	1	1	1	1	1
OG0007731	1	2	2	1	1	1	1	1	1	1	1	2	1	1	1	1	1
OG0007732	2	2	1	1	1	1	1	1	1	1	1	1	1	1	1	1	1
OG0007733	3	2	1	1	1	1	1	1	1	1	1	1	1	1	1	1	1
OG0007734	1	2	2	1	1	1	1	1	1	1	1	2	1	1	1	1	1
OG0007735	4	1	1	1	1	1	1	1	0	2	1	1	1	1	1	1	1
OG0007736	1	2	2	1	1	1	1	1	1	1	1	2	1	1	1	1	1
OG0007737	2	2	1	1	1	1	1	1	1	1	1	1	1	1	1	1	1
OG0007738	2	2	1	1	1	1	1	1	1	1	1	1	1	1	1	1	1
OG0007739	3	2	1	0	1	1	1	1	1	1	1	1	1	1	1	1	1
OG0007740	1	2	2	1	1	1	1	1	1	1	1	2	1	1	1	1	1
OG0007741	3	2	1	0	1	1	1	1	1	1	1	1	1	1	1	1	1
OG0007742	2	3	1	1	1	1	1	1	1	1	1	1	1	1	1	1	1
OG0007743	2	2	1	1	1	1	1	1	1	1	1	1	1	1	1	1	1
OG0007744	2	2	2	1	1	1	1	1	1	1	1	2	1	1	1	1	1
OG0007745	2	2	1	1	1	1	1	1	1	1	1	1	1	1	1	1	1
OG0007746	2	1	1	1	1	1	1	1	1	1	1	1	1	1	1	1	1
OG0007747	2	1	1	1	2	1	1	1	1	1	1	1	1	1	1	1	1
OG0007748	2	2	1	1	1	1	1	1	1	1	1	1	1	1	1	1	1
OG0007749	1	2	2	1	1	1	1	1	1	1	1	2	1	1	1	1	1
OG0007750	2	2	1	2	1	1	1	1	1	2	2	2	2	1	1	1	1
OG0007751	2	1	2	2	1	1	0	1	1	2	2	2	2	1	1	1	1
OG0007752	1	1	1	1	1	2	1	1	1	1	1	1	1	1	1	1	1
OG0007753	1	2	1	1	2	1	1	1	1	1	1	1	1	1	1	1	1
OG0007754	1	1	1	1	1	1	1	1	2	1	1	1	1	1	1	1	1
OG0007755	2	1	1	2	1	1	1	1	1	1	1	1	1	1	1	1	1
OG0007756	1	2	1	1	2	1	1	1	1	1	1	1	1	1	1	1	1
OG0007757	2	2	1	1	1	1	1	1	1	1	1	1	1	1	1	1	1
OG0007758	1	2	1	1	1	1	2	1	1	1	1	1	1	1	1	1	1
OG0007759	2	2	1	1	1	1	1	1	1	1	1	1	1	1	1	1	1
OG0007760	4	1	1	1	1	1	1	1	1	2	1	1	1	1	1	1	1
OG0007761	1	1	1	1	1	1	1	1	2	1	1	1	1	1	1	1	1
OG0007762	1	2	2	2	1	1	1	1	0	1	2	2	2	1	1	1	1
OG0007763	2	1	1	1	1	1	2	1	2	1	1	1	1	1	1	2	2
OG0007764	1	1	2	1	1	2	1	1	1	1	1	1	1	1	1	1	1
OG0007765	1	4	1	1	1	1	1	1	1	1	1	1	1	1	1	1	1
OG0007766	1	1	1	1	2	1	0	1	1	1	1	1	1	1	1	1	1
OG0007767	1	3	1	1	1	1	1	1	1	1	1	1	1	1	1	1	1
OG0007768	3	1	1	1	1	1	1	1	1	1	1	1	1	1	1	1	1
OG0007769	1	2	1	1	1	1	1	1	1	1	1	1	1	1	1	1	1
OG0007770	2	2	1	1	1	1	1	1	1	1	1	1	1	1	1	1	1
OG0007771	2	1	1	1	2	1	2	1	0	1	1	1	1	1	1	1	1
OG0007772	2	1	2	0	2	1	1	1	1	1	1	1	1	1	1	1	1
OG0007773	2	2	1	1	1	1	1	1	1	1	1	1	1	1	1	1	1
OG0007774	2	2	1	1	1	1	1	1	1	1	1	1	1	1	1	1	1
OG0007775	2	2	1	1	1	1	1	1	1	1	1	1	1	1	1	1	1
OG0007776	1	1	2	2	1	1	1	1	1	1	1	1	1	1	1	1	1
OG0007777	2	2	1	1	1	1	1	1	1	1	1	1	1	1	1	1	1
OG0007778	2	2	1	1	1	1	1	1	1	1	1	1	1	1	1	1	1
OG0007779	1	3	1	1	1	1	1	1	1	1	1	1	1	1	1	1	1
OG0007780	3	1	1	1	1	1	1	1	1	1	1	1	1	1	1	1	1
OG0007781	2	2	1	1	1	1	1	1	1	1	1	1	1	1	1	1	1
OG0007782	2	2	1	1	1	1	1	1	1	1	1	1	1	1	1	1	1
OG0007783	2	2	1	1	1	1	1	1	1	1	1	1	1	1	1	1	1
OG0007784	1	5	1	1	1	1	1	1	0	1	1	1	1	1	1	1	1
OG0007785	1	1	1	3	1	1	1	1	1	1	1	1	1	1	1	1	1
OG0007786	2	2	1	1	1	1	1	1	1	1	1	1	1	1	1	1	1
OG0007787	7	2	6	1	0	0	0	0	0	2	2	2	1	0	0	0	0
OG0007788	2	5	1	1	2	0	1	0	1	1	1	1	1	1	1	1	1
OG0007789	3	1	1	1	1	1	1	1	1	1	1	1	1	1	1	1	1
OG0007790	2	2	1	1	1	1	1	1	1	1	1	1	1	1	1	1	1
OG0007791	1	2	2	1	1	1	1	1	1	1	1	2	1	1	1	1	1
OG0007792	2	2	1	1	1	1	1	1	1	1	1	1	1	1	1	1	1
OG0007793	1	1	1	1	3	1	1	1	1	1	1	1	1	1	1	1	1
OG0007794	2	2	1	1	2	1	1	1	1	1	1	1	1	1	1	1	1
OG0007795	3	1	1	1	1	1	1	1	1	1	1	1	1	1	1	1	1
OG0007796	2	2	1	1	1	1	1	1	1	1	1	1	1	1	1	1	1
OG0007797	2	1	1	2	1	1	1	1	1	1	1	1	1	1	1	1	1
OG0007798	2	2	1	1	1	1	1	1	1	1	1	1	1	1	1	1	1
OG0007799	3	1	1	1	1	1	1	1	1	1	1	1	1	1	1	1	1
OG0007800	2	2	1	1	2	1	1	1	1	1	1	1	1	1	1	1	1
OG0007801	3	2	1	0	1	1	1	1	1	1	1	1	1	1	1	1	1
OG0007802	2	2	1	1	1	1	1	1	1	1	1	1	1	1	1	1	1
OG0007803	2	2	1	1	1	1	1	1	1	1	1	1	1	1	1	1	1
OG0007804	3	2	1	1	1	1	0	1	1	1	1	1	1	1	1	1	1
OG0007805	1	1	1	1	2	1	3	0	1	1	1	1	1	1	1	1	1
OG0007806	1	1	1	1	1	1	1	1	2	1	1	1	1	1	1	1	1
OG0007807	1	1	1	1	2	1	1	1	1	1	1	1	1	1	1	1	1
OG0007808	1	0	1	1	1	1	1	2	2	1	1	1	1	1	1	1	2
OG0007809	2	1	1	2	1	1	1	1	1	1	1	1	1	1	1	1	1
OG0007810	3	0	1	1	2	1	1	1	1	1	1	1	1	1	1	1	1
OG0007811	2	2	1	1	1	1	1	1	2	1	1	1	1	1	1	1	1
OG0007812	1	1	2	1	1	1	3	1	1	1	1	1	1	1	1	1	1
OG0007813	2	2	1	1	1	1	1	1	1	1	1	1	1	1	1	1	1
OG0007814	1	1	2	1	1	1	2	1	2	1	1	1	1	1	1	2	2
OG0007815	3	1	2	1	1	1	1	1	1	1	1	1	1	1	1	1	1
OG0007816	2	2	1	1	1	1	1	1	1	1	1	1	1	1	1	1	1
OG0007817	2	2	1	1	2	1	1	1	0	1	1	1	1	1	1	1	1
OG0007818	3	1	1	1	1	1	1	1	1	1	1	1	1	1	1	1	1
OG0007819	2	2	1	1	1	1	1	1	1	1	1	1	1	1	1	1	1
OG0007820	3	1	1	1	1	1	1	1	1	1	1	1	1	1	1	1	1
OG0007821	2	2	1	1	1	1	1	1	1	1	1	1	1	1	1	1	1
OG0007822	4	2	1	1	1	1	1	1	1	2	1	1	1	1	1	1	1
OG0007823	2	0	1	1	1	2	1	1	0	1	1	1	1	1	1	1	1
OG0007824	2	2	2	1	1	1	1	1	1	1	1	2	1	1	1	1	1
OG0007825	2	1	1	1	1	1	1	1	2	1	1	1	1	1	1	1	1
OG0007826	2	2	1	1	1	1	1	1	1	1	1	1	1	1	1	1	1
OG0007828	2	2	2	1	1	1	1	1	1	1	1	2	1	1	1	1	1
OG0007829	1	2	2	1	1	1	1	1	0	1	1	2	1	1	1	1	1
OG0007830	1	0	0	1	0	1	0	0	6	1	1	0	1	1	1	1	1
OG0007831	1	4	1	0	1	1	1	1	1	1	1	1	1	1	1	1	1
OG0007832	1	3	1	1	1	1	1	1	1	1	1	1	1	1	1	1	1
OG0007833	4	1	1	0	1	1	1	1	1	2	1	1	1	1	1	1	1
OG0007834	1	3	2	1	1	1	1	1	1	1	1	2	1	1	1	1	1
OG0007835	1	3	1	1	2	1	1	1	1	1	1	1	1	1	1	1	1
OG0007836	1	1	1	2	1	1	1	1	1	1	1	1	1	1	1	1	1
OG0007837	2	1	1	1	2	1	1	1	1	1	1	1	1	1	1	1	1
OG0007838	2	1	1	2	1	1	1	1	1	1	1	1	1	1	1	1	1
OG0007839	1	1	2	1	1	1	1	1	1	1	1	1	1	1	1	1	1
OG0007840	1	1	1	1	1	2	1	1	1	1	1	1	1	1	1	1	1
OG0007841	1	1	1	1	1	2	1	1	0	1	1	1	1	1	1	1	1
OG0007842	2	2	1	1	1	1	1	1	1	1	1	1	1	1	1	1	1
OG0007843	3	1	1	1	1	1	1	1	1	1	1	1	1	1	1	1	1
OG0007844	1	1	1	1	1	1	2	1	2	1	1	1	1	1	1	2	2
OG0007845	1	3	1	1	1	1	1	1	1	1	1	1	1	1	1	1	1
OG0007846	3	1	1	1	1	1	1	1	1	1	1	1	1	1	1	1	1
OG0007847	2	1	1	1	2	1	1	1	1	1	1	1	1	1	1	1	1
OG0007848	2	2	1	2	1	1	0	1	1	2	2	2	2	1	1	1	1
OG0007849	1	1	2	0	1	1	1	2	1	1	1	1	1	1	1	1	1
OG0007850	2	2	1	1	1	1	1	1	1	1	1	1	1	1	1	1	1
OG0007851	3	1	1	1	2	1	1	1	0	1	1	1	1	1	1	1	1
OG0007852	2	1	3	0	2	0	1	2	0	1	1	1	1	1	1	1	1
OG0007853	1	2	1	1	1	1	1	1	2	1	1	1	1	1	1	1	1
OG0007854	2	2	1	1	1	1	1	1	1	1	1	1	1	1	1	1	1
OG0007855	2	2	1	1	1	1	1	1	1	1	1	1	1	1	1	1	1
OG0007856	2	1	1	0	1	2	1	1	1	1	1	1	1	1	1	1	1
OG0007857	1	2	1	1	1	1	1	1	1	1	1	1	1	1	1	1	1
OG0007858	2	1	1	2	1	1	1	1	1	1	1	1	1	1	1	1	1
OG0007859	2	3	1	1	1	1	1	1	1	1	1	1	1	1	1	1	1
OG0007860	1	3	1	1	1	1	1	1	1	1	1	1	1	1	1	1	1
OG0007861	1	1	2	1	1	1	1	1	1	1	1	1	1	1	1	1	1
OG0007862	1	1	1	3	1	1	1	1	1	1	1	1	1	1	1	1	1
OG0007863	2	2	1	1	1	1	1	1	1	1	1	1	1	1	1	1	1
OG0007864	1	1	2	2	1	1	1	1	1	1	1	1	1	1	1	1	1
OG0007865	2	1	1	2	1	1	1	1	0	1	1	1	1	1	1	1	1
OG0007866	2	2	1	1	1	1	1	1	1	1	1	1	1	1	1	1	1
OG0007867	3	1	1	1	1	1	1	1	1	1	1	1	1	1	1	1	1
OG0007868	2	1	1	2	1	1	1	1	1	1	1	1	1	1	1	1	1
OG0007869	3	2	1	0	1	1	1	1	1	1	1	1	1	1	1	1	1
OG0007870	1	1	1	1	1	1	1	1	2	1	1	1	1	1	1	1	1
OG0007871	3	1	1	1	1	1	1	1	1	1	1	1	1	1	1	1	1
OG0007872	1	1	1	1	4	1	1	1	1	1	1	1	1	1	1	1	1
OG0007873	1	4	1	2	1	1	0	1	1	1	1	1	1	1	1	1	1
OG0007874	2	1	2	1	1	1	1	1	1	1	1	1	1	1	1	1	1
OG0007875	1	1	1	1	3	1	1	1	1	1	1	1	1	1	1	1	1
OG0007876	1	1	3	1	1	1	1	1	1	1	1	1	1	1	1	1	1
OG0007877	1	1	1	1	1	1	1	1	2	1	1	1	1	1	1	1	1
OG0007878	2	2	1	1	1	1	1	1	1	1	1	1	1	1	1	1	1
OG0007879	3	2	1	1	1	1	0	1	1	1	1	1	1	1	1	1	1
OG0007880	2	1	1	1	1	2	1	1	0	1	1	1	1	1	1	1	1
OG0007881	2	2	2	1	2	0	1	1	1	1	1	2	1	1	1	1	1
OG0007882	1	2	2	1	1	1	1	1	1	1	1	2	1	1	1	1	1
OG0007883	1	2	2	1	1	1	1	1	1	1	1	2	1	1	1	1	1
OG0007884	2	1	1	1	1	1	1	1	2	1	1	1	1	1	1	1	1
OG0007885	2	2	1	1	1	1	1	1	1	1	1	1	1	1	1	1	1
OG0007886	1	1	2	0	2	0	2	2	2	1	1	1	1	1	1	2	2
OG0007887	1	2	2	2	1	1	1	1	1	1	2	2	2	1	1	1	1
OG0007888	2	2	1	1	1	1	1	1	1	1	1	1	1	1	1	1	1
OG0007889	2	1	2	1	2	1	1	1	1	1	1	1	1	1	1	1	1
OG0007890	2	1	1	2	1	1	1	1	1	1	1	1	1	1	1	1	1
OG0007891	1	1	1	1	1	1	1	1	2	1	1	1	1	1	1	1	1
OG0007892	2	2	1	1	1	1	1	0	2	1	1	1	1	1	1	1	1
OG0007893	1	1	1	1	2	1	1	1	1	1	1	1	1	1	1	1	1
OG0007894	2	1	1	1	2	2	1	1	0	1	1	1	1	1	1	1	1
OG0007895	1	3	1	1	1	1	1	1	1	1	1	1	1	1	1	1	1
OG0007896	3	2	1	0	1	1	1	1	1	1	1	1	1	1	1	1	1
OG0007897	3	1	1	1	1	1	1	1	1	1	1	1	1	1	1	1	1
OG0007898	1	2	1	2	1	1	1	1	1	1	1	1	1	1	1	1	1
OG0007899	1	5	1	1	1	0	1	1	1	1	1	1	1	1	1	1	1
OG0007900	2	1	0	2	2	1	1	1	1	1	1	1	1	1	1	1	1
OG0007901	1	2	2	1	1	1	1	1	1	1	1	2	1	1	1	1	1
OG0007902	1	1	1	0	3	1	1	1	1	1	1	1	1	1	1	1	1
OG0007903	3	2	1	1	1	1	1	1	1	1	1	1	1	1	1	1	1
OG0007904	2	1	2	1	1	1	1	1	1	1	1	1	1	1	1	1	1
OG0007905	1	1	1	1	1	2	1	1	1	1	1	1	1	1	1	1	1
OG0007906	2	2	1	1	1	1	1	1	1	1	1	1	1	1	1	1	1
OG0007907	1	4	1	1	1	1	1	1	1	1	1	1	1	1	1	1	1
OG0007908	1	2	1	1	1	1	4	1	0	1	1	1	1	1	1	1	1
OG0007909	2	2	1	1	1	1	1	1	1	1	1	1	1	1	1	1	1
OG0007910	1	2	1	2	1	1	1	1	1	1	1	1	1	1	1	1	1
OG0007911	1	4	1	1	1	1	1	1	1	1	1	1	1	1	1	1	1
OG0007912	1	3	1	1	1	1	1	1	1	1	1	1	1	1	1	1	1
OG0007913	1	1	1	1	1	1	1	1	2	1	1	1	1	1	1	1	1
OG0007914	2	1	1	1	1	1	1	1	1	1	1	1	1	1	1	1	1
OG0007915	1	1	1	2	1	2	1	1	0	1	1	1	1	1	1	1	1
OG0007916	1	1	1	2	1	1	1	1	1	1	1	1	1	1	1	1	1
OG0007917	4	2	1	2	1	0	0	1	1	2	2	2	2	1	1	1	1
OG0007918	1	1	1	1	1	1	5	1	0	1	1	1	1	1	1	1	1
OG0007919	3	1	1	1	1	1	1	1	1	1	1	1	1	1	1	1	1
OG0007920	1	3	1	1	1	1	1	1	1	1	1	1	1	1	1	1	1
OG0007921	1	5	1	1	1	1	1	0	1	1	1	1	1	1	1	1	1
OG0007922	2	1	1	1	1	2	1	1	1	1	1	1	1	1	1	1	1
OG0007923	1	3	1	1	1	1	1	1	1	1	1	1	1	1	1	1	1
OG0007924	1	2	1	2	1	1	1	1	1	1	1	1	1	1	1	1	1
OG0007925	2	2	1	1	1	1	1	1	1	1	1	1	1	1	1	1	1
OG0007926	1	2	1	2	1	1	1	1	1	1	1	1	1	1	1	1	1
OG0007927	2	2	1	1	1	1	1	1	1	1	1	1	1	1	1	1	1
OG0007928	1	0	1	1	1	1	2	2	0	1	1	1	1	1	1	2	2
OG0007929	3	1	1	1	1	1	1	1	1	1	1	1	1	1	1	1	1
OG0007930	1	3	1	1	1	1	1	1	1	1	1	1	1	1	1	1	1
OG0007931	1	1	1	1	1	2	1	1	1	1	1	1	1	1	1	1	1
OG0007932	3	1	1	1	1	1	1	1	1	1	1	1	1	1	1	1	1
OG0007933	2	2	1	1	1	1	1	1	1	1	1	1	1	1	1	1	1
OG0007934	2	1	1	1	3	1	1	1	1	1	1	1	1	1	1	1	1
OG0007935	3	1	1	1	1	1	1	1	1	1	1	1	1	1	1	1	1
OG0007936	2	2	1	1	1	1	1	1	1	1	1	1	1	1	1	1	1
OG0007937	2	1	1	2	1	1	1	1	1	1	1	1	1	1	1	1	1
OG0007938	2	2	1	1	1	1	1	1	1	1	1	1	1	1	1	1	1
OG0007939	2	2	1	1	1	1	1	1	1	1	1	1	1	1	1	1	1
OG0007940	3	1	1	0	1	1	1	1	1	1	1	1	1	1	1	1	1
OG0007941	2	3	1	2	1	0	1	1	1	2	2	2	2	1	1	1	1
OG0007942	3	1	1	1	1	1	1	1	1	1	1	1	1	1	1	1	1
OG0007943	6	0	1	0	1	1	1	1	1	2	1	1	1	1	1	1	1
OG0007944	4	1	1	1	1	1	1	1	1	2	1	1	1	1	1	1	1
OG0007945	4	0	1	1	1	1	2	1	1	2	1	1	1	1	1	1	1
OG0007946	2	2	1	1	1	1	1	1	1	1	1	1	1	1	1	1	1
OG0007947	1	2	1	1	1	1	1	1	2	1	1	1	1	1	1	1	1
OG0007948	3	2	1	1	1	1	1	1	0	1	1	1	1	1	1	1	1
OG0007949	2	1	1	2	1	1	1	1	1	1	1	1	1	1	1	1	1
OG0007950	1	1	1	1	1	1	1	2	1	1	1	1	1	1	1	1	1
OG0007951	1	2	1	2	1	1	1	1	1	1	1	1	1	1	1	1	1
OG0007952	3	1	1	1	1	1	1	1	1	1	1	1	1	1	1	1	1
OG0007953	2	1	1	1	2	1	1	1	1	1	1	1	1	1	1	1	1
OG0007954	3	1	1	1	1	1	0	1	1	1	1	1	1	1	1	1	1
OG0007955	1	1	1	1	1	2	1	1	1	1	1	1	1	1	1	1	1
OG0007956	2	2	1	1	1	1	1	1	1	1	1	1	1	1	1	1	1
OG0007957	1	1	1	1	1	2	1	1	1	1	1	1	1	1	1	1	1
OG0007958	1	1	1	1	1	1	1	1	2	1	1	1	1	1	1	1	1
OG0007959	2	2	1	1	1	1	1	1	1	1	1	1	1	1	1	1	1
OG0007960	2	1	1	2	1	1	1	1	1	1	1	1	1	1	1	1	1
OG0007961	1	4	1	1	1	1	1	1	1	1	1	1	1	1	1	1	1
OG0007962	1	1	3	2	1	1	1	1	1	1	1	1	1	1	1	1	1
OG0007963	1	3	1	1	1	1	1	1	1	1	1	1	1	1	1	1	1
OG0007964	2	1	1	1	1	1	0	1	1	1	1	1	1	1	1	1	1
OG0007965	1	2	2	1	1	1	1	1	1	1	1	2	1	1	1	1	1
OG0007966	1	1	1	1	1	1	1	1	2	1	1	1	1	1	1	1	1
OG0007967	1	1	2	1	1	1	1	1	1	1	1	1	1	1	1	1	1
OG0007968	2	2	1	1	1	1	1	1	1	1	1	1	1	1	1	1	1
OG0007969	2	2	1	1	1	1	1	1	1	1	1	1	1	1	1	1	1
OG0007970	1	2	1	2	1	1	1	1	1	1	1	1	1	1	1	1	1
OG0007971	2	2	1	1	1	1	1	1	1	1	1	1	1	1	1	1	1
OG0007972	1	1	1	2	2	1	1	1	1	1	1	1	1	1	1	1	1
OG0007973	1	4	1	1	1	1	1	1	0	1	1	1	1	1	1	1	1
OG0007974	1	3	1	1	1	1	1	1	1	1	1	1	1	1	1	1	1
OG0007975	1	1	2	1	1	2	1	1	1	1	1	1	1	1	1	1	1
OG0007976	1	2	2	1	1	1	1	1	1	1	1	2	1	1	1	1	1
OG0007977	1	1	1	2	1	2	1	1	0	1	1	1	1	1	1	1	1
OG0007978	2	1	1	1	2	1	1	1	1	1	1	1	1	1	1	1	1
OG0007979	1	1	1	1	1	2	1	1	0	1	1	1	1	1	1	1	1
OG0007980	1	1	1	1	1	1	1	2	1	1	1	1	1	1	1	1	1
OG0007981	4	0	1	1	1	1	1	1	1	2	1	1	1	1	1	1	1
OG0007982	1	2	2	1	1	1	1	1	1	1	1	2	1	1	1	1	1
OG0007983	2	2	1	1	1	1	1	1	1	1	1	1	1	1	1	1	1
OG0007984	2	2	2	1	1	1	1	1	0	1	1	2	1	1	1	1	1
OG0007985	2	2	3	1	1	1	0	1	1	1	1	2	1	1	1	1	1
OG0007986	1	1	1	1	1	2	1	1	1	1	1	1	1	1	1	1	1
OG0007987	1	3	1	1	1	1	1	1	1	1	1	1	1	1	1	1	1
OG0007988	1	2	2	1	1	1	1	1	1	1	1	2	1	1	1	1	1
OG0007989	2	2	1	1	1	1	1	1	1	1	1	1	1	1	1	1	1
OG0007990	3	1	1	1	1	1	1	1	1	1	1	1	1	1	1	1	1
OG0007991	3	2	1	1	1	1	0	1	1	1	1	1	1	1	1	1	1
OG0007992	3	1	1	2	1	1	1	1	0	1	1	1	1	1	1	1	1
OG0007993	1	1	1	3	1	1	1	1	1	1	1	1	1	1	1	1	1
OG0007994	1	1	1	3	1	1	1	1	1	1	1	1	1	1	1	1	1
OG0007995	1	2	1	2	1	1	1	1	1	1	1	1	1	1	1	1	1
OG0007996	1	1	2	2	1	0	1	2	1	1	1	1	1	1	1	1	1
OG0007997	2	2	1	1	1	1	1	1	1	1	1	1	1	1	1	1	1
OG0007998	1	3	1	1	1	1	1	1	1	1	1	1	1	1	1	1	1
OG0007999	3	1	1	1	1	1	1	1	1	1	1	1	1	1	1	1	1
OG0008000	2	2	1	1	1	1	1	1	1	1	1	1	1	1	1	1	1
OG0008001	2	2	1	1	1	1	1	1	1	1	1	1	1	1	1	1	1
OG0008002	2	2	1	2	1	1	1	1	1	2	2	2	2	1	1	1	1
OG0008003	2	2	1	1	1	1	1	1	1	1	1	1	1	1	1	1	1
OG0008004	2	2	1	1	1	1	1	1	1	1	1	1	1	1	1	1	1
OG0008005	2	3	3	1	1	0	1	1	1	1	1	3	1	1	1	1	1
OG0008006	1	3	1	1	1	1	1	1	1	1	1	1	1	1	1	1	1
OG0008007	2	2	1	1	1	1	1	1	1	1	1	1	1	1	1	1	1
OG0008008	3	1	1	1	1	1	1	1	1	1	1	1	1	1	1	1	1
OG0008009	3	1	1	1	1	1	1	1	1	1	1	1	1	1	1	1	1
OG0008010	2	2	1	1	1	1	1	1	1	1	1	1	1	1	1	1	1
OG0008011	1	2	1	1	1	1	1	1	1	1	1	1	1	1	1	1	1
OG0008012	2	1	3	1	1	1	1	1	0	1	1	1	1	1	1	1	1
OG0008013	1	3	1	1	1	1	1	1	1	1	1	1	1	1	1	1	1
OG0008014	1	1	1	3	1	1	1	1	1	1	1	1	1	1	1	1	1
OG0008015	2	2	1	1	1	1	1	1	1	1	1	1	1	1	1	1	1
OG0008016	2	2	1	2	1	1	1	1	1	2	2	2	2	1	1	1	1
OG0008017	1	1	1	1	1	2	1	1	1	1	1	1	1	1	1	1	1
OG0008018	1	1	1	1	1	1	1	2	1	1	1	1	1	1	1	1	1
OG0008019	2	2	2	1	2	0	1	1	1	1	1	2	1	1	1	1	1
OG0008020	1	2	1	3	1	1	0	1	1	1	1	1	1	1	1	1	1
OG0008021	2	3	1	0	1	1	1	1	1	1	1	1	1	1	1	1	1
OG0008022	1	1	2	2	1	1	1	1	1	1	1	1	1	1	1	1	1
OG0008023	1	3	1	1	2	1	1	1	1	1	1	1	1	1	1	1	1
OG0008024	2	2	1	1	1	1	1	1	1	1	1	1	1	1	1	1	1
OG0008025	2	2	1	1	1	1	1	1	1	1	1	1	1	1	1	1	1
OG0008026	2	2	1	1	1	1	1	1	1	1	1	1	1	1	1	1	1
OG0008027	1	1	2	2	1	1	1	1	1	1	1	1	1	1	1	1	1
OG0008028	2	2	1	1	1	1	1	1	1	1	1	1	1	1	1	1	1
OG0008029	2	2	1	1	1	1	1	1	1	1	1	1	1	1	1	1	1
OG0008030	1	1	1	1	3	1	1	1	1	1	1	1	1	1	1	1	1
OG0008031	2	1	1	1	1	1	2	1	1	1	1	1	1	1	1	1	1
OG0008032	3	1	1	1	1	1	1	1	1	1	1	1	1	1	1	1	1
OG0008033	1	3	1	1	1	1	1	1	1	1	1	1	1	1	1	1	1
OG0008034	2	2	2	1	1	1	1	1	1	1	1	2	1	1	1	1	1
OG0008035	2	1	1	1	2	1	1	1	1	1	1	1	1	1	1	1	1
OG0008036	1	2	1	2	2	1	1	1	1	1	2	2	2	2	1	1	1
OG0008037	2	2	1	1	1	1	1	1	1	1	1	1	1	1	1	1	1
OG0008038	3	1	1	1	1	1	1	1	1	1	1	1	1	1	1	1	1
OG0008039	1	2	1	1	1	1	2	1	1	1	1	1	1	1	1	1	1
OG0008040	2	2	1	1	1	1	1	1	1	1	1	1	1	1	1	1	1
OG0008041	2	2	2	1	1	1	1	1	1	1	1	2	1	1	1	1	1
OG0008042	2	2	1	1	1	1	1	1	1	1	1	1	1	1	1	1	1
OG0008043	2	2	1	1	1	1	1	1	1	1	1	1	1	1	1	1	1
OG0008044	1	3	2	3	1	1	1	0	1	1	2	2	2	1	1	1	1
OG0008045	1	1	1	0	1	1	2	1	2	1	1	1	1	1	1	2	2
OG0008046	2	2	1	1	1	1	1	1	1	1	1	1	1	1	1	1	1
OG0008047	1	1	1	1	1	1	1	1	2	1	1	1	1	1	1	1	1
OG0008048	1	1	1	1	1	1	1	1	1	1	1	1	1	1	1	1	1
OG0008049	1	1	3	1	1	1	1	1	1	1	1	1	1	1	1	1	1
OG0008050	2	1	1	2	1	1	1	1	1	1	1	1	1	1	1	1	1
OG0008051	1	2	2	2	1	1	1	1	0	1	2	2	2	1	1	1	1
OG0008052	2	2	1	1	1	1	1	1	1	1	1	1	1	1	1	1	1
OG0008053	1	2	0	1	1	1	1	1	2	1	1	1	1	1	1	1	1
OG0008054	2	1	3	1	1	1	1	1	1	1	1	1	1	1	1	1	1
OG0008055	1	3	1	1	1	1	1	1	1	1	1	1	1	1	1	1	1
OG0008056	2	3	1	0	1	1	2	1	1	1	1	1	1	1	1	1	1
OG0008057	2	2	1	1	1	1	1	1	1	1	1	1	1	1	1	1	1
OG0008058	1	1	1	1	1	2	1	1	1	1	1	1	1	1	1	1	1
OG0008059	2	1	2	1	1	1	1	1	1	1	1	1	1	1	1	1	1
OG0008060	2	1	1	1	2	1	1	1	1	1	1	1	1	1	1	1	1
OG0008061	2	1	1	1	2	1	1	1	1	1	1	1	1	1	1	1	1
OG0008062	2	1	1	1	1	1	1	1	1	1	1	1	1	1	1	1	1
OG0008063	1	1	1	1	1	2	1	1	1	1	1	1	1	1	1	1	1
OG0008064	2	1	1	2	1	1	1	1	1	1	1	1	1	1	1	1	1
OG0008065	1	1	2	1	1	1	1	1	1	1	1	1	1	1	1	1	1
OG0008066	3	1	1	1	1	1	1	1	1	1	1	1	1	1	1	1	1
OG0008067	2	2	1	1	1	1	1	1	1	1	1	1	1	1	1	1	1
OG0008068	1	1	4	1	1	1	1	1	1	1	1	1	1	1	1	1	1
OG0008069	3	1	1	1	1	1	1	1	1	1	1	1	1	1	1	1	1
OG0008070	1	2	1	1	1	1	1	1	1	1	1	1	1	1	1	1	1
OG0008071	1	1	1	1	3	1	1	1	1	1	1	1	1	1	1	1	1
OG0008072	1	3	1	0	1	1	1	1	1	1	1	1	1	1	1	1	1
OG0008073	1	3	1	1	1	1	1	1	2	1	1	1	1	1	1	1	1
OG0008074	2	1	1	1	1	1	1	1	1	1	1	1	1	1	1	1	1
OG0008075	1	1	1	3	1	1	1	1	1	1	1	1	1	1	1	1	1
OG0008076	1	2	2	1	1	1	1	1	1	1	1	2	1	1	1	1	1
OG0008077	1	1	1	1	2	1	1	1	1	1	1	1	1	1	1	1	1
OG0008078	1	1	1	1	1	1	1	1	2	1	1	1	1	1	1	1	1
OG0008079	1	1	1	1	3	1	1	1	1	1	1	1	1	1	1	1	1
OG0008080	1	2	2	0	2	1	1	1	1	1	1	2	1	1	1	1	1
OG0008081	1	3	1	1	1	1	1	1	1	1	1	1	1	1	1	1	1
OG0008082	1	2	1	1	2	1	1	1	1	1	1	1	1	1	1	1	1
OG0008083	3	1	1	1	1	1	1	1	1	1	1	1	1	1	1	1	1
OG0008084	2	1	2	2	1	1	1	1	0	2	2	2	2	1	1	1	1
OG0008085	1	1	2	2	1	1	1	1	1	1	1	1	1	1	1	1	1
OG0008086	2	1	1	0	2	1	1	1	1	1	1	1	1	1	1	1	1
OG0008087	2	2	2	1	1	1	1	1	1	1	1	2	1	1	1	1	1
OG0008088	1	1	1	0	1	1	2	2	1	1	1	1	1	1	1	2	2
OG0008089	2	2	1	1	1	1	1	1	1	1	1	1	1	1	1	1	1
OG0008090	1	1	1	1	1	1	1	1	2	1	1	1	1	1	1	1	1
OG0008091	2	2	2	0	1	1	1	1	1	1	1	2	1	1	1	1	1
OG0008092	1	1	1	1	1	1	1	1	2	1	1	1	1	1	1	1	1
OG0008093	1	2	1	2	1	1	1	1	1	1	1	1	1	1	1	1	1
OG0008094	1	2	1	1	3	1	2	1	0	1	1	1	1	1	1	1	1
OG0008095	2	3	1	0	1	1	1	1	1	1	1	1	1	1	1	1	1
OG0008096	1	3	1	1	1	1	1	1	1	1	1	1	1	1	1	1	1
OG0008097	1	3	2	2	2	0	1	1	1	1	2	2	2	2	1	1	1
OG0008098	2	2	1	1	1	1	1	1	1	1	1	1	1	1	1	1	1
OG0008099	2	2	1	1	1	1	1	1	1	1	1	1	1	1	1	1	1
OG0008100	2	2	1	1	1	1	1	1	1	1	1	1	1	1	1	1	1
OG0008101	4	3	1	1	1	1	1	0	1	2	1	1	1	1	1	1	1
OG0008102	1	2	1	2	1	1	1	1	1	1	1	1	1	1	1	1	1
OG0008103	2	2	1	1	1	1	1	1	1	1	1	1	1	1	1	1	1
OG0008104	1	1	1	1	3	1	1	1	1	1	1	1	1	1	1	1	1
OG0008105	3	1	1	1	1	1	1	1	1	1	1	1	1	1	1	1	1
OG0008106	2	2	1	1	1	1	1	1	1	1	1	1	1	1	1	1	1
OG0008107	1	1	1	3	1	1	1	1	1	1	1	1	1	1	1	1	1
OG0008108	2	2	1	1	1	1	1	1	1	1	1	1	1	1	1	1	1
OG0008109	1	2	1	2	1	1	1	1	1	1	1	1	1	1	1	1	1
OG0008110	2	2	1	1	1	1	1	1	1	1	1	1	1	1	1	1	1
OG0008111	1	0	1	1	1	1	1	2	2	1	1	1	1	1	1	1	2
OG0008112	1	4	1	1	1	1	1	1	1	1	1	1	1	1	1	1	1
OG0008113	2	2	1	1	1	1	2	1	0	1	1	1	1	1	1	1	1
OG0008114	2	2	1	2	1	1	1	1	1	2	2	2	2	1	1	1	1
OG0008115	2	2	1	1	1	1	1	1	1	1	1	1	1	1	1	1	1
OG0008116	1	3	1	1	1	1	1	1	1	1	1	1	1	1	1	1	1
OG0008117	3	1	1	1	1	1	1	1	1	1	1	1	1	1	1	1	1
OG0008118	2	2	1	1	1	1	1	1	1	1	1	1	1	1	1	1	1
OG0008119	1	3	1	1	1	1	1	1	1	1	1	1	1	1	1	1	1
OG0008120	1	1	2	0	1	1	1	1	2	1	1	1	1	1	1	1	1
OG0008121	2	1	1	2	1	1	1	1	1	1	1	1	1	1	1	1	1
OG0008122	1	1	1	1	3	1	1	1	1	1	1	1	1	1	1	1	1
OG0008123	2	2	1	1	1	1	1	1	1	1	1	1	1	1	1	1	1
OG0008124	1	2	2	1	1	1	1	1	1	1	1	2	1	1	1	1	1
OG0008125	1	1	1	3	1	1	1	1	1	1	1	1	1	1	1	1	1
OG0008126	2	2	1	1	1	1	1	1	1	1	1	1	1	1	1	1	1
OG0008127	1	1	1	1	2	2	1	1	1	1	1	1	1	1	1	1	1
OG0008128	2	2	1	1	1	1	1	1	1	1	1	1	1	1	1	1	1
OG0008129	1	1	1	1	1	2	0	1	1	1	1	1	1	1	1	1	1
OG0008130	1	3	1	1	1	1	2	1	0	1	1	1	1	1	1	1	1
OG0008131	1	1	1	1	1	1	1	1	2	1	1	1	1	1	1	1	1
OG0008132	1	1	1	2	2	2	1	1	0	1	2	1	2	2	2	1	1
OG0008133	2	1	1	1	1	2	1	1	1	1	1	1	1	1	1	1	1
OG0008134	1	2	1	2	1	1	1	1	1	1	1	1	1	1	1	1	1
OG0008135	1	2	2	1	1	1	1	1	1	1	1	2	1	1	1	1	1
OG0008136	2	2	2	1	1	1	1	1	1	1	1	2	1	1	1	1	1
OG0008137	1	3	1	1	1	1	1	1	1	1	1	1	1	1	1	1	1
OG0008138	1	1	1	1	1	1	1	1	2	1	1	1	1	1	1	1	1
OG0008139	2	2	1	1	1	1	1	1	1	1	1	1	1	1	1	1	1
OG0008140	2	1	2	2	1	1	1	1	1	2	2	2	2	1	1	1	1
OG0008141	1	3	1	0	1	1	1	1	1	1	1	1	1	1	1	1	1
OG0008142	1	2	1	2	1	1	1	1	1	1	1	1	1	1	1	1	1
OG0008143	1	2	1	2	1	1	1	1	1	1	1	1	1	1	1	1	1
OG0008144	1	1	1	1	1	2	1	1	1	1	1	1	1	1	1	1	1
OG0008145	3	2	1	1	1	1	1	1	1	1	1	1	1	1	1	1	1
OG0008146	2	2	1	1	1	1	1	1	1	1	1	1	1	1	1	1	1
OG0008147	1	3	2	0	1	1	1	1	1	1	1	2	1	1	1	1	1
OG0008148	1	1	2	5	1	0	1	1	2	1	1	1	1	1	1	1	1
OG0008149	2	3	2	2	1	0	1	1	1	2	2	2	2	1	1	1	1
OG0008150	1	1	2	2	1	1	0	1	1	1	1	1	1	1	1	1	1
OG0008151	2	0	1	1	1	2	1	1	1	1	1	1	1	1	1	1	1
OG0008152	3	1	1	1	1	1	1	1	1	1	1	1	1	1	1	1	1
OG0008153	1	3	1	1	1	1	1	1	1	1	1	1	1	1	1	1	1
OG0008154	2	2	1	1	1	1	1	1	1	1	1	1	1	1	1	1	1
OG0008155	3	2	1	1	1	1	1	1	1	1	1	1	1	1	1	1	1
OG0008156	2	2	1	1	1	1	1	1	1	1	1	1	1	1	1	1	1
OG0008157	1	3	1	1	1	1	1	1	1	1	1	1	1	1	1	1	1
OG0008158	1	2	1	1	2	1	1	1	1	1	1	1	1	1	1	1	1
OG0008159	1	1	1	2	1	1	1	1	1	1	1	1	1	1	1	1	1
OG0008160	1	2	1	1	1	1	1	1	1	1	1	1	1	1	1	1	1
OG0008161	1	1	2	2	1	1	1	1	1	1	1	1	1	1	1	1	1
OG0008162	1	2	1	1	1	2	1	1	0	1	1	1	1	1	1	1	1
OG0008163	1	1	1	1	1	1	1	1	2	1	1	1	1	1	1	1	1
OG0008164	2	1	1	1	1	1	1	1	1	1	1	1	1	1	1	1	1
OG0008165	1	1	1	1	1	2	1	1	1	1	1	1	1	1	1	1	1
OG0008166	1	2	2	1	1	1	1	1	1	1	1	2	1	1	1	1	1
OG0008167	1	3	1	1	1	1	1	1	1	1	1	1	1	1	1	1	1
OG0008168	2	1	1	1	3	1	1	1	1	1	1	1	1	1	1	1	1
OG0008169	2	2	1	1	1	1	1	1	1	1	1	1	1	1	1	1	1
OG0008170	2	2	1	1	1	1	1	1	1	1	1	1	1	1	1	1	1
OG0008171	1	3	2	0	1	1	1	1	1	1	1	2	1	1	1	1	1
OG0008172	4	1	1	0	1	1	1	1	1	2	1	1	1	1	1	1	1
OG0008173	1	5	1	0	1	1	1	1	1	1	1	1	1	1	1	1	1
OG0008174	1	1	1	1	1	2	1	1	1	1	1	1	1	1	1	1	1
OG0008175	1	1	1	1	1	1	1	2	1	1	1	1	1	1	1	1	1
OG0008176	1	2	1	1	1	1	1	1	1	1	1	1	1	1	1	1	1
OG0008177	2	2	1	1	1	1	1	1	1	1	1	1	1	1	1	1	1
OG0008178	2	1	1	1	1	1	1	1	1	1	1	1	1	1	1	1	1
OG0008179	1	3	1	1	1	1	1	1	1	1	1	1	1	1	1	1	1
OG0008180	1	1	2	1	1	1	1	2	0	1	1	1	1	1	1	1	1
OG0008181	1	1	1	0	1	1	2	2	2	1	1	1	1	1	1	2	2
OG0008182	1	1	2	2	1	1	1	1	1	1	1	1	1	1	1	1	1
OG0008183	1	5	1	1	1	1	1	0	1	1	1	1	1	1	1	1	1
OG0008184	1	1	1	1	1	1	1	1	2	1	1	1	1	1	1	1	1
OG0008185	1	1	3	1	1	1	1	1	1	1	1	1	1	1	1	1	1
OG0008186	1	1	1	2	1	1	1	1	1	1	1	1	1	1	1	1	1
OG0008187	2	2	1	1	2	1	1	1	1	1	1	1	1	1	1	1	1
OG0008188	1	1	1	3	1	1	1	1	1	1	1	1	1	1	1	1	1
OG0008189	2	2	1	1	1	1	1	1	1	1	1	1	1	1	1	1	1
OG0008190	1	2	1	2	1	1	1	1	1	1	1	1	1	1	1	1	1
OG0008191	2	1	1	2	1	1	1	1	1	1	1	1	1	1	1	1	1
OG0008192	1	2	1	1	2	1	1	1	1	1	1	1	1	1	1	1	1
OG0008193	2	3	1	1	1	1	1	1	0	1	1	1	1	1	1	1	1
OG0008194	3	1	1	1	1	1	1	1	2	1	1	1	1	1	1	1	1
OG0008195	2	1	1	1	2	1	1	1	1	1	1	1	1	1	1	1	1
OG0008196	2	2	1	1	1	1	1	1	1	1	1	1	1	1	1	1	1
OG0008197	2	2	1	2	1	1	0	1	1	2	2	2	2	1	1	1	1
OG0008198	1	1	2	1	2	1	1	1	1	1	1	1	1	1	1	1	1
OG0008199	2	1	1	0	1	1	1	2	0	1	1	1	1	1	1	1	1
OG0008200	2	2	1	1	1	1	1	1	1	1	1	1	1	1	1	1	1
OG0008201	2	2	1	2	1	1	0	1	1	2	2	2	2	1	1	1	1
OG0008202	2	2	1	1	1	1	1	1	1	1	1	1	1	1	1	1	1
OG0008203	1	2	1	1	2	1	1	1	1	1	1	1	1	1	1	1	1
OG0008204	1	1	2	1	2	1	1	1	1	1	1	1	1	1	1	1	1
OG0008205	1	3	1	1	1	1	1	1	1	1	1	1	1	1	1	1	1
OG0008206	1	1	1	1	1	1	1	1	2	1	1	1	1	1	1	1	1
OG0008207	1	3	1	1	1	1	1	1	1	1	1	1	1	1	1	1	1
OG0008208	1	2	1	1	1	2	1	1	1	1	1	1	1	1	1	1	1
OG0008209	1	2	1	2	1	1	1	1	1	1	1	1	1	1	1	1	1
OG0008210	1	1	1	0	2	1	1	2	1	1	1	1	1	1	1	1	1
OG0008211	1	2	1	1	2	1	1	1	1	1	1	1	1	1	1	1	1
OG0008212	1	2	2	2	2	1	1	1	0	1	2	2	2	2	1	1	1
OG0008213	1	1	2	1	1	1	1	1	1	1	1	1	1	1	1	1	1
OG0008214	1	3	1	2	1	1	1	1	1	1	1	1	1	1	1	1	1
OG0008215	1	2	2	1	1	1	1	1	1	1	1	2	1	1	1	1	1
OG0008216	1	1	1	0	1	1	1	2	1	1	1	1	1	1	1	1	1
OG0008217	1	4	1	1	1	1	1	1	1	1	1	1	1	1	1	1	1
OG0008218	1	3	1	1	1	1	2	1	0	1	1	1	1	1	1	1	1
OG0008219	1	1	1	1	1	2	1	1	1	1	1	1	1	1	1	1	1
OG0008220	1	3	1	1	1	1	1	1	1	1	1	1	1	1	1	1	1
OG0008221	1	2	1	0	1	1	3	1	1	1	1	1	1	1	1	1	1
OG0008222	1	2	1	1	1	1	1	1	1	1	1	1	1	1	1	1	1
OG0008223	2	1	1	1	1	2	1	1	0	1	1	1	1	1	1	1	1
OG0008224	1	1	1	1	1	2	1	1	0	1	1	1	1	1	1	1	1
OG0008225	1	3	1	1	1	1	1	1	1	1	1	1	1	1	1	1	1
OG0008226	1	1	2	1	2	1	1	1	1	1	1	1	1	1	1	1	1
OG0008227	1	1	1	1	2	1	1	2	1	1	1	1	1	1	1	1	1
OG0008228	2	2	1	1	1	1	1	1	1	1	1	1	1	1	1	1	1
OG0008229	1	1	1	1	1	2	1	1	1	1	1	1	1	1	1	1	1
OG0008230	1	5	1	0	1	1	1	1	1	1	1	1	1	1	1	1	1
OG0008231	1	1	1	1	1	1	3	1	1	1	1	1	1	1	1	1	1
OG0008232	1	1	1	3	1	1	1	1	1	1	1	1	1	1	1	1	1
OG0008233	2	2	1	2	1	1	1	1	1	2	2	2	2	1	1	1	1
OG0008234	1	1	2	2	1	1	1	1	1	1	1	1	1	1	1	1	1
OG0008235	1	2	1	1	1	1	1	1	2	1	1	1	1	1	1	1	1
OG0008236	1	3	1	1	1	1	1	1	1	1	1	1	1	1	1	1	1
OG0008237	1	1	1	1	1	2	1	1	1	1	1	1	1	1	1	1	1
OG0008238	3	1	1	1	1	1	1	1	0	1	1	1	1	1	1	1	1
OG0008239	1	1	1	1	1	1	1	1	2	1	1	1	1	1	1	1	1
OG0008240	1	1	1	1	3	1	1	1	1	1	1	1	1	1	1	1	1
OG0008241	1	2	2	1	2	1	1	1	0	1	1	2	1	1	1	1	1
OG0008242	1	1	1	1	1	1	1	2	1	1	1	1	1	1	1	1	1
OG0008243	2	1	2	1	1	1	1	1	1	1	1	1	1	1	1	1	1
OG0008244	1	2	1	1	2	1	1	1	1	1	1	1	1	1	1	1	1
OG0008245	1	1	1	2	1	1	1	1	1	1	1	1	1	1	1	1	1
OG0008246	1	1	3	1	1	1	1	1	0	1	1	1	1	1	1	1	1
OG0008247	1	2	1	1	2	1	1	1	1	1	1	1	1	1	1	1	1
OG0008248	1	1	1	1	1	1	1	1	2	1	1	1	1	1	1	1	1
OG0008249	1	2	4	1	1	1	1	1	0	1	1	2	1	1	1	1	1
OG0008250	1	5	1	1	1	1	1	0	1	1	1	1	1	1	1	1	1
OG0008251	1	1	1	1	1	2	1	1	1	1	1	1	1	1	1	1	1
OG0008252	1	1	1	1	1	1	1	1	2	1	1	1	1	1	1	1	1
OG0008253	2	2	1	1	1	1	1	1	1	1	1	1	1	1	1	1	1
OG0008254	3	1	2	1	1	1	1	1	1	1	1	1	1	1	1	1	1
OG0008255	2	1	1	1	1	1	1	1	1	1	1	1	1	1	1	1	1
OG0008256	1	2	2	1	1	1	1	1	1	1	1	2	1	1	1	1	1
OG0008257	2	2	1	1	1	1	1	1	1	1	1	1	1	1	1	1	1
OG0008258	1	2	1	1	2	1	1	1	1	1	1	1	1	1	1	1	1
OG0008259	1	3	1	1	1	1	1	1	1	1	1	1	1	1	1	1	1
OG0008260	1	2	1	1	2	1	1	1	1	1	1	1	1	1	1	1	1
OG0008261	1	1	1	1	1	1	2	1	1	1	1	1	1	1	1	1	1
OG0008262	2	1	2	1	2	1	0	1	0	1	1	1	1	1	1	1	1
OG0008263	4	2	1	0	1	1	1	1	0	2	1	1	1	1	1	1	1
OG0008264	1	2	1	1	1	1	1	1	1	1	1	1	1	1	1	1	1
OG0008265	2	1	1	1	2	1	1	1	1	1	1	1	1	1	1	1	1
OG0008266	2	2	1	1	1	1	1	1	1	1	1	1	1	1	1	1	1
OG0008267	1	2	1	1	2	1	1	1	1	1	1	1	1	1	1	1	1
OG0008268	1	1	2	2	1	1	1	1	1	1	1	1	1	1	1	1	1
OG0008269	1	1	1	1	1	1	1	1	2	1	1	1	1	1	1	1	1
OG0008270	2	2	1	0	2	1	1	1	1	1	1	1	1	1	1	1	1
OG0008271	1	1	1	1	1	1	1	2	1	1	1	1	1	1	1	1	1
OG0008272	1	3	1	1	1	1	1	1	1	1	1	1	1	1	1	1	1
OG0008273	1	2	1	2	1	1	1	1	1	1	1	1	1	1	1	1	1
OG0008274	1	1	3	1	1	1	1	1	1	1	1	1	1	1	1	1	1
OG0008275	1	2	1	1	2	1	1	1	1	1	1	1	1	1	1	1	1
OG0008276	1	2	1	2	1	1	1	1	1	1	1	1	1	1	1	1	1
OG0008277	1	4	1	0	1	1	1	1	1	1	1	1	1	1	1	1	1
OG0008278	1	2	1	1	1	1	1	1	1	1	1	1	1	1	1	1	1
OG0008279	1	2	2	1	1	1	1	1	1	1	1	2	1	1	1	1	1
OG0008280	1	4	2	0	1	1	1	1	1	1	1	2	1	1	1	1	1
OG0008281	1	1	1	0	1	2	1	1	1	1	1	1	1	1	1	1	1
OG0008282	1	2	2	1	1	1	1	1	1	1	1	2	1	1	1	1	1
OG0008283	1	2	2	2	1	1	1	1	1	1	2	2	2	1	1	1	1
OG0008284	2	1	1	1	1	1	1	1	1	1	1	1	1	1	1	1	1
OG0008285	1	2	1	2	1	1	1	1	1	1	1	1	1	1	1	1	1
OG0008286	1	1	1	2	1	1	2	1	1	1	1	1	1	1	1	1	1
OG0008287	1	1	1	1	1	1	1	1	2	1	1	1	1	1	1	1	1
OG0008288	1	1	2	2	1	1	1	1	1	1	1	1	1	1	1	1	1
OG0008289	1	1	1	3	1	1	1	1	1	1	1	1	1	1	1	1	1
OG0008290	1	1	1	1	2	1	1	1	1	1	1	1	1	1	1	1	1
OG0008291	1	1	1	1	1	2	1	1	0	1	1	1	1	1	1	1	1
OG0008292	1	1	1	2	2	1	1	1	1	1	1	1	1	1	1	1	1
OG0008293	1	2	1	1	2	1	2	1	1	1	1	1	1	1	1	1	1
OG0008294	1	1	3	1	1	1	1	1	1	1	1	1	1	1	1	1	1
OG0008295	1	3	1	1	1	1	1	1	1	1	1	1	1	1	1	1	1
OG0008296	1	1	1	2	2	1	1	1	1	1	1	1	1	1	1	1	1
OG0008297	1	3	1	1	1	1	1	1	1	1	1	1	1	1	1	1	1
OG0008298	1	2	1	1	1	1	1	1	1	1	1	1	1	1	1	1	1
OG0008299	1	1	1	1	1	0	2	1	2	1	1	1	1	1	1	2	2
OG0008300	1	2	2	1	1	1	1	1	1	1	1	2	1	1	1	1	1
OG0008301	1	1	1	1	1	1	1	2	1	1	1	1	1	1	1	1	1
OG0008302	1	1	1	1	1	2	1	1	1	1	1	1	1	1	1	1	1
OG0008303	1	1	1	1	1	2	1	0	1	1	1	1	1	1	1	1	1
OG0008304	1	3	2	0	1	1	1	1	1	1	1	2	1	1	1	1	1
OG0008305	1	4	1	1	1	1	1	1	0	1	1	1	1	1	1	1	1
OG0008306	2	3	1	1	1	1	1	1	1	1	1	1	1	1	1	1	1
OG0008307	1	2	1	1	2	1	1	1	1	1	1	1	1	1	1	1	1
OG0008308	1	1	1	1	1	1	1	1	1	1	1	1	1	1	1	1	1
OG0008309	1	2	2	2	2	1	1	0	1	1	2	2	2	2	1	1	1
OG0008310	2	1	1	2	1	1	1	1	1	1	1	1	1	1	1	1	1
OG0008311	1	1	1	1	1	1	2	1	1	1	1	1	1	1	1	1	1
OG0008312	1	3	1	1	1	1	1	1	1	1	1	1	1	1	1	1	1
OG0008313	1	2	3	0	1	1	1	1	1	1	1	2	1	1	1	1	1
OG0008314	1	1	1	1	1	1	3	1	1	1	1	1	1	1	1	1	1
OG0008315	1	3	1	1	1	1	1	1	1	1	1	1	1	1	1	1	1
OG0008316	1	1	1	1	3	1	1	1	1	1	1	1	1	1	1	1	1
OG0008317	1	2	1	1	1	2	1	1	0	1	1	1	1	1	1	1	1
OG0008318	1	1	1	2	1	1	2	1	1	1	1	1	1	1	1	1	1
OG0008319	2	1	1	0	1	1	1	1	2	1	1	1	1	1	1	1	1
OG0008320	1	2	1	2	1	1	1	1	1	1	1	1	1	1	1	1	1
OG0008321	1	4	1	1	1	1	1	1	1	1	1	1	1	1	1	1	1
OG0008322	1	1	1	1	1	1	3	1	1	1	1	1	1	1	1	1	1
OG0008323	1	1	1	1	1	1	1	1	2	1	1	1	1	1	1	1	1
OG0008324	1	1	1	1	1	1	1	1	2	1	1	1	1	1	1	1	1
OG0008325	1	1	1	1	1	1	3	1	1	1	1	1	1	1	1	1	1
OG0008326	1	2	1	2	1	1	1	1	1	1	1	1	1	1	1	1	1
OG0008327	1	1	1	1	1	1	1	1	2	1	1	1	1	1	1	1	1
OG0008328	2	1	1	1	2	1	1	1	1	1	1	1	1	1	1	1	1
OG0008329	1	1	1	1	3	1	1	1	1	1	1	1	1	1	1	1	1
OG0008330	1	2	1	1	1	1	1	1	1	1	1	1	1	1	1	1	1
OG0008331	1	1	1	1	1	2	1	1	1	1	1	1	1	1	1	1	1
OG0008332	1	2	2	0	2	1	1	1	1	1	1	2	1	1	1	1	1
OG0008333	1	2	1	1	1	1	1	1	2	1	1	1	1	1	1	1	1
OG0008334	1	3	3	1	1	1	1	1	0	1	1	3	1	1	1	1	1
OG0008335	1	1	3	1	1	1	1	1	1	1	1	1	1	1	1	1	1
OG0008336	2	2	1	1	1	1	1	1	1	1	1	1	1	1	1	1	1
OG0008337	1	1	3	1	1	1	1	1	1	1	1	1	1	1	1	1	1
OG0008338	1	1	1	0	1	1	1	2	2	1	1	1	1	1	1	1	2
OG0008339	1	2	2	1	1	1	1	1	1	1	1	2	1	1	1	1	1
OG0008340	1	1	2	1	1	1	1	1	2	1	1	1	1	1	1	1	1
OG0008341	1	2	1	2	1	1	1	1	1	1	1	1	1	1	1	1	1
OG0008342	1	2	2	1	1	1	1	1	1	1	1	2	1	1	1	1	1
OG0008343	1	2	2	1	1	1	1	1	1	1	1	2	1	1	1	1	1
OG0008344	1	1	2	1	1	1	1	1	1	1	1	1	1	1	1	1	1
OG0008345	1	1	1	1	1	2	1	1	1	1	1	1	1	1	1	1	1
OG0008346	1	2	1	1	1	2	1	1	0	1	1	1	1	1	1	1	1
OG0008347	1	3	1	1	1	1	1	1	1	1	1	1	1	1	1	1	1
OG0008348	1	1	1	2	1	1	1	1	1	1	1	1	1	1	1	1	1
OG0008349	1	3	1	1	1	1	1	1	1	1	1	1	1	1	1	1	1
OG0008350	1	1	2	1	1	1	1	1	1	1	1	1	1	1	1	1	1
OG0008351	1	4	1	1	1	1	0	1	1	1	1	1	1	1	1	1	1
OG0008352	1	3	1	1	1	1	1	1	1	1	1	1	1	1	1	1	1
OG0008353	1	1	2	1	1	1	1	1	2	1	1	1	1	1	1	1	1
OG0008354	1	2	2	1	1	1	1	1	1	1	1	2	1	1	1	1	1
OG0008355	1	1	2	1	1	1	1	1	1	1	1	1	1	1	1	1	1
OG0008356	1	3	1	1	1	1	1	1	1	1	1	1	1	1	1	1	1
OG0008523	1	1	2	1	1	1	1	1	1	1	1	1	1	1	1	1	1
OG0008526	2	2	1	1	1	1	1	1	1	1	1	1	1	1	1	1	1
OG0008528	1	2	1	1	1	1	1	1	1	1	1	1	1	1	1	1	1
OG0008529	4	1	1	3	2	0	2	0	0	2	2	1	2	2	2	2	0
OG0008530	1	2	1	1	1	1	1	1	1	1	1	1	1	1	1	1	1
OG0008531	1	2	1	1	1	1	1	1	1	1	1	1	1	1	1	1	1
OG0008532	2	1	1	1	1	1	1	1	1	1	1	1	1	1	1	1	1
OG0008533	2	1	1	1	1	1	1	1	1	1	1	1	1	1	1	1	1
OG0008534	1	2	1	1	1	1	1	1	1	1	1	1	1	1	1	1	1
OG0008535	1	2	1	1	1	1	1	1	1	1	1	1	1	1	1	1	1
OG0008536	1	2	1	1	1	1	1	1	1	1	1	1	1	1	1	1	1
OG0008537	1	2	1	1	1	1	1	1	1	1	1	1	1	1	1	1	1
OG0008538	1	1	2	1	1	1	1	1	1	1	1	1	1	1	1	1	1
OG0008539	1	2	1	1	1	1	1	1	1	1	1	1	1	1	1	1	1
OG0008540	2	1	1	1	1	1	1	1	1	1	1	1	1	1	1	1	1
OG0008541	1	1	2	1	1	1	1	1	1	1	1	1	1	1	1	1	1
OG0008542	4	1	0	1	1	1	1	1	0	2	1	1	1	1	1	1	1
OG0008543	2	2	1	1	1	1	1	1	0	1	1	1	1	1	1	1	1
OG0008544	2	1	1	1	1	1	1	1	1	1	1	1	1	1	1	1	1
OG0008545	2	1	1	1	2	1	1	1	1	1	1	1	1	1	1	1	1
OG0008547	2	1	1	1	1	1	1	1	1	1	1	1	1	1	1	1	1
OG0008548	1	2	1	1	1	1	1	1	1	1	1	1	1	1	1	1	1
OG0008549	2	1	3	0	1	1	1	1	1	1	1	1	1	1	1	1	1
OG0008550	2	1	2	0	1	1	1	1	0	1	1	1	1	1	1	1	1
OG0008551	2	2	1	1	1	1	1	1	0	1	1	1	1	1	1	1	1
OG0008552	1	0	0	0	2	1	0	2	2	1	1	0	1	1	1	1	2
OG0008553	3	1	1	1	0	1	1	1	1	1	1	1	1	1	1	1	1
OG0008554	1	2	1	1	3	1	1	1	0	1	1	1	1	1	1	1	1
OG0008555	1	2	1	1	1	1	1	1	1	1	1	1	1	1	1	1	1
OG0008556	1	0	0	1	1	2	1	1	1	1	1	0	1	1	1	1	1
OG0008557	1	2	1	0	2	0	2	1	2	1	1	1	1	1	1	2	2
OG0008558	1	2	1	1	1	1	1	1	1	1	1	1	1	1	1	1	1
OG0008559	1	1	2	1	1	1	1	1	1	1	1	1	1	1	1	1	1
OG0008560	1	1	1	1	2	1	1	1	1	1	1	1	1	1	1	1	1
OG0008561	2	1	1	1	1	1	1	1	1	1	1	1	1	1	1	1	1
OG0008562	3	2	1	1	1	1	1	0	1	1	1	1	1	1	1	1	1
OG0008563	1	2	2	1	1	1	1	1	1	1	1	2	1	1	1	1	1
OG0008564	1	1	1	1	1	1	1	1	2	1	1	1	1	1	1	1	1
OG0008565	2	1	1	1	1	1	1	1	1	1	1	1	1	1	1	1	1
OG0008566	2	1	1	1	1	1	1	1	1	1	1	1	1	1	1	1	1
OG0008567	3	1	1	1	1	1	1	1	1	1	1	1	1	1	1	1	1
OG0008568	1	2	1	1	1	1	1	1	1	1	1	1	1	1	1	1	1
OG0008569	1	3	1	0	1	1	1	1	1	1	1	1	1	1	1	1	1
OG0008570	2	1	1	1	1	1	1	1	1	1	1	1	1	1	1	1	1
OG0008571	1	2	1	1	1	1	1	1	1	1	1	1	1	1	1	1	1
OG0008572	1	2	1	0	2	1	1	1	0	1	1	1	1	1	1	1	1
OG0008573	1	1	1	2	1	1	1	1	1	1	1	1	1	1	1	1	1
OG0008574	1	2	1	1	1	1	1	1	1	1	1	1	1	1	1	1	1
OG0008575	2	1	1	1	1	1	1	1	1	1	1	1	1	1	1	1	1
OG0008576	2	1	1	1	1	1	1	1	1	1	1	1	1	1	1	1	1
OG0008577	2	2	2	1	1	0	1	1	1	1	1	2	1	1	1	1	1
OG0008578	2	1	1	1	1	1	1	1	1	1	1	1	1	1	1	1	1
OG0008579	1	2	1	1	1	1	1	1	1	1	1	1	1	1	1	1	1
OG0008580	2	1	1	1	1	1	1	1	1	1	1	1	1	1	1	1	1
OG0008581	2	1	1	1	1	1	1	1	1	1	1	1	1	1	1	1	1
OG0008582	1	2	1	1	1	1	1	1	1	1	1	1	1	1	1	1	1
OG0008583	1	1	1	2	1	1	1	1	1	1	1	1	1	1	1	1	1
OG0008584	2	1	1	1	1	1	1	1	1	1	1	1	1	1	1	1	1
OG0008585	3	1	0	1	1	1	1	1	1	1	1	1	1	1	1	1	1
OG0008586	1	1	1	1	1	1	1	1	2	1	1	1	1	1	1	1	1
OG0008587	1	0	1	1	2	0	0	2	2	1	1	1	1	1	1	1	2
OG0008588	3	1	1	1	1	1	1	1	0	1	1	1	1	1	1	1	1
OG0008589	2	2	1	1	1	1	1	1	0	1	1	1	1	1	1	1	1
OG0008590	1	2	1	1	1	1	1	1	1	1	1	1	1	1	1	1	1
OG0008591	2	1	1	1	1	1	1	1	1	1	1	1	1	1	1	1	1
OG0008592	1	5	0	0	3	1	0	1	0	1	1	1	1	1	1	1	1
OG0008593	1	1	1	1	2	1	1	1	1	1	1	1	1	1	1	1	1
OG0008594	1	2	1	1	1	1	1	1	1	1	1	1	1	1	1	1	1
OG0008595	1	3	2	1	2	0	1	1	1	1	1	2	1	1	1	1	1
OG0008596	2	1	1	1	1	1	1	1	1	1	1	1	1	1	1	1	1
OG0008597	2	1	1	1	1	1	1	1	1	1	1	1	1	1	1	1	1
OG0008598	1	2	2	0	2	1	1	1	1	1	1	2	1	1	1	1	1
OG0008599	1	0	1	1	1	1	1	1	2	1	1	1	1	1	1	1	1
OG0008600	2	2	2	1	1	1	1	1	1	1	1	2	1	1	1	1	1
OG0008601	10	0	0	5	0	0	0	0	0	2	1	0	1	0	0	0	0
OG0008602	2	1	1	1	1	1	1	1	1	1	1	1	1	1	1	1	1
OG0008603	3	1	1	1	1	1	1	1	0	1	1	1	1	1	1	1	1
OG0008604	1	2	1	1	1	1	1	1	1	1	1	1	1	1	1	1	1
OG0008605	2	2	1	1	1	1	1	1	1	1	1	1	1	1	1	1	1
OG0008606	2	1	1	1	1	1	1	1	1	1	1	1	1	1	1	1	1
OG0008607	3	1	1	0	1	1	1	1	1	1	1	1	1	1	1	1	1
OG0008608	1	3	2	2	1	1	0	1	0	1	2	2	2	1	1	1	1
OG0008609	1	1	1	2	1	1	1	1	1	1	1	1	1	1	1	1	1
OG0008610	1	2	1	1	1	1	1	1	1	1	1	1	1	1	1	1	1
OG0008611	1	2	1	1	1	1	1	1	1	1	1	1	1	1	1	1	1
OG0008612	2	1	1	1	1	1	1	1	1	1	1	1	1	1	1	1	1
OG0008613	1	3	1	1	1	1	1	1	1	1	1	1	1	1	1	1	1
OG0008614	1	2	1	1	1	1	1	1	1	1	1	1	1	1	1	1	1
OG0008615	2	1	1	1	1	1	1	1	1	1	1	1	1	1	1	1	1
OG0008616	1	2	1	1	1	1	1	1	1	1	1	1	1	1	1	1	1
OG0008617	3	0	2	1	1	1	1	1	0	1	1	1	1	1	1	1	1
OG0008618	1	3	1	0	1	1	1	1	1	1	1	1	1	1	1	1	1
OG0008619	3	1	2	1	1	1	1	1	0	1	1	1	1	1	1	1	1
OG0008620	1	2	1	1	1	1	1	1	1	1	1	1	1	1	1	1	1
OG0008621	1	1	1	2	1	1	1	1	1	1	1	1	1	1	1	1	1
OG0008622	1	2	1	1	1	1	1	1	1	1	1	1	1	1	1	1	1
OG0008623	1	3	1	1	1	1	1	1	1	1	1	1	1	1	1	1	1
OG0008624	1	4	1	0	1	1	1	1	1	1	1	1	1	1	1	1	1
OG0008625	1	2	1	1	1	1	1	1	1	1	1	1	1	1	1	1	1
OG0008626	2	1	1	1	1	1	1	1	1	1	1	1	1	1	1	1	1
OG0008627	1	1	1	2	1	1	1	1	1	1	1	1	1	1	1	1	1
OG0008628	2	1	1	1	1	1	1	1	1	1	1	1	1	1	1	1	1
OG0008629	2	2	1	1	1	1	1	1	0	1	1	1	1	1	1	1	1
OG0008630	1	2	1	1	1	1	1	1	1	1	1	1	1	1	1	1	1
OG0008631	1	3	1	1	1	1	1	1	0	1	1	1	1	1	1	1	1
OG0008632	1	2	1	1	1	1	1	1	1	1	1	1	1	1	1	1	1
OG0008633	1	1	2	1	1	1	1	1	1	1	1	1	1	1	1	1	1
OG0008634	2	0	1	0	1	2	1	1	0	1	1	1	1	1	1	1	1
OG0008635	1	2	1	1	1	1	1	1	1	1	1	1	1	1	1	1	1
OG0008636	2	1	1	1	2	1	1	1	1	1	1	1	1	1	1	1	1
OG0008637	2	1	1	1	1	1	1	1	1	1	1	1	1	1	1	1	1
OG0008638	1	2	1	1	1	1	1	1	1	1	1	1	1	1	1	1	1
OG0008639	1	2	1	1	1	1	1	1	1	1	1	1	1	1	1	1	1
OG0008640	1	2	1	1	1	1	1	1	1	1	1	1	1	1	1	1	1
OG0008641	2	2	1	0	1	1	1	1	1	1	1	1	1	1	1	1	1
OG0008642	2	2	1	0	1	1	1	1	1	1	1	1	1	1	1	1	1
OG0008643	2	1	1	1	1	1	2	1	0	1	1	1	1	1	1	1	1
OG0008644	2	1	1	1	1	1	1	1	1	1	1	1	1	1	1	1	1
OG0008645	2	1	1	1	1	1	1	1	1	1	1	1	1	1	1	1	1
OG0008646	1	2	1	1	1	1	1	1	1	1	1	1	1	1	1	1	1
OG0008647	2	1	1	1	1	1	1	1	1	1	1	1	1	1	1	1	1
OG0008648	2	1	1	2	1	1	1	1	1	1	1	1	1	1	1	1	1
OG0008649	1	2	1	1	1	1	1	1	1	1	1	1	1	1	1	1	1
OG0008650	1	0	1	1	1	1	1	2	1	1	1	1	1	1	1	1	1
OG0008651	1	3	1	1	1	1	1	1	1	1	1	1	1	1	1	1	1
OG0008652	2	1	1	1	1	1	1	1	1	1	1	1	1	1	1	1	1
OG0008653	1	2	2	1	1	1	1	1	0	1	1	2	1	1	1	1	1
OG0008654	1	1	1	1	1	2	1	1	1	1	1	1	1	1	1	1	1
OG0008655	2	1	1	1	1	1	1	1	0	1	1	1	1	1	1	1	1
OG0008656	1	1	1	1	2	1	1	1	1	1	1	1	1	1	1	1	1
OG0008657	1	1	2	1	1	1	1	1	1	1	1	1	1	1	1	1	1
OG0008658	2	2	1	1	1	1	1	1	1	1	1	1	1	1	1	1	1
OG0008659	1	1	3	0	1	1	1	1	1	1	1	1	1	1	1	1	1
OG0008660	2	1	1	1	1	1	1	1	1	1	1	1	1	1	1	1	1
OG0008661	1	1	1	1	1	1	1	1	1	1	1	1	1	1	1	1	1
OG0008662	3	1	1	1	1	1	1	1	1	1	1	1	1	1	1	1	1
OG0008663	1	2	1	1	1	1	1	1	1	1	1	1	1	1	1	1	1
OG0008664	2	2	1	1	1	1	1	1	0	1	1	1	1	1	1	1	1
OG0008665	2	2	0	1	1	1	1	1	1	1	1	1	1	1	1	1	1
OG0008666	1	2	1	1	1	1	1	1	1	1	1	1	1	1	1	1	1
OG0008667	2	1	1	1	1	1	1	1	1	1	1	1	1	1	1	1	1
OG0008668	1	1	1	1	1	1	2	1	1	1	1	1	1	1	1	1	1
OG0008669	4	2	1	1	1	1	0	1	0	2	1	1	1	1	1	1	1
OG0008670	4	1	1	1	1	1	0	1	1	2	1	1	1	1	1	1	1
OG0008671	2	2	1	0	1	1	1	1	1	1	1	1	1	1	1	1	1
OG0008672	1	2	1	1	1	1	1	1	1	1	1	1	1	1	1	1	1
OG0008673	1	2	1	1	1	1	1	1	1	1	1	1	1	1	1	1	1
OG0008674	2	2	1	0	1	1	1	1	1	1	1	1	1	1	1	1	1
OG0008675	3	1	2	1	1	1	1	0	1	1	1	1	1	1	1	1	1
OG0008676	2	1	1	1	1	1	1	1	1	1	1	1	1	1	1	1	1
OG0008677	1	1	2	1	1	1	1	1	1	1	1	1	1	1	1	1	1
OG0008678	2	1	1	1	2	1	1	1	1	1	1	1	1	1	1	1	1
OG0008679	1	1	1	1	2	1	1	1	1	1	1	1	1	1	1	1	1
OG0008680	2	1	1	1	1	1	1	1	1	1	1	1	1	1	1	1	1
OG0008681	1	1	1	1	3	1	1	1	1	1	1	1	1	1	1	1	1
OG0008682	1	2	1	1	1	1	1	1	1	1	1	1	1	1	1	1	1
OG0008683	2	1	1	1	1	1	1	1	1	1	1	1	1	1	1	1	1
OG0008684	2	1	1	1	1	1	1	1	1	1	1	1	1	1	1	1	1
OG0008685	2	1	2	0	1	1	1	1	1	1	1	1	1	1	1	1	1
OG0008686	1	2	1	1	1	1	1	1	1	1	1	1	1	1	1	1	1
OG0008687	2	2	1	1	1	1	1	1	1	1	1	1	1	1	1	1	1
OG0008688	1	2	2	1	1	1	1	1	1	1	1	2	1	1	1	1	1
OG0008689	2	1	1	1	1	1	1	1	1	1	1	1	1	1	1	1	1
OG0008690	4	0	1	1	1	1	1	1	0	2	1	1	1	1	1	1	1
OG0008691	1	1	1	2	1	1	1	1	1	1	1	1	1	1	1	1	1
OG0008692	1	2	1	1	1	1	1	1	1	1	1	1	1	1	1	1	1
OG0008693	2	1	1	1	1	1	1	1	1	1	1	1	1	1	1	1	1
OG0008694	2	2	1	1	1	1	1	1	1	1	1	1	1	1	1	1	1
OG0008695	2	1	1	1	1	1	1	1	1	1	1	1	1	1	1	1	1
OG0008696	1	2	1	1	1	1	1	1	1	1	1	1	1	1	1	1	1
OG0008697	3	2	1	1	1	0	1	1	1	1	1	1	1	1	1	1	1
OG0008698	1	1	2	1	1	1	1	1	1	1	1	1	1	1	1	1	1
OG0008699	1	1	1	1	2	1	1	1	1	1	1	1	1	1	1	1	1
OG0008700	2	1	1	1	1	1	1	1	1	1	1	1	1	1	1	1	1
OG0008701	2	1	1	1	2	1	1	1	0	1	1	1	1	1	1	1	1
OG0008702	1	1	1	1	2	1	1	1	1	1	1	1	1	1	1	1	1
OG0008703	1	2	1	0	2	1	1	1	1	1	1	1	1	1	1	1	1
OG0008704	2	1	1	1	1	1	1	1	1	1	1	1	1	1	1	1	1
OG0008705	2	2	1	1	1	1	1	1	1	1	1	1	1	1	1	1	1
OG0008706	1	2	1	1	1	1	1	1	1	1	1	1	1	1	1	1	1
OG0008707	1	1	1	1	1	1	1	1	1	1	1	1	1	1	1	1	1
OG0008708	2	1	1	1	2	1	0	1	1	1	1	1	1	1	1	1	1
OG0008709	1	2	1	1	1	1	1	1	1	1	1	1	1	1	1	1	1
OG0008710	2	1	1	1	1	1	1	1	1	1	1	1	1	1	1	1	1
OG0008711	2	1	1	2	1	1	1	1	1	1	1	1	1	1	1	1	1
OG0008712	1	1	1	1	2	1	1	1	1	1	1	1	1	1	1	1	1
OG0008713	2	1	1	1	1	1	1	1	1	1	1	1	1	1	1	1	1
OG0008714	1	2	1	1	1	1	1	1	1	1	1	1	1	1	1	1	1
OG0008716	1	1	1	1	1	1	3	1	1	1	1	1	1	1	1	1	1
OG0008717	2	1	1	1	1	1	1	1	1	1	1	1	1	1	1	1	1
OG0008718	1	1	1	2	1	1	1	1	1	1	1	1	1	1	1	1	1
OG0008719	1	2	2	1	1	1	1	1	0	1	1	2	1	1	1	1	1
OG0008720	2	1	1	1	1	1	1	1	1	1	1	1	1	1	1	1	1
OG0008721	2	1	1	1	1	1	1	1	1	1	1	1	1	1	1	1	1
OG0008722	11	0	4	0	0	0	0	0	0	2	1	1	0	0	0	0	0
OG0008723	1	2	1	1	1	1	1	1	1	1	1	1	1	1	1	1	1
OG0008724	2	1	1	0	2	1	1	1	1	1	1	1	1	1	1	1	1
OG0008725	1	1	1	1	1	1	1	1	1	1	1	1	1	1	1	1	1
OG0008727	1	2	1	1	1	1	1	1	1	1	1	1	1	1	1	1	1
OG0008728	1	2	1	1	1	1	1	1	1	1	1	1	1	1	1	1	1
OG0008729	3	2	1	1	1	1	1	1	1	1	1	1	1	1	1	1	1
OG0008730	2	1	1	1	1	1	1	1	1	1	1	1	1	1	1	1	1
OG0008731	1	1	1	2	1	1	1	1	1	1	1	1	1	1	1	1	1
OG0008732	1	1	2	1	1	1	1	1	1	1	1	1	1	1	1	1	1
OG0008733	2	1	1	1	1	1	1	1	1	1	1	1	1	1	1	1	1
OG0008734	2	1	1	1	1	2	1	1	0	1	1	1	1	1	1	1	1
OG0008735	4	1	1	0	1	1	0	1	0	2	1	1	1	1	1	1	1
OG0008736	2	2	1	1	1	1	1	1	0	1	1	1	1	1	1	1	1
OG0008737	2	2	1	1	1	1	1	1	1	1	1	1	1	1	1	1	1
OG0008738	1	2	1	1	1	1	1	1	1	1	1	1	1	1	1	1	1
OG0008739	1	2	1	2	1	1	0	1	1	1	1	1	1	1	1	1	1
OG0008740	1	1	1	1	1	1	1	1	2	1	1	1	1	1	1	1	1
OG0008741	2	1	1	1	1	1	1	1	1	1	1	1	1	1	1	1	1
OG0008742	2	1	1	1	2	1	1	1	0	1	1	1	1	1	1	1	1
OG0008743	1	1	1	2	1	1	1	1	1	1	1	1	1	1	1	1	1
OG0008744	2	1	1	1	1	1	1	1	1	1	1	1	1	1	1	1	1
OG0008745	1	2	1	1	1	1	1	1	1	1	1	1	1	1	1	1	1
OG0008746	2	1	1	1	1	1	1	1	1	1	1	1	1	1	1	1	1
OG0008747	4	2	1	1	1	0	1	1	1	2	1	1	1	1	1	1	1
OG0008748	1	1	1	1	2	1	1	1	1	1	1	1	1	1	1	1	1
OG0008749	1	3	1	1	1	1	1	1	1	1	1	1	1	1	1	1	1
OG0008750	1	2	1	2	1	1	1	1	1	1	1	1	1	1	1	1	1
OG0008751	1	2	1	1	1	1	1	1	1	1	1	1	1	1	1	1	1
OG0008752	2	2	1	1	1	1	1	1	0	1	1	1	1	1	1	1	1
OG0008753	1	1	1	3	1	1	1	1	1	1	1	1	1	1	1	1	1
OG0008754	1	1	1	0	3	1	1	1	1	1	1	1	1	1	1	1	1
OG0008755	1	1	1	1	1	2	2	0	1	1	1	1	1	1	1	1	1
OG0008756	2	2	1	1	1	1	1	1	1	1	1	1	1	1	1	1	1
OG0008757	1	1	2	1	1	1	1	1	1	1	1	1	1	1	1	1	1
OG0008758	2	1	1	2	1	1	1	1	0	1	1	1	1	1	1	1	1
OG0008759	1	2	1	1	1	1	1	1	1	1	1	1	1	1	1	1	1
OG0008760	2	1	2	1	1	1	1	1	0	1	1	1	1	1	1	1	1
OG0008761	2	1	1	1	1	1	1	1	1	1	1	1	1	1	1	1	1
OG0008762	1	1	1	1	1	2	1	1	1	1	1	1	1	1	1	1	1
OG0008763	1	2	1	1	1	1	1	1	1	1	1	1	1	1	1	1	1
OG0008764	2	1	1	1	1	1	1	1	1	1	1	1	1	1	1	1	1
OG0008765	1	3	1	1	0	1	1	1	1	1	1	1	1	1	1	1	1
OG0008766	3	1	1	1	1	1	1	1	0	1	1	1	1	1	1	1	1
OG0008767	2	1	1	1	1	1	1	1	1	1	1	1	1	1	1	1	1
OG0008768	1	1	2	1	1	1	1	1	1	1	1	1	1	1	1	1	1
OG0008769	2	1	1	1	1	1	1	1	1	1	1	1	1	1	1	1	1
OG0008770	4	1	1	1	1	1	1	1	0	2	1	1	1	1	1	1	1
OG0008771	2	1	1	1	1	1	1	1	1	1	1	1	1	1	1	1	1
OG0008772	2	1	1	1	1	1	1	1	1	1	1	1	1	1	1	1	1
OG0008773	2	1	1	1	1	1	1	1	1	1	1	1	1	1	1	1	1
OG0008774	1	2	1	1	1	1	1	1	1	1	1	1	1	1	1	1	1
OG0008775	2	2	1	1	1	1	1	1	0	1	1	1	1	1	1	1	1
OG0008776	2	1	1	2	1	1	1	1	0	1	1	1	1	1	1	1	1
OG0008777	1	2	1	1	1	1	1	1	1	1	1	1	1	1	1	1	1
OG0008778	1	2	1	1	1	1	1	1	1	1	1	1	1	1	1	1	1
OG0008779	1	2	0	3	1	1	0	1	1	1	1	1	1	1	1	1	1
OG0008780	2	2	1	1	1	1	1	1	1	1	1	1	1	1	1	1	1
OG0008781	2	1	1	1	1	1	1	1	1	1	1	1	1	1	1	1	1
OG0008782	2	2	1	1	1	1	1	1	0	1	1	1	1	1	1	1	1
OG0008783	1	2	1	1	1	1	1	1	1	1	1	1	1	1	1	1	1
OG0008784	1	2	1	1	1	1	1	1	1	1	1	1	1	1	1	1	1
OG0008785	2	2	1	1	1	1	1	1	1	1	1	1	1	1	1	1	1
OG0008786	2	0	2	1	1	1	1	1	1	1	1	1	1	1	1	1	1
OG0008787	1	1	2	1	1	1	1	1	1	1	1	1	1	1	1	1	1
OG0008788	1	1	1	1	2	1	1	1	1	1	1	1	1	1	1	1	1
OG0008789	2	1	1	1	1	1	1	1	1	1	1	1	1	1	1	1	1
OG0008790	2	1	1	1	1	1	1	1	1	1	1	1	1	1	1	1	1
OG0008791	1	1	1	1	1	1	2	1	0	1	1	1	1	1	1	1	1
OG0008792	3	0	1	1	1	1	1	1	1	1	1	1	1	1	1	1	1
OG0008793	2	2	1	1	1	1	1	1	0	1	1	1	1	1	1	1	1
OG0008794	2	1	1	1	1	1	1	1	1	1	1	1	1	1	1	1	1
OG0008795	1	1	1	2	1	1	1	1	1	1	1	1	1	1	1	1	1
OG0008796	1	2	1	1	1	1	1	1	1	1	1	1	1	1	1	1	1
OG0008797	1	2	1	1	1	1	1	1	1	1	1	1	1	1	1	1	1
OG0008798	2	2	1	0	1	1	1	1	1	1	1	1	1	1	1	1	1
OG0008799	1	2	1	1	1	1	1	1	1	1	1	1	1	1	1	1	1
OG0008801	1	1	1	1	1	1	2	1	1	1	1	1	1	1	1	1	1
OG0008802	3	1	1	1	1	1	1	1	1	1	1	1	1	1	1	1	1
OG0008803	2	1	1	1	1	1	1	1	1	1	1	1	1	1	1	1	1
OG0008804	2	1	1	1	1	1	1	1	1	1	1	1	1	1	1	1	1
OG0008805	1	2	2	1	1	1	0	1	1	1	1	2	1	1	1	1	1
OG0008806	2	1	1	1	1	1	1	1	1	1	1	1	1	1	1	1	1
OG0008807	1	1	2	1	1	1	1	1	1	1	1	1	1	1	1	1	1
OG0008808	2	1	1	1	1	1	1	1	1	1	1	1	1	1	1	1	1
OG0008809	1	1	2	1	1	1	1	1	1	1	1	1	1	1	1	1	1
OG0008810	1	2	1	1	1	1	1	1	1	1	1	1	1	1	1	1	1
OG0008811	1	1	2	1	1	1	1	1	1	1	1	1	1	1	1	1	1
OG0008812	2	3	2	1	1	0	1	1	1	1	1	2	1	1	1	1	1
OG0008813	1	2	1	1	1	1	1	1	1	1	1	1	1	1	1	1	1
OG0008814	2	1	1	1	1	1	1	1	1	1	1	1	1	1	1	1	1
OG0008815	1	2	1	1	1	1	1	1	1	1	1	1	1	1	1	1	1
OG0008816	1	2	1	1	2	1	0	1	1	1	1	1	1	1	1	1	1
OG0008817	1	1	2	1	1	1	1	1	1	1	1	1	1	1	1	1	1
OG0008818	1	2	1	0	1	1	1	1	1	1	1	1	1	1	1	1	1
OG0008819	3	0	1	1	1	1	1	1	1	1	1	1	1	1	1	1	1
OG0008820	1	1	2	1	1	1	1	1	1	1	1	1	1	1	1	1	1
OG0008821	1	1	1	1	1	2	1	1	0	1	1	1	1	1	1	1	1
OG0008822	1	2	1	1	1	1	1	1	1	1	1	1	1	1	1	1	1
OG0008823	1	2	1	1	1	1	1	1	1	1	1	1	1	1	1	1	1
OG0008824	1	2	1	1	1	1	1	1	1	1	1	1	1	1	1	1	1
OG0008825	2	2	1	1	1	1	1	1	1	1	1	1	1	1	1	1	1
OG0008826	1	2	1	1	1	1	1	1	1	1	1	1	1	1	1	1	1
OG0008827	1	2	1	2	1	1	1	1	0	1	1	1	1	1	1	1	1
OG0008828	1	1	1	2	1	1	1	1	2	1	1	1	1	1	1	1	1
OG0008829	1	1	1	1	1	1	1	1	1	1	1	1	1	1	1	1	1
OG0008830	1	2	1	1	1	1	1	1	1	1	1	1	1	1	1	1	1
OG0008831	3	2	1	1	1	1	1	1	0	1	1	1	1	1	1	1	1
OG0008832	1	2	1	1	1	1	1	1	1	1	1	1	1	1	1	1	1
OG0008833	1	3	1	1	1	1	1	1	0	1	1	1	1	1	1	1	1
OG0008834	1	2	1	2	1	1	1	1	0	1	1	1	1	1	1	1	1
OG0008835	2	1	1	1	1	1	1	1	1	1	1	1	1	1	1	1	1
OG0008836	1	1	1	1	1	1	0	1	2	1	1	1	1	1	1	1	1
OG0008837	1	2	1	1	1	1	1	1	1	1	1	1	1	1	1	1	1
OG0008838	1	1	2	1	1	1	1	1	1	1	1	1	1	1	1	1	1
OG0008839	1	2	1	1	1	1	1	1	1	1	1	1	1	1	1	1	1
OG0008840	2	1	1	1	1	1	1	1	1	1	1	1	1	1	1	1	1
OG0008841	2	1	1	1	2	1	1	1	1	1	1	1	1	1	1	1	1
OG0008842	1	2	1	1	1	1	1	1	1	1	1	1	1	1	1	1	1
OG0008843	1	2	1	1	1	1	1	1	1	1	1	1	1	1	1	1	1
OG0008844	2	1	2	1	1	1	1	1	1	1	1	1	1	1	1	1	1
OG0008845	2	2	1	0	1	1	1	1	1	1	1	1	1	1	1	1	1
OG0008846	1	1	1	1	4	1	1	1	1	1	1	1	1	1	1	1	1
OG0008847	1	3	1	1	1	1	1	1	1	1	1	1	1	1	1	1	1
OG0008848	2	1	2	1	1	1	1	1	0	1	1	1	1	1	1	1	1
OG0008849	1	3	1	1	1	1	1	1	1	1	1	1	1	1	1	1	1
OG0008850	1	2	1	1	1	1	1	1	1	1	1	1	1	1	1	1	1
OG0008851	2	1	1	1	1	1	1	1	1	1	1	1	1	1	1	1	1
OG0008852	1	2	1	1	1	1	1	1	1	1	1	1	1	1	1	1	1
OG0008853	1	2	1	1	1	1	1	1	1	1	1	1	1	1	1	1	1
OG0008854	2	1	1	1	1	1	1	1	1	1	1	1	1	1	1	1	1
OG0008855	2	1	1	1	1	1	1	1	1	1	1	1	1	1	1	1	1
OG0008856	1	2	1	1	1	1	1	1	1	1	1	1	1	1	1	1	1
OG0008857	2	1	1	1	1	1	1	1	1	1	1	1	1	1	1	1	1
OG0008858	1	2	1	2	1	1	0	1	1	1	1	1	1	1	1	1	1
OG0008859	1	1	1	1	3	1	1	1	0	1	1	1	1	1	1	1	1
OG0008860	2	1	1	1	1	1	1	1	1	1	1	1	1	1	1	1	1
OG0008861	1	2	1	1	1	1	1	1	1	1	1	1	1	1	1	1	1
OG0008862	2	1	1	1	1	1	1	1	1	1	1	1	1	1	1	1	1
OG0008863	2	2	0	1	1	1	1	1	1	1	1	1	1	1	1	1	1
OG0008864	1	1	2	1	1	1	1	1	1	1	1	1	1	1	1	1	1
OG0008865	2	1	1	1	1	1	1	1	1	1	1	1	1	1	1	1	1
OG0008866	2	1	1	1	1	1	1	1	0	1	1	1	1	1	1	1	1
OG0008867	2	1	1	1	1	1	1	1	1	1	1	1	1	1	1	1	1
OG0008868	2	2	1	0	1	1	1	1	1	1	1	1	1	1	1	1	1
OG0008869	2	2	1	0	1	1	1	1	1	1	1	1	1	1	1	1	1
OG0008870	2	1	1	1	1	1	1	1	1	1	1	1	1	1	1	1	1
OG0008871	1	1	1	1	1	1	1	1	1	1	1	1	1	1	1	1	1
OG0008872	2	1	1	1	1	1	1	1	1	1	1	1	1	1	1	1	1
OG0008873	1	2	1	2	1	1	1	1	1	1	1	1	1	1	1	1	1
OG0008874	1	2	1	1	1	1	1	1	1	1	1	1	1	1	1	1	1
OG0008875	1	1	1	1	1	1	1	1	1	1	1	1	1	1	1	1	1
OG0008876	1	1	1	1	1	1	1	1	2	1	1	1	1	1	1	1	1
OG0008877	2	1	1	1	1	1	1	1	1	1	1	1	1	1	1	1	1
OG0008878	2	1	1	1	1	1	1	1	1	1	1	1	1	1	1	1	1
OG0008879	1	2	1	1	1	1	1	1	1	1	1	1	1	1	1	1	1
OG0008880	1	2	1	1	1	1	1	1	1	1	1	1	1	1	1	1	1
OG0008881	1	1	1	1	2	1	1	1	1	1	1	1	1	1	1	1	1
OG0008882	2	1	1	1	1	1	1	1	1	1	1	1	1	1	1	1	1
OG0008883	2	2	1	1	1	1	0	1	1	1	1	1	1	1	1	1	1
OG0008884	2	1	1	1	1	1	1	1	1	1	1	1	1	1	1	1	1
OG0008885	2	2	1	1	1	1	1	1	1	1	1	1	1	1	1	1	1
OG0008886	3	1	1	1	1	1	1	1	0	1	1	1	1	1	1	1	1
OG0008887	1	2	1	1	1	1	1	1	1	1	1	1	1	1	1	1	1
OG0008888	2	1	1	1	1	1	1	1	1	1	1	1	1	1	1	1	1
OG0008889	1	2	1	1	1	1	1	1	1	1	1	1	1	1	1	1	1
OG0008890	2	1	1	1	1	1	1	1	1	1	1	1	1	1	1	1	1
OG0008891	2	1	1	1	2	1	2	1	0	1	1	1	1	1	1	1	1
OG0008892	1	2	1	1	1	2	1	1	0	1	1	1	1	1	1	1	1
OG0008893	12	0	3	0	0	0	0	0	0	2	1	1	0	0	0	0	0
OG0008894	2	2	1	1	1	1	1	1	1	1	1	1	1	1	1	1	1
OG0008895	2	1	1	1	1	1	1	1	1	1	1	1	1	1	1	1	1
OG0008896	2	3	2	0	1	1	1	1	0	1	1	2	1	1	1	1	1
OG0008897	3	1	1	1	1	1	1	1	1	1	1	1	1	1	1	1	1
OG0008898	2	1	1	1	1	1	1	1	1	1	1	1	1	1	1	1	1
OG0008899	1	2	1	1	1	1	1	1	1	1	1	1	1	1	1	1	1
OG0008900	1	2	1	1	1	1	1	1	1	1	1	1	1	1	1	1	1
OG0008901	1	1	1	1	2	2	1	1	0	1	1	1	1	1	1	1	1
OG0008902	1	1	2	1	1	1	1	1	1	1	1	1	1	1	1	1	1
OG0008903	1	1	1	1	2	1	1	1	1	1	1	1	1	1	1	1	1
OG0008904	1	2	1	1	1	1	1	1	1	1	1	1	1	1	1	1	1
OG0008905	1	1	1	1	1	1	1	1	2	1	1	1	1	1	1	1	1
OG0008906	1	4	1	1	1	1	1	1	0	1	1	1	1	1	1	1	1
OG0008907	2	1	1	0	2	1	1	1	1	1	1	1	1	1	1	1	1
OG0008908	2	1	1	1	1	1	1	1	1	1	1	1	1	1	1	1	1
OG0008909	1	2	2	0	1	1	1	1	1	1	1	2	1	1	1	1	1
OG0008910	1	2	1	1	1	1	1	1	1	1	1	1	1	1	1	1	1
OG0008911	3	2	1	0	1	1	1	1	0	1	1	1	1	1	1	1	1
OG0008912	3	2	2	1	1	1	0	1	0	1	1	2	1	1	1	1	1
OG0008913	2	1	1	1	1	2	1	1	0	1	1	1	1	1	1	1	1
OG0008914	1	1	1	1	2	1	1	1	1	1	1	1	1	1	1	1	1
OG0008915	3	1	1	1	1	1	1	1	1	1	1	1	1	1	1	1	1
OG0008916	1	1	1	1	1	2	0	1	1	1	1	1	1	1	1	1	1
OG0008917	3	1	1	1	1	1	1	1	1	1	1	1	1	1	1	1	1
OG0008918	1	2	2	2	1	1	0	1	0	1	2	2	2	1	1	1	1
OG0008919	1	2	2	1	1	1	1	1	1	1	1	2	1	1	1	1	1
OG0008920	1	1	2	1	1	1	1	1	1	1	1	1	1	1	1	1	1
OG0008921	2	2	1	1	1	1	1	1	1	1	1	1	1	1	1	1	1
OG0008922	1	2	2	1	1	1	1	1	1	1	1	2	1	1	1	1	1
OG0008923	1	1	1	1	1	1	1	1	1	1	1	1	1	1	1	1	1
OG0008924	1	1	1	1	1	1	1	1	2	1	1	1	1	1	1	1	1
OG0008925	1	2	1	1	1	1	1	1	1	1	1	1	1	1	1	1	1
OG0008926	1	2	1	1	1	1	1	1	1	1	1	1	1	1	1	1	1
OG0008927	1	2	2	1	1	1	1	1	0	1	1	2	1	1	1	1	1
OG0008928	2	1	1	1	1	1	1	1	1	1	1	1	1	1	1	1	1
OG0008929	1	2	1	1	2	1	0	1	1	1	1	1	1	1	1	1	1
OG0008930	1	1	1	1	1	1	1	1	1	1	1	1	1	1	1	1	1
OG0008931	2	2	1	1	1	1	1	1	1	1	1	1	1	1	1	1	1
OG0008932	2	1	1	1	1	1	1	1	1	1	1	1	1	1	1	1	1
OG0008933	2	1	1	1	1	1	1	1	1	1	1	1	1	1	1	1	1
OG0008934	1	2	1	1	2	1	1	1	0	1	1	1	1	1	1	1	1
OG0008935	1	2	1	1	1	1	2	1	0	1	1	1	1	1	1	1	1
OG0008936	1	1	1	1	1	2	1	1	1	1	1	1	1	1	1	1	1
OG0008937	2	1	1	1	1	1	1	1	1	1	1	1	1	1	1	1	1
OG0008938	2	1	1	2	1	1	1	1	1	1	1	1	1	1	1	1	1
OG0008939	1	2	1	1	1	1	1	1	1	1	1	1	1	1	1	1	1
OG0008940	1	1	2	1	1	1	1	1	1	1	1	1	1	1	1	1	1
OG0008941	1	2	1	1	1	1	1	1	1	1	1	1	1	1	1	1	1
OG0008942	1	2	1	1	1	1	1	1	1	1	1	1	1	1	1	1	1
OG0008943	1	1	1	1	2	1	2	1	1	1	1	1	1	1	1	1	1
OG0008944	1	2	1	1	1	1	1	1	1	1	1	1	1	1	1	1	1
OG0008945	1	1	1	1	1	0	2	2	2	1	1	1	1	1	1	2	2
OG0008946	1	2	1	1	1	1	1	1	1	1	1	1	1	1	1	1	1
OG0008947	1	1	1	2	1	1	1	1	1	1	1	1	1	1	1	1	1
OG0008948	1	2	1	1	1	1	1	1	1	1	1	1	1	1	1	1	1
OG0008949	3	1	1	1	1	1	1	1	1	1	1	1	1	1	1	1	1
OG0008950	1	2	1	1	1	1	1	1	1	1	1	1	1	1	1	1	1
OG0008951	2	1	1	1	1	1	1	1	1	1	1	1	1	1	1	1	1
OG0008952	2	1	1	2	1	1	1	1	1	1	1	1	1	1	1	1	1
OG0008953	1	1	1	1	1	1	2	1	1	1	1	1	1	1	1	1	1
OG0008954	1	1	1	1	3	1	1	1	1	1	1	1	1	1	1	1	1
OG0008955	1	2	1	1	1	1	1	1	1	1	1	1	1	1	1	1	1
OG0008956	1	1	2	1	1	1	1	1	1	1	1	1	1	1	1	1	1
OG0008957	1	1	2	1	1	1	1	1	1	1	1	1	1	1	1	1	1
OG0008958	1	2	1	1	1	1	1	1	1	1	1	1	1	1	1	1	1
OG0008959	2	1	1	1	1	1	1	1	1	1	1	1	1	1	1	1	1
OG0008960	1	1	1	2	1	1	1	1	1	1	1	1	1	1	1	1	1
OG0008961	1	1	2	2	1	1	1	1	1	1	1	1	1	1	1	1	1
OG0008962	2	1	1	0	1	1	0	1	1	1	1	1	1	1	1	1	1
OG0008963	1	2	1	1	1	1	1	1	1	1	1	1	1	1	1	1	1
OG0008964	1	2	1	1	1	1	1	1	1	1	1	1	1	1	1	1	1
OG0008965	1	1	2	1	1	1	1	1	1	1	1	1	1	1	1	1	1
OG0008966	1	3	1	0	1	1	1	1	1	1	1	1	1	1	1	1	1
OG0008967	1	1	1	2	1	1	1	1	1	1	1	1	1	1	1	1	1
OG0008968	1	2	1	1	1	1	1	1	1	1	1	1	1	1	1	1	1
OG0008969	1	3	1	1	1	1	1	1	1	1	1	1	1	1	1	1	1
OG0008970	1	2	1	1	1	1	1	1	1	1	1	1	1	1	1	1	1
OG0008971	1	2	1	1	1	1	1	1	1	1	1	1	1	1	1	1	1
OG0008972	1	2	1	1	1	1	1	1	1	1	1	1	1	1	1	1	1
OG0008973	1	1	1	2	1	1	1	1	1	1	1	1	1	1	1	1	1
OG0008974	2	3	1	0	1	1	1	1	1	1	1	1	1	1	1	1	1
OG0008975	1	2	1	1	1	1	1	1	1	1	1	1	1	1	1	1	1
OG0008976	3	2	1	0	1	1	1	1	1	1	1	1	1	1	1	1	1
OG0008977	1	1	1	2	1	1	1	1	1	1	1	1	1	1	1	1	1
OG0008978	1	2	1	1	1	1	1	1	1	1	1	1	1	1	1	1	1
OG0008979	1	1	1	1	1	1	1	1	1	1	1	1	1	1	1	1	1
OG0008980	2	1	1	1	1	1	1	1	1	1	1	1	1	1	1	1	1
OG0008981	1	2	1	2	1	1	1	1	0	1	1	1	1	1	1	1	1
OG0008982	1	2	1	1	1	1	1	1	1	1	1	1	1	1	1	1	1
OG0008983	1	1	1	1	2	1	1	1	1	1	1	1	1	1	1	1	1
OG0008984	1	2	1	1	1	1	1	1	1	1	1	1	1	1	1	1	1
OG0008985	1	1	2	0	2	1	1	1	1	1	1	1	1	1	1	1	1
OG0008986	1	2	1	1	1	1	1	1	1	1	1	1	1	1	1	1	1
OG0008987	2	0	1	1	1	1	1	1	1	1	1	1	1	1	1	1	1
OG0008988	1	2	1	1	1	1	1	1	1	1	1	1	1	1	1	1	1
OG0008989	1	1	1	2	1	1	1	1	1	1	1	1	1	1	1	1	1
OG0008990	1	2	1	1	1	1	1	1	1	1	1	1	1	1	1	1	1
OG0008991	3	1	1	1	1	1	1	1	1	1	1	1	1	1	1	1	1
OG0008992	1	1	2	1	1	1	1	1	1	1	1	1	1	1	1	1	1
OG0008993	1	2	1	1	1	1	1	1	1	1	1	1	1	1	1	1	1
OG0008994	1	1	2	1	1	1	1	1	1	1	1	1	1	1	1	1	1
OG0008995	2	1	1	1	1	1	1	1	1	1	1	1	1	1	1	1	1
OG0008996	2	1	1	1	1	1	1	1	1	1	1	1	1	1	1	1	1
OG0008997	1	1	3	1	1	1	1	1	1	1	1	1	1	1	1	1	1
OG0008998	1	1	1	1	1	1	2	1	1	1	1	1	1	1	1	1	1
OG0008999	1	1	1	1	2	1	1	1	1	1	1	1	1	1	1	1	1
OG0009000	1	1	1	2	1	1	1	1	1	1	1	1	1	1	1	1	1
OG0009001	1	1	1	1	1	1	1	1	1	1	1	1	1	1	1	1	1
OG0009002	1	1	1	2	1	1	2	1	1	1	1	1	1	1	1	1	1
OG0009003	2	2	1	1	1	1	1	1	1	1	1	1	1	1	1	1	1
OG0009004	1	1	1	2	1	1	1	1	1	1	1	1	1	1	1	1	1
OG0009005	1	2	1	1	1	1	1	1	1	1	1	1	1	1	1	1	1
OG0009006	1	1	2	0	1	1	1	1	1	1	1	1	1	1	1	1	1
OG0009007	1	2	1	1	1	1	1	1	1	1	1	1	1	1	1	1	1
OG0009008	1	1	1	1	3	1	0	1	1	1	1	1	1	1	1	1	1
OG0009009	1	1	1	2	1	1	1	1	1	1	1	1	1	1	1	1	1
OG0009010	1	2	1	1	1	1	1	1	1	1	1	1	1	1	1	1	1
OG0009011	1	1	1	2	1	1	1	1	1	1	1	1	1	1	1	1	1
OG0009012	2	1	1	1	1	1	1	1	1	1	1	1	1	1	1	1	1
OG0009013	1	1	1	0	1	2	1	1	1	1	1	1	1	1	1	1	1
OG0009014	1	1	2	1	1	1	1	1	1	1	1	1	1	1	1	1	1
OG0009015	1	4	1	1	1	1	1	1	0	1	1	1	1	1	1	1	1
OG0009016	2	1	1	1	1	1	1	1	1	1	1	1	1	1	1	1	1
OG0009017	2	1	1	1	1	1	1	1	1	1	1	1	1	1	1	1	1
OG0009018	1	1	2	1	1	1	1	1	1	1	1	1	1	1	1	1	1
OG0009019	1	1	1	2	1	1	1	1	1	1	1	1	1	1	1	1	1
OG0009020	1	2	2	0	1	1	1	1	1	1	1	2	1	1	1	1	1
OG0009021	1	2	1	1	1	1	1	1	1	1	1	1	1	1	1	1	1
OG0009022	2	1	1	1	1	1	1	1	1	1	1	1	1	1	1	1	1
OG0009023	2	1	1	2	1	1	1	1	1	1	1	1	1	1	1	1	1
OG0009024	1	2	1	1	1	1	1	1	1	1	1	1	1	1	1	1	1
OG0009025	2	2	1	1	1	1	1	1	1	1	1	1	1	1	1	1	1
OG0009026	2	1	1	1	1	1	1	1	1	1	1	1	1	1	1	1	1
OG0009027	2	1	1	1	1	1	1	1	1	1	1	1	1	1	1	1	1
OG0009028	2	1	1	1	1	1	1	1	1	1	1	1	1	1	1	1	1
OG0009029	1	1	1	2	1	1	1	1	1	1	1	1	1	1	1	1	1
OG0009030	1	2	1	1	1	1	1	1	1	1	1	1	1	1	1	1	1
OG0009031	1	2	1	1	1	1	1	1	1	1	1	1	1	1	1	1	1
OG0009032	1	2	1	1	1	1	1	1	1	1	1	1	1	1	1	1	1
OG0009033	1	1	1	1	1	1	2	1	1	1	1	1	1	1	1	1	1
OG0009034	1	2	1	1	1	1	1	1	1	1	1	1	1	1	1	1	1
OG0009035	2	1	1	1	1	1	1	1	1	1	1	1	1	1	1	1	1
OG0009036	2	2	1	1	1	1	1	1	0	1	1	1	1	1	1	1	1
OG0009037	2	1	1	1	1	1	1	1	1	1	1	1	1	1	1	1	1
OG0009038	1	2	1	1	1	1	1	1	1	1	1	1	1	1	1	1	1
OG0009039	2	1	1	1	1	1	1	1	1	1	1	1	1	1	1	1	1
OG0009040	1	2	1	1	1	1	1	1	1	1	1	1	1	1	1	1	1
OG0009041	1	2	1	1	1	1	1	1	1	1	1	1	1	1	1	1	1
OG0009042	1	2	1	1	1	1	1	1	1	1	1	1	1	1	1	1	1
OG0009043	1	2	1	1	1	1	1	1	1	1	1	1	1	1	1	1	1
OG0009044	1	2	1	1	1	1	1	1	1	1	1	1	1	1	1	1	1
OG0009045	1	1	2	2	1	1	1	1	1	1	1	1	1	1	1	1	1
OG0009046	1	2	1	1	1	1	1	1	1	1	1	1	1	1	1	1	1
OG0009047	1	4	1	0	1	1	1	1	1	1	1	1	1	1	1	1	1
OG0009048	1	1	1	1	2	1	1	1	1	1	1	1	1	1	1	1	1
OG0009049	2	1	1	1	1	1	1	1	1	1	1	1	1	1	1	1	1
OG0009050	2	1	1	1	1	1	1	1	1	1	1	1	1	1	1	1	1
OG0009051	2	1	1	1	1	1	1	1	1	1	1	1	1	1	1	1	1
OG0009052	3	1	1	1	1	1	1	1	1	1	1	1	1	1	1	1	1
OG0009053	1	3	1	1	1	1	1	1	1	1	1	1	1	1	1	1	1
OG0009054	2	1	1	1	1	1	1	1	1	1	1	1	1	1	1	1	1
OG0009055	2	1	1	1	1	1	1	1	1	1	1	1	1	1	1	1	1
OG0009056	3	1	1	1	1	1	1	1	1	1	1	1	1	1	1	1	1
OG0009057	2	1	1	1	1	1	1	1	1	1	1	1	1	1	1	1	1
OG0009058	2	2	1	0	1	1	1	1	1	1	1	1	1	1	1	1	1
OG0009059	2	1	1	1	2	1	1	1	0	1	1	1	1	1	1	1	1
OG0009060	2	1	1	1	1	1	1	1	1	1	1	1	1	1	1	1	1
OG0009061	1	2	1	1	1	1	1	1	1	1	1	1	1	1	1	1	1
OG0009062	1	1	1	1	1	1	1	1	1	1	1	1	1	1	1	1	1
OG0009063	1	1	2	0	1	1	1	2	0	1	1	1	1	1	1	1	1
OG0009064	2	1	1	1	1	1	1	1	1	1	1	1	1	1	1	1	1
OG0009065	1	2	1	1	1	1	1	1	1	1	1	1	1	1	1	1	1
OG0009066	2	1	1	1	1	1	1	1	1	1	1	1	1	1	1	1	1
OG0009067	2	2	1	0	1	1	1	1	1	1	1	1	1	1	1	1	1
OG0009068	1	3	1	1	0	1	1	1	1	1	1	1	1	1	1	1	1
OG0009069	1	1	1	1	1	1	1	1	1	1	1	1	1	1	1	1	1
OG0009070	1	1	1	2	1	1	1	1	1	1	1	1	1	1	1	1	1
OG0009071	1	1	1	0	1	2	1	1	1	1	1	1	1	1	1	1	1
OG0009072	1	2	1	1	1	1	1	1	1	1	1	1	1	1	1	1	1
OG0009073	1	2	1	1	1	1	1	1	1	1	1	1	1	1	1	1	1
OG0009074	1	2	1	1	1	1	1	1	1	1	1	1	1	1	1	1	1
OG0009075	1	2	1	1	1	1	1	1	1	1	1	1	1	1	1	1	1
OG0009076	1	1	1	1	2	1	1	1	1	1	1	1	1	1	1	1	1
OG0009077	1	2	1	1	1	1	1	1	1	1	1	1	1	1	1	1	1
OG0009078	2	1	1	1	1	1	1	1	1	1	1	1	1	1	1	1	1
OG0009079	1	2	1	1	1	1	1	1	1	1	1	1	1	1	1	1	1
OG0009080	1	1	1	1	1	1	1	1	1	1	1	1	1	1	1	1	1
OG0009081	1	2	1	1	1	1	1	1	1	1	1	1	1	1	1	1	1
OG0009082	1	1	1	1	2	1	1	1	1	1	1	1	1	1	1	1	1
OG0009083	1	2	1	1	1	1	1	1	1	1	1	1	1	1	1	1	1
OG0009084	1	1	2	1	1	1	1	1	1	1	1	1	1	1	1	1	1
OG0009085	1	2	1	0	1	1	1	1	1	1	1	1	1	1	1	1	1
OG0009086	1	1	1	1	1	1	1	1	1	1	1	1	1	1	1	1	1
OG0009087	2	1	1	1	1	1	1	1	1	1	1	1	1	1	1	1	1
OG0009088	1	2	1	1	1	1	0	1	1	1	1	1	1	1	1	1	1
OG0009089	1	1	1	1	1	1	1	1	1	1	1	1	1	1	1	1	1
OG0009090	1	1	1	1	1	1	2	1	1	1	1	1	1	1	1	1	1
OG0009091	1	1	1	1	1	1	1	1	1	1	1	1	1	1	1	1	1
OG0009092	1	1	1	1	1	1	1	1	1	1	1	1	1	1	1	1	1
OG0009093	1	1	2	1	1	1	1	1	1	1	1	1	1	1	1	1	1
OG0009094	1	2	1	1	1	1	1	1	1	1	1	1	1	1	1	1	1
OG0009095	1	1	3	0	1	1	1	1	1	1	1	1	1	1	1	1	1
OG0009096	2	1	1	1	1	1	1	1	1	1	1	1	1	1	1	1	1
OG0009097	1	3	1	0	1	1	1	1	1	1	1	1	1	1	1	1	1
OG0009098	1	1	1	1	2	1	1	1	1	1	1	1	1	1	1	1	1
OG0009099	1	2	1	1	2	1	1	1	1	1	1	1	1	1	1	1	1
OG0009100	1	2	1	1	1	1	1	1	1	1	1	1	1	1	1	1	1
OG0009101	1	2	1	1	1	1	1	1	1	1	1	1	1	1	1	1	1
OG0009102	2	1	1	1	1	1	1	1	1	1	1	1	1	1	1	1	1
OG0009103	3	1	1	1	1	1	1	1	0	1	1	1	1	1	1	1	1
OG0009104	1	2	1	1	1	1	1	1	1	1	1	1	1	1	1	1	1
OG0009105	2	2	1	1	1	1	0	1	1	1	1	1	1	1	1	1	1
OG0009106	1	1	1	0	3	1	1	1	1	1	1	1	1	1	1	1	1
OG0009107	1	1	2	1	1	1	1	1	1	1	1	1	1	1	1	1	1
OG0009108	2	1	1	1	1	1	1	1	1	1	1	1	1	1	1	1	1
OG0009109	1	2	1	1	1	1	1	1	1	1	1	1	1	1	1	1	1
OG0009110	2	1	1	1	1	1	1	1	1	1	1	1	1	1	1	1	1
OG0009111	1	1	1	1	1	1	1	1	2	1	1	1	1	1	1	1	1
OG0009112	3	1	1	0	1	1	1	1	1	1	1	1	1	1	1	1	1
OG0009113	1	1	3	1	1	1	1	1	0	1	1	1	1	1	1	1	1
OG0009114	3	1	1	0	1	1	1	1	1	1	1	1	1	1	1	1	1
OG0009115	2	1	1	2	1	1	0	1	1	1	1	1	1	1	1	1	1
OG0009116	1	2	1	1	1	1	1	1	1	1	1	1	1	1	1	1	1
OG0009117	1	1	1	2	1	1	1	1	1	1	1	1	1	1	1	1	1
OG0009118	1	1	1	1	2	1	1	1	1	1	1	1	1	1	1	1	1
OG0009119	1	1	3	1	1	1	1	1	1	1	1	1	1	1	1	1	1
OG0009120	2	2	1	1	1	1	1	1	1	1	1	1	1	1	1	1	1
OG0009121	2	2	1	0	1	1	1	1	1	1	1	1	1	1	1	1	1
OG0009122	2	1	1	1	1	1	1	1	1	1	1	1	1	1	1	1	1
OG0009123	2	2	1	1	1	1	1	1	1	1	1	1	1	1	1	1	1
OG0009124	2	2	1	1	1	1	1	1	1	1	1	1	1	1	1	1	1
OG0009125	1	1	1	2	1	1	1	1	1	1	1	1	1	1	1	1	1
OG0009126	1	2	1	1	1	1	1	1	1	1	1	1	1	1	1	1	1
OG0009127	3	2	2	0	1	0	1	2	0	1	1	2	1	1	1	1	1
OG0009128	1	1	2	1	1	1	1	1	1	1	1	1	1	1	1	1	1
OG0009129	1	1	2	1	1	1	1	1	1	1	1	1	1	1	1	1	1
OG0009130	1	2	1	1	1	1	1	1	1	1	1	1	1	1	1	1	1
OG0009131	3	1	1	1	1	1	1	1	0	1	1	1	1	1	1	1	1
OG0009132	2	1	1	1	1	1	1	1	1	1	1	1	1	1	1	1	1
OG0009133	1	1	2	1	1	1	1	1	1	1	1	1	1	1	1	1	1
OG0009134	2	1	1	1	1	1	1	1	1	1	1	1	1	1	1	1	1
OG0009135	2	1	1	1	1	1	1	1	1	1	1	1	1	1	1	1	1
OG0009136	1	1	2	1	1	1	1	1	1	1	1	1	1	1	1	1	1
OG0009137	2	1	1	0	1	1	2	1	1	1	1	1	1	1	1	1	1
OG0009138	2	1	1	1	1	1	1	1	1	1	1	1	1	1	1	1	1
OG0009139	2	3	1	2	1	1	1	1	0	2	2	2	2	1	1	1	1
OG0009140	2	1	1	1	1	1	1	1	1	1	1	1	1	1	1	1	1
OG0009141	2	2	1	1	1	1	1	1	1	1	1	1	1	1	1	1	1
OG0009142	1	1	1	1	1	1	1	1	1	1	1	1	1	1	1	1	1
OG0009143	2	1	1	1	1	1	1	1	1	1	1	1	1	1	1	1	1
OG0009144	1	2	1	1	1	1	1	1	1	1	1	1	1	1	1	1	1
OG0009145	1	1	1	1	2	1	1	1	0	1	1	1	1	1	1	1	1
OG0009146	5	2	1	1	1	0	1	1	1	2	1	1	1	1	1	1	1
OG0009147	2	1	1	1	1	1	1	1	1	1	1	1	1	1	1	1	1
OG0009148	1	2	1	1	1	1	1	1	1	1	1	1	1	1	1	1	1
OG0009149	2	1	1	1	1	1	1	1	1	1	1	1	1	1	1	1	1
OG0009150	2	1	1	1	1	1	1	1	1	1	1	1	1	1	1	1	1
OG0009151	2	1	1	2	1	1	1	1	1	1	1	1	1	1	1	1	1
OG0009152	2	2	1	0	1	1	1	1	1	1	1	1	1	1	1	1	1
OG0009153	2	1	1	0	1	1	1	1	2	1	1	1	1	1	1	1	1
OG0009154	1	1	1	1	2	1	1	1	1	1	1	1	1	1	1	1	1
OG0009155	1	1	2	1	1	1	1	1	1	1	1	1	1	1	1	1	1
OG0009156	1	2	1	1	1	2	1	0	1	1	1	1	1	1	1	1	1
OG0009157	1	1	2	1	1	1	1	1	1	1	1	1	1	1	1	1	1
OG0009158	2	1	1	1	1	1	1	1	1	1	1	1	1	1	1	1	1
OG0009159	2	2	1	1	1	1	1	1	0	1	1	1	1	1	1	1	1
OG0009160	1	2	1	1	1	1	1	1	1	1	1	1	1	1	1	1	1
OG0009161	1	2	1	1	1	1	1	1	1	1	1	1	1	1	1	1	1
OG0009162	1	1	1	1	2	1	1	1	1	1	1	1	1	1	1	1	1
OG0009163	1	1	1	1	1	1	1	1	1	1	1	1	1	1	1	1	1
OG0009164	2	1	1	1	1	1	1	1	1	1	1	1	1	1	1	1	1
OG0009165	2	1	1	1	1	1	1	1	1	1	1	1	1	1	1	1	1
OG0009166	2	1	1	2	1	1	0	1	1	1	1	1	1	1	1	1	1
OG0009167	1	1	1	1	1	1	1	1	1	1	1	1	1	1	1	1	1
OG0009168	1	1	1	1	1	2	1	1	1	1	1	1	1	1	1	1	1
OG0009169	1	2	1	1	1	1	1	1	1	1	1	1	1	1	1	1	1
OG0009170	2	1	1	1	1	1	1	1	1	1	1	1	1	1	1	1	1
OG0009171	2	2	1	1	1	1	1	1	0	1	1	1	1	1	1	1	1
OG0009172	2	2	1	1	1	1	1	1	1	1	1	1	1	1	1	1	1
OG0009173	2	1	1	1	1	1	1	1	1	1	1	1	1	1	1	1	1
OG0009174	1	1	1	1	2	1	1	1	1	1	1	1	1	1	1	1	1
OG0009175	1	2	1	1	1	1	1	1	1	1	1	1	1	1	1	1	1
OG0009176	1	3	2	2	1	0	1	1	1	1	2	2	2	1	1	1	1
OG0009177	1	1	1	2	1	1	1	1	1	1	1	1	1	1	1	1	1
OG0009178	3	2	2	1	1	1	1	0	0	1	1	2	1	1	1	1	0
OG0009179	1	4	1	1	1	0	1	1	1	1	1	1	1	1	1	1	1
OG0009180	2	2	1	1	1	1	1	1	1	1	1	1	1	1	1	1	1
OG0009181	1	2	2	1	1	1	0	1	1	1	1	2	1	1	1	1	1
OG0009182	2	1	1	1	1	1	1	1	1	1	1	1	1	1	1	1	1
OG0009183	2	2	1	1	1	1	0	1	1	1	1	1	1	1	1	1	1
OG0009184	1	2	1	1	1	1	1	1	1	1	1	1	1	1	1	1	1
OG0009185	2	1	1	1	1	1	1	1	1	1	1	1	1	1	1	1	1
OG0009186	1	1	1	1	1	1	1	1	1	1	1	1	1	1	1	1	1
OG0009187	1	2	1	1	1	1	1	1	1	1	1	1	1	1	1	1	1
OG0009188	2	1	1	1	1	1	1	1	1	1	1	1	1	1	1	1	1
OG0009189	1	1	1	2	1	1	1	1	1	1	1	1	1	1	1	1	1
OG0009190	2	1	1	2	1	1	0	1	1	1	1	1	1	1	1	1	1
OG0009191	1	2	2	1	2	1	1	1	0	1	1	2	1	1	1	1	1
OG0009192	1	3	1	1	1	1	1	1	1	1	1	1	1	1	1	1	1
OG0009193	1	2	1	0	2	1	1	1	1	1	1	1	1	1	1	1	1
OG0009194	2	2	2	1	1	1	0	1	1	1	1	2	1	1	1	1	1
OG0009195	1	1	1	2	1	1	1	1	1	1	1	1	1	1	1	1	1
OG0009196	1	1	2	1	1	1	1	1	1	1	1	1	1	1	1	1	1
OG0009197	2	2	1	1	1	1	1	1	0	1	1	1	1	1	1	1	1
OG0009198	2	2	1	1	1	1	1	1	0	1	1	1	1	1	1	1	1
OG0009199	1	3	1	1	1	1	1	1	0	1	1	1	1	1	1	1	1
OG0009200	1	1	1	2	1	1	1	1	1	1	1	1	1	1	1	1	1
OG0009201	1	1	1	1	2	1	1	1	1	1	1	1	1	1	1	1	1
OG0009202	1	1	1	1	1	2	1	1	0	1	1	1	1	1	1	1	1
OG0009203	1	1	1	1	1	1	1	1	1	1	1	1	1	1	1	1	1
OG0009204	2	2	1	0	1	1	1	1	1	1	1	1	1	1	1	1	1
OG0009205	1	1	1	2	1	1	1	1	1	1	1	1	1	1	1	1	1
OG0009206	2	2	2	2	1	1	0	1	0	2	2	2	2	1	1	1	1
OG0009207	1	2	2	1	2	0	1	1	1	1	1	2	1	1	1	1	1
OG0009208	1	2	1	1	1	1	1	1	1	1	1	1	1	1	1	1	1
OG0009209	1	1	1	1	2	1	1	1	1	1	1	1	1	1	1	1	1
OG0009210	1	2	1	1	1	1	1	1	1	1	1	1	1	1	1	1	1
OG0009211	1	2	1	1	1	1	1	1	1	1	1	1	1	1	1	1	1
OG0009212	1	2	1	1	1	1	1	1	1	1	1	1	1	1	1	1	1
OG0009213	1	2	1	1	1	1	1	1	1	1	1	1	1	1	1	1	1
OG0009214	1	2	1	0	2	1	1	1	1	1	1	1	1	1	1	1	1
OG0009215	1	2	1	1	1	1	1	1	1	1	1	1	1	1	1	1	1
OG0009216	1	1	1	1	1	1	1	1	1	1	1	1	1	1	1	1	1
OG0009217	1	1	1	0	1	1	3	1	1	1	1	1	1	1	1	1	1
OG0009218	1	2	1	1	1	1	1	1	1	1	1	1	1	1	1	1	1
OG0009219	1	1	2	1	1	1	1	1	1	1	1	1	1	1	1	1	1
OG0009220	1	2	1	1	1	1	1	1	1	1	1	1	1	1	1	1	1
OG0009221	1	1	1	2	1	1	1	1	1	1	1	1	1	1	1	1	1
OG0009222	1	2	1	1	1	1	1	1	1	1	1	1	1	1	1	1	1
OG0009223	1	1	1	1	1	1	1	1	1	1	1	1	1	1	1	1	1
OG0009224	1	1	1	1	1	1	2	1	1	1	1	1	1	1	1	1	1
OG0009225	1	2	1	1	1	1	1	1	1	1	1	1	1	1	1	1	1
OG0009226	1	2	1	1	1	1	1	1	1	1	1	1	1	1	1	1	1
OG0009227	1	2	1	1	1	1	1	1	1	1	1	1	1	1	1	1	1
OG0009228	1	2	1	1	1	1	1	1	1	1	1	1	1	1	1	1	1
OG0009229	1	1	1	1	1	1	1	1	1	1	1	1	1	1	1	1	1
OG0009230	1	2	1	1	1	1	1	1	1	1	1	1	1	1	1	1	1
OG0009231	1	2	1	1	1	1	1	1	1	1	1	1	1	1	1	1	1
OG0009232	1	1	1	0	2	1	1	1	1	1	1	1	1	1	1	1	1
OG0009233	2	3	1	1	1	1	1	1	0	1	1	1	1	1	1	1	1
OG0009234	1	1	1	1	1	1	1	1	1	1	1	1	1	1	1	1	1
OG0009235	1	2	1	1	1	1	1	1	1	1	1	1	1	1	1	1	1
OG0009236	2	1	1	1	1	1	1	1	1	1	1	1	1	1	1	1	1
OG0009237	1	2	1	1	1	1	1	1	1	1	1	1	1	1	1	1	1
OG0009238	1	1	1	1	2	1	1	1	1	1	1	1	1	1	1	1	1
OG0009239	2	1	1	1	1	1	1	1	1	1	1	1	1	1	1	1	1
OG0009240	1	2	1	1	1	1	1	1	1	1	1	1	1	1	1	1	1
OG0009241	1	1	1	1	2	1	1	1	1	1	1	1	1	1	1	1	1
OG0009242	1	1	1	2	1	1	1	1	1	1	1	1	1	1	1	1	1
OG0009243	1	2	1	1	1	1	1	1	1	1	1	1	1	1	1	1	1
OG0009244	1	2	1	1	1	1	1	1	1	1	1	1	1	1	1	1	1
OG0009245	1	4	1	1	1	1	1	0	1	1	1	1	1	1	1	1	1
OG0009246	1	3	1	0	1	1	1	1	1	1	1	1	1	1	1	1	1
OG0009247	2	1	1	1	1	1	1	1	1	1	1	1	1	1	1	1	1
OG0009248	1	2	1	1	1	1	1	1	1	1	1	1	1	1	1	1	1
OG0009249	1	2	1	1	1	1	1	1	1	1	1	1	1	1	1	1	1
OG0009250	2	2	1	1	1	1	1	1	0	1	1	1	1	1	1	1	1
OG0009251	1	2	1	1	1	1	1	1	1	1	1	1	1	1	1	1	1
OG0009252	1	1	1	2	1	1	1	1	1	1	1	1	1	1	1	1	1
OG0009253	2	1	1	1	1	1	1	1	1	1	1	1	1	1	1	1	1
OG0009254	1	2	1	1	1	1	1	1	1	1	1	1	1	1	1	1	1
OG0009255	3	1	1	1	1	1	1	1	1	1	1	1	1	1	1	1	1
OG0009256	1	2	1	1	1	1	1	1	1	1	1	1	1	1	1	1	1
OG0009257	2	1	1	1	1	1	1	1	1	1	1	1	1	1	1	1	1
OG0009258	1	2	1	1	1	1	1	1	1	1	1	1	1	1	1	1	1
OG0009259	1	1	1	1	2	1	1	1	1	1	1	1	1	1	1	1	1
OG0009260	1	1	2	1	1	1	1	1	1	1	1	1	1	1	1	1	1
OG0009261	1	1	1	1	1	1	1	1	1	1	1	1	1	1	1	1	1
OG0009262	2	2	1	0	1	1	1	1	1	1	1	1	1	1	1	1	1
OG0009263	1	1	1	1	1	1	1	1	1	1	1	1	1	1	1	1	1
OG0009264	1	2	1	1	1	1	1	1	1	1	1	1	1	1	1	1	1
OG0009265	1	2	1	2	1	1	0	1	1	1	1	1	1	1	1	1	1
OG0009266	1	1	2	1	1	1	1	1	1	1	1	1	1	1	1	1	1
OG0009267	2	1	1	1	1	1	1	1	1	1	1	1	1	1	1	1	1
OG0009268	1	2	1	1	1	1	1	1	1	1	1	1	1	1	1	1	1
OG0009269	3	1	1	1	1	1	1	1	0	1	1	1	1	1	1	1	1
OG0009270	1	2	1	1	1	1	1	1	1	1	1	1	1	1	1	1	1
OG0009271	1	2	1	1	1	1	1	1	1	1	1	1	1	1	1	1	1
OG0009272	1	3	1	1	1	1	1	1	1	1	1	1	1	1	1	1	1
OG0009273	2	1	1	1	1	1	1	1	1	1	1	1	1	1	1	1	1
OG0009274	1	2	1	1	1	1	1	1	1	1	1	1	1	1	1	1	1
OG0009275	1	1	2	1	2	1	1	1	0	1	1	1	1	1	1	1	1
OG0009276	1	5	1	1	1	1	1	0	0	1	1	1	1	1	1	1	0
OG0009277	2	1	1	1	1	1	1	1	1	1	1	1	1	1	1	1	1
OG0009278	2	1	1	1	1	1	1	1	1	1	1	1	1	1	1	1	1
OG0009279	1	2	2	1	1	1	1	1	1	1	1	2	1	1	1	1	1
OG0009280	1	2	1	2	1	1	1	1	1	1	1	1	1	1	1	1	1
OG0009281	1	1	1	1	1	1	2	1	1	1	1	1	1	1	1	1	1
OG0009282	1	2	1	1	1	1	1	1	1	1	1	1	1	1	1	1	1
OG0009283	1	4	1	0	1	1	1	1	0	1	1	1	1	1	1	1	1
OG0009284	2	1	1	1	1	1	1	1	1	1	1	1	1	1	1	1	1
OG0009285	1	1	1	1	1	1	1	1	1	1	1	1	1	1	1	1	1
OG0009286	3	1	1	0	1	1	1	1	1	1	1	1	1	1	1	1	1
OG0009287	1	1	1	1	1	1	0	2	1	1	1	1	1	1	1	1	1
OG0009288	2	1	1	1	1	1	1	1	1	1	1	1	1	1	1	1	1
OG0009289	1	1	1	2	1	1	1	1	1	1	1	1	1	1	1	1	1
OG0009290	2	2	1	1	1	1	1	1	0	1	1	1	1	1	1	1	1
OG0009291	1	2	1	1	1	1	1	1	1	1	1	1	1	1	1	1	1
OG0009292	1	1	2	1	1	1	1	1	1	1	1	1	1	1	1	1	1
OG0009293	2	1	1	1	1	1	1	1	1	1	1	1	1	1	1	1	1
OG0009294	1	1	1	1	2	1	1	1	1	1	1	1	1	1	1	1	1
OG0009295	1	1	1	1	2	1	1	1	1	1	1	1	1	1	1	1	1
OG0009296	3	1	1	1	1	1	1	1	0	1	1	1	1	1	1	1	1
OG0009297	1	2	1	1	1	1	1	1	1	1	1	1	1	1	1	1	1
OG0009298	2	1	1	1	1	1	1	1	1	1	1	1	1	1	1	1	1
OG0009299	1	1	1	2	1	1	1	1	1	1	1	1	1	1	1	1	1
OG0009300	1	2	1	1	1	1	1	1	1	1	1	1	1	1	1	1	1
OG0009301	1	2	1	1	1	1	1	1	1	1	1	1	1	1	1	1	1
OG0009302	1	1	1	1	1	1	1	1	1	1	1	1	1	1	1	1	1
OG0009303	2	2	1	1	1	1	0	1	1	1	1	1	1	1	1	1	1
OG0009304	1	1	1	2	1	1	1	1	1	1	1	1	1	1	1	1	1
OG0009305	1	2	2	0	2	1	1	1	1	1	1	2	1	1	1	1	1
OG0009306	2	1	1	1	1	1	1	1	1	1	1	1	1	1	1	1	1
OG0009307	2	2	1	1	1	1	1	1	1	1	1	1	1	1	1	1	1
OG0009308	2	1	1	1	1	1	1	1	1	1	1	1	1	1	1	1	1
OG0009309	2	2	1	1	1	1	1	1	1	1	1	1	1	1	1	1	1
OG0009310	2	1	1	1	1	1	1	1	1	1	1	1	1	1	1	1	1
OG0009311	1	2	1	1	1	1	1	1	1	1	1	1	1	1	1	1	1
OG0009312	1	2	1	1	1	1	1	1	1	1	1	1	1	1	1	1	1
OG0009313	1	1	1	2	2	1	1	1	1	1	1	1	1	1	1	1	1
OG0009314	1	2	1	1	1	1	1	1	1	1	1	1	1	1	1	1	1
OG0009315	1	2	1	0	1	1	2	1	1	1	1	1	1	1	1	1	1
OG0009316	1	2	2	1	1	1	1	1	1	1	1	2	1	1	1	1	1
OG0009317	1	2	1	1	1	1	1	1	1	1	1	1	1	1	1	1	1
OG0009318	1	2	1	1	1	1	1	1	1	1	1	1	1	1	1	1	1
OG0009319	1	2	1	1	1	1	1	1	1	1	1	1	1	1	1	1	1
OG0009320	1	2	1	1	1	1	1	1	1	1	1	1	1	1	1	1	1
OG0009321	2	1	1	1	1	1	1	1	1	1	1	1	1	1	1	1	1
OG0009322	1	1	3	1	1	1	1	1	0	1	1	1	1	1	1	1	1
OG0009323	1	2	1	1	1	1	1	1	1	1	1	1	1	1	1	1	1
OG0009324	1	2	1	1	1	1	1	1	1	1	1	1	1	1	1	1	1
OG0009325	2	1	1	1	1	1	1	1	1	1	1	1	1	1	1	1	1
OG0009326	1	1	1	2	1	1	1	1	1	1	1	1	1	1	1	1	1
OG0009327	2	2	1	1	1	1	1	1	0	1	1	1	1	1	1	1	1
OG0009328	1	2	1	1	1	1	1	1	1	1	1	1	1	1	1	1	1
OG0009329	1	2	2	0	1	1	1	1	1	1	1	2	1	1	1	1	1
OG0009330	1	1	2	0	2	1	1	1	1	1	1	1	1	1	1	1	1
OG0009331	1	1	1	1	2	1	1	1	1	1	1	1	1	1	1	1	1
OG0009332	1	2	1	1	1	1	1	1	1	1	1	1	1	1	1	1	1
OG0009333	1	2	1	1	1	1	1	1	1	1	1	1	1	1	1	1	1
OG0009334	1	2	2	0	1	1	1	1	1	1	1	2	1	1	1	1	1
OG0009335	1	3	1	1	1	1	1	1	1	1	1	1	1	1	1	1	1
OG0009336	1	3	1	1	1	1	1	1	0	1	1	1	1	1	1	1	1
OG0009337	1	1	1	1	1	1	1	1	2	1	1	1	1	1	1	1	1
OG0009338	1	2	2	1	1	1	0	1	1	1	1	2	1	1	1	1	1
OG0009339	1	2	1	1	1	1	1	1	1	1	1	1	1	1	1	1	1
OG0009340	1	2	1	1	1	1	0	1	1	1	1	1	1	1	1	1	1
OG0009341	1	1	1	1	1	1	2	2	0	1	1	1	1	1	1	2	2
OG0009342	1	1	1	1	2	1	1	1	1	1	1	1	1	1	1	1	1
OG0009343	1	2	1	1	1	1	1	1	1	1	1	1	1	1	1	1	1
OG0009344	1	0	1	1	1	1	1	2	1	1	1	1	1	1	1	1	1
OG0009345	1	1	3	1	1	1	1	1	0	1	1	1	1	1	1	1	1
OG0009346	1	2	1	1	1	1	1	1	1	1	1	1	1	1	1	1	1
OG0009347	1	1	2	1	1	1	1	1	1	1	1	1	1	1	1	1	1
OG0009348	1	2	1	1	1	1	1	1	1	1	1	1	1	1	1	1	1
OG0009349	1	1	1	1	1	1	1	1	1	1	1	1	1	1	1	1	1
OG0009350	1	2	1	1	1	1	1	1	1	1	1	1	1	1	1	1	1
OG0009351	1	1	1	1	1	1	1	1	1	1	1	1	1	1	1	1	1
OG0009352	1	2	1	1	1	1	1	1	1	1	1	1	1	1	1	1	1
OG0009353	1	1	1	1	1	1	1	1	1	1	1	1	1	1	1	1	1
OG0009354	1	1	2	1	1	1	1	2	0	1	1	1	1	1	1	1	1
OG0009355	1	1	1	1	2	1	1	1	1	1	1	1	1	1	1	1	1
OG0009356	1	1	2	1	1	1	1	1	1	1	1	1	1	1	1	1	1
OG0009357	1	2	1	1	1	1	1	1	1	1	1	1	1	1	1	1	1
OG0009358	2	1	1	1	1	1	1	1	1	1	1	1	1	1	1	1	1
OG0009359	1	1	1	1	2	1	1	1	1	1	1	1	1	1	1	1	1
OG0009360	1	2	1	1	1	1	1	1	1	1	1	1	1	1	1	1	1
OG0009361	1	1	1	1	1	1	2	1	1	1	1	1	1	1	1	1	1
OG0009362	2	1	1	1	1	1	1	1	1	1	1	1	1	1	1	1	1
OG0009363	2	1	1	1	1	1	1	1	1	1	1	1	1	1	1	1	1
OG0009364	1	1	1	1	1	1	1	1	2	1	1	1	1	1	1	1	1
OG0009365	1	1	1	1	2	1	1	1	1	1	1	1	1	1	1	1	1
OG0009366	1	2	1	1	1	1	1	1	1	1	1	1	1	1	1	1	1
OG0009367	1	2	2	1	1	1	1	1	0	1	1	2	1	1	1	1	1
OG0009368	1	1	1	1	1	1	1	1	1	1	1	1	1	1	1	1	1
OG0009369	1	1	1	3	1	1	1	1	0	1	1	1	1	1	1	1	1
OG0009370	1	0	1	1	1	2	1	1	1	1	1	1	1	1	1	1	1
OG0009371	1	2	1	1	1	1	1	1	1	1	1	1	1	1	1	1	1
OG0009372	2	2	1	1	1	1	1	1	1	1	1	1	1	1	1	1	1
OG0009373	1	1	1	2	1	1	1	1	1	1	1	1	1	1	1	1	1
OG0009374	1	1	2	1	1	1	1	1	1	1	1	1	1	1	1	1	1
OG0009375	3	1	1	1	1	1	1	1	1	1	1	1	1	1	1	1	1
OG0009376	2	2	1	1	1	1	1	1	0	1	1	1	1	1	1	1	1
OG0009377	1	2	1	1	1	1	1	1	1	1	1	1	1	1	1	1	1
OG0009378	1	3	1	1	1	1	1	1	0	1	1	1	1	1	1	1	1
OG0009379	2	2	1	1	1	1	1	1	1	1	1	1	1	1	1	1	1
OG0009380	1	1	1	1	1	1	1	1	1	1	1	1	1	1	1	1	1
OG0009381	1	2	1	1	1	1	1	1	1	1	1	1	1	1	1	1	1
OG0009382	2	1	1	1	1	1	1	1	1	1	1	1	1	1	1	1	1
OG0009383	1	2	1	1	1	1	1	1	1	1	1	1	1	1	1	1	1
OG0009384	1	1	1	1	1	1	2	1	1	1	1	1	1	1	1	1	1
OG0009385	1	1	1	1	1	1	1	1	1	1	1	1	1	1	1	1	1
OG0009387	2	1	1	1	2	1	1	1	1	1	1	1	1	1	1	1	1
OG0009388	1	2	1	1	1	1	1	1	1	1	1	1	1	1	1	1	1
OG0009389	1	1	1	1	1	1	1	1	1	1	1	1	1	1	1	1	1
OG0009390	1	1	1	1	1	1	1	1	1	1	1	1	1	1	1	1	1
OG0009391	1	2	1	3	1	1	1	1	0	1	1	1	1	1	1	1	1
OG0009392	1	1	2	2	0	1	1	1	1	1	1	1	1	1	1	1	1
OG0009393	1	1	1	1	1	1	1	1	1	1	1	1	1	1	1	1	1
OG0009394	3	1	1	1	1	1	1	1	1	1	1	1	1	1	1	1	1
OG0009395	2	2	1	1	1	1	1	1	1	1	1	1	1	1	1	1	1
OG0009396	1	1	1	1	1	1	1	1	1	1	1	1	1	1	1	1	1
OG0009397	2	2	1	0	1	1	1	1	1	1	1	1	1	1	1	1	1
OG0009398	2	2	1	1	1	1	1	1	1	1	1	1	1	1	1	1	1
OG0009399	2	1	1	1	1	1	1	1	1	1	1	1	1	1	1	1	1
OG0009400	2	2	1	1	1	1	0	1	1	1	1	1	1	1	1	1	1
OG0009401	2	1	1	1	1	1	1	1	1	1	1	1	1	1	1	1	1
OG0009402	2	1	1	1	1	1	1	1	1	1	1	1	1	1	1	1	1
OG0009403	1	3	1	1	0	1	1	1	1	1	1	1	1	1	1	1	1
OG0009404	1	1	1	1	2	1	1	1	0	1	1	1	1	1	1	1	1
OG0009405	2	1	1	1	1	1	1	1	1	1	1	1	1	1	1	1	1
OG0009406	1	1	1	1	2	1	1	1	1	1	1	1	1	1	1	1	1
OG0009407	1	1	1	1	1	1	2	1	1	1	1	1	1	1	1	1	1
OG0009408	2	1	1	1	1	1	1	1	1	1	1	1	1	1	1	1	1
OG0009409	1	1	1	2	1	1	1	1	1	1	1	1	1	1	1	1	1
OG0009410	1	1	1	1	1	1	1	1	1	1	1	1	1	1	1	1	1
OG0009411	1	1	2	1	1	1	1	1	1	1	1	1	1	1	1	1	1
OG0009412	1	1	1	1	1	1	1	1	1	1	1	1	1	1	1	1	1
OG0009413	1	1	1	2	1	1	1	1	1	1	1	1	1	1	1	1	1
OG0009414	1	1	1	2	1	1	1	1	1	1	1	1	1	1	1	1	1
OG0009415	1	2	1	1	1	1	1	1	1	1	1	1	1	1	1	1	1
OG0009416	1	1	1	1	1	1	1	1	1	1	1	1	1	1	1	1	1
OG0009417	1	1	2	1	1	1	1	1	1	1	1	1	1	1	1	1	1
OG0009418	1	2	1	1	1	1	1	1	1	1	1	1	1	1	1	1	1
OG0009419	1	2	1	1	1	1	1	1	0	1	1	1	1	1	1	1	1
OG0009420	1	1	1	1	1	1	1	1	1	1	1	1	1	1	1	1	1
OG0009421	1	1	1	2	1	1	1	1	1	1	1	1	1	1	1	1	1
OG0009422	2	1	1	1	1	1	1	1	1	1	1	1	1	1	1	1	1
OG0009423	1	1	1	3	1	1	1	0	1	1	1	1	1	1	1	1	1
OG0009424	1	1	1	1	1	2	1	1	1	1	1	1	1	1	1	1	1
OG0009425	1	2	1	1	1	1	1	1	1	1	1	1	1	1	1	1	1
OG0009426	1	1	1	1	1	0	1	1	2	1	1	1	1	1	1	1	1
OG0009427	1	2	1	1	1	1	1	1	1	1	1	1	1	1	1	1	1
OG0009428	1	1	1	2	1	1	1	1	1	1	1	1	1	1	1	1	1
OG0009429	2	1	1	1	1	1	1	1	1	1	1	1	1	1	1	1	1
OG0009430	2	1	1	1	1	1	1	1	1	1	1	1	1	1	1	1	1
OG0009431	1	1	1	2	1	1	1	1	1	1	1	1	1	1	1	1	1
OG0009432	2	1	1	1	1	1	1	1	1	1	1	1	1	1	1	1	1
OG0009433	1	2	1	1	1	1	1	1	1	1	1	1	1	1	1	1	1
OG0009434	1	1	2	1	1	1	1	1	1	1	1	1	1	1	1	1	1
OG0009435	1	3	1	0	1	1	1	1	1	1	1	1	1	1	1	1	1
OG0009436	1	1	1	1	1	1	1	1	2	1	1	1	1	1	1	1	1
OG0009437	1	2	1	1	1	1	1	1	1	1	1	1	1	1	1	1	1
OG0009438	2	1	1	1	2	1	1	1	1	1	1	1	1	1	1	1	1
OG0009439	1	3	1	0	1	1	1	1	1	1	1	1	1	1	1	1	1
OG0009440	2	2	1	1	1	1	1	1	1	1	1	1	1	1	1	1	1
OG0009441	1	1	2	1	2	1	1	1	1	1	1	1	1	1	1	1	1
OG0009442	1	2	1	1	1	1	1	1	1	1	1	1	1	1	1	1	1
OG0009443	1	1	1	1	1	1	1	1	2	1	1	1	1	1	1	1	1
OG0009444	2	1	1	1	1	1	1	1	1	1	1	1	1	1	1	1	1
OG0009445	2	1	1	1	1	1	1	1	1	1	1	1	1	1	1	1	1
OG0009446	2	2	1	1	1	1	1	1	1	1	1	1	1	1	1	1	1
OG0009447	1	2	1	1	1	1	1	1	1	1	1	1	1	1	1	1	1
OG0009448	1	2	1	1	1	1	1	1	1	1	1	1	1	1	1	1	1
OG0009449	1	1	1	1	2	1	1	1	1	1	1	1	1	1	1	1	1
OG0009450	2	1	1	1	1	1	1	1	1	1	1	1	1	1	1	1	1
OG0009451	1	2	1	1	1	1	1	1	1	1	1	1	1	1	1	1	1
OG0009452	1	2	1	1	1	1	1	1	1	1	1	1	1	1	1	1	1
OG0009453	3	1	1	1	1	1	1	1	1	1	1	1	1	1	1	1	1
OG0009454	1	2	1	1	1	1	1	1	1	1	1	1	1	1	1	1	1
OG0009455	1	2	1	1	1	1	1	1	1	1	1	1	1	1	1	1	1
OG0009456	1	2	1	1	1	1	1	1	1	1	1	1	1	1	1	1	1
OG0009457	1	1	1	1	3	1	1	1	1	1	1	1	1	1	1	1	1
OG0009458	2	2	1	1	1	1	1	1	1	1	1	1	1	1	1	1	1
OG0009459	1	1	1	1	1	1	1	1	1	1	1	1	1	1	1	1	1
OG0009460	1	2	1	1	1	1	1	1	1	1	1	1	1	1	1	1	1
OG0009461	2	1	1	1	1	1	1	1	1	1	1	1	1	1	1	1	1
OG0009462	2	1	1	1	1	1	1	1	1	1	1	1	1	1	1	1	1
OG0009463	1	2	1	1	1	1	1	1	1	1	1	1	1	1	1	1	1
OG0009464	1	1	2	1	1	1	1	1	1	1	1	1	1	1	1	1	1
OG0009465	1	2	1	1	1	1	1	1	1	1	1	1	1	1	1	1	1
OG0009466	1	3	1	0	1	1	1	1	1	1	1	1	1	1	1	1	1
OG0009467	1	2	1	1	2	1	1	1	0	1	1	1	1	1	1	1	1
OG0009468	1	2	1	1	1	1	1	1	1	1	1	1	1	1	1	1	1
OG0009469	1	2	1	1	1	1	1	1	1	1	1	1	1	1	1	1	1
OG0009470	1	2	1	1	1	1	1	1	1	1	1	1	1	1	1	1	1
OG0009471	1	1	2	1	1	1	1	1	1	1	1	1	1	1	1	1	1
OG0009472	1	1	1	1	1	1	1	1	1	1	1	1	1	1	1	1	1
OG0009473	1	1	1	1	2	1	1	1	2	1	1	1	1	1	1	1	1
OG0009474	1	1	1	1	1	1	1	1	1	1	1	1	1	1	1	1	1
OG0009475	1	1	2	0	1	1	1	1	1	1	1	1	1	1	1	1	1
OG0009476	1	1	1	1	2	1	1	1	1	1	1	1	1	1	1	1	1
OG0009477	1	2	1	1	1	1	1	1	1	1	1	1	1	1	1	1	1
OG0009478	1	2	2	1	1	1	1	1	0	1	1	2	1	1	1	1	1
OG0009479	1	1	1	1	1	1	1	1	1	1	1	1	1	1	1	1	1
OG0009480	1	1	1	0	3	1	1	1	1	1	1	1	1	1	1	1	1
OG0009481	1	1	1	2	1	1	1	1	1	1	1	1	1	1	1	1	1
OG0009482	1	2	1	1	1	1	1	1	1	1	1	1	1	1	1	1	1
OG0009483	2	2	1	1	1	1	1	1	1	1	1	1	1	1	1	1	1
OG0009484	1	1	1	0	1	1	3	1	1	1	1	1	1	1	1	1	1
OG0009485	2	2	1	1	1	1	1	1	1	1	1	1	1	1	1	1	1
OG0009486	1	1	1	1	1	1	2	1	1	1	1	1	1	1	1	1	1
OG0009487	1	2	1	1	1	1	1	1	1	1	1	1	1	1	1	1	1
OG0009488	1	1	1	1	2	1	1	1	1	1	1	1	1	1	1	1	1
OG0009489	1	2	1	1	1	1	1	1	1	1	1	1	1	1	1	1	1
OG0009490	1	1	1	1	2	1	1	1	1	1	1	1	1	1	1	1	1
OG0009491	2	2	1	0	1	1	1	1	1	1	1	1	1	1	1	1	1
OG0009492	1	2	1	1	1	1	1	1	1	1	1	1	1	1	1	1	1
OG0009493	1	2	1	1	1	1	1	1	1	1	1	1	1	1	1	1	1
OG0009494	1	1	1	1	1	1	1	2	1	1	1	1	1	1	1	1	1
OG0009495	1	1	1	2	1	1	1	1	1	1	1	1	1	1	1	1	1
OG0009496	1	1	1	1	1	1	2	1	2	1	1	1	1	1	1	2	2
OG0009497	1	2	1	1	1	1	1	1	1	1	1	1	1	1	1	1	1
OG0009498	1	2	1	1	1	1	1	1	1	1	1	1	1	1	1	1	1
OG0009499	1	2	1	1	1	1	1	1	1	1	1	1	1	1	1	1	1
OG0009500	1	2	1	1	1	1	1	1	1	1	1	1	1	1	1	1	1
OG0009501	1	2	1	1	1	1	1	1	1	1	1	1	1	1	1	1	1
OG0009502	1	2	1	1	1	1	1	1	1	1	1	1	1	1	1	1	1
OG0009503	1	2	1	1	1	1	1	1	1	1	1	1	1	1	1	1	1
OG0009504	1	2	1	1	1	1	1	1	1	1	1	1	1	1	1	1	1
OG0009505	1	2	1	0	1	1	1	1	1	1	1	1	1	1	1	1	1
OG0009506	1	1	2	1	1	1	1	1	1	1	1	1	1	1	1	1	1
OG0009507	1	3	1	1	1	1	1	1	1	1	1	1	1	1	1	1	1
OG0009508	1	1	2	1	1	1	1	1	1	1	1	1	1	1	1	1	1
OG0009509	1	1	1	2	1	1	1	1	1	1	1	1	1	1	1	1	1
OG0009510	1	1	1	1	1	1	1	1	2	1	1	1	1	1	1	1	1
OG0009511	1	1	1	2	1	1	1	1	1	1	1	1	1	1	1	1	1
OG0009512	1	2	1	1	1	1	1	1	1	1	1	1	1	1	1	1	1
OG0009513	1	1	1	1	2	1	1	1	1	1	1	1	1	1	1	1	1
OG0009514	1	2	1	1	1	1	1	1	1	1	1	1	1	1	1	1	1
OG0009515	1	2	1	1	1	1	1	1	1	1	1	1	1	1	1	1	1
OG0009516	1	2	1	1	1	1	1	1	1	1	1	1	1	1	1	1	1
OG0009517	1	1	1	2	1	1	1	1	1	1	1	1	1	1	1	1	1
OG0009518	1	2	1	2	1	1	0	1	1	1	1	1	1	1	1	1	1
OG0009519	2	0	0	1	1	1	1	1	2	1	1	0	1	1	1	1	1
OG0009520	1	1	1	1	1	1	1	1	1	1	1	1	1	1	1	1	1
OG0009521	1	2	2	1	1	1	1	1	1	1	1	2	1	1	1	1	1
OG0009522	1	2	1	1	1	1	1	1	1	1	1	1	1	1	1	1	1
OG0009523	1	2	1	1	1	1	1	1	1	1	1	1	1	1	1	1	1
OG0009524	1	2	1	1	1	1	1	1	1	1	1	1	1	1	1	1	1
OG0009525	2	1	1	1	1	1	1	1	1	1	1	1	1	1	1	1	1
OG0009526	3	1	1	1	0	1	1	1	1	1	1	1	1	1	1	1	1
OG0009527	1	1	1	1	1	1	1	1	1	1	1	1	1	1	1	1	1
OG0009528	1	1	1	1	1	1	1	1	1	1	1	1	1	1	1	1	1
OG0009529	2	1	1	1	1	1	1	1	1	1	1	1	1	1	1	1	1
OG0009530	1	2	2	1	1	1	1	1	1	1	1	2	1	1	1	1	1
OG0009531	2	1	1	1	1	1	1	1	1	1	1	1	1	1	1	1	1
OG0009532	2	1	1	2	1	1	0	1	1	1	1	1	1	1	1	1	1
OG0009533	2	2	1	1	1	1	1	1	1	1	1	1	1	1	1	1	1
OG0009534	2	2	1	1	1	1	1	1	1	1	1	1	1	1	1	1	1
OG0009535	1	5	1	1	1	0	1	1	1	1	1	1	1	1	1	1	1
OG0009536	2	1	1	1	1	0	1	2	1	1	1	1	1	1	1	1	1
OG0009537	2	1	1	1	1	1	1	1	1	1	1	1	1	1	1	1	1
OG0009538	2	1	1	1	1	1	1	1	1	1	1	1	1	1	1	1	1
OG0009539	1	0	2	0	1	2	1	1	1	1	1	1	1	1	1	1	1
OG0009540	3	1	1	0	1	1	1	1	1	1	1	1	1	1	1	1	1
OG0009541	2	2	1	1	1	1	1	1	0	1	1	1	1	1	1	1	1
OG0009542	1	1	1	0	1	1	3	1	1	1	1	1	1	1	1	1	1
OG0009543	2	1	1	1	1	1	1	1	1	1	1	1	1	1	1	1	1
OG0009544	1	2	1	1	1	1	1	1	1	1	1	1	1	1	1	1	1
OG0009545	2	1	1	1	1	1	1	1	1	1	1	1	1	1	1	1	1
OG0009546	1	1	1	1	1	1	1	1	1	1	1	1	1	1	1	1	1
OG0009547	2	1	1	1	1	1	1	1	1	1	1	1	1	1	1	1	1
OG0009548	2	1	1	1	1	1	1	1	1	1	1	1	1	1	1	1	1
OG0009549	2	1	1	1	1	1	1	1	1	1	1	1	1	1	1	1	1
OG0009550	1	2	1	1	1	1	1	1	1	1	1	1	1	1	1	1	1
OG0009551	1	2	1	1	1	1	1	1	1	1	1	1	1	1	1	1	1
OG0009552	1	2	1	1	1	1	1	1	1	1	1	1	1	1	1	1	1
OG0009553	1	1	2	1	1	1	1	1	1	1	1	1	1	1	1	1	1
OG0009554	1	2	1	1	1	1	1	1	1	1	1	1	1	1	1	1	1
OG0009555	1	2	1	1	1	1	1	1	1	1	1	1	1	1	1	1	1
OG0009556	1	2	1	1	1	1	1	1	1	1	1	1	1	1	1	1	1
OG0009557	1	1	1	2	1	1	1	1	1	1	1	1	1	1	1	1	1
OG0009558	1	2	1	1	1	1	1	1	1	1	1	1	1	1	1	1	1
OG0009559	1	2	1	1	1	1	1	1	1	1	1	1	1	1	1	1	1
OG0009560	1	2	1	1	1	1	1	1	1	1	1	1	1	1	1	1	1
OG0009561	1	2	1	1	1	1	1	1	1	1	1	1	1	1	1	1	1
OG0009562	1	2	1	1	1	1	1	1	1	1	1	1	1	1	1	1	1
OG0009563	1	1	2	1	2	1	1	1	1	1	1	1	1	1	1	1	1
OG0009564	1	1	2	1	1	1	1	1	1	1	1	1	1	1	1	1	1
OG0009565	1	2	1	1	1	1	1	1	1	1	1	1	1	1	1	1	1
OG0009566	1	2	1	1	1	1	1	1	1	1	1	1	1	1	1	1	1
OG0009567	1	1	2	2	1	1	0	1	1	1	1	1	1	1	1	1	1
OG0009568	1	2	1	1	1	1	1	1	2	1	1	1	1	1	1	1	1
OG0009569	1	1	1	2	1	1	1	1	1	1	1	1	1	1	1	1	1
OG0009570	1	2	1	1	1	1	1	1	1	1	1	1	1	1	1	1	1
OG0009571	1	2	1	1	1	1	1	1	1	1	1	1	1	1	1	1	1
OG0009572	1	1	1	1	1	2	1	1	1	1	1	1	1	1	1	1	1
OG0009573	1	2	1	1	1	1	1	1	1	1	1	1	1	1	1	1	1
OG0009574	1	2	1	1	1	1	1	1	1	1	1	1	1	1	1	1	1
OG0009575	1	2	2	1	1	1	0	1	1	1	1	2	1	1	1	1	1
OG0009576	1	1	1	1	1	1	1	1	1	1	1	1	1	1	1	1	1
OG0009577	1	2	1	1	1	1	1	1	1	1	1	1	1	1	1	1	1
OG0009578	1	1	1	1	1	1	1	1	1	1	1	1	1	1	1	1	1
OG0009579	1	1	1	1	1	1	1	1	1	1	1	1	1	1	1	1	1
OG0009580	2	1	1	1	2	1	0	1	1	1	1	1	1	1	1	1	1
OG0009581	1	3	1	0	1	1	1	1	1	1	1	1	1	1	1	1	1
OG0009582	1	2	1	1	1	1	1	1	1	1	1	1	1	1	1	1	1
OG0009583	1	1	1	1	1	1	1	1	1	1	1	1	1	1	1	1	1
OG0009584	1	1	1	1	2	1	1	1	1	1	1	1	1	1	1	1	1
OG0009585	1	2	1	1	1	1	1	1	1	1	1	1	1	1	1	1	1
OG0009586	1	2	1	1	1	1	1	1	1	1	1	1	1	1	1	1	1
OG0009587	2	1	1	1	1	1	1	1	1	1	1	1	1	1	1	1	1
OG0009588	1	1	1	1	1	1	1	1	1	1	1	1	1	1	1	1	1
OG0009589	1	1	1	2	1	1	1	1	1	1	1	1	1	1	1	1	1
OG0009590	1	4	1	1	1	1	1	0	1	1	1	1	1	1	1	1	1
OG0009591	1	2	1	1	1	1	1	1	1	1	1	1	1	1	1	1	1
OG0009592	1	1	1	2	1	1	1	1	1	1	1	1	1	1	1	1	1
OG0009593	2	1	1	1	1	1	1	1	1	1	1	1	1	1	1	1	1
OG0009594	1	1	2	1	1	1	1	1	1	1	1	1	1	1	1	1	1
OG0009595	1	1	1	1	2	1	1	1	2	1	1	1	1	1	1	1	1
OG0009596	1	1	1	1	1	1	2	1	1	1	1	1	1	1	1	1	1
OG0009597	2	1	1	1	1	0	2	1	2	1	1	1	1	1	1	2	2
OG0009598	1	2	1	1	1	1	1	1	1	1	1	1	1	1	1	1	1
OG0009599	1	1	1	1	2	1	1	1	1	1	1	1	1	1	1	1	1
OG0009600	1	2	1	1	1	1	1	1	1	1	1	1	1	1	1	1	1
OG0009601	1	1	1	1	2	1	1	1	1	1	1	1	1	1	1	1	1
OG0009602	1	1	1	1	1	1	1	1	1	1	1	1	1	1	1	1	1
OG0009603	1	2	3	1	1	1	1	1	0	1	1	2	1	1	1	1	1
OG0009604	1	2	1	2	1	1	1	1	1	1	1	1	1	1	1	1	1
OG0009605	1	1	1	0	1	2	1	1	2	1	1	1	1	1	1	1	1
OG0009606	1	2	2	0	2	1	1	1	0	1	1	2	1	1	1	1	1
OG0009607	1	1	2	1	1	1	1	1	1	1	1	1	1	1	1	1	1
OG0009608	1	2	1	2	2	1	1	0	1	1	2	2	2	2	1	1	1
OG0009609	1	1	1	2	1	1	1	1	1	1	1	1	1	1	1	1	1
OG0009610	1	1	0	3	1	1	1	1	1	1	1	1	1	1	1	1	1
OG0009611	1	2	1	1	1	1	1	1	1	1	1	1	1	1	1	1	1
OG0009612	1	2	1	1	1	1	1	1	1	1	1	1	1	1	1	1	1
OG0009613	1	2	1	1	1	1	1	1	1	1	1	1	1	1	1	1	1
OG0009614	1	2	1	1	1	1	1	1	1	1	1	1	1	1	1	1	1
OG0009615	1	2	1	1	1	1	1	1	1	1	1	1	1	1	1	1	1
OG0009616	1	2	1	1	1	1	1	1	1	1	1	1	1	1	1	1	1
OG0009617	1	2	1	1	1	1	1	1	1	1	1	1	1	1	1	1	1
OG0009618	1	1	2	1	1	1	1	1	1	1	1	1	1	1	1	1	1
OG0009619	1	2	1	1	1	1	1	1	1	1	1	1	1	1	1	1	1
OG0009620	1	2	1	1	1	1	1	1	1	1	1	1	1	1	1	1	1
OG0009621	1	2	1	1	1	1	1	1	1	1	1	1	1	1	1	1	1
OG0009622	1	1	1	0	1	1	1	1	2	1	1	1	1	1	1	1	1
OG0009623	2	2	2	1	1	1	1	0	1	1	1	2	1	1	1	1	1
OG0009624	1	2	1	1	1	1	1	1	1	1	1	1	1	1	1	1	1
OG0009625	1	1	1	1	1	1	1	1	1	1	1	1	1	1	1	1	1
OG0009626	1	1	2	1	1	1	1	1	1	1	1	1	1	1	1	1	1
OG0009627	1	2	1	1	1	1	1	1	1	1	1	1	1	1	1	1	1
OG0009628	1	1	1	0	2	1	2	1	1	1	1	1	1	1	1	1	1
OG0009629	1	1	1	3	1	1	1	1	0	1	1	1	1	1	1	1	1
OG0009630	1	1	1	1	1	1	1	2	0	1	1	1	1	1	1	1	1
OG0009631	1	2	1	1	1	1	1	1	1	1	1	1	1	1	1	1	1
OG0009632	1	2	2	0	1	1	1	1	1	1	1	2	1	1	1	1	1
OG0009633	1	2	1	1	1	1	1	1	1	1	1	1	1	1	1	1	1
OG0009634	1	2	1	1	1	1	1	1	1	1	1	1	1	1	1	1	1
OG0009635	1	1	1	2	1	1	1	1	1	1	1	1	1	1	1	1	1
OG0009636	1	1	1	1	1	1	1	1	1	1	1	1	1	1	1	1	1
OG0009637	1	2	1	1	1	1	1	1	1	1	1	1	1	1	1	1	1
OG0009638	1	2	1	1	1	1	1	1	1	1	1	1	1	1	1	1	1
OG0009639	1	2	1	2	1	1	1	1	0	1	1	1	1	1	1	1	1
OG0009640	1	1	1	1	1	1	1	1	1	1	1	1	1	1	1	1	1
OG0009641	1	1	1	1	1	1	1	1	1	1	1	1	1	1	1	1	1
OG0009642	1	2	1	2	1	1	1	1	0	1	1	1	1	1	1	1	1
OG0009643	1	1	1	1	1	1	1	1	1	1	1	1	1	1	1	1	1
OG0009644	2	1	1	1	1	1	1	1	1	1	1	1	1	1	1	1	1
OG0009645	1	2	1	1	2	1	1	1	1	1	1	1	1	1	1	1	1
OG0009646	1	1	1	1	1	1	1	1	1	1	1	1	1	1	1	1	1
OG0009647	1	2	1	1	3	1	1	1	1	1	1	1	1	1	1	1	1
OG0009648	1	2	1	1	1	1	1	1	1	1	1	1	1	1	1	1	1
OG0009649	1	2	1	1	1	1	1	1	1	1	1	1	1	1	1	1	1
OG0009650	1	2	1	1	1	1	1	1	1	1	1	1	1	1	1	1	1
OG0009651	1	2	1	1	2	1	1	1	0	1	1	1	1	1	1	1	1
OG0009652	1	1	1	1	2	1	1	1	1	1	1	1	1	1	1	1	1
OG0009653	1	2	1	1	1	1	1	1	1	1	1	1	1	1	1	1	1
OG0009654	1	1	2	1	1	1	1	1	1	1	1	1	1	1	1	1	1
OG0009655	1	2	1	1	1	1	1	1	1	1	1	1	1	1	1	1	1
OG0009656	1	2	1	1	1	1	1	1	1	1	1	1	1	1	1	1	1
OG0009657	1	2	1	1	1	1	1	1	1	1	1	1	1	1	1	1	1
OG0009658	1	1	1	1	3	1	1	1	0	1	1	1	1	1	1	1	1
OG0009659	1	2	1	1	1	1	1	1	1	1	1	1	1	1	1	1	1
OG0009660	1	1	1	1	2	1	1	1	1	1	1	1	1	1	1	1	1
OG0009661	2	1	2	1	1	1	1	1	1	1	1	1	1	1	1	1	1
OG0009662	1	1	1	1	2	1	1	1	1	1	1	1	1	1	1	1	1
OG0009663	1	1	1	1	1	1	1	1	1	1	1	1	1	1	1	1	1
OG0009664	1	2	1	1	2	1	1	1	0	1	1	1	1	1	1	1	1
OG0009665	1	2	1	1	1	1	1	1	1	1	1	1	1	1	1	1	1
OG0009666	1	2	1	1	1	1	1	1	1	1	1	1	1	1	1	1	1
OG0009667	1	2	1	1	1	1	1	1	1	1	1	1	1	1	1	1	1
OG0009668	1	1	1	2	1	1	1	1	0	1	1	1	1	1	1	1	1
OG0009669	1	1	1	2	1	1	1	1	1	1	1	1	1	1	1	1	1
OG0009670	1	2	1	1	1	1	1	1	1	1	1	1	1	1	1	1	1
OG0009671	1	2	1	1	1	1	1	1	1	1	1	1	1	1	1	1	1
OG0009672	1	2	1	1	1	1	1	1	1	1	1	1	1	1	1	1	1
OG0009673	1	2	1	1	1	1	1	1	1	1	1	1	1	1	1	1	1
OG0009674	1	4	1	0	1	1	1	1	1	1	1	1	1	1	1	1	1
OG0009675	1	2	1	1	1	1	1	1	1	1	1	1	1	1	1	1	1
OG0009676	1	6	1	1	1	0	1	1	1	1	1	1	1	1	1	1	1
OG0009677	1	2	1	1	1	1	1	1	1	1	1	1	1	1	1	1	1
OG0009678	1	2	1	1	1	1	1	1	1	1	1	1	1	1	1	1	1
OG0009679	1	2	2	0	1	1	1	1	1	1	1	2	1	1	1	1	1
OG0009680	1	1	1	1	1	1	2	1	0	1	1	1	1	1	1	1	1
OG0009681	1	1	1	2	2	1	1	1	1	1	1	1	1	1	1	1	1
OG0009682	1	2	1	1	1	1	1	1	1	1	1	1	1	1	1	1	1
OG0009683	1	1	1	1	2	1	1	1	1	1	1	1	1	1	1	1	1
OG0009684	1	1	1	2	1	1	1	1	1	1	1	1	1	1	1	1	1
OG0009685	1	2	1	1	1	1	1	1	1	1	1	1	1	1	1	1	1
OG0009686	1	2	3	1	1	1	1	1	1	1	1	2	1	1	1	1	1
OG0009687	1	1	1	1	1	2	1	1	0	1	1	1	1	1	1	1	1
OG0009688	1	2	1	1	1	1	1	1	1	1	1	1	1	1	1	1	1
OG0009689	1	3	1	1	1	1	1	1	1	1	1	1	1	1	1	1	1
OG0009690	1	1	2	1	2	1	1	1	1	1	1	1	1	1	1	1	1
OG0009691	1	2	1	1	1	1	1	1	1	1	1	1	1	1	1	1	1
OG0009692	1	1	1	1	1	1	1	1	1	1	1	1	1	1	1	1	1
OG0009693	1	2	1	1	1	1	1	1	1	1	1	1	1	1	1	1	1
OG0009694	2	1	2	1	1	1	1	1	1	1	1	1	1	1	1	1	1
OG0009695	1	2	1	1	1	1	1	1	1	1	1	1	1	1	1	1	1
OG0009696	1	2	1	1	1	1	1	1	1	1	1	1	1	1	1	1	1
OG0009697	1	2	1	1	1	1	1	1	1	1	1	1	1	1	1	1	1
OG0009698	1	2	1	1	1	1	1	1	1	1	1	1	1	1	1	1	1
OG0009699	1	2	1	1	1	1	1	1	1	1	1	1	1	1	1	1	1
OG0009700	1	1	1	2	1	1	1	1	1	1	1	1	1	1	1	1	1
OG0009701	1	2	1	1	1	1	1	1	1	1	1	1	1	1	1	1	1
OG0009702	1	1	1	1	1	1	1	1	1	1	1	1	1	1	1	1	1
OG0009703	1	1	1	2	2	1	1	1	1	1	1	1	1	1	1	1	1
OG0009704	1	2	1	1	1	1	1	1	1	1	1	1	1	1	1	1	1
OG0009705	1	2	1	1	1	1	1	1	1	1	1	1	1	1	1	1	1
OG0009706	1	1	1	1	2	1	1	1	1	1	1	1	1	1	1	1	1
OG0009707	1	1	1	1	2	1	1	1	1	1	1	1	1	1	1	1	1
OG0009708	1	2	2	1	2	1	1	0	0	1	1	2	1	1	1	1	0
OG0009709	1	2	1	1	1	1	1	1	1	1	1	1	1	1	1	1	1
OG0009710	1	2	1	1	1	1	1	1	1	1	1	1	1	1	1	1	1
OG0009711	1	2	1	1	1	1	1	1	1	1	1	1	1	1	1	1	1
OG0009712	1	2	1	1	1	1	1	1	1	1	1	1	1	1	1	1	1
OG0009713	1	2	1	1	1	0	0	2	1	1	1	1	1	1	1	1	1
OG0009714	1	1	1	1	2	1	1	1	1	1	1	1	1	1	1	1	1
OG0009715	1	2	1	1	2	1	1	1	1	1	1	1	1	1	1	1	1
OG0009716	1	1	1	1	3	1	0	1	1	1	1	1	1	1	1	1	1
OG0009717	1	1	1	1	1	1	1	1	1	1	1	1	1	1	1	1	1
OG0009718	1	2	1	1	1	1	1	1	1	1	1	1	1	1	1	1	1
OG0009719	1	1	1	1	1	1	1	1	1	1	1	1	1	1	1	1	1
OG0009720	1	2	2	1	1	1	1	1	0	1	1	2	1	1	1	1	1
OG0009721	1	9	0	0	1	0	0	1	0	1	1	1	1	1	1	1	1
OG0009722	1	0	0	0	4	0	0	3	0	1	1	0	1	1	1	1	1
OG0009723	1	0	0	1	3	0	0	3	0	1	1	0	1	1	1	1	1
OG0009724	1	0	1	0	1	2	0	2	1	1	1	1	1	1	1	1	1
OG0009940	2	1	1	0	1	1	1	1	1	1	1	1	1	1	1	1	1
OG0009941	1	1	1	1	1	1	1	1	1	1	1	1	1	1	1	1	1
OG0009942	1	1	1	1	1	1	2	1	0	1	1	1	1	1	1	1	1
OG0009943	1	1	1	1	1	1	1	1	1	1	1	1	1	1	1	1	1
OG0009944	2	0	0	1	1	0	2	2	0	1	1	0	1	1	1	2	2
OG0009945	1	1	1	1	1	1	1	1	1	1	1	1	1	1	1	1	1
OG0009947	3	1	1	1	1	1	1	1	0	1	1	1	1	1	1	1	1
OG0009949	1	2	1	0	1	1	1	1	1	1	1	1	1	1	1	1	1
OG0009950	2	1	1	1	1	1	1	1	1	1	1	1	1	1	1	1	1
OG0009951	1	1	1	1	1	1	1	1	1	1	1	1	1	1	1	1	1
OG0009952	2	1	1	1	1	1	1	1	0	1	1	1	1	1	1	1	1
OG0009953	2	1	1	1	1	1	1	1	1	1	1	1	1	1	1	1	1
OG0009954	2	2	1	0	1	1	1	1	1	1	1	1	1	1	1	1	1
OG0009955	1	2	2	1	2	0	1	1	1	1	1	2	1	1	1	1	1
OG0009956	1	1	1	1	1	1	1	1	1	1	1	1	1	1	1	1	1
OG0009957	2	1	1	1	1	1	1	1	0	1	1	1	1	1	1	1	1
OG0009958	2	1	1	1	1	1	1	1	0	1	1	1	1	1	1	1	1
OG0009959	3	1	1	1	1	0	1	1	1	1	1	1	1	1	1	1	1
OG0009962	1	2	1	0	1	1	1	1	1	1	1	1	1	1	1	1	1
OG0009963	1	2	1	1	1	1	1	1	0	1	1	1	1	1	1	1	1
OG0009964	2	2	1	1	1	1	1	1	0	1	1	1	1	1	1	1	1
OG0009965	1	1	1	1	1	1	1	1	1	1	1	1	1	1	1	1	1
OG0009966	1	1	1	1	1	1	1	1	1	1	1	1	1	1	1	1	1
OG0009967	1	1	1	1	1	1	1	1	1	1	1	1	1	1	1	1	1
OG0009968	1	1	1	1	1	1	1	1	1	1	1	1	1	1	1	1	1
OG0009969	3	1	1	1	1	1	1	1	0	1	1	1	1	1	1	1	1
OG0009970	2	1	1	1	1	1	1	1	1	1	1	1	1	1	1	1	1
OG0009971	1	1	1	1	1	1	1	1	1	1	1	1	1	1	1	1	1
OG0009972	2	1	1	0	1	1	1	1	1	1	1	1	1	1	1	1	1
OG0009973	1	1	1	1	1	1	1	1	1	1	1	1	1	1	1	1	1
OG0009974	1	1	1	1	1	1	1	1	1	1	1	1	1	1	1	1	1
OG0009975	1	1	1	1	1	1	1	1	1	1	1	1	1	1	1	1	1
OG0009976	1	1	1	1	1	1	1	1	1	1	1	1	1	1	1	1	1
OG0009977	1	1	1	1	1	1	1	1	1	1	1	1	1	1	1	1	1
OG0009978	1	1	1	1	1	1	1	1	1	1	1	1	1	1	1	1	1
OG0009979	1	1	1	1	1	1	1	1	1	1	1	1	1	1	1	1	1
OG0009980	1	1	1	1	1	1	1	1	1	1	1	1	1	1	1	1	1
OG0009981	1	1	1	1	1	1	1	1	1	1	1	1	1	1	1	1	1
OG0009982	1	1	2	1	1	1	1	1	0	1	1	1	1	1	1	1	1
OG0009983	1	2	1	1	1	1	1	1	0	1	1	1	1	1	1	1	1
OG0009984	1	1	1	1	1	1	1	1	1	1	1	1	1	1	1	1	1
OG0009985	1	2	1	1	1	1	1	1	0	1	1	1	1	1	1	1	1
OG0009986	1	1	1	1	1	1	1	1	1	1	1	1	1	1	1	1	1
OG0009987	2	1	1	1	1	1	1	1	1	1	1	1	1	1	1	1	1
OG0009988	1	1	1	1	1	1	1	1	1	1	1	1	1	1	1	1	1
OG0009989	1	1	1	1	1	1	1	1	1	1	1	1	1	1	1	1	1
OG0009990	2	2	2	0	1	1	1	1	0	1	1	2	1	1	1	1	1
OG0009991	1	1	1	1	1	1	1	1	1	1	1	1	1	1	1	1	1
OG0009992	1	1	2	0	1	1	1	1	1	1	1	1	1	1	1	1	1
OG0009993	1	1	1	1	1	1	1	1	1	1	1	1	1	1	1	1	1
OG0009994	1	1	1	1	2	1	0	1	1	1	1	1	1	1	1	1	1
OG0009995	1	1	1	1	1	1	1	1	1	1	1	1	1	1	1	1	1
OG0009996	1	1	1	1	1	1	1	1	1	1	1	1	1	1	1	1	1
OG0009997	2	1	1	1	1	1	1	1	1	1	1	1	1	1	1	1	1
OG0009998	1	2	1	1	1	1	1	1	1	1	1	1	1	1	1	1	1
OG0009999	1	1	1	1	1	1	1	1	1	1	1	1	1	1	1	1	1
OG0010000	1	1	1	1	1	1	1	1	1	1	1	1	1	1	1	1	1
OG0010001	2	1	1	1	1	1	1	1	1	1	1	1	1	1	1	1	1
OG0010002	3	1	1	0	1	1	0	1	1	1	1	1	1	1	1	1	1
OG0010003	1	1	1	1	1	1	1	1	1	1	1	1	1	1	1	1	1
OG0010004	1	1	1	0	1	1	2	1	1	1	1	1	1	1	1	1	1
OG0010005	2	2	1	0	1	1	1	1	1	1	1	1	1	1	1	1	1
OG0010006	1	1	1	1	1	1	1	1	1	1	1	1	1	1	1	1	1
OG0010007	1	2	1	1	1	1	1	1	1	1	1	1	1	1	1	1	1
OG0010008	1	1	1	1	1	1	1	1	1	1	1	1	1	1	1	1	1
OG0010009	2	1	1	0	1	1	1	1	1	1	1	1	1	1	1	1	1
OG0010010	1	1	2	1	1	1	1	1	1	1	1	1	1	1	1	1	1
OG0010011	1	1	1	1	1	1	1	1	1	1	1	1	1	1	1	1	1
OG0010012	1	2	2	1	2	0	1	1	1	1	1	2	1	1	1	1	1
OG0010013	1	1	1	1	1	1	1	1	1	1	1	1	1	1	1	1	1
OG0010014	1	2	1	0	1	1	1	1	1	1	1	1	1	1	1	1	1
OG0010015	1	1	1	1	1	1	1	1	1	1	1	1	1	1	1	1	1
OG0010016	1	1	1	1	1	1	1	1	1	1	1	1	1	1	1	1	1
OG0010017	1	1	1	1	1	1	1	1	1	1	1	1	1	1	1	1	1
OG0010018	1	2	1	1	1	1	1	1	1	1	1	1	1	1	1	1	1
OG0010019	1	1	1	1	1	1	1	1	1	1	1	1	1	1	1	1	1
OG0010020	1	1	1	1	1	1	1	1	1	1	1	1	1	1	1	1	1
OG0010021	1	2	1	0	1	1	1	1	1	1	1	1	1	1	1	1	1
OG0010022	3	1	1	0	1	1	1	1	1	1	1	1	1	1	1	1	1
OG0010023	1	1	1	1	1	1	1	1	1	1	1	1	1	1	1	1	1
OG0010024	1	1	1	1	1	1	1	1	1	1	1	1	1	1	1	1	1
OG0010025	1	1	1	1	1	1	1	1	1	1	1	1	1	1	1	1	1
OG0010026	1	1	1	1	1	1	1	1	1	1	1	1	1	1	1	1	1
OG0010027	1	1	1	1	1	1	1	1	1	1	1	1	1	1	1	1	1
OG0010028	1	1	1	1	1	1	1	1	1	1	1	1	1	1	1	1	1
OG0010029	1	1	1	1	1	1	1	1	1	1	1	1	1	1	1	1	1
OG0010030	1	1	1	1	1	1	1	1	1	1	1	1	1	1	1	1	1
OG0010031	1	0	1	0	1	2	1	1	0	1	1	1	1	1	1	1	1
OG0010032	1	1	1	1	2	1	0	1	1	1	1	1	1	1	1	1	1
OG0010033	1	1	1	1	1	1	1	1	1	1	1	1	1	1	1	1	1
OG0010034	1	1	1	1	1	1	1	1	1	1	1	1	1	1	1	1	1
OG0010035	1	1	1	1	1	1	1	1	1	1	1	1	1	1	1	1	1
OG0010036	1	2	1	0	1	1	1	1	1	1	1	1	1	1	1	1	1
OG0010037	2	1	1	1	1	1	1	1	1	1	1	1	1	1	1	1	1
OG0010038	2	1	1	1	1	1	1	1	1	1	1	1	1	1	1	1	1
OG0010039	1	1	2	1	1	1	0	1	1	1	1	1	1	1	1	1	1
OG0010040	1	1	1	1	1	1	1	1	1	1	1	1	1	1	1	1	1
OG0010041	1	1	1	1	1	1	1	1	1	1	1	1	1	1	1	1	1
OG0010042	1	1	1	1	1	1	1	1	1	1	1	1	1	1	1	1	1
OG0010043	3	2	1	1	1	1	1	0	0	1	1	1	1	1	1	1	0
OG0010044	1	1	1	1	1	1	1	1	1	1	1	1	1	1	1	1	1
OG0010045	4	2	1	0	1	0	1	1	1	2	1	1	1	1	1	1	1
OG0010046	1	1	1	1	2	1	1	1	1	1	1	1	1	1	1	1	1
OG0010047	1	2	1	0	1	1	1	1	1	1	1	1	1	1	1	1	1
OG0010048	1	1	1	1	1	1	1	1	1	1	1	1	1	1	1	1	1
OG0010049	2	1	1	1	1	1	0	1	1	1	1	1	1	1	1	1	1
OG0010050	1	1	1	1	1	1	1	1	1	1	1	1	1	1	1	1	1
OG0010051	2	1	1	1	1	1	1	1	1	1	1	1	1	1	1	1	1
OG0010052	1	1	1	2	1	1	1	1	0	1	1	1	1	1	1	1	1
OG0010053	1	2	1	1	1	1	1	1	1	1	1	1	1	1	1	1	1
OG0010054	1	1	1	1	1	1	1	1	1	1	1	1	1	1	1	1	1
OG0010055	1	2	1	1	1	1	1	1	1	1	1	1	1	1	1	1	1
OG0010056	1	1	1	1	1	1	1	1	1	1	1	1	1	1	1	1	1
OG0010057	1	1	1	1	1	1	1	1	1	1	1	1	1	1	1	1	1
OG0010058	2	1	1	0	1	1	1	1	1	1	1	1	1	1	1	1	1
OG0010059	1	1	1	1	1	1	1	1	1	1	1	1	1	1	1	1	1
OG0010060	1	1	1	1	1	1	1	1	1	1	1	1	1	1	1	1	1
OG0010061	1	1	1	1	1	1	1	1	1	1	1	1	1	1	1	1	1
OG0010062	2	1	1	1	1	1	1	1	1	1	1	1	1	1	1	1	1
OG0010063	1	1	1	1	1	1	1	1	1	1	1	1	1	1	1	1	1
OG0010064	1	1	1	2	1	1	1	1	1	1	1	1	1	1	1	1	1
OG0010065	1	1	1	1	1	1	1	1	1	1	1	1	1	1	1	1	1
OG0010066	1	1	1	1	1	1	1	1	1	1	1	1	1	1	1	1	1
OG0010067	1	2	1	1	1	1	1	1	1	1	1	1	1	1	1	1	1
OG0010068	1	2	1	0	1	1	1	1	1	1	1	1	1	1	1	1	1
OG0010069	1	1	1	1	1	1	1	1	1	1	1	1	1	1	1	1	1
OG0010070	1	1	1	1	1	1	1	1	1	1	1	1	1	1	1	1	1
OG0010071	1	1	0	1	1	1	1	1	1	1	1	1	1	1	1	1	1
OG0010072	1	3	1	1	1	1	1	0	1	1	1	1	1	1	1	1	1
OG0010073	1	1	2	0	1	1	1	1	1	1	1	1	1	1	1	1	1
OG0010074	1	1	1	1	1	1	1	1	1	1	1	1	1	1	1	1	1
OG0010075	2	1	1	1	1	1	1	1	0	1	1	1	1	1	1	1	1
OG0010076	1	1	1	1	1	1	1	1	1	1	1	1	1	1	1	1	1
OG0010077	1	1	1	1	1	1	1	1	1	1	1	1	1	1	1	1	1
OG0010078	1	1	1	1	1	1	1	1	1	1	1	1	1	1	1	1	1
OG0010079	2	1	1	0	1	1	1	1	1	1	1	1	1	1	1	1	1
OG0010080	1	2	1	0	1	1	1	1	1	1	1	1	1	1	1	1	1
OG0010081	1	2	1	1	1	1	1	1	1	1	1	1	1	1	1	1	1
OG0010082	1	1	1	1	1	1	1	1	1	1	1	1	1	1	1	1	1
OG0010083	1	0	1	1	1	1	2	1	1	1	1	1	1	1	1	1	1
OG0010084	3	0	1	1	0	1	1	1	1	1	1	1	1	1	1	1	1
OG0010085	1	1	1	1	2	1	1	1	1	1	1	1	1	1	1	1	1
OG0010086	1	1	1	1	1	1	1	1	1	1	1	1	1	1	1	1	1
OG0010087	1	2	1	0	1	1	1	1	1	1	1	1	1	1	1	1	1
OG0010088	1	2	1	1	1	1	1	1	1	1	1	1	1	1	1	1	1
OG0010089	1	1	1	1	1	1	1	1	1	1	1	1	1	1	1	1	1
OG0010090	1	1	1	0	2	1	1	1	1	1	1	1	1	1	1	1	1
OG0010091	1	2	1	0	1	1	1	1	1	1	1	1	1	1	1	1	1
OG0010092	2	1	1	0	1	1	1	1	1	1	1	1	1	1	1	1	1
OG0010093	2	2	1	0	1	1	1	1	1	1	1	1	1	1	1	1	1
OG0010094	1	1	1	1	1	1	1	1	1	1	1	1	1	1	1	1	1
OG0010095	2	0	1	1	1	1	1	1	1	1	1	1	1	1	1	1	1
OG0010096	1	1	1	1	1	1	1	1	1	1	1	1	1	1	1	1	1
OG0010097	1	2	1	1	1	1	0	1	1	1	1	1	1	1	1	1	1
OG0010098	1	1	1	1	1	1	1	1	1	1	1	1	1	1	1	1	1
OG0010099	1	1	1	1	1	1	1	1	1	1	1	1	1	1	1	1	1
OG0010100	3	1	1	0	1	1	1	1	0	1	1	1	1	1	1	1	1
OG0010101	1	1	1	1	1	1	1	1	1	1	1	1	1	1	1	1	1
OG0010102	1	1	1	1	0	1	1	1	1	1	1	1	1	1	1	1	1
OG0010103	2	1	1	1	1	1	1	1	0	1	1	1	1	1	1	1	1
OG0010104	1	1	1	1	1	1	1	1	1	1	1	1	1	1	1	1	1
OG0010105	2	2	1	1	1	1	1	1	0	1	1	1	1	1	1	1	1
OG0010106	1	1	1	4	0	0	1	1	1	1	1	1	1	1	1	1	1
OG0010107	1	1	1	1	1	1	1	1	1	1	1	1	1	1	1	1	1
OG0010108	1	1	1	1	1	1	1	1	1	1	1	1	1	1	1	1	1
OG0010109	1	1	1	1	1	1	1	1	1	1	1	1	1	1	1	1	1
OG0010110	2	1	1	1	1	1	1	1	1	1	1	1	1	1	1	1	1
OG0010111	1	1	1	3	1	1	1	1	0	1	1	1	1	1	1	1	1
OG0010112	1	2	1	1	1	1	1	1	1	1	1	1	1	1	1	1	1
OG0010113	1	2	1	0	1	1	1	1	1	1	1	1	1	1	1	1	1
OG0010114	1	1	2	2	1	1	0	1	0	1	1	1	1	1	1	1	1
OG0010115	2	2	1	1	1	1	1	0	1	1	1	1	1	1	1	1	1
OG0010116	2	1	1	1	1	1	1	1	1	1	1	1	1	1	1	1	1
OG0010117	1	2	1	1	1	1	1	1	0	1	1	1	1	1	1	1	1
OG0010118	1	1	1	1	1	1	1	1	1	1	1	1	1	1	1	1	1
OG0010119	2	1	1	1	1	1	1	1	1	1	1	1	1	1	1	1	1
OG0010120	1	1	1	1	1	1	1	1	1	1	1	1	1	1	1	1	1
OG0010121	1	1	1	1	1	1	1	1	1	1	1	1	1	1	1	1	1
OG0010122	1	2	1	1	1	1	0	1	1	1	1	1	1	1	1	1	1
OG0010123	1	1	1	1	1	1	1	1	1	1	1	1	1	1	1	1	1
OG0010124	1	1	1	0	1	1	1	1	1	1	1	1	1	1	1	1	1
OG0010125	1	1	2	2	1	1	1	1	0	1	1	1	1	1	1	1	1
OG0010126	1	1	1	2	0	1	1	1	1	1	1	1	1	1	1	1	1
OG0010127	1	1	1	1	1	1	1	1	1	1	1	1	1	1	1	1	1
OG0010128	7	0	1	4	0	1	0	0	0	2	1	1	1	1	1	0	0
OG0010129	1	2	1	1	1	1	1	1	1	1	1	1	1	1	1	1	1
OG0010130	2	2	1	1	1	1	1	1	1	1	1	1	1	1	1	1	1
OG0010131	1	1	1	1	1	1	1	1	1	1	1	1	1	1	1	1	1
OG0010132	1	2	2	1	1	1	1	1	0	1	1	2	1	1	1	1	1
OG0010133	1	1	1	1	1	1	1	1	1	1	1	1	1	1	1	1	1
OG0010134	1	2	1	1	1	1	0	1	1	1	1	1	1	1	1	1	1
OG0010135	1	1	2	1	1	1	1	1	0	1	1	1	1	1	1	1	1
OG0010136	1	1	1	1	1	1	1	1	1	1	1	1	1	1	1	1	1
OG0010137	1	1	1	1	1	1	1	1	1	1	1	1	1	1	1	1	1
OG0010138	1	3	1	1	1	1	1	0	1	1	1	1	1	1	1	1	1
OG0010139	1	2	1	0	1	1	1	1	1	1	1	1	1	1	1	1	1
OG0010140	1	2	1	1	1	1	1	1	1	1	1	1	1	1	1	1	1
OG0010141	1	2	2	2	1	1	1	1	0	1	2	2	2	1	1	1	1
OG0010142	1	1	1	1	1	1	1	1	1	1	1	1	1	1	1	1	1
OG0010143	1	1	1	1	1	1	1	1	1	1	1	1	1	1	1	1	1
OG0010144	1	2	1	1	1	1	0	1	1	1	1	1	1	1	1	1	1
OG0010145	1	1	1	1	1	1	1	1	1	1	1	1	1	1	1	1	1
OG0010146	1	2	1	1	1	1	0	1	1	1	1	1	1	1	1	1	1
OG0010147	1	1	1	1	1	1	1	1	1	1	1	1	1	1	1	1	1
OG0010148	1	1	1	1	1	1	1	1	1	1	1	1	1	1	1	1	1
OG0010149	1	1	1	1	1	1	1	1	1	1	1	1	1	1	1	1	1
OG0010150	1	1	1	1	1	1	1	1	1	1	1	1	1	1	1	1	1
OG0010151	2	1	1	1	1	1	1	1	1	1	1	1	1	1	1	1	1
OG0010152	1	2	1	1	1	1	1	1	1	1	1	1	1	1	1	1	1
OG0010153	1	1	1	1	1	1	1	1	1	1	1	1	1	1	1	1	1
OG0010154	1	1	1	1	1	1	1	1	1	1	1	1	1	1	1	1	1
OG0010155	1	1	1	1	1	1	1	1	1	1	1	1	1	1	1	1	1
OG0010156	2	1	1	1	1	1	1	1	1	1	1	1	1	1	1	1	1
OG0010157	1	1	1	1	1	1	2	1	0	1	1	1	1	1	1	1	1
OG0010158	1	1	1	1	1	1	1	1	1	1	1	1	1	1	1	1	1
OG0010159	1	1	1	1	1	1	1	1	1	1	1	1	1	1	1	1	1
OG0010160	1	1	1	1	1	1	1	1	1	1	1	1	1	1	1	1	1
OG0010161	1	1	1	1	1	1	1	1	1	1	1	1	1	1	1	1	1
OG0010162	2	1	1	0	1	1	1	1	1	1	1	1	1	1	1	1	1
OG0010163	1	1	1	1	1	1	1	1	1	1	1	1	1	1	1	1	1
OG0010164	2	1	1	1	2	0	1	1	1	1	1	1	1	1	1	1	1
OG0010165	1	1	1	1	1	1	1	1	1	1	1	1	1	1	1	1	1
OG0010166	2	1	1	1	3	0	1	1	1	1	1	1	1	1	1	1	1
OG0010167	1	1	1	1	1	1	1	1	1	1	1	1	1	1	1	1	1
OG0010168	1	1	1	0	2	1	2	1	1	1	1	1	1	1	1	1	1
OG0010169	2	1	1	0	1	1	1	1	1	1	1	1	1	1	1	1	1
OG0010170	2	1	1	1	1	1	1	1	1	1	1	1	1	1	1	1	1
OG0010171	1	1	1	1	1	1	1	1	1	1	1	1	1	1	1	1	1
OG0010172	1	1	1	0	1	1	1	1	1	1	1	1	1	1	1	1	1
OG0010173	1	1	1	1	1	1	1	1	1	1	1	1	1	1	1	1	1
OG0010174	1	1	1	2	1	1	1	1	1	1	1	1	1	1	1	1	1
OG0010175	1	1	1	1	1	1	1	1	1	1	1	1	1	1	1	1	1
OG0010176	3	1	1	1	1	1	1	1	1	1	1	1	1	1	1	1	1
OG0010177	1	2	1	2	1	1	1	1	0	1	1	1	1	1	1	1	1
OG0010178	1	1	1	1	1	1	1	1	1	1	1	1	1	1	1	1	1
OG0010179	1	1	1	1	1	1	1	1	1	1	1	1	1	1	1	1	1
OG0010180	1	1	1	1	1	1	1	1	1	1	1	1	1	1	1	1	1
OG0010181	1	1	1	1	1	1	1	1	1	1	1	1	1	1	1	1	1
OG0010182	3	2	1	1	2	0	0	1	1	1	1	1	1	1	1	1	1
OG0010183	2	1	1	1	1	1	1	1	1	1	1	1	1	1	1	1	1
OG0010184	2	2	1	1	1	1	1	1	0	1	1	1	1	1	1	1	1
OG0010185	1	1	1	1	2	1	1	1	1	1	1	1	1	1	1	1	1
OG0010186	1	1	1	1	1	1	1	1	1	1	1	1	1	1	1	1	1
OG0010187	1	1	1	1	1	1	1	1	1	1	1	1	1	1	1	1	1
OG0010188	1	1	1	1	1	1	1	1	1	1	1	1	1	1	1	1	1
OG0010189	1	2	1	1	1	1	1	1	1	1	1	1	1	1	1	1	1
OG0010190	2	1	1	1	1	1	1	1	0	1	1	1	1	1	1	1	1
OG0010191	1	2	1	2	1	1	1	1	1	1	1	1	1	1	1	1	1
OG0010192	1	1	1	1	1	1	1	1	1	1	1	1	1	1	1	1	1
OG0010193	1	1	2	0	1	1	1	1	1	1	1	1	1	1	1	1	1
OG0010194	1	2	1	0	1	1	1	1	1	1	1	1	1	1	1	1	1
OG0010195	1	1	1	1	1	1	1	1	1	1	1	1	1	1	1	1	1
OG0010196	1	1	1	1	1	1	0	1	2	1	1	1	1	1	1	1	1
OG0010197	1	1	1	1	1	1	1	1	1	1	1	1	1	1	1	1	1
OG0010198	1	1	1	1	1	1	1	1	1	1	1	1	1	1	1	1	1
OG0010199	1	1	1	1	1	1	1	1	1	1	1	1	1	1	1	1	1
OG0010200	1	2	1	1	1	1	1	1	1	1	1	1	1	1	1	1	1
OG0010201	1	1	1	1	1	1	1	1	1	1	1	1	1	1	1	1	1
OG0010202	1	1	1	1	1	1	1	1	1	1	1	1	1	1	1	1	1
OG0010203	2	1	1	0	1	1	1	1	1	1	1	1	1	1	1	1	1
OG0010204	2	1	0	1	1	1	1	1	1	1	1	1	1	1	1	1	1
OG0010205	1	1	1	1	1	1	1	1	1	1	1	1	1	1	1	1	1
OG0010206	2	1	1	0	1	1	1	1	1	1	1	1	1	1	1	1	1
OG0010207	1	1	1	1	1	1	2	1	0	1	1	1	1	1	1	1	1
OG0010208	1	1	1	1	1	1	1	1	1	1	1	1	1	1	1	1	1
OG0010209	1	1	1	1	1	1	1	1	1	1	1	1	1	1	1	1	1
OG0010210	1	1	1	1	1	1	1	1	1	1	1	1	1	1	1	1	1
OG0010211	1	1	1	1	1	1	1	1	1	1	1	1	1	1	1	1	1
OG0010212	1	2	2	0	1	0	1	1	2	1	1	2	1	1	1	1	1
OG0010213	1	2	1	1	1	1	1	1	1	1	1	1	1	1	1	1	1
OG0010214	1	1	1	1	1	1	1	1	1	1	1	1	1	1	1	1	1
OG0010215	2	1	1	1	1	1	1	1	1	1	1	1	1	1	1	1	1
OG0010216	1	2	1	1	1	1	1	1	1	1	1	1	1	1	1	1	1
OG0010217	2	1	1	0	1	1	1	1	1	1	1	1	1	1	1	1	1
OG0010218	2	1	1	0	1	1	1	1	1	1	1	1	1	1	1	1	1
OG0010219	1	2	2	2	1	0	1	1	1	1	2	2	2	1	1	1	1
OG0010220	1	1	1	1	1	1	1	1	1	1	1	1	1	1	1	1	1
OG0010222	2	1	1	0	1	1	1	1	2	1	1	1	1	1	1	1	1
OG0010223	1	1	1	1	1	1	1	1	1	1	1	1	1	1	1	1	1
OG0010224	2	1	1	1	1	1	1	1	0	1	1	1	1	1	1	1	1
OG0010225	2	1	1	1	1	1	1	1	1	1	1	1	1	1	1	1	1
OG0010226	1	1	1	1	1	1	1	1	1	1	1	1	1	1	1	1	1
OG0010227	1	1	1	1	1	1	1	1	1	1	1	1	1	1	1	1	1
OG0010228	1	1	1	1	1	1	1	1	1	1	1	1	1	1	1	1	1
OG0010229	1	1	1	1	1	1	1	1	1	1	1	1	1	1	1	1	1
OG0010230	1	1	1	2	1	1	1	1	1	1	1	1	1	1	1	1	1
OG0010231	1	1	1	1	1	1	1	1	1	1	1	1	1	1	1	1	1
OG0010232	1	1	1	1	1	1	1	1	1	1	1	1	1	1	1	1	1
OG0010233	2	1	2	1	1	1	1	1	1	1	1	1	1	1	1	1	1
OG0010234	1	2	1	2	1	1	1	0	1	1	1	1	1	1	1	1	1
OG0010235	1	1	1	1	1	1	1	1	1	1	1	1	1	1	1	1	1
OG0010236	2	1	1	1	1	1	1	1	0	1	1	1	1	1	1	1	1
OG0010237	1	1	1	1	1	1	1	1	1	1	1	1	1	1	1	1	1
OG0010238	1	1	1	1	1	1	1	1	1	1	1	1	1	1	1	1	1
OG0010239	1	1	1	1	1	1	1	1	1	1	1	1	1	1	1	1	1
OG0010240	1	1	1	1	1	1	1	1	1	1	1	1	1	1	1	1	1
OG0010241	1	1	1	1	1	1	1	1	1	1	1	1	1	1	1	1	1
OG0010242	1	2	1	0	1	1	1	1	1	1	1	1	1	1	1	1	1
OG0010243	1	1	1	1	1	1	1	1	1	1	1	1	1	1	1	1	1
OG0010244	2	1	1	0	1	1	1	1	1	1	1	1	1	1	1	1	1
OG0010245	1	2	1	1	1	1	1	1	1	1	1	1	1	1	1	1	1
OG0010246	2	1	1	0	1	1	1	1	2	1	1	1	1	1	1	1	1
OG0010247	1	1	1	1	1	1	1	1	1	1	1	1	1	1	1	1	1
OG0010248	1	1	1	1	1	1	1	1	1	1	1	1	1	1	1	1	1
OG0010249	1	1	1	1	1	1	1	1	1	1	1	1	1	1	1	1	1
OG0010250	2	1	1	1	1	1	1	1	1	1	1	1	1	1	1	1	1
OG0010251	2	1	1	1	1	1	1	1	0	1	1	1	1	1	1	1	1
OG0010252	1	1	1	1	1	0	1	1	2	1	1	1	1	1	1	1	1
OG0010253	1	1	1	1	1	1	1	1	1	1	1	1	1	1	1	1	1
OG0010254	2	1	1	1	1	1	1	1	0	1	1	1	1	1	1	1	1
OG0010255	1	2	1	1	1	1	1	1	1	1	1	1	1	1	1	1	1
OG0010256	1	1	1	1	1	1	1	1	1	1	1	1	1	1	1	1	1
OG0010257	1	1	1	1	1	1	1	1	1	1	1	1	1	1	1	1	1
OG0010258	1	1	1	1	1	1	1	1	1	1	1	1	1	1	1	1	1
OG0010259	2	3	2	1	1	0	1	1	0	1	1	2	1	1	1	1	1
OG0010260	1	1	1	1	1	1	1	1	1	1	1	1	1	1	1	1	1
OG0010261	1	1	1	1	1	1	1	1	1	1	1	1	1	1	1	1	1
OG0010262	1	1	1	1	1	1	1	1	1	1	1	1	1	1	1	1	1
OG0010263	2	1	1	1	1	1	1	1	1	1	1	1	1	1	1	1	1
OG0010264	1	1	1	1	1	1	1	1	1	1	1	1	1	1	1	1	1
OG0010265	1	1	1	1	1	1	1	1	1	1	1	1	1	1	1	1	1
OG0010266	1	1	1	2	1	1	1	1	0	1	1	1	1	1	1	1	1
OG0010267	1	1	1	1	1	1	1	1	1	1	1	1	1	1	1	1	1
OG0010268	1	1	1	1	1	1	1	1	1	1	1	1	1	1	1	1	1
OG0010269	1	1	1	1	1	1	1	1	1	1	1	1	1	1	1	1	1
OG0010270	1	1	1	1	1	1	1	1	1	1	1	1	1	1	1	1	1
OG0010271	1	1	1	1	1	1	1	1	1	1	1	1	1	1	1	1	1
OG0010272	2	1	1	1	1	1	1	1	1	1	1	1	1	1	1	1	1
OG0010273	2	2	1	1	1	1	1	1	1	1	1	1	1	1	1	1	1
OG0010274	1	1	1	0	1	1	2	0	2	1	1	1	1	1	1	2	2
OG0010275	1	1	1	1	1	1	1	1	1	1	1	1	1	1	1	1	1
OG0010276	2	2	1	1	1	1	1	1	0	1	1	1	1	1	1	1	1
OG0010277	2	0	1	1	1	1	1	1	1	1	1	1	1	1	1	1	1
OG0010278	1	2	1	1	1	1	1	1	1	1	1	1	1	1	1	1	1
OG0010279	1	2	1	1	1	1	1	1	1	1	1	1	1	1	1	1	1
OG0010280	1	2	1	1	1	1	1	1	1	1	1	1	1	1	1	1	1
OG0010281	1	1	1	1	1	1	1	1	1	1	1	1	1	1	1	1	1
OG0010282	1	1	2	1	1	1	1	1	1	1	1	1	1	1	1	1	1
OG0010283	1	1	1	1	1	1	1	1	1	1	1	1	1	1	1	1	1
OG0010284	1	1	1	1	1	1	1	1	1	1	1	1	1	1	1	1	1
OG0010285	1	2	1	1	1	1	1	1	1	1	1	1	1	1	1	1	1
OG0010286	1	1	1	1	1	1	2	1	0	1	1	1	1	1	1	1	1
OG0010287	2	1	1	1	1	1	1	1	1	1	1	1	1	1	1	1	1
OG0010288	1	1	1	1	1	1	1	1	1	1	1	1	1	1	1	1	1
OG0010289	1	1	1	0	1	1	0	1	2	1	1	1	1	1	1	1	1
OG0010290	2	1	1	1	1	1	1	1	1	1	1	1	1	1	1	1	1
OG0010291	1	1	1	1	1	1	1	1	1	1	1	1	1	1	1	1	1
OG0010292	1	1	1	1	1	1	1	1	1	1	1	1	1	1	1	1	1
OG0010293	1	2	1	1	1	1	1	1	0	1	1	1	1	1	1	1	1
OG0010294	1	1	1	1	1	1	1	1	1	1	1	1	1	1	1	1	1
OG0010295	2	0	1	1	1	1	1	1	1	1	1	1	1	1	1	1	1
OG0010296	1	1	1	1	1	1	1	1	1	1	1	1	1	1	1	1	1
OG0010297	1	1	1	1	1	1	1	1	1	1	1	1	1	1	1	1	1
OG0010298	1	2	1	1	1	1	1	1	1	1	1	1	1	1	1	1	1
OG0010299	1	1	1	1	1	1	1	1	1	1	1	1	1	1	1	1	1
OG0010300	1	1	1	1	1	1	1	1	1	1	1	1	1	1	1	1	1
OG0010301	2	1	1	0	1	1	1	1	1	1	1	1	1	1	1	1	1
OG0010302	2	2	1	2	1	1	0	1	0	2	2	2	2	1	1	1	1
OG0010303	1	1	1	1	1	1	1	1	1	1	1	1	1	1	1	1	1
OG0010304	1	1	1	1	1	1	1	1	1	1	1	1	1	1	1	1	1
OG0010305	2	1	1	1	1	1	1	1	1	1	1	1	1	1	1	1	1
OG0010306	1	1	1	1	1	1	1	1	1	1	1	1	1	1	1	1	1
OG0010307	1	2	1	1	1	1	0	1	1	1	1	1	1	1	1	1	1
OG0010308	1	1	1	1	1	1	1	1	1	1	1	1	1	1	1	1	1
OG0010309	1	1	1	1	1	1	1	1	1	1	1	1	1	1	1	1	1
OG0010310	1	1	1	1	1	1	1	1	2	1	1	1	1	1	1	1	1
OG0010311	1	1	1	1	1	1	1	1	1	1	1	1	1	1	1	1	1
OG0010312	1	1	1	2	1	1	1	1	1	1	1	1	1	1	1	1	1
OG0010313	1	1	1	1	1	1	1	1	1	1	1	1	1	1	1	1	1
OG0010314	1	2	1	1	1	1	1	1	1	1	1	1	1	1	1	1	1
OG0010315	1	1	1	1	1	1	1	1	1	1	1	1	1	1	1	1	1
OG0010316	1	1	1	1	1	1	1	1	1	1	1	1	1	1	1	1	1
OG0010317	1	1	1	1	1	1	1	1	1	1	1	1	1	1	1	1	1
OG0010318	1	1	1	1	1	1	1	1	1	1	1	1	1	1	1	1	1
OG0010319	1	1	1	1	2	1	0	1	1	1	1	1	1	1	1	1	1
OG0010320	2	1	1	1	1	1	0	1	1	1	1	1	1	1	1	1	1
OG0010321	1	1	1	1	1	1	1	1	1	1	1	1	1	1	1	1	1
OG0010322	1	1	1	1	1	1	1	1	1	1	1	1	1	1	1	1	1
OG0010323	1	2	1	0	1	1	1	1	1	1	1	1	1	1	1	1	1
OG0010324	1	1	1	1	1	1	1	1	1	1	1	1	1	1	1	1	1
OG0010325	1	1	1	1	1	1	1	1	1	1	1	1	1	1	1	1	1
OG0010326	1	2	1	1	1	1	1	1	1	1	1	1	1	1	1	1	1
OG0010327	2	1	1	0	1	1	1	1	1	1	1	1	1	1	1	1	1
OG0010328	1	1	1	1	1	1	1	1	1	1	1	1	1	1	1	1	1
OG0010329	1	1	1	1	1	1	1	1	1	1	1	1	1	1	1	1	1
OG0010330	1	2	1	1	1	1	1	1	0	1	1	1	1	1	1	1	1
OG0010331	1	1	1	1	1	1	1	1	1	1	1	1	1	1	1	1	1
OG0010332	1	1	1	1	1	1	1	1	1	1	1	1	1	1	1	1	1
OG0010333	1	1	1	1	1	1	1	1	1	1	1	1	1	1	1	1	1
OG0010334	1	1	1	1	1	1	1	1	1	1	1	1	1	1	1	1	1
OG0010335	1	1	2	0	1	1	1	1	1	1	1	1	1	1	1	1	1
OG0010336	1	2	1	1	1	1	1	1	0	1	1	1	1	1	1	1	1
OG0010337	1	1	1	1	1	1	1	1	1	1	1	1	1	1	1	1	1
OG0010338	1	2	1	0	1	1	1	1	1	1	1	1	1	1	1	1	1
OG0010339	1	1	1	1	2	1	1	1	0	1	1	1	1	1	1	1	1
OG0010340	2	1	1	1	1	1	1	1	0	1	1	1	1	1	1	1	1
OG0010341	1	1	1	1	1	1	0	1	2	1	1	1	1	1	1	1	1
OG0010342	1	2	1	1	1	1	1	1	1	1	1	1	1	1	1	1	1
OG0010343	1	2	1	1	1	1	0	1	1	1	1	1	1	1	1	1	1
OG0010344	2	1	1	1	1	1	1	1	1	1	1	1	1	1	1	1	1
OG0010345	2	1	1	0	1	1	1	1	1	1	1	1	1	1	1	1	1
OG0010346	1	2	1	0	1	1	1	1	1	1	1	1	1	1	1	1	1
OG0010347	1	1	1	1	1	1	1	1	1	1	1	1	1	1	1	1	1
OG0010348	1	1	1	1	1	1	1	1	2	1	1	1	1	1	1	1	1
OG0010349	1	2	1	0	1	1	1	1	1	1	1	1	1	1	1	1	1
OG0010350	1	1	1	1	1	1	1	1	1	1	1	1	1	1	1	1	1
OG0010351	1	1	1	1	1	1	1	1	1	1	1	1	1	1	1	1	1
OG0010352	1	3	1	0	1	1	1	1	1	1	1	1	1	1	1	1	1
OG0010353	1	1	1	1	1	1	1	1	1	1	1	1	1	1	1	1	1
OG0010354	2	2	1	1	1	1	1	0	1	1	1	1	1	1	1	1	1
OG0010355	1	1	1	1	1	1	1	1	1	1	1	1	1	1	1	1	1
OG0010356	1	2	1	1	1	1	0	1	1	1	1	1	1	1	1	1	1
OG0010357	3	1	1	0	1	1	1	1	1	1	1	1	1	1	1	1	1
OG0010358	1	1	1	1	1	1	1	1	1	1	1	1	1	1	1	1	1
OG0010359	1	2	1	1	1	1	1	1	1	1	1	1	1	1	1	1	1
OG0010360	1	1	1	1	1	1	1	1	1	1	1	1	1	1	1	1	1
OG0010361	1	1	2	1	1	1	1	1	1	1	1	1	1	1	1	1	1
OG0010362	2	1	1	0	1	1	2	1	0	1	1	1	1	1	1	1	1
OG0010363	1	1	1	1	1	1	1	1	1	1	1	1	1	1	1	1	1
OG0010364	1	1	1	1	1	1	1	1	1	1	1	1	1	1	1	1	1
OG0010365	1	1	1	2	1	1	1	1	1	1	1	1	1	1	1	1	1
OG0010366	2	1	1	1	1	1	1	1	1	1	1	1	1	1	1	1	1
OG0010367	1	1	1	1	1	1	1	1	1	1	1	1	1	1	1	1	1
OG0010368	1	1	1	2	1	1	0	1	1	1	1	1	1	1	1	1	1
OG0010369	2	1	1	1	1	1	1	1	1	1	1	1	1	1	1	1	1
OG0010370	1	1	1	1	1	1	1	1	1	1	1	1	1	1	1	1	1
OG0010371	2	2	1	1	1	1	0	1	1	1	1	1	1	1	1	1	1
OG0010372	1	1	1	1	1	1	1	1	1	1	1	1	1	1	1	1	1
OG0010373	2	1	1	1	1	1	1	1	1	1	1	1	1	1	1	1	1
OG0010374	1	0	1	2	2	1	1	1	0	1	1	1	1	1	1	1	1
OG0010375	1	2	1	1	1	1	1	1	1	1	1	1	1	1	1	1	1
OG0010376	2	0	0	0	1	1	3	1	1	1	1	0	1	1	1	1	1
OG0010377	1	1	1	1	1	1	1	1	1	1	1	1	1	1	1	1	1
OG0010378	1	1	1	2	1	1	1	1	1	1	1	1	1	1	1	1	1
OG0010379	1	1	1	1	1	1	1	1	1	1	1	1	1	1	1	1	1
OG0010380	1	1	1	1	1	1	1	1	0	1	1	1	1	1	1	1	1
OG0010381	1	1	1	1	1	1	1	1	1	1	1	1	1	1	1	1	1
OG0010382	2	1	1	1	1	1	1	1	1	1	1	1	1	1	1	1	1
OG0010383	1	1	1	0	1	1	1	1	2	1	1	1	1	1	1	1	1
OG0010384	1	1	1	1	1	1	1	1	1	1	1	1	1	1	1	1	1
OG0010385	1	1	1	1	1	1	1	1	1	1	1	1	1	1	1	1	1
OG0010386	1	1	1	1	1	1	1	1	1	1	1	1	1	1	1	1	1
OG0010387	1	1	1	1	1	1	1	1	1	1	1	1	1	1	1	1	1
OG0010388	1	1	1	1	1	1	1	1	1	1	1	1	1	1	1	1	1
OG0010389	2	1	1	1	1	1	1	1	1	1	1	1	1	1	1	1	1
OG0010390	2	1	1	1	1	1	1	1	1	1	1	1	1	1	1	1	1
OG0010391	1	1	1	1	1	1	1	1	1	1	1	1	1	1	1	1	1
OG0010392	1	1	1	1	1	1	1	1	1	1	1	1	1	1	1	1	1
OG0010393	1	1	1	1	1	1	1	1	1	1	1	1	1	1	1	1	1
OG0010394	1	1	1	1	1	1	1	1	1	1	1	1	1	1	1	1	1
OG0010395	1	1	1	1	1	1	1	1	1	1	1	1	1	1	1	1	1
OG0010396	1	2	1	0	1	1	1	1	1	1	1	1	1	1	1	1	1
OG0010397	1	1	1	1	1	1	1	1	1	1	1	1	1	1	1	1	1
OG0010398	1	1	1	1	1	1	1	1	1	1	1	1	1	1	1	1	1
OG0010399	2	1	1	1	1	1	1	1	1	1	1	1	1	1	1	1	1
OG0010400	1	1	1	1	1	1	1	1	1	1	1	1	1	1	1	1	1
OG0010401	1	1	1	1	1	1	1	1	1	1	1	1	1	1	1	1	1
OG0010402	1	1	1	1	1	1	1	1	1	1	1	1	1	1	1	1	1
OG0010403	1	1	1	1	1	1	1	1	1	1	1	1	1	1	1	1	1
OG0010404	1	1	1	1	1	1	1	1	1	1	1	1	1	1	1	1	1
OG0010405	1	1	1	1	1	1	1	1	1	1	1	1	1	1	1	1	1
OG0010406	2	1	1	2	1	1	1	1	0	1	1	1	1	1	1	1	1
OG0010407	2	1	1	1	1	1	1	1	1	1	1	1	1	1	1	1	1
OG0010408	2	1	1	0	1	1	1	1	1	1	1	1	1	1	1	1	1
OG0010409	2	1	1	1	1	1	1	1	1	1	1	1	1	1	1	1	1
OG0010410	1	1	2	1	1	1	1	1	1	1	1	1	1	1	1	1	1
OG0010411	1	1	1	1	1	1	1	1	1	1	1	1	1	1	1	1	1
OG0010412	1	1	1	1	1	1	1	1	1	1	1	1	1	1	1	1	1
OG0010413	2	1	1	1	1	1	1	1	0	1	1	1	1	1	1	1	1
OG0010414	1	1	1	1	1	1	1	1	1	1	1	1	1	1	1	1	1
OG0010415	1	1	1	1	1	1	1	1	1	1	1	1	1	1	1	1	1
OG0010416	1	1	1	1	1	1	1	1	1	1	1	1	1	1	1	1	1
OG0010417	1	1	1	1	1	1	1	1	1	1	1	1	1	1	1	1	1
OG0010418	2	1	1	1	1	1	1	1	1	1	1	1	1	1	1	1	1
OG0010419	2	1	1	1	1	1	1	1	0	1	1	1	1	1	1	1	1
OG0010420	1	1	2	1	1	1	1	1	1	1	1	1	1	1	1	1	1
OG0010421	1	1	1	1	1	1	1	1	1	1	1	1	1	1	1	1	1
OG0010422	3	1	1	1	1	1	0	1	1	1	1	1	1	1	1	1	1
OG0010423	1	1	1	1	1	1	1	1	1	1	1	1	1	1	1	1	1
OG0010424	2	1	1	1	1	1	1	1	1	1	1	1	1	1	1	1	1
OG0010425	4	2	1	1	1	0	1	1	1	2	1	1	1	1	1	1	1
OG0010426	1	1	1	1	1	1	1	1	1	1	1	1	1	1	1	1	1
OG0010427	1	1	1	1	1	1	1	1	1	1	1	1	1	1	1	1	1
OG0010428	3	1	1	1	1	1	1	0	1	1	1	1	1	1	1	1	1
OG0010429	1	1	1	1	1	1	1	1	1	1	1	1	1	1	1	1	1
OG0010430	1	1	1	1	1	1	1	1	1	1	1	1	1	1	1	1	1
OG0010431	1	1	1	1	1	1	1	1	1	1	1	1	1	1	1	1	1
OG0010432	1	1	1	1	1	1	1	1	1	1	1	1	1	1	1	1	1
OG0010433	1	1	1	1	1	1	1	1	1	1	1	1	1	1	1	1	1
OG0010434	1	2	1	1	1	1	1	1	1	1	1	1	1	1	1	1	1
OG0010435	1	1	1	1	1	1	1	1	1	1	1	1	1	1	1	1	1
OG0010436	2	1	1	0	1	1	1	1	1	1	1	1	1	1	1	1	1
OG0010437	1	1	1	2	1	1	1	1	1	1	1	1	1	1	1	1	1
OG0010438	1	1	1	1	1	1	1	1	1	1	1	1	1	1	1	1	1
OG0010439	1	2	1	1	1	1	1	1	1	1	1	1	1	1	1	1	1
OG0010440	1	1	1	1	1	1	1	1	1	1	1	1	1	1	1	1	1
OG0010441	1	1	1	1	1	1	1	1	1	1	1	1	1	1	1	1	1
OG0010442	3	1	1	1	1	1	1	1	0	1	1	1	1	1	1	1	1
OG0010443	1	1	1	1	1	1	1	1	1	1	1	1	1	1	1	1	1
OG0010444	1	1	1	1	1	1	1	1	1	1	1	1	1	1	1	1	1
OG0010445	1	2	1	0	1	1	1	1	1	1	1	1	1	1	1	1	1
OG0010446	1	1	1	1	1	1	1	1	1	1	1	1	1	1	1	1	1
OG0010447	1	1	1	1	1	1	1	1	1	1	1	1	1	1	1	1	1
OG0010448	1	2	1	0	1	1	1	1	1	1	1	1	1	1	1	1	1
OG0010449	1	1	1	1	1	1	1	1	1	1	1	1	1	1	1	1	1
OG0010450	1	2	2	0	1	1	1	1	1	1	1	2	1	1	1	1	1
OG0010451	1	2	1	1	1	1	1	1	0	1	1	1	1	1	1	1	1
OG0010452	1	1	1	1	1	1	1	1	1	1	1	1	1	1	1	1	1
OG0010453	1	1	1	1	1	1	1	1	1	1	1	1	1	1	1	1	1
OG0010454	1	1	1	1	1	1	1	1	1	1	1	1	1	1	1	1	1
OG0010455	1	1	1	1	1	1	1	1	1	1	1	1	1	1	1	1	1
OG0010456	1	1	1	1	1	1	1	1	1	1	1	1	1	1	1	1	1
OG0010457	1	2	1	1	1	1	1	1	1	1	1	1	1	1	1	1	1
OG0010458	1	1	1	1	1	1	1	1	1	1	1	1	1	1	1	1	1
OG0010459	1	1	1	1	1	1	1	1	1	1	1	1	1	1	1	1	1
OG0010460	1	2	1	1	1	1	1	1	1	1	1	1	1	1	1	1	1
OG0010461	2	10	1	0	0	0	1	0	0	1	1	1	1	1	1	1	0
OG0010462	1	1	1	1	1	1	1	1	1	1	1	1	1	1	1	1	1
OG0010463	1	1	1	1	1	1	1	1	1	1	1	1	1	1	1	1	1
OG0010464	1	1	1	1	1	1	1	1	1	1	1	1	1	1	1	1	1
OG0010465	1	1	2	1	1	1	0	1	1	1	1	1	1	1	1	1	1
OG0010466	1	1	1	1	1	1	1	1	1	1	1	1	1	1	1	1	1
OG0010467	1	1	1	1	1	1	1	1	1	1	1	1	1	1	1	1	1
OG0010468	1	1	1	1	1	1	1	1	1	1	1	1	1	1	1	1	1
OG0010469	2	1	1	1	1	1	1	1	1	1	1	1	1	1	1	1	1
OG0010470	1	1	1	1	1	1	1	1	1	1	1	1	1	1	1	1	1
OG0010471	1	1	1	1	1	1	1	1	1	1	1	1	1	1	1	1	1
OG0010472	2	2	0	1	1	1	1	1	1	1	1	1	1	1	1	1	1
OG0010473	1	1	1	1	1	1	1	1	1	1	1	1	1	1	1	1	1
OG0010474	2	1	1	1	1	1	1	1	1	1	1	1	1	1	1	1	1
OG0010476	3	1	1	1	1	0	1	1	1	1	1	1	1	1	1	1	1
OG0010477	1	1	1	1	1	1	1	1	1	1	1	1	1	1	1	1	1
OG0010478	1	1	1	0	1	2	1	1	0	1	1	1	1	1	1	1	1
OG0010479	1	1	1	1	1	1	2	1	1	1	1	1	1	1	1	1	1
OG0010480	1	1	1	1	1	2	0	1	1	1	1	1	1	1	1	1	1
OG0010481	1	1	1	1	1	1	1	1	1	1	1	1	1	1	1	1	1
OG0010482	1	1	1	1	1	1	1	1	1	1	1	1	1	1	1	1	1
OG0010483	2	1	1	1	1	1	1	1	0	1	1	1	1	1	1	1	1
OG0010484	1	2	1	1	1	1	1	1	1	1	1	1	1	1	1	1	1
OG0010485	1	2	1	1	1	1	1	1	1	1	1	1	1	1	1	1	1
OG0010486	1	2	1	1	1	1	1	1	1	1	1	1	1	1	1	1	1
OG0010487	2	1	1	1	1	1	0	1	1	1	1	1	1	1	1	1	1
OG0010488	1	1	1	2	1	1	1	1	1	1	1	1	1	1	1	1	1
OG0010489	1	1	1	1	1	1	1	1	1	1	1	1	1	1	1	1	1
OG0010490	1	1	2	0	1	1	1	1	1	1	1	1	1	1	1	1	1
OG0010491	1	2	1	0	1	1	1	1	1	1	1	1	1	1	1	1	1
OG0010492	1	1	1	1	1	1	1	1	1	1	1	1	1	1	1	1	1
OG0010493	1	2	1	1	1	1	1	1	1	1	1	1	1	1	1	1	1
OG0010494	1	2	1	1	1	1	0	1	1	1	1	1	1	1	1	1	1
OG0010495	2	1	1	1	1	1	1	1	1	1	1	1	1	1	1	1	1
OG0010496	1	1	1	1	1	1	1	1	1	1	1	1	1	1	1	1	1
OG0010497	1	1	1	1	1	1	1	1	1	1	1	1	1	1	1	1	1
OG0010498	1	1	1	1	1	1	1	1	1	1	1	1	1	1	1	1	1
OG0010499	1	1	1	1	1	1	1	1	1	1	1	1	1	1	1	1	1
OG0010500	1	1	1	1	1	1	1	1	1	1	1	1	1	1	1	1	1
OG0010501	1	2	1	1	1	1	0	1	1	1	1	1	1	1	1	1	1
OG0010502	1	1	1	1	1	1	1	1	1	1	1	1	1	1	1	1	1
OG0010503	1	1	1	1	1	1	1	1	1	1	1	1	1	1	1	1	1
OG0010504	1	2	1	1	1	1	1	1	1	1	1	1	1	1	1	1	1
OG0010505	1	1	1	1	1	1	1	1	2	1	1	1	1	1	1	1	1
OG0010506	1	1	1	1	1	1	1	1	1	1	1	1	1	1	1	1	1
OG0010507	1	1	1	1	1	1	1	1	1	1	1	1	1	1	1	1	1
OG0010508	1	1	1	1	1	1	1	1	1	1	1	1	1	1	1	1	1
OG0010509	3	1	1	1	1	1	1	1	1	1	1	1	1	1	1	1	1
OG0010510	1	1	1	1	1	1	1	1	1	1	1	1	1	1	1	1	1
OG0010511	1	1	1	1	1	1	1	1	1	1	1	1	1	1	1	1	1
OG0010512	1	1	1	1	1	1	1	1	1	1	1	1	1	1	1	1	1
OG0010513	1	1	1	1	1	1	1	1	1	1	1	1	1	1	1	1	1
OG0010514	1	1	1	1	1	1	1	1	1	1	1	1	1	1	1	1	1
OG0010515	1	1	1	1	1	1	1	1	1	1	1	1	1	1	1	1	1
OG0010516	1	1	1	1	1	1	1	1	1	1	1	1	1	1	1	1	1
OG0010517	1	2	1	0	1	1	1	1	1	1	1	1	1	1	1	1	1
OG0010518	1	2	1	0	1	1	1	1	1	1	1	1	1	1	1	1	1
OG0010519	1	1	1	1	1	1	1	1	1	1	1	1	1	1	1	1	1
OG0010520	2	1	2	1	1	1	1	0	1	1	1	1	1	1	1	1	1
OG0010521	1	1	1	1	1	1	1	1	1	1	1	1	1	1	1	1	1
OG0010522	1	1	1	1	1	1	1	1	1	1	1	1	1	1	1	1	1
OG0010523	2	1	1	1	1	1	1	1	1	1	1	1	1	1	1	1	1
OG0010524	1	2	1	0	1	1	1	1	1	1	1	1	1	1	1	1	1
OG0010525	1	1	1	1	1	1	1	1	1	1	1	1	1	1	1	1	1
OG0010526	1	3	1	1	1	1	1	1	0	1	1	1	1	1	1	1	1
OG0010527	1	1	1	1	1	1	1	1	1	1	1	1	1	1	1	1	1
OG0010528	1	1	1	1	1	1	1	1	1	1	1	1	1	1	1	1	1
OG0010529	1	1	1	1	1	1	1	1	1	1	1	1	1	1	1	1	1
OG0010530	2	1	1	1	1	1	1	1	1	1	1	1	1	1	1	1	1
OG0010531	1	1	2	1	2	1	1	1	0	1	1	1	1	1	1	1	1
OG0010532	1	1	1	1	1	1	1	1	1	1	1	1	1	1	1	1	1
OG0010533	1	2	1	0	1	1	1	1	1	1	1	1	1	1	1	1	1
OG0010534	1	1	1	1	1	1	1	1	1	1	1	1	1	1	1	1	1
OG0010535	1	2	1	1	1	1	1	1	1	1	1	1	1	1	1	1	1
OG0010536	1	2	1	1	1	1	1	1	0	1	1	1	1	1	1	1	1
OG0010537	1	1	1	1	1	1	1	1	1	1	1	1	1	1	1	1	1
OG0010538	2	1	1	1	1	1	1	1	0	1	1	1	1	1	1	1	1
OG0010539	1	1	1	1	1	1	1	1	1	1	1	1	1	1	1	1	1
OG0010540	1	1	1	2	1	1	1	1	1	1	1	1	1	1	1	1	1
OG0010541	1	1	1	1	1	1	1	1	1	1	1	1	1	1	1	1	1
OG0010542	1	1	1	2	1	1	1	1	1	1	1	1	1	1	1	1	1
OG0010543	1	1	1	1	1	1	1	1	1	1	1	1	1	1	1	1	1
OG0010544	1	1	1	1	1	1	1	1	1	1	1	1	1	1	1	1	1
OG0010545	1	1	1	1	1	1	1	1	1	1	1	1	1	1	1	1	1
OG0010546	1	1	1	1	1	1	1	1	1	1	1	1	1	1	1	1	1
OG0010547	1	1	1	1	1	1	1	1	1	1	1	1	1	1	1	1	1
OG0010548	1	1	1	1	1	1	1	1	1	1	1	1	1	1	1	1	1
OG0010549	1	1	1	1	1	1	1	1	1	1	1	1	1	1	1	1	1
OG0010550	1	1	1	1	1	1	1	1	1	1	1	1	1	1	1	1	1
OG0010551	1	1	1	1	1	1	1	1	1	1	1	1	1	1	1	1	1
OG0010552	1	1	1	2	1	1	1	1	1	1	1	1	1	1	1	1	1
OG0010553	1	1	1	1	2	1	0	1	1	1	1	1	1	1	1	1	1
OG0010554	1	1	1	1	1	1	1	1	1	1	1	1	1	1	1	1	1
OG0010555	1	1	1	1	1	1	1	1	1	1	1	1	1	1	1	1	1
OG0010556	1	1	1	1	1	1	1	1	1	1	1	1	1	1	1	1	1
OG0010557	1	1	1	1	1	1	1	1	1	1	1	1	1	1	1	1	1
OG0010558	1	1	1	1	1	1	1	1	1	1	1	1	1	1	1	1	1
OG0010559	1	1	1	1	1	1	1	1	1	1	1	1	1	1	1	1	1
OG0010560	1	1	1	1	1	1	1	1	1	1	1	1	1	1	1	1	1
OG0010561	1	1	1	1	1	1	1	1	1	1	1	1	1	1	1	1	1
OG0010562	1	1	1	1	1	1	1	1	1	1	1	1	1	1	1	1	1
OG0010563	1	1	1	1	1	1	1	1	1	1	1	1	1	1	1	1	1
OG0010564	1	1	1	1	1	1	1	1	1	1	1	1	1	1	1	1	1
OG0010565	1	1	1	1	1	1	1	1	1	1	1	1	1	1	1	1	1
OG0010566	1	1	1	1	1	1	1	1	1	1	1	1	1	1	1	1	1
OG0010567	1	1	1	1	1	1	1	1	1	1	1	1	1	1	1	1	1
OG0010568	1	2	1	0	1	1	1	1	1	1	1	1	1	1	1	1	1
OG0010569	1	1	1	1	1	1	1	1	1	1	1	1	1	1	1	1	1
OG0010570	1	1	1	1	1	1	1	1	1	1	1	1	1	1	1	1	1
OG0010571	1	1	1	1	1	1	1	1	1	1	1	1	1	1	1	1	1
OG0010572	1	1	1	1	1	1	1	1	1	1	1	1	1	1	1	1	1
OG0010573	1	1	1	1	1	1	1	1	1	1	1	1	1	1	1	1	1
OG0010574	1	1	1	1	1	1	1	1	1	1	1	1	1	1	1	1	1
OG0010575	1	1	1	1	1	1	1	1	1	1	1	1	1	1	1	1	1
OG0010576	1	1	1	2	1	1	1	1	0	1	1	1	1	1	1	1	1
OG0010577	1	1	1	1	1	1	1	1	1	1	1	1	1	1	1	1	1
OG0010578	1	1	1	1	1	1	1	1	1	1	1	1	1	1	1	1	1
OG0010579	1	1	1	1	1	1	1	1	1	1	1	1	1	1	1	1	1
OG0010580	1	1	1	1	1	1	1	1	1	1	1	1	1	1	1	1	1
OG0010581	1	1	1	1	1	1	1	1	1	1	1	1	1	1	1	1	1
OG0010582	1	1	1	1	1	1	1	1	1	1	1	1	1	1	1	1	1
OG0010583	1	1	1	1	1	1	1	1	1	1	1	1	1	1	1	1	1
OG0010584	1	1	1	1	1	1	1	1	1	1	1	1	1	1	1	1	1
OG0010585	1	1	1	1	1	1	1	1	1	1	1	1	1	1	1	1	1
OG0010586	1	1	1	1	1	1	1	1	1	1	1	1	1	1	1	1	1
OG0010587	1	1	2	0	1	1	1	1	1	1	1	1	1	1	1	1	1
OG0010588	1	2	1	1	1	1	1	1	1	1	1	1	1	1	1	1	1
OG0010589	2	1	1	1	1	1	1	1	0	1	1	1	1	1	1	1	1
OG0010590	1	2	1	1	1	1	1	1	0	1	1	1	1	1	1	1	1
OG0010591	1	1	1	0	1	1	1	1	1	1	1	1	1	1	1	1	1
OG0010592	1	1	1	1	1	1	1	1	1	1	1	1	1	1	1	1	1
OG0010593	1	1	1	1	1	1	1	1	1	1	1	1	1	1	1	1	1
OG0010594	1	1	1	1	1	1	1	1	1	1	1	1	1	1	1	1	1
OG0010595	1	1	1	1	1	1	1	1	1	1	1	1	1	1	1	1	1
OG0010596	1	1	1	1	1	1	1	1	1	1	1	1	1	1	1	1	1
OG0010597	1	2	1	0	1	1	1	1	1	1	1	1	1	1	1	1	1
OG0010598	1	1	1	1	1	1	1	1	1	1	1	1	1	1	1	1	1
OG0010599	1	1	1	1	1	1	1	1	1	1	1	1	1	1	1	1	1
OG0010600	1	1	1	1	1	1	1	1	1	1	1	1	1	1	1	1	1
OG0010601	1	1	1	2	1	1	1	1	0	1	1	1	1	1	1	1	1
OG0010602	1	2	1	1	1	1	0	1	1	1	1	1	1	1	1	1	1
OG0010603	2	1	1	1	1	1	1	1	1	1	1	1	1	1	1	1	1
OG0010604	1	4	2	1	2	0	1	1	0	1	1	2	1	1	1	1	1
OG0010605	1	1	1	1	1	1	1	1	1	1	1	1	1	1	1	1	1
OG0010606	2	1	1	1	1	1	1	1	0	1	1	1	1	1	1	1	1
OG0010607	1	1	1	1	1	1	1	1	1	1	1	1	1	1	1	1	1
OG0010608	1	2	1	0	1	1	1	1	1	1	1	1	1	1	1	1	1
OG0010609	1	1	1	1	1	1	1	1	1	1	1	1	1	1	1	1	1
OG0010610	1	1	1	1	1	1	1	1	1	1	1	1	1	1	1	1	1
OG0010611	1	1	1	1	1	1	1	1	1	1	1	1	1	1	1	1	1
OG0010612	1	2	1	1	1	1	1	1	0	1	1	1	1	1	1	1	1
OG0010613	1	2	1	1	1	1	1	1	0	1	1	1	1	1	1	1	1
OG0010614	1	2	1	1	1	1	1	1	1	1	1	1	1	1	1	1	1
OG0010615	3	1	1	1	1	0	1	1	1	1	1	1	1	1	1	1	1
OG0010616	1	1	1	1	1	1	1	1	1	1	1	1	1	1	1	1	1
OG0010617	1	1	1	1	1	1	1	1	1	1	1	1	1	1	1	1	1
OG0010618	1	1	1	1	1	1	1	1	1	1	1	1	1	1	1	1	1
OG0010619	1	1	1	2	1	1	1	1	1	1	1	1	1	1	1	1	1
OG0010620	1	1	1	1	1	1	1	1	1	1	1	1	1	1	1	1	1
OG0010621	1	2	1	1	1	1	1	1	1	1	1	1	1	1	1	1	1
OG0010622	1	2	1	1	0	1	1	1	1	1	1	1	1	1	1	1	1
OG0010623	1	1	1	1	1	1	1	1	1	1	1	1	1	1	1	1	1
OG0010624	1	1	1	1	1	1	1	1	1	1	1	1	1	1	1	1	1
OG0010625	1	1	1	1	1	1	1	1	1	1	1	1	1	1	1	1	1
OG0010626	1	1	1	1	1	1	1	1	1	1	1	1	1	1	1	1	1
OG0010627	1	1	1	1	1	1	1	1	1	1	1	1	1	1	1	1	1
OG0010628	1	1	1	1	1	1	1	1	1	1	1	1	1	1	1	1	1
OG0010629	3	1	1	1	1	1	1	1	1	1	1	1	1	1	1	1	1
OG0010630	1	1	1	1	1	1	1	1	1	1	1	1	1	1	1	1	1
OG0010631	2	2	1	2	2	1	1	0	0	2	2	2	2	2	1	1	0
OG0010632	1	1	1	1	1	1	1	1	1	1	1	1	1	1	1	1	1
OG0010633	1	1	1	1	1	1	1	1	1	1	1	1	1	1	1	1	1
OG0010634	1	1	1	1	1	1	1	1	1	1	1	1	1	1	1	1	1
OG0010635	1	1	1	1	1	1	1	1	1	1	1	1	1	1	1	1	1
OG0010636	2	1	1	1	1	1	1	1	1	1	1	1	1	1	1	1	1
OG0010637	2	1	1	0	1	1	1	1	1	1	1	1	1	1	1	1	1
OG0010638	1	1	1	1	1	1	1	1	1	1	1	1	1	1	1	1	1
OG0010639	1	3	1	1	1	1	1	1	1	1	1	1	1	1	1	1	1
OG0010640	1	1	1	1	1	1	1	1	0	1	1	1	1	1	1	1	1
OG0010641	1	1	1	1	1	1	1	1	1	1	1	1	1	1	1	1	1
OG0010642	2	2	1	1	1	1	1	1	0	1	1	1	1	1	1	1	1
OG0010643	2	1	1	1	1	1	1	1	1	1	1	1	1	1	1	1	1
OG0010644	2	2	1	0	1	1	1	1	0	1	1	1	1	1	1	1	1
OG0010645	1	1	1	1	1	1	1	1	1	1	1	1	1	1	1	1	1
OG0010646	2	1	1	1	1	1	1	1	1	1	1	1	1	1	1	1	1
OG0010647	1	1	1	2	1	1	1	1	0	1	1	1	1	1	1	1	1
OG0010648	1	1	1	1	1	1	1	1	1	1	1	1	1	1	1	1	1
OG0010649	2	2	1	0	1	1	0	1	1	1	1	1	1	1	1	1	1
OG0010650	1	1	1	1	1	1	1	1	1	1	1	1	1	1	1	1	1
OG0010651	1	1	1	1	1	1	1	1	1	1	1	1	1	1	1	1	1
OG0010652	1	1	1	1	1	1	1	1	1	1	1	1	1	1	1	1	1
OG0010653	1	1	1	1	1	1	1	1	1	1	1	1	1	1	1	1	1
OG0010655	1	1	1	1	1	1	1	1	1	1	1	1	1	1	1	1	1
OG0010656	1	2	1	1	1	1	1	1	0	1	1	1	1	1	1	1	1
OG0010657	1	2	1	1	1	1	1	1	1	1	1	1	1	1	1	1	1
OG0010658	1	1	1	1	1	1	1	1	1	1	1	1	1	1	1	1	1
OG0010659	1	2	1	1	1	1	0	1	1	1	1	1	1	1	1	1	1
OG0010660	1	1	1	1	1	1	1	1	1	1	1	1	1	1	1	1	1
OG0010661	1	2	1	1	1	1	1	1	0	1	1	1	1	1	1	1	1
OG0010662	1	1	1	1	1	1	1	1	1	1	1	1	1	1	1	1	1
OG0010663	1	1	1	1	1	1	1	1	1	1	1	1	1	1	1	1	1
OG0010664	2	1	1	1	1	1	1	1	1	1	1	1	1	1	1	1	1
OG0010665	1	1	2	0	1	1	1	1	1	1	1	1	1	1	1	1	1
OG0010666	1	2	1	1	1	1	1	1	1	1	1	1	1	1	1	1	1
OG0010667	1	1	1	1	1	1	1	1	1	1	1	1	1	1	1	1	1
OG0010668	1	1	1	1	1	1	1	1	1	1	1	1	1	1	1	1	1
OG0010669	1	1	1	1	1	1	1	1	1	1	1	1	1	1	1	1	1
OG0010670	1	1	1	1	1	1	1	1	1	1	1	1	1	1	1	1	1
OG0010671	1	1	1	1	1	1	1	1	1	1	1	1	1	1	1	1	1
OG0010672	1	1	1	1	1	1	1	1	1	1	1	1	1	1	1	1	1
OG0010673	2	2	1	0	1	1	1	1	0	1	1	1	1	1	1	1	1
OG0010674	1	1	1	1	1	1	1	1	1	1	1	1	1	1	1	1	1
OG0010675	1	1	1	1	1	1	1	1	1	1	1	1	1	1	1	1	1
OG0010676	1	1	1	1	1	1	1	1	1	1	1	1	1	1	1	1	1
OG0010677	2	1	1	1	1	1	1	1	1	1	1	1	1	1	1	1	1
OG0010678	2	2	1	1	1	1	1	0	1	1	1	1	1	1	1	1	1
OG0010679	1	1	2	1	1	1	1	1	0	1	1	1	1	1	1	1	1
OG0010680	2	1	1	0	1	1	1	1	1	1	1	1	1	1	1	1	1
OG0010681	1	1	1	1	1	1	1	1	1	1	1	1	1	1	1	1	1
OG0010682	1	1	1	1	1	1	1	1	1	1	1	1	1	1	1	1	1
OG0010683	2	1	2	2	1	0	1	1	1	2	2	2	2	1	1	1	1
OG0010684	1	1	1	1	1	1	1	1	1	1	1	1	1	1	1	1	1
OG0010685	1	1	1	1	1	1	1	1	1	1	1	1	1	1	1	1	1
OG0010686	1	1	1	1	1	1	1	1	1	1	1	1	1	1	1	1	1
OG0010687	1	1	1	2	1	1	1	1	1	1	1	1	1	1	1	1	1
OG0010688	2	1	1	0	1	1	1	1	1	1	1	1	1	1	1	1	1
OG0010689	1	2	1	0	1	1	1	1	1	1	1	1	1	1	1	1	1
OG0010690	1	1	1	1	1	1	1	1	1	1	1	1	1	1	1	1	1
OG0010691	1	1	1	1	1	1	1	1	1	1	1	1	1	1	1	1	1
OG0010692	1	1	1	1	1	1	1	1	0	1	1	1	1	1	1	1	1
OG0010693	1	2	1	1	1	1	1	1	1	1	1	1	1	1	1	1	1
OG0010694	1	1	1	2	1	1	1	1	1	1	1	1	1	1	1	1	1
OG0010695	1	1	1	1	1	1	1	1	1	1	1	1	1	1	1	1	1
OG0010696	1	2	1	0	1	1	1	1	1	1	1	1	1	1	1	1	1
OG0010697	1	1	1	1	1	1	1	1	1	1	1	1	1	1	1	1	1
OG0010698	2	1	1	1	1	1	1	1	1	1	1	1	1	1	1	1	1
OG0010699	1	1	1	1	1	1	1	1	1	1	1	1	1	1	1	1	1
OG0010700	1	1	1	1	1	1	1	1	1	1	1	1	1	1	1	1	1
OG0010701	1	2	1	1	1	1	0	1	1	1	1	1	1	1	1	1	1
OG0010702	1	1	1	1	1	1	1	1	1	1	1	1	1	1	1	1	1
OG0010703	2	1	1	1	1	1	1	1	1	1	1	1	1	1	1	1	1
OG0010704	1	2	1	1	1	1	1	1	0	1	1	1	1	1	1	1	1
OG0010705	1	1	1	1	1	1	1	1	1	1	1	1	1	1	1	1	1
OG0010706	1	2	1	1	1	1	1	1	1	1	1	1	1	1	1	1	1
OG0010707	1	1	1	1	1	1	1	1	1	1	1	1	1	1	1	1	1
OG0010708	1	3	1	0	1	1	1	1	1	1	1	1	1	1	1	1	1
OG0010709	1	1	1	1	1	1	1	1	1	1	1	1	1	1	1	1	1
OG0010710	1	2	1	1	1	1	1	1	1	1	1	1	1	1	1	1	1
OG0010711	1	1	1	1	1	1	1	1	1	1	1	1	1	1	1	1	1
OG0010712	1	1	1	1	1	1	1	1	1	1	1	1	1	1	1	1	1
OG0010713	1	2	1	1	1	1	1	1	0	1	1	1	1	1	1	1	1
OG0010714	2	1	1	1	2	1	0	1	1	1	1	1	1	1	1	1	1
OG0010715	1	1	1	1	1	1	1	1	1	1	1	1	1	1	1	1	1
OG0010716	1	2	1	1	1	1	1	1	1	1	1	1	1	1	1	1	1
OG0010717	1	1	1	1	1	1	1	1	1	1	1	1	1	1	1	1	1
OG0010718	1	1	1	1	1	1	1	1	1	1	1	1	1	1	1	1	1
OG0010719	1	1	1	1	1	1	1	1	1	1	1	1	1	1	1	1	1
OG0010720	1	1	1	1	1	1	1	1	1	1	1	1	1	1	1	1	1
OG0010721	1	1	1	1	1	1	1	1	1	1	1	1	1	1	1	1	1
OG0010722	1	1	1	1	2	1	1	1	1	1	1	1	1	1	1	1	1
OG0010723	1	1	1	1	1	1	1	1	1	1	1	1	1	1	1	1	1
OG0010724	1	2	1	1	1	1	1	1	1	1	1	1	1	1	1	1	1
OG0010725	1	3	1	2	1	1	1	0	1	1	1	1	1	1	1	1	1
OG0010726	1	1	1	1	1	0	2	1	2	1	1	1	1	1	1	2	2
OG0010727	1	1	2	2	2	1	1	1	0	1	2	2	2	2	1	1	1
OG0010728	1	1	1	1	1	1	1	1	1	1	1	1	1	1	1	1	1
OG0010729	1	1	1	1	1	1	1	1	1	1	1	1	1	1	1	1	1
OG0010730	2	1	1	1	1	1	1	1	1	1	1	1	1	1	1	1	1
OG0010731	1	1	1	1	1	1	1	1	1	1	1	1	1	1	1	1	1
OG0010732	1	1	1	1	1	1	1	1	1	1	1	1	1	1	1	1	1
OG0010733	1	1	1	1	1	1	1	1	1	1	1	1	1	1	1	1	1
OG0010734	1	1	1	1	1	1	1	1	1	1	1	1	1	1	1	1	1
OG0010735	1	1	1	2	1	1	1	1	0	1	1	1	1	1	1	1	1
OG0010736	1	1	1	1	1	1	1	1	1	1	1	1	1	1	1	1	1
OG0010737	1	1	1	1	1	1	1	1	1	1	1	1	1	1	1	1	1
OG0010738	1	1	1	1	1	1	1	1	1	1	1	1	1	1	1	1	1
OG0010739	1	1	1	1	1	1	1	1	1	1	1	1	1	1	1	1	1
OG0010740	1	1	1	1	1	1	1	1	1	1	1	1	1	1	1	1	1
OG0010741	1	1	1	1	1	1	1	1	1	1	1	1	1	1	1	1	1
OG0010742	1	1	1	1	1	1	1	1	1	1	1	1	1	1	1	1	1
OG0010743	1	1	1	1	1	1	1	1	1	1	1	1	1	1	1	1	1
OG0010744	1	1	1	1	1	1	1	1	1	1	1	1	1	1	1	1	1
OG0010745	1	1	1	1	1	1	1	1	1	1	1	1	1	1	1	1	1
OG0010746	2	1	1	1	1	1	1	1	0	1	1	1	1	1	1	1	1
OG0010747	1	1	1	1	1	1	1	1	1	1	1	1	1	1	1	1	1
OG0010748	1	1	1	1	1	1	1	1	1	1	1	1	1	1	1	1	1
OG0010749	1	2	1	1	1	1	1	1	1	1	1	1	1	1	1	1	1
OG0010750	1	1	1	1	1	1	1	1	1	1	1	1	1	1	1	1	1
OG0010751	1	2	1	1	1	1	1	1	1	1	1	1	1	1	1	1	1
OG0010752	1	1	1	1	1	1	1	1	1	1	1	1	1	1	1	1	1
OG0010753	2	2	1	1	1	1	1	1	0	1	1	1	1	1	1	1	1
OG0010754	1	1	1	2	1	1	1	1	1	1	1	1	1	1	1	1	1
OG0010755	1	1	1	1	1	1	1	1	1	1	1	1	1	1	1	1	1
OG0010756	1	1	1	1	1	1	1	1	1	1	1	1	1	1	1	1	1
OG0010757	1	2	1	0	1	1	1	1	1	1	1	1	1	1	1	1	1
OG0010758	1	1	1	1	1	1	1	1	1	1	1	1	1	1	1	1	1
OG0010759	1	1	1	1	1	1	1	1	1	1	1	1	1	1	1	1	1
OG0010760	1	1	1	1	1	1	1	1	1	1	1	1	1	1	1	1	1
OG0010761	1	1	1	1	1	1	1	1	1	1	1	1	1	1	1	1	1
OG0010762	1	1	1	1	1	1	1	1	1	1	1	1	1	1	1	1	1
OG0010763	1	0	1	1	1	2	1	1	1	1	1	1	1	1	1	1	1
OG0010764	1	1	1	1	1	1	1	1	1	1	1	1	1	1	1	1	1
OG0010765	1	1	1	1	1	1	1	1	1	1	1	1	1	1	1	1	1
OG0010766	1	1	1	1	1	1	1	1	1	1	1	1	1	1	1	1	1
OG0010767	1	1	1	1	1	1	1	1	1	1	1	1	1	1	1	1	1
OG0010768	1	1	1	1	1	1	1	1	1	1	1	1	1	1	1	1	1
OG0010769	1	1	1	1	1	1	1	1	1	1	1	1	1	1	1	1	1
OG0010770	1	1	1	1	1	1	1	1	1	1	1	1	1	1	1	1	1
OG0010771	1	1	1	1	1	1	1	1	1	1	1	1	1	1	1	1	1
OG0010772	1	1	1	1	1	1	1	1	1	1	1	1	1	1	1	1	1
OG0010773	1	1	1	1	1	1	1	1	1	1	1	1	1	1	1	1	1
OG0010774	1	1	1	1	1	1	1	1	1	1	1	1	1	1	1	1	1
OG0010775	1	2	1	0	1	1	1	1	1	1	1	1	1	1	1	1	1
OG0010776	1	1	1	1	1	1	1	1	1	1	1	1	1	1	1	1	1
OG0010777	1	1	1	1	1	1	1	1	1	1	1	1	1	1	1	1	1
OG0010778	1	1	1	1	1	1	1	1	1	1	1	1	1	1	1	1	1
OG0010779	2	1	1	0	1	1	1	1	1	1	1	1	1	1	1	1	1
OG0010780	1	0	1	0	0	0	1	2	2	1	1	1	1	1	1	1	2
OG0010781	1	2	1	1	1	1	1	1	1	1	1	1	1	1	1	1	1
OG0010782	1	1	1	1	1	1	1	1	1	1	1	1	1	1	1	1	1
OG0010783	1	2	1	0	1	1	1	1	1	1	1	1	1	1	1	1	1
OG0010784	1	1	1	1	1	1	1	1	1	1	1	1	1	1	1	1	1
OG0010785	2	3	1	1	1	0	1	1	1	1	1	1	1	1	1	1	1
OG0010786	1	1	1	1	1	1	1	1	1	1	1	1	1	1	1	1	1
OG0010787	1	2	1	2	1	1	1	1	0	1	1	1	1	1	1	1	1
OG0010788	2	1	2	1	1	1	1	1	0	1	1	1	1	1	1	1	1
OG0010789	1	0	1	2	1	1	1	1	1	1	1	1	1	1	1	1	1
OG0010790	1	3	1	2	1	1	1	0	1	1	1	1	1	1	1	1	1
OG0010791	1	1	1	1	1	1	1	1	1	1	1	1	1	1	1	1	1
OG0010792	1	2	1	0	1	1	1	1	1	1	1	1	1	1	1	1	1
OG0010793	1	1	1	1	1	1	1	1	1	1	1	1	1	1	1	1	1
OG0010794	1	1	1	1	1	1	1	1	1	1	1	1	1	1	1	1	1
OG0010795	1	1	1	1	1	1	1	1	1	1	1	1	1	1	1	1	1
OG0010796	2	2	1	1	1	1	1	1	0	1	1	1	1	1	1	1	1
OG0010797	1	1	1	0	1	1	2	1	1	1	1	1	1	1	1	1	1
OG0010798	1	1	1	1	1	1	1	1	1	1	1	1	1	1	1	1	1
OG0010799	1	2	1	1	1	1	1	1	1	1	1	1	1	1	1	1	1
OG0010800	1	1	0	1	1	2	1	1	0	1	1	1	1	1	1	1	1
OG0010801	1	1	2	1	1	1	1	1	1	1	1	1	1	1	1	1	1
OG0010802	1	1	1	1	1	1	1	1	1	1	1	1	1	1	1	1	1
OG0010803	3	2	1	1	1	0	1	1	1	1	1	1	1	1	1	1	1
OG0010804	1	2	1	1	1	1	1	1	1	1	1	1	1	1	1	1	1
OG0010805	1	1	1	1	1	1	1	1	1	1	1	1	1	1	1	1	1
OG0010806	3	2	1	1	1	0	1	1	1	1	1	1	1	1	1	1	1
OG0010807	1	1	1	1	1	1	1	1	1	1	1	1	1	1	1	1	1
OG0010808	1	1	1	1	1	1	1	1	1	1	1	1	1	1	1	1	1
OG0010809	1	2	1	1	1	1	1	1	1	1	1	1	1	1	1	1	1
OG0010810	1	1	1	1	1	1	1	1	1	1	1	1	1	1	1	1	1
OG0010811	1	1	2	1	1	1	1	1	1	1	1	1	1	1	1	1	1
OG0010812	1	1	1	1	1	1	1	1	1	1	1	1	1	1	1	1	1
OG0010813	1	1	1	1	1	1	1	1	1	1	1	1	1	1	1	1	1
OG0010814	1	1	1	1	1	1	1	1	1	1	1	1	1	1	1	1	1
OG0010815	2	1	1	0	1	1	1	1	1	1	1	1	1	1	1	1	1
OG0010816	1	1	2	1	1	1	1	1	1	1	1	1	1	1	1	1	1
OG0010817	2	1	1	1	1	1	1	1	1	1	1	1	1	1	1	1	1
OG0010818	1	1	1	1	1	1	1	1	1	1	1	1	1	1	1	1	1
OG0010819	1	1	1	1	1	1	1	1	1	1	1	1	1	1	1	1	1
OG0010820	1	1	1	1	1	1	1	1	2	1	1	1	1	1	1	1	1
OG0010821	2	0	1	1	1	1	1	1	1	1	1	1	1	1	1	1	1
OG0010822	1	1	1	1	1	1	1	1	1	1	1	1	1	1	1	1	1
OG0010823	1	1	1	1	1	1	1	1	1	1	1	1	1	1	1	1	1
OG0010824	1	1	1	1	1	1	1	1	1	1	1	1	1	1	1	1	1
OG0010825	2	2	1	0	1	1	1	1	1	1	1	1	1	1	1	1	1
OG0010826	1	1	1	1	1	1	1	1	1	1	1	1	1	1	1	1	1
OG0010827	1	1	1	1	1	1	1	1	1	1	1	1	1	1	1	1	1
OG0010828	1	1	1	1	1	1	1	1	1	1	1	1	1	1	1	1	1
OG0010829	1	1	1	1	1	1	1	1	1	1	1	1	1	1	1	1	1
OG0010830	1	2	1	1	1	1	1	1	0	1	1	1	1	1	1	1	1
OG0010831	1	1	1	1	1	1	1	1	1	1	1	1	1	1	1	1	1
OG0010832	1	1	1	1	1	1	1	1	1	1	1	1	1	1	1	1	1
OG0010833	1	1	1	1	1	1	1	1	1	1	1	1	1	1	1	1	1
OG0010834	1	1	1	1	1	1	1	1	1	1	1	1	1	1	1	1	1
OG0010835	1	1	1	1	1	1	1	1	1	1	1	1	1	1	1	1	1
OG0010836	1	2	1	1	1	1	1	1	1	1	1	1	1	1	1	1	1
OG0010837	1	1	1	1	1	1	1	1	1	1	1	1	1	1	1	1	1
OG0010838	1	1	1	1	1	1	1	1	1	1	1	1	1	1	1	1	1
OG0010839	2	2	1	2	1	1	0	1	0	2	2	2	2	1	1	1	1
OG0010840	1	1	1	1	1	1	1	1	1	1	1	1	1	1	1	1	1
OG0010841	2	1	1	0	1	1	1	1	1	1	1	1	1	1	1	1	1
OG0010842	3	0	1	1	1	1	1	1	0	1	1	1	1	1	1	1	1
OG0010843	1	1	1	1	1	1	1	1	1	1	1	1	1	1	1	1	1
OG0010844	1	1	1	1	1	1	1	1	1	1	1	1	1	1	1	1	1
OG0010845	1	1	1	1	1	1	0	1	2	1	1	1	1	1	1	1	1
OG0010846	1	1	1	1	1	1	1	1	1	1	1	1	1	1	1	1	1
OG0010847	2	2	1	0	1	1	1	1	1	1	1	1	1	1	1	1	1
OG0010848	1	2	1	1	1	1	1	1	0	1	1	1	1	1	1	1	1
OG0010849	1	2	1	1	1	1	1	1	1	1	1	1	1	1	1	1	1
OG0010850	1	2	1	1	1	1	1	1	1	1	1	1	1	1	1	1	1
OG0010851	1	2	1	1	1	1	1	1	1	1	1	1	1	1	1	1	1
OG0010852	1	1	1	0	1	1	2	1	1	1	1	1	1	1	1	1	1
OG0010853	2	1	1	0	1	1	1	1	1	1	1	1	1	1	1	1	1
OG0010854	1	1	1	1	1	1	1	1	1	1	1	1	1	1	1	1	1
OG0010855	2	1	1	1	1	1	1	1	1	1	1	1	1	1	1	1	1
OG0010856	1	1	1	1	1	1	1	1	1	1	1	1	1	1	1	1	1
OG0010857	1	1	1	1	1	1	1	1	1	1	1	1	1	1	1	1	1
OG0010858	2	2	1	1	2	1	1	0	1	1	1	1	1	1	1	1	1
OG0010859	1	2	1	0	1	1	1	1	1	1	1	1	1	1	1	1	1
OG0010860	1	1	1	1	1	1	1	1	1	1	1	1	1	1	1	1	1
OG0010861	1	1	1	1	1	1	1	1	1	1	1	1	1	1	1	1	1
OG0010862	1	1	1	1	1	1	1	1	1	1	1	1	1	1	1	1	1
OG0010863	2	1	1	1	1	1	1	1	0	1	1	1	1	1	1	1	1
OG0010864	1	1	1	1	1	1	1	1	1	1	1	1	1	1	1	1	1
OG0010865	1	1	1	1	1	1	1	1	1	1	1	1	1	1	1	1	1
OG0010866	1	1	2	1	1	1	1	1	1	1	1	1	1	1	1	1	1
OG0010867	1	1	1	1	1	1	1	1	1	1	1	1	1	1	1	1	1
OG0010868	1	1	1	1	1	1	1	1	1	1	1	1	1	1	1	1	1
OG0010869	1	1	1	1	1	1	1	1	1	1	1	1	1	1	1	1	1
OG0010870	1	1	1	1	1	1	1	1	1	1	1	1	1	1	1	1	1
OG0010871	1	1	1	1	1	1	1	1	1	1	1	1	1	1	1	1	1
OG0010872	1	1	1	1	1	1	1	1	1	1	1	1	1	1	1	1	1
OG0010873	1	1	1	1	1	1	1	1	1	1	1	1	1	1	1	1	1
OG0010874	1	1	1	1	1	1	1	1	1	1	1	1	1	1	1	1	1
OG0010875	1	2	1	1	1	1	0	1	1	1	1	1	1	1	1	1	1
OG0010876	1	1	1	1	1	1	1	1	1	1	1	1	1	1	1	1	1
OG0010877	2	1	1	1	1	1	1	1	1	1	1	1	1	1	1	1	1
OG0010878	1	1	1	1	1	1	1	1	1	1	1	1	1	1	1	1	1
OG0010879	1	1	1	1	1	1	1	1	1	1	1	1	1	1	1	1	1
OG0010880	1	1	1	1	2	1	1	1	1	1	1	1	1	1	1	1	1
OG0010881	1	1	1	1	1	1	1	1	1	1	1	1	1	1	1	1	1
OG0010882	1	0	1	1	3	1	1	1	0	1	1	1	1	1	1	1	1
OG0010883	1	2	1	1	1	1	1	1	1	1	1	1	1	1	1	1	1
OG0010884	2	1	1	1	1	1	1	1	1	1	1	1	1	1	1	1	1
OG0010885	2	1	1	1	0	1	1	1	1	1	1	1	1	1	1	1	1
OG0010886	1	1	1	1	2	1	1	1	0	1	1	1	1	1	1	1	1
OG0010887	1	1	1	1	1	1	1	1	1	1	1	1	1	1	1	1	1
OG0010888	2	1	1	1	1	1	1	1	1	1	1	1	1	1	1	1	1
OG0010889	1	1	1	1	1	1	1	1	1	1	1	1	1	1	1	1	1
OG0010890	2	1	1	1	1	1	1	1	0	1	1	1	1	1	1	1	1
OG0010891	1	1	1	1	1	1	1	1	1	1	1	1	1	1	1	1	1
OG0010892	2	1	1	1	1	1	1	1	1	1	1	1	1	1	1	1	1
OG0010893	1	1	1	0	1	1	1	1	1	1	1	1	1	1	1	1	1
OG0010894	2	2	1	1	1	1	1	1	0	1	1	1	1	1	1	1	1
OG0010895	1	1	1	1	1	1	1	1	1	1	1	1	1	1	1	1	1
OG0010896	1	1	1	1	1	1	1	1	1	1	1	1	1	1	1	1	1
OG0010897	3	1	1	1	1	1	1	1	1	1	1	1	1	1	1	1	1
OG0010898	1	1	1	1	1	1	1	1	1	1	1	1	1	1	1	1	1
OG0010899	1	1	1	1	1	1	1	1	1	1	1	1	1	1	1	1	1
OG0010900	1	2	1	1	1	1	1	1	0	1	1	1	1	1	1	1	1
OG0010901	1	1	1	1	1	1	1	1	1	1	1	1	1	1	1	1	1
OG0010902	1	1	1	1	1	1	1	1	1	1	1	1	1	1	1	1	1
OG0010903	1	1	1	1	1	1	1	1	1	1	1	1	1	1	1	1	1
OG0010904	1	1	1	1	1	1	1	1	1	1	1	1	1	1	1	1	1
OG0010905	1	1	1	1	1	1	1	1	1	1	1	1	1	1	1	1	1
OG0010906	1	1	1	1	1	1	1	1	1	1	1	1	1	1	1	1	1
OG0010907	1	1	1	1	1	1	1	1	1	1	1	1	1	1	1	1	1
OG0010908	1	1	1	1	1	1	1	1	1	1	1	1	1	1	1	1	1
OG0010909	1	2	1	0	1	1	1	1	1	1	1	1	1	1	1	1	1
OG0010910	1	1	1	1	1	1	1	1	2	1	1	1	1	1	1	1	1
OG0010911	1	2	1	1	1	1	1	1	1	1	1	1	1	1	1	1	1
OG0010912	2	1	0	1	1	1	1	1	1	1	1	1	1	1	1	1	1
OG0010913	2	2	1	1	1	1	1	1	0	1	1	1	1	1	1	1	1
OG0010914	2	0	1	2	2	0	0	2	0	1	1	1	1	1	1	1	1
OG0010915	1	1	1	1	1	1	1	1	1	1	1	1	1	1	1	1	1
OG0010916	1	1	1	1	1	1	1	1	1	1	1	1	1	1	1	1	1
OG0010917	1	1	1	1	1	1	1	1	1	1	1	1	1	1	1	1	1
OG0010918	1	1	1	1	1	1	1	1	1	1	1	1	1	1	1	1	1
OG0010919	1	1	1	1	1	1	1	1	1	1	1	1	1	1	1	1	1
OG0010920	1	1	1	1	1	1	1	1	1	1	1	1	1	1	1	1	1
OG0010921	1	2	1	0	1	1	1	1	1	1	1	1	1	1	1	1	1
OG0010922	1	2	1	1	1	1	1	1	1	1	1	1	1	1	1	1	1
OG0010923	1	1	1	1	1	1	1	1	1	1	1	1	1	1	1	1	1
OG0010924	1	1	1	1	1	1	1	1	1	1	1	1	1	1	1	1	1
OG0010925	1	1	1	1	1	1	1	1	1	1	1	1	1	1	1	1	1
OG0010926	1	1	1	1	1	1	1	1	1	1	1	1	1	1	1	1	1
OG0010927	1	1	1	1	1	1	1	1	1	1	1	1	1	1	1	1	1
OG0010928	1	1	1	1	1	1	1	1	1	1	1	1	1	1	1	1	1
OG0010929	1	1	2	1	2	1	1	1	0	1	1	1	1	1	1	1	1
OG0010930	2	2	1	1	1	1	1	0	1	1	1	1	1	1	1	1	1
OG0010931	2	2	1	1	1	0	1	1	1	1	1	1	1	1	1	1	1
OG0010932	2	1	1	0	1	1	1	1	1	1	1	1	1	1	1	1	1
OG0010933	1	1	1	0	2	1	1	1	1	1	1	1	1	1	1	1	1
OG0010934	1	1	1	1	1	1	1	1	1	1	1	1	1	1	1	1	1
OG0010935	1	3	1	0	1	1	1	1	1	1	1	1	1	1	1	1	1
OG0010936	1	1	1	1	1	1	1	1	1	1	1	1	1	1	1	1	1
OG0010937	1	1	1	1	1	1	1	1	1	1	1	1	1	1	1	1	1
OG0010938	1	1	1	1	1	1	1	1	1	1	1	1	1	1	1	1	1
OG0010939	1	1	1	1	1	1	1	1	1	1	1	1	1	1	1	1	1
OG0010940	1	1	1	1	1	1	1	1	1	1	1	1	1	1	1	1	1
OG0010941	1	2	1	1	1	1	0	1	1	1	1	1	1	1	1	1	1
OG0010942	1	1	1	1	1	1	1	1	1	1	1	1	1	1	1	1	1
OG0010943	1	1	1	1	1	1	1	1	1	1	1	1	1	1	1	1	1
OG0010944	1	1	1	2	1	1	1	1	1	1	1	1	1	1	1	1	1
OG0010945	3	1	1	2	1	0	1	1	1	1	1	1	1	1	1	1	1
OG0010946	1	1	1	1	2	1	1	1	1	1	1	1	1	1	1	1	1
OG0010947	2	1	1	1	1	1	1	1	0	1	1	1	1	1	1	1	1
OG0010948	1	2	1	1	1	1	1	1	1	1	1	1	1	1	1	1	1
OG0010949	1	1	1	0	1	1	1	1	1	1	1	1	1	1	1	1	1
OG0010950	1	1	1	1	1	1	1	1	1	1	1	1	1	1	1	1	1
OG0010951	1	1	1	1	1	1	1	1	1	1	1	1	1	1	1	1	1
OG0010952	1	1	1	1	1	1	1	1	1	1	1	1	1	1	1	1	1
OG0010953	1	1	1	1	1	1	1	1	1	1	1	1	1	1	1	1	1
OG0010954	1	1	1	2	1	1	1	1	0	1	1	1	1	1	1	1	1
OG0010955	1	1	1	1	1	1	1	1	1	1	1	1	1	1	1	1	1
OG0010956	1	1	1	1	1	1	1	1	1	1	1	1	1	1	1	1	1
OG0010957	2	1	1	0	1	1	1	1	1	1	1	1	1	1	1	1	1
OG0010958	1	1	1	1	3	0	1	1	1	1	1	1	1	1	1	1	1
OG0010959	1	1	1	1	1	1	1	1	1	1	1	1	1	1	1	1	1
OG0010960	1	1	1	1	1	1	1	1	1	1	1	1	1	1	1	1	1
OG0010961	1	1	1	1	1	1	1	1	1	1	1	1	1	1	1	1	1
OG0010962	1	1	1	1	1	1	1	1	1	1	1	1	1	1	1	1	1
OG0010963	1	1	1	1	1	1	1	1	1	1	1	1	1	1	1	1	1
OG0010964	1	1	1	1	1	1	1	1	1	1	1	1	1	1	1	1	1
OG0010965	2	1	1	1	1	1	1	1	1	1	1	1	1	1	1	1	1
OG0010966	1	1	2	0	1	1	1	1	1	1	1	1	1	1	1	1	1
OG0010967	1	1	1	1	1	1	1	1	1	1	1	1	1	1	1	1	1
OG0010968	1	1	1	1	1	1	1	1	1	1	1	1	1	1	1	1	1
OG0010969	1	1	1	1	1	1	1	1	1	1	1	1	1	1	1	1	1
OG0010970	1	1	1	1	1	1	1	1	1	1	1	1	1	1	1	1	1
OG0010971	1	1	1	1	1	1	1	1	1	1	1	1	1	1	1	1	1
OG0010972	1	1	1	1	1	1	1	1	1	1	1	1	1	1	1	1	1
OG0010973	1	2	1	1	1	1	0	1	1	1	1	1	1	1	1	1	1
OG0010974	1	1	1	1	1	1	1	1	1	1	1	1	1	1	1	1	1
OG0010975	2	2	1	1	1	1	1	0	1	1	1	1	1	1	1	1	1
OG0010976	1	1	1	1	1	1	1	1	1	1	1	1	1	1	1	1	1
OG0010977	1	1	1	1	1	1	1	1	1	1	1	1	1	1	1	1	1
OG0010978	1	1	1	1	1	1	1	1	1	1	1	1	1	1	1	1	1
OG0010979	1	1	1	2	1	1	1	1	1	1	1	1	1	1	1	1	1
OG0010980	1	1	1	1	2	1	1	1	0	1	1	1	1	1	1	1	1
OG0010981	1	1	1	1	1	1	1	1	1	1	1	1	1	1	1	1	1
OG0010982	2	1	1	1	1	1	1	1	1	1	1	1	1	1	1	1	1
OG0010983	1	1	1	1	1	1	1	1	1	1	1	1	1	1	1	1	1
OG0010984	2	1	1	1	1	1	1	1	0	1	1	1	1	1	1	1	1
OG0010985	1	1	1	1	1	1	1	1	1	1	1	1	1	1	1	1	1
OG0010986	1	1	1	1	1	1	1	1	1	1	1	1	1	1	1	1	1
OG0010987	1	1	1	1	1	1	1	1	1	1	1	1	1	1	1	1	1
OG0010988	1	1	1	1	1	1	1	1	1	1	1	1	1	1	1	1	1
OG0010989	1	1	1	1	1	1	1	1	1	1	1	1	1	1	1	1	1
OG0010990	1	1	1	1	1	1	1	1	1	1	1	1	1	1	1	1	1
OG0010991	1	1	1	1	1	1	1	1	1	1	1	1	1	1	1	1	1
OG0010992	1	1	2	1	1	1	0	1	1	1	1	1	1	1	1	1	1
OG0010993	1	1	1	1	1	1	1	1	1	1	1	1	1	1	1	1	1
OG0010994	1	1	1	1	1	1	1	1	1	1	1	1	1	1	1	1	1
OG0010995	1	1	1	1	1	1	1	1	1	1	1	1	1	1	1	1	1
OG0010996	1	1	1	1	1	1	1	1	1	1	1	1	1	1	1	1	1
OG0010997	1	1	1	2	1	1	1	1	0	1	1	1	1	1	1	1	1
OG0010998	1	1	1	1	1	1	1	1	1	1	1	1	1	1	1	1	1
OG0010999	1	1	1	1	1	1	1	1	1	1	1	1	1	1	1	1	1
OG0011000	1	2	1	1	1	1	1	1	1	1	1	1	1	1	1	1	1
OG0011001	1	1	1	1	1	1	1	1	1	1	1	1	1	1	1	1	1
OG0011002	1	2	1	0	1	1	1	1	1	1	1	1	1	1	1	1	1
OG0011003	1	1	1	1	1	1	1	1	1	1	1	1	1	1	1	1	1
OG0011004	1	1	1	1	2	1	1	1	1	1	1	1	1	1	1	1	1
OG0011005	2	1	1	1	1	1	1	1	0	1	1	1	1	1	1	1	1
OG0011006	1	1	1	1	1	1	1	1	1	1	1	1	1	1	1	1	1
OG0011007	1	1	1	1	1	1	1	1	1	1	1	1	1	1	1	1	1
OG0011008	2	0	1	1	2	1	1	1	1	1	1	1	1	1	1	1	1
OG0011009	1	1	1	1	1	1	1	1	1	1	1	1	1	1	1	1	1
OG0011010	1	3	1	1	1	1	1	0	0	1	1	1	1	1	1	1	0
OG0011011	1	1	1	1	1	1	1	1	1	1	1	1	1	1	1	1	1
OG0011012	1	2	1	0	1	1	1	1	1	1	1	1	1	1	1	1	1
OG0011013	1	1	1	1	1	1	1	1	0	1	1	1	1	1	1	1	1
OG0011014	1	1	1	1	1	1	1	1	1	1	1	1	1	1	1	1	1
OG0011015	1	2	1	1	1	1	1	1	1	1	1	1	1	1	1	1	1
OG0011016	1	1	1	1	1	1	1	1	1	1	1	1	1	1	1	1	1
OG0011017	1	1	1	1	2	1	1	1	0	1	1	1	1	1	1	1	1
OG0011018	2	2	1	1	1	1	1	0	1	1	1	1	1	1	1	1	1
OG0011019	1	1	1	1	1	1	1	1	1	1	1	1	1	1	1	1	1
OG0011020	1	2	1	0	1	1	1	1	1	1	1	1	1	1	1	1	1
OG0011021	1	1	1	1	1	1	1	1	1	1	1	1	1	1	1	1	1
OG0011022	1	1	1	1	1	1	1	1	1	1	1	1	1	1	1	1	1
OG0011023	1	1	1	1	1	1	1	1	1	1	1	1	1	1	1	1	1
OG0011024	1	3	2	1	1	1	1	0	0	1	1	2	1	1	1	1	0
OG0011025	1	2	1	1	1	1	0	1	1	1	1	1	1	1	1	1	1
OG0011026	1	1	1	1	1	1	1	1	1	1	1	1	1	1	1	1	1
OG0011027	1	2	1	0	1	1	1	1	1	1	1	1	1	1	1	1	1
OG0011028	1	1	1	1	1	1	1	1	1	1	1	1	1	1	1	1	1
OG0011029	2	1	1	0	1	1	1	1	1	1	1	1	1	1	1	1	1
OG0011030	1	2	1	1	1	1	1	1	1	1	1	1	1	1	1	1	1
OG0011031	1	1	1	1	1	1	1	1	1	1	1	1	1	1	1	1	1
OG0011032	1	1	1	1	1	1	1	1	1	1	1	1	1	1	1	1	1
OG0011033	1	1	1	1	1	1	1	1	1	1	1	1	1	1	1	1	1
OG0011034	2	1	1	1	1	1	1	1	1	1	1	1	1	1	1	1	1
OG0011035	1	1	1	1	1	1	1	1	1	1	1	1	1	1	1	1	1
OG0011036	1	1	2	1	1	1	1	1	1	1	1	1	1	1	1	1	1
OG0011037	1	1	1	1	1	1	1	1	1	1	1	1	1	1	1	1	1
OG0011038	1	1	1	1	1	1	1	1	1	1	1	1	1	1	1	1	1
OG0011039	1	1	2	1	1	1	1	1	1	1	1	1	1	1	1	1	1
OG0011040	1	2	1	1	1	1	0	1	1	1	1	1	1	1	1	1	1
OG0011041	1	1	1	2	0	1	1	1	1	1	1	1	1	1	1	1	1
OG0011042	1	1	1	1	1	1	1	1	1	1	1	1	1	1	1	1	1
OG0011043	1	1	1	1	1	1	1	1	1	1	1	1	1	1	1	1	1
OG0011044	1	1	1	1	1	1	1	1	1	1	1	1	1	1	1	1	1
OG0011045	2	1	1	0	1	1	1	1	1	1	1	1	1	1	1	1	1
OG0011046	1	1	1	1	1	1	1	1	1	1	1	1	1	1	1	1	1
OG0011047	1	1	1	1	1	1	1	1	1	1	1	1	1	1	1	1	1
OG0011048	1	1	1	1	1	1	1	1	1	1	1	1	1	1	1	1	1
OG0011049	1	1	1	0	1	1	1	1	1	1	1	1	1	1	1	1	1
OG0011050	1	1	1	1	1	1	1	1	1	1	1	1	1	1	1	1	1
OG0011051	1	1	1	1	1	1	1	1	1	1	1	1	1	1	1	1	1
OG0011052	1	1	1	1	1	1	1	1	1	1	1	1	1	1	1	1	1
OG0011053	1	1	1	1	1	1	1	1	1	1	1	1	1	1	1	1	1
OG0011054	1	1	1	1	1	1	1	1	1	1	1	1	1	1	1	1	1
OG0011055	1	1	1	1	1	1	1	1	1	1	1	1	1	1	1	1	1
OG0011056	1	2	1	1	1	1	1	1	1	1	1	1	1	1	1	1	1
OG0011057	1	1	1	1	1	1	1	1	1	1	1	1	1	1	1	1	1
OG0011058	2	1	1	1	1	1	1	1	1	1	1	1	1	1	1	1	1
OG0011059	1	3	1	0	1	1	1	1	1	1	1	1	1	1	1	1	1
OG0011060	1	1	1	1	1	1	1	1	1	1	1	1	1	1	1	1	1
OG0011061	1	1	1	1	1	1	1	1	1	1	1	1	1	1	1	1	1
OG0011062	1	2	2	0	1	1	1	1	1	1	1	2	1	1	1	1	1
OG0011063	1	1	2	1	1	1	1	1	1	1	1	1	1	1	1	1	1
OG0011064	1	1	1	1	1	1	1	1	1	1	1	1	1	1	1	1	1
OG0011065	1	1	1	1	1	1	1	1	1	1	1	1	1	1	1	1	1
OG0011066	1	1	1	1	1	1	1	1	1	1	1	1	1	1	1	1	1
OG0011067	1	1	1	1	1	1	1	1	1	1	1	1	1	1	1	1	1
OG0011068	1	1	1	1	1	1	1	1	1	1	1	1	1	1	1	1	1
OG0011069	1	1	1	1	1	1	1	1	1	1	1	1	1	1	1	1	1
OG0011070	1	0	1	2	1	1	1	1	1	1	1	1	1	1	1	1	1
OG0011071	2	2	2	1	1	0	1	1	1	1	1	2	1	1	1	1	1
OG0011072	1	1	1	1	1	1	1	1	1	1	1	1	1	1	1	1	1
OG0011073	2	1	1	0	1	1	1	1	1	1	1	1	1	1	1	1	1
OG0011074	1	2	1	1	1	1	1	1	1	1	1	1	1	1	1	1	1
OG0011075	2	1	1	1	1	1	0	1	1	1	1	1	1	1	1	1	1
OG0011076	1	2	1	1	1	1	1	1	0	1	1	1	1	1	1	1	1
OG0011077	1	1	1	1	1	1	1	1	1	1	1	1	1	1	1	1	1
OG0011078	1	1	1	1	1	1	1	1	1	1	1	1	1	1	1	1	1
OG0011079	1	2	1	1	1	1	1	1	1	1	1	1	1	1	1	1	1
OG0011080	1	2	1	1	1	1	1	1	1	1	1	1	1	1	1	1	1
OG0011081	2	1	1	1	1	1	1	1	1	1	1	1	1	1	1	1	1
OG0011082	1	1	1	1	1	1	1	1	1	1	1	1	1	1	1	1	1
OG0011083	1	1	1	1	1	1	1	1	1	1	1	1	1	1	1	1	1
OG0011084	2	2	1	1	2	1	0	1	0	1	1	1	1	1	1	1	1
OG0011085	1	1	1	1	1	1	1	1	1	1	1	1	1	1	1	1	1
OG0011086	1	1	2	2	1	1	1	1	0	1	1	1	1	1	1	1	1
OG0011087	1	1	1	1	1	1	2	1	1	1	1	1	1	1	1	1	1
OG0011088	1	1	1	1	1	1	1	1	1	1	1	1	1	1	1	1	1
OG0011089	1	1	1	1	1	1	1	1	1	1	1	1	1	1	1	1	1
OG0011090	2	2	1	1	1	1	1	1	0	1	1	1	1	1	1	1	1
OG0011091	3	1	1	1	1	1	1	0	1	1	1	1	1	1	1	1	1
OG0011092	1	1	1	1	2	1	1	1	1	1	1	1	1	1	1	1	1
OG0011093	1	1	1	1	1	1	1	1	1	1	1	1	1	1	1	1	1
OG0011094	1	1	1	1	1	1	1	1	1	1	1	1	1	1	1	1	1
OG0011095	1	1	1	1	1	1	1	1	1	1	1	1	1	1	1	1	1
OG0011096	1	1	1	1	1	1	1	1	1	1	1	1	1	1	1	1	1
OG0011097	1	1	1	1	1	1	1	1	1	1	1	1	1	1	1	1	1
OG0011098	1	1	1	1	1	1	1	1	1	1	1	1	1	1	1	1	1
OG0011099	2	2	1	0	1	1	1	1	1	1	1	1	1	1	1	1	1
OG0011100	1	1	1	1	1	1	1	1	1	1	1	1	1	1	1	1	1
OG0011101	2	1	1	1	1	1	1	1	0	1	1	1	1	1	1	1	1
OG0011102	2	2	1	0	1	1	1	1	0	1	1	1	1	1	1	1	1
OG0011103	2	2	1	1	1	0	1	1	1	1	1	1	1	1	1	1	1
OG0011104	1	1	1	1	1	1	1	1	1	1	1	1	1	1	1	1	1
OG0011105	1	1	1	1	1	1	1	1	1	1	1	1	1	1	1	1	1
OG0011106	1	1	1	1	1	1	1	1	1	1	1	1	1	1	1	1	1
OG0011107	1	1	1	1	1	1	1	1	1	1	1	1	1	1	1	1	1
OG0011108	1	1	2	2	1	0	1	1	1	1	1	1	1	1	1	1	1
OG0011109	2	1	1	2	1	1	1	0	1	1	1	1	1	1	1	1	1
OG0011110	1	1	1	1	1	1	1	1	1	1	1	1	1	1	1	1	1
OG0011111	1	1	1	1	1	1	1	1	1	1	1	1	1	1	1	1	1
OG0011112	1	1	2	0	1	1	1	1	1	1	1	1	1	1	1	1	1
OG0011113	1	1	1	1	1	1	1	1	1	1	1	1	1	1	1	1	1
OG0011114	1	2	1	1	1	1	0	1	1	1	1	1	1	1	1	1	1
OG0011115	1	1	1	1	1	1	1	1	1	1	1	1	1	1	1	1	1
OG0011116	1	1	1	1	1	1	1	1	1	1	1	1	1	1	1	1	1
OG0011117	1	1	1	1	1	1	1	1	1	1	1	1	1	1	1	1	1
OG0011118	1	1	1	1	1	1	1	1	1	1	1	1	1	1	1	1	1
OG0011119	1	1	1	1	1	1	1	1	1	1	1	1	1	1	1	1	1
OG0011120	1	1	1	1	1	1	1	1	1	1	1	1	1	1	1	1	1
OG0011121	1	1	1	1	1	1	1	1	1	1	1	1	1	1	1	1	1
OG0011122	1	1	1	1	1	1	1	1	1	1	1	1	1	1	1	1	1
OG0011123	1	2	1	1	1	1	1	1	1	1	1	1	1	1	1	1	1
OG0011124	1	1	1	1	1	1	1	1	1	1	1	1	1	1	1	1	1
OG0011125	1	1	1	1	1	0	2	1	2	1	1	1	1	1	1	2	2
OG0011126	1	1	1	1	1	1	1	1	1	1	1	1	1	1	1	1	1
OG0011127	1	1	1	1	1	1	1	1	1	1	1	1	1	1	1	1	1
OG0011128	1	2	2	0	1	1	1	1	1	1	1	2	1	1	1	1	1
OG0011129	1	1	1	2	1	1	1	1	1	1	1	1	1	1	1	1	1
OG0011130	1	1	2	1	2	1	1	1	0	1	1	1	1	1	1	1	1
OG0011131	1	1	1	0	2	1	1	1	1	1	1	1	1	1	1	1	1
OG0011132	1	2	1	1	1	1	1	1	0	1	1	1	1	1	1	1	1
OG0011133	1	1	1	1	1	1	1	1	1	1	1	1	1	1	1	1	1
OG0011134	1	1	2	0	1	1	1	1	1	1	1	1	1	1	1	1	1
OG0011135	1	1	1	1	1	1	1	1	1	1	1	1	1	1	1	1	1
OG0011136	1	2	1	1	1	1	0	1	2	1	1	1	1	1	1	1	1
OG0011137	1	2	1	1	1	1	1	1	1	1	1	1	1	1	1	1	1
OG0011138	1	2	1	1	1	1	1	1	0	1	1	1	1	1	1	1	1
OG0011139	1	2	1	1	1	1	0	1	1	1	1	1	1	1	1	1	1
OG0011140	1	1	1	1	1	1	1	1	1	1	1	1	1	1	1	1	1
OG0011141	3	1	1	1	1	1	1	1	0	1	1	1	1	1	1	1	1
OG0011142	2	1	1	0	1	1	1	1	1	1	1	1	1	1	1	1	1
OG0011143	1	1	1	1	1	1	1	1	1	1	1	1	1	1	1	1	1
OG0011144	1	1	1	1	1	1	1	1	1	1	1	1	1	1	1	1	1
OG0011145	1	1	1	0	2	1	1	1	1	1	1	1	1	1	1	1	1
OG0011146	1	1	1	1	1	1	1	1	1	1	1	1	1	1	1	1	1
OG0011147	1	1	1	1	1	1	1	1	1	1	1	1	1	1	1	1	1
OG0011148	1	2	2	2	1	1	0	1	0	1	2	2	2	1	1	1	1
OG0011149	2	2	1	0	1	1	1	1	0	1	1	1	1	1	1	1	1
OG0011150	1	1	1	1	1	1	1	1	1	1	1	1	1	1	1	1	1
OG0011151	1	2	1	1	1	1	1	1	1	1	1	1	1	1	1	1	1
OG0011152	1	1	1	1	1	1	1	1	1	1	1	1	1	1	1	1	1
OG0011153	1	1	1	2	1	1	1	1	1	1	1	1	1	1	1	1	1
OG0011154	1	1	2	1	1	1	1	1	1	1	1	1	1	1	1	1	1
OG0011155	2	1	1	1	1	1	0	1	1	1	1	1	1	1	1	1	1
OG0011156	1	1	1	1	1	1	1	1	1	1	1	1	1	1	1	1	1
OG0011157	1	1	1	1	1	1	1	1	1	1	1	1	1	1	1	1	1
OG0011158	1	1	1	1	1	1	1	1	1	1	1	1	1	1	1	1	1
OG0011159	1	2	1	1	1	1	1	1	0	1	1	1	1	1	1	1	1
OG0011160	1	1	1	1	1	1	1	1	1	1	1	1	1	1	1	1	1
OG0011161	1	1	1	1	1	1	1	1	1	1	1	1	1	1	1	1	1
OG0011162	1	1	1	1	1	1	1	1	1	1	1	1	1	1	1	1	1
OG0011163	1	1	1	1	1	1	1	1	1	1	1	1	1	1	1	1	1
OG0011164	1	1	1	1	1	1	1	1	1	1	1	1	1	1	1	1	1
OG0011165	1	1	1	1	1	1	1	1	1	1	1	1	1	1	1	1	1
OG0011166	1	1	1	1	1	1	1	1	1	1	1	1	1	1	1	1	1
OG0011167	1	1	2	0	1	1	1	1	1	1	1	1	1	1	1	1	1
OG0011168	1	1	1	1	1	1	1	1	1	1	1	1	1	1	1	1	1
OG0011169	1	1	1	1	1	1	1	1	1	1	1	1	1	1	1	1	1
OG0011170	1	1	1	1	1	1	1	1	2	1	1	1	1	1	1	1	1
OG0011171	1	1	0	1	3	1	1	1	0	1	1	1	1	1	1	1	1
OG0011172	3	1	1	1	1	0	2	1	1	1	1	1	1	1	1	1	1
OG0011173	1	1	1	0	2	1	1	1	1	1	1	1	1	1	1	1	1
OG0011174	1	2	1	0	1	1	1	1	1	1	1	1	1	1	1	1	1
OG0011175	1	2	1	1	1	1	1	1	0	1	1	1	1	1	1	1	1
OG0011176	1	1	1	1	1	1	1	1	1	1	1	1	1	1	1	1	1
OG0011177	2	1	1	1	1	1	1	1	1	1	1	1	1	1	1	1	1
OG0011178	1	1	1	1	1	1	1	1	1	1	1	1	1	1	1	1	1
OG0011179	1	1	1	1	1	1	1	1	1	1	1	1	1	1	1	1	1
OG0011180	1	1	2	0	1	1	1	1	1	1	1	1	1	1	1	1	1
OG0011181	1	2	1	1	0	0	3	2	0	1	1	1	1	1	1	2	2
OG0011182	1	1	1	1	1	1	1	1	1	1	1	1	1	1	1	1	1
OG0011183	1	1	1	1	1	1	1	1	1	1	1	1	1	1	1	1	1
OG0011184	1	2	1	1	1	1	1	1	1	1	1	1	1	1	1	1	1
OG0011185	1	1	1	1	1	1	1	1	1	1	1	1	1	1	1	1	1
OG0011186	1	1	1	1	1	1	1	1	1	1	1	1	1	1	1	1	1
OG0011187	1	1	1	1	1	1	1	1	1	1	1	1	1	1	1	1	1
OG0011188	1	1	1	2	1	1	1	1	1	1	1	1	1	1	1	1	1
OG0011189	1	1	1	1	1	1	1	1	1	1	1	1	1	1	1	1	1
OG0011190	1	1	1	1	1	1	1	1	1	1	1	1	1	1	1	1	1
OG0011191	1	1	1	1	1	1	1	1	1	1	1	1	1	1	1	1	1
OG0011192	1	1	1	1	2	1	1	1	1	1	1	1	1	1	1	1	1
OG0011193	1	1	1	1	1	1	1	1	1	1	1	1	1	1	1	1	1
OG0011194	1	1	1	1	1	1	1	1	1	1	1	1	1	1	1	1	1
OG0011195	1	1	1	1	1	1	1	1	1	1	1	1	1	1	1	1	1
OG0011196	1	1	1	1	1	1	1	1	1	1	1	1	1	1	1	1	1
OG0011197	1	2	1	1	1	1	0	1	1	1	1	1	1	1	1	1	1
OG0011198	1	1	1	1	1	1	1	1	1	1	1	1	1	1	1	1	1
OG0011199	1	1	1	1	1	1	1	1	1	1	1	1	1	1	1	1	1
OG0011200	1	1	1	1	1	1	1	1	1	1	1	1	1	1	1	1	1
OG0011201	1	1	1	1	1	1	1	1	1	1	1	1	1	1	1	1	1
OG0011202	1	1	1	1	1	1	1	1	1	1	1	1	1	1	1	1	1
OG0011203	1	1	1	1	1	1	0	1	2	1	1	1	1	1	1	1	1
OG0011204	1	1	1	1	1	1	1	1	1	1	1	1	1	1	1	1	1
OG0011205	1	2	1	1	1	1	1	1	1	1	1	1	1	1	1	1	1
OG0011206	1	1	1	1	1	1	1	1	1	1	1	1	1	1	1	1	1
OG0011207	1	1	1	1	1	1	1	1	1	1	1	1	1	1	1	1	1
OG0011208	1	3	2	1	1	1	1	0	0	1	1	2	1	1	1	1	0
OG0011209	1	2	1	1	1	1	0	1	1	1	1	1	1	1	1	1	1
OG0011210	1	1	1	1	1	1	1	1	1	1	1	1	1	1	1	1	1
OG0011211	1	1	1	1	1	1	1	1	1	1	1	1	1	1	1	1	1
OG0011212	1	1	1	1	1	1	1	1	1	1	1	1	1	1	1	1	1
OG0011213	1	1	1	1	1	1	1	1	1	1	1	1	1	1	1	1	1
OG0011214	1	1	1	1	1	1	1	1	1	1	1	1	1	1	1	1	1
OG0011215	1	1	1	1	1	1	1	1	1	1	1	1	1	1	1	1	1
OG0011216	1	1	1	1	1	1	1	1	1	1	1	1	1	1	1	1	1
OG0011217	1	1	1	1	1	1	1	1	1	1	1	1	1	1	1	1	1
OG0011218	1	2	1	1	1	1	0	1	1	1	1	1	1	1	1	1	1
OG0011219	1	1	1	1	1	1	1	1	1	1	1	1	1	1	1	1	1
OG0011220	1	1	1	1	1	1	1	1	1	1	1	1	1	1	1	1	1
OG0011221	1	1	1	1	1	1	1	1	1	1	1	1	1	1	1	1	1
OG0011222	1	1	1	1	1	1	1	1	1	1	1	1	1	1	1	1	1
OG0011223	1	1	1	1	1	1	1	1	1	1	1	1	1	1	1	1	1
OG0011224	1	1	1	1	1	1	1	1	1	1	1	1	1	1	1	1	1
OG0011225	1	1	1	1	1	1	1	1	1	1	1	1	1	1	1	1	1
OG0011226	2	2	1	2	1	1	0	1	0	2	2	2	2	1	1	1	1
OG0011227	2	1	1	1	1	1	1	1	0	1	1	1	1	1	1	1	1
OG0011228	1	1	1	1	1	1	1	1	1	1	1	1	1	1	1	1	1
OG0011229	1	1	1	1	1	1	1	1	1	1	1	1	1	1	1	1	1
OG0011230	1	1	1	1	1	1	1	1	1	1	1	1	1	1	1	1	1
OG0011231	1	1	1	1	1	1	1	1	1	1	1	1	1	1	1	1	1
OG0011232	1	1	1	1	1	1	1	1	1	1	1	1	1	1	1	1	1
OG0011233	1	1	1	1	1	1	1	1	1	1	1	1	1	1	1	1	1
OG0011234	1	1	1	1	1	1	1	1	1	1	1	1	1	1	1	1	1
OG0011235	1	1	1	1	1	1	1	1	1	1	1	1	1	1	1	1	1
OG0011236	1	1	2	2	2	0	1	1	0	1	2	2	2	2	1	1	1
OG0011237	1	1	1	1	1	1	1	1	1	1	1	1	1	1	1	1	1
OG0011238	1	1	1	1	1	1	1	1	1	1	1	1	1	1	1	1	1
OG0011239	2	2	1	1	2	1	1	1	0	1	1	1	1	1	1	1	1
OG0011240	1	1	1	1	1	1	1	1	1	1	1	1	1	1	1	1	1
OG0011241	1	1	1	0	2	1	1	1	2	1	1	1	1	1	1	1	1
OG0011242	1	1	1	1	1	1	1	1	1	1	1	1	1	1	1	1	1
OG0011243	2	2	2	1	1	1	1	0	1	1	1	2	1	1	1	1	1
OG0011244	1	1	1	1	1	1	1	1	1	1	1	1	1	1	1	1	1
OG0011245	1	1	1	1	1	1	1	1	0	1	1	1	1	1	1	1	1
OG0011246	1	1	1	1	1	1	1	1	1	1	1	1	1	1	1	1	1
OG0011247	1	1	1	1	2	1	1	1	1	1	1	1	1	1	1	1	1
OG0011248	2	1	1	1	1	1	1	1	0	1	1	1	1	1	1	1	1
OG0011249	1	1	1	1	1	1	1	1	1	1	1	1	1	1	1	1	1
OG0011250	1	2	1	1	1	1	0	1	0	1	1	1	1	1	1	1	1
OG0011251	1	1	1	1	1	1	1	1	1	1	1	1	1	1	1	1	1
OG0011252	1	1	1	1	1	1	1	1	1	1	1	1	1	1	1	1	1
OG0011253	1	1	1	1	1	1	1	1	1	1	1	1	1	1	1	1	1
OG0011254	1	2	1	1	1	1	1	1	1	1	1	1	1	1	1	1	1
OG0011255	1	2	1	0	1	1	1	1	1	1	1	1	1	1	1	1	1
OG0011256	1	1	1	1	1	1	1	1	1	1	1	1	1	1	1	1	1
OG0011257	1	1	1	1	1	1	1	1	1	1	1	1	1	1	1	1	1
OG0011258	1	1	1	1	1	1	1	1	1	1	1	1	1	1	1	1	1
OG0011259	1	1	1	1	1	1	1	1	1	1	1	1	1	1	1	1	1
OG0011260	1	2	1	0	1	1	1	1	1	1	1	1	1	1	1	1	1
OG0011261	1	1	1	1	1	1	1	1	1	1	1	1	1	1	1	1	1
OG0011262	1	1	1	1	1	1	1	1	1	1	1	1	1	1	1	1	1
OG0011263	1	1	1	1	1	1	1	1	1	1	1	1	1	1	1	1	1
OG0011264	1	1	1	1	1	1	1	1	1	1	1	1	1	1	1	1	1
OG0011265	1	2	1	0	1	1	1	1	1	1	1	1	1	1	1	1	1
OG0011266	1	0	1	1	1	2	1	1	0	1	1	1	1	1	1	1	1
OG0011267	1	1	1	1	1	1	1	1	1	1	1	1	1	1	1	1	1
OG0011268	1	2	1	1	1	1	1	1	1	1	1	1	1	1	1	1	1
OG0011269	1	1	1	1	1	1	1	1	1	1	1	1	1	1	1	1	1
OG0011270	1	1	1	1	1	1	1	1	1	1	1	1	1	1	1	1	1
OG0011271	1	1	1	1	1	1	1	1	1	1	1	1	1	1	1	1	1
OG0011272	1	1	1	1	1	1	1	1	1	1	1	1	1	1	1	1	1
OG0011273	1	2	1	1	1	1	1	1	0	1	1	1	1	1	1	1	1
OG0011274	1	1	1	1	1	1	1	1	1	1	1	1	1	1	1	1	1
OG0011275	1	1	1	1	1	1	1	1	1	1	1	1	1	1	1	1	1
OG0011276	1	1	1	1	1	1	1	1	1	1	1	1	1	1	1	1	1
OG0011277	1	1	1	1	1	1	1	1	1	1	1	1	1	1	1	1	1
OG0011278	1	2	1	1	1	1	1	1	0	1	1	1	1	1	1	1	1
OG0011279	1	1	1	1	1	1	1	1	1	1	1	1	1	1	1	1	1
OG0011280	1	1	1	1	1	1	1	1	1	1	1	1	1	1	1	1	1
OG0011281	1	1	1	0	2	1	1	1	1	1	1	1	1	1	1	1	1
OG0011282	1	2	1	0	1	1	1	1	1	1	1	1	1	1	1	1	1
OG0011283	2	1	1	1	1	1	1	1	1	1	1	1	1	1	1	1	1
OG0011284	1	1	1	1	1	1	1	1	1	1	1	1	1	1	1	1	1
OG0011285	1	1	1	1	1	1	1	1	1	1	1	1	1	1	1	1	1
OG0011286	2	1	1	1	1	1	0	1	1	1	1	1	1	1	1	1	1
OG0011287	1	1	1	1	1	1	1	1	1	1	1	1	1	1	1	1	1
OG0011288	1	1	1	1	1	1	1	1	1	1	1	1	1	1	1	1	1
OG0011289	1	1	1	1	1	1	1	1	1	1	1	1	1	1	1	1	1
OG0011290	1	1	1	1	1	1	1	1	1	1	1	1	1	1	1	1	1
OG0011291	1	1	1	1	1	1	1	1	1	1	1	1	1	1	1	1	1
OG0011292	1	1	1	1	1	1	1	1	2	1	1	1	1	1	1	1	1
OG0011293	1	1	1	1	1	1	1	1	1	1	1	1	1	1	1	1	1
OG0011294	1	1	1	1	1	1	1	1	1	1	1	1	1	1	1	1	1
OG0011295	1	2	1	1	1	1	1	1	1	1	1	1	1	1	1	1	1
OG0011296	1	1	1	1	1	1	1	1	1	1	1	1	1	1	1	1	1
OG0011297	1	1	1	1	1	1	1	1	1	1	1	1	1	1	1	1	1
OG0011298	1	1	1	1	1	1	1	1	1	1	1	1	1	1	1	1	1
OG0011299	1	1	1	1	1	1	1	1	1	1	1	1	1	1	1	1	1
OG0011300	1	1	1	1	1	1	1	1	1	1	1	1	1	1	1	1	1
OG0011301	1	1	1	1	1	1	1	1	1	1	1	1	1	1	1	1	1
OG0011302	1	1	1	1	1	1	1	1	1	1	1	1	1	1	1	1	1
OG0011303	1	1	1	1	1	1	1	1	1	1	1	1	1	1	1	1	1
OG0011304	1	1	1	1	1	1	1	1	1	1	1	1	1	1	1	1	1
OG0011305	1	2	1	1	1	1	1	1	0	1	1	1	1	1	1	1	1
OG0011306	2	2	1	0	1	1	1	1	1	1	1	1	1	1	1	1	1
OG0011307	1	1	1	1	1	1	1	1	1	1	1	1	1	1	1	1	1
OG0011308	1	1	1	1	1	1	1	1	1	1	1	1	1	1	1	1	1
OG0011309	1	1	1	1	1	1	1	1	1	1	1	1	1	1	1	1	1
OG0011310	1	2	1	1	1	1	1	1	1	1	1	1	1	1	1	1	1
OG0011311	1	1	1	1	1	1	1	1	1	1	1	1	1	1	1	1	1
OG0011312	1	1	1	1	1	1	1	1	1	1	1	1	1	1	1	1	1
OG0011313	1	1	1	1	1	1	1	1	1	1	1	1	1	1	1	1	1
OG0011314	1	1	1	1	1	1	1	1	1	1	1	1	1	1	1	1	1
OG0011315	1	1	1	1	1	1	1	1	1	1	1	1	1	1	1	1	1
OG0011316	1	2	1	1	1	1	1	1	0	1	1	1	1	1	1	1	1
OG0011317	1	1	1	1	1	1	1	1	1	1	1	1	1	1	1	1	1
OG0011318	1	2	1	1	1	1	1	1	1	1	1	1	1	1	1	1	1
OG0011319	1	1	1	1	1	1	1	1	1	1	1	1	1	1	1	1	1
OG0011320	1	1	1	1	1	1	1	1	1	1	1	1	1	1	1	1	1
OG0011321	1	1	1	1	1	1	1	1	1	1	1	1	1	1	1	1	1
OG0011322	1	1	1	1	1	1	1	1	1	1	1	1	1	1	1	1	1
OG0011323	1	2	1	1	1	1	1	1	1	1	1	1	1	1	1	1	1
OG0011324	1	1	1	0	2	1	1	1	1	1	1	1	1	1	1	1	1
OG0011325	1	1	1	1	1	1	1	1	1	1	1	1	1	1	1	1	1
OG0011326	1	2	2	1	2	1	1	0	0	1	1	2	1	1	1	1	0
OG0011327	2	1	1	1	1	1	1	1	1	1	1	1	1	1	1	1	1
OG0011328	1	1	1	1	1	1	1	1	1	1	1	1	1	1	1	1	1
OG0011329	1	1	1	1	1	1	1	1	1	1	1	1	1	1	1	1	1
OG0011330	2	1	1	1	1	1	1	1	1	1	1	1	1	1	1	1	1
OG0011331	1	1	1	0	2	1	1	1	2	1	1	1	1	1	1	1	1
OG0011332	1	1	1	1	1	1	1	1	1	1	1	1	1	1	1	1	1
OG0011333	1	1	1	1	1	1	1	1	1	1	1	1	1	1	1	1	1
OG0011334	1	1	1	1	1	1	1	1	0	1	1	1	1	1	1	1	1
OG0011335	1	1	1	1	1	1	1	1	1	1	1	1	1	1	1	1	1
OG0011336	1	1	1	1	1	1	1	1	1	1	1	1	1	1	1	1	1
OG0011337	1	3	1	0	1	1	1	1	1	1	1	1	1	1	1	1	1
OG0011338	1	1	1	1	1	1	1	1	1	1	1	1	1	1	1	1	1
OG0011339	1	1	1	1	1	1	1	1	1	1	1	1	1	1	1	1	1
OG0011340	2	2	1	1	1	1	1	1	0	1	1	1	1	1	1	1	1
OG0011341	1	1	1	1	1	1	1	1	1	1	1	1	1	1	1	1	1
OG0011342	2	1	1	1	1	1	1	1	1	1	1	1	1	1	1	1	1
OG0011343	1	1	1	2	1	1	1	1	1	1	1	1	1	1	1	1	1
OG0011344	1	1	1	1	1	1	1	1	1	1	1	1	1	1	1	1	1
OG0011345	1	1	1	1	1	1	1	1	1	1	1	1	1	1	1	1	1
OG0011346	1	1	1	1	1	1	1	1	1	1	1	1	1	1	1	1	1
OG0011347	1	1	1	1	1	1	1	1	1	1	1	1	1	1	1	1	1
OG0011348	1	2	1	1	1	1	0	1	1	1	1	1	1	1	1	1	1
OG0011349	1	1	1	1	1	1	1	1	1	1	1	1	1	1	1	1	1
OG0011350	2	1	0	1	1	0	0	2	2	1	1	1	1	1	1	1	2
OG0011351	1	1	1	1	1	1	1	1	1	1	1	1	1	1	1	1	1
OG0011352	1	1	1	1	1	1	1	1	1	1	1	1	1	1	1	1	1
OG0011353	1	1	2	1	1	1	1	1	0	1	1	1	1	1	1	1	1
OG0011354	1	2	1	1	1	1	1	1	1	1	1	1	1	1	1	1	1
OG0011355	1	1	1	2	1	1	0	1	1	1	1	1	1	1	1	1	1
OG0011356	1	1	1	1	1	1	1	1	1	1	1	1	1	1	1	1	1
OG0011357	1	4	1	1	1	0	1	1	1	1	1	1	1	1	1	1	1
OG0011358	1	1	1	1	1	1	1	1	1	1	1	1	1	1	1	1	1
OG0011359	1	1	1	1	1	0	1	2	0	1	1	1	1	1	1	1	1
OG0011360	1	1	1	1	1	1	1	1	1	1	1	1	1	1	1	1	1
OG0011361	1	1	1	1	1	1	1	1	1	1	1	1	1	1	1	1	1
OG0011362	1	1	1	1	2	1	1	1	1	1	1	1	1	1	1	1	1
OG0011363	1	1	1	1	1	1	1	1	1	1	1	1	1	1	1	1	1
OG0011364	1	1	1	1	1	1	1	1	1	1	1	1	1	1	1	1	1
OG0011365	1	1	1	1	1	1	1	1	1	1	1	1	1	1	1	1	1
OG0011366	1	1	1	1	1	1	1	1	1	1	1	1	1	1	1	1	1
OG0011367	1	1	1	1	1	1	1	1	1	1	1	1	1	1	1	1	1
OG0011368	1	1	1	1	1	1	1	1	1	1	1	1	1	1	1	1	1
OG0011369	1	1	1	1	1	1	1	1	1	1	1	1	1	1	1	1	1
OG0011370	1	1	1	1	1	1	1	1	1	1	1	1	1	1	1	1	1
OG0011371	1	2	1	0	1	1	1	1	1	1	1	1	1	1	1	1	1
OG0011372	1	2	1	1	1	1	1	1	1	1	1	1	1	1	1	1	1
OG0011373	1	2	1	1	1	1	0	1	1	1	1	1	1	1	1	1	1
OG0011374	1	1	1	1	1	1	1	1	1	1	1	1	1	1	1	1	1
OG0011375	1	1	1	0	1	1	1	1	1	1	1	1	1	1	1	1	1
OG0011376	1	1	1	1	1	1	1	1	1	1	1	1	1	1	1	1	1
OG0011377	1	1	1	0	1	1	2	1	1	1	1	1	1	1	1	1	1
OG0011378	1	1	1	1	1	1	1	1	1	1	1	1	1	1	1	1	1
OG0011379	1	1	1	1	1	1	1	1	1	1	1	1	1	1	1	1	1
OG0011380	1	1	1	1	1	1	1	1	1	1	1	1	1	1	1	1	1
OG0011381	1	1	1	1	1	1	1	1	1	1	1	1	1	1	1	1	1
OG0011382	1	1	1	1	1	1	1	1	1	1	1	1	1	1	1	1	1
OG0011383	1	1	1	1	1	1	1	1	1	1	1	1	1	1	1	1	1
OG0011384	1	1	1	1	1	1	1	1	1	1	1	1	1	1	1	1	1
OG0011385	1	1	1	1	1	1	1	1	1	1	1	1	1	1	1	1	1
OG0011386	1	2	1	1	1	1	1	1	1	1	1	1	1	1	1	1	1
OG0011387	1	1	1	1	1	1	1	1	1	1	1	1	1	1	1	1	1
OG0011388	1	2	1	1	1	1	1	1	1	1	1	1	1	1	1	1	1
OG0011389	1	1	1	1	1	1	1	1	1	1	1	1	1	1	1	1	1
OG0011390	1	1	1	1	1	1	1	1	1	1	1	1	1	1	1	1	1
OG0011391	1	1	1	1	1	1	1	1	1	1	1	1	1	1	1	1	1
OG0011392	2	0	0	1	0	2	1	1	1	1	1	0	1	1	1	1	1
OG0011393	1	2	1	1	1	1	0	1	1	1	1	1	1	1	1	1	1
OG0011394	1	1	1	1	1	1	1	1	1	1	1	1	1	1	1	1	1
OG0011395	1	1	1	1	1	1	1	1	1	1	1	1	1	1	1	1	1
OG0011396	1	1	1	1	1	1	1	1	1	1	1	1	1	1	1	1	1
OG0011397	1	1	1	0	1	1	2	1	1	1	1	1	1	1	1	1	1
OG0011398	1	1	1	1	1	1	1	1	1	1	1	1	1	1	1	1	1
OG0011399	1	1	2	1	1	1	1	1	1	1	1	1	1	1	1	1	1
OG0011400	1	1	1	1	1	1	1	1	1	1	1	1	1	1	1	1	1
OG0011401	1	1	1	1	1	1	1	1	1	1	1	1	1	1	1	1	1
OG0011402	1	1	1	1	1	1	1	1	1	1	1	1	1	1	1	1	1
OG0011403	1	1	1	1	1	1	1	1	1	1	1	1	1	1	1	1	1
OG0011404	1	1	1	1	1	1	1	1	1	1	1	1	1	1	1	1	1
OG0011405	1	1	1	1	1	1	1	1	1	1	1	1	1	1	1	1	1
OG0011406	1	1	1	2	1	1	1	1	1	1	1	1	1	1	1	1	1
OG0011407	1	1	1	1	1	1	1	1	1	1	1	1	1	1	1	1	1
OG0011408	1	1	1	1	1	1	1	1	1	1	1	1	1	1	1	1	1
OG0011409	1	2	1	0	1	1	1	1	1	1	1	1	1	1	1	1	1
OG0011410	1	1	1	1	1	1	1	1	1	1	1	1	1	1	1	1	1
OG0011411	1	2	1	2	1	1	1	0	1	1	1	1	1	1	1	1	1
OG0011412	1	1	1	1	1	1	1	1	1	1	1	1	1	1	1	1	1
OG0011413	1	1	1	1	1	1	1	1	1	1	1	1	1	1	1	1	1
OG0011414	1	2	1	1	1	1	1	1	1	1	1	1	1	1	1	1	1
OG0011415	1	1	2	1	1	1	0	1	0	1	1	1	1	1	1	1	1
OG0011416	1	1	1	1	1	1	1	1	1	1	1	1	1	1	1	1	1
OG0011417	1	1	1	1	1	1	1	1	1	1	1	1	1	1	1	1	1
OG0011418	1	1	1	1	1	1	1	1	1	1	1	1	1	1	1	1	1
OG0011419	1	1	1	1	1	1	1	1	1	1	1	1	1	1	1	1	1
OG0011420	3	1	1	1	1	1	1	1	0	1	1	1	1	1	1	1	1
OG0011421	1	1	1	2	1	1	1	1	1	1	1	1	1	1	1	1	1
OG0011422	1	2	1	1	1	1	1	1	0	1	1	1	1	1	1	1	1
OG0011423	1	1	1	1	1	1	1	1	1	1	1	1	1	1	1	1	1
OG0011424	1	1	1	1	1	1	1	1	1	1	1	1	1	1	1	1	1
OG0011425	1	1	1	1	1	1	1	1	1	1	1	1	1	1	1	1	1
OG0011426	1	1	1	1	1	1	1	1	1	1	1	1	1	1	1	1	1
OG0011427	1	1	1	1	1	1	1	1	1	1	1	1	1	1	1	1	1
OG0011428	1	1	1	1	1	1	1	1	1	1	1	1	1	1	1	1	1
OG0011429	1	1	1	1	2	1	1	1	1	1	1	1	1	1	1	1	1
OG0011430	1	1	1	1	1	1	1	1	1	1	1	1	1	1	1	1	1
OG0011431	1	1	1	1	1	1	1	1	1	1	1	1	1	1	1	1	1
OG0011432	1	1	1	2	1	1	0	1	1	1	1	1	1	1	1	1	1
OG0011433	1	1	1	1	1	1	1	1	1	1	1	1	1	1	1	1	1
OG0011434	1	1	1	1	1	1	1	1	1	1	1	1	1	1	1	1	1
OG0011435	1	1	1	1	1	1	1	1	1	1	1	1	1	1	1	1	1
OG0011436	1	1	1	1	1	1	1	1	1	1	1	1	1	1	1	1	1
OG0011437	1	1	1	1	1	1	1	1	1	1	1	1	1	1	1	1	1
OG0011438	1	1	1	1	1	1	1	1	1	1	1	1	1	1	1	1	1
OG0011439	2	1	1	1	1	1	1	1	1	1	1	1	1	1	1	1	1
OG0011440	1	1	1	1	1	1	1	1	1	1	1	1	1	1	1	1	1
OG0011441	1	1	1	1	1	1	1	1	1	1	1	1	1	1	1	1	1
OG0011442	1	1	1	1	1	1	1	1	1	1	1	1	1	1	1	1	1
OG0011443	1	1	1	1	1	1	1	1	1	1	1	1	1	1	1	1	1
OG0011444	3	1	1	0	1	1	0	1	1	1	1	1	1	1	1	1	1
OG0011445	1	1	1	1	1	1	2	1	1	1	1	1	1	1	1	1	1
OG0011446	1	1	1	1	1	1	1	1	1	1	1	1	1	1	1	1	1
OG0011447	1	1	1	0	1	1	1	1	1	1	1	1	1	1	1	1	1
OG0011448	1	1	1	1	1	1	1	1	1	1	1	1	1	1	1	1	1
OG0011449	1	1	1	1	1	1	1	1	1	1	1	1	1	1	1	1	1
OG0011450	1	1	1	2	1	1	1	1	0	1	1	1	1	1	1	1	1
OG0011451	1	1	1	1	2	1	1	1	0	1	1	1	1	1	1	1	1
OG0011452	1	1	1	1	1	1	1	1	1	1	1	1	1	1	1	1	1
OG0011453	1	1	1	1	1	1	1	1	1	1	1	1	1	1	1	1	1
OG0011454	1	1	1	0	2	1	1	1	1	1	1	1	1	1	1	1	1
OG0011455	1	2	1	1	1	1	1	1	1	1	1	1	1	1	1	1	1
OG0011456	1	1	1	1	1	1	1	1	1	1	1	1	1	1	1	1	1
OG0011457	1	2	1	1	1	1	0	1	1	1	1	1	1	1	1	1	1
OG0011458	1	1	1	1	1	1	1	1	1	1	1	1	1	1	1	1	1
OG0011459	1	1	1	1	1	1	1	1	1	1	1	1	1	1	1	1	1
OG0011460	1	1	1	0	1	2	1	1	1	1	1	1	1	1	1	1	1
OG0011461	1	1	1	1	1	1	1	1	1	1	1	1	1	1	1	1	1
OG0011462	3	1	1	1	1	1	1	0	1	1	1	1	1	1	1	1	1
OG0011463	1	1	1	1	2	1	1	1	1	1	1	1	1	1	1	1	1
OG0011464	1	1	1	1	1	1	0	1	1	1	1	1	1	1	1	1	1
OG0011465	1	1	1	1	1	1	1	1	1	1	1	1	1	1	1	1	1
OG0011466	1	1	1	1	1	1	1	1	1	1	1	1	1	1	1	1	1
OG0011467	1	1	1	1	1	1	1	1	1	1	1	1	1	1	1	1	1
OG0011468	1	2	1	1	1	1	1	1	1	1	1	1	1	1	1	1	1
OG0011469	1	1	1	1	1	1	1	1	1	1	1	1	1	1	1	1	1
OG0011470	2	1	1	1	1	1	1	1	1	1	1	1	1	1	1	1	1
OG0011471	1	1	1	1	1	1	1	1	1	1	1	1	1	1	1	1	1
OG0011472	2	1	1	1	1	1	1	1	1	1	1	1	1	1	1	1	1
OG0011473	1	1	1	1	1	1	1	1	1	1	1	1	1	1	1	1	1
OG0011474	1	1	1	0	2	1	1	1	1	1	1	1	1	1	1	1	1
OG0011475	1	1	1	0	1	1	1	1	1	1	1	1	1	1	1	1	1
OG0011476	1	1	1	1	1	1	1	1	1	1	1	1	1	1	1	1	1
OG0011477	1	1	1	1	1	1	1	1	1	1	1	1	1	1	1	1	1
OG0011478	1	1	1	1	1	1	1	1	1	1	1	1	1	1	1	1	1
OG0011479	1	1	2	1	1	1	1	1	1	1	1	1	1	1	1	1	1
OG0011480	1	1	1	1	1	1	1	1	1	1	1	1	1	1	1	1	1
OG0011481	1	1	1	1	1	1	1	1	1	1	1	1	1	1	1	1	1
OG0011482	2	2	1	0	1	1	1	1	1	1	1	1	1	1	1	1	1
OG0011483	2	1	1	1	1	1	0	1	1	1	1	1	1	1	1	1	1
OG0011484	1	1	1	1	1	1	1	1	1	1	1	1	1	1	1	1	1
OG0011485	2	1	1	0	1	1	1	1	1	1	1	1	1	1	1	1	1
OG0011486	1	1	1	1	1	1	1	1	1	1	1	1	1	1	1	1	1
OG0011487	1	1	1	1	2	1	1	1	0	1	1	1	1	1	1	1	1
OG0011488	2	1	1	1	1	1	1	1	1	1	1	1	1	1	1	1	1
OG0011489	1	1	1	1	1	1	1	1	1	1	1	1	1	1	1	1	1
OG0011490	2	1	1	1	1	1	1	1	1	1	1	1	1	1	1	1	1
OG0011491	1	1	1	1	1	1	1	1	1	1	1	1	1	1	1	1	1
OG0011492	1	1	1	1	1	1	1	1	1	1	1	1	1	1	1	1	1
OG0011493	1	1	1	1	2	1	1	1	0	1	1	1	1	1	1	1	1
OG0011494	1	2	1	1	1	1	0	1	1	1	1	1	1	1	1	1	1
OG0011495	1	1	1	1	1	1	1	1	1	1	1	1	1	1	1	1	1
OG0011496	1	1	1	1	1	1	1	1	1	1	1	1	1	1	1	1	1
OG0011497	1	1	1	1	1	1	1	1	1	1	1	1	1	1	1	1	1
OG0011498	1	1	1	1	1	1	1	1	1	1	1	1	1	1	1	1	1
OG0011499	1	1	1	1	1	1	1	1	1	1	1	1	1	1	1	1	1
OG0011500	1	1	1	1	1	1	1	1	1	1	1	1	1	1	1	1	1
OG0011501	1	2	1	1	1	1	1	1	1	1	1	1	1	1	1	1	1
OG0011502	1	1	1	1	1	1	1	1	1	1	1	1	1	1	1	1	1
OG0011503	1	2	1	1	1	1	1	1	1	1	1	1	1	1	1	1	1
OG0011504	1	1	1	1	1	1	1	1	1	1	1	1	1	1	1	1	1
OG0011505	1	2	1	1	1	1	1	1	1	1	1	1	1	1	1	1	1
OG0011506	1	1	1	1	1	1	1	1	1	1	1	1	1	1	1	1	1
OG0011507	1	1	1	2	1	1	1	1	0	1	1	1	1	1	1	1	1
OG0011508	1	1	1	1	1	1	1	1	1	1	1	1	1	1	1	1	1
OG0011509	1	1	1	1	1	1	1	1	1	1	1	1	1	1	1	1	1
OG0011510	1	2	1	1	1	1	1	1	1	1	1	1	1	1	1	1	1
OG0011511	1	1	1	1	1	1	1	1	1	1	1	1	1	1	1	1	1
OG0011512	1	1	1	1	1	1	1	1	1	1	1	1	1	1	1	1	1
OG0011513	1	1	1	1	1	1	1	1	1	1	1	1	1	1	1	1	1
OG0011514	1	1	1	1	1	1	1	1	1	1	1	1	1	1	1	1	1
OG0011515	1	1	1	1	1	1	1	1	1	1	1	1	1	1	1	1	1
OG0011516	1	1	1	1	1	1	1	1	1	1	1	1	1	1	1	1	1
OG0011517	1	1	1	1	1	1	1	1	1	1	1	1	1	1	1	1	1
OG0011518	1	1	1	1	1	1	1	1	1	1	1	1	1	1	1	1	1
OG0011519	1	1	1	1	1	1	1	1	1	1	1	1	1	1	1	1	1
OG0011520	1	1	1	1	1	1	1	1	1	1	1	1	1	1	1	1	1
OG0011521	1	1	1	1	1	1	1	1	1	1	1	1	1	1	1	1	1
OG0011522	1	1	1	1	1	1	1	1	1	1	1	1	1	1	1	1	1
OG0011523	1	1	1	1	1	1	1	1	1	1	1	1	1	1	1	1	1
OG0011524	1	2	1	1	1	1	1	1	1	1	1	1	1	1	1	1	1
OG0011525	1	1	1	1	1	1	1	1	1	1	1	1	1	1	1	1	1
OG0011526	1	1	1	1	1	1	1	1	1	1	1	1	1	1	1	1	1
OG0011527	1	1	1	1	1	1	1	1	1	1	1	1	1	1	1	1	1
OG0011528	1	2	1	1	1	1	1	1	1	1	1	1	1	1	1	1	1
OG0011529	1	1	1	1	1	1	1	1	1	1	1	1	1	1	1	1	1
OG0011530	1	2	1	1	1	1	1	1	1	1	1	1	1	1	1	1	1
OG0011531	1	1	1	1	1	1	1	1	1	1	1	1	1	1	1	1	1
OG0011532	1	1	1	1	1	1	1	1	1	1	1	1	1	1	1	1	1
OG0011533	1	1	1	1	1	1	1	1	1	1	1	1	1	1	1	1	1
OG0011534	1	1	1	1	1	1	1	1	1	1	1	1	1	1	1	1	1
OG0011535	1	1	1	1	1	1	1	1	1	1	1	1	1	1	1	1	1
OG0011536	1	2	1	1	2	1	1	0	1	1	1	1	1	1	1	1	1
OG0011537	1	0	2	1	1	1	1	1	1	1	1	1	1	1	1	1	1
OG0011538	1	1	1	1	1	1	1	1	1	1	1	1	1	1	1	1	1
OG0011539	1	1	1	1	1	1	1	1	1	1	1	1	1	1	1	1	1
OG0011540	1	1	1	1	1	1	1	1	1	1	1	1	1	1	1	1	1
OG0011541	2	1	1	1	1	1	1	1	1	1	1	1	1	1	1	1	1
OG0011542	1	2	1	0	1	1	1	1	1	1	1	1	1	1	1	1	1
OG0011543	1	1	1	1	1	1	1	1	1	1	1	1	1	1	1	1	1
OG0011544	1	1	1	1	1	1	1	1	1	1	1	1	1	1	1	1	1
OG0011545	1	1	1	1	1	1	1	1	1	1	1	1	1	1	1	1	1
OG0011546	1	1	1	1	1	1	1	1	1	1	1	1	1	1	1	1	1
OG0011547	1	1	2	1	2	1	1	1	0	1	1	1	1	1	1	1	1
OG0011548	2	1	1	1	1	1	1	1	1	1	1	1	1	1	1	1	1
OG0011549	1	1	1	1	1	1	1	1	1	1	1	1	1	1	1	1	1
OG0011550	1	1	1	1	1	1	1	1	1	1	1	1	1	1	1	1	1
OG0011551	1	2	1	0	1	1	1	1	1	1	1	1	1	1	1	1	1
OG0011552	1	1	1	0	1	2	1	0	1	1	1	1	1	1	1	1	1
OG0011553	1	1	1	1	1	1	1	1	1	1	1	1	1	1	1	1	1
OG0011554	1	2	1	1	1	1	1	1	1	1	1	1	1	1	1	1	1
OG0011555	1	1	1	1	1	1	1	1	1	1	1	1	1	1	1	1	1
OG0011556	1	1	1	1	1	1	1	1	1	1	1	1	1	1	1	1	1
OG0011557	1	1	1	1	1	1	1	1	1	1	1	1	1	1	1	1	1
OG0011558	1	2	1	1	1	1	0	1	1	1	1	1	1	1	1	1	1
OG0011559	1	1	1	1	1	1	1	1	1	1	1	1	1	1	1	1	1
OG0011560	1	1	1	1	1	1	1	1	1	1	1	1	1	1	1	1	1
OG0011561	1	1	1	1	1	1	1	1	1	1	1	1	1	1	1	1	1
OG0011562	1	1	1	1	1	1	1	1	1	1	1	1	1	1	1	1	1
OG0011563	1	1	1	1	1	1	1	1	1	1	1	1	1	1	1	1	1
OG0011564	1	1	1	1	1	1	1	1	1	1	1	1	1	1	1	1	1
OG0011565	1	1	1	0	1	1	1	1	1	1	1	1	1	1	1	1	1
OG0011566	1	2	1	0	1	1	1	1	1	1	1	1	1	1	1	1	1
OG0011567	1	1	1	1	1	1	1	1	1	1	1	1	1	1	1	1	1
OG0011568	1	1	2	0	1	1	1	1	1	1	1	1	1	1	1	1	1
OG0011569	1	1	1	2	1	1	1	1	0	1	1	1	1	1	1	1	1
OG0011570	1	1	2	2	2	1	0	1	0	1	2	2	2	2	1	1	1
OG0011571	2	2	1	1	1	1	0	1	0	1	1	1	1	1	1	1	1
OG0011572	1	1	1	1	1	1	1	1	1	1	1	1	1	1	1	1	1
OG0011573	1	1	1	1	1	1	1	1	1	1	1	1	1	1	1	1	1
OG0011574	1	1	1	1	1	1	1	1	2	1	1	1	1	1	1	1	1
OG0011575	1	1	1	1	1	1	1	1	1	1	1	1	1	1	1	1	1
OG0011576	1	1	1	1	1	1	1	1	1	1	1	1	1	1	1	1	1
OG0011577	1	1	1	1	1	1	1	1	1	1	1	1	1	1	1	1	1
OG0011578	1	1	2	1	1	1	1	1	0	1	1	1	1	1	1	1	1
OG0011579	2	2	1	0	1	1	1	1	1	1	1	1	1	1	1	1	1
OG0011580	1	1	1	1	1	1	1	1	1	1	1	1	1	1	1	1	1
OG0011581	1	1	1	1	1	1	1	1	1	1	1	1	1	1	1	1	1
OG0011582	1	2	1	0	1	1	1	1	1	1	1	1	1	1	1	1	1
OG0011583	2	1	1	0	1	1	1	1	1	1	1	1	1	1	1	1	1
OG0011584	2	0	1	2	1	1	1	1	0	1	1	1	1	1	1	1	1
OG0011585	1	1	1	1	1	1	1	1	1	1	1	1	1	1	1	1	1
OG0011586	1	1	1	1	1	1	1	1	1	1	1	1	1	1	1	1	1
OG0011587	1	1	1	0	1	1	1	1	1	1	1	1	1	1	1	1	1
OG0011588	1	1	1	1	1	1	1	1	1	1	1	1	1	1	1	1	1
OG0011589	1	2	1	0	1	1	1	1	1	1	1	1	1	1	1	1	1
OG0011590	1	1	1	1	1	1	1	1	1	1	1	1	1	1	1	1	1
OG0011591	1	1	1	1	1	1	1	1	1	1	1	1	1	1	1	1	1
OG0011592	1	2	1	0	1	1	1	1	1	1	1	1	1	1	1	1	1
OG0011593	1	1	1	1	1	1	1	1	1	1	1	1	1	1	1	1	1
OG0011594	1	2	2	0	1	1	1	1	1	1	1	2	1	1	1	1	1
OG0011595	1	1	1	1	1	1	1	1	1	1	1	1	1	1	1	1	1
OG0011596	1	1	1	1	1	1	1	1	1	1	1	1	1	1	1	1	1
OG0011597	1	1	1	1	1	1	1	1	1	1	1	1	1	1	1	1	1
OG0011598	1	1	1	1	1	1	1	1	1	1	1	1	1	1	1	1	1
OG0011599	1	2	1	1	1	1	1	1	0	1	1	1	1	1	1	1	1
OG0011600	1	2	1	1	1	1	1	1	1	1	1	1	1	1	1	1	1
OG0011601	1	1	1	1	1	1	1	1	1	1	1	1	1	1	1	1	1
OG0011602	1	1	1	1	1	1	1	1	1	1	1	1	1	1	1	1	1
OG0011603	1	1	1	1	1	1	1	1	1	1	1	1	1	1	1	1	1
OG0011604	1	1	1	1	1	0	1	1	2	1	1	1	1	1	1	1	1
OG0011605	1	1	1	2	1	1	1	1	1	1	1	1	1	1	1	1	1
OG0011606	1	1	1	1	1	1	1	1	1	1	1	1	1	1	1	1	1
OG0011607	1	1	1	1	1	1	1	1	1	1	1	1	1	1	1	1	1
OG0011608	1	1	1	1	1	1	1	1	1	1	1	1	1	1	1	1	1
OG0011609	1	1	1	1	1	1	1	1	1	1	1	1	1	1	1	1	1
OG0011610	1	1	1	1	1	1	1	1	1	1	1	1	1	1	1	1	1
OG0011611	1	1	1	1	1	1	1	1	1	1	1	1	1	1	1	1	1
OG0011612	1	1	1	1	2	1	1	1	1	1	1	1	1	1	1	1	1
OG0011613	1	1	1	1	1	1	1	1	1	1	1	1	1	1	1	1	1
OG0011614	1	1	1	1	1	1	1	1	1	1	1	1	1	1	1	1	1
OG0011615	1	1	1	1	1	1	1	1	1	1	1	1	1	1	1	1	1
OG0011616	1	1	1	1	1	1	1	1	1	1	1	1	1	1	1	1	1
OG0011617	1	1	1	1	1	1	0	1	1	1	1	1	1	1	1	1	1
OG0011618	1	1	1	1	1	1	1	1	1	1	1	1	1	1	1	1	1
OG0011619	1	1	1	1	1	1	1	1	1	1	1	1	1	1	1	1	1
OG0011620	1	1	1	1	1	1	1	1	1	1	1	1	1	1	1	1	1
OG0011621	1	1	1	1	1	1	1	1	1	1	1	1	1	1	1	1	1
OG0011622	1	1	1	1	1	1	1	1	1	1	1	1	1	1	1	1	1
OG0011623	1	1	1	1	1	1	1	1	1	1	1	1	1	1	1	1	1
OG0011624	1	1	1	1	1	1	1	1	1	1	1	1	1	1	1	1	1
OG0011625	1	1	1	1	1	1	1	1	1	1	1	1	1	1	1	1	1
OG0011626	1	1	1	1	1	1	1	1	1	1	1	1	1	1	1	1	1
OG0011627	1	1	1	0	1	1	1	1	1	1	1	1	1	1	1	1	1
OG0011628	1	1	1	1	1	1	1	1	1	1	1	1	1	1	1	1	1
OG0011629	1	1	1	1	1	1	1	1	1	1	1	1	1	1	1	1	1
OG0011630	1	1	1	1	1	1	1	1	1	1	1	1	1	1	1	1	1
OG0011631	1	1	1	1	1	1	1	1	1	1	1	1	1	1	1	1	1
OG0011632	1	3	1	1	1	1	1	1	0	1	1	1	1	1	1	1	1
OG0011633	1	1	1	1	1	1	1	1	1	1	1	1	1	1	1	1	1
OG0011634	1	1	2	1	1	1	1	1	1	1	1	1	1	1	1	1	1
OG0011635	1	1	1	1	1	1	1	1	1	1	1	1	1	1	1	1	1
OG0011636	1	1	1	1	1	1	1	1	1	1	1	1	1	1	1	1	1
OG0011637	1	1	1	1	1	1	1	1	1	1	1	1	1	1	1	1	1
OG0011638	1	1	1	1	1	1	1	1	1	1	1	1	1	1	1	1	1
OG0011639	1	2	1	0	1	1	1	1	1	1	1	1	1	1	1	1	1
OG0011640	1	1	1	0	1	1	1	1	1	1	1	1	1	1	1	1	1
OG0011641	1	1	1	1	1	1	1	1	1	1	1	1	1	1	1	1	1
OG0011642	1	1	1	1	1	1	1	1	1	1	1	1	1	1	1	1	1
OG0011643	1	1	1	1	1	1	1	1	1	1	1	1	1	1	1	1	1
OG0011644	1	0	1	3	1	1	1	1	0	1	1	1	1	1	1	1	1
OG0011645	1	1	1	1	1	1	1	1	1	1	1	1	1	1	1	1	1
OG0011646	1	1	1	1	1	1	1	1	1	1	1	1	1	1	1	1	1
OG0011647	1	2	1	1	1	1	1	1	1	1	1	1	1	1	1	1	1
OG0011648	1	1	1	1	2	1	1	1	1	1	1	1	1	1	1	1	1
OG0011649	1	1	1	1	1	1	1	1	1	1	1	1	1	1	1	1	1
OG0011650	1	1	2	1	1	0	1	1	2	1	1	1	1	1	1	1	1
OG0011651	1	1	1	1	1	1	1	1	1	1	1	1	1	1	1	1	1
OG0011652	1	1	1	1	1	1	1	1	1	1	1	1	1	1	1	1	1
OG0011653	1	1	1	1	1	1	1	1	1	1	1	1	1	1	1	1	1
OG0011654	1	2	1	1	1	1	0	1	1	1	1	1	1	1	1	1	1
OG0011655	1	2	1	1	1	1	1	1	1	1	1	1	1	1	1	1	1
OG0011656	1	1	1	1	1	1	1	1	1	1	1	1	1	1	1	1	1
OG0011657	1	1	1	1	1	1	1	1	1	1	1	1	1	1	1	1	1
OG0011658	1	1	2	1	1	1	1	1	0	1	1	1	1	1	1	1	1
OG0011659	1	1	1	1	1	1	1	1	1	1	1	1	1	1	1	1	1
OG0011660	1	1	1	1	1	1	1	1	1	1	1	1	1	1	1	1	1
OG0011661	1	1	1	1	1	1	1	1	1	1	1	1	1	1	1	1	1
OG0011662	1	1	1	1	1	1	1	1	1	1	1	1	1	1	1	1	1
OG0011663	1	1	1	1	1	1	1	1	1	1	1	1	1	1	1	1	1
OG0011664	1	1	1	1	1	1	1	1	1	1	1	1	1	1	1	1	1
OG0011665	1	1	1	1	1	1	1	1	1	1	1	1	1	1	1	1	1
OG0011666	1	1	1	1	1	1	1	1	1	1	1	1	1	1	1	1	1
OG0011667	1	1	1	1	1	1	1	1	1	1	1	1	1	1	1	1	1
OG0011668	1	2	1	0	1	1	1	1	1	1	1	1	1	1	1	1	1
OG0011669	1	1	1	1	1	1	1	1	1	1	1	1	1	1	1	1	1
OG0011670	1	1	1	1	1	1	1	1	1	1	1	1	1	1	1	1	1
OG0011671	1	1	1	1	1	1	1	1	1	1	1	1	1	1	1	1	1
OG0011672	1	2	1	1	1	1	0	1	1	1	1	1	1	1	1	1	1
OG0011673	1	1	2	1	1	1	1	1	0	1	1	1	1	1	1	1	1
OG0011674	1	1	1	1	1	1	1	1	1	1	1	1	1	1	1	1	1
OG0011675	1	1	1	1	1	1	1	1	1	1	1	1	1	1	1	1	1
OG0011676	1	1	1	1	1	1	1	1	1	1	1	1	1	1	1	1	1
OG0011677	1	1	1	1	1	1	1	1	1	1	1	1	1	1	1	1	1
OG0011678	1	1	1	1	1	1	1	1	1	1	1	1	1	1	1	1	1
OG0011679	1	1	1	1	1	1	1	1	1	1	1	1	1	1	1	1	1
OG0011680	1	1	1	1	1	1	1	1	1	1	1	1	1	1	1	1	1
OG0011681	1	1	1	1	2	1	0	1	1	1	1	1	1	1	1	1	1
OG0011682	1	1	1	1	1	1	1	1	1	1	1	1	1	1	1	1	1
OG0011683	1	1	1	1	1	1	1	1	1	1	1	1	1	1	1	1	1
OG0011684	1	1	1	1	1	1	1	1	1	1	1	1	1	1	1	1	1
OG0011685	1	1	1	2	1	1	1	1	1	1	1	1	1	1	1	1	1
OG0011686	1	1	1	1	1	1	1	1	1	1	1	1	1	1	1	1	1
OG0011687	1	1	1	1	1	1	2	1	1	1	1	1	1	1	1	1	1
OG0011688	1	1	1	1	1	1	2	1	1	1	1	1	1	1	1	1	1
OG0011689	1	1	1	1	1	1	1	1	1	1	1	1	1	1	1	1	1
OG0011690	1	1	2	1	1	1	1	1	1	1	1	1	1	1	1	1	1
OG0011691	1	1	1	1	1	1	1	1	1	1	1	1	1	1	1	1	1
OG0011692	1	1	1	1	1	1	1	1	1	1	1	1	1	1	1	1	1
OG0011693	1	1	1	1	1	1	1	1	1	1	1	1	1	1	1	1	1
OG0011694	1	2	1	1	1	1	1	1	0	1	1	1	1	1	1	1	1
OG0011695	1	0	2	1	1	1	1	1	1	1	1	1	1	1	1	1	1
OG0011696	1	1	1	1	1	1	1	1	1	1	1	1	1	1	1	1	1
OG0011697	1	1	1	0	1	1	1	1	1	1	1	1	1	1	1	1	1
OG0011698	1	1	1	1	1	1	1	1	1	1	1	1	1	1	1	1	1
OG0011699	1	2	2	0	1	1	1	1	1	1	1	2	1	1	1	1	1
OG0011700	1	1	1	1	1	1	1	1	1	1	1	1	1	1	1	1	1
OG0011701	1	1	2	1	1	1	0	1	1	1	1	1	1	1	1	1	1
OG0011702	1	1	1	1	1	1	1	1	1	1	1	1	1	1	1	1	1
OG0011703	1	1	1	1	1	1	1	1	1	1	1	1	1	1	1	1	1
OG0011704	1	1	1	1	1	1	1	1	1	1	1	1	1	1	1	1	1
OG0011705	1	1	1	1	1	1	1	1	1	1	1	1	1	1	1	1	1
OG0011706	1	1	1	0	2	1	1	1	1	1	1	1	1	1	1	1	1
OG0011707	1	1	1	1	1	1	1	1	1	1	1	1	1	1	1	1	1
OG0011708	1	1	1	1	1	1	0	1	2	1	1	1	1	1	1	1	1
OG0011709	1	1	1	1	1	1	1	1	1	1	1	1	1	1	1	1	1
OG0011710	1	1	1	2	1	1	1	1	0	1	1	1	1	1	1	1	1
OG0011711	1	1	1	1	1	1	1	1	1	1	1	1	1	1	1	1	1
OG0011712	1	1	1	1	1	1	1	1	1	1	1	1	1	1	1	1	1
OG0011713	1	1	1	0	2	1	0	1	1	1	1	1	1	1	1	1	1
OG0011714	1	1	1	1	1	1	1	1	1	1	1	1	1	1	1	1	1
OG0011715	1	2	1	2	1	1	1	0	1	1	1	1	1	1	1	1	1
OG0011716	1	1	1	1	1	2	1	1	0	1	1	1	1	1	1	1	1
OG0011717	1	2	1	1	1	1	1	1	1	1	1	1	1	1	1	1	1
OG0011718	1	1	1	1	1	1	1	1	1	1	1	1	1	1	1	1	1
OG0011719	1	2	1	1	1	1	1	1	1	1	1	1	1	1	1	1	1
OG0011720	1	1	1	1	1	1	1	1	1	1	1	1	1	1	1	1	1
OG0011721	1	1	1	1	1	1	1	1	1	1	1	1	1	1	1	1	1
OG0011722	1	1	1	1	1	1	1	1	1	1	1	1	1	1	1	1	1
OG0011723	1	1	1	1	1	1	1	1	1	1	1	1	1	1	1	1	1
OG0011724	1	1	1	1	1	1	1	1	1	1	1	1	1	1	1	1	1
OG0011725	1	1	2	1	1	1	1	1	0	1	1	1	1	1	1	1	1
OG0011726	1	1	1	1	1	1	1	1	1	1	1	1	1	1	1	1	1
OG0011727	1	1	1	1	1	1	1	1	1	1	1	1	1	1	1	1	1
OG0011728	1	1	1	1	1	1	1	1	1	1	1	1	1	1	1	1	1
OG0011729	1	1	1	1	1	1	1	1	1	1	1	1	1	1	1	1	1
OG0011730	1	1	1	1	1	1	1	1	1	1	1	1	1	1	1	1	1
OG0011731	1	1	1	1	1	1	1	1	1	1	1	1	1	1	1	1	1
OG0011732	1	1	1	1	1	1	1	1	1	1	1	1	1	1	1	1	1
OG0011733	1	1	1	1	1	1	1	1	1	1	1	1	1	1	1	1	1
OG0011734	1	2	1	3	1	1	1	1	0	1	1	1	1	1	1	1	1
OG0011735	1	1	1	1	1	1	1	1	1	1	1	1	1	1	1	1	1
OG0011736	1	2	1	1	1	1	1	1	1	1	1	1	1	1	1	1	1
OG0011737	1	1	1	1	1	1	1	1	1	1	1	1	1	1	1	1	1
OG0011738	1	1	1	1	1	1	1	1	1	1	1	1	1	1	1	1	1
OG0011739	1	1	1	1	1	1	1	1	1	1	1	1	1	1	1	1	1
OG0011740	1	1	1	2	1	1	1	1	1	1	1	1	1	1	1	1	1
OG0011741	1	2	1	0	1	1	1	1	1	1	1	1	1	1	1	1	1
OG0011742	1	1	1	1	1	1	1	1	1	1	1	1	1	1	1	1	1
OG0011743	1	1	1	1	1	1	1	1	1	1	1	1	1	1	1	1	1
OG0011744	1	1	1	1	1	1	1	1	1	1	1	1	1	1	1	1	1
OG0011745	1	1	1	1	1	1	1	1	1	1	1	1	1	1	1	1	1
OG0011746	1	1	1	1	1	1	1	1	1	1	1	1	1	1	1	1	1
OG0011747	1	2	1	1	1	1	1	1	1	1	1	1	1	1	1	1	1
OG0011748	1	1	1	1	1	1	1	1	1	1	1	1	1	1	1	1	1
OG0011749	1	1	1	1	1	1	1	1	1	1	1	1	1	1	1	1	1
OG0011750	1	1	2	1	1	1	1	1	1	1	1	1	1	1	1	1	1
OG0011751	1	1	1	1	1	1	1	1	1	1	1	1	1	1	1	1	1
OG0011752	1	1	1	1	1	1	1	1	1	1	1	1	1	1	1	1	1
OG0011753	1	1	1	1	1	1	1	1	1	1	1	1	1	1	1	1	1
OG0011754	1	1	1	1	1	1	1	1	1	1	1	1	1	1	1	1	1
OG0011755	1	1	1	1	1	1	1	1	1	1	1	1	1	1	1	1	1
OG0011756	1	1	1	1	1	1	1	1	1	1	1	1	1	1	1	1	1
OG0011757	1	1	1	1	1	1	1	1	1	1	1	1	1	1	1	1	1
OG0011758	1	1	1	1	1	1	1	1	1	1	1	1	1	1	1	1	1
OG0011759	1	1	1	1	1	1	1	1	1	1	1	1	1	1	1	1	1
OG0011760	1	2	1	1	1	1	1	1	1	1	1	1	1	1	1	1	1
OG0011761	1	1	2	1	1	1	1	1	1	1	1	1	1	1	1	1	1
OG0011762	1	1	1	2	1	1	1	1	1	1	1	1	1	1	1	1	1
OG0011763	1	1	1	1	1	1	1	1	1	1	1	1	1	1	1	1	1
OG0011764	1	2	1	1	1	1	1	1	1	1	1	1	1	1	1	1	1
OG0011765	1	1	1	1	1	1	1	1	1	1	1	1	1	1	1	1	1
OG0011766	1	1	1	1	1	1	1	1	1	1	1	1	1	1	1	1	1
OG0011767	1	2	1	1	1	1	1	1	1	1	1	1	1	1	1	1	1
OG0011768	1	1	1	1	1	1	1	1	1	1	1	1	1	1	1	1	1
OG0011769	1	1	1	1	1	1	1	1	1	1	1	1	1	1	1	1	1
OG0011770	1	1	1	1	1	1	1	1	1	1	1	1	1	1	1	1	1
OG0011771	1	2	1	1	1	1	1	1	1	1	1	1	1	1	1	1	1
OG0011772	1	1	1	1	1	1	1	1	1	1	1	1	1	1	1	1	1
OG0011773	1	2	1	1	1	1	0	1	1	1	1	1	1	1	1	1	1
OG0011774	1	2	1	1	1	1	1	1	1	1	1	1	1	1	1	1	1
OG0011775	1	1	1	1	1	1	1	1	1	1	1	1	1	1	1	1	1
OG0011776	1	1	1	1	1	1	1	1	1	1	1	1	1	1	1	1	1
OG0011777	1	1	1	1	1	1	1	1	1	1	1	1	1	1	1	1	1
OG0011778	1	1	1	1	1	1	1	1	1	1	1	1	1	1	1	1	1
OG0011779	1	2	1	1	1	1	1	1	1	1	1	1	1	1	1	1	1
OG0011780	1	2	1	1	1	1	1	0	1	1	1	1	1	1	1	1	1
OG0011781	1	1	1	1	1	1	1	1	1	1	1	1	1	1	1	1	1
OG0011782	1	1	1	1	1	1	1	1	1	1	1	1	1	1	1	1	1
OG0011783	1	2	1	0	1	1	1	1	1	1	1	1	1	1	1	1	1
OG0011784	1	1	1	1	1	1	1	1	1	1	1	1	1	1	1	1	1
OG0011785	1	1	1	1	1	1	1	1	1	1	1	1	1	1	1	1	1
OG0011786	1	1	1	1	1	1	1	1	1	1	1	1	1	1	1	1	1
OG0011787	1	1	1	1	1	1	1	1	1	1	1	1	1	1	1	1	1
OG0011788	1	3	1	0	1	1	1	1	1	1	1	1	1	1	1	1	1
OG0011789	2	1	1	0	1	1	1	1	1	1	1	1	1	1	1	1	1
OG0011790	1	1	1	1	1	1	1	1	1	1	1	1	1	1	1	1	1
OG0011791	1	1	1	1	1	1	1	1	1	1	1	1	1	1	1	1	1
OG0011792	1	1	1	1	1	1	1	1	1	1	1	1	1	1	1	1	1
OG0011793	1	1	1	1	1	1	1	1	1	1	1	1	1	1	1	1	1
OG0011794	1	1	1	1	1	1	1	1	1	1	1	1	1	1	1	1	1
OG0011795	1	1	1	1	1	1	1	1	1	1	1	1	1	1	1	1	1
OG0011796	1	1	1	1	1	1	1	1	1	1	1	1	1	1	1	1	1
OG0011797	1	1	1	0	1	1	1	1	1	1	1	1	1	1	1	1	1
OG0011798	1	1	1	1	1	1	1	1	1	1	1	1	1	1	1	1	1
OG0011799	1	2	1	2	1	1	1	0	1	1	1	1	1	1	1	1	1
OG0011800	1	2	1	1	1	1	0	1	1	1	1	1	1	1	1	1	1
OG0011801	1	1	1	1	1	1	1	1	1	1	1	1	1	1	1	1	1
OG0011802	1	1	1	1	1	1	1	1	1	1	1	1	1	1	1	1	1
OG0011803	1	1	1	1	1	1	1	1	1	1	1	1	1	1	1	1	1
OG0011804	1	2	1	1	1	1	1	1	1	1	1	1	1	1	1	1	1
OG0011805	1	1	1	1	1	1	1	1	1	1	1	1	1	1	1	1	1
OG0011806	1	1	1	1	1	1	1	1	2	1	1	1	1	1	1	1	1
OG0011807	1	1	1	1	1	1	1	1	1	1	1	1	1	1	1	1	1
OG0011808	1	0	0	0	3	1	0	2	1	1	1	0	1	1	1	1	1
OG0011809	1	0	1	0	4	0	0	3	0	1	1	1	1	1	1	1	1
OG0011810	1	0	0	0	4	0	0	3	0	1	1	0	1	1	1	1	1
OG0012153	1	1	1	2	1	1	1	1	0	1	1	1	1	1	1	1	1
OG0012154	1	1	1	1	1	1	1	1	1	1	1	1	1	1	1	1	1
OG0012155	1	1	1	0	1	1	1	1	1	1	1	1	1	1	1	1	1
OG0012156	1	2	1	0	1	1	1	1	1	1	1	1	1	1	1	1	1
OG0012157	2	1	1	0	1	1	1	1	1	1	1	1	1	1	1	1	1
OG0012158	3	1	1	1	1	0	1	1	1	1	1	1	1	1	1	1	1
OG0012161	1	1	1	1	1	1	1	1	1	1	1	1	1	1	1	1	1
OG0012162	1	1	1	1	1	1	1	1	1	1	1	1	1	1	1	1	1
OG0012163	1	1	1	1	1	1	1	1	1	1	1	1	1	1	1	1	1
OG0012167	4	1	1	1	1	0	1	1	1	2	1	1	1	1	1	1	1
OG0012168	1	2	1	0	1	1	1	1	1	1	1	1	1	1	1	1	1
OG0012169	1	0	0	0	0	0	0	1	4	1	1	0	1	1	1	1	1
OG0012170	1	1	1	1	1	1	1	1	0	1	1	1	1	1	1	1	1
OG0012172	1	1	1	0	1	1	1	1	1	1	1	1	1	1	1	1	1
OG0012175	1	1	1	1	1	1	1	1	0	1	1	1	1	1	1	1	1
OG0012176	1	2	1	1	1	1	1	1	0	1	1	1	1	1	1	1	1
OG0012177	2	0	1	1	1	1	1	1	0	1	1	1	1	1	1	1	1
OG0012180	2	1	1	1	1	1	1	0	1	1	1	1	1	1	1	1	1
OG0012181	2	1	1	0	1	1	1	1	1	1	1	1	1	1	1	1	1
OG0012182	1	1	1	1	1	1	1	1	1	1	1	1	1	1	1	1	1
OG0012183	1	1	1	0	1	1	1	1	1	1	1	1	1	1	1	1	1
OG0012184	1	1	1	1	1	1	1	1	1	1	1	1	1	1	1	1	1
OG0012185	2	1	1	1	1	1	1	1	0	1	1	1	1	1	1	1	1
OG0012186	1	1	1	1	1	1	1	1	1	1	1	1	1	1	1	1	1
OG0012187	1	2	1	1	1	0	1	1	1	1	1	1	1	1	1	1	1
OG0012188	2	0	0	1	2	1	1	1	1	1	1	0	1	1	1	1	1
OG0012189	1	1	1	1	1	1	1	1	1	1	1	1	1	1	1	1	1
OG0012190	1	2	1	1	1	1	1	1	0	1	1	1	1	1	1	1	1
OG0012191	2	1	1	0	1	1	1	1	0	1	1	1	1	1	1	1	1
OG0012192	1	1	1	1	1	1	1	1	1	1	1	1	1	1	1	1	1
OG0012193	1	1	1	1	1	1	1	1	0	1	1	1	1	1	1	1	1
OG0012194	1	1	1	1	1	1	1	1	0	1	1	1	1	1	1	1	1
OG0012195	1	2	1	1	1	1	1	1	0	1	1	1	1	1	1	1	1
OG0012196	2	2	2	1	1	1	1	0	0	1	1	2	1	1	1	1	0
OG0012197	1	1	1	1	0	1	1	1	1	1	1	1	1	1	1	1	1
OG0012198	1	1	1	1	1	1	1	1	1	1	1	1	1	1	1	1	1
OG0012199	1	1	1	1	1	1	1	1	1	1	1	1	1	1	1	1	1
OG0012200	1	1	1	0	1	1	1	1	1	1	1	1	1	1	1	1	1
OG0012201	1	1	1	1	1	1	1	1	1	1	1	1	1	1	1	1	1
OG0012202	1	0	0	2	0	0	2	1	2	1	1	0	1	1	1	2	2
OG0012203	3	1	1	1	1	1	1	1	0	1	1	1	1	1	1	1	1
OG0012204	1	1	1	1	1	1	1	1	1	1	1	1	1	1	1	1	1
OG0012205	1	1	1	1	1	1	1	1	1	1	1	1	1	1	1	1	1
OG0012206	2	1	1	1	1	1	1	1	0	1	1	1	1	1	1	1	1
OG0012207	2	0	1	1	1	1	1	1	0	1	1	1	1	1	1	1	1
OG0012208	1	1	1	0	1	1	1	1	1	1	1	1	1	1	1	1	1
OG0012209	1	1	1	1	1	1	1	1	0	1	1	1	1	1	1	1	1
OG0012210	2	3	1	0	1	0	1	1	1	1	1	1	1	1	1	1	1
OG0012211	1	1	1	1	1	1	1	1	1	1	1	1	1	1	1	1	1
OG0012212	3	1	1	1	1	0	1	1	1	1	1	1	1	1	1	1	1
OG0012213	1	2	1	1	1	1	0	1	0	1	1	1	1	1	1	1	1
OG0012214	1	1	1	0	1	1	1	1	1	1	1	1	1	1	1	1	1
OG0012215	2	1	1	1	1	1	1	1	0	1	1	1	1	1	1	1	1
OG0012216	2	1	1	1	1	1	1	1	0	1	1	1	1	1	1	1	1
OG0012217	1	2	1	1	2	1	1	0	1	1	1	1	1	1	1	1	1
OG0012218	1	1	1	1	1	1	1	1	1	1	1	1	1	1	1	1	1
OG0012219	1	1	1	1	1	1	1	1	0	1	1	1	1	1	1	1	1
OG0012220	1	1	1	0	1	1	1	1	1	1	1	1	1	1	1	1	1
OG0012221	1	1	1	1	1	1	1	1	0	1	1	1	1	1	1	1	1
OG0012222	3	1	1	1	1	0	1	1	0	1	1	1	1	1	1	1	1
OG0012223	1	1	2	0	1	1	1	1	1	1	1	1	1	1	1	1	1
OG0012224	2	2	1	0	1	1	0	1	1	1	1	1	1	1	1	1	1
OG0012225	2	0	1	1	1	1	1	1	1	1	1	1	1	1	1	1	1
OG0012226	2	1	1	1	1	1	1	1	0	1	1	1	1	1	1	1	1
OG0012227	1	1	1	1	1	1	1	1	1	1	1	1	1	1	1	1	1
OG0012228	2	1	1	1	0	1	1	1	0	1	1	1	1	1	1	1	1
OG0012229	1	2	1	0	1	1	1	1	0	1	1	1	1	1	1	1	1
OG0012230	4	1	1	1	1	1	1	0	0	2	1	1	1	1	1	1	0
OG0012231	1	1	1	1	1	1	1	1	1	1	1	1	1	1	1	1	1
OG0012232	1	1	1	0	1	1	1	1	0	1	1	1	1	1	1	1	1
OG0012233	1	0	1	1	1	1	1	1	1	1	1	1	1	1	1	1	1
OG0012234	1	1	1	0	1	1	1	1	1	1	1	1	1	1	1	1	1
OG0012235	1	4	1	1	1	0	1	1	0	1	1	1	1	1	1	1	1
OG0012236	1	1	1	1	1	1	1	1	1	1	1	1	1	1	1	1	1
OG0012237	1	1	1	1	1	1	1	1	0	1	1	1	1	1	1	1	1
OG0012238	1	1	1	3	1	0	1	1	1	1	1	1	1	1	1	1	1
OG0012239	2	1	1	1	1	1	1	1	0	1	1	1	1	1	1	1	1
OG0012240	1	1	1	1	1	1	0	1	1	1	1	1	1	1	1	1	1
OG0012241	1	1	1	1	1	1	1	1	1	1	1	1	1	1	1	1	1
OG0012242	1	2	1	1	1	1	1	0	1	1	1	1	1	1	1	1	1
OG0012243	1	1	1	0	1	1	1	1	1	1	1	1	1	1	1	1	1
OG0012244	1	2	1	1	1	1	1	1	0	1	1	1	1	1	1	1	1
OG0012245	1	2	1	1	1	1	1	1	0	1	1	1	1	1	1	1	1
OG0012246	2	0	1	1	1	1	1	1	0	1	1	1	1	1	1	1	1
OG0012247	1	1	1	0	1	1	1	1	1	1	1	1	1	1	1	1	1
OG0012248	1	1	1	1	1	1	0	1	1	1	1	1	1	1	1	1	1
OG0012249	1	1	1	1	1	1	1	1	1	1	1	1	1	1	1	1	1
OG0012250	1	2	1	1	1	1	1	0	1	1	1	1	1	1	1	1	1
OG0012251	1	1	1	0	1	1	1	1	1	1	1	1	1	1	1	1	1
OG0012252	1	0	1	1	1	1	1	1	1	1	1	1	1	1	1	1	1
OG0012253	1	1	1	0	1	1	1	1	1	1	1	1	1	1	1	1	1
OG0012254	1	1	1	1	1	1	1	1	1	1	1	1	1	1	1	1	1
OG0012255	2	1	1	1	1	1	1	1	0	1	1	1	1	1	1	1	1
OG0012256	1	1	1	1	1	1	1	1	0	1	1	1	1	1	1	1	1
OG0012257	1	1	1	1	1	1	1	1	1	1	1	1	1	1	1	1	1
OG0012258	1	1	1	1	1	1	1	1	0	1	1	1	1	1	1	1	1
OG0012259	1	1	1	0	1	1	1	1	1	1	1	1	1	1	1	1	1
OG0012260	1	1	1	2	1	0	1	1	1	1	1	1	1	1	1	1	1
OG0012261	1	1	1	1	1	1	1	1	1	1	1	1	1	1	1	1	1
OG0012262	1	1	1	1	0	1	1	1	1	1	1	1	1	1	1	1	1
OG0012263	2	2	2	1	1	1	1	0	0	1	1	2	1	1	1	1	0
OG0012264	1	1	1	1	1	1	1	1	1	1	1	1	1	1	1	1	1
OG0012265	3	1	1	1	1	1	1	1	0	1	1	1	1	1	1	1	1
OG0012266	1	1	1	1	1	1	1	1	1	1	1	1	1	1	1	1	1
OG0012267	1	1	1	1	1	1	1	1	0	1	1	1	1	1	1	1	1
OG0012268	1	1	1	1	1	1	1	1	1	1	1	1	1	1	1	1	1
OG0012269	1	1	1	1	1	1	1	1	1	1	1	1	1	1	1	1	1
OG0012270	1	1	1	1	1	1	1	1	0	1	1	1	1	1	1	1	1
OG0012271	1	1	1	1	1	1	1	1	1	1	1	1	1	1	1	1	1
OG0012272	1	1	1	1	1	1	1	1	1	1	1	1	1	1	1	1	1
OG0012273	1	2	1	1	1	1	0	1	1	1	1	1	1	1	1	1	1
OG0012274	1	1	1	1	1	1	1	1	1	1	1	1	1	1	1	1	1
OG0012275	1	2	1	0	1	1	1	1	1	1	1	1	1	1	1	1	1
OG0012276	1	2	1	1	1	0	1	1	1	1	1	1	1	1	1	1	1
OG0012277	1	2	1	1	1	1	1	1	0	1	1	1	1	1	1	1	1
OG0012278	1	1	1	0	1	1	1	1	1	1	1	1	1	1	1	1	1
OG0012279	1	2	1	0	1	1	1	1	0	1	1	1	1	1	1	1	1
OG0012280	1	1	1	1	1	1	1	1	0	1	1	1	1	1	1	1	1
OG0012281	1	1	1	2	1	1	1	1	0	1	1	1	1	1	1	1	1
OG0012282	1	1	1	1	1	1	1	1	1	1	1	1	1	1	1	1	1
OG0012283	1	2	1	1	1	0	1	1	1	1	1	1	1	1	1	1	1
OG0012284	1	2	1	1	1	0	1	1	1	1	1	1	1	1	1	1	1
OG0012285	2	2	1	1	1	0	1	1	0	1	1	1	1	1	1	1	1
OG0012286	1	1	1	1	1	1	1	1	0	1	1	1	1	1	1	1	1
OG0012287	1	2	1	2	0	2	1	0	0	1	1	1	1	1	1	1	0
OG0012288	1	1	1	1	1	1	1	1	1	1	1	1	1	1	1	1	1
OG0012289	1	1	1	0	1	1	1	1	1	1	1	1	1	1	1	1	1
OG0012290	1	1	1	1	1	1	1	1	1	1	1	1	1	1	1	1	1
OG0012291	1	2	1	1	1	1	1	0	1	1	1	1	1	1	1	1	1
OG0012292	1	1	1	0	1	1	1	1	1	1	1	1	1	1	1	1	1
OG0012293	1	1	1	0	1	1	1	1	1	1	1	1	1	1	1	1	1
OG0012294	1	1	1	1	1	1	1	1	1	1	1	1	1	1	1	1	1
OG0012295	2	2	1	1	1	1	0	1	0	1	1	1	1	1	1	1	1
OG0012296	2	1	1	1	3	0	0	1	1	1	1	1	1	1	1	1	1
OG0012297	1	1	1	0	1	1	1	1	1	1	1	1	1	1	1	1	1
OG0012298	1	0	1	1	1	1	1	1	1	1	1	1	1	1	1	1	1
OG0012299	1	0	1	1	1	1	1	1	1	1	1	1	1	1	1	1	1
OG0012300	1	2	0	0	1	1	1	1	1	1	1	1	1	1	1	1	1
OG0012301	1	1	1	1	1	1	1	1	1	1	1	1	1	1	1	1	1
OG0012302	1	1	1	1	1	1	1	1	1	1	1	1	1	1	1	1	1
OG0012303	1	1	1	1	1	1	1	1	0	1	1	1	1	1	1	1	1
OG0012304	1	1	1	1	1	1	1	1	1	1	1	1	1	1	1	1	1
OG0012305	1	1	1	1	1	1	1	1	1	1	1	1	1	1	1	1	1
OG0012306	1	0	1	1	1	0	1	2	2	1	1	1	1	1	1	1	2
OG0012307	1	1	1	1	1	1	1	1	1	1	1	1	1	1	1	1	1
OG0012308	2	1	1	1	1	1	0	1	1	1	1	1	1	1	1	1	1
OG0012309	1	1	1	0	1	1	1	1	1	1	1	1	1	1	1	1	1
OG0012310	1	2	1	1	1	1	0	1	0	1	1	1	1	1	1	1	1
OG0012311	1	1	1	1	1	1	1	1	1	1	1	1	1	1	1	1	1
OG0012312	1	1	1	1	1	1	1	1	1	1	1	1	1	1	1	1	1
OG0012313	1	1	1	1	1	1	1	1	1	1	1	1	1	1	1	1	1
OG0012314	1	1	1	0	1	1	1	1	1	1	1	1	1	1	1	1	1
OG0012315	1	3	1	1	1	1	1	1	0	1	1	1	1	1	1	1	1
OG0012316	1	1	1	1	1	1	0	1	1	1	1	1	1	1	1	1	1
OG0012317	1	1	1	1	1	1	1	1	1	1	1	1	1	1	1	1	1
OG0012318	1	1	1	1	1	1	1	1	1	1	1	1	1	1	1	1	1
OG0012319	1	1	1	1	1	1	1	1	0	1	1	1	1	1	1	1	1
OG0012320	1	1	1	1	1	1	0	1	1	1	1	1	1	1	1	1	1
OG0012321	1	1	1	0	1	1	1	1	1	1	1	1	1	1	1	1	1
OG0012322	1	1	1	0	1	1	1	1	1	1	1	1	1	1	1	1	1
OG0012323	1	1	1	0	1	1	1	1	1	1	1	1	1	1	1	1	1
OG0012324	1	2	1	1	1	1	1	1	0	1	1	1	1	1	1	1	1
OG0012325	1	1	1	1	1	1	1	1	1	1	1	1	1	1	1	1	1
OG0012326	1	1	1	1	1	1	1	1	1	1	1	1	1	1	1	1	1
OG0012327	1	1	1	1	1	1	1	1	1	1	1	1	1	1	1	1	1
OG0012328	1	1	1	1	1	1	1	1	1	1	1	1	1	1	1	1	1
OG0012329	1	1	1	1	1	1	1	1	1	1	1	1	1	1	1	1	1
OG0012330	1	1	1	1	1	1	1	1	1	1	1	1	1	1	1	1	1
OG0012331	1	1	1	1	1	1	1	1	1	1	1	1	1	1	1	1	1
OG0012332	2	1	1	1	1	1	1	1	1	1	1	1	1	1	1	1	1
OG0012333	2	1	1	1	1	1	0	1	1	1	1	1	1	1	1	1	1
OG0012334	1	1	1	1	1	1	1	1	1	1	1	1	1	1	1	1	1
OG0012335	2	2	1	0	0	1	1	1	0	1	1	1	1	1	1	1	1
OG0012336	1	1	1	0	1	1	1	1	1	1	1	1	1	1	1	1	1
OG0012337	1	1	1	1	1	1	1	1	0	1	1	1	1	1	1	1	1
OG0012338	1	1	1	1	1	1	0	1	1	1	1	1	1	1	1	1	1
OG0012339	1	1	1	1	1	1	1	1	1	1	1	1	1	1	1	1	1
OG0012340	1	1	1	0	2	1	1	1	1	1	1	1	1	1	1	1	1
OG0012341	1	1	1	1	1	1	1	1	0	1	1	1	1	1	1	1	1
OG0012342	1	2	1	1	1	1	1	0	1	1	1	1	1	1	1	1	1
OG0012343	1	1	1	1	1	1	1	1	1	1	1	1	1	1	1	1	1
OG0012344	1	1	1	0	1	1	1	1	1	1	1	1	1	1	1	1	1
OG0012345	1	2	1	1	1	1	1	0	1	1	1	1	1	1	1	1	1
OG0012346	1	2	2	1	1	1	1	0	0	1	1	2	1	1	1	1	0
OG0012347	1	1	1	1	1	1	1	1	1	1	1	1	1	1	1	1	1
OG0012348	1	1	1	1	1	1	1	1	1	1	1	1	1	1	1	1	1
OG0012349	2	2	1	1	1	0	1	1	1	1	1	1	1	1	1	1	1
OG0012350	2	1	1	1	1	0	1	1	1	1	1	1	1	1	1	1	1
OG0012351	1	1	2	0	1	1	1	1	1	1	1	1	1	1	1	1	1
OG0012352	1	1	1	1	0	1	1	1	1	1	1	1	1	1	1	1	1
OG0012353	1	1	1	0	1	1	1	1	1	1	1	1	1	1	1	1	1
OG0012354	1	1	1	0	1	1	1	1	1	1	1	1	1	1	1	1	1
OG0012355	1	1	1	1	1	1	1	1	0	1	1	1	1	1	1	1	1
OG0012356	2	1	1	1	1	1	1	1	0	1	1	1	1	1	1	1	1
OG0012357	1	1	1	0	1	1	1	1	1	1	1	1	1	1	1	1	1
OG0012358	1	1	1	0	1	1	1	1	1	1	1	1	1	1	1	1	1
OG0012359	1	1	1	1	1	1	1	1	1	1	1	1	1	1	1	1	1
OG0012360	1	2	1	1	1	1	1	1	0	1	1	1	1	1	1	1	1
OG0012361	1	1	1	1	1	1	0	1	1	1	1	1	1	1	1	1	1
OG0012362	1	1	1	1	1	1	1	1	0	1	1	1	1	1	1	1	1
OG0012363	1	1	1	1	1	1	1	1	0	1	1	1	1	1	1	1	1
OG0012364	1	1	1	1	1	1	1	1	1	1	1	1	1	1	1	1	1
OG0012365	2	1	1	1	1	1	1	1	1	1	1	1	1	1	1	1	1
OG0012366	1	1	1	1	1	1	1	1	0	1	1	1	1	1	1	1	1
OG0012367	1	1	1	1	1	1	1	1	1	1	1	1	1	1	1	1	1
OG0012368	2	1	1	1	1	1	0	1	0	1	1	1	1	1	1	1	1
OG0012369	1	2	1	1	1	1	1	0	1	1	1	1	1	1	1	1	1
OG0012370	1	1	1	2	1	1	0	1	1	1	1	1	1	1	1	1	1
OG0012371	1	1	1	0	1	1	1	1	1	1	1	1	1	1	1	1	1
OG0012372	1	1	1	1	1	1	1	1	1	1	1	1	1	1	1	1	1
OG0012373	1	1	1	0	1	1	1	1	1	1	1	1	1	1	1	1	1
OG0012374	2	1	1	1	1	1	1	1	0	1	1	1	1	1	1	1	1
OG0012375	1	1	1	1	1	1	1	1	1	1	1	1	1	1	1	1	1
OG0012376	1	1	1	0	1	1	1	1	1	1	1	1	1	1	1	1	1
OG0012377	2	1	1	0	1	1	1	1	1	1	1	1	1	1	1	1	1
OG0012378	1	1	1	1	1	1	1	1	1	1	1	1	1	1	1	1	1
OG0012379	2	2	1	0	1	1	1	0	1	1	1	1	1	1	1	1	1
OG0012380	1	1	1	1	0	1	1	1	1	1	1	1	1	1	1	1	1
OG0012381	1	1	1	1	1	1	1	1	0	1	1	1	1	1	1	1	1
OG0012382	1	1	1	0	1	1	1	1	1	1	1	1	1	1	1	1	1
OG0012383	2	1	1	1	1	1	1	1	0	1	1	1	1	1	1	1	1
OG0012384	1	1	1	1	1	1	1	1	1	1	1	1	1	1	1	1	1
OG0012385	3	1	1	1	1	0	1	1	1	1	1	1	1	1	1	1	1
OG0012386	1	1	1	1	1	1	1	1	1	1	1	1	1	1	1	1	1
OG0012387	1	1	1	1	1	1	0	1	1	1	1	1	1	1	1	1	1
OG0012388	2	1	1	1	1	0	0	1	2	1	1	1	1	1	1	1	1
OG0012389	1	1	1	1	1	1	1	1	1	1	1	1	1	1	1	1	1
OG0012390	1	1	1	1	1	1	1	1	1	1	1	1	1	1	1	1	1
OG0012391	1	1	1	1	1	1	1	1	0	1	1	1	1	1	1	1	1
OG0012392	1	1	1	1	1	1	1	1	1	1	1	1	1	1	1	1	1
OG0012393	1	1	1	1	1	1	1	1	1	1	1	1	1	1	1	1	1
OG0012394	1	1	1	1	1	1	1	1	0	1	1	1	1	1	1	1	1
OG0012395	2	1	1	1	1	1	1	1	0	1	1	1	1	1	1	1	1
OG0012396	1	1	1	0	1	1	1	1	1	1	1	1	1	1	1	1	1
OG0012397	1	1	1	1	1	1	1	1	0	1	1	1	1	1	1	1	1
OG0012398	1	2	1	0	1	1	1	1	1	1	1	1	1	1	1	1	1
OG0012399	1	1	1	1	1	1	1	1	0	1	1	1	1	1	1	1	1
OG0012400	2	1	1	1	1	1	1	1	0	1	1	1	1	1	1	1	1
OG0012401	1	1	1	1	1	1	1	1	1	1	1	1	1	1	1	1	1
OG0012402	2	1	1	1	1	0	1	1	1	1	1	1	1	1	1	1	1
OG0012403	1	1	1	1	1	1	1	1	1	1	1	1	1	1	1	1	1
OG0012404	1	0	1	1	1	1	0	1	1	1	1	1	1	1	1	1	1
OG0012405	1	1	1	1	1	1	0	1	1	1	1	1	1	1	1	1	1
OG0012406	1	1	1	2	1	1	0	1	1	1	1	1	1	1	1	1	1
OG0012407	1	1	1	0	1	1	1	1	1	1	1	1	1	1	1	1	1
OG0012408	1	1	1	1	1	1	1	1	1	1	1	1	1	1	1	1	1
OG0012409	1	1	1	1	1	1	0	1	1	1	1	1	1	1	1	1	1
OG0012410	1	1	1	1	1	1	1	1	1	1	1	1	1	1	1	1	1
OG0012411	1	1	1	0	1	1	1	1	1	1	1	1	1	1	1	1	1
OG0012412	1	1	1	1	1	1	1	1	0	1	1	1	1	1	1	1	1
OG0012413	2	0	1	0	1	1	1	1	1	1	1	1	1	1	1	1	1
OG0012414	1	2	1	0	1	1	1	1	1	1	1	1	1	1	1	1	1
OG0012415	1	2	1	0	1	1	1	1	0	1	1	1	1	1	1	1	1
OG0012416	1	1	1	1	1	1	1	1	1	1	1	1	1	1	1	1	1
OG0012417	1	1	1	1	1	1	1	1	0	1	1	1	1	1	1	1	1
OG0012418	1	1	1	1	1	1	1	1	0	1	1	1	1	1	1	1	1
OG0012419	1	1	1	1	1	1	2	1	0	1	1	1	1	1	1	1	1
OG0012420	1	1	1	1	1	1	0	1	1	1	1	1	1	1	1	1	1
OG0012421	1	1	1	0	1	1	1	1	1	1	1	1	1	1	1	1	1
OG0012422	1	1	1	1	1	1	1	1	1	1	1	1	1	1	1	1	1
OG0012423	1	1	1	0	1	1	1	1	1	1	1	1	1	1	1	1	1
OG0012424	2	1	1	1	1	1	1	1	0	1	1	1	1	1	1	1	1
OG0012425	1	1	1	1	1	1	0	1	1	1	1	1	1	1	1	1	1
OG0012426	1	1	1	1	1	1	1	1	1	1	1	1	1	1	1	1	1
OG0012427	1	1	1	1	1	1	0	1	1	1	1	1	1	1	1	1	1
OG0012428	1	2	1	1	1	1	1	0	1	1	1	1	1	1	1	1	1
OG0012429	1	1	1	1	1	1	1	1	1	1	1	1	1	1	1	1	1
OG0012430	1	1	1	1	1	1	1	1	0	1	1	1	1	1	1	1	1
OG0012431	1	2	1	0	1	1	1	1	1	1	1	1	1	1	1	1	1
OG0012432	1	1	1	0	1	1	1	1	1	1	1	1	1	1	1	1	1
OG0012433	1	1	1	1	1	1	1	1	1	1	1	1	1	1	1	1	1
OG0012434	1	1	1	1	1	1	1	1	1	1	1	1	1	1	1	1	1
OG0012435	1	2	1	0	0	1	1	1	1	1	1	1	1	1	1	1	1
OG0012436	1	1	1	1	1	1	1	1	1	1	1	1	1	1	1	1	1
OG0012437	1	1	1	1	1	1	1	1	0	1	1	1	1	1	1	1	1
OG0012438	1	1	1	1	1	1	1	1	1	1	1	1	1	1	1	1	1
OG0012439	1	1	1	1	1	1	0	1	1	1	1	1	1	1	1	1	1
OG0012440	1	1	1	1	1	1	1	1	1	1	1	1	1	1	1	1	1
OG0012441	4	0	1	0	1	1	1	1	0	2	1	1	1	1	1	1	1
OG0012442	1	1	1	1	1	1	1	1	1	1	1	1	1	1	1	1	1
OG0012443	9	0	0	0	0	1	0	0	0	2	1	0	1	1	1	0	0
OG0012444	1	1	1	1	1	1	1	1	0	1	1	1	1	1	1	1	1
OG0012445	1	2	1	1	1	1	1	1	0	1	1	1	1	1	1	1	1
OG0012446	1	1	1	1	1	1	1	1	1	1	1	1	1	1	1	1	1
OG0012447	1	1	1	0	1	1	1	1	1	1	1	1	1	1	1	1	1
OG0012448	2	2	1	1	1	1	1	0	1	1	1	1	1	1	1	1	1
OG0012449	1	1	1	2	1	1	1	1	0	1	1	1	1	1	1	1	1
OG0012450	1	1	1	1	1	1	1	1	1	1	1	1	1	1	1	1	1
OG0012451	1	1	1	1	1	1	1	1	0	1	1	1	1	1	1	1	1
OG0012452	2	1	1	1	2	0	1	1	1	1	1	1	1	1	1	1	1
OG0012453	1	1	1	1	1	1	1	1	0	1	1	1	1	1	1	1	1
OG0012454	1	1	2	1	2	0	2	0	1	1	1	1	1	1	1	1	1
OG0012455	1	1	1	1	1	1	1	1	1	1	1	1	1	1	1	1	1
OG0012456	2	1	1	1	1	1	1	0	1	1	1	1	1	1	1	1	1
OG0012457	1	1	1	1	1	1	0	1	1	1	1	1	1	1	1	1	1
OG0012458	1	1	1	0	1	1	1	1	1	1	1	1	1	1	1	1	1
OG0012459	1	1	1	1	1	1	1	1	1	1	1	1	1	1	1	1	1
OG0012460	1	1	1	1	1	1	1	1	1	1	1	1	1	1	1	1	1
OG0012461	1	1	1	2	1	1	1	1	0	1	1	1	1	1	1	1	1
OG0012462	1	1	1	1	1	1	1	1	1	1	1	1	1	1	1	1	1
OG0012463	1	1	1	1	1	1	0	1	1	1	1	1	1	1	1	1	1
OG0012464	2	0	2	1	1	1	1	1	0	1	1	1	1	1	1	1	1
OG0012465	2	1	1	1	1	1	1	1	0	1	1	1	1	1	1	1	1
OG0012466	1	1	1	1	1	1	0	1	1	1	1	1	1	1	1	1	1
OG0012467	1	1	1	1	1	1	1	1	0	1	1	1	1	1	1	1	1
OG0012468	1	1	1	0	1	1	1	1	1	1	1	1	1	1	1	1	1
OG0012469	1	1	1	1	1	1	1	1	1	1	1	1	1	1	1	1	1
OG0012470	1	1	1	1	1	1	0	2	0	1	1	1	1	1	1	1	1
OG0012471	1	1	1	0	1	1	1	1	1	1	1	1	1	1	1	1	1
OG0012472	2	1	1	0	1	1	1	1	1	1	1	1	1	1	1	1	1
OG0012473	1	1	1	0	1	1	1	1	1	1	1	1	1	1	1	1	1
OG0012474	1	1	1	1	1	1	1	1	0	1	1	1	1	1	1	1	1
OG0012475	1	1	1	1	1	1	0	1	1	1	1	1	1	1	1	1	1
OG0012476	1	1	1	0	1	1	1	1	1	1	1	1	1	1	1	1	1
OG0012477	1	1	1	1	1	1	1	1	1	1	1	1	1	1	1	1	1
OG0012478	2	1	1	0	1	1	1	1	1	1	1	1	1	1	1	1	1
OG0012479	1	1	1	0	1	1	1	1	1	1	1	1	1	1	1	1	1
OG0012480	1	1	1	1	1	1	1	1	1	1	1	1	1	1	1	1	1
OG0012481	1	2	1	1	1	1	1	1	1	1	1	1	1	1	1	1	1
OG0012482	2	1	1	1	1	1	0	1	1	1	1	1	1	1	1	1	1
OG0012483	1	1	1	0	1	1	1	1	1	1	1	1	1	1	1	1	1
OG0012484	1	1	1	0	1	1	1	1	1	1	1	1	1	1	1	1	1
OG0012485	1	1	1	1	1	1	0	1	1	1	1	1	1	1	1	1	1
OG0012486	1	1	1	1	1	1	0	1	1	1	1	1	1	1	1	1	1
OG0012487	1	1	1	1	1	1	1	1	1	1	1	1	1	1	1	1	1
OG0012488	2	1	1	1	1	1	0	1	0	1	1	1	1	1	1	1	1
OG0012489	1	1	1	1	1	1	1	1	1	1	1	1	1	1	1	1	1
OG0012490	1	1	1	1	1	1	1	1	1	1	1	1	1	1	1	1	1
OG0012491	1	3	1	1	1	0	1	1	1	1	1	1	1	1	1	1	1
OG0012492	1	1	1	1	1	1	1	1	1	1	1	1	1	1	1	1	1
OG0012493	1	1	1	1	1	1	1	1	1	1	1	1	1	1	1	1	1
OG0012494	2	1	2	2	3	0	0	1	0	2	2	2	2	2	1	1	1
OG0012495	1	1	1	1	1	1	1	1	1	1	1	1	1	1	1	1	1
OG0012496	1	1	1	1	1	1	1	1	1	1	1	1	1	1	1	1	1
OG0012497	1	1	1	1	2	0	1	1	1	1	1	1	1	1	1	1	1
OG0012498	1	1	1	1	1	1	1	1	1	1	1	1	1	1	1	1	1
OG0012499	1	1	1	1	1	1	1	1	1	1	1	1	1	1	1	1	1
OG0012500	1	1	1	1	1	1	1	1	1	1	1	1	1	1	1	1	1
OG0012501	1	1	1	0	1	1	1	1	1	1	1	1	1	1	1	1	1
OG0012502	1	1	1	0	1	1	1	1	1	1	1	1	1	1	1	1	1
OG0012503	1	1	1	1	1	1	1	1	1	1	1	1	1	1	1	1	1
OG0012504	1	1	1	1	1	1	1	1	1	1	1	1	1	1	1	1	1
OG0012505	1	1	1	0	1	1	1	1	1	1	1	1	1	1	1	1	1
OG0012506	1	1	1	1	1	1	1	1	1	1	1	1	1	1	1	1	1
OG0012508	2	1	1	0	1	1	1	1	1	1	1	1	1	1	1	1	1
OG0012509	1	3	1	0	1	1	1	0	1	1	1	1	1	1	1	1	1
OG0012510	1	1	1	1	1	1	1	1	1	1	1	1	1	1	1	1	1
OG0012511	2	1	1	3	1	0	1	1	0	1	1	1	1	1	1	1	1
OG0012512	1	1	1	0	1	1	1	1	1	1	1	1	1	1	1	1	1
OG0012513	1	1	1	0	1	1	1	1	1	1	1	1	1	1	1	1	1
OG0012514	1	1	1	0	1	1	1	1	1	1	1	1	1	1	1	1	1
OG0012515	1	1	1	1	1	1	1	1	1	1	1	1	1	1	1	1	1
OG0012516	1	1	1	0	1	1	1	1	1	1	1	1	1	1	1	1	1
OG0012517	1	1	1	1	1	1	1	1	1	1	1	1	1	1	1	1	1
OG0012518	1	3	1	0	1	1	1	1	1	1	1	1	1	1	1	1	1
OG0012519	1	1	1	1	1	1	1	1	1	1	1	1	1	1	1	1	1
OG0012520	1	2	1	0	1	1	1	1	1	1	1	1	1	1	1	1	1
OG0012521	1	1	1	1	1	1	0	1	1	1	1	1	1	1	1	1	1
OG0012522	1	1	1	1	1	1	0	1	1	1	1	1	1	1	1	1	1
OG0012523	1	1	1	0	1	1	1	1	1	1	1	1	1	1	1	1	1
OG0012524	2	0	1	1	1	1	1	1	1	1	1	1	1	1	1	1	1
OG0012526	1	1	1	1	1	1	1	1	0	1	1	1	1	1	1	1	1
OG0012527	1	1	1	1	1	1	1	1	1	1	1	1	1	1	1	1	1
OG0012528	1	1	1	1	1	1	1	1	1	1	1	1	1	1	1	1	1
OG0012529	1	1	1	1	1	1	1	1	1	1	1	1	1	1	1	1	1
OG0012530	1	1	1	1	1	1	1	1	1	1	1	1	1	1	1	1	1
OG0012531	1	1	1	0	1	1	1	1	1	1	1	1	1	1	1	1	1
OG0012532	1	1	1	1	1	1	0	1	1	1	1	1	1	1	1	1	1
OG0012533	1	1	1	1	1	1	1	1	0	1	1	1	1	1	1	1	1
OG0012534	1	1	2	1	1	1	1	1	0	1	1	1	1	1	1	1	1
OG0012535	1	1	1	1	1	1	1	0	1	1	1	1	1	1	1	1	1
OG0012536	1	2	1	1	1	1	0	1	1	1	1	1	1	1	1	1	1
OG0012537	1	1	1	1	1	1	1	1	1	1	1	1	1	1	1	1	1
OG0012538	1	1	1	1	1	1	1	1	1	1	1	1	1	1	1	1	1
OG0012539	1	1	1	1	1	1	1	1	0	1	1	1	1	1	1	1	1
OG0012540	1	1	1	1	1	1	1	1	1	1	1	1	1	1	1	1	1
OG0012541	1	1	1	1	1	1	0	1	1	1	1	1	1	1	1	1	1
OG0012542	1	1	1	0	1	1	1	1	1	1	1	1	1	1	1	1	1
OG0012543	1	1	1	1	1	1	1	1	0	1	1	1	1	1	1	1	1
OG0012544	1	1	1	1	1	1	1	1	1	1	1	1	1	1	1	1	1
OG0012545	1	1	1	1	1	1	1	1	0	1	1	1	1	1	1	1	1
OG0012546	1	1	1	1	1	1	1	1	0	1	1	1	1	1	1	1	1
OG0012547	1	2	1	1	1	1	1	0	1	1	1	1	1	1	1	1	1
OG0012548	1	1	1	1	1	1	1	1	1	1	1	1	1	1	1	1	1
OG0012549	1	1	1	1	1	1	1	1	0	1	1	1	1	1	1	1	1
OG0012550	1	1	1	0	1	1	1	1	1	1	1	1	1	1	1	1	1
OG0012551	1	1	1	1	1	1	1	1	1	1	1	1	1	1	1	1	1
OG0012552	1	1	1	1	1	1	1	1	1	1	1	1	1	1	1	1	1
OG0012553	1	1	1	1	1	1	1	1	0	1	1	1	1	1	1	1	1
OG0012554	1	1	1	1	1	1	1	1	1	1	1	1	1	1	1	1	1
OG0012555	1	1	1	0	1	1	1	1	1	1	1	1	1	1	1	1	1
OG0012556	1	2	1	0	1	1	0	1	1	1	1	1	1	1	1	1	1
OG0012557	1	1	1	1	1	1	1	1	1	1	1	1	1	1	1	1	1
OG0012558	2	0	1	1	1	1	1	1	1	1	1	1	1	1	1	1	1
OG0012559	1	1	1	1	1	1	1	1	1	1	1	1	1	1	1	1	1
OG0012560	1	1	1	1	1	1	1	1	1	1	1	1	1	1	1	1	1
OG0012561	1	1	1	1	1	1	1	1	1	1	1	1	1	1	1	1	1
OG0012562	1	1	1	0	1	1	1	1	1	1	1	1	1	1	1	1	1
OG0012563	1	1	1	0	1	1	1	1	1	1	1	1	1	1	1	1	1
OG0012564	2	2	1	1	1	1	1	0	0	1	1	1	1	1	1	1	0
OG0012565	1	2	1	1	1	1	0	1	1	1	1	1	1	1	1	1	1
OG0012566	2	1	1	0	1	1	1	1	0	1	1	1	1	1	1	1	1
OG0012567	1	1	1	1	1	1	1	1	1	1	1	1	1	1	1	1	1
OG0012568	1	0	1	1	1	1	1	1	1	1	1	1	1	1	1	1	1
OG0012569	1	1	1	1	1	1	1	1	1	1	1	1	1	1	1	1	1
OG0012570	1	1	1	1	1	1	1	1	0	1	1	1	1	1	1	1	1
OG0012571	1	0	1	2	1	1	1	1	1	1	1	1	1	1	1	1	1
OG0012572	1	1	1	1	1	1	1	1	1	1	1	1	1	1	1	1	1
OG0012573	1	2	1	2	1	1	0	1	0	1	1	1	1	1	1	1	1
OG0012574	1	1	1	1	1	1	0	1	1	1	1	1	1	1	1	1	1
OG0012575	1	1	1	1	1	1	1	1	1	1	1	1	1	1	1	1	1
OG0012576	1	1	1	1	1	1	1	1	1	1	1	1	1	1	1	1	1
OG0012577	1	1	1	1	1	1	0	1	1	1	1	1	1	1	1	1	1
OG0012578	1	1	1	1	1	1	1	1	0	1	1	1	1	1	1	1	1
OG0012579	1	1	1	1	1	1	2	1	0	1	1	1	1	1	1	1	1
OG0012580	1	1	1	1	1	1	1	1	1	1	1	1	1	1	1	1	1
OG0012581	1	1	1	1	1	1	1	1	0	1	1	1	1	1	1	1	1
OG0012582	1	1	1	1	1	1	1	1	0	1	1	1	1	1	1	1	1
OG0012583	1	1	1	1	2	1	1	1	0	1	1	1	1	1	1	1	1
OG0012584	1	2	1	3	2	0	0	1	0	1	2	2	2	2	1	1	1
OG0012585	1	1	1	0	1	1	1	1	1	1	1	1	1	1	1	1	1
OG0012586	1	1	1	0	1	1	1	1	1	1	1	1	1	1	1	1	1
OG0012587	1	1	1	1	1	1	1	1	0	1	1	1	1	1	1	1	1
OG0012588	1	1	1	1	1	1	1	1	1	1	1	1	1	1	1	1	1
OG0012589	1	2	1	0	1	1	1	1	1	1	1	1	1	1	1	1	1
OG0012590	1	1	1	0	1	1	1	1	1	1	1	1	1	1	1	1	1
OG0012591	1	1	2	1	1	1	1	1	0	1	1	1	1	1	1	1	1
OG0012592	1	2	1	1	0	1	0	1	1	1	1	1	1	1	1	1	1
OG0012593	1	1	1	0	1	1	1	1	1	1	1	1	1	1	1	1	1
OG0012594	1	0	1	1	1	2	0	1	0	1	1	1	1	1	1	1	1
OG0012595	1	1	1	0	1	1	1	1	1	1	1	1	1	1	1	1	1
OG0012596	1	1	1	1	1	1	1	1	1	1	1	1	1	1	1	1	1
OG0012597	1	1	2	0	1	1	1	1	1	1	1	1	1	1	1	1	1
OG0012598	1	1	1	1	1	1	1	1	1	1	1	1	1	1	1	1	1
OG0012599	1	1	1	1	1	1	0	1	1	1	1	1	1	1	1	1	1
OG0012600	1	1	1	0	1	1	1	1	1	1	1	1	1	1	1	1	1
OG0012601	1	1	1	1	1	1	1	1	1	1	1	1	1	1	1	1	1
OG0012602	1	1	1	0	2	0	1	1	2	1	1	1	1	1	1	1	1
OG0012603	1	1	1	1	1	1	1	1	1	1	1	1	1	1	1	1	1
OG0012604	1	1	1	0	1	1	1	1	1	1	1	1	1	1	1	1	1
OG0012605	1	1	1	0	1	1	1	1	1	1	1	1	1	1	1	1	1
OG0012606	1	2	1	0	1	1	1	1	0	1	1	1	1	1	1	1	1
OG0012607	1	1	1	1	1	1	1	1	1	1	1	1	1	1	1	1	1
OG0012608	1	1	1	1	1	1	1	1	1	1	1	1	1	1	1	1	1
OG0012609	1	1	1	1	1	1	1	1	1	1	1	1	1	1	1	1	1
OG0012610	1	1	1	1	1	1	1	1	0	1	1	1	1	1	1	1	1
OG0012611	1	1	1	1	1	1	1	1	1	1	1	1	1	1	1	1	1
OG0012612	1	1	1	1	1	1	1	1	0	1	1	1	1	1	1	1	1
OG0012613	1	2	1	1	1	1	1	0	1	1	1	1	1	1	1	1	1
OG0012614	1	1	1	1	1	1	1	1	1	1	1	1	1	1	1	1	1
OG0012615	1	1	1	1	1	1	1	1	1	1	1	1	1	1	1	1	1
OG0012616	1	1	1	0	1	1	1	1	1	1	1	1	1	1	1	1	1
OG0012617	1	3	1	1	1	1	1	0	0	1	1	1	1	1	1	1	0
OG0012618	1	1	1	0	1	1	1	1	1	1	1	1	1	1	1	1	1
OG0012619	1	1	1	1	1	1	1	1	1	1	1	1	1	1	1	1	1
OG0012620	1	1	1	0	1	1	1	1	1	1	1	1	1	1	1	1	1
OG0012621	1	2	1	0	1	1	1	1	1	1	1	1	1	1	1	1	1
OG0012622	1	1	1	1	1	1	1	1	1	1	1	1	1	1	1	1	1
OG0012623	1	2	2	0	1	1	1	0	1	1	1	2	1	1	1	1	1
OG0012624	1	1	1	1	1	1	1	1	0	1	1	1	1	1	1	1	1
OG0012625	1	1	1	1	1	1	1	1	1	1	1	1	1	1	1	1	1
OG0012626	1	1	1	1	1	1	1	1	1	1	1	1	1	1	1	1	1
OG0012627	1	1	1	1	1	1	1	1	0	1	1	1	1	1	1	1	1
OG0012628	1	1	1	0	1	1	1	1	1	1	1	1	1	1	1	1	1
OG0012629	1	1	1	0	1	1	1	1	1	1	1	1	1	1	1	1	1
OG0012630	2	1	1	1	1	1	1	1	1	1	1	1	1	1	1	1	1
OG0012631	2	1	1	1	1	1	1	1	0	1	1	1	1	1	1	1	1
OG0012632	1	1	1	0	1	1	1	1	1	1	1	1	1	1	1	1	1
OG0012633	4	1	1	1	1	0	1	1	1	2	1	1	1	1	1	1	1
OG0012634	1	1	1	1	1	1	1	1	0	1	1	1	1	1	1	1	1
OG0012635	1	1	1	2	1	1	1	1	0	1	1	1	1	1	1	1	1
OG0012636	1	1	1	1	1	1	1	1	0	1	1	1	1	1	1	1	1
OG0012637	3	1	2	2	2	0	0	0	0	2	2	2	2	2	0	0	0
OG0012638	1	1	1	1	1	1	0	1	1	1	1	1	1	1	1	1	1
OG0012639	1	1	1	1	1	1	1	0	1	1	1	1	1	1	1	1	1
OG0012640	1	1	1	1	1	1	1	1	0	1	1	1	1	1	1	1	1
OG0012641	1	1	1	1	1	1	1	1	1	1	1	1	1	1	1	1	1
OG0012642	1	1	1	1	1	1	1	1	0	1	1	1	1	1	1	1	1
OG0012643	1	2	1	0	1	1	1	1	0	1	1	1	1	1	1	1	1
OG0012644	1	1	1	1	1	1	1	1	1	1	1	1	1	1	1	1	1
OG0012645	1	1	1	1	1	1	1	1	1	1	1	1	1	1	1	1	1
OG0012646	3	1	1	1	1	0	1	1	1	1	1	1	1	1	1	1	1
OG0012647	1	1	1	1	1	1	0	1	1	1	1	1	1	1	1	1	1
OG0012648	2	1	1	1	1	1	1	0	1	1	1	1	1	1	1	1	1
OG0012649	1	1	1	1	1	1	1	1	1	1	1	1	1	1	1	1	1
OG0012650	1	1	1	1	1	1	0	1	1	1	1	1	1	1	1	1	1
OG0012651	1	1	1	1	1	1	0	1	1	1	1	1	1	1	1	1	1
OG0012652	1	1	1	1	1	1	1	1	1	1	1	1	1	1	1	1	1
OG0012653	1	1	1	0	1	1	1	1	2	1	1	1	1	1	1	1	1
OG0012654	2	1	1	0	1	1	1	1	1	1	1	1	1	1	1	1	1
OG0012655	1	1	1	1	1	1	1	1	1	1	1	1	1	1	1	1	1
OG0012656	2	1	2	0	1	0	1	1	1	1	1	1	1	1	1	1	1
OG0012657	1	1	1	1	1	1	0	1	1	1	1	1	1	1	1	1	1
OG0012658	2	0	1	0	1	1	1	1	1	1	1	1	1	1	1	1	1
OG0012659	1	1	1	1	1	1	1	1	1	1	1	1	1	1	1	1	1
OG0012660	1	1	1	1	1	1	1	1	0	1	1	1	1	1	1	1	1
OG0012661	1	1	1	1	1	1	1	1	0	1	1	1	1	1	1	1	1
OG0012662	1	1	1	1	1	1	1	1	1	1	1	1	1	1	1	1	1
OG0012663	1	1	1	1	1	1	1	1	1	1	1	1	1	1	1	1	1
OG0012664	1	1	1	1	1	1	1	1	1	1	1	1	1	1	1	1	1
OG0012665	1	1	1	1	0	1	1	1	1	1	1	1	1	1	1	1	1
OG0012667	1	1	1	1	1	1	1	1	1	1	1	1	1	1	1	1	1
OG0012668	1	2	1	0	1	1	1	1	1	1	1	1	1	1	1	1	1
OG0012669	2	2	1	1	1	1	1	1	0	1	1	1	1	1	1	1	1
OG0012670	2	2	1	1	1	0	1	1	1	1	1	1	1	1	1	1	1
OG0012671	1	1	1	2	1	1	1	0	1	1	1	1	1	1	1	1	1
OG0012672	1	1	1	1	1	1	1	1	1	1	1	1	1	1	1	1	1
OG0012673	1	1	1	0	1	1	1	1	1	1	1	1	1	1	1	1	1
OG0012674	1	0	1	1	1	1	1	1	1	1	1	1	1	1	1	1	1
OG0012675	1	1	1	1	1	1	1	1	1	1	1	1	1	1	1	1	1
OG0012676	1	1	1	0	1	1	1	1	1	1	1	1	1	1	1	1	1
OG0012677	1	1	1	0	1	1	1	1	1	1	1	1	1	1	1	1	1
OG0012678	1	2	1	0	1	1	1	1	1	1	1	1	1	1	1	1	1
OG0012679	1	1	1	0	1	1	1	1	1	1	1	1	1	1	1	1	1
OG0012680	1	1	1	1	1	1	1	1	0	1	1	1	1	1	1	1	1
OG0012681	1	1	1	1	1	1	1	1	1	1	1	1	1	1	1	1	1
OG0012682	1	1	1	0	1	1	1	1	1	1	1	1	1	1	1	1	1
OG0012683	1	1	1	1	1	1	1	1	1	1	1	1	1	1	1	1	1
OG0012684	2	2	1	1	1	1	1	1	0	1	1	1	1	1	1	1	1
OG0012685	1	2	1	2	1	1	1	0	0	1	1	1	1	1	1	1	0
OG0012686	1	1	1	1	1	1	1	1	1	1	1	1	1	1	1	1	1
OG0012687	1	1	1	0	1	1	1	1	1	1	1	1	1	1	1	1	1
OG0012688	1	1	1	1	1	1	1	1	0	1	1	1	1	1	1	1	1
OG0012689	1	1	1	1	1	1	1	1	1	1	1	1	1	1	1	1	1
OG0012690	1	1	1	1	1	1	1	1	1	1	1	1	1	1	1	1	1
OG0012691	1	1	1	1	1	1	1	1	1	1	1	1	1	1	1	1	1
OG0012692	1	1	1	1	1	1	1	1	1	1	1	1	1	1	1	1	1
OG0012693	1	1	1	0	1	1	1	1	1	1	1	1	1	1	1	1	1
OG0012694	1	1	1	1	1	1	0	1	1	1	1	1	1	1	1	1	1
OG0012695	1	2	1	1	1	1	1	1	0	1	1	1	1	1	1	1	1
OG0012696	1	1	1	2	1	1	2	0	1	1	1	1	1	1	1	1	1
OG0012697	1	1	1	0	1	1	1	1	1	1	1	1	1	1	1	1	1
OG0012698	1	1	1	1	1	1	1	1	1	1	1	1	1	1	1	1	1
OG0012699	1	1	1	1	1	1	1	1	0	1	1	1	1	1	1	1	1
OG0012700	1	1	1	1	1	1	1	1	1	1	1	1	1	1	1	1	1
OG0012701	1	2	1	0	1	1	1	1	1	1	1	1	1	1	1	1	1
OG0012702	1	1	1	1	1	1	1	1	0	1	1	1	1	1	1	1	1
OG0012703	1	0	1	1	1	1	1	1	1	1	1	1	1	1	1	1	1
OG0012704	1	1	1	0	1	1	1	1	1	1	1	1	1	1	1	1	1
OG0012705	1	1	1	1	1	1	1	1	1	1	1	1	1	1	1	1	1
OG0012706	1	1	1	1	1	1	1	1	1	1	1	1	1	1	1	1	1
OG0012707	2	1	1	1	2	0	1	1	1	1	1	1	1	1	1	1	1
OG0012708	1	1	1	1	1	1	1	1	1	1	1	1	1	1	1	1	1
OG0012709	1	1	1	1	1	1	1	1	0	1	1	1	1	1	1	1	1
OG0012710	1	1	1	1	1	1	1	1	1	1	1	1	1	1	1	1	1
OG0012711	1	2	1	1	1	1	1	1	0	1	1	1	1	1	1	1	1
OG0012712	1	1	1	1	1	1	1	1	1	1	1	1	1	1	1	1	1
OG0012713	1	2	1	1	1	1	0	1	1	1	1	1	1	1	1	1	1
OG0012714	1	1	1	1	1	1	1	1	1	1	1	1	1	1	1	1	1
OG0012715	1	1	1	1	1	1	1	1	0	1	1	1	1	1	1	1	1
OG0012716	1	0	1	1	1	1	1	1	1	1	1	1	1	1	1	1	1
OG0012717	1	1	1	1	1	1	1	1	1	1	1	1	1	1	1	1	1
OG0012718	1	1	1	1	1	1	1	1	1	1	1	1	1	1	1	1	1
OG0012719	1	1	1	1	1	1	1	1	1	1	1	1	1	1	1	1	1
OG0012720	1	1	1	1	1	0	4	1	1	1	1	1	1	1	1	1	1
OG0012721	1	1	1	1	1	1	1	1	1	1	1	1	1	1	1	1	1
OG0012722	1	2	1	1	1	0	1	1	1	1	1	1	1	1	1	1	1
OG0012723	1	1	1	1	2	1	1	1	0	1	1	1	1	1	1	1	1
OG0012724	1	1	1	1	1	1	1	1	1	1	1	1	1	1	1	1	1
OG0012725	1	1	1	1	1	1	1	1	0	1	1	1	1	1	1	1	1
OG0012726	1	1	1	1	1	1	1	1	1	1	1	1	1	1	1	1	1
OG0012727	1	1	1	0	1	1	1	1	0	1	1	1	1	1	1	1	1
OG0012728	1	1	1	1	1	1	1	1	0	1	1	1	1	1	1	1	1
OG0012729	1	1	1	1	1	1	1	1	1	1	1	1	1	1	1	1	1
OG0012730	1	1	1	1	1	1	1	1	1	1	1	1	1	1	1	1	1
OG0012731	1	1	1	0	1	1	1	1	1	1	1	1	1	1	1	1	1
OG0012732	1	1	1	1	1	1	1	1	1	1	1	1	1	1	1	1	1
OG0012733	4	0	1	0	1	1	1	1	0	2	1	1	1	1	1	1	1
OG0012734	1	1	1	1	1	1	1	1	1	1	1	1	1	1	1	1	1
OG0012735	3	1	1	1	1	1	0	1	1	1	1	1	1	1	1	1	1
OG0012736	1	2	1	1	1	1	1	1	0	1	1	1	1	1	1	1	1
OG0012737	1	0	1	2	1	1	1	1	0	1	1	1	1	1	1	1	1
OG0012738	2	1	1	1	1	1	1	1	0	1	1	1	1	1	1	1	1
OG0012739	1	1	1	1	1	1	0	1	1	1	1	1	1	1	1	1	1
OG0012740	1	1	1	1	1	1	1	1	1	1	1	1	1	1	1	1	1
OG0012741	1	1	1	1	1	1	1	1	1	1	1	1	1	1	1	1	1
OG0012742	1	1	1	1	1	1	1	1	1	1	1	1	1	1	1	1	1
OG0012743	2	1	1	0	1	1	1	1	1	1	1	1	1	1	1	1	1
OG0012744	1	1	1	1	1	1	1	1	1	1	1	1	1	1	1	1	1
OG0012745	1	2	1	1	1	1	1	1	0	1	1	1	1	1	1	1	1
OG0012746	1	1	1	0	1	1	1	1	1	1	1	1	1	1	1	1	1
OG0012747	1	1	1	1	1	1	1	1	0	1	1	1	1	1	1	1	1
OG0012748	1	1	1	0	1	1	1	1	1	1	1	1	1	1	1	1	1
OG0012749	1	1	1	2	2	1	0	1	0	1	1	1	1	1	1	1	1
OG0012750	1	1	1	1	1	1	1	1	1	1	1	1	1	1	1	1	1
OG0012751	1	1	1	0	1	1	1	1	1	1	1	1	1	1	1	1	1
OG0012752	1	1	2	2	2	0	0	2	0	1	2	2	2	2	1	1	1
OG0012753	1	1	1	1	1	1	1	1	1	1	1	1	1	1	1	1	1
OG0012754	1	2	1	0	1	1	1	1	1	1	1	1	1	1	1	1	1
OG0012755	1	1	1	1	1	1	1	1	1	1	1	1	1	1	1	1	1
OG0012756	1	1	1	1	1	1	1	1	0	1	1	1	1	1	1	1	1
OG0012757	1	1	1	1	1	1	1	1	1	1	1	1	1	1	1	1	1
OG0012758	1	1	2	1	1	1	1	1	0	1	1	1	1	1	1	1	1
OG0012759	2	1	1	0	1	1	0	1	1	1	1	1	1	1	1	1	1
OG0012760	1	1	1	1	1	1	1	1	0	1	1	1	1	1	1	1	1
OG0012761	1	1	1	1	1	1	1	1	1	1	1	1	1	1	1	1	1
OG0012762	3	2	1	1	1	1	1	0	0	1	1	1	1	1	1	1	0
OG0012763	1	1	1	1	1	1	1	1	1	1	1	1	1	1	1	1	1
OG0012764	1	1	1	1	1	1	1	1	1	1	1	1	1	1	1	1	1
OG0012765	1	1	1	0	1	1	1	1	1	1	1	1	1	1	1	1	1
OG0012766	1	1	1	0	1	1	1	1	1	1	1	1	1	1	1	1	1
OG0012767	2	0	1	0	1	1	1	1	1	1	1	1	1	1	1	1	1
OG0012768	1	1	1	1	1	1	1	1	1	1	1	1	1	1	1	1	1
OG0012769	1	1	1	0	1	1	1	1	1	1	1	1	1	1	1	1	1
OG0012770	2	2	1	1	1	1	0	1	0	1	1	1	1	1	1	1	1
OG0012771	1	1	1	1	4	1	1	0	0	1	1	1	1	1	1	1	0
OG0012772	1	1	1	1	1	1	1	1	1	1	1	1	1	1	1	1	1
OG0012773	1	2	1	1	1	1	1	1	0	1	1	1	1	1	1	1	1
OG0012774	1	1	1	1	1	1	1	1	0	1	1	1	1	1	1	1	1
OG0012775	1	1	1	0	1	1	1	1	1	1	1	1	1	1	1	1	1
OG0012776	1	1	1	1	1	1	1	1	0	1	1	1	1	1	1	1	1
OG0012777	1	1	1	1	1	1	1	1	1	1	1	1	1	1	1	1	1
OG0012778	1	1	1	1	1	1	1	1	1	1	1	1	1	1	1	1	1
OG0012779	1	1	1	1	1	1	1	1	0	1	1	1	1	1	1	1	1
OG0012780	1	1	1	1	1	1	1	1	1	1	1	1	1	1	1	1	1
OG0012781	1	1	1	1	1	1	1	1	1	1	1	1	1	1	1	1	1
OG0012782	1	1	1	1	1	1	1	1	0	1	1	1	1	1	1	1	1
OG0012783	1	2	3	0	1	0	1	1	0	1	1	2	1	1	1	1	1
OG0012784	1	1	1	1	1	1	1	1	1	1	1	1	1	1	1	1	1
OG0012785	1	1	1	0	1	1	1	1	1	1	1	1	1	1	1	1	1
OG0012786	1	1	1	1	1	1	1	1	1	1	1	1	1	1	1	1	1
OG0012787	1	1	1	1	1	1	1	1	0	1	1	1	1	1	1	1	1
OG0012788	1	1	1	1	1	1	1	1	0	1	1	1	1	1	1	1	1
OG0012789	2	2	1	1	1	1	1	1	0	1	1	1	1	1	1	1	1
OG0012790	2	0	1	1	1	1	1	1	0	1	1	1	1	1	1	1	1
OG0012791	1	1	2	0	1	1	1	1	1	1	1	1	1	1	1	1	1
OG0012792	1	1	1	1	1	1	1	1	1	1	1	1	1	1	1	1	1
OG0012793	1	1	1	1	1	1	0	1	1	1	1	1	1	1	1	1	1
OG0012794	1	1	1	1	1	1	1	1	1	1	1	1	1	1	1	1	1
OG0012795	1	1	1	1	1	1	1	1	1	1	1	1	1	1	1	1	1
OG0012796	1	1	1	1	1	1	0	1	1	1	1	1	1	1	1	1	1
OG0012797	1	1	1	0	1	1	1	1	1	1	1	1	1	1	1	1	1
OG0012798	2	1	1	0	1	1	1	1	0	1	1	1	1	1	1	1	1
OG0012799	1	1	1	1	1	1	1	1	1	1	1	1	1	1	1	1	1
OG0012800	1	1	1	1	1	1	1	1	1	1	1	1	1	1	1	1	1
OG0012801	1	1	1	0	1	1	2	1	1	1	1	1	1	1	1	1	1
OG0012802	1	1	1	1	1	1	1	1	0	1	1	1	1	1	1	1	1
OG0012803	1	1	1	0	1	1	1	1	1	1	1	1	1	1	1	1	1
OG0012804	1	1	1	1	1	1	1	1	0	1	1	1	1	1	1	1	1
OG0012805	1	1	1	0	1	1	1	1	1	1	1	1	1	1	1	1	1
OG0012806	1	1	1	1	1	1	1	1	1	1	1	1	1	1	1	1	1
OG0012807	1	1	1	1	1	1	1	1	1	1	1	1	1	1	1	1	1
OG0012808	1	1	1	1	1	1	1	1	0	1	1	1	1	1	1	1	1
OG0012809	1	1	1	1	1	1	1	1	1	1	1	1	1	1	1	1	1
OG0012810	1	2	1	1	1	1	1	1	0	1	1	1	1	1	1	1	1
OG0012811	1	1	1	0	1	1	1	1	1	1	1	1	1	1	1	1	1
OG0012812	1	1	1	1	1	1	0	1	1	1	1	1	1	1	1	1	1
OG0012813	1	1	1	1	1	1	1	1	1	1	1	1	1	1	1	1	1
OG0012814	1	1	1	1	1	1	1	1	1	1	1	1	1	1	1	1	1
OG0012815	1	1	1	0	1	1	1	1	1	1	1	1	1	1	1	1	1
OG0012816	2	2	1	1	1	1	1	1	0	1	1	1	1	1	1	1	1
OG0012817	1	1	1	1	1	1	1	1	1	1	1	1	1	1	1	1	1
OG0012818	2	2	1	1	1	1	0	1	0	1	1	1	1	1	1	1	1
OG0012819	1	1	1	0	1	1	1	1	1	1	1	1	1	1	1	1	1
OG0012820	1	1	2	1	1	1	1	1	0	1	1	1	1	1	1	1	1
OG0012821	1	1	1	1	1	1	1	1	1	1	1	1	1	1	1	1	1
OG0012822	1	1	1	1	1	1	1	1	1	1	1	1	1	1	1	1	1
OG0012823	1	1	1	1	1	1	1	1	1	1	1	1	1	1	1	1	1
OG0012824	1	1	1	0	1	1	1	1	1	1	1	1	1	1	1	1	1
OG0012825	1	1	1	1	1	1	1	1	1	1	1	1	1	1	1	1	1
OG0012826	1	2	1	1	1	1	1	1	0	1	1	1	1	1	1	1	1
OG0012827	1	1	1	1	1	1	1	1	1	1	1	1	1	1	1	1	1
OG0012828	1	1	1	1	1	1	1	1	1	1	1	1	1	1	1	1	1
OG0012829	1	1	1	1	1	1	1	1	1	1	1	1	1	1	1	1	1
OG0012830	1	1	1	0	1	1	1	1	1	1	1	1	1	1	1	1	1
OG0012831	1	1	1	1	1	1	1	1	1	1	1	1	1	1	1	1	1
OG0012832	1	1	1	1	1	1	0	1	1	1	1	1	1	1	1	1	1
OG0012833	1	1	1	1	1	1	1	1	1	1	1	1	1	1	1	1	1
OG0012834	1	1	1	0	1	1	1	1	1	1	1	1	1	1	1	1	1
OG0012835	1	1	1	1	1	1	1	1	0	1	1	1	1	1	1	1	1
OG0012836	1	1	1	1	1	1	1	1	0	1	1	1	1	1	1	1	1
OG0012837	1	2	1	1	1	1	1	1	0	1	1	1	1	1	1	1	1
OG0012838	1	1	1	0	1	2	0	1	0	1	1	1	1	1	1	1	1
OG0012839	1	0	1	1	1	1	1	1	1	1	1	1	1	1	1	1	1
OG0012840	2	1	1	1	1	1	1	0	1	1	1	1	1	1	1	1	1
OG0012841	1	2	1	1	1	1	1	0	1	1	1	1	1	1	1	1	1
OG0012842	1	1	1	0	1	1	1	1	1	1	1	1	1	1	1	1	1
OG0012843	1	1	1	1	1	1	1	1	0	1	1	1	1	1	1	1	1
OG0012844	1	1	1	1	1	1	0	1	1	1	1	1	1	1	1	1	1
OG0012845	1	2	1	1	1	1	1	1	0	1	1	1	1	1	1	1	1
OG0012846	1	1	1	1	1	2	1	0	0	1	1	1	1	1	1	1	0
OG0012847	1	2	1	1	1	1	1	0	1	1	1	1	1	1	1	1	1
OG0012848	1	1	1	1	1	1	1	1	1	1	1	1	1	1	1	1	1
OG0012849	1	1	1	1	1	1	1	1	1	1	1	1	1	1	1	1	1
OG0012850	1	1	1	1	1	1	1	1	0	1	1	1	1	1	1	1	1
OG0012851	1	1	1	1	1	1	0	1	1	1	1	1	1	1	1	1	1
OG0012852	1	1	1	1	1	1	1	1	1	1	1	1	1	1	1	1	1
OG0012853	1	1	1	1	1	1	1	1	0	1	1	1	1	1	1	1	1
OG0012854	1	1	1	1	1	1	1	1	1	1	1	1	1	1	1	1	1
OG0012855	1	1	1	1	1	1	1	1	0	1	1	1	1	1	1	1	1
OG0012856	1	1	1	1	1	1	1	1	1	1	1	1	1	1	1	1	1
OG0012857	1	1	1	1	1	1	1	1	0	1	1	1	1	1	1	1	1
OG0012858	1	1	1	1	1	1	0	1	1	1	1	1	1	1	1	1	1
OG0012859	1	1	1	1	1	1	1	1	1	1	1	1	1	1	1	1	1
OG0012860	1	1	1	0	1	1	1	1	1	1	1	1	1	1	1	1	1
OG0012861	1	1	1	0	1	1	1	1	1	1	1	1	1	1	1	1	1
OG0012862	1	1	1	1	1	1	0	1	1	1	1	1	1	1	1	1	1
OG0012863	1	1	1	1	1	1	1	1	0	1	1	1	1	1	1	1	1
OG0012864	1	1	1	1	1	1	1	1	1	1	1	1	1	1	1	1	1
OG0012865	2	2	1	2	2	1	0	0	0	2	2	2	2	2	1	0	0
OG0012866	1	1	1	1	1	1	1	1	1	1	1	1	1	1	1	1	1
OG0012867	1	1	1	1	1	1	1	1	1	1	1	1	1	1	1	1	1
OG0012868	1	2	1	1	1	1	1	1	0	1	1	1	1	1	1	1	1
OG0012869	1	1	1	1	1	1	1	1	0	1	1	1	1	1	1	1	1
OG0012870	1	1	1	1	1	1	1	1	1	1	1	1	1	1	1	1	1
OG0012871	1	1	1	1	1	1	1	1	0	1	1	1	1	1	1	1	1
OG0012872	1	1	1	1	1	1	1	1	1	1	1	1	1	1	1	1	1
OG0012873	1	1	1	1	1	1	1	1	1	1	1	1	1	1	1	1	1
OG0012874	1	1	2	1	1	1	1	1	0	1	1	1	1	1	1	1	1
OG0012875	1	1	1	1	1	1	0	1	1	1	1	1	1	1	1	1	1
OG0012876	1	1	1	1	1	1	0	1	1	1	1	1	1	1	1	1	1
OG0012877	1	1	1	1	1	1	1	1	1	1	1	1	1	1	1	1	1
OG0012878	1	1	1	1	1	1	1	1	1	1	1	1	1	1	1	1	1
OG0012879	1	1	1	1	1	1	1	1	1	1	1	1	1	1	1	1	1
OG0012880	1	1	1	1	1	1	1	1	0	1	1	1	1	1	1	1	1
OG0012881	1	1	1	1	1	1	1	1	1	1	1	1	1	1	1	1	1
OG0012882	1	1	1	1	1	1	1	1	0	1	1	1	1	1	1	1	1
OG0012883	1	2	1	0	1	1	1	1	1	1	1	1	1	1	1	1	1
OG0012884	1	2	1	0	1	1	1	1	1	1	1	1	1	1	1	1	1
OG0012885	1	2	1	1	1	1	1	0	1	1	1	1	1	1	1	1	1
OG0012886	1	0	1	1	1	1	1	1	1	1	1	1	1	1	1	1	1
OG0012887	1	1	1	1	1	1	1	1	1	1	1	1	1	1	1	1	1
OG0012888	1	0	1	1	1	1	1	1	1	1	1	1	1	1	1	1	1
OG0012889	1	1	1	1	1	1	1	1	1	1	1	1	1	1	1	1	1
OG0012890	1	1	1	1	1	1	0	1	1	1	1	1	1	1	1	1	1
OG0012891	1	1	1	1	0	1	1	1	1	1	1	1	1	1	1	1	1
OG0012892	1	1	1	1	1	1	1	1	1	1	1	1	1	1	1	1	1
OG0012893	1	2	1	0	1	1	1	1	1	1	1	1	1	1	1	1	1
OG0012894	1	1	1	1	1	1	1	1	1	1	1	1	1	1	1	1	1
OG0012895	1	1	1	1	1	1	1	1	0	1	1	1	1	1	1	1	1
OG0012896	1	1	1	1	2	1	1	0	1	1	1	1	1	1	1	1	1
OG0012897	1	0	2	1	1	1	1	1	1	1	1	1	1	1	1	1	1
OG0012898	1	1	1	1	1	1	0	1	1	1	1	1	1	1	1	1	1
OG0012899	1	1	1	0	1	1	1	1	1	1	1	1	1	1	1	1	1
OG0012900	1	1	1	1	1	1	1	1	0	1	1	1	1	1	1	1	1
OG0012901	1	1	1	1	2	1	1	1	0	1	1	1	1	1	1	1	1
OG0012902	1	1	1	1	1	1	1	1	0	1	1	1	1	1	1	1	1
OG0012903	1	1	1	1	1	1	1	1	1	1	1	1	1	1	1	1	1
OG0012904	1	1	1	1	1	1	1	1	0	1	1	1	1	1	1	1	1
OG0012905	1	1	1	1	1	1	1	1	1	1	1	1	1	1	1	1	1
OG0012906	1	1	1	1	1	1	1	1	1	1	1	1	1	1	1	1	1
OG0012907	1	1	1	1	1	1	1	1	1	1	1	1	1	1	1	1	1
OG0012908	1	1	1	1	1	1	0	1	1	1	1	1	1	1	1	1	1
OG0012909	1	1	1	0	1	1	1	1	1	1	1	1	1	1	1	1	1
OG0012910	2	1	1	1	1	1	1	0	1	1	1	1	1	1	1	1	1
OG0012911	2	1	1	1	1	0	1	1	1	1	1	1	1	1	1	1	1
OG0012912	1	1	1	0	1	1	1	1	1	1	1	1	1	1	1	1	1
OG0012913	1	1	1	1	1	1	1	1	1	1	1	1	1	1	1	1	1
OG0012914	1	1	1	1	1	1	1	1	0	1	1	1	1	1	1	1	1
OG0012915	1	1	1	0	1	1	1	1	1	1	1	1	1	1	1	1	1
OG0012916	2	1	1	1	1	1	1	1	0	1	1	1	1	1	1	1	1
OG0012917	1	2	1	1	1	1	1	1	0	1	1	1	1	1	1	1	1
OG0012918	1	1	1	1	1	1	0	1	1	1	1	1	1	1	1	1	1
OG0012919	1	2	1	0	1	1	1	1	1	1	1	1	1	1	1	1	1
OG0012920	1	2	1	1	1	1	1	1	0	1	1	1	1	1	1	1	1
OG0012921	1	1	1	1	1	1	1	1	1	1	1	1	1	1	1	1	1
OG0012922	1	1	1	1	1	1	1	1	1	1	1	1	1	1	1	1	1
OG0012923	1	1	1	0	1	1	1	1	1	1	1	1	1	1	1	1	1
OG0012924	1	1	1	1	1	1	1	1	1	1	1	1	1	1	1	1	1
OG0012925	1	1	1	1	1	1	1	1	0	1	1	1	1	1	1	1	1
OG0012926	1	2	1	0	1	1	1	1	0	1	1	1	1	1	1	1	1
OG0012927	1	1	1	1	1	1	0	1	1	1	1	1	1	1	1	1	1
OG0012928	1	1	1	1	1	1	1	1	1	1	1	1	1	1	1	1	1
OG0012929	1	1	1	1	1	1	1	1	1	1	1	1	1	1	1	1	1
OG0012930	1	1	1	1	1	1	1	1	1	1	1	1	1	1	1	1	1
OG0012931	1	3	1	1	1	1	1	0	0	1	1	1	1	1	1	1	0
OG0012932	1	1	1	1	1	1	1	1	1	1	1	1	1	1	1	1	1
OG0012933	1	2	1	0	1	1	1	1	1	1	1	1	1	1	1	1	1
OG0012934	1	1	1	1	1	1	1	1	1	1	1	1	1	1	1	1	1
OG0012935	1	1	1	1	1	1	1	1	1	1	1	1	1	1	1	1	1
OG0012936	1	1	1	1	1	1	1	1	1	1	1	1	1	1	1	1	1
OG0012937	1	0	1	1	1	1	1	1	1	1	1	1	1	1	1	1	1
OG0012938	1	1	1	1	1	1	1	1	1	1	1	1	1	1	1	1	1
OG0012939	1	1	1	0	1	1	1	1	1	1	1	1	1	1	1	1	1
OG0012940	1	0	1	1	1	1	1	1	1	1	1	1	1	1	1	1	1
OG0012941	1	1	1	1	1	1	1	1	0	1	1	1	1	1	1	1	1
OG0012942	1	1	1	1	1	1	1	1	1	1	1	1	1	1	1	1	1
OG0012943	1	1	1	1	1	1	1	1	0	1	1	1	1	1	1	1	1
OG0012944	1	1	1	1	1	1	1	1	1	1	1	1	1	1	1	1	1
OG0012945	1	1	1	1	2	1	1	1	0	1	1	1	1	1	1	1	1
OG0012946	1	1	1	1	1	1	1	1	1	1	1	1	1	1	1	1	1
OG0012947	1	1	1	1	1	1	1	1	1	1	1	1	1	1	1	1	1
OG0012948	1	1	1	1	1	1	1	1	1	1	1	1	1	1	1	1	1
OG0012949	1	1	1	1	1	1	0	1	1	1	1	1	1	1	1	1	1
OG0012950	1	1	1	1	1	1	1	1	0	1	1	1	1	1	1	1	1
OG0012951	1	1	1	0	1	1	1	1	1	1	1	1	1	1	1	1	1
OG0012952	1	1	1	1	1	1	1	1	1	1	1	1	1	1	1	1	1
OG0012953	1	1	1	1	1	1	1	1	0	1	1	1	1	1	1	1	1
OG0012954	1	1	1	1	1	1	1	1	1	1	1	1	1	1	1	1	1
OG0012955	1	1	1	0	1	1	1	1	1	1	1	1	1	1	1	1	1
OG0012956	1	1	1	1	1	1	1	1	1	1	1	1	1	1	1	1	1
OG0012957	1	1	1	1	1	1	0	1	1	1	1	1	1	1	1	1	1
OG0012958	1	1	1	0	1	1	1	1	1	1	1	1	1	1	1	1	1
OG0012959	1	2	1	1	1	1	1	1	0	1	1	1	1	1	1	1	1
OG0012960	1	1	1	2	1	1	0	1	1	1	1	1	1	1	1	1	1
OG0012961	1	0	1	1	1	1	1	1	1	1	1	1	1	1	1	1	1
OG0012962	1	1	1	1	2	1	1	1	1	1	1	1	1	1	1	1	1
OG0012963	1	1	1	1	1	1	1	1	1	1	1	1	1	1	1	1	1
OG0012964	1	1	1	1	1	1	1	1	1	1	1	1	1	1	1	1	1
OG0012965	1	1	1	1	1	1	0	1	1	1	1	1	1	1	1	1	1
OG0012966	4	0	0	0	1	1	0	1	1	2	1	0	1	1	1	1	1
OG0012967	1	1	1	1	1	1	1	1	1	1	1	1	1	1	1	1	1
OG0012968	1	1	2	1	1	1	1	1	0	1	1	1	1	1	1	1	1
OG0012969	1	1	1	1	1	1	1	1	0	1	1	1	1	1	1	1	1
OG0012970	1	1	1	1	1	1	1	1	0	1	1	1	1	1	1	1	1
OG0012971	1	1	1	0	1	1	1	1	1	1	1	1	1	1	1	1	1
OG0012972	1	1	1	0	1	1	1	1	1	1	1	1	1	1	1	1	1
OG0012973	1	1	1	1	1	1	1	1	1	1	1	1	1	1	1	1	1
OG0012974	1	1	1	1	1	1	1	1	1	1	1	1	1	1	1	1	1
OG0012975	1	2	1	1	1	1	0	1	1	1	1	1	1	1	1	1	1
OG0012976	1	1	1	1	1	1	1	1	0	1	1	1	1	1	1	1	1
OG0012977	1	1	1	1	1	1	1	1	1	1	1	1	1	1	1	1	1
OG0012978	1	1	1	1	1	1	1	1	1	1	1	1	1	1	1	1	1
OG0012979	1	1	1	1	1	1	0	1	1	1	1	1	1	1	1	1	1
OG0012980	1	1	1	1	1	1	1	1	1	1	1	1	1	1	1	1	1
OG0012981	1	1	1	1	1	1	1	1	1	1	1	1	1	1	1	1	1
OG0012982	1	1	1	1	1	1	1	1	1	1	1	1	1	1	1	1	1
OG0012983	1	2	1	1	1	1	1	1	1	1	1	1	1	1	1	1	1
OG0012984	1	1	1	1	2	1	1	1	1	1	1	1	1	1	1	1	1
OG0012985	1	1	1	1	1	1	0	1	1	1	1	1	1	1	1	1	1
OG0012986	1	2	1	1	1	1	1	1	0	1	1	1	1	1	1	1	1
OG0012987	1	1	1	1	1	1	1	1	1	1	1	1	1	1	1	1	1
OG0012988	1	1	1	1	1	1	1	1	1	1	1	1	1	1	1	1	1
OG0012989	1	1	1	0	1	1	1	1	1	1	1	1	1	1	1	1	1
OG0012990	1	1	1	0	1	1	1	1	1	1	1	1	1	1	1	1	1
OG0012991	1	1	1	1	1	1	1	1	1	1	1	1	1	1	1	1	1
OG0012992	1	1	1	0	1	1	1	1	1	1	1	1	1	1	1	1	1
OG0012993	2	0	1	1	1	1	1	1	0	1	1	1	1	1	1	1	1
OG0012994	1	1	1	1	1	1	0	1	1	1	1	1	1	1	1	1	1
OG0012995	2	1	1	1	1	1	1	0	1	1	1	1	1	1	1	1	1
OG0012996	1	2	1	1	1	1	0	1	1	1	1	1	1	1	1	1	1
OG0012997	1	1	2	0	1	1	1	1	0	1	1	1	1	1	1	1	1
OG0012998	1	1	1	1	1	1	1	1	1	1	1	1	1	1	1	1	1
OG0012999	1	1	1	0	1	1	1	1	1	1	1	1	1	1	1	1	1
OG0013000	2	1	1	1	1	1	1	1	0	1	1	1	1	1	1	1	1
OG0013001	1	1	1	1	1	1	1	1	0	1	1	1	1	1	1	1	1
OG0013002	3	2	2	0	1	1	0	0	0	1	1	2	1	1	1	0	0
OG0013003	1	1	1	1	1	1	1	1	2	1	1	1	1	1	1	1	1
OG0013004	1	1	1	0	1	1	1	1	1	1	1	1	1	1	1	1	1
OG0013005	1	1	1	1	1	1	1	1	1	1	1	1	1	1	1	1	1
OG0013006	1	1	1	1	1	1	1	1	1	1	1	1	1	1	1	1	1
OG0013007	1	2	1	1	1	1	1	1	0	1	1	1	1	1	1	1	1
OG0013008	1	1	1	0	1	1	1	1	1	1	1	1	1	1	1	1	1
OG0013009	1	1	1	1	1	1	1	1	1	1	1	1	1	1	1	1	1
OG0013010	1	2	1	0	1	1	1	1	0	1	1	1	1	1	1	1	1
OG0013011	1	2	1	1	1	1	0	1	1	1	1	1	1	1	1	1	1
OG0013012	1	1	1	1	1	1	1	1	1	1	1	1	1	1	1	1	1
OG0013013	2	1	1	1	1	1	1	0	1	1	1	1	1	1	1	1	1
OG0013014	1	1	1	0	1	1	1	1	1	1	1	1	1	1	1	1	1
OG0013015	1	0	1	1	1	1	1	1	1	1	1	1	1	1	1	1	1
OG0013016	1	1	1	1	1	1	1	1	1	1	1	1	1	1	1	1	1
OG0013017	1	1	1	1	1	1	1	1	1	1	1	1	1	1	1	1	1
OG0013018	1	1	1	0	1	1	1	1	1	1	1	1	1	1	1	1	1
OG0013019	1	1	1	1	1	1	1	1	0	1	1	1	1	1	1	1	1
OG0013020	1	1	1	1	1	1	1	1	1	1	1	1	1	1	1	1	1
OG0013021	1	3	1	1	1	0	1	1	1	1	1	1	1	1	1	1	1
OG0013022	1	1	1	1	1	1	1	1	0	1	1	1	1	1	1	1	1
OG0013023	1	1	1	1	1	1	1	1	1	1	1	1	1	1	1	1	1
OG0013024	1	1	1	1	1	1	1	1	1	1	1	1	1	1	1	1	1
OG0013025	1	1	0	2	0	1	1	1	1	1	1	1	1	1	1	1	1
OG0013026	1	1	1	0	1	1	1	1	1	1	1	1	1	1	1	1	1
OG0013027	1	1	1	1	1	1	1	1	0	1	1	1	1	1	1	1	1
OG0013028	1	1	1	2	1	1	1	1	0	1	1	1	1	1	1	1	1
OG0013029	1	1	1	1	1	1	1	1	0	1	1	1	1	1	1	1	1
OG0013030	1	1	1	1	1	1	1	1	0	1	1	1	1	1	1	1	1
OG0013031	1	1	1	0	1	1	1	1	1	1	1	1	1	1	1	1	1
OG0013032	1	1	1	3	1	0	1	1	1	1	1	1	1	1	1	1	1
OG0013033	1	2	1	2	0	1	0	1	0	1	1	1	1	1	1	1	1
OG0013034	1	2	1	1	1	0	1	1	1	1	1	1	1	1	1	1	1
OG0013035	1	1	1	1	1	1	1	1	1	1	1	1	1	1	1	1	1
OG0013036	1	2	1	0	1	1	1	1	1	1	1	1	1	1	1	1	1
OG0013037	1	1	1	1	1	1	1	1	1	1	1	1	1	1	1	1	1
OG0013038	1	1	1	1	1	1	1	1	1	1	1	1	1	1	1	1	1
OG0013039	2	2	1	1	1	1	0	1	0	1	1	1	1	1	1	1	1
OG0013040	2	2	1	1	1	1	1	0	0	1	1	1	1	1	1	1	0
OG0013041	1	1	1	1	1	1	1	1	0	1	1	1	1	1	1	1	1
OG0013042	2	1	1	1	1	0	1	1	1	1	1	1	1	1	1	1	1
OG0013043	1	1	1	0	1	1	1	1	1	1	1	1	1	1	1	1	1
OG0013044	1	0	1	1	1	1	1	1	1	1	1	1	1	1	1	1	1
OG0013045	1	1	1	1	1	1	1	1	0	1	1	1	1	1	1	1	1
OG0013046	3	1	1	1	1	1	0	1	0	1	1	1	1	1	1	1	1
OG0013047	1	0	1	0	2	1	1	1	1	1	1	1	1	1	1	1	1
OG0013048	1	1	1	1	1	1	0	1	1	1	1	1	1	1	1	1	1
OG0013049	1	1	1	1	1	1	1	1	1	1	1	1	1	1	1	1	1
OG0013050	1	2	1	1	1	1	1	1	0	1	1	1	1	1	1	1	1
OG0013051	1	1	1	0	1	1	1	1	1	1	1	1	1	1	1	1	1
OG0013052	1	2	1	0	1	1	1	1	1	1	1	1	1	1	1	1	1
OG0013053	1	1	1	1	1	1	1	1	1	1	1	1	1	1	1	1	1
OG0013054	1	1	1	1	1	1	1	1	0	1	1	1	1	1	1	1	1
OG0013055	1	1	1	0	2	1	1	0	1	1	1	1	1	1	1	1	1
OG0013056	1	1	1	1	1	1	1	1	1	1	1	1	1	1	1	1	1
OG0013057	1	1	1	1	1	1	1	1	1	1	1	1	1	1	1	1	1
OG0013058	1	1	1	1	1	1	1	1	1	1	1	1	1	1	1	1	1
OG0013059	1	1	1	0	1	1	1	1	1	1	1	1	1	1	1	1	1
OG0013060	1	1	1	1	1	1	1	1	0	1	1	1	1	1	1	1	1
OG0013061	1	2	1	1	1	1	0	1	1	1	1	1	1	1	1	1	1
OG0013062	1	1	1	1	1	1	1	1	1	1	1	1	1	1	1	1	1
OG0013063	1	1	1	1	1	1	1	1	1	1	1	1	1	1	1	1	1
OG0013064	1	1	1	2	1	1	0	1	0	1	1	1	1	1	1	1	1
OG0013065	1	1	1	0	1	1	1	1	1	1	1	1	1	1	1	1	1
OG0013066	1	1	1	1	1	1	1	1	1	1	1	1	1	1	1	1	1
OG0013067	1	1	1	1	1	1	1	1	1	1	1	1	1	1	1	1	1
OG0013068	1	1	1	1	1	1	1	1	0	1	1	1	1	1	1	1	1
OG0013069	1	1	1	1	1	1	0	1	1	1	1	1	1	1	1	1	1
OG0013070	1	1	1	0	1	1	1	1	1	1	1	1	1	1	1	1	1
OG0013071	2	2	1	1	1	0	1	1	1	1	1	1	1	1	1	1	1
OG0013072	2	0	1	1	0	1	1	1	1	1	1	1	1	1	1	1	1
OG0013073	2	1	1	0	1	1	1	1	1	1	1	1	1	1	1	1	1
OG0013074	1	1	1	1	1	1	1	1	1	1	1	1	1	1	1	1	1
OG0013075	1	1	1	0	1	1	1	1	1	1	1	1	1	1	1	1	1
OG0013076	1	1	0	1	1	1	1	1	1	1	1	1	1	1	1	1	1
OG0013077	2	3	1	1	1	1	0	1	0	1	1	1	1	1	1	1	1
OG0013078	1	1	1	1	1	1	1	1	1	1	1	1	1	1	1	1	1
OG0013079	2	2	1	1	1	1	1	0	1	1	1	1	1	1	1	1	1
OG0013080	1	1	1	1	1	1	0	1	1	1	1	1	1	1	1	1	1
OG0013081	1	1	1	1	1	1	1	1	0	1	1	1	1	1	1	1	1
OG0013082	1	1	1	1	1	1	1	1	1	1	1	1	1	1	1	1	1
OG0013083	1	2	1	1	1	1	1	1	1	1	1	1	1	1	1	1	1
OG0013084	1	1	1	1	1	1	1	1	0	1	1	1	1	1	1	1	1
OG0013085	1	1	1	0	1	1	1	1	1	1	1	1	1	1	1	1	1
OG0013086	1	1	1	1	1	1	1	1	0	1	1	1	1	1	1	1	1
OG0013087	1	1	1	1	1	1	1	1	1	1	1	1	1	1	1	1	1
OG0013088	1	1	1	0	1	1	1	1	1	1	1	1	1	1	1	1	1
OG0013089	2	2	1	1	1	0	0	1	1	1	1	1	1	1	1	1	1
OG0013090	1	1	1	1	1	1	1	1	1	1	1	1	1	1	1	1	1
OG0013091	1	1	1	0	1	1	1	1	1	1	1	1	1	1	1	1	1
OG0013092	1	1	1	1	1	1	1	1	1	1	1	1	1	1	1	1	1
OG0013093	1	1	1	1	1	1	1	1	0	1	1	1	1	1	1	1	1
OG0013094	1	2	1	1	1	1	0	1	0	1	1	1	1	1	1	1	1
OG0013095	1	1	1	1	1	1	1	1	0	1	1	1	1	1	1	1	1
OG0013096	2	1	1	0	1	1	1	1	1	1	1	1	1	1	1	1	1
OG0013097	1	2	1	1	1	1	1	1	0	1	1	1	1	1	1	1	1
OG0013098	1	1	2	1	1	1	1	0	1	1	1	1	1	1	1	1	1
OG0013099	1	1	1	1	1	1	1	1	1	1	1	1	1	1	1	1	1
OG0013100	1	1	1	1	1	1	1	1	0	1	1	1	1	1	1	1	1
OG0013101	1	1	1	1	1	1	1	1	1	1	1	1	1	1	1	1	1
OG0013102	1	1	1	0	1	1	1	1	1	1	1	1	1	1	1	1	1
OG0013103	1	1	1	1	1	1	2	0	1	1	1	1	1	1	1	1	1
OG0013104	1	1	1	0	1	1	1	1	1	1	1	1	1	1	1	1	1
OG0013105	1	1	1	1	1	1	1	1	0	1	1	1	1	1	1	1	1
OG0013106	1	1	1	1	1	1	1	1	0	1	1	1	1	1	1	1	1
OG0013107	1	1	1	1	1	1	1	1	0	1	1	1	1	1	1	1	1
OG0013108	1	1	1	1	1	1	1	1	0	1	1	1	1	1	1	1	1
OG0013109	1	1	1	1	1	1	1	1	0	1	1	1	1	1	1	1	1
OG0013110	1	1	1	1	1	1	1	1	0	1	1	1	1	1	1	1	1
OG0013111	1	1	1	0	1	1	1	1	1	1	1	1	1	1	1	1	1
OG0013112	1	1	1	1	1	1	1	1	0	1	1	1	1	1	1	1	1
OG0013113	1	1	1	0	1	1	1	1	1	1	1	1	1	1	1	1	1
OG0013114	1	1	1	1	1	1	0	1	1	1	1	1	1	1	1	1	1
OG0013115	1	1	1	1	1	1	1	1	1	1	1	1	1	1	1	1	1
OG0013116	1	1	1	1	1	1	1	1	0	1	1	1	1	1	1	1	1
OG0013117	1	1	1	1	1	1	1	1	1	1	1	1	1	1	1	1	1
OG0013118	1	1	1	1	1	1	1	1	1	1	1	1	1	1	1	1	1
OG0013119	1	1	1	1	1	1	1	1	0	1	1	1	1	1	1	1	1
OG0013120	1	1	1	0	1	1	1	1	1	1	1	1	1	1	1	1	1
OG0013121	1	1	1	1	1	1	1	1	1	1	1	1	1	1	1	1	1
OG0013122	1	0	1	1	1	1	1	1	1	1	1	1	1	1	1	1	1
OG0013123	1	1	1	1	1	1	1	1	1	1	1	1	1	1	1	1	1
OG0013124	1	1	1	1	1	1	1	1	1	1	1	1	1	1	1	1	1
OG0013125	1	1	1	1	1	1	0	1	1	1	1	1	1	1	1	1	1
OG0013126	1	1	1	1	1	1	1	1	1	1	1	1	1	1	1	1	1
OG0013127	1	1	1	1	1	1	1	1	1	1	1	1	1	1	1	1	1
OG0013128	1	1	1	1	1	1	0	1	1	1	1	1	1	1	1	1	1
OG0013129	1	2	1	1	1	1	1	1	0	1	1	1	1	1	1	1	1
OG0013130	1	1	1	1	1	1	1	1	1	1	1	1	1	1	1	1	1
OG0013131	1	1	1	1	1	1	0	1	1	1	1	1	1	1	1	1	1
OG0013132	1	3	1	1	1	1	0	1	0	1	1	1	1	1	1	1	1
OG0013133	1	1	2	2	1	1	1	1	0	1	1	1	1	1	1	1	1
OG0013134	1	1	1	1	1	1	1	1	1	1	1	1	1	1	1	1	1
OG0013135	1	1	1	1	1	1	1	1	1	1	1	1	1	1	1	1	1
OG0013136	1	1	1	1	1	1	1	1	1	1	1	1	1	1	1	1	1
OG0013137	1	1	1	0	1	1	1	1	1	1	1	1	1	1	1	1	1
OG0013138	1	1	1	1	1	1	0	1	1	1	1	1	1	1	1	1	1
OG0013139	1	1	1	0	1	1	1	1	1	1	1	1	1	1	1	1	1
OG0013140	1	1	1	1	1	1	1	1	1	1	1	1	1	1	1	1	1
OG0013141	1	2	1	1	1	1	1	1	0	1	1	1	1	1	1	1	1
OG0013142	1	1	1	1	1	1	1	1	0	1	1	1	1	1	1	1	1
OG0013143	1	1	1	1	1	1	1	1	0	1	1	1	1	1	1	1	1
OG0013144	2	1	1	1	1	1	1	1	0	1	1	1	1	1	1	1	1
OG0013145	1	1	1	0	1	1	1	1	1	1	1	1	1	1	1	1	1
OG0013146	1	1	1	1	1	1	1	1	0	1	1	1	1	1	1	1	1
OG0013147	1	1	1	1	1	1	1	1	1	1	1	1	1	1	1	1	1
OG0013148	1	1	1	0	1	1	1	1	1	1	1	1	1	1	1	1	1
OG0013149	1	1	1	0	1	1	1	1	1	1	1	1	1	1	1	1	1
OG0013150	1	1	1	1	1	1	1	1	1	1	1	1	1	1	1	1	1
OG0013151	1	1	1	1	1	1	1	1	1	1	1	1	1	1	1	1	1
OG0013152	1	1	1	2	0	1	1	1	0	1	1	1	1	1	1	1	1
OG0013153	1	1	1	1	0	1	1	1	1	1	1	1	1	1	1	1	1
OG0013154	1	1	1	1	0	1	1	1	1	1	1	1	1	1	1	1	1
OG0013155	1	1	1	1	1	1	1	1	0	1	1	1	1	1	1	1	1
OG0013156	1	1	1	1	1	1	1	1	1	1	1	1	1	1	1	1	1
OG0013157	1	1	1	1	1	1	1	1	1	1	1	1	1	1	1	1	1
OG0013158	2	1	1	1	1	1	0	1	0	1	1	1	1	1	1	1	1
OG0013159	1	1	1	1	1	1	1	1	0	1	1	1	1	1	1	1	1
OG0013160	1	1	1	1	1	1	1	1	0	1	1	1	1	1	1	1	1
OG0013161	1	1	1	1	1	1	1	1	1	1	1	1	1	1	1	1	1
OG0013162	1	1	1	1	1	1	1	1	1	1	1	1	1	1	1	1	1
OG0013163	1	1	1	1	1	1	1	1	1	1	1	1	1	1	1	1	1
OG0013164	1	1	1	1	1	1	1	1	1	1	1	1	1	1	1	1	1
OG0013165	1	1	1	0	1	1	1	1	1	1	1	1	1	1	1	1	1
OG0013166	1	1	1	1	1	1	0	1	1	1	1	1	1	1	1	1	1
OG0013167	2	1	1	1	1	1	1	1	1	1	1	1	1	1	1	1	1
OG0013168	2	1	1	1	1	1	1	1	1	1	1	1	1	1	1	1	1
OG0013169	1	2	1	1	1	1	1	0	1	1	1	1	1	1	1	1	1
OG0013170	1	1	1	1	1	1	1	1	1	1	1	1	1	1	1	1	1
OG0013171	1	1	1	1	1	1	1	1	1	1	1	1	1	1	1	1	1
OG0013172	1	1	1	1	2	1	1	1	1	1	1	1	1	1	1	1	1
OG0013173	2	1	1	0	1	1	1	1	1	1	1	1	1	1	1	1	1
OG0013174	1	1	1	1	1	1	0	1	1	1	1	1	1	1	1	1	1
OG0013175	1	2	1	1	1	1	1	0	1	1	1	1	1	1	1	1	1
OG0013176	1	1	1	1	1	1	1	1	0	1	1	1	1	1	1	1	1
OG0013177	1	1	1	1	1	1	1	1	1	1	1	1	1	1	1	1	1
OG0013178	1	1	1	1	1	1	0	1	1	1	1	1	1	1	1	1	1
OG0013179	1	1	1	0	1	1	1	1	2	1	1	1	1	1	1	1	1
OG0013180	1	1	1	1	1	1	1	1	1	1	1	1	1	1	1	1	1
OG0013181	1	1	1	1	1	1	1	1	1	1	1	1	1	1	1	1	1
OG0013182	1	1	1	1	1	1	1	1	1	1	1	1	1	1	1	1	1
OG0013183	1	1	1	1	1	1	1	1	1	1	1	1	1	1	1	1	1
OG0013184	1	1	1	1	1	1	1	1	1	1	1	1	1	1	1	1	1
OG0013185	1	1	1	1	1	1	1	1	1	1	1	1	1	1	1	1	1
OG0013186	1	2	1	1	1	1	1	1	1	1	1	1	1	1	1	1	1
OG0013187	1	4	1	1	1	0	1	1	1	1	1	1	1	1	1	1	1
OG0013188	1	2	1	1	1	1	1	1	0	1	1	1	1	1	1	1	1
OG0013189	1	1	1	1	1	1	0	1	1	1	1	1	1	1	1	1	1
OG0013190	1	2	1	1	1	1	1	1	0	1	1	1	1	1	1	1	1
OG0013191	1	1	1	0	1	1	1	1	1	1	1	1	1	1	1	1	1
OG0013192	1	1	1	1	1	1	2	0	1	1	1	1	1	1	1	1	1
OG0013193	1	1	1	1	1	1	0	1	1	1	1	1	1	1	1	1	1
OG0013194	1	2	1	1	1	1	0	1	1	1	1	1	1	1	1	1	1
OG0013195	1	0	1	1	2	1	1	1	1	1	1	1	1	1	1	1	1
OG0013196	1	1	1	1	1	1	1	1	1	1	1	1	1	1	1	1	1
OG0013197	1	1	1	1	1	1	1	1	1	1	1	1	1	1	1	1	1
OG0013198	1	0	1	1	1	1	1	1	1	1	1	1	1	1	1	1	1
OG0013199	1	1	1	1	1	1	1	1	1	1	1	1	1	1	1	1	1
OG0013200	1	1	1	1	1	1	1	1	1	1	1	1	1	1	1	1	1
OG0013201	1	1	1	1	1	1	1	1	1	1	1	1	1	1	1	1	1
OG0013202	1	1	1	1	1	1	1	1	1	1	1	1	1	1	1	1	1
OG0013203	1	2	1	1	1	1	0	1	1	1	1	1	1	1	1	1	1
OG0013204	1	1	1	1	1	1	1	1	1	1	1	1	1	1	1	1	1
OG0013205	1	1	1	1	1	1	0	1	1	1	1	1	1	1	1	1	1
OG0013206	1	1	1	0	1	1	1	1	1	1	1	1	1	1	1	1	1
OG0013207	1	1	1	1	1	1	1	1	1	1	1	1	1	1	1	1	1
OG0013208	1	1	1	1	1	1	1	1	1	1	1	1	1	1	1	1	1
OG0013209	1	2	1	0	1	1	0	1	1	1	1	1	1	1	1	1	1
OG0013210	1	1	1	1	1	1	1	1	1	1	1	1	1	1	1	1	1
OG0013211	1	1	1	1	1	1	1	1	1	1	1	1	1	1	1	1	1
OG0013212	1	1	1	1	1	1	1	1	1	1	1	1	1	1	1	1	1
OG0013213	1	1	1	1	1	1	1	1	1	1	1	1	1	1	1	1	1
OG0013214	1	1	1	0	1	1	1	1	1	1	1	1	1	1	1	1	1
OG0013215	1	1	1	1	1	1	1	1	1	1	1	1	1	1	1	1	1
OG0013216	1	1	1	1	1	1	1	1	0	1	1	1	1	1	1	1	1
OG0013217	1	1	1	0	1	1	1	1	1	1	1	1	1	1	1	1	1
OG0013218	1	1	1	0	1	1	1	1	1	1	1	1	1	1	1	1	1
OG0013219	1	1	1	2	1	1	1	1	0	1	1	1	1	1	1	1	1
OG0013220	1	0	1	1	1	1	1	1	1	1	1	1	1	1	1	1	1
OG0013221	1	1	1	1	1	1	1	1	1	1	1	1	1	1	1	1	1
OG0013222	1	1	1	1	1	1	1	1	1	1	1	1	1	1	1	1	1
OG0013223	1	1	1	1	1	1	1	1	0	1	1	1	1	1	1	1	1
OG0013224	1	1	2	2	1	1	0	1	0	1	1	1	1	1	1	1	1
OG0013225	1	2	1	1	1	1	0	1	0	1	1	1	1	1	1	1	1
OG0013226	1	1	1	0	1	1	1	1	1	1	1	1	1	1	1	1	1
OG0013227	2	0	1	0	1	1	1	1	1	1	1	1	1	1	1	1	1
OG0013228	1	1	1	1	1	1	0	1	1	1	1	1	1	1	1	1	1
OG0013229	1	1	1	1	1	1	1	1	1	1	1	1	1	1	1	1	1
OG0013230	1	1	1	1	1	1	1	1	1	1	1	1	1	1	1	1	1
OG0013231	1	1	1	1	1	1	1	1	1	1	1	1	1	1	1	1	1
OG0013232	1	1	1	1	1	1	1	1	0	1	1	1	1	1	1	1	1
OG0013233	1	1	1	1	1	1	1	1	1	1	1	1	1	1	1	1	1
OG0013234	1	1	1	0	1	1	1	1	1	1	1	1	1	1	1	1	1
OG0013235	1	1	1	1	1	1	1	1	0	1	1	1	1	1	1	1	1
OG0013236	1	1	1	1	1	1	1	1	1	1	1	1	1	1	1	1	1
OG0013237	1	1	1	1	1	1	1	1	1	1	1	1	1	1	1	1	1
OG0013238	1	1	1	0	1	1	1	1	1	1	1	1	1	1	1	1	1
OG0013239	1	1	1	0	1	1	1	1	1	1	1	1	1	1	1	1	1
OG0013240	1	1	1	1	1	1	1	1	0	1	1	1	1	1	1	1	1
OG0013241	1	1	1	1	1	1	1	1	1	1	1	1	1	1	1	1	1
OG0013242	1	1	1	0	1	1	1	1	1	1	1	1	1	1	1	1	1
OG0013243	1	1	1	1	1	1	1	1	1	1	1	1	1	1	1	1	1
OG0013244	1	2	1	1	1	1	1	1	1	1	1	1	1	1	1	1	1
OG0013245	1	1	1	1	1	1	1	1	0	1	1	1	1	1	1	1	1
OG0013246	1	2	1	1	1	1	1	1	0	1	1	1	1	1	1	1	1
OG0013247	1	1	1	1	1	1	1	1	1	1	1	1	1	1	1	1	1
OG0013248	1	1	1	0	1	1	1	1	1	1	1	1	1	1	1	1	1
OG0013249	1	1	1	1	1	1	1	1	1	1	1	1	1	1	1	1	1
OG0013250	1	0	1	1	1	1	1	1	1	1	1	1	1	1	1	1	1
OG0013251	1	1	1	1	1	1	1	1	1	1	1	1	1	1	1	1	1
OG0013252	1	1	1	1	1	1	1	1	1	1	1	1	1	1	1	1	1
OG0013253	1	2	1	1	1	1	1	1	1	1	1	1	1	1	1	1	1
OG0013254	1	1	1	0	1	1	1	1	1	1	1	1	1	1	1	1	1
OG0013255	1	1	1	1	1	1	1	1	1	1	1	1	1	1	1	1	1
OG0013256	1	1	1	1	1	1	1	1	1	1	1	1	1	1	1	1	1
OG0013257	1	2	1	2	1	1	1	1	0	1	1	1	1	1	1	1	1
OG0013258	1	1	1	1	1	1	1	1	0	1	1	1	1	1	1	1	1
OG0013259	1	1	1	1	1	1	1	1	1	1	1	1	1	1	1	1	1
OG0013260	1	1	1	0	1	1	1	1	1	1	1	1	1	1	1	1	1
OG0013261	1	1	1	1	1	1	1	1	1	1	1	1	1	1	1	1	1
OG0013262	1	1	1	0	1	1	1	1	1	1	1	1	1	1	1	1	1
OG0013263	1	1	1	1	1	1	0	1	1	1	1	1	1	1	1	1	1
OG0013264	1	1	1	1	1	1	1	1	1	1	1	1	1	1	1	1	1
OG0013265	2	1	1	1	1	1	1	0	1	1	1	1	1	1	1	1	1
OG0013266	1	1	2	1	1	1	1	1	1	1	1	1	1	1	1	1	1
OG0013267	1	1	1	0	1	1	1	1	1	1	1	1	1	1	1	1	1
OG0013268	1	0	1	1	1	1	1	1	1	1	1	1	1	1	1	1	1
OG0013269	1	1	1	1	1	1	1	1	1	1	1	1	1	1	1	1	1
OG0013270	1	1	1	1	1	1	0	1	1	1	1	1	1	1	1	1	1
OG0013271	1	1	1	1	1	1	1	1	1	1	1	1	1	1	1	1	1
OG0013272	1	1	1	1	1	1	1	1	1	1	1	1	1	1	1	1	1
OG0013273	1	1	1	1	1	1	1	1	1	1	1	1	1	1	1	1	1
OG0013274	1	1	1	1	1	1	1	1	1	1	1	1	1	1	1	1	1
OG0013275	1	1	1	0	1	1	1	1	1	1	1	1	1	1	1	1	1
OG0013276	1	1	1	0	1	1	1	1	1	1	1	1	1	1	1	1	1
OG0013277	1	1	1	0	1	1	1	1	1	1	1	1	1	1	1	1	1
OG0013278	1	2	1	1	1	1	1	0	1	1	1	1	1	1	1	1	1
OG0013279	1	1	1	2	1	1	1	1	0	1	1	1	1	1	1	1	1
OG0013280	1	2	1	0	1	1	1	1	1	1	1	1	1	1	1	1	1
OG0013281	1	1	1	2	1	1	1	1	1	1	1	1	1	1	1	1	1
OG0013282	1	1	1	1	1	1	1	1	1	1	1	1	1	1	1	1	1
OG0013283	1	1	1	1	1	1	1	1	0	1	1	1	1	1	1	1	1
OG0013284	1	1	1	1	1	1	1	1	1	1	1	1	1	1	1	1	1
OG0013285	1	1	1	1	1	1	1	1	0	1	1	1	1	1	1	1	1
OG0013286	1	1	1	1	1	1	0	1	1	1	1	1	1	1	1	1	1
OG0013287	1	1	1	1	1	1	0	1	1	1	1	1	1	1	1	1	1
OG0013288	1	1	1	1	1	1	1	1	0	1	1	1	1	1	1	1	1
OG0013289	1	1	1	1	1	1	0	1	1	1	1	1	1	1	1	1	1
OG0013290	1	1	1	1	1	1	0	1	1	1	1	1	1	1	1	1	1
OG0013291	1	1	1	1	1	1	1	1	1	1	1	1	1	1	1	1	1
OG0013292	1	1	2	1	1	1	1	0	1	1	1	1	1	1	1	1	1
OG0013293	1	1	1	1	1	1	1	1	1	1	1	1	1	1	1	1	1
OG0013294	1	2	2	1	1	0	1	1	1	1	1	2	1	1	1	1	1
OG0013295	1	1	1	1	1	1	1	1	1	1	1	1	1	1	1	1	1
OG0013296	1	2	1	1	1	1	1	0	1	1	1	1	1	1	1	1	1
OG0013297	1	1	1	1	2	0	1	1	2	1	1	1	1	1	1	1	1
OG0013298	1	1	1	1	1	1	1	1	1	1	1	1	1	1	1	1	1
OG0013299	1	1	1	1	1	1	1	1	0	1	1	1	1	1	1	1	1
OG0013300	1	1	1	0	1	1	1	1	1	1	1	1	1	1	1	1	1
OG0013301	1	1	1	0	1	1	1	1	1	1	1	1	1	1	1	1	1
OG0013302	1	1	1	1	1	1	1	1	1	1	1	1	1	1	1	1	1
OG0013303	1	1	1	1	1	1	1	1	1	1	1	1	1	1	1	1	1
OG0013304	1	2	1	1	1	1	1	1	0	1	1	1	1	1	1	1	1
OG0013305	1	1	1	1	1	1	1	1	1	1	1	1	1	1	1	1	1
OG0013306	1	1	1	0	1	1	1	1	1	1	1	1	1	1	1	1	1
OG0013307	1	1	1	1	1	1	1	1	1	1	1	1	1	1	1	1	1
OG0013308	1	1	1	1	1	1	1	1	1	1	1	1	1	1	1	1	1
OG0013309	1	1	1	1	1	1	0	1	1	1	1	1	1	1	1	1	1
OG0013310	1	1	0	1	1	1	1	1	1	1	1	1	1	1	1	1	1
OG0013311	1	1	1	1	1	1	1	1	1	1	1	1	1	1	1	1	1
OG0013312	1	2	1	1	1	1	1	1	0	1	1	1	1	1	1	1	1
OG0013313	1	1	1	0	1	1	1	1	1	1	1	1	1	1	1	1	1
OG0013314	1	1	1	1	1	1	1	1	1	1	1	1	1	1	1	1	1
OG0013315	1	1	1	1	1	1	1	1	1	1	1	1	1	1	1	1	1
OG0013316	1	1	1	1	1	1	1	1	1	1	1	1	1	1	1	1	1
OG0013317	1	1	1	1	1	1	1	1	1	1	1	1	1	1	1	1	1
OG0013318	1	1	1	0	1	1	1	1	1	1	1	1	1	1	1	1	1
OG0013319	1	1	1	1	1	1	1	1	1	1	1	1	1	1	1	1	1
OG0013320	1	2	1	0	1	1	1	1	0	1	1	1	1	1	1	1	1
OG0013321	1	1	1	0	1	1	1	1	1	1	1	1	1	1	1	1	1
OG0013322	1	1	1	1	1	1	0	1	1	1	1	1	1	1	1	1	1
OG0013323	1	1	1	0	1	1	1	1	1	1	1	1	1	1	1	1	1
OG0013324	1	1	1	1	1	1	0	1	1	1	1	1	1	1	1	1	1
OG0013325	1	1	1	0	1	1	1	1	1	1	1	1	1	1	1	1	1
OG0013326	1	1	1	0	1	1	1	1	1	1	1	1	1	1	1	1	1
OG0013327	1	1	1	0	1	1	1	1	1	1	1	1	1	1	1	1	1
OG0013328	1	1	1	1	1	1	1	1	1	1	1	1	1	1	1	1	1
OG0013329	1	1	1	2	1	1	0	1	0	1	1	1	1	1	1	1	1
OG0013330	1	1	1	1	1	1	1	1	0	1	1	1	1	1	1	1	1
OG0013331	1	1	1	0	1	1	1	1	1	1	1	1	1	1	1	1	1
OG0013332	1	1	1	0	1	1	1	1	1	1	1	1	1	1	1	1	1
OG0013333	1	2	1	1	1	1	1	1	0	1	1	1	1	1	1	1	1
OG0013334	1	1	1	0	1	1	1	1	1	1	1	1	1	1	1	1	1
OG0013335	1	1	1	1	1	1	1	1	1	1	1	1	1	1	1	1	1
OG0013336	1	1	1	0	2	1	1	1	0	1	1	1	1	1	1	1	1
OG0013337	1	1	1	1	1	1	1	1	0	1	1	1	1	1	1	1	1
OG0013338	1	1	1	1	1	1	1	1	0	1	1	1	1	1	1	1	1
OG0013339	1	1	1	1	1	1	1	1	0	1	1	1	1	1	1	1	1
OG0013340	1	1	1	1	1	1	1	1	0	1	1	1	1	1	1	1	1
OG0013341	1	1	1	0	1	1	1	1	1	1	1	1	1	1	1	1	1
OG0013342	1	1	1	1	1	1	1	1	1	1	1	1	1	1	1	1	1
OG0013343	1	1	1	1	1	1	1	1	0	1	1	1	1	1	1	1	1
OG0013344	1	1	1	1	1	1	1	1	1	1	1	1	1	1	1	1	1
OG0013345	1	1	1	1	1	1	1	1	0	1	1	1	1	1	1	1	1
OG0013346	1	1	1	0	1	1	1	1	1	1	1	1	1	1	1	1	1
OG0013347	1	1	1	0	1	1	1	1	1	1	1	1	1	1	1	1	1
OG0013348	1	1	1	1	1	1	1	1	1	1	1	1	1	1	1	1	1
OG0013349	1	1	1	1	1	1	1	1	1	1	1	1	1	1	1	1	1
OG0013350	1	1	1	1	0	1	1	1	1	1	1	1	1	1	1	1	1
OG0013351	1	1	1	1	1	1	1	1	0	1	1	1	1	1	1	1	1
OG0013352	1	1	1	1	1	1	1	1	1	1	1	1	1	1	1	1	1
OG0013353	1	1	1	1	1	1	0	1	1	1	1	1	1	1	1	1	1
OG0013354	1	1	1	1	1	1	1	1	1	1	1	1	1	1	1	1	1
OG0013355	1	1	1	1	1	1	1	1	1	1	1	1	1	1	1	1	1
OG0013356	3	1	1	1	1	1	1	0	1	1	1	1	1	1	1	1	1
OG0013357	1	1	1	0	1	1	1	1	1	1	1	1	1	1	1	1	1
OG0013358	1	1	1	1	1	1	1	1	1	1	1	1	1	1	1	1	1
OG0013359	1	1	1	1	1	1	1	1	1	1	1	1	1	1	1	1	1
OG0013360	1	1	1	1	1	1	1	1	1	1	1	1	1	1	1	1	1
OG0013361	1	1	1	1	1	1	0	1	1	1	1	1	1	1	1	1	1
OG0013362	1	1	1	1	1	1	1	1	1	1	1	1	1	1	1	1	1
OG0013363	1	1	1	1	1	1	1	1	1	1	1	1	1	1	1	1	1
OG0013364	1	1	1	1	1	1	1	1	0	1	1	1	1	1	1	1	1
OG0013365	1	1	1	0	1	1	1	1	1	1	1	1	1	1	1	1	1
OG0013366	1	1	1	1	1	1	1	1	0	1	1	1	1	1	1	1	1
OG0013367	1	1	1	1	1	1	1	1	1	1	1	1	1	1	1	1	1
OG0013368	1	2	2	0	1	1	1	0	1	1	1	2	1	1	1	1	1
OG0013369	1	1	1	1	1	1	1	1	1	1	1	1	1	1	1	1	1
OG0013370	1	1	1	1	1	1	1	1	0	1	1	1	1	1	1	1	1
OG0013371	1	2	1	1	1	1	0	1	1	1	1	1	1	1	1	1	1
OG0013372	1	2	1	1	1	1	1	1	1	1	1	1	1	1	1	1	1
OG0013373	1	2	1	1	1	1	1	1	0	1	1	1	1	1	1	1	1
OG0013374	1	3	1	1	1	0	1	1	1	1	1	1	1	1	1	1	1
OG0013375	1	1	1	1	1	1	1	1	1	1	1	1	1	1	1	1	1
OG0013376	1	1	1	1	1	1	1	1	1	1	1	1	1	1	1	1	1
OG0013377	1	1	1	1	1	1	0	1	1	1	1	1	1	1	1	1	1
OG0013378	1	1	1	1	1	1	1	1	1	1	1	1	1	1	1	1	1
OG0013379	1	1	1	1	1	1	1	1	1	1	1	1	1	1	1	1	1
OG0013380	1	1	1	1	1	1	1	1	0	1	1	1	1	1	1	1	1
OG0013381	1	1	1	1	1	1	1	1	1	1	1	1	1	1	1	1	1
OG0013382	1	1	2	1	1	1	1	1	0	1	1	1	1	1	1	1	1
OG0013383	1	1	1	1	1	1	1	1	1	1	1	1	1	1	1	1	1
OG0013384	1	2	1	1	1	1	1	1	1	1	1	1	1	1	1	1	1
OG0013385	1	1	0	1	1	1	1	1	1	1	1	1	1	1	1	1	1
OG0013386	1	1	1	1	1	1	1	1	1	1	1	1	1	1	1	1	1
OG0013994	1	1	0	2	4	1	0	0	0	1	1	1	1	1	1	0	0
OG0013998	1	1	1	0	1	1	1	1	1	1	1	1	1	1	1	1	1
OG0013999	3	1	1	1	1	1	1	1	0	1	1	1	1	1	1	1	1
OG0014000	1	1	1	1	1	1	1	1	1	1	1	1	1	1	1	1	1
OG0014001	4	0	1	1	0	1	1	0	0	2	1	1	1	1	1	1	0
OG0014002	1	1	1	1	1	1	1	1	0	1	1	1	1	1	1	1	1
OG0014005	1	2	1	1	1	0	1	1	1	1	1	1	1	1	1	1	1
OG0014007	4	0	1	0	1	1	1	1	0	2	1	1	1	1	1	1	1
OG0014009	1	0	0	3	1	1	1	0	1	1	1	0	1	1	1	1	1
OG0014010	2	1	1	1	1	0	1	1	1	1	1	1	1	1	1	1	1
OG0014011	2	1	0	1	1	1	1	1	0	1	1	1	1	1	1	1	1
OG0014014	1	1	1	1	1	1	1	0	1	1	1	1	1	1	1	1	1
OG0014015	1	1	1	1	1	1	1	1	0	1	1	1	1	1	1	1	1
OG0014016	1	0	0	1	1	1	1	1	1	1	1	0	1	1	1	1	1
OG0014017	1	1	1	1	1	1	1	1	0	1	1	1	1	1	1	1	1
OG0014018	1	1	1	1	1	1	1	1	0	1	1	1	1	1	1	1	1
OG0014019	1	1	1	1	1	1	1	1	0	1	1	1	1	1	1	1	1
OG0014020	2	0	2	0	1	1	0	1	0	1	1	1	1	1	1	1	1
OG0014021	1	3	3	1	1	1	0	0	0	1	1	3	1	1	1	0	0
OG0014022	1	1	1	1	2	1	1	0	0	1	1	1	1	1	1	1	0
OG0014023	2	0	1	0	2	1	1	0	1	1	1	1	1	1	1	1	1
OG0014024	1	1	1	1	1	0	1	1	1	1	1	1	1	1	1	1	1
OG0014025	2	1	1	1	1	1	1	1	0	1	1	1	1	1	1	1	1
OG0014026	1	2	1	1	1	0	1	1	1	1	1	1	1	1	1	1	1
OG0014027	1	1	1	1	1	0	1	1	1	1	1	1	1	1	1	1	1
OG0014028	1	0	1	1	1	1	1	1	1	1	1	1	1	1	1	1	1
OG0014029	2	1	1	1	1	1	1	1	0	1	1	1	1	1	1	1	1
OG0014030	1	0	1	1	1	1	1	1	0	1	1	1	1	1	1	1	1
OG0014031	1	0	1	1	1	1	1	1	1	1	1	1	1	1	1	1	1
OG0014032	1	1	1	1	1	1	1	1	1	1	1	1	1	1	1	1	1
OG0014033	1	1	1	1	1	1	1	0	1	1	1	1	1	1	1	1	1
OG0014034	1	1	1	1	1	0	1	1	1	1	1	1	1	1	1	1	1
OG0014035	1	0	1	1	0	1	1	1	1	1	1	1	1	1	1	1	1
OG0014036	1	0	0	1	1	1	0	1	1	1	1	0	1	1	1	1	1
OG0014037	1	2	1	1	1	0	1	1	1	1	1	1	1	1	1	1	1
OG0014038	1	1	1	1	1	1	1	1	1	1	1	1	1	1	1	1	1
OG0014039	4	0	0	0	2	0	1	1	1	2	1	0	1	1	1	1	1
OG0014040	1	1	1	1	1	1	1	1	0	1	1	1	1	1	1	1	1
OG0014041	1	1	1	1	1	1	1	1	1	1	1	1	1	1	1	1	1
OG0014042	1	2	1	2	2	0	0	1	0	1	2	2	2	2	1	1	1
OG0014043	2	2	1	0	1	1	1	0	1	1	1	1	1	1	1	1	1
OG0014044	2	2	1	1	1	1	1	0	0	1	1	1	1	1	1	1	0
OG0014045	1	2	1	1	1	1	0	0	1	1	1	1	1	1	1	1	1
OG0014046	1	1	1	0	1	1	1	1	1	1	1	1	1	1	1	1	1
OG0014047	1	0	1	1	1	1	1	1	1	1	1	1	1	1	1	1	1
OG0014048	1	0	1	1	1	1	1	1	0	1	1	1	1	1	1	1	1
OG0014049	1	1	1	1	1	1	1	1	0	1	1	1	1	1	1	1	1
OG0014050	1	1	1	1	1	1	1	1	0	1	1	1	1	1	1	1	1
OG0014051	1	1	1	0	1	1	1	1	1	1	1	1	1	1	1	1	1
OG0014052	1	4	1	1	1	1	1	0	0	1	1	1	1	1	1	1	0
OG0014053	1	2	1	1	1	0	1	1	0	1	1	1	1	1	1	1	1
OG0014054	1	1	1	1	1	1	1	0	1	1	1	1	1	1	1	1	1
OG0014055	1	1	1	1	1	1	1	1	0	1	1	1	1	1	1	1	1
OG0014056	1	1	1	0	1	1	1	1	0	1	1	1	1	1	1	1	1
OG0014057	1	1	1	1	1	1	1	1	0	1	1	1	1	1	1	1	1
OG0014058	1	1	1	1	1	0	1	1	1	1	1	1	1	1	1	1	1
OG0014059	1	1	1	1	1	1	1	1	0	1	1	1	1	1	1	1	1
OG0014060	1	1	1	1	1	1	1	1	1	1	1	1	1	1	1	1	1
OG0014061	1	1	1	0	1	1	1	1	1	1	1	1	1	1	1	1	1
OG0014062	1	1	1	1	1	1	1	1	1	1	1	1	1	1	1	1	1
OG0014063	1	1	1	1	1	1	1	1	0	1	1	1	1	1	1	1	1
OG0014064	2	1	1	1	1	0	1	1	1	1	1	1	1	1	1	1	1
OG0014065	1	1	1	1	1	1	1	0	1	1	1	1	1	1	1	1	1
OG0014066	1	1	1	1	1	1	1	1	0	1	1	1	1	1	1	1	1
OG0014067	1	1	1	1	1	1	1	1	0	1	1	1	1	1	1	1	1
OG0014068	1	1	1	1	1	1	1	1	0	1	1	1	1	1	1	1	1
OG0014069	1	1	1	0	1	1	1	1	0	1	1	1	1	1	1	1	1
OG0014070	1	1	1	2	1	0	1	1	1	1	1	1	1	1	1	1	1
OG0014071	1	1	1	1	1	0	2	1	2	1	1	1	1	1	1	2	2
OG0014072	2	8	1	1	0	0	0	0	0	1	1	1	1	0	0	0	0
OG0014073	2	1	1	1	1	1	0	0	1	1	1	1	1	1	1	1	1
OG0014074	1	1	1	1	1	1	0	1	1	1	1	1	1	1	1	1	1
OG0014075	1	1	1	1	1	1	1	1	0	1	1	1	1	1	1	1	1
OG0014076	1	1	1	1	1	1	1	1	0	1	1	1	1	1	1	1	1
OG0014077	1	2	1	1	1	1	1	1	0	1	1	1	1	1	1	1	1
OG0014078	2	2	1	1	1	0	0	1	1	1	1	1	1	1	1	1	1
OG0014079	1	2	1	0	1	0	1	1	1	1	1	1	1	1	1	1	1
OG0014080	7	1	1	0	0	1	0	0	0	2	1	1	1	1	1	0	0
OG0014081	2	1	1	0	1	1	1	1	0	1	1	1	1	1	1	1	1
OG0014082	1	2	0	1	1	1	1	0	1	1	1	1	1	1	1	1	1
OG0014083	1	1	1	1	1	1	1	1	0	1	1	1	1	1	1	1	1
OG0014084	1	1	1	1	1	1	1	1	0	1	1	1	1	1	1	1	1
OG0014085	1	0	1	1	1	1	0	1	1	1	1	1	1	1	1	1	1
OG0014086	2	1	1	1	1	0	1	1	0	1	1	1	1	1	1	1	1
OG0014087	1	2	1	1	1	1	1	0	0	1	1	1	1	1	1	1	0
OG0014088	1	1	1	1	1	1	1	0	1	1	1	1	1	1	1	1	1
OG0014089	1	1	1	0	0	1	0	1	1	1	1	1	1	1	1	1	1
OG0014090	1	0	1	0	1	1	1	1	1	1	1	1	1	1	1	1	1
OG0014091	1	1	1	1	1	1	0	1	0	1	1	1	1	1	1	1	1
OG0014092	1	1	1	1	1	1	1	1	0	1	1	1	1	1	1	1	1
OG0014093	1	1	1	1	1	1	1	1	0	1	1	1	1	1	1	1	1
OG0014094	1	2	2	1	1	1	0	1	0	1	1	2	1	1	1	1	1
OG0014095	1	1	1	0	2	1	1	1	1	1	1	1	1	1	1	1	1
OG0014096	1	1	1	0	1	1	1	1	1	1	1	1	1	1	1	1	1
OG0014097	1	1	1	1	1	1	1	1	0	1	1	1	1	1	1	1	1
OG0014098	1	1	1	1	1	0	1	1	1	1	1	1	1	1	1	1	1
OG0014099	1	1	1	0	1	1	1	1	0	1	1	1	1	1	1	1	1
OG0014100	1	2	1	0	1	1	0	1	1	1	1	1	1	1	1	1	1
OG0014101	1	1	1	1	1	1	0	1	1	1	1	1	1	1	1	1	1
OG0014102	1	0	1	0	1	1	1	1	1	1	1	1	1	1	1	1	1
OG0014103	1	1	2	0	1	1	1	0	1	1	1	1	1	1	1	1	1
OG0014104	1	1	1	1	1	1	1	0	1	1	1	1	1	1	1	1	1
OG0014105	1	1	1	1	1	1	1	1	0	1	1	1	1	1	1	1	1
OG0014106	1	1	1	1	1	1	0	1	1	1	1	1	1	1	1	1	1
OG0014107	1	1	1	1	1	1	0	1	0	1	1	1	1	1	1	1	1
OG0014108	1	1	1	0	1	1	1	1	1	1	1	1	1	1	1	1	1
OG0014109	1	1	1	1	1	1	1	0	1	1	1	1	1	1	1	1	1
OG0014110	1	1	1	0	1	1	1	1	1	1	1	1	1	1	1	1	1
OG0014111	1	1	1	0	1	1	1	1	1	1	1	1	1	1	1	1	1
OG0014112	1	1	1	1	1	1	1	0	1	1	1	1	1	1	1	1	1
OG0014113	1	1	1	1	1	1	1	1	1	1	1	1	1	1	1	1	1
OG0014114	2	1	1	1	1	1	1	0	1	1	1	1	1	1	1	1	1
OG0014115	1	1	1	1	1	1	1	1	0	1	1	1	1	1	1	1	1
OG0014116	1	1	1	1	1	1	0	1	1	1	1	1	1	1	1	1	1
OG0014117	1	1	1	1	1	1	0	0	1	1	1	1	1	1	1	1	1
OG0014118	1	1	1	1	1	1	1	1	0	1	1	1	1	1	1	1	1
OG0014119	2	0	0	2	0	1	1	1	0	1	1	0	1	1	1	1	1
OG0014120	2	1	1	1	1	1	1	1	0	1	1	1	1	1	1	1	1
OG0014121	1	1	1	1	1	1	0	1	0	1	1	1	1	1	1	1	1
OG0014123	3	1	1	0	1	1	1	1	0	1	1	1	1	1	1	1	1
OG0014124	2	1	1	1	1	1	1	0	0	1	1	1	1	1	1	1	0
OG0014125	1	1	1	1	1	1	1	1	0	1	1	1	1	1	1	1	1
OG0014126	1	1	1	1	1	1	1	1	1	1	1	1	1	1	1	1	1
OG0014127	1	1	1	0	1	1	0	1	1	1	1	1	1	1	1	1	1
OG0014128	1	1	1	0	1	1	1	1	1	1	1	1	1	1	1	1	1
OG0014129	1	1	1	1	1	0	1	1	1	1	1	1	1	1	1	1	1
OG0014130	1	1	1	1	1	1	1	1	0	1	1	1	1	1	1	1	1
OG0014131	1	1	1	1	1	1	1	0	1	1	1	1	1	1	1	1	1
OG0014132	2	1	1	0	1	1	1	0	1	1	1	1	1	1	1	1	1
OG0014133	1	2	1	1	2	1	1	0	0	1	1	1	1	1	1	1	0
OG0014134	1	1	1	1	1	1	1	0	1	1	1	1	1	1	1	1	1
OG0014135	1	1	1	0	1	1	1	1	1	1	1	1	1	1	1	1	1
OG0014137	1	1	3	1	2	1	0	1	0	1	1	1	1	1	1	1	1
OG0014139	1	2	1	1	1	0	1	1	1	1	1	1	1	1	1	1	1
OG0014140	2	1	1	1	1	0	1	1	1	1	1	1	1	1	1	1	1
OG0014141	1	1	1	1	1	1	1	1	1	1	1	1	1	1	1	1	1
OG0014142	1	1	1	1	1	0	1	1	1	1	1	1	1	1	1	1	1
OG0014143	1	2	1	1	1	1	1	0	0	1	1	1	1	1	1	1	0
OG0014144	2	2	1	1	1	1	0	0	0	1	1	1	1	1	1	0	0
OG0014145	1	1	1	1	1	1	1	0	1	1	1	1	1	1	1	1	1
OG0014146	1	1	1	1	1	1	1	1	0	1	1	1	1	1	1	1	1
OG0014147	1	0	0	1	1	1	1	1	1	1	1	0	1	1	1	1	1
OG0014148	1	1	1	1	1	1	1	0	1	1	1	1	1	1	1	1	1
OG0014149	1	2	1	0	1	1	0	1	0	1	1	1	1	1	1	1	1
OG0014150	1	1	1	1	1	1	1	0	1	1	1	1	1	1	1	1	1
OG0014151	1	2	1	1	1	1	0	0	1	1	1	1	1	1	1	1	1
OG0014152	1	1	1	0	1	1	1	1	1	1	1	1	1	1	1	1	1
OG0014153	8	0	0	1	0	0	1	1	0	2	1	0	1	1	1	1	1
OG0014154	1	1	1	1	1	1	1	1	0	1	1	1	1	1	1	1	1
OG0014155	1	0	1	0	1	1	1	1	1	1	1	1	1	1	1	1	1
OG0014156	1	1	1	0	1	1	1	1	1	1	1	1	1	1	1	1	1
OG0014157	1	2	1	0	1	0	1	1	1	1	1	1	1	1	1	1	1
OG0014159	1	0	1	1	1	1	1	1	1	1	1	1	1	1	1	1	1
OG0014160	1	2	1	1	1	1	0	1	0	1	1	1	1	1	1	1	1
OG0014161	1	1	1	1	1	1	1	1	0	1	1	1	1	1	1	1	1
OG0014162	1	1	1	1	1	1	0	1	1	1	1	1	1	1	1	1	1
OG0014163	1	1	1	0	1	1	1	1	1	1	1	1	1	1	1	1	1
OG0014164	1	1	1	1	1	1	1	1	0	1	1	1	1	1	1	1	1
OG0014165	3	0	1	1	1	1	1	0	1	1	1	1	1	1	1	1	1
OG0014166	2	1	1	0	1	1	1	1	0	1	1	1	1	1	1	1	1
OG0014167	1	1	1	1	1	1	1	1	0	1	1	1	1	1	1	1	1
OG0014168	1	2	1	1	1	0	1	1	1	1	1	1	1	1	1	1	1
OG0014169	1	1	1	0	1	1	1	1	0	1	1	1	1	1	1	1	1
OG0014170	1	1	1	0	1	1	1	1	1	1	1	1	1	1	1	1	1
OG0014171	3	1	1	1	1	0	1	1	1	1	1	1	1	1	1	1	1
OG0014172	1	1	1	0	1	1	1	1	1	1	1	1	1	1	1	1	1
OG0014173	1	1	1	1	1	1	1	0	1	1	1	1	1	1	1	1	1
OG0014174	3	0	1	1	1	0	1	1	1	1	1	1	1	1	1	1	1
OG0014175	1	1	1	2	1	0	1	1	1	1	1	1	1	1	1	1	1
OG0014176	1	1	1	0	1	1	0	1	1	1	1	1	1	1	1	1	1
OG0014177	2	1	1	1	1	1	1	0	0	1	1	1	1	1	1	1	0
OG0014179	1	1	1	1	1	1	1	0	1	1	1	1	1	1	1	1	1
OG0014180	1	1	1	1	1	0	1	1	1	1	1	1	1	1	1	1	1
OG0014181	1	1	1	1	1	1	1	0	1	1	1	1	1	1	1	1	1
OG0014182	1	1	1	1	1	1	0	1	0	1	1	1	1	1	1	1	1
OG0014184	1	2	1	1	1	0	1	1	1	1	1	1	1	1	1	1	1
OG0014185	2	1	2	1	1	0	1	0	1	1	1	1	1	1	1	1	1
OG0014186	1	1	1	0	1	1	1	1	1	1	1	1	1	1	1	1	1
OG0014187	1	1	1	1	1	1	1	1	0	1	1	1	1	1	1	1	1
OG0014188	1	1	1	1	1	1	0	1	1	1	1	1	1	1	1	1	1
OG0014189	1	1	1	1	1	1	0	1	1	1	1	1	1	1	1	1	1
OG0014190	2	1	1	1	1	0	1	1	1	1	1	1	1	1	1	1	1
OG0014192	1	1	1	0	1	1	1	1	1	1	1	1	1	1	1	1	1
OG0014193	1	1	1	1	1	0	1	1	1	1	1	1	1	1	1	1	1
OG0014194	1	1	1	1	1	1	1	1	0	1	1	1	1	1	1	1	1
OG0014195	1	2	1	0	1	1	0	1	0	1	1	1	1	1	1	1	1
OG0014196	1	1	1	1	1	1	1	1	0	1	1	1	1	1	1	1	1
OG0014198	1	1	2	1	1	1	1	0	0	1	1	1	1	1	1	1	0
OG0014199	1	1	1	1	1	1	1	1	1	1	1	1	1	1	1	1	1
OG0014200	2	1	1	1	1	1	0	0	1	1	1	1	1	1	1	1	1
OG0014201	1	0	1	1	1	1	0	1	1	1	1	1	1	1	1	1	1
OG0014202	1	1	1	1	1	1	0	1	1	1	1	1	1	1	1	1	1
OG0014203	1	1	1	1	1	1	1	0	1	1	1	1	1	1	1	1	1
OG0014204	1	1	1	1	1	1	1	1	0	1	1	1	1	1	1	1	1
OG0014205	1	1	1	1	1	1	1	1	0	1	1	1	1	1	1	1	1
OG0014206	1	1	1	1	1	1	1	1	1	1	1	1	1	1	1	1	1
OG0014207	1	2	1	0	1	1	1	1	0	1	1	1	1	1	1	1	1
OG0014209	2	1	1	1	1	0	1	1	1	1	1	1	1	1	1	1	1
OG0014210	1	1	1	2	1	0	1	1	1	1	1	1	1	1	1	1	1
OG0014211	1	1	1	1	1	1	0	1	1	1	1	1	1	1	1	1	1
OG0014212	1	1	1	1	1	1	1	1	0	1	1	1	1	1	1	1	1
OG0014213	1	0	1	0	1	1	2	1	0	1	1	1	1	1	1	1	1
OG0014214	1	1	1	1	1	1	0	1	0	1	1	1	1	1	1	1	1
OG0014215	1	2	1	1	1	1	0	1	0	1	1	1	1	1	1	1	1
OG0014216	1	1	1	0	1	1	1	1	0	1	1	1	1	1	1	1	1
OG0014217	2	1	1	1	1	0	1	1	1	1	1	1	1	1	1	1	1
OG0014218	1	3	1	1	1	1	1	0	0	1	1	1	1	1	1	1	0
OG0014219	1	1	1	1	1	0	1	1	1	1	1	1	1	1	1	1	1
OG0014220	1	0	1	1	1	1	1	1	1	1	1	1	1	1	1	1	1
OG0014221	1	1	1	1	1	1	1	1	1	1	1	1	1	1	1	1	1
OG0014222	1	1	1	0	1	1	1	1	1	1	1	1	1	1	1	1	1
OG0014223	1	1	1	0	1	1	1	1	1	1	1	1	1	1	1	1	1
OG0014224	2	1	1	1	1	1	1	0	1	1	1	1	1	1	1	1	1
OG0014225	1	1	1	0	1	1	1	1	1	1	1	1	1	1	1	1	1
OG0014226	1	1	1	0	1	1	1	1	0	1	1	1	1	1	1	1	1
OG0014227	1	1	1	1	1	1	1	1	0	1	1	1	1	1	1	1	1
OG0014228	1	1	1	1	1	1	1	1	0	1	1	1	1	1	1	1	1
OG0014229	1	1	1	1	1	1	2	0	1	1	1	1	1	1	1	1	1
OG0014230	1	1	1	1	1	0	1	1	1	1	1	1	1	1	1	1	1
OG0014231	1	2	1	0	1	1	1	0	1	1	1	1	1	1	1	1	1
OG0014232	1	1	1	1	1	1	1	0	1	1	1	1	1	1	1	1	1
OG0014233	1	0	1	0	1	1	1	1	1	1	1	1	1	1	1	1	1
OG0014234	1	1	1	1	1	1	1	0	1	1	1	1	1	1	1	1	1
OG0014235	1	1	1	1	1	1	1	1	0	1	1	1	1	1	1	1	1
OG0014236	1	1	1	1	1	1	1	1	0	1	1	1	1	1	1	1	1
OG0014237	1	1	1	1	1	0	1	1	1	1	1	1	1	1	1	1	1
OG0014238	1	1	1	1	1	1	1	1	0	1	1	1	1	1	1	1	1
OG0014239	1	2	1	1	1	0	1	1	1	1	1	1	1	1	1	1	1
OG0014240	1	2	1	1	1	0	1	1	1	1	1	1	1	1	1	1	1
OG0014241	1	1	1	0	1	1	1	1	1	1	1	1	1	1	1	1	1
OG0014242	1	1	1	1	1	1	1	1	1	1	1	1	1	1	1	1	1
OG0014243	1	1	1	0	1	1	1	1	0	1	1	1	1	1	1	1	1
OG0014244	1	1	1	0	1	1	1	1	1	1	1	1	1	1	1	1	1
OG0014245	1	1	1	1	1	1	0	1	1	1	1	1	1	1	1	1	1
OG0014246	2	1	1	1	1	0	1	1	1	1	1	1	1	1	1	1	1
OG0014247	1	1	1	0	1	1	1	1	1	1	1	1	1	1	1	1	1
OG0014248	1	1	1	1	1	1	1	0	1	1	1	1	1	1	1	1	1
OG0014249	1	1	1	1	1	1	1	0	1	1	1	1	1	1	1	1	1
OG0014250	1	1	1	1	1	1	1	1	0	1	1	1	1	1	1	1	1
OG0014251	1	1	0	1	1	1	1	1	1	1	1	1	1	1	1	1	1
OG0014252	1	1	1	1	1	1	1	1	1	1	1	1	1	1	1	1	1
OG0014253	1	1	1	1	1	1	1	0	1	1	1	1	1	1	1	1	1
OG0014254	1	1	1	1	1	1	1	1	1	1	1	1	1	1	1	1	1
OG0014255	1	1	1	1	1	1	1	1	0	1	1	1	1	1	1	1	1
OG0014256	1	1	1	1	1	1	1	1	0	1	1	1	1	1	1	1	1
OG0014257	2	1	1	0	1	1	1	1	0	1	1	1	1	1	1	1	1
OG0014258	1	1	1	1	1	1	1	0	1	1	1	1	1	1	1	1	1
OG0014259	1	1	1	1	1	1	1	0	1	1	1	1	1	1	1	1	1
OG0014260	1	0	2	1	1	1	0	1	1	1	1	1	1	1	1	1	1
OG0014261	2	1	1	1	1	1	1	1	0	1	1	1	1	1	1	1	1
OG0014262	2	1	1	1	1	0	1	1	1	1	1	1	1	1	1	1	1
OG0014263	1	2	1	0	1	1	0	1	1	1	1	1	1	1	1	1	1
OG0014264	1	1	1	0	1	1	1	1	0	1	1	1	1	1	1	1	1
OG0014265	1	1	1	1	1	1	1	1	1	1	1	1	1	1	1	1	1
OG0014266	1	1	1	1	1	1	1	1	0	1	1	1	1	1	1	1	1
OG0014267	1	1	1	0	1	1	1	1	1	1	1	1	1	1	1	1	1
OG0014268	1	1	1	1	1	1	1	0	1	1	1	1	1	1	1	1	1
OG0014269	1	1	1	1	1	1	0	1	1	1	1	1	1	1	1	1	1
OG0014270	1	0	0	1	1	1	1	1	1	1	1	0	1	1	1	1	1
OG0014271	2	1	1	1	1	0	1	1	1	1	1	1	1	1	1	1	1
OG0014272	1	1	1	1	1	1	1	0	1	1	1	1	1	1	1	1	1
OG0014273	1	1	2	1	1	1	1	0	1	1	1	1	1	1	1	1	1
OG0014274	1	1	1	1	1	1	0	1	1	1	1	1	1	1	1	1	1
OG0014275	1	1	1	1	1	0	1	1	1	1	1	1	1	1	1	1	1
OG0014276	1	2	1	0	1	0	1	1	1	1	1	1	1	1	1	1	1
OG0014277	1	0	1	1	1	1	1	1	1	1	1	1	1	1	1	1	1
OG0014278	2	0	0	0	3	0	0	2	0	1	1	0	1	1	1	1	1
OG0014279	1	1	1	1	1	1	0	1	1	1	1	1	1	1	1	1	1
OG0014280	1	1	1	1	1	1	1	0	1	1	1	1	1	1	1	1	1
OG0014281	1	1	1	2	2	0	1	1	0	1	1	1	1	1	1	1	1
OG0014282	1	1	1	1	1	1	1	1	0	1	1	1	1	1	1	1	1
OG0014283	1	1	2	1	1	1	0	1	1	1	1	1	1	1	1	1	1
OG0014284	1	1	1	1	1	0	1	1	1	1	1	1	1	1	1	1	1
OG0014285	1	1	1	0	1	0	1	1	1	1	1	1	1	1	1	1	1
OG0014286	1	1	1	1	1	1	1	1	0	1	1	1	1	1	1	1	1
OG0014287	1	1	1	1	1	1	1	0	1	1	1	1	1	1	1	1	1
OG0014288	1	1	1	0	2	1	1	1	0	1	1	1	1	1	1	1	1
OG0014289	1	1	1	1	1	1	1	1	1	1	1	1	1	1	1	1	1
OG0014290	1	2	1	1	1	1	1	0	0	1	1	1	1	1	1	1	0
OG0014291	1	0	2	1	1	0	1	1	1	1	1	1	1	1	1	1	1
OG0014292	1	1	1	1	1	1	0	1	1	1	1	1	1	1	1	1	1
OG0014293	1	1	1	1	1	1	2	0	1	1	1	1	1	1	1	1	1
OG0014294	1	1	1	1	1	1	1	1	0	1	1	1	1	1	1	1	1
OG0014295	1	1	1	1	1	1	1	1	0	1	1	1	1	1	1	1	1
OG0014296	1	1	1	1	1	1	1	1	0	1	1	1	1	1	1	1	1
OG0014297	1	1	1	0	1	1	1	1	1	1	1	1	1	1	1	1	1
OG0014298	1	1	1	1	1	1	1	1	0	1	1	1	1	1	1	1	1
OG0014299	1	1	1	1	1	0	1	1	1	1	1	1	1	1	1	1	1
OG0014300	2	1	1	1	1	0	1	1	1	1	1	1	1	1	1	1	1
OG0014301	1	0	1	0	1	1	1	1	1	1	1	1	1	1	1	1	1
OG0014302	1	2	1	0	1	1	1	1	0	1	1	1	1	1	1	1	1
OG0014303	2	1	1	1	1	1	1	1	0	1	1	1	1	1	1	1	1
OG0014304	1	1	1	0	1	1	1	1	1	1	1	1	1	1	1	1	1
OG0014305	1	1	1	1	1	1	1	1	0	1	1	1	1	1	1	1	1
OG0014306	1	1	1	1	1	0	1	1	1	1	1	1	1	1	1	1	1
OG0014307	1	1	1	0	1	1	1	1	1	1	1	1	1	1	1	1	1
OG0014308	1	1	1	0	1	1	1	1	1	1	1	1	1	1	1	1	1
OG0014309	1	0	0	1	1	1	1	1	1	1	1	0	1	1	1	1	1
OG0014310	1	1	1	1	1	1	1	1	0	1	1	1	1	1	1	1	1
OG0014311	1	1	1	1	1	1	1	1	0	1	1	1	1	1	1	1	1
OG0014312	1	1	1	0	1	1	1	1	1	1	1	1	1	1	1	1	1
OG0014313	1	1	1	1	1	1	1	1	0	1	1	1	1	1	1	1	1
OG0014314	1	1	0	0	1	1	1	1	1	1	1	1	1	1	1	1	1
OG0014315	1	1	1	1	1	1	1	0	1	1	1	1	1	1	1	1	1
OG0014316	1	1	1	0	1	1	1	1	0	1	1	1	1	1	1	1	1
OG0014317	1	1	1	1	1	0	1	1	1	1	1	1	1	1	1	1	1
OG0014318	1	1	1	0	1	1	1	1	1	1	1	1	1	1	1	1	1
OG0014319	1	1	1	1	1	1	1	1	0	1	1	1	1	1	1	1	1
OG0014320	1	1	1	1	1	1	1	1	0	1	1	1	1	1	1	1	1
OG0014321	1	2	1	1	1	1	1	0	0	1	1	1	1	1	1	1	0
OG0014322	2	1	1	1	1	0	1	1	0	1	1	1	1	1	1	1	1
OG0014323	1	1	1	1	1	1	1	0	1	1	1	1	1	1	1	1	1
OG0014324	1	1	1	0	1	1	1	1	1	1	1	1	1	1	1	1	1
OG0014325	1	1	1	1	1	1	1	1	0	1	1	1	1	1	1	1	1
OG0014326	2	1	1	1	1	1	1	0	1	1	1	1	1	1	1	1	1
OG0014327	1	1	1	1	1	1	1	0	1	1	1	1	1	1	1	1	1
OG0014328	1	1	1	1	1	1	1	1	1	1	1	1	1	1	1	1	1
OG0014329	1	1	1	1	1	1	0	1	1	1	1	1	1	1	1	1	1
OG0014330	2	1	1	1	0	1	1	1	0	1	1	1	1	1	1	1	1
OG0014331	2	1	0	0	1	1	0	1	1	1	1	1	1	1	1	1	1
OG0014332	1	1	1	0	1	1	1	1	1	1	1	1	1	1	1	1	1
OG0014333	1	1	2	0	1	1	1	1	0	1	1	1	1	1	1	1	1
OG0014334	1	1	1	1	1	1	1	1	0	1	1	1	1	1	1	1	1
OG0014335	1	1	1	0	1	1	1	1	1	1	1	1	1	1	1	1	1
OG0014336	1	1	1	1	1	1	1	1	1	1	1	1	1	1	1	1	1
OG0014337	1	1	1	1	1	1	1	1	1	1	1	1	1	1	1	1	1
OG0014338	1	1	1	1	1	0	1	1	1	1	1	1	1	1	1	1	1
OG0014339	2	1	1	1	1	1	1	0	0	1	1	1	1	1	1	1	0
OG0014340	1	1	1	0	1	1	1	1	0	1	1	1	1	1	1	1	1
OG0014341	1	1	1	1	1	1	1	0	1	1	1	1	1	1	1	1	1
OG0014342	3	1	1	1	0	0	1	1	1	1	1	1	1	1	1	1	1
OG0014343	2	1	1	1	1	0	1	1	1	1	1	1	1	1	1	1	1
OG0014344	1	1	1	0	1	1	1	1	1	1	1	1	1	1	1	1	1
OG0014345	1	1	1	1	1	1	1	1	1	1	1	1	1	1	1	1	1
OG0014346	1	1	1	0	1	1	1	1	1	1	1	1	1	1	1	1	1
OG0014347	1	1	1	1	1	1	1	1	1	1	1	1	1	1	1	1	1
OG0014348	1	1	1	0	1	1	1	1	1	1	1	1	1	1	1	1	1
OG0014349	1	2	1	0	1	0	1	1	1	1	1	1	1	1	1	1	1
OG0014350	1	1	1	0	1	1	1	1	0	1	1	1	1	1	1	1	1
OG0014351	1	1	1	1	1	0	1	1	1	1	1	1	1	1	1	1	1
OG0014352	1	1	1	1	1	1	1	0	1	1	1	1	1	1	1	1	1
OG0014353	1	1	1	1	1	0	1	1	1	1	1	1	1	1	1	1	1
OG0014354	1	1	1	1	2	0	1	1	1	1	1	1	1	1	1	1	1
OG0014355	1	1	1	1	1	1	1	1	0	1	1	1	1	1	1	1	1
OG0014356	1	2	1	1	3	0	1	1	0	1	1	1	1	1	1	1	1
OG0014357	1	1	1	1	0	1	0	1	1	1	1	1	1	1	1	1	1
OG0014358	1	1	1	0	3	1	1	0	1	1	1	1	1	1	1	1	1
OG0014359	1	1	1	1	1	1	1	0	1	1	1	1	1	1	1	1	1
OG0014360	1	2	1	1	1	1	0	0	1	1	1	1	1	1	1	1	1
OG0014361	1	1	1	1	1	1	1	1	0	1	1	1	1	1	1	1	1
OG0014362	1	1	1	1	1	1	1	1	0	1	1	1	1	1	1	1	1
OG0014363	1	1	1	0	1	1	1	1	1	1	1	1	1	1	1	1	1
OG0014364	1	1	1	1	1	1	1	0	1	1	1	1	1	1	1	1	1
OG0014365	1	1	1	1	1	0	1	1	1	1	1	1	1	1	1	1	1
OG0014366	1	1	1	0	1	1	1	1	1	1	1	1	1	1	1	1	1
OG0014367	1	1	1	1	1	1	1	1	0	1	1	1	1	1	1	1	1
OG0014368	1	1	1	1	1	1	1	1	1	1	1	1	1	1	1	1	1
OG0014369	1	1	1	0	1	1	1	1	1	1	1	1	1	1	1	1	1
OG0014370	1	1	1	1	1	1	1	1	0	1	1	1	1	1	1	1	1
OG0014371	1	1	1	1	1	1	1	1	1	1	1	1	1	1	1	1	1
OG0014372	1	0	1	1	0	1	1	1	1	1	1	1	1	1	1	1	1
OG0014373	1	1	1	1	1	1	1	0	1	1	1	1	1	1	1	1	1
OG0014374	2	1	1	1	1	0	1	1	1	1	1	1	1	1	1	1	1
OG0014375	3	0	0	0	0	3	1	0	0	1	1	0	1	1	1	1	0
OG0014376	1	0	0	0	1	3	0	0	0	1	1	0	1	1	1	0	0
OG0014377	2	1	1	1	1	1	1	0	1	1	1	1	1	1	1	1	1
OG0014378	1	1	1	2	1	0	1	1	1	1	1	1	1	1	1	1	1
OG0014379	1	1	1	1	1	1	1	1	1	1	1	1	1	1	1	1	1
OG0014380	1	1	1	1	1	1	1	1	0	1	1	1	1	1	1	1	1
OG0014381	1	1	1	0	1	1	1	1	1	1	1	1	1	1	1	1	1
OG0014382	1	1	1	1	1	0	1	1	1	1	1	1	1	1	1	1	1
OG0014383	1	1	1	0	1	1	1	0	1	1	1	1	1	1	1	1	1
OG0014384	1	1	1	1	1	0	0	1	1	1	1	1	1	1	1	1	1
OG0014385	1	1	1	0	1	1	1	1	1	1	1	1	1	1	1	1	1
OG0014386	1	1	1	0	1	1	1	1	0	1	1	1	1	1	1	1	1
OG0014387	1	1	1	0	1	1	1	1	1	1	1	1	1	1	1	1	1
OG0014388	1	2	1	0	1	1	1	0	1	1	1	1	1	1	1	1	1
OG0014389	1	1	1	1	1	1	1	1	0	1	1	1	1	1	1	1	1
OG0014390	1	0	1	1	1	1	1	1	1	1	1	1	1	1	1	1	1
OG0014391	1	1	1	1	1	1	0	1	1	1	1	1	1	1	1	1	1
OG0014392	1	1	1	1	1	1	1	1	0	1	1	1	1	1	1	1	1
OG0014393	1	1	1	1	1	1	1	1	0	1	1	1	1	1	1	1	1
OG0014394	1	1	1	1	1	1	0	1	1	1	1	1	1	1	1	1	1
OG0014395	1	1	1	1	1	1	1	1	0	1	1	1	1	1	1	1	1
OG0014396	1	1	1	0	1	1	1	1	1	1	1	1	1	1	1	1	1
OG0014397	1	1	1	1	1	1	1	0	1	1	1	1	1	1	1	1	1
OG0014398	1	1	1	1	1	1	1	1	0	1	1	1	1	1	1	1	1
OG0014399	1	1	1	1	1	1	1	1	0	1	1	1	1	1	1	1	1
OG0014400	1	1	1	1	1	1	1	1	0	1	1	1	1	1	1	1	1
OG0014401	2	0	1	1	1	1	1	1	0	1	1	1	1	1	1	1	1
OG0014402	1	1	1	1	2	1	1	0	0	1	1	1	1	1	1	1	0
OG0014403	1	1	1	1	1	1	1	0	1	1	1	1	1	1	1	1	1
OG0014404	1	0	1	1	1	1	0	1	1	1	1	1	1	1	1	1	1
OG0014405	1	1	1	1	1	1	1	0	1	1	1	1	1	1	1	1	1
OG0014406	1	1	1	1	1	1	1	1	0	1	1	1	1	1	1	1	1
OG0014407	1	1	1	0	1	1	1	1	0	1	1	1	1	1	1	1	1
OG0014408	1	1	1	0	1	1	1	1	1	1	1	1	1	1	1	1	1
OG0014409	1	0	1	1	1	1	0	1	1	1	1	1	1	1	1	1	1
OG0014410	1	1	1	1	1	1	1	1	0	1	1	1	1	1	1	1	1
OG0014411	1	2	1	1	1	0	1	1	1	1	1	1	1	1	1	1	1
OG0014412	1	1	1	0	1	1	1	1	1	1	1	1	1	1	1	1	1
OG0014413	1	0	1	0	1	1	1	1	1	1	1	1	1	1	1	1	1
OG0014414	1	1	1	0	1	1	1	1	1	1	1	1	1	1	1	1	1
OG0014415	1	2	1	0	1	1	1	1	0	1	1	1	1	1	1	1	1
OG0014416	1	1	1	1	1	1	1	1	0	1	1	1	1	1	1	1	1
OG0014417	1	1	1	1	1	1	1	1	0	1	1	1	1	1	1	1	1
OG0014418	1	1	1	1	1	1	1	1	1	1	1	1	1	1	1	1	1
OG0014419	1	1	1	1	1	1	1	0	1	1	1	1	1	1	1	1	1
OG0014420	1	1	1	1	1	1	1	1	0	1	1	1	1	1	1	1	1
OG0014421	1	1	1	1	1	1	1	0	1	1	1	1	1	1	1	1	1
OG0014422	1	1	0	1	1	1	1	1	1	1	1	1	1	1	1	1	1
OG0014423	1	0	1	1	1	1	1	1	1	1	1	1	1	1	1	1	1
OG0014424	2	2	0	0	1	1	0	1	0	1	1	1	1	1	1	1	1
OG0014425	1	1	1	1	1	1	1	0	1	1	1	1	1	1	1	1	1
OG0014426	1	1	1	1	1	1	1	1	1	1	1	1	1	1	1	1	1
OG0014427	1	1	1	1	1	1	1	0	1	1	1	1	1	1	1	1	1
OG0014428	1	2	1	1	1	0	1	1	1	1	1	1	1	1	1	1	1
OG0014429	1	1	1	1	1	1	1	1	0	1	1	1	1	1	1	1	1
OG0014430	1	1	1	1	1	1	1	1	0	1	1	1	1	1	1	1	1
OG0014431	2	2	1	1	0	1	0	1	0	1	1	1	1	1	1	1	1
OG0014432	1	1	1	1	1	1	1	1	1	1	1	1	1	1	1	1	1
OG0014433	1	1	1	0	1	1	1	1	1	1	1	1	1	1	1	1	1
OG0014434	1	0	1	1	1	1	1	1	0	1	1	1	1	1	1	1	1
OG0014435	1	0	1	0	1	2	0	1	0	1	1	1	1	1	1	1	1
OG0014436	1	1	1	0	1	1	1	1	1	1	1	1	1	1	1	1	1
OG0014437	1	1	1	1	1	1	0	1	0	1	1	1	1	1	1	1	1
OG0014438	1	1	1	1	1	0	1	1	1	1	1	1	1	1	1	1	1
OG0014439	1	1	2	1	1	0	1	1	1	1	1	1	1	1	1	1	1
OG0014440	1	1	1	0	1	1	1	1	1	1	1	1	1	1	1	1	1
OG0014441	1	1	1	1	1	1	0	1	0	1	1	1	1	1	1	1	1
OG0014442	1	1	1	1	1	1	1	1	0	1	1	1	1	1	1	1	1
OG0014443	1	0	1	0	1	1	1	1	1	1	1	1	1	1	1	1	1
OG0014444	1	1	2	1	1	1	1	0	1	1	1	1	1	1	1	1	1
OG0014445	1	1	1	1	1	1	1	1	0	1	1	1	1	1	1	1	1
OG0014446	1	1	1	1	1	1	1	1	0	1	1	1	1	1	1	1	1
OG0014447	1	0	1	1	1	1	1	1	1	1	1	1	1	1	1	1	1
OG0014448	1	0	1	1	1	1	1	1	0	1	1	1	1	1	1	1	1
OG0014449	1	1	1	0	1	1	1	1	1	1	1	1	1	1	1	1	1
OG0014450	1	1	1	1	1	1	1	1	0	1	1	1	1	1	1	1	1
OG0014451	2	2	1	0	1	1	1	0	1	1	1	1	1	1	1	1	1
OG0014452	1	1	1	0	1	1	1	1	0	1	1	1	1	1	1	1	1
OG0014453	1	2	1	1	1	1	1	0	1	1	1	1	1	1	1	1	1
OG0014454	1	1	1	1	1	1	1	1	0	1	1	1	1	1	1	1	1
OG0014455	1	1	1	0	1	1	1	1	1	1	1	1	1	1	1	1	1
OG0014456	1	1	1	1	1	1	1	1	0	1	1	1	1	1	1	1	1
OG0014457	1	0	0	1	1	1	1	1	1	1	1	0	1	1	1	1	1
OG0014458	1	1	1	0	1	1	1	1	0	1	1	1	1	1	1	1	1
OG0014459	1	1	1	1	1	1	0	1	1	1	1	1	1	1	1	1	1
OG0014460	1	0	1	1	1	1	1	1	0	1	1	1	1	1	1	1	1
OG0014461	1	2	1	1	1	1	1	1	0	1	1	1	1	1	1	1	1
OG0014462	1	1	1	1	1	1	1	1	1	1	1	1	1	1	1	1	1
OG0014463	1	2	1	0	1	1	1	1	0	1	1	1	1	1	1	1	1
OG0014464	1	1	1	1	1	1	1	1	1	1	1	1	1	1	1	1	1
OG0014465	1	1	1	0	1	1	1	1	1	1	1	1	1	1	1	1	1
OG0014466	1	1	0	1	1	1	1	1	0	1	1	1	1	1	1	1	1
OG0014467	1	1	1	0	1	1	1	1	0	1	1	1	1	1	1	1	1
OG0014468	1	1	1	1	1	1	1	1	0	1	1	1	1	1	1	1	1
OG0014469	3	1	1	1	1	0	1	1	0	1	1	1	1	1	1	1	1
OG0014470	1	1	1	0	1	1	1	1	1	1	1	1	1	1	1	1	1
OG0014471	1	1	1	1	1	1	1	1	1	1	1	1	1	1	1	1	1
OG0014472	1	1	1	1	1	0	1	1	1	1	1	1	1	1	1	1	1
OG0014473	1	1	1	0	1	1	1	1	1	1	1	1	1	1	1	1	1
OG0014474	1	1	1	1	1	0	1	1	1	1	1	1	1	1	1	1	1
OG0014475	1	1	1	1	1	1	1	0	1	1	1	1	1	1	1	1	1
OG0014476	1	1	1	1	1	1	1	0	1	1	1	1	1	1	1	1	1
OG0014477	1	1	1	1	1	1	1	0	1	1	1	1	1	1	1	1	1
OG0014478	1	1	1	1	1	1	1	1	1	1	1	1	1	1	1	1	1
OG0014479	2	1	1	1	1	0	1	1	1	1	1	1	1	1	1	1	1
OG0014480	1	1	1	0	1	1	1	1	0	1	1	1	1	1	1	1	1
OG0014481	1	1	1	0	1	1	1	1	1	1	1	1	1	1	1	1	1
OG0014482	1	1	1	1	1	1	1	1	0	1	1	1	1	1	1	1	1
OG0014483	1	1	2	0	1	1	1	1	1	1	1	1	1	1	1	1	1
OG0014484	1	1	1	1	1	1	1	1	0	1	1	1	1	1	1	1	1
OG0014485	1	2	1	1	1	1	1	0	1	1	1	1	1	1	1	1	1
OG0014486	1	1	1	1	1	1	1	0	1	1	1	1	1	1	1	1	1
OG0014487	1	1	1	1	1	0	1	1	1	1	1	1	1	1	1	1	1
OG0014488	1	1	1	0	1	1	0	1	1	1	1	1	1	1	1	1	1
OG0014489	1	1	1	0	1	1	1	1	0	1	1	1	1	1	1	1	1
OG0014490	1	1	1	0	1	1	1	1	1	1	1	1	1	1	1	1	1
OG0014491	1	1	1	1	1	1	1	1	0	1	1	1	1	1	1	1	1
OG0014492	1	1	0	1	1	1	0	1	1	1	1	1	1	1	1	1	1
OG0014493	2	1	1	1	1	0	1	1	0	1	1	1	1	1	1	1	1
OG0014494	1	0	0	1	1	1	1	1	1	1	1	0	1	1	1	1	1
OG0014495	1	1	1	1	1	1	1	1	0	1	1	1	1	1	1	1	1
OG0014496	1	1	1	1	1	1	1	0	1	1	1	1	1	1	1	1	1
OG0014497	1	1	1	1	1	1	1	1	1	1	1	1	1	1	1	1	1
OG0014498	1	1	1	0	1	1	1	1	0	1	1	1	1	1	1	1	1
OG0014499	1	1	1	0	1	1	1	1	1	1	1	1	1	1	1	1	1
OG0014500	1	0	1	1	1	1	1	1	1	1	1	1	1	1	1	1	1
OG0014501	1	1	1	1	1	1	1	1	0	1	1	1	1	1	1	1	1
OG0014502	1	0	1	0	1	1	1	1	1	1	1	1	1	1	1	1	1
OG0014503	1	1	1	1	1	1	1	0	1	1	1	1	1	1	1	1	1
OG0014504	1	1	1	0	1	1	1	1	0	1	1	1	1	1	1	1	1
OG0014505	1	1	1	1	1	1	1	1	0	1	1	1	1	1	1	1	1
OG0014506	1	1	1	1	1	1	1	1	0	1	1	1	1	1	1	1	1
OG0014507	1	1	1	0	1	1	1	1	1	1	1	1	1	1	1	1	1
OG0014508	1	1	1	1	2	0	1	1	1	1	1	1	1	1	1	1	1
OG0014509	1	1	1	2	2	0	0	2	0	1	1	1	1	1	1	1	1
OG0014510	1	1	1	0	1	1	1	1	0	1	1	1	1	1	1	1	1
OG0014511	1	1	1	0	1	1	1	1	1	1	1	1	1	1	1	1	1
OG0014512	1	1	1	2	2	1	0	1	0	1	1	1	1	1	1	1	1
OG0014513	1	1	1	1	1	1	1	1	0	1	1	1	1	1	1	1	1
OG0014514	1	1	1	1	1	1	1	1	0	1	1	1	1	1	1	1	1
OG0014515	1	1	1	1	1	0	1	1	1	1	1	1	1	1	1	1	1
OG0014516	1	4	1	0	1	0	1	1	0	1	1	1	1	1	1	1	1
OG0014517	1	1	1	1	1	1	1	1	0	1	1	1	1	1	1	1	1
OG0014518	1	0	1	1	1	1	1	1	1	1	1	1	1	1	1	1	1
OG0014519	1	1	2	1	1	0	1	1	1	1	1	1	1	1	1	1	1
OG0014520	1	1	1	0	1	1	1	1	0	1	1	1	1	1	1	1	1
OG0014521	1	1	1	0	1	1	1	1	1	1	1	1	1	1	1	1	1
OG0014522	1	1	1	1	1	1	1	1	0	1	1	1	1	1	1	1	1
OG0014523	1	1	1	1	1	1	1	0	1	1	1	1	1	1	1	1	1
OG0014524	1	1	1	0	1	1	1	1	1	1	1	1	1	1	1	1	1
OG0014525	1	1	1	0	1	1	1	1	1	1	1	1	1	1	1	1	1
OG0014526	1	1	1	0	1	1	1	1	1	1	1	1	1	1	1	1	1
OG0014527	1	1	1	1	1	1	1	1	1	1	1	1	1	1	1	1	1
OG0014528	1	1	1	1	1	1	1	1	0	1	1	1	1	1	1	1	1
OG0014529	1	1	2	1	2	1	1	0	0	1	1	1	1	1	1	1	0
OG0014530	1	1	0	1	0	1	1	1	1	1	1	1	1	1	1	1	1
OG0014531	1	1	1	0	1	1	1	1	0	1	1	1	1	1	1	1	1
OG0014532	1	1	1	1	1	0	1	1	1	1	1	1	1	1	1	1	1
OG0014533	1	1	1	1	1	1	1	0	1	1	1	1	1	1	1	1	1
OG0014534	1	1	1	1	1	1	1	0	1	1	1	1	1	1	1	1	1
OG0014535	1	0	1	1	1	1	0	1	0	1	1	1	1	1	1	1	1
OG0014536	1	1	1	1	1	1	1	1	0	1	1	1	1	1	1	1	1
OG0014537	1	1	2	1	1	0	1	1	1	1	1	1	1	1	1	1	1
OG0014538	1	1	1	1	1	1	1	1	0	1	1	1	1	1	1	1	1
OG0014539	1	1	1	1	0	1	1	1	1	1	1	1	1	1	1	1	1
OG0014540	1	1	1	0	1	1	1	1	0	1	1	1	1	1	1	1	1
OG0014541	1	1	1	0	1	1	1	1	1	1	1	1	1	1	1	1	1
OG0014542	1	1	1	0	1	1	0	1	1	1	1	1	1	1	1	1	1
OG0014543	1	1	1	0	0	1	1	1	1	1	1	1	1	1	1	1	1
OG0014544	1	1	1	1	1	1	1	1	0	1	1	1	1	1	1	1	1
OG0014545	1	1	1	1	1	1	1	0	1	1	1	1	1	1	1	1	1
OG0014546	1	1	1	0	1	1	1	1	1	1	1	1	1	1	1	1	1
OG0014547	1	1	1	1	1	1	1	0	1	1	1	1	1	1	1	1	1
OG0014548	1	1	1	0	1	1	1	1	1	1	1	1	1	1	1	1	1
OG0014549	1	1	1	1	1	1	1	1	0	1	1	1	1	1	1	1	1
OG0014550	1	1	1	0	1	1	1	1	1	1	1	1	1	1	1	1	1
OG0014551	1	1	1	0	1	1	0	1	1	1	1	1	1	1	1	1	1
OG0014552	2	1	1	1	1	1	1	1	0	1	1	1	1	1	1	1	1
OG0014553	1	1	1	1	1	1	1	1	1	1	1	1	1	1	1	1	1
OG0014554	1	1	1	0	1	1	1	1	1	1	1	1	1	1	1	1	1
OG0014555	1	0	1	1	1	1	1	1	1	1	1	1	1	1	1	1	1
OG0014556	1	1	1	1	1	1	1	1	0	1	1	1	1	1	1	1	1
OG0014557	1	1	1	1	1	1	1	1	0	1	1	1	1	1	1	1	1
OG0014558	1	1	1	0	1	1	1	1	1	1	1	1	1	1	1	1	1
OG0014559	1	0	0	1	1	1	1	1	1	1	1	0	1	1	1	1	1
OG0014560	1	2	1	0	1	1	0	1	1	1	1	1	1	1	1	1	1
OG0014561	1	1	1	1	1	1	1	1	1	1	1	1	1	1	1	1	1
OG0014562	1	1	1	1	1	1	1	1	0	1	1	1	1	1	1	1	1
OG0014563	1	1	2	2	1	1	1	0	0	1	1	1	1	1	1	1	0
OG0014564	1	1	1	1	1	1	1	0	1	1	1	1	1	1	1	1	1
OG0014565	1	2	1	0	1	1	1	0	1	1	1	1	1	1	1	1	1
OG0014566	1	1	1	1	2	0	1	1	0	1	1	1	1	1	1	1	1
OG0014567	1	1	1	1	1	1	0	1	1	1	1	1	1	1	1	1	1
OG0014568	1	1	1	0	1	1	0	1	1	1	1	1	1	1	1	1	1
OG0014569	1	1	1	1	0	1	1	1	1	1	1	1	1	1	1	1	1
OG0014570	1	1	2	1	1	0	1	1	1	1	1	1	1	1	1	1	1
OG0014571	1	1	1	1	2	0	1	1	0	1	1	1	1	1	1	1	1
OG0014572	1	2	1	1	1	0	0	1	1	1	1	1	1	1	1	1	1
OG0014573	1	2	1	1	1	0	1	1	1	1	1	1	1	1	1	1	1
OG0014574	1	1	1	1	1	1	1	1	0	1	1	1	1	1	1	1	1
OG0014575	1	0	0	3	0	0	0	2	0	1	1	0	1	1	1	1	1
OG0014576	1	1	1	1	1	1	1	1	0	1	1	1	1	1	1	1	1
OG0014577	1	1	1	1	1	1	1	1	0	1	1	1	1	1	1	1	1
OG0014578	1	1	1	0	1	1	1	1	1	1	1	1	1	1	1	1	1
OG0014579	1	1	1	1	1	1	1	1	1	1	1	1	1	1	1	1	1
OG0014580	1	2	1	1	1	0	1	1	1	1	1	1	1	1	1	1	1
OG0014581	1	2	1	0	1	0	1	1	1	1	1	1	1	1	1	1	1
OG0014582	1	1	0	1	1	1	1	1	0	1	1	1	1	1	1	1	1
OG0014583	1	1	1	1	1	1	1	1	0	1	1	1	1	1	1	1	1
OG0014584	1	1	1	1	1	1	1	1	0	1	1	1	1	1	1	1	1
OG0014585	1	1	1	1	1	1	0	1	1	1	1	1	1	1	1	1	1
OG0014586	1	1	1	2	1	0	1	1	1	1	1	1	1	1	1	1	1
OG0014587	1	1	1	1	1	1	1	1	1	1	1	1	1	1	1	1	1
OG0014588	1	1	1	1	1	1	1	0	1	1	1	1	1	1	1	1	1
OG0014589	1	1	1	1	1	1	0	1	1	1	1	1	1	1	1	1	1
OG0014590	1	1	1	0	1	1	1	1	0	1	1	1	1	1	1	1	1
OG0014591	1	1	1	0	1	1	1	1	1	1	1	1	1	1	1	1	1
OG0014592	1	1	1	1	1	1	1	0	1	1	1	1	1	1	1	1	1
OG0014593	1	1	1	1	1	1	1	1	0	1	1	1	1	1	1	1	1
OG0014594	1	1	1	1	1	1	0	1	1	1	1	1	1	1	1	1	1
OG0014595	1	1	1	0	1	1	1	1	1	1	1	1	1	1	1	1	1
OG0014596	1	1	1	0	2	1	1	0	1	1	1	1	1	1	1	1	1
OG0014597	1	1	1	1	1	1	1	1	0	1	1	1	1	1	1	1	1
OG0014598	1	1	1	1	1	1	1	1	0	1	1	1	1	1	1	1	1
OG0014599	1	1	1	1	1	1	1	0	1	1	1	1	1	1	1	1	1
OG0014600	1	2	1	0	1	1	1	0	1	1	1	1	1	1	1	1	1
OG0014601	1	1	1	1	1	1	1	1	0	1	1	1	1	1	1	1	1
OG0014602	1	0	1	1	1	1	1	1	1	1	1	1	1	1	1	1	1
OG0014603	1	1	1	0	1	1	1	1	1	1	1	1	1	1	1	1	1
OG0014604	1	0	1	1	1	1	1	1	0	1	1	1	1	1	1	1	1
OG0014605	1	1	2	0	1	0	2	1	1	1	1	1	1	1	1	1	1
OG0014606	1	1	1	1	1	1	1	0	1	1	1	1	1	1	1	1	1
OG0014607	1	0	1	1	1	1	1	1	1	1	1	1	1	1	1	1	1
OG0014608	2	0	0	1	1	1	1	1	1	1	1	0	1	1	1	1	1
OG0014609	1	2	1	0	1	1	1	1	0	1	1	1	1	1	1	1	1
OG0014610	1	1	1	1	1	1	1	1	0	1	1	1	1	1	1	1	1
OG0014611	1	1	1	1	1	1	1	1	0	1	1	1	1	1	1	1	1
OG0014612	1	1	1	2	1	1	1	1	0	1	1	1	1	1	1	1	1
OG0014613	1	2	1	1	1	1	1	0	0	1	1	1	1	1	1	1	0
OG0014614	1	1	1	1	1	1	1	1	0	1	1	1	1	1	1	1	1
OG0014615	1	1	1	1	1	1	0	1	1	1	1	1	1	1	1	1	1
OG0014616	1	1	1	1	1	1	1	0	1	1	1	1	1	1	1	1	1
OG0014617	1	1	1	1	1	1	1	0	1	1	1	1	1	1	1	1	1
OG0014618	1	2	1	0	1	0	1	1	1	1	1	1	1	1	1	1	1
OG0014619	1	2	1	1	1	0	1	1	1	1	1	1	1	1	1	1	1
OG0014620	1	1	2	1	1	1	1	0	0	1	1	1	1	1	1	1	0
OG0014621	1	1	1	1	1	1	1	1	1	1	1	1	1	1	1	1	1
OG0014622	1	1	1	0	1	1	0	1	1	1	1	1	1	1	1	1	1
OG0014623	1	1	1	1	1	1	1	1	1	1	1	1	1	1	1	1	1
OG0014624	1	1	1	1	1	1	1	1	0	1	1	1	1	1	1	1	1
OG0014625	1	2	1	0	1	1	1	0	1	1	1	1	1	1	1	1	1
OG0014626	1	1	1	0	1	1	1	1	1	1	1	1	1	1	1	1	1
OG0014627	1	1	1	0	1	1	0	1	1	1	1	1	1	1	1	1	1
OG0014628	1	1	1	0	1	1	1	1	0	1	1	1	1	1	1	1	1
OG0014629	1	0	0	0	0	1	0	1	2	1	1	0	1	1	1	1	1
OG0014630	1	0	0	1	2	0	0	3	0	1	1	0	1	1	1	1	1
OG0015094	1	1	1	1	1	0	1	1	1	1	1	1	1	1	1	1	1
OG0015095	1	2	3	4	0	0	0	0	0	1	2	2	2	0	0	0	0
OG0015096	3	1	1	2	1	0	1	1	0	1	1	1	1	1	1	1	1
OG0015097	3	1	1	0	0	0	1	1	1	1	1	1	1	1	1	1	1
OG0015103	1	0	0	0	1	1	1	1	1	1	1	0	1	1	1	1	1
OG0015105	1	0	1	0	1	1	2	1	1	1	1	1	1	1	1	1	1
OG0015106	2	0	0	0	0	1	1	1	1	1	1	0	1	1	1	1	1
OG0015107	1	0	0	2	0	0	4	0	2	1	1	0	1	1	1	2	2
OG0015108	1	0	1	0	1	1	1	1	1	1	1	1	1	1	1	1	1
OG0015109	1	1	1	1	1	1	1	1	0	1	1	1	1	1	1	1	1
OG0015110	1	1	1	1	1	0	1	1	1	1	1	1	1	1	1	1	1
OG0015111	1	0	1	1	1	1	1	1	0	1	1	1	1	1	1	1	1
OG0015112	1	1	1	0	1	1	1	1	0	1	1	1	1	1	1	1	1
OG0015113	2	1	1	1	1	0	1	1	0	1	1	1	1	1	1	1	1
OG0015114	1	2	1	1	1	1	1	0	0	1	1	1	1	1	1	1	0
OG0015116	1	2	1	0	1	1	0	1	0	1	1	1	1	1	1	1	1
OG0015117	1	1	1	1	1	0	1	1	1	1	1	1	1	1	1	1	1
OG0015118	1	0	0	0	1	1	1	1	1	1	1	0	1	1	1	1	1
OG0015119	1	0	1	1	2	0	1	1	0	1	1	1	1	1	1	1	1
OG0015120	3	0	0	0	0	1	1	1	1	1	1	0	1	1	1	1	1
OG0015121	1	1	1	1	1	1	1	0	1	1	1	1	1	1	1	1	1
OG0015122	1	2	1	1	1	0	1	1	0	1	1	1	1	1	1	1	1
OG0015123	1	1	1	1	1	1	0	1	0	1	1	1	1	1	1	1	1
OG0015124	2	0	0	1	1	1	1	1	0	1	1	0	1	1	1	1	1
OG0015125	1	1	1	0	1	0	1	1	1	1	1	1	1	1	1	1	1
OG0015126	1	1	1	1	0	1	1	1	1	1	1	1	1	1	1	1	1
OG0015127	1	0	0	0	1	1	1	1	1	1	1	0	1	1	1	1	1
OG0015128	1	1	1	0	1	1	1	0	1	1	1	1	1	1	1	1	1
OG0015129	1	1	1	1	1	0	1	1	1	1	1	1	1	1	1	1	1
OG0015130	1	1	1	1	1	1	1	0	1	1	1	1	1	1	1	1	1
OG0015131	1	0	1	2	1	1	0	1	0	1	1	1	1	1	1	1	1
OG0015132	2	2	1	1	1	1	0	1	0	1	1	1	1	1	1	1	1
OG0015133	10	0	0	1	0	0	0	0	0	2	1	0	1	0	0	0	0
OG0015134	1	0	1	0	0	1	0	1	2	1	1	1	1	1	1	1	1
OG0015135	1	1	1	0	1	1	1	0	1	1	1	1	1	1	1	1	1
OG0015136	2	1	1	1	1	0	1	1	0	1	1	1	1	1	1	1	1
OG0015137	2	2	1	1	1	0	1	1	0	1	1	1	1	1	1	1	1
OG0015138	1	1	1	1	1	0	1	1	1	1	1	1	1	1	1	1	1
OG0015139	2	2	1	1	1	1	1	0	0	1	1	1	1	1	1	1	0
OG0015140	1	0	0	0	1	1	1	1	1	1	1	0	1	1	1	1	1
OG0015141	2	1	1	1	1	0	0	1	1	1	1	1	1	1	1	1	1
OG0015142	1	1	1	1	1	1	1	0	0	1	1	1	1	1	1	1	0
OG0015143	3	2	1	1	1	0	1	0	0	1	1	1	1	1	1	1	0
OG0015144	1	1	1	1	1	0	0	1	1	1	1	1	1	1	1	1	1
OG0015145	1	1	1	1	1	0	1	1	1	1	1	1	1	1	1	1	1
OG0015146	1	1	1	1	1	0	1	1	1	1	1	1	1	1	1	1	1
OG0015147	1	1	1	1	1	0	1	1	1	1	1	1	1	1	1	1	1
OG0015148	1	1	1	1	1	0	1	1	1	1	1	1	1	1	1	1	1
OG0015149	1	1	1	1	1	0	1	1	1	1	1	1	1	1	1	1	1
OG0015150	1	1	1	1	1	1	1	0	1	1	1	1	1	1	1	1	1
OG0015151	1	1	1	1	1	0	1	1	1	1	1	1	1	1	1	1	1
OG0015153	1	1	1	1	1	0	1	1	1	1	1	1	1	1	1	1	1
OG0015155	2	1	1	1	1	0	1	1	1	1	1	1	1	1	1	1	1
OG0015156	1	2	1	0	1	0	1	1	1	1	1	1	1	1	1	1	1
OG0015157	1	1	1	0	1	1	0	1	1	1	1	1	1	1	1	1	1
OG0015158	1	1	1	1	1	0	0	1	1	1	1	1	1	1	1	1	1
OG0015159	1	0	1	1	1	1	1	1	0	1	1	1	1	1	1	1	1
OG0015160	1	1	1	0	1	1	1	1	0	1	1	1	1	1	1	1	1
OG0015161	1	1	1	1	1	1	0	0	1	1	1	1	1	1	1	1	1
OG0015162	1	1	1	0	1	1	1	0	1	1	1	1	1	1	1	1	1
OG0015163	1	1	1	1	1	0	1	1	1	1	1	1	1	1	1	1	1
OG0015164	1	1	1	0	1	1	1	1	1	1	1	1	1	1	1	1	1
OG0015165	1	1	1	1	1	1	1	0	0	1	1	1	1	1	1	1	0
OG0015166	1	1	1	1	2	0	1	1	1	1	1	1	1	1	1	1	1
OG0015167	1	1	1	1	1	1	0	1	0	1	1	1	1	1	1	1	1
OG0015169	1	1	1	1	1	1	1	0	1	1	1	1	1	1	1	1	1
OG0015170	1	1	1	0	1	1	1	1	1	1	1	1	1	1	1	1	1
OG0015171	3	1	1	1	1	1	1	0	0	1	1	1	1	1	1	1	0
OG0015173	1	1	1	1	1	1	1	1	0	1	1	1	1	1	1	1	1
OG0015174	2	0	1	0	1	1	1	1	0	1	1	1	1	1	1	1	1
OG0015175	1	0	1	0	1	1	1	1	1	1	1	1	1	1	1	1	1
OG0015176	1	1	0	1	0	1	1	1	1	1	1	1	1	1	1	1	1
OG0015177	2	0	1	1	0	1	1	1	0	1	1	1	1	1	1	1	1
OG0015178	2	1	1	0	1	1	0	1	0	1	1	1	1	1	1	1	1
OG0015179	1	1	1	1	0	0	1	1	1	1	1	1	1	1	1	1	1
OG0015180	1	1	1	1	1	0	0	1	1	1	1	1	1	1	1	1	1
OG0015181	1	0	1	1	1	1	1	1	0	1	1	1	1	1	1	1	1
OG0015182	1	1	1	0	1	1	0	1	1	1	1	1	1	1	1	1	1
OG0015183	2	1	1	0	1	1	1	0	1	1	1	1	1	1	1	1	1
OG0015184	1	1	1	1	1	1	1	1	0	1	1	1	1	1	1	1	1
OG0015185	1	1	1	1	1	0	1	1	1	1	1	1	1	1	1	1	1
OG0015186	1	1	1	1	1	1	1	1	0	1	1	1	1	1	1	1	1
OG0015187	1	0	1	0	1	1	1	1	1	1	1	1	1	1	1	1	1
OG0015188	1	1	1	1	1	1	1	1	0	1	1	1	1	1	1	1	1
OG0015189	1	1	1	1	1	0	1	1	1	1	1	1	1	1	1	1	1
OG0015190	1	1	1	1	1	0	1	1	1	1	1	1	1	1	1	1	1
OG0015192	2	1	1	1	1	0	0	1	1	1	1	1	1	1	1	1	1
OG0015193	1	1	1	0	1	1	1	1	0	1	1	1	1	1	1	1	1
OG0015194	2	0	1	3	1	1	0	0	0	1	1	1	1	1	1	0	0
OG0015195	1	0	1	1	0	1	1	1	1	1	1	1	1	1	1	1	1
OG0015196	1	1	1	1	1	0	1	1	1	1	1	1	1	1	1	1	1
OG0015197	1	1	1	1	1	1	1	0	0	1	1	1	1	1	1	1	0
OG0015198	1	1	1	1	1	1	1	1	0	1	1	1	1	1	1	1	1
OG0015199	1	1	1	1	1	1	1	0	0	1	1	1	1	1	1	1	0
OG0015200	1	1	1	0	1	1	0	1	0	1	1	1	1	1	1	1	1
OG0015201	1	0	1	0	1	1	1	1	1	1	1	1	1	1	1	1	1
OG0015202	1	1	1	1	1	1	1	0	0	1	1	1	1	1	1	1	0
OG0015203	1	2	2	0	1	0	1	1	0	1	1	2	1	1	1	1	1
OG0015204	1	1	1	1	1	0	0	1	1	1	1	1	1	1	1	1	1
OG0015205	1	1	1	1	1	0	1	1	1	1	1	1	1	1	1	1	1
OG0015206	1	1	1	1	1	1	1	0	0	1	1	1	1	1	1	1	0
OG0015207	1	1	1	0	1	1	1	1	1	1	1	1	1	1	1	1	1
OG0015208	10	0	1	0	0	0	0	0	0	2	1	1	0	0	0	0	0
OG0015209	1	1	1	0	1	1	1	0	1	1	1	1	1	1	1	1	1
OG0015210	1	0	1	1	1	1	0	1	1	1	1	1	1	1	1	1	1
OG0015211	1	1	0	1	1	1	1	1	0	1	1	1	1	1	1	1	1
OG0015212	1	1	1	1	1	1	1	1	0	1	1	1	1	1	1	1	1
OG0015213	1	1	1	1	1	1	0	1	0	1	1	1	1	1	1	1	1
OG0015214	1	0	1	1	1	1	0	1	0	1	1	1	1	1	1	1	1
OG0015215	1	0	2	1	1	1	0	1	0	1	1	1	1	1	1	1	1
OG0015216	1	1	1	1	1	1	1	0	1	1	1	1	1	1	1	1	1
OG0015217	1	0	0	0	1	1	1	1	1	1	1	0	1	1	1	1	1
OG0015218	1	1	1	1	1	0	1	1	1	1	1	1	1	1	1	1	1
OG0015219	1	1	1	1	1	1	0	1	0	1	1	1	1	1	1	1	1
OG0015220	1	1	1	1	1	1	1	1	0	1	1	1	1	1	1	1	1
OG0015221	1	1	1	1	1	0	1	1	1	1	1	1	1	1	1	1	1
OG0015222	1	1	1	1	1	1	1	0	1	1	1	1	1	1	1	1	1
OG0015223	1	1	1	1	1	1	1	1	0	1	1	1	1	1	1	1	1
OG0015224	1	1	1	0	1	1	1	0	1	1	1	1	1	1	1	1	1
OG0015225	1	1	1	0	1	1	1	0	1	1	1	1	1	1	1	1	1
OG0015226	1	1	1	1	1	0	1	1	1	1	1	1	1	1	1	1	1
OG0015227	1	1	1	1	1	1	1	0	0	1	1	1	1	1	1	1	0
OG0015228	1	1	1	0	1	1	1	1	0	1	1	1	1	1	1	1	1
OG0015229	1	1	2	0	1	1	1	0	0	1	1	1	1	1	1	1	0
OG0015230	1	1	1	1	1	1	1	0	1	1	1	1	1	1	1	1	1
OG0015231	1	1	1	1	1	1	1	1	0	1	1	1	1	1	1	1	1
OG0015232	1	1	1	1	1	1	1	1	0	1	1	1	1	1	1	1	1
OG0015233	1	1	1	1	1	1	1	1	0	1	1	1	1	1	1	1	1
OG0015234	1	1	1	1	1	0	1	1	0	1	1	1	1	1	1	1	1
OG0015235	1	1	1	1	1	0	1	1	1	1	1	1	1	1	1	1	1
OG0015236	2	1	1	0	0	1	1	1	0	1	1	1	1	1	1	1	1
OG0015237	1	1	1	1	1	1	1	1	0	1	1	1	1	1	1	1	1
OG0015238	1	2	1	1	1	0	1	1	0	1	1	1	1	1	1	1	1
OG0015239	1	1	1	1	1	1	0	0	1	1	1	1	1	1	1	1	1
OG0015240	1	1	1	0	1	1	1	1	0	1	1	1	1	1	1	1	1
OG0015241	1	0	1	1	1	1	1	1	0	1	1	1	1	1	1	1	1
OG0015242	1	1	1	1	1	1	1	0	1	1	1	1	1	1	1	1	1
OG0015243	1	1	1	1	1	1	1	0	0	1	1	1	1	1	1	1	0
OG0015244	3	0	0	0	1	1	1	1	1	1	1	0	1	1	1	1	1
OG0015245	1	1	2	2	2	0	0	0	1	1	2	2	2	2	1	1	1
OG0015246	1	2	1	0	1	0	1	1	1	1	1	1	1	1	1	1	1
OG0015247	3	1	1	0	1	0	1	1	1	1	1	1	1	1	1	1	1
OG0015248	1	1	1	1	1	1	0	1	0	1	1	1	1	1	1	1	1
OG0015249	1	1	2	1	1	1	0	1	0	1	1	1	1	1	1	1	1
OG0015250	4	1	1	1	1	0	1	0	1	2	1	1	1	1	1	1	1
OG0015251	1	1	1	1	1	1	1	0	0	1	1	1	1	1	1	1	0
OG0015252	1	1	1	1	1	0	1	1	1	1	1	1	1	1	1	1	1
OG0015253	1	1	1	1	1	1	1	0	0	1	1	1	1	1	1	1	0
OG0015254	1	1	1	1	2	0	1	1	0	1	1	1	1	1	1	1	1
OG0015255	1	1	1	1	1	0	1	1	1	1	1	1	1	1	1	1	1
OG0015256	3	0	1	1	1	1	1	0	0	1	1	1	1	1	1	1	0
OG0015257	1	1	1	1	1	0	1	1	1	1	1	1	1	1	1	1	1
OG0015258	1	0	1	1	1	1	1	1	0	1	1	1	1	1	1	1	1
OG0015259	1	1	1	0	1	1	1	1	0	1	1	1	1	1	1	1	1
OG0015260	1	1	1	0	1	0	1	1	1	1	1	1	1	1	1	1	1
OG0015261	1	1	1	1	1	1	1	1	0	1	1	1	1	1	1	1	1
OG0015262	1	0	1	0	1	1	1	1	1	1	1	1	1	1	1	1	1
OG0015263	1	1	1	1	1	1	1	0	0	1	1	1	1	1	1	1	0
OG0015264	1	1	1	1	1	1	1	1	0	1	1	1	1	1	1	1	1
OG0015265	2	1	2	2	2	0	0	1	0	2	2	2	2	2	1	1	1
OG0015266	1	1	1	1	1	1	1	1	0	1	1	1	1	1	1	1	1
OG0015267	1	1	1	1	2	0	1	1	0	1	1	1	1	1	1	1	1
OG0015268	1	1	1	0	1	1	1	1	0	1	1	1	1	1	1	1	1
OG0015269	1	1	1	0	1	1	1	1	0	1	1	1	1	1	1	1	1
OG0015270	1	2	1	1	0	1	0	1	0	1	1	1	1	1	1	1	1
OG0015271	1	2	1	1	1	0	1	1	0	1	1	1	1	1	1	1	1
OG0015272	1	1	1	0	1	1	1	0	1	1	1	1	1	1	1	1	1
OG0015273	1	1	1	1	1	1	1	1	0	1	1	1	1	1	1	1	1
OG0015274	1	1	1	1	1	1	1	0	1	1	1	1	1	1	1	1	1
OG0015275	1	0	1	1	1	1	0	1	0	1	1	1	1	1	1	1	1
OG0015276	1	2	1	0	1	0	1	1	1	1	1	1	1	1	1	1	1
OG0015277	1	1	1	0	1	1	1	1	1	1	1	1	1	1	1	1	1
OG0015278	1	1	1	0	1	1	1	1	1	1	1	1	1	1	1	1	1
OG0015279	1	1	1	1	1	1	1	1	0	1	1	1	1	1	1	1	1
OG0015280	1	0	1	1	1	1	1	1	0	1	1	1	1	1	1	1	1
OG0015281	1	1	1	0	1	0	1	1	1	1	1	1	1	1	1	1	1
OG0015282	1	1	1	1	1	1	0	1	0	1	1	1	1	1	1	1	1
OG0015283	1	1	1	0	1	1	1	0	1	1	1	1	1	1	1	1	1
OG0015284	1	2	1	0	2	0	1	1	1	1	1	1	1	1	1	1	1
OG0015285	1	1	2	1	1	0	1	1	0	1	1	1	1	1	1	1	1
OG0015287	1	1	1	1	1	1	1	1	0	1	1	1	1	1	1	1	1
OG0015288	1	0	0	1	0	0	1	2	1	1	1	0	1	1	1	1	1
OG0015289	2	1	1	0	1	1	1	1	0	1	1	1	1	1	1	1	1
OG0015291	1	0	1	1	1	0	1	1	1	1	1	1	1	1	1	1	1
OG0015292	1	1	1	1	1	1	0	1	0	1	1	1	1	1	1	1	1
OG0015293	1	2	0	1	1	1	0	1	0	1	1	1	1	1	1	1	1
OG0015294	1	1	1	1	1	0	1	1	1	1	1	1	1	1	1	1	1
OG0015295	1	1	1	0	0	1	1	1	0	1	1	1	1	1	1	1	1
OG0015296	1	1	1	1	1	1	0	1	0	1	1	1	1	1	1	1	1
OG0015297	1	1	1	1	1	1	0	1	0	1	1	1	1	1	1	1	1
OG0015298	1	1	1	1	0	1	1	1	1	1	1	1	1	1	1	1	1
OG0015299	1	1	1	0	1	1	1	1	1	1	1	1	1	1	1	1	1
OG0015300	1	1	1	1	1	1	1	1	0	1	1	1	1	1	1	1	1
OG0015301	1	1	1	1	1	1	1	1	0	1	1	1	1	1	1	1	1
OG0015302	1	1	1	0	1	0	1	1	1	1	1	1	1	1	1	1	1
OG0015303	1	1	1	1	1	0	1	1	1	1	1	1	1	1	1	1	1
OG0015304	1	1	1	1	1	0	1	1	0	1	1	1	1	1	1	1	1
OG0015305	1	1	1	1	1	1	0	1	0	1	1	1	1	1	1	1	1
OG0015306	1	1	1	1	1	1	0	1	0	1	1	1	1	1	1	1	1
OG0015307	1	1	1	1	1	0	0	1	1	1	1	1	1	1	1	1	1
OG0015308	1	1	1	1	1	1	1	0	1	1	1	1	1	1	1	1	1
OG0015309	1	1	1	1	1	1	0	1	0	1	1	1	1	1	1	1	1
OG0015310	1	1	1	1	1	1	1	0	1	1	1	1	1	1	1	1	1
OG0015311	1	1	1	1	1	0	1	1	1	1	1	1	1	1	1	1	1
OG0015313	1	1	1	1	1	0	1	1	1	1	1	1	1	1	1	1	1
OG0015314	1	1	1	0	1	0	2	1	0	1	1	1	1	1	1	1	1
OG0015315	1	2	1	0	1	1	0	0	1	1	1	1	1	1	1	1	1
OG0015316	1	0	1	0	1	1	1	1	0	1	1	1	1	1	1	1	1
OG0015317	1	0	1	1	1	1	0	1	0	1	1	1	1	1	1	1	1
OG0015318	1	2	1	0	1	1	1	1	0	1	1	1	1	1	1	1	1
OG0015319	1	1	1	1	1	1	0	1	0	1	1	1	1	1	1	1	1
OG0015320	1	1	1	1	1	1	1	0	1	1	1	1	1	1	1	1	1
OG0015321	1	1	1	0	1	1	0	1	0	1	1	1	1	1	1	1	1
OG0015322	1	1	1	0	1	1	1	1	1	1	1	1	1	1	1	1	1
OG0015323	1	1	1	0	1	1	1	1	0	1	1	1	1	1	1	1	1
OG0015324	1	1	1	0	1	1	1	1	0	1	1	1	1	1	1	1	1
OG0015325	1	1	1	1	1	1	0	1	0	1	1	1	1	1	1	1	1
OG0015326	1	1	1	1	1	1	1	1	0	1	1	1	1	1	1	1	1
OG0015327	2	1	1	1	1	1	1	1	0	1	1	1	1	1	1	1	1
OG0015328	1	0	0	1	1	1	1	1	1	1	1	0	1	1	1	1	1
OG0015329	1	0	1	1	1	1	1	1	0	1	1	1	1	1	1	1	1
OG0015330	1	1	1	0	1	0	1	1	1	1	1	1	1	1	1	1	1
OG0015331	1	1	1	1	1	0	1	1	1	1	1	1	1	1	1	1	1
OG0015332	1	1	1	1	1	1	1	0	0	1	1	1	1	1	1	1	0
OG0015333	1	1	1	1	1	1	1	1	0	1	1	1	1	1	1	1	1
OG0015334	1	1	1	1	1	1	1	1	0	1	1	1	1	1	1	1	1
OG0015335	1	1	1	1	1	1	1	0	0	1	1	1	1	1	1	1	0
OG0015336	1	1	1	1	1	1	1	1	0	1	1	1	1	1	1	1	1
OG0015337	1	0	1	1	1	0	1	1	1	1	1	1	1	1	1	1	1
OG0015338	1	2	1	1	1	0	1	1	0	1	1	1	1	1	1	1	1
OG0015339	2	1	1	1	1	0	1	1	1	1	1	1	1	1	1	1	1
OG0015340	1	1	1	1	1	0	1	1	1	1	1	1	1	1	1	1	1
OG0015341	1	1	1	0	1	1	1	1	0	1	1	1	1	1	1	1	1
OG0015342	1	1	1	1	1	1	1	0	1	1	1	1	1	1	1	1	1
OG0015343	1	1	1	0	1	1	1	0	1	1	1	1	1	1	1	1	1
OG0015344	1	1	1	0	1	1	1	0	1	1	1	1	1	1	1	1	1
OG0015345	1	0	1	1	1	0	1	1	1	1	1	1	1	1	1	1	1
OG0015346	1	1	1	1	1	1	0	1	0	1	1	1	1	1	1	1	1
OG0015347	1	1	1	1	1	1	1	0	0	1	1	1	1	1	1	1	0
OG0015348	1	1	1	0	1	1	1	1	0	1	1	1	1	1	1	1	1
OG0015349	1	1	1	1	1	1	0	1	0	1	1	1	1	1	1	1	1
OG0015350	1	2	1	0	1	0	1	1	1	1	1	1	1	1	1	1	1
OG0015351	1	2	1	0	1	1	1	0	1	1	1	1	1	1	1	1	1
OG0015352	1	1	1	1	1	1	1	1	0	1	1	1	1	1	1	1	1
OG0015353	1	1	1	1	1	1	0	1	0	1	1	1	1	1	1	1	1
OG0015354	1	1	1	1	1	1	1	0	1	1	1	1	1	1	1	1	1
OG0015355	1	1	1	1	1	0	1	1	1	1	1	1	1	1	1	1	1
OG0015356	1	2	1	0	1	1	1	0	1	1	1	1	1	1	1	1	1
OG0015357	1	1	1	1	1	0	1	1	1	1	1	1	1	1	1	1	1
OG0015358	1	0	1	1	1	1	0	1	0	1	1	1	1	1	1	1	1
OG0015359	1	1	1	0	1	1	1	0	1	1	1	1	1	1	1	1	1
OG0015360	1	2	1	0	1	1	1	0	0	1	1	1	1	1	1	1	0
OG0015361	1	1	1	1	1	0	1	1	1	1	1	1	1	1	1	1	1
OG0015362	1	2	0	1	0	1	1	1	0	1	1	1	1	1	1	1	1
OG0015363	1	1	1	1	1	0	1	1	0	1	1	1	1	1	1	1	1
OG0015364	1	1	1	1	1	1	1	1	0	1	1	1	1	1	1	1	1
OG0015365	1	1	1	1	1	1	1	1	0	1	1	1	1	1	1	1	1
OG0015366	1	1	1	1	1	1	1	0	0	1	1	1	1	1	1	1	0
OG0015367	1	1	2	1	1	1	1	0	0	1	1	1	1	1	1	1	0
OG0015368	1	1	1	0	1	1	1	1	0	1	1	1	1	1	1	1	1
OG0015370	1	1	1	1	1	1	0	1	0	1	1	1	1	1	1	1	1
OG0015371	1	1	1	1	1	1	0	0	1	1	1	1	1	1	1	1	1
OG0015372	1	1	1	1	1	0	1	1	1	1	1	1	1	1	1	1	1
OG0015373	1	1	1	0	1	0	1	1	1	1	1	1	1	1	1	1	1
OG0015374	1	1	1	1	1	1	0	1	0	1	1	1	1	1	1	1	1
OG0015375	1	1	1	1	1	1	1	1	0	1	1	1	1	1	1	1	1
OG0015376	1	1	1	0	1	1	0	1	1	1	1	1	1	1	1	1	1
OG0015377	1	1	1	1	1	1	1	0	0	1	1	1	1	1	1	1	0
OG0015378	1	1	1	1	1	0	1	1	0	1	1	1	1	1	1	1	1
OG0015379	1	1	1	0	1	1	1	1	1	1	1	1	1	1	1	1	1
OG0015380	1	2	1	0	1	0	1	1	1	1	1	1	1	1	1	1	1
OG0015381	1	1	1	0	1	1	1	1	0	1	1	1	1	1	1	1	1
OG0015382	1	1	1	0	1	0	1	1	1	1	1	1	1	1	1	1	1
OG0015383	1	1	1	0	1	1	1	1	1	1	1	1	1	1	1	1	1
OG0015384	1	0	3	0	2	0	0	2	0	1	1	1	1	1	1	1	1
OG0015806	1	0	0	2	5	0	0	0	0	1	1	0	1	1	0	0	0
OG0015807	1	0	0	0	1	1	1	1	1	1	1	0	1	1	1	1	1
OG0015808	2	0	1	0	0	0	6	0	0	1	1	1	1	1	1	1	0
OG0015809	2	0	0	1	0	1	1	1	0	1	1	0	1	1	1	1	1
OG0015810	5	0	0	1	0	0	1	1	0	2	1	0	1	1	1	1	1
OG0015811	1	0	1	0	1	1	1	1	1	1	1	1	1	1	1	1	1
OG0015814	3	0	0	0	1	1	1	1	0	1	1	0	1	1	1	1	1
OG0015815	4	1	1	1	1	0	1	0	0	2	1	1	1	1	1	1	0
OG0015816	3	0	0	1	0	0	0	0	3	1	1	0	1	1	1	1	1
OG0015817	9	0	1	0	0	0	0	0	0	2	1	1	0	0	0	0	0
OG0015818	1	0	1	1	1	1	1	1	0	1	1	1	1	1	1	1	1
OG0015819	2	2	1	1	1	1	0	0	0	1	1	1	1	1	1	0	0
OG0015822	1	1	1	1	0	0	1	1	1	1	1	1	1	1	1	1	1
OG0015824	2	1	1	1	1	0	1	1	0	1	1	1	1	1	1	1	1
OG0015825	1	2	1	1	1	1	1	0	0	1	1	1	1	1	1	1	0
OG0015826	1	1	1	0	1	1	1	0	1	1	1	1	1	1	1	1	1
OG0015827	2	0	1	0	1	0	1	1	1	1	1	1	1	1	1	1	1
OG0015828	2	1	1	0	1	0	0	1	0	1	1	1	1	1	1	1	1
OG0015829	1	0	0	0	0	1	1	1	1	1	1	0	1	1	1	1	1
OG0015830	2	1	1	1	2	1	0	0	0	1	1	1	1	1	1	0	0
OG0015831	1	0	0	0	0	1	1	1	1	1	1	0	1	1	1	1	1
OG0015832	1	1	1	1	1	1	1	0	1	1	1	1	1	1	1	1	1
OG0015833	1	0	0	0	1	1	0	1	1	1	1	0	1	1	1	1	1
OG0015835	1	1	1	1	1	1	1	0	0	1	1	1	1	1	1	1	0
OG0015836	1	1	1	0	1	0	1	1	1	1	1	1	1	1	1	1	1
OG0015837	1	0	1	0	0	1	1	1	1	1	1	1	1	1	1	1	1
OG0015838	1	1	1	1	1	1	1	1	0	1	1	1	1	1	1	1	1
OG0015839	2	1	1	1	1	1	1	0	0	1	1	1	1	1	1	1	0
OG0015840	1	1	1	0	1	1	1	0	1	1	1	1	1	1	1	1	1
OG0015842	2	1	1	0	1	1	0	0	0	1	1	1	1	1	1	0	0
OG0015843	1	1	1	0	1	1	0	1	0	1	1	1	1	1	1	1	1
OG0015844	1	1	1	0	1	1	0	1	0	1	1	1	1	1	1	1	1
OG0015845	1	1	1	0	1	0	1	1	2	1	1	1	1	1	1	1	1
OG0015846	1	1	1	1	1	1	1	0	1	1	1	1	1	1	1	1	1
OG0015847	1	1	1	1	1	0	1	1	1	1	1	1	1	1	1	1	1
OG0015848	1	1	1	0	1	1	0	0	1	1	1	1	1	1	1	1	1
OG0015849	1	1	1	0	1	1	1	1	0	1	1	1	1	1	1	1	1
OG0015850	2	1	1	0	2	0	0	1	0	1	1	1	1	1	1	1	1
OG0015851	1	1	1	0	1	1	1	0	0	1	1	1	1	1	1	1	0
OG0015853	1	0	0	0	1	1	1	1	1	1	1	0	1	1	1	1	1
OG0015854	1	0	0	0	1	1	1	1	0	1	1	0	1	1	1	1	1
OG0015855	1	0	3	1	1	0	1	0	1	1	1	1	1	1	1	1	1
OG0015856	1	1	1	0	1	1	1	0	0	1	1	1	1	1	1	1	0
OG0015857	1	1	1	0	1	1	0	1	0	1	1	1	1	1	1	1	1
OG0015859	1	1	1	0	1	1	1	0	0	1	1	1	1	1	1	1	0
OG0015860	1	1	1	1	1	1	0	1	0	1	1	1	1	1	1	1	1
OG0015861	2	1	1	0	0	1	1	1	0	1	1	1	1	1	1	1	1
OG0015863	1	2	1	0	1	0	1	1	0	1	1	1	1	1	1	1	1
OG0015864	1	1	1	0	1	1	1	1	0	1	1	1	1	1	1	1	1
OG0015865	1	1	1	1	1	1	1	0	0	1	1	1	1	1	1	1	0
OG0015866	1	1	1	1	1	0	1	0	1	1	1	1	1	1	1	1	1
OG0015867	1	0	0	0	0	0	5	1	1	1	1	0	1	1	1	1	1
OG0015868	1	1	1	0	1	0	1	1	1	1	1	1	1	1	1	1	1
OG0015869	1	1	1	1	1	0	0	1	1	1	1	1	1	1	1	1	1
OG0015871	1	1	1	0	1	1	1	0	0	1	1	1	1	1	1	1	0
OG0015872	1	1	1	1	1	1	1	0	0	1	1	1	1	1	1	1	0
OG0015873	1	1	1	1	1	1	0	0	0	1	1	1	1	1	1	0	0
OG0015874	1	1	1	1	1	0	1	1	1	1	1	1	1	1	1	1	1
OG0015875	1	2	1	1	1	1	1	0	0	1	1	1	1	1	1	1	0
OG0015876	1	1	1	1	1	0	1	1	0	1	1	1	1	1	1	1	1
OG0015877	2	1	1	1	1	1	1	0	0	1	1	1	1	1	1	1	0
OG0015878	1	2	1	0	1	0	1	1	0	1	1	1	1	1	1	1	1
OG0015879	1	1	1	0	1	1	1	0	1	1	1	1	1	1	1	1	1
OG0015881	1	1	1	1	1	0	1	1	1	1	1	1	1	1	1	1	1
OG0015882	1	1	1	0	0	1	1	1	0	1	1	1	1	1	1	1	1
OG0015883	1	1	1	1	1	0	1	1	1	1	1	1	1	1	1	1	1
OG0015884	1	1	1	1	0	0	1	1	1	1	1	1	1	1	1	1	1
OG0015885	1	2	2	2	1	0	0	0	0	1	2	2	2	1	0	0	0
OG0015886	2	1	1	0	1	0	1	1	0	1	1	1	1	1	1	1	1
OG0015887	2	1	1	1	2	1	0	0	0	1	1	1	1	1	1	0	0
OG0015888	1	1	1	1	1	0	1	1	1	1	1	1	1	1	1	1	1
OG0015889	1	1	1	1	1	0	1	1	0	1	1	1	1	1	1	1	1
OG0015890	1	1	1	0	1	1	1	0	0	1	1	1	1	1	1	1	0
OG0015891	1	1	1	0	1	1	1	0	1	1	1	1	1	1	1	1	1
OG0015892	1	1	1	0	1	1	1	0	0	1	1	1	1	1	1	1	0
OG0015893	1	2	1	0	1	0	1	1	0	1	1	1	1	1	1	1	1
OG0015894	1	0	1	0	1	0	1	1	1	1	1	1	1	1	1	1	1
OG0015895	1	1	0	1	0	0	2	1	0	1	1	1	1	1	1	1	1
OG0015896	1	1	1	1	1	0	1	1	0	1	1	1	1	1	1	1	1
OG0015897	1	0	0	0	1	1	1	1	0	1	1	0	1	1	1	1	1
OG0015898	1	1	0	0	1	1	1	1	1	1	1	1	1	1	1	1	1
OG0015899	1	1	1	0	2	1	1	1	0	1	1	1	1	1	1	1	1
OG0015900	1	2	1	1	1	0	0	1	0	1	1	1	1	1	1	1	1
OG0015901	1	1	1	1	1	1	0	0	1	1	1	1	1	1	1	1	1
OG0015902	1	0	1	1	1	0	1	1	0	1	1	1	1	1	1	1	1
OG0015903	1	1	1	1	1	0	1	1	0	1	1	1	1	1	1	1	1
OG0015904	1	2	1	1	1	1	0	0	0	1	1	1	1	1	1	0	0
OG0015905	1	1	1	0	1	1	1	1	0	1	1	1	1	1	1	1	1
OG0015906	1	0	0	1	1	1	1	1	0	1	1	0	1	1	1	1	1
OG0015907	1	1	1	1	1	0	1	1	1	1	1	1	1	1	1	1	1
OG0015908	1	0	1	1	1	1	1	0	1	1	1	1	1	1	1	1	1
OG0015909	1	1	1	1	1	0	1	1	1	1	1	1	1	1	1	1	1
OG0015910	1	0	1	1	1	1	0	1	0	1	1	1	1	1	1	1	1
OG0015911	1	1	1	1	1	0	1	0	1	1	1	1	1	1	1	1	1
OG0015912	1	1	1	0	1	1	1	0	1	1	1	1	1	1	1	1	1
OG0015913	2	2	1	1	1	1	0	0	0	1	1	1	1	1	1	0	0
OG0015914	1	1	1	1	1	1	0	0	0	1	1	1	1	1	1	0	0
OG0015915	1	1	0	1	1	1	1	0	0	1	1	1	1	1	1	1	0
OG0015916	3	1	1	1	1	1	0	0	0	1	1	1	1	1	1	0	0
OG0015917	1	0	1	0	1	1	1	0	1	1	1	1	1	1	1	1	1
OG0015918	1	0	1	1	1	0	0	1	1	1	1	1	1	1	1	1	1
OG0015919	1	2	1	1	1	1	1	0	0	1	1	1	1	1	1	1	0
OG0015920	1	1	1	1	1	0	1	0	1	1	1	1	1	1	1	1	1
OG0015921	1	0	1	1	1	1	1	0	0	1	1	1	1	1	1	1	0
OG0015922	2	1	1	1	1	0	1	1	0	1	1	1	1	1	1	1	1
OG0015923	1	1	1	0	1	0	1	1	1	1	1	1	1	1	1	1	1
OG0015924	1	0	1	1	1	1	1	1	0	1	1	1	1	1	1	1	1
OG0015925	1	1	3	5	0	0	0	0	0	1	1	1	1	0	0	0	0
OG0015926	2	1	1	1	2	0	1	0	0	1	1	1	1	1	1	1	0
OG0015927	1	0	1	1	1	0	1	1	1	1	1	1	1	1	1	1	1
OG0015928	1	1	1	1	1	1	0	0	1	1	1	1	1	1	1	1	1
OG0015929	1	0	1	1	1	1	1	0	0	1	1	1	1	1	1	1	0
OG0015930	1	1	1	1	0	0	1	1	0	1	1	1	1	1	1	1	1
OG0015931	1	1	1	1	1	1	0	0	1	1	1	1	1	1	1	1	1
OG0015932	1	0	1	1	2	0	1	1	0	1	1	1	1	1	1	1	1
OG0015933	1	1	1	1	1	1	0	1	0	1	1	1	1	1	1	1	1
OG0015934	1	1	1	0	1	1	1	0	0	1	1	1	1	1	1	1	0
OG0015935	1	1	1	1	1	0	1	1	1	1	1	1	1	1	1	1	1
OG0015936	1	0	1	1	1	1	0	1	0	1	1	1	1	1	1	1	1
OG0015937	1	1	1	1	1	1	1	1	0	1	1	1	1	1	1	1	1
OG0015938	1	1	1	0	1	0	1	1	1	1	1	1	1	1	1	1	1
OG0015939	1	1	1	1	1	1	0	1	0	1	1	1	1	1	1	1	1
OG0015940	1	1	1	1	1	0	1	1	0	1	1	1	1	1	1	1	1
OG0015941	1	1	1	0	1	0	1	1	1	1	1	1	1	1	1	1	1
OG0015942	1	2	1	1	1	0	1	1	0	1	1	1	1	1	1	1	1
OG0015943	1	1	1	0	1	1	1	0	1	1	1	1	1	1	1	1	1
OG0015944	1	0	1	1	1	1	1	0	0	1	1	1	1	1	1	1	0
OG0015945	1	1	1	1	1	1	1	0	0	1	1	1	1	1	1	1	0
OG0015946	1	1	1	1	1	1	0	0	1	1	1	1	1	1	1	1	1
OG0015947	1	0	2	0	2	1	0	1	0	1	1	1	1	1	1	1	1
OG0015948	1	0	1	0	1	1	1	1	0	1	1	1	1	1	1	1	1
OG0015949	1	1	1	0	1	0	1	1	1	1	1	1	1	1	1	1	1
OG0015950	1	1	1	0	1	0	1	1	1	1	1	1	1	1	1	1	1
OG0015951	1	0	0	0	3	2	0	0	0	1	1	0	1	1	1	0	0
OG0015952	1	0	0	0	0	1	0	1	1	1	1	0	1	1	1	1	1
OG0015953	1	0	0	1	2	0	0	2	0	1	1	0	1	1	1	1	1
OG0016257	3	0	1	1	1	0	1	0	1	1	1	1	1	1	1	1	1
OG0016259	3	1	2	2	1	0	0	0	0	2	2	2	2	1	0	0	0
OG0016261	1	0	2	0	1	1	2	0	0	1	1	1	1	1	1	1	0
OG0016262	1	1	1	0	1	0	0	1	1	1	1	1	1	1	1	1	1
OG0016264	2	1	1	0	0	0	1	1	0	1	1	1	1	1	1	1	1
OG0016265	2	0	0	0	0	0	0	1	1	1	1	0	1	1	1	1	1
OG0016266	1	0	1	1	1	0	0	2	0	1	1	1	1	1	1	1	1
OG0016268	1	2	1	1	1	0	1	1	0	1	1	1	1	1	1	1	1
OG0016269	1	0	1	1	1	0	0	1	1	1	1	1	1	1	1	1	1
OG0016270	3	4	1	1	0	0	0	0	0	1	1	1	1	0	0	0	0
OG0016271	1	1	1	1	1	0	0	1	1	1	1	1	1	1	1	1	1
OG0016272	2	1	1	1	1	0	0	1	0	1	1	1	1	1	1	1	1
OG0016273	1	1	1	0	1	0	1	1	1	1	1	1	1	1	1	1	1
OG0016274	1	0	1	1	1	1	1	1	0	1	1	1	1	1	1	1	1
OG0016275	1	1	1	1	1	0	1	0	0	1	1	1	1	1	1	1	0
OG0016276	1	5	1	1	1	0	0	0	0	1	1	1	1	1	0	0	0
OG0016278	1	1	1	0	1	1	0	0	0	1	1	1	1	1	1	0	0
OG0016279	2	1	2	1	1	1	0	0	0	1	1	1	1	1	1	0	0
OG0016281	1	0	1	1	1	0	1	1	1	1	1	1	1	1	1	1	1
OG0016282	1	1	1	1	1	0	0	1	0	1	1	1	1	1	1	1	1
OG0016285	1	1	0	1	1	1	1	0	0	1	1	1	1	1	1	1	0
OG0016289	1	1	1	1	1	1	0	0	0	1	1	1	1	1	1	0	0
OG0016290	1	0	0	0	1	1	1	1	0	1	1	0	1	1	1	1	1
OG0016291	1	1	1	1	1	1	1	0	0	1	1	1	1	1	1	1	0
OG0016293	1	1	1	1	1	1	1	0	0	1	1	1	1	1	1	1	0
OG0016294	1	0	0	0	0	0	0	2	0	1	1	0	1	1	1	1	1
OG0016295	1	1	1	1	0	0	2	1	0	1	1	1	1	1	1	1	1
OG0016296	2	0	0	1	0	0	1	1	1	1	1	0	1	1	1	1	1
OG0016297	2	1	1	1	1	1	0	0	0	1	1	1	1	1	1	0	0
OG0016299	1	1	1	1	1	1	1	0	0	1	1	1	1	1	1	1	0
OG0016300	1	0	0	0	1	1	0	1	1	1	1	0	1	1	1	1	1
OG0016301	1	1	1	0	1	0	1	1	1	1	1	1	1	1	1	1	1
OG0016302	1	1	1	0	0	1	1	0	0	1	1	1	1	1	1	1	0
OG0016303	1	1	1	1	1	0	1	1	0	1	1	1	1	1	1	1	1
OG0016304	1	0	2	2	1	0	1	1	0	1	1	1	1	1	1	1	1
OG0016305	2	2	0	1	1	0	0	1	0	1	1	1	1	1	1	1	1
OG0016306	1	2	1	1	1	0	1	0	0	1	1	1	1	1	1	1	0
OG0016307	1	5	0	0	0	0	0	0	2	1	1	1	1	1	1	1	1
OG0016308	1	1	1	1	1	0	1	0	1	1	1	1	1	1	1	1	1
OG0016309	1	1	1	0	1	1	1	1	0	1	1	1	1	1	1	1	1
OG0016310	1	1	1	0	1	0	1	1	0	1	1	1	1	1	1	1	1
OG0016311	1	1	1	1	1	0	0	1	1	1	1	1	1	1	1	1	1
OG0016312	1	1	1	0	1	0	1	1	0	1	1	1	1	1	1	1	1
OG0016313	2	0	1	0	0	1	0	1	0	1	1	1	1	1	1	1	1
OG0016314	1	0	1	1	1	1	1	0	0	1	1	1	1	1	1	1	0
OG0016315	1	1	1	1	1	0	1	1	0	1	1	1	1	1	1	1	1
OG0016316	1	3	1	0	1	0	0	1	0	1	1	1	1	1	1	1	1
OG0016317	1	1	1	0	1	1	1	0	0	1	1	1	1	1	1	1	0
OG0016318	1	1	1	1	1	0	1	0	1	1	1	1	1	1	1	1	1
OG0016319	1	1	1	1	2	1	0	0	0	1	1	1	1	1	1	0	0
OG0016320	1	1	1	1	1	0	1	0	0	1	1	1	1	1	1	1	0
OG0016321	1	1	1	0	1	1	1	0	0	1	1	1	1	1	1	1	0
OG0016322	1	1	1	1	1	0	1	1	0	1	1	1	1	1	1	1	1
OG0016323	1	2	1	1	1	0	1	1	0	1	1	1	1	1	1	1	1
OG0016324	1	0	1	1	1	1	1	0	0	1	1	1	1	1	1	1	0
OG0016325	1	1	1	1	1	0	1	1	0	1	1	1	1	1	1	1	1
OG0016326	1	1	1	1	1	0	1	0	1	1	1	1	1	1	1	1	1
OG0016327	1	0	0	8	0	0	0	0	0	1	1	0	1	0	0	0	0
OG0016328	1	1	1	2	1	0	1	1	0	1	1	1	1	1	1	1	1
OG0016329	1	0	1	0	1	0	0	1	2	1	1	1	1	1	1	1	1
OG0016330	1	2	0	0	0	0	0	1	2	1	1	1	1	1	1	1	1
OG0016602	1	0	0	2	1	0	1	1	0	1	1	0	1	1	1	1	1
OG0016605	1	0	0	0	2	1	1	0	0	1	1	0	1	1	1	1	0
OG0016607	1	1	1	1	1	1	0	0	0	1	1	1	1	1	1	0	0
OG0016608	2	1	1	1	0	1	0	0	0	1	1	1	1	1	1	0	0
OG0016609	1	0	0	0	1	0	1	1	1	1	1	0	1	1	1	1	1
OG0016610	1	2	1	0	1	0	0	1	0	1	1	1	1	1	1	1	1
OG0016611	1	1	1	1	0	0	1	1	0	1	1	1	1	1	1	1	1
OG0016612	1	1	1	1	1	1	0	0	0	1	1	1	1	1	1	0	0
OG0016613	2	1	1	4	0	0	0	0	0	1	1	1	1	0	0	0	0
OG0016614	1	1	1	0	1	0	0	1	0	1	1	1	1	1	1	1	1
OG0016615	1	0	1	1	0	0	1	1	0	1	1	1	1	1	1	1	1
OG0016616	1	2	0	1	0	0	0	1	0	1	1	1	1	1	1	1	1
OG0016619	1	1	1	1	1	0	1	1	0	1	1	1	1	1	1	1	1
OG0016620	1	1	1	1	1	0	1	0	1	1	1	1	1	1	1	1	1
OG0016624	2	0	0	2	0	0	0	1	1	1	1	0	1	1	1	1	1
OG0016625	1	1	1	1	1	0	1	0	0	1	1	1	1	1	1	1	0
OG0016627	3	1	0	1	2	0	0	0	0	1	1	1	1	1	0	0	0
OG0016628	1	1	1	1	1	0	0	1	0	1	1	1	1	1	1	1	1
OG0016629	1	1	1	1	1	1	0	0	0	1	1	1	1	1	1	0	0
OG0016630	1	1	1	0	0	1	1	1	0	1	1	1	1	1	1	1	1
OG0016631	1	1	1	0	1	0	1	1	0	1	1	1	1	1	1	1	1
OG0016632	1	1	1	1	1	0	1	0	1	1	1	1	1	1	1	1	1
OG0016633	1	0	1	1	1	0	0	1	0	1	1	1	1	1	1	1	1
OG0016634	1	0	1	0	1	0	0	1	1	1	1	1	1	1	1	1	1
OG0016635	1	1	1	1	1	0	1	1	0	1	1	1	1	1	1	1	1
OG0016636	2	0	1	1	1	0	0	1	0	1	1	1	1	1	1	1	1
OG0016637	1	1	0	0	1	1	0	1	0	1	1	1	1	1	1	1	1
OG0016638	1	1	1	0	1	1	0	0	0	1	1	1	1	1	1	0	0
OG0016639	1	0	1	1	1	0	0	1	0	1	1	1	1	1	1	1	1
OG0016640	1	1	1	0	1	0	1	1	0	1	1	1	1	1	1	1	1
OG0016641	2	1	2	3	0	0	0	0	0	2	2	2	2	0	0	0	0
OG0016642	1	0	2	1	0	0	0	1	1	1	1	1	1	1	1	1	1
OG0016643	1	0	2	0	1	1	1	0	0	1	1	1	1	1	1	1	0
OG0016644	1	1	1	1	1	0	1	0	0	1	1	1	1	1	1	1	0
OG0016645	1	1	1	1	1	1	0	0	0	1	1	1	1	1	1	0	0
OG0016646	1	1	1	0	1	1	1	0	0	1	1	1	1	1	1	1	0
OG0016647	1	1	1	1	1	0	1	0	1	1	1	1	1	1	1	1	1
OG0016648	1	0	0	0	1	1	1	1	0	1	1	0	1	1	1	1	1
OG0016649	1	1	1	1	1	0	0	1	0	1	1	1	1	1	1	1	1
OG0016651	1	1	1	1	1	0	1	1	0	1	1	1	1	1	1	1	1
OG0016652	1	1	1	1	1	1	0	0	0	1	1	1	1	1	1	0	0
OG0016653	1	0	0	0	1	0	1	1	1	1	1	0	1	1	1	1	1
OG0016654	1	0	1	2	1	0	0	1	0	1	1	1	1	1	1	1	1
OG0016655	1	1	1	1	1	0	1	0	0	1	1	1	1	1	1	1	0
OG0016656	1	0	1	0	1	1	0	0	0	1	1	1	1	1	1	0	0
OG0016657	1	0	1	1	1	0	1	0	1	1	1	1	1	1	1	1	1
OG0016658	1	0	0	0	1	0	0	2	0	1	1	0	1	1	1	1	1
OG0016922	1	0	0	0	1	1	0	0	1	1	1	0	1	1	1	1	1
OG0016923	1	0	0	0	0	2	1	0	0	1	1	0	1	1	1	1	0
OG0016924	1	0	1	0	1	0	1	1	0	1	1	1	1	1	1	1	1
OG0016925	5	0	2	0	0	0	0	0	0	2	1	1	0	0	0	0	0
OG0016929	1	0	1	1	1	0	1	0	0	1	1	1	1	1	1	1	0
OG0016930	1	1	1	0	1	1	0	0	0	1	1	1	1	1	1	0	0
OG0016931	1	0	0	0	0	0	1	1	1	1	1	0	1	1	1	1	1
OG0016932	1	1	0	0	1	1	1	0	0	1	1	1	1	1	1	1	0
OG0016933	1	1	0	1	0	0	1	0	1	1	1	1	1	1	1	1	1
OG0016934	1	1	1	1	1	1	0	0	0	1	1	1	1	1	1	0	0
OG0016935	2	0	1	2	2	0	0	0	0	1	1	1	1	1	0	0	0
OG0016936	1	1	1	4	0	0	0	0	0	1	1	1	1	0	0	0	0
OG0016937	4	2	1	0	0	0	0	0	0	2	1	1	0	0	0	0	0
OG0016940	1	0	1	1	1	0	1	0	1	1	1	1	1	1	1	1	1
OG0016941	4	0	1	1	1	0	0	0	0	2	1	1	1	1	0	0	0
OG0016950	1	0	1	1	1	0	0	1	0	1	1	1	1	1	1	1	1
OG0016951	1	0	1	2	1	1	0	0	0	1	1	1	1	1	1	0	0
OG0016954	1	1	1	0	1	1	0	0	0	1	1	1	1	1	1	0	0
OG0016955	1	0	1	1	1	1	0	0	0	1	1	1	1	1	1	0	0
OG0016957	1	6	0	0	0	0	0	0	0	1	1	1	0	0	0	0	0
OG0016959	1	2	3	1	0	0	0	0	0	1	1	2	1	0	0	0	0
OG0016961	1	0	0	1	1	1	1	0	0	1	1	0	1	1	1	1	0
OG0016964	2	0	0	1	1	1	0	0	0	1	1	0	1	1	1	0	0
OG0016965	1	0	0	0	0	2	0	0	0	1	1	0	1	1	1	0	0
OG0016966	1	1	1	0	1	1	0	0	0	1	1	1	1	1	1	0	0
OG0016967	1	0	1	1	1	0	0	1	0	1	1	1	1	1	1	1	1
OG0016968	1	2	1	0	1	0	1	0	0	1	1	1	1	1	1	1	0
OG0016969	1	1	0	0	0	0	4	0	0	1	1	1	1	1	1	1	0
OG0016971	1	0	1	1	1	1	0	0	0	1	1	1	1	1	1	0	0
OG0016972	1	0	0	1	1	1	0	0	0	1	1	0	1	1	1	0	0
OG0016973	1	0	0	0	0	0	4	0	1	1	1	0	1	1	1	1	1
OG0016974	1	1	1	1	1	0	0	0	0	1	1	1	1	1	0	0	0
OG0016975	1	0	1	1	1	1	0	0	0	1	1	1	1	1	1	0	0
OG0016976	1	1	1	1	1	0	1	0	0	1	1	1	1	1	1	1	0
OG0016977	1	1	1	0	0	0	1	0	1	1	1	1	1	1	1	1	1
OG0016978	1	1	1	1	1	0	0	0	1	1	1	1	1	1	1	1	1
OG0016979	1	1	1	1	1	1	0	0	0	1	1	1	1	1	1	0	0
OG0017285	4	0	0	0	2	0	0	0	0	2	1	0	1	1	0	0	0
OG0017286	1	0	0	1	1	0	1	1	0	1	1	0	1	1	1	1	1
OG0017287	3	3	0	0	0	0	0	0	0	1	1	1	0	0	0	0	0
OG0017288	2	0	0	2	0	0	0	0	1	1	1	0	1	1	1	1	1
OG0017289	1	1	1	0	1	1	0	0	0	1	1	1	1	1	1	0	0
OG0017290	1	0	0	0	0	1	0	0	0	1	1	0	1	1	1	0	0
OG0017291	2	1	3	0	0	0	0	0	0	1	1	1	0	0	0	0	0
OG0017294	2	2	1	0	1	0	0	0	0	1	1	1	1	1	0	0	0
OG0017295	1	1	1	1	0	1	0	0	0	1	1	1	1	1	1	0	0
OG0017296	1	0	0	5	0	0	0	0	0	1	1	0	1	0	0	0	0
OG0017297	1	1	2	1	1	0	0	0	0	1	1	1	1	1	0	0	0
OG0017298	1	1	1	1	1	0	0	0	0	1	1	1	1	1	0	0	0
OG0017300	1	0	0	1	1	0	0	1	0	1	1	0	1	1	1	1	1
OG0017302	2	1	1	2	0	0	0	0	0	1	1	1	1	0	0	0	0
OG0017303	1	0	0	0	0	2	0	0	0	1	1	0	1	1	1	0	0
OG0017313	1	2	1	1	1	0	0	0	0	1	1	1	1	1	0	0	0
OG0017314	4	1	1	0	0	0	0	0	0	2	1	1	0	0	0	0	0
OG0017315	1	1	0	0	0	0	0	0	2	1	1	1	1	1	1	1	1
OG0017317	5	1	0	0	0	0	0	0	0	2	1	1	0	0	0	0	0
OG0017322	1	0	0	0	0	1	0	1	0	1	1	0	1	1	1	1	1
OG0017326	1	3	1	1	0	0	0	0	0	1	1	1	1	0	0	0	0
OG0017327	1	1	1	1	1	0	0	0	0	1	1	1	1	1	0	0	0
OG0017330	1	1	1	1	1	0	0	0	0	1	1	1	1	1	0	0	0
OG0017331	1	0	0	1	1	0	0	1	0	1	1	0	1	1	1	1	1
OG0017336	4	2	0	0	0	0	0	0	0	2	1	1	0	0	0	0	0
OG0017337	4	0	0	0	0	0	0	0	1	2	1	0	1	1	1	1	1
OG0017340	1	0	0	0	1	0	1	1	0	1	1	0	1	1	1	1	1
OG0017342	1	2	1	1	1	0	0	0	0	1	1	1	1	1	0	0	0
OG0017753	1	1	1	1	1	0	0	0	0	1	1	1	1	1	0	0	0
OG0017754	1	3	0	1	0	0	0	0	0	1	1	1	1	0	0	0	0
OG0017756	3	1	0	0	1	0	0	0	0	1	1	1	1	1	0	0	0
OG0017759	2	1	1	0	1	0	0	0	0	1	1	1	1	1	0	0	0
OG0017760	1	2	2	0	0	0	0	0	0	1	1	2	0	0	0	0	0
OG0017761	2	1	1	1	0	0	0	0	0	1	1	1	1	0	0	0	0
OG0017762	3	0	0	2	0	0	0	0	0	1	1	0	1	0	0	0	0
OG0017763	1	1	1	1	0	0	0	0	0	1	1	1	1	0	0	0	0
OG0017764	2	0	0	2	0	0	0	0	0	1	1	0	1	0	0	0	0
OG0017765	1	1	1	1	1	0	0	0	0	1	1	1	1	1	0	0	0
OG0017766	1	1	1	1	1	0	0	0	0	1	1	1	1	1	0	0	0
OG0017767	3	0	0	1	0	0	0	0	0	1	1	0	1	0	0	0	0
OG0017768	1	1	1	1	0	0	0	0	0	1	1	1	1	0	0	0	0
OG0017769	2	0	0	0	1	0	0	0	0	1	1	0	1	1	0	0	0
OG0017771	2	1	1	1	0	0	0	0	0	1	1	1	1	0	0	0	0
OG0017772	1	0	0	1	0	0	0	0	0	1	1	0	1	0	0	0	0
OG0017779	3	1	1	0	0	0	0	0	0	1	1	1	0	0	0	0	0
OG0017781	1	1	1	1	1	0	0	0	0	1	1	1	1	1	0	0	0
OG0017784	1	1	1	0	1	0	0	0	0	1	1	1	1	1	0	0	0
OG0017795	1	1	0	0	0	0	0	1	0	1	1	1	1	1	1	1	1
OG0017796	2	0	0	1	0	1	0	0	0	1	1	0	1	1	1	0	0
OG0017799	2	0	0	0	0	0	2	0	0	1	1	0	1	1	1	1	0
OG0017809	1	2	1	1	0	0	0	0	0	1	1	1	1	0	0	0	0
OG0017821	1	2	0	1	0	0	0	0	0	1	1	1	1	0	0	0	0
OG0017825	1	1	1	1	1	0	0	0	0	1	1	1	1	1	0	0	0
OG0017828	2	1	1	1	0	0	0	0	0	1	1	1	1	0	0	0	0
OG0017830	2	0	1	1	1	0	0	0	0	1	1	1	1	1	0	0	0
OG0017831	1	1	1	1	1	0	0	0	0	1	1	1	1	1	0	0	0
OG0017832	1	1	1	1	1	0	0	0	0	1	1	1	1	1	0	0	0
OG0017833	1	0	0	0	0	0	0	1	0	1	1	0	1	1	1	1	1
OG0017834	1	0	0	0	0	0	0	1	1	1	1	0	1	1	1	1	1
OG0018351	1	0	0	2	1	0	0	0	0	1	1	0	1	1	0	0	0
OG0018352	1	0	0	0	2	0	0	0	0	1	1	0	1	1	0	0	0
OG0018355	1	1	1	1	0	0	0	0	0	1	1	1	1	0	0	0	0
OG0018356	1	0	0	0	1	0	2	0	0	1	1	0	1	1	1	1	0
OG0018363	2	0	0	0	2	0	0	0	0	1	1	0	1	1	0	0	0
OG0018364	1	0	0	1	0	0	2	0	0	1	1	0	1	1	1	1	0
OG0018365	1	0	0	0	0	0	1	0	1	1	1	0	1	1	1	1	1
OG0018366	2	1	1	0	0	0	0	0	0	1	1	1	0	0	0	0	0
OG0018367	1	0	1	1	1	0	0	0	0	1	1	1	1	1	0	0	0
OG0018369	1	0	0	0	0	1	0	0	0	1	1	0	1	1	1	0	0
OG0018370	1	1	1	1	0	0	0	0	0	1	1	1	1	0	0	0	0
OG0018371	1	0	1	0	0	1	0	0	0	1	1	1	1	1	1	0	0
OG0018372	1	3	0	0	0	0	0	0	0	1	1	1	0	0	0	0	0
OG0018373	1	0	0	0	0	1	0	0	0	1	1	0	1	1	1	0	0
OG0018374	1	1	1	0	0	0	0	0	0	1	1	1	0	0	0	0	0
OG0018375	1	1	1	1	0	0	0	0	0	1	1	1	1	0	0	0	0
OG0018376	2	1	1	0	0	0	0	0	0	1	1	1	0	0	0	0	0
OG0018377	1	0	0	0	0	1	0	0	0	1	1	0	1	1	1	0	0
OG0018384	2	1	1	0	0	0	0	0	0	1	1	1	0	0	0	0	0
OG0018390	1	0	0	0	1	0	0	1	0	1	1	0	1	1	1	1	1
OG0018399	1	1	1	1	0	0	0	0	0	1	1	1	1	0	0	0	0
OG0018409	1	0	0	1	0	0	0	0	0	1	1	0	1	0	0	0	0
OG0018436	1	0	1	1	1	0	0	0	0	1	1	1	1	1	0	0	0
OG0018444	2	1	1	0	0	0	0	0	0	1	1	1	0	0	0	0	0
OG0018445	1	1	1	1	0	0	0	0	0	1	1	1	1	0	0	0	0
OG0018450	1	0	0	0	0	1	0	0	0	1	1	0	1	1	1	0	0
OG0018452	1	0	1	1	1	0	0	0	0	1	1	1	1	1	0	0	0
OG0018454	1	1	1	1	0	0	0	0	0	1	1	1	1	0	0	0	0
OG0018457	1	1	1	1	0	0	0	0	0	1	1	1	1	0	0	0	0
OG0018458	1	1	1	1	0	0	0	0	0	1	1	1	1	0	0	0	0
OG0018459	1	0	0	0	0	0	1	0	0	1	1	0	1	1	1	1	0
OG0018461	1	0	0	3	0	0	0	0	0	1	1	0	1	0	0	0	0
OG0018464	1	1	1	1	0	0	0	0	0	1	1	1	1	0	0	0	0
OG0018465	1	0	1	0	0	1	0	0	0	1	1	1	1	1	1	0	0
OG0018467	1	0	1	0	2	0	0	0	0	1	1	1	1	1	0	0	0
OG0019358	1	0	0	0	2	0	0	0	0	1	1	0	1	1	0	0	0
OG0019359	1	1	0	1	0	0	0	0	0	1	1	1	1	0	0	0	0
OG0019366	2	0	0	0	1	0	0	0	0	1	1	0	1	1	0	0	0
OG0019370	1	0	0	1	1	0	0	0	0	1	1	0	1	1	0	0	0
OG0019373	2	0	0	1	0	0	0	0	0	1	1	0	1	0	0	0	0
OG0019377	2	0	1	0	0	0	0	0	0	1	1	1	0	0	0	0	0
OG0019380	1	0	0	1	1	0	0	0	0	1	1	0	1	1	0	0	0
OG0019382	2	0	0	1	0	0	0	0	0	1	1	0	1	0	0	0	0
OG0019384	2	1	0	0	0	0	0	0	0	1	1	1	0	0	0	0	0
OG0019385	1	0	0	0	1	0	0	0	0	1	1	0	1	1	0	0	0
OG0019386	2	0	0	0	1	0	0	0	0	1	1	0	1	1	0	0	0
OG0019387	1	0	0	2	0	0	0	0	0	1	1	0	1	0	0	0	0
OG0019390	1	1	1	0	0	0	0	0	0	1	1	1	0	0	0	0	0
OG0019391	1	1	1	0	0	0	0	0	0	1	1	1	0	0	0	0	0
OG0019392	1	0	2	0	0	0	0	0	0	1	1	1	0	0	0	0	0
OG0019393	2	0	0	1	0	0	0	0	0	1	1	0	1	0	0	0	0
OG0019394	1	1	1	0	0	0	0	0	0	1	1	1	0	0	0	0	0
OG0019395	1	2	0	0	0	0	0	0	0	1	1	1	0	0	0	0	0
OG0019396	1	1	1	0	0	0	0	0	0	1	1	1	0	0	0	0	0
OG0019397	1	0	1	1	0	0	0	0	0	1	1	1	1	0	0	0	0
OG0019398	1	0	1	0	1	0	0	0	0	1	1	1	1	1	0	0	0
OG0019399	1	0	0	1	0	0	0	0	0	1	1	0	1	0	0	0	0
OG0019400	1	1	0	1	0	0	0	0	0	1	1	1	1	0	0	0	0
OG0019409	2	0	0	1	0	0	0	0	0	1	1	0	1	0	0	0	0
OG0019420	2	0	0	1	0	0	0	0	0	1	1	0	1	0	0	0	0
OG0019444	1	0	1	0	1	0	0	0	0	1	1	1	1	1	0	0	0
OG0019451	1	1	0	1	0	0	0	0	0	1	1	1	1	0	0	0	0
OG0019476	1	0	2	0	0	0	0	0	0	1	1	1	0	0	0	0	0
OG0019479	1	2	0	0	0	0	0	0	0	1	1	1	0	0	0	0	0
OG0019485	1	0	0	2	0	0	0	0	0	1	1	0	1	0	0	0	0
OG0019490	1	2	0	0	0	0	0	0	0	1	1	1	0	0	0	0	0
OG0019496	1	0	1	0	1	0	0	0	0	1	1	1	1	1	0	0	0
OG0019527	1	0	0	0	0	0	0	1	0	1	1	0	1	1	1	1	1
OG0019532	1	1	1	0	0	0	0	0	0	1	1	1	0	0	0	0	0
OG0019533	1	0	0	2	0	0	0	0	0	1	1	0	1	0	0	0	0
OG0019536	1	1	1	0	0	0	0	0	0	1	1	1	0	0	0	0	0
OG0019537	1	1	1	0	0	0	0	0	0	1	1	1	0	0	0	0	0
OG0019539	1	1	1	0	0	0	0	0	0	1	1	1	0	0	0	0	0
OG0021271	1	0	1	0	0	0	0	0	0	1	1	1	0	0	0	0	0
OG0021277	1	0	0	1	0	0	0	0	0	1	1	0	1	0	0	0	0
OG0021279	1	0	0	0	1	0	0	0	0	1	1	0	1	1	0	0	0
OG0021280	1	0	0	1	0	0	0	0	0	1	1	0	1	0	0	0	0
OG0021285	1	0	0	1	0	0	0	0	0	1	1	0	1	0	0	0	0
OG0021287	1	0	0	1	0	0	0	0	0	1	1	0	1	0	0	0	0
OG0021288	1	0	1	0	0	0	0	0	0	1	1	1	0	0	0	0	0
OG0021294	1	0	0	0	1	0	0	0	0	1	1	0	1	1	0	0	0
OG0021295	1	0	1	0	0	0	0	0	0	1	1	1	0	0	0	0	0
OG0021298	1	0	0	0	1	0	0	0	0	1	1	0	1	1	0	0	0
OG0021299	1	1	0	0	0	0	0	0	0	1	1	1	0	0	0	0	0
OG0021301	1	0	0	1	0	0	0	0	0	1	1	0	1	0	0	0	0
OG0021302	1	0	0	1	0	0	0	0	0	1	1	0	1	0	0	0	0
OG0021304	1	0	0	1	0	0	0	0	0	1	1	0	1	0	0	0	0
OG0021305	1	1	0	0	0	0	0	0	0	1	1	1	0	0	0	0	0
OG0021306	1	0	0	0	1	0	0	0	0	1	1	0	1	1	0	0	0
OG0021307	1	0	1	0	0	0	0	0	0	1	1	1	0	0	0	0	0
OG0021308	1	1	0	0	0	0	0	0	0	1	1	1	0	0	0	0	0
OG0021309	1	0	0	1	0	0	0	0	0	1	1	0	1	0	0	0	0
OG0021311	1	0	0	1	0	0	0	0	0	1	1	0	1	0	0	0	0
OG0021312	1	0	0	1	0	0	0	0	0	1	1	0	1	0	0	0	0
OG0021313	1	0	0	1	0	0	0	0	0	1	1	0	1	0	0	0	0
OG0021340	1	0	0	1	0	0	0	0	0	1	1	0	1	0	0	0	0
OG0021394	1	0	1	0	0	0	0	0	0	1	1	1	0	0	0	0	0
OG0021451	1	0	0	1	0	0	0	0	0	1	1	0	1	0	0	0	0
OG0021469	1	0	0	1	0	0	0	0	0	1	1	0	1	0	0	0	0
OG0021505	1	1	0	0	0	0	0	0	0	1	1	1	0	0	0	0	0
OG0021510	1	0	0	1	0	0	0	0	0	1	1	0	1	0	0	0	0
OG0021521	1	0	1	0	0	0	0	0	0	1	1	1	0	0	0	0	0
OG0021563	1	0	1	0	0	0	0	0	0	1	1	1	0	0	0	0	0
OG0021728	1	1	0	0	0	0	0	0	0	1	1	1	0	0	0	0	0
OG0021755	1	0	1	0	0	0	0	0	0	1	1	1	0	0	0	0	0
OG0021762	1	1	0	0	0	0	0	0	0	1	1	1	0	0	0	0	0
OG0021794	1	0	0	1	0	0	0	0	0	1	1	0	1	0	0	0	0
OG0021809	1	0	0	1	0	0	0	0	0	1	1	0	1	0	0	0	0
OG0021815	1	0	0	1	0	0	0	0	0	1	1	0	1	0	0	0	0
OG0021823	1	0	0	0	1	0	0	0	0	1	1	0	1	1	0	0	0
