Family ID	0.0751699	0.612281	2.31255	
OG0000024	1.2697e-86	4.46108e-42	4.38003e-24	
OG0000027	5.02754e-131	3.4314e-72	1.4568e-43	
OG0000032	3.60479e-76	2.75588e-41	7.90168e-26	
OG0000035	9.16242e-59	1.36564e-30	1.23582e-19	
OG0000036	1.71747e-72	4.88406e-36	1.46902e-22	
OG0000038	4.73785e-60	1.19281e-31	4.03462e-20	
OG0000044	1.19984e-203	7.4608e-119	1.47578e-72	
OG0000046	5.74297e-97	1.9081e-50	1.28634e-28	
OG0000050	4.40802e-67	5.63318e-37	1.02527e-22	
OG0000051	3.03332e-84	5.34973e-45	1.56303e-26	
OG0000055	1.08501e-73	5.43661e-43	1.60751e-26	
OG0000056	2.40131e-110	6.94911e-56	9.93111e-32	
OG0000063	4.35909e-63	2.51069e-35	5.43883e-22	
OG0000067	1.3991e-56	2.38012e-30	7.52254e-19	
OG0000069	2.21257e-58	5.68925e-31	7.8714e-20	
OG0000070	1.56667e-40	4.26412e-24	6.9087e-17	
OG0000071	1.30969e-39	6.87692e-22	4.67404e-15	
OG0000073	3.68968e-54	2.74806e-27	4.71417e-19	
OG0000074	5.84497e-63	2.38815e-37	2.05773e-24	
OG0000075	2.74914e-47	2.68857e-26	2.33136e-17	
OG0000077	5.79897e-45	5.91991e-25	1.1466e-16	
OG0000080	1.11621e-49	9.25098e-28	7.88243e-18	
OG0000082	2.18733e-50	6.68968e-28	1.12255e-18	
OG0000083	2.33022e-50	2.60657e-27	3.41146e-17	
OG0000092	3.45793e-50	3.89203e-29	1.05566e-19	
OG0000094	5.26247e-78	4.54053e-39	1.07604e-23	
OG0000096	1.01886e-60	3.99771e-34	9.83744e-21	
OG0000099	1.37647e-58	1.11245e-35	4.09258e-23	
OG0000102	1.19348e-116	1.59977e-63	1.1078e-38	
OG0000105	4.80581e-37	2.12576e-23	7.14106e-17	
OG0000106	1.54944e-42	2.71236e-24	1.16977e-16	
OG0000121	6.75846e-83	1.67984e-50	4.04683e-33	
OG0000128	1.15109e-35	7.29449e-22	1.06192e-15	
OG0000129	1.95268e-71	2.90573e-43	8.80949e-30	
OG0000130	1.81002e-41	3.13647e-25	4.6693e-17	
OG0000136	3.23566e-56	9.70889e-36	4.83442e-24	
OG0000137	7.91366e-56	2.46864e-33	6.47119e-23	
OG0000138	1.20414e-196	4.49796e-114	3.42713e-66	
OG0000142	2.27778e-32	2.86775e-20	5.57716e-15	
OG0000144	1.53382e-35	6.34647e-21	5.10364e-15	
OG0000145	1.16996e-60	5.86665e-38	1.73938e-25	
OG0000146	3.12429e-54	2.39203e-33	6.20495e-22	
OG0000147	1.20787e-176	8.69284e-107	4.87135e-67	
OG0000148	2.92699e-34	1.07701e-23	7.1128e-18	
OG0000149	7.5676e-59	1.60042e-35	2.0778e-22	
OG0000150	1.57059e-40	1.19936e-23	1.21205e-15	
OG0000152	2.58859e-56	8.75955e-38	6.59912e-28	
OG0000153	2.33633e-97	4.19599e-61	6.17726e-39	
OG0000154	3.66385e-46	1.82252e-28	6.48692e-19	
OG0000156	1.10666e-53	2.43887e-29	2.57757e-18	
OG0000159	2.7462e-54	1.90669e-32	2.29503e-21	
OG0000165	9.50678e-74	1.73783e-41	1.49117e-24	
OG0000166	4.73813e-21	1.1847e-13	7.34203e-12	
OG0000168	7.40047e-45	4.88995e-27	1.48754e-17	
OG0000169	8.91249e-42	5.2948e-26	6.52861e-18	
OG0000170	0	4.14501e-206	3.52245e-132	
OG0000174	4.64397e-67	3.34595e-38	4.02687e-24	
OG0000177	1.11087e-65	1.07202e-39	1.64945e-25	
OG0000178	1.80874e-173	4.41415e-111	1.53635e-73	
OG0000182	2.1579e-62	1.43736e-34	5.76924e-21	
OG0000183	2.68451e-49	7.94995e-29	4.1654e-19	
OG0000185	1.08247e-27	1.72783e-18	3.27733e-14	
OG0000192	1.1536e-43	2.26952e-25	6.78705e-17	
OG0000196	1.52727e-66	8.5214e-37	6.92762e-23	
OG0000198	2.64938e-58	6.28667e-36	1.62744e-24	
OG0000199	7.90258e-50	2.02897e-30	3.05791e-20	
OG0000202	5.44268e-142	3.90365e-87	1.90107e-56	
OG0000206	2.39675e-146	8.82907e-89	2.38482e-54	
OG0000207	1.05206e-19	3.19576e-13	2.11071e-11	
OG0000210	5.42274e-28	5.11658e-17	6.62081e-13	
OG0000211	1.1188e-32	2.93928e-21	1.83231e-15	
OG0000212	1.32905e-78	3.90689e-47	5.37231e-29	
OG0000214	1.90227e-23	4.1658e-17	1.72547e-14	
OG0000215	2.1567e-58	4.6109e-37	4.95744e-26	
OG0000216	2.40529e-40	1.98295e-22	7.42922e-15	
OG0000219	2.89618e-99	5.01575e-55	6.24896e-35	
OG0000222	9.02038e-74	2.32081e-41	8.00023e-25	
OG0000223	1.14212e-41	1.20439e-23	6.52039e-16	
OG0000224	5.17663e-161	1.13594e-102	1.13421e-67	
OG0000228	1.83988e-55	8.84544e-34	1.14091e-22	
OG0000229	4.59055e-92	2.85628e-52	6.12621e-33	
OG0000231	2.85145e-48	4.61429e-29	4.11546e-19	
OG0000234	6.38367e-28	2.18419e-18	9.16121e-14	
OG0000235	6.6409e-25	2.10018e-15	7.09224e-12	
OG0000237	2.49051e-73	7.52059e-48	1.20405e-32	
OG0000238	2.7335e-41	7.20873e-24	3.84398e-16	
OG0000243	1.42804e-174	1.75523e-103	1.56688e-64	
OG0000245	1.26722e-28	4.00803e-19	1.63677e-14	
OG0000247	1.36317e-56	4.2128e-32	1.27757e-20	
OG0000248	1.12095e-22	8.68574e-16	1.26498e-12	
OG0000253	1.2671e-33	1.39251e-21	8.71769e-16	
OG0000254	1.31686e-38	1.53748e-25	1.61585e-18	
OG0000255	2.64824e-60	1.30572e-35	7.05646e-24	
OG0000257	1.12865e-28	5.86723e-19	3.30816e-14	
OG0000258	1.04021e-33	1.02869e-19	1.29157e-13	
OG0000259	1.18972e-36	8.5063e-22	6.95493e-15	
OG0000260	9.60225e-236	3.68153e-156	9.77212e-106	
OG0000263	2.12778e-40	1.90724e-25	4.8227e-18	
OG0000265	3.06077e-34	8.54369e-22	1.86234e-15	
OG0000269	8.49251e-53	6.54133e-33	1.6718e-22	
OG0000270	1.00745e-26	4.99607e-17	1.50163e-13	
OG0000272	1.69227e-27	3.77661e-17	4.97231e-13	
OG0000273	4.76466e-29	2.03281e-18	5.77138e-14	
OG0000274	5.34144e-29	1.94839e-18	1.17241e-13	
OG0000275	9.609e-37	4.00947e-21	1.5498e-14	
OG0000278	4.74267e-30	2.13334e-18	1.90624e-13	
OG0000284	1.18591e-38	7.49565e-25	7.80747e-17	
OG0000286	4.00861e-35	4.67973e-22	1.93123e-15	
OG0000287	6.20039e-50	1.45312e-30	2.52328e-20	
OG0000288	2.0274e-35	3.4073e-23	5.83733e-17	
OG0000289	4.15261e-36	2.57096e-23	6.13724e-17	
OG0000291	1.02437e-50	3.55194e-31	7.327e-21	
OG0000292	5.15429e-55	2.60139e-34	4.84663e-24	
OG0000293	2.13127e-22	3.08496e-13	8.82801e-11	
OG0000295	2.7038e-29	5.11798e-18	3.75954e-13	
OG0000298	7.12062e-36	3.6127e-23	2.92735e-16	
OG0000299	1.60024e-36	2.03955e-22	6.41717e-16	
OG0000300	1.75201e-49	3.8306e-32	1.55308e-23	
OG0000301	3.78106e-37	2.63402e-24	4.46942e-17	
OG0000302	1.00731e-41	2.69195e-26	5.53366e-18	
OG0000303	1.36676e-39	1.35231e-24	6.3659e-17	
OG0000307	3.45182e-59	1.66579e-35	2.24028e-23	
OG0000308	6.18458e-30	3.10356e-20	2.94759e-15	
OG0000313	1.12101e-18	6.95284e-13	4.09926e-11	
OG0000314	2.65851e-19	4.06462e-14	6.97412e-12	
OG0000316	4.81601e-34	6.82494e-21	1.65725e-14	
OG0000317	8.69864e-111	9.48183e-70	2.38162e-44	
OG0000321	9.08191e-35	1.20411e-20	1.85192e-14	
OG0000322	1.39447e-29	8.64993e-20	2.16344e-14	
OG0000323	2.87106e-24	2.35863e-17	7.3102e-14	
OG0000324	9.31446e-38	4.2198e-25	9.88976e-18	
OG0000328	5.01224e-25	9.99422e-15	2.59684e-11	
OG0000329	3.64579e-29	1.16302e-18	1.7753e-13	
OG0000330	7.31704e-20	8.89335e-15	1.06898e-12	
OG0000331	7.25462e-22	2.28358e-13	4.00185e-11	
OG0000332	2.02051e-29	1.50427e-20	7.0472e-17	
OG0000333	2.38368e-37	2.4053e-25	1.67091e-18	
OG0000336	3.50445e-17	2.36221e-12	6.51063e-11	
OG0000337	1.24141e-24	1.27949e-17	5.58638e-14	
OG0000338	1.96101e-22	2.90567e-15	3.29331e-12	
OG0000339	9.41703e-28	5.09594e-18	6.69177e-14	
OG0000344	6.75562e-168	2.77243e-93	1.62423e-52	
OG0000345	1.21132e-36	1.50524e-22	1.44787e-15	
OG0000351	2.17432e-131	5.57527e-84	4.45494e-56	
OG0000352	2.20006e-28	3.60146e-18	5.22525e-13	
OG0000359	2.41525e-15	2.39338e-10	1.48843e-09	
OG0000360	2.40745e-35	2.86426e-23	3.87714e-16	
OG0000361	9.19181e-20	8.8304e-13	8.36121e-11	
OG0000362	3.11563e-44	1.49331e-26	1.6524e-17	
OG0000363	1.80962e-32	4.6343e-20	2.94206e-14	
OG0000364	8.36982e-26	2.69518e-15	1.15909e-11	
OG0000365	6.80519e-26	5.37303e-17	1.19232e-12	
OG0000366	1.45506e-17	1.89121e-13	1.16799e-11	
OG0000370	9.32035e-58	2.66493e-37	9.30292e-25	
OG0000371	1.15578e-29	2.70926e-20	7.37863e-15	
OG0000372	7.77364e-26	8.02491e-16	7.88866e-12	
OG0000375	2.74343e-133	2.17695e-83	4.70495e-54	
OG0000376	4.40261e-37	6.22279e-23	7.14602e-16	
OG0000377	9.04537e-22	3.3424e-15	5.44338e-13	
OG0000378	3.04264e-27	8.425e-19	4.76332e-14	
OG0000379	2.88867e-47	4.04966e-29	1.94545e-19	
OG0000383	4.94347e-21	1.68456e-14	5.9659e-12	
OG0000384	1.01337e-31	5.81987e-20	3.982e-14	
OG0000385	4.04228e-28	1.6202e-18	1.99088e-13	
OG0000386	9.57243e-30	2.7312e-19	2.43741e-14	
OG0000387	8.0561e-38	5.615e-26	2.23235e-19	
OG0000388	4.74184e-28	4.01891e-18	1.02988e-13	
OG0000397	1.92393e-47	1.21762e-31	1.7304e-22	
OG0000405	2.87815e-16	1.07089e-10	1.02025e-09	
OG0000406	1.12491e-20	6.71358e-14	2.86408e-11	
OG0000407	1.07399e-28	1.15936e-18	5.61039e-14	
OG0000408	1.59705e-20	1.96587e-14	9.63603e-12	
OG0000415	1.98798e-169	1.06187e-100	1.20906e-60	
OG0000416	1.06033e-25	3.11472e-16	7.48625e-13	
OG0000417	9.04692e-183	2.21289e-110	5.49155e-67	
OG0000418	2.1544e-21	3.84333e-14	8.29225e-12	
OG0000419	7.16718e-34	1.5881e-22	1.28186e-16	
OG0000422	3.18625e-28	9.11969e-19	3.54358e-14	
OG0000423	1.20381e-18	2.24124e-12	4.08898e-10	
OG0000424	1.42311e-19	4.25224e-12	7.40809e-10	
OG0000425	2.50016e-26	6.10495e-17	9.06788e-13	
OG0000428	1.77339e-146	1.51231e-91	2.20399e-60	
OG0000429	2.99596e-26	4.1677e-18	3.85005e-14	
OG0000430	6.44142e-120	6.07526e-55	4.01557e-27	
OG0000431	3.83132e-21	5.62902e-14	3.22763e-11	
OG0000433	3.47946e-38	6.78275e-24	2.95614e-16	
OG0000434	6.73131e-15	5.12421e-12	4.56886e-11	
OG0000435	2.15268e-28	1.38712e-18	1.19129e-13	
OG0000436	4.41517e-22	8.69569e-14	7.1898e-11	
OG0000440	2.76122e-28	1.02296e-18	3.37062e-14	
OG0000441	4.62946e-25	2.73983e-17	1.65609e-13	
OG0000442	5.18053e-24	1.81861e-16	3.3371e-13	
OG0000443	9.82173e-24	1.30126e-15	7.88467e-12	
OG0000444	5.78043e-25	2.23915e-16	1.24481e-12	
OG0000445	3.95814e-13	2.30646e-09	3.69134e-09	
OG0000447	2.29342e-63	4.83097e-38	4.98636e-24	
OG0000448	4.04588e-36	4.41339e-24	7.75113e-18	
OG0000449	5.96523e-46	8.57951e-31	4.15333e-22	
OG0000453	1.49466e-93	2.88246e-53	3.88783e-32	
OG0000454	7.9487e-40	7.12301e-24	3.19863e-16	
OG0000455	1.56507e-15	1.4769e-11	3.1447e-10	
OG0000460	1.24405e-23	3.53497e-15	1.39844e-11	
OG0000461	5.08546e-13	2.60329e-11	9.66621e-11	
OG0000462	9.35553e-38	1.23537e-23	1.79851e-16	
OG0000466	1.28832e-15	1.83014e-11	5.80404e-11	
OG0000467	1.28836e-24	5.87382e-17	8.99637e-14	
OG0000468	4.28239e-35	1.70045e-21	7.50426e-15	
OG0000469	1.68341e-14	2.62028e-10	1.14346e-09	
OG0000470	4.97188e-22	1.51982e-14	3.70735e-12	
OG0000474	8.65591e-98	1.28633e-64	1.46149e-44	
OG0000475	1.11717e-49	7.77007e-32	8.60379e-22	
OG0000476	7.48546e-29	3.65986e-18	5.58338e-13	
OG0000479	5.06543e-25	3.44691e-17	6.10714e-13	
OG0000480	1.40758e-13	5.82261e-10	1.95768e-09	
OG0000481	7.4383e-20	4.31423e-13	1.80901e-10	
OG0000482	2.80226e-27	2.57143e-18	1.09189e-13	
OG0000488	2.79156e-71	5.85184e-48	9.17991e-34	
OG0000489	8.8307e-63	2.98013e-42	1.74471e-29	
OG0000490	4.79203e-16	2.72839e-12	5.79937e-11	
OG0000491	1.85865e-26	3.0728e-17	2.8781e-13	
OG0000492	4.17142e-37	2.88979e-24	2.07077e-17	
OG0000496	1.23294e-29	7.04869e-20	1.32888e-14	
OG0000497	2.30841e-16	6.3728e-11	1.15891e-09	
OG0000498	3.39302e-14	8.47886e-10	2.00846e-09	
OG0000499	1.75553e-28	2.84066e-18	2.69809e-13	
OG0000500	2.80136e-34	1.11102e-21	3.23648e-15	
OG0000502	5.92903e-24	1.36731e-17	2.90429e-14	
OG0000503	3.6591e-31	9.43237e-22	1.25916e-16	
OG0000504	3.56083e-26	9.0034e-16	1.8599e-11	
OG0000511	1.33323e-22	5.99129e-16	2.57385e-12	
OG0000512	1.68689e-21	3.66499e-15	3.20756e-12	
OG0000513	6.97445e-17	1.68936e-12	8.00687e-11	
OG0000514	1.77732e-10	6.92815e-09	2.41776e-09	
OG0000515	3.79829e-18	1.73544e-12	5.95711e-11	
OG0000517	3.2193e-143	3.08932e-86	1.24435e-53	
OG0000519	6.15661e-11	1.06142e-08	4.57867e-09	
OG0000520	1.46047e-37	1.22173e-24	1.10807e-17	
OG0000521	7.81433e-15	6.37867e-12	8.13355e-11	
OG0000527	8.84193e-43	2.13923e-25	8.05822e-17	
OG0000528	2.80338e-22	5.48772e-14	7.41005e-11	
OG0000529	2.72763e-13	1.01345e-09	3.02977e-09	
OG0000530	1.17747e-75	5.73394e-43	8.54724e-27	
OG0000531	3.36928e-16	6.30278e-11	2.31493e-09	
OG0000532	7.71154e-17	2.46358e-12	8.97947e-11	
OG0000539	1.32527e-21	1.63987e-14	1.29075e-11	
OG0000540	4.8472e-17	4.85586e-11	1.12314e-09	
OG0000541	5.90742e-18	1.17869e-12	4.44445e-11	
OG0000542	2.79991e-13	3.89155e-10	1.57308e-09	
OG0000543	9.4763e-19	1.76501e-14	4.27551e-12	
OG0000544	8.60914e-35	3.51493e-24	6.95736e-19	
OG0000545	2.27535e-30	8.94465e-18	1.20363e-12	
OG0000546	5.06995e-15	1.2595e-11	2.51771e-10	
OG0000547	1.63463e-18	3.91282e-12	2.79746e-10	
OG0000548	2.48384e-22	2.08892e-16	1.56267e-13	
OG0000549	1.06618e-16	1.80853e-11	2.8701e-10	
OG0000550	7.53028e-31	2.08467e-19	7.35797e-14	
OG0000551	5.67624e-27	3.43423e-19	6.47714e-16	
OG0000552	1.95239e-19	9.814e-12	1.5971e-09	
OG0000559	1.51509e-21	6.45422e-14	8.78939e-11	
OG0000560	1.29682e-15	6.67137e-12	1.44168e-10	
OG0000561	3.1525e-17	5.39588e-12	4.41825e-11	
OG0000562	3.79335e-29	1.55329e-19	3.37594e-14	
OG0000563	1.10303e-31	6.9187e-21	5.4965e-15	
OG0000571	1.36373e-20	2.6538e-13	1.86832e-10	
OG0000572	2.90858e-50	1.77961e-32	4.31576e-22	
OG0000573	6.4924e-09	1.10679e-07	1.56135e-08	
OG0000582	8.50603e-49	3.64843e-32	2.70696e-23	
OG0000586	2.76598e-37	4.66746e-24	9.90624e-17	
OG0000587	2.50801e-17	3.33742e-12	1.5611e-10	
OG0000588	2.31192e-19	4.75547e-14	2.25071e-11	
OG0000589	3.64912e-38	1.07738e-25	3.63834e-19	
OG0000590	1.86306e-17	5.50451e-12	2.55584e-10	
OG0000597	2.21602e-60	1.96379e-39	2.16281e-27	
OG0000598	4.45579e-09	2.78065e-08	8.6297e-09	
OG0000599	2.12755e-28	9.80438e-20	2.28409e-15	
OG0000601	1.32132e-15	1.91456e-12	5.37799e-11	
OG0000602	2.35718e-08	9.22047e-08	1.75276e-08	
OG0000603	4.41471e-30	4.10978e-20	7.59915e-15	
OG0000604	2.33657e-28	5.64795e-19	9.4915e-14	
OG0000605	1.3787e-21	1.01001e-13	1.55276e-10	
OG0000606	3.70751e-17	6.36114e-12	1.99927e-10	
OG0000611	5.76105e-21	1.5997e-15	4.85666e-13	
OG0000612	7.11376e-78	3.87053e-46	1.0199e-28	
OG0000613	3.58501e-24	1.8926e-16	1.41515e-12	
OG0000614	5.96507e-17	6.69343e-12	3.01069e-10	
OG0000618	1.46834e-20	4.09148e-14	1.36944e-11	
OG0000619	1.32646e-18	2.83188e-12	7.45147e-10	
OG0000620	7.02099e-34	2.37191e-20	2.63903e-14	
OG0000621	5.5474e-27	3.64817e-18	1.08894e-13	
OG0000622	4.04171e-41	6.34342e-26	5.09088e-18	
OG0000623	1.12484e-20	9.8054e-14	9.5805e-11	
OG0000624	8.90528e-10	7.45138e-08	2.48668e-08	
OG0000636	1.84381e-127	1.19471e-82	4.83561e-55	
OG0000637	3.16316e-15	1.01346e-10	1.26325e-09	
OG0000638	2.02705e-16	1.90954e-11	1.75341e-09	
OG0000639	1.89858e-10	1.43797e-09	1.2529e-09	
OG0000640	1.08674e-17	1.0546e-11	4.14317e-10	
OG0000642	3.23715e-21	9.05794e-15	5.19678e-12	
OG0000643	2.56534e-17	4.92425e-12	6.19924e-10	
OG0000644	3.82189e-33	2.95209e-21	3.09249e-15	
OG0000649	2.5571e-19	6.61299e-13	1.31988e-10	
OG0000650	4.15465e-12	1.64294e-09	5.16502e-09	
OG0000651	1.36618e-27	2.47939e-17	5.73771e-13	
OG0000652	1.13729e-21	5.07315e-14	7.92838e-11	
OG0000658	2.78506e-17	2.21471e-13	9.71284e-12	
OG0000660	4.39526e-12	3.9775e-10	8.22157e-10	
OG0000661	8.96976e-09	2.72647e-07	2.07308e-08	
OG0000662	5.06591e-26	1.42629e-18	3.18165e-15	
OG0000663	3.14583e-25	8.38381e-17	1.54729e-12	
OG0000664	1.63179e-23	2.07268e-15	1.15506e-11	
OG0000665	7.56571e-19	1.29272e-12	2.08665e-10	
OG0000666	7.50212e-13	5.52321e-09	1.14326e-08	
OG0000667	4.10217e-13	1.74781e-10	8.88766e-10	
OG0000668	1.61368e-11	1.70662e-08	3.18169e-08	
OG0000669	1.97449e-12	6.09511e-09	1.32617e-08	
OG0000676	1.90583e-17	7.54599e-13	6.1496e-11	
OG0000677	2.17959e-11	2.81344e-08	3.73464e-08	
OG0000678	4.38526e-26	2.99942e-18	5.86476e-14	
OG0000679	2.6652e-11	1.2754e-08	1.19896e-08	
OG0000680	7.36883e-11	2.38141e-08	1.55204e-08	
OG0000681	4.23051e-20	6.8698e-14	3.55393e-11	
OG0000682	2.62615e-16	1.55526e-12	7.34462e-11	
OG0000683	8.2229e-25	2.89474e-18	2.61142e-15	
OG0000690	1.08595e-37	1.47486e-25	5.21909e-18	
OG0000691	3.1628e-12	4.62686e-10	1.90431e-09	
OG0000692	2.82997e-08	4.96287e-07	4.82558e-08	
OG0000693	9.1615e-10	1.27058e-07	3.22826e-08	
OG0000694	1.20322e-12	1.92205e-09	6.46046e-09	
OG0000695	2.99649e-28	1.83695e-17	1.91285e-12	
OG0000696	7.06753e-14	1.59722e-10	1.24147e-09	
OG0000703	6.75984e-16	1.83157e-10	6.98439e-09	
OG0000705	1.68486e-14	2.07758e-11	3.33737e-10	
OG0000706	2.67568e-31	2.82202e-21	1.04133e-15	
OG0000707	5.56258e-08	3.11856e-07	2.39069e-08	
OG0000708	5.10627e-97	1.11346e-44	1.30856e-21	
OG0000709	4.41666e-34	4.20248e-24	5.40316e-18	
OG0000710	1.04068e-06	3.68691e-07	1.24275e-08	
OG0000711	3.32187e-19	1.38338e-12	3.31195e-10	
OG0000712	6.06165e-21	2.73954e-15	2.21923e-12	
OG0000721	1.16438e-16	1.09951e-11	4.75293e-10	
OG0000722	1.82006e-12	5.96936e-10	2.04136e-09	
OG0000723	2.14409e-18	1.08205e-12	2.16872e-10	
OG0000724	8.36265e-12	5.86673e-09	1.35663e-08	
OG0000725	4.6551e-10	4.20219e-08	5.69867e-09	
OG0000726	1.40645e-10	1.29961e-08	9.82487e-09	
OG0000727	2.7656e-23	2.50287e-16	2.91234e-12	
OG0000734	8.30137e-11	4.24428e-08	3.59545e-08	
OG0000735	1.6938e-12	7.86785e-11	4.05828e-10	
OG0000736	9.95423e-21	3.31334e-15	6.05e-13	
OG0000737	2.47032e-21	4.71877e-16	2.0415e-13	
OG0000738	1.37889e-21	1.15739e-14	2.76946e-11	
OG0000739	1.24414e-12	1.56426e-10	1.62146e-09	
OG0000740	1.27553e-22	7.74118e-17	1.0241e-13	
OG0000741	2.10908e-14	1.99571e-09	2.85304e-08	
OG0000742	7.49146e-17	6.25841e-12	5.05418e-10	
OG0000743	1.17517e-11	1.40415e-08	3.57598e-08	
OG0000744	3.35016e-17	1.78075e-12	2.75763e-10	
OG0000745	1.20678e-16	3.82537e-12	1.21007e-10	
OG0000746	6.1526e-15	2.5519e-10	5.24283e-09	
OG0000747	1.62653e-14	1.20309e-09	1.60827e-08	
OG0000762	3.99007e-11	1.47888e-08	1.59943e-08	
OG0000763	2.82099e-20	8.50835e-14	6.31562e-11	
OG0000764	1.12731e-20	8.42897e-14	4.07562e-11	
OG0000765	2.19929e-08	7.87962e-07	1.03436e-07	
OG0000766	3.9999e-18	3.87926e-13	2.81372e-11	
OG0000767	2.92013e-17	1.21553e-11	1.36069e-09	
OG0000768	2.78169e-10	1.89305e-08	1.19141e-08	
OG0000769	1.53395e-17	9.28514e-12	9.46813e-10	
OG0000770	1.67811e-22	7.36613e-16	1.0374e-12	
OG0000771	6.06523e-16	6.45177e-12	5.41091e-10	
OG0000772	2.00753e-11	2.41584e-08	2.91861e-08	
OG0000773	7.96923e-11	7.32135e-08	8.09012e-08	
OG0000774	3.18504e-30	3.13503e-21	4.57615e-16	
OG0000775	8.51602e-36	3.35362e-24	7.57267e-18	
OG0000786	1.67571e-72	1.97162e-47	4.61124e-32	
OG0000787	1.97662e-24	1.31668e-14	5.22276e-11	
OG0000788	7.29177e-20	1.36325e-13	5.90372e-11	
OG0000789	1.11212e-16	5.57398e-12	4.42755e-10	
OG0000790	1.73914e-22	1.20574e-15	1.79719e-12	
OG0000791	9.33824e-19	3.64866e-13	2.52621e-11	
OG0000792	1.04639e-09	1.84909e-08	6.80872e-09	
OG0000793	5.49512e-13	3.27042e-09	1.56456e-08	
OG0000794	2.68853e-33	6.09169e-23	1.80248e-16	
OG0000795	4.25045e-13	1.62696e-09	4.83253e-09	
OG0000796	1.65426e-17	2.06897e-12	2.57188e-10	
OG0000797	6.8276e-20	3.13744e-14	7.36446e-12	
OG0000798	5.65226e-13	9.33704e-10	9.70965e-09	
OG0000809	4.99028e-09	1.84783e-07	3.37192e-08	
OG0000810	9.5173e-22	2.74171e-15	1.25943e-12	
OG0000811	4.53649e-12	7.50921e-11	2.47843e-10	
OG0000812	2.5531e-11	1.35123e-09	4.83821e-09	
OG0000813	6.44566e-12	6.9063e-09	2.85538e-08	
OG0000814	1.24155e-19	7.22691e-14	3.27433e-11	
OG0000815	8.46947e-09	5.43041e-07	1.60142e-07	
OG0000816	2.83892e-24	6.09657e-17	9.01184e-14	
OG0000817	8.51068e-14	1.69513e-09	1.67858e-08	
OG0000818	1.66655e-11	1.53591e-08	3.95125e-08	
OG0000819	6.44184e-20	3.95561e-14	1.29231e-11	
OG0000820	5.91866e-73	1.1752e-42	5.1258e-26	
OG0000821	1.78502e-20	7.80558e-15	1.14003e-11	
OG0000835	8.07334e-10	1.17531e-08	3.40395e-09	
OG0000836	3.65697e-122	4.9648e-77	1.62968e-48	
OG0000837	5.01253e-19	1.21403e-13	2.13886e-11	
OG0000838	5.59888e-10	1.06435e-07	4.72674e-08	
OG0000839	4.1349e-06	5.56442e-06	1.90769e-07	
OG0000840	7.79638e-11	1.5382e-08	1.41353e-08	
OG0000841	3.78893e-20	1.70086e-14	1.81356e-11	
OG0000842	5.09239e-10	1.55232e-07	1.1718e-07	
OG0000843	1.47476e-13	1.31872e-09	1.28592e-08	
OG0000850	2.15759e-15	3.38299e-11	3.18485e-10	
OG0000851	1.37399e-09	5.45466e-09	3.30053e-09	
OG0000852	1.7506e-10	1.08332e-08	1.6062e-08	
OG0000853	7.59854e-22	3.40852e-15	8.70036e-12	
OG0000854	2.53809e-10	6.4749e-09	4.173e-09	
OG0000855	5.82038e-11	6.80046e-08	9.61192e-08	
OG0000856	3.43264e-15	5.91965e-12	2.86386e-10	
OG0000857	1.14854e-08	4.04762e-07	8.61845e-08	
OG0000858	1.40347e-18	1.29949e-12	1.25643e-10	
OG0000859	4.46145e-19	7.07163e-14	9.30155e-12	
OG0000874	3.26896e-16	7.41886e-13	2.34629e-11	
OG0000875	1.13291e-22	5.60164e-16	1.14305e-12	
OG0000876	4.60107e-14	1.03305e-09	1.1229e-08	
OG0000877	1.2953e-10	1.75099e-08	2.34093e-08	
OG0000878	1.47145e-29	1.53541e-20	3.85087e-15	
OG0000879	4.73828e-10	1.94129e-07	7.45983e-08	
OG0000880	2.6409e-08	1.06855e-07	3.28122e-08	
OG0000881	1.02287e-15	1.08359e-10	9.31123e-10	
OG0000882	2.30372e-18	1.3345e-13	3.34187e-11	
OG0000883	3.45221e-15	1.18038e-11	4.64727e-10	
OG0000884	1.76108e-15	1.59003e-10	3.79526e-09	
OG0000885	1.96439e-24	3.17787e-17	2.93304e-13	
OG0000886	1.10317e-20	9.40888e-15	1.32137e-11	
OG0000887	8.47602e-24	5.41507e-16	2.37769e-12	
OG0000888	1.87499e-12	1.58706e-09	2.69512e-09	
OG0000889	1.83642e-61	2.32787e-38	1.1189e-24	
OG0000894	5.61454e-10	2.38395e-07	1.32777e-07	
OG0000895	5.78919e-12	3.02351e-09	1.01124e-08	
OG0000896	2.98552e-13	1.14961e-09	8.88892e-09	
OG0000897	2.04884e-07	4.16054e-07	4.07942e-08	
OG0000898	1.31851e-11	6.02099e-10	9.57345e-10	
OG0000899	9.95737e-34	7.10001e-24	1.21186e-17	
OG0000900	4.07737e-18	4.36174e-13	4.50948e-11	
OG0000901	4.22935e-11	4.19126e-08	6.67007e-08	
OG0000902	7.12294e-10	6.75277e-08	3.21521e-08	
OG0000903	4.16355e-11	1.65682e-09	2.42611e-09	
OG0000904	2.98262e-16	1.73148e-11	8.13676e-10	
OG0000905	3.70388e-11	5.37597e-09	1.53397e-08	
OG0000906	6.60275e-21	5.78655e-15	1.14652e-12	
OG0000907	1.01326e-41	5.67995e-29	3.32128e-21	
OG0000923	2.85105e-06	1.68032e-06	1.08033e-07	
OG0000924	1.13285e-21	7.32354e-14	4.71856e-11	
OG0000925	3.02637e-13	2.4127e-10	8.59748e-10	
OG0000926	1.81584e-21	1.1305e-15	2.06634e-12	
OG0000927	1.47596e-21	1.08164e-13	1.58165e-10	
OG0000928	3.74023e-13	9.07621e-10	6.53205e-09	
OG0000929	4.36569e-19	2.37371e-12	5.19989e-10	
OG0000930	1.4675e-09	6.14426e-07	2.7694e-07	
OG0000931	1.10407e-27	1.46249e-17	1.02815e-12	
OG0000932	2.87456e-27	1.31811e-18	7.05959e-14	
OG0000933	6.78384e-11	9.73692e-09	1.83006e-08	
OG0000934	4.38143e-14	1.61349e-09	2.34828e-08	
OG0000935	2.6004e-08	1.3911e-06	2.29906e-07	
OG0000936	5.19436e-05	3.07879e-05	4.8763e-07	
OG0000937	3.70531e-32	1.40801e-20	1.36913e-14	
OG0000938	5.0348e-14	1.1071e-09	3.07177e-08	
OG0000939	5.68597e-24	1.3386e-17	1.16231e-13	
OG0000951	1.60548e-21	3.71395e-15	3.98192e-12	
OG0000952	0.000180274	1.73591e-05	3.06083e-07	
OG0000953	1.99293e-07	1.84862e-07	1.43628e-08	
OG0000954	2.25153e-10	1.16218e-08	1.66543e-08	
OG0000955	4.59316e-25	1.62187e-16	8.85082e-13	
OG0000956	1.12453e-08	6.04261e-07	1.5462e-07	
OG0000957	4.88793e-14	1.26727e-09	1.40795e-08	
OG0000958	1.38312e-17	7.35163e-13	5.54092e-11	
OG0000959	1.59631e-05	3.73298e-06	1.5431e-07	
OG0000960	1.12453e-08	6.04261e-07	1.5462e-07	
OG0000961	1.50758e-09	2.38871e-08	2.15745e-08	
OG0000962	3.01849e-11	2.02871e-08	8.89113e-08	
OG0000963	4.8774e-15	1.186e-10	4.70515e-09	
OG0000964	4.14364e-45	5.01005e-28	8.15064e-19	
OG0000965	2.0222e-11	5.25982e-10	1.45827e-09	
OG0000966	1.262e-24	1.08144e-14	1.04532e-10	
OG0000967	1.88692e-26	7.42323e-17	2.16019e-12	
OG0000979	1.18952e-71	2.08641e-47	6.07733e-33	
OG0000980	2.73233e-06	1.47409e-06	4.6991e-08	
OG0000981	2.75404e-06	1.37839e-06	4.45662e-08	
OG0000982	1.1908e-09	5.77776e-09	3.43049e-09	
OG0000983	5.19436e-05	3.07879e-05	4.8763e-07	
OG0000984	1.21348e-22	9.23886e-15	2.55884e-11	
OG0000985	3.48973e-19	8.73163e-14	2.05766e-11	
OG0000986	7.09894e-10	8.58177e-08	9.46971e-08	
OG0000987	2.35654e-14	4.45324e-11	3.88971e-10	
OG0000988	8.139e-12	7.70454e-09	1.70214e-08	
OG0000989	4.03483e-19	2.11519e-14	2.5616e-12	
OG0000990	2.39018e-09	1.47329e-07	5.70199e-08	
OG0001004	2.20179e-14	5.66269e-12	8.49606e-11	
OG0001005	7.64034e-08	1.14867e-07	2.99801e-08	
OG0001006	1.16049e-10	8.61857e-09	2.29685e-08	
OG0001007	4.23971e-18	1.81856e-11	1.99008e-09	
OG0001008	7.87504e-13	9.8172e-10	4.62244e-09	
OG0001009	2.1339e-16	2.94762e-12	1.69344e-10	
OG0001010	3.49991e-24	4.84961e-15	3.93222e-11	
OG0001011	7.49322e-16	2.42564e-11	9.03561e-10	
OG0001012	7.22031e-08	5.78263e-07	1.36909e-07	
OG0001013	5.20181e-39	4.98242e-23	5.98557e-15	
OG0001014	5.85501e-16	4.25813e-13	2.46317e-11	
OG0001015	4.67613e-10	4.81518e-08	4.07265e-08	
OG0001016	1.5747e-42	4.83039e-27	3.51102e-18	
OG0001017	6.20456e-07	1.26163e-06	1.5592e-07	
OG0001018	6.75224e-14	5.63187e-10	1.08858e-08	
OG0001030	4.48781e-07	1.12865e-06	6.99776e-08	
OG0001031	2.6155e-27	4.40773e-18	3.53531e-13	
OG0001032	4.28685e-15	5.7482e-11	1.54774e-09	
OG0001033	1.16718e-07	1.06793e-06	1.0335e-07	
OG0001034	1.92559e-50	4.55876e-32	3.21141e-21	
OG0001035	5.2439e-12	1.32499e-09	1.13678e-08	
OG0001036	5.83378e-07	1.85038e-06	1.97144e-07	
OG0001037	1.6914e-12	6.68948e-10	1.09686e-09	
OG0001038	3.09914e-08	8.37753e-08	4.56441e-08	
OG0001039	1.1541e-09	2.04831e-08	1.70285e-08	
OG0001040	2.56903e-09	2.18147e-08	2.31099e-08	
OG0001041	7.06954e-10	6.43817e-08	4.58192e-08	
OG0001042	2.44444e-14	3.68982e-10	7.9081e-09	
OG0001043	1.64303e-07	2.2325e-06	3.52288e-07	
OG0001044	2.22309e-07	3.05724e-07	4.31973e-08	
OG0001045	2.39018e-09	1.47329e-07	5.70199e-08	
OG0001046	2.11297e-15	5.49925e-11	1.24723e-09	
OG0001047	7.49609e-13	1.93853e-10	7.52835e-10	
OG0001048	4.10394e-17	2.3645e-12	1.82138e-10	
OG0001049	5.11216e-07	1.35867e-05	9.54087e-07	
OG0001050	9.93376e-27	1.27578e-17	3.12185e-13	
OG0001051	6.78672e-13	7.33409e-10	4.4517e-09	
OG0001052	2.00616e-18	2.55165e-13	2.82971e-11	
OG0001053	9.95655e-16	1.84624e-11	1.12722e-09	
OG0001054	3.73475e-09	7.76127e-07	3.97901e-07	
OG0001055	1.55003e-22	8.83697e-15	2.21779e-11	
OG0001068	3.87972e-06	4.80261e-06	3.83317e-07	
OG0001069	1.51915e-07	5.8204e-06	8.10056e-07	
OG0001070	5.72653e-06	6.83192e-06	3.41247e-07	
OG0001071	5.61294e-46	3.33196e-32	7.60296e-24	
OG0001072	1.2275e-44	9.943e-33	9.46584e-26	
OG0001073	2.68849e-13	1.7762e-09	9.13422e-09	
OG0001074	4.00048e-14	1.58509e-10	2.46731e-09	
OG0001075	2.25029e-11	1.31198e-08	2.65939e-08	
OG0001076	4.70295e-21	1.10547e-14	3.49524e-12	
OG0001078	3.49619e-11	1.8347e-08	7.15623e-08	
OG0001079	2.65504e-23	7.04343e-16	1.93251e-12	
OG0001080	9.86711e-11	7.12068e-08	1.17537e-07	
OG0001081	1.71349e-13	1.55651e-09	3.04963e-08	
OG0001082	9.86256e-08	1.09211e-06	2.07589e-07	
OG0001083	7.82613e-09	2.6805e-07	8.27374e-08	
OG0001098	7.43457e-07	5.69299e-06	5.41287e-07	
OG0001099	2.99114e-20	1.01529e-13	1.28174e-10	
OG0001100	1.10887e-18	8.38481e-14	1.62476e-11	
OG0001101	4.69342e-08	3.92124e-07	6.02839e-08	
OG0001102	1.73435e-20	1.03461e-15	6.14271e-13	
OG0001103	1.59295e-17	5.51105e-13	1.21118e-10	
OG0001104	6.38319e-16	2.40038e-12	1.06176e-10	
OG0001105	1.15381e-30	4.48872e-22	1.32851e-16	
OG0001106	5.06637e-11	3.54172e-09	1.50153e-08	
OG0001107	1.19979e-08	1.4032e-06	5.47149e-07	
OG0001108	3.12175e-11	8.12221e-09	1.48836e-08	
OG0001109	5.78758e-31	3.09512e-21	5.62199e-16	
OG0001110	1.76745e-10	1.16563e-08	2.33398e-08	
OG0001111	2.90738e-41	3.90129e-22	1.77662e-14	
OG0001112	4.09804e-07	5.69356e-07	1.1325e-07	
OG0001113	7.35663e-13	8.3841e-10	6.85031e-09	
OG0001114	2.34227e-16	9.51156e-13	6.78799e-11	
OG0001115	2.92946e-42	5.42567e-26	4.67204e-17	
OG0001116	2.04789e-09	2.39009e-07	1.89293e-07	
OG0001117	8.48825e-07	3.43622e-06	3.21657e-07	
OG0001118	2.9252e-15	3.41501e-11	9.89077e-10	
OG0001119	1.01807e-13	2.83595e-10	5.75853e-09	
OG0001120	1.17134e-07	9.27101e-08	1.67683e-08	
OG0001121	6.71463e-09	3.06684e-07	2.47028e-07	
OG0001122	1.18592e-08	5.27566e-07	2.0388e-07	
OG0001123	2.68434e-14	1.99218e-10	3.91888e-09	
OG0001124	3.69892e-24	5.30885e-16	5.39333e-12	
OG0001125	6.00092e-12	2.19526e-08	7.76326e-08	
OG0001139	6.20011e-21	1.61443e-13	2.02089e-10	
OG0001140	3.29667e-09	6.0876e-08	3.23814e-08	
OG0001141	1.15802e-10	6.08577e-09	1.28204e-08	
OG0001142	2.45225e-19	1.53566e-14	2.33847e-12	
OG0001143	9.6991e-20	2.03412e-14	3.63398e-12	
OG0001144	2.62741e-19	3.91443e-13	1.34359e-10	
OG0001145	1.59837e-16	1.1807e-10	5.81871e-09	
OG0001147	8.498e-08	1.68336e-06	2.43628e-07	
OG0001148	2.84838e-16	1.08029e-11	3.77038e-10	
OG0001149	2.37479e-20	1.74399e-13	2.02865e-10	
OG0001150	9.40016e-34	9.46521e-22	5.27334e-16	
OG0001151	5.85116e-11	9.62928e-09	2.80667e-08	
OG0001152	9.68933e-18	4.6157e-13	4.97706e-11	
OG0001153	6.29148e-07	4.52613e-06	5.0505e-07	
OG0001154	8.17265e-17	5.23156e-12	2.01038e-10	
OG0001155	2.10756e-09	8.32096e-08	9.47286e-08	
OG0001156	2.1148e-13	5.36802e-10	3.68611e-09	
OG0001157	3.97186e-10	1.47037e-07	2.28106e-07	
OG0001158	4.58554e-19	2.53206e-13	1.53814e-10	
OG0001181	5.54843e-15	4.48646e-11	5.75287e-10	
OG0001182	1.25257e-19	4.76753e-13	2.54183e-10	
OG0001183	2.25867e-12	2.86055e-09	1.4019e-08	
OG0001184	3.2895e-23	1.28151e-16	7.47943e-13	
OG0001185	7.51898e-05	2.42323e-05	7.5452e-07	
OG0001186	4.06247e-16	1.50087e-11	1.27e-09	
OG0001187	3.40066e-08	2.75373e-08	4.44264e-09	
OG0001188	4.34946e-10	6.45362e-09	8.78605e-09	
OG0001189	4.59451e-10	3.62834e-09	3.89615e-09	
OG0001190	2.76995e-12	3.73029e-09	1.01801e-08	
OG0001191	2.48099e-13	8.12912e-10	8.74868e-09	
OG0001192	3.9989e-11	4.26566e-09	1.86227e-08	
OG0001193	6.36839e-08	2.53661e-07	1.26152e-07	
OG0001194	1.0637e-22	1.05155e-14	2.6299e-11	
OG0001195	2.20964e-11	4.35905e-09	4.18467e-09	
OG0001196	2.1401e-25	1.10147e-14	3.51883e-11	
OG0001197	6.75255e-11	2.00108e-08	2.30367e-08	
OG0001198	6.58838e-17	8.32662e-11	5.09889e-09	
OG0001199	5.91059e-12	2.49247e-09	1.02074e-08	
OG0001200	6.09245e-43	8.47437e-28	1.10712e-18	
OG0001201	8.71232e-08	9.65943e-07	2.87187e-07	
OG0001202	3.27919e-08	1.6443e-07	2.6714e-08	
OG0001203	1.8638e-12	5.25985e-10	3.76302e-09	
OG0001204	9.13446e-08	9.43014e-07	2.39953e-07	
OG0001205	2.77628e-15	1.61201e-11	9.86146e-10	
OG0001206	2.44424e-13	1.58037e-09	1.46037e-08	
OG0001207	4.38282e-24	3.98949e-17	1.77946e-13	
OG0001208	3.45165e-14	9.20532e-11	1.14019e-09	
OG0001209	6.53804e-15	1.01231e-10	4.38441e-09	
OG0001210	5.03593e-14	3.12022e-11	5.02895e-10	
OG0001211	1.97506e-26	1.19655e-17	1.88303e-13	
OG0001212	8.28773e-13	4.51788e-10	7.23067e-09	
OG0001213	4.69342e-08	3.92124e-07	6.02839e-08	
OG0001214	1.16313e-36	8.19511e-25	3.77216e-18	
OG0001230	4.7027e-12	2.2641e-09	2.26542e-08	
OG0001231	6.75833e-17	1.37572e-12	1.69399e-10	
OG0001232	1.9143e-41	3.49503e-22	3.62037e-14	
OG0001233	3.77728e-11	1.9917e-08	6.34787e-08	
OG0001234	2.83035e-11	6.46299e-09	1.84159e-08	
OG0001235	6.03968e-14	4.29784e-11	3.60097e-10	
OG0001236	4.01502e-07	6.13249e-06	6.29999e-07	
OG0001237	2.19222e-09	3.31447e-07	2.64318e-07	
OG0001238	5.27712e-14	4.16855e-11	1.13985e-09	
OG0001239	1.92339e-48	3.26448e-30	5.63421e-20	
OG0001240	4.88786e-17	4.3012e-13	6.48235e-11	
OG0001241	3.74051e-06	1.01514e-06	1.02344e-07	
OG0001242	3.87374e-14	2.52602e-10	1.54304e-09	
OG0001243	6.86647e-07	7.05314e-06	8.31852e-07	
OG0001244	2.73688e-09	1.9459e-07	1.02909e-07	
OG0001245	6.2374e-08	2.18127e-07	4.03259e-08	
OG0001246	1.69677e-11	2.63714e-09	4.75233e-09	
OG0001247	1.40664e-09	8.37983e-08	1.20111e-07	
OG0001248	2.19682e-11	1.42287e-09	4.69782e-09	
OG0001249	5.46283e-18	3.92028e-13	1.617e-10	
OG0001250	3.63505e-17	1.15722e-12	9.64629e-11	
OG0001251	1.03836e-06	1.02331e-06	8.80445e-08	
OG0001252	1.08954e-11	2.89159e-09	1.6891e-08	
OG0001253	1.21681e-20	1.07026e-14	2.6876e-12	
OG0001254	2.78917e-17	3.42777e-12	3.87059e-10	
OG0001255	2.58495e-09	2.99669e-08	1.44836e-08	
OG0001256	7.93011e-12	5.19591e-09	2.7698e-08	
OG0001257	1.1059e-31	2.00578e-16	4.1908e-11	
OG0001258	1.2039e-56	3.63465e-27	8.74276e-15	
OG0001259	4.22737e-12	4.43805e-09	2.10473e-08	
OG0001260	3.38877e-13	1.73936e-09	2.21679e-08	
OG0001261	8.75984e-08	6.43033e-07	1.12976e-07	
OG0001262	2.72089e-15	1.85941e-11	4.91825e-10	
OG0001263	3.26989e-10	1.68063e-08	3.44315e-08	
OG0001264	9.63172e-16	4.45233e-12	8.48565e-11	
OG0001265	6.11641e-07	5.0757e-06	3.98264e-07	
OG0001266	2.64388e-12	1.62022e-09	1.0422e-08	
OG0001267	1.26242e-10	1.75685e-08	1.8288e-08	
OG0001276	7.31543e-28	1.43623e-17	5.08651e-13	
OG0001277	9.51684e-11	7.61113e-09	1.91988e-08	
OG0001278	2.19527e-11	5.92456e-09	3.16369e-08	
OG0001279	1.70676e-15	6.99179e-12	4.79382e-10	
OG0001280	4.09769e-07	3.01052e-06	3.05092e-07	
OG0001281	7.41427e-13	1.20462e-09	5.93943e-09	
OG0001282	4.39292e-10	2.12886e-08	1.46839e-08	
OG0001283	1.03966e-07	3.59314e-06	9.18611e-07	
OG0001284	5.16519e-09	1.24415e-07	1.22511e-07	
OG0001285	8.88186e-07	4.92744e-06	6.90501e-07	
OG0001286	3.26246e-32	2.09494e-21	1.82431e-15	
OG0001287	1.21535e-06	1.77595e-05	1.47628e-06	
OG0001288	2.2314e-13	1.1243e-10	1.89926e-09	
OG0001289	2.59028e-14	1.64815e-10	1.33042e-09	
OG0001290	9.07902e-09	3.85232e-07	1.2613e-07	
OG0001291	1.29527e-16	4.89552e-13	6.47772e-11	
OG0001292	4.2167e-27	8.87697e-20	3.24964e-15	
OG0001293	1.54012e-48	3.00406e-34	3.22419e-25	
OG0001294	4.27536e-13	4.50281e-10	5.26474e-09	
OG0001295	3.81665e-13	3.71224e-10	1.61593e-09	
OG0001296	1.51023e-14	3.75651e-11	1.15248e-09	
OG0001297	9.60367e-08	3.33704e-06	7.70037e-07	
OG0001298	5.01968e-21	1.34991e-15	1.04403e-12	
OG0001299	4.51441e-10	2.98172e-07	3.66038e-07	
OG0001300	1.16153e-07	8.72893e-07	1.36077e-07	
OG0001301	1.38148e-06	5.84514e-06	5.09478e-07	
OG0001302	8.86234e-09	9.2448e-08	8.6867e-08	
OG0001320	6.76545e-77	3.07332e-45	2.69623e-27	
OG0001321	4.42218e-11	7.09567e-09	2.0208e-08	
OG0001322	1.1046e-08	8.67918e-08	3.22515e-08	
OG0001323	7.8567e-91	7.11642e-56	1.63648e-34	
OG0001324	9.03487e-10	2.12796e-07	2.6207e-07	
OG0001325	5.3268e-08	2.06554e-06	4.51638e-07	
OG0001326	1.94611e-18	4.13985e-13	7.8574e-11	
OG0001327	9.13439e-41	5.10576e-27	7.33114e-19	
OG0001328	1.30475e-14	1.4933e-11	2.24479e-10	
OG0001329	9.89131e-10	7.23575e-09	7.39012e-09	
OG0001330	7.04241e-12	3.30371e-10	7.9359e-10	
OG0001331	1.17219e-05	1.61129e-05	6.66684e-07	
OG0001332	7.32602e-17	6.79238e-13	4.31826e-11	
OG0001333	3.98233e-08	3.04229e-07	6.96015e-08	
OG0001334	1.12348e-16	8.35044e-12	6.55379e-10	
OG0001335	1.38857e-07	4.82495e-07	6.25989e-08	
OG0001336	7.60901e-11	2.70979e-08	3.30603e-08	
OG0001337	4.77864e-12	5.84791e-09	2.27511e-08	
OG0001338	3.54854e-15	1.2706e-11	4.30024e-10	
OG0001339	8.8114e-09	3.31308e-07	1.10799e-07	
OG0001340	5.29962e-08	3.84538e-07	4.40814e-08	
OG0001341	2.53494e-10	2.91409e-08	2.83012e-08	
OG0001342	1.27321e-06	3.14745e-06	2.4895e-07	
OG0001343	1.61302e-06	3.4964e-06	4.05786e-07	
OG0001344	1.65523e-27	7.71184e-19	4.97651e-14	
OG0001345	6.45914e-12	5.75823e-09	2.19256e-08	
OG0001346	5.12904e-16	5.27525e-11	3.61187e-09	
OG0001347	4.42182e-12	3.79036e-09	4.10267e-08	
OG0001348	9.50705e-13	6.26508e-10	8.29676e-09	
OG0001349	4.37435e-12	2.72752e-09	6.52943e-09	
OG0001350	2.37399e-12	1.50429e-09	6.27158e-09	
OG0001351	2.10285e-09	2.15502e-07	3.42175e-07	
OG0001352	5.64246e-18	1.616e-12	7.29693e-10	
OG0001367	9.09436e-13	1.68205e-10	2.31338e-10	
OG0001368	1.23314e-22	1.00364e-15	2.23062e-12	
OG0001369	5.83591e-09	3.041e-07	2.84057e-07	
OG0001370	8.47798e-09	4.06724e-07	4.13727e-07	
OG0001371	1.16309e-28	3.15219e-18	2.34006e-13	
OG0001372	1.47765e-09	7.39136e-08	7.33461e-08	
OG0001373	9.98106e-16	4.13839e-10	6.0056e-09	
OG0001374	5.19329e-27	1.76183e-19	1.02872e-14	
OG0001375	7.32346e-09	1.97704e-07	1.48973e-07	
OG0001376	6.42734e-08	6.56311e-07	3.14891e-07	
OG0001377	2.00023e-16	1.97132e-11	1.7893e-09	
OG0001378	0.000103645	3.34882e-05	7.43926e-07	
OG0001379	3.80674e-09	5.10039e-08	1.65377e-08	
OG0001380	9.18152e-09	5.63692e-07	3.47814e-07	
OG0001381	1.26553e-09	5.33618e-08	2.33864e-08	
OG0001382	1.33574e-26	3.14409e-18	8.14107e-14	
OG0001383	3.45512e-10	4.61481e-08	3.43615e-08	
OG0001384	4.0853e-09	2.45502e-08	2.1276e-08	
OG0001385	4.69801e-10	2.39823e-08	2.5478e-08	
OG0001386	1.86954e-30	9.58675e-21	4.19138e-15	
OG0001388	1.10821e-08	8.70175e-07	5.3915e-07	
OG0001389	8.80053e-08	2.37679e-07	4.84719e-08	
OG0001390	2.13074e-11	2.17661e-09	1.40037e-08	
OG0001391	4.6031e-09	1.43256e-07	5.79797e-08	
OG0001392	8.37001e-36	4.03935e-26	9.43597e-20	
OG0001393	6.15559e-09	2.37007e-08	1.29704e-08	
OG0001394	2.8132e-15	1.83396e-12	1.05297e-11	
OG0001395	8.67195e-11	2.94936e-08	6.91722e-08	
OG0001396	3.19437e-11	1.98773e-09	3.53195e-09	
OG0001397	1.23083e-13	1.22301e-10	2.57577e-09	
OG0001398	1.02775e-19	1.19556e-13	6.29428e-11	
OG0001399	5.09671e-26	1.22417e-17	3.46499e-13	
OG0001400	2.35551e-13	6.56444e-10	6.81084e-09	
OG0001401	1.57419e-12	1.94759e-09	3.46365e-08	
OG0001402	9.20141e-10	9.13051e-08	1.14597e-07	
OG0001403	3.17534e-06	1.53848e-05	1.017e-06	
OG0001404	2.32111e-09	7.25588e-08	1.31314e-07	
OG0001405	1.03817e-06	1.01777e-06	8.50927e-08	
OG0001406	5.34447e-13	1.21494e-10	3.79354e-10	
OG0001407	3.33985e-11	2.87948e-08	5.2981e-08	
OG0001408	8.60926e-28	4.02906e-20	3.12013e-15	
OG0001425	4.16765e-10	7.05626e-08	1.19416e-07	
OG0001426	1.98134e-08	6.53904e-07	1.58515e-07	
OG0001427	1.23504e-14	7.54085e-11	1.38551e-09	
OG0001428	9.16338e-13	2.09401e-09	2.52096e-08	
OG0001429	4.48748e-20	2.49319e-13	1.23077e-10	
OG0001430	6.68013e-09	3.36736e-07	1.86824e-07	
OG0001431	3.45855e-10	9.41008e-09	1.13133e-08	
OG0001432	4.96761e-34	9.28989e-25	3.34059e-19	
OG0001433	5.24669e-12	2.22259e-09	5.25967e-09	
OG0001434	0.000653978	5.93945e-05	1.18517e-06	
OG0001435	3.74549e-09	6.50144e-08	4.89644e-08	
OG0001436	4.77436e-38	5.14042e-25	2.69522e-17	
OG0001437	7.25771e-10	1.85043e-08	9.35315e-09	
OG0001438	3.8217e-10	2.22343e-09	3.73332e-09	
OG0001439	1.74671e-14	1.8255e-10	6.88572e-09	
OG0001440	2.85139e-14	7.02213e-11	1.18769e-09	
OG0001441	2.5658e-07	7.17445e-07	7.08545e-08	
OG0001442	1.17152e-08	6.35908e-08	1.35027e-08	
OG0001443	5.79867e-10	2.94089e-08	4.91782e-08	
OG0001444	4.58043e-16	1.94368e-12	2.38096e-10	
OG0001445	6.2089e-15	3.19535e-11	8.96373e-10	
OG0001446	8.38434e-10	2.03537e-08	2.85505e-08	
OG0001447	6.91482e-07	1.70553e-06	1.63092e-07	
OG0001448	1.39001e-12	9.31523e-10	7.56922e-09	
OG0001449	2.90803e-17	1.94954e-12	2.46816e-10	
OG0001450	1.1084e-14	6.7208e-11	2.00507e-09	
OG0001451	1.28465e-11	4.94113e-09	3.33151e-08	
OG0001452	2.98273e-07	1.64268e-07	3.54967e-08	
OG0001453	5.84318e-10	6.29688e-08	1.14499e-07	
OG0001454	3.28472e-20	1.03412e-14	1.96888e-11	
OG0001455	7.52168e-10	3.72152e-08	2.21898e-08	
OG0001456	3.40994e-10	8.85459e-09	3.49038e-08	
OG0001457	8.93347e-06	1.43322e-05	9.62006e-07	
OG0001458	6.31568e-08	3.71576e-07	2.35135e-07	
OG0001459	9.20142e-09	4.57976e-07	4.46034e-07	
OG0001460	1.31952e-06	6.4312e-06	5.9062e-07	
OG0001461	8.72511e-06	1.06029e-05	4.57289e-07	
OG0001462	6.5296e-15	4.54414e-12	1.38485e-10	
OG0001463	3.1393e-13	1.90964e-09	3.58704e-08	
OG0001464	1.31952e-06	6.4312e-06	5.9062e-07	
OG0001465	5.93187e-14	2.21197e-10	6.1034e-09	
OG0001466	1.65541e-08	3.75566e-07	2.37921e-07	
OG0001467	7.48054e-09	1.11381e-07	4.52196e-08	
OG0001468	1.31952e-06	6.4312e-06	5.9062e-07	
OG0001469	4.18773e-09	2.65534e-08	2.19703e-08	
OG0001470	2.42357e-10	1.06542e-07	1.84049e-07	
OG0001471	3.83025e-14	2.60683e-10	4.26369e-09	
OG0001472	7.46576e-13	5.97299e-11	2.85735e-10	
OG0001473	1.48617e-10	4.11613e-08	1.18914e-07	
OG0001474	2.21217e-12	2.61948e-10	2.51791e-09	
OG0001475	7.48179e-12	3.65997e-09	3.33415e-08	
OG0001476	1.05571e-42	8.06934e-28	5.88484e-19	
OG0001477	4.19126e-16	6.84262e-11	5.59964e-09	
OG0001493	0.000107415	6.96859e-05	1.76492e-06	
OG0001494	7.30356e-06	5.7771e-06	2.4565e-07	
OG0001495	9.00164e-10	4.76591e-08	5.27151e-08	
OG0001496	2.67973e-06	7.83701e-06	4.7162e-07	
OG0001497	1.61198e-24	2.8332e-14	2.10174e-10	
OG0001498	1.65628e-12	1.67752e-09	1.05976e-08	
OG0001499	1.9954e-11	5.11568e-09	1.31906e-08	
OG0001500	2.18456e-42	1.59526e-20	6.36832e-12	
OG0001501	7.93496e-18	1.07329e-12	3.55673e-10	
OG0001502	5.46246e-07	4.62688e-07	5.51085e-08	
OG0001503	0.00829096	0.000319891	2.35864e-06	
OG0001504	5.46246e-07	4.62688e-07	5.51085e-08	
OG0001505	1.44624e-25	6.36358e-16	1.06433e-11	
OG0001506	0.000103645	3.34882e-05	7.43926e-07	
OG0001507	5.16014e-70	2.80195e-44	1.99625e-28	
OG0001508	1.24278e-07	2.07776e-06	4.97312e-07	
OG0001509	0.000107415	6.96859e-05	1.76492e-06	
OG0001510	5.85618e-07	5.65725e-07	6.83943e-08	
OG0001511	1.35794e-14	1.27882e-10	3.80266e-09	
OG0001512	1.31952e-06	6.4312e-06	5.9062e-07	
OG0001513	4.2118e-09	6.82817e-08	3.06091e-08	
OG0001514	1.29584e-07	3.98549e-06	7.76e-07	
OG0001515	6.16171e-05	1.80235e-05	1.03845e-06	
OG0001517	8.2386e-06	6.01959e-06	4.00123e-07	
OG0001518	1.45435e-26	3.1046e-17	1.41494e-12	
OG0001519	7.56646e-07	1.67755e-06	3.33952e-07	
OG0001520	4.79773e-27	1.50288e-19	3.1439e-15	
OG0001521	2.37586e-11	1.77988e-08	5.35965e-08	
OG0001522	2.46356e-11	2.21543e-09	4.86277e-09	
OG0001523	4.67789e-12	2.05203e-09	5.55569e-09	
OG0001524	6.69255e-11	3.30772e-08	5.66806e-08	
OG0001525	2.39046e-08	5.74448e-07	1.73962e-07	
OG0001526	1.01336e-13	4.90092e-11	6.099e-10	
OG0001527	1.01697e-05	2.05767e-05	1.17786e-06	
OG0001528	1.76539e-14	6.47983e-10	1.59282e-08	
OG0001529	1.14057e-09	3.75441e-08	2.50179e-08	
OG0001530	8.03372e-06	5.5823e-06	3.9661e-07	
OG0001531	3.00611e-118	3.32694e-81	1.52002e-57	
OG0001532	3.32639e-07	2.62056e-07	6.54261e-08	
OG0001533	9.18851e-09	6.33365e-07	4.13023e-07	
OG0001534	3.91388e-10	9.00066e-08	1.32173e-07	
OG0001535	2.95275e-07	4.59852e-06	7.83647e-07	
OG0001536	8.92621e-08	1.64379e-06	4.31654e-07	
OG0001537	4.96747e-05	8.99171e-06	4.97962e-07	
OG0001538	2.91888e-09	1.31608e-07	4.94597e-08	
OG0001539	4.45207e-14	2.64016e-11	1.49616e-10	
OG0001540	8.14228e-08	1.90279e-07	3.22865e-08	
OG0001541	1.24278e-07	2.07776e-06	4.97312e-07	
OG0001542	2.62105e-11	2.03318e-09	1.08458e-08	
OG0001543	3.80685e-10	2.53092e-08	7.47907e-08	
OG0001544	1.61541e-33	3.20122e-23	9.86757e-17	
OG0001555	2.25583e-12	4.4542e-10	1.4877e-09	
OG0001556	8.91541e-07	6.57072e-06	6.0082e-07	
OG0001557	1.81759e-09	7.87485e-08	5.06861e-08	
OG0001558	1.07342e-20	2.4479e-14	2.87557e-11	
OG0001559	3.6652e-06	4.38549e-05	2.37305e-06	
OG0001560	2.82499e-06	6.5642e-06	6.1812e-07	
OG0001561	1.70517e-07	1.10574e-06	1.26718e-07	
OG0001562	8.97199e-08	5.33141e-07	8.2066e-08	
OG0001563	5.61778e-07	5.06517e-07	6.14645e-08	
OG0001564	8.45036e-09	1.72767e-07	6.98731e-08	
OG0001565	0.00136177	0.00038143	3.51242e-06	
OG0001566	6.95992e-07	1.12755e-06	1.76143e-07	
OG0001567	5.39474e-08	4.17537e-07	2.10682e-07	
OG0001568	4.97815e-17	3.65206e-13	2.78623e-11	
OG0001569	3.82074e-09	5.39878e-08	2.54298e-08	
OG0001570	5.97806e-08	3.30605e-07	1.96864e-07	
OG0001571	0.00136177	0.00038143	3.51242e-06	
OG0001572	2.54955e-12	3.66403e-10	2.01943e-09	
OG0001573	2.70168e-16	1.54958e-12	5.86627e-11	
OG0001574	1.00534e-15	2.03652e-12	3.55227e-11	
OG0001575	5.9966e-13	1.04782e-10	9.96154e-10	
OG0001576	6.59742e-46	2.70574e-35	3.62897e-28	
OG0001577	7.41985e-32	6.88165e-21	4.71765e-15	
OG0001578	1.06724e-07	3.03579e-07	2.00749e-07	
OG0001579	0.000107415	6.96859e-05	1.76492e-06	
OG0001580	5.33116e-07	7.93905e-07	1.5932e-07	
OG0001581	7.30356e-06	5.7771e-06	2.4565e-07	
OG0001582	1.56411e-24	2.54573e-16	4.64494e-12	
OG0001583	0.000123814	5.52462e-05	1.36699e-06	
OG0001584	9.30696e-16	3.59546e-12	1.66681e-10	
OG0001585	1.76173e-12	2.28372e-10	7.03466e-10	
OG0001586	2.05905e-11	8.68365e-10	2.56376e-09	
OG0001587	1.29157e-07	5.88562e-07	2.67189e-07	
OG0001588	2.32722e-08	2.54815e-06	9.52555e-07	
OG0001589	2.31873e-07	4.16148e-06	1.35518e-06	
OG0001590	1.24646e-09	4.18169e-08	4.13731e-08	
OG0001591	1.01206e-07	5.6553e-07	1.32265e-07	
OG0001592	1.65353e-12	5.67783e-10	1.25097e-09	
OG0001593	6.16171e-05	1.80235e-05	1.03845e-06	
OG0001594	6.91482e-07	1.70553e-06	1.63092e-07	
OG0001595	2.66148e-08	4.55387e-07	1.08662e-07	
OG0001596	9.50082e-11	6.7208e-09	2.80949e-08	
OG0001597	1.51499e-08	9.97341e-08	4.03523e-08	
OG0001598	7.30356e-06	5.7771e-06	2.4565e-07	
OG0001599	1.13674e-07	4.79184e-07	3.34557e-07	
OG0001600	3.6888e-13	7.31897e-10	1.004e-08	
OG0001601	1.75477e-08	1.71121e-06	7.51302e-07	
OG0001602	2.83507e-09	2.60183e-07	2.09503e-07	
OG0001603	0.000107415	6.96859e-05	1.76492e-06	
OG0001604	1.59554e-15	4.67356e-12	8.62545e-11	
OG0001605	1.25261e-08	1.28761e-06	6.53404e-07	
OG0001606	5.63101e-06	2.52323e-06	2.47126e-07	
OG0001607	1.58264e-08	3.46647e-07	1.88025e-07	
OG0001608	1.22217e-14	2.11742e-11	1.13183e-09	
OG0001609	1.05642e-05	4.31852e-05	2.31888e-06	
OG0001610	1.89373e-14	3.56848e-10	4.388e-09	
OG0001626	0.000122111	0.000149386	4.2549e-06	
OG0001627	8.81108e-09	3.30394e-07	1.07824e-07	
OG0001628	1.03022e-08	7.1872e-07	4.12283e-07	
OG0001629	1.24278e-07	2.07776e-06	4.97312e-07	
OG0001630	1.40307e-15	9.05914e-12	5.66918e-10	
OG0001631	6.88152e-07	1.90133e-06	2.17887e-07	
OG0001632	7.30356e-06	5.7771e-06	2.4565e-07	
OG0001633	8.52875e-15	7.77635e-11	3.02737e-09	
OG0001634	4.60243e-08	2.04783e-07	7.52272e-08	
OG0001635	1.44784e-15	2.00937e-12	3.15095e-11	
OG0001636	6.48779e-07	2.15281e-06	1.58544e-07	
OG0001637	1.55786e-16	6.78213e-12	5.16164e-10	
OG0001638	9.8115e-06	1.12466e-05	9.83898e-07	
OG0001639	3.60775e-09	2.71273e-07	1.87281e-07	
OG0001640	1.51723e-22	3.7059e-16	1.07612e-12	
OG0001641	4.35982e-08	8.53781e-08	3.23124e-08	
OG0001642	0.000781238	9.79843e-05	2.1778e-06	
OG0001643	7.18315e-07	3.58014e-06	3.22753e-07	
OG0001644	8.55948e-12	9.26044e-09	4.85876e-08	
OG0001645	3.53518e-14	3.17563e-11	6.1055e-10	
OG0001646	1.55363e-13	1.55109e-09	8.24437e-09	
OG0001647	9.14533e-06	1.41478e-05	8.3491e-07	
OG0001648	2.83507e-09	2.60183e-07	2.09503e-07	
OG0001649	7.69039e-12	3.46986e-09	1.8545e-08	
OG0001650	7.08214e-11	1.1913e-08	1.82754e-08	
OG0001651	6.19085e-05	1.99468e-05	1.56748e-06	
OG0001652	1.74777e-06	3.99205e-06	8.97519e-07	
OG0001653	1.19983e-07	5.59367e-07	1.43107e-07	
OG0001654	1.27759e-12	1.26906e-10	6.6845e-10	
OG0001655	1.52809e-18	5.82405e-14	1.14419e-11	
OG0001656	0.000653732	5.94941e-05	1.52098e-06	
OG0001657	3.0568e-10	1.61239e-07	2.75261e-07	
OG0001658	2.30894e-07	2.89262e-06	6.71379e-07	
OG0001659	3.0568e-10	1.61239e-07	2.75261e-07	
OG0001660	4.89907e-08	2.08335e-07	5.28607e-08	
OG0001661	2.09581e-29	1.28227e-21	3.34328e-17	
OG0001662	1.01205e-05	2.28572e-05	1.54643e-06	
OG0001663	0.00136177	0.00038143	3.51242e-06	
OG0001664	4.37877e-09	1.02924e-07	7.48589e-08	
OG0001665	0.000134025	0.000236377	4.61487e-06	
OG0001666	3.6595e-10	4.25116e-08	8.6116e-08	
OG0001667	8.94507e-10	1.43709e-07	1.75443e-07	
OG0001668	8.62614e-11	5.01407e-08	1.10557e-07	
OG0001669	1.2222e-08	4.42952e-07	1.69279e-07	
OG0001670	5.91159e-17	5.69281e-13	5.25511e-11	
OG0001671	4.25899e-09	3.35889e-08	3.55383e-08	
OG0001672	1.97111e-06	2.72467e-06	2.48377e-07	
OG0001673	1.04887e-07	1.15976e-06	3.13792e-07	
OG0001674	6.78864e-11	3.59263e-08	1.24248e-07	
OG0001675	0.000134025	0.000236377	4.61487e-06	
OG0001676	1.2563e-05	6.57403e-05	2.93456e-06	
OG0001677	6.30438e-10	2.61382e-08	2.68071e-08	
OG0001678	1.66875e-07	2.73558e-06	8.6708e-07	
OG0001679	1.36093e-09	3.85303e-08	2.88245e-08	
OG0001680	1.04468e-07	2.22348e-06	9.27626e-07	
OG0001681	7.30356e-06	5.7771e-06	2.4565e-07	
OG0001682	7.69991e-10	9.45355e-08	1.25342e-07	
OG0001683	7.21307e-07	2.55356e-06	4.17889e-07	
OG0001684	2.98866e-12	1.07939e-09	9.1633e-09	
OG0001685	1.8753e-06	1.06616e-05	1.64525e-06	
OG0001686	1.03022e-08	7.1872e-07	4.12283e-07	
OG0001687	3.34069e-23	1.00134e-15	2.18413e-12	
OG0001688	5.09439e-26	4.97583e-20	4.73955e-16	
OG0001710	1.04634e-21	7.82664e-16	1.35391e-12	
OG0001712	1.18049e-07	4.96339e-07	3.59591e-07	
OG0001713	4.35801e-07	1.37762e-06	6.48392e-07	
OG0001714	2.92006e-12	4.21985e-09	1.95786e-08	
OG0001715	2.17343e-40	1.99406e-23	6.22596e-16	
OG0001716	5.10962e-07	1.32912e-06	2.62703e-07	
OG0001717	1.64471e-11	1.8168e-10	8.79236e-10	
OG0001718	4.43383e-10	4.56008e-08	7.7751e-08	
OG0001719	2.25812e-12	5.22969e-09	2.43049e-08	
OG0001720	1.66438e-05	4.29334e-05	3.17823e-06	
OG0001721	3.15925e-29	1.48595e-18	3.6643e-13	
OG0001722	3.94318e-59	5.28009e-40	9.09979e-29	
OG0001723	6.52207e-05	2.19734e-05	1.62914e-06	
OG0001724	7.18315e-07	3.58014e-06	3.22753e-07	
OG0001725	1.74804e-18	2.6822e-13	7.88842e-11	
OG0001726	1.01205e-05	2.28572e-05	1.54643e-06	
OG0001727	7.56006e-12	3.57331e-09	2.72052e-08	
OG0001728	7.23663e-07	1.88752e-06	2.01492e-07	
OG0001729	2.07039e-13	2.13253e-10	5.98041e-09	
OG0001730	9.25927e-05	3.16228e-05	4.90077e-07	
OG0001731	5.41427e-33	1.75701e-17	3.34369e-11	
OG0001732	1.14585e-08	1.15647e-07	6.54309e-08	
OG0001733	8.47429e-24	4.00845e-17	1.84717e-13	
OG0001734	3.51322e-07	3.43105e-07	1.14006e-07	
OG0001735	1.21212e-06	9.66782e-07	1.41123e-07	
OG0001736	2.91343e-10	2.81867e-09	6.56782e-09	
OG0001737	8.72503e-06	1.0624e-05	4.58805e-07	
OG0001738	0.000107374	7.74565e-05	2.26499e-06	
OG0001740	1.6032e-11	4.36604e-09	1.45716e-08	
OG0001741	1.02362e-06	1.41649e-05	2.03181e-06	
OG0001742	6.88152e-07	1.90133e-06	2.17887e-07	
OG0001743	9.11307e-06	1.9597e-05	6.43899e-07	
OG0001744	5.47589e-11	5.10262e-09	1.91405e-08	
OG0001745	3.68671e-19	3.62746e-13	2.33002e-10	
OG0001746	0.000128317	0.000127642	3.24311e-06	
OG0001747	2.33865e-08	4.73107e-07	2.67517e-07	
OG0001748	1.05612e-07	1.42314e-06	5.43753e-07	
OG0001749	2.2201e-05	3.88029e-05	2.33424e-06	
OG0001750	7.53083e-14	1.39097e-10	2.6495e-09	
OG0001751	9.51368e-19	1.68164e-13	3.36414e-11	
OG0001752	6.26126e-08	7.39052e-07	2.34676e-07	
OG0001753	0.000107374	7.74565e-05	2.26499e-06	
OG0001754	2.33767e-08	8.50609e-07	5.35493e-07	
OG0001755	0.000659038	5.75247e-05	1.29051e-06	
OG0001756	3.94859e-06	1.61925e-06	2.75614e-07	
OG0001757	3.25533e-14	2.94606e-11	2.09524e-10	
OG0001758	3.62405e-14	7.80398e-11	2.07395e-09	
OG0001759	8.53825e-06	1.25764e-05	9.4927e-07	
OG0001760	1.47156e-26	3.18642e-17	7.73736e-13	
OG0001761	1.14761e-12	7.94736e-10	2.29686e-09	
OG0001762	6.09166e-08	5.61689e-07	2.48157e-07	
OG0001763	2.67434e-14	5.75748e-10	1.09026e-08	
OG0001764	2.29743e-13	2.3044e-10	1.1094e-09	
OG0001765	1.11795e-05	5.08526e-05	3.05186e-06	
OG0001766	3.72148e-22	7.46223e-15	2.29145e-11	
OG0001767	6.08742e-07	1.25532e-06	1.66618e-07	
OG0001768	7.18315e-07	3.58014e-06	3.22753e-07	
OG0001769	8.53825e-06	1.25764e-05	9.4927e-07	
OG0001770	8.81108e-09	3.30394e-07	1.07824e-07	
OG0001771	7.95415e-13	5.05726e-09	2.80712e-08	
OG0001772	5.3121e-05	8.12931e-06	3.08094e-07	
OG0001773	3.18353e-24	1.36555e-16	9.53484e-13	
OG0001774	5.34243e-09	1.60062e-07	1.90291e-07	
OG0001775	8.54213e-07	5.44926e-06	4.07126e-07	
OG0001776	7.65098e-14	7.93646e-10	1.8019e-08	
OG0001777	7.18315e-07	3.58014e-06	3.22753e-07	
OG0001778	1.02777e-20	4.66297e-15	2.68313e-12	
OG0001779	3.69503e-33	5.10151e-24	1.76016e-18	
OG0001780	2.22985e-22	3.34584e-17	7.72334e-14	
OG0001808	3.18421e-07	2.35098e-07	6.733e-08	
OG0001809	6.45341e-10	3.05786e-08	2.91517e-08	
OG0001810	5.30803e-07	1.5859e-06	3.56241e-07	
OG0001811	2.92843e-06	2.40466e-05	3.0669e-06	
OG0001812	1.39324e-15	5.64005e-11	3.97187e-09	
OG0001813	1.31117e-05	7.91013e-05	4.26103e-06	
OG0001814	2.65556e-08	9.81051e-07	3.25533e-07	
OG0001815	1.9188e-32	2.25289e-22	2.12461e-16	
OG0001816	1.00023e-07	6.36994e-07	1.72345e-07	
OG0001817	6.67327e-07	9.36162e-07	1.4063e-07	
OG0001818	1.59631e-05	6.6943e-06	4.04144e-07	
OG0001819	7.18315e-07	3.58014e-06	3.22753e-07	
OG0001820	5.43455e-14	1.45279e-10	1.345e-09	
OG0001821	6.75166e-07	8.93986e-07	1.34893e-07	
OG0001822	4.27406e-15	9.8407e-13	2.03385e-11	
OG0001823	4.89963e-06	3.29533e-06	6.04776e-07	
OG0001824	4.23916e-08	4.85333e-07	3.96147e-07	
OG0001825	4.97933e-33	4.47028e-24	1.13036e-18	
OG0001826	4.67972e-09	7.27729e-08	3.37156e-08	
OG0001827	8.52482e-11	2.25165e-08	6.12435e-08	
OG0001828	3.96889e-10	2.75129e-08	9.26851e-08	
OG0001829	6.01785e-10	4.44668e-08	3.51033e-08	
OG0001830	7.39566e-08	4.68782e-07	1.99392e-07	
OG0001831	7.68857e-09	3.75683e-07	3.1972e-07	
OG0001832	7.16092e-09	9.93664e-08	4.81187e-08	
OG0001833	6.32473e-19	6.53601e-13	2.6719e-10	
OG0001834	1.89377e-08	1.937e-07	8.88567e-08	
OG0001835	4.1805e-08	2.68398e-07	1.48775e-07	
OG0001836	1.92621e-08	3.81459e-07	1.33983e-07	
OG0001837	5.80673e-15	2.08027e-11	8.05981e-10	
OG0001838	2.94906e-07	1.86106e-07	4.65287e-08	
OG0001839	6.88152e-07	1.90133e-06	2.17887e-07	
OG0001840	9.37394e-16	5.13781e-11	3.513e-09	
OG0001841	7.97146e-13	2.77951e-09	3.16033e-08	
OG0001842	3.05459e-09	3.8338e-07	4.332e-07	
OG0001843	3.97978e-14	2.50718e-10	4.4491e-09	
OG0001844	1.44838e-12	3.24761e-09	3.99759e-08	
OG0001845	9.97266e-10	5.88901e-08	7.72618e-08	
OG0001846	7.99737e-09	3.31588e-07	2.23062e-07	
OG0001847	0.000108246	6.89103e-05	1.92179e-06	
OG0001848	6.50324e-10	1.4758e-08	1.99786e-08	
OG0001849	5.21593e-09	5.66995e-07	4.71469e-07	
OG0001850	1.29078e-08	1.40157e-07	8.43127e-08	
OG0001851	6.77571e-10	6.91358e-08	1.15077e-07	
OG0001852	2.31575e-08	6.18642e-07	3.29712e-07	
OG0001853	9.54138e-07	2.81594e-06	3.8436e-07	
OG0001854	1.29127e-06	2.09729e-05	3.18755e-06	
OG0001855	5.51858e-08	3.15116e-07	9.2042e-08	
OG0001856	6.73978e-10	3.67261e-08	4.73982e-08	
OG0001857	2.43881e-10	1.26364e-07	2.80658e-07	
OG0001858	1.06561e-05	4.27045e-05	2.52498e-06	
OG0001859	7.79875e-10	2.59174e-08	2.9568e-08	
OG0001860	3.44469e-11	9.33497e-09	2.83497e-08	
OG0001861	1.07271e-07	9.95498e-07	4.28183e-07	
OG0001862	6.97084e-08	1.17828e-06	2.86275e-07	
OG0001863	7.85616e-10	6.37831e-08	7.891e-08	
OG0001864	6.90281e-21	1.14747e-14	1.16643e-11	
OG0001865	1.42338e-17	3.87758e-12	7.54791e-10	
OG0001866	4.13964e-44	5.45372e-28	1.302e-18	
OG0001898	3.35911e-07	2.89622e-07	9.84107e-08	
OG0001899	3.23583e-10	1.8128e-07	1.903e-07	
OG0001900	8.36293e-06	1.24555e-05	6.01839e-07	
OG0001901	5.33672e-34	6.9544e-23	1.24661e-16	
OG0001902	7.91058e-08	2.84273e-07	9.01158e-08	
OG0001903	6.3972e-11	2.00112e-09	4.56031e-09	
OG0001904	1.40249e-13	1.054e-10	2.87166e-09	
OG0001905	5.54376e-06	8.55755e-06	1.47582e-06	
OG0001906	9.17838e-13	1.4596e-09	1.16056e-08	
OG0001907	9.61301e-07	4.76131e-06	7.89123e-07	
OG0001908	2.47746e-14	3.47896e-10	1.13614e-08	
OG0001909	5.86484e-09	2.25338e-08	1.34637e-08	
OG0001910	2.0486e-09	1.78521e-07	2.65808e-07	
OG0001911	2.15109e-09	3.64757e-07	5.52114e-07	
OG0001912	4.05683e-08	1.26815e-07	1.12091e-07	
OG0001913	9.24883e-07	2.97517e-06	3.68013e-07	
OG0001914	1.98529e-11	2.08967e-08	8.97307e-08	
OG0001915	8.45446e-08	3.09565e-06	9.896e-07	
OG0001917	9.32584e-05	8.83014e-05	4.31693e-06	
OG0001918	3.01763e-11	1.47724e-09	1.96519e-09	
OG0001919	9.11307e-06	1.9597e-05	6.43899e-07	
OG0001920	4.51994e-47	2.04384e-25	1.79484e-15	
OG0001921	1.50221e-08	7.19039e-07	3.03241e-07	
OG0001922	6.95062e-16	3.03485e-10	6.05727e-09	
OG0001923	5.26838e-08	2.34768e-07	1.62673e-07	
OG0001924	3.54517e-10	8.9095e-09	5.23879e-09	
OG0001925	2.2201e-05	3.88029e-05	2.33424e-06	
OG0001926	2.08884e-11	1.34422e-08	3.9111e-08	
OG0001928	5.08656e-09	7.9291e-08	6.65719e-08	
OG0001929	3.42465e-45	1.21319e-31	9.72733e-24	
OG0001930	5.45883e-09	1.56836e-07	2.03925e-07	
OG0001931	4.81068e-11	3.61318e-09	1.37146e-08	
OG0001932	1.56253e-06	3.26724e-06	3.33636e-07	
OG0001933	1.5265e-14	3.51332e-11	1.0279e-09	
OG0001934	1.66438e-05	4.29334e-05	3.17823e-06	
OG0001935	3.94916e-08	4.05538e-07	3.66053e-07	
OG0001936	2.33054e-07	3.39322e-06	9.44829e-07	
OG0001937	3.55093e-30	5.95724e-22	8.67331e-17	
OG0001938	1.01866e-06	1.1144e-05	2.08366e-06	
OG0001939	9.47456e-09	1.1414e-07	2.11273e-07	
OG0001940	1.47914e-08	4.3726e-07	4.38391e-07	
OG0001941	3.85071e-12	7.32573e-09	6.07091e-08	
OG0001942	1.04662e-07	5.43389e-07	1.7772e-07	
OG0001943	5.17235e-14	1.17694e-11	1.37463e-10	
OG0001944	3.16613e-10	4.458e-08	4.94166e-08	
OG0001945	8.65505e-09	1.65505e-07	1.43176e-07	
OG0001946	1.57009e-08	2.41306e-07	9.57337e-08	
OG0001947	7.576e-08	1.1421e-06	4.39255e-07	
OG0001948	1.24913e-08	4.04862e-07	3.5721e-07	
OG0001949	8.32648e-09	2.20718e-08	7.02821e-09	
OG0001950	2.92843e-06	2.40466e-05	3.0669e-06	
OG0001951	9.11307e-06	1.9597e-05	6.43899e-07	
OG0001952	4.44501e-05	4.93244e-06	2.13539e-07	
OG0001953	8.41019e-14	1.08347e-10	1.13658e-09	
OG0001954	8.86777e-12	4.81027e-09	5.46654e-08	
OG0001955	1.71563e-09	5.6612e-08	9.55157e-08	
OG0001956	8.75237e-11	1.07123e-08	2.76794e-08	
OG0001957	1.59775e-48	9.05378e-31	2.58106e-20	
OG0001958	1.04345e-08	1.76168e-07	1.18401e-07	
OG0001959	1.23734e-09	1.94795e-08	8.35315e-09	
OG0001960	1.4708e-08	1.59785e-07	8.69198e-08	
OG0001961	1.41692e-10	2.99065e-08	6.05303e-08	
OG0001962	1.42792e-05	1.32442e-05	7.12173e-07	
OG0001963	1.01647e-12	3.2764e-09	3.64207e-08	
OG0001964	1.06561e-05	4.27045e-05	2.52498e-06	
OG0001965	4.04696e-12	1.65178e-09	1.32767e-08	
OG0001966	1.56253e-06	3.26724e-06	3.33636e-07	
OG0001967	2.70916e-09	3.04127e-07	4.6817e-07	
OG0001968	1.87369e-10	1.47133e-07	2.78545e-07	
OG0001992	8.44872e-12	1.54599e-09	5.43967e-09	
OG0001993	6.29081e-09	2.22961e-07	1.31737e-07	
OG0001994	1.61439e-11	7.59359e-09	4.1892e-08	
OG0001995	1.03772e-14	3.44827e-11	1.45114e-09	
OG0001996	5.71304e-08	1.94764e-07	9.11006e-08	
OG0001997	4.86374e-10	1.36031e-08	1.62036e-08	
OG0001998	1.42616e-17	5.72315e-13	1.56115e-10	
OG0001999	3.08846e-22	4.22976e-16	9.7272e-13	
OG0002000	4.56001e-13	6.11298e-10	1.04672e-08	
OG0002001	2.27061e-16	1.18627e-12	1.25269e-10	
OG0002002	1.19226e-16	4.24075e-13	2.57712e-11	
OG0002003	2.06106e-07	2.02475e-06	4.38355e-07	
OG0002004	1.75127e-41	1.9496e-27	7.63298e-19	
OG0002005	2.81935e-13	1.40673e-10	1.13741e-09	
OG0002006	9.19822e-18	4.28536e-13	1.88545e-11	
OG0002007	1.52483e-12	1.38799e-09	2.40543e-08	
OG0002008	1.44241e-09	2.55327e-07	3.40809e-07	
OG0002009	3.82662e-06	1.95157e-05	2.19775e-06	
OG0002010	4.47354e-11	1.97983e-08	7.08484e-08	
OG0002011	8.5742e-11	2.34641e-08	6.01571e-08	
OG0002012	8.15986e-09	7.25301e-08	7.38226e-08	
OG0002013	4.66977e-49	1.41114e-23	6.19733e-13	
OG0002014	1.23509e-18	4.05319e-13	1.03415e-10	
OG0002015	3.22273e-11	2.2563e-09	3.21467e-09	
OG0002016	9.19208e-09	1.07567e-06	7.34017e-07	
OG0002017	2.81403e-15	5.73242e-11	3.85423e-09	
OG0002018	3.67806e-09	3.42791e-08	2.93122e-08	
OG0002019	1.17723e-08	1.57361e-07	1.2966e-07	
OG0002020	2.18719e-11	4.57082e-08	1.15753e-07	
OG0002021	2.46679e-15	1.06583e-11	7.34289e-10	
OG0002022	1.93493e-11	8.40597e-09	5.78474e-08	
OG0002023	2.01213e-06	1.14136e-05	1.84865e-06	
OG0002024	4.07455e-10	2.86371e-08	4.37132e-08	
OG0002025	1.5554e-11	4.72877e-09	1.72509e-08	
OG0002026	9.70497e-09	1.28826e-07	9.51035e-08	
OG0002027	7.39025e-06	5.92178e-06	3.00075e-07	
OG0002028	1.84751e-06	3.62557e-06	4.53563e-07	
OG0002029	7.75843e-06	8.33214e-06	6.45785e-07	
OG0002030	4.23664e-06	1.53476e-06	2.18178e-07	
OG0002031	8.93365e-07	6.5838e-06	6.02811e-07	
OG0002032	2.10732e-06	5.37415e-06	5.99533e-07	
OG0002033	4.28613e-19	1.2483e-13	5.15703e-11	
OG0002034	2.60241e-10	8.89234e-08	8.65434e-08	
OG0002035	7.29579e-07	3.6698e-06	3.9426e-07	
OG0002036	2.92843e-06	2.40466e-05	3.0669e-06	
OG0002037	1.10833e-06	6.01249e-06	7.50202e-07	
OG0002038	1.65354e-07	1.38047e-06	4.82272e-07	
OG0002039	1.83375e-13	2.56023e-10	3.0545e-09	
OG0002040	4.12117e-28	4.42355e-20	4.53956e-16	
OG0002041	5.53666e-13	1.08815e-09	1.63739e-08	
OG0002042	8.49092e-09	1.78934e-07	1.59484e-07	
OG0002043	1.14183e-08	3.04922e-07	3.74584e-07	
OG0002044	3.09439e-10	8.77167e-09	1.43157e-08	
OG0002045	9.21382e-07	8.90829e-06	1.69507e-06	
OG0002046	2.74819e-11	2.4486e-09	1.65207e-08	
OG0002047	7.29579e-07	3.6698e-06	3.9426e-07	
OG0002048	3.09473e-18	3.17549e-13	1.35353e-10	
OG0002049	8.71428e-09	1.9895e-07	2.0816e-07	
OG0002050	4.0209e-13	3.95597e-09	8.13054e-08	
OG0002051	3.24326e-10	1.43644e-08	4.36289e-08	
OG0002052	9.32584e-05	8.83014e-05	4.31693e-06	
OG0002053	1.14752e-07	9.08258e-07	4.78535e-07	
OG0002054	4.6917e-09	1.35301e-07	1.69568e-07	
OG0002055	8.1762e-08	1.36204e-06	5.28334e-07	
OG0002056	9.13319e-18	2.0822e-12	3.35391e-10	
OG0002057	1.05027e-07	7.40275e-07	3.33721e-07	
OG0002058	6.48415e-19	6.03442e-13	1.99881e-10	
OG0002059	9.11307e-06	1.9597e-05	6.43899e-07	
OG0002060	2.93213e-31	1.31072e-21	8.46922e-16	
OG0002061	1.1813e-33	7.21801e-23	1.87415e-16	
OG0002089	5.0609e-11	6.32709e-09	1.29725e-08	
OG0002090	1.31735e-09	1.58995e-08	1.26823e-08	
OG0002091	3.33031e-19	1.91191e-13	8.13434e-11	
OG0002092	1.7883e-11	1.45833e-08	8.35872e-08	
OG0002093	2.32913e-09	3.89461e-07	2.50598e-07	
OG0002094	1.59668e-06	1.09951e-05	2.49804e-06	
OG0002095	4.96056e-10	1.96948e-07	4.44825e-07	
OG0002096	1.61322e-11	1.66004e-09	2.5305e-09	
OG0002097	4.4658e-24	1.48797e-17	1.70265e-13	
OG0002098	3.84555e-09	4.96516e-08	3.1555e-08	
OG0002099	5.83115e-10	2.33158e-07	4.13896e-07	
OG0002100	7.07838e-08	8.04097e-07	2.71864e-07	
OG0002101	8.09018e-09	3.13243e-07	1.83148e-07	
OG0002102	9.3478e-08	9.54485e-07	4.04096e-07	
OG0002103	4.34344e-19	4.13769e-14	3.92267e-12	
OG0002104	4.66725e-09	1.08181e-07	9.09644e-08	
OG0002105	3.57609e-12	5.8719e-10	9.62393e-09	
OG0002106	4.71145e-19	1.35683e-12	7.59603e-10	
OG0002107	9.63151e-08	3.08019e-07	1.6587e-07	
OG0002108	7.38873e-07	2.35886e-06	3.24905e-07	
OG0002109	9.2638e-09	2.86759e-07	3.21502e-07	
OG0002110	2.67991e-26	1.84079e-16	3.0506e-12	
OG0002111	2.0229e-07	1.79592e-06	8.51514e-07	
OG0002112	1.21472e-08	5.52853e-07	2.96929e-07	
OG0002113	4.25312e-06	6.35335e-06	1.03356e-06	
OG0002114	1.08572e-07	3.88875e-07	1.56444e-07	
OG0002115	1.1402e-07	1.00329e-06	5.37669e-07	
OG0002116	7.4118e-11	3.63552e-08	1.15797e-07	
OG0002117	8.47597e-09	3.22396e-07	2.90165e-07	
OG0002118	8.28315e-08	9.81951e-07	2.70596e-07	
OG0002119	2.47173e-09	1.44809e-07	2.17959e-07	
OG0002120	1.34024e-09	9.24852e-08	1.09934e-07	
OG0002121	9.1088e-06	1.91795e-05	1.74413e-06	
OG0002122	7.69698e-08	8.29513e-07	1.93762e-07	
OG0002123	2.30371e-19	3.68837e-12	4.56519e-10	
OG0002124	9.26923e-15	2.1418e-09	1.60278e-08	
OG0002125	6.63704e-20	4.0331e-13	2.63736e-10	
OG0002126	3.76585e-09	3.7694e-08	1.73705e-08	
OG0002127	7.32049e-08	6.2004e-07	1.79024e-07	
OG0002128	3.96089e-08	2.32788e-07	1.61113e-07	
OG0002129	2.00893e-22	4.67091e-15	1.7007e-11	
OG0002130	3.79319e-10	1.56727e-07	3.89535e-07	
OG0002131	4.09968e-12	5.55534e-09	3.14323e-08	
OG0002132	1.85728e-13	1.9594e-10	3.70731e-09	
OG0002133	1.4728e-15	4.01649e-11	2.15172e-09	
OG0002134	8.28793e-31	2.2714e-20	1.29202e-14	
OG0002135	9.82855e-07	2.02614e-06	5.42992e-07	
OG0002136	2.39059e-09	3.19185e-08	1.95374e-08	
OG0002137	1.03093e-07	9.00241e-07	3.37208e-07	
OG0002138	6.51326e-14	2.93733e-11	3.8366e-10	
OG0002139	4.28871e-29	4.23494e-20	6.08971e-15	
OG0002140	2.2479e-21	6.86465e-16	6.96526e-13	
OG0002141	3.87129e-34	1.07803e-22	3.91432e-16	
OG0002142	7.0117e-11	4.22682e-09	1.9194e-08	
OG0002143	5.48712e-08	4.11134e-07	1.50339e-07	
OG0002144	1.17254e-05	1.63047e-05	7.44304e-07	
OG0002145	5.35784e-14	7.38538e-11	1.60196e-09	
OG0002146	8.88553e-07	1.15665e-06	2.5356e-07	
OG0002147	6.85113e-11	1.15975e-08	4.27486e-08	
OG0002148	2.37311e-10	2.09751e-08	3.98565e-08	
OG0002149	3.16188e-12	6.29002e-10	4.07443e-09	
OG0002150	2.69497e-10	3.75995e-08	9.25339e-08	
OG0002151	8.56925e-09	1.90838e-07	1.25222e-07	
OG0002152	9.36999e-07	1.77965e-06	5.09315e-07	
OG0002153	1.04312e-13	1.24203e-10	2.69221e-09	
OG0002154	7.05354e-09	2.70678e-07	2.33798e-07	
OG0002155	3.9188e-05	4.60365e-05	3.38299e-06	
OG0002156	7.99417e-07	1.87361e-06	4.36063e-07	
OG0002157	3.33031e-19	1.91191e-13	8.13434e-11	
OG0002158	6.31728e-08	5.31351e-07	1.93982e-07	
OG0002159	7.58186e-12	1.57987e-09	7.43459e-09	
OG0002160	7.00444e-09	2.27446e-07	1.82101e-07	
OG0002161	1.29206e-06	3.14819e-06	7.18186e-07	
OG0002162	5.60266e-12	5.18838e-08	1.4565e-07	
OG0002163	1.12067e-07	9.32012e-07	3.58295e-07	
OG0002164	2.04872e-06	5.99954e-06	9.11327e-07	
OG0002165	3.71666e-09	4.90226e-07	4.54495e-07	
OG0002166	1.40223e-33	7.66119e-23	1.63401e-16	
OG0002167	1.00413e-14	1.81636e-10	8.63284e-09	
OG0002168	7.60041e-11	1.01474e-08	5.29646e-08	
OG0002169	2.49184e-09	1.85818e-08	2.01315e-08	
OG0002170	3.33031e-19	1.91191e-13	8.13434e-11	
OG0002171	3.50176e-07	5.7228e-06	1.94625e-06	
OG0002172	1.88004e-08	4.13252e-07	4.14804e-07	
OG0002173	4.84747e-08	4.27218e-07	1.67097e-07	
OG0002174	3.6464e-10	7.74795e-08	1.22418e-07	
OG0002175	1.35501e-10	2.1171e-08	8.78437e-08	
OG0002176	1.23013e-05	5.47215e-05	5.6719e-06	
OG0002200	7.17467e-22	4.94948e-13	4.72343e-10	
OG0002201	9.01769e-13	3.01454e-10	2.55181e-09	
OG0002203	3.64543e-20	5.7178e-14	9.89531e-11	
OG0002204	1.52337e-13	3.59687e-10	4.17275e-09	
OG0002205	4.95714e-09	5.08539e-07	1.13772e-06	
OG0002206	8.15901e-10	5.94936e-08	1.34505e-07	
OG0002207	8.49348e-09	1.15631e-07	1.9989e-07	
OG0002208	6.26895e-11	3.80754e-08	1.11475e-07	
OG0002209	1.56184e-09	8.07721e-08	1.09269e-07	
OG0002210	2.59033e-10	6.78135e-09	1.38327e-08	
OG0002211	1.90759e-15	5.03674e-11	2.00146e-09	
OG0002212	7.62448e-09	5.58365e-07	4.32026e-07	
OG0002213	1.29792e-07	1.44352e-06	7.54265e-07	
OG0002214	2.40091e-11	6.65108e-08	2.7515e-07	
OG0002215	3.11214e-07	8.55602e-06	4.27916e-06	
OG0002216	2.88116e-08	2.10282e-06	1.24139e-06	
OG0002217	4.39284e-20	1.18484e-13	1.06875e-10	
OG0002218	1.50373e-09	1.00031e-07	2.27951e-07	
OG0002219	1.14376e-10	3.86327e-08	1.49277e-07	
OG0002220	3.27843e-08	1.79004e-06	1.2596e-06	
OG0002221	2.20489e-16	9.70653e-12	1.20812e-09	
OG0002222	7.23108e-10	3.787e-07	7.39163e-07	
OG0002223	2.5986e-12	1.09505e-09	1.06792e-08	
OG0002224	1.66895e-20	2.15929e-14	1.39179e-11	
OG0002225	5.6325e-08	1.7867e-06	7.63696e-07	
OG0002226	2.68875e-10	5.31798e-08	1.73549e-07	
OG0002227	7.91245e-11	7.59858e-09	2.6328e-08	
OG0002228	2.51371e-14	2.64566e-11	3.29931e-10	
OG0002229	1.52611e-07	8.45856e-07	3.71499e-07	
OG0002230	3.85066e-13	1.25648e-09	1.73406e-08	
OG0002231	3.19993e-12	6.19782e-10	3.50123e-09	
OG0002232	2.96748e-06	9.37977e-06	1.86675e-06	
OG0002233	9.96851e-06	3.94825e-06	3.93712e-07	
OG0002234	1.33253e-14	3.8723e-11	1.23211e-09	
OG0002235	8.79656e-10	1.66178e-07	2.43647e-07	
OG0002236	1.66224e-13	2.45497e-10	3.8989e-09	
OG0002237	0.000161775	0.000120427	4.67784e-06	
OG0002238	1.5814e-06	5.01049e-06	8.62017e-07	
OG0002239	1.41452e-05	1.02438e-05	1.05632e-06	
OG0002240	7.81115e-09	3.19667e-07	3.5144e-07	
OG0002241	2.36754e-11	8.17455e-10	1.55564e-09	
OG0002242	2.48545e-07	2.8885e-06	9.58696e-07	
OG0002243	4.0598e-08	1.5931e-06	7.97183e-07	
OG0002244	1.22846e-08	3.30361e-07	4.48382e-07	
OG0002245	4.9087e-11	2.87784e-08	1.27553e-07	
OG0002246	2.48545e-07	2.8885e-06	9.58696e-07	
OG0002247	3.92093e-08	3.02458e-07	1.46904e-07	
OG0002248	1.72744e-14	4.5894e-11	1.9247e-09	
OG0002249	3.59836e-06	4.33281e-06	9.21625e-07	
OG0002250	7.18716e-11	3.47179e-09	1.28781e-08	
OG0002251	8.51812e-08	1.23832e-07	2.34948e-08	
OG0002252	1.67766e-09	1.26913e-06	7.49665e-07	
OG0002253	1.80348e-11	3.06286e-09	1.04647e-08	
OG0002254	9.68914e-09	3.6442e-07	2.283e-07	
OG0002255	7.49581e-06	9.34457e-06	1.42546e-06	
OG0002256	1.3775e-06	6.10738e-06	8.27811e-07	
OG0002257	5.26642e-12	2.73883e-10	3.03527e-10	
OG0002258	5.65031e-13	2.58259e-10	1.61842e-09	
OG0002259	7.39643e-09	1.7369e-07	2.03939e-07	
OG0002260	1.38347e-06	5.73098e-06	7.27124e-07	
OG0002261	2.02274e-08	4.7092e-07	3.46871e-07	
OG0002262	3.59836e-06	4.33281e-06	9.21625e-07	
OG0002263	1.5801e-07	1.11131e-06	3.11566e-07	
OG0002264	8.57804e-17	3.85465e-13	3.29519e-11	
OG0002265	5.82155e-16	2.0542e-11	1.90492e-09	
OG0002266	4.92551e-06	2.11294e-05	2.37438e-06	
OG0002267	9.05414e-11	1.04196e-08	3.05756e-08	
OG0002268	1.89133e-10	6.95975e-08	1.00093e-07	
OG0002269	1.39609e-49	4.61125e-33	8.46086e-23	
OG0002270	0.000133733	2.71545e-05	9.65746e-07	
OG0002271	2.68305e-09	1.4355e-07	1.62845e-07	
OG0002272	5.58103e-13	3.99129e-10	2.80605e-09	
OG0002273	1.16893e-06	2.6546e-06	3.90312e-07	
OG0002274	1.07554e-06	2.6707e-06	6.10395e-07	
OG0002275	8.25506e-09	1.5677e-08	4.70443e-09	
OG0002276	1.21048e-05	1.77423e-05	1.90128e-06	
OG0002277	2.01334e-09	9.34068e-08	1.73478e-07	
OG0002278	4.85921e-10	8.03324e-09	1.14979e-08	
OG0002279	3.83035e-14	5.97692e-11	1.56066e-09	
OG0002280	1.44514e-08	4.3709e-07	5.9339e-07	
OG0002281	1.0279e-48	1.72961e-31	3.45934e-21	
OG0002282	4.59949e-15	7.7847e-11	4.37533e-09	
OG0002283	2.1832e-12	6.02626e-09	4.46522e-08	
OG0002284	7.73497e-08	1.7426e-06	1.5392e-06	
OG0002285	4.92551e-06	2.11294e-05	2.37438e-06	
OG0002286	4.72534e-09	2.66548e-07	2.03859e-07	
OG0002287	1.46284e-07	1.12235e-06	3.37996e-07	
OG0002288	1.02353e-09	2.25382e-08	2.94441e-08	
OG0002289	1.70261e-09	8.68571e-08	1.10776e-07	
OG0002290	1.00571e-09	3.46025e-07	5.67626e-07	
OG0002291	2.1985e-46	1.53973e-31	7.6242e-22	
OG0002292	2.24286e-36	4.43627e-25	5.25833e-18	
OG0002321	7.07077e-09	5.89284e-08	6.35508e-08	
OG0002322	7.95e-14	4.04228e-10	7.05983e-09	
OG0002323	1.22475e-12	1.83424e-09	1.15809e-08	
OG0002324	8.08458e-08	1.11305e-06	5.57806e-07	
OG0002325	5.14748e-10	1.61589e-07	3.0518e-07	
OG0002326	4.05981e-09	2.24334e-07	2.14279e-07	
OG0002327	2.53693e-12	1.25882e-09	1.43116e-08	
OG0002328	7.32196e-10	9.28631e-08	2.95542e-07	
OG0002329	4.70466e-09	7.48199e-08	7.84444e-08	
OG0002330	3.11992e-08	1.6211e-07	1.07024e-07	
OG0002331	1.89524e-22	9.82456e-16	4.96606e-12	
OG0002332	8.50987e-09	6.28227e-07	5.38275e-07	
OG0002333	9.83982e-07	2.32933e-06	5.74078e-07	
OG0002334	1.08265e-08	8.48115e-08	6.94619e-08	
OG0002335	1.23457e-06	3.27924e-06	8.0497e-07	
OG0002336	1.88537e-16	8.34587e-13	3.62961e-11	
OG0002337	1.27364e-08	2.18534e-06	1.72299e-06	
OG0002338	9.97869e-08	1.04081e-06	5.75105e-07	
OG0002339	5.57905e-17	8.10198e-12	8.6988e-10	
OG0002340	1.49058e-14	1.14864e-10	2.98052e-09	
OG0002341	4.39284e-20	1.18484e-13	1.06875e-10	
OG0002342	1.4576e-06	2.76291e-06	3.85828e-07	
OG0002343	4.64474e-06	1.35171e-05	1.21367e-06	
OG0002344	1.10901e-06	1.81108e-06	2.57252e-07	
OG0002345	2.55545e-08	1.92413e-07	2.26153e-07	
OG0002346	0.000189758	7.15595e-05	2.69288e-06	
OG0002347	8.60542e-07	1.9723e-06	3.29829e-07	
OG0002348	2.98554e-14	1.91913e-10	5.14023e-09	
OG0002349	3.00957e-12	2.68533e-09	1.71565e-08	
OG0002350	1.31398e-10	3.53969e-09	7.21176e-09	
OG0002351	2.44487e-08	1.02385e-06	1.04778e-06	
OG0002352	2.18928e-08	2.03705e-07	8.2379e-08	
OG0002353	3.34788e-08	4.0627e-06	1.30996e-06	
OG0002354	8.74134e-07	2.31809e-06	5.71452e-07	
OG0002356	1.69743e-05	1.19926e-05	6.75372e-07	
OG0002357	7.55785e-19	8.17931e-14	2.4827e-11	
OG0002358	3.00957e-12	2.68533e-09	1.71565e-08	
OG0002359	4.88482e-13	4.87996e-10	9.83438e-09	
OG0002360	1.15019e-06	1.4992e-06	1.71229e-07	
OG0002361	3.9188e-05	4.60365e-05	3.38299e-06	
OG0002362	7.10581e-07	2.06109e-05	3.08574e-06	
OG0002363	1.27881e-13	1.36365e-09	2.83702e-08	
OG0002364	2.822e-10	6.66787e-08	2.69438e-07	
OG0002365	2.54721e-08	3.52627e-06	1.66875e-06	
OG0002366	0.000161775	0.000120427	4.67784e-06	
OG0002367	1.24128e-07	1.8372e-06	8.99357e-07	
OG0002368	4.81136e-08	4.09686e-08	1.46961e-08	
OG0002369	6.51326e-14	2.93733e-11	3.8366e-10	
OG0002370	2.05978e-06	7.11543e-06	1.23868e-06	
OG0002371	1.61696e-08	1.90921e-07	2.2446e-07	
OG0002372	3.25023e-11	1.07438e-08	3.43528e-08	
OG0002373	2.32708e-07	4.93077e-06	1.75444e-06	
OG0002374	1.764e-05	1.68279e-05	1.26887e-06	
OG0002375	2.09688e-08	1.3109e-06	7.86846e-07	
OG0002376	7.01e-12	1.41442e-09	5.88995e-09	
OG0002377	0.000227766	8.43109e-05	1.75798e-06	
OG0002378	8.57717e-28	1.69764e-19	2.1101e-14	
OG0002379	7.4541e-10	4.09766e-09	2.60647e-09	
OG0002380	7.10581e-07	2.06109e-05	3.08574e-06	
OG0002381	3.76286e-10	7.11207e-08	2.20516e-07	
OG0002382	2.72814e-09	7.23268e-08	7.69258e-08	
OG0002383	3.50068e-13	5.31016e-10	2.73553e-09	
OG0002384	3.00957e-12	2.68533e-09	1.71565e-08	
OG0002385	5.6325e-08	1.7867e-06	7.63696e-07	
OG0002386	9.61527e-18	5.44027e-13	4.1424e-11	
OG0002387	6.48193e-10	9.35433e-09	5.28301e-09	
OG0002388	2.55851e-23	3.20154e-16	3.37721e-12	
OG0002389	2.3756e-19	2.10706e-13	1.45121e-10	
OG0002390	2.61945e-17	8.11185e-12	1.56791e-09	
OG0002391	1.36667e-06	2.72246e-06	5.39527e-07	
OG0002392	1.3149e-06	2.44678e-06	5.17287e-07	
OG0002393	1.60936e-10	2.21159e-08	8.93714e-08	
OG0002394	5.03924e-12	9.16185e-10	2.99743e-09	
OG0002395	8.09727e-20	1.18399e-14	3.91208e-12	
OG0002396	2.84343e-08	1.11146e-07	6.28545e-08	
OG0002397	1.44693e-17	9.91069e-13	2.23927e-10	
OG0002398	2.06106e-07	2.02475e-06	4.38355e-07	
OG0002399	9.00758e-16	1.356e-11	1.10566e-09	
OG0002400	1.43553e-08	5.20481e-08	2.00728e-08	
OG0002401	3.15177e-09	1.88316e-08	8.77717e-09	
OG0002402	1.96615e-15	7.11824e-11	3.91602e-09	
OG0002403	3.01176e-08	8.78582e-07	5.96259e-07	
OG0002404	5.31422e-12	3.55726e-09	2.41618e-08	
OG0002405	0.000522115	0.000321531	9.32367e-06	
OG0002406	8.50987e-09	6.28227e-07	5.38275e-07	
OG0002407	1.6626e-06	7.64943e-06	2.49925e-06	
OG0002408	8.2633e-27	1.92127e-18	1.08677e-13	
OG0002434	1.4863e-06	3.35273e-06	7.5648e-07	
OG0002435	2.42846e-05	3.13786e-05	1.80831e-06	
OG0002436	6.67375e-12	8.57251e-10	7.03759e-09	
OG0002437	6.37307e-07	6.23809e-06	1.37246e-06	
OG0002438	1.80357e-07	1.05449e-06	4.61875e-07	
OG0002439	1.78091e-07	2.96767e-07	4.74238e-08	
OG0002440	2.01837e-10	7.11984e-09	3.55147e-08	
OG0002441	6.33537e-11	3.42072e-08	1.25424e-07	
OG0002442	2.5931e-14	6.35483e-11	7.62405e-10	
OG0002443	6.65005e-12	1.72165e-09	2.71758e-08	
OG0002444	1.93027e-09	8.15269e-08	1.66161e-07	
OG0002445	3.51297e-06	1.84709e-05	2.61444e-06	
OG0002446	0.000252128	0.000155294	5.93382e-06	
OG0002447	6.26606e-07	1.39167e-05	2.24113e-06	
OG0002448	1.65954e-36	2.01948e-22	1.38979e-15	
OG0002449	9.55258e-09	3.57797e-07	3.09397e-07	
OG0002450	9.63822e-24	3.93602e-16	3.45355e-13	
OG0002451	8.64786e-13	3.38031e-09	4.36175e-08	
OG0002452	8.50987e-09	6.28227e-07	5.38275e-07	
OG0002453	3.96978e-13	1.66413e-09	2.25414e-08	
OG0002454	3.59516e-10	1.59269e-07	3.6095e-07	
OG0002455	8.93779e-10	1.74902e-07	2.04065e-07	
OG0002456	1.75444e-08	2.24882e-06	1.68064e-06	
OG0002457	0.000147611	4.91305e-05	3.08569e-06	
OG0002458	1.86583e-06	6.34823e-06	1.38787e-06	
OG0002459	2.85658e-09	1.19906e-07	8.19021e-08	
OG0002460	1.32427e-06	8.62659e-06	1.71332e-06	
OG0002461	8.04043e-10	1.28097e-08	1.43308e-08	
OG0002462	0.000142354	3.82133e-05	1.92345e-06	
OG0002463	7.28128e-08	6.98273e-07	3.22486e-07	
OG0002464	1.70625e-08	1.41591e-07	3.98405e-08	
OG0002465	1.98729e-05	2.20171e-05	1.58421e-06	
OG0002466	1.56991e-10	6.47042e-08	1.43986e-07	
OG0002467	1.39919e-15	7.90498e-13	8.40115e-12	
OG0002468	1.55348e-09	1.20547e-08	5.48754e-09	
OG0002469	4.64575e-06	2.18879e-05	2.62201e-06	
OG0002470	2.06487e-09	8.21834e-09	3.53383e-09	
OG0002471	4.76684e-20	2.25956e-14	1.89117e-11	
OG0002472	1.80931e-06	4.44629e-06	7.67511e-07	
OG0002473	3.13267e-11	2.32299e-08	3.70974e-08	
OG0002474	6.29635e-07	2.6668e-06	9.16218e-07	
OG0002475	1.16392e-05	7.85443e-06	9.87057e-07	
OG0002476	2.12301e-06	1.0056e-05	2.42357e-06	
OG0002477	1.33019e-08	5.48761e-07	3.25102e-07	
OG0002478	7.68048e-10	3.18209e-08	4.88372e-08	
OG0002479	1.99761e-08	3.63566e-07	3.66932e-07	
OG0002480	3.96978e-13	1.66413e-09	2.25414e-08	
OG0002481	1.12853e-09	3.75652e-08	2.81743e-08	
OG0002482	5.83115e-10	2.33158e-07	4.13896e-07	
OG0002483	1.26984e-07	8.55657e-07	4.65936e-07	
OG0002484	9.55258e-09	3.57797e-07	3.09397e-07	
OG0002485	1.33019e-08	5.48761e-07	3.25102e-07	
OG0002486	7.23941e-09	4.88979e-08	8.44844e-08	
OG0002487	2.44021e-11	1.15528e-09	3.04373e-09	
OG0002488	4.15889e-09	6.57315e-08	1.76636e-07	
OG0002489	2.56679e-19	7.37066e-14	3.99634e-11	
OG0002490	8.87136e-08	1.03584e-06	7.18484e-07	
OG0002491	1.3713e-06	2.62306e-06	5.94571e-07	
OG0002492	4.83163e-08	3.436e-08	1.00035e-08	
OG0002493	1.17254e-12	1.24646e-09	5.59295e-09	
OG0002494	1.48389e-06	3.83243e-06	8.87111e-07	
OG0002495	9.59519e-11	7.51167e-08	1.16965e-07	
OG0002496	3.22507e-08	6.34667e-07	5.30883e-07	
OG0002497	4.72415e-08	3.2672e-06	1.83843e-06	
OG0002498	0.000147611	4.91305e-05	3.08569e-06	
OG0002499	1.21306e-10	2.23512e-08	3.13511e-08	
OG0002500	9.69421e-10	9.76901e-08	1.97716e-07	
OG0002501	4.49955e-13	3.71655e-10	2.3977e-09	
OG0002502	1.25195e-05	1.10723e-05	2.00828e-06	
OG0002503	1.03044e-05	4.99628e-06	7.6508e-07	
OG0002504	1.02392e-06	4.03591e-06	1.46647e-06	
OG0002505	1.60198e-09	3.29803e-07	4.06661e-07	
OG0002506	5.72918e-10	8.242e-08	2.53229e-07	
OG0002507	1.59841e-05	2.94147e-05	2.4859e-06	
OG0002508	1.64724e-05	2.34447e-05	2.25383e-06	
OG0002509	1.53649e-06	2.43612e-06	3.10293e-07	
OG0002510	1.83133e-14	1.1258e-10	2.10508e-09	
OG0002511	6.40013e-11	1.85589e-07	1.22472e-07	
OG0002512	1.2576e-05	2.68717e-05	1.10348e-06	
OG0002513	7.25792e-10	3.99015e-08	1.11006e-07	
OG0002514	7.18826e-08	2.10926e-07	5.55854e-08	
OG0002515	3.11992e-08	1.6211e-07	1.07024e-07	
OG0002516	1.03125e-05	5.16212e-06	7.42674e-07	
OG0002517	1.6095e-05	1.62269e-05	1.8446e-06	
OG0002518	1.5434e-42	1.92344e-27	1.3889e-18	
OG0002519	5.27983e-10	3.73324e-08	3.76521e-08	
OG0002520	8.23918e-07	2.86244e-06	3.077e-07	
OG0002521	5.79623e-10	5.99446e-08	9.41845e-08	
OG0002522	1.15567e-07	7.32257e-07	5.82441e-07	
OG0002523	4.17985e-12	1.0185e-09	6.52676e-09	
OG0002524	8.0784e-11	1.6599e-08	7.70643e-08	
OG0002525	8.77154e-16	4.52141e-12	1.23399e-10	
OG0002526	7.22378e-08	2.94818e-07	1.92794e-07	
OG0002527	1.00048e-07	5.01424e-07	3.24104e-07	
OG0002528	2.74734e-12	3.9361e-10	6.04621e-10	
OG0002529	2.55728e-26	2.8058e-20	2.99725e-16	
OG0002568	2.87409e-16	2.24298e-12	4.57012e-10	
OG0002569	8.35524e-09	1.416e-07	9.96963e-08	
OG0002570	3.88232e-06	7.1489e-06	1.56356e-06	
OG0002571	8.89743e-10	2.09707e-08	4.09501e-08	
OG0002572	2.10808e-06	1.02804e-05	1.51348e-06	
OG0002573	2.70398e-07	2.95036e-06	1.12613e-06	
OG0002574	3.34788e-08	4.0627e-06	1.30996e-06	
OG0002575	1.64724e-05	2.34447e-05	2.25383e-06	
OG0002576	5.58169e-05	0.000111088	5.89766e-06	
OG0002577	4.13421e-07	2.63717e-05	3.41981e-06	
OG0002578	2.29918e-10	3.42922e-08	1.43737e-07	
OG0002579	3.25415e-10	1.28514e-08	3.37742e-08	
OG0002580	1.39212e-05	4.94956e-05	3.72463e-06	
OG0002581	5.15729e-11	1.66345e-09	4.02389e-09	
OG0002582	1.44603e-05	5.46871e-05	3.87493e-06	
OG0002583	3.7739e-28	1.72643e-18	3.02569e-13	
OG0002584	1.16916e-05	6.88288e-06	7.21177e-07	
OG0002585	1.46201e-06	6.08168e-06	1.36441e-06	
OG0002586	2.23822e-07	2.83296e-06	1.37075e-06	
OG0002587	7.61356e-12	4.06615e-09	3.11598e-08	
OG0002588	3.76997e-12	2.55066e-09	1.36785e-08	
OG0002589	0.00197011	0.000354151	8.83647e-06	
OG0002590	7.64552e-11	3.71484e-08	1.23746e-07	
OG0002591	1.39212e-05	4.94956e-05	3.72463e-06	
OG0002592	3.33525e-08	8.19014e-07	9.59956e-07	
OG0002593	8.79656e-10	1.66178e-07	2.43647e-07	
OG0002594	5.79623e-10	5.99446e-08	9.41845e-08	
OG0002595	1.16916e-05	6.88288e-06	7.21177e-07	
OG0002596	1.36278e-10	3.08872e-07	7.13628e-07	
OG0002597	2.10808e-06	1.02804e-05	1.51348e-06	
OG0002598	2.11888e-12	1.24553e-09	5.7416e-09	
OG0002599	1.45144e-06	2.72228e-06	4.49089e-07	
OG0002600	8.0303e-09	2.54438e-07	1.00668e-07	
OG0002601	1.64916e-12	5.08278e-10	4.51331e-09	
OG0002602	1.06511e-09	1.28915e-07	2.78738e-07	
OG0002603	2.14229e-05	3.56606e-05	3.36502e-06	
OG0002604	1.12767e-09	1.22909e-07	2.06366e-07	
OG0002605	1.09717e-09	1.31284e-08	1.95154e-08	
OG0002606	1.39212e-05	4.94956e-05	3.72463e-06	
OG0002607	3.46542e-07	4.0746e-06	1.13727e-06	
OG0002608	8.40797e-06	9.78568e-05	5.85075e-06	
OG0002609	6.25356e-12	9.02648e-08	4.01876e-07	
OG0002610	2.14994e-05	3.41752e-05	3.61207e-06	
OG0002611	2.63487e-08	4.4769e-07	2.70208e-07	
OG0002612	0.00197011	0.000354151	8.83647e-06	
OG0002613	4.02448e-23	7.74155e-17	1.66331e-13	
OG0002614	9.71067e-07	1.83078e-06	9.40272e-07	
OG0002615	4.88834e-08	5.31905e-07	2.70632e-07	
OG0002616	1.0394e-07	1.25146e-06	4.84132e-07	
OG0002617	5.38649e-10	1.72356e-07	2.6799e-07	
OG0002618	1.39212e-05	4.94956e-05	3.72463e-06	
OG0002619	1.39212e-05	4.94956e-05	3.72463e-06	
OG0002620	2.59934e-09	2.2122e-07	1.21349e-07	
OG0002621	1.95219e-05	2.47583e-05	2.44835e-06	
OG0002622	3.65557e-18	1.34049e-13	3.7428e-11	
OG0002623	2.10808e-06	1.02804e-05	1.51348e-06	
OG0002624	1.11495e-07	5.48734e-07	3.30773e-07	
OG0002625	4.93895e-08	1.97307e-06	5.98338e-07	
OG0002626	9.14292e-13	1.10298e-09	8.2921e-09	
OG0002627	3.36424e-14	3.69937e-10	1.37014e-08	
OG0002628	2.22151e-12	3.60574e-10	1.89129e-09	
OG0002629	1.36027e-06	3.19903e-06	9.75779e-07	
OG0002630	7.22924e-12	1.14923e-08	8.2811e-08	
OG0002631	1.64189e-15	2.43119e-11	3.6173e-09	
OG0002632	3.80799e-12	2.17871e-09	2.42309e-08	
OG0002633	4.13421e-07	2.63717e-05	3.41981e-06	
OG0002634	5.25506e-09	7.71896e-08	1.66869e-07	
OG0002635	5.6842e-14	6.6194e-11	3.0552e-09	
OG0002636	2.1836e-09	6.20872e-08	2.67535e-08	
OG0002637	1.98136e-15	8.29934e-12	2.25972e-10	
OG0002638	6.29635e-07	2.6668e-06	9.16218e-07	
OG0002639	2.40753e-06	8.80455e-06	1.75355e-06	
OG0002640	1.27174e-06	1.66008e-06	2.28787e-07	
OG0002641	6.9045e-12	1.13948e-09	8.07149e-09	
OG0002642	1.14243e-11	9.79382e-10	2.04472e-09	
OG0002643	1.1813e-06	2.21178e-05	3.90537e-06	
OG0002644	1.12767e-09	1.22909e-07	2.06366e-07	
OG0002645	6.68184e-05	0.00014099	6.26098e-06	
OG0002646	2.10808e-06	1.02804e-05	1.51348e-06	
OG0002647	1.41379e-05	1.01398e-05	1.14295e-06	
OG0002648	5.87518e-11	5.81806e-09	1.3336e-08	
OG0002649	5.74874e-12	1.05695e-09	6.72451e-09	
OG0002650	3.0292e-06	1.10528e-05	2.13367e-06	
OG0002651	4.57105e-08	2.52508e-06	1.49423e-06	
OG0002652	1.0394e-07	1.25146e-06	4.84132e-07	
OG0002653	2.64083e-08	5.99332e-07	5.29507e-07	
OG0002654	3.0292e-06	1.10528e-05	2.13367e-06	
OG0002655	8.22625e-11	8.91199e-09	1.36216e-08	
OG0002656	6.12195e-16	1.18544e-11	7.49219e-10	
OG0002657	4.1047e-09	3.52279e-07	8.54628e-07	
OG0002658	1.46201e-06	6.08168e-06	1.36441e-06	
OG0002659	1.84922e-10	1.89063e-08	7.82043e-08	
OG0002660	3.73462e-13	5.61673e-11	1.99832e-10	
OG0002661	4.08533e-05	5.57614e-05	4.06476e-06	
OG0002662	3.0935e-11	5.24157e-09	1.64335e-08	
OG0002663	1.80025e-09	9.06486e-08	1.56968e-07	
OG0002664	1.40029e-06	3.4791e-06	1.02965e-06	
OG0002665	1.76378e-05	1.69839e-05	1.30136e-06	
OG0002666	1.39212e-05	4.94956e-05	3.72463e-06	
OG0002667	1.11667e-07	6.22137e-07	4.30166e-07	
OG0002668	1.21507e-06	1.60599e-06	2.38237e-07	
OG0002669	2.68378e-09	1.43709e-07	2.24745e-07	
OG0002670	1.1569e-05	7.09179e-06	9.64074e-07	
OG0002671	2.56702e-28	5.13807e-17	7.23961e-12	
OG0002672	4.04375e-06	3.09335e-05	5.13017e-06	
OG0002673	3.85582e-09	5.06588e-07	7.12556e-07	
OG0002674	2.29025e-31	2.4553e-21	2.26454e-15	
OG0002675	5.62927e-09	7.79292e-07	1.04608e-06	
OG0002676	8.25111e-12	3.48531e-09	1.20911e-08	
OG0002677	1.57868e-05	7.33036e-05	5.12831e-06	
OG0002678	1.2939e-07	1.35235e-06	1.32654e-06	
OG0002679	1.24838e-09	8.91718e-08	2.1113e-07	
OG0002680	1.26984e-07	8.55657e-07	4.65936e-07	
OG0002681	1.11495e-07	5.48734e-07	3.30773e-07	
OG0002682	8.75932e-09	1.24309e-07	1.86135e-07	
OG0002683	1.39506e-07	2.74693e-06	1.83088e-06	
OG0002684	2.93265e-08	8.96356e-07	6.86176e-07	
OG0002685	1.98404e-05	2.51195e-05	1.82845e-06	
OG0002686	1.25195e-05	1.10723e-05	2.00828e-06	
OG0002687	1.44714e-11	3.10444e-09	1.28692e-08	
OG0002688	0.00198061	0.000343647	7.86574e-06	
OG0002689	1.26003e-09	2.21731e-07	4.06508e-07	
OG0002690	0.000133716	2.74062e-05	9.90474e-07	
OG0002691	4.78732e-06	1.91033e-05	2.37464e-06	
OG0002692	1.13174e-08	1.93468e-07	1.93942e-07	
OG0002693	3.34916e-43	5.5632e-29	6.17199e-20	
OG0002742	2.67853e-15	8.19618e-11	5.27535e-09	
OG0002743	3.36374e-14	6.30324e-11	1.37351e-09	
OG0002744	1.64724e-05	2.34447e-05	2.25383e-06	
OG0002746	4.91287e-11	1.3373e-08	5.84203e-08	
OG0002747	0.000252128	0.000155294	5.93382e-06	
OG0002748	6.88695e-05	0.000199257	1.22501e-05	
OG0002749	0.000186798	0.000348033	9.7236e-06	
OG0002750	8.23918e-07	2.86244e-06	3.077e-07	
OG0002751	3.0292e-06	1.10528e-05	2.13367e-06	
OG0002752	0.000167397	8.13246e-05	5.01109e-06	
OG0002753	8.18424e-10	1.03158e-07	3.18143e-07	
OG0002754	0.000167995	7.79372e-05	5.37899e-06	
OG0002755	5.16909e-06	2.85294e-05	4.44482e-06	
OG0002756	2.21593e-05	4.82986e-05	7.0673e-06	
OG0002757	4.14494e-12	1.67903e-09	2.38656e-08	
OG0002758	4.98327e-09	9.82427e-08	1.2219e-07	
OG0002759	2.71424e-11	3.43052e-09	6.59374e-09	
OG0002760	1.11768e-15	1.62459e-11	1.09692e-09	
OG0002761	0.000252128	0.000155294	5.93382e-06	
OG0002762	4.50411e-13	7.92262e-10	1.4708e-08	
OG0002763	6.97842e-09	3.96151e-07	3.77155e-07	
OG0002764	0.000167397	8.13246e-05	5.01109e-06	
OG0002765	1.94645e-05	3.01769e-05	4.3835e-06	
OG0002766	1.64724e-05	2.34447e-05	2.25383e-06	
OG0002767	7.13164e-07	2.22136e-05	4.10902e-06	
OG0002768	1.64724e-05	2.34447e-05	2.25383e-06	
OG0002769	2.93618e-14	7.33812e-11	1.49608e-09	
OG0002770	2.14229e-05	3.56606e-05	3.36502e-06	
OG0002771	4.68636e-09	2.24754e-07	1.26781e-07	
OG0002772	1.48632e-06	4.39813e-06	1.22414e-06	
OG0002773	0.00198061	0.000343647	7.86574e-06	
OG0002774	1.18074e-06	1.11933e-05	2.51095e-06	
OG0002775	1.18074e-06	1.11933e-05	2.51095e-06	
OG0002776	6.99331e-11	3.91739e-08	1.29535e-07	
OG0002777	2.10808e-06	1.02804e-05	1.51348e-06	
OG0002778	1.66263e-12	7.25741e-10	2.84765e-09	
OG0002779	3.80713e-15	5.96615e-11	3.19566e-09	
OG0002780	6.01179e-07	2.74705e-06	3.28242e-07	
OG0002781	0.000167464	7.41865e-05	4.4184e-06	
OG0002782	3.90217e-11	4.62094e-09	1.04524e-08	
OG0002783	0.000252128	0.000155294	5.93382e-06	
OG0002784	2.75907e-14	1.58654e-10	4.20019e-09	
OG0002785	3.20471e-08	4.30414e-06	1.58859e-06	
OG0002786	1.31425e-05	1.42962e-05	2.56035e-06	
OG0002787	1.77694e-10	2.09028e-08	8.77636e-08	
OG0002788	1.37102e-08	7.75545e-07	6.36088e-07	
OG0002789	2.16736e-07	1.92328e-06	7.09553e-07	
OG0002790	1.16397e-07	3.2766e-06	9.50004e-07	
OG0002791	1.64724e-05	2.34447e-05	2.25383e-06	
OG0002792	1.64724e-05	2.34447e-05	2.25383e-06	
OG0002793	5.5671e-08	2.21544e-06	8.77545e-07	
OG0002794	1.22925e-06	1.32073e-05	3.54558e-06	
OG0002796	1.12767e-09	1.22909e-07	2.06366e-07	
OG0002797	1.50862e-09	6.76685e-08	3.77264e-08	
OG0002798	1.13898e-13	1.30454e-10	1.44723e-09	
OG0002799	7.36252e-06	6.88425e-05	7.74877e-06	
OG0002800	3.86831e-09	5.55483e-07	9.01548e-07	
OG0002801	9.81235e-06	4.49367e-05	3.92998e-06	
OG0002802	8.47169e-09	7.36505e-08	1.11618e-07	
OG0002803	1.5102e-07	1.38897e-06	5.70888e-07	
OG0002804	5.65863e-06	3.12516e-05	3.97499e-06	
OG0002805	6.40857e-11	1.643e-08	5.66253e-08	
OG0002806	8.81158e-09	2.80297e-07	3.07314e-07	
OG0002807	1.08182e-07	8.42721e-07	5.87934e-07	
OG0002808	8.81158e-09	2.80297e-07	3.07314e-07	
OG0002809	0.000167397	8.13246e-05	5.01109e-06	
OG0002810	0.000252128	0.000155294	5.93382e-06	
OG0002811	3.99566e-07	6.84953e-06	2.80337e-06	
OG0002812	3.46488e-08	8.08512e-07	3.0574e-07	
OG0002813	1.23971e-16	7.39369e-12	4.50525e-10	
OG0002814	4.96477e-12	6.31017e-09	6.21633e-08	
OG0002815	6.32079e-08	1.22789e-07	8.72449e-08	
OG0002816	2.59481e-06	1.10187e-05	2.40935e-06	
OG0002817	2.20805e-05	5.03979e-05	6.58393e-06	
OG0002818	1.78752e-07	2.31298e-06	9.87131e-07	
OG0002819	0.000252128	0.000155294	5.93382e-06	
OG0002820	0.000252128	0.000155294	5.93382e-06	
OG0002821	0.00197011	0.000354151	8.83647e-06	
OG0002822	6.82676e-11	2.79291e-09	8.3641e-09	
OG0002823	0.000167397	8.13246e-05	5.01109e-06	
OG0002824	0.00197011	0.000354151	8.83647e-06	
OG0002825	2.13013e-05	3.2492e-05	3.35811e-06	
OG0002826	1.03262e-34	7.14852e-24	2.41871e-17	
OG0002827	0.000252128	0.000155294	5.93382e-06	
OG0002828	6.94626e-15	3.10062e-11	1.41971e-09	
OG0002829	4.88329e-09	1.56835e-07	1.88483e-07	
OG0002830	1.64724e-05	2.34447e-05	2.25383e-06	
OG0002831	5.27282e-09	8.49753e-08	5.00472e-08	
OG0002832	4.04375e-06	3.09335e-05	5.13017e-06	
OG0002833	2.13069e-06	4.75878e-06	7.27797e-07	
OG0002834	0.000261252	0.000212962	1.03346e-05	
OG0002835	0.000147611	4.91305e-05	3.08569e-06	
OG0002836	8.81158e-09	2.80297e-07	3.07314e-07	
OG0002837	0.000252128	0.000155294	5.93382e-06	
OG0002838	1.18074e-06	1.11933e-05	2.51095e-06	
OG0002839	2.01647e-07	1.83841e-06	1.00135e-06	
OG0002840	9.71067e-07	1.83078e-06	9.40272e-07	
OG0002841	2.67256e-14	1.28282e-10	2.50115e-09	
OG0002842	1.39212e-05	4.94956e-05	3.72463e-06	
OG0002843	0.00198061	0.000343647	7.86574e-06	
OG0002844	4.10654e-20	1.9609e-14	3.54365e-11	
OG0002845	7.18214e-08	8.62196e-07	3.33361e-07	
OG0002846	0.000252128	0.000155294	5.93382e-06	
OG0002847	3.46542e-07	4.0746e-06	1.13727e-06	
OG0002848	2.75017e-06	4.29693e-06	4.49623e-07	
OG0002849	1.95219e-05	2.47583e-05	2.44835e-06	
OG0002850	2.89721e-35	2.17898e-22	2.80712e-15	
OG0002851	1.02816e-05	4.46334e-06	4.58203e-07	
OG0002852	7.36252e-06	6.88425e-05	7.74877e-06	
OG0002853	1.64724e-05	2.34447e-05	2.25383e-06	
OG0002854	0.000235138	0.000104223	2.9397e-06	
OG0002855	3.1338e-06	1.02522e-05	3.22597e-06	
OG0002856	1.64724e-05	2.34447e-05	2.25383e-06	
OG0002857	5.15825e-10	2.72326e-08	6.40568e-08	
OG0002858	4.57105e-08	2.52508e-06	1.49423e-06	
OG0002859	8.50322e-17	1.96245e-12	1.97968e-10	
OG0002860	6.52328e-13	3.84495e-10	6.04163e-09	
OG0002861	0.000167397	8.13246e-05	5.01109e-06	
OG0002862	3.07329e-06	6.81763e-06	1.12921e-06	
OG0002863	1.02392e-06	4.03591e-06	1.46647e-06	
OG0002864	0.000167397	8.13246e-05	5.01109e-06	
OG0002865	0.000147565	4.86951e-05	3.33632e-06	
OG0002866	4.42429e-08	8.10154e-07	4.57181e-07	
OG0002867	0.00197011	0.000354151	8.83647e-06	
OG0002868	5.62927e-09	7.79292e-07	1.04608e-06	
OG0002869	3.75759e-06	8.56247e-06	6.53851e-07	
OG0002870	2.14229e-05	3.56606e-05	3.36502e-06	
OG0002871	3.20513e-08	7.07e-08	1.88776e-08	
OG0002872	7.36252e-06	6.88425e-05	7.74877e-06	
OG0002873	1.37102e-08	7.75545e-07	6.36088e-07	
OG0002874	1.64724e-05	2.34447e-05	2.25383e-06	
OG0002875	7.103e-09	2.21667e-07	2.87165e-07	
OG0002876	0.00338312	0.00109196	1.5491e-05	
OG0002877	2.52785e-17	3.52375e-11	8.5131e-09	
OG0002878	6.06235e-10	1.10228e-08	1.4948e-08	
OG0002879	8.32514e-13	2.02617e-10	1.2469e-09	
OG0002880	1.74954e-05	1.69488e-05	1.32142e-06	
OG0002881	3.99566e-07	6.84953e-06	2.80337e-06	
OG0002882	1.39676e-06	5.2748e-06	1.47001e-06	
OG0002883	4.36774e-13	4.61348e-09	6.21223e-08	
OG0002884	1.26984e-07	8.55657e-07	4.65936e-07	
OG0002885	2.17279e-06	1.4529e-05	2.96125e-06	
OG0002886	2.48464e-21	5.22765e-16	3.68909e-13	
OG0002887	2.25062e-09	8.77456e-08	5.23454e-08	
OG0002888	3.99566e-07	6.84953e-06	2.80337e-06	
OG0002889	1.37102e-08	7.75545e-07	6.36088e-07	
OG0002890	1.37102e-08	7.75545e-07	6.36088e-07	
OG0002891	7.36252e-06	6.88425e-05	7.74877e-06	
OG0002892	1.66262e-39	9.77884e-27	5.6585e-19	
OG0002893	3.51147e-19	2.30726e-15	4.00547e-13	
OG0002934	1.64724e-05	2.34447e-05	2.25383e-06	
OG0002935	1.94645e-05	3.01769e-05	4.3835e-06	
OG0002936	2.17279e-06	1.4529e-05	2.96125e-06	
OG0002938	2.10808e-06	1.02804e-05	1.51348e-06	
OG0002939	1.83028e-05	1.89625e-05	1.72934e-06	
OG0002940	0.00197011	0.000354151	8.83647e-06	
OG0002941	8.0211e-07	8.62425e-07	3.04149e-07	
OG0002942	1.44735e-06	2.6338e-06	4.0013e-07	
OG0002943	1.48389e-06	3.83243e-06	8.87111e-07	
OG0002945	7.13164e-07	2.22136e-05	4.10902e-06	
OG0002946	1.19085e-30	6.89849e-23	7.46842e-18	
OG0002947	1.27134e-06	1.64548e-06	2.4778e-07	
OG0002948	2.65351e-14	1.77673e-11	4.82222e-10	
OG0002949	0.00013693	3.38235e-05	1.69044e-06	
OG0002951	1.1304e-07	9.05472e-06	3.01019e-06	
OG0002952	1.27824e-11	4.12175e-09	9.99055e-09	
OG0002953	0.00223413	0.000524502	1.21666e-05	
OG0002954	1.64724e-05	2.34447e-05	2.25383e-06	
OG0002955	8.48202e-10	8.67051e-08	2.9301e-07	
OG0002956	1.64724e-05	2.34447e-05	2.25383e-06	
OG0002957	0.000269931	0.000242491	1.20785e-05	
OG0002958	0.000252128	0.000155294	5.93382e-06	
OG0002959	6.33744e-19	2.26842e-13	7.27917e-11	
OG0002960	0.00224225	0.000565288	1.62013e-05	
OG0002961	1.39676e-06	5.2748e-06	1.47001e-06	
OG0002962	1.44775e-11	8.26901e-10	3.22572e-09	
OG0002963	9.81583e-13	6.95098e-10	7.21254e-09	
OG0002964	1.03093e-13	6.48839e-10	1.83308e-08	
OG0002965	9.37208e-07	3.81549e-06	4.13692e-07	
OG0002966	1.29189e-05	1.23836e-05	2.13035e-06	
OG0002967	2.13846e-05	3.51193e-05	4.00027e-06	
OG0002968	1.39844e-06	3.33453e-06	8.86746e-07	
OG0002969	0.000152543	5.64617e-05	3.64602e-06	
OG0002970	4.16546e-14	3.91392e-11	5.84993e-10	
OG0002971	0.000186798	0.000348033	9.7236e-06	
OG0002972	0.00197011	0.000354151	8.83647e-06	
OG0002973	1.7207e-09	6.57177e-08	1.39914e-07	
OG0002974	0.000252128	0.000155294	5.93382e-06	
OG0002975	1.65138e-06	6.86163e-06	2.63862e-06	
OG0002976	4.12695e-08	8.58955e-07	5.72475e-07	
OG0002977	1.39676e-06	5.2748e-06	1.47001e-06	
OG0002978	1.11878e-07	5.35663e-07	3.1112e-07	
OG0002979	2.13846e-05	3.51193e-05	4.00027e-06	
OG0002980	1.39676e-06	5.2748e-06	1.47001e-06	
OG0002981	0.00197011	0.000354151	8.83647e-06	
OG0002982	2.13846e-05	3.51193e-05	4.00027e-06	
OG0002983	0.00197011	0.000354151	8.83647e-06	
OG0002984	0.000152718	5.78107e-05	4.05598e-06	
OG0002985	0.00197011	0.000354151	8.83647e-06	
OG0002986	2.94324e-06	9.04763e-06	1.93348e-06	
OG0002987	1.92846e-07	3.76889e-06	1.79265e-06	
OG0002988	0.000285917	0.000229992	8.17007e-06	
OG0002989	2.3437e-12	1.61542e-09	7.59499e-09	
OG0002990	1.01611e-07	5.7971e-07	2.53829e-07	
OG0002992	0.000259867	0.000219472	1.161e-05	
OG0002993	0.00338312	0.00109196	1.5491e-05	
OG0002994	5.86118e-12	8.09358e-09	6.26416e-08	
OG0002995	1.76085e-06	1.01033e-05	3.05923e-06	
OG0002996	1.08182e-07	8.42721e-07	5.87934e-07	
OG0002997	2.13975e-09	3.54695e-07	2.75676e-07	
OG0002998	7.83614e-09	2.52584e-07	1.0548e-07	
OG0002999	2.71057e-11	1.81368e-09	6.90989e-09	
OG0003000	9.02648e-09	1.02207e-07	2.09874e-07	
OG0003001	6.88695e-05	0.000199257	1.22501e-05	
OG0003002	2.10808e-06	1.02804e-05	1.51348e-06	
OG0003003	8.31111e-08	2.52667e-07	8.88324e-08	
OG0003004	0.00197011	0.000354151	8.83647e-06	
OG0003005	2.13846e-05	3.51193e-05	4.00027e-06	
OG0003006	0.00197011	0.000354151	8.83647e-06	
OG0003007	5.35189e-16	2.8923e-11	3.23537e-09	
OG0003008	5.30373e-17	3.95041e-11	3.63951e-09	
OG0003009	8.72782e-09	4.6361e-07	3.53888e-07	
OG0003010	1.18074e-06	1.11933e-05	2.51095e-06	
OG0003011	1.64724e-05	2.34447e-05	2.25383e-06	
OG0003012	0.00338312	0.00109196	1.5491e-05	
OG0003013	0.000261892	0.000171582	6.17327e-06	
OG0003014	0.000252128	0.000155294	5.93382e-06	
OG0003015	0.00224225	0.000565288	1.62013e-05	
OG0003016	7.36252e-06	6.88425e-05	7.74877e-06	
OG0003017	0.00197011	0.000354151	8.83647e-06	
OG0003018	1.64724e-05	2.34447e-05	2.25383e-06	
OG0003019	0.00338312	0.00109196	1.5491e-05	
OG0003020	1.64679e-10	8.76909e-09	7.437e-09	
OG0003021	0.00338312	0.00109196	1.5491e-05	
OG0003022	0.000285917	0.000229992	8.17007e-06	
OG0003023	2.06388e-06	3.84783e-06	4.33298e-07	
OG0003024	1.26767e-07	1.59175e-06	3.03948e-07	
OG0003025	0.000285917	0.000229992	8.17007e-06	
OG0003026	0.00197011	0.000354151	8.83647e-06	
OG0003027	1.7827e-13	1.23358e-09	2.85051e-08	
OG0003028	2.17279e-06	1.4529e-05	2.96125e-06	
OG0003029	1.48651e-06	3.88491e-06	7.30376e-07	
OG0003030	2.17279e-06	1.4529e-05	2.96125e-06	
OG0003031	2.3933e-08	1.13981e-07	4.72616e-08	
OG0003032	3.62879e-05	3.06537e-05	1.73909e-06	
OG0003033	1.39676e-06	5.2748e-06	1.47001e-06	
OG0003034	4.60618e-17	1.68629e-12	3.20396e-10	
OG0003035	0.00197011	0.000354151	8.83647e-06	
OG0003036	9.86977e-09	7.37198e-07	6.19617e-07	
OG0003037	9.72771e-10	3.3672e-08	6.54204e-08	
OG0003038	0.000252128	0.000155294	5.93382e-06	
OG0003039	1.00603e-08	1.0365e-07	1.43486e-07	
OG0003040	2.13846e-05	3.51193e-05	4.00027e-06	
OG0003041	3.17773e-08	4.4721e-07	4.90784e-07	
OG0003042	5.36789e-09	1.30222e-07	1.54258e-07	
OG0003043	1.53539e-09	1.25991e-07	4.86353e-07	
OG0003044	1.60011e-06	5.76508e-06	1.56171e-06	
OG0003045	0.00223413	0.000524502	1.21666e-05	
OG0003046	1.14424e-11	1.26177e-09	4.96278e-09	
OG0003047	6.10395e-14	1.0331e-10	1.21912e-09	
OG0003048	1.10086e-08	1.29169e-07	7.13804e-08	
OG0003049	9.93726e-06	3.78584e-06	3.40703e-07	
OG0003050	4.93597e-14	2.57607e-10	5.9861e-09	
OG0003051	2.33992e-12	5.64642e-10	3.08877e-09	
OG0003052	1.64724e-05	2.34447e-05	2.25383e-06	
OG0003053	1.27689e-06	3.82525e-06	1.02496e-06	
OG0003054	0.00204641	0.000391297	9.19306e-06	
OG0003055	0.00197011	0.000354151	8.83647e-06	
OG0003056	2.17279e-06	1.4529e-05	2.96125e-06	
OG0003057	2.13952e-14	1.17148e-10	5.7341e-09	
OG0003058	0.00338312	0.00109196	1.5491e-05	
OG0003059	1.41921e-07	7.92489e-07	1.68043e-07	
OG0003060	1.78752e-07	2.31298e-06	9.87131e-07	
OG0003061	3.90217e-11	4.62094e-09	1.04524e-08	
OG0003062	0.000152543	5.64617e-05	3.64602e-06	
OG0003063	1.27689e-06	3.82525e-06	1.02496e-06	
OG0003064	1.15929e-07	5.45818e-07	3.4574e-07	
OG0003065	1.49295e-08	6.08961e-07	7.85659e-07	
OG0003066	0.000252128	0.000155294	5.93382e-06	
OG0003067	0.000252128	0.000155294	5.93382e-06	
OG0003068	0.00338312	0.00109196	1.5491e-05	
OG0003069	0.00197011	0.000354151	8.83647e-06	
OG0003070	0.000155844	5.39487e-05	3.0486e-06	
OG0003071	2.17279e-06	1.4529e-05	2.96125e-06	
OG0003072	2.75422e-09	2.26492e-08	1.96447e-08	
OG0003073	2.14229e-05	3.56606e-05	3.36502e-06	
OG0003074	5.28038e-15	1.26991e-10	6.22335e-09	
OG0003075	1.891e-10	6.94529e-08	9.8564e-08	
OG0003076	8.81158e-09	2.80297e-07	3.07314e-07	
OG0003077	2.13846e-05	3.51193e-05	4.00027e-06	
OG0003078	9.02648e-09	1.02207e-07	2.09874e-07	
OG0003079	0.00197011	0.000354151	8.83647e-06	
OG0003080	2.21548e-16	4.88497e-12	3.28931e-10	
OG0003081	9.37208e-07	3.81549e-06	4.13692e-07	
OG0003082	0.000167397	8.13246e-05	5.01109e-06	
OG0003083	2.10808e-06	1.02804e-05	1.51348e-06	
OG0003084	0.00197011	0.000354151	8.83647e-06	
OG0003085	2.67859e-16	5.85061e-12	3.45173e-10	
OG0003086	0.00197011	0.000354151	8.83647e-06	
OG0003087	0.00197011	0.000354151	8.83647e-06	
OG0003088	1.18599e-11	2.16801e-09	1.23346e-08	
OG0003089	6.62738e-11	1.96352e-08	2.43979e-08	
OG0003090	2.07452e-09	4.91817e-08	5.17604e-08	
OG0003091	0.000167397	8.13246e-05	5.01109e-06	
OG0003092	5.21161e-06	3.98084e-05	6.36003e-06	
OG0003093	7.2773e-09	1.09177e-07	4.68113e-08	
OG0003094	2.17279e-06	1.4529e-05	2.96125e-06	
OG0003095	1.39676e-06	5.2748e-06	1.47001e-06	
OG0003096	7.59257e-32	6.72484e-22	6.00554e-16	
OG0003097	1.59547e-06	5.875e-06	1.82496e-06	
OG0003098	3.55781e-08	9.84481e-07	5.00094e-07	
OG0003099	0.00197011	0.000354151	8.83647e-06	
OG0003100	3.99566e-07	6.84953e-06	2.80337e-06	
OG0003101	3.42268e-07	6.82839e-06	3.16558e-06	
OG0003102	0.000152543	5.64617e-05	3.64602e-06	
OG0003103	1.08182e-07	8.42721e-07	5.87934e-07	
OG0003104	2.49503e-08	2.13125e-07	2.50022e-07	
OG0003105	2.01211e-05	3.499e-05	4.7904e-06	
OG0003106	7.5437e-10	8.64302e-08	4.23674e-07	
OG0003107	3.48014e-15	3.31893e-11	3.06035e-09	
OG0003108	2.17279e-06	1.4529e-05	2.96125e-06	
OG0003109	0.000522115	0.000321531	9.32367e-06	
OG0003110	6.48032e-12	8.28743e-09	7.67568e-08	
OG0003111	1.80617e-05	2.09609e-05	2.22102e-06	
OG0003112	0.00197011	0.000354151	8.83647e-06	
OG0003113	1.60854e-13	1.04194e-10	2.23209e-09	
OG0003114	2.1718e-09	2.8313e-07	5.02185e-07	
OG0003115	4.79824e-07	9.30704e-07	1.78767e-07	
OG0003116	1.31886e-06	2.35088e-06	4.34767e-07	
OG0003117	1.71887e-06	8.0142e-06	3.40802e-06	
OG0003118	1.24735e-09	2.89889e-08	8.8038e-08	
OG0003119	2.00751e-09	7.65616e-08	1.49668e-07	
OG0003120	1.18074e-06	1.11933e-05	2.51095e-06	
OG0003121	7.64552e-11	3.71484e-08	1.23746e-07	
OG0003122	3.11943e-08	8.82279e-07	3.80726e-07	
OG0003123	0.00197011	0.000354151	8.83647e-06	
OG0003124	7.76999e-25	2.49928e-17	6.85554e-13	
OG0003125	0.000167397	8.13246e-05	5.01109e-06	
OG0003126	3.93924e-11	1.93199e-09	6.00147e-09	
OG0003127	8.94831e-10	4.90724e-08	1.60807e-07	
OG0003128	1.5102e-07	1.38897e-06	5.70888e-07	
OG0003129	2.32952e-09	1.66398e-07	5.21986e-07	
OG0003130	1.39676e-06	5.2748e-06	1.47001e-06	
OG0003131	1.39676e-06	5.2748e-06	1.47001e-06	
OG0003132	0.00197011	0.000354151	8.83647e-06	
OG0003133	0.00197011	0.000354151	8.83647e-06	
OG0003134	6.84011e-05	0.000176848	1.37544e-05	
OG0003135	0.000152543	5.64617e-05	3.64602e-06	
OG0003136	2.17279e-06	1.4529e-05	2.96125e-06	
OG0003137	2.17279e-06	1.4529e-05	2.96125e-06	
OG0003138	2.40477e-13	8.68166e-11	3.06567e-09	
OG0003139	3.42268e-07	6.82839e-06	3.16558e-06	
OG0003140	1.6626e-06	7.64943e-06	2.49925e-06	
OG0003141	1.80617e-05	2.09609e-05	2.22102e-06	
OG0003142	0.000259867	0.000219472	1.161e-05	
OG0003143	7.17474e-08	4.12061e-06	2.23764e-06	
OG0003144	1.87772e-05	2.36812e-05	2.52717e-06	
OG0003145	2.17279e-06	1.4529e-05	2.96125e-06	
OG0003146	1.39676e-06	5.2748e-06	1.47001e-06	
OG0003147	0.000259867	0.000219472	1.161e-05	
OG0003148	3.74489e-07	3.2905e-06	9.86265e-07	
OG0003149	1.76024e-05	1.68559e-05	1.28338e-06	
OG0003150	4.70331e-16	2.80149e-12	3.77625e-10	
OG0003151	1.31077e-06	2.34613e-06	4.4764e-07	
OG0003152	1.80617e-05	2.09609e-05	2.22102e-06	
OG0003153	5.02293e-13	1.35018e-09	3.18364e-08	
OG0003154	5.83234e-06	4.41668e-05	7.77738e-06	
OG0003155	4.42162e-05	7.12699e-05	5.91943e-06	
OG0003156	2.17279e-06	1.4529e-05	2.96125e-06	
OG0003157	1.82432e-05	2.18633e-05	2.40348e-06	
OG0003158	2.17279e-06	1.4529e-05	2.96125e-06	
OG0003159	2.20805e-05	5.03979e-05	6.58393e-06	
OG0003212	1.88842e-32	1.76658e-21	3.42244e-15	
OG0003213	0.00348697	0.00154323	3.03093e-05	
OG0003214	1.65901e-06	5.85662e-06	2.01924e-06	
OG0003215	7.08539e-08	4.16185e-06	2.45103e-06	
OG0003216	5.71532e-10	9.87015e-08	1.23493e-07	
OG0003217	1.1717e-06	1.25509e-06	1.27093e-07	
OG0003218	1.23515e-06	3.31722e-06	8.39579e-07	
OG0003219	0.000259867	0.000219472	1.161e-05	
OG0003220	8.48273e-11	1.70912e-08	4.50661e-08	
OG0003221	0.000259867	0.000219472	1.161e-05	
OG0003222	0.0264355	0.00249025	2.30687e-05	
OG0003223	2.06896e-08	9.71696e-07	1.02954e-06	
OG0003224	0.000167098	8.00903e-05	5.95708e-06	
OG0003225	0.00338312	0.00109196	1.5491e-05	
OG0003226	7.73814e-11	5.16736e-08	2.20607e-07	
OG0003227	0.000242356	0.000147295	5.75175e-06	
OG0003228	0.0264355	0.00249025	2.30687e-05	
OG0003229	1.10896e-06	1.80729e-06	2.50245e-07	
OG0003230	2.49477e-13	2.00823e-10	3.08794e-09	
OG0003232	1.8424e-07	3.26885e-06	1.9314e-06	
OG0003233	1.64724e-05	2.34447e-05	2.25383e-06	
OG0003234	0.000286956	0.000247877	1.08794e-05	
OG0003235	5.37942e-09	1.20657e-07	1.1425e-07	
OG0003236	1.69739e-05	1.19712e-05	6.59065e-07	
OG0003237	1.39676e-06	5.2748e-06	1.47001e-06	
OG0003238	1.08359e-07	8.78191e-07	7.28131e-07	
OG0003239	8.82644e-07	1.2296e-06	5.38574e-07	
OG0003240	1.38249e-11	2.09476e-09	8.8493e-09	
OG0003241	0.00197011	0.000354151	8.83647e-06	
OG0003242	1.58185e-05	7.98698e-06	3.16968e-07	
OG0003243	0.000167098	8.00903e-05	5.95708e-06	
OG0003244	5.14716e-12	2.86365e-09	1.37331e-08	
OG0003245	7.79923e-10	2.27199e-08	3.85517e-08	
OG0003246	9.30831e-09	1.24413e-07	8.88481e-08	
OG0003247	1.04386e-06	7.00412e-06	1.39411e-06	
OG0003248	2.72236e-07	2.38455e-06	5.69299e-07	
OG0003249	1.58614e-08	3.08382e-07	7.51559e-08	
OG0003250	0.00197011	0.000354151	8.83647e-06	
OG0003251	1.25596e-12	6.52278e-09	3.05281e-08	
OG0003252	4.49839e-06	1.08685e-05	6.94967e-07	
OG0003253	0.00338312	0.00109196	1.5491e-05	
OG0003254	4.0279e-08	5.91101e-06	6.2886e-06	
OG0003255	6.97732e-11	2.76836e-08	1.28875e-07	
OG0003257	0.0264355	0.00249025	2.30687e-05	
OG0003258	1.43891e-07	1.03584e-06	7.75613e-07	
OG0003259	1.0267e-05	4.77862e-06	6.14066e-07	
OG0003261	0.000259867	0.000219472	1.161e-05	
OG0003262	6.65389e-09	2.39058e-07	4.32507e-07	
OG0003263	0.000294693	0.00032504	1.59854e-05	
OG0003265	1.89054e-05	2.19757e-05	2.22099e-06	
OG0003266	0.0264355	0.00249025	2.30687e-05	
OG0003267	0.00197011	0.000354151	8.83647e-06	
OG0003268	1.10896e-06	1.80729e-06	2.50245e-07	
OG0003269	3.40241e-07	2.76452e-06	1.00202e-06	
OG0003270	0.00338312	0.00109196	1.5491e-05	
OG0003271	1.89054e-05	2.19757e-05	2.22099e-06	
OG0003272	4.97756e-11	3.85694e-09	2.24314e-08	
OG0003273	5.60489e-11	1.07386e-08	7.91602e-09	
OG0003274	1.44512e-07	1.02611e-06	6.93544e-07	
OG0003275	0.000186798	0.000348033	9.7236e-06	
OG0003276	2.01211e-05	3.499e-05	4.7904e-06	
OG0003277	0.0264355	0.00249025	2.30687e-05	
OG0003278	0.000252058	0.000154755	6.63918e-06	
OG0003279	2.01211e-05	3.499e-05	4.7904e-06	
OG0003280	4.43101e-14	3.53855e-11	9.35022e-10	
OG0003281	5.83234e-06	4.41668e-05	7.77738e-06	
OG0003282	0.000262252	0.000178311	7.19596e-06	
OG0003283	9.93993e-06	4.12304e-06	4.82432e-07	
OG0003284	0.00338312	0.00109196	1.5491e-05	
OG0003286	0.0264355	0.00249025	2.30687e-05	
OG0003287	5.29336e-17	1.9299e-13	1.24278e-11	
OG0003288	0.00197011	0.000354151	8.83647e-06	
OG0003289	0.000259867	0.000219472	1.161e-05	
OG0003290	2.54152e-13	6.11683e-11	5.18335e-10	
OG0003291	1.46278e-07	1.12e-06	3.2879e-07	
OG0003292	0.00348697	0.00154323	3.03093e-05	
OG0003293	0.00204641	0.000391297	9.19306e-06	
OG0003294	0.00197011	0.000354151	8.83647e-06	
OG0003295	0.000259867	0.000219472	1.161e-05	
OG0003296	2.85912e-25	3.28946e-16	2.57073e-12	
OG0003297	0.000259867	0.000219472	1.161e-05	
OG0003298	3.91496e-05	4.54767e-05	3.46003e-06	
OG0003299	0.000259867	0.000219472	1.161e-05	
OG0003300	1.29358e-05	1.26464e-05	2.33092e-06	
OG0003301	1.25089e-42	3.85569e-27	2.55913e-18	
OG0003302	1.39676e-06	5.2748e-06	1.47001e-06	
OG0003303	2.20805e-05	5.03979e-05	6.58393e-06	
OG0003304	1.89054e-05	2.19757e-05	2.22099e-06	
OG0003305	4.21783e-08	2.25031e-07	1.07743e-07	
OG0003306	4.42162e-05	7.12699e-05	5.91943e-06	
OG0003307	9.94524e-06	3.86819e-06	3.72457e-07	
OG0003308	6.4844e-11	2.82301e-09	9.98872e-09	
OG0003309	0.000150958	4.36446e-05	1.833e-06	
OG0003310	0.00197011	0.000354151	8.83647e-06	
OG0003311	7.64473e-09	5.79717e-08	8.74403e-08	
OG0003312	0.000259867	0.000219472	1.161e-05	
OG0003313	1.70629e-06	7.83714e-06	3.06254e-06	
OG0003314	2.07922e-10	2.19587e-07	3.84085e-07	
OG0003315	8.11078e-09	1.187e-07	2.13187e-07	
OG0003316	0.00196957	0.000352921	9.88687e-06	
OG0003317	1.60049e-13	2.05827e-11	4.50434e-10	
OG0003318	0.000259867	0.000219472	1.161e-05	
OG0003319	0.0264355	0.00249025	2.30687e-05	
OG0003320	0.0264355	0.00249025	2.30687e-05	
OG0003321	2.67099e-34	1.24873e-22	6.20893e-16	
OG0003322	0.000259867	0.000219472	1.161e-05	
OG0003323	6.88695e-05	0.000199257	1.22501e-05	
OG0003324	1.31115e-06	2.55858e-06	6.43929e-07	
OG0003325	0.00348697	0.00154323	3.03093e-05	
OG0003326	2.67099e-34	1.24873e-22	6.20893e-16	
OG0003327	0.000259867	0.000219472	1.161e-05	
OG0003328	0.000259867	0.000219472	1.161e-05	
OG0003329	0.000294693	0.00032504	1.59854e-05	
OG0003330	3.91496e-05	4.54767e-05	3.46003e-06	
OG0003331	1.69739e-05	1.19712e-05	6.59065e-07	
OG0003332	1.16328e-05	8.02567e-06	1.49278e-06	
OG0003333	1.10715e-05	6.84013e-06	1.0385e-06	
OG0003334	2.05566e-05	3.34326e-05	4.00547e-06	
OG0003335	0.0264355	0.00249025	2.30687e-05	
OG0003336	1.1437e-05	7.94409e-06	1.29222e-06	
OG0003337	1.12696e-05	6.2689e-06	5.55896e-07	
OG0003338	1.69739e-05	1.19712e-05	6.59065e-07	
OG0003339	3.40241e-07	2.76452e-06	1.00202e-06	
OG0003340	0.000167098	8.00903e-05	5.95708e-06	
OG0003341	6.19765e-09	5.67022e-08	7.73108e-08	
OG0003342	0.000259867	0.000219472	1.161e-05	
OG0003343	1.37102e-08	7.75545e-07	6.36088e-07	
OG0003344	0.000294693	0.00032504	1.59854e-05	
OG0003345	1.68428e-07	2.37056e-06	1.34666e-06	
OG0003346	0.000259867	0.000219472	1.161e-05	
OG0003347	0.0264355	0.00249025	2.30687e-05	
OG0003348	5.98505e-08	3.39692e-07	7.14419e-08	
OG0003349	0.000294693	0.00032504	1.59854e-05	
OG0003350	1.4062e-31	2.29232e-20	3.72943e-14	
OG0003351	0.000167098	8.00903e-05	5.95708e-06	
OG0003352	0.000167397	8.13246e-05	5.01109e-06	
OG0003353	4.42162e-05	7.12699e-05	5.91943e-06	
OG0003354	0.00197011	0.000354151	8.83647e-06	
OG0003355	0.000259867	0.000219472	1.161e-05	
OG0003356	1.44224e-06	2.74889e-06	3.73292e-07	
OG0003357	0.00197011	0.000354151	8.83647e-06	
OG0003358	4.69125e-09	5.8459e-08	2.82519e-08	
OG0003359	0.0264355	0.00249025	2.30687e-05	
OG0003360	0.0264355	0.00249025	2.30687e-05	
OG0003361	0.00223413	0.000524502	1.21666e-05	
OG0003362	0.00348697	0.00154323	3.03093e-05	
OG0003363	0.000259867	0.000219472	1.161e-05	
OG0003364	0.000167098	8.00903e-05	5.95708e-06	
OG0003365	0.000173573	8.85911e-05	6.19439e-06	
OG0003366	6.99752e-09	9.64713e-08	5.37395e-08	
OG0003367	2.13846e-05	3.51193e-05	4.00027e-06	
OG0003368	1.09164e-24	1.32713e-17	1.44415e-13	
OG0003369	1.16328e-05	8.02567e-06	1.49278e-06	
OG0003370	0.00197011	0.000354151	8.83647e-06	
OG0003371	1.89054e-05	2.19757e-05	2.22099e-06	
OG0003372	0.0264355	0.00249025	2.30687e-05	
OG0003373	1.40185e-10	2.19793e-08	7.43522e-08	
OG0003374	2.72236e-07	2.38455e-06	5.69299e-07	
OG0003375	0.000152467	5.54319e-05	3.87714e-06	
OG0003376	0.00197011	0.000354151	8.83647e-06	
OG0003377	0.00197011	0.000354151	8.83647e-06	
OG0003378	3.91024e-09	5.12823e-08	2.70909e-08	
OG0003379	0.000150958	4.36446e-05	1.833e-06	
OG0003380	5.93226e-10	2.16125e-08	3.42426e-08	
OG0003381	1.75342e-14	9.50397e-12	2.13118e-10	
OG0003382	1.98717e-05	2.19269e-05	1.52347e-06	
OG0003383	3.53692e-11	1.68785e-09	8.84975e-09	
OG0003384	1.1717e-06	1.25509e-06	1.27093e-07	
OG0003385	0.000269931	0.000242491	1.20785e-05	
OG0003386	6.96374e-23	8.55686e-16	9.61242e-12	
OG0003387	0.00197011	0.000354151	8.83647e-06	
OG0003388	8.06184e-15	2.27541e-11	1.13636e-09	
OG0003389	0.00197011	0.000354151	8.83647e-06	
OG0003390	9.6485e-21	5.06291e-14	1.46385e-10	
OG0003391	0.000167098	8.00903e-05	5.95708e-06	
OG0003392	0.000167098	8.00903e-05	5.95708e-06	
OG0003393	4.8864e-06	1.3486e-05	3.11709e-06	
OG0003394	0.000133448	2.71996e-05	9.7679e-07	
OG0003395	1.8424e-07	3.26885e-06	1.9314e-06	
OG0003396	0.000152718	5.78107e-05	4.05598e-06	
OG0003397	0.000252058	0.000154755	6.63918e-06	
OG0003398	0.000173573	8.85911e-05	6.19439e-06	
OG0003399	1.42698e-08	5.22245e-07	7.72471e-07	
OG0003400	0.000167098	8.00903e-05	5.95708e-06	
OG0003401	0.000235138	0.000104223	2.9397e-06	
OG0003402	1.53526e-06	4.86748e-06	1.29687e-06	
OG0003403	1.03176e-10	1.93728e-09	3.58555e-09	
OG0003404	1.12696e-05	6.2689e-06	5.55896e-07	
OG0003405	1.08359e-07	8.78191e-07	7.28131e-07	
OG0003406	9.21166e-06	2.59174e-06	1.82105e-07	
OG0003407	0.000167098	8.00903e-05	5.95708e-06	
OG0003408	1.78498e-15	1.99335e-10	1.56825e-08	
OG0003409	2.7047e-08	3.81318e-07	2.84936e-07	
OG0003410	0.000167397	8.13246e-05	5.01109e-06	
OG0003411	0.000259867	0.000219472	1.161e-05	
OG0003412	0.00348697	0.00154323	3.03093e-05	
OG0003413	2.2876e-05	5.45947e-05	6.97799e-06	
OG0003414	1.51013e-07	1.38518e-06	5.52742e-07	
OG0003415	1.70629e-06	7.83714e-06	3.06254e-06	
OG0003416	2.13846e-05	3.51193e-05	4.00027e-06	
OG0003417	1.68542e-07	2.36858e-06	1.26219e-06	
OG0003418	2.20805e-05	5.03979e-05	6.58393e-06	
OG0003419	1.18525e-07	7.78284e-07	3.38127e-07	
OG0003420	0.000259867	0.000219472	1.161e-05	
OG0003421	0.00197011	0.000354151	8.83647e-06	
OG0003422	2.20805e-05	5.03979e-05	6.58393e-06	
OG0003423	0.0264355	0.00249025	2.30687e-05	
OG0003424	0.00197011	0.000354151	8.83647e-06	
OG0003425	1.25179e-09	7.02155e-08	9.69186e-08	
OG0003426	1.64724e-05	2.34447e-05	2.25383e-06	
OG0003427	1.53254e-14	3.3176e-11	9.28125e-10	
OG0003428	0.000166447	7.40985e-05	5.00079e-06	
OG0003429	0.000167098	8.00903e-05	5.95708e-06	
OG0003430	0.000259867	0.000219472	1.161e-05	
OG0003431	1.80617e-05	2.09609e-05	2.22102e-06	
OG0003432	6.36449e-08	5.69963e-07	2.13909e-07	
OG0003433	1.37102e-08	7.75545e-07	6.36088e-07	
OG0003434	1.46201e-06	6.08168e-06	1.36441e-06	
OG0003435	0.00348697	0.00154323	3.03093e-05	
OG0003436	0.000295764	0.000350316	2.12864e-05	
OG0003437	0.000259867	0.000219472	1.161e-05	
OG0003438	7.36252e-06	6.88425e-05	7.74877e-06	
OG0003439	4.5279e-07	7.29913e-06	3.16441e-06	
OG0003440	0.00197011	0.000354151	8.83647e-06	
OG0003441	4.26347e-22	7.10701e-15	4.82908e-11	
OG0003442	0.00197011	0.000354151	8.83647e-06	
OG0003443	9.95686e-15	8.94535e-12	1.0033e-10	
OG0003444	1.287e-09	1.02951e-07	1.73124e-07	
OG0003445	1.16328e-05	8.02567e-06	1.49278e-06	
OG0003446	0.0264355	0.00249025	2.30687e-05	
OG0003447	1.94645e-05	3.01769e-05	4.3835e-06	
OG0003448	6.88695e-05	0.000199257	1.22501e-05	
OG0003449	1.94706e-05	3.04468e-05	4.0542e-06	
OG0003450	2.01211e-05	3.499e-05	4.7904e-06	
OG0003451	0.000147565	4.86951e-05	3.33632e-06	
OG0003452	3.8642e-11	4.43238e-09	1.23278e-08	
OG0003453	0.0264355	0.00249025	2.30687e-05	
OG0003454	0.000259867	0.000219472	1.161e-05	
OG0003455	0.00348697	0.00154323	3.03093e-05	
OG0003456	0.000259867	0.000219472	1.161e-05	
OG0003457	8.92877e-12	4.5937e-09	2.55828e-08	
OG0003458	0.000259867	0.000219472	1.161e-05	
OG0003459	1.1994e-08	3.67666e-07	3.94829e-07	
OG0003460	0.00197011	0.000354151	8.83647e-06	
OG0003461	1.70629e-06	7.83714e-06	3.06254e-06	
OG0003462	2.1746e-10	3.29727e-08	1.60545e-07	
OG0003463	2.01211e-05	3.499e-05	4.7904e-06	
OG0003464	5.41825e-13	1.61881e-09	3.0018e-08	
OG0003465	2.17279e-06	1.4529e-05	2.96125e-06	
OG0003466	2.77894e-32	1.43885e-23	4.57061e-18	
OG0003516	4.63647e-06	1.536e-05	1.35976e-06	
OG0003517	1.24023e-37	3.3707e-26	5.5168e-19	
OG0003518	5.04434e-07	7.23039e-06	4.3706e-06	
OG0003519	2.2041e-05	4.96329e-05	7.82684e-06	
OG0003520	2.41061e-55	8.37669e-39	2.1323e-28	
OG0003521	0.000259867	0.000219472	1.161e-05	
OG0003522	1.04386e-06	7.00412e-06	1.39411e-06	
OG0003523	0.000167098	8.00903e-05	5.95708e-06	
OG0003524	7.94918e-08	8.63095e-07	2.80249e-07	
OG0003525	0.00348697	0.00154323	3.03093e-05	
OG0003526	0.000252058	0.000154755	6.63918e-06	
OG0003527	0.00348697	0.00154323	3.03093e-05	
OG0003528	1.70994e-06	8.27695e-06	3.9508e-06	
OG0003529	0.000152718	5.78107e-05	4.05598e-06	
OG0003530	6.24097e-06	2.50582e-05	5.06266e-06	
OG0003531	0.00348697	0.00154323	3.03093e-05	
OG0003532	2.01443e-05	3.5826e-05	5.32904e-06	
OG0003533	0.000152467	5.54319e-05	3.87714e-06	
OG0003534	0.00348697	0.00154323	3.03093e-05	
OG0003535	2.2041e-05	4.96329e-05	7.82684e-06	
OG0003536	2.18679e-08	6.87801e-07	5.24111e-07	
OG0003537	0.0264355	0.00249025	2.30687e-05	
OG0003538	0.00197011	0.000354151	8.83647e-06	
OG0003539	2.28951e-05	5.4901e-05	8.13864e-06	
OG0003540	2.17279e-06	1.4529e-05	2.96125e-06	
OG0003541	0.000269931	0.000242491	1.20785e-05	
OG0003542	0.00224225	0.000565288	1.62013e-05	
OG0003543	2.2041e-05	4.96329e-05	7.82684e-06	
OG0003544	3.53561e-11	2.91013e-09	6.42836e-09	
OG0003545	2.13846e-05	3.51193e-05	4.00027e-06	
OG0003546	0.000294693	0.00032504	1.59854e-05	
OG0003547	1.14877e-07	6.73079e-07	5.66357e-07	
OG0003548	2.2041e-05	4.96329e-05	7.82684e-06	
OG0003549	1.29634e-05	1.33561e-05	3.00699e-06	
OG0003550	0.00348697	0.00154323	3.03093e-05	
OG0003551	0.000167098	8.00903e-05	5.95708e-06	
OG0003552	8.53016e-10	2.72516e-07	5.79179e-07	
OG0003553	1.0267e-05	4.77862e-06	6.14066e-07	
OG0003554	0.000259867	0.000219472	1.161e-05	
OG0003555	0.0264355	0.00249025	2.30687e-05	
OG0003556	0.000252058	0.000154755	6.63918e-06	
OG0003557	1.60023e-06	6.14482e-06	2.46126e-06	
OG0003558	4.32551e-14	2.13134e-10	6.41512e-09	
OG0003559	2.2041e-05	4.96329e-05	7.82684e-06	
OG0003560	0.00224225	0.000565288	1.62013e-05	
OG0003561	8.99055e-07	1.2055e-06	4.34121e-07	
OG0003562	0.00348697	0.00154323	3.03093e-05	
OG0003563	0.00348697	0.00154323	3.03093e-05	
OG0003564	0.000167098	8.00903e-05	5.95708e-06	
OG0003565	6.99752e-09	9.64713e-08	5.37395e-08	
OG0003566	3.31678e-10	1.15587e-08	1.80187e-08	
OG0003567	0.0264355	0.00249025	2.30687e-05	
OG0003568	2.65862e-06	6.30454e-06	1.49217e-06	
OG0003569	3.62084e-08	1.234e-07	4.31848e-08	
OG0003570	0.0264355	0.00249025	2.30687e-05	
OG0003571	0.00338312	0.00109196	1.5491e-05	
OG0003573	0.00338312	0.00109196	1.5491e-05	
OG0003574	1.13346e-07	2.11496e-06	6.07781e-07	
OG0003575	9.40348e-08	4.06722e-07	1.63911e-07	
OG0003576	4.67668e-07	7.74674e-07	1.06389e-07	
OG0003577	3.50138e-09	5.26606e-07	1.03926e-06	
OG0003578	7.11122e-09	4.78296e-08	7.49109e-08	
OG0003579	1.79062e-09	8.78057e-08	1.45752e-07	
OG0003580	0.00348697	0.00154323	3.03093e-05	
OG0003581	1.65121e-06	5.30494e-06	1.54991e-06	
OG0003582	5.01464e-13	1.90462e-09	5.02655e-08	
OG0003583	5.83234e-06	4.41668e-05	7.77738e-06	
OG0003584	0.0264355	0.00249025	2.30687e-05	
OG0003585	0.00338312	0.00109196	1.5491e-05	
OG0003586	0.000166447	7.40985e-05	5.00079e-06	
OG0003587	6.51481e-11	2.50985e-09	2.13092e-09	
OG0003588	1.85772e-07	5.85395e-07	2.54127e-07	
OG0003589	1.71619e-06	8.25681e-06	3.87859e-06	
OG0003590	1.43665e-11	3.48842e-09	3.61594e-08	
OG0003591	2.36012e-08	3.25069e-07	3.52471e-07	
OG0003592	6.73359e-11	6.08887e-09	1.42215e-08	
OG0003593	9.58032e-09	2.32009e-07	2.83801e-07	
OG0003594	7.95017e-07	7.59918e-07	2.93463e-07	
OG0003595	0.00348697	0.00154323	3.03093e-05	
OG0003596	7.2773e-09	1.09177e-07	4.68113e-08	
OG0003597	0.000167098	8.00903e-05	5.95708e-06	
OG0003598	0.000252058	0.000154755	6.63918e-06	
OG0003599	0.000167098	8.00903e-05	5.95708e-06	
OG0003600	1.8424e-07	3.26885e-06	1.9314e-06	
OG0003601	0.00348697	0.00154323	3.03093e-05	
OG0003602	8.96472e-07	7.15191e-06	4.39922e-06	
OG0003603	5.98505e-08	3.39692e-07	7.14419e-08	
OG0003604	5.26207e-09	1.20935e-07	1.14208e-07	
OG0003605	1.319e-08	3.75141e-08	1.16603e-08	
OG0003606	0.00348697	0.00154323	3.03093e-05	
OG0003607	0.00348697	0.00154323	3.03093e-05	
OG0003608	0.0264355	0.00249025	2.30687e-05	
OG0003609	0.0264355	0.00249025	2.30687e-05	
OG0003610	0.0264355	0.00249025	2.30687e-05	
OG0003611	1.4947e-08	1.23841e-07	1.85564e-07	
OG0003612	0.0264355	0.00249025	2.30687e-05	
OG0003613	6.78712e-08	5.03052e-07	9.80158e-08	
OG0003614	0.000132633	2.73006e-05	9.8146e-07	
OG0003615	5.52599e-22	1.70784e-13	2.46209e-10	
OG0003616	0.00197011	0.000354151	8.83647e-06	
OG0003617	0.00197011	0.000354151	8.83647e-06	
OG0003618	2.8926e-10	3.65837e-08	1.85743e-07	
OG0003619	2.29871e-06	7.05926e-06	1.4434e-06	
OG0003621	0.00224225	0.000565288	1.62013e-05	
OG0003622	0.0264355	0.00249025	2.30687e-05	
OG0003623	4.51846e-09	1.55054e-08	6.73462e-09	
OG0003624	1.55257e-06	4.34796e-06	1.25794e-06	
OG0003625	0.00223413	0.000524502	1.21666e-05	
OG0003626	7.11687e-10	4.19475e-08	3.92884e-08	
OG0003627	0.0264355	0.00249025	2.30687e-05	
OG0003628	2.37623e-20	3.76313e-16	1.29e-13	
OG0003629	0.00196957	0.000352921	9.88687e-06	
OG0003630	0.000259867	0.000219472	1.161e-05	
OG0003631	0.000259867	0.000219472	1.161e-05	
OG0003632	0.000259867	0.000219472	1.161e-05	
OG0003633	1.42932e-08	5.44226e-07	9.56671e-07	
OG0003634	0.00224225	0.000565288	1.62013e-05	
OG0003635	1.48873e-06	3.51923e-06	1.00243e-06	
OG0003636	1.14957e-07	7.50671e-07	6.59397e-07	
OG0003637	0.00348697	0.00154323	3.03093e-05	
OG0003638	0.000167397	8.13246e-05	5.01109e-06	
OG0003639	0.000166447	7.40985e-05	5.00079e-06	
OG0003640	5.53856e-11	3.07666e-08	1.35227e-07	
OG0003641	2.00815e-16	1.47848e-11	3.6891e-09	
OG0003642	0.000294693	0.00032504	1.59854e-05	
OG0003643	0.000259867	0.000219472	1.161e-05	
OG0003644	0.000242356	0.000147295	5.75175e-06	
OG0003645	0.000132633	2.73006e-05	9.8146e-07	
OG0003646	0.0264355	0.00249025	2.30687e-05	
OG0003647	9.70791e-08	5.03151e-07	2.77168e-07	
OG0003648	0.00338312	0.00109196	1.5491e-05	
OG0003649	0.00348697	0.00154323	3.03093e-05	
OG0003650	1.89054e-05	2.19757e-05	2.22099e-06	
OG0003651	4.90712e-08	2.44687e-06	1.34136e-06	
OG0003652	5.83234e-06	4.41668e-05	7.77738e-06	
OG0003653	0.000150408	4.04321e-05	1.35033e-06	
OG0003654	0.000167098	8.00903e-05	5.95708e-06	
OG0003655	2.37361e-08	2.93449e-07	1.98949e-07	
OG0003656	9.43655e-13	2.12987e-10	1.39244e-09	
OG0003657	2.2041e-05	4.96329e-05	7.82684e-06	
OG0003658	2.64382e-08	3.92516e-07	2.50441e-07	
OG0003659	0.00197011	0.000354151	8.83647e-06	
OG0003660	0.00348697	0.00154323	3.03093e-05	
OG0003661	0.0264355	0.00249025	2.30687e-05	
OG0003662	0.00197011	0.000354151	8.83647e-06	
OG0003663	0.000259796	0.000218709	1.29901e-05	
OG0003664	0.0264355	0.00249025	2.30687e-05	
OG0003665	7.08553e-38	3.01107e-25	7.26716e-18	
OG0003666	7.25922e-11	3.45987e-09	1.08528e-08	
OG0003667	0.00348697	0.00154323	3.03093e-05	
OG0003668	5.1578e-10	3.17802e-08	3.5594e-08	
OG0003669	2.08262e-12	4.04059e-10	1.82461e-09	
OG0003670	0.00224225	0.000565288	1.62013e-05	
OG0003671	7.0331e-07	5.56482e-06	1.42934e-06	
OG0003672	1.95925e-16	1.18788e-12	2.99197e-10	
OG0003673	2.2041e-05	4.96329e-05	7.82684e-06	
OG0003674	0.000167098	8.00903e-05	5.95708e-06	
OG0003675	0.000132633	2.73006e-05	9.8146e-07	
OG0003676	0.00196957	0.000352921	9.88687e-06	
OG0003677	0.000167098	8.00903e-05	5.95708e-06	
OG0003678	9.69898e-07	1.78456e-06	8.53366e-07	
OG0003679	3.80959e-07	2.40958e-06	4.42822e-07	
OG0003680	4.67668e-07	7.74674e-07	1.06389e-07	
OG0003681	2.2041e-05	4.96329e-05	7.82684e-06	
OG0003682	0.0264355	0.00249025	2.30687e-05	
OG0003683	1.12696e-05	6.2689e-06	5.55896e-07	
OG0003684	0.00348697	0.00154323	3.03093e-05	
OG0003685	0.000152543	5.64617e-05	3.64602e-06	
OG0003686	4.75555e-10	8.5947e-09	3.71122e-08	
OG0003687	2.6483e-11	1.5009e-08	9.99632e-08	
OG0003688	0.00224225	0.000565288	1.62013e-05	
OG0003689	4.81897e-11	2.9481e-08	1.45404e-07	
OG0003690	6.22193e-09	6.62026e-08	1.27435e-07	
OG0003691	1.11749e-30	7.86514e-21	3.1371e-15	
OG0003692	4.98364e-05	0.000133806	2.07201e-05	
OG0003693	0.00224225	0.000565288	1.62013e-05	
OG0003694	0.0264355	0.00249025	2.30687e-05	
OG0003695	1.39676e-06	5.2748e-06	1.47001e-06	
OG0003696	0.000153435	5.51725e-05	3.29312e-06	
OG0003697	0.000259867	0.000219472	1.161e-05	
OG0003698	0.00197011	0.000354151	8.83647e-06	
OG0003699	1.78992e-08	1.90793e-07	3.01469e-07	
OG0003700	8.81913e-08	1.4655e-06	7.91408e-07	
OG0003701	0.000259867	0.000219472	1.161e-05	
OG0003702	2.14195e-05	3.68774e-05	5.35013e-06	
OG0003703	0.000167098	8.00903e-05	5.95708e-06	
OG0003704	0.000132633	2.73006e-05	9.8146e-07	
OG0003705	1.54461e-09	3.95443e-08	6.87597e-08	
OG0003706	6.84011e-05	0.000176848	1.37544e-05	
OG0003707	1.51013e-07	1.38518e-06	5.52742e-07	
OG0003708	2.36478e-08	2.63881e-07	1.8848e-07	
OG0003709	3.77675e-06	5.63654e-05	8.63353e-06	
OG0003710	2.2041e-05	4.96329e-05	7.82684e-06	
OG0003711	0.00197011	0.000354151	8.83647e-06	
OG0003712	7.02623e-09	9.70724e-08	1.90108e-07	
OG0003713	2.63267e-10	6.98136e-09	6.81814e-09	
OG0003714	0.000143017	4.32442e-05	2.57528e-06	
OG0003715	0.00348697	0.00154323	3.03093e-05	
OG0003716	0.00348697	0.00154323	3.03093e-05	
OG0003717	0.000252058	0.000154755	6.63918e-06	
OG0003718	1.5738e-10	1.33102e-08	9.65677e-08	
OG0003719	1.25517e-05	1.14913e-05	1.84328e-06	
OG0003720	0.00348697	0.00154323	3.03093e-05	
OG0003721	7.2773e-09	1.09177e-07	4.68113e-08	
OG0003722	0.0264355	0.00249025	2.30687e-05	
OG0003723	2.02872e-35	1.86916e-23	2.38562e-16	
OG0003724	2.33825e-15	3.52848e-11	2.57298e-09	
OG0003725	0.000294693	0.00032504	1.59854e-05	
OG0003726	0.0264355	0.00249025	2.30687e-05	
OG0003727	3.02857e-12	9.04182e-10	9.27674e-09	
OG0003728	0.00348697	0.00154323	3.03093e-05	
OG0003729	0.000132633	2.73006e-05	9.8146e-07	
OG0003730	0.00224225	0.000565288	1.62013e-05	
OG0003731	0.000132633	2.73006e-05	9.8146e-07	
OG0003732	7.37549e-09	4.6483e-08	5.73339e-08	
OG0003733	1.8424e-07	3.26885e-06	1.9314e-06	
OG0003734	0.00348697	0.00154323	3.03093e-05	
OG0003735	0.00348697	0.00154323	3.03093e-05	
OG0003736	1.29828e-08	2.90516e-07	1.98792e-07	
OG0003737	3.06472e-10	3.75949e-08	6.26621e-08	
OG0003738	0.000259867	0.000219472	1.161e-05	
OG0003739	0.00224225	0.000565288	1.62013e-05	
OG0003740	2.69826e-08	5.34544e-07	4.73724e-07	
OG0003741	0.000259867	0.000219472	1.161e-05	
OG0003742	1.32488e-08	2.42831e-07	7.03806e-08	
OG0003743	0.0264355	0.00249025	2.30687e-05	
OG0003744	2.2041e-05	4.96329e-05	7.82684e-06	
OG0003745	0.0264355	0.00249025	2.30687e-05	
OG0003746	0.0264355	0.00249025	2.30687e-05	
OG0003747	2.28951e-05	5.4901e-05	8.13864e-06	
OG0003748	1.91003e-31	2.59732e-22	2.88841e-17	
OG0003749	0.00196957	0.000352921	9.88687e-06	
OG0003750	0.000259867	0.000219472	1.161e-05	
OG0003751	1.26834e-09	4.8988e-08	3.58394e-08	
OG0003752	2.75191e-08	2.30032e-07	2.69578e-07	
OG0003753	0.00224225	0.000565288	1.62013e-05	
OG0003754	0.000143017	4.32442e-05	2.57528e-06	
OG0003755	1.54004e-06	4.20737e-06	7.71828e-07	
OG0003756	3.86842e-11	3.88462e-09	2.53521e-08	
OG0003757	1.8453e-16	8.32468e-14	1.59656e-12	
OG0003758	9.4436e-11	8.14702e-09	4.88217e-08	
OG0003759	6.58226e-08	6.59446e-07	2.68988e-07	
OG0003760	5.83234e-06	4.41668e-05	7.77738e-06	
OG0003761	0.000167098	8.00903e-05	5.95708e-06	
OG0003762	3.25456e-12	1.69638e-09	7.63604e-09	
OG0003763	0.00348697	0.00154323	3.03093e-05	
OG0003764	0.00348697	0.00154323	3.03093e-05	
OG0003765	2.05566e-05	3.34326e-05	4.00547e-06	
OG0003766	1.8424e-07	3.26885e-06	1.9314e-06	
OG0003767	0.000259867	0.000219472	1.161e-05	
OG0003768	3.58779e-08	5.39721e-07	6.21478e-07	
OG0003769	0.00348697	0.00154323	3.03093e-05	
OG0003770	1.88646e-05	2.6799e-05	3.38359e-06	
OG0003771	1.94645e-05	3.01769e-05	4.3835e-06	
OG0003772	0.000132633	2.73006e-05	9.8146e-07	
OG0003773	0.00224225	0.000565288	1.62013e-05	
OG0003774	2.2041e-05	4.96329e-05	7.82684e-06	
OG0003775	0.0264355	0.00249025	2.30687e-05	
OG0003776	4.63543e-12	5.45897e-09	5.48429e-08	
OG0003777	0.000136926	3.37649e-05	1.65088e-06	
OG0003778	2.39927e-11	2.13204e-09	1.08799e-08	
OG0003779	0.00197011	0.000354151	8.83647e-06	
OG0003780	0.000167098	8.00903e-05	5.95708e-06	
OG0003781	1.54327e-09	1.75377e-08	6.3919e-09	
OG0003782	0.00348697	0.00154323	3.03093e-05	
OG0003783	0.00224225	0.000565288	1.62013e-05	
OG0003784	0.000167371	8.40996e-05	7.96725e-06	
OG0003785	1.09327e-08	2.2003e-07	1.58893e-07	
OG0003786	0.00204641	0.000391297	9.19306e-06	
OG0003787	1.48704e-06	3.54195e-06	6.40355e-07	
OG0003788	3.1238e-08	5.8827e-08	1.29549e-08	
OG0003789	0.000259867	0.000219472	1.161e-05	
OG0003790	0.00196957	0.000352921	9.88687e-06	
OG0003791	2.20805e-05	5.03979e-05	6.58393e-06	
OG0003792	2.19552e-05	4.59197e-05	6.5704e-06	
OG0003793	0.00348697	0.00154323	3.03093e-05	
OG0003794	2.30427e-08	5.2648e-07	3.52419e-07	
OG0003795	8.95557e-19	1.49246e-13	7.48688e-11	
OG0003796	8.87458e-09	1.09995e-07	1.75374e-07	
OG0003797	2.01921e-09	6.63371e-08	1.11159e-07	
OG0003798	0.000235133	0.000104109	2.89764e-06	
OG0003799	0.00197011	0.000354151	8.83647e-06	
OG0003800	0.000259867	0.000219472	1.161e-05	
OG0003801	0.000286956	0.000247877	1.08794e-05	
OG0003802	8.31267e-15	2.37104e-11	8.67736e-10	
OG0003803	1.0667e-08	9.50716e-08	3.7544e-08	
OG0003804	2.28951e-05	5.4901e-05	8.13864e-06	
OG0003805	0.000259867	0.000219472	1.161e-05	
OG0003806	0.00348697	0.00154323	3.03093e-05	
OG0003807	2.01211e-05	3.499e-05	4.7904e-06	
OG0003808	0.00348697	0.00154323	3.03093e-05	
OG0003809	0.0264355	0.00249025	2.30687e-05	
OG0003810	0.00348697	0.00154323	3.03093e-05	
OG0003811	2.21593e-05	4.82986e-05	7.0673e-06	
OG0003812	1.75877e-05	1.64111e-05	1.14179e-06	
OG0003813	0.00348697	0.00154323	3.03093e-05	
OG0003814	0.000295764	0.000350316	2.12864e-05	
OG0003815	0.00348697	0.00154323	3.03093e-05	
OG0003816	0.000259867	0.000219472	1.161e-05	
OG0003817	0.0264355	0.00249025	2.30687e-05	
OG0003818	1.5093e-12	7.81935e-10	6.52046e-09	
OG0003819	1.35391e-06	2.95367e-06	9.22825e-07	
OG0003820	0.00348697	0.00154323	3.03093e-05	
OG0003821	6.70012e-32	3.70956e-21	4.68301e-15	
OG0003822	2.2041e-05	4.96329e-05	7.82684e-06	
OG0003823	0.00348697	0.00154323	3.03093e-05	
OG0003824	2.2041e-05	4.96329e-05	7.82684e-06	
OG0003825	0.00348697	0.00154323	3.03093e-05	
OG0003826	1.28499e-13	4.71463e-10	1.73179e-08	
OG0003827	0.000259867	0.000219472	1.161e-05	
OG0003828	1.8424e-07	3.26885e-06	1.9314e-06	
OG0003829	5.83234e-06	4.41668e-05	7.77738e-06	
OG0003830	0.00348697	0.00154323	3.03093e-05	
OG0003831	0.00224225	0.000565288	1.62013e-05	
OG0003832	0.000259867	0.000219472	1.161e-05	
OG0003833	0.00348697	0.00154323	3.03093e-05	
OG0003834	1.74949e-05	1.69185e-05	1.28951e-06	
OG0003894	1.3568e-06	2.77265e-06	6.07552e-07	
OG0003895	0.00348697	0.00154323	3.03093e-05	
OG0003896	0.00348697	0.00154323	3.03093e-05	
OG0003898	0.000259867	0.000219472	1.161e-05	
OG0003899	0.000132633	2.73006e-05	9.8146e-07	
OG0003900	1.46235e-06	4.38008e-06	1.59028e-06	
OG0003901	1.14825e-08	5.28642e-07	1.69578e-06	
OG0003902	2.63597e-08	2.50798e-07	5.63523e-08	
OG0003903	8.51906e-10	1.93906e-08	2.39599e-08	
OG0003904	1.27715e-07	1.14042e-06	1.29722e-06	
OG0003905	2.14195e-05	3.68774e-05	5.35013e-06	
OG0003906	0.000152718	5.78107e-05	4.05598e-06	
OG0003907	1.93189e-05	1.91139e-05	1.21609e-06	
OG0003908	0.00348697	0.00154323	3.03093e-05	
OG0003909	0.00348697	0.00154323	3.03093e-05	
OG0003910	1.10864e-05	7.06792e-06	1.21038e-06	
OG0003911	6.91242e-11	7.02501e-09	3.3262e-08	
OG0003912	2.15198e-05	3.52931e-05	4.35487e-06	
OG0003913	9.76739e-07	4.86149e-06	8.00914e-07	
OG0003914	0.000167371	8.40996e-05	7.96725e-06	
OG0003915	9.11178e-07	1.51798e-06	8.80272e-07	
OG0003916	2.28435e-05	5.29831e-05	7.19739e-06	
OG0003917	0.000259796	0.000218709	1.29901e-05	
OG0003918	2.65862e-06	6.30454e-06	1.49217e-06	
OG0003919	2.2041e-05	4.96329e-05	7.82684e-06	
OG0003920	1.1437e-05	7.94409e-06	1.29222e-06	
OG0003921	0.000167098	8.00903e-05	5.95708e-06	
OG0003922	0.00348697	0.00154323	3.03093e-05	
OG0003923	2.2041e-05	4.96329e-05	7.82684e-06	
OG0003924	0.0264355	0.00249025	2.30687e-05	
OG0003925	0.0264355	0.00249025	2.30687e-05	
OG0003926	1.58347e-09	6.86935e-08	1.59761e-07	
OG0003927	1.98988e-15	6.61555e-12	3.91833e-10	
OG0003928	9.62825e-06	3.33364e-06	2.86358e-07	
OG0003929	1.74456e-13	1.50321e-09	4.18856e-08	
OG0003930	9.56579e-08	2.5973e-06	2.29337e-06	
OG0003931	9.24918e-07	3.00914e-06	8.26146e-07	
OG0003932	0.000136889	3.36516e-05	1.85961e-06	
OG0003933	1.02695e-05	4.35187e-06	4.03616e-07	
OG0003934	4.41238e-13	9.9071e-11	1.97756e-09	
OG0003935	0.00348697	0.00154323	3.03093e-05	
OG0003936	0.0264355	0.00249025	2.30687e-05	
OG0003937	0.000259796	0.000218709	1.29901e-05	
OG0003938	1.35427e-06	2.96137e-06	8.06804e-07	
OG0003939	1.87868e-05	2.40411e-05	2.62567e-06	
OG0003940	0.000295764	0.000350316	2.12864e-05	
OG0003941	0.000259867	0.000219472	1.161e-05	
OG0003942	0.00183731	0.000237422	4.31508e-06	
OG0003943	0.000242351	0.000147134	5.66947e-06	
OG0003944	0.000147726	5.01159e-05	3.30744e-06	
OG0003945	1.01499e-09	5.32381e-09	3.17205e-09	
OG0003946	0.000167098	8.00903e-05	5.95708e-06	
OG0003947	1.29634e-05	1.33561e-05	3.00699e-06	
OG0003948	0.000262252	0.000178311	7.19596e-06	
OG0003949	3.91496e-05	4.54767e-05	3.46003e-06	
OG0003950	1.08572e-27	1.42806e-18	1.83764e-13	
OG0003951	0.000270302	0.000252001	1.40795e-05	
OG0003952	6.22468e-11	4.32618e-09	2.07015e-08	
OG0003953	0.000534482	0.000403306	2.04826e-05	
OG0003954	4.50402e-13	7.90475e-10	1.44293e-08	
OG0003955	0.000295764	0.000350316	2.12864e-05	
OG0003956	0.000295764	0.000350316	2.12864e-05	
OG0003957	2.2041e-05	4.96329e-05	7.82684e-06	
OG0003958	1.21461e-07	7.98764e-07	7.98894e-07	
OG0003959	0.00348697	0.00154323	3.03093e-05	
OG0003960	8.46172e-07	9.55429e-07	3.88474e-07	
OG0003961	1.74826e-14	9.64429e-11	6.04022e-09	
OG0003962	0.0264355	0.00249025	2.30687e-05	
OG0003963	1.70889e-06	8.7325e-06	3.92914e-06	
OG0003964	0.00224225	0.000565288	1.62013e-05	
OG0003965	1.12496e-05	6.17562e-06	6.64874e-07	
OG0003966	1.57289e-11	1.38704e-09	6.00378e-09	
OG0003967	0.00348697	0.00154323	3.03093e-05	
OG0003968	0.000259867	0.000219472	1.161e-05	
OG0003969	3.50859e-07	3.06866e-06	7.05399e-07	
OG0003970	1.61447e-17	3.2626e-12	1.5494e-09	
OG0003971	1.24037e-08	2.5205e-07	2.15358e-07	
OG0003972	0.0264355	0.00249025	2.30687e-05	
OG0003973	0.000155844	5.39271e-05	3.07265e-06	
OG0003974	0.00204922	0.000406642	1.0716e-05	
OG0003975	0.00348697	0.00154323	3.03093e-05	
OG0003977	1.76637e-05	1.38008e-05	8.23251e-07	
OG0003978	3.98731e-17	2.40023e-10	4.35716e-08	
OG0003979	1.39173e-05	4.93237e-05	4.16738e-06	
OG0003980	9.61352e-08	5.8445e-07	4.81523e-07	
OG0003981	1.76223e-07	2.73275e-07	3.12117e-08	
OG0003982	3.5677e-05	4.45782e-05	4.16334e-06	
OG0003983	0.0264355	0.00249025	2.30687e-05	
OG0003984	3.50685e-07	3.907e-06	1.96052e-06	
OG0003985	0.000132633	2.73006e-05	9.8146e-07	
OG0003986	0.0264355	0.00249025	2.30687e-05	
OG0003987	1.25517e-05	1.14913e-05	1.84328e-06	
OG0003988	6.08852e-08	2.42889e-06	1.1265e-06	
OG0003989	0.00224225	0.000565288	1.62013e-05	
OG0003990	1.12696e-05	6.2689e-06	5.55896e-07	
OG0003991	0.000142426	3.8794e-05	1.99842e-06	
OG0003992	5.98356e-08	3.38652e-07	8.0986e-08	
OG0003993	0.0017797	0.000191967	2.56345e-06	
OG0003994	1.24037e-08	2.5205e-07	2.15358e-07	
OG0003995	9.11136e-08	2.27558e-07	8.88122e-08	
OG0003996	0.00348697	0.00154323	3.03093e-05	
OG0003997	8.63644e-09	7.80556e-08	1.38516e-07	
OG0003998	3.7413e-14	4.53037e-10	1.13042e-08	
OG0003999	0.000167371	8.40996e-05	7.96725e-06	
OG0004000	0.000259796	0.000218709	1.29901e-05	
OG0004001	7.78374e-18	1.10424e-12	3.36052e-10	
OG0004002	1.03014e-05	4.94567e-06	7.1562e-07	
OG0004003	1.21572e-05	3.21434e-05	6.98263e-06	
OG0004004	5.33831e-06	3.24669e-05	5.52986e-06	
OG0004005	2.46475e-16	5.39409e-12	9.96324e-10	
OG0004006	1.74426e-10	1.21705e-09	1.97033e-09	
OG0004007	0.00224225	0.000565288	1.62013e-05	
OG0004008	1.73229e-11	2.23143e-09	1.82762e-08	
OG0004009	3.03211e-07	4.37471e-06	1.89645e-06	
OG0004010	1.16609e-07	6.65629e-07	5.91116e-07	
OG0004011	0.000295764	0.000350316	2.12864e-05	
OG0004012	0.000167371	8.40996e-05	7.96725e-06	
OG0004013	4.24354e-07	4.43953e-06	1.5352e-06	
OG0004014	0.00348697	0.00154323	3.03093e-05	
OG0004015	2.56646e-10	1.73564e-07	1.66291e-07	
OG0004016	0.000150408	4.04321e-05	1.35033e-06	
OG0004017	4.67668e-07	7.74674e-07	1.06389e-07	
OG0004018	0.000295764	0.000350316	2.12864e-05	
OG0004019	9.75992e-09	1.50386e-07	1.51842e-07	
OG0004020	1.87202e-06	6.09327e-06	1.16997e-06	
OG0004021	0.00348697	0.00154323	3.03093e-05	
OG0004022	1.46278e-07	1.12e-06	3.2879e-07	
OG0004023	1.71887e-06	8.0142e-06	3.40802e-06	
OG0004024	1.15528e-09	4.09544e-08	5.9207e-08	
OG0004025	1.12496e-05	6.17562e-06	6.64874e-07	
OG0004026	4.64741e-28	6.55585e-19	1.48644e-13	
OG0004027	0.000259796	0.000218709	1.29901e-05	
OG0004028	2.2041e-05	4.96329e-05	7.82684e-06	
OG0004029	0.00196957	0.000352921	9.88687e-06	
OG0004030	0.00196957	0.000352921	9.88687e-06	
OG0004031	1.43969e-06	2.70799e-06	4.46473e-07	
OG0004032	0.000259796	0.000218709	1.29901e-05	
OG0004033	0.00338312	0.00109196	1.5491e-05	
OG0004034	6.23278e-08	3.3864e-07	1.82544e-07	
OG0004035	0.000132633	2.73006e-05	9.8146e-07	
OG0004036	0.000167098	8.00903e-05	5.95708e-06	
OG0004037	1.74905e-05	1.68865e-05	1.47241e-06	
OG0004038	1.60023e-06	6.14482e-06	2.46126e-06	
OG0004039	1.80563e-05	2.08543e-05	2.44329e-06	
OG0004040	0.00196957	0.000352921	9.88687e-06	
OG0004041	6.57454e-12	6.80389e-09	7.08109e-08	
OG0004042	3.07772e-11	5.91025e-09	3.26715e-08	
OG0004043	0.00224225	0.000565288	1.62013e-05	
OG0004044	1.60632e-06	5.03888e-06	1.23779e-06	
OG0004045	0.00348697	0.00154323	3.03093e-05	
OG0004046	2.39603e-09	1.80395e-07	3.21537e-07	
OG0004047	1.18797e-11	1.31466e-09	3.2966e-09	
OG0004048	1.21317e-05	9.91561e-06	1.87329e-06	
OG0004049	5.34401e-09	5.78699e-07	8.73334e-07	
OG0004050	4.85272e-10	1.21862e-08	2.04793e-08	
OG0004051	6.83403e-08	2.14697e-07	2.98813e-07	
OG0004052	2.01111e-05	3.43518e-05	5.09406e-06	
OG0004053	0.000295764	0.000350316	2.12864e-05	
OG0004054	0.000259796	0.000218709	1.29901e-05	
OG0004055	1.97448e-05	2.73041e-05	3.55149e-06	
OG0004056	0.000259867	0.000219472	1.161e-05	
OG0004057	1.39676e-06	5.2748e-06	1.47001e-06	
OG0004058	6.88695e-05	0.000199257	1.22501e-05	
OG0004059	1.10896e-06	1.80729e-06	2.50245e-07	
OG0004060	0.00348697	0.00154323	3.03093e-05	
OG0004061	3.5677e-05	4.45782e-05	4.16334e-06	
OG0004062	0.0264355	0.00249025	2.30687e-05	
OG0004063	0.00197011	0.000354151	8.83647e-06	
OG0004064	1.39676e-06	5.2748e-06	1.47001e-06	
OG0004065	0.000167371	8.40996e-05	7.96725e-06	
OG0004066	0.000295764	0.000350316	2.12864e-05	
OG0004067	1.17747e-16	5.423e-13	5.77534e-11	
OG0004068	0.000147726	5.01159e-05	3.30744e-06	
OG0004069	2.0478e-09	4.77982e-08	7.37343e-08	
OG0004070	0.00196957	0.000352921	9.88687e-06	
OG0004071	0.00224225	0.000565288	1.62013e-05	
OG0004072	8.25762e-12	3.61066e-09	1.54313e-08	
OG0004073	8.46172e-07	9.55429e-07	3.88474e-07	
OG0004074	1.04747e-07	7.50227e-07	5.73306e-07	
OG0004075	9.36077e-17	2.7883e-12	3.09161e-10	
OG0004076	3.5005e-06	1.37737e-05	4.66287e-06	
OG0004077	0.00348697	0.00154323	3.03093e-05	
OG0004078	1.60023e-06	6.14482e-06	2.46126e-06	
OG0004079	2.14195e-05	3.68774e-05	5.35013e-06	
OG0004080	2.19552e-05	4.59197e-05	6.5704e-06	
OG0004081	1.16958e-10	1.02622e-08	3.83848e-08	
OG0004082	1.93094e-07	7.90125e-07	4.99092e-07	
OG0004083	0.000253678	0.000154538	5.83433e-06	
OG0004084	0.0017797	0.000191967	2.56345e-06	
OG0004085	9.41652e-07	1.71051e-06	1.0261e-06	
OG0004086	1.74949e-05	1.69185e-05	1.28951e-06	
OG0004087	0.000295764	0.000350316	2.12864e-05	
OG0004088	0.000147726	5.01159e-05	3.30744e-06	
OG0004089	1.4209e-09	8.77222e-08	2.92874e-07	
OG0004090	0.00196957	0.000352921	9.88687e-06	
OG0004091	4.51415e-05	8.32609e-05	9.59677e-06	
OG0004092	5.8936e-20	1.48702e-15	7.29018e-13	
OG0004093	8.46609e-07	8.90203e-07	2.10787e-07	
OG0004094	2.05566e-05	3.34193e-05	4.03707e-06	
OG0004095	2.32602e-14	4.16022e-11	1.59188e-09	
OG0004096	5.39239e-10	5.87615e-09	9.58691e-09	
OG0004097	7.21519e-09	3.51406e-08	2.69274e-08	
OG0004098	2.2041e-05	4.96329e-05	7.82684e-06	
OG0004099	3.5677e-05	4.45782e-05	4.16334e-06	
OG0004100	0.00348697	0.00154323	3.03093e-05	
OG0004101	1.12496e-05	6.17562e-06	6.64874e-07	
OG0004102	0.000295764	0.000350316	2.12864e-05	
OG0004103	2.2041e-05	4.96329e-05	7.82684e-06	
OG0004104	0.00196957	0.000352921	9.88687e-06	
OG0004105	0.000259796	0.000218709	1.29901e-05	
OG0004106	0.000137766	3.35946e-05	1.60558e-06	
OG0004107	6.06294e-12	2.1614e-09	1.82475e-08	
OG0004108	2.2041e-05	4.96329e-05	7.82684e-06	
OG0004109	0.000259796	0.000218709	1.29901e-05	
OG0004110	2.28435e-05	5.29831e-05	7.19739e-06	
OG0004111	0.00348697	0.00154323	3.03093e-05	
OG0004112	7.52328e-11	1.13142e-08	3.02805e-08	
OG0004113	0.000295764	0.000350316	2.12864e-05	
OG0004114	1.81724e-05	1.86912e-05	1.33783e-06	
OG0004115	0.000259796	0.000218709	1.29901e-05	
OG0004116	0.00204922	0.000406642	1.0716e-05	
OG0004117	0.00348697	0.00154323	3.03093e-05	
OG0004118	3.10815e-11	1.33262e-08	3.75368e-08	
OG0004119	0.00348697	0.00154323	3.03093e-05	
OG0004120	7.02623e-09	9.70724e-08	1.90108e-07	
OG0004121	0.000295764	0.000350316	2.12864e-05	
OG0004122	1.40109e-14	6.3305e-11	1.19873e-09	
OG0004123	7.16565e-12	3.60151e-10	1.37792e-09	
OG0004124	0.000167371	8.40996e-05	7.96725e-06	
OG0004125	1.74949e-05	1.69185e-05	1.28951e-06	
OG0004126	8.85879e-07	2.50531e-06	7.34062e-07	
OG0004127	0.000173962	9.45011e-05	8.41169e-06	
OG0004128	0.000295764	0.000350316	2.12864e-05	
OG0004129	0.00224225	0.000565288	1.62013e-05	
OG0004130	7.97881e-07	3.4618e-06	1.3282e-06	
OG0004131	0.00224225	0.000565288	1.62013e-05	
OG0004132	2.19552e-05	4.59197e-05	6.5704e-06	
OG0004133	8.33107e-08	2.56958e-07	9.66008e-08	
OG0004134	3.5677e-05	4.45782e-05	4.16334e-06	
OG0004135	2.71468e-08	6.14737e-07	7.46675e-07	
OG0004136	1.95358e-30	1.70818e-21	2.01233e-16	
OG0004137	0.00348697	0.00154323	3.03093e-05	
OG0004138	0.000259867	0.000219472	1.161e-05	
OG0004139	2.23389e-07	2.71811e-06	1.3883e-06	
OG0004140	0.0264355	0.00249025	2.30687e-05	
OG0004141	8.33854e-08	2.60179e-07	9.92106e-08	
OG0004142	0.000295764	0.000350316	2.12864e-05	
OG0004143	0.00224225	0.000565288	1.62013e-05	
OG0004144	3.73979e-08	1.23322e-07	5.22244e-08	
OG0004145	4.12132e-13	5.81849e-10	1.08828e-08	
OG0004146	0.000295764	0.000350316	2.12864e-05	
OG0004147	0.000295764	0.000350316	2.12864e-05	
OG0004148	1.98395e-05	2.50562e-05	1.77415e-06	
OG0004149	0.000234752	0.000118964	3.36805e-06	
OG0004150	1.26807e-08	3.62191e-07	6.32659e-07	
OG0004151	8.27742e-07	3.37574e-06	3.6575e-07	
OG0004152	2.2041e-05	4.96329e-05	7.82684e-06	
OG0004153	1.18871e-07	8.45031e-07	7.82373e-07	
OG0004154	2.63622e-08	2.29314e-07	3.05143e-07	
OG0004155	0.000259867	0.000219472	1.161e-05	
OG0004156	1.74949e-05	1.69185e-05	1.28951e-06	
OG0004157	0.000259867	0.000219472	1.161e-05	
OG0004158	4.18158e-06	1.56337e-05	2.14814e-06	
OG0004159	1.74949e-05	1.69185e-05	1.28951e-06	
OG0004160	0.000295764	0.000350316	2.12864e-05	
OG0004161	0.00348697	0.00154323	3.03093e-05	
OG0004162	8.27742e-07	3.37574e-06	3.6575e-07	
OG0004163	2.01211e-05	3.499e-05	4.7904e-06	
OG0004164	9.97015e-10	5.36978e-08	2.04131e-07	
OG0004242	3.41623e-10	1.8192e-07	5.27234e-07	
OG0004244	2.02388e-05	3.41911e-05	4.32674e-06	
OG0004245	5.05245e-10	2.00003e-08	4.41224e-08	
OG0004246	8.70866e-07	9.74843e-07	2.58654e-07	
OG0004248	2.57043e-25	4.01975e-17	1.33454e-12	
OG0004249	8.64207e-09	3.25782e-07	1.7925e-07	
OG0004250	4.98364e-05	0.000133806	2.07201e-05	
OG0004251	6.27529e-06	5.44728e-06	2.78375e-07	
OG0004252	6.74931e-09	1.75235e-07	1.52239e-07	
OG0004253	1.09326e-08	1.81402e-07	1.48317e-07	
OG0004254	1.813e-09	1.662e-06	3.78389e-06	
OG0004255	1.48388e-06	3.8271e-06	8.7356e-07	
OG0004256	1.94857e-05	3.10574e-05	4.34555e-06	
OG0004257	0.00348697	0.00154323	3.03093e-05	
OG0004258	0.000259796	0.000218709	1.29901e-05	
OG0004259	6.12855e-10	1.66046e-08	5.73122e-08	
OG0004260	0.000132633	2.73006e-05	9.8146e-07	
OG0004261	8.64678e-08	2.67896e-06	1.09207e-06	
OG0004262	1.10689e-27	1.09512e-19	3.87954e-15	
OG0004263	3.50685e-07	3.907e-06	1.96052e-06	
OG0004264	0.000152686	5.78882e-05	4.80772e-06	
OG0004265	9.54533e-12	2.31133e-09	1.91408e-08	
OG0004266	0.000150957	4.35896e-05	1.81097e-06	
OG0004267	0.0017797	0.000191967	2.56345e-06	
OG0004268	9.34596e-17	5.89648e-13	6.71331e-11	
OG0004269	3.5677e-05	4.45782e-05	4.16334e-06	
OG0004270	8.27742e-07	3.37574e-06	3.6575e-07	
OG0004271	1.27631e-06	1.72373e-06	2.6332e-07	
OG0004272	2.95036e-08	6.94465e-07	6.31637e-07	
OG0004273	1.93189e-05	1.91139e-05	1.21609e-06	
OG0004274	9.27701e-08	3.44859e-06	1.87797e-06	
OG0004275	2.02388e-05	3.41911e-05	4.32674e-06	
OG0004276	1.94857e-05	3.10574e-05	4.34555e-06	
OG0004277	2.2077e-05	5.69746e-05	1.08538e-05	
OG0004278	1.8739e-15	1.22189e-11	1.50081e-09	
OG0004279	9.96402e-06	3.88207e-06	3.81517e-07	
OG0004280	1.02258e-08	1.54284e-07	1.07632e-07	
OG0004281	1.25091e-10	1.19202e-08	4.49563e-08	
OG0004282	0.000167371	8.40996e-05	7.96725e-06	
OG0004283	1.76898e-05	1.52531e-05	1.27596e-06	
OG0004284	1.04841e-05	4.13451e-06	3.29515e-07	
OG0004285	1.89054e-05	2.19757e-05	2.22099e-06	
OG0004286	0.0264355	0.00249025	2.30687e-05	
OG0004287	2.08316e-08	4.5143e-07	3.73181e-07	
OG0004288	0.000234752	0.000118964	3.36805e-06	
OG0004289	1.94857e-05	3.10574e-05	4.34555e-06	
OG0004290	1.02862e-05	4.4741e-06	4.62413e-07	
OG0004291	2.014e-05	3.5874e-05	6.31673e-06	
OG0004292	0.0017797	0.000191967	2.56345e-06	
OG0004293	1.12031e-07	4.59785e-07	2.39501e-07	
OG0004294	6.75805e-08	9.86459e-07	1.21918e-06	
OG0004295	4.70597e-06	2.76256e-05	5.4701e-06	
OG0004296	9.26548e-08	2.22744e-06	2.02501e-06	
OG0004297	0.00183731	0.000237422	4.31508e-06	
OG0004298	8.27742e-07	3.37574e-06	3.6575e-07	
OG0004299	1.70994e-06	8.27695e-06	3.9508e-06	
OG0004300	8.74595e-09	9.41439e-08	2.00658e-07	
OG0004301	3.89201e-09	7.53246e-07	6.57109e-07	
OG0004302	5.41645e-15	2.35593e-09	1.03302e-07	
OG0004303	9.97297e-06	3.931e-06	3.92128e-07	
OG0004304	1.69692e-05	1.19303e-05	7.39497e-07	
OG0004305	0.00022776	8.4177e-05	1.7214e-06	
OG0004306	0.000295764	0.000350316	2.12864e-05	
OG0004307	0.000259796	0.000218709	1.29901e-05	
OG0004308	0.00224225	0.000565288	1.62013e-05	
OG0004309	5.58819e-08	3.8859e-07	3.10663e-07	
OG0004310	0.00224225	0.000565288	1.62013e-05	
OG0004311	0.00204922	0.000406642	1.0716e-05	
OG0004312	5.98356e-08	3.38652e-07	8.0986e-08	
OG0004313	7.6324e-12	3.71813e-09	2.39643e-08	
OG0004314	0.000295764	0.000350316	2.12864e-05	
OG0004315	1.43335e-11	9.79473e-09	4.31156e-08	
OG0004316	0.000147726	5.01159e-05	3.30744e-06	
OG0004317	1.89004e-05	2.19264e-05	2.56298e-06	
OG0004318	1.70994e-06	8.27695e-06	3.9508e-06	
OG0004319	0.000234752	0.000118964	3.36805e-06	
OG0004320	2.2077e-05	5.69746e-05	1.08538e-05	
OG0004321	2.2041e-05	4.96329e-05	7.82684e-06	
OG0004322	0.00224225	0.000565288	1.62013e-05	
OG0004323	1.58047e-20	1.90905e-12	3.29531e-09	
OG0004324	1.25311e-05	1.13961e-05	2.34748e-06	
OG0004325	8.47957e-09	6.73729e-08	2.72998e-08	
OG0004326	0.00224225	0.000565288	1.62013e-05	
OG0004327	7.82954e-08	1.31291e-06	1.26113e-06	
OG0004328	5.61816e-11	4.8724e-07	2.56316e-06	
OG0004329	3.48624e-07	2.21e-06	5.35666e-07	
OG0004330	2.29636e-08	2.20958e-07	2.38785e-07	
OG0004331	1.65292e-06	7.06229e-06	3.08429e-06	
OG0004332	0.000295764	0.000350316	2.12864e-05	
OG0004333	0.00204922	0.000406642	1.0716e-05	
OG0004334	4.70597e-06	2.76256e-05	5.4701e-06	
OG0004335	1.81724e-05	1.86912e-05	1.33783e-06	
OG0004336	1.09891e-08	1.5924e-07	1.26921e-07	
OG0004337	2.08442e-09	8.55302e-08	1.36778e-07	
OG0004338	0.000132633	2.73006e-05	9.8146e-07	
OG0004339	4.98364e-05	0.000133806	2.07201e-05	
OG0004340	0.00348697	0.00154323	3.03093e-05	
OG0004341	4.18284e-27	3.2438e-18	2.63158e-13	
OG0004342	1.04448e-22	2.72214e-17	1.2745e-13	
OG0004343	9.40348e-08	4.06722e-07	1.63911e-07	
OG0004344	2.2077e-05	5.69746e-05	1.08538e-05	
OG0004345	2.29465e-05	5.85635e-05	1.10519e-05	
OG0004346	2.13055e-10	9.90092e-08	4.10359e-07	
OG0004347	1.20506e-07	1.30026e-06	7.22356e-07	
OG0004348	2.68196e-06	6.93493e-06	2.28362e-06	
OG0004349	1.14877e-07	6.73079e-07	5.66357e-07	
OG0004350	1.19715e-14	4.49171e-09	1.52808e-07	
OG0004351	7.64169e-12	1.11879e-09	4.61602e-09	
OG0004352	0.000167371	8.40996e-05	7.96725e-06	
OG0004353	0.000234752	0.000118964	3.36805e-06	
OG0004354	8.82747e-28	2.30707e-17	1.88194e-12	
OG0004355	4.98364e-05	0.000133806	2.07201e-05	
OG0004356	2.29465e-05	5.85635e-05	1.10519e-05	
OG0004357	1.21373e-05	9.37016e-06	1.863e-06	
OG0004358	5.32465e-07	1.23915e-06	2.00838e-07	
OG0004359	8.87458e-09	1.09995e-07	1.75374e-07	
OG0004360	2.05566e-05	3.34193e-05	4.03707e-06	
OG0004361	0.00224225	0.000565288	1.62013e-05	
OG0004362	1.43969e-06	2.70799e-06	4.46473e-07	
OG0004363	3.5677e-05	4.45782e-05	4.16334e-06	
OG0004364	6.37788e-06	5.86735e-05	1.39139e-05	
OG0004365	1.74949e-05	1.69185e-05	1.28951e-06	
OG0004366	0.00224225	0.000565288	1.62013e-05	
OG0004367	0.000150957	4.35896e-05	1.81097e-06	
OG0004368	2.05566e-05	3.34193e-05	4.03707e-06	
OG0004369	2.28951e-05	5.4901e-05	8.13864e-06	
OG0004370	0.000295764	0.000350316	2.12864e-05	
OG0004371	2.05566e-05	3.34193e-05	4.03707e-06	
OG0004372	2.67278e-11	2.27285e-09	5.43448e-09	
OG0004373	8.07322e-09	1.29069e-07	8.31094e-08	
OG0004374	9.62825e-06	3.33364e-06	2.86358e-07	
OG0004375	0.00196957	0.000352921	9.88687e-06	
OG0004376	0.000138023	3.14729e-05	1.22596e-06	
OG0004377	1.67644e-29	1.09874e-19	3.5182e-14	
OG0004378	1.2753e-12	4.13175e-10	3.86036e-09	
OG0004379	0.000261465	0.000218404	1.14153e-05	
OG0004380	6.37788e-06	5.86735e-05	1.39139e-05	
OG0004381	1.30142e-05	1.25173e-05	2.29583e-06	
OG0004382	1.18269e-07	6.76583e-07	2.68286e-07	
OG0004383	4.20658e-08	2.4446e-07	2.07996e-07	
OG0004384	8.41988e-08	5.7796e-07	4.86468e-07	
OG0004385	2.2077e-05	5.69746e-05	1.08538e-05	
OG0004386	5.11137e-10	1.87249e-08	1.37676e-08	
OG0004387	0.000173962	9.45011e-05	8.41169e-06	
OG0004388	0.000295764	0.000350316	2.12864e-05	
OG0004389	6.31207e-11	4.30614e-09	5.13806e-09	
OG0004390	1.48904e-06	3.53005e-06	1.03623e-06	
OG0004391	0.0017797	0.000191967	2.56345e-06	
OG0004392	1.80567e-05	2.08745e-05	2.45696e-06	
OG0004393	0.000147726	5.01159e-05	3.30744e-06	
OG0004394	0.00348697	0.00154323	3.03093e-05	
OG0004395	2.29465e-05	5.85635e-05	1.10519e-05	
OG0004396	1.43277e-17	5.7798e-13	2.36747e-10	
OG0004397	1.53852e-07	1.02388e-06	5.03903e-07	
OG0004398	8.27742e-07	3.37574e-06	3.6575e-07	
OG0004399	5.95054e-09	2.02982e-07	4.59938e-07	
OG0004400	6.02321e-08	5.00624e-07	3.89533e-07	
OG0004401	0.000234752	0.000118964	3.36805e-06	
OG0004402	1.09327e-08	2.2003e-07	1.58893e-07	
OG0004403	1.74949e-05	1.69185e-05	1.28951e-06	
OG0004404	1.65292e-06	7.06229e-06	3.08429e-06	
OG0004405	1.03231e-07	4.2615e-07	2.32563e-07	
OG0004406	0.000295764	0.000350316	2.12864e-05	
OG0004407	6.72811e-10	4.82229e-08	1.51648e-07	
OG0004408	1.54087e-06	4.53352e-06	1.26039e-06	
OG0004409	0.000259796	0.000218709	1.29901e-05	
OG0004410	8.85879e-07	2.50531e-06	7.34062e-07	
OG0004411	0.000234752	0.000118964	3.36805e-06	
OG0004412	0.000147726	5.01159e-05	3.30744e-06	
OG0004413	1.31124e-05	1.59378e-05	4.80422e-06	
OG0004414	6.28765e-12	2.43278e-10	7.12084e-10	
OG0004415	1.71105e-05	1.19713e-05	6.75806e-07	
OG0004416	2.68196e-06	6.93493e-06	2.28362e-06	
OG0004417	0.000234752	0.000118964	3.36805e-06	
OG0004418	0.000234752	0.000118964	3.36805e-06	
OG0004419	0.000157901	0.000318253	3.42444e-05	
OG0004420	0.000270302	0.000252001	1.40795e-05	
OG0004421	0.0017797	0.000191967	2.56345e-06	
OG0004422	0.00348697	0.00154323	3.03093e-05	
OG0004423	0.00348697	0.00154323	3.03093e-05	
OG0004424	2.2041e-05	4.96329e-05	7.82684e-06	
OG0004425	1.48388e-06	3.8271e-06	8.7356e-07	
OG0004426	0.000261465	0.000218404	1.14153e-05	
OG0004427	1.19279e-07	8.18216e-07	8.55611e-07	
OG0004428	1.20982e-07	8.32687e-07	5.75115e-07	
OG0004429	0.000295764	0.000350316	2.12864e-05	
OG0004430	1.30937e-08	5.56231e-07	4.3832e-07	
OG0004431	2.014e-05	3.5874e-05	6.31673e-06	
OG0004432	0.0017797	0.000191967	2.56345e-06	
OG0004433	2.22698e-30	1.07611e-21	2.57767e-16	
OG0004434	0.000295764	0.000350316	2.12864e-05	
OG0004435	8.5716e-15	1.47632e-09	7.65168e-08	
OG0004436	1.65292e-06	7.06229e-06	3.08429e-06	
OG0004437	0.000295764	0.000350316	2.12864e-05	
OG0004438	2.2077e-05	5.69746e-05	1.08538e-05	
OG0004439	1.70994e-06	8.27695e-06	3.9508e-06	
OG0004440	5.23393e-09	1.08776e-07	9.63621e-08	
OG0004441	1.41451e-05	1.02209e-05	1.05567e-06	
OG0004442	3.28783e-13	6.20398e-08	6.50193e-07	
OG0004443	2.93121e-09	2.56784e-07	4.74569e-07	
OG0004444	0.000295764	0.000350316	2.12864e-05	
OG0004445	0.000150957	4.35896e-05	1.81097e-06	
OG0004446	0.000242351	0.000147134	5.66947e-06	
OG0004447	1.98395e-05	2.50562e-05	1.77415e-06	
OG0004448	1.29175e-10	1.03829e-07	6.93155e-07	
OG0004449	4.98364e-05	0.000133806	2.07201e-05	
OG0004450	1.69692e-05	1.19303e-05	7.39497e-07	
OG0004451	1.99473e-07	9.01811e-07	6.15484e-07	
OG0004452	0.0017797	0.000191967	2.56345e-06	
OG0004453	3.84828e-06	2.06483e-05	7.44995e-06	
OG0004454	0.000168154	8.04866e-05	6.48515e-06	
OG0004455	0.000295764	0.000350316	2.12864e-05	
OG0004456	7.29497e-07	1.8546e-05	1.00186e-05	
OG0004457	0.0017797	0.000191967	2.56345e-06	
OG0004458	9.8316e-08	3.26729e-07	1.51145e-07	
OG0004459	0.00348697	0.00154323	3.03093e-05	
OG0004460	8.27742e-07	3.37574e-06	3.6575e-07	
OG0004461	3.23493e-19	1.72613e-13	2.3053e-10	
OG0004462	0.000167371	8.40996e-05	7.96725e-06	
OG0004463	1.00489e-08	1.53674e-07	1.83292e-07	
OG0004464	0.0017797	0.000191967	2.56345e-06	
OG0004465	1.48388e-06	3.8271e-06	8.7356e-07	
OG0004466	0.00348697	0.00154323	3.03093e-05	
OG0004467	1.54135e-06	4.23214e-06	9.0391e-07	
OG0004468	2.2077e-05	5.69746e-05	1.08538e-05	
OG0004469	1.1177e-07	5.58179e-07	2.83793e-07	
OG0004470	8.97998e-05	0.000262606	2.69938e-05	
OG0004471	1.19044e-05	4.79681e-05	1.19993e-05	
OG0004472	8.01135e-17	9.52112e-13	7.54579e-11	
OG0004473	3.5677e-05	4.45782e-05	4.16334e-06	
OG0004474	0.000261465	0.000218404	1.14153e-05	
OG0004475	0.00348697	0.00154323	3.03093e-05	
OG0004476	6.01533e-11	1.05602e-08	4.72136e-08	
OG0004477	2.2077e-05	5.69746e-05	1.08538e-05	
OG0004478	0.000295764	0.000350316	2.12864e-05	
OG0004479	8.49094e-07	6.89791e-06	3.22468e-06	
OG0004480	0.000295764	0.000350316	2.12864e-05	
OG0004481	2.59622e-11	1.94563e-09	8.56873e-09	
OG0004482	0.00348697	0.00154323	3.03093e-05	
OG0004483	0.00348697	0.00154323	3.03093e-05	
OG0004484	0.000295764	0.000350316	2.12864e-05	
OG0004485	1.48388e-06	3.8271e-06	8.7356e-07	
OG0004486	0.000261465	0.000218404	1.14153e-05	
OG0004487	3.63799e-07	1.82669e-06	9.74713e-07	
OG0004488	3.50685e-07	3.907e-06	1.96052e-06	
OG0004489	4.53191e-23	2.14104e-17	8.88726e-14	
OG0004490	1.00036e-16	1.00994e-13	6.233e-12	
OG0004491	1.34006e-16	6.18837e-13	8.92765e-11	
OG0004492	1.0662e-13	1.53602e-11	3.13931e-10	
OG0004572	4.1277e-12	3.60444e-09	3.13585e-08	
OG0004573	1.16026e-06	1.88443e-05	2.90119e-06	
OG0004574	4.98364e-05	0.000133806	2.07201e-05	
OG0004575	1.94857e-05	3.10574e-05	4.34555e-06	
OG0004576	1.93446e-09	2.88634e-08	1.96906e-08	
OG0004577	1.02258e-08	1.54284e-07	1.07632e-07	
OG0004578	0.000295764	0.000350316	2.12864e-05	
OG0004579	8.97294e-09	1.96076e-07	2.59788e-07	
OG0004580	0.000167371	8.40996e-05	7.96725e-06	
OG0004581	0.000147686	5.00037e-05	3.81671e-06	
OG0004582	2.57043e-25	4.01975e-17	1.33454e-12	
OG0004583	3.26811e-34	4.19129e-23	1.07594e-16	
OG0004584	1.59609e-10	3.40968e-08	3.54456e-08	
OG0004585	2.83113e-28	2.33532e-20	3.76244e-15	
OG0004586	6.13515e-08	1.18063e-07	9.89773e-08	
OG0004587	0.000154285	6.22675e-05	5.28877e-06	
OG0004588	4.11813e-07	2.61824e-06	1.78389e-06	
OG0004589	1.6339e-15	1.8779e-08	1.54372e-06	
OG0004590	1.84794e-07	6.01713e-07	2.85021e-07	
OG0004591	1.79457e-10	2.09324e-08	5.68132e-08	
OG0004592	2.2077e-05	5.69746e-05	1.08538e-05	
OG0004593	1.05287e-07	3.87142e-07	3.33696e-07	
OG0004594	8.97998e-05	0.000262606	2.69938e-05	
OG0004595	5.10365e-11	1.86498e-09	6.52311e-09	
OG0004596	0.000259796	0.000218709	1.29901e-05	
OG0004597	1.20219e-06	2.33498e-06	7.50397e-07	
OG0004598	1.18269e-07	6.76583e-07	2.68286e-07	
OG0004599	4.51246e-09	3.75449e-07	6.21126e-07	
OG0004600	4.3884e-26	1.1846e-18	3.00148e-14	
OG0004601	1.37524e-09	1.44138e-07	2.72745e-07	
OG0004602	6.71521e-20	3.60212e-14	4.13011e-11	
OG0004603	4.98364e-05	0.000133806	2.07201e-05	
OG0004604	5.54928e-06	2.18866e-05	7.52788e-06	
OG0004605	1.35393e-06	2.64788e-06	5.64822e-07	
OG0004606	0.000261465	0.000218404	1.14153e-05	
OG0004607	1.34102e-05	1.88298e-05	5.77588e-06	
OG0004608	8.05845e-09	2.18248e-07	8.63549e-08	
OG0004609	1.39741e-08	8.34247e-08	9.26845e-08	
OG0004610	2.36461e-06	1.92158e-06	8.15848e-08	
OG0004611	4.01545e-06	2.34588e-05	1.00981e-05	
OG0004612	9.97297e-06	3.931e-06	3.92128e-07	
OG0004613	2.64299e-06	3.56618e-06	4.077e-07	
OG0004614	0.000261465	0.000218404	1.14153e-05	
OG0004615	1.74901e-05	1.68607e-05	1.44689e-06	
OG0004616	1.74901e-05	1.68607e-05	1.44689e-06	
OG0004617	1.15048e-07	6.76454e-07	4.40098e-07	
OG0004618	2.73626e-06	1.31646e-05	4.43798e-06	
OG0004619	8.21828e-10	3.92467e-08	1.58281e-07	
OG0004621	1.89004e-05	2.19264e-05	2.56298e-06	
OG0004622	1.127e-05	6.49605e-06	8.98711e-07	
OG0004623	0.000157901	0.000318253	3.42444e-05	
OG0004624	1.38731e-09	1.26082e-08	4.77903e-09	
OG0004625	0.000261465	0.000218404	1.14153e-05	
OG0004626	1.09891e-08	1.5924e-07	1.26921e-07	
OG0004627	2.2077e-05	5.69746e-05	1.08538e-05	
OG0004628	1.59124e-06	5.23383e-06	1.51924e-06	
OG0004629	6.84109e-11	2.85312e-09	1.18e-08	
OG0004630	1.31124e-05	1.59378e-05	4.80422e-06	
OG0004631	9.40645e-09	1.94633e-07	5.35141e-07	
OG0004632	0.000295764	0.000350316	2.12864e-05	
OG0004633	7.98244e-07	5.67198e-06	2.89088e-06	
OG0004634	1.1283e-08	7.55356e-07	1.1505e-06	
OG0004635	6.01945e-23	1.1224e-15	9.62395e-12	
OG0004636	2.2077e-05	5.69746e-05	1.08538e-05	
OG0004637	2.88146e-09	2.1799e-08	2.35515e-08	
OG0004638	0.000534482	0.000403306	2.04826e-05	
OG0004639	1.62032e-19	2.85611e-13	5.4837e-10	
OG0004640	1.94806e-05	3.09879e-05	5.01467e-06	
OG0004641	7.14482e-09	3.88592e-08	2.85671e-08	
OG0004642	1.03014e-05	4.94567e-06	7.1562e-07	
OG0004643	1.20015e-07	8.82157e-07	1.01571e-06	
OG0004644	1.8206e-05	1.95041e-05	1.61076e-06	
OG0004645	3.43228e-07	3.04095e-06	1.53349e-06	
OG0004646	0.000259796	0.000218709	1.29901e-05	
OG0004647	4.08658e-08	2.46513e-07	2.33296e-07	
OG0004648	2.05566e-05	3.34193e-05	4.03707e-06	
OG0004649	1.31548e-06	2.43609e-06	5.15206e-07	
OG0004650	1.77318e-09	8.15474e-08	2.65276e-07	
OG0004651	4.44721e-08	2.36167e-07	1.38278e-07	
OG0004652	1.45571e-06	2.78945e-06	5.38599e-07	
OG0004653	2.68196e-06	6.93493e-06	2.28362e-06	
OG0004654	1.11222e-07	5.8668e-07	4.70193e-07	
OG0004655	0.000155844	5.39271e-05	3.07265e-06	
OG0004656	1.03449e-05	4.26492e-06	3.74757e-07	
OG0004657	4.40479e-10	3.53472e-09	1.70365e-09	
OG0004658	1.02258e-08	1.54284e-07	1.07632e-07	
OG0004659	1.24037e-08	2.5205e-07	2.15358e-07	
OG0004660	1.71258e-05	1.21227e-05	6.95158e-07	
OG0004661	0.000150957	4.35896e-05	1.81097e-06	
OG0004662	1.07734e-07	4.74024e-07	2.75983e-07	
OG0004663	6.28419e-10	1.16098e-08	3.25702e-08	
OG0004664	1.3657e-06	2.67211e-06	5.01171e-07	
OG0004665	8.48393e-09	9.79175e-08	5.28575e-08	
OG0004666	0.000261465	0.000218404	1.14153e-05	
OG0004667	2.36051e-07	1.07602e-06	5.45306e-07	
OG0004668	1.06594e-09	1.06388e-07	3.66302e-07	
OG0004669	6.2176e-08	6.18559e-07	6.42551e-07	
OG0004670	1.99119e-05	2.7013e-05	2.37938e-06	
OG0004671	2.18412e-07	1.4695e-06	1.5685e-06	
OG0004672	0.000234752	0.000118964	3.36805e-06	
OG0004673	2.2077e-05	5.69746e-05	1.08538e-05	
OG0004674	2.4656e-12	1.00505e-09	8.91202e-09	
OG0004675	2.03509e-05	3.85879e-05	6.94877e-06	
OG0004676	2.76749e-07	2.21329e-06	1.80824e-06	
OG0004677	6.94816e-09	1.07772e-06	9.39464e-07	
OG0004678	1.08569e-08	1.01804e-07	4.86178e-08	
OG0004679	1.74901e-05	1.68607e-05	1.44689e-06	
OG0004680	9.55456e-10	1.01101e-08	1.87486e-08	
OG0004681	1.20276e-10	4.26823e-09	9.66005e-09	
OG0004682	2.2077e-05	5.69746e-05	1.08538e-05	
OG0004683	6.01945e-23	1.1224e-15	9.62395e-12	
OG0004684	0.00198222	0.000352428	8.68832e-06	
OG0004685	7.73484e-15	9.26487e-11	7.31012e-09	
OG0004686	1.74901e-05	1.68607e-05	1.44689e-06	
OG0004687	8.23084e-08	1.64276e-07	3.70035e-08	
OG0004688	1.127e-05	6.49605e-06	8.98711e-07	
OG0004689	2.36461e-06	1.92158e-06	8.15848e-08	
OG0004690	0.00348697	0.00154323	3.03093e-05	
OG0004691	2.28951e-05	5.4901e-05	8.13864e-06	
OG0004692	1.21473e-06	1.5997e-06	2.65173e-07	
OG0004693	1.24037e-08	2.5205e-07	2.15358e-07	
OG0004694	3.40642e-10	7.00756e-09	1.14349e-08	
OG0004695	1.94857e-05	3.10574e-05	4.34555e-06	
OG0004696	0.000234752	0.000118964	3.36805e-06	
OG0004697	8.78618e-07	1.08717e-06	4.67609e-07	
OG0004698	2.014e-05	3.5874e-05	6.31673e-06	
OG0004699	5.97565e-09	2.91187e-08	5.15319e-08	
OG0004700	1.05498e-07	6.5179e-07	7.01441e-07	
OG0004701	1.99119e-05	2.7013e-05	2.37938e-06	
OG0004702	2.85179e-05	3.85933e-05	4.23863e-06	
OG0004703	3.88964e-06	1.01544e-05	2.13013e-06	
OG0004704	3.66287e-07	4.72151e-06	3.2948e-06	
OG0004705	1.78997e-07	4.86257e-07	1.67308e-07	
OG0004706	8.97998e-05	0.000262606	2.69938e-05	
OG0004707	1.02314e-07	1.26849e-06	6.52734e-07	
OG0004708	0.00013382	2.76461e-05	1.03521e-06	
OG0004709	2.78889e-11	6.03162e-09	3.66379e-08	
OG0004710	5.44354e-09	2.11117e-07	1.3394e-07	
OG0004711	1.48388e-06	3.8271e-06	8.7356e-07	
OG0004712	9.62825e-06	3.33364e-06	2.86358e-07	
OG0004713	3.05286e-11	2.56107e-09	1.63835e-08	
OG0004714	1.12971e-09	5.65945e-08	5.20673e-08	
OG0004715	1.11789e-07	5.16778e-07	4.23056e-07	
OG0004716	0.00013382	2.76461e-05	1.03521e-06	
OG0004717	1.1498e-05	8.84154e-06	1.94389e-06	
OG0004718	1.31124e-05	1.59378e-05	4.80422e-06	
OG0004719	0.000168154	8.04866e-05	6.48515e-06	
OG0004720	1.17835e-05	4.346e-05	1.08272e-05	
OG0004721	3.51098e-10	9.90353e-09	2.23733e-08	
OG0004722	2.63114e-08	5.58863e-07	8.08667e-07	
OG0004723	0.0017797	0.000191967	2.56345e-06	
OG0004724	0.000295764	0.000350316	2.12864e-05	
OG0004725	6.02732e-20	6.6581e-15	1.62658e-12	
OG0004726	0.00348697	0.00154323	3.03093e-05	
OG0004727	1.72785e-07	2.11856e-06	8.71568e-07	
OG0004728	1.36953e-06	2.97336e-06	7.73011e-07	
OG0004729	2.05566e-05	3.34193e-05	4.03707e-06	
OG0004730	2.15198e-05	3.52931e-05	4.35487e-06	
OG0004731	1.04038e-24	9.54208e-17	1.9588e-12	
OG0004732	1.30142e-05	1.25173e-05	2.29583e-06	
OG0004733	6.10884e-10	8.77671e-08	3.20916e-07	
OG0004734	1.26807e-08	3.62191e-07	6.32659e-07	
OG0004735	1.41451e-05	1.02209e-05	1.05567e-06	
OG0004736	0.000167371	8.40996e-05	7.96725e-06	
OG0004737	7.42548e-20	1.86528e-14	1.80178e-11	
OG0004738	3.11904e-07	1.19083e-06	1.07192e-07	
OG0004739	2.04476e-06	1.0117e-05	1.75857e-06	
OG0004740	1.94857e-05	3.10574e-05	4.34555e-06	
OG0004741	1.40086e-08	8.07888e-08	8.23248e-08	
OG0004742	0.000295764	0.000350316	2.12864e-05	
OG0004743	4.01545e-06	2.34588e-05	1.00981e-05	
OG0004744	0.000157901	0.000318253	3.42444e-05	
OG0004745	2.23103e-20	1.18655e-13	2.05689e-10	
OG0004746	1.56518e-07	1.02215e-06	2.85569e-07	
OG0004747	2.07456e-20	2.88201e-14	8.40858e-11	
OG0004748	2.29465e-05	5.85635e-05	1.10519e-05	
OG0004749	5.73043e-07	2.10673e-06	8.23431e-07	
OG0004750	0.000234752	0.000118964	3.36805e-06	
OG0004751	7.09059e-09	5.98445e-08	7.11698e-08	
OG0004752	0.000295764	0.000350316	2.12864e-05	
OG0004753	5.18934e-25	6.75528e-17	2.39989e-12	
OG0004754	2.77189e-21	2.56988e-14	9.04334e-11	
OG0004755	1.39063e-20	3.10442e-14	6.88484e-11	
OG0004756	1.04038e-24	9.54208e-17	1.9588e-12	
OG0004757	0.000234752	0.000118964	3.36805e-06	
OG0004758	1.19188e-16	1.03829e-11	2.12365e-09	
OG0004759	7.35014e-08	4.43864e-07	7.96916e-07	
OG0004760	1.49953e-12	2.98251e-10	4.5917e-09	
OG0004761	2.2077e-05	5.69746e-05	1.08538e-05	
OG0004762	2.24498e-21	8.67301e-15	1.97735e-11	
OG0004763	0.000261465	0.000218404	1.14153e-05	
OG0004764	6.23017e-13	3.96502e-11	2.14162e-10	
OG0004765	1.88646e-05	2.6799e-05	3.38359e-06	
OG0004766	1.21373e-05	9.37016e-06	1.863e-06	
OG0004767	2.2077e-05	5.69746e-05	1.08538e-05	
OG0004768	1.25311e-05	1.13961e-05	2.34748e-06	
OG0004769	7.18162e-11	3.56862e-09	1.58495e-08	
OG0004770	0.000295764	0.000350316	2.12864e-05	
OG0004771	9.96402e-06	3.88207e-06	3.81517e-07	
OG0004772	8.97998e-05	0.000262606	2.69938e-05	
OG0004773	8.06226e-07	4.26846e-06	2.28982e-06	
OG0004774	5.54928e-06	2.18866e-05	7.52788e-06	
OG0004775	9.47588e-08	2.63162e-06	2.43457e-06	
OG0004776	0.000150957	4.35896e-05	1.81097e-06	
OG0004777	5.36428e-22	1.10138e-15	4.01466e-12	
OG0004778	1.26359e-05	2.08446e-05	2.44394e-06	
OG0004779	0.000234752	0.000118964	3.36805e-06	
OG0004780	8.51571e-11	4.1949e-08	1.82496e-07	
OG0004781	0.000259796	0.000218709	1.29901e-05	
OG0004782	0.000234752	0.000118964	3.36805e-06	
OG0004783	0.000261465	0.000218404	1.14153e-05	
OG0004784	0.000295764	0.000350316	2.12864e-05	
OG0004785	3.66287e-07	4.72151e-06	3.2948e-06	
OG0004786	1.21572e-05	3.21434e-05	6.98263e-06	
OG0004787	1.94806e-05	3.09879e-05	5.01467e-06	
OG0004788	0.000295764	0.000350316	2.12864e-05	
OG0004789	3.96317e-07	2.97897e-06	2.73252e-06	
OG0004790	1.14957e-07	7.50671e-07	6.59397e-07	
OG0004791	6.16724e-08	4.78605e-07	1.58456e-07	
OG0004792	4.70597e-06	2.76256e-05	5.4701e-06	
OG0004793	0.000261465	0.000218404	1.14153e-05	
OG0004794	8.97998e-05	0.000262606	2.69938e-05	
OG0004795	4.98364e-05	0.000133806	2.07201e-05	
OG0004796	1.01799e-07	3.8469e-07	1.9603e-07	
OG0004797	1.7019e-06	7.49728e-06	3.03252e-06	
OG0004798	2.2041e-05	4.96329e-05	7.82684e-06	
OG0004799	0.000259796	0.000218709	1.29901e-05	
OG0004800	3.84828e-06	2.06483e-05	7.44995e-06	
OG0004801	2.2077e-05	5.69746e-05	1.08538e-05	
OG0004802	0.000157901	0.000318253	3.42444e-05	
OG0004803	1.04038e-24	9.54208e-17	1.9588e-12	
OG0004804	0.000259796	0.000218709	1.29901e-05	
OG0004805	2.2077e-05	5.69746e-05	1.08538e-05	
OG0004806	1.04297e-09	8.56504e-08	2.99908e-07	
OG0004807	1.82083e-10	4.35348e-08	8.20882e-08	
OG0004808	8.078e-13	1.50595e-09	3.16452e-08	
OG0004809	4.42602e-24	1.99776e-17	1.89752e-13	
OG0004810	2.39173e-26	2.35091e-21	4.91471e-18	
OG0004882	1.8206e-05	1.95041e-05	1.61076e-06	
OG0004883	1.22368e-05	1.91685e-05	2.59089e-06	
OG0004884	8.48285e-07	9.10168e-07	2.94367e-07	
OG0004885	5.85074e-07	2.58049e-06	1.42804e-06	
OG0004886	1.03844e-07	5.33822e-07	3.14275e-07	
OG0004887	2.20023e-11	1.44073e-08	1.82537e-07	
OG0004888	1.04532e-13	1.39746e-09	5.56567e-08	
OG0004889	2.47493e-08	2.0002e-07	5.37549e-08	
OG0004890	1.91421e-09	2.71511e-08	1.43147e-08	
OG0004891	1.14288e-09	6.72817e-09	5.05213e-09	
OG0004892	1.16887e-07	5.92244e-07	4.08094e-07	
OG0004893	4.27756e-07	1.07701e-05	3.51141e-06	
OG0004894	1.82328e-05	2.15566e-05	2.49652e-06	
OG0004895	1.87407e-10	4.08863e-08	2.09701e-07	
OG0004896	2.014e-05	3.5874e-05	6.31673e-06	
OG0004897	1.70786e-14	2.18092e-11	4.47882e-10	
OG0004898	1.61322e-07	1.44457e-06	5.58739e-07	
OG0004899	8.97576e-09	3.03542e-07	4.96905e-07	
OG0004900	2.8382e-07	4.05085e-06	1.93978e-06	
OG0004901	7.34689e-05	0.000175239	2.79231e-05	
OG0004902	5.54928e-06	2.18866e-05	7.52788e-06	
OG0004903	7.29497e-07	1.8546e-05	1.00186e-05	
OG0004904	1.07789e-08	1.29953e-07	1.03927e-07	
OG0004905	0.000261465	0.000218404	1.14153e-05	
OG0004906	4.95281e-07	5.20496e-06	1.78137e-06	
OG0004907	2.2077e-05	5.69746e-05	1.08538e-05	
OG0004908	2.62094e-08	7.37542e-08	2.55182e-08	
OG0004909	1.22368e-05	1.91685e-05	2.59089e-06	
OG0004910	3.15733e-18	8.49e-13	4.87985e-10	
OG0004911	1.92759e-08	1.85597e-07	1.97179e-07	
OG0004912	6.13685e-09	1.3697e-07	4.95662e-08	
OG0004913	1.60712e-09	4.57871e-08	1.08908e-07	
OG0004914	1.32321e-07	1.76398e-06	1.00163e-06	
OG0004915	1.26085e-13	8.95269e-10	2.38175e-08	
OG0004916	1.99473e-07	9.01811e-07	6.15484e-07	
OG0004917	0.000150957	4.35896e-05	1.81097e-06	
OG0004918	1.06811e-10	9.19938e-09	1.23597e-08	
OG0004919	5.26216e-10	1.45833e-08	2.34709e-08	
OG0004920	2.19601e-09	3.87158e-07	1.01382e-06	
OG0004921	3.64507e-08	2.06286e-06	2.10724e-06	
OG0004922	1.01608e-07	6.25985e-07	5.19846e-07	
OG0004923	5.81529e-08	9.97096e-08	8.94583e-08	
OG0004924	0.000295764	0.000350316	2.12864e-05	
OG0004925	1.38166e-08	4.64925e-07	7.53251e-07	
OG0004926	0.000261465	0.000218404	1.14153e-05	
OG0004927	0.000295764	0.000350316	2.12864e-05	
OG0004928	1.99119e-05	2.7013e-05	2.37938e-06	
OG0004929	9.97246e-06	3.93751e-06	4.67694e-07	
OG0004930	2.36461e-06	1.92158e-06	8.15848e-08	
OG0004931	1.48904e-06	3.53005e-06	1.03623e-06	
OG0004932	1.99119e-05	2.7013e-05	2.37938e-06	
OG0004933	2.2077e-05	5.69746e-05	1.08538e-05	
OG0004934	1.48657e-06	4.46629e-06	1.23631e-06	
OG0004935	8.19645e-09	7.27304e-08	3.00008e-08	
OG0004936	8.06251e-07	6.63627e-06	3.08431e-06	
OG0004937	1.21572e-05	3.21434e-05	6.98263e-06	
OG0004938	1.14801e-07	6.42385e-07	5.40959e-07	
OG0004939	1.86051e-06	1.08465e-05	5.16511e-06	
OG0004940	9.24136e-07	1.69611e-06	1.14196e-06	
OG0004941	1.49175e-06	3.60492e-06	6.96953e-07	
OG0004942	4.0696e-10	2.68356e-07	1.12314e-06	
OG0004943	6.87883e-21	1.52168e-14	4.81345e-11	
OG0004944	5.6934e-09	1.46054e-07	2.41101e-07	
OG0004945	1.27952e-06	7.62779e-06	4.42839e-06	
OG0004946	5.54928e-06	2.18866e-05	7.52788e-06	
OG0004947	4.37884e-07	6.99609e-06	5.24422e-06	
OG0004948	8.6904e-07	9.36961e-07	2.64389e-07	
OG0004949	1.75951e-15	7.08173e-11	6.13469e-09	
OG0004950	3.04859e-08	6.59368e-06	7.28789e-06	
OG0004951	0.000261465	0.000218404	1.14153e-05	
OG0004952	1.21373e-05	9.37016e-06	1.863e-06	
OG0004953	7.35014e-08	4.43864e-07	7.96916e-07	
OG0004954	1.71436e-26	2.88706e-18	1.18149e-13	
OG0004955	7.34689e-05	0.000175239	2.79231e-05	
OG0004956	1.76185e-07	2.72438e-07	3.5187e-08	
OG0004957	1.2571e-05	1.23898e-05	3.47861e-06	
OG0004958	2.43695e-10	8.26745e-08	5.00652e-07	
OG0004959	1.07855e-06	1.50059e-06	7.13401e-07	
OG0004960	7.4276e-09	5.4867e-08	5.44662e-08	
OG0004961	8.00822e-08	6.86299e-07	6.68021e-07	
OG0004962	1.18928e-05	9.21142e-06	1.85676e-06	
OG0004963	3.25091e-13	9.64772e-10	3.33209e-08	
OG0004964	0.000138023	3.14729e-05	1.22596e-06	
OG0004965	9.17041e-11	1.28194e-08	5.21158e-08	
OG0004966	1.94806e-05	3.09879e-05	5.01467e-06	
OG0004967	5.08853e-17	5.12652e-12	8.22436e-10	
OG0004968	0.000295764	0.000350316	2.12864e-05	
OG0004969	2.80051e-11	3.48935e-09	2.28722e-08	
OG0004970	1.50879e-20	1.25523e-13	3.3503e-10	
OG0004971	8.97998e-05	0.000262606	2.69938e-05	
OG0004972	8.54089e-10	4.07414e-08	1.14929e-07	
OG0004973	1.18165e-14	7.11908e-11	5.50411e-09	
OG0004974	3.59848e-05	3.11061e-05	2.29212e-06	
OG0004975	1.127e-05	6.49605e-06	8.98711e-07	
OG0004976	4.9501e-18	3.20066e-12	1.4421e-09	
OG0004977	2.95094e-06	1.22939e-05	4.67411e-06	
OG0004978	4.98364e-05	0.000133806	2.07201e-05	
OG0004979	1.61291e-07	1.44355e-06	6.60483e-07	
OG0004980	7.13481e-06	4.70615e-05	1.49193e-05	
OG0004981	2.62094e-08	7.37542e-08	2.55182e-08	
OG0004982	3.51395e-10	9.62672e-08	1.92362e-07	
OG0004983	7.92273e-20	2.55287e-14	2.80357e-11	
OG0004984	5.54928e-06	2.18866e-05	7.52788e-06	
OG0004985	1.3657e-06	2.67211e-06	5.01171e-07	
OG0004986	1.31124e-05	1.59378e-05	4.80422e-06	
OG0004987	1.94806e-05	3.09879e-05	5.01467e-06	
OG0004988	1.02057e-07	4.5991e-06	2.50097e-06	
OG0004989	0.000157901	0.000318253	3.42444e-05	
OG0004990	1.45682e-07	7.16022e-07	1.28635e-07	
OG0004991	5.54928e-06	2.18866e-05	7.52788e-06	
OG0004992	3.84232e-26	1.03436e-18	2.78677e-14	
OG0004993	1.99119e-05	2.7013e-05	2.37938e-06	
OG0004994	0.000168154	8.04866e-05	6.48515e-06	
OG0004995	1.88093e-22	2.09191e-15	1.14094e-11	
OG0004996	2.21804e-05	4.98785e-05	8.52065e-06	
OG0004997	8.65906e-08	1.79646e-06	2.17264e-06	
OG0004998	0.000270302	0.000252001	1.40795e-05	
OG0004999	7.34689e-05	0.000175239	2.79231e-05	
OG0005000	1.81776e-18	2.24616e-14	6.86522e-12	
OG0005001	1.70786e-11	8.82757e-09	4.83838e-08	
OG0005002	0.00013382	2.76461e-05	1.03521e-06	
OG0005003	0.000154285	6.22675e-05	5.28877e-06	
OG0005004	0.000168154	8.04866e-05	6.48515e-06	
OG0005005	0.000261465	0.000218404	1.14153e-05	
OG0005006	7.13481e-06	4.70615e-05	1.49193e-05	
OG0005007	2.3911e-08	1.45844e-06	9.9763e-07	
OG0005008	1.48657e-06	4.46629e-06	1.23631e-06	
OG0005009	4.35245e-15	2.75942e-11	1.18424e-09	
OG0005010	3.59848e-05	3.11061e-05	2.29212e-06	
OG0005011	5.50298e-21	2.01093e-14	6.51574e-11	
OG0005012	1.17845e-09	3.84367e-08	7.21156e-08	
OG0005013	1.98796e-10	1.43318e-07	6.19959e-07	
OG0005014	9.66593e-10	4.74121e-08	1.79531e-07	
OG0005015	0.0001642	0.000134835	6.88292e-06	
OG0005016	1.7908e-08	2.50286e-07	2.3815e-07	
OG0005017	2.2077e-05	5.69746e-05	1.08538e-05	
OG0005018	1.16353e-05	8.05035e-06	1.54313e-06	
OG0005019	2.21804e-05	4.98785e-05	8.52065e-06	
OG0005020	4.83126e-15	5.23907e-12	7.85167e-11	
OG0005021	1.03013e-05	4.97252e-06	8.85647e-07	
OG0005022	1.95899e-23	4.20678e-16	5.79285e-12	
OG0005023	6.27529e-06	5.44728e-06	2.78375e-07	
OG0005024	0.000173962	9.45011e-05	8.41169e-06	
OG0005025	7.86319e-07	5.91177e-07	1.33694e-07	
OG0005026	1.45958e-06	3.4177e-06	1.48212e-06	
OG0005027	9.13899e-10	2.34032e-08	5.71615e-08	
OG0005028	7.23785e-09	8.2438e-08	9.62967e-08	
OG0005029	1.22368e-05	1.91685e-05	2.59089e-06	
OG0005030	0.00198222	0.000352428	8.68832e-06	
OG0005031	9.68282e-08	3.59163e-07	1.58446e-07	
OG0005032	8.24151e-06	2.06212e-05	3.97821e-06	
OG0005033	1.23506e-12	1.1825e-09	2.98592e-08	
OG0005034	0.000155844	5.39271e-05	3.07265e-06	
OG0005035	2.21804e-05	4.98785e-05	8.52065e-06	
OG0005036	1.48657e-06	4.46629e-06	1.23631e-06	
OG0005037	1.53475e-06	5.61584e-06	2.14949e-06	
OG0005038	1.8797e-05	2.42191e-05	2.81598e-06	
OG0005039	1.19722e-09	2.0271e-07	4.96577e-07	
OG0005040	1.48657e-06	4.46629e-06	1.23631e-06	
OG0005041	1.31548e-06	2.43609e-06	5.15206e-07	
OG0005042	1.22368e-05	1.91685e-05	2.59089e-06	
OG0005043	1.86014e-09	1.24878e-07	1.42249e-07	
OG0005044	0.00013382	2.76461e-05	1.03521e-06	
OG0005045	2.04347e-07	2.36995e-06	1.83289e-06	
OG0005046	1.99119e-05	2.7013e-05	2.37938e-06	
OG0005047	1.4473e-08	2.82063e-07	5.8535e-07	
OG0005048	1.94857e-05	3.10574e-05	4.34555e-06	
OG0005049	1.43527e-10	1.11288e-07	3.76956e-07	
OG0005050	5.87778e-15	4.33514e-12	1.47209e-10	
OG0005051	5.31996e-06	3.00796e-05	7.2837e-06	
OG0005052	1.12708e-06	1.37639e-05	6.79383e-06	
OG0005053	7.13129e-08	4.93966e-07	4.29275e-07	
OG0005054	4.084e-10	1.58765e-07	5.50421e-07	
OG0005055	1.3143e-06	2.40577e-06	5.01265e-07	
OG0005056	1.29805e-12	9.14889e-10	1.64247e-08	
OG0005057	1.36454e-06	2.64302e-06	4.92383e-07	
OG0005058	1.04038e-24	9.54208e-17	1.9588e-12	
OG0005059	1.08977e-16	1.34879e-09	1.36697e-07	
OG0005060	3.88972e-11	2.14376e-09	5.84612e-09	
OG0005061	7.34689e-05	0.000175239	2.79231e-05	
OG0005062	1.27952e-06	7.62779e-06	4.42839e-06	
OG0005063	6.65554e-09	1.31146e-07	2.17893e-07	
OG0005064	1.02258e-08	1.54284e-07	1.07632e-07	
OG0005065	1.1385e-05	6.44091e-06	8.25962e-07	
OG0005066	0.000157901	0.000318253	3.42444e-05	
OG0005067	1.50039e-06	3.94224e-06	1.05381e-06	
OG0005068	5.13883e-07	1.02866e-05	6.78103e-06	
OG0005069	8.06015e-11	3.89407e-09	9.00421e-09	
OG0005070	1.21572e-05	3.21434e-05	6.98263e-06	
OG0005071	1.34884e-09	9.56115e-08	1.41415e-07	
OG0005072	1.22302e-06	2.33103e-06	4.25261e-07	
OG0005073	1.74901e-05	1.68607e-05	1.44689e-06	
OG0005074	9.45996e-07	8.00081e-06	5.17551e-06	
OG0005075	5.42415e-09	3.41318e-08	9.55496e-08	
OG0005076	2.03509e-05	3.85879e-05	6.94877e-06	
OG0005077	1.9735e-10	1.98046e-08	5.31334e-08	
OG0005078	1.35679e-06	2.78504e-06	7.37293e-07	
OG0005079	1.99119e-05	2.7013e-05	2.37938e-06	
OG0005080	1.6141e-06	1.18789e-05	3.40409e-06	
OG0005081	1.34884e-09	9.56115e-08	1.41415e-07	
OG0005082	4.01469e-24	8.06127e-17	8.52036e-13	
OG0005083	2.03509e-05	3.85879e-05	6.94877e-06	
OG0005084	2.17676e-17	5.38559e-13	1.07337e-10	
OG0005085	1.2571e-05	1.23898e-05	3.47861e-06	
OG0005086	0.000147686	5.00037e-05	3.81671e-06	
OG0005087	5.56795e-08	3.54154e-07	2.52331e-07	
OG0005088	9.14955e-08	1.05959e-06	9.83734e-07	
OG0005089	1.21572e-05	3.21434e-05	6.98263e-06	
OG0005090	3.16841e-07	2.13084e-06	6.14714e-07	
OG0005091	4.27529e-08	1.31053e-06	5.81366e-07	
OG0005092	2.05566e-05	3.34193e-05	4.03707e-06	
OG0005093	0.000261465	0.000218404	1.14153e-05	
OG0005094	2.21804e-05	4.98785e-05	8.52065e-06	
OG0005095	5.54928e-06	2.18866e-05	7.52788e-06	
OG0005096	1.48657e-06	4.46629e-06	1.23631e-06	
OG0005097	0.000157901	0.000318253	3.42444e-05	
OG0005098	1.31635e-07	2.65913e-06	2.77418e-06	
OG0005099	1.11907e-09	6.06806e-08	6.94481e-08	
OG0005100	3.96317e-07	2.97897e-06	2.73252e-06	
OG0005101	3.11904e-07	1.19083e-06	1.07192e-07	
OG0005102	4.68704e-07	4.92101e-06	2.37191e-06	
OG0005103	7.13129e-08	4.93966e-07	4.29275e-07	
OG0005104	1.18772e-07	8.40659e-07	7.4831e-07	
OG0005105	1.39056e-06	6.75489e-06	3.21815e-06	
OG0005106	8.97998e-05	0.000262606	2.69938e-05	
OG0005107	1.45682e-07	7.16022e-07	1.28635e-07	
OG0005108	3.07233e-18	6.43321e-15	1.46463e-12	
OG0005190	5.76298e-10	2.80452e-08	1.61552e-07	
OG0005191	3.96317e-07	2.97897e-06	2.73252e-06	
OG0005192	1.61322e-07	1.44457e-06	5.58739e-07	
OG0005193	6.83769e-35	6.37863e-19	1.31456e-11	
OG0005194	6.42132e-20	6.42937e-11	1.77812e-07	
OG0005195	1.22368e-05	1.91685e-05	2.59089e-06	
OG0005196	7.16681e-11	7.96298e-09	3.27886e-08	
OG0005197	3.60934e-16	4.49031e-12	4.4662e-10	
OG0005198	1.53065e-07	2.81856e-06	3.59572e-06	
OG0005199	3.49921e-06	1.30559e-05	4.12981e-06	
OG0005200	1.70754e-08	9.68077e-08	6.85451e-08	
OG0005201	1.99119e-05	2.7013e-05	2.37938e-06	
OG0005202	0.000154285	6.22675e-05	5.28877e-06	
OG0005203	2.01711e-09	4.25753e-08	1.00748e-07	
OG0005204	1.63509e-07	2.92411e-06	2.54874e-06	
OG0005205	8.6924e-08	1.32758e-06	1.02627e-06	
OG0005206	4.54e-10	4.99549e-09	3.33333e-09	
OG0005207	5.53785e-09	7.34411e-07	1.47045e-06	
OG0005208	6.11766e-06	2.03426e-05	3.03854e-06	
OG0005209	8.66811e-08	2.70853e-06	1.35594e-06	
OG0005210	1.2856e-08	2.09701e-07	9.88004e-08	
OG0005211	2.21804e-05	4.98785e-05	8.52065e-06	
OG0005212	1.86051e-06	1.08465e-05	5.16511e-06	
OG0005213	1.86843e-11	3.71082e-08	3.14176e-07	
OG0005214	1.127e-05	6.49605e-06	8.98711e-07	
OG0005215	8.79376e-07	1.09993e-06	4.81871e-07	
OG0005216	1.41435e-05	1.02077e-05	1.21832e-06	
OG0005217	4.76294e-08	3.7376e-07	1.313e-07	
OG0005218	1.18982e-12	5.3294e-09	1.62365e-07	
OG0005220	1.64108e-05	1.63933e-05	1.12174e-06	
OG0005221	8.47011e-09	7.93146e-08	2.88176e-08	
OG0005222	9.08152e-11	1.0322e-08	2.40614e-08	
OG0005223	1.22368e-05	1.91685e-05	2.59089e-06	
OG0005224	1.29159e-17	2.23222e-12	2.86482e-10	
OG0005225	2.52427e-14	1.4015e-10	9.33812e-09	
OG0005226	1.86051e-06	1.08465e-05	5.16511e-06	
OG0005227	3.88964e-06	1.01544e-05	2.13013e-06	
OG0005228	1.33092e-13	9.72826e-11	1.97046e-09	
OG0005229	1.79795e-09	4.4844e-08	1.04127e-07	
OG0005230	9.9263e-08	5.97848e-07	1.52866e-07	
OG0005231	8.33809e-07	8.2549e-07	6.04707e-08	
OG0005232	5.5551e-06	2.61164e-05	1.11467e-05	
OG0005233	1.34102e-05	1.88298e-05	5.77588e-06	
OG0005234	1.95899e-23	4.20678e-16	5.79285e-12	
OG0005235	1.57636e-07	1.32585e-06	7.88723e-07	
OG0005236	1.68957e-08	4.11818e-07	5.85152e-07	
OG0005237	4.59915e-19	8.12723e-14	4.34825e-11	
OG0005238	2.01984e-06	2.16319e-05	8.86214e-06	
OG0005239	9.46272e-08	3.6303e-07	1.78386e-07	
OG0005240	1.57237e-13	2.64157e-10	5.7973e-09	
OG0005241	1.31127e-05	7.31161e-05	1.81812e-05	
OG0005242	1.03844e-07	5.33822e-07	3.14275e-07	
OG0005243	7.46769e-08	8.69086e-07	1.25428e-06	
OG0005244	1.74901e-05	1.68607e-05	1.44689e-06	
OG0005245	1.2571e-05	1.23898e-05	3.47861e-06	
OG0005246	5.59597e-12	1.06443e-08	1.57955e-07	
OG0005247	1.50393e-10	7.96561e-08	3.36651e-07	
OG0005248	7.5881e-09	4.26993e-07	5.80847e-07	
OG0005249	7.05303e-08	1.33692e-07	7.14836e-08	
OG0005250	1.02861e-05	4.49409e-06	5.61161e-07	
OG0005251	1.12872e-08	6.2499e-08	4.93458e-08	
OG0005252	1.28145e-07	1.35782e-06	1.59378e-06	
OG0005253	0.0001642	0.000134835	6.88292e-06	
OG0005254	1.0746e-12	9.09915e-10	7.34719e-09	
OG0005255	4.56253e-08	2.15833e-06	1.63901e-06	
OG0005256	3.30203e-09	6.9071e-08	9.55184e-08	
OG0005257	8.70678e-08	1.35784e-06	1.38572e-06	
OG0005258	2.72582e-19	1.06793e-14	3.21961e-12	
OG0005259	2.2818e-09	1.03794e-07	2.25701e-07	
OG0005260	7.75635e-07	1.3634e-06	2.27644e-07	
OG0005261	1.12656e-07	8.74119e-07	7.34364e-07	
OG0005262	5.5551e-06	2.61164e-05	1.11467e-05	
OG0005263	3.04859e-08	6.59368e-06	7.28789e-06	
OG0005264	1.0741e-06	4.62946e-06	2.07881e-06	
OG0005265	1.60246e-07	7.79361e-07	6.86485e-07	
OG0005266	1.07286e-10	3.10156e-08	9.31918e-08	
OG0005267	9.14514e-07	1.53981e-06	1.02615e-06	
OG0005268	1.31127e-05	7.31161e-05	1.81812e-05	
OG0005269	5.54928e-06	2.18866e-05	7.52788e-06	
OG0005270	1.6141e-06	1.18789e-05	3.40409e-06	
OG0005271	0.000135025	0.000272256	3.63635e-05	
OG0005272	0.0001642	0.000134835	6.88292e-06	
OG0005273	1.35669e-06	2.36691e-06	8.74292e-07	
OG0005274	0.000132596	2.72073e-05	1.10124e-06	
OG0005275	2.20316e-17	1.27011e-12	4.04316e-10	
OG0005276	1.11893e-07	5.64042e-07	3.86761e-07	
OG0005277	1.01753e-07	3.791e-07	2.16933e-07	
OG0005278	9.51173e-06	2.84029e-05	8.37158e-06	
OG0005279	1.17785e-12	9.95999e-11	1.00489e-09	
OG0005280	1.03844e-07	5.33822e-07	3.14275e-07	
OG0005281	2.73298e-07	1.04262e-06	4.69648e-07	
OG0005282	5.54928e-06	2.18866e-05	7.52788e-06	
OG0005283	1.50428e-07	9.67747e-07	2.69176e-07	
OG0005284	7.55792e-08	6.06936e-07	7.22066e-07	
OG0005285	7.34689e-05	0.000175239	2.79231e-05	
OG0005286	1.6134e-05	1.64991e-05	2.07348e-06	
OG0005287	4.01545e-06	2.34588e-05	1.00981e-05	
OG0005288	1.87407e-10	4.08863e-08	2.09701e-07	
OG0005289	3.15733e-18	8.49e-13	4.87985e-10	
OG0005291	1.22368e-05	1.91685e-05	2.59089e-06	
OG0005292	2.09825e-06	8.87621e-06	4.08814e-06	
OG0005293	1.54444e-06	3.75808e-06	2.02354e-06	
OG0005294	5.80066e-10	6.29289e-08	3.33037e-07	
OG0005295	1.45682e-07	7.16022e-07	1.28635e-07	
OG0005296	5.5551e-06	2.61164e-05	1.11467e-05	
OG0005297	5.52133e-07	2.06879e-05	1.16106e-05	
OG0005298	1.55206e-06	5.11815e-06	2.19028e-06	
OG0005299	8.94999e-07	6.48559e-06	3.45852e-06	
OG0005300	4.3125e-21	6.57611e-15	1.35687e-11	
OG0005301	1.31127e-05	7.31161e-05	1.81812e-05	
OG0005302	1.99119e-05	2.7013e-05	2.37938e-06	
OG0005303	1.22368e-05	1.91685e-05	2.59089e-06	
OG0005304	7.70365e-07	1.51059e-06	3.17764e-07	
OG0005305	1.35193e-07	1.46344e-06	1.40753e-06	
OG0005306	1.22368e-05	1.91685e-05	2.59089e-06	
OG0005307	1.45682e-07	7.16022e-07	1.28635e-07	
OG0005308	0.000168154	8.04866e-05	6.48515e-06	
OG0005309	4.01545e-06	2.34588e-05	1.00981e-05	
OG0005310	9.97297e-06	3.931e-06	3.92128e-07	
OG0005311	5.62033e-09	2.57617e-07	7.22295e-07	
OG0005312	1.27952e-06	7.62779e-06	4.42839e-06	
OG0005313	2.40528e-10	2.91057e-08	1.77778e-07	
OG0005314	5.98891e-08	3.25683e-07	2.69661e-07	
OG0005315	0.000261465	0.000218404	1.14153e-05	
OG0005316	1.20219e-06	2.33498e-06	7.50397e-07	
OG0005317	1.94806e-05	3.09879e-05	5.01467e-06	
OG0005318	1.6141e-06	1.18789e-05	3.40409e-06	
OG0005319	2.37698e-09	1.78639e-07	2.2411e-07	
OG0005320	9.77804e-08	4.08551e-07	6.64278e-07	
OG0005321	2.16467e-06	1.01591e-05	1.47382e-06	
OG0005322	1.15159e-05	9.37811e-06	2.7673e-06	
OG0005323	1.31127e-05	7.31161e-05	1.81812e-05	
OG0005324	1.39356e-06	3.77317e-06	8.7818e-07	
OG0005325	1.94806e-05	3.09879e-05	5.01467e-06	
OG0005326	2.83402e-06	6.08702e-06	2.13026e-06	
OG0005327	1.58575e-07	1.44701e-06	9.85926e-07	
OG0005328	3.71501e-05	3.84916e-05	3.89485e-06	
OG0005329	5.39475e-07	7.01373e-06	5.57317e-06	
OG0005330	1.77869e-06	5.40086e-06	1.98721e-06	
OG0005331	3.15733e-18	8.49e-13	4.87985e-10	
OG0005332	7.01953e-11	7.60243e-09	6.43098e-08	
OG0005333	1.80141e-09	3.73247e-08	5.02653e-08	
OG0005334	2.36461e-06	1.92158e-06	8.15848e-08	
OG0005335	1.94857e-05	3.10574e-05	4.34555e-06	
OG0005336	8.21381e-09	7.33444e-08	3.6579e-08	
OG0005337	1.08092e-06	1.5675e-06	7.448e-07	
OG0005338	1.81896e-06	4.7975e-06	1.89681e-06	
OG0005339	1.8656e-06	6.32581e-06	1.60072e-06	
OG0005340	1.74901e-05	1.68607e-05	1.44689e-06	
OG0005341	9.49087e-07	1.8216e-06	1.18969e-06	
OG0005342	6.93906e-26	6.85349e-18	1.7343e-13	
OG0005343	6.11766e-06	2.03426e-05	3.03854e-06	
OG0005344	1.6141e-06	1.18789e-05	3.40409e-06	
OG0005345	1.6141e-06	1.18789e-05	3.40409e-06	
OG0005346	1.6141e-06	1.18789e-05	3.40409e-06	
OG0005347	6.26475e-07	3.13873e-06	1.71265e-06	
OG0005348	1.3125e-06	2.36232e-06	9.92731e-07	
OG0005349	4.03513e-09	1.11041e-07	1.32669e-07	
OG0005350	3.16841e-07	2.13084e-06	6.14714e-07	
OG0005351	2.04558e-06	7.9377e-06	3.81651e-06	
OG0005352	6.05123e-08	1.54677e-06	1.50185e-06	
OG0005353	5.52133e-07	2.06879e-05	1.16106e-05	
OG0005354	0.0001642	0.000134835	6.88292e-06	
OG0005355	9.59628e-09	1.27705e-07	2.74942e-07	
OG0005356	9.28794e-09	1.36714e-07	3.53112e-07	
OG0005357	2.2077e-05	5.69746e-05	1.08538e-05	
OG0005358	1.02861e-05	4.49409e-06	5.61161e-07	
OG0005359	2.03509e-05	3.85879e-05	6.94877e-06	
OG0005360	2.57858e-22	2.79561e-15	1.45001e-11	
OG0005361	1.83005e-06	1.75607e-05	4.55945e-06	
OG0005362	1.32452e-16	1.75015e-11	3.98551e-09	
OG0005363	1.63749e-07	2.99453e-06	2.97373e-06	
OG0005364	1.17189e-07	1.45568e-06	1.03546e-06	
OG0005365	6.13974e-10	2.15435e-08	3.94117e-08	
OG0005366	8.97998e-05	0.000262606	2.69938e-05	
OG0005367	3.15733e-18	8.49e-13	4.87985e-10	
OG0005368	6.67348e-08	7.20293e-07	1.12137e-06	
OG0005369	1.6141e-06	1.18789e-05	3.40409e-06	
OG0005370	0.000157901	0.000318253	3.42444e-05	
OG0005371	1.15159e-05	9.37811e-06	2.7673e-06	
OG0005372	2.32396e-08	1.68833e-07	4.62312e-08	
OG0005373	2.01676e-15	5.50975e-11	7.46967e-09	
OG0005374	2.16062e-05	3.30515e-05	8.09677e-06	
OG0005375	2.8673e-10	2.0503e-08	7.46097e-08	
OG0005376	1.2627e-09	2.16379e-08	2.54671e-08	
OG0005377	1.86051e-06	1.08465e-05	5.16511e-06	
OG0005378	9.51173e-06	2.84029e-05	8.37158e-06	
OG0005379	1.6141e-06	1.18789e-05	3.40409e-06	
OG0005380	5.54928e-06	2.18866e-05	7.52788e-06	
OG0005381	1.21572e-05	3.21434e-05	6.98263e-06	
OG0005382	5.43651e-08	3.287e-07	2.5082e-07	
OG0005383	1.01789e-10	9.41469e-09	4.75749e-08	
OG0005384	2.22862e-09	2.55209e-07	7.68815e-07	
OG0005385	6.56205e-07	3.88172e-06	2.37064e-06	
OG0005386	1.00026e-14	3.39059e-12	1.16058e-10	
OG0005387	6.99968e-16	3.27225e-12	4.53884e-10	
OG0005464	8.14483e-22	5.70527e-14	4.02972e-10	
OG0005466	2.68761e-18	7.19426e-15	1.84727e-12	
OG0005467	8.82667e-07	9.90093e-06	6.11647e-06	
OG0005468	1.01005e-11	5.56993e-08	6.99171e-07	
OG0005469	1.31673e-06	3.18169e-06	8.18294e-07	
OG0005471	7.94677e-11	1.68763e-07	7.10734e-07	
OG0005472	1.52825e-07	8.73113e-07	4.80313e-07	
OG0005473	1.11402e-07	5.372e-07	3.82128e-07	
OG0005474	5.17917e-08	4.39338e-06	4.36874e-06	
OG0005475	3.42934e-19	1.29544e-14	1.1836e-11	
OG0005476	2.84472e-10	1.15619e-08	2.99519e-08	
OG0005477	1.49448e-07	8.37601e-07	3.72776e-07	
OG0005478	2.66698e-08	1.89684e-07	4.82301e-08	
OG0005479	2.12312e-10	1.86481e-08	5.72211e-08	
OG0005480	1.83156e-05	2.01107e-05	3.83238e-06	
OG0005481	4.25366e-17	2.81225e-12	1.0002e-09	
OG0005482	1.6141e-06	1.18789e-05	3.40409e-06	
OG0005483	0.0001642	0.000134835	6.88292e-06	
OG0005484	1.08092e-06	1.58163e-06	7.67925e-07	
OG0005485	3.49921e-06	1.30559e-05	4.12981e-06	
OG0005486	1.31127e-05	7.31161e-05	1.81812e-05	
OG0005487	0.0001642	0.000134835	6.88292e-06	
OG0005488	1.15676e-05	5.96508e-05	1.57581e-05	
OG0005489	1.1711e-08	1.76516e-07	1.66529e-07	
OG0005490	9.27767e-07	6.11321e-07	1.36688e-07	
OG0005491	4.92639e-10	4.70202e-08	1.50881e-07	
OG0005492	1.31571e-23	3.47623e-16	6.61812e-12	
OG0005493	1.61285e-08	1.57768e-06	2.66827e-06	
OG0005494	9.51173e-06	2.84029e-05	8.37158e-06	
OG0005495	6.69159e-14	2.40808e-08	6.4866e-07	
OG0005496	2.70632e-09	1.33506e-06	3.56436e-06	
OG0005497	1.04763e-08	1.54436e-07	1.9696e-07	
OG0005498	1.32507e-07	5.01745e-07	3.01896e-07	
OG0005499	0.000234752	0.000118964	3.36805e-06	
OG0005500	1.55955e-05	1.95312e-05	5.87624e-06	
OG0005501	2.16467e-06	1.01591e-05	1.47382e-06	
OG0005502	1.22279e-06	2.32939e-06	5.02699e-07	
OG0005503	1.90415e-09	5.66651e-07	9.16836e-07	
OG0005504	4.93474e-11	3.21237e-08	2.36165e-07	
OG0005505	6.50847e-10	1.20183e-08	5.03934e-08	
OG0005506	1.48862e-07	2.86893e-06	2.73129e-06	
OG0005507	3.226e-16	1.52699e-11	2.93575e-09	
OG0005508	4.83429e-14	4.57444e-09	1.88587e-07	
OG0005509	6.72667e-07	1.45621e-05	4.14562e-06	
OG0005510	1.08092e-06	1.58163e-06	7.67925e-07	
OG0005511	1.13127e-06	1.3149e-06	1.41241e-07	
OG0005512	1.27525e-13	1.53736e-08	3.869e-07	
OG0005513	1.50831e-08	1.6779e-07	1.86074e-07	
OG0005514	1.63749e-07	2.99453e-06	2.97373e-06	
OG0005515	1.48657e-06	4.46629e-06	1.23631e-06	
OG0005516	1.52309e-06	3.43769e-06	1.81598e-06	
OG0005517	1.77343e-06	6.67644e-06	3.48855e-06	
OG0005518	1.4443e-05	3.29075e-05	5.93341e-06	
OG0005519	1.61207e-09	3.15144e-08	1.08842e-07	
OG0005520	0.000135025	0.000272256	3.63635e-05	
OG0005521	1.72242e-07	1.4303e-06	1.5103e-06	
OG0005522	1.56437e-17	2.36562e-12	7.79086e-10	
OG0005523	2.07706e-08	1.58534e-07	2.01502e-07	
OG0005524	1.80873e-08	8.33096e-08	3.60491e-08	
OG0005525	1.16684e-07	1.34253e-06	1.79057e-06	
OG0005526	1.39986e-13	2.06415e-08	9.0014e-07	
OG0005527	3.62056e-11	4.76769e-09	1.6994e-08	
OG0005528	0.0001642	0.000134835	6.88292e-06	
OG0005529	9.49087e-07	1.8216e-06	1.18969e-06	
OG0005530	0.0001642	0.000134835	6.88292e-06	
OG0005531	9.38005e-07	1.37844e-05	6.95998e-06	
OG0005532	1.15997e-07	1.24902e-06	4.00526e-07	
OG0005533	1.77869e-06	5.40086e-06	1.98721e-06	
OG0005534	2.88584e-08	6.58593e-07	5.79063e-07	
OG0005535	1.94733e-07	3.01187e-06	2.52674e-06	
OG0005536	1.66169e-06	5.17076e-06	2.47657e-06	
OG0005537	1.77869e-06	5.40086e-06	1.98721e-06	
OG0005538	2.38019e-14	1.09789e-10	3.75021e-09	
OG0005539	1.0741e-06	4.62946e-06	2.07881e-06	
OG0005540	5.4827e-09	2.47368e-07	6.14273e-07	
OG0005541	1.50831e-08	1.6779e-07	1.86074e-07	
OG0005542	6.16435e-08	1.15553e-07	9.86766e-08	
OG0005543	8.98334e-12	3.33364e-09	4.3185e-08	
OG0005544	1.25813e-09	2.53987e-08	1.8099e-08	
OG0005545	2.77999e-14	4.39828e-10	2.5525e-08	
OG0005546	1.02641e-05	4.14414e-05	1.56661e-05	
OG0005547	1.56437e-17	2.36562e-12	7.79086e-10	
OG0005548	4.80495e-09	5.17296e-08	8.04782e-08	
OG0005549	1.47878e-06	2.40908e-06	6.94091e-07	
OG0005550	8.79395e-07	2.01549e-06	3.04844e-07	
OG0005551	3.72034e-14	6.07169e-10	4.61103e-08	
OG0005552	1.2267e-05	1.93801e-05	3.21689e-06	
OG0005553	0.000135025	0.000272256	3.63635e-05	
OG0005554	9.99075e-08	9.08611e-07	6.73234e-07	
OG0005555	6.94665e-12	3.29837e-09	4.60817e-08	
OG0005556	4.4424e-09	5.15651e-08	9.88315e-08	
OG0005557	1.04078e-05	9.59049e-06	6.04833e-07	
OG0005558	9.51173e-06	2.84029e-05	8.37158e-06	
OG0005559	2.12815e-06	1.02247e-05	2.72429e-06	
OG0005560	2.08342e-05	3.93951e-05	1.28571e-05	
OG0005561	5.98849e-08	3.27909e-07	2.78373e-07	
OG0005563	1.8206e-05	1.95041e-05	1.61076e-06	
OG0005564	1.49197e-11	2.77806e-08	3.30572e-07	
OG0005565	1.27952e-06	7.62779e-06	4.42839e-06	
OG0005566	1.304e-06	1.14957e-05	5.62774e-06	
OG0005567	7.5881e-09	4.26993e-07	5.80847e-07	
OG0005568	1.21828e-05	4.56889e-05	6.60451e-06	
OG0005569	5.52133e-07	2.06879e-05	1.16106e-05	
OG0005570	1.2571e-05	1.23898e-05	3.47861e-06	
OG0005571	1.02887e-07	3.55122e-07	3.25131e-07	
OG0005572	2.11241e-05	7.23064e-05	1.81053e-05	
OG0005573	2.11241e-05	7.23064e-05	1.81053e-05	
OG0005574	8.27732e-14	4.09385e-09	1.59631e-07	
OG0005575	1.31542e-06	2.44012e-06	6.14491e-07	
OG0005576	4.01545e-06	2.34588e-05	1.00981e-05	
OG0005577	0.000243618	0.000187737	2.25372e-05	
OG0005578	3.23746e-09	1.63024e-08	5.39023e-09	
OG0005579	6.72667e-07	1.45621e-05	4.14562e-06	
OG0005580	6.72667e-07	1.45621e-05	4.14562e-06	
OG0005581	1.50173e-06	3.99151e-06	1.08521e-06	
OG0005582	6.71161e-09	5.51317e-08	2.72657e-08	
OG0005583	4.01545e-06	2.34588e-05	1.00981e-05	
OG0005584	2.16062e-05	3.30515e-05	8.09677e-06	
OG0005585	3.4147e-08	2.37639e-07	3.07791e-07	
OG0005586	1.4443e-05	3.29075e-05	5.93341e-06	
OG0005587	1.94806e-05	3.09879e-05	5.01467e-06	
OG0005588	3.916e-07	2.71626e-06	2.50401e-06	
OG0005589	8.40143e-09	1.15778e-07	1.79807e-07	
OG0005590	2.53394e-12	9.62235e-10	3.94226e-08	
OG0005591	7.34689e-05	0.000175239	2.79231e-05	
OG0005592	4.93474e-11	3.21237e-08	2.36165e-07	
OG0005593	1.02421e-06	9.38729e-06	2.95571e-06	
OG0005594	2.36586e-05	5.0418e-05	1.12683e-05	
OG0005595	8.29023e-09	2.36143e-07	1.16001e-07	
OG0005596	7.43199e-06	4.0874e-05	1.15606e-05	
OG0005597	1.29557e-08	1.27583e-07	9.04662e-08	
OG0005598	7.43199e-06	4.0874e-05	1.15606e-05	
OG0005599	5.01497e-11	1.24712e-08	6.42192e-08	
OG0005600	1.0741e-06	4.62946e-06	2.07881e-06	
OG0005601	6.43911e-13	2.42539e-10	4.89177e-09	
OG0005602	6.93947e-09	2.03399e-07	1.20626e-07	
OG0005603	9.51173e-06	2.84029e-05	8.37158e-06	
OG0005604	1.56437e-17	2.36562e-12	7.79086e-10	
OG0005605	1.07855e-06	1.50059e-06	7.13401e-07	
OG0005606	5.02854e-10	3.06131e-08	5.13234e-08	
OG0005607	2.16467e-06	1.01591e-05	1.47382e-06	
OG0005608	1.19474e-08	1.39049e-07	2.08656e-07	
OG0005609	6.55374e-08	2.86138e-07	1.31075e-07	
OG0005610	1.50173e-06	3.99151e-06	1.08521e-06	
OG0005611	8.30216e-06	2.47109e-05	6.16878e-06	
OG0005612	1.49467e-11	3.97303e-09	2.54013e-08	
OG0005613	1.23463e-11	9.87451e-08	1.03855e-06	
OG0005614	4.0137e-09	5.84789e-08	6.98499e-08	
OG0005615	1.29892e-08	3.03242e-07	1.65223e-07	
OG0005616	9.51953e-05	0.000104194	9.83524e-06	
OG0005617	0.000135025	0.000272256	3.63635e-05	
OG0005618	4.51589e-09	1.09277e-07	2.39305e-07	
OG0005619	7.90547e-08	2.02673e-06	2.24819e-06	
OG0005620	8.83665e-11	2.60054e-09	3.93806e-09	
OG0005621	1.6141e-06	1.18789e-05	3.40409e-06	
OG0005622	2.16062e-05	3.30515e-05	8.09677e-06	
OG0005623	1.48862e-07	2.86893e-06	2.73129e-06	
OG0005624	1.23859e-07	1.01986e-06	9.26984e-07	
OG0005625	5.5551e-06	2.61164e-05	1.11467e-05	
OG0005626	7.21283e-07	4.27853e-06	3.46338e-06	
OG0005627	9.51173e-06	2.84029e-05	8.37158e-06	
OG0005628	3.226e-16	1.52699e-11	2.93575e-09	
OG0005629	1.15886e-05	2.52608e-05	3.95157e-06	
OG0005630	1.71108e-05	1.92539e-05	4.95328e-06	
OG0005631	2.97252e-07	5.49837e-06	3.84098e-06	
OG0005632	3.96317e-07	2.97897e-06	2.73252e-06	
OG0005633	1.17189e-07	1.45568e-06	1.03546e-06	
OG0005634	3.94717e-12	6.90548e-09	1.08297e-07	
OG0005635	1.38639e-06	3.73987e-06	2.84137e-06	
OG0005636	1.34143e-13	2.13177e-10	1.01846e-08	
OG0005637	1.41435e-05	1.02077e-05	1.21832e-06	
OG0005638	1.07204e-09	1.40605e-08	5.54421e-08	
OG0005639	1.3125e-06	2.36232e-06	9.92731e-07	
OG0005640	5.52133e-07	2.06879e-05	1.16106e-05	
OG0005641	7.34689e-05	0.000175239	2.79231e-05	
OG0005642	1.27952e-06	7.62779e-06	4.42839e-06	
OG0005643	1.49975e-05	1.21982e-05	2.67164e-06	
OG0005644	1.15886e-05	2.52608e-05	3.95157e-06	
OG0005645	1.50173e-06	3.99151e-06	1.08521e-06	
OG0005646	2.95094e-06	1.22939e-05	4.67411e-06	
OG0005647	1.85419e-15	3.15901e-11	2.25999e-09	
OG0005648	1.78342e-07	1.65452e-06	5.89711e-07	
OG0005649	9.51173e-06	2.84029e-05	8.37158e-06	
OG0005650	9.48655e-09	1.39654e-07	1.46101e-07	
OG0005651	7.34689e-05	0.000175239	2.79231e-05	
OG0005652	1.0741e-06	4.62946e-06	2.07881e-06	
OG0005653	1.48657e-06	4.46629e-06	1.23631e-06	
OG0005654	2.16587e-05	8.35588e-05	9.04327e-06	
OG0005655	7.63928e-08	2.23986e-07	1.58493e-07	
OG0005656	2.11241e-05	7.23064e-05	1.81053e-05	
OG0005657	1.21572e-05	3.21434e-05	6.98263e-06	
OG0005658	7.43199e-06	4.0874e-05	1.15606e-05	
OG0005659	1.57636e-07	1.32585e-06	7.88723e-07	
OG0005660	1.15676e-05	5.96508e-05	1.57581e-05	
OG0005661	9.4317e-07	4.40533e-06	2.5354e-06	
OG0005662	1.4443e-05	3.29075e-05	5.93341e-06	
OG0005663	2.20848e-07	2.18828e-06	1.17799e-06	
OG0005664	2.05093e-06	6.15782e-06	1.32221e-06	
OG0005665	1.71985e-23	2.00792e-16	1.28385e-12	
OG0005666	1.49388e-06	3.75285e-06	1.02951e-06	
OG0005667	6.75385e-10	1.01759e-08	2.89488e-08	
OG0005668	2.04558e-06	7.9377e-06	3.81651e-06	
OG0005669	1.2571e-05	1.23898e-05	3.47861e-06	
OG0005670	1.79821e-17	5.07681e-13	1.09433e-10	
OG0005671	1.50296e-05	1.27262e-05	2.80828e-06	
OG0005672	1.42556e-07	9.41477e-07	7.49106e-07	
OG0005673	5.54928e-06	2.18866e-05	7.52788e-06	
OG0005674	2.16587e-05	8.35588e-05	9.04327e-06	
OG0005675	2.27646e-13	3.29897e-09	1.27197e-07	
OG0005676	1.83156e-05	2.01107e-05	3.83238e-06	
OG0005677	2.16587e-05	8.35588e-05	9.04327e-06	
OG0005678	5.5551e-06	2.61164e-05	1.11467e-05	
OG0005679	6.16724e-08	4.78605e-07	1.58456e-07	
OG0005680	1.15886e-05	2.52608e-05	3.95157e-06	
OG0005681	1.12872e-08	6.2499e-08	4.93458e-08	
OG0005682	1.35879e-06	3.08153e-06	1.16363e-06	
OG0005683	1.73279e-06	8.98658e-06	3.71039e-06	
OG0005684	5.5551e-06	2.61164e-05	1.11467e-05	
OG0005685	9.51173e-06	2.84029e-05	8.37158e-06	
OG0005686	1.56437e-17	2.36562e-12	7.79086e-10	
OG0005687	6.96731e-14	2.11388e-11	9.99041e-11	
OG0005688	0.000135025	0.000272256	3.63635e-05	
OG0005689	2.99864e-06	2.03932e-05	8.01429e-06	
OG0005690	1.1069e-07	6.88791e-07	5.17338e-07	
OG0005691	0.000135025	0.000272256	3.63635e-05	
OG0005692	8.60452e-14	1.2502e-11	2.16739e-10	
OG0005773	1.64167e-14	6.36097e-12	2.55869e-10	
OG0005774	9.35476e-07	9.14647e-06	4.65345e-06	
OG0005775	1.13347e-05	6.12284e-06	8.07965e-07	
OG0005776	1.71108e-05	1.92539e-05	4.95328e-06	
OG0005777	1.08092e-06	1.5675e-06	7.448e-07	
OG0005778	6.6616e-08	7.61512e-07	6.0605e-07	
OG0005779	3.67536e-12	8.43472e-08	1.59841e-06	
OG0005780	2.67118e-17	3.52285e-13	9.86808e-11	
OG0005781	5.09265e-38	2.07421e-24	2.88953e-16	
OG0005782	2.25587e-11	3.74301e-10	2.1955e-09	
OG0005783	3.32381e-12	6.06047e-10	1.59206e-08	
OG0005784	0.000135025	0.000272256	3.63635e-05	
OG0005785	3.18355e-10	8.51013e-08	4.74193e-07	
OG0005786	4.97623e-15	3.0315e-11	3.47014e-09	
OG0005787	8.82667e-07	9.90093e-06	6.11647e-06	
OG0005788	2.50312e-08	4.42567e-07	7.27676e-07	
OG0005789	0.000135025	0.000272256	3.63635e-05	
OG0005790	8.10881e-17	5.27144e-13	7.69121e-11	
OG0005791	7.50178e-10	1.42076e-08	5.94054e-08	
OG0005792	2.16587e-05	8.35588e-05	9.04327e-06	
OG0005793	1.26059e-09	2.22826e-06	6.5215e-06	
OG0005794	7.24891e-09	9.57195e-08	7.70637e-08	
OG0005795	2.89527e-07	4.8913e-06	3.48422e-06	
OG0005796	4.93474e-11	3.21237e-08	2.36165e-07	
OG0005797	1.59988e-13	1.30459e-10	3.24275e-09	
OG0005798	9.9263e-08	5.97848e-07	1.52866e-07	
OG0005799	7.82377e-08	2.97499e-07	1.33646e-07	
OG0005800	1.61808e-06	1.20101e-05	4.22659e-06	
OG0005801	9.51173e-06	2.84029e-05	8.37158e-06	
OG0005802	1.66555e-07	2.45634e-06	1.71282e-06	
OG0005803	3.88396e-12	1.48136e-09	1.63642e-08	
OG0005804	1.83156e-05	2.01107e-05	3.83238e-06	
OG0005805	6.76614e-07	4.09687e-06	3.23542e-06	
OG0005806	0.000135025	0.000272256	3.63635e-05	
OG0005807	9.24136e-07	1.69611e-06	1.14196e-06	
OG0005808	1.08894e-06	1.48976e-05	9.43731e-06	
OG0005809	3.91866e-10	3.00223e-08	9.56334e-08	
OG0005810	6.40559e-10	5.04516e-06	1.64107e-05	
OG0005811	1.35669e-06	2.36691e-06	8.74292e-07	
OG0005812	3.82449e-15	6.82305e-11	5.64288e-09	
OG0005813	8.85584e-13	7.09662e-10	1.99516e-08	
OG0005814	6.01257e-08	4.7482e-06	5.92375e-06	
OG0005815	1.519e-06	7.0308e-06	4.01582e-06	
OG0005816	1.65284e-08	2.00264e-05	2.86758e-05	
OG0005817	4.01545e-06	2.34588e-05	1.00981e-05	
OG0005818	1.15886e-05	2.52608e-05	3.95157e-06	
OG0005819	2.17907e-06	5.68506e-06	2.05036e-06	
OG0005820	8.06251e-07	6.63627e-06	3.08431e-06	
OG0005821	7.09204e-06	1.47592e-05	3.54179e-06	
OG0005822	0.000135025	0.000272256	3.63635e-05	
OG0005823	1.4951e-06	3.7944e-06	1.06156e-06	
OG0005824	5.28966e-09	2.30929e-07	8.02534e-07	
OG0005825	1.54754e-07	1.0471e-06	3.61586e-07	
OG0005826	9.29357e-13	1.95444e-09	4.04697e-08	
OG0005827	7.82103e-09	6.03454e-07	1.13647e-06	
OG0005828	2.16467e-06	1.01591e-05	1.47382e-06	
OG0005829	7.72429e-07	1.52798e-06	3.95696e-07	
OG0005830	1.83156e-05	2.01107e-05	3.83238e-06	
OG0005831	1.29573e-06	6.71538e-06	3.43784e-06	
OG0005832	1.52163e-06	6.86863e-06	3.76275e-06	
OG0005833	3.9452e-10	1.00903e-06	4.41226e-06	
OG0005834	0.000135025	0.000272256	3.63635e-05	
OG0005835	1.02493e-07	4.22086e-07	2.61291e-07	
OG0005836	2.02247e-09	2.89839e-08	1.70525e-08	
OG0005837	7.3636e-08	1.36472e-06	1.55159e-06	
OG0005838	1.83156e-05	2.01107e-05	3.83238e-06	
OG0005839	1.71108e-05	1.92539e-05	4.95328e-06	
OG0005840	9.26495e-09	4.60742e-07	1.01282e-06	
OG0005841	1.26059e-09	2.22826e-06	6.5215e-06	
OG0005842	1.26059e-09	2.22826e-06	6.5215e-06	
OG0005843	1.29573e-06	6.71538e-06	3.43784e-06	
OG0005844	1.69585e-08	3.69664e-07	3.993e-07	
OG0005845	1.03117e-06	6.8221e-06	4.57453e-06	
OG0005846	1.59988e-13	1.30459e-10	3.24275e-09	
OG0005847	1.09087e-07	3.79886e-07	2.65751e-07	
OG0005848	4.99032e-10	2.95926e-07	1.29369e-06	
OG0005849	1.28487e-15	1.91242e-11	1.40771e-09	
OG0005850	2.0192e-06	1.46697e-05	5.61299e-06	
OG0005851	2.66615e-07	3.88163e-06	3.1859e-06	
OG0005852	0.000243618	0.000187737	2.25372e-05	
OG0005853	1.10781e-07	5.10263e-07	5.65483e-07	
OG0005854	3.24866e-09	2.26556e-07	3.39519e-07	
OG0005855	2.49344e-10	3.48291e-08	1.5021e-07	
OG0005856	1.10614e-06	1.80412e-06	8.54745e-07	
OG0005857	0.000243618	0.000187737	2.25372e-05	
OG0005858	1.54731e-06	4.21666e-06	1.54805e-06	
OG0005859	2.08778e-09	6.84144e-07	1.39218e-06	
OG0005860	1.37284e-06	5.94334e-06	7.94673e-07	
OG0005861	2.31186e-08	4.37895e-07	8.312e-07	
OG0005862	5.80066e-10	6.29289e-08	3.33037e-07	
OG0005863	7.09204e-06	1.47592e-05	3.54179e-06	
OG0005865	1.11556e-06	6.25363e-06	4.18218e-06	
OG0005866	1.35659e-06	2.38291e-06	9.02512e-07	
OG0005867	3.82449e-15	6.82305e-11	5.64288e-09	
OG0005868	1.08092e-06	1.58163e-06	7.67925e-07	
OG0005869	1.3125e-06	2.36232e-06	9.92731e-07	
OG0005870	9.51173e-06	2.84029e-05	8.37158e-06	
OG0005871	2.61003e-07	2.76993e-06	1.78289e-06	
OG0005872	1.0231e-07	8.44918e-07	2.99095e-07	
OG0005873	1.52163e-06	6.86863e-06	3.76275e-06	
OG0005874	1.15648e-07	5.38763e-07	7.81758e-07	
OG0005875	3.78083e-09	1.60492e-07	4.19843e-07	
OG0005876	2.48873e-06	8.76229e-06	4.22896e-06	
OG0005877	8.95161e-07	4.44684e-06	2.82412e-06	
OG0005878	6.01257e-08	4.7482e-06	5.92375e-06	
OG0005879	2.16587e-05	8.35588e-05	9.04327e-06	
OG0005880	1.13133e-06	2.70045e-06	1.66753e-06	
OG0005881	0.000135025	0.000272256	3.63635e-05	
OG0005882	1.2267e-05	1.93801e-05	3.21689e-06	
OG0005883	2.46526e-06	7.15447e-06	2.93023e-06	
OG0005884	1.6141e-06	1.18789e-05	3.40409e-06	
OG0005885	1.17969e-18	8.22079e-14	4.83502e-11	
OG0005886	1.31127e-05	7.31161e-05	1.81812e-05	
OG0005887	1.48483e-07	8.40183e-07	8.63425e-07	
OG0005888	5.5551e-06	2.61164e-05	1.11467e-05	
OG0005889	1.11556e-06	6.25363e-06	4.18218e-06	
OG0005890	2.51456e-06	7.81424e-06	3.1412e-06	
OG0005891	3.73711e-11	2.47752e-09	1.19091e-08	
OG0005892	1.27952e-06	7.62779e-06	4.42839e-06	
OG0005893	4.50946e-11	9.72371e-09	6.20713e-08	
OG0005894	1.0971e-10	7.16482e-08	5.19338e-07	
OG0005895	1.2267e-05	1.93801e-05	3.21689e-06	
OG0005896	8.06574e-06	1.87215e-05	4.02245e-06	
OG0005897	9.03803e-09	9.28476e-07	2.06102e-06	
OG0005898	1.00633e-09	2.05947e-07	7.68981e-07	
OG0005899	1.52517e-06	4.18015e-06	1.57331e-06	
OG0005900	1.52163e-06	6.86863e-06	3.76275e-06	
OG0005901	0.000135025	0.000272256	3.63635e-05	
OG0005902	6.20335e-08	1.19125e-06	1.27662e-06	
OG0005903	1.17823e-10	2.75695e-08	6.61882e-08	
OG0005904	9.38005e-07	1.37844e-05	6.95998e-06	
OG0005905	1.49975e-05	1.21982e-05	2.67164e-06	
OG0005906	1.34276e-05	4.28054e-05	1.12558e-05	
OG0005907	1.66169e-06	5.17076e-06	2.47657e-06	
OG0005908	1.53811e-10	9.40877e-08	3.16908e-07	
OG0005909	2.16062e-05	3.30515e-05	8.09677e-06	
OG0005910	4.86909e-09	4.40127e-08	7.10256e-08	
OG0005911	3.72317e-08	1.186e-07	5.63594e-08	
OG0005912	1.19825e-07	6.07288e-07	6.78738e-07	
OG0005913	1.79954e-09	4.53987e-08	1.07311e-07	
OG0005914	8.79376e-07	1.09993e-06	4.81871e-07	
OG0005915	1.93156e-05	2.30312e-05	3.89195e-06	
OG0005916	9.51173e-06	2.84029e-05	8.37158e-06	
OG0005917	7.43199e-06	4.0874e-05	1.15606e-05	
OG0005918	7.21283e-07	4.27853e-06	3.46338e-06	
OG0005919	0.000243618	0.000187737	2.25372e-05	
OG0005920	5.59597e-12	1.06443e-08	1.57955e-07	
OG0005921	8.65415e-08	7.56643e-07	4.37502e-07	
OG0005922	4.63686e-11	1.81236e-09	3.85183e-09	
OG0005923	2.36586e-05	5.0418e-05	1.12683e-05	
OG0005924	1.4443e-05	3.29075e-05	5.93341e-06	
OG0005925	1.2267e-05	1.93801e-05	3.21689e-06	
OG0005926	9.07615e-07	6.47187e-06	2.37836e-06	
OG0005927	7.68723e-08	1.4106e-06	1.44795e-06	
OG0005928	1.3125e-06	2.36232e-06	9.92731e-07	
OG0005929	1.47894e-10	6.93085e-08	6.01188e-07	
OG0005930	2.99864e-06	2.03932e-05	8.01429e-06	
OG0005931	7.09204e-06	1.47592e-05	3.54179e-06	
OG0005932	9.38309e-08	1.06047e-06	1.54253e-06	
OG0005933	1.50973e-05	1.62996e-05	6.37032e-06	
OG0005934	9.49654e-06	3.10195e-05	1.01395e-05	
OG0005935	4.82692e-13	1.13548e-09	3.16214e-08	
OG0005936	1.35659e-06	2.38291e-06	9.02512e-07	
OG0005937	1.49467e-11	3.97303e-09	2.54013e-08	
OG0005938	1.86051e-06	1.08465e-05	5.16511e-06	
OG0005939	2.17197e-10	2.44972e-08	7.92406e-08	
OG0005940	4.43258e-10	1.07699e-07	5.82126e-07	
OG0005941	0.000135025	0.000272256	3.63635e-05	
OG0005942	1.52163e-06	6.86863e-06	3.76275e-06	
OG0005943	1.08092e-06	1.58163e-06	7.67925e-07	
OG0005944	2.46526e-06	7.15447e-06	2.93023e-06	
OG0005945	1.06134e-05	4.2516e-05	1.37549e-05	
OG0005946	9.29357e-13	1.95444e-09	4.04697e-08	
OG0005947	3.82449e-15	6.82305e-11	5.64288e-09	
OG0005948	2.75364e-16	8.09514e-12	1.55081e-09	
OG0005949	1.1419e-06	1.71924e-06	7.02056e-07	
OG0005950	1.83156e-05	2.01107e-05	3.83238e-06	
OG0005951	4.86135e-10	9.92664e-09	3.50207e-08	
OG0005952	4.6295e-11	5.05404e-09	1.55168e-08	
OG0005953	1.15886e-05	2.52608e-05	3.95157e-06	
OG0005954	2.98261e-06	1.24238e-05	3.18959e-06	
OG0005955	9.07615e-07	6.47187e-06	2.37836e-06	
OG0005956	0.000243618	0.000187737	2.25372e-05	
OG0005957	1.06431e-08	1.36775e-07	2.65781e-07	
OG0005958	1.35679e-06	2.78504e-06	7.37293e-07	
OG0005959	1.08092e-06	1.58163e-06	7.67925e-07	
OG0005960	3.22781e-08	2.76485e-06	3.87721e-06	
OG0005961	0.000243618	0.000187737	2.25372e-05	
OG0005962	1.30874e-06	2.87971e-06	1.73009e-06	
OG0005963	9.14514e-07	1.53981e-06	1.02615e-06	
OG0005964	1.84505e-09	4.83909e-08	9.5758e-08	
OG0005965	1.18862e-18	3.56848e-13	3.16867e-10	
OG0005966	2.16467e-06	1.01591e-05	1.47382e-06	
OG0005967	0.000135025	0.000272256	3.63635e-05	
OG0005968	1.36975e-08	3.30816e-07	4.12917e-07	
OG0005969	1.78134e-06	6.44506e-06	3.29956e-06	
OG0005970	2.52385e-16	2.29654e-13	9.36963e-12	
OG0005971	2.05133e-09	1.52792e-07	1.55588e-07	
OG0005972	9.51173e-06	2.84029e-05	8.37158e-06	
OG0005973	1.32894e-12	2.15792e-09	2.71933e-08	
OG0005974	1.31068e-14	2.02211e-11	1.3917e-09	
OG0005975	4.90496e-11	1.19106e-08	9.22205e-08	
OG0005976	6.31081e-07	3.76097e-06	2.65135e-06	
OG0005977	1.63055e-06	9.08284e-06	5.23635e-06	
OG0005978	2.16587e-05	8.35588e-05	9.04327e-06	
OG0005979	1.48862e-07	2.86893e-06	2.73129e-06	
OG0005980	7.33267e-08	7.07654e-07	7.57681e-07	
OG0005981	1.83067e-11	1.09612e-08	1.28029e-07	
OG0005982	6.68749e-14	2.29756e-10	1.08649e-08	
OG0005983	6.57323e-08	1.52439e-07	1.43706e-07	
OG0005984	1.91829e-07	3.92435e-06	4.3005e-06	
OG0005985	1.83637e-05	2.6347e-05	7.41342e-06	
OG0005986	3.82449e-15	6.82305e-11	5.64288e-09	
OG0005987	3.82449e-15	6.82305e-11	5.64288e-09	
OG0005988	1.4951e-06	3.7944e-06	1.06156e-06	
OG0005989	8.4866e-07	3.64088e-05	1.90782e-05	
OG0005990	4.22502e-10	2.14057e-08	1.99333e-08	
OG0005991	1.49975e-05	1.21982e-05	2.67164e-06	
OG0005992	0.000135025	0.000272256	3.63635e-05	
OG0005993	4.12043e-15	9.82863e-12	2.93761e-10	
OG0005994	2.36586e-05	5.0418e-05	1.12683e-05	
OG0005995	1.27952e-06	7.62779e-06	4.42839e-06	
OG0005996	9.49654e-06	3.10195e-05	1.01395e-05	
OG0005997	0.000135025	0.000272256	3.63635e-05	
OG0005998	1.83156e-05	2.01107e-05	3.83238e-06	
OG0005999	6.19475e-14	1.3984e-10	3.58784e-09	
OG0006000	1.31671e-07	4.47687e-07	2.13885e-07	
OG0006001	0.000243618	0.000187737	2.25372e-05	
OG0006002	9.97246e-06	3.93751e-06	4.67694e-07	
OG0006003	9.35476e-07	9.14647e-06	4.65345e-06	
OG0006004	1.10707e-06	2.07589e-06	1.31863e-06	
OG0006005	9.51173e-06	2.84029e-05	8.37158e-06	
OG0006006	9.51173e-06	2.84029e-05	8.37158e-06	
OG0006007	4.78962e-15	1.10661e-11	3.49135e-10	
OG0006008	1.2267e-05	1.93801e-05	3.21689e-06	
OG0006009	1.48504e-07	1.58743e-06	1.02247e-06	
OG0006010	2.0192e-06	1.46697e-05	5.61299e-06	
OG0006011	1.63055e-06	9.08284e-06	5.23635e-06	
OG0006012	6.12942e-11	5.52689e-09	1.9461e-08	
OG0006013	4.74379e-17	3.1943e-12	1.32098e-09	
OG0006014	3.82449e-15	6.82305e-11	5.64288e-09	
OG0006015	1.63055e-06	9.08284e-06	5.23635e-06	
OG0006016	4.78167e-09	4.80289e-08	9.44356e-08	
OG0006017	1.10614e-06	1.80412e-06	8.54745e-07	
OG0006018	1.71108e-05	1.92539e-05	4.95328e-06	
OG0006019	4.83638e-21	1.22836e-14	4.29884e-11	
OG0006020	2.11241e-05	7.23064e-05	1.81053e-05	
OG0006021	1.84468e-07	1.24664e-06	4.17208e-07	
OG0006022	4.55981e-16	2.5156e-12	2.94762e-10	
OG0006023	1.91171e-09	7.50388e-08	3.20406e-07	
OG0006024	6.59369e-07	2.67678e-06	1.45447e-06	
OG0006025	1.08092e-06	1.58163e-06	7.67925e-07	
OG0006026	1.09087e-07	3.79886e-07	2.65751e-07	
OG0006027	1.83156e-05	2.01107e-05	3.83238e-06	
OG0006028	1.78134e-06	6.44506e-06	3.29956e-06	
OG0006029	3.82449e-15	6.82305e-11	5.64288e-09	
OG0006030	8.73607e-08	3.14434e-07	3.00528e-07	
OG0006031	1.07204e-09	1.40605e-08	5.54421e-08	
OG0006032	1.91829e-07	3.92435e-06	4.3005e-06	
OG0006033	7.82103e-09	6.03454e-07	1.13647e-06	
OG0006034	0.000243618	0.000187737	2.25372e-05	
OG0006035	1.04339e-18	1.69908e-13	6.89819e-11	
OG0006036	1.31542e-06	2.44012e-06	6.14491e-07	
OG0006037	1.78134e-06	6.44506e-06	3.29956e-06	
OG0006038	0.000135025	0.000272256	3.63635e-05	
OG0006039	6.20795e-12	1.3806e-10	1.2421e-09	
OG0006040	1.17423e-21	2.01036e-17	1.87281e-14	
OG0006146	3.54309e-16	9.69633e-13	3.80605e-11	
OG0006148	1.02641e-05	4.14414e-05	1.56661e-05	
OG0006149	2.05552e-08	3.36782e-07	3.53782e-07	
OG0006150	1.30785e-08	9.82018e-08	1.84146e-07	
OG0006151	1.21828e-05	4.56889e-05	6.60451e-06	
OG0006152	3.08429e-11	1.57481e-08	1.61273e-07	
OG0006153	1.18933e-06	1.83262e-06	8.77788e-07	
OG0006154	5.50184e-07	1.79553e-05	9.88431e-06	
OG0006155	5.16113e-10	3.59429e-08	5.80766e-08	
OG0006156	9.48354e-11	3.34811e-07	2.79305e-06	
OG0006157	1.26059e-09	2.22826e-06	6.5215e-06	
OG0006158	3.06877e-08	1.16031e-05	2.15238e-05	
OG0006159	1.31102e-10	5.04382e-08	1.34701e-07	
OG0006160	2.11241e-05	7.23064e-05	1.81053e-05	
OG0006161	1.53939e-05	4.64284e-05	1.2878e-05	
OG0006162	7.38291e-10	3.37571e-08	7.57563e-08	
OG0006163	3.08429e-11	1.57481e-08	1.61273e-07	
OG0006164	2.38944e-27	7.79273e-22	4.25083e-18	
OG0006165	9.14514e-07	1.53981e-06	1.02615e-06	
OG0006166	1.08092e-06	1.58163e-06	7.67925e-07	
OG0006167	1.31843e-08	1.519e-07	1.31465e-07	
OG0006168	7.45876e-11	1.2933e-08	4.69883e-08	
OG0006169	2.75612e-07	5.64229e-06	4.83515e-06	
OG0006170	8.73997e-08	2.60068e-07	3.2346e-07	
OG0006171	5.42314e-12	1.44828e-08	1.00572e-07	
OG0006172	1.5808e-05	1.86597e-05	7.03136e-06	
OG0006173	4.90498e-09	1.17937e-07	4.25065e-07	
OG0006174	2.90611e-16	1.03062e-11	2.31736e-09	
OG0006175	9.35476e-07	9.14647e-06	4.65345e-06	
OG0006176	1.28959e-08	6.202e-07	1.39504e-06	
OG0006177	8.82667e-07	9.90093e-06	6.11647e-06	
OG0006178	7.06226e-08	2.11741e-06	3.06921e-06	
OG0006179	8.46754e-07	3.10868e-06	1.21359e-06	
OG0006180	9.40306e-09	2.76921e-07	8.43149e-07	
OG0006181	4.69982e-07	1.05816e-06	3.12978e-07	
OG0006182	4.51404e-11	5.24881e-07	3.70861e-06	
OG0006183	7.15582e-13	3.17729e-10	5.96074e-09	
OG0006184	1.57779e-05	3.34545e-05	8.3587e-06	
OG0006185	1.42765e-07	2.7422e-06	2.8084e-06	
OG0006186	0.000135025	0.000272256	3.63635e-05	
OG0006187	1.5319e-07	2.14268e-06	1.64611e-06	
OG0006188	9.29357e-13	1.95444e-09	4.04697e-08	
OG0006189	1.13477e-07	8.57813e-07	8.15537e-07	
OG0006190	0.000135025	0.000272256	3.63635e-05	
OG0006191	3.0789e-08	8.47856e-06	1.11573e-05	
OG0006192	8.22312e-08	8.34857e-07	6.2087e-07	
OG0006193	1.57779e-05	3.34545e-05	8.3587e-06	
OG0006194	1.92255e-05	2.28771e-05	4.05534e-06	
OG0006195	6.88126e-10	8.0409e-08	3.64695e-07	
OG0006196	1.06206e-06	1.33939e-06	7.37547e-07	
OG0006197	1.82615e-05	2.48604e-05	6.87131e-06	
OG0006198	1.53702e-05	0.000114234	3.0394e-05	
OG0006199	3.57588e-09	1.11791e-07	1.77214e-07	
OG0006200	0.000198883	8.63363e-05	8.03706e-06	
OG0006201	1.49293e-05	1.23962e-05	2.78564e-06	
OG0006202	1.83156e-05	2.01107e-05	3.83238e-06	
OG0006203	1.57779e-05	3.34545e-05	8.3587e-06	
OG0006204	3.08429e-11	1.57481e-08	1.61273e-07	
OG0006205	3.0789e-08	8.47856e-06	1.11573e-05	
OG0006206	6.37578e-12	2.13579e-08	2.38078e-07	
OG0006207	8.08847e-09	8.72797e-08	1.43798e-07	
OG0006208	6.10499e-10	6.50162e-08	4.03617e-07	
OG0006209	1.42765e-07	2.7422e-06	2.8084e-06	
OG0006210	8.22312e-08	8.34857e-07	6.2087e-07	
OG0006211	4.07978e-09	3.86481e-07	7.47418e-07	
OG0006212	3.0789e-08	8.47856e-06	1.11573e-05	
OG0006213	0.000198898	8.57593e-05	7.7841e-06	
OG0006214	9.28879e-09	3.98567e-07	9.46465e-07	
OG0006215	2.29439e-06	4.27675e-06	9.05387e-07	
OG0006217	2.31214e-07	1.7032e-06	8.26401e-07	
OG0006218	2.16062e-05	3.30515e-05	8.09677e-06	
OG0006219	3.91866e-10	3.00223e-08	9.56334e-08	
OG0006220	1.39691e-05	8.87301e-06	1.79054e-06	
OG0006221	6.3644e-12	2.19955e-09	1.85248e-08	
OG0006222	5.16618e-07	1.8843e-06	1.20835e-06	
OG0006223	4.78428e-15	2.38126e-11	2.09434e-09	
OG0006224	2.73474e-08	6.13503e-06	6.0743e-06	
OG0006225	1.08271e-05	6.08175e-05	1.14555e-05	
OG0006226	1.4951e-06	3.7944e-06	1.06156e-06	
OG0006227	2.99864e-06	2.03932e-05	8.01429e-06	
OG0006228	1.23369e-06	1.16715e-05	7.00566e-06	
OG0006229	5.37971e-07	1.73225e-06	5.51117e-07	
OG0006230	1.08894e-06	1.48976e-05	9.43731e-06	
OG0006231	4.71019e-09	1.52076e-07	2.7174e-07	
OG0006232	1.92255e-05	2.28771e-05	4.05534e-06	
OG0006233	0.000135025	0.000272256	3.63635e-05	
OG0006234	3.15636e-09	1.97792e-07	3.10528e-07	
OG0006235	1.58401e-07	8.12892e-06	7.29512e-06	
OG0006236	2.36586e-05	5.0418e-05	1.12683e-05	
OG0006237	1.70913e-07	4.1616e-06	4.51688e-06	
OG0006238	9.29357e-13	1.95444e-09	4.04697e-08	
OG0006239	4.03695e-07	7.62008e-05	4.90599e-05	
OG0006240	7.47698e-10	1.73822e-07	7.23093e-07	
OG0006241	5.07763e-11	9.21917e-09	5.69221e-08	
OG0006242	1.54506e-06	4.96169e-06	3.97746e-06	
OG0006243	1.97006e-06	2.03587e-05	8.64778e-06	
OG0006244	1.11556e-06	6.25363e-06	4.18218e-06	
OG0006246	0.000243618	0.000187737	2.25372e-05	
OG0006247	1.64458e-08	8.41367e-08	6.25134e-08	
OG0006248	1.05635e-09	2.43554e-07	9.31111e-07	
OG0006249	2.03212e-05	3.25878e-05	9.23964e-06	
OG0006250	3.0789e-08	8.47856e-06	1.11573e-05	
OG0006251	1.31127e-05	7.31161e-05	1.81812e-05	
OG0006252	1.71108e-05	1.92539e-05	4.95328e-06	
OG0006253	1.11556e-06	6.25363e-06	4.18218e-06	
OG0006254	9.35476e-07	9.14647e-06	4.65345e-06	
OG0006255	1.14073e-06	1.90002e-06	1.131e-06	
OG0006256	2.36586e-05	5.0418e-05	1.12683e-05	
OG0006257	6.12073e-09	2.28906e-08	1.61772e-08	
OG0006258	1.50293e-05	1.28313e-05	2.89674e-06	
OG0006259	8.75559e-07	1.04689e-06	4.6605e-07	
OG0006260	3.08429e-11	1.57481e-08	1.61273e-07	
OG0006261	3.08429e-11	1.57481e-08	1.61273e-07	
OG0006262	1.96631e-08	9.12214e-07	1.96026e-06	
OG0006263	6.69946e-09	1.33629e-06	2.95293e-06	
OG0006264	2.56971e-06	7.9525e-06	3.0642e-06	
OG0006265	4.71464e-08	2.47724e-07	2.11016e-07	
OG0006266	2.71796e-10	1.69638e-08	7.50905e-08	
OG0006267	1.44382e-18	1.44522e-12	1.26537e-09	
OG0006268	1.66245e-05	3.1828e-05	1.20849e-05	
OG0006269	4.03695e-07	7.62008e-05	4.90599e-05	
OG0006270	6.84032e-07	3.01544e-05	1.85427e-05	
OG0006271	1.50973e-05	1.62996e-05	6.37032e-06	
OG0006272	1.39702e-05	8.81345e-06	1.73433e-06	
OG0006273	1.58401e-07	8.12892e-06	7.29512e-06	
OG0006274	7.47698e-10	1.73822e-07	7.23093e-07	
OG0006275	3.02325e-11	2.76674e-09	1.65172e-08	
OG0006276	1.39691e-05	8.87301e-06	1.79054e-06	
OG0006277	2.33556e-08	8.82828e-07	1.64011e-06	
OG0006278	0.000135025	0.000272256	3.63635e-05	
OG0006279	9.29357e-13	1.95444e-09	4.04697e-08	
OG0006280	0.000224249	0.000165024	2.7612e-05	
OG0006281	9.35476e-07	9.14647e-06	4.65345e-06	
OG0006282	1.2643e-07	2.25215e-06	3.03863e-06	
OG0006283	2.85102e-12	6.53238e-10	1.39233e-08	
OG0006284	3.32181e-19	9.42848e-14	1.79437e-10	
OG0006285	8.26325e-07	6.77184e-06	2.61116e-06	
OG0006286	1.54731e-06	4.21666e-06	1.54805e-06	
OG0006287	0.000135025	0.000272256	3.63635e-05	
OG0006288	2.48873e-06	8.76229e-06	4.22896e-06	
OG0006289	8.64185e-09	2.58712e-07	5.63008e-07	
OG0006290	1.94733e-07	3.01187e-06	2.52674e-06	
OG0006291	2.11341e-11	5.49299e-08	7.39686e-07	
OG0006292	7.67351e-07	4.38287e-06	1.38229e-06	
OG0006293	9.51953e-05	0.000104194	9.83524e-06	
OG0006294	1.83067e-11	1.09612e-08	1.28029e-07	
OG0006295	1.58401e-07	8.12892e-06	7.29512e-06	
OG0006296	8.95161e-07	4.44684e-06	2.82412e-06	
OG0006297	9.51953e-05	0.000104194	9.83524e-06	
OG0006298	1.72414e-14	1.42689e-11	2.71623e-10	
OG0006299	1.97006e-06	2.03587e-05	8.64778e-06	
OG0006300	1.83067e-11	1.09612e-08	1.28029e-07	
OG0006301	1.50973e-05	1.62996e-05	6.37032e-06	
OG0006302	1.5256e-09	2.00829e-08	5.48431e-08	
OG0006303	1.02641e-05	4.14414e-05	1.56661e-05	
OG0006304	0.000198883	8.63363e-05	8.03706e-06	
OG0006305	1.83637e-05	2.6347e-05	7.41342e-06	
OG0006306	6.84032e-07	3.01544e-05	1.85427e-05	
OG0006307	1.73929e-08	1.35569e-06	2.57877e-06	
OG0006308	1.8523e-05	2.86277e-05	9.89845e-06	
OG0006309	4.43258e-10	1.07699e-07	5.82126e-07	
OG0006310	3.08429e-11	1.57481e-08	1.61273e-07	
OG0006311	2.4133e-06	5.80042e-06	1.75083e-06	
OG0006312	1.83067e-11	1.09612e-08	1.28029e-07	
OG0006313	9.80278e-08	3.14257e-07	3.51777e-07	
OG0006314	9.40306e-09	2.76921e-07	8.43149e-07	
OG0006315	2.08342e-05	3.93951e-05	1.28571e-05	
OG0006316	1.73445e-05	4.56101e-05	9.38025e-06	
OG0006317	2.01327e-07	1.61081e-06	9.92156e-07	
OG0006318	6.32014e-07	2.76569e-05	1.63026e-05	
OG0006319	1.08894e-06	1.48976e-05	9.43731e-06	
OG0006320	6.40989e-08	6.1583e-08	3.49082e-08	
OG0006321	7.06226e-08	2.11741e-06	3.06921e-06	
OG0006322	1.31127e-05	7.31161e-05	1.81812e-05	
OG0006323	2.37095e-11	2.63115e-09	1.8895e-08	
OG0006324	9.51953e-05	0.000104194	9.83524e-06	
OG0006325	2.24236e-10	5.55328e-08	2.86816e-07	
OG0006326	4.69982e-07	1.05816e-06	3.12978e-07	
OG0006327	1.11556e-06	6.25363e-06	4.18218e-06	
OG0006328	9.45996e-07	8.00081e-06	5.17551e-06	
OG0006329	1.34276e-05	4.28054e-05	1.12558e-05	
OG0006330	9.82142e-09	2.04186e-07	2.40273e-07	
OG0006331	3.77294e-08	1.7095e-07	1.02159e-07	
OG0006332	1.49764e-07	2.1166e-06	2.18772e-06	
OG0006333	1.93047e-11	5.3494e-10	9.62581e-10	
OG0006334	1.92255e-05	2.28771e-05	4.05534e-06	
OG0006335	2.71518e-05	0.000104713	1.64349e-05	
OG0006336	0.000243618	0.000187737	2.25372e-05	
OG0006337	8.22312e-08	8.34857e-07	6.2087e-07	
OG0006338	0.000135025	0.000272256	3.63635e-05	
OG0006340	7.21283e-07	4.27853e-06	3.46338e-06	
OG0006341	2.25872e-07	4.70605e-06	4.06399e-06	
OG0006342	1.50973e-05	1.62996e-05	6.37032e-06	
OG0006343	6.00675e-07	3.2169e-06	2.15625e-06	
OG0006344	1.77869e-06	5.40086e-06	1.98721e-06	
OG0006345	9.51953e-05	0.000104194	9.83524e-06	
OG0006346	0.000198898	8.57593e-05	7.7841e-06	
OG0006347	1.10614e-06	1.80412e-06	8.54745e-07	
OG0006348	1.5808e-05	1.86597e-05	7.03136e-06	
OG0006349	1.01509e-07	3.38792e-07	1.91326e-07	
OG0006350	1.4443e-05	3.29075e-05	5.93341e-06	
OG0006351	2.09987e-06	1.22744e-05	7.40142e-06	
OG0006352	1.39691e-05	8.87301e-06	1.79054e-06	
OG0006353	2.36586e-05	5.0418e-05	1.12683e-05	
OG0006354	2.08342e-05	3.93951e-05	1.28571e-05	
OG0006355	2.08342e-05	3.93951e-05	1.28571e-05	
OG0006356	1.08092e-06	1.58163e-06	7.67925e-07	
OG0006357	5.45081e-08	6.05294e-07	2.24069e-07	
OG0006358	1.05635e-09	2.43554e-07	9.31111e-07	
OG0006359	2.99864e-06	2.03932e-05	8.01429e-06	
OG0006360	1.05635e-09	2.43554e-07	9.31111e-07	
OG0006361	0.000209252	0.000121344	1.84798e-05	
OG0006362	9.51953e-05	0.000104194	9.83524e-06	
OG0006363	5.1504e-15	2.96381e-11	1.70062e-09	
OG0006364	1.25567e-05	6.45706e-05	1.29223e-05	
OG0006365	9.29357e-13	1.95444e-09	4.04697e-08	
OG0006366	1.39702e-05	8.81345e-06	1.73433e-06	
OG0006367	3.08429e-11	1.57481e-08	1.61273e-07	
OG0006368	1.38639e-06	3.73987e-06	2.84137e-06	
OG0006369	3.57838e-05	7.65002e-05	1.74021e-05	
OG0006370	1.16891e-06	4.29285e-06	1.49151e-06	
OG0006371	1.28293e-06	1.60197e-06	3.09693e-07	
OG0006372	8.95161e-07	4.44684e-06	2.82412e-06	
OG0006373	9.29357e-13	1.95444e-09	4.04697e-08	
OG0006374	2.90611e-16	1.03062e-11	2.31736e-09	
OG0006375	8.95485e-07	3.07351e-06	9.95039e-07	
OG0006376	1.35192e-07	2.97197e-06	3.33274e-06	
OG0006377	1.55744e-07	3.85737e-07	1.41926e-07	
OG0006378	1.39702e-05	8.81345e-06	1.73433e-06	
OG0006379	9.29357e-13	1.95444e-09	4.04697e-08	
OG0006380	1.93142e-05	2.31862e-05	4.01842e-06	
OG0006381	0.000135025	0.000272256	3.63635e-05	
OG0006382	6.58185e-08	1.46742e-06	2.54687e-06	
OG0006383	9.49654e-06	3.10195e-05	1.01395e-05	
OG0006384	8.95161e-07	4.44684e-06	2.82412e-06	
OG0006385	0.000135025	0.000272256	3.63635e-05	
OG0006386	8.95161e-07	4.44684e-06	2.82412e-06	
OG0006387	1.48504e-07	1.58743e-06	1.02247e-06	
OG0006388	9.01098e-10	5.45801e-08	1.84993e-07	
OG0006389	3.5817e-06	2.75216e-05	9.07876e-06	
OG0006390	2.81813e-14	4.29832e-11	5.87162e-10	
OG0006391	2.03212e-05	3.25878e-05	9.23964e-06	
OG0006392	1.73929e-08	1.35569e-06	2.57877e-06	
OG0006393	9.1718e-07	2.34222e-06	5.22123e-07	
OG0006394	1.29161e-08	2.5647e-07	3.04804e-07	
OG0006395	0.00297958	0.00118449	8.4147e-05	
OG0006396	1.39702e-05	8.81345e-06	1.73433e-06	
OG0006397	1.37284e-06	5.94334e-06	7.94673e-07	
OG0006398	3.08429e-11	1.57481e-08	1.61273e-07	
OG0006399	1.93142e-05	2.31862e-05	4.01842e-06	
OG0006400	1.82615e-05	2.48604e-05	6.87131e-06	
OG0006401	1.01632e-08	1.16812e-07	1.91306e-07	
OG0006402	1.66245e-05	3.1828e-05	1.20849e-05	
OG0006403	1.5253e-07	3.11694e-07	9.70702e-08	
OG0006404	2.24236e-10	5.55328e-08	2.86816e-07	
OG0006405	1.49964e-05	1.22826e-05	2.75778e-06	
OG0006406	9.29357e-13	1.95444e-09	4.04697e-08	
OG0006407	1.12329e-06	1.41455e-06	5.31516e-07	
OG0006408	9.51953e-05	0.000104194	9.83524e-06	
OG0006409	1.44343e-05	1.09164e-05	2.9628e-06	
OG0006410	1.50973e-05	1.62996e-05	6.37032e-06	
OG0006411	4.42189e-13	1.25914e-10	2.8571e-09	
OG0006412	1.13133e-06	2.70045e-06	1.66753e-06	
OG0006413	4.24782e-13	1.59574e-09	6.3581e-08	
OG0006414	1.25813e-09	2.53987e-08	1.8099e-08	
OG0006415	1.66245e-05	3.1828e-05	1.20849e-05	
OG0006416	2.75612e-07	5.64229e-06	4.83515e-06	
OG0006417	1.66245e-05	3.1828e-05	1.20849e-05	
OG0006418	1.71108e-05	1.92539e-05	4.95328e-06	
OG0006419	9.29357e-13	1.95444e-09	4.04697e-08	
OG0006420	1.50973e-05	1.62996e-05	6.37032e-06	
OG0006421	3.57838e-05	7.65002e-05	1.74021e-05	
OG0006422	9.65736e-10	2.75933e-08	5.62056e-08	
OG0006423	5.24816e-09	2.5789e-07	7.59058e-07	
OG0006424	1.05635e-09	2.43554e-07	9.31111e-07	
OG0006425	0.000135025	0.000272256	3.63635e-05	
OG0006426	2.4133e-06	5.80042e-06	1.75083e-06	
OG0006427	1.29111e-06	2.09089e-06	8.56901e-07	
OG0006428	0.000243618	0.000187737	2.25372e-05	
OG0006429	1.82615e-05	2.48604e-05	6.87131e-06	
OG0006430	1.50293e-05	1.28313e-05	2.89674e-06	
OG0006431	2.99864e-06	2.03932e-05	8.01429e-06	
OG0006432	1.64064e-06	4.98299e-06	3.36012e-06	
OG0006433	0.000135025	0.000272256	3.63635e-05	
OG0006434	1.56437e-17	2.36562e-12	7.79086e-10	
OG0006435	1.74029e-07	6.49158e-06	8.69605e-06	
OG0006436	1.61248e-11	6.46251e-09	7.50366e-08	
OG0006437	1.23666e-07	1.35138e-06	2.08351e-06	
OG0006438	9.29357e-13	1.95444e-09	4.04697e-08	
OG0006439	1.50973e-05	1.62996e-05	6.37032e-06	
OG0006440	1.73929e-08	1.35569e-06	2.57877e-06	
OG0006441	1.16966e-07	9.38549e-07	8.92534e-07	
OG0006442	3.57838e-05	7.65002e-05	1.74021e-05	
OG0006443	2.01327e-07	1.61081e-06	9.92156e-07	
OG0006444	1.71108e-05	1.92539e-05	4.95328e-06	
OG0006445	8.32319e-07	8.33721e-06	3.41664e-06	
OG0006446	1.79509e-07	6.1176e-06	5.96437e-06	
OG0006447	1.15981e-09	9.73586e-08	2.28259e-07	
OG0006448	1.10614e-06	1.80412e-06	8.54745e-07	
OG0006449	0.000209252	0.000121344	1.84798e-05	
OG0006450	1.92202e-10	8.62004e-08	6.39712e-07	
OG0006451	6.44111e-18	2.20075e-13	5.9707e-11	
OG0006452	1.99221e-17	4.16014e-14	9.35554e-12	
OG0006555	4.21527e-08	1.98611e-06	1.44215e-06	
OG0006556	8.50894e-06	3.39743e-05	1.40538e-05	
OG0006557	2.21817e-05	4.97902e-05	1.77556e-05	
OG0006558	1.4922e-07	8.14857e-07	1.85572e-07	
OG0006559	4.78722e-11	1.83826e-09	1.62826e-08	
OG0006560	1.04672e-07	1.36546e-06	1.86458e-06	
OG0006561	1.53702e-05	0.000114234	3.0394e-05	
OG0006562	2.34884e-10	4.60784e-08	2.32617e-07	
OG0006563	8.96879e-06	0.000271012	8.15345e-05	
OG0006564	9.80456e-08	4.90153e-07	3.31567e-07	
OG0006565	6.84032e-07	3.01544e-05	1.85427e-05	
OG0006566	4.15895e-11	6.4986e-10	5.76014e-09	
OG0006567	0.000198883	8.63363e-05	8.03706e-06	
OG0006568	8.3239e-10	3.81732e-08	1.02491e-07	
OG0006569	1.53702e-05	0.000114234	3.0394e-05	
OG0006570	2.47506e-10	5.68676e-09	1.15426e-08	
OG0006571	0.000289357	0.000318104	4.20724e-05	
OG0006572	1.49488e-17	9.30604e-11	3.1381e-08	
OG0006573	1.58743e-07	1.12595e-05	1.16823e-05	
OG0006574	6.87957e-14	4.37744e-11	8.88875e-10	
OG0006575	1.92255e-05	2.28771e-05	4.05534e-06	
OG0006576	5.84247e-09	4.19675e-07	1.07681e-06	
OG0006577	6.84032e-07	3.01544e-05	1.85427e-05	
OG0006578	2.71518e-05	0.000104713	1.64349e-05	
OG0006579	1.49293e-05	1.23962e-05	2.78564e-06	
OG0006580	4.46828e-10	9.59768e-08	2.61466e-07	
OG0006581	8.95161e-07	4.44684e-06	2.82412e-06	
OG0006582	0.000198898	8.57593e-05	7.7841e-06	
OG0006583	7.03774e-07	4.14575e-05	2.705e-05	
OG0006584	0.000212163	0.000238799	2.44744e-05	
OG0006585	3.36492e-11	4.76447e-09	2.60902e-08	
OG0006586	0.000198883	8.63363e-05	8.03706e-06	
OG0006587	1.19952e-12	4.11646e-10	3.44039e-09	
OG0006588	0.000214534	0.000146692	2.53914e-05	
OG0006589	2.24236e-10	5.55328e-08	2.86816e-07	
OG0006590	8.95161e-07	4.44684e-06	2.82412e-06	
OG0006591	1.95047e-08	1.00401e-06	9.39713e-07	
OG0006592	1.92255e-05	2.28771e-05	4.05534e-06	
OG0006593	5.88369e-08	7.10827e-07	5.40899e-07	
OG0006594	1.57779e-05	3.34545e-05	8.3587e-06	
OG0006595	2.28783e-06	2.82652e-05	1.23244e-05	
OG0006596	6.84032e-07	3.01544e-05	1.85427e-05	
OG0006597	1.08271e-05	6.08175e-05	1.14555e-05	
OG0006598	1.02641e-05	4.14414e-05	1.56661e-05	
OG0006599	1.0785e-06	1.51207e-06	7.36191e-07	
OG0006600	1.71108e-05	1.92539e-05	4.95328e-06	
OG0006601	1.16476e-09	2.08348e-06	6.48039e-06	
OG0006602	4.56387e-10	1.6397e-08	3.54538e-08	
OG0006603	8.50894e-06	3.39743e-05	1.40538e-05	
OG0006604	2.24236e-10	5.55328e-08	2.86816e-07	
OG0006605	3.65917e-05	8.79997e-05	2.124e-05	
OG0006606	2.24236e-10	5.55328e-08	2.86816e-07	
OG0006607	1.02512e-06	8.20452e-06	2.69113e-06	
OG0006608	1.08894e-06	1.48976e-05	9.43731e-06	
OG0006609	4.4419e-05	0.000171744	3.55346e-05	
OG0006610	2.0908e-08	9.18275e-07	3.21371e-06	
OG0006611	8.42878e-08	1.27578e-06	1.66589e-06	
OG0006612	0.000243618	0.000187737	2.25372e-05	
OG0006613	8.50894e-06	3.39743e-05	1.40538e-05	
OG0006614	2.5278e-10	1.7846e-07	1.2286e-06	
OG0006615	0.000209252	0.000121344	1.84798e-05	
OG0006616	1.02641e-05	4.14414e-05	1.56661e-05	
OG0006617	3.08429e-11	1.57481e-08	1.61273e-07	
OG0006618	2.86659e-11	2.05393e-09	1.00106e-08	
OG0006619	4.02128e-10	6.36925e-08	4.38054e-07	
OG0006621	8.4866e-07	3.64088e-05	1.90782e-05	
OG0006622	1.54184e-14	2.33345e-10	1.5551e-08	
OG0006623	0.000209252	0.000121344	1.84798e-05	
OG0006624	1.53702e-05	0.000114234	3.0394e-05	
OG0006625	0.000243618	0.000187737	2.25372e-05	
OG0006626	8.32122e-07	4.62943e-06	1.14204e-06	
OG0006627	5.86361e-07	4.03845e-06	3.86282e-06	
OG0006628	8.98663e-09	2.00878e-07	1.76973e-07	
OG0006629	1.53702e-05	0.000114234	3.0394e-05	
OG0006630	1.21335e-07	4.19265e-06	4.7044e-06	
OG0006631	0.000209252	0.000121344	1.84798e-05	
OG0006632	1.50702e-06	5.03967e-06	2.77135e-06	
OG0006633	1.30784e-06	1.88866e-06	5.24988e-07	
OG0006634	6.84032e-07	3.01544e-05	1.85427e-05	
OG0006635	6.84032e-07	3.01544e-05	1.85427e-05	
OG0006636	1.17025e-06	4.82695e-06	3.25789e-06	
OG0006637	1.44807e-09	4.1357e-08	6.20523e-08	
OG0006638	1.04672e-07	1.36546e-06	1.86458e-06	
OG0006639	1.53939e-05	4.64284e-05	1.2878e-05	
OG0006640	9.64665e-08	3.51125e-07	2.72018e-07	
OG0006641	3.38266e-05	5.27207e-05	7.28375e-06	
OG0006642	8.26325e-07	6.77184e-06	2.61116e-06	
OG0006643	0.000135025	0.000272256	3.63635e-05	
OG0006644	0.000223956	0.000173036	3.13416e-05	
OG0006645	2.24236e-10	5.55328e-08	2.86816e-07	
OG0006646	1.14465e-05	8.67744e-05	2.59722e-05	
OG0006647	6.84032e-07	3.01544e-05	1.85427e-05	
OG0006648	1.12067e-06	1.98874e-05	1.19232e-05	
OG0006649	0.000289357	0.000318104	4.20724e-05	
OG0006650	1.35393e-06	8.18544e-06	5.47306e-06	
OG0006651	1.85401e-09	9.48207e-07	3.12232e-06	
OG0006652	9.52887e-07	1.15974e-05	7.34971e-06	
OG0006653	4.03695e-07	7.62008e-05	4.90599e-05	
OG0006654	9.52887e-07	1.15974e-05	7.34971e-06	
OG0006655	4.03695e-07	7.62008e-05	4.90599e-05	
OG0006656	0.000289357	0.000318104	4.20724e-05	
OG0006657	1.17025e-06	4.82695e-06	3.25789e-06	
OG0006658	2.86882e-06	2.55047e-05	1.16221e-05	
OG0006659	4.03695e-07	7.62008e-05	4.90599e-05	
OG0006660	6.84032e-07	3.01544e-05	1.85427e-05	
OG0006661	5.84247e-09	4.19675e-07	1.07681e-06	
OG0006662	0.000224249	0.000165024	2.7612e-05	
OG0006663	1.11541e-07	7.57232e-07	5.73271e-07	
OG0006664	6.84032e-07	3.01544e-05	1.85427e-05	
OG0006665	6.84032e-07	3.01544e-05	1.85427e-05	
OG0006666	3.08429e-11	1.57481e-08	1.61273e-07	
OG0006667	1.10038e-05	6.84596e-05	1.60828e-05	
OG0006668	3.82608e-09	1.1158e-07	2.52996e-07	
OG0006669	0.000243618	0.000187737	2.25372e-05	
OG0006670	9.11926e-07	4.9368e-06	3.37549e-06	
OG0006671	2.2035e-06	2.19181e-05	1.1356e-05	
OG0006672	3.57838e-05	7.65002e-05	1.74021e-05	
OG0006673	8.50894e-06	3.39743e-05	1.40538e-05	
OG0006674	5.49555e-08	1.54458e-07	5.86539e-08	
OG0006675	1.49293e-05	1.23962e-05	2.78564e-06	
OG0006676	1.53702e-05	0.000114234	3.0394e-05	
OG0006677	0.000209252	0.000121344	1.84798e-05	
OG0006678	6.43994e-07	3.05036e-05	1.90662e-05	
OG0006679	1.14585e-06	2.36747e-06	2.45318e-06	
OG0006680	3.65917e-05	8.79997e-05	2.124e-05	
OG0006681	1.78062e-07	5.07452e-06	5.09072e-06	
OG0006682	4.03695e-07	7.62008e-05	4.90599e-05	
OG0006683	1.54506e-06	4.96169e-06	3.97746e-06	
OG0006684	9.80456e-08	4.90153e-07	3.31567e-07	
OG0006685	1.11628e-07	4.36864e-07	3.30636e-07	
OG0006686	9.52887e-07	1.15974e-05	7.34971e-06	
OG0006687	5.84247e-09	4.19675e-07	1.07681e-06	
OG0006688	1.19296e-07	1.66296e-06	2.01528e-06	
OG0006689	0.000212163	0.000238799	2.44744e-05	
OG0006690	6.07571e-07	2.18196e-05	1.00951e-05	
OG0006691	6.43994e-07	3.05036e-05	1.90662e-05	
OG0006692	1.3857e-08	8.26284e-07	1.97593e-06	
OG0006693	0.000209252	0.000121344	1.84798e-05	
OG0006694	1.01632e-08	1.16812e-07	1.91306e-07	
OG0006695	1.50994e-08	1.95859e-07	1.65453e-07	
OG0006696	1.05565e-06	1.32667e-05	5.78308e-06	
OG0006697	2.24236e-10	5.55328e-08	2.86816e-07	
OG0006698	2.24236e-10	5.55328e-08	2.86816e-07	
OG0006699	6.19858e-14	1.40376e-10	3.58336e-09	
OG0006700	1.58386e-06	5.95515e-06	5.25884e-06	
OG0006701	2.36586e-05	5.0418e-05	1.12683e-05	
OG0006702	1.02493e-07	4.22086e-07	2.61291e-07	
OG0006703	1.51644e-07	1.83293e-06	1.50678e-06	
OG0006704	0.000209252	0.000121344	1.84798e-05	
OG0006705	8.98663e-09	2.00878e-07	1.76973e-07	
OG0006706	8.50894e-06	3.39743e-05	1.40538e-05	
OG0006707	1.02094e-06	6.52496e-06	4.89428e-06	
OG0006708	2.1128e-09	8.37216e-07	1.44114e-06	
OG0006709	1.25567e-05	6.45706e-05	1.29223e-05	
OG0006710	1.96434e-05	2.65758e-05	6.08104e-06	
OG0006711	1.15543e-08	2.57769e-07	3.25342e-07	
OG0006712	5.84247e-09	4.19675e-07	1.07681e-06	
OG0006713	0.000135025	0.000272256	3.63635e-05	
OG0006714	0.00297958	0.00118449	8.4147e-05	
OG0006715	0.000243618	0.000187737	2.25372e-05	
OG0006716	2.703e-08	2.29017e-06	4.64967e-06	
OG0006717	5.84247e-09	4.19675e-07	1.07681e-06	
OG0006718	1.99312e-10	2.78008e-08	9.74859e-08	
OG0006719	0.000209252	0.000121344	1.84798e-05	
OG0006720	1.55331e-06	3.71118e-06	1.21926e-06	
OG0006721	1.12329e-06	1.41455e-06	5.31516e-07	
OG0006722	2.81813e-14	4.29832e-11	5.87162e-10	
OG0006723	0.000209252	0.000121344	1.84798e-05	
OG0006724	3.46081e-08	3.77324e-07	3.33723e-07	
OG0006725	0.000212163	0.000238799	2.44744e-05	
OG0006726	3.85161e-08	1.70288e-07	1.21927e-07	
OG0006727	2.86882e-06	2.55047e-05	1.16221e-05	
OG0006728	8.50894e-06	3.39743e-05	1.40538e-05	
OG0006729	1.21335e-07	4.19265e-06	4.7044e-06	
OG0006730	1.53702e-05	0.000114234	3.0394e-05	
OG0006731	0.000224249	0.000165024	2.7612e-05	
OG0006732	1.63191e-09	2.2108e-07	7.10586e-07	
OG0006733	6.37566e-12	6.22141e-10	2.25486e-09	
OG0006734	2.86882e-06	2.55047e-05	1.16221e-05	
OG0006735	0.000212163	0.000238799	2.44744e-05	
OG0006736	2.55084e-16	4.90059e-12	4.99639e-10	
OG0006737	1.59145e-11	2.93898e-09	1.02088e-08	
OG0006738	0.000224249	0.000165024	2.7612e-05	
OG0006739	0.000135025	0.000272256	3.63635e-05	
OG0006740	0.000120102	0.000260512	4.52619e-05	
OG0006741	0.00297958	0.00118449	8.4147e-05	
OG0006742	0.000212129	0.000114823	1.16682e-05	
OG0006743	8.06574e-06	1.87215e-05	4.02245e-06	
OG0006744	0.000212163	0.000238799	2.44744e-05	
OG0006745	3.08429e-11	1.57481e-08	1.61273e-07	
OG0006746	5.61185e-10	1.28295e-08	5.47109e-08	
OG0006747	4.76749e-07	1.19441e-06	4.43811e-07	
OG0006748	3.56198e-13	9.21925e-11	1.74993e-09	
OG0006749	1.50293e-05	1.28313e-05	2.89674e-06	
OG0006750	1.49467e-11	3.97303e-09	2.54013e-08	
OG0006751	1.93142e-05	2.31862e-05	4.01842e-06	
OG0006752	6.84032e-07	3.01544e-05	1.85427e-05	
OG0006753	2.24236e-10	5.55328e-08	2.86816e-07	
OG0006754	2.51456e-06	7.81424e-06	3.1412e-06	
OG0006755	5.84247e-09	4.19675e-07	1.07681e-06	
OG0006756	2.24236e-10	5.55328e-08	2.86816e-07	
OG0006757	0.000212163	0.000238799	2.44744e-05	
OG0006758	0.000135025	0.000272256	3.63635e-05	
OG0006759	2.10528e-12	2.25949e-09	6.43323e-08	
OG0006760	8.50894e-06	3.39743e-05	1.40538e-05	
OG0006761	1.27252e-08	1.28462e-07	8.46061e-08	
OG0006762	3.46081e-08	3.77324e-07	3.33723e-07	
OG0006763	1.19296e-07	1.66296e-06	2.01528e-06	
OG0006764	0.000243618	0.000187737	2.25372e-05	
OG0006765	2.99864e-06	2.03932e-05	8.01429e-06	
OG0006766	7.06248e-14	2.95643e-10	1.67917e-08	
OG0006767	2.36586e-05	5.0418e-05	1.12683e-05	
OG0006768	5.84247e-09	4.19675e-07	1.07681e-06	
OG0006769	5.66695e-07	2.50228e-06	1.26131e-06	
OG0006770	0.00297958	0.00118449	8.4147e-05	
OG0006771	5.84247e-09	4.19675e-07	1.07681e-06	
OG0006772	6.84032e-07	3.01544e-05	1.85427e-05	
OG0006773	2.03212e-05	3.25878e-05	9.23964e-06	
OG0006774	2.03212e-05	3.25878e-05	9.23964e-06	
OG0006775	5.26134e-08	3.69635e-06	4.61338e-06	
OG0006776	0.00281896	0.000832852	3.75681e-05	
OG0006777	1.39691e-05	8.87301e-06	1.79054e-06	
OG0006778	1.57779e-05	3.34545e-05	8.3587e-06	
OG0006779	9.52887e-07	1.15974e-05	7.34971e-06	
OG0006780	5.84247e-09	4.19675e-07	1.07681e-06	
OG0006781	1.39912e-08	1.36779e-07	1.35861e-07	
OG0006782	6.10745e-08	8.78565e-07	6.18229e-07	
OG0006783	2.24236e-10	5.55328e-08	2.86816e-07	
OG0006784	2.24236e-10	5.55328e-08	2.86816e-07	
OG0006785	4.28847e-09	2.84698e-07	8.32189e-07	
OG0006786	0.000289357	0.000318104	4.20724e-05	
OG0006787	3.9644e-10	3.41626e-08	1.3588e-07	
OG0006788	1.39702e-05	8.81345e-06	1.73433e-06	
OG0006789	1.69515e-12	1.28005e-09	3.59686e-08	
OG0006790	6.84032e-07	3.01544e-05	1.85427e-05	
OG0006791	2.25801e-09	7.164e-09	5.2153e-09	
OG0006792	1.50702e-06	5.03967e-06	2.77135e-06	
OG0006793	1.23369e-06	1.16715e-05	7.00566e-06	
OG0006794	0.000198883	8.63363e-05	8.03706e-06	
OG0006795	9.9678e-07	1.11294e-05	7.83282e-06	
OG0006796	7.56632e-06	1.74516e-05	5.66521e-06	
OG0006797	2.17776e-05	4.43184e-05	1.41372e-05	
OG0006798	2.24236e-10	5.55328e-08	2.86816e-07	
OG0006799	1.27883e-06	1.6085e-06	3.33146e-07	
OG0006800	4.99611e-09	3.21141e-08	3.12378e-08	
OG0006801	0.000243618	0.000187737	2.25372e-05	
OG0006802	8.01927e-11	3.65616e-08	3.78561e-07	
OG0006803	1.93156e-05	2.30312e-05	3.89195e-06	
OG0006804	2.24236e-10	5.55328e-08	2.86816e-07	
OG0006805	0.00019797	8.51854e-05	8.1109e-06	
OG0006806	8.96879e-06	0.000271012	8.15345e-05	
OG0006807	8.50894e-06	3.39743e-05	1.40538e-05	
OG0006808	2.24236e-10	5.55328e-08	2.86816e-07	
OG0006809	0.000202273	9.89577e-05	1.21624e-05	
OG0006810	1.63055e-06	9.08284e-06	5.23635e-06	
OG0006811	1.50293e-05	1.28313e-05	2.89674e-06	
OG0006812	3.65917e-05	8.79997e-05	2.124e-05	
OG0006813	1.92016e-07	8.83612e-07	4.90287e-07	
OG0006814	1.71108e-05	1.92539e-05	4.95328e-06	
OG0006815	0.000212163	0.000238799	2.44744e-05	
OG0006816	2.86882e-06	2.55047e-05	1.16221e-05	
OG0006817	7.56632e-06	1.74516e-05	5.66521e-06	
OG0006818	2.24236e-10	5.55328e-08	2.86816e-07	
OG0006819	3.57588e-09	1.11791e-07	1.77214e-07	
OG0006820	0.000198898	8.57593e-05	7.7841e-06	
OG0006821	1.98396e-06	8.37509e-06	2.94303e-06	
OG0006822	0.000243618	0.000187737	2.25372e-05	
OG0006823	4.26296e-13	1.31444e-10	1.29034e-09	
OG0006824	0.000209252	0.000121344	1.84798e-05	
OG0006825	2.12886e-06	1.38385e-05	8.72638e-06	
OG0006826	3.69204e-07	1.62504e-06	8.47608e-07	
OG0006827	4.4419e-05	0.000171744	3.55346e-05	
OG0006828	6.21312e-08	1.01711e-06	1.11626e-06	
OG0006829	1.25567e-05	6.45706e-05	1.29223e-05	
OG0006830	3.86767e-19	3.49609e-14	1.1905e-11	
OG0006831	1.53939e-05	4.64284e-05	1.2878e-05	
OG0006832	6.76985e-10	2.79977e-08	5.8344e-08	
OG0006833	1.57779e-05	3.34545e-05	8.3587e-06	
OG0006834	0.000202273	9.89577e-05	1.21624e-05	
OG0006835	6.00675e-07	3.2169e-06	2.15625e-06	
OG0006836	1.95392e-05	2.57492e-05	5.69811e-06	
OG0006837	1.39691e-05	8.87301e-06	1.79054e-06	
OG0006838	4.16624e-18	4.06427e-13	2.05857e-10	
OG0006839	1.17025e-06	4.82695e-06	3.25789e-06	
OG0006840	2.24236e-10	5.55328e-08	2.86816e-07	
OG0006841	2.40277e-08	3.10725e-07	2.22468e-07	
OG0006842	9.35476e-07	9.14647e-06	4.65345e-06	
OG0006843	0.000198883	8.63363e-05	8.03706e-06	
OG0006844	0.00281896	0.000832852	3.75681e-05	
OG0006845	7.56632e-06	1.74516e-05	5.66521e-06	
OG0006846	2.2035e-06	2.19181e-05	1.1356e-05	
OG0006847	0.000198883	8.63363e-05	8.03706e-06	
OG0006848	0.00297958	0.00118449	8.4147e-05	
OG0006849	1.78062e-07	5.07452e-06	5.09072e-06	
OG0006850	9.2559e-06	2.76326e-05	7.50711e-06	
OG0006851	1.37892e-06	2.65187e-06	1.16286e-06	
OG0006852	1.25567e-05	6.45706e-05	1.29223e-05	
OG0006853	7.06248e-14	2.95643e-10	1.67917e-08	
OG0006854	7.73037e-24	4.39437e-19	6.91643e-16	
OG0006855	1.71108e-05	1.92539e-05	4.95328e-06	
OG0006856	1.69198e-07	2.39342e-06	2.92885e-06	
OG0006857	1.92255e-05	2.28771e-05	4.05534e-06	
OG0006858	0.000273759	0.000223668	1.87835e-05	
OG0006859	0.000209252	0.000121344	1.84798e-05	
OG0006860	1.04842e-07	4.03777e-07	5.00857e-07	
OG0006861	5.08933e-07	1.4136e-06	7.11482e-07	
OG0006862	2.28783e-06	2.82652e-05	1.23244e-05	
OG0006863	2.61165e-06	8.95565e-06	4.31512e-06	
OG0006864	1.71108e-05	1.92539e-05	4.95328e-06	
OG0006865	3.18183e-11	1.43506e-09	2.6375e-09	
OG0006866	1.71108e-05	1.92539e-05	4.95328e-06	
OG0006867	1.39691e-05	8.87301e-06	1.79054e-06	
OG0006868	1.07252e-06	1.51558e-06	8.8172e-07	
OG0006869	1.12329e-06	1.41455e-06	5.31516e-07	
OG0006870	1.07781e-07	1.52602e-06	1.88063e-06	
OG0006871	3.33168e-23	1.50536e-17	3.90436e-14	
OG0006872	9.82142e-09	2.04186e-07	2.40273e-07	
OG0006873	2.7166e-06	1.14272e-05	7.07549e-06	
OG0006874	0.00281896	0.000832852	3.75681e-05	
OG0006875	0.000243618	0.000187737	2.25372e-05	
OG0006876	3.98898e-52	5.70244e-37	3.75682e-27	
OG0006877	2.2035e-06	2.19181e-05	1.1356e-05	
OG0006878	0.000209252	0.000121344	1.84798e-05	
OG0006879	1.12329e-06	1.41455e-06	5.31516e-07	
OG0006880	3.78339e-12	3.39184e-09	3.46092e-08	
OG0006881	1.73929e-08	1.35569e-06	2.57877e-06	
OG0006882	1.59948e-05	1.3819e-05	2.4386e-06	
OG0006883	1.39051e-06	3.02027e-06	1.56235e-06	
OG0006884	2.31106e-05	8.71274e-05	2.42893e-05	
OG0006885	1.5808e-05	1.86597e-05	7.03136e-06	
OG0006886	0.000209252	0.000121344	1.84798e-05	
OG0006887	1.12329e-06	1.41455e-06	5.31516e-07	
OG0006888	1.39702e-05	8.81345e-06	1.73433e-06	
OG0006889	7.63928e-08	2.23986e-07	1.58493e-07	
OG0006890	1.05424e-06	1.33926e-06	6.21378e-07	
OG0006891	8.92077e-09	1.95437e-07	1.86704e-07	
OG0006892	6.5371e-08	5.11288e-07	3.98018e-07	
OG0006893	0.000214534	0.000146692	2.53914e-05	
OG0006894	0.000214534	0.000146692	2.53914e-05	
OG0006895	2.24236e-10	5.55328e-08	2.86816e-07	
OG0006896	8.95485e-07	3.07351e-06	9.95039e-07	
OG0006897	7.21283e-07	4.27853e-06	3.46338e-06	
OG0006898	8.01927e-11	3.65616e-08	3.78561e-07	
OG0006899	1.13422e-06	2.34497e-06	1.42568e-06	
OG0006900	0.00019797	8.51854e-05	8.1109e-06	
OG0006901	1.8523e-05	2.86277e-05	9.89845e-06	
OG0006902	2.24236e-10	5.55328e-08	2.86816e-07	
OG0006903	3.85472e-09	1.79814e-07	5.09075e-07	
OG0006904	1.03735e-17	3.09828e-13	1.46982e-10	
OG0006905	9.71381e-19	9.04386e-16	6.01919e-14	
OG0007009	8.40778e-11	1.60042e-07	5.77463e-07	
OG0007010	4.4419e-05	0.000171744	3.55346e-05	
OG0007011	2.64142e-09	5.85398e-08	1.52822e-07	
OG0007012	3.52599e-09	3.10477e-07	6.99123e-07	
OG0007013	1.70421e-11	8.41345e-09	1.20332e-07	
OG0007014	1.23886e-05	9.46105e-05	2.9541e-05	
OG0007015	5.67506e-07	2.44011e-06	1.24431e-06	
OG0007016	1.46851e-06	3.53485e-06	1.75522e-06	
OG0007017	0.00297958	0.00118449	8.4147e-05	
OG0007018	8.96879e-06	0.000271012	8.15345e-05	
OG0007019	1.38639e-06	3.73987e-06	2.84137e-06	
OG0007020	1.23886e-05	9.46105e-05	2.9541e-05	
OG0007021	1.23886e-05	9.46105e-05	2.9541e-05	
OG0007022	1.27461e-05	0.000130074	4.30943e-05	
OG0007023	5.67506e-07	2.44011e-06	1.24431e-06	
OG0007024	5.14606e-08	4.5309e-06	7.94153e-06	
OG0007025	1.6613e-10	1.08905e-07	6.21706e-07	
OG0007026	1.23886e-05	9.46105e-05	2.9541e-05	
OG0007027	0.00297958	0.00118449	8.4147e-05	
OG0007028	1.05424e-06	1.33926e-06	6.21378e-07	
OG0007029	8.96879e-06	0.000271012	8.15345e-05	
OG0007030	4.4419e-05	0.000171744	3.55346e-05	
OG0007031	8.72722e-10	5.39471e-08	8.84839e-08	
OG0007032	7.4147e-08	4.48729e-07	3.69892e-07	
OG0007033	3.43793e-05	5.94067e-05	1.03171e-05	
OG0007034	1.81056e-06	7.51991e-06	1.45484e-06	
OG0007035	0.000212163	0.000238799	2.44744e-05	
OG0007036	0.00297958	0.00118449	8.4147e-05	
OG0007037	2.31106e-05	8.71274e-05	2.42893e-05	
OG0007038	0.00019797	8.51854e-05	8.1109e-06	
OG0007039	8.96879e-06	0.000271012	8.15345e-05	
OG0007040	0.000273759	0.000223668	1.87835e-05	
OG0007041	9.89628e-07	7.17361e-06	5.23085e-06	
OG0007042	5.70948e-09	1.03545e-07	2.09271e-07	
OG0007043	9.50488e-09	2.76059e-07	6.11249e-07	
OG0007044	1.23886e-05	9.46105e-05	2.9541e-05	
OG0007045	4.02128e-10	6.36925e-08	4.38054e-07	
OG0007046	0.00019797	8.51854e-05	8.1109e-06	
OG0007047	6.92781e-10	6.1648e-08	3.01663e-07	
OG0007048	1.26059e-07	1.52523e-06	2.49664e-06	
OG0007049	0.000120102	0.000260512	4.52619e-05	
OG0007050	0.000120102	0.000260512	4.52619e-05	
OG0007051	4.03695e-07	7.62008e-05	4.90599e-05	
OG0007052	2.05355e-09	6.08963e-07	9.87949e-07	
OG0007053	6.84032e-07	3.01544e-05	1.85427e-05	
OG0007054	3.43795e-11	2.85968e-09	7.02972e-09	
OG0007055	0.000289357	0.000318104	4.20724e-05	
OG0007056	2.31106e-05	8.71274e-05	2.42893e-05	
OG0007057	9.32008e-07	1.42158e-05	1.26519e-05	
OG0007058	2.24168e-05	5.8164e-05	1.73073e-05	
OG0007059	1.56369e-06	5.17206e-06	3.89067e-06	
OG0007060	7.47232e-08	2.57447e-07	1.66254e-07	
OG0007061	4.4419e-05	0.000171744	3.55346e-05	
OG0007062	8.98663e-09	2.00878e-07	1.76973e-07	
OG0007063	3.59717e-26	1.61119e-18	8.91064e-14	
OG0007064	1.20828e-08	4.13075e-07	6.42411e-07	
OG0007065	0.000288438	0.000319868	4.59685e-05	
OG0007066	1.22099e-12	7.87244e-10	1.13342e-08	
OG0007067	5.03764e-07	2.04823e-06	9.05367e-07	
OG0007068	4.4419e-05	0.000171744	3.55346e-05	
OG0007069	4.4419e-05	0.000171744	3.55346e-05	
OG0007070	1.23886e-05	9.46105e-05	2.9541e-05	
OG0007071	1.23369e-06	1.16715e-05	7.00566e-06	
OG0007072	9.89628e-07	7.17361e-06	5.23085e-06	
OG0007073	6.84032e-07	3.01544e-05	1.85427e-05	
OG0007074	0.000212163	0.000238799	2.44744e-05	
OG0007075	6.09861e-08	4.2653e-06	5.3077e-06	
OG0007076	0.000243618	0.000187737	2.25372e-05	
OG0007077	2.31106e-05	8.71274e-05	2.42893e-05	
OG0007078	8.96879e-06	0.000271012	8.15345e-05	
OG0007079	1.03523e-06	1.58878e-05	1.226e-05	
OG0007080	3.64038e-09	1.27208e-07	2.52831e-07	
OG0007081	1.23886e-05	9.46105e-05	2.9541e-05	
OG0007082	5.14606e-08	4.5309e-06	7.94153e-06	
OG0007083	1.23886e-05	9.46105e-05	2.9541e-05	
OG0007084	0.00022841	0.000185399	3.34502e-05	
OG0007085	6.24376e-09	6.7688e-08	1.42724e-07	
OG0007086	0.000120102	0.000260512	4.52619e-05	
OG0007087	6.54198e-08	5.3205e-07	7.32475e-07	
OG0007088	1.70421e-11	8.41345e-09	1.20332e-07	
OG0007089	0.000202163	9.29545e-05	8.75561e-06	
OG0007090	8.96879e-06	0.000271012	8.15345e-05	
OG0007091	1.70421e-11	8.41345e-09	1.20332e-07	
OG0007092	1.23886e-05	9.46105e-05	2.9541e-05	
OG0007093	1.23369e-06	1.16715e-05	7.00566e-06	
OG0007094	0.000214534	0.000146692	2.53914e-05	
OG0007095	1.23886e-05	9.46105e-05	2.9541e-05	
OG0007096	9.12191e-07	5.73822e-07	1.39948e-07	
OG0007097	2.87327e-07	6.58437e-06	6.87724e-06	
OG0007098	1.23369e-06	1.16715e-05	7.00566e-06	
OG0007099	4.53399e-11	5.35476e-07	3.77293e-06	
OG0007100	1.23369e-06	1.16715e-05	7.00566e-06	
OG0007101	8.96879e-06	0.000271012	8.15345e-05	
OG0007102	3.8205e-07	1.90324e-06	9.84182e-07	
OG0007103	8.96879e-06	0.000271012	8.15345e-05	
OG0007104	1.01257e-06	1.00476e-06	3.45481e-07	
OG0007105	8.96879e-06	0.000271012	8.15345e-05	
OG0007106	1.23886e-05	9.46105e-05	2.9541e-05	
OG0007107	0.000288438	0.000319868	4.59685e-05	
OG0007108	2.24168e-05	5.8164e-05	1.73073e-05	
OG0007110	0.000198898	8.57593e-05	7.7841e-06	
OG0007111	3.65917e-05	8.79997e-05	2.124e-05	
OG0007112	2.31106e-05	8.71274e-05	2.42893e-05	
OG0007113	5.36473e-08	1.5627e-06	2.00327e-06	
OG0007114	0.000212129	0.000114823	1.16682e-05	
OG0007115	1.23886e-05	9.46105e-05	2.9541e-05	
OG0007116	0.000223956	0.000173036	3.13416e-05	
OG0007117	1.79883e-06	7.68816e-06	4.94909e-06	
OG0007118	5.64586e-11	2.88064e-09	1.58592e-08	
OG0007119	0.000288438	0.000319868	4.59685e-05	
OG0007120	8.96879e-06	0.000271012	8.15345e-05	
OG0007121	0.000209252	0.000121344	1.84798e-05	
OG0007122	0.000120102	0.000260512	4.52619e-05	
OG0007123	1.23886e-05	9.46105e-05	2.9541e-05	
OG0007124	4.4419e-05	0.000171744	3.55346e-05	
OG0007125	5.36473e-08	1.5627e-06	2.00327e-06	
OG0007126	0.000288438	0.000319868	4.59685e-05	
OG0007127	3.74675e-08	5.62151e-07	6.73318e-07	
OG0007128	8.96879e-06	0.000271012	8.15345e-05	
OG0007129	6.27331e-09	6.14067e-08	1.03408e-07	
OG0007130	1.27036e-05	4.34602e-05	1.37362e-05	
OG0007131	8.98663e-09	2.00878e-07	1.76973e-07	
OG0007133	1.45899e-10	6.54331e-08	2.2439e-07	
OG0007134	4.4419e-05	0.000171744	3.55346e-05	
OG0007135	2.06814e-05	3.57908e-05	1.0945e-05	
OG0007136	1.23886e-05	9.46105e-05	2.9541e-05	
OG0007137	8.96879e-06	0.000271012	8.15345e-05	
OG0007138	5.36473e-08	1.5627e-06	2.00327e-06	
OG0007139	1.44864e-05	1.09648e-05	2.90355e-06	
OG0007140	1.06557e-07	4.43276e-07	6.12506e-07	
OG0007141	1.92991e-05	2.28446e-05	3.72222e-06	
OG0007142	1.28293e-06	1.60197e-06	3.09693e-07	
OG0007143	0.000243618	0.000187737	2.25372e-05	
OG0007144	1.46177e-06	3.48645e-06	1.77113e-06	
OG0007145	2.16269e-09	1.20734e-06	4.87293e-06	
OG0007146	1.27461e-05	0.000130074	4.30943e-05	
OG0007147	8.50373e-09	6.12951e-07	1.95846e-06	
OG0007148	1.43737e-05	9.25764e-06	1.44236e-06	
OG0007149	8.96879e-06	0.000271012	8.15345e-05	
OG0007150	8.60573e-07	3.49985e-06	1.71127e-06	
OG0007151	0.000198883	8.63363e-05	8.03706e-06	
OG0007152	2.06814e-05	3.57908e-05	1.0945e-05	
OG0007153	0.000120102	0.000260512	4.52619e-05	
OG0007154	3.65917e-05	8.79997e-05	2.124e-05	
OG0007155	2.03212e-05	3.25878e-05	9.23964e-06	
OG0007156	5.14606e-08	4.5309e-06	7.94153e-06	
OG0007157	1.62528e-05	2.3339e-05	8.93904e-06	
OG0007158	8.96879e-06	0.000271012	8.15345e-05	
OG0007159	2.24168e-05	5.8164e-05	1.73073e-05	
OG0007160	4.77557e-08	3.37458e-06	3.41345e-06	
OG0007161	3.42365e-08	1.35106e-07	1.0681e-07	
OG0007162	4.4419e-05	0.000171744	3.55346e-05	
OG0007163	9.32008e-07	1.42158e-05	1.26519e-05	
OG0007164	2.78334e-07	8.5277e-06	8.28483e-06	
OG0007165	5.07425e-06	1.37246e-05	3.05777e-06	
OG0007166	0.00281896	0.000832852	3.75681e-05	
OG0007167	8.96879e-06	0.000271012	8.15345e-05	
OG0007168	6.30687e-15	4.78891e-10	3.40583e-08	
OG0007169	4.03695e-07	7.62008e-05	4.90599e-05	
OG0007170	2.92076e-12	5.87478e-09	1.03939e-07	
OG0007171	0.000212129	0.000114823	1.16682e-05	
OG0007172	2.06814e-05	3.57908e-05	1.0945e-05	
OG0007173	1.63093e-05	2.21746e-05	1.0518e-05	
OG0007174	1.23369e-06	1.16715e-05	7.00566e-06	
OG0007175	5.66793e-07	1.97862e-06	9.15457e-07	
OG0007176	5.69274e-07	4.68577e-06	5.54663e-06	
OG0007177	1.00284e-07	3.40344e-07	2.37829e-07	
OG0007178	3.65917e-05	8.79997e-05	2.124e-05	
OG0007179	0.000212163	0.000238799	2.44744e-05	
OG0007180	0.00019797	8.51854e-05	8.1109e-06	
OG0007181	4.4419e-05	0.000171744	3.55346e-05	
OG0007182	1.23369e-06	1.16715e-05	7.00566e-06	
OG0007183	0.00281896	0.000832852	3.75681e-05	
OG0007184	1.23369e-06	1.16715e-05	7.00566e-06	
OG0007185	1.33333e-06	9.25867e-06	6.28362e-06	
OG0007186	5.36473e-08	1.5627e-06	2.00327e-06	
OG0007187	5.36473e-08	1.5627e-06	2.00327e-06	
OG0007188	1.27036e-05	4.34602e-05	1.37362e-05	
OG0007189	1.21614e-06	2.10765e-06	1.07462e-06	
OG0007190	8.96879e-06	0.000271012	8.15345e-05	
OG0007191	2.28783e-06	2.82652e-05	1.23244e-05	
OG0007192	1.91313e-07	1.83172e-06	1.02895e-06	
OG0007193	1.35535e-06	2.34025e-06	8.17311e-07	
OG0007194	1.53147e-08	3.82425e-07	5.10472e-07	
OG0007195	8.96879e-06	0.000271012	8.15345e-05	
OG0007196	1.23886e-05	9.46105e-05	2.9541e-05	
OG0007197	5.36473e-08	1.5627e-06	2.00327e-06	
OG0007198	5.36473e-08	1.5627e-06	2.00327e-06	
OG0007199	1.78062e-07	5.07452e-06	5.09072e-06	
OG0007200	0.000289357	0.000318104	4.20724e-05	
OG0007201	2.05709e-12	1.13107e-09	1.42791e-08	
OG0007202	1.50936e-05	1.42706e-05	5.07002e-06	
OG0007203	0.000224249	0.000165024	2.7612e-05	
OG0007204	9.11926e-07	4.9368e-06	3.37549e-06	
OG0007206	0.00297011	0.00119106	9.19395e-05	
OG0007207	0.000288438	0.000319868	4.59685e-05	
OG0007208	5.36473e-08	1.5627e-06	2.00327e-06	
OG0007209	0.000273759	0.000223668	1.87835e-05	
OG0007210	0.000209252	0.000121344	1.84798e-05	
OG0007211	3.58793e-10	1.39069e-08	5.40443e-08	
OG0007212	2.86882e-06	2.55047e-05	1.16221e-05	
OG0007213	8.26286e-07	6.7953e-06	2.61578e-06	
OG0007214	1.32106e-05	5.9651e-06	6.19403e-07	
OG0007215	3.56368e-07	1.40501e-06	6.67464e-07	
OG0007216	4.4419e-05	0.000171744	3.55346e-05	
OG0007217	8.60573e-07	3.49985e-06	1.71127e-06	
OG0007218	3.08153e-12	4.39629e-08	4.84138e-07	
OG0007219	3.43793e-05	5.94067e-05	1.03171e-05	
OG0007220	1.27461e-05	0.000130074	4.30943e-05	
OG0007221	2.31629e-09	1.27396e-06	4.77848e-06	
OG0007222	5.36473e-08	1.5627e-06	2.00327e-06	
OG0007223	8.09255e-09	3.0113e-07	4.1655e-07	
OG0007224	2.06814e-05	3.57908e-05	1.0945e-05	
OG0007225	2.31106e-05	8.71274e-05	2.42893e-05	
OG0007226	4.53472e-12	1.29456e-09	9.91025e-09	
OG0007227	1.23369e-06	1.16715e-05	7.00566e-06	
OG0007228	1.5808e-05	1.86597e-05	7.03136e-06	
OG0007229	5.36473e-08	1.5627e-06	2.00327e-06	
OG0007230	0.000120102	0.000260512	4.52619e-05	
OG0007231	5.36473e-08	1.5627e-06	2.00327e-06	
OG0007232	1.23886e-05	9.46105e-05	2.9541e-05	
OG0007233	0.000198898	8.57593e-05	7.7841e-06	
OG0007234	1.62528e-05	2.3339e-05	8.93904e-06	
OG0007235	2.51456e-06	7.81424e-06	3.1412e-06	
OG0007236	0.00297958	0.00118449	8.4147e-05	
OG0007237	1.23886e-05	9.46105e-05	2.9541e-05	
OG0007238	1.23369e-06	1.16715e-05	7.00566e-06	
OG0007239	3.14998e-10	6.08202e-10	1.00387e-09	
OG0007240	0.00297958	0.00118449	8.4147e-05	
OG0007241	2.10528e-12	2.25949e-09	6.43323e-08	
OG0007242	1.23886e-05	9.46105e-05	2.9541e-05	
OG0007243	1.10038e-05	6.84596e-05	1.60828e-05	
OG0007244	3.65917e-05	8.79997e-05	2.124e-05	
OG0007245	9.02842e-08	5.87846e-07	4.8449e-07	
OG0007246	2.69255e-08	5.47306e-06	4.34426e-06	
OG0007247	0.00297958	0.00118449	8.4147e-05	
OG0007248	1.23369e-06	1.16715e-05	7.00566e-06	
OG0007249	2.89033e-06	3.14215e-05	1.73969e-05	
OG0007250	2.24168e-05	5.8164e-05	1.73073e-05	
OG0007251	3.65917e-05	8.79997e-05	2.124e-05	
OG0007252	4.4419e-05	0.000171744	3.55346e-05	
OG0007253	4.4419e-05	0.000171744	3.55346e-05	
OG0007254	1.27036e-05	4.34602e-05	1.37362e-05	
OG0007255	1.23886e-05	9.46105e-05	2.9541e-05	
OG0007256	4.4419e-05	0.000171744	3.55346e-05	
OG0007257	9.51897e-06	2.83452e-05	8.20997e-06	
OG0007258	1.23886e-05	9.46105e-05	2.9541e-05	
OG0007259	0.00297958	0.00118449	8.4147e-05	
OG0007260	1.62528e-05	2.3339e-05	8.93904e-06	
OG0007261	1.69706e-06	1.59439e-05	8.07971e-06	
OG0007262	0.000202273	9.89577e-05	1.21624e-05	
OG0007263	0.000198883	8.63363e-05	8.03706e-06	
OG0007264	2.31106e-05	8.71274e-05	2.42893e-05	
OG0007265	3.46081e-08	3.77324e-07	3.33723e-07	
OG0007266	2.24168e-05	5.8164e-05	1.73073e-05	
OG0007267	1.27461e-05	0.000130074	4.30943e-05	
OG0007268	0.00019797	8.51854e-05	8.1109e-06	
OG0007269	1.62528e-05	2.3339e-05	8.93904e-06	
OG0007270	1.22261e-12	9.57677e-10	2.93598e-08	
OG0007271	2.31106e-05	8.71274e-05	2.42893e-05	
OG0007272	1.23886e-05	9.46105e-05	2.9541e-05	
OG0007273	1.50522e-05	1.29822e-05	3.54235e-06	
OG0007274	0.000243618	0.000187737	2.25372e-05	
OG0007275	9.30426e-20	4.19925e-14	4.69126e-11	
OG0007276	0.000273759	0.000223668	1.87835e-05	
OG0007277	7.56632e-06	1.74516e-05	5.66521e-06	
OG0007278	0.000120102	0.000260512	4.52619e-05	
OG0007279	5.57194e-09	6.72973e-08	7.70529e-08	
OG0007280	0.000273759	0.000223668	1.87835e-05	
OG0007281	1.62528e-05	2.3339e-05	8.93904e-06	
OG0007282	0.000243618	0.000187737	2.25372e-05	
OG0007283	6.84032e-07	3.01544e-05	1.85427e-05	
OG0007284	1.23886e-05	9.46105e-05	2.9541e-05	
OG0007285	1.23886e-05	9.46105e-05	2.9541e-05	
OG0007286	5.84247e-09	4.19675e-07	1.07681e-06	
OG0007287	3.65917e-05	8.79997e-05	2.124e-05	
OG0007288	1.1024e-09	1.43838e-06	2.53925e-06	
OG0007289	1.23886e-05	9.46105e-05	2.9541e-05	
OG0007290	1.82615e-05	2.48604e-05	6.87131e-06	
OG0007291	0.000243618	0.000187737	2.25372e-05	
OG0007292	5.67506e-07	2.44011e-06	1.24431e-06	
OG0007293	2.24168e-05	5.8164e-05	1.73073e-05	
OG0007294	0.000294469	0.000347936	4.86904e-05	
OG0007295	0.000289357	0.000318104	4.20724e-05	
OG0007296	0.000226548	0.000180642	3.69693e-05	
OG0007297	1.05616e-07	4.27251e-07	4.64379e-07	
OG0007298	2.06814e-05	3.57908e-05	1.0945e-05	
OG0007299	0.000120102	0.000260512	4.52619e-05	
OG0007300	0.000288438	0.000319868	4.59685e-05	
OG0007301	1.49293e-05	1.23962e-05	2.78564e-06	
OG0007302	8.96879e-06	0.000271012	8.15345e-05	
OG0007303	2.94606e-08	2.6404e-07	3.86804e-07	
OG0007304	4.4419e-05	0.000171744	3.55346e-05	
OG0007305	1.5808e-05	1.86597e-05	7.03136e-06	
OG0007306	2.33278e-12	2.47931e-10	1.05345e-09	
OG0007307	6.19858e-14	1.40376e-10	3.58336e-09	
OG0007308	5.69274e-07	4.68577e-06	5.54663e-06	
OG0007309	8.96879e-06	0.000271012	8.15345e-05	
OG0007310	0.00281896	0.000832852	3.75681e-05	
OG0007311	1.43056e-05	1.05235e-05	2.24131e-06	
OG0007312	1.76635e-14	7.93579e-11	3.27346e-09	
OG0007313	0.00297958	0.00118449	8.4147e-05	
OG0007314	0.00297958	0.00118449	8.4147e-05	
OG0007315	1.48174e-09	1.52726e-07	4.08692e-07	
OG0007316	2.94606e-08	2.6404e-07	3.86804e-07	
OG0007317	0.000273759	0.000223668	1.87835e-05	
OG0007318	3.65917e-05	8.79997e-05	2.124e-05	
OG0007319	5.36473e-08	1.5627e-06	2.00327e-06	
OG0007320	1.68891e-07	5.89108e-07	3.62572e-07	
OG0007321	9.89628e-07	7.17361e-06	5.23085e-06	
OG0007322	1.25567e-05	6.45706e-05	1.29223e-05	
OG0007323	2.31106e-05	8.71274e-05	2.42893e-05	
OG0007324	1.3893e-16	4.55564e-13	2.15709e-11	
OG0007325	1.53939e-05	4.64284e-05	1.2878e-05	
OG0007326	0.000135025	0.000272256	3.63635e-05	
OG0007327	0.00019797	8.51854e-05	8.1109e-06	
OG0007328	2.21817e-05	4.97902e-05	1.77556e-05	
OG0007329	1.51737e-05	1.40006e-05	3.98432e-06	
OG0007330	8.98663e-09	2.00878e-07	1.76973e-07	
OG0007331	4.4419e-05	0.000171744	3.55346e-05	
OG0007332	0.000273759	0.000223668	1.87835e-05	
OG0007333	2.24236e-10	5.55328e-08	2.86816e-07	
OG0007334	0.000209252	0.000121344	1.84798e-05	
OG0007335	4.02128e-10	6.36925e-08	4.38054e-07	
OG0007336	0.000507468	0.000736736	8.22872e-05	
OG0007337	0.000198883	8.63363e-05	8.03706e-06	
OG0007338	0.000212163	0.000238799	2.44744e-05	
OG0007339	2.4133e-06	5.80042e-06	1.75083e-06	
OG0007340	0.000278225	0.000251724	2.63182e-05	
OG0007341	0.000209252	0.000121344	1.84798e-05	
OG0007342	1.59099e-05	1.84754e-05	7.95513e-06	
OG0007343	0.000214335	0.000127036	1.66174e-05	
OG0007344	5.27284e-10	1.19813e-08	2.49352e-08	
OG0007345	0.000198883	8.63363e-05	8.03706e-06	
OG0007346	1.13188e-07	1.14508e-06	7.15015e-07	
OG0007347	5.36473e-08	1.5627e-06	2.00327e-06	
OG0007348	0.000309064	0.000431041	6.59534e-05	
OG0007349	0.00281896	0.000832852	3.75681e-05	
OG0007350	9.16428e-09	9.70285e-08	2.8526e-07	
OG0007351	2.31106e-05	8.71274e-05	2.42893e-05	
OG0007352	2.06814e-05	3.57908e-05	1.0945e-05	
OG0007353	1.02397e-06	1.31881e-06	7.92908e-07	
OG0007354	2.97624e-05	0.000117001	3.31217e-05	
OG0007355	5.86226e-10	2.10517e-08	7.0989e-08	
OG0007356	2.06814e-05	3.57908e-05	1.0945e-05	
OG0007357	1.59948e-05	1.3819e-05	2.4386e-06	
OG0007358	1.00662e-06	1.16851e-06	5.61864e-07	
OG0007359	2.00894e-07	9.998e-07	3.93447e-07	
OG0007360	1.52556e-05	1.35187e-05	3.10253e-06	
OG0007361	0.000202163	9.29545e-05	8.75561e-06	
OG0007362	0.00297958	0.00118449	8.4147e-05	
OG0007363	2.78334e-07	8.5277e-06	8.28483e-06	
OG0007364	0.000209252	0.000121344	1.84798e-05	
OG0007365	1.24093e-08	6.89089e-07	1.61485e-06	
OG0007366	6.19858e-14	1.40376e-10	3.58336e-09	
OG0007367	8.50894e-06	3.39743e-05	1.40538e-05	
OG0007368	0.000202163	9.29545e-05	8.75561e-06	
OG0007369	2.24168e-05	5.8164e-05	1.73073e-05	
OG0007370	2.69255e-08	5.47306e-06	4.34426e-06	
OG0007371	1.23886e-05	9.46105e-05	2.9541e-05	
OG0007372	8.32122e-07	4.62943e-06	1.14204e-06	
OG0007373	8.32122e-07	4.62943e-06	1.14204e-06	
OG0007374	7.02718e-08	1.15884e-06	1.77387e-06	
OG0007375	8.98663e-09	2.00878e-07	1.76973e-07	
OG0007376	0.000273759	0.000223668	1.87835e-05	
OG0007377	3.65917e-05	8.79997e-05	2.124e-05	
OG0007378	0.000507468	0.000736736	8.22872e-05	
OG0007379	2.38655e-06	5.49269e-06	1.53863e-06	
OG0007380	0.000202163	9.29545e-05	8.75561e-06	
OG0007381	2.31106e-05	8.71274e-05	2.42893e-05	
OG0007382	1.23886e-05	9.46105e-05	2.9541e-05	
OG0007383	3.36393e-20	9.60133e-15	1.66637e-11	
OG0007384	8.96879e-06	0.000271012	8.15345e-05	
OG0007385	0.000212962	0.000133271	2.1703e-05	
OG0007386	0.00019797	8.51854e-05	8.1109e-06	
OG0007387	1.50522e-05	1.29822e-05	3.54235e-06	
OG0007388	3.38266e-05	5.27207e-05	7.28375e-06	
OG0007389	2.01019e-17	1.70182e-12	5.8778e-10	
OG0007390	1.93832e-17	7.40263e-13	2.0522e-10	
OG0007391	9.89628e-07	7.17361e-06	5.23085e-06	
OG0007392	8.96879e-06	0.000271012	8.15345e-05	
OG0007393	2.89033e-06	3.14215e-05	1.73969e-05	
OG0007394	1.49565e-05	1.18499e-05	2.44158e-06	
OG0007395	0.00019797	8.51854e-05	8.1109e-06	
OG0007396	0.000224249	0.000165024	2.7612e-05	
OG0007397	0.00297958	0.00118449	8.4147e-05	
OG0007398	2.24168e-05	5.8164e-05	1.73073e-05	
OG0007399	2.78137e-07	2.08071e-06	6.65878e-07	
OG0007400	8.96879e-06	0.000271012	8.15345e-05	
OG0007401	1.23886e-05	9.46105e-05	2.9541e-05	
OG0007402	0.00281896	0.000832852	3.75681e-05	
OG0007403	2.97624e-05	0.000117001	3.31217e-05	
OG0007404	5.36473e-08	1.5627e-06	2.00327e-06	
OG0007405	1.22842e-06	6.19222e-06	3.75625e-06	
OG0007406	0.000223956	0.000173036	3.13416e-05	
OG0007407	1.23369e-06	1.16715e-05	7.00566e-06	
OG0007408	1.23886e-05	9.46105e-05	2.9541e-05	
OG0007409	0.000209252	0.000121344	1.84798e-05	
OG0007410	0.000198883	8.63363e-05	8.03706e-06	
OG0007411	5.73756e-08	2.50589e-07	1.49645e-07	
OG0007412	1.23369e-06	1.16715e-05	7.00566e-06	
OG0007413	7.13814e-08	1.21258e-07	1.12778e-07	
OG0007414	5.36473e-08	1.5627e-06	2.00327e-06	
OG0007415	0.000212962	0.000133271	2.1703e-05	
OG0007416	0.000288438	0.000319868	4.59685e-05	
OG0007417	9.04269e-08	2.79199e-07	3.81041e-07	
OG0007418	2.31106e-05	8.71274e-05	2.42893e-05	
OG0007419	7.0858e-09	2.87588e-07	6.457e-07	
OG0007420	1.51553e-08	1.52361e-07	3.30261e-07	
OG0007421	2.12886e-06	1.38385e-05	8.72638e-06	
OG0007422	9.11926e-07	4.9368e-06	3.37549e-06	
OG0007423	0.00281896	0.000832852	3.75681e-05	
OG0007424	1.70421e-11	8.41345e-09	1.20332e-07	
OG0007425	0.000223956	0.000173036	3.13416e-05	
OG0007426	5.36473e-08	1.5627e-06	2.00327e-06	
OG0007427	1.32859e-06	9.03705e-06	6.93397e-06	
OG0007428	0.000243618	0.000187737	2.25372e-05	
OG0007429	0.00019797	8.51854e-05	8.1109e-06	
OG0007430	0.00281896	0.000832852	3.75681e-05	
OG0007431	7.29693e-14	2.10845e-11	1.91405e-10	
OG0007432	3.89668e-10	3.01428e-08	9.53431e-08	
OG0007433	3.85472e-09	1.79814e-07	5.09075e-07	
OG0007434	1.66087e-07	5.48749e-07	2.7069e-07	
OG0007435	0.000214534	0.000146692	2.53914e-05	
OG0007436	2.24168e-05	5.8164e-05	1.73073e-05	
OG0007437	5.01615e-07	1.25155e-06	5.00926e-07	
OG0007438	0.00297958	0.00118449	8.4147e-05	
OG0007439	0.000214534	0.000146692	2.53914e-05	
OG0007440	0.000212962	0.000133271	2.1703e-05	
OG0007441	1.29626e-06	2.75132e-06	1.60796e-06	
OG0007442	1.22842e-06	6.19222e-06	3.75625e-06	
OG0007443	6.19929e-08	6.55757e-07	4.11213e-07	
OG0007444	0.000273759	0.000223668	1.87835e-05	
OG0007445	1.23369e-06	1.16715e-05	7.00566e-06	
OG0007446	1.49293e-05	1.23962e-05	2.78564e-06	
OG0007447	6.19858e-14	1.40376e-10	3.58336e-09	
OG0007448	0.000224249	0.000165024	2.7612e-05	
OG0007449	5.36473e-08	1.5627e-06	2.00327e-06	
OG0007450	1.02641e-05	4.14414e-05	1.56661e-05	
OG0007451	4.03695e-07	7.62008e-05	4.90599e-05	
OG0007452	6.43696e-08	4.72669e-07	5.21515e-07	
OG0007453	0.00019797	8.51854e-05	8.1109e-06	
OG0007454	0.000212962	0.000133271	2.1703e-05	
OG0007455	3.65917e-05	8.79997e-05	2.124e-05	
OG0007456	1.07422e-13	6.43011e-11	1.34246e-09	
OG0007457	5.36473e-08	1.5627e-06	2.00327e-06	
OG0007458	0.000214534	0.000146692	2.53914e-05	
OG0007459	3.65917e-05	8.79997e-05	2.124e-05	
OG0007460	1.92991e-05	2.28446e-05	3.72222e-06	
OG0007461	1.39691e-05	8.87301e-06	1.79054e-06	
OG0007462	1.70421e-11	8.41345e-09	1.20332e-07	
OG0007463	7.82292e-14	2.87281e-11	2.89979e-10	
OG0007464	4.4419e-05	0.000171744	3.55346e-05	
OG0007465	1.41991e-05	9.87452e-06	2.32579e-06	
OG0007466	0.00281896	0.000832852	3.75681e-05	
OG0007467	0.00019797	8.51854e-05	8.1109e-06	
OG0007468	8.44105e-07	5.22559e-06	1.61995e-06	
OG0007469	0.000202273	9.89577e-05	1.21624e-05	
OG0007470	2.38655e-06	5.49269e-06	1.53863e-06	
OG0007471	6.76985e-10	2.79977e-08	5.8344e-08	
OG0007472	2.2974e-08	8.43453e-08	3.81996e-08	
OG0007473	1.37096e-05	7.52596e-06	1.07906e-06	
OG0007474	2.78334e-07	8.5277e-06	8.28483e-06	
OG0007475	9.2559e-06	2.76326e-05	7.50711e-06	
OG0007476	1.62528e-05	2.3339e-05	8.93904e-06	
OG0007477	1.00662e-06	1.16851e-06	5.61864e-07	
OG0007478	8.98663e-09	2.00878e-07	1.76973e-07	
OG0007479	1.02397e-06	1.31881e-06	7.92908e-07	
OG0007480	4.4419e-05	0.000171744	3.55346e-05	
OG0007481	5.36473e-08	1.5627e-06	2.00327e-06	
OG0007482	2.24236e-10	5.55328e-08	2.86816e-07	
OG0007483	0.00297958	0.00118449	8.4147e-05	
OG0007484	1.567e-17	1.50131e-13	3.90376e-11	
OG0007485	1.17423e-21	2.01036e-17	1.87281e-14	
OG0007599	4.02667e-16	3.19547e-12	7.43765e-10	
OG0007600	0.000288438	0.000319868	4.59685e-05	
OG0007601	1.31821e-08	1.11912e-07	2.16247e-07	
OG0007602	8.40655e-07	7.70146e-06	3.72847e-06	
OG0007603	0.000162435	0.000850309	0.000129895	
OG0007604	0.000288438	0.000319868	4.59685e-05	
OG0007605	0.000288438	0.000319868	4.59685e-05	
OG0007606	5.98196e-07	1.94652e-05	7.2199e-06	
OG0007607	2.17919e-09	8.99697e-07	2.56186e-06	
OG0007608	0.000288438	0.000319868	4.59685e-05	
OG0007609	2.93719e-13	1.22891e-09	3.90549e-08	
OG0007610	1.23886e-05	9.46105e-05	2.9541e-05	
OG0007611	1.92991e-05	2.28446e-05	3.72222e-06	
OG0007612	4.4419e-05	0.000171744	3.55346e-05	
OG0007613	2.97624e-05	0.000117001	3.31217e-05	
OG0007614	0.00281896	0.000832852	3.75681e-05	
OG0007615	0.000294469	0.000347936	4.86904e-05	
OG0007616	6.8178e-07	4.1267e-05	3.57713e-05	
OG0007617	0.00410716	0.00312747	0.000213165	
OG0007618	0.000288438	0.000319868	4.59685e-05	
OG0007619	1.23886e-05	9.46105e-05	2.9541e-05	
OG0007620	2.76738e-06	1.2832e-05	8.40313e-06	
OG0007621	1.1125e-06	3.52633e-06	1.89062e-06	
OG0007622	0.000507468	0.000736736	8.22872e-05	
OG0007623	0.000507468	0.000736736	8.22872e-05	
OG0007624	0.000288438	0.000319868	4.59685e-05	
OG0007625	0.000288438	0.000319868	4.59685e-05	
OG0007626	0.000507468	0.000736736	8.22872e-05	
OG0007627	8.26286e-07	6.7953e-06	2.61578e-06	
OG0007628	3.65917e-05	8.79997e-05	2.124e-05	
OG0007629	0.000288438	0.000319868	4.59685e-05	
OG0007630	1.49565e-05	1.18499e-05	2.44158e-06	
OG0007631	8.32122e-07	4.62943e-06	1.14204e-06	
OG0007632	0.000288438	0.000319868	4.59685e-05	
OG0007633	5.892e-08	8.77044e-07	9.67943e-07	
OG0007634	4.56231e-08	2.16581e-06	1.64191e-06	
OG0007635	0.000288438	0.000319868	4.59685e-05	
OG0007636	1.57237e-06	5.43619e-06	4.61362e-06	
OG0007637	0.000223956	0.000173036	3.13416e-05	
OG0007638	1.57237e-06	5.43619e-06	4.61362e-06	
OG0007639	4.30273e-09	3.75369e-08	6.82165e-08	
OG0007640	3.43793e-05	5.94067e-05	1.03171e-05	
OG0007641	1.14038e-11	3.91935e-09	3.54156e-08	
OG0007642	0.000507468	0.000736736	8.22872e-05	
OG0007643	0.000288438	0.000319868	4.59685e-05	
OG0007644	5.36473e-08	1.5627e-06	2.00327e-06	
OG0007645	0.000288438	0.000319868	4.59685e-05	
OG0007646	0.000288438	0.000319868	4.59685e-05	
OG0007647	0.00022841	0.000185399	3.34502e-05	
OG0007648	0.000288438	0.000319868	4.59685e-05	
OG0007649	0.00410716	0.00312747	0.000213165	
OG0007650	0.000162435	0.000850309	0.000129895	
OG0007651	0.00410716	0.00312747	0.000213165	
OG0007652	0.000162435	0.000850309	0.000129895	
OG0007653	0.000288438	0.000319868	4.59685e-05	
OG0007654	1.54142e-06	6.25783e-06	2.15068e-06	
OG0007655	0.000309064	0.000431041	6.59534e-05	
OG0007656	7.46404e-08	1.42743e-06	1.05478e-06	
OG0007657	1.06113e-06	1.3268e-06	7.03788e-07	
OG0007658	2.89033e-06	3.14215e-05	1.73969e-05	
OG0007659	6.74237e-08	7.02914e-08	3.45255e-08	
OG0007660	2.69255e-08	5.47306e-06	4.34426e-06	
OG0007661	0.00297011	0.00119106	9.19395e-05	
OG0007662	0.00297958	0.00118449	8.4147e-05	
OG0007663	0.000288438	0.000319868	4.59685e-05	
OG0007664	0.000212962	0.000133271	2.1703e-05	
OG0007665	2.31106e-05	8.71274e-05	2.42893e-05	
OG0007666	0.000162435	0.000850309	0.000129895	
OG0007667	0.000288438	0.000319868	4.59685e-05	
OG0007668	0.000162435	0.000850309	0.000129895	
OG0007669	2.08148e-05	3.41163e-05	8.30846e-06	
OG0007670	1.27036e-05	4.34602e-05	1.37362e-05	
OG0007671	0.000162435	0.000850309	0.000129895	
OG0007672	0.000223956	0.000173036	3.13416e-05	
OG0007673	1.27036e-05	4.34602e-05	1.37362e-05	
OG0007674	4.77557e-08	3.37458e-06	3.41345e-06	
OG0007675	0.000288438	0.000319868	4.59685e-05	
OG0007676	1.23886e-05	9.46105e-05	2.9541e-05	
OG0007677	0.000288438	0.000319868	4.59685e-05	
OG0007678	1.49373e-05	1.2428e-05	2.77502e-06	
OG0007679	0.00022841	0.000185399	3.34502e-05	
OG0007680	1.00662e-06	1.16851e-06	5.61864e-07	
OG0007681	0.000288438	0.000319868	4.59685e-05	
OG0007682	0.000294469	0.000347936	4.86904e-05	
OG0007683	0.000223956	0.000173036	3.13416e-05	
OG0007684	1.23369e-06	1.16715e-05	7.00566e-06	
OG0007685	9.37848e-08	1.77479e-06	2.95618e-06	
OG0007686	1.27036e-05	4.34602e-05	1.37362e-05	
OG0007687	1.27036e-05	4.34602e-05	1.37362e-05	
OG0007688	3.86974e-09	1.84094e-07	5.61227e-07	
OG0007689	0.000288438	0.000319868	4.59685e-05	
OG0007690	1.5208e-06	4.73357e-06	2.18328e-06	
OG0007691	0.000120102	0.000260512	4.52619e-05	
OG0007692	0.000162435	0.000850309	0.000129895	
OG0007693	0.0002012	9.588e-05	1.13965e-05	
OG0007694	0.000162435	0.000850309	0.000129895	
OG0007695	1.85642e-08	6.12491e-07	7.33512e-07	
OG0007696	4.71054e-15	2.12351e-11	1.48705e-09	
OG0007697	0.000507468	0.000736736	8.22872e-05	
OG0007698	0.00019797	8.51854e-05	8.1109e-06	
OG0007699	0.000288438	0.000319868	4.59685e-05	
OG0007700	5.01615e-07	1.25155e-06	5.00926e-07	
OG0007701	8.40655e-07	7.70146e-06	3.72847e-06	
OG0007702	7.13814e-08	1.21258e-07	1.12778e-07	
OG0007703	0.0031825	0.00160503	0.00013191	
OG0007704	1.69706e-06	1.59439e-05	8.07971e-06	
OG0007705	0.000288438	0.000319868	4.59685e-05	
OG0007706	0.000288438	0.000319868	4.59685e-05	
OG0007707	0.000288438	0.000319868	4.59685e-05	
OG0007708	8.26286e-07	6.7953e-06	2.61578e-06	
OG0007709	0.000507468	0.000736736	8.22872e-05	
OG0007710	0.00297958	0.00118449	8.4147e-05	
OG0007711	1.27036e-05	4.34602e-05	1.37362e-05	
OG0007712	0.00303222	0.00129558	9.73835e-05	
OG0007713	5.14606e-08	4.5309e-06	7.94153e-06	
OG0007714	6.28856e-08	7.40191e-07	5.83111e-07	
OG0007715	2.85637e-10	6.7874e-09	1.01796e-08	
OG0007716	0.00297011	0.00119106	9.19395e-05	
OG0007717	2.33813e-10	3.90725e-08	2.32615e-07	
OG0007718	8.96879e-06	0.000271012	8.15345e-05	
OG0007719	0.000162435	0.000850309	0.000129895	
OG0007720	1.66639e-11	2.69837e-07	6.0948e-06	
OG0007721	0.000288438	0.000319868	4.59685e-05	
OG0007722	5.36473e-08	1.5627e-06	2.00327e-06	
OG0007723	0.000288438	0.000319868	4.59685e-05	
OG0007724	0.00281896	0.000832852	3.75681e-05	
OG0007725	1.27036e-05	4.34602e-05	1.37362e-05	
OG0007726	0.000288438	0.000319868	4.59685e-05	
OG0007727	1.27036e-05	4.34602e-05	1.37362e-05	
OG0007728	0.000288438	0.000319868	4.59685e-05	
OG0007729	0.000288438	0.000319868	4.59685e-05	
OG0007730	0.000162435	0.000850309	0.000129895	
OG0007731	0.000507468	0.000736736	8.22872e-05	
OG0007732	0.000288438	0.000319868	4.59685e-05	
OG0007733	1.23886e-05	9.46105e-05	2.9541e-05	
OG0007734	0.000507468	0.000736736	8.22872e-05	
OG0007735	5.98196e-07	1.94652e-05	7.2199e-06	
OG0007736	0.000507468	0.000736736	8.22872e-05	
OG0007737	0.000288438	0.000319868	4.59685e-05	
OG0007738	0.000288438	0.000319868	4.59685e-05	
OG0007739	9.32008e-07	1.42158e-05	1.26519e-05	
OG0007740	0.000507468	0.000736736	8.22872e-05	
OG0007741	9.32008e-07	1.42158e-05	1.26519e-05	
OG0007742	1.23369e-06	1.16715e-05	7.00566e-06	
OG0007743	0.000288438	0.000319868	4.59685e-05	
OG0007744	0.000120102	0.000260512	4.52619e-05	
OG0007745	0.000288438	0.000319868	4.59685e-05	
OG0007746	0.00410716	0.00312747	0.000213165	
OG0007747	0.000294469	0.000347936	4.86904e-05	
OG0007748	0.000288438	0.000319868	4.59685e-05	
OG0007749	0.000507468	0.000736736	8.22872e-05	
OG0007750	2.24168e-05	5.8164e-05	1.73073e-05	
OG0007751	1.5208e-06	4.73357e-06	2.18328e-06	
OG0007752	0.00297958	0.00118449	8.4147e-05	
OG0007753	0.000212962	0.000133271	2.1703e-05	
OG0007754	0.00281896	0.000832852	3.75681e-05	
OG0007755	0.000309064	0.000431041	6.59534e-05	
OG0007756	0.000212962	0.000133271	2.1703e-05	
OG0007757	0.000288438	0.000319868	4.59685e-05	
OG0007758	0.0002012	9.588e-05	1.13965e-05	
OG0007759	0.000288438	0.000319868	4.59685e-05	
OG0007760	8.96879e-06	0.000271012	8.15345e-05	
OG0007761	0.00281896	0.000832852	3.75681e-05	
OG0007762	2.96254e-06	1.23346e-05	3.14587e-06	
OG0007763	1.93142e-05	2.31862e-05	4.01842e-06	
OG0007764	0.000209252	0.000121344	1.84798e-05	
OG0007765	5.36473e-08	1.5627e-06	2.00327e-06	
OG0007766	0.000205758	0.000105457	1.22815e-05	
OG0007767	1.27036e-05	4.34602e-05	1.37362e-05	
OG0007768	0.000162435	0.000850309	0.000129895	
OG0007769	0.00297011	0.00119106	9.19395e-05	
OG0007770	0.000288438	0.000319868	4.59685e-05	
OG0007771	1.33013e-06	2.02108e-06	5.59368e-07	
OG0007772	1.57237e-06	5.43619e-06	4.61362e-06	
OG0007773	0.000288438	0.000319868	4.59685e-05	
OG0007774	0.000288438	0.000319868	4.59685e-05	
OG0007775	0.000288438	0.000319868	4.59685e-05	
OG0007776	0.000223956	0.000173036	3.13416e-05	
OG0007777	0.000288438	0.000319868	4.59685e-05	
OG0007778	0.000288438	0.000319868	4.59685e-05	
OG0007779	1.27036e-05	4.34602e-05	1.37362e-05	
OG0007780	0.000162435	0.000850309	0.000129895	
OG0007781	0.000288438	0.000319868	4.59685e-05	
OG0007782	0.000288438	0.000319868	4.59685e-05	
OG0007783	0.000288438	0.000319868	4.59685e-05	
OG0007784	1.4956e-11	3.98859e-09	2.53962e-08	
OG0007785	2.97624e-05	0.000117001	3.31217e-05	
OG0007786	0.000288438	0.000319868	4.59685e-05	
OG0007787	1.67539e-20	7.8301e-13	3.68017e-09	
OG0007788	1.68521e-14	1.90237e-11	9.23323e-10	
OG0007789	0.000162435	0.000850309	0.000129895	
OG0007790	0.000288438	0.000319868	4.59685e-05	
OG0007791	0.000507468	0.000736736	8.22872e-05	
OG0007792	0.000288438	0.000319868	4.59685e-05	
OG0007793	1.7475e-05	5.93688e-05	1.61599e-05	
OG0007794	2.06814e-05	3.57908e-05	1.0945e-05	
OG0007795	0.000162435	0.000850309	0.000129895	
OG0007796	0.000288438	0.000319868	4.59685e-05	
OG0007797	0.000309064	0.000431041	6.59534e-05	
OG0007798	0.000288438	0.000319868	4.59685e-05	
OG0007799	0.000162435	0.000850309	0.000129895	
OG0007800	2.06814e-05	3.57908e-05	1.0945e-05	
OG0007801	9.32008e-07	1.42158e-05	1.26519e-05	
OG0007802	0.000288438	0.000319868	4.59685e-05	
OG0007803	0.000288438	0.000319868	4.59685e-05	
OG0007804	8.40655e-07	7.70146e-06	3.72847e-06	
OG0007805	2.42099e-08	1.14076e-07	7.22599e-08	
OG0007806	0.00281896	0.000832852	3.75681e-05	
OG0007807	0.00303222	0.00129558	9.73835e-05	
OG0007808	1.71748e-05	1.95494e-05	5.10613e-06	
OG0007809	0.000309064	0.000431041	6.59534e-05	
OG0007810	8.21627e-07	9.94656e-06	6.83114e-06	
OG0007811	1.92255e-05	2.28771e-05	4.05534e-06	
OG0007812	3.56368e-07	1.40501e-06	6.67464e-07	
OG0007813	0.000288438	0.000319868	4.59685e-05	
OG0007814	1.39691e-05	8.87301e-06	1.79054e-06	
OG0007815	1.23886e-05	9.46105e-05	2.9541e-05	
OG0007816	0.000288438	0.000319868	4.59685e-05	
OG0007817	1.3794e-06	2.57054e-06	9.68581e-07	
OG0007818	0.000162435	0.000850309	0.000129895	
OG0007819	0.000288438	0.000319868	4.59685e-05	
OG0007820	0.000162435	0.000850309	0.000129895	
OG0007821	0.000288438	0.000319868	4.59685e-05	
OG0007822	6.84032e-07	3.01544e-05	1.85427e-05	
OG0007823	1.36057e-06	2.37888e-06	8.43383e-07	
OG0007824	0.000120102	0.000260512	4.52619e-05	
OG0007825	0.000273759	0.000223668	1.87835e-05	
OG0007826	0.000288438	0.000319868	4.59685e-05	
OG0007828	0.000120102	0.000260512	4.52619e-05	
OG0007829	3.38469e-05	5.29153e-05	7.2862e-06	
OG0007830	1.43641e-21	2.7147e-17	6.78507e-15	
OG0007831	4.0777e-09	2.37166e-07	8.50704e-07	
OG0007832	1.27036e-05	4.34602e-05	1.37362e-05	
OG0007833	6.8178e-07	4.1267e-05	3.57713e-05	
OG0007834	2.31106e-05	8.71274e-05	2.42893e-05	
OG0007835	9.11926e-07	4.9368e-06	3.37549e-06	
OG0007836	0.0031825	0.00160503	0.00013191	
OG0007837	0.000294469	0.000347936	4.86904e-05	
OG0007838	0.000309064	0.000431041	6.59534e-05	
OG0007839	0.00297011	0.00119106	9.19395e-05	
OG0007840	0.00297958	0.00118449	8.4147e-05	
OG0007841	0.000198728	8.50643e-05	7.44465e-06	
OG0007842	0.000288438	0.000319868	4.59685e-05	
OG0007843	0.000162435	0.000850309	0.000129895	
OG0007844	0.000198883	8.63363e-05	8.03706e-06	
OG0007845	1.27036e-05	4.34602e-05	1.37362e-05	
OG0007846	0.000162435	0.000850309	0.000129895	
OG0007847	0.000294469	0.000347936	4.86904e-05	
OG0007848	1.5208e-06	4.73357e-06	2.18328e-06	
OG0007849	1.50522e-05	1.29822e-05	3.54235e-06	
OG0007850	0.000288438	0.000319868	4.59685e-05	
OG0007851	7.77913e-07	6.87362e-06	2.68864e-06	
OG0007852	2.11055e-12	1.06263e-10	1.17783e-09	
OG0007853	0.00019797	8.51854e-05	8.1109e-06	
OG0007854	0.000288438	0.000319868	4.59685e-05	
OG0007855	0.000288438	0.000319868	4.59685e-05	
OG0007856	2.20008e-05	4.85127e-05	1.84841e-05	
OG0007857	0.00297011	0.00119106	9.19395e-05	
OG0007858	0.000309064	0.000431041	6.59534e-05	
OG0007859	1.23369e-06	1.16715e-05	7.00566e-06	
OG0007860	1.27036e-05	4.34602e-05	1.37362e-05	
OG0007861	0.00297011	0.00119106	9.19395e-05	
OG0007862	2.97624e-05	0.000117001	3.31217e-05	
OG0007863	0.000288438	0.000319868	4.59685e-05	
OG0007864	0.000223956	0.000173036	3.13416e-05	
OG0007865	2.06138e-05	3.09592e-05	5.83994e-06	
OG0007866	0.000288438	0.000319868	4.59685e-05	
OG0007867	0.000162435	0.000850309	0.000129895	
OG0007868	0.000309064	0.000431041	6.59534e-05	
OG0007869	9.32008e-07	1.42158e-05	1.26519e-05	
OG0007870	0.00281896	0.000832852	3.75681e-05	
OG0007871	0.000162435	0.000850309	0.000129895	
OG0007872	1.0071e-07	2.72029e-06	2.67478e-06	
OG0007873	2.90999e-10	2.31724e-08	1.04968e-07	
OG0007874	0.000288438	0.000319868	4.59685e-05	
OG0007875	1.7475e-05	5.93688e-05	1.61599e-05	
OG0007876	1.27036e-05	4.34602e-05	1.37362e-05	
OG0007877	0.00281896	0.000832852	3.75681e-05	
OG0007878	0.000288438	0.000319868	4.59685e-05	
OG0007879	8.40655e-07	7.70146e-06	3.72847e-06	
OG0007880	1.92991e-05	2.28446e-05	3.72222e-06	
OG0007881	1.02667e-06	4.6865e-06	2.82213e-06	
OG0007882	0.000507468	0.000736736	8.22872e-05	
OG0007883	0.000507468	0.000736736	8.22872e-05	
OG0007884	0.000273759	0.000223668	1.87835e-05	
OG0007885	0.000288438	0.000319868	4.59685e-05	
OG0007886	4.08095e-09	8.81344e-08	2.83943e-07	
OG0007887	4.4419e-05	0.000171744	3.55346e-05	
OG0007888	0.000288438	0.000319868	4.59685e-05	
OG0007889	2.06814e-05	3.57908e-05	1.0945e-05	
OG0007890	0.000309064	0.000431041	6.59534e-05	
OG0007891	0.00281896	0.000832852	3.75681e-05	
OG0007892	1.27883e-06	1.6085e-06	3.33146e-07	
OG0007893	0.00303222	0.00129558	9.73835e-05	
OG0007894	1.38926e-06	2.82617e-06	1.13423e-06	
OG0007895	1.27036e-05	4.34602e-05	1.37362e-05	
OG0007896	9.32008e-07	1.42158e-05	1.26519e-05	
OG0007897	0.000162435	0.000850309	0.000129895	
OG0007898	0.000223956	0.000173036	3.13416e-05	
OG0007899	1.58718e-11	5.89359e-09	6.57848e-08	
OG0007900	1.56369e-06	5.17206e-06	3.89067e-06	
OG0007901	0.000507468	0.000736736	8.22872e-05	
OG0007902	1.32859e-06	9.03705e-06	6.93397e-06	
OG0007903	1.23886e-05	9.46105e-05	2.9541e-05	
OG0007904	0.000288438	0.000319868	4.59685e-05	
OG0007905	0.00297958	0.00118449	8.4147e-05	
OG0007906	0.000288438	0.000319868	4.59685e-05	
OG0007907	5.36473e-08	1.5627e-06	2.00327e-06	
OG0007908	4.14908e-11	1.45089e-09	3.32866e-09	
OG0007909	0.000288438	0.000319868	4.59685e-05	
OG0007910	0.000223956	0.000173036	3.13416e-05	
OG0007911	5.36473e-08	1.5627e-06	2.00327e-06	
OG0007912	1.27036e-05	4.34602e-05	1.37362e-05	
OG0007913	0.00281896	0.000832852	3.75681e-05	
OG0007914	0.00410716	0.00312747	0.000213165	
OG0007915	1.49565e-05	1.18499e-05	2.44158e-06	
OG0007916	0.0031825	0.00160503	0.00013191	
OG0007917	7.59859e-10	7.05101e-08	2.13189e-07	
OG0007918	1.03899e-12	2.05746e-10	8.65943e-10	
OG0007919	0.000162435	0.000850309	0.000129895	
OG0007920	1.27036e-05	4.34602e-05	1.37362e-05	
OG0007921	1.4956e-11	3.98859e-09	2.53962e-08	
OG0007922	0.000289357	0.000318104	4.20724e-05	
OG0007923	1.27036e-05	4.34602e-05	1.37362e-05	
OG0007924	0.000223956	0.000173036	3.13416e-05	
OG0007925	0.000288438	0.000319868	4.59685e-05	
OG0007926	0.000223956	0.000173036	3.13416e-05	
OG0007927	0.000288438	0.000319868	4.59685e-05	
OG0007928	8.95971e-07	5.07615e-07	1.0684e-07	
OG0007929	0.000162435	0.000850309	0.000129895	
OG0007930	1.27036e-05	4.34602e-05	1.37362e-05	
OG0007931	0.00297958	0.00118449	8.4147e-05	
OG0007932	0.000162435	0.000850309	0.000129895	
OG0007933	0.000288438	0.000319868	4.59685e-05	
OG0007934	1.69706e-06	1.59439e-05	8.07971e-06	
OG0007935	0.000162435	0.000850309	0.000129895	
OG0007936	0.000288438	0.000319868	4.59685e-05	
OG0007937	0.000309064	0.000431041	6.59534e-05	
OG0007938	0.000288438	0.000319868	4.59685e-05	
OG0007939	0.000288438	0.000319868	4.59685e-05	
OG0007940	1.23478e-05	0.000129477	5.69884e-05	
OG0007941	8.25212e-08	5.09338e-07	7.40258e-07	
OG0007942	0.000162435	0.000850309	0.000129895	
OG0007943	8.85462e-11	3.17302e-07	2.84826e-06	
OG0007944	8.96879e-06	0.000271012	8.15345e-05	
OG0007945	4.28155e-08	2.26998e-06	2.28003e-06	
OG0007946	0.000288438	0.000319868	4.59685e-05	
OG0007947	0.00019797	8.51854e-05	8.1109e-06	
OG0007948	8.26286e-07	6.7953e-06	2.61578e-06	
OG0007949	0.000309064	0.000431041	6.59534e-05	
OG0007950	0.00281896	0.000832852	3.75681e-05	
OG0007951	0.000223956	0.000173036	3.13416e-05	
OG0007952	0.000162435	0.000850309	0.000129895	
OG0007953	0.000294469	0.000347936	4.86904e-05	
OG0007954	1.10224e-05	6.92175e-05	1.63961e-05	
OG0007955	0.00297958	0.00118449	8.4147e-05	
OG0007956	0.000288438	0.000319868	4.59685e-05	
OG0007957	0.00297958	0.00118449	8.4147e-05	
OG0007958	0.00281896	0.000832852	3.75681e-05	
OG0007959	0.000288438	0.000319868	4.59685e-05	
OG0007960	0.000309064	0.000431041	6.59534e-05	
OG0007961	5.36473e-08	1.5627e-06	2.00327e-06	
OG0007962	9.89628e-07	7.17361e-06	5.23085e-06	
OG0007963	1.27036e-05	4.34602e-05	1.37362e-05	
OG0007964	0.000278702	0.000254585	2.69079e-05	
OG0007965	0.000507468	0.000736736	8.22872e-05	
OG0007966	0.00281896	0.000832852	3.75681e-05	
OG0007967	0.00297011	0.00119106	9.19395e-05	
OG0007968	0.000288438	0.000319868	4.59685e-05	
OG0007969	0.000288438	0.000319868	4.59685e-05	
OG0007970	0.000223956	0.000173036	3.13416e-05	
OG0007971	0.000288438	0.000319868	4.59685e-05	
OG0007972	0.00022841	0.000185399	3.34502e-05	
OG0007973	3.57815e-09	1.1224e-07	1.77383e-07	
OG0007974	1.27036e-05	4.34602e-05	1.37362e-05	
OG0007975	0.000209252	0.000121344	1.84798e-05	
OG0007976	0.000507468	0.000736736	8.22872e-05	
OG0007977	1.49565e-05	1.18499e-05	2.44158e-06	
OG0007978	0.000294469	0.000347936	4.86904e-05	
OG0007979	0.000198728	8.50643e-05	7.44465e-06	
OG0007980	0.00281896	0.000832852	3.75681e-05	
OG0007981	6.32034e-07	2.81952e-05	1.84258e-05	
OG0007982	0.000507468	0.000736736	8.22872e-05	
OG0007983	0.000288438	0.000319868	4.59685e-05	
OG0007984	8.01021e-06	1.87106e-05	4.00755e-06	
OG0007985	5.77366e-07	2.76535e-06	1.77321e-06	
OG0007986	0.00297958	0.00118449	8.4147e-05	
OG0007987	1.27036e-05	4.34602e-05	1.37362e-05	
OG0007988	0.000507468	0.000736736	8.22872e-05	
OG0007989	0.000288438	0.000319868	4.59685e-05	
OG0007990	0.000162435	0.000850309	0.000129895	
OG0007991	8.40655e-07	7.70146e-06	3.72847e-06	
OG0007992	8.50128e-07	9.34233e-06	3.81568e-06	
OG0007993	2.97624e-05	0.000117001	3.31217e-05	
OG0007994	2.97624e-05	0.000117001	3.31217e-05	
OG0007995	0.000223956	0.000173036	3.13416e-05	
OG0007996	1.05659e-06	1.31362e-06	6.33907e-07	
OG0007997	0.000288438	0.000319868	4.59685e-05	
OG0007998	1.27036e-05	4.34602e-05	1.37362e-05	
OG0007999	0.000162435	0.000850309	0.000129895	
OG0008000	0.000288438	0.000319868	4.59685e-05	
OG0008001	0.000288438	0.000319868	4.59685e-05	
OG0008002	2.24168e-05	5.8164e-05	1.73073e-05	
OG0008003	0.000288438	0.000319868	4.59685e-05	
OG0008004	0.000288438	0.000319868	4.59685e-05	
OG0008005	1.53684e-07	2.55816e-06	2.47169e-06	
OG0008006	1.27036e-05	4.34602e-05	1.37362e-05	
OG0008007	0.000288438	0.000319868	4.59685e-05	
OG0008008	0.000162435	0.000850309	0.000129895	
OG0008009	0.000162435	0.000850309	0.000129895	
OG0008010	0.000288438	0.000319868	4.59685e-05	
OG0008011	0.00297011	0.00119106	9.19395e-05	
OG0008012	8.2284e-08	8.38297e-07	6.20313e-07	
OG0008013	1.27036e-05	4.34602e-05	1.37362e-05	
OG0008014	2.97624e-05	0.000117001	3.31217e-05	
OG0008015	0.000288438	0.000319868	4.59685e-05	
OG0008016	2.24168e-05	5.8164e-05	1.73073e-05	
OG0008017	0.00297958	0.00118449	8.4147e-05	
OG0008018	0.00281896	0.000832852	3.75681e-05	
OG0008019	1.02667e-06	4.6865e-06	2.82213e-06	
OG0008020	1.44458e-07	1.1264e-06	1.10076e-06	
OG0008021	9.37848e-08	1.77479e-06	2.95618e-06	
OG0008022	0.000223956	0.000173036	3.13416e-05	
OG0008023	9.11926e-07	4.9368e-06	3.37549e-06	
OG0008024	0.000288438	0.000319868	4.59685e-05	
OG0008025	0.000288438	0.000319868	4.59685e-05	
OG0008026	0.000288438	0.000319868	4.59685e-05	
OG0008027	0.000223956	0.000173036	3.13416e-05	
OG0008028	0.000288438	0.000319868	4.59685e-05	
OG0008029	0.000288438	0.000319868	4.59685e-05	
OG0008030	1.7475e-05	5.93688e-05	1.61599e-05	
OG0008031	0.000278225	0.000251724	2.63182e-05	
OG0008032	0.000162435	0.000850309	0.000129895	
OG0008033	1.27036e-05	4.34602e-05	1.37362e-05	
OG0008034	0.000120102	0.000260512	4.52619e-05	
OG0008035	0.000294469	0.000347936	4.86904e-05	
OG0008036	1.62528e-05	2.3339e-05	8.93904e-06	
OG0008037	0.000288438	0.000319868	4.59685e-05	
OG0008038	0.000162435	0.000850309	0.000129895	
OG0008039	0.0002012	9.588e-05	1.13965e-05	
OG0008040	0.000288438	0.000319868	4.59685e-05	
OG0008041	0.000120102	0.000260512	4.52619e-05	
OG0008042	0.000288438	0.000319868	4.59685e-05	
OG0008043	0.000288438	0.000319868	4.59685e-05	
OG0008044	1.13968e-08	2.98859e-07	3.99768e-07	
OG0008045	1.51216e-05	1.31624e-05	3.51053e-06	
OG0008046	0.000288438	0.000319868	4.59685e-05	
OG0008047	0.00281896	0.000832852	3.75681e-05	
OG0008048	0.0422924	0.0116455	0.000426341	
OG0008049	1.27036e-05	4.34602e-05	1.37362e-05	
OG0008050	0.000309064	0.000431041	6.59534e-05	
OG0008051	2.96254e-06	1.23346e-05	3.14587e-06	
OG0008052	0.000288438	0.000319868	4.59685e-05	
OG0008053	1.37618e-05	8.12083e-06	1.44854e-06	
OG0008054	1.23369e-06	1.16715e-05	7.00566e-06	
OG0008055	1.27036e-05	4.34602e-05	1.37362e-05	
OG0008056	6.35314e-09	1.42886e-07	3.66227e-07	
OG0008057	0.000288438	0.000319868	4.59685e-05	
OG0008058	0.00297958	0.00118449	8.4147e-05	
OG0008059	0.000288438	0.000319868	4.59685e-05	
OG0008060	0.000294469	0.000347936	4.86904e-05	
OG0008061	0.000294469	0.000347936	4.86904e-05	
OG0008062	0.00410716	0.00312747	0.000213165	
OG0008063	0.00297958	0.00118449	8.4147e-05	
OG0008064	0.000309064	0.000431041	6.59534e-05	
OG0008065	0.00297011	0.00119106	9.19395e-05	
OG0008066	0.000162435	0.000850309	0.000129895	
OG0008067	0.000288438	0.000319868	4.59685e-05	
OG0008068	5.36473e-08	1.5627e-06	2.00327e-06	
OG0008069	0.000162435	0.000850309	0.000129895	
OG0008070	0.00297011	0.00119106	9.19395e-05	
OG0008071	1.7475e-05	5.93688e-05	1.61599e-05	
OG0008072	9.65725e-07	6.60862e-06	5.91253e-06	
OG0008073	8.46754e-07	3.10868e-06	1.21359e-06	
OG0008074	0.00410716	0.00312747	0.000213165	
OG0008075	2.97624e-05	0.000117001	3.31217e-05	
OG0008076	0.000507468	0.000736736	8.22872e-05	
OG0008077	0.00303222	0.00129558	9.73835e-05	
OG0008078	0.00281896	0.000832852	3.75681e-05	
OG0008079	1.7475e-05	5.93688e-05	1.61599e-05	
OG0008080	2.76738e-06	1.2832e-05	8.40313e-06	
OG0008081	1.27036e-05	4.34602e-05	1.37362e-05	
OG0008082	0.000212962	0.000133271	2.1703e-05	
OG0008083	0.000162435	0.000850309	0.000129895	
OG0008084	1.49491e-06	4.17727e-06	1.53228e-06	
OG0008085	0.000223956	0.000173036	3.13416e-05	
OG0008086	2.23894e-05	5.30396e-05	2.12647e-05	
OG0008087	0.000120102	0.000260512	4.52619e-05	
OG0008088	1.51216e-05	1.31624e-05	3.51053e-06	
OG0008089	0.000288438	0.000319868	4.59685e-05	
OG0008090	0.00281896	0.000832852	3.75681e-05	
OG0008091	8.08923e-06	3.62325e-05	1.82572e-05	
OG0008092	0.00281896	0.000832852	3.75681e-05	
OG0008093	0.000223956	0.000173036	3.13416e-05	
OG0008094	5.56234e-09	3.73804e-08	4.92204e-08	
OG0008095	9.37848e-08	1.77479e-06	2.95618e-06	
OG0008096	1.27036e-05	4.34602e-05	1.37362e-05	
OG0008097	5.892e-08	8.77044e-07	9.67943e-07	
OG0008098	0.000288438	0.000319868	4.59685e-05	
OG0008099	0.000288438	0.000319868	4.59685e-05	
OG0008100	0.000288438	0.000319868	4.59685e-05	
OG0008101	4.46828e-10	9.59768e-08	2.61466e-07	
OG0008102	0.000223956	0.000173036	3.13416e-05	
OG0008103	0.000288438	0.000319868	4.59685e-05	
OG0008104	1.7475e-05	5.93688e-05	1.61599e-05	
OG0008105	0.000162435	0.000850309	0.000129895	
OG0008106	0.000288438	0.000319868	4.59685e-05	
OG0008107	2.97624e-05	0.000117001	3.31217e-05	
OG0008108	0.000288438	0.000319868	4.59685e-05	
OG0008109	0.000223956	0.000173036	3.13416e-05	
OG0008110	0.000288438	0.000319868	4.59685e-05	
OG0008111	1.71748e-05	1.95494e-05	5.10613e-06	
OG0008112	5.36473e-08	1.5627e-06	2.00327e-06	
OG0008113	1.30272e-06	1.84378e-06	4.98513e-07	
OG0008114	2.24168e-05	5.8164e-05	1.73073e-05	
OG0008115	0.000288438	0.000319868	4.59685e-05	
OG0008116	1.27036e-05	4.34602e-05	1.37362e-05	
OG0008117	0.000162435	0.000850309	0.000129895	
OG0008118	0.000288438	0.000319868	4.59685e-05	
OG0008119	1.27036e-05	4.34602e-05	1.37362e-05	
OG0008120	1.50522e-05	1.29822e-05	3.54235e-06	
OG0008121	0.000309064	0.000431041	6.59534e-05	
OG0008122	1.7475e-05	5.93688e-05	1.61599e-05	
OG0008123	0.000288438	0.000319868	4.59685e-05	
OG0008124	0.000507468	0.000736736	8.22872e-05	
OG0008125	2.97624e-05	0.000117001	3.31217e-05	
OG0008126	0.000288438	0.000319868	4.59685e-05	
OG0008127	0.000214534	0.000146692	2.53914e-05	
OG0008128	0.000288438	0.000319868	4.59685e-05	
OG0008129	0.000202184	9.6395e-05	1.05972e-05	
OG0008130	5.73756e-08	2.50589e-07	1.49645e-07	
OG0008131	0.00281896	0.000832852	3.75681e-05	
OG0008132	1.10696e-06	2.27605e-06	1.06462e-06	
OG0008133	0.000289357	0.000318104	4.20724e-05	
OG0008134	0.000223956	0.000173036	3.13416e-05	
OG0008135	0.000507468	0.000736736	8.22872e-05	
OG0008136	0.000120102	0.000260512	4.52619e-05	
OG0008137	1.27036e-05	4.34602e-05	1.37362e-05	
OG0008138	0.00281896	0.000832852	3.75681e-05	
OG0008139	0.000288438	0.000319868	4.59685e-05	
OG0008140	2.24168e-05	5.8164e-05	1.73073e-05	
OG0008141	9.65725e-07	6.60862e-06	5.91253e-06	
OG0008142	0.000223956	0.000173036	3.13416e-05	
OG0008143	0.000223956	0.000173036	3.13416e-05	
OG0008144	0.00297958	0.00118449	8.4147e-05	
OG0008145	1.23886e-05	9.46105e-05	2.9541e-05	
OG0008146	0.000288438	0.000319868	4.59685e-05	
OG0008147	1.7548e-06	1.31186e-05	1.01e-05	
OG0008148	9.06878e-13	6.55083e-10	1.29328e-08	
OG0008149	1.1125e-06	3.52633e-06	1.89062e-06	
OG0008150	1.51971e-05	1.40852e-05	3.95477e-06	
OG0008151	2.03994e-05	3.31251e-05	9.53265e-06	
OG0008152	0.000162435	0.000850309	0.000129895	
OG0008153	1.27036e-05	4.34602e-05	1.37362e-05	
OG0008154	0.000288438	0.000319868	4.59685e-05	
OG0008155	1.23886e-05	9.46105e-05	2.9541e-05	
OG0008156	0.000288438	0.000319868	4.59685e-05	
OG0008157	1.27036e-05	4.34602e-05	1.37362e-05	
OG0008158	0.000212962	0.000133271	2.1703e-05	
OG0008159	0.0031825	0.00160503	0.00013191	
OG0008160	0.00297011	0.00119106	9.19395e-05	
OG0008161	0.000223956	0.000173036	3.13416e-05	
OG0008162	1.39564e-05	8.71417e-06	1.63467e-06	
OG0008163	0.00281896	0.000832852	3.75681e-05	
OG0008164	0.00410716	0.00312747	0.000213165	
OG0008165	0.00297958	0.00118449	8.4147e-05	
OG0008166	0.000507468	0.000736736	8.22872e-05	
OG0008167	1.27036e-05	4.34602e-05	1.37362e-05	
OG0008168	1.69706e-06	1.59439e-05	8.07971e-06	
OG0008169	0.000288438	0.000319868	4.59685e-05	
OG0008170	0.000288438	0.000319868	4.59685e-05	
OG0008171	1.7548e-06	1.31186e-05	1.01e-05	
OG0008172	6.8178e-07	4.1267e-05	3.57713e-05	
OG0008173	1.70421e-11	8.41345e-09	1.20332e-07	
OG0008174	0.00297958	0.00118449	8.4147e-05	
OG0008175	0.00281896	0.000832852	3.75681e-05	
OG0008176	0.00297011	0.00119106	9.19395e-05	
OG0008177	0.000288438	0.000319868	4.59685e-05	
OG0008178	0.00410716	0.00312747	0.000213165	
OG0008179	1.27036e-05	4.34602e-05	1.37362e-05	
OG0008180	1.31684e-05	5.98941e-06	6.6631e-07	
OG0008181	1.02641e-05	4.14414e-05	1.56661e-05	
OG0008182	0.000223956	0.000173036	3.13416e-05	
OG0008183	1.4956e-11	3.98859e-09	2.53962e-08	
OG0008184	0.00281896	0.000832852	3.75681e-05	
OG0008185	1.27036e-05	4.34602e-05	1.37362e-05	
OG0008186	0.0031825	0.00160503	0.00013191	
OG0008187	2.06814e-05	3.57908e-05	1.0945e-05	
OG0008188	2.97624e-05	0.000117001	3.31217e-05	
OG0008189	0.000288438	0.000319868	4.59685e-05	
OG0008190	0.000223956	0.000173036	3.13416e-05	
OG0008191	0.000309064	0.000431041	6.59534e-05	
OG0008192	0.000212962	0.000133271	2.1703e-05	
OG0008193	8.2284e-08	8.38297e-07	6.20313e-07	
OG0008194	1.08271e-05	6.08175e-05	1.14555e-05	
OG0008195	0.000294469	0.000347936	4.86904e-05	
OG0008196	0.000288438	0.000319868	4.59685e-05	
OG0008197	1.5208e-06	4.73357e-06	2.18328e-06	
OG0008198	0.000212962	0.000133271	2.1703e-05	
OG0008199	1.38454e-06	2.39884e-06	6.83288e-07	
OG0008200	0.000288438	0.000319868	4.59685e-05	
OG0008201	1.5208e-06	4.73357e-06	2.18328e-06	
OG0008202	0.000288438	0.000319868	4.59685e-05	
OG0008203	0.000212962	0.000133271	2.1703e-05	
OG0008204	0.000212962	0.000133271	2.1703e-05	
OG0008205	1.27036e-05	4.34602e-05	1.37362e-05	
OG0008206	0.00281896	0.000832852	3.75681e-05	
OG0008207	1.27036e-05	4.34602e-05	1.37362e-05	
OG0008208	0.000209252	0.000121344	1.84798e-05	
OG0008209	0.000223956	0.000173036	3.13416e-05	
OG0008210	1.53709e-05	1.41663e-05	3.80771e-06	
OG0008211	0.000212962	0.000133271	2.1703e-05	
OG0008212	8.32122e-07	4.62943e-06	1.14204e-06	
OG0008213	0.00297011	0.00119106	9.19395e-05	
OG0008214	9.89628e-07	7.17361e-06	5.23085e-06	
OG0008215	0.000507468	0.000736736	8.22872e-05	
OG0008216	0.000214335	0.000127036	1.66174e-05	
OG0008217	5.36473e-08	1.5627e-06	2.00327e-06	
OG0008218	5.73756e-08	2.50589e-07	1.49645e-07	
OG0008219	0.00297958	0.00118449	8.4147e-05	
OG0008220	1.27036e-05	4.34602e-05	1.37362e-05	
OG0008221	2.70947e-08	2.1401e-07	2.88807e-07	
OG0008222	0.00297011	0.00119106	9.19395e-05	
OG0008223	1.92991e-05	2.28446e-05	3.72222e-06	
OG0008224	0.000198728	8.50643e-05	7.44465e-06	
OG0008225	1.27036e-05	4.34602e-05	1.37362e-05	
OG0008226	0.000212962	0.000133271	2.1703e-05	
OG0008227	0.000202163	9.29545e-05	8.75561e-06	
OG0008228	0.000288438	0.000319868	4.59685e-05	
OG0008229	0.00297958	0.00118449	8.4147e-05	
OG0008230	1.70421e-11	8.41345e-09	1.20332e-07	
OG0008231	5.07425e-06	1.37246e-05	3.05777e-06	
OG0008232	2.97624e-05	0.000117001	3.31217e-05	
OG0008233	2.24168e-05	5.8164e-05	1.73073e-05	
OG0008234	0.000223956	0.000173036	3.13416e-05	
OG0008235	0.00019797	8.51854e-05	8.1109e-06	
OG0008236	1.27036e-05	4.34602e-05	1.37362e-05	
OG0008237	0.00297958	0.00118449	8.4147e-05	
OG0008238	1.0834e-05	6.10727e-05	1.15022e-05	
OG0008239	0.00281896	0.000832852	3.75681e-05	
OG0008240	1.7475e-05	5.93688e-05	1.61599e-05	
OG0008241	2.44047e-06	6.31931e-06	1.87941e-06	
OG0008242	0.00281896	0.000832852	3.75681e-05	
OG0008243	0.000288438	0.000319868	4.59685e-05	
OG0008244	0.000212962	0.000133271	2.1703e-05	
OG0008245	0.0031825	0.00160503	0.00013191	
OG0008246	8.47298e-07	3.12149e-06	1.21632e-06	
OG0008247	0.000212962	0.000133271	2.1703e-05	
OG0008248	0.00281896	0.000832852	3.75681e-05	
OG0008249	1.18763e-08	3.64472e-07	4.50749e-07	
OG0008250	1.4956e-11	3.98859e-09	2.53962e-08	
OG0008251	0.00297958	0.00118449	8.4147e-05	
OG0008252	0.00281896	0.000832852	3.75681e-05	
OG0008253	0.000288438	0.000319868	4.59685e-05	
OG0008254	1.23886e-05	9.46105e-05	2.9541e-05	
OG0008255	0.00410716	0.00312747	0.000213165	
OG0008256	0.000507468	0.000736736	8.22872e-05	
OG0008257	0.000288438	0.000319868	4.59685e-05	
OG0008258	0.000212962	0.000133271	2.1703e-05	
OG0008259	1.27036e-05	4.34602e-05	1.37362e-05	
OG0008260	0.000212962	0.000133271	2.1703e-05	
OG0008261	0.00286495	0.000937321	5.26379e-05	
OG0008262	9.79766e-08	2.7562e-07	2.15661e-07	
OG0008263	3.43232e-09	3.2544e-07	7.03312e-07	
OG0008264	0.00297011	0.00119106	9.19395e-05	
OG0008265	0.000294469	0.000347936	4.86904e-05	
OG0008266	0.000288438	0.000319868	4.59685e-05	
OG0008267	0.000212962	0.000133271	2.1703e-05	
OG0008268	0.000223956	0.000173036	3.13416e-05	
OG0008269	0.00281896	0.000832852	3.75681e-05	
OG0008270	1.57237e-06	5.43619e-06	4.61362e-06	
OG0008271	0.00281896	0.000832852	3.75681e-05	
OG0008272	1.27036e-05	4.34602e-05	1.37362e-05	
OG0008273	0.000223956	0.000173036	3.13416e-05	
OG0008274	1.27036e-05	4.34602e-05	1.37362e-05	
OG0008275	0.000212962	0.000133271	2.1703e-05	
OG0008276	0.000223956	0.000173036	3.13416e-05	
OG0008277	4.0777e-09	2.37166e-07	8.50704e-07	
OG0008278	0.00297011	0.00119106	9.19395e-05	
OG0008279	0.000507468	0.000736736	8.22872e-05	
OG0008280	1.35188e-08	7.62862e-07	2.09205e-06	
OG0008281	0.000226548	0.000180642	3.69693e-05	
OG0008282	0.000507468	0.000736736	8.22872e-05	
OG0008283	4.4419e-05	0.000171744	3.55346e-05	
OG0008284	0.00410716	0.00312747	0.000213165	
OG0008285	0.000223956	0.000173036	3.13416e-05	
OG0008286	0.00021559	0.000129308	1.65003e-05	
OG0008287	0.00281896	0.000832852	3.75681e-05	
OG0008288	0.000223956	0.000173036	3.13416e-05	
OG0008289	2.97624e-05	0.000117001	3.31217e-05	
OG0008290	0.00303222	0.00129558	9.73835e-05	
OG0008291	0.000198728	8.50643e-05	7.44465e-06	
OG0008292	0.00022841	0.000185399	3.34502e-05	
OG0008293	1.44343e-05	1.09164e-05	2.9628e-06	
OG0008294	1.27036e-05	4.34602e-05	1.37362e-05	
OG0008295	1.27036e-05	4.34602e-05	1.37362e-05	
OG0008296	0.00022841	0.000185399	3.34502e-05	
OG0008297	1.27036e-05	4.34602e-05	1.37362e-05	
OG0008298	0.00297011	0.00119106	9.19395e-05	
OG0008299	1.4057e-05	9.0663e-06	1.75573e-06	
OG0008300	0.000507468	0.000736736	8.22872e-05	
OG0008301	0.00281896	0.000832852	3.75681e-05	
OG0008302	0.00297958	0.00118449	8.4147e-05	
OG0008303	0.000198728	8.50643e-05	7.44465e-06	
OG0008304	1.7548e-06	1.31186e-05	1.01e-05	
OG0008305	3.57815e-09	1.1224e-07	1.77383e-07	
OG0008306	1.23369e-06	1.16715e-05	7.00566e-06	
OG0008307	0.000212962	0.000133271	2.1703e-05	
OG0008308	0.0422924	0.0116455	0.000426341	
OG0008309	8.32122e-07	4.62943e-06	1.14204e-06	
OG0008310	0.000309064	0.000431041	6.59534e-05	
OG0008311	0.00286495	0.000937321	5.26379e-05	
OG0008312	1.27036e-05	4.34602e-05	1.37362e-05	
OG0008313	1.7548e-06	1.31186e-05	1.01e-05	
OG0008314	5.07425e-06	1.37246e-05	3.05777e-06	
OG0008315	1.27036e-05	4.34602e-05	1.37362e-05	
OG0008316	1.7475e-05	5.93688e-05	1.61599e-05	
OG0008317	1.39564e-05	8.71417e-06	1.63467e-06	
OG0008318	0.00021559	0.000129308	1.65003e-05	
OG0008319	2.08148e-05	3.41163e-05	8.30846e-06	
OG0008320	0.000223956	0.000173036	3.13416e-05	
OG0008321	5.36473e-08	1.5627e-06	2.00327e-06	
OG0008322	5.07425e-06	1.37246e-05	3.05777e-06	
OG0008323	0.00281896	0.000832852	3.75681e-05	
OG0008324	0.00281896	0.000832852	3.75681e-05	
OG0008325	5.07425e-06	1.37246e-05	3.05777e-06	
OG0008326	0.000223956	0.000173036	3.13416e-05	
OG0008327	0.00281896	0.000832852	3.75681e-05	
OG0008328	0.000294469	0.000347936	4.86904e-05	
OG0008329	1.7475e-05	5.93688e-05	1.61599e-05	
OG0008330	0.00297011	0.00119106	9.19395e-05	
OG0008331	0.00297958	0.00118449	8.4147e-05	
OG0008332	2.76738e-06	1.2832e-05	8.40313e-06	
OG0008333	0.00019797	8.51854e-05	8.1109e-06	
OG0008334	2.52597e-07	3.16949e-06	1.50668e-06	
OG0008335	1.27036e-05	4.34602e-05	1.37362e-05	
OG0008336	0.000288438	0.000319868	4.59685e-05	
OG0008337	1.27036e-05	4.34602e-05	1.37362e-05	
OG0008338	1.8523e-05	2.86277e-05	9.89845e-06	
OG0008339	0.000507468	0.000736736	8.22872e-05	
OG0008340	0.00019797	8.51854e-05	8.1109e-06	
OG0008341	0.000223956	0.000173036	3.13416e-05	
OG0008342	0.000507468	0.000736736	8.22872e-05	
OG0008343	0.000507468	0.000736736	8.22872e-05	
OG0008344	0.00297011	0.00119106	9.19395e-05	
OG0008345	0.00297958	0.00118449	8.4147e-05	
OG0008346	1.39564e-05	8.71417e-06	1.63467e-06	
OG0008347	1.27036e-05	4.34602e-05	1.37362e-05	
OG0008348	0.0031825	0.00160503	0.00013191	
OG0008349	1.27036e-05	4.34602e-05	1.37362e-05	
OG0008350	0.00297011	0.00119106	9.19395e-05	
OG0008351	3.64038e-09	1.27208e-07	2.52831e-07	
OG0008352	1.27036e-05	4.34602e-05	1.37362e-05	
OG0008353	0.00019797	8.51854e-05	8.1109e-06	
OG0008354	0.000507468	0.000736736	8.22872e-05	
OG0008355	0.00297011	0.00119106	9.19395e-05	
OG0008356	1.27036e-05	4.34602e-05	1.37362e-05	
OG0008523	0.00297011	0.00119106	9.19395e-05	
OG0008526	0.000288438	0.000319868	4.59685e-05	
OG0008528	0.00297011	0.00119106	9.19395e-05	
OG0008529	4.25779e-14	1.11082e-10	3.48025e-09	
OG0008530	0.00297011	0.00119106	9.19395e-05	
OG0008531	0.00297011	0.00119106	9.19395e-05	
OG0008532	0.00410716	0.00312747	0.000213165	
OG0008533	0.00410716	0.00312747	0.000213165	
OG0008534	0.00297011	0.00119106	9.19395e-05	
OG0008535	0.00297011	0.00119106	9.19395e-05	
OG0008536	0.00297011	0.00119106	9.19395e-05	
OG0008537	0.00297011	0.00119106	9.19395e-05	
OG0008538	0.00297011	0.00119106	9.19395e-05	
OG0008539	0.00297011	0.00119106	9.19395e-05	
OG0008540	0.00410716	0.00312747	0.000213165	
OG0008541	0.00297011	0.00119106	9.19395e-05	
OG0008542	4.21551e-08	2.0251e-06	1.63166e-06	
OG0008543	1.92381e-05	2.29742e-05	4.0705e-06	
OG0008544	0.00410716	0.00312747	0.000213165	
OG0008545	0.000294469	0.000347936	4.86904e-05	
OG0008547	0.00410716	0.00312747	0.000213165	
OG0008548	0.00297011	0.00119106	9.19395e-05	
OG0008549	9.37848e-08	1.77479e-06	2.95618e-06	
OG0008550	1.46274e-06	3.50148e-06	1.77977e-06	
OG0008551	1.92381e-05	2.29742e-05	4.0705e-06	
OG0008552	1.15985e-09	2.19107e-08	1.34118e-07	
OG0008553	1.17169e-05	0.000100193	3.65593e-05	
OG0008554	8.19304e-08	4.447e-07	3.32329e-07	
OG0008555	0.00297011	0.00119106	9.19395e-05	
OG0008556	3.95454e-05	0.000105286	4.09148e-05	
OG0008557	5.41757e-09	1.88235e-08	5.08999e-08	
OG0008558	0.00297011	0.00119106	9.19395e-05	
OG0008559	0.00297011	0.00119106	9.19395e-05	
OG0008560	0.00303222	0.00129558	9.73835e-05	
OG0008561	0.00410716	0.00312747	0.000213165	
OG0008562	8.26286e-07	6.7953e-06	2.61578e-06	
OG0008563	0.000507468	0.000736736	8.22872e-05	
OG0008564	0.00281896	0.000832852	3.75681e-05	
OG0008565	0.00410716	0.00312747	0.000213165	
OG0008566	0.00410716	0.00312747	0.000213165	
OG0008567	0.000162435	0.000850309	0.000129895	
OG0008568	0.00297011	0.00119106	9.19395e-05	
OG0008569	9.65725e-07	6.60862e-06	5.91253e-06	
OG0008570	0.00410716	0.00312747	0.000213165	
OG0008571	0.00297011	0.00119106	9.19395e-05	
OG0008572	1.0799e-06	1.45383e-06	8.16831e-07	
OG0008573	0.0031825	0.00160503	0.00013191	
OG0008574	0.00297011	0.00119106	9.19395e-05	
OG0008575	0.00410716	0.00312747	0.000213165	
OG0008576	0.00410716	0.00312747	0.000213165	
OG0008577	8.49612e-06	2.76119e-05	1.0361e-05	
OG0008578	0.00410716	0.00312747	0.000213165	
OG0008579	0.00297011	0.00119106	9.19395e-05	
OG0008580	0.00410716	0.00312747	0.000213165	
OG0008581	0.00410716	0.00312747	0.000213165	
OG0008582	0.00297011	0.00119106	9.19395e-05	
OG0008583	0.0031825	0.00160503	0.00013191	
OG0008584	0.00410716	0.00312747	0.000213165	
OG0008585	1.14468e-05	8.84633e-05	2.93547e-05	
OG0008586	0.00281896	0.000832852	3.75681e-05	
OG0008587	5.72351e-09	1.737e-08	3.10036e-08	
OG0008588	1.0834e-05	6.10727e-05	1.15022e-05	
OG0008589	1.92381e-05	2.29742e-05	4.0705e-06	
OG0008590	0.00297011	0.00119106	9.19395e-05	
OG0008591	0.00410716	0.00312747	0.000213165	
OG0008592	1.6989e-18	2.42803e-14	1.23074e-11	
OG0008593	0.00303222	0.00129558	9.73835e-05	
OG0008594	0.00297011	0.00119106	9.19395e-05	
OG0008595	1.18233e-07	1.10665e-06	1.4344e-06	
OG0008596	0.00410716	0.00312747	0.000213165	
OG0008597	0.00410716	0.00312747	0.000213165	
OG0008598	2.76738e-06	1.2832e-05	8.40313e-06	
OG0008599	0.000198734	8.67289e-05	8.52265e-06	
OG0008600	0.000120102	0.000260512	4.52619e-05	
OG0008601	2.76519e-25	2.53907e-14	2.67557e-09	
OG0008602	0.00410716	0.00312747	0.000213165	
OG0008603	1.0834e-05	6.10727e-05	1.15022e-05	
OG0008604	0.00297011	0.00119106	9.19395e-05	
OG0008605	0.000288438	0.000319868	4.59685e-05	
OG0008606	0.00410716	0.00312747	0.000213165	
OG0008607	1.23478e-05	0.000129477	5.69884e-05	
OG0008608	1.04403e-08	1.68899e-07	2.266e-07	
OG0008609	0.0031825	0.00160503	0.00013191	
OG0008610	0.00297011	0.00119106	9.19395e-05	
OG0008611	0.00297011	0.00119106	9.19395e-05	
OG0008612	0.00410716	0.00312747	0.000213165	
OG0008613	1.27036e-05	4.34602e-05	1.37362e-05	
OG0008614	0.00297011	0.00119106	9.19395e-05	
OG0008615	0.00410716	0.00312747	0.000213165	
OG0008616	0.00297011	0.00119106	9.19395e-05	
OG0008617	5.33269e-08	6.17316e-07	4.56821e-07	
OG0008618	9.65725e-07	6.60862e-06	5.91253e-06	
OG0008619	8.26286e-07	6.7953e-06	2.61578e-06	
OG0008620	0.00297011	0.00119106	9.19395e-05	
OG0008621	0.0031825	0.00160503	0.00013191	
OG0008622	0.00297011	0.00119106	9.19395e-05	
OG0008623	1.27036e-05	4.34602e-05	1.37362e-05	
OG0008624	4.0777e-09	2.37166e-07	8.50704e-07	
OG0008625	0.00297011	0.00119106	9.19395e-05	
OG0008626	0.00410716	0.00312747	0.000213165	
OG0008627	0.0031825	0.00160503	0.00013191	
OG0008628	0.00410716	0.00312747	0.000213165	
OG0008629	1.92381e-05	2.29742e-05	4.0705e-06	
OG0008630	0.00297011	0.00119106	9.19395e-05	
OG0008631	8.47298e-07	3.12149e-06	1.21632e-06	
OG0008632	0.00297011	0.00119106	9.19395e-05	
OG0008633	0.00297011	0.00119106	9.19395e-05	
OG0008634	1.03449e-07	3.628e-07	3.71105e-07	
OG0008635	0.00297011	0.00119106	9.19395e-05	
OG0008636	0.000294469	0.000347936	4.86904e-05	
OG0008637	0.00410716	0.00312747	0.000213165	
OG0008638	0.00297011	0.00119106	9.19395e-05	
OG0008639	0.00297011	0.00119106	9.19395e-05	
OG0008640	0.00297011	0.00119106	9.19395e-05	
OG0008641	2.19307e-05	4.87488e-05	2.00961e-05	
OG0008642	2.19307e-05	4.87488e-05	2.00961e-05	
OG0008643	1.85499e-05	1.80253e-05	2.30337e-06	
OG0008644	0.00410716	0.00312747	0.000213165	
OG0008645	0.00410716	0.00312747	0.000213165	
OG0008646	0.00297011	0.00119106	9.19395e-05	
OG0008647	0.00410716	0.00312747	0.000213165	
OG0008648	0.000309064	0.000431041	6.59534e-05	
OG0008649	0.00297011	0.00119106	9.19395e-05	
OG0008650	0.000198734	8.67289e-05	8.52265e-06	
OG0008651	1.27036e-05	4.34602e-05	1.37362e-05	
OG0008652	0.00410716	0.00312747	0.000213165	
OG0008653	3.38469e-05	5.29153e-05	7.2862e-06	
OG0008654	0.00297958	0.00118449	8.4147e-05	
OG0008655	0.000273938	0.000224628	1.8876e-05	
OG0008656	0.00303222	0.00129558	9.73835e-05	
OG0008657	0.00297011	0.00119106	9.19395e-05	
OG0008658	0.000288438	0.000319868	4.59685e-05	
OG0008659	9.65725e-07	6.60862e-06	5.91253e-06	
OG0008660	0.00410716	0.00312747	0.000213165	
OG0008661	0.0422924	0.0116455	0.000426341	
OG0008662	0.000162435	0.000850309	0.000129895	
OG0008663	0.00297011	0.00119106	9.19395e-05	
OG0008664	1.92381e-05	2.29742e-05	4.0705e-06	
OG0008665	2.00507e-05	3.04942e-05	8.21379e-06	
OG0008666	0.00297011	0.00119106	9.19395e-05	
OG0008667	0.00410716	0.00312747	0.000213165	
OG0008668	0.00286495	0.000937321	5.26379e-05	
OG0008669	3.24139e-09	2.32716e-07	3.72923e-07	
OG0008670	6.086e-07	2.20611e-05	1.02918e-05	
OG0008671	2.19307e-05	4.87488e-05	2.00961e-05	
OG0008672	0.00297011	0.00119106	9.19395e-05	
OG0008673	0.00297011	0.00119106	9.19395e-05	
OG0008674	2.19307e-05	4.87488e-05	2.00961e-05	
OG0008675	8.26286e-07	6.7953e-06	2.61578e-06	
OG0008676	0.00410716	0.00312747	0.000213165	
OG0008677	0.00297011	0.00119106	9.19395e-05	
OG0008678	0.000294469	0.000347936	4.86904e-05	
OG0008679	0.00303222	0.00129558	9.73835e-05	
OG0008680	0.00410716	0.00312747	0.000213165	
OG0008681	1.7475e-05	5.93688e-05	1.61599e-05	
OG0008682	0.00297011	0.00119106	9.19395e-05	
OG0008683	0.00410716	0.00312747	0.000213165	
OG0008684	0.00410716	0.00312747	0.000213165	
OG0008685	2.19307e-05	4.87488e-05	2.00961e-05	
OG0008686	0.00297011	0.00119106	9.19395e-05	
OG0008687	0.000288438	0.000319868	4.59685e-05	
OG0008688	0.000507468	0.000736736	8.22872e-05	
OG0008689	0.00410716	0.00312747	0.000213165	
OG0008690	4.21551e-08	2.0251e-06	1.63166e-06	
OG0008691	0.0031825	0.00160503	0.00013191	
OG0008692	0.00297011	0.00119106	9.19395e-05	
OG0008693	0.00410716	0.00312747	0.000213165	
OG0008694	0.000288438	0.000319868	4.59685e-05	
OG0008695	0.00410716	0.00312747	0.000213165	
OG0008696	0.00297011	0.00119106	9.19395e-05	
OG0008697	8.76839e-07	1.00395e-05	6.78301e-06	
OG0008698	0.00297011	0.00119106	9.19395e-05	
OG0008699	0.00303222	0.00129558	9.73835e-05	
OG0008700	0.00410716	0.00312747	0.000213165	
OG0008701	1.96403e-05	2.49895e-05	4.31022e-06	
OG0008702	0.00303222	0.00129558	9.73835e-05	
OG0008703	1.61911e-05	2.02422e-05	9.2275e-06	
OG0008704	0.00410716	0.00312747	0.000213165	
OG0008705	0.000288438	0.000319868	4.59685e-05	
OG0008706	0.00297011	0.00119106	9.19395e-05	
OG0008707	0.0422924	0.0116455	0.000426341	
OG0008708	1.99819e-05	2.83211e-05	6.14057e-06	
OG0008709	0.00297011	0.00119106	9.19395e-05	
OG0008710	0.00410716	0.00312747	0.000213165	
OG0008711	0.000309064	0.000431041	6.59534e-05	
OG0008712	0.00303222	0.00129558	9.73835e-05	
OG0008713	0.00410716	0.00312747	0.000213165	
OG0008714	0.00297011	0.00119106	9.19395e-05	
OG0008716	5.07425e-06	1.37246e-05	3.05777e-06	
OG0008717	0.00410716	0.00312747	0.000213165	
OG0008718	0.0031825	0.00160503	0.00013191	
OG0008719	3.38469e-05	5.29153e-05	7.2862e-06	
OG0008720	0.00410716	0.00312747	0.000213165	
OG0008721	0.00410716	0.00312747	0.000213165	
OG0008722	4.32009e-25	9.16316e-15	5.79872e-10	
OG0008723	0.00297011	0.00119106	9.19395e-05	
OG0008724	2.23894e-05	5.30396e-05	2.12647e-05	
OG0008725	0.0422924	0.0116455	0.000426341	
OG0008727	0.00297011	0.00119106	9.19395e-05	
OG0008728	0.00297011	0.00119106	9.19395e-05	
OG0008729	1.23886e-05	9.46105e-05	2.9541e-05	
OG0008730	0.00410716	0.00312747	0.000213165	
OG0008731	0.0031825	0.00160503	0.00013191	
OG0008732	0.00297011	0.00119106	9.19395e-05	
OG0008733	0.00410716	0.00312747	0.000213165	
OG0008734	1.92991e-05	2.28446e-05	3.72222e-06	
OG0008735	3.23606e-09	3.20515e-07	7.28292e-07	
OG0008736	1.92381e-05	2.29742e-05	4.0705e-06	
OG0008737	0.000288438	0.000319868	4.59685e-05	
OG0008738	0.00297011	0.00119106	9.19395e-05	
OG0008739	1.51971e-05	1.40852e-05	3.95477e-06	
OG0008740	0.00281896	0.000832852	3.75681e-05	
OG0008741	0.00410716	0.00312747	0.000213165	
OG0008742	1.96403e-05	2.49895e-05	4.31022e-06	
OG0008743	0.0031825	0.00160503	0.00013191	
OG0008744	0.00410716	0.00312747	0.000213165	
OG0008745	0.00297011	0.00119106	9.19395e-05	
OG0008746	0.00410716	0.00312747	0.000213165	
OG0008747	4.84144e-08	3.19982e-06	4.25766e-06	
OG0008748	0.00303222	0.00129558	9.73835e-05	
OG0008749	1.27036e-05	4.34602e-05	1.37362e-05	
OG0008750	0.000223956	0.000173036	3.13416e-05	
OG0008751	0.00297011	0.00119106	9.19395e-05	
OG0008752	1.92381e-05	2.29742e-05	4.0705e-06	
OG0008753	2.97624e-05	0.000117001	3.31217e-05	
OG0008754	1.32859e-06	9.03705e-06	6.93397e-06	
OG0008755	1.34671e-05	7.03261e-06	1.05001e-06	
OG0008756	0.000288438	0.000319868	4.59685e-05	
OG0008757	0.00297011	0.00119106	9.19395e-05	
OG0008758	2.06138e-05	3.09592e-05	5.83994e-06	
OG0008759	0.00297011	0.00119106	9.19395e-05	
OG0008760	1.92381e-05	2.29742e-05	4.0705e-06	
OG0008761	0.00410716	0.00312747	0.000213165	
OG0008762	0.00297958	0.00118449	8.4147e-05	
OG0008763	0.00297011	0.00119106	9.19395e-05	
OG0008764	0.00410716	0.00312747	0.000213165	
OG0008765	9.1635e-07	5.12049e-06	3.85564e-06	
OG0008766	1.0834e-05	6.10727e-05	1.15022e-05	
OG0008767	0.00410716	0.00312747	0.000213165	
OG0008768	0.00297011	0.00119106	9.19395e-05	
OG0008769	0.00410716	0.00312747	0.000213165	
OG0008770	5.98196e-07	1.94652e-05	7.2199e-06	
OG0008771	0.00410716	0.00312747	0.000213165	
OG0008772	0.00410716	0.00312747	0.000213165	
OG0008773	0.00410716	0.00312747	0.000213165	
OG0008774	0.00297011	0.00119106	9.19395e-05	
OG0008775	1.92381e-05	2.29742e-05	4.0705e-06	
OG0008776	2.06138e-05	3.09592e-05	5.83994e-06	
OG0008777	0.00297011	0.00119106	9.19395e-05	
OG0008778	0.00297011	0.00119106	9.19395e-05	
OG0008779	9.87697e-09	9.89199e-08	1.81086e-07	
OG0008780	0.000288438	0.000319868	4.59685e-05	
OG0008781	0.00410716	0.00312747	0.000213165	
OG0008782	1.92381e-05	2.29742e-05	4.0705e-06	
OG0008783	0.00297011	0.00119106	9.19395e-05	
OG0008784	0.00297011	0.00119106	9.19395e-05	
OG0008785	0.000288438	0.000319868	4.59685e-05	
OG0008786	2.00507e-05	3.04942e-05	8.21379e-06	
OG0008787	0.00297011	0.00119106	9.19395e-05	
OG0008788	0.00303222	0.00129558	9.73835e-05	
OG0008789	0.00410716	0.00312747	0.000213165	
OG0008790	0.00410716	0.00312747	0.000213165	
OG0008791	0.000191012	6.71193e-05	4.60686e-06	
OG0008792	1.14468e-05	8.84633e-05	2.93547e-05	
OG0008793	1.92381e-05	2.29742e-05	4.0705e-06	
OG0008794	0.00410716	0.00312747	0.000213165	
OG0008795	0.0031825	0.00160503	0.00013191	
OG0008796	0.00297011	0.00119106	9.19395e-05	
OG0008797	0.00297011	0.00119106	9.19395e-05	
OG0008798	2.19307e-05	4.87488e-05	2.00961e-05	
OG0008799	0.00297011	0.00119106	9.19395e-05	
OG0008801	0.00286495	0.000937321	5.26379e-05	
OG0008802	0.000162435	0.000850309	0.000129895	
OG0008803	0.00410716	0.00312747	0.000213165	
OG0008804	0.00410716	0.00312747	0.000213165	
OG0008805	3.44355e-05	5.99718e-05	1.03851e-05	
OG0008806	0.00410716	0.00312747	0.000213165	
OG0008807	0.00297011	0.00119106	9.19395e-05	
OG0008808	0.00410716	0.00312747	0.000213165	
OG0008809	0.00297011	0.00119106	9.19395e-05	
OG0008810	0.00297011	0.00119106	9.19395e-05	
OG0008811	0.00297011	0.00119106	9.19395e-05	
OG0008812	6.01915e-07	3.60052e-06	3.21349e-06	
OG0008813	0.00297011	0.00119106	9.19395e-05	
OG0008814	0.00410716	0.00312747	0.000213165	
OG0008815	0.00297011	0.00119106	9.19395e-05	
OG0008816	1.4451e-05	1.08474e-05	2.73584e-06	
OG0008817	0.00297011	0.00119106	9.19395e-05	
OG0008818	0.000225826	0.000181521	4.01933e-05	
OG0008819	1.14468e-05	8.84633e-05	2.93547e-05	
OG0008820	0.00297011	0.00119106	9.19395e-05	
OG0008821	0.000198728	8.50643e-05	7.44465e-06	
OG0008822	0.00297011	0.00119106	9.19395e-05	
OG0008823	0.00297011	0.00119106	9.19395e-05	
OG0008824	0.00297011	0.00119106	9.19395e-05	
OG0008825	0.000288438	0.000319868	4.59685e-05	
OG0008826	0.00297011	0.00119106	9.19395e-05	
OG0008827	1.49373e-05	1.2428e-05	2.77502e-06	
OG0008828	0.000212129	0.000114823	1.16682e-05	
OG0008829	0.0422924	0.0116455	0.000426341	
OG0008830	0.00297011	0.00119106	9.19395e-05	
OG0008831	8.26286e-07	6.7953e-06	2.61578e-06	
OG0008832	0.00297011	0.00119106	9.19395e-05	
OG0008833	8.47298e-07	3.12149e-06	1.21632e-06	
OG0008834	1.49373e-05	1.2428e-05	2.77502e-06	
OG0008835	0.00410716	0.00312747	0.000213165	
OG0008836	0.000191215	6.75914e-05	4.68144e-06	
OG0008837	0.00297011	0.00119106	9.19395e-05	
OG0008838	0.00297011	0.00119106	9.19395e-05	
OG0008839	0.00297011	0.00119106	9.19395e-05	
OG0008840	0.00410716	0.00312747	0.000213165	
OG0008841	0.000294469	0.000347936	4.86904e-05	
OG0008842	0.00297011	0.00119106	9.19395e-05	
OG0008843	0.00297011	0.00119106	9.19395e-05	
OG0008844	0.000288438	0.000319868	4.59685e-05	
OG0008845	2.19307e-05	4.87488e-05	2.00961e-05	
OG0008846	1.0071e-07	2.72029e-06	2.67478e-06	
OG0008847	1.27036e-05	4.34602e-05	1.37362e-05	
OG0008848	1.92381e-05	2.29742e-05	4.0705e-06	
OG0008849	1.27036e-05	4.34602e-05	1.37362e-05	
OG0008850	0.00297011	0.00119106	9.19395e-05	
OG0008851	0.00410716	0.00312747	0.000213165	
OG0008852	0.00297011	0.00119106	9.19395e-05	
OG0008853	0.00297011	0.00119106	9.19395e-05	
OG0008854	0.00410716	0.00312747	0.000213165	
OG0008855	0.00410716	0.00312747	0.000213165	
OG0008856	0.00297011	0.00119106	9.19395e-05	
OG0008857	0.00410716	0.00312747	0.000213165	
OG0008858	1.51971e-05	1.40852e-05	3.95477e-06	
OG0008859	1.16552e-06	4.26382e-06	1.43007e-06	
OG0008860	0.00410716	0.00312747	0.000213165	
OG0008861	0.00297011	0.00119106	9.19395e-05	
OG0008862	0.00410716	0.00312747	0.000213165	
OG0008863	2.00507e-05	3.04942e-05	8.21379e-06	
OG0008864	0.00297011	0.00119106	9.19395e-05	
OG0008865	0.00410716	0.00312747	0.000213165	
OG0008866	0.000273938	0.000224628	1.8876e-05	
OG0008867	0.00410716	0.00312747	0.000213165	
OG0008868	2.19307e-05	4.87488e-05	2.00961e-05	
OG0008869	2.19307e-05	4.87488e-05	2.00961e-05	
OG0008870	0.00410716	0.00312747	0.000213165	
OG0008871	0.0422924	0.0116455	0.000426341	
OG0008872	0.00410716	0.00312747	0.000213165	
OG0008873	0.000223956	0.000173036	3.13416e-05	
OG0008874	0.00297011	0.00119106	9.19395e-05	
OG0008875	0.0422924	0.0116455	0.000426341	
OG0008876	0.00281896	0.000832852	3.75681e-05	
OG0008877	0.00410716	0.00312747	0.000213165	
OG0008878	0.00410716	0.00312747	0.000213165	
OG0008879	0.00297011	0.00119106	9.19395e-05	
OG0008880	0.00297011	0.00119106	9.19395e-05	
OG0008881	0.00303222	0.00129558	9.73835e-05	
OG0008882	0.00410716	0.00312747	0.000213165	
OG0008883	1.95727e-05	2.60381e-05	5.80233e-06	
OG0008884	0.00410716	0.00312747	0.000213165	
OG0008885	0.000288438	0.000319868	4.59685e-05	
OG0008886	1.0834e-05	6.10727e-05	1.15022e-05	
OG0008887	0.00297011	0.00119106	9.19395e-05	
OG0008888	0.00410716	0.00312747	0.000213165	
OG0008889	0.00297011	0.00119106	9.19395e-05	
OG0008890	0.00410716	0.00312747	0.000213165	
OG0008891	1.33013e-06	2.02108e-06	5.59368e-07	
OG0008892	1.39564e-05	8.71417e-06	1.63467e-06	
OG0008893	3.89627e-24	6.63868e-14	2.45413e-09	
OG0008894	0.000288438	0.000319868	4.59685e-05	
OG0008895	0.00410716	0.00312747	0.000213165	
OG0008896	3.7969e-08	3.36555e-07	4.91176e-07	
OG0008897	0.000162435	0.000850309	0.000129895	
OG0008898	0.00410716	0.00312747	0.000213165	
OG0008899	0.00297011	0.00119106	9.19395e-05	
OG0008900	0.00297011	0.00119106	9.19395e-05	
OG0008901	1.43056e-05	1.05235e-05	2.24131e-06	
OG0008902	0.00297011	0.00119106	9.19395e-05	
OG0008903	0.00303222	0.00129558	9.73835e-05	
OG0008904	0.00297011	0.00119106	9.19395e-05	
OG0008905	0.00281896	0.000832852	3.75681e-05	
OG0008906	3.57815e-09	1.1224e-07	1.77383e-07	
OG0008907	2.23894e-05	5.30396e-05	2.12647e-05	
OG0008908	0.00410716	0.00312747	0.000213165	
OG0008909	3.85526e-05	0.000111163	3.47015e-05	
OG0008910	0.00297011	0.00119106	9.19395e-05	
OG0008911	6.21631e-08	1.02108e-06	1.12047e-06	
OG0008912	7.2828e-08	8.81149e-07	6.0989e-07	
OG0008913	1.92991e-05	2.28446e-05	3.72222e-06	
OG0008914	0.00303222	0.00129558	9.73835e-05	
OG0008915	0.000162435	0.000850309	0.000129895	
OG0008916	0.000202184	9.6395e-05	1.05972e-05	
OG0008917	0.000162435	0.000850309	0.000129895	
OG0008918	2.10469e-07	1.32364e-06	7.09966e-07	
OG0008919	0.000507468	0.000736736	8.22872e-05	
OG0008920	0.00297011	0.00119106	9.19395e-05	
OG0008921	0.000288438	0.000319868	4.59685e-05	
OG0008922	0.000507468	0.000736736	8.22872e-05	
OG0008923	0.0422924	0.0116455	0.000426341	
OG0008924	0.00281896	0.000832852	3.75681e-05	
OG0008925	0.00297011	0.00119106	9.19395e-05	
OG0008926	0.00297011	0.00119106	9.19395e-05	
OG0008927	3.38469e-05	5.29153e-05	7.2862e-06	
OG0008928	0.00410716	0.00312747	0.000213165	
OG0008929	1.4451e-05	1.08474e-05	2.73584e-06	
OG0008930	0.0422924	0.0116455	0.000426341	
OG0008931	0.000288438	0.000319868	4.59685e-05	
OG0008932	0.00410716	0.00312747	0.000213165	
OG0008933	0.00410716	0.00312747	0.000213165	
OG0008934	1.4204e-05	9.57169e-06	1.92098e-06	
OG0008935	1.34144e-05	6.86553e-06	9.97054e-07	
OG0008936	0.00297958	0.00118449	8.4147e-05	
OG0008937	0.00410716	0.00312747	0.000213165	
OG0008938	0.000309064	0.000431041	6.59534e-05	
OG0008939	0.00297011	0.00119106	9.19395e-05	
OG0008940	0.00297011	0.00119106	9.19395e-05	
OG0008941	0.00297011	0.00119106	9.19395e-05	
OG0008942	0.00297011	0.00119106	9.19395e-05	
OG0008943	0.000205484	0.00010531	1.2861e-05	
OG0008944	0.00297011	0.00119106	9.19395e-05	
OG0008945	9.2559e-06	2.76326e-05	7.50711e-06	
OG0008946	0.00297011	0.00119106	9.19395e-05	
OG0008947	0.0031825	0.00160503	0.00013191	
OG0008948	0.00297011	0.00119106	9.19395e-05	
OG0008949	0.000162435	0.000850309	0.000129895	
OG0008950	0.00297011	0.00119106	9.19395e-05	
OG0008951	0.00410716	0.00312747	0.000213165	
OG0008952	0.000309064	0.000431041	6.59534e-05	
OG0008953	0.00286495	0.000937321	5.26379e-05	
OG0008954	1.7475e-05	5.93688e-05	1.61599e-05	
OG0008955	0.00297011	0.00119106	9.19395e-05	
OG0008956	0.00297011	0.00119106	9.19395e-05	
OG0008957	0.00297011	0.00119106	9.19395e-05	
OG0008958	0.00297011	0.00119106	9.19395e-05	
OG0008959	0.00410716	0.00312747	0.000213165	
OG0008960	0.0031825	0.00160503	0.00013191	
OG0008961	0.000223956	0.000173036	3.13416e-05	
OG0008962	2.11909e-05	3.88338e-05	1.19092e-05	
OG0008963	0.00297011	0.00119106	9.19395e-05	
OG0008964	0.00297011	0.00119106	9.19395e-05	
OG0008965	0.00297011	0.00119106	9.19395e-05	
OG0008966	9.65725e-07	6.60862e-06	5.91253e-06	
OG0008967	0.0031825	0.00160503	0.00013191	
OG0008968	0.00297011	0.00119106	9.19395e-05	
OG0008969	1.27036e-05	4.34602e-05	1.37362e-05	
OG0008970	0.00297011	0.00119106	9.19395e-05	
OG0008971	0.00297011	0.00119106	9.19395e-05	
OG0008972	0.00297011	0.00119106	9.19395e-05	
OG0008973	0.0031825	0.00160503	0.00013191	
OG0008974	9.37848e-08	1.77479e-06	2.95618e-06	
OG0008975	0.00297011	0.00119106	9.19395e-05	
OG0008976	9.32008e-07	1.42158e-05	1.26519e-05	
OG0008977	0.0031825	0.00160503	0.00013191	
OG0008978	0.00297011	0.00119106	9.19395e-05	
OG0008979	0.0422924	0.0116455	0.000426341	
OG0008980	0.00410716	0.00312747	0.000213165	
OG0008981	1.49373e-05	1.2428e-05	2.77502e-06	
OG0008982	0.00297011	0.00119106	9.19395e-05	
OG0008983	0.00303222	0.00129558	9.73835e-05	
OG0008984	0.00297011	0.00119106	9.19395e-05	
OG0008985	1.61911e-05	2.02422e-05	9.2275e-06	
OG0008986	0.00297011	0.00119106	9.19395e-05	
OG0008987	0.000289551	0.000325679	4.83623e-05	
OG0008988	0.00297011	0.00119106	9.19395e-05	
OG0008989	0.0031825	0.00160503	0.00013191	
OG0008990	0.00297011	0.00119106	9.19395e-05	
OG0008991	0.000162435	0.000850309	0.000129895	
OG0008992	0.00297011	0.00119106	9.19395e-05	
OG0008993	0.00297011	0.00119106	9.19395e-05	
OG0008994	0.00297011	0.00119106	9.19395e-05	
OG0008995	0.00410716	0.00312747	0.000213165	
OG0008996	0.00410716	0.00312747	0.000213165	
OG0008997	1.27036e-05	4.34602e-05	1.37362e-05	
OG0008998	0.00286495	0.000937321	5.26379e-05	
OG0008999	0.00303222	0.00129558	9.73835e-05	
OG0009000	0.0031825	0.00160503	0.00013191	
OG0009001	0.0422924	0.0116455	0.000426341	
OG0009002	0.00021559	0.000129308	1.65003e-05	
OG0009003	0.000288438	0.000319868	4.59685e-05	
OG0009004	0.0031825	0.00160503	0.00013191	
OG0009005	0.00297011	0.00119106	9.19395e-05	
OG0009006	0.000225826	0.000181521	4.01933e-05	
OG0009007	0.00297011	0.00119106	9.19395e-05	
OG0009008	1.18578e-06	4.83181e-06	2.03565e-06	
OG0009009	0.0031825	0.00160503	0.00013191	
OG0009010	0.00297011	0.00119106	9.19395e-05	
OG0009011	0.0031825	0.00160503	0.00013191	
OG0009012	0.00410716	0.00312747	0.000213165	
OG0009013	0.000226548	0.000180642	3.69693e-05	
OG0009014	0.00297011	0.00119106	9.19395e-05	
OG0009015	3.57815e-09	1.1224e-07	1.77383e-07	
OG0009016	0.00410716	0.00312747	0.000213165	
OG0009017	0.00410716	0.00312747	0.000213165	
OG0009018	0.00297011	0.00119106	9.19395e-05	
OG0009019	0.0031825	0.00160503	0.00013191	
OG0009020	3.85526e-05	0.000111163	3.47015e-05	
OG0009021	0.00297011	0.00119106	9.19395e-05	
OG0009022	0.00410716	0.00312747	0.000213165	
OG0009023	0.000309064	0.000431041	6.59534e-05	
OG0009024	0.00297011	0.00119106	9.19395e-05	
OG0009025	0.000288438	0.000319868	4.59685e-05	
OG0009026	0.00410716	0.00312747	0.000213165	
OG0009027	0.00410716	0.00312747	0.000213165	
OG0009028	0.00410716	0.00312747	0.000213165	
OG0009029	0.0031825	0.00160503	0.00013191	
OG0009030	0.00297011	0.00119106	9.19395e-05	
OG0009031	0.00297011	0.00119106	9.19395e-05	
OG0009032	0.00297011	0.00119106	9.19395e-05	
OG0009033	0.00286495	0.000937321	5.26379e-05	
OG0009034	0.00297011	0.00119106	9.19395e-05	
OG0009035	0.00410716	0.00312747	0.000213165	
OG0009036	1.92381e-05	2.29742e-05	4.0705e-06	
OG0009037	0.00410716	0.00312747	0.000213165	
OG0009038	0.00297011	0.00119106	9.19395e-05	
OG0009039	0.00410716	0.00312747	0.000213165	
OG0009040	0.00297011	0.00119106	9.19395e-05	
OG0009041	0.00297011	0.00119106	9.19395e-05	
OG0009042	0.00297011	0.00119106	9.19395e-05	
OG0009043	0.00297011	0.00119106	9.19395e-05	
OG0009044	0.00297011	0.00119106	9.19395e-05	
OG0009045	0.000223956	0.000173036	3.13416e-05	
OG0009046	0.00297011	0.00119106	9.19395e-05	
OG0009047	4.0777e-09	2.37166e-07	8.50704e-07	
OG0009048	0.00303222	0.00129558	9.73835e-05	
OG0009049	0.00410716	0.00312747	0.000213165	
OG0009050	0.00410716	0.00312747	0.000213165	
OG0009051	0.00410716	0.00312747	0.000213165	
OG0009052	0.000162435	0.000850309	0.000129895	
OG0009053	1.27036e-05	4.34602e-05	1.37362e-05	
OG0009054	0.00410716	0.00312747	0.000213165	
OG0009055	0.00410716	0.00312747	0.000213165	
OG0009056	0.000162435	0.000850309	0.000129895	
OG0009057	0.00410716	0.00312747	0.000213165	
OG0009058	2.19307e-05	4.87488e-05	2.00961e-05	
OG0009059	1.96403e-05	2.49895e-05	4.31022e-06	
OG0009060	0.00410716	0.00312747	0.000213165	
OG0009061	0.00297011	0.00119106	9.19395e-05	
OG0009062	0.0422924	0.0116455	0.000426341	
OG0009063	1.00123e-06	9.12801e-07	2.91199e-07	
OG0009064	0.00410716	0.00312747	0.000213165	
OG0009065	0.00297011	0.00119106	9.19395e-05	
OG0009066	0.00410716	0.00312747	0.000213165	
OG0009067	2.19307e-05	4.87488e-05	2.00961e-05	
OG0009068	9.1635e-07	5.12049e-06	3.85564e-06	
OG0009069	0.0422924	0.0116455	0.000426341	
OG0009070	0.0031825	0.00160503	0.00013191	
OG0009071	0.000226548	0.000180642	3.69693e-05	
OG0009072	0.00297011	0.00119106	9.19395e-05	
OG0009073	0.00297011	0.00119106	9.19395e-05	
OG0009074	0.00297011	0.00119106	9.19395e-05	
OG0009075	0.00297011	0.00119106	9.19395e-05	
OG0009076	0.00303222	0.00129558	9.73835e-05	
OG0009077	0.00297011	0.00119106	9.19395e-05	
OG0009078	0.00410716	0.00312747	0.000213165	
OG0009079	0.00297011	0.00119106	9.19395e-05	
OG0009080	0.0422924	0.0116455	0.000426341	
OG0009081	0.00297011	0.00119106	9.19395e-05	
OG0009082	0.00303222	0.00129558	9.73835e-05	
OG0009083	0.00297011	0.00119106	9.19395e-05	
OG0009084	0.00297011	0.00119106	9.19395e-05	
OG0009085	0.000225826	0.000181521	4.01933e-05	
OG0009086	0.0422924	0.0116455	0.000426341	
OG0009087	0.00410716	0.00312747	0.000213165	
OG0009088	0.000201545	9.69558e-05	1.1605e-05	
OG0009089	0.0422924	0.0116455	0.000426341	
OG0009090	0.00286495	0.000937321	5.26379e-05	
OG0009091	0.0422924	0.0116455	0.000426341	
OG0009092	0.0422924	0.0116455	0.000426341	
OG0009093	0.00297011	0.00119106	9.19395e-05	
OG0009094	0.00297011	0.00119106	9.19395e-05	
OG0009095	9.65725e-07	6.60862e-06	5.91253e-06	
OG0009096	0.00410716	0.00312747	0.000213165	
OG0009097	9.65725e-07	6.60862e-06	5.91253e-06	
OG0009098	0.00303222	0.00129558	9.73835e-05	
OG0009099	0.000212962	0.000133271	2.1703e-05	
OG0009100	0.00297011	0.00119106	9.19395e-05	
OG0009101	0.00297011	0.00119106	9.19395e-05	
OG0009102	0.00410716	0.00312747	0.000213165	
OG0009103	1.0834e-05	6.10727e-05	1.15022e-05	
OG0009104	0.00297011	0.00119106	9.19395e-05	
OG0009105	1.95727e-05	2.60381e-05	5.80233e-06	
OG0009106	1.32859e-06	9.03705e-06	6.93397e-06	
OG0009107	0.00297011	0.00119106	9.19395e-05	
OG0009108	0.00410716	0.00312747	0.000213165	
OG0009109	0.00297011	0.00119106	9.19395e-05	
OG0009110	0.00410716	0.00312747	0.000213165	
OG0009111	0.00281896	0.000832852	3.75681e-05	
OG0009112	1.23478e-05	0.000129477	5.69884e-05	
OG0009113	8.47298e-07	3.12149e-06	1.21632e-06	
OG0009114	1.23478e-05	0.000129477	5.69884e-05	
OG0009115	2.09723e-05	3.50878e-05	8.32393e-06	
OG0009116	0.00297011	0.00119106	9.19395e-05	
OG0009117	0.0031825	0.00160503	0.00013191	
OG0009118	0.00303222	0.00129558	9.73835e-05	
OG0009119	1.27036e-05	4.34602e-05	1.37362e-05	
OG0009120	0.000288438	0.000319868	4.59685e-05	
OG0009121	2.19307e-05	4.87488e-05	2.00961e-05	
OG0009122	0.00410716	0.00312747	0.000213165	
OG0009123	0.000288438	0.000319868	4.59685e-05	
OG0009124	0.000288438	0.000319868	4.59685e-05	
OG0009125	0.0031825	0.00160503	0.00013191	
OG0009126	0.00297011	0.00119106	9.19395e-05	
OG0009127	3.24832e-10	8.47392e-09	2.03791e-08	
OG0009128	0.00297011	0.00119106	9.19395e-05	
OG0009129	0.00297011	0.00119106	9.19395e-05	
OG0009130	0.00297011	0.00119106	9.19395e-05	
OG0009131	1.0834e-05	6.10727e-05	1.15022e-05	
OG0009132	0.00410716	0.00312747	0.000213165	
OG0009133	0.00297011	0.00119106	9.19395e-05	
OG0009134	0.00410716	0.00312747	0.000213165	
OG0009135	0.00410716	0.00312747	0.000213165	
OG0009136	0.00297011	0.00119106	9.19395e-05	
OG0009137	2.11544e-05	3.83953e-05	1.16284e-05	
OG0009138	0.00410716	0.00312747	0.000213165	
OG0009139	7.80356e-08	3.46653e-07	2.8841e-07	
OG0009140	0.00410716	0.00312747	0.000213165	
OG0009141	0.000288438	0.000319868	4.59685e-05	
OG0009142	0.0422924	0.0116455	0.000426341	
OG0009143	0.00410716	0.00312747	0.000213165	
OG0009144	0.00297011	0.00119106	9.19395e-05	
OG0009145	0.000202241	9.30512e-05	8.62068e-06	
OG0009146	2.17919e-09	8.99697e-07	2.56186e-06	
OG0009147	0.00410716	0.00312747	0.000213165	
OG0009148	0.00297011	0.00119106	9.19395e-05	
OG0009149	0.00410716	0.00312747	0.000213165	
OG0009150	0.00410716	0.00312747	0.000213165	
OG0009151	0.000309064	0.000431041	6.59534e-05	
OG0009152	2.19307e-05	4.87488e-05	2.00961e-05	
OG0009153	2.08148e-05	3.41163e-05	8.30846e-06	
OG0009154	0.00303222	0.00129558	9.73835e-05	
OG0009155	0.00297011	0.00119106	9.19395e-05	
OG0009156	1.39564e-05	8.71417e-06	1.63467e-06	
OG0009157	0.00297011	0.00119106	9.19395e-05	
OG0009158	0.00410716	0.00312747	0.000213165	
OG0009159	1.92381e-05	2.29742e-05	4.0705e-06	
OG0009160	0.00297011	0.00119106	9.19395e-05	
OG0009161	0.00297011	0.00119106	9.19395e-05	
OG0009162	0.00303222	0.00129558	9.73835e-05	
OG0009163	0.0422924	0.0116455	0.000426341	
OG0009164	0.00410716	0.00312747	0.000213165	
OG0009165	0.00410716	0.00312747	0.000213165	
OG0009166	2.09723e-05	3.50878e-05	8.32393e-06	
OG0009167	0.0422924	0.0116455	0.000426341	
OG0009168	0.00297958	0.00118449	8.4147e-05	
OG0009169	0.00297011	0.00119106	9.19395e-05	
OG0009170	0.00410716	0.00312747	0.000213165	
OG0009171	1.92381e-05	2.29742e-05	4.0705e-06	
OG0009172	0.000288438	0.000319868	4.59685e-05	
OG0009173	0.00410716	0.00312747	0.000213165	
OG0009174	0.00303222	0.00129558	9.73835e-05	
OG0009175	0.00297011	0.00119106	9.19395e-05	
OG0009176	1.55836e-07	2.31784e-06	2.58017e-06	
OG0009177	0.0031825	0.00160503	0.00013191	
OG0009178	9.14097e-08	2.02727e-06	1.82999e-06	
OG0009179	3.79725e-09	1.65851e-07	4.5977e-07	
OG0009180	0.000288438	0.000319868	4.59685e-05	
OG0009181	3.44355e-05	5.99718e-05	1.03851e-05	
OG0009182	0.00410716	0.00312747	0.000213165	
OG0009183	1.95727e-05	2.60381e-05	5.80233e-06	
OG0009184	0.00297011	0.00119106	9.19395e-05	
OG0009185	0.00410716	0.00312747	0.000213165	
OG0009186	0.0422924	0.0116455	0.000426341	
OG0009187	0.00297011	0.00119106	9.19395e-05	
OG0009188	0.00410716	0.00312747	0.000213165	
OG0009189	0.0031825	0.00160503	0.00013191	
OG0009190	2.09723e-05	3.50878e-05	8.32393e-06	
OG0009191	2.44047e-06	6.31931e-06	1.87941e-06	
OG0009192	1.27036e-05	4.34602e-05	1.37362e-05	
OG0009193	1.61911e-05	2.02422e-05	9.2275e-06	
OG0009194	8.1494e-06	2.12046e-05	5.71132e-06	
OG0009195	0.0031825	0.00160503	0.00013191	
OG0009196	0.00297011	0.00119106	9.19395e-05	
OG0009197	1.92381e-05	2.29742e-05	4.0705e-06	
OG0009198	1.92381e-05	2.29742e-05	4.0705e-06	
OG0009199	8.47298e-07	3.12149e-06	1.21632e-06	
OG0009200	0.0031825	0.00160503	0.00013191	
OG0009201	0.00303222	0.00129558	9.73835e-05	
OG0009202	0.000198728	8.50643e-05	7.44465e-06	
OG0009203	0.0422924	0.0116455	0.000426341	
OG0009204	2.19307e-05	4.87488e-05	2.00961e-05	
OG0009205	0.0031825	0.00160503	0.00013191	
OG0009206	1.00479e-06	1.83774e-06	4.87441e-07	
OG0009207	2.58804e-06	9.24958e-06	4.72765e-06	
OG0009208	0.00297011	0.00119106	9.19395e-05	
OG0009209	0.00303222	0.00129558	9.73835e-05	
OG0009210	0.00297011	0.00119106	9.19395e-05	
OG0009211	0.00297011	0.00119106	9.19395e-05	
OG0009212	0.00297011	0.00119106	9.19395e-05	
OG0009213	0.00297011	0.00119106	9.19395e-05	
OG0009214	1.61911e-05	2.02422e-05	9.2275e-06	
OG0009215	0.00297011	0.00119106	9.19395e-05	
OG0009216	0.0422924	0.0116455	0.000426341	
OG0009217	3.85812e-07	2.09323e-06	1.34667e-06	
OG0009218	0.00297011	0.00119106	9.19395e-05	
OG0009219	0.00297011	0.00119106	9.19395e-05	
OG0009220	0.00297011	0.00119106	9.19395e-05	
OG0009221	0.0031825	0.00160503	0.00013191	
OG0009222	0.00297011	0.00119106	9.19395e-05	
OG0009223	0.0422924	0.0116455	0.000426341	
OG0009224	0.00286495	0.000937321	5.26379e-05	
OG0009225	0.00297011	0.00119106	9.19395e-05	
OG0009226	0.00297011	0.00119106	9.19395e-05	
OG0009227	0.00297011	0.00119106	9.19395e-05	
OG0009228	0.00297011	0.00119106	9.19395e-05	
OG0009229	0.0422924	0.0116455	0.000426341	
OG0009230	0.00297011	0.00119106	9.19395e-05	
OG0009231	0.00297011	0.00119106	9.19395e-05	
OG0009232	0.000230549	0.000197499	4.25305e-05	
OG0009233	8.2284e-08	8.38297e-07	6.20313e-07	
OG0009234	0.0422924	0.0116455	0.000426341	
OG0009235	0.00297011	0.00119106	9.19395e-05	
OG0009236	0.00410716	0.00312747	0.000213165	
OG0009237	0.00297011	0.00119106	9.19395e-05	
OG0009238	0.00303222	0.00129558	9.73835e-05	
OG0009239	0.00410716	0.00312747	0.000213165	
OG0009240	0.00297011	0.00119106	9.19395e-05	
OG0009241	0.00303222	0.00129558	9.73835e-05	
OG0009242	0.0031825	0.00160503	0.00013191	
OG0009243	0.00297011	0.00119106	9.19395e-05	
OG0009244	0.00297011	0.00119106	9.19395e-05	
OG0009245	3.57815e-09	1.1224e-07	1.77383e-07	
OG0009246	9.65725e-07	6.60862e-06	5.91253e-06	
OG0009247	0.00410716	0.00312747	0.000213165	
OG0009248	0.00297011	0.00119106	9.19395e-05	
OG0009249	0.00297011	0.00119106	9.19395e-05	
OG0009250	1.92381e-05	2.29742e-05	4.0705e-06	
OG0009251	0.00297011	0.00119106	9.19395e-05	
OG0009252	0.0031825	0.00160503	0.00013191	
OG0009253	0.00410716	0.00312747	0.000213165	
OG0009254	0.00297011	0.00119106	9.19395e-05	
OG0009255	0.000162435	0.000850309	0.000129895	
OG0009256	0.00297011	0.00119106	9.19395e-05	
OG0009257	0.00410716	0.00312747	0.000213165	
OG0009258	0.00297011	0.00119106	9.19395e-05	
OG0009259	0.00303222	0.00129558	9.73835e-05	
OG0009260	0.00297011	0.00119106	9.19395e-05	
OG0009261	0.0422924	0.0116455	0.000426341	
OG0009262	2.19307e-05	4.87488e-05	2.00961e-05	
OG0009263	0.0422924	0.0116455	0.000426341	
OG0009264	0.00297011	0.00119106	9.19395e-05	
OG0009265	1.51971e-05	1.40852e-05	3.95477e-06	
OG0009266	0.00297011	0.00119106	9.19395e-05	
OG0009267	0.00410716	0.00312747	0.000213165	
OG0009268	0.00297011	0.00119106	9.19395e-05	
OG0009269	1.0834e-05	6.10727e-05	1.15022e-05	
OG0009270	0.00297011	0.00119106	9.19395e-05	
OG0009271	0.00297011	0.00119106	9.19395e-05	
OG0009272	1.27036e-05	4.34602e-05	1.37362e-05	
OG0009273	0.00410716	0.00312747	0.000213165	
OG0009274	0.00297011	0.00119106	9.19395e-05	
OG0009275	1.4204e-05	9.57169e-06	1.92098e-06	
OG0009276	1.33367e-12	9.85785e-10	1.72787e-08	
OG0009277	0.00410716	0.00312747	0.000213165	
OG0009278	0.00410716	0.00312747	0.000213165	
OG0009279	0.000507468	0.000736736	8.22872e-05	
OG0009280	0.000223956	0.000173036	3.13416e-05	
OG0009281	0.00286495	0.000937321	5.26379e-05	
OG0009282	0.00297011	0.00119106	9.19395e-05	
OG0009283	2.71975e-10	1.70349e-08	7.53388e-08	
OG0009284	0.00410716	0.00312747	0.000213165	
OG0009285	0.0422924	0.0116455	0.000426341	
OG0009286	1.23478e-05	0.000129477	5.69884e-05	
OG0009287	0.000191215	6.75914e-05	4.68144e-06	
OG0009288	0.00410716	0.00312747	0.000213165	
OG0009289	0.0031825	0.00160503	0.00013191	
OG0009290	1.92381e-05	2.29742e-05	4.0705e-06	
OG0009291	0.00297011	0.00119106	9.19395e-05	
OG0009292	0.00297011	0.00119106	9.19395e-05	
OG0009293	0.00410716	0.00312747	0.000213165	
OG0009294	0.00303222	0.00129558	9.73835e-05	
OG0009295	0.00303222	0.00129558	9.73835e-05	
OG0009296	1.0834e-05	6.10727e-05	1.15022e-05	
OG0009297	0.00297011	0.00119106	9.19395e-05	
OG0009298	0.00410716	0.00312747	0.000213165	
OG0009299	0.0031825	0.00160503	0.00013191	
OG0009300	0.00297011	0.00119106	9.19395e-05	
OG0009301	0.00297011	0.00119106	9.19395e-05	
OG0009302	0.0422924	0.0116455	0.000426341	
OG0009303	1.95727e-05	2.60381e-05	5.80233e-06	
OG0009304	0.0031825	0.00160503	0.00013191	
OG0009305	2.76738e-06	1.2832e-05	8.40313e-06	
OG0009306	0.00410716	0.00312747	0.000213165	
OG0009307	0.000288438	0.000319868	4.59685e-05	
OG0009308	0.00410716	0.00312747	0.000213165	
OG0009309	0.000288438	0.000319868	4.59685e-05	
OG0009310	0.00410716	0.00312747	0.000213165	
OG0009311	0.00297011	0.00119106	9.19395e-05	
OG0009312	0.00297011	0.00119106	9.19395e-05	
OG0009313	0.00022841	0.000185399	3.34502e-05	
OG0009314	0.00297011	0.00119106	9.19395e-05	
OG0009315	1.52978e-05	1.46112e-05	4.96544e-06	
OG0009316	0.000507468	0.000736736	8.22872e-05	
OG0009317	0.00297011	0.00119106	9.19395e-05	
OG0009318	0.00297011	0.00119106	9.19395e-05	
OG0009319	0.00297011	0.00119106	9.19395e-05	
OG0009320	0.00297011	0.00119106	9.19395e-05	
OG0009321	0.00410716	0.00312747	0.000213165	
OG0009322	8.47298e-07	3.12149e-06	1.21632e-06	
OG0009323	0.00297011	0.00119106	9.19395e-05	
OG0009324	0.00297011	0.00119106	9.19395e-05	
OG0009325	0.00410716	0.00312747	0.000213165	
OG0009326	0.0031825	0.00160503	0.00013191	
OG0009327	1.92381e-05	2.29742e-05	4.0705e-06	
OG0009328	0.00297011	0.00119106	9.19395e-05	
OG0009329	3.85526e-05	0.000111163	3.47015e-05	
OG0009330	1.61911e-05	2.02422e-05	9.2275e-06	
OG0009331	0.00303222	0.00129558	9.73835e-05	
OG0009332	0.00297011	0.00119106	9.19395e-05	
OG0009333	0.00297011	0.00119106	9.19395e-05	
OG0009334	3.85526e-05	0.000111163	3.47015e-05	
OG0009335	1.27036e-05	4.34602e-05	1.37362e-05	
OG0009336	8.47298e-07	3.12149e-06	1.21632e-06	
OG0009337	0.00281896	0.000832852	3.75681e-05	
OG0009338	3.44355e-05	5.99718e-05	1.03851e-05	
OG0009339	0.00297011	0.00119106	9.19395e-05	
OG0009340	0.000201545	9.69558e-05	1.1605e-05	
OG0009341	1.2709e-05	4.87463e-06	4.71496e-07	
OG0009342	0.00303222	0.00129558	9.73835e-05	
OG0009343	0.00297011	0.00119106	9.19395e-05	
OG0009344	0.000198734	8.67289e-05	8.52265e-06	
OG0009345	8.47298e-07	3.12149e-06	1.21632e-06	
OG0009346	0.00297011	0.00119106	9.19395e-05	
OG0009347	0.00297011	0.00119106	9.19395e-05	
OG0009348	0.00297011	0.00119106	9.19395e-05	
OG0009349	0.0422924	0.0116455	0.000426341	
OG0009350	0.00297011	0.00119106	9.19395e-05	
OG0009351	0.0422924	0.0116455	0.000426341	
OG0009352	0.00297011	0.00119106	9.19395e-05	
OG0009353	0.0422924	0.0116455	0.000426341	
OG0009354	1.31684e-05	5.98941e-06	6.6631e-07	
OG0009355	0.00303222	0.00129558	9.73835e-05	
OG0009356	0.00297011	0.00119106	9.19395e-05	
OG0009357	0.00297011	0.00119106	9.19395e-05	
OG0009358	0.00410716	0.00312747	0.000213165	
OG0009359	0.00303222	0.00129558	9.73835e-05	
OG0009360	0.00297011	0.00119106	9.19395e-05	
OG0009361	0.00286495	0.000937321	5.26379e-05	
OG0009362	0.00410716	0.00312747	0.000213165	
OG0009363	0.00410716	0.00312747	0.000213165	
OG0009364	0.00281896	0.000832852	3.75681e-05	
OG0009365	0.00303222	0.00129558	9.73835e-05	
OG0009366	0.00297011	0.00119106	9.19395e-05	
OG0009367	3.38469e-05	5.29153e-05	7.2862e-06	
OG0009368	0.0422924	0.0116455	0.000426341	
OG0009369	1.98508e-06	8.40348e-06	2.93264e-06	
OG0009370	0.000210057	0.000123345	1.90658e-05	
OG0009371	0.00297011	0.00119106	9.19395e-05	
OG0009372	0.000288438	0.000319868	4.59685e-05	
OG0009373	0.0031825	0.00160503	0.00013191	
OG0009374	0.00297011	0.00119106	9.19395e-05	
OG0009375	0.000162435	0.000850309	0.000129895	
OG0009376	1.92381e-05	2.29742e-05	4.0705e-06	
OG0009377	0.00297011	0.00119106	9.19395e-05	
OG0009378	8.47298e-07	3.12149e-06	1.21632e-06	
OG0009379	0.000288438	0.000319868	4.59685e-05	
OG0009380	0.0422924	0.0116455	0.000426341	
OG0009381	0.00297011	0.00119106	9.19395e-05	
OG0009382	0.00410716	0.00312747	0.000213165	
OG0009383	0.00297011	0.00119106	9.19395e-05	
OG0009384	0.00286495	0.000937321	5.26379e-05	
OG0009385	0.0422924	0.0116455	0.000426341	
OG0009387	0.000294469	0.000347936	4.86904e-05	
OG0009388	0.00297011	0.00119106	9.19395e-05	
OG0009389	0.0422924	0.0116455	0.000426341	
OG0009390	0.0422924	0.0116455	0.000426341	
OG0009391	1.41989e-07	9.93912e-07	7.72569e-07	
OG0009392	1.61538e-05	2.03489e-05	8.7181e-06	
OG0009393	0.0422924	0.0116455	0.000426341	
OG0009394	0.000162435	0.000850309	0.000129895	
OG0009395	0.000288438	0.000319868	4.59685e-05	
OG0009396	0.0422924	0.0116455	0.000426341	
OG0009397	2.19307e-05	4.87488e-05	2.00961e-05	
OG0009398	0.000288438	0.000319868	4.59685e-05	
OG0009399	0.00410716	0.00312747	0.000213165	
OG0009400	1.95727e-05	2.60381e-05	5.80233e-06	
OG0009401	0.00410716	0.00312747	0.000213165	
OG0009402	0.00410716	0.00312747	0.000213165	
OG0009403	9.1635e-07	5.12049e-06	3.85564e-06	
OG0009404	0.000202241	9.30512e-05	8.62068e-06	
OG0009405	0.00410716	0.00312747	0.000213165	
OG0009406	0.00303222	0.00129558	9.73835e-05	
OG0009407	0.00286495	0.000937321	5.26379e-05	
OG0009408	0.00410716	0.00312747	0.000213165	
OG0009409	0.0031825	0.00160503	0.00013191	
OG0009410	0.0422924	0.0116455	0.000426341	
OG0009411	0.00297011	0.00119106	9.19395e-05	
OG0009412	0.0422924	0.0116455	0.000426341	
OG0009413	0.0031825	0.00160503	0.00013191	
OG0009414	0.0031825	0.00160503	0.00013191	
OG0009415	0.00297011	0.00119106	9.19395e-05	
OG0009416	0.0422924	0.0116455	0.000426341	
OG0009417	0.00297011	0.00119106	9.19395e-05	
OG0009418	0.00297011	0.00119106	9.19395e-05	
OG0009419	0.000198099	8.5547e-05	8.14122e-06	
OG0009420	0.0422924	0.0116455	0.000426341	
OG0009421	0.0031825	0.00160503	0.00013191	
OG0009422	0.00410716	0.00312747	0.000213165	
OG0009423	1.98508e-06	8.40348e-06	2.93264e-06	
OG0009424	0.00297958	0.00118449	8.4147e-05	
OG0009425	0.00297011	0.00119106	9.19395e-05	
OG0009426	0.000199528	8.83857e-05	8.62482e-06	
OG0009427	0.00297011	0.00119106	9.19395e-05	
OG0009428	0.0031825	0.00160503	0.00013191	
OG0009429	0.00410716	0.00312747	0.000213165	
OG0009430	0.00410716	0.00312747	0.000213165	
OG0009431	0.0031825	0.00160503	0.00013191	
OG0009432	0.00410716	0.00312747	0.000213165	
OG0009433	0.00297011	0.00119106	9.19395e-05	
OG0009434	0.00297011	0.00119106	9.19395e-05	
OG0009435	9.65725e-07	6.60862e-06	5.91253e-06	
OG0009436	0.00281896	0.000832852	3.75681e-05	
OG0009437	0.00297011	0.00119106	9.19395e-05	
OG0009438	0.000294469	0.000347936	4.86904e-05	
OG0009439	9.65725e-07	6.60862e-06	5.91253e-06	
OG0009440	0.000288438	0.000319868	4.59685e-05	
OG0009441	0.000212962	0.000133271	2.1703e-05	
OG0009442	0.00297011	0.00119106	9.19395e-05	
OG0009443	0.00281896	0.000832852	3.75681e-05	
OG0009444	0.00410716	0.00312747	0.000213165	
OG0009445	0.00410716	0.00312747	0.000213165	
OG0009446	0.000288438	0.000319868	4.59685e-05	
OG0009447	0.00297011	0.00119106	9.19395e-05	
OG0009448	0.00297011	0.00119106	9.19395e-05	
OG0009449	0.00303222	0.00129558	9.73835e-05	
OG0009450	0.00410716	0.00312747	0.000213165	
OG0009451	0.00297011	0.00119106	9.19395e-05	
OG0009452	0.00297011	0.00119106	9.19395e-05	
OG0009453	0.000162435	0.000850309	0.000129895	
OG0009454	0.00297011	0.00119106	9.19395e-05	
OG0009455	0.00297011	0.00119106	9.19395e-05	
OG0009456	0.00297011	0.00119106	9.19395e-05	
OG0009457	1.7475e-05	5.93688e-05	1.61599e-05	
OG0009458	0.000288438	0.000319868	4.59685e-05	
OG0009459	0.0422924	0.0116455	0.000426341	
OG0009460	0.00297011	0.00119106	9.19395e-05	
OG0009461	0.00410716	0.00312747	0.000213165	
OG0009462	0.00410716	0.00312747	0.000213165	
OG0009463	0.00297011	0.00119106	9.19395e-05	
OG0009464	0.00297011	0.00119106	9.19395e-05	
OG0009465	0.00297011	0.00119106	9.19395e-05	
OG0009466	9.65725e-07	6.60862e-06	5.91253e-06	
OG0009467	1.4204e-05	9.57169e-06	1.92098e-06	
OG0009468	0.00297011	0.00119106	9.19395e-05	
OG0009469	0.00297011	0.00119106	9.19395e-05	
OG0009470	0.00297011	0.00119106	9.19395e-05	
OG0009471	0.00297011	0.00119106	9.19395e-05	
OG0009472	0.0422924	0.0116455	0.000426341	
OG0009473	0.000202163	9.29545e-05	8.75561e-06	
OG0009474	0.0422924	0.0116455	0.000426341	
OG0009475	0.000225826	0.000181521	4.01933e-05	
OG0009476	0.00303222	0.00129558	9.73835e-05	
OG0009477	0.00297011	0.00119106	9.19395e-05	
OG0009478	3.38469e-05	5.29153e-05	7.2862e-06	
OG0009479	0.0422924	0.0116455	0.000426341	
OG0009480	1.32859e-06	9.03705e-06	6.93397e-06	
OG0009481	0.0031825	0.00160503	0.00013191	
OG0009482	0.00297011	0.00119106	9.19395e-05	
OG0009483	0.000288438	0.000319868	4.59685e-05	
OG0009484	3.85812e-07	2.09323e-06	1.34667e-06	
OG0009485	0.000288438	0.000319868	4.59685e-05	
OG0009486	0.00286495	0.000937321	5.26379e-05	
OG0009487	0.00297011	0.00119106	9.19395e-05	
OG0009488	0.00303222	0.00129558	9.73835e-05	
OG0009489	0.00297011	0.00119106	9.19395e-05	
OG0009490	0.00303222	0.00129558	9.73835e-05	
OG0009491	2.19307e-05	4.87488e-05	2.00961e-05	
OG0009492	0.00297011	0.00119106	9.19395e-05	
OG0009493	0.00297011	0.00119106	9.19395e-05	
OG0009494	0.00281896	0.000832852	3.75681e-05	
OG0009495	0.0031825	0.00160503	0.00013191	
OG0009496	0.000198883	8.63363e-05	8.03706e-06	
OG0009497	0.00297011	0.00119106	9.19395e-05	
OG0009498	0.00297011	0.00119106	9.19395e-05	
OG0009499	0.00297011	0.00119106	9.19395e-05	
OG0009500	0.00297011	0.00119106	9.19395e-05	
OG0009501	0.00297011	0.00119106	9.19395e-05	
OG0009502	0.00297011	0.00119106	9.19395e-05	
OG0009503	0.00297011	0.00119106	9.19395e-05	
OG0009504	0.00297011	0.00119106	9.19395e-05	
OG0009505	0.000225826	0.000181521	4.01933e-05	
OG0009506	0.00297011	0.00119106	9.19395e-05	
OG0009507	1.27036e-05	4.34602e-05	1.37362e-05	
OG0009508	0.00297011	0.00119106	9.19395e-05	
OG0009509	0.0031825	0.00160503	0.00013191	
OG0009510	0.00281896	0.000832852	3.75681e-05	
OG0009511	0.0031825	0.00160503	0.00013191	
OG0009512	0.00297011	0.00119106	9.19395e-05	
OG0009513	0.00303222	0.00129558	9.73835e-05	
OG0009514	0.00297011	0.00119106	9.19395e-05	
OG0009515	0.00297011	0.00119106	9.19395e-05	
OG0009516	0.00297011	0.00119106	9.19395e-05	
OG0009517	0.0031825	0.00160503	0.00013191	
OG0009518	1.51971e-05	1.40852e-05	3.95477e-06	
OG0009519	3.63337e-06	1.98832e-05	9.18528e-06	
OG0009520	0.0422924	0.0116455	0.000426341	
OG0009521	0.000507468	0.000736736	8.22872e-05	
OG0009522	0.00297011	0.00119106	9.19395e-05	
OG0009523	0.00297011	0.00119106	9.19395e-05	
OG0009524	0.00297011	0.00119106	9.19395e-05	
OG0009525	0.00410716	0.00312747	0.000213165	
OG0009526	1.17169e-05	0.000100193	3.65593e-05	
OG0009527	0.0422924	0.0116455	0.000426341	
OG0009528	0.0422924	0.0116455	0.000426341	
OG0009529	0.00410716	0.00312747	0.000213165	
OG0009530	0.000507468	0.000736736	8.22872e-05	
OG0009531	0.00410716	0.00312747	0.000213165	
OG0009532	2.09723e-05	3.50878e-05	8.32393e-06	
OG0009533	0.000288438	0.000319868	4.59685e-05	
OG0009534	0.000288438	0.000319868	4.59685e-05	
OG0009535	1.58718e-11	5.89359e-09	6.57848e-08	
OG0009536	1.93769e-05	2.37366e-05	4.31229e-06	
OG0009537	0.00410716	0.00312747	0.000213165	
OG0009538	0.00410716	0.00312747	0.000213165	
OG0009539	1.10598e-06	1.76134e-06	1.42279e-06	
OG0009540	1.23478e-05	0.000129477	5.69884e-05	
OG0009541	1.92381e-05	2.29742e-05	4.0705e-06	
OG0009542	3.85812e-07	2.09323e-06	1.34667e-06	
OG0009543	0.00410716	0.00312747	0.000213165	
OG0009544	0.00297011	0.00119106	9.19395e-05	
OG0009545	0.00410716	0.00312747	0.000213165	
OG0009546	0.0422924	0.0116455	0.000426341	
OG0009547	0.00410716	0.00312747	0.000213165	
OG0009548	0.00410716	0.00312747	0.000213165	
OG0009549	0.00410716	0.00312747	0.000213165	
OG0009550	0.00297011	0.00119106	9.19395e-05	
OG0009551	0.00297011	0.00119106	9.19395e-05	
OG0009552	0.00297011	0.00119106	9.19395e-05	
OG0009553	0.00297011	0.00119106	9.19395e-05	
OG0009554	0.00297011	0.00119106	9.19395e-05	
OG0009555	0.00297011	0.00119106	9.19395e-05	
OG0009556	0.00297011	0.00119106	9.19395e-05	
OG0009557	0.0031825	0.00160503	0.00013191	
OG0009558	0.00297011	0.00119106	9.19395e-05	
OG0009559	0.00297011	0.00119106	9.19395e-05	
OG0009560	0.00297011	0.00119106	9.19395e-05	
OG0009561	0.00297011	0.00119106	9.19395e-05	
OG0009562	0.00297011	0.00119106	9.19395e-05	
OG0009563	0.000212962	0.000133271	2.1703e-05	
OG0009564	0.00297011	0.00119106	9.19395e-05	
OG0009565	0.00297011	0.00119106	9.19395e-05	
OG0009566	0.00297011	0.00119106	9.19395e-05	
OG0009567	1.51971e-05	1.40852e-05	3.95477e-06	
OG0009568	0.00019797	8.51854e-05	8.1109e-06	
OG0009569	0.0031825	0.00160503	0.00013191	
OG0009570	0.00297011	0.00119106	9.19395e-05	
OG0009571	0.00297011	0.00119106	9.19395e-05	
OG0009572	0.00297958	0.00118449	8.4147e-05	
OG0009573	0.00297011	0.00119106	9.19395e-05	
OG0009574	0.00297011	0.00119106	9.19395e-05	
OG0009575	3.44355e-05	5.99718e-05	1.03851e-05	
OG0009576	0.0422924	0.0116455	0.000426341	
OG0009577	0.00297011	0.00119106	9.19395e-05	
OG0009578	0.0422924	0.0116455	0.000426341	
OG0009579	0.0422924	0.0116455	0.000426341	
OG0009580	1.99819e-05	2.83211e-05	6.14057e-06	
OG0009581	9.65725e-07	6.60862e-06	5.91253e-06	
OG0009582	0.00297011	0.00119106	9.19395e-05	
OG0009583	0.0422924	0.0116455	0.000426341	
OG0009584	0.00303222	0.00129558	9.73835e-05	
OG0009585	0.00297011	0.00119106	9.19395e-05	
OG0009586	0.00297011	0.00119106	9.19395e-05	
OG0009587	0.00410716	0.00312747	0.000213165	
OG0009588	0.0422924	0.0116455	0.000426341	
OG0009589	0.0031825	0.00160503	0.00013191	
OG0009590	3.57815e-09	1.1224e-07	1.77383e-07	
OG0009591	0.00297011	0.00119106	9.19395e-05	
OG0009592	0.0031825	0.00160503	0.00013191	
OG0009593	0.00410716	0.00312747	0.000213165	
OG0009594	0.00297011	0.00119106	9.19395e-05	
OG0009595	0.000202163	9.29545e-05	8.75561e-06	
OG0009596	0.00286495	0.000937321	5.26379e-05	
OG0009597	1.36512e-06	2.43482e-06	8.77839e-07	
OG0009598	0.00297011	0.00119106	9.19395e-05	
OG0009599	0.00303222	0.00129558	9.73835e-05	
OG0009600	0.00297011	0.00119106	9.19395e-05	
OG0009601	0.00303222	0.00129558	9.73835e-05	
OG0009602	0.0422924	0.0116455	0.000426341	
OG0009603	1.54142e-06	6.25783e-06	2.15068e-06	
OG0009604	0.000223956	0.000173036	3.13416e-05	
OG0009605	1.51227e-05	1.30745e-05	3.39993e-06	
OG0009606	1.84575e-07	9.21543e-07	7.4371e-07	
OG0009607	0.00297011	0.00119106	9.19395e-05	
OG0009608	1.08392e-06	1.67556e-06	7.90713e-07	
OG0009609	0.0031825	0.00160503	0.00013191	
OG0009610	2.09803e-06	1.21635e-05	7.39573e-06	
OG0009611	0.00297011	0.00119106	9.19395e-05	
OG0009612	0.00297011	0.00119106	9.19395e-05	
OG0009613	0.00297011	0.00119106	9.19395e-05	
OG0009614	0.00297011	0.00119106	9.19395e-05	
OG0009615	0.00297011	0.00119106	9.19395e-05	
OG0009616	0.00297011	0.00119106	9.19395e-05	
OG0009617	0.00297011	0.00119106	9.19395e-05	
OG0009618	0.00297011	0.00119106	9.19395e-05	
OG0009619	0.00297011	0.00119106	9.19395e-05	
OG0009620	0.00297011	0.00119106	9.19395e-05	
OG0009621	0.00297011	0.00119106	9.19395e-05	
OG0009622	0.000214335	0.000127036	1.66174e-05	
OG0009623	8.01021e-06	1.87106e-05	4.00755e-06	
OG0009624	0.00297011	0.00119106	9.19395e-05	
OG0009625	0.0422924	0.0116455	0.000426341	
OG0009626	0.00297011	0.00119106	9.19395e-05	
OG0009627	0.00297011	0.00119106	9.19395e-05	
OG0009628	1.56234e-05	1.60405e-05	5.53926e-06	
OG0009629	1.98508e-06	8.40348e-06	2.93264e-06	
OG0009630	0.000187509	5.85604e-05	3.08865e-06	
OG0009631	0.00297011	0.00119106	9.19395e-05	
OG0009632	3.85526e-05	0.000111163	3.47015e-05	
OG0009633	0.00297011	0.00119106	9.19395e-05	
OG0009634	0.00297011	0.00119106	9.19395e-05	
OG0009635	0.0031825	0.00160503	0.00013191	
OG0009636	0.0422924	0.0116455	0.000426341	
OG0009637	0.00297011	0.00119106	9.19395e-05	
OG0009638	0.00297011	0.00119106	9.19395e-05	
OG0009639	1.49373e-05	1.2428e-05	2.77502e-06	
OG0009640	0.0422924	0.0116455	0.000426341	
OG0009641	0.0422924	0.0116455	0.000426341	
OG0009642	1.49373e-05	1.2428e-05	2.77502e-06	
OG0009643	0.0422924	0.0116455	0.000426341	
OG0009644	0.00410716	0.00312747	0.000213165	
OG0009645	0.000212962	0.000133271	2.1703e-05	
OG0009646	0.0422924	0.0116455	0.000426341	
OG0009647	1.22842e-06	6.19222e-06	3.75625e-06	
OG0009648	0.00297011	0.00119106	9.19395e-05	
OG0009649	0.00297011	0.00119106	9.19395e-05	
OG0009650	0.00297011	0.00119106	9.19395e-05	
OG0009651	1.4204e-05	9.57169e-06	1.92098e-06	
OG0009652	0.00303222	0.00129558	9.73835e-05	
OG0009653	0.00297011	0.00119106	9.19395e-05	
OG0009654	0.00297011	0.00119106	9.19395e-05	
OG0009655	0.00297011	0.00119106	9.19395e-05	
OG0009656	0.00297011	0.00119106	9.19395e-05	
OG0009657	0.00297011	0.00119106	9.19395e-05	
OG0009658	1.16552e-06	4.26382e-06	1.43007e-06	
OG0009659	0.00297011	0.00119106	9.19395e-05	
OG0009660	0.00303222	0.00129558	9.73835e-05	
OG0009661	0.000288438	0.000319868	4.59685e-05	
OG0009662	0.00303222	0.00129558	9.73835e-05	
OG0009663	0.0422924	0.0116455	0.000426341	
OG0009664	1.4204e-05	9.57169e-06	1.92098e-06	
OG0009665	0.00297011	0.00119106	9.19395e-05	
OG0009666	0.00297011	0.00119106	9.19395e-05	
OG0009667	0.00297011	0.00119106	9.19395e-05	
OG0009668	0.000212265	0.00011528	1.16802e-05	
OG0009669	0.0031825	0.00160503	0.00013191	
OG0009670	0.00297011	0.00119106	9.19395e-05	
OG0009671	0.00297011	0.00119106	9.19395e-05	
OG0009672	0.00297011	0.00119106	9.19395e-05	
OG0009673	0.00297011	0.00119106	9.19395e-05	
OG0009674	4.0777e-09	2.37166e-07	8.50704e-07	
OG0009675	0.00297011	0.00119106	9.19395e-05	
OG0009676	6.57814e-14	2.07416e-10	9.27679e-09	
OG0009677	0.00297011	0.00119106	9.19395e-05	
OG0009678	0.00297011	0.00119106	9.19395e-05	
OG0009679	3.85526e-05	0.000111163	3.47015e-05	
OG0009680	0.000191012	6.71193e-05	4.60686e-06	
OG0009681	0.00022841	0.000185399	3.34502e-05	
OG0009682	0.00297011	0.00119106	9.19395e-05	
OG0009683	0.00303222	0.00129558	9.73835e-05	
OG0009684	0.0031825	0.00160503	0.00013191	
OG0009685	0.00297011	0.00119106	9.19395e-05	
OG0009686	2.31106e-05	8.71274e-05	2.42893e-05	
OG0009687	0.000198728	8.50643e-05	7.44465e-06	
OG0009688	0.00297011	0.00119106	9.19395e-05	
OG0009689	1.27036e-05	4.34602e-05	1.37362e-05	
OG0009690	0.000212962	0.000133271	2.1703e-05	
OG0009691	0.00297011	0.00119106	9.19395e-05	
OG0009692	0.0422924	0.0116455	0.000426341	
OG0009693	0.00297011	0.00119106	9.19395e-05	
OG0009694	0.000288438	0.000319868	4.59685e-05	
OG0009695	0.00297011	0.00119106	9.19395e-05	
OG0009696	0.00297011	0.00119106	9.19395e-05	
OG0009697	0.00297011	0.00119106	9.19395e-05	
OG0009698	0.00297011	0.00119106	9.19395e-05	
OG0009699	0.00297011	0.00119106	9.19395e-05	
OG0009700	0.0031825	0.00160503	0.00013191	
OG0009701	0.00297011	0.00119106	9.19395e-05	
OG0009702	0.0422924	0.0116455	0.000426341	
OG0009703	0.00022841	0.000185399	3.34502e-05	
OG0009704	0.00297011	0.00119106	9.19395e-05	
OG0009705	0.00297011	0.00119106	9.19395e-05	
OG0009706	0.00303222	0.00129558	9.73835e-05	
OG0009707	0.00303222	0.00129558	9.73835e-05	
OG0009708	2.17573e-07	1.55873e-06	1.26807e-06	
OG0009709	0.00297011	0.00119106	9.19395e-05	
OG0009710	0.00297011	0.00119106	9.19395e-05	
OG0009711	0.00297011	0.00119106	9.19395e-05	
OG0009712	0.00297011	0.00119106	9.19395e-05	
OG0009713	9.50496e-07	7.33689e-07	2.31908e-07	
OG0009714	0.00303222	0.00129558	9.73835e-05	
OG0009715	0.000212962	0.000133271	2.1703e-05	
OG0009716	1.18578e-06	4.83181e-06	2.03565e-06	
OG0009717	0.0422924	0.0116455	0.000426341	
OG0009718	0.00297011	0.00119106	9.19395e-05	
OG0009719	0.0422924	0.0116455	0.000426341	
OG0009720	3.38469e-05	5.29153e-05	7.2862e-06	
OG0009721	1.05866e-25	1.81378e-18	5.92678e-14	
OG0009722	1.2673e-18	7.68614e-15	2.12648e-12	
OG0009723	2.89309e-15	1.1038e-12	3.02511e-11	
OG0009724	7.22153e-08	1.09523e-07	9.38915e-08	
OG0009940	0.000312282	0.000477038	9.43315e-05	
OG0009941	0.0422924	0.0116455	0.000426341	
OG0009942	0.000191012	6.71193e-05	4.60686e-06	
OG0009943	0.0422924	0.0116455	0.000426341	
OG0009944	1.15941e-09	1.23286e-08	2.57589e-08	
OG0009945	0.0422924	0.0116455	0.000426341	
OG0009947	1.0834e-05	6.10727e-05	1.15022e-05	
OG0009949	0.000225826	0.000181521	4.01933e-05	
OG0009950	0.00410716	0.00312747	0.000213165	
OG0009951	0.0422924	0.0116455	0.000426341	
OG0009952	0.000273938	0.000224628	1.8876e-05	
OG0009953	0.00410716	0.00312747	0.000213165	
OG0009954	2.19307e-05	4.87488e-05	2.00961e-05	
OG0009955	2.58804e-06	9.24958e-06	4.72765e-06	
OG0009956	0.0422924	0.0116455	0.000426341	
OG0009957	0.000273938	0.000224628	1.8876e-05	
OG0009958	0.000273938	0.000224628	1.8876e-05	
OG0009959	1.14974e-05	9.02489e-05	2.98639e-05	
OG0009962	0.000225826	0.000181521	4.01933e-05	
OG0009963	0.000198099	8.5547e-05	8.14122e-06	
OG0009964	1.92381e-05	2.29742e-05	4.0705e-06	
OG0009965	0.0422924	0.0116455	0.000426341	
OG0009966	0.0422924	0.0116455	0.000426341	
OG0009967	0.0422924	0.0116455	0.000426341	
OG0009968	0.0422924	0.0116455	0.000426341	
OG0009969	1.0834e-05	6.10727e-05	1.15022e-05	
OG0009970	0.00410716	0.00312747	0.000213165	
OG0009971	0.0422924	0.0116455	0.000426341	
OG0009972	0.000312282	0.000477038	9.43315e-05	
OG0009973	0.0422924	0.0116455	0.000426341	
OG0009974	0.0422924	0.0116455	0.000426341	
OG0009975	0.0422924	0.0116455	0.000426341	
OG0009976	0.0422924	0.0116455	0.000426341	
OG0009977	0.0422924	0.0116455	0.000426341	
OG0009978	0.0422924	0.0116455	0.000426341	
OG0009979	0.0422924	0.0116455	0.000426341	
OG0009980	0.0422924	0.0116455	0.000426341	
OG0009981	0.0422924	0.0116455	0.000426341	
OG0009982	0.000198099	8.5547e-05	8.14122e-06	
OG0009983	0.000198099	8.5547e-05	8.14122e-06	
OG0009984	0.0422924	0.0116455	0.000426341	
OG0009985	0.000198099	8.5547e-05	8.14122e-06	
OG0009986	0.0422924	0.0116455	0.000426341	
OG0009987	0.00410716	0.00312747	0.000213165	
OG0009988	0.0422924	0.0116455	0.000426341	
OG0009989	0.0422924	0.0116455	0.000426341	
OG0009990	5.3953e-07	2.6024e-06	1.61678e-06	
OG0009991	0.0422924	0.0116455	0.000426341	
OG0009992	0.000225826	0.000181521	4.01933e-05	
OG0009993	0.0422924	0.0116455	0.000426341	
OG0009994	0.000205758	0.000105457	1.22815e-05	
OG0009995	0.0422924	0.0116455	0.000426341	
OG0009996	0.0422924	0.0116455	0.000426341	
OG0009997	0.00410716	0.00312747	0.000213165	
OG0009998	0.00297011	0.00119106	9.19395e-05	
OG0009999	0.0422924	0.0116455	0.000426341	
OG0010000	0.0422924	0.0116455	0.000426341	
OG0010001	0.00410716	0.00312747	0.000213165	
OG0010002	8.37897e-07	1.05402e-05	7.19444e-06	
OG0010003	0.0422924	0.0116455	0.000426341	
OG0010004	0.000217832	0.000142969	2.32574e-05	
OG0010005	2.19307e-05	4.87488e-05	2.00961e-05	
OG0010006	0.0422924	0.0116455	0.000426341	
OG0010007	0.00297011	0.00119106	9.19395e-05	
OG0010008	0.0422924	0.0116455	0.000426341	
OG0010009	0.000312282	0.000477038	9.43315e-05	
OG0010010	0.00297011	0.00119106	9.19395e-05	
OG0010011	0.0422924	0.0116455	0.000426341	
OG0010012	2.58804e-06	9.24958e-06	4.72765e-06	
OG0010013	0.0422924	0.0116455	0.000426341	
OG0010014	0.000225826	0.000181521	4.01933e-05	
OG0010015	0.0422924	0.0116455	0.000426341	
OG0010016	0.0422924	0.0116455	0.000426341	
OG0010017	0.0422924	0.0116455	0.000426341	
OG0010018	0.00297011	0.00119106	9.19395e-05	
OG0010019	0.0422924	0.0116455	0.000426341	
OG0010020	0.0422924	0.0116455	0.000426341	
OG0010021	0.000225826	0.000181521	4.01933e-05	
OG0010022	1.23478e-05	0.000129477	5.69884e-05	
OG0010023	0.0422924	0.0116455	0.000426341	
OG0010024	0.0422924	0.0116455	0.000426341	
OG0010025	0.0422924	0.0116455	0.000426341	
OG0010026	0.0422924	0.0116455	0.000426341	
OG0010027	0.0422924	0.0116455	0.000426341	
OG0010028	0.0422924	0.0116455	0.000426341	
OG0010029	0.0422924	0.0116455	0.000426341	
OG0010030	0.0422924	0.0116455	0.000426341	
OG0010031	1.06524e-06	1.35092e-06	7.4223e-07	
OG0010032	0.000205758	0.000105457	1.22815e-05	
OG0010033	0.0422924	0.0116455	0.000426341	
OG0010034	0.0422924	0.0116455	0.000426341	
OG0010035	0.0422924	0.0116455	0.000426341	
OG0010036	0.000225826	0.000181521	4.01933e-05	
OG0010037	0.00410716	0.00312747	0.000213165	
OG0010038	0.00410716	0.00312747	0.000213165	
OG0010039	0.000201545	9.69558e-05	1.1605e-05	
OG0010040	0.0422924	0.0116455	0.000426341	
OG0010041	0.0422924	0.0116455	0.000426341	
OG0010042	0.0422924	0.0116455	0.000426341	
OG0010043	7.36821e-08	1.67942e-06	1.78021e-06	
OG0010044	0.0422924	0.0116455	0.000426341	
OG0010045	3.64245e-09	4.80861e-07	1.82546e-06	
OG0010046	0.00303222	0.00129558	9.73835e-05	
OG0010047	0.000225826	0.000181521	4.01933e-05	
OG0010048	0.0422924	0.0116455	0.000426341	
OG0010049	0.000278702	0.000254585	2.69079e-05	
OG0010050	0.0422924	0.0116455	0.000426341	
OG0010051	0.00410716	0.00312747	0.000213165	
OG0010052	0.000212265	0.00011528	1.16802e-05	
OG0010053	0.00297011	0.00119106	9.19395e-05	
OG0010054	0.0422924	0.0116455	0.000426341	
OG0010055	0.00297011	0.00119106	9.19395e-05	
OG0010056	0.0422924	0.0116455	0.000426341	
OG0010057	0.0422924	0.0116455	0.000426341	
OG0010058	0.000312282	0.000477038	9.43315e-05	
OG0010059	0.0422924	0.0116455	0.000426341	
OG0010060	0.0422924	0.0116455	0.000426341	
OG0010061	0.0422924	0.0116455	0.000426341	
OG0010062	0.00410716	0.00312747	0.000213165	
OG0010063	0.0422924	0.0116455	0.000426341	
OG0010064	0.0031825	0.00160503	0.00013191	
OG0010065	0.0422924	0.0116455	0.000426341	
OG0010066	0.0422924	0.0116455	0.000426341	
OG0010067	0.00297011	0.00119106	9.19395e-05	
OG0010068	0.000225826	0.000181521	4.01933e-05	
OG0010069	0.0422924	0.0116455	0.000426341	
OG0010070	0.0422924	0.0116455	0.000426341	
OG0010071	0.00298157	0.0012127	9.67273e-05	
OG0010072	8.47298e-07	3.12149e-06	1.21632e-06	
OG0010073	0.000225826	0.000181521	4.01933e-05	
OG0010074	0.0422924	0.0116455	0.000426341	
OG0010075	0.000273938	0.000224628	1.8876e-05	
OG0010076	0.0422924	0.0116455	0.000426341	
OG0010077	0.0422924	0.0116455	0.000426341	
OG0010078	0.0422924	0.0116455	0.000426341	
OG0010079	0.000312282	0.000477038	9.43315e-05	
OG0010080	0.000225826	0.000181521	4.01933e-05	
OG0010081	0.00297011	0.00119106	9.19395e-05	
OG0010082	0.0422924	0.0116455	0.000426341	
OG0010083	0.000201976	9.76077e-05	1.19389e-05	
OG0010084	8.25698e-07	1.04239e-05	8.26417e-06	
OG0010085	0.00303222	0.00129558	9.73835e-05	
OG0010086	0.0422924	0.0116455	0.000426341	
OG0010087	0.000225826	0.000181521	4.01933e-05	
OG0010088	0.00297011	0.00119106	9.19395e-05	
OG0010089	0.0422924	0.0116455	0.000426341	
OG0010090	0.000230549	0.000197499	4.25305e-05	
OG0010091	0.000225826	0.000181521	4.01933e-05	
OG0010092	0.000312282	0.000477038	9.43315e-05	
OG0010093	2.19307e-05	4.87488e-05	2.00961e-05	
OG0010094	0.0422924	0.0116455	0.000426341	
OG0010095	0.000289551	0.000325679	4.83623e-05	
OG0010096	0.0422924	0.0116455	0.000426341	
OG0010097	0.000201545	9.69558e-05	1.1605e-05	
OG0010098	0.0422924	0.0116455	0.000426341	
OG0010099	0.0422924	0.0116455	0.000426341	
OG0010100	8.23574e-07	9.29995e-06	5.04716e-06	
OG0010101	0.0422924	0.0116455	0.000426341	
OG0010102	0.00305071	0.00137235	0.000120143	
OG0010103	0.000273938	0.000224628	1.8876e-05	
OG0010104	0.0422924	0.0116455	0.000426341	
OG0010105	1.92381e-05	2.29742e-05	4.0705e-06	
OG0010106	1.42132e-09	1.0656e-07	5.25985e-07	
OG0010107	0.0422924	0.0116455	0.000426341	
OG0010108	0.0422924	0.0116455	0.000426341	
OG0010109	0.0422924	0.0116455	0.000426341	
OG0010110	0.00410716	0.00312747	0.000213165	
OG0010111	1.98508e-06	8.40348e-06	2.93264e-06	
OG0010112	0.00297011	0.00119106	9.19395e-05	
OG0010113	0.000225826	0.000181521	4.01933e-05	
OG0010114	1.06125e-06	1.33518e-06	6.28747e-07	
OG0010115	1.92381e-05	2.29742e-05	4.0705e-06	
OG0010116	0.00410716	0.00312747	0.000213165	
OG0010117	0.000198099	8.5547e-05	8.14122e-06	
OG0010118	0.0422924	0.0116455	0.000426341	
OG0010119	0.00410716	0.00312747	0.000213165	
OG0010120	0.0422924	0.0116455	0.000426341	
OG0010121	0.0422924	0.0116455	0.000426341	
OG0010122	0.000201545	9.69558e-05	1.1605e-05	
OG0010123	0.0422924	0.0116455	0.000426341	
OG0010124	0.00321564	0.0017763	0.000188668	
OG0010125	1.49373e-05	1.2428e-05	2.77502e-06	
OG0010126	0.000229564	0.000189073	3.69597e-05	
OG0010127	0.0422924	0.0116455	0.000426341	
OG0010128	2.51086e-19	3.64422e-12	5.39926e-09	
OG0010129	0.00297011	0.00119106	9.19395e-05	
OG0010130	0.000288438	0.000319868	4.59685e-05	
OG0010131	0.0422924	0.0116455	0.000426341	
OG0010132	3.38469e-05	5.29153e-05	7.2862e-06	
OG0010133	0.0422924	0.0116455	0.000426341	
OG0010134	0.000201545	9.69558e-05	1.1605e-05	
OG0010135	0.000198099	8.5547e-05	8.14122e-06	
OG0010136	0.0422924	0.0116455	0.000426341	
OG0010137	0.0422924	0.0116455	0.000426341	
OG0010138	8.47298e-07	3.12149e-06	1.21632e-06	
OG0010139	0.000225826	0.000181521	4.01933e-05	
OG0010140	0.00297011	0.00119106	9.19395e-05	
OG0010141	2.96254e-06	1.23346e-05	3.14587e-06	
OG0010142	0.0422924	0.0116455	0.000426341	
OG0010143	0.0422924	0.0116455	0.000426341	
OG0010144	0.000201545	9.69558e-05	1.1605e-05	
OG0010145	0.0422924	0.0116455	0.000426341	
OG0010146	0.000201545	9.69558e-05	1.1605e-05	
OG0010147	0.0422924	0.0116455	0.000426341	
OG0010148	0.0422924	0.0116455	0.000426341	
OG0010149	0.0422924	0.0116455	0.000426341	
OG0010150	0.0422924	0.0116455	0.000426341	
OG0010151	0.00410716	0.00312747	0.000213165	
OG0010152	0.00297011	0.00119106	9.19395e-05	
OG0010153	0.0422924	0.0116455	0.000426341	
OG0010154	0.0422924	0.0116455	0.000426341	
OG0010155	0.0422924	0.0116455	0.000426341	
OG0010156	0.00410716	0.00312747	0.000213165	
OG0010157	0.000191012	6.71193e-05	4.60686e-06	
OG0010158	0.0422924	0.0116455	0.000426341	
OG0010159	0.0422924	0.0116455	0.000426341	
OG0010160	0.0422924	0.0116455	0.000426341	
OG0010161	0.0422924	0.0116455	0.000426341	
OG0010162	0.000312282	0.000477038	9.43315e-05	
OG0010163	0.0422924	0.0116455	0.000426341	
OG0010164	2.08426e-05	3.68952e-05	1.10717e-05	
OG0010165	0.0422924	0.0116455	0.000426341	
OG0010166	1.20088e-07	1.68687e-06	1.80929e-06	
OG0010167	0.0422924	0.0116455	0.000426341	
OG0010168	1.56234e-05	1.60405e-05	5.53926e-06	
OG0010169	0.000312282	0.000477038	9.43315e-05	
OG0010170	0.00410716	0.00312747	0.000213165	
OG0010171	0.0422924	0.0116455	0.000426341	
OG0010172	0.00321564	0.0017763	0.000188668	
OG0010173	0.0422924	0.0116455	0.000426341	
OG0010174	0.0031825	0.00160503	0.00013191	
OG0010175	0.0422924	0.0116455	0.000426341	
OG0010176	0.000162435	0.000850309	0.000129895	
OG0010177	1.49373e-05	1.2428e-05	2.77502e-06	
OG0010178	0.0422924	0.0116455	0.000426341	
OG0010179	0.0422924	0.0116455	0.000426341	
OG0010180	0.0422924	0.0116455	0.000426341	
OG0010181	0.0422924	0.0116455	0.000426341	
OG0010182	4.5414e-09	9.95503e-08	2.09984e-07	
OG0010183	0.00410716	0.00312747	0.000213165	
OG0010184	1.92381e-05	2.29742e-05	4.0705e-06	
OG0010185	0.00303222	0.00129558	9.73835e-05	
OG0010186	0.0422924	0.0116455	0.000426341	
OG0010187	0.0422924	0.0116455	0.000426341	
OG0010188	0.0422924	0.0116455	0.000426341	
OG0010189	0.00297011	0.00119106	9.19395e-05	
OG0010190	0.000273938	0.000224628	1.8876e-05	
OG0010191	0.000223956	0.000173036	3.13416e-05	
OG0010192	0.0422924	0.0116455	0.000426341	
OG0010193	0.000225826	0.000181521	4.01933e-05	
OG0010194	0.000225826	0.000181521	4.01933e-05	
OG0010195	0.0422924	0.0116455	0.000426341	
OG0010196	0.000191215	6.75914e-05	4.68144e-06	
OG0010197	0.0422924	0.0116455	0.000426341	
OG0010198	0.0422924	0.0116455	0.000426341	
OG0010199	0.0422924	0.0116455	0.000426341	
OG0010200	0.00297011	0.00119106	9.19395e-05	
OG0010201	0.0422924	0.0116455	0.000426341	
OG0010202	0.0422924	0.0116455	0.000426341	
OG0010203	0.000312282	0.000477038	9.43315e-05	
OG0010204	0.000289551	0.000325679	4.83623e-05	
OG0010205	0.0422924	0.0116455	0.000426341	
OG0010206	0.000312282	0.000477038	9.43315e-05	
OG0010207	0.000191012	6.71193e-05	4.60686e-06	
OG0010208	0.0422924	0.0116455	0.000426341	
OG0010209	0.0422924	0.0116455	0.000426341	
OG0010210	0.0422924	0.0116455	0.000426341	
OG0010211	0.0422924	0.0116455	0.000426341	
OG0010212	1.81884e-07	8.43734e-07	7.0197e-07	
OG0010213	0.00297011	0.00119106	9.19395e-05	
OG0010214	0.0422924	0.0116455	0.000426341	
OG0010215	0.00410716	0.00312747	0.000213165	
OG0010216	0.00297011	0.00119106	9.19395e-05	
OG0010217	0.000312282	0.000477038	9.43315e-05	
OG0010218	0.000312282	0.000477038	9.43315e-05	
OG0010219	3.14229e-06	1.81683e-05	8.08812e-06	
OG0010220	0.0422924	0.0116455	0.000426341	
OG0010222	2.08148e-05	3.41163e-05	8.30846e-06	
OG0010223	0.0422924	0.0116455	0.000426341	
OG0010224	0.000273938	0.000224628	1.8876e-05	
OG0010225	0.00410716	0.00312747	0.000213165	
OG0010226	0.0422924	0.0116455	0.000426341	
OG0010227	0.0422924	0.0116455	0.000426341	
OG0010228	0.0422924	0.0116455	0.000426341	
OG0010229	0.0422924	0.0116455	0.000426341	
OG0010230	0.0031825	0.00160503	0.00013191	
OG0010231	0.0422924	0.0116455	0.000426341	
OG0010232	0.0422924	0.0116455	0.000426341	
OG0010233	0.000288438	0.000319868	4.59685e-05	
OG0010234	1.49373e-05	1.2428e-05	2.77502e-06	
OG0010235	0.0422924	0.0116455	0.000426341	
OG0010236	0.000273938	0.000224628	1.8876e-05	
OG0010237	0.0422924	0.0116455	0.000426341	
OG0010238	0.0422924	0.0116455	0.000426341	
OG0010239	0.0422924	0.0116455	0.000426341	
OG0010240	0.0422924	0.0116455	0.000426341	
OG0010241	0.0422924	0.0116455	0.000426341	
OG0010242	0.000225826	0.000181521	4.01933e-05	
OG0010243	0.0422924	0.0116455	0.000426341	
OG0010244	0.000312282	0.000477038	9.43315e-05	
OG0010245	0.00297011	0.00119106	9.19395e-05	
OG0010246	2.08148e-05	3.41163e-05	8.30846e-06	
OG0010247	0.0422924	0.0116455	0.000426341	
OG0010248	0.0422924	0.0116455	0.000426341	
OG0010249	0.0422924	0.0116455	0.000426341	
OG0010250	0.00410716	0.00312747	0.000213165	
OG0010251	0.000273938	0.000224628	1.8876e-05	
OG0010252	0.000199528	8.83857e-05	8.62482e-06	
OG0010253	0.0422924	0.0116455	0.000426341	
OG0010254	0.000273938	0.000224628	1.8876e-05	
OG0010255	0.00297011	0.00119106	9.19395e-05	
OG0010256	0.0422924	0.0116455	0.000426341	
OG0010257	0.0422924	0.0116455	0.000426341	
OG0010258	0.0422924	0.0116455	0.000426341	
OG0010259	4.02097e-08	2.61052e-07	2.90956e-07	
OG0010260	0.0422924	0.0116455	0.000426341	
OG0010261	0.0422924	0.0116455	0.000426341	
OG0010262	0.0422924	0.0116455	0.000426341	
OG0010263	0.00410716	0.00312747	0.000213165	
OG0010264	0.0422924	0.0116455	0.000426341	
OG0010265	0.0422924	0.0116455	0.000426341	
OG0010266	0.000212265	0.00011528	1.16802e-05	
OG0010267	0.0422924	0.0116455	0.000426341	
OG0010268	0.0422924	0.0116455	0.000426341	
OG0010269	0.0422924	0.0116455	0.000426341	
OG0010270	0.0422924	0.0116455	0.000426341	
OG0010271	0.0422924	0.0116455	0.000426341	
OG0010272	0.00410716	0.00312747	0.000213165	
OG0010273	0.000288438	0.000319868	4.59685e-05	
OG0010274	9.66309e-07	7.43472e-07	2.07249e-07	
OG0010275	0.0422924	0.0116455	0.000426341	
OG0010276	1.92381e-05	2.29742e-05	4.0705e-06	
OG0010277	0.000289551	0.000325679	4.83623e-05	
OG0010278	0.00297011	0.00119106	9.19395e-05	
OG0010279	0.00297011	0.00119106	9.19395e-05	
OG0010280	0.00297011	0.00119106	9.19395e-05	
OG0010281	0.0422924	0.0116455	0.000426341	
OG0010282	0.00297011	0.00119106	9.19395e-05	
OG0010283	0.0422924	0.0116455	0.000426341	
OG0010284	0.0422924	0.0116455	0.000426341	
OG0010285	0.00297011	0.00119106	9.19395e-05	
OG0010286	0.000191012	6.71193e-05	4.60686e-06	
OG0010287	0.00410716	0.00312747	0.000213165	
OG0010288	0.0422924	0.0116455	0.000426341	
OG0010289	1.45387e-05	1.03098e-05	2.07125e-06	
OG0010290	0.00410716	0.00312747	0.000213165	
OG0010291	0.0422924	0.0116455	0.000426341	
OG0010292	0.0422924	0.0116455	0.000426341	
OG0010293	0.000198099	8.5547e-05	8.14122e-06	
OG0010294	0.0422924	0.0116455	0.000426341	
OG0010295	0.000289551	0.000325679	4.83623e-05	
OG0010296	0.0422924	0.0116455	0.000426341	
OG0010297	0.0422924	0.0116455	0.000426341	
OG0010298	0.00297011	0.00119106	9.19395e-05	
OG0010299	0.0422924	0.0116455	0.000426341	
OG0010300	0.0422924	0.0116455	0.000426341	
OG0010301	0.000312282	0.000477038	9.43315e-05	
OG0010302	1.06183e-07	4.48155e-07	3.46299e-07	
OG0010303	0.0422924	0.0116455	0.000426341	
OG0010304	0.0422924	0.0116455	0.000426341	
OG0010305	0.00410716	0.00312747	0.000213165	
OG0010306	0.0422924	0.0116455	0.000426341	
OG0010307	0.000201545	9.69558e-05	1.1605e-05	
OG0010308	0.0422924	0.0116455	0.000426341	
OG0010309	0.0422924	0.0116455	0.000426341	
OG0010310	0.00281896	0.000832852	3.75681e-05	
OG0010311	0.0422924	0.0116455	0.000426341	
OG0010312	0.0031825	0.00160503	0.00013191	
OG0010313	0.0422924	0.0116455	0.000426341	
OG0010314	0.00297011	0.00119106	9.19395e-05	
OG0010315	0.0422924	0.0116455	0.000426341	
OG0010316	0.0422924	0.0116455	0.000426341	
OG0010317	0.0422924	0.0116455	0.000426341	
OG0010318	0.0422924	0.0116455	0.000426341	
OG0010319	0.000205758	0.000105457	1.22815e-05	
OG0010320	0.000278702	0.000254585	2.69079e-05	
OG0010321	0.0422924	0.0116455	0.000426341	
OG0010322	0.0422924	0.0116455	0.000426341	
OG0010323	0.000225826	0.000181521	4.01933e-05	
OG0010324	0.0422924	0.0116455	0.000426341	
OG0010325	0.0422924	0.0116455	0.000426341	
OG0010326	0.00297011	0.00119106	9.19395e-05	
OG0010327	0.000312282	0.000477038	9.43315e-05	
OG0010328	0.0422924	0.0116455	0.000426341	
OG0010329	0.0422924	0.0116455	0.000426341	
OG0010330	0.000198099	8.5547e-05	8.14122e-06	
OG0010331	0.0422924	0.0116455	0.000426341	
OG0010332	0.0422924	0.0116455	0.000426341	
OG0010333	0.0422924	0.0116455	0.000426341	
OG0010334	0.0422924	0.0116455	0.000426341	
OG0010335	0.000225826	0.000181521	4.01933e-05	
OG0010336	0.000198099	8.5547e-05	8.14122e-06	
OG0010337	0.0422924	0.0116455	0.000426341	
OG0010338	0.000225826	0.000181521	4.01933e-05	
OG0010339	0.000202241	9.30512e-05	8.62068e-06	
OG0010340	0.000273938	0.000224628	1.8876e-05	
OG0010341	0.000191215	6.75914e-05	4.68144e-06	
OG0010342	0.00297011	0.00119106	9.19395e-05	
OG0010343	0.000201545	9.69558e-05	1.1605e-05	
OG0010344	0.00410716	0.00312747	0.000213165	
OG0010345	0.000312282	0.000477038	9.43315e-05	
OG0010346	0.000225826	0.000181521	4.01933e-05	
OG0010347	0.0422924	0.0116455	0.000426341	
OG0010348	0.00281896	0.000832852	3.75681e-05	
OG0010349	0.000225826	0.000181521	4.01933e-05	
OG0010350	0.0422924	0.0116455	0.000426341	
OG0010351	0.0422924	0.0116455	0.000426341	
OG0010352	9.65725e-07	6.60862e-06	5.91253e-06	
OG0010353	0.0422924	0.0116455	0.000426341	
OG0010354	1.92381e-05	2.29742e-05	4.0705e-06	
OG0010355	0.0422924	0.0116455	0.000426341	
OG0010356	0.000201545	9.69558e-05	1.1605e-05	
OG0010357	1.23478e-05	0.000129477	5.69884e-05	
OG0010358	0.0422924	0.0116455	0.000426341	
OG0010359	0.00297011	0.00119106	9.19395e-05	
OG0010360	0.0422924	0.0116455	0.000426341	
OG0010361	0.00297011	0.00119106	9.19395e-05	
OG0010362	1.41041e-06	2.74941e-06	1.01786e-06	
OG0010363	0.0422924	0.0116455	0.000426341	
OG0010364	0.0422924	0.0116455	0.000426341	
OG0010365	0.0031825	0.00160503	0.00013191	
OG0010366	0.00410716	0.00312747	0.000213165	
OG0010367	0.0422924	0.0116455	0.000426341	
OG0010368	0.000215957	0.000130653	1.66483e-05	
OG0010369	0.00410716	0.00312747	0.000213165	
OG0010370	0.0422924	0.0116455	0.000426341	
OG0010371	1.95727e-05	2.60381e-05	5.80233e-06	
OG0010372	0.0422924	0.0116455	0.000426341	
OG0010373	0.00410716	0.00312747	0.000213165	
OG0010374	1.07393e-06	1.38309e-06	6.60056e-07	
OG0010375	0.00297011	0.00119106	9.19395e-05	
OG0010376	4.97275e-10	4.99744e-08	3.29984e-07	
OG0010377	0.0422924	0.0116455	0.000426341	
OG0010378	0.0031825	0.00160503	0.00013191	
OG0010379	0.0422924	0.0116455	0.000426341	
OG0010380	0.0028208	0.000836427	3.7753e-05	
OG0010381	0.0422924	0.0116455	0.000426341	
OG0010382	0.00410716	0.00312747	0.000213165	
OG0010383	0.000214335	0.000127036	1.66174e-05	
OG0010384	0.0422924	0.0116455	0.000426341	
OG0010385	0.0422924	0.0116455	0.000426341	
OG0010386	0.0422924	0.0116455	0.000426341	
OG0010387	0.0422924	0.0116455	0.000426341	
OG0010388	0.0422924	0.0116455	0.000426341	
OG0010389	0.00410716	0.00312747	0.000213165	
OG0010390	0.00410716	0.00312747	0.000213165	
OG0010391	0.0422924	0.0116455	0.000426341	
OG0010392	0.0422924	0.0116455	0.000426341	
OG0010393	0.0422924	0.0116455	0.000426341	
OG0010394	0.0422924	0.0116455	0.000426341	
OG0010395	0.0422924	0.0116455	0.000426341	
OG0010396	0.000225826	0.000181521	4.01933e-05	
OG0010397	0.0422924	0.0116455	0.000426341	
OG0010398	0.0422924	0.0116455	0.000426341	
OG0010399	0.00410716	0.00312747	0.000213165	
OG0010400	0.0422924	0.0116455	0.000426341	
OG0010401	0.0422924	0.0116455	0.000426341	
OG0010402	0.0422924	0.0116455	0.000426341	
OG0010403	0.0422924	0.0116455	0.000426341	
OG0010404	0.0422924	0.0116455	0.000426341	
OG0010405	0.0422924	0.0116455	0.000426341	
OG0010406	2.06138e-05	3.09592e-05	5.83994e-06	
OG0010407	0.00410716	0.00312747	0.000213165	
OG0010408	0.000312282	0.000477038	9.43315e-05	
OG0010409	0.00410716	0.00312747	0.000213165	
OG0010410	0.00297011	0.00119106	9.19395e-05	
OG0010411	0.0422924	0.0116455	0.000426341	
OG0010412	0.0422924	0.0116455	0.000426341	
OG0010413	0.000273938	0.000224628	1.8876e-05	
OG0010414	0.0422924	0.0116455	0.000426341	
OG0010415	0.0422924	0.0116455	0.000426341	
OG0010416	0.0422924	0.0116455	0.000426341	
OG0010417	0.0422924	0.0116455	0.000426341	
OG0010418	0.00410716	0.00312747	0.000213165	
OG0010419	0.000273938	0.000224628	1.8876e-05	
OG0010420	0.00297011	0.00119106	9.19395e-05	
OG0010421	0.0422924	0.0116455	0.000426341	
OG0010422	1.10224e-05	6.92175e-05	1.63961e-05	
OG0010423	0.0422924	0.0116455	0.000426341	
OG0010424	0.00410716	0.00312747	0.000213165	
OG0010425	4.84144e-08	3.19982e-06	4.25766e-06	
OG0010426	0.0422924	0.0116455	0.000426341	
OG0010427	0.0422924	0.0116455	0.000426341	
OG0010428	1.0834e-05	6.10727e-05	1.15022e-05	
OG0010429	0.0422924	0.0116455	0.000426341	
OG0010430	0.0422924	0.0116455	0.000426341	
OG0010431	0.0422924	0.0116455	0.000426341	
OG0010432	0.0422924	0.0116455	0.000426341	
OG0010433	0.0422924	0.0116455	0.000426341	
OG0010434	0.00297011	0.00119106	9.19395e-05	
OG0010435	0.0422924	0.0116455	0.000426341	
OG0010436	0.000312282	0.000477038	9.43315e-05	
OG0010437	0.0031825	0.00160503	0.00013191	
OG0010438	0.0422924	0.0116455	0.000426341	
OG0010439	0.00297011	0.00119106	9.19395e-05	
OG0010440	0.0422924	0.0116455	0.000426341	
OG0010441	0.0422924	0.0116455	0.000426341	
OG0010442	1.0834e-05	6.10727e-05	1.15022e-05	
OG0010443	0.0422924	0.0116455	0.000426341	
OG0010444	0.0422924	0.0116455	0.000426341	
OG0010445	0.000225826	0.000181521	4.01933e-05	
OG0010446	0.0422924	0.0116455	0.000426341	
OG0010447	0.0422924	0.0116455	0.000426341	
OG0010448	0.000225826	0.000181521	4.01933e-05	
OG0010449	0.0422924	0.0116455	0.000426341	
OG0010450	3.85526e-05	0.000111163	3.47015e-05	
OG0010451	0.000198099	8.5547e-05	8.14122e-06	
OG0010452	0.0422924	0.0116455	0.000426341	
OG0010453	0.0422924	0.0116455	0.000426341	
OG0010454	0.0422924	0.0116455	0.000426341	
OG0010455	0.0422924	0.0116455	0.000426341	
OG0010456	0.0422924	0.0116455	0.000426341	
OG0010457	0.00297011	0.00119106	9.19395e-05	
OG0010458	0.0422924	0.0116455	0.000426341	
OG0010459	0.0422924	0.0116455	0.000426341	
OG0010460	0.00297011	0.00119106	9.19395e-05	
OG0010461	5.88314e-27	1.77515e-18	2.33975e-13	
OG0010462	0.0422924	0.0116455	0.000426341	
OG0010463	0.0422924	0.0116455	0.000426341	
OG0010464	0.0422924	0.0116455	0.000426341	
OG0010465	0.000201545	9.69558e-05	1.1605e-05	
OG0010466	0.0422924	0.0116455	0.000426341	
OG0010467	0.0422924	0.0116455	0.000426341	
OG0010468	0.0422924	0.0116455	0.000426341	
OG0010469	0.00410716	0.00312747	0.000213165	
OG0010470	0.0422924	0.0116455	0.000426341	
OG0010471	0.0422924	0.0116455	0.000426341	
OG0010472	2.00507e-05	3.04942e-05	8.21379e-06	
OG0010473	0.0422924	0.0116455	0.000426341	
OG0010474	0.00410716	0.00312747	0.000213165	
OG0010476	1.14974e-05	9.02489e-05	2.98639e-05	
OG0010477	0.0422924	0.0116455	0.000426341	
OG0010478	1.511e-05	1.29728e-05	3.27097e-06	
OG0010479	0.00286495	0.000937321	5.26379e-05	
OG0010480	0.000202184	9.6395e-05	1.05972e-05	
OG0010481	0.0422924	0.0116455	0.000426341	
OG0010482	0.0422924	0.0116455	0.000426341	
OG0010483	0.000273938	0.000224628	1.8876e-05	
OG0010484	0.00297011	0.00119106	9.19395e-05	
OG0010485	0.00297011	0.00119106	9.19395e-05	
OG0010486	0.00297011	0.00119106	9.19395e-05	
OG0010487	0.000278702	0.000254585	2.69079e-05	
OG0010488	0.0031825	0.00160503	0.00013191	
OG0010489	0.0422924	0.0116455	0.000426341	
OG0010490	0.000225826	0.000181521	4.01933e-05	
OG0010491	0.000225826	0.000181521	4.01933e-05	
OG0010492	0.0422924	0.0116455	0.000426341	
OG0010493	0.00297011	0.00119106	9.19395e-05	
OG0010494	0.000201545	9.69558e-05	1.1605e-05	
OG0010495	0.00410716	0.00312747	0.000213165	
OG0010496	0.0422924	0.0116455	0.000426341	
OG0010497	0.0422924	0.0116455	0.000426341	
OG0010498	0.0422924	0.0116455	0.000426341	
OG0010499	0.0422924	0.0116455	0.000426341	
OG0010500	0.0422924	0.0116455	0.000426341	
OG0010501	0.000201545	9.69558e-05	1.1605e-05	
OG0010502	0.0422924	0.0116455	0.000426341	
OG0010503	0.0422924	0.0116455	0.000426341	
OG0010504	0.00297011	0.00119106	9.19395e-05	
OG0010505	0.00281896	0.000832852	3.75681e-05	
OG0010506	0.0422924	0.0116455	0.000426341	
OG0010507	0.0422924	0.0116455	0.000426341	
OG0010508	0.0422924	0.0116455	0.000426341	
OG0010509	0.000162435	0.000850309	0.000129895	
OG0010510	0.0422924	0.0116455	0.000426341	
OG0010511	0.0422924	0.0116455	0.000426341	
OG0010512	0.0422924	0.0116455	0.000426341	
OG0010513	0.0422924	0.0116455	0.000426341	
OG0010514	0.0422924	0.0116455	0.000426341	
OG0010515	0.0422924	0.0116455	0.000426341	
OG0010516	0.0422924	0.0116455	0.000426341	
OG0010517	0.000225826	0.000181521	4.01933e-05	
OG0010518	0.000225826	0.000181521	4.01933e-05	
OG0010519	0.0422924	0.0116455	0.000426341	
OG0010520	1.92381e-05	2.29742e-05	4.0705e-06	
OG0010521	0.0422924	0.0116455	0.000426341	
OG0010522	0.0422924	0.0116455	0.000426341	
OG0010523	0.00410716	0.00312747	0.000213165	
OG0010524	0.000225826	0.000181521	4.01933e-05	
OG0010525	0.0422924	0.0116455	0.000426341	
OG0010526	8.47298e-07	3.12149e-06	1.21632e-06	
OG0010527	0.0422924	0.0116455	0.000426341	
OG0010528	0.0422924	0.0116455	0.000426341	
OG0010529	0.0422924	0.0116455	0.000426341	
OG0010530	0.00410716	0.00312747	0.000213165	
OG0010531	1.4204e-05	9.57169e-06	1.92098e-06	
OG0010532	0.0422924	0.0116455	0.000426341	
OG0010533	0.000225826	0.000181521	4.01933e-05	
OG0010534	0.0422924	0.0116455	0.000426341	
OG0010535	0.00297011	0.00119106	9.19395e-05	
OG0010536	0.000198099	8.5547e-05	8.14122e-06	
OG0010537	0.0422924	0.0116455	0.000426341	
OG0010538	0.000273938	0.000224628	1.8876e-05	
OG0010539	0.0422924	0.0116455	0.000426341	
OG0010540	0.0031825	0.00160503	0.00013191	
OG0010541	0.0422924	0.0116455	0.000426341	
OG0010542	0.0031825	0.00160503	0.00013191	
OG0010543	0.0422924	0.0116455	0.000426341	
OG0010544	0.0422924	0.0116455	0.000426341	
OG0010545	0.0422924	0.0116455	0.000426341	
OG0010546	0.0422924	0.0116455	0.000426341	
OG0010547	0.0422924	0.0116455	0.000426341	
OG0010548	0.0422924	0.0116455	0.000426341	
OG0010549	0.0422924	0.0116455	0.000426341	
OG0010550	0.0422924	0.0116455	0.000426341	
OG0010551	0.0422924	0.0116455	0.000426341	
OG0010552	0.0031825	0.00160503	0.00013191	
OG0010553	0.000205758	0.000105457	1.22815e-05	
OG0010554	0.0422924	0.0116455	0.000426341	
OG0010555	0.0422924	0.0116455	0.000426341	
OG0010556	0.0422924	0.0116455	0.000426341	
OG0010557	0.0422924	0.0116455	0.000426341	
OG0010558	0.0422924	0.0116455	0.000426341	
OG0010559	0.0422924	0.0116455	0.000426341	
OG0010560	0.0422924	0.0116455	0.000426341	
OG0010561	0.0422924	0.0116455	0.000426341	
OG0010562	0.0422924	0.0116455	0.000426341	
OG0010563	0.0422924	0.0116455	0.000426341	
OG0010564	0.0422924	0.0116455	0.000426341	
OG0010565	0.0422924	0.0116455	0.000426341	
OG0010566	0.0422924	0.0116455	0.000426341	
OG0010567	0.0422924	0.0116455	0.000426341	
OG0010568	0.000225826	0.000181521	4.01933e-05	
OG0010569	0.0422924	0.0116455	0.000426341	
OG0010570	0.0422924	0.0116455	0.000426341	
OG0010571	0.0422924	0.0116455	0.000426341	
OG0010572	0.0422924	0.0116455	0.000426341	
OG0010573	0.0422924	0.0116455	0.000426341	
OG0010574	0.0422924	0.0116455	0.000426341	
OG0010575	0.0422924	0.0116455	0.000426341	
OG0010576	0.000212265	0.00011528	1.16802e-05	
OG0010577	0.0422924	0.0116455	0.000426341	
OG0010578	0.0422924	0.0116455	0.000426341	
OG0010579	0.0422924	0.0116455	0.000426341	
OG0010580	0.0422924	0.0116455	0.000426341	
OG0010581	0.0422924	0.0116455	0.000426341	
OG0010582	0.0422924	0.0116455	0.000426341	
OG0010583	0.0422924	0.0116455	0.000426341	
OG0010584	0.0422924	0.0116455	0.000426341	
OG0010585	0.0422924	0.0116455	0.000426341	
OG0010586	0.0422924	0.0116455	0.000426341	
OG0010587	0.000225826	0.000181521	4.01933e-05	
OG0010588	0.00297011	0.00119106	9.19395e-05	
OG0010589	0.000273938	0.000224628	1.8876e-05	
OG0010590	0.000198099	8.5547e-05	8.14122e-06	
OG0010591	0.00321564	0.0017763	0.000188668	
OG0010592	0.0422924	0.0116455	0.000426341	
OG0010593	0.0422924	0.0116455	0.000426341	
OG0010594	0.0422924	0.0116455	0.000426341	
OG0010595	0.0422924	0.0116455	0.000426341	
OG0010596	0.0422924	0.0116455	0.000426341	
OG0010597	0.000225826	0.000181521	4.01933e-05	
OG0010598	0.0422924	0.0116455	0.000426341	
OG0010599	0.0422924	0.0116455	0.000426341	
OG0010600	0.0422924	0.0116455	0.000426341	
OG0010601	0.000212265	0.00011528	1.16802e-05	
OG0010602	0.000201545	9.69558e-05	1.1605e-05	
OG0010603	0.00410716	0.00312747	0.000213165	
OG0010604	6.08809e-11	4.70423e-09	2.7643e-08	
OG0010605	0.0422924	0.0116455	0.000426341	
OG0010606	0.000273938	0.000224628	1.8876e-05	
OG0010607	0.0422924	0.0116455	0.000426341	
OG0010608	0.000225826	0.000181521	4.01933e-05	
OG0010609	0.0422924	0.0116455	0.000426341	
OG0010610	0.0422924	0.0116455	0.000426341	
OG0010611	0.0422924	0.0116455	0.000426341	
OG0010612	0.000198099	8.5547e-05	8.14122e-06	
OG0010613	0.000198099	8.5547e-05	8.14122e-06	
OG0010614	0.00297011	0.00119106	9.19395e-05	
OG0010615	1.14974e-05	9.02489e-05	2.98639e-05	
OG0010616	0.0422924	0.0116455	0.000426341	
OG0010617	0.0422924	0.0116455	0.000426341	
OG0010618	0.0422924	0.0116455	0.000426341	
OG0010619	0.0031825	0.00160503	0.00013191	
OG0010620	0.0422924	0.0116455	0.000426341	
OG0010621	0.00297011	0.00119106	9.19395e-05	
OG0010622	0.000214245	0.000140352	2.58636e-05	
OG0010623	0.0422924	0.0116455	0.000426341	
OG0010624	0.0422924	0.0116455	0.000426341	
OG0010625	0.0422924	0.0116455	0.000426341	
OG0010626	0.0422924	0.0116455	0.000426341	
OG0010627	0.0422924	0.0116455	0.000426341	
OG0010628	0.0422924	0.0116455	0.000426341	
OG0010629	0.000162435	0.000850309	0.000129895	
OG0010630	0.0422924	0.0116455	0.000426341	
OG0010631	4.4591e-08	3.05849e-07	3.35375e-07	
OG0010632	0.0422924	0.0116455	0.000426341	
OG0010633	0.0422924	0.0116455	0.000426341	
OG0010634	0.0422924	0.0116455	0.000426341	
OG0010635	0.0422924	0.0116455	0.000426341	
OG0010636	0.00410716	0.00312747	0.000213165	
OG0010637	0.000312282	0.000477038	9.43315e-05	
OG0010638	0.0422924	0.0116455	0.000426341	
OG0010639	1.27036e-05	4.34602e-05	1.37362e-05	
OG0010640	0.0028208	0.000836427	3.7753e-05	
OG0010641	0.0422924	0.0116455	0.000426341	
OG0010642	1.92381e-05	2.29742e-05	4.0705e-06	
OG0010643	0.00410716	0.00312747	0.000213165	
OG0010644	1.46274e-06	3.50148e-06	1.77977e-06	
OG0010645	0.0422924	0.0116455	0.000426341	
OG0010646	0.00410716	0.00312747	0.000213165	
OG0010647	0.000212265	0.00011528	1.16802e-05	
OG0010648	0.0422924	0.0116455	0.000426341	
OG0010649	1.48817e-06	3.96843e-06	2.53696e-06	
OG0010650	0.0422924	0.0116455	0.000426341	
OG0010651	0.0422924	0.0116455	0.000426341	
OG0010652	0.0422924	0.0116455	0.000426341	
OG0010653	0.0422924	0.0116455	0.000426341	
OG0010655	0.0422924	0.0116455	0.000426341	
OG0010656	0.000198099	8.5547e-05	8.14122e-06	
OG0010657	0.00297011	0.00119106	9.19395e-05	
OG0010658	0.0422924	0.0116455	0.000426341	
OG0010659	0.000201545	9.69558e-05	1.1605e-05	
OG0010660	0.0422924	0.0116455	0.000426341	
OG0010661	0.000198099	8.5547e-05	8.14122e-06	
OG0010662	0.0422924	0.0116455	0.000426341	
OG0010663	0.0422924	0.0116455	0.000426341	
OG0010664	0.00410716	0.00312747	0.000213165	
OG0010665	0.000225826	0.000181521	4.01933e-05	
OG0010666	0.00297011	0.00119106	9.19395e-05	
OG0010667	0.0422924	0.0116455	0.000426341	
OG0010668	0.0422924	0.0116455	0.000426341	
OG0010669	0.0422924	0.0116455	0.000426341	
OG0010670	0.0422924	0.0116455	0.000426341	
OG0010671	0.0422924	0.0116455	0.000426341	
OG0010672	0.0422924	0.0116455	0.000426341	
OG0010673	1.46274e-06	3.50148e-06	1.77977e-06	
OG0010674	0.0422924	0.0116455	0.000426341	
OG0010675	0.0422924	0.0116455	0.000426341	
OG0010676	0.0422924	0.0116455	0.000426341	
OG0010677	0.00410716	0.00312747	0.000213165	
OG0010678	1.92381e-05	2.29742e-05	4.0705e-06	
OG0010679	0.000198099	8.5547e-05	8.14122e-06	
OG0010680	0.000312282	0.000477038	9.43315e-05	
OG0010681	0.0422924	0.0116455	0.000426341	
OG0010682	0.0422924	0.0116455	0.000426341	
OG0010683	1.58242e-06	6.14911e-06	3.94733e-06	
OG0010684	0.0422924	0.0116455	0.000426341	
OG0010685	0.0422924	0.0116455	0.000426341	
OG0010686	0.0422924	0.0116455	0.000426341	
OG0010687	0.0031825	0.00160503	0.00013191	
OG0010688	0.000312282	0.000477038	9.43315e-05	
OG0010689	0.000225826	0.000181521	4.01933e-05	
OG0010690	0.0422924	0.0116455	0.000426341	
OG0010691	0.0422924	0.0116455	0.000426341	
OG0010692	0.0028208	0.000836427	3.7753e-05	
OG0010693	0.00297011	0.00119106	9.19395e-05	
OG0010694	0.0031825	0.00160503	0.00013191	
OG0010695	0.0422924	0.0116455	0.000426341	
OG0010696	0.000225826	0.000181521	4.01933e-05	
OG0010697	0.0422924	0.0116455	0.000426341	
OG0010698	0.00410716	0.00312747	0.000213165	
OG0010699	0.0422924	0.0116455	0.000426341	
OG0010700	0.0422924	0.0116455	0.000426341	
OG0010701	0.000201545	9.69558e-05	1.1605e-05	
OG0010702	0.0422924	0.0116455	0.000426341	
OG0010703	0.00410716	0.00312747	0.000213165	
OG0010704	0.000198099	8.5547e-05	8.14122e-06	
OG0010705	0.0422924	0.0116455	0.000426341	
OG0010706	0.00297011	0.00119106	9.19395e-05	
OG0010707	0.0422924	0.0116455	0.000426341	
OG0010708	9.65725e-07	6.60862e-06	5.91253e-06	
OG0010709	0.0422924	0.0116455	0.000426341	
OG0010710	0.00297011	0.00119106	9.19395e-05	
OG0010711	0.0422924	0.0116455	0.000426341	
OG0010712	0.0422924	0.0116455	0.000426341	
OG0010713	0.000198099	8.5547e-05	8.14122e-06	
OG0010714	1.99819e-05	2.83211e-05	6.14057e-06	
OG0010715	0.0422924	0.0116455	0.000426341	
OG0010716	0.00297011	0.00119106	9.19395e-05	
OG0010717	0.0422924	0.0116455	0.000426341	
OG0010718	0.0422924	0.0116455	0.000426341	
OG0010719	0.0422924	0.0116455	0.000426341	
OG0010720	0.0422924	0.0116455	0.000426341	
OG0010721	0.0422924	0.0116455	0.000426341	
OG0010722	0.00303222	0.00129558	9.73835e-05	
OG0010723	0.0422924	0.0116455	0.000426341	
OG0010724	0.00297011	0.00119106	9.19395e-05	
OG0010725	6.60053e-08	5.15225e-07	4.63115e-07	
OG0010726	1.4057e-05	9.0663e-06	1.75573e-06	
OG0010727	1.08392e-06	1.67556e-06	7.90713e-07	
OG0010728	0.0422924	0.0116455	0.000426341	
OG0010729	0.0422924	0.0116455	0.000426341	
OG0010730	0.00410716	0.00312747	0.000213165	
OG0010731	0.0422924	0.0116455	0.000426341	
OG0010732	0.0422924	0.0116455	0.000426341	
OG0010733	0.0422924	0.0116455	0.000426341	
OG0010734	0.0422924	0.0116455	0.000426341	
OG0010735	0.000212265	0.00011528	1.16802e-05	
OG0010736	0.0422924	0.0116455	0.000426341	
OG0010737	0.0422924	0.0116455	0.000426341	
OG0010738	0.0422924	0.0116455	0.000426341	
OG0010739	0.0422924	0.0116455	0.000426341	
OG0010740	0.0422924	0.0116455	0.000426341	
OG0010741	0.0422924	0.0116455	0.000426341	
OG0010742	0.0422924	0.0116455	0.000426341	
OG0010743	0.0422924	0.0116455	0.000426341	
OG0010744	0.0422924	0.0116455	0.000426341	
OG0010745	0.0422924	0.0116455	0.000426341	
OG0010746	0.000273938	0.000224628	1.8876e-05	
OG0010747	0.0422924	0.0116455	0.000426341	
OG0010748	0.0422924	0.0116455	0.000426341	
OG0010749	0.00297011	0.00119106	9.19395e-05	
OG0010750	0.0422924	0.0116455	0.000426341	
OG0010751	0.00297011	0.00119106	9.19395e-05	
OG0010752	0.0422924	0.0116455	0.000426341	
OG0010753	1.92381e-05	2.29742e-05	4.0705e-06	
OG0010754	0.0031825	0.00160503	0.00013191	
OG0010755	0.0422924	0.0116455	0.000426341	
OG0010756	0.0422924	0.0116455	0.000426341	
OG0010757	0.000225826	0.000181521	4.01933e-05	
OG0010758	0.0422924	0.0116455	0.000426341	
OG0010759	0.0422924	0.0116455	0.000426341	
OG0010760	0.0422924	0.0116455	0.000426341	
OG0010761	0.0422924	0.0116455	0.000426341	
OG0010762	0.0422924	0.0116455	0.000426341	
OG0010763	0.000210057	0.000123345	1.90658e-05	
OG0010764	0.0422924	0.0116455	0.000426341	
OG0010765	0.0422924	0.0116455	0.000426341	
OG0010766	0.0422924	0.0116455	0.000426341	
OG0010767	0.0422924	0.0116455	0.000426341	
OG0010768	0.0422924	0.0116455	0.000426341	
OG0010769	0.0422924	0.0116455	0.000426341	
OG0010770	0.0422924	0.0116455	0.000426341	
OG0010771	0.0422924	0.0116455	0.000426341	
OG0010772	0.0422924	0.0116455	0.000426341	
OG0010773	0.0422924	0.0116455	0.000426341	
OG0010774	0.0422924	0.0116455	0.000426341	
OG0010775	0.000225826	0.000181521	4.01933e-05	
OG0010776	0.0422924	0.0116455	0.000426341	
OG0010777	0.0422924	0.0116455	0.000426341	
OG0010778	0.0422924	0.0116455	0.000426341	
OG0010779	0.000312282	0.000477038	9.43315e-05	
OG0010780	6.65909e-09	3.70415e-08	1.41006e-07	
OG0010781	0.00297011	0.00119106	9.19395e-05	
OG0010782	0.0422924	0.0116455	0.000426341	
OG0010783	0.000225826	0.000181521	4.01933e-05	
OG0010784	0.0422924	0.0116455	0.000426341	
OG0010785	8.73225e-08	1.23875e-06	1.60621e-06	
OG0010786	0.0422924	0.0116455	0.000426341	
OG0010787	1.49373e-05	1.2428e-05	2.77502e-06	
OG0010788	1.92381e-05	2.29742e-05	4.0705e-06	
OG0010789	0.000224361	0.000167043	2.97085e-05	
OG0010790	6.60053e-08	5.15225e-07	4.63115e-07	
OG0010791	0.0422924	0.0116455	0.000426341	
OG0010792	0.000225826	0.000181521	4.01933e-05	
OG0010793	0.0422924	0.0116455	0.000426341	
OG0010794	0.0422924	0.0116455	0.000426341	
OG0010795	0.0422924	0.0116455	0.000426341	
OG0010796	1.92381e-05	2.29742e-05	4.0705e-06	
OG0010797	0.000217832	0.000142969	2.32574e-05	
OG0010798	0.0422924	0.0116455	0.000426341	
OG0010799	0.00297011	0.00119106	9.19395e-05	
OG0010800	1.40101e-05	8.85801e-06	1.68681e-06	
OG0010801	0.00297011	0.00119106	9.19395e-05	
OG0010802	0.0422924	0.0116455	0.000426341	
OG0010803	8.76839e-07	1.00395e-05	6.78301e-06	
OG0010804	0.00297011	0.00119106	9.19395e-05	
OG0010805	0.0422924	0.0116455	0.000426341	
OG0010806	8.76839e-07	1.00395e-05	6.78301e-06	
OG0010807	0.0422924	0.0116455	0.000426341	
OG0010808	0.0422924	0.0116455	0.000426341	
OG0010809	0.00297011	0.00119106	9.19395e-05	
OG0010810	0.0422924	0.0116455	0.000426341	
OG0010811	0.00297011	0.00119106	9.19395e-05	
OG0010812	0.0422924	0.0116455	0.000426341	
OG0010813	0.0422924	0.0116455	0.000426341	
OG0010814	0.0422924	0.0116455	0.000426341	
OG0010815	0.000312282	0.000477038	9.43315e-05	
OG0010816	0.00297011	0.00119106	9.19395e-05	
OG0010817	0.00410716	0.00312747	0.000213165	
OG0010818	0.0422924	0.0116455	0.000426341	
OG0010819	0.0422924	0.0116455	0.000426341	
OG0010820	0.00281896	0.000832852	3.75681e-05	
OG0010821	0.000289551	0.000325679	4.83623e-05	
OG0010822	0.0422924	0.0116455	0.000426341	
OG0010823	0.0422924	0.0116455	0.000426341	
OG0010824	0.0422924	0.0116455	0.000426341	
OG0010825	2.19307e-05	4.87488e-05	2.00961e-05	
OG0010826	0.0422924	0.0116455	0.000426341	
OG0010827	0.0422924	0.0116455	0.000426341	
OG0010828	0.0422924	0.0116455	0.000426341	
OG0010829	0.0422924	0.0116455	0.000426341	
OG0010830	0.000198099	8.5547e-05	8.14122e-06	
OG0010831	0.0422924	0.0116455	0.000426341	
OG0010832	0.0422924	0.0116455	0.000426341	
OG0010833	0.0422924	0.0116455	0.000426341	
OG0010834	0.0422924	0.0116455	0.000426341	
OG0010835	0.0422924	0.0116455	0.000426341	
OG0010836	0.00297011	0.00119106	9.19395e-05	
OG0010837	0.0422924	0.0116455	0.000426341	
OG0010838	0.0422924	0.0116455	0.000426341	
OG0010839	1.06183e-07	4.48155e-07	3.46299e-07	
OG0010840	0.0422924	0.0116455	0.000426341	
OG0010841	0.000312282	0.000477038	9.43315e-05	
OG0010842	7.63476e-07	6.35382e-06	2.59945e-06	
OG0010843	0.0422924	0.0116455	0.000426341	
OG0010844	0.0422924	0.0116455	0.000426341	
OG0010845	0.000191215	6.75914e-05	4.68144e-06	
OG0010846	0.0422924	0.0116455	0.000426341	
OG0010847	2.19307e-05	4.87488e-05	2.00961e-05	
OG0010848	0.000198099	8.5547e-05	8.14122e-06	
OG0010849	0.00297011	0.00119106	9.19395e-05	
OG0010850	0.00297011	0.00119106	9.19395e-05	
OG0010851	0.00297011	0.00119106	9.19395e-05	
OG0010852	0.000217832	0.000142969	2.32574e-05	
OG0010853	0.000312282	0.000477038	9.43315e-05	
OG0010854	0.0422924	0.0116455	0.000426341	
OG0010855	0.00410716	0.00312747	0.000213165	
OG0010856	0.0422924	0.0116455	0.000426341	
OG0010857	0.0422924	0.0116455	0.000426341	
OG0010858	1.3794e-06	2.57054e-06	9.68581e-07	
OG0010859	0.000225826	0.000181521	4.01933e-05	
OG0010860	0.0422924	0.0116455	0.000426341	
OG0010861	0.0422924	0.0116455	0.000426341	
OG0010862	0.0422924	0.0116455	0.000426341	
OG0010863	0.000273938	0.000224628	1.8876e-05	
OG0010864	0.0422924	0.0116455	0.000426341	
OG0010865	0.0422924	0.0116455	0.000426341	
OG0010866	0.00297011	0.00119106	9.19395e-05	
OG0010867	0.0422924	0.0116455	0.000426341	
OG0010868	0.0422924	0.0116455	0.000426341	
OG0010869	0.0422924	0.0116455	0.000426341	
OG0010870	0.0422924	0.0116455	0.000426341	
OG0010871	0.0422924	0.0116455	0.000426341	
OG0010872	0.0422924	0.0116455	0.000426341	
OG0010873	0.0422924	0.0116455	0.000426341	
OG0010874	0.0422924	0.0116455	0.000426341	
OG0010875	0.000201545	9.69558e-05	1.1605e-05	
OG0010876	0.0422924	0.0116455	0.000426341	
OG0010877	0.00410716	0.00312747	0.000213165	
OG0010878	0.0422924	0.0116455	0.000426341	
OG0010879	0.0422924	0.0116455	0.000426341	
OG0010880	0.00303222	0.00129558	9.73835e-05	
OG0010881	0.0422924	0.0116455	0.000426341	
OG0010882	8.21676e-08	4.43918e-07	3.22643e-07	
OG0010883	0.00297011	0.00119106	9.19395e-05	
OG0010884	0.00410716	0.00312747	0.000213165	
OG0010885	0.000296265	0.000368555	6.00698e-05	
OG0010886	0.000202241	9.30512e-05	8.62068e-06	
OG0010887	0.0422924	0.0116455	0.000426341	
OG0010888	0.00410716	0.00312747	0.000213165	
OG0010889	0.0422924	0.0116455	0.000426341	
OG0010890	0.000273938	0.000224628	1.8876e-05	
OG0010891	0.0422924	0.0116455	0.000426341	
OG0010892	0.00410716	0.00312747	0.000213165	
OG0010893	0.00321564	0.0017763	0.000188668	
OG0010894	1.92381e-05	2.29742e-05	4.0705e-06	
OG0010895	0.0422924	0.0116455	0.000426341	
OG0010896	0.0422924	0.0116455	0.000426341	
OG0010897	0.000162435	0.000850309	0.000129895	
OG0010898	0.0422924	0.0116455	0.000426341	
OG0010899	0.0422924	0.0116455	0.000426341	
OG0010900	0.000198099	8.5547e-05	8.14122e-06	
OG0010901	0.0422924	0.0116455	0.000426341	
OG0010902	0.0422924	0.0116455	0.000426341	
OG0010903	0.0422924	0.0116455	0.000426341	
OG0010904	0.0422924	0.0116455	0.000426341	
OG0010905	0.0422924	0.0116455	0.000426341	
OG0010906	0.0422924	0.0116455	0.000426341	
OG0010907	0.0422924	0.0116455	0.000426341	
OG0010908	0.0422924	0.0116455	0.000426341	
OG0010909	0.000225826	0.000181521	4.01933e-05	
OG0010910	0.00281896	0.000832852	3.75681e-05	
OG0010911	0.00297011	0.00119106	9.19395e-05	
OG0010912	0.000289551	0.000325679	4.83623e-05	
OG0010913	1.92381e-05	2.29742e-05	4.0705e-06	
OG0010914	3.32871e-11	2.23154e-10	7.83017e-10	
OG0010915	0.0422924	0.0116455	0.000426341	
OG0010916	0.0422924	0.0116455	0.000426341	
OG0010917	0.0422924	0.0116455	0.000426341	
OG0010918	0.0422924	0.0116455	0.000426341	
OG0010919	0.0422924	0.0116455	0.000426341	
OG0010920	0.0422924	0.0116455	0.000426341	
OG0010921	0.000225826	0.000181521	4.01933e-05	
OG0010922	0.00297011	0.00119106	9.19395e-05	
OG0010923	0.0422924	0.0116455	0.000426341	
OG0010924	0.0422924	0.0116455	0.000426341	
OG0010925	0.0422924	0.0116455	0.000426341	
OG0010926	0.0422924	0.0116455	0.000426341	
OG0010927	0.0422924	0.0116455	0.000426341	
OG0010928	0.0422924	0.0116455	0.000426341	
OG0010929	1.4204e-05	9.57169e-06	1.92098e-06	
OG0010930	1.92381e-05	2.29742e-05	4.0705e-06	
OG0010931	2.04161e-05	3.39501e-05	1.05665e-05	
OG0010932	0.000312282	0.000477038	9.43315e-05	
OG0010933	0.000230549	0.000197499	4.25305e-05	
OG0010934	0.0422924	0.0116455	0.000426341	
OG0010935	9.65725e-07	6.60862e-06	5.91253e-06	
OG0010936	0.0422924	0.0116455	0.000426341	
OG0010937	0.0422924	0.0116455	0.000426341	
OG0010938	0.0422924	0.0116455	0.000426341	
OG0010939	0.0422924	0.0116455	0.000426341	
OG0010940	0.0422924	0.0116455	0.000426341	
OG0010941	0.000201545	9.69558e-05	1.1605e-05	
OG0010942	0.0422924	0.0116455	0.000426341	
OG0010943	0.0422924	0.0116455	0.000426341	
OG0010944	0.0031825	0.00160503	0.00013191	
OG0010945	9.02045e-07	1.3794e-05	9.87146e-06	
OG0010946	0.00303222	0.00129558	9.73835e-05	
OG0010947	0.000273938	0.000224628	1.8876e-05	
OG0010948	0.00297011	0.00119106	9.19395e-05	
OG0010949	0.00321564	0.0017763	0.000188668	
OG0010950	0.0422924	0.0116455	0.000426341	
OG0010951	0.0422924	0.0116455	0.000426341	
OG0010952	0.0422924	0.0116455	0.000426341	
OG0010953	0.0422924	0.0116455	0.000426341	
OG0010954	0.000212265	0.00011528	1.16802e-05	
OG0010955	0.0422924	0.0116455	0.000426341	
OG0010956	0.0422924	0.0116455	0.000426341	
OG0010957	0.000312282	0.000477038	9.43315e-05	
OG0010958	1.23658e-06	6.28124e-06	3.61867e-06	
OG0010959	0.0422924	0.0116455	0.000426341	
OG0010960	0.0422924	0.0116455	0.000426341	
OG0010961	0.0422924	0.0116455	0.000426341	
OG0010962	0.0422924	0.0116455	0.000426341	
OG0010963	0.0422924	0.0116455	0.000426341	
OG0010964	0.0422924	0.0116455	0.000426341	
OG0010965	0.00410716	0.00312747	0.000213165	
OG0010966	0.000225826	0.000181521	4.01933e-05	
OG0010967	0.0422924	0.0116455	0.000426341	
OG0010968	0.0422924	0.0116455	0.000426341	
OG0010969	0.0422924	0.0116455	0.000426341	
OG0010970	0.0422924	0.0116455	0.000426341	
OG0010971	0.0422924	0.0116455	0.000426341	
OG0010972	0.0422924	0.0116455	0.000426341	
OG0010973	0.000201545	9.69558e-05	1.1605e-05	
OG0010974	0.0422924	0.0116455	0.000426341	
OG0010975	1.92381e-05	2.29742e-05	4.0705e-06	
OG0010976	0.0422924	0.0116455	0.000426341	
OG0010977	0.0422924	0.0116455	0.000426341	
OG0010978	0.0422924	0.0116455	0.000426341	
OG0010979	0.0031825	0.00160503	0.00013191	
OG0010980	0.000202241	9.30512e-05	8.62068e-06	
OG0010981	0.0422924	0.0116455	0.000426341	
OG0010982	0.00410716	0.00312747	0.000213165	
OG0010983	0.0422924	0.0116455	0.000426341	
OG0010984	0.000273938	0.000224628	1.8876e-05	
OG0010985	0.0422924	0.0116455	0.000426341	
OG0010986	0.0422924	0.0116455	0.000426341	
OG0010987	0.0422924	0.0116455	0.000426341	
OG0010988	0.0422924	0.0116455	0.000426341	
OG0010989	0.0422924	0.0116455	0.000426341	
OG0010990	0.0422924	0.0116455	0.000426341	
OG0010991	0.0422924	0.0116455	0.000426341	
OG0010992	0.000201545	9.69558e-05	1.1605e-05	
OG0010993	0.0422924	0.0116455	0.000426341	
OG0010994	0.0422924	0.0116455	0.000426341	
OG0010995	0.0422924	0.0116455	0.000426341	
OG0010996	0.0422924	0.0116455	0.000426341	
OG0010997	0.000212265	0.00011528	1.16802e-05	
OG0010998	0.0422924	0.0116455	0.000426341	
OG0010999	0.0422924	0.0116455	0.000426341	
OG0011000	0.00297011	0.00119106	9.19395e-05	
OG0011001	0.0422924	0.0116455	0.000426341	
OG0011002	0.000225826	0.000181521	4.01933e-05	
OG0011003	0.0422924	0.0116455	0.000426341	
OG0011004	0.00303222	0.00129558	9.73835e-05	
OG0011005	0.000273938	0.000224628	1.8876e-05	
OG0011006	0.0422924	0.0116455	0.000426341	
OG0011007	0.0422924	0.0116455	0.000426341	
OG0011008	2.07598e-05	3.62301e-05	1.10202e-05	
OG0011009	0.0422924	0.0116455	0.000426341	
OG0011010	7.5556e-08	7.71488e-07	8.2784e-07	
OG0011011	0.0422924	0.0116455	0.000426341	
OG0011012	0.000225826	0.000181521	4.01933e-05	
OG0011013	0.0028208	0.000836427	3.7753e-05	
OG0011014	0.0422924	0.0116455	0.000426341	
OG0011015	0.00297011	0.00119106	9.19395e-05	
OG0011016	0.0422924	0.0116455	0.000426341	
OG0011017	0.000202241	9.30512e-05	8.62068e-06	
OG0011018	1.92381e-05	2.29742e-05	4.0705e-06	
OG0011019	0.0422924	0.0116455	0.000426341	
OG0011020	0.000225826	0.000181521	4.01933e-05	
OG0011021	0.0422924	0.0116455	0.000426341	
OG0011022	0.0422924	0.0116455	0.000426341	
OG0011023	0.0422924	0.0116455	0.000426341	
OG0011024	1.37453e-07	1.5466e-06	1.46308e-06	
OG0011025	0.000201545	9.69558e-05	1.1605e-05	
OG0011026	0.0422924	0.0116455	0.000426341	
OG0011027	0.000225826	0.000181521	4.01933e-05	
OG0011028	0.0422924	0.0116455	0.000426341	
OG0011029	0.000312282	0.000477038	9.43315e-05	
OG0011030	0.00297011	0.00119106	9.19395e-05	
OG0011031	0.0422924	0.0116455	0.000426341	
OG0011032	0.0422924	0.0116455	0.000426341	
OG0011033	0.0422924	0.0116455	0.000426341	
OG0011034	0.00410716	0.00312747	0.000213165	
OG0011035	0.0422924	0.0116455	0.000426341	
OG0011036	0.00297011	0.00119106	9.19395e-05	
OG0011037	0.0422924	0.0116455	0.000426341	
OG0011038	0.0422924	0.0116455	0.000426341	
OG0011039	0.00297011	0.00119106	9.19395e-05	
OG0011040	0.000201545	9.69558e-05	1.1605e-05	
OG0011041	0.000229564	0.000189073	3.69597e-05	
OG0011042	0.0422924	0.0116455	0.000426341	
OG0011043	0.0422924	0.0116455	0.000426341	
OG0011044	0.0422924	0.0116455	0.000426341	
OG0011045	0.000312282	0.000477038	9.43315e-05	
OG0011046	0.0422924	0.0116455	0.000426341	
OG0011047	0.0422924	0.0116455	0.000426341	
OG0011048	0.0422924	0.0116455	0.000426341	
OG0011049	0.00321564	0.0017763	0.000188668	
OG0011050	0.0422924	0.0116455	0.000426341	
OG0011051	0.0422924	0.0116455	0.000426341	
OG0011052	0.0422924	0.0116455	0.000426341	
OG0011053	0.0422924	0.0116455	0.000426341	
OG0011054	0.0422924	0.0116455	0.000426341	
OG0011055	0.0422924	0.0116455	0.000426341	
OG0011056	0.00297011	0.00119106	9.19395e-05	
OG0011057	0.0422924	0.0116455	0.000426341	
OG0011058	0.00410716	0.00312747	0.000213165	
OG0011059	9.65725e-07	6.60862e-06	5.91253e-06	
OG0011060	0.0422924	0.0116455	0.000426341	
OG0011061	0.0422924	0.0116455	0.000426341	
OG0011062	3.85526e-05	0.000111163	3.47015e-05	
OG0011063	0.00297011	0.00119106	9.19395e-05	
OG0011064	0.0422924	0.0116455	0.000426341	
OG0011065	0.0422924	0.0116455	0.000426341	
OG0011066	0.0422924	0.0116455	0.000426341	
OG0011067	0.0422924	0.0116455	0.000426341	
OG0011068	0.0422924	0.0116455	0.000426341	
OG0011069	0.0422924	0.0116455	0.000426341	
OG0011070	0.000224361	0.000167043	2.97085e-05	
OG0011071	8.49612e-06	2.76119e-05	1.0361e-05	
OG0011072	0.0422924	0.0116455	0.000426341	
OG0011073	0.000312282	0.000477038	9.43315e-05	
OG0011074	0.00297011	0.00119106	9.19395e-05	
OG0011075	0.000278702	0.000254585	2.69079e-05	
OG0011076	0.000198099	8.5547e-05	8.14122e-06	
OG0011077	0.0422924	0.0116455	0.000426341	
OG0011078	0.0422924	0.0116455	0.000426341	
OG0011079	0.00297011	0.00119106	9.19395e-05	
OG0011080	0.00297011	0.00119106	9.19395e-05	
OG0011081	0.00410716	0.00312747	0.000213165	
OG0011082	0.0422924	0.0116455	0.000426341	
OG0011083	0.0422924	0.0116455	0.000426341	
OG0011084	9.79766e-08	2.7562e-07	2.15661e-07	
OG0011085	0.0422924	0.0116455	0.000426341	
OG0011086	1.49373e-05	1.2428e-05	2.77502e-06	
OG0011087	0.00286495	0.000937321	5.26379e-05	
OG0011088	0.0422924	0.0116455	0.000426341	
OG0011089	0.0422924	0.0116455	0.000426341	
OG0011090	1.92381e-05	2.29742e-05	4.0705e-06	
OG0011091	1.0834e-05	6.10727e-05	1.15022e-05	
OG0011092	0.00303222	0.00129558	9.73835e-05	
OG0011093	0.0422924	0.0116455	0.000426341	
OG0011094	0.0422924	0.0116455	0.000426341	
OG0011095	0.0422924	0.0116455	0.000426341	
OG0011096	0.0422924	0.0116455	0.000426341	
OG0011097	0.0422924	0.0116455	0.000426341	
OG0011098	0.0422924	0.0116455	0.000426341	
OG0011099	2.19307e-05	4.87488e-05	2.00961e-05	
OG0011100	0.0422924	0.0116455	0.000426341	
OG0011101	0.000273938	0.000224628	1.8876e-05	
OG0011102	1.46274e-06	3.50148e-06	1.77977e-06	
OG0011103	2.04161e-05	3.39501e-05	1.05665e-05	
OG0011104	0.0422924	0.0116455	0.000426341	
OG0011105	0.0422924	0.0116455	0.000426341	
OG0011106	0.0422924	0.0116455	0.000426341	
OG0011107	0.0422924	0.0116455	0.000426341	
OG0011108	1.58519e-05	1.83568e-05	7.17405e-06	
OG0011109	2.06138e-05	3.09592e-05	5.83994e-06	
OG0011110	0.0422924	0.0116455	0.000426341	
OG0011111	0.0422924	0.0116455	0.000426341	
OG0011112	0.000225826	0.000181521	4.01933e-05	
OG0011113	0.0422924	0.0116455	0.000426341	
OG0011114	0.000201545	9.69558e-05	1.1605e-05	
OG0011115	0.0422924	0.0116455	0.000426341	
OG0011116	0.0422924	0.0116455	0.000426341	
OG0011117	0.0422924	0.0116455	0.000426341	
OG0011118	0.0422924	0.0116455	0.000426341	
OG0011119	0.0422924	0.0116455	0.000426341	
OG0011120	0.0422924	0.0116455	0.000426341	
OG0011121	0.0422924	0.0116455	0.000426341	
OG0011122	0.0422924	0.0116455	0.000426341	
OG0011123	0.00297011	0.00119106	9.19395e-05	
OG0011124	0.0422924	0.0116455	0.000426341	
OG0011125	1.4057e-05	9.0663e-06	1.75573e-06	
OG0011126	0.0422924	0.0116455	0.000426341	
OG0011127	0.0422924	0.0116455	0.000426341	
OG0011128	3.85526e-05	0.000111163	3.47015e-05	
OG0011129	0.0031825	0.00160503	0.00013191	
OG0011130	1.4204e-05	9.57169e-06	1.92098e-06	
OG0011131	0.000230549	0.000197499	4.25305e-05	
OG0011132	0.000198099	8.5547e-05	8.14122e-06	
OG0011133	0.0422924	0.0116455	0.000426341	
OG0011134	0.000225826	0.000181521	4.01933e-05	
OG0011135	0.0422924	0.0116455	0.000426341	
OG0011136	1.34286e-05	6.91312e-06	1.01007e-06	
OG0011137	0.00297011	0.00119106	9.19395e-05	
OG0011138	0.000198099	8.5547e-05	8.14122e-06	
OG0011139	0.000201545	9.69558e-05	1.1605e-05	
OG0011140	0.0422924	0.0116455	0.000426341	
OG0011141	1.0834e-05	6.10727e-05	1.15022e-05	
OG0011142	0.000312282	0.000477038	9.43315e-05	
OG0011143	0.0422924	0.0116455	0.000426341	
OG0011144	0.0422924	0.0116455	0.000426341	
OG0011145	0.000230549	0.000197499	4.25305e-05	
OG0011146	0.0422924	0.0116455	0.000426341	
OG0011147	0.0422924	0.0116455	0.000426341	
OG0011148	2.10469e-07	1.32364e-06	7.09966e-07	
OG0011149	1.46274e-06	3.50148e-06	1.77977e-06	
OG0011150	0.0422924	0.0116455	0.000426341	
OG0011151	0.00297011	0.00119106	9.19395e-05	
OG0011152	0.0422924	0.0116455	0.000426341	
OG0011153	0.0031825	0.00160503	0.00013191	
OG0011154	0.00297011	0.00119106	9.19395e-05	
OG0011155	0.000278702	0.000254585	2.69079e-05	
OG0011156	0.0422924	0.0116455	0.000426341	
OG0011157	0.0422924	0.0116455	0.000426341	
OG0011158	0.0422924	0.0116455	0.000426341	
OG0011159	0.000198099	8.5547e-05	8.14122e-06	
OG0011160	0.0422924	0.0116455	0.000426341	
OG0011161	0.0422924	0.0116455	0.000426341	
OG0011162	0.0422924	0.0116455	0.000426341	
OG0011163	0.0422924	0.0116455	0.000426341	
OG0011164	0.0422924	0.0116455	0.000426341	
OG0011165	0.0422924	0.0116455	0.000426341	
OG0011166	0.0422924	0.0116455	0.000426341	
OG0011167	0.000225826	0.000181521	4.01933e-05	
OG0011168	0.0422924	0.0116455	0.000426341	
OG0011169	0.0422924	0.0116455	0.000426341	
OG0011170	0.00281896	0.000832852	3.75681e-05	
OG0011171	8.21676e-08	4.43918e-07	3.22643e-07	
OG0011172	7.7884e-07	7.2623e-06	3.66995e-06	
OG0011173	0.000230549	0.000197499	4.25305e-05	
OG0011174	0.000225826	0.000181521	4.01933e-05	
OG0011175	0.000198099	8.5547e-05	8.14122e-06	
OG0011176	0.0422924	0.0116455	0.000426341	
OG0011177	0.00410716	0.00312747	0.000213165	
OG0011178	0.0422924	0.0116455	0.000426341	
OG0011179	0.0422924	0.0116455	0.000426341	
OG0011180	0.000225826	0.000181521	4.01933e-05	
OG0011181	8.22815e-12	1.06758e-10	4.98009e-10	
OG0011182	0.0422924	0.0116455	0.000426341	
OG0011183	0.0422924	0.0116455	0.000426341	
OG0011184	0.00297011	0.00119106	9.19395e-05	
OG0011185	0.0422924	0.0116455	0.000426341	
OG0011186	0.0422924	0.0116455	0.000426341	
OG0011187	0.0422924	0.0116455	0.000426341	
OG0011188	0.0031825	0.00160503	0.00013191	
OG0011189	0.0422924	0.0116455	0.000426341	
OG0011190	0.0422924	0.0116455	0.000426341	
OG0011191	0.0422924	0.0116455	0.000426341	
OG0011192	0.00303222	0.00129558	9.73835e-05	
OG0011193	0.0422924	0.0116455	0.000426341	
OG0011194	0.0422924	0.0116455	0.000426341	
OG0011195	0.0422924	0.0116455	0.000426341	
OG0011196	0.0422924	0.0116455	0.000426341	
OG0011197	0.000201545	9.69558e-05	1.1605e-05	
OG0011198	0.0422924	0.0116455	0.000426341	
OG0011199	0.0422924	0.0116455	0.000426341	
OG0011200	0.0422924	0.0116455	0.000426341	
OG0011201	0.0422924	0.0116455	0.000426341	
OG0011202	0.0422924	0.0116455	0.000426341	
OG0011203	0.000191215	6.75914e-05	4.68144e-06	
OG0011204	0.0422924	0.0116455	0.000426341	
OG0011205	0.00297011	0.00119106	9.19395e-05	
OG0011206	0.0422924	0.0116455	0.000426341	
OG0011207	0.0422924	0.0116455	0.000426341	
OG0011208	1.37453e-07	1.5466e-06	1.46308e-06	
OG0011209	0.000201545	9.69558e-05	1.1605e-05	
OG0011210	0.0422924	0.0116455	0.000426341	
OG0011211	0.0422924	0.0116455	0.000426341	
OG0011212	0.0422924	0.0116455	0.000426341	
OG0011213	0.0422924	0.0116455	0.000426341	
OG0011214	0.0422924	0.0116455	0.000426341	
OG0011215	0.0422924	0.0116455	0.000426341	
OG0011216	0.0422924	0.0116455	0.000426341	
OG0011217	0.0422924	0.0116455	0.000426341	
OG0011218	0.000201545	9.69558e-05	1.1605e-05	
OG0011219	0.0422924	0.0116455	0.000426341	
OG0011220	0.0422924	0.0116455	0.000426341	
OG0011221	0.0422924	0.0116455	0.000426341	
OG0011222	0.0422924	0.0116455	0.000426341	
OG0011223	0.0422924	0.0116455	0.000426341	
OG0011224	0.0422924	0.0116455	0.000426341	
OG0011225	0.0422924	0.0116455	0.000426341	
OG0011226	1.06183e-07	4.48155e-07	3.46299e-07	
OG0011227	0.000273938	0.000224628	1.8876e-05	
OG0011228	0.0422924	0.0116455	0.000426341	
OG0011229	0.0422924	0.0116455	0.000426341	
OG0011230	0.0422924	0.0116455	0.000426341	
OG0011231	0.0422924	0.0116455	0.000426341	
OG0011232	0.0422924	0.0116455	0.000426341	
OG0011233	0.0422924	0.0116455	0.000426341	
OG0011234	0.0422924	0.0116455	0.000426341	
OG0011235	0.0422924	0.0116455	0.000426341	
OG0011236	7.67081e-08	1.74992e-07	1.75967e-07	
OG0011237	0.0422924	0.0116455	0.000426341	
OG0011238	0.0422924	0.0116455	0.000426341	
OG0011239	1.3794e-06	2.57054e-06	9.68581e-07	
OG0011240	0.0422924	0.0116455	0.000426341	
OG0011241	1.53709e-05	1.41663e-05	3.80771e-06	
OG0011242	0.0422924	0.0116455	0.000426341	
OG0011243	8.01021e-06	1.87106e-05	4.00755e-06	
OG0011244	0.0422924	0.0116455	0.000426341	
OG0011245	0.0028208	0.000836427	3.7753e-05	
OG0011246	0.0422924	0.0116455	0.000426341	
OG0011247	0.00303222	0.00129558	9.73835e-05	
OG0011248	0.000273938	0.000224628	1.8876e-05	
OG0011249	0.0422924	0.0116455	0.000426341	
OG0011250	1.40745e-05	9.19289e-06	1.85054e-06	
OG0011251	0.0422924	0.0116455	0.000426341	
OG0011252	0.0422924	0.0116455	0.000426341	
OG0011253	0.0422924	0.0116455	0.000426341	
OG0011254	0.00297011	0.00119106	9.19395e-05	
OG0011255	0.000225826	0.000181521	4.01933e-05	
OG0011256	0.0422924	0.0116455	0.000426341	
OG0011257	0.0422924	0.0116455	0.000426341	
OG0011258	0.0422924	0.0116455	0.000426341	
OG0011259	0.0422924	0.0116455	0.000426341	
OG0011260	0.000225826	0.000181521	4.01933e-05	
OG0011261	0.0422924	0.0116455	0.000426341	
OG0011262	0.0422924	0.0116455	0.000426341	
OG0011263	0.0422924	0.0116455	0.000426341	
OG0011264	0.0422924	0.0116455	0.000426341	
OG0011265	0.000225826	0.000181521	4.01933e-05	
OG0011266	1.40101e-05	8.85801e-06	1.68681e-06	
OG0011267	0.0422924	0.0116455	0.000426341	
OG0011268	0.00297011	0.00119106	9.19395e-05	
OG0011269	0.0422924	0.0116455	0.000426341	
OG0011270	0.0422924	0.0116455	0.000426341	
OG0011271	0.0422924	0.0116455	0.000426341	
OG0011272	0.0422924	0.0116455	0.000426341	
OG0011273	0.000198099	8.5547e-05	8.14122e-06	
OG0011274	0.0422924	0.0116455	0.000426341	
OG0011275	0.0422924	0.0116455	0.000426341	
OG0011276	0.0422924	0.0116455	0.000426341	
OG0011277	0.0422924	0.0116455	0.000426341	
OG0011278	0.000198099	8.5547e-05	8.14122e-06	
OG0011279	0.0422924	0.0116455	0.000426341	
OG0011280	0.0422924	0.0116455	0.000426341	
OG0011281	0.000230549	0.000197499	4.25305e-05	
OG0011282	0.000225826	0.000181521	4.01933e-05	
OG0011283	0.00410716	0.00312747	0.000213165	
OG0011284	0.0422924	0.0116455	0.000426341	
OG0011285	0.0422924	0.0116455	0.000426341	
OG0011286	0.000278702	0.000254585	2.69079e-05	
OG0011287	0.0422924	0.0116455	0.000426341	
OG0011288	0.0422924	0.0116455	0.000426341	
OG0011289	0.0422924	0.0116455	0.000426341	
OG0011290	0.0422924	0.0116455	0.000426341	
OG0011291	0.0422924	0.0116455	0.000426341	
OG0011292	0.00281896	0.000832852	3.75681e-05	
OG0011293	0.0422924	0.0116455	0.000426341	
OG0011294	0.0422924	0.0116455	0.000426341	
OG0011295	0.00297011	0.00119106	9.19395e-05	
OG0011296	0.0422924	0.0116455	0.000426341	
OG0011297	0.0422924	0.0116455	0.000426341	
OG0011298	0.0422924	0.0116455	0.000426341	
OG0011299	0.0422924	0.0116455	0.000426341	
OG0011300	0.0422924	0.0116455	0.000426341	
OG0011301	0.0422924	0.0116455	0.000426341	
OG0011302	0.0422924	0.0116455	0.000426341	
OG0011303	0.0422924	0.0116455	0.000426341	
OG0011304	0.0422924	0.0116455	0.000426341	
OG0011305	0.000198099	8.5547e-05	8.14122e-06	
OG0011306	2.19307e-05	4.87488e-05	2.00961e-05	
OG0011307	0.0422924	0.0116455	0.000426341	
OG0011308	0.0422924	0.0116455	0.000426341	
OG0011309	0.0422924	0.0116455	0.000426341	
OG0011310	0.00297011	0.00119106	9.19395e-05	
OG0011311	0.0422924	0.0116455	0.000426341	
OG0011312	0.0422924	0.0116455	0.000426341	
OG0011313	0.0422924	0.0116455	0.000426341	
OG0011314	0.0422924	0.0116455	0.000426341	
OG0011315	0.0422924	0.0116455	0.000426341	
OG0011316	0.000198099	8.5547e-05	8.14122e-06	
OG0011317	0.0422924	0.0116455	0.000426341	
OG0011318	0.00297011	0.00119106	9.19395e-05	
OG0011319	0.0422924	0.0116455	0.000426341	
OG0011320	0.0422924	0.0116455	0.000426341	
OG0011321	0.0422924	0.0116455	0.000426341	
OG0011322	0.0422924	0.0116455	0.000426341	
OG0011323	0.00297011	0.00119106	9.19395e-05	
OG0011324	0.000230549	0.000197499	4.25305e-05	
OG0011325	0.0422924	0.0116455	0.000426341	
OG0011326	2.17573e-07	1.55873e-06	1.26807e-06	
OG0011327	0.00410716	0.00312747	0.000213165	
OG0011328	0.0422924	0.0116455	0.000426341	
OG0011329	0.0422924	0.0116455	0.000426341	
OG0011330	0.00410716	0.00312747	0.000213165	
OG0011331	1.53709e-05	1.41663e-05	3.80771e-06	
OG0011332	0.0422924	0.0116455	0.000426341	
OG0011333	0.0422924	0.0116455	0.000426341	
OG0011334	0.0028208	0.000836427	3.7753e-05	
OG0011335	0.0422924	0.0116455	0.000426341	
OG0011336	0.0422924	0.0116455	0.000426341	
OG0011337	9.65725e-07	6.60862e-06	5.91253e-06	
OG0011338	0.0422924	0.0116455	0.000426341	
OG0011339	0.0422924	0.0116455	0.000426341	
OG0011340	1.92381e-05	2.29742e-05	4.0705e-06	
OG0011341	0.0422924	0.0116455	0.000426341	
OG0011342	0.00410716	0.00312747	0.000213165	
OG0011343	0.0031825	0.00160503	0.00013191	
OG0011344	0.0422924	0.0116455	0.000426341	
OG0011345	0.0422924	0.0116455	0.000426341	
OG0011346	0.0422924	0.0116455	0.000426341	
OG0011347	0.0422924	0.0116455	0.000426341	
OG0011348	0.000201545	9.69558e-05	1.1605e-05	
OG0011349	0.0422924	0.0116455	0.000426341	
OG0011350	7.75057e-09	4.0942e-08	6.25624e-08	
OG0011351	0.0422924	0.0116455	0.000426341	
OG0011352	0.0422924	0.0116455	0.000426341	
OG0011353	0.000198099	8.5547e-05	8.14122e-06	
OG0011354	0.00297011	0.00119106	9.19395e-05	
OG0011355	0.000215957	0.000130653	1.66483e-05	
OG0011356	0.0422924	0.0116455	0.000426341	
OG0011357	3.79725e-09	1.65851e-07	4.5977e-07	
OG0011358	0.0422924	0.0116455	0.000426341	
OG0011359	1.32721e-05	6.21523e-06	7.09935e-07	
OG0011360	0.0422924	0.0116455	0.000426341	
OG0011361	0.0422924	0.0116455	0.000426341	
OG0011362	0.00303222	0.00129558	9.73835e-05	
OG0011363	0.0422924	0.0116455	0.000426341	
OG0011364	0.0422924	0.0116455	0.000426341	
OG0011365	0.0422924	0.0116455	0.000426341	
OG0011366	0.0422924	0.0116455	0.000426341	
OG0011367	0.0422924	0.0116455	0.000426341	
OG0011368	0.0422924	0.0116455	0.000426341	
OG0011369	0.0422924	0.0116455	0.000426341	
OG0011370	0.0422924	0.0116455	0.000426341	
OG0011371	0.000225826	0.000181521	4.01933e-05	
OG0011372	0.00297011	0.00119106	9.19395e-05	
OG0011373	0.000201545	9.69558e-05	1.1605e-05	
OG0011374	0.0422924	0.0116455	0.000426341	
OG0011375	0.00321564	0.0017763	0.000188668	
OG0011376	0.0422924	0.0116455	0.000426341	
OG0011377	0.000217832	0.000142969	2.32574e-05	
OG0011378	0.0422924	0.0116455	0.000426341	
OG0011379	0.0422924	0.0116455	0.000426341	
OG0011380	0.0422924	0.0116455	0.000426341	
OG0011381	0.0422924	0.0116455	0.000426341	
OG0011382	0.0422924	0.0116455	0.000426341	
OG0011383	0.0422924	0.0116455	0.000426341	
OG0011384	0.0422924	0.0116455	0.000426341	
OG0011385	0.0422924	0.0116455	0.000426341	
OG0011386	0.00297011	0.00119106	9.19395e-05	
OG0011387	0.0422924	0.0116455	0.000426341	
OG0011388	0.00297011	0.00119106	9.19395e-05	
OG0011389	0.0422924	0.0116455	0.000426341	
OG0011390	0.0422924	0.0116455	0.000426341	
OG0011391	0.0422924	0.0116455	0.000426341	
OG0011392	2.77016e-07	3.32858e-06	5.6875e-06	
OG0011393	0.000201545	9.69558e-05	1.1605e-05	
OG0011394	0.0422924	0.0116455	0.000426341	
OG0011395	0.0422924	0.0116455	0.000426341	
OG0011396	0.0422924	0.0116455	0.000426341	
OG0011397	0.000217832	0.000142969	2.32574e-05	
OG0011398	0.0422924	0.0116455	0.000426341	
OG0011399	0.00297011	0.00119106	9.19395e-05	
OG0011400	0.0422924	0.0116455	0.000426341	
OG0011401	0.0422924	0.0116455	0.000426341	
OG0011402	0.0422924	0.0116455	0.000426341	
OG0011403	0.0422924	0.0116455	0.000426341	
OG0011404	0.0422924	0.0116455	0.000426341	
OG0011405	0.0422924	0.0116455	0.000426341	
OG0011406	0.0031825	0.00160503	0.00013191	
OG0011407	0.0422924	0.0116455	0.000426341	
OG0011408	0.0422924	0.0116455	0.000426341	
OG0011409	0.000225826	0.000181521	4.01933e-05	
OG0011410	0.0422924	0.0116455	0.000426341	
OG0011411	1.49373e-05	1.2428e-05	2.77502e-06	
OG0011412	0.0422924	0.0116455	0.000426341	
OG0011413	0.0422924	0.0116455	0.000426341	
OG0011414	0.00297011	0.00119106	9.19395e-05	
OG0011415	1.40745e-05	9.19289e-06	1.85054e-06	
OG0011416	0.0422924	0.0116455	0.000426341	
OG0011417	0.0422924	0.0116455	0.000426341	
OG0011418	0.0422924	0.0116455	0.000426341	
OG0011419	0.0422924	0.0116455	0.000426341	
OG0011420	1.0834e-05	6.10727e-05	1.15022e-05	
OG0011421	0.0031825	0.00160503	0.00013191	
OG0011422	0.000198099	8.5547e-05	8.14122e-06	
OG0011423	0.0422924	0.0116455	0.000426341	
OG0011424	0.0422924	0.0116455	0.000426341	
OG0011425	0.0422924	0.0116455	0.000426341	
OG0011426	0.0422924	0.0116455	0.000426341	
OG0011427	0.0422924	0.0116455	0.000426341	
OG0011428	0.0422924	0.0116455	0.000426341	
OG0011429	0.00303222	0.00129558	9.73835e-05	
OG0011430	0.0422924	0.0116455	0.000426341	
OG0011431	0.0422924	0.0116455	0.000426341	
OG0011432	0.000215957	0.000130653	1.66483e-05	
OG0011433	0.0422924	0.0116455	0.000426341	
OG0011434	0.0422924	0.0116455	0.000426341	
OG0011435	0.0422924	0.0116455	0.000426341	
OG0011436	0.0422924	0.0116455	0.000426341	
OG0011437	0.0422924	0.0116455	0.000426341	
OG0011438	0.0422924	0.0116455	0.000426341	
OG0011439	0.00410716	0.00312747	0.000213165	
OG0011440	0.0422924	0.0116455	0.000426341	
OG0011441	0.0422924	0.0116455	0.000426341	
OG0011442	0.0422924	0.0116455	0.000426341	
OG0011443	0.0422924	0.0116455	0.000426341	
OG0011444	8.37897e-07	1.05402e-05	7.19444e-06	
OG0011445	0.00286495	0.000937321	5.26379e-05	
OG0011446	0.0422924	0.0116455	0.000426341	
OG0011447	0.00321564	0.0017763	0.000188668	
OG0011448	0.0422924	0.0116455	0.000426341	
OG0011449	0.0422924	0.0116455	0.000426341	
OG0011450	0.000212265	0.00011528	1.16802e-05	
OG0011451	0.000202241	9.30512e-05	8.62068e-06	
OG0011452	0.0422924	0.0116455	0.000426341	
OG0011453	0.0422924	0.0116455	0.000426341	
OG0011454	0.000230549	0.000197499	4.25305e-05	
OG0011455	0.00297011	0.00119106	9.19395e-05	
OG0011456	0.0422924	0.0116455	0.000426341	
OG0011457	0.000201545	9.69558e-05	1.1605e-05	
OG0011458	0.0422924	0.0116455	0.000426341	
OG0011459	0.0422924	0.0116455	0.000426341	
OG0011460	0.000226548	0.000180642	3.69693e-05	
OG0011461	0.0422924	0.0116455	0.000426341	
OG0011462	1.0834e-05	6.10727e-05	1.15022e-05	
OG0011463	0.00303222	0.00129558	9.73835e-05	
OG0011464	0.00286986	0.000947975	5.38173e-05	
OG0011465	0.0422924	0.0116455	0.000426341	
OG0011466	0.0422924	0.0116455	0.000426341	
OG0011467	0.0422924	0.0116455	0.000426341	
OG0011468	0.00297011	0.00119106	9.19395e-05	
OG0011469	0.0422924	0.0116455	0.000426341	
OG0011470	0.00410716	0.00312747	0.000213165	
OG0011471	0.0422924	0.0116455	0.000426341	
OG0011472	0.00410716	0.00312747	0.000213165	
OG0011473	0.0422924	0.0116455	0.000426341	
OG0011474	0.000230549	0.000197499	4.25305e-05	
OG0011475	0.00321564	0.0017763	0.000188668	
OG0011476	0.0422924	0.0116455	0.000426341	
OG0011477	0.0422924	0.0116455	0.000426341	
OG0011478	0.0422924	0.0116455	0.000426341	
OG0011479	0.00297011	0.00119106	9.19395e-05	
OG0011480	0.0422924	0.0116455	0.000426341	
OG0011481	0.0422924	0.0116455	0.000426341	
OG0011482	2.19307e-05	4.87488e-05	2.00961e-05	
OG0011483	0.000278702	0.000254585	2.69079e-05	
OG0011484	0.0422924	0.0116455	0.000426341	
OG0011485	0.000312282	0.000477038	9.43315e-05	
OG0011486	0.0422924	0.0116455	0.000426341	
OG0011487	0.000202241	9.30512e-05	8.62068e-06	
OG0011488	0.00410716	0.00312747	0.000213165	
OG0011489	0.0422924	0.0116455	0.000426341	
OG0011490	0.00410716	0.00312747	0.000213165	
OG0011491	0.0422924	0.0116455	0.000426341	
OG0011492	0.0422924	0.0116455	0.000426341	
OG0011493	0.000202241	9.30512e-05	8.62068e-06	
OG0011494	0.000201545	9.69558e-05	1.1605e-05	
OG0011495	0.0422924	0.0116455	0.000426341	
OG0011496	0.0422924	0.0116455	0.000426341	
OG0011497	0.0422924	0.0116455	0.000426341	
OG0011498	0.0422924	0.0116455	0.000426341	
OG0011499	0.0422924	0.0116455	0.000426341	
OG0011500	0.0422924	0.0116455	0.000426341	
OG0011501	0.00297011	0.00119106	9.19395e-05	
OG0011502	0.0422924	0.0116455	0.000426341	
OG0011503	0.00297011	0.00119106	9.19395e-05	
OG0011504	0.0422924	0.0116455	0.000426341	
OG0011505	0.00297011	0.00119106	9.19395e-05	
OG0011506	0.0422924	0.0116455	0.000426341	
OG0011507	0.000212265	0.00011528	1.16802e-05	
OG0011508	0.0422924	0.0116455	0.000426341	
OG0011509	0.0422924	0.0116455	0.000426341	
OG0011510	0.00297011	0.00119106	9.19395e-05	
OG0011511	0.0422924	0.0116455	0.000426341	
OG0011512	0.0422924	0.0116455	0.000426341	
OG0011513	0.0422924	0.0116455	0.000426341	
OG0011514	0.0422924	0.0116455	0.000426341	
OG0011515	0.0422924	0.0116455	0.000426341	
OG0011516	0.0422924	0.0116455	0.000426341	
OG0011517	0.0422924	0.0116455	0.000426341	
OG0011518	0.0422924	0.0116455	0.000426341	
OG0011519	0.0422924	0.0116455	0.000426341	
OG0011520	0.0422924	0.0116455	0.000426341	
OG0011521	0.0422924	0.0116455	0.000426341	
OG0011522	0.0422924	0.0116455	0.000426341	
OG0011523	0.0422924	0.0116455	0.000426341	
OG0011524	0.00297011	0.00119106	9.19395e-05	
OG0011525	0.0422924	0.0116455	0.000426341	
OG0011526	0.0422924	0.0116455	0.000426341	
OG0011527	0.0422924	0.0116455	0.000426341	
OG0011528	0.00297011	0.00119106	9.19395e-05	
OG0011529	0.0422924	0.0116455	0.000426341	
OG0011530	0.00297011	0.00119106	9.19395e-05	
OG0011531	0.0422924	0.0116455	0.000426341	
OG0011532	0.0422924	0.0116455	0.000426341	
OG0011533	0.0422924	0.0116455	0.000426341	
OG0011534	0.0422924	0.0116455	0.000426341	
OG0011535	0.0422924	0.0116455	0.000426341	
OG0011536	1.4204e-05	9.57169e-06	1.92098e-06	
OG0011537	0.000206467	0.000113548	1.6428e-05	
OG0011538	0.0422924	0.0116455	0.000426341	
OG0011539	0.0422924	0.0116455	0.000426341	
OG0011540	0.0422924	0.0116455	0.000426341	
OG0011541	0.00410716	0.00312747	0.000213165	
OG0011542	0.000225826	0.000181521	4.01933e-05	
OG0011543	0.0422924	0.0116455	0.000426341	
OG0011544	0.0422924	0.0116455	0.000426341	
OG0011545	0.0422924	0.0116455	0.000426341	
OG0011546	0.0422924	0.0116455	0.000426341	
OG0011547	1.4204e-05	9.57169e-06	1.92098e-06	
OG0011548	0.00410716	0.00312747	0.000213165	
OG0011549	0.0422924	0.0116455	0.000426341	
OG0011550	0.0422924	0.0116455	0.000426341	
OG0011551	0.000225826	0.000181521	4.01933e-05	
OG0011552	1.511e-05	1.29728e-05	3.27097e-06	
OG0011553	0.0422924	0.0116455	0.000426341	
OG0011554	0.00297011	0.00119106	9.19395e-05	
OG0011555	0.0422924	0.0116455	0.000426341	
OG0011556	0.0422924	0.0116455	0.000426341	
OG0011557	0.0422924	0.0116455	0.000426341	
OG0011558	0.000201545	9.69558e-05	1.1605e-05	
OG0011559	0.0422924	0.0116455	0.000426341	
OG0011560	0.0422924	0.0116455	0.000426341	
OG0011561	0.0422924	0.0116455	0.000426341	
OG0011562	0.0422924	0.0116455	0.000426341	
OG0011563	0.0422924	0.0116455	0.000426341	
OG0011564	0.0422924	0.0116455	0.000426341	
OG0011565	0.00321564	0.0017763	0.000188668	
OG0011566	0.000225826	0.000181521	4.01933e-05	
OG0011567	0.0422924	0.0116455	0.000426341	
OG0011568	0.000225826	0.000181521	4.01933e-05	
OG0011569	0.000212265	0.00011528	1.16802e-05	
OG0011570	7.69823e-08	1.78543e-07	1.73823e-07	
OG0011571	1.36682e-06	2.46881e-06	9.25245e-07	
OG0011572	0.0422924	0.0116455	0.000426341	
OG0011573	0.0422924	0.0116455	0.000426341	
OG0011574	0.00281896	0.000832852	3.75681e-05	
OG0011575	0.0422924	0.0116455	0.000426341	
OG0011576	0.0422924	0.0116455	0.000426341	
OG0011577	0.0422924	0.0116455	0.000426341	
OG0011578	0.000198099	8.5547e-05	8.14122e-06	
OG0011579	2.19307e-05	4.87488e-05	2.00961e-05	
OG0011580	0.0422924	0.0116455	0.000426341	
OG0011581	0.0422924	0.0116455	0.000426341	
OG0011582	0.000225826	0.000181521	4.01933e-05	
OG0011583	0.000312282	0.000477038	9.43315e-05	
OG0011584	1.45324e-06	3.22206e-06	1.31526e-06	
OG0011585	0.0422924	0.0116455	0.000426341	
OG0011586	0.0422924	0.0116455	0.000426341	
OG0011587	0.00321564	0.0017763	0.000188668	
OG0011588	0.0422924	0.0116455	0.000426341	
OG0011589	0.000225826	0.000181521	4.01933e-05	
OG0011590	0.0422924	0.0116455	0.000426341	
OG0011591	0.0422924	0.0116455	0.000426341	
OG0011592	0.000225826	0.000181521	4.01933e-05	
OG0011593	0.0422924	0.0116455	0.000426341	
OG0011594	3.85526e-05	0.000111163	3.47015e-05	
OG0011595	0.0422924	0.0116455	0.000426341	
OG0011596	0.0422924	0.0116455	0.000426341	
OG0011597	0.0422924	0.0116455	0.000426341	
OG0011598	0.0422924	0.0116455	0.000426341	
OG0011599	0.000198099	8.5547e-05	8.14122e-06	
OG0011600	0.00297011	0.00119106	9.19395e-05	
OG0011601	0.0422924	0.0116455	0.000426341	
OG0011602	0.0422924	0.0116455	0.000426341	
OG0011603	0.0422924	0.0116455	0.000426341	
OG0011604	0.000199528	8.83857e-05	8.62482e-06	
OG0011605	0.0031825	0.00160503	0.00013191	
OG0011606	0.0422924	0.0116455	0.000426341	
OG0011607	0.0422924	0.0116455	0.000426341	
OG0011608	0.0422924	0.0116455	0.000426341	
OG0011609	0.0422924	0.0116455	0.000426341	
OG0011610	0.0422924	0.0116455	0.000426341	
OG0011611	0.0422924	0.0116455	0.000426341	
OG0011612	0.00303222	0.00129558	9.73835e-05	
OG0011613	0.0422924	0.0116455	0.000426341	
OG0011614	0.0422924	0.0116455	0.000426341	
OG0011615	0.0422924	0.0116455	0.000426341	
OG0011616	0.0422924	0.0116455	0.000426341	
OG0011617	0.00286986	0.000947975	5.38173e-05	
OG0011618	0.0422924	0.0116455	0.000426341	
OG0011619	0.0422924	0.0116455	0.000426341	
OG0011620	0.0422924	0.0116455	0.000426341	
OG0011621	0.0422924	0.0116455	0.000426341	
OG0011622	0.0422924	0.0116455	0.000426341	
OG0011623	0.0422924	0.0116455	0.000426341	
OG0011624	0.0422924	0.0116455	0.000426341	
OG0011625	0.0422924	0.0116455	0.000426341	
OG0011626	0.0422924	0.0116455	0.000426341	
OG0011627	0.00321564	0.0017763	0.000188668	
OG0011628	0.0422924	0.0116455	0.000426341	
OG0011629	0.0422924	0.0116455	0.000426341	
OG0011630	0.0422924	0.0116455	0.000426341	
OG0011631	0.0422924	0.0116455	0.000426341	
OG0011632	8.47298e-07	3.12149e-06	1.21632e-06	
OG0011633	0.0422924	0.0116455	0.000426341	
OG0011634	0.00297011	0.00119106	9.19395e-05	
OG0011635	0.0422924	0.0116455	0.000426341	
OG0011636	0.0422924	0.0116455	0.000426341	
OG0011637	0.0422924	0.0116455	0.000426341	
OG0011638	0.0422924	0.0116455	0.000426341	
OG0011639	0.000225826	0.000181521	4.01933e-05	
OG0011640	0.00321564	0.0017763	0.000188668	
OG0011641	0.0422924	0.0116455	0.000426341	
OG0011642	0.0422924	0.0116455	0.000426341	
OG0011643	0.0422924	0.0116455	0.000426341	
OG0011644	1.39934e-07	8.73627e-07	6.54835e-07	
OG0011645	0.0422924	0.0116455	0.000426341	
OG0011646	0.0422924	0.0116455	0.000426341	
OG0011647	0.00297011	0.00119106	9.19395e-05	
OG0011648	0.00303222	0.00129558	9.73835e-05	
OG0011649	0.0422924	0.0116455	0.000426341	
OG0011650	1.40125e-05	9.03987e-06	1.85987e-06	
OG0011651	0.0422924	0.0116455	0.000426341	
OG0011652	0.0422924	0.0116455	0.000426341	
OG0011653	0.0422924	0.0116455	0.000426341	
OG0011654	0.000201545	9.69558e-05	1.1605e-05	
OG0011655	0.00297011	0.00119106	9.19395e-05	
OG0011656	0.0422924	0.0116455	0.000426341	
OG0011657	0.0422924	0.0116455	0.000426341	
OG0011658	0.000198099	8.5547e-05	8.14122e-06	
OG0011659	0.0422924	0.0116455	0.000426341	
OG0011660	0.0422924	0.0116455	0.000426341	
OG0011661	0.0422924	0.0116455	0.000426341	
OG0011662	0.0422924	0.0116455	0.000426341	
OG0011663	0.0422924	0.0116455	0.000426341	
OG0011664	0.0422924	0.0116455	0.000426341	
OG0011665	0.0422924	0.0116455	0.000426341	
OG0011666	0.0422924	0.0116455	0.000426341	
OG0011667	0.0422924	0.0116455	0.000426341	
OG0011668	0.000225826	0.000181521	4.01933e-05	
OG0011669	0.0422924	0.0116455	0.000426341	
OG0011670	0.0422924	0.0116455	0.000426341	
OG0011671	0.0422924	0.0116455	0.000426341	
OG0011672	0.000201545	9.69558e-05	1.1605e-05	
OG0011673	0.000198099	8.5547e-05	8.14122e-06	
OG0011674	0.0422924	0.0116455	0.000426341	
OG0011675	0.0422924	0.0116455	0.000426341	
OG0011676	0.0422924	0.0116455	0.000426341	
OG0011677	0.0422924	0.0116455	0.000426341	
OG0011678	0.0422924	0.0116455	0.000426341	
OG0011679	0.0422924	0.0116455	0.000426341	
OG0011680	0.0422924	0.0116455	0.000426341	
OG0011681	0.000205758	0.000105457	1.22815e-05	
OG0011682	0.0422924	0.0116455	0.000426341	
OG0011683	0.0422924	0.0116455	0.000426341	
OG0011684	0.0422924	0.0116455	0.000426341	
OG0011685	0.0031825	0.00160503	0.00013191	
OG0011686	0.0422924	0.0116455	0.000426341	
OG0011687	0.00286495	0.000937321	5.26379e-05	
OG0011688	0.00286495	0.000937321	5.26379e-05	
OG0011689	0.0422924	0.0116455	0.000426341	
OG0011690	0.00297011	0.00119106	9.19395e-05	
OG0011691	0.0422924	0.0116455	0.000426341	
OG0011692	0.0422924	0.0116455	0.000426341	
OG0011693	0.0422924	0.0116455	0.000426341	
OG0011694	0.000198099	8.5547e-05	8.14122e-06	
OG0011695	0.000206467	0.000113548	1.6428e-05	
OG0011696	0.0422924	0.0116455	0.000426341	
OG0011697	0.00321564	0.0017763	0.000188668	
OG0011698	0.0422924	0.0116455	0.000426341	
OG0011699	3.85526e-05	0.000111163	3.47015e-05	
OG0011700	0.0422924	0.0116455	0.000426341	
OG0011701	0.000201545	9.69558e-05	1.1605e-05	
OG0011702	0.0422924	0.0116455	0.000426341	
OG0011703	0.0422924	0.0116455	0.000426341	
OG0011704	0.0422924	0.0116455	0.000426341	
OG0011705	0.0422924	0.0116455	0.000426341	
OG0011706	0.000230549	0.000197499	4.25305e-05	
OG0011707	0.0422924	0.0116455	0.000426341	
OG0011708	0.000191215	6.75914e-05	4.68144e-06	
OG0011709	0.0422924	0.0116455	0.000426341	
OG0011710	0.000212265	0.00011528	1.16802e-05	
OG0011711	0.0422924	0.0116455	0.000426341	
OG0011712	0.0422924	0.0116455	0.000426341	
OG0011713	1.56444e-05	1.6076e-05	5.3647e-06	
OG0011714	0.0422924	0.0116455	0.000426341	
OG0011715	1.49373e-05	1.2428e-05	2.77502e-06	
OG0011716	0.000198728	8.50643e-05	7.44465e-06	
OG0011717	0.00297011	0.00119106	9.19395e-05	
OG0011718	0.0422924	0.0116455	0.000426341	
OG0011719	0.00297011	0.00119106	9.19395e-05	
OG0011720	0.0422924	0.0116455	0.000426341	
OG0011721	0.0422924	0.0116455	0.000426341	
OG0011722	0.0422924	0.0116455	0.000426341	
OG0011723	0.0422924	0.0116455	0.000426341	
OG0011724	0.0422924	0.0116455	0.000426341	
OG0011725	0.000198099	8.5547e-05	8.14122e-06	
OG0011726	0.0422924	0.0116455	0.000426341	
OG0011727	0.0422924	0.0116455	0.000426341	
OG0011728	0.0422924	0.0116455	0.000426341	
OG0011729	0.0422924	0.0116455	0.000426341	
OG0011730	0.0422924	0.0116455	0.000426341	
OG0011731	0.0422924	0.0116455	0.000426341	
OG0011732	0.0422924	0.0116455	0.000426341	
OG0011733	0.0422924	0.0116455	0.000426341	
OG0011734	1.41989e-07	9.93912e-07	7.72569e-07	
OG0011735	0.0422924	0.0116455	0.000426341	
OG0011736	0.00297011	0.00119106	9.19395e-05	
OG0011737	0.0422924	0.0116455	0.000426341	
OG0011738	0.0422924	0.0116455	0.000426341	
OG0011739	0.0422924	0.0116455	0.000426341	
OG0011740	0.0031825	0.00160503	0.00013191	
OG0011741	0.000225826	0.000181521	4.01933e-05	
OG0011742	0.0422924	0.0116455	0.000426341	
OG0011743	0.0422924	0.0116455	0.000426341	
OG0011744	0.0422924	0.0116455	0.000426341	
OG0011745	0.0422924	0.0116455	0.000426341	
OG0011746	0.0422924	0.0116455	0.000426341	
OG0011747	0.00297011	0.00119106	9.19395e-05	
OG0011748	0.0422924	0.0116455	0.000426341	
OG0011749	0.0422924	0.0116455	0.000426341	
OG0011750	0.00297011	0.00119106	9.19395e-05	
OG0011751	0.0422924	0.0116455	0.000426341	
OG0011752	0.0422924	0.0116455	0.000426341	
OG0011753	0.0422924	0.0116455	0.000426341	
OG0011754	0.0422924	0.0116455	0.000426341	
OG0011755	0.0422924	0.0116455	0.000426341	
OG0011756	0.0422924	0.0116455	0.000426341	
OG0011757	0.0422924	0.0116455	0.000426341	
OG0011758	0.0422924	0.0116455	0.000426341	
OG0011759	0.0422924	0.0116455	0.000426341	
OG0011760	0.00297011	0.00119106	9.19395e-05	
OG0011761	0.00297011	0.00119106	9.19395e-05	
OG0011762	0.0031825	0.00160503	0.00013191	
OG0011763	0.0422924	0.0116455	0.000426341	
OG0011764	0.00297011	0.00119106	9.19395e-05	
OG0011765	0.0422924	0.0116455	0.000426341	
OG0011766	0.0422924	0.0116455	0.000426341	
OG0011767	0.00297011	0.00119106	9.19395e-05	
OG0011768	0.0422924	0.0116455	0.000426341	
OG0011769	0.0422924	0.0116455	0.000426341	
OG0011770	0.0422924	0.0116455	0.000426341	
OG0011771	0.00297011	0.00119106	9.19395e-05	
OG0011772	0.0422924	0.0116455	0.000426341	
OG0011773	0.000201545	9.69558e-05	1.1605e-05	
OG0011774	0.00297011	0.00119106	9.19395e-05	
OG0011775	0.0422924	0.0116455	0.000426341	
OG0011776	0.0422924	0.0116455	0.000426341	
OG0011777	0.0422924	0.0116455	0.000426341	
OG0011778	0.0422924	0.0116455	0.000426341	
OG0011779	0.00297011	0.00119106	9.19395e-05	
OG0011780	0.000198099	8.5547e-05	8.14122e-06	
OG0011781	0.0422924	0.0116455	0.000426341	
OG0011782	0.0422924	0.0116455	0.000426341	
OG0011783	0.000225826	0.000181521	4.01933e-05	
OG0011784	0.0422924	0.0116455	0.000426341	
OG0011785	0.0422924	0.0116455	0.000426341	
OG0011786	0.0422924	0.0116455	0.000426341	
OG0011787	0.0422924	0.0116455	0.000426341	
OG0011788	9.65725e-07	6.60862e-06	5.91253e-06	
OG0011789	0.000312282	0.000477038	9.43315e-05	
OG0011790	0.0422924	0.0116455	0.000426341	
OG0011791	0.0422924	0.0116455	0.000426341	
OG0011792	0.0422924	0.0116455	0.000426341	
OG0011793	0.0422924	0.0116455	0.000426341	
OG0011794	0.0422924	0.0116455	0.000426341	
OG0011795	0.0422924	0.0116455	0.000426341	
OG0011796	0.0422924	0.0116455	0.000426341	
OG0011797	0.00321564	0.0017763	0.000188668	
OG0011798	0.0422924	0.0116455	0.000426341	
OG0011799	1.49373e-05	1.2428e-05	2.77502e-06	
OG0011800	0.000201545	9.69558e-05	1.1605e-05	
OG0011801	0.0422924	0.0116455	0.000426341	
OG0011802	0.0422924	0.0116455	0.000426341	
OG0011803	0.0422924	0.0116455	0.000426341	
OG0011804	0.00297011	0.00119106	9.19395e-05	
OG0011805	0.0422924	0.0116455	0.000426341	
OG0011806	0.00281896	0.000832852	3.75681e-05	
OG0011807	0.0422924	0.0116455	0.000426341	
OG0011808	7.97362e-11	4.67205e-09	3.74319e-08	
OG0011809	6.73166e-18	9.01119e-15	9.99711e-13	
OG0011810	1.2673e-18	7.68614e-15	2.12648e-12	
OG0012153	0.000212265	0.00011528	1.16802e-05	
OG0012154	0.0422924	0.0116455	0.000426341	
OG0012155	0.00321564	0.0017763	0.000188668	
OG0012156	0.000225826	0.000181521	4.01933e-05	
OG0012157	0.000312282	0.000477038	9.43315e-05	
OG0012158	1.14974e-05	9.02489e-05	2.98639e-05	
OG0012161	0.0422924	0.0116455	0.000426341	
OG0012162	0.0422924	0.0116455	0.000426341	
OG0012163	0.0422924	0.0116455	0.000426341	
OG0012167	6.34826e-07	2.87643e-05	1.87454e-05	
OG0012168	0.000225826	0.000181521	4.01933e-05	
OG0012169	4.25287e-16	3.36747e-13	2.97249e-11	
OG0012170	0.0028208	0.000836427	3.7753e-05	
OG0012172	0.00321564	0.0017763	0.000188668	
OG0012175	0.0028208	0.000836427	3.7753e-05	
OG0012176	0.000198099	8.5547e-05	8.14122e-06	
OG0012177	1.93124e-05	2.33917e-05	4.28282e-06	
OG0012180	0.000273938	0.000224628	1.8876e-05	
OG0012181	0.000312282	0.000477038	9.43315e-05	
OG0012182	0.0422924	0.0116455	0.000426341	
OG0012183	0.00321564	0.0017763	0.000188668	
OG0012184	0.0422924	0.0116455	0.000426341	
OG0012185	0.000273938	0.000224628	1.8876e-05	
OG0012186	0.0422924	0.0116455	0.000426341	
OG0012187	0.00021023	0.000126417	2.11336e-05	
OG0012188	3.90824e-06	3.09191e-05	2.35565e-05	
OG0012189	0.0422924	0.0116455	0.000426341	
OG0012190	0.000198099	8.5547e-05	8.14122e-06	
OG0012191	2.08286e-05	3.42644e-05	8.35466e-06	
OG0012192	0.0422924	0.0116455	0.000426341	
OG0012193	0.0028208	0.000836427	3.7753e-05	
OG0012194	0.0028208	0.000836427	3.7753e-05	
OG0012195	0.000198099	8.5547e-05	8.14122e-06	
OG0012196	7.1427e-07	4.62323e-06	2.72517e-06	
OG0012197	0.00305071	0.00137235	0.000120143	
OG0012198	0.0422924	0.0116455	0.000426341	
OG0012199	0.0422924	0.0116455	0.000426341	
OG0012200	0.00321564	0.0017763	0.000188668	
OG0012201	0.0422924	0.0116455	0.000426341	
OG0012202	1.01267e-09	1.30835e-08	7.21995e-08	
OG0012203	1.0834e-05	6.10727e-05	1.15022e-05	
OG0012204	0.0422924	0.0116455	0.000426341	
OG0012205	0.0422924	0.0116455	0.000426341	
OG0012206	0.000273938	0.000224628	1.8876e-05	
OG0012207	1.93124e-05	2.33917e-05	4.28282e-06	
OG0012208	0.00321564	0.0017763	0.000188668	
OG0012209	0.0028208	0.000836427	3.7753e-05	
OG0012210	6.6383e-09	1.88376e-07	6.79618e-07	
OG0012211	0.0422924	0.0116455	0.000426341	
OG0012212	1.14974e-05	9.02489e-05	2.98639e-05	
OG0012213	1.40745e-05	9.19289e-06	1.85054e-06	
OG0012214	0.00321564	0.0017763	0.000188668	
OG0012215	0.000273938	0.000224628	1.8876e-05	
OG0012216	0.000273938	0.000224628	1.8876e-05	
OG0012217	1.4204e-05	9.57169e-06	1.92098e-06	
OG0012218	0.0422924	0.0116455	0.000426341	
OG0012219	0.0028208	0.000836427	3.7753e-05	
OG0012220	0.00321564	0.0017763	0.000188668	
OG0012221	0.0028208	0.000836427	3.7753e-05	
OG0012222	7.68086e-07	6.54505e-06	2.70682e-06	
OG0012223	0.000225826	0.000181521	4.01933e-05	
OG0012224	1.48817e-06	3.96843e-06	2.53696e-06	
OG0012225	0.000289551	0.000325679	4.83623e-05	
OG0012226	0.000273938	0.000224628	1.8876e-05	
OG0012227	0.0422924	0.0116455	0.000426341	
OG0012228	1.97653e-05	2.65131e-05	5.34352e-06	
OG0012229	1.50621e-05	1.30382e-05	3.55964e-06	
OG0012230	5.33429e-08	4.81093e-06	4.91533e-06	
OG0012231	0.0422924	0.0116455	0.000426341	
OG0012232	0.000214477	0.000127587	1.67098e-05	
OG0012233	0.00298157	0.0012127	9.67273e-05	
OG0012234	0.00321564	0.0017763	0.000188668	
OG0012235	2.53676e-10	1.20278e-08	4.1658e-08	
OG0012236	0.0422924	0.0116455	0.000426341	
OG0012237	0.0028208	0.000836427	3.7753e-05	
OG0012238	2.10662e-06	1.24152e-05	7.58276e-06	
OG0012239	0.000273938	0.000224628	1.8876e-05	
OG0012240	0.00286986	0.000947975	5.38173e-05	
OG0012241	0.0422924	0.0116455	0.000426341	
OG0012242	0.000198099	8.5547e-05	8.14122e-06	
OG0012243	0.00321564	0.0017763	0.000188668	
OG0012244	0.000198099	8.5547e-05	8.14122e-06	
OG0012245	0.000198099	8.5547e-05	8.14122e-06	
OG0012246	1.93124e-05	2.33917e-05	4.28282e-06	
OG0012247	0.00321564	0.0017763	0.000188668	
OG0012248	0.00286986	0.000947975	5.38173e-05	
OG0012249	0.0422924	0.0116455	0.000426341	
OG0012250	0.000198099	8.5547e-05	8.14122e-06	
OG0012251	0.00321564	0.0017763	0.000188668	
OG0012252	0.00298157	0.0012127	9.67273e-05	
OG0012253	0.00321564	0.0017763	0.000188668	
OG0012254	0.0422924	0.0116455	0.000426341	
OG0012255	0.000273938	0.000224628	1.8876e-05	
OG0012256	0.0028208	0.000836427	3.7753e-05	
OG0012257	0.0422924	0.0116455	0.000426341	
OG0012258	0.0028208	0.000836427	3.7753e-05	
OG0012259	0.00321564	0.0017763	0.000188668	
OG0012260	0.000225263	0.000170342	3.0276e-05	
OG0012261	0.0422924	0.0116455	0.000426341	
OG0012262	0.00305071	0.00137235	0.000120143	
OG0012263	7.1427e-07	4.62323e-06	2.72517e-06	
OG0012264	0.0422924	0.0116455	0.000426341	
OG0012265	1.0834e-05	6.10727e-05	1.15022e-05	
OG0012266	0.0422924	0.0116455	0.000426341	
OG0012267	0.0028208	0.000836427	3.7753e-05	
OG0012268	0.0422924	0.0116455	0.000426341	
OG0012269	0.0422924	0.0116455	0.000426341	
OG0012270	0.0028208	0.000836427	3.7753e-05	
OG0012271	0.0422924	0.0116455	0.000426341	
OG0012272	0.0422924	0.0116455	0.000426341	
OG0012273	0.000201545	9.69558e-05	1.1605e-05	
OG0012274	0.0422924	0.0116455	0.000426341	
OG0012275	0.000225826	0.000181521	4.01933e-05	
OG0012276	0.00021023	0.000126417	2.11336e-05	
OG0012277	0.000198099	8.5547e-05	8.14122e-06	
OG0012278	0.00321564	0.0017763	0.000188668	
OG0012279	1.50621e-05	1.30382e-05	3.55964e-06	
OG0012280	0.0028208	0.000836427	3.7753e-05	
OG0012281	0.000212265	0.00011528	1.16802e-05	
OG0012282	0.0422924	0.0116455	0.000426341	
OG0012283	0.00021023	0.000126417	2.11336e-05	
OG0012284	0.00021023	0.000126417	2.11336e-05	
OG0012285	1.3639e-06	2.46214e-06	9.5767e-07	
OG0012286	0.0028208	0.000836427	3.7753e-05	
OG0012287	6.76156e-09	3.74874e-08	1.07539e-07	
OG0012288	0.0422924	0.0116455	0.000426341	
OG0012289	0.00321564	0.0017763	0.000188668	
OG0012290	0.0422924	0.0116455	0.000426341	
OG0012291	0.000198099	8.5547e-05	8.14122e-06	
OG0012292	0.00321564	0.0017763	0.000188668	
OG0012293	0.00321564	0.0017763	0.000188668	
OG0012294	0.0422924	0.0116455	0.000426341	
OG0012295	1.36682e-06	2.46881e-06	9.25245e-07	
OG0012296	8.15964e-09	1.38256e-07	2.30803e-07	
OG0012297	0.00321564	0.0017763	0.000188668	
OG0012298	0.00298157	0.0012127	9.67273e-05	
OG0012299	0.00298157	0.0012127	9.67273e-05	
OG0012300	1.56984e-05	1.73137e-05	7.22033e-06	
OG0012301	0.0422924	0.0116455	0.000426341	
OG0012302	0.0422924	0.0116455	0.000426341	
OG0012303	0.0028208	0.000836427	3.7753e-05	
OG0012304	0.0422924	0.0116455	0.000426341	
OG0012305	0.0422924	0.0116455	0.000426341	
OG0012306	1.21418e-06	2.06247e-06	1.14098e-06	
OG0012307	0.0422924	0.0116455	0.000426341	
OG0012308	0.000278702	0.000254585	2.69079e-05	
OG0012309	0.00321564	0.0017763	0.000188668	
OG0012310	1.40745e-05	9.19289e-06	1.85054e-06	
OG0012311	0.0422924	0.0116455	0.000426341	
OG0012312	0.0422924	0.0116455	0.000426341	
OG0012313	0.0422924	0.0116455	0.000426341	
OG0012314	0.00321564	0.0017763	0.000188668	
OG0012315	8.47298e-07	3.12149e-06	1.21632e-06	
OG0012316	0.00286986	0.000947975	5.38173e-05	
OG0012317	0.0422924	0.0116455	0.000426341	
OG0012318	0.0422924	0.0116455	0.000426341	
OG0012319	0.0028208	0.000836427	3.7753e-05	
OG0012320	0.00286986	0.000947975	5.38173e-05	
OG0012321	0.00321564	0.0017763	0.000188668	
OG0012322	0.00321564	0.0017763	0.000188668	
OG0012323	0.00321564	0.0017763	0.000188668	
OG0012324	0.000198099	8.5547e-05	8.14122e-06	
OG0012325	0.0422924	0.0116455	0.000426341	
OG0012326	0.0422924	0.0116455	0.000426341	
OG0012327	0.0422924	0.0116455	0.000426341	
OG0012328	0.0422924	0.0116455	0.000426341	
OG0012329	0.0422924	0.0116455	0.000426341	
OG0012330	0.0422924	0.0116455	0.000426341	
OG0012331	0.0422924	0.0116455	0.000426341	
OG0012332	0.00410716	0.00312747	0.000213165	
OG0012333	0.000278702	0.000254585	2.69079e-05	
OG0012334	0.0422924	0.0116455	0.000426341	
OG0012335	1.05705e-07	4.1553e-07	5.0756e-07	
OG0012336	0.00321564	0.0017763	0.000188668	
OG0012337	0.0028208	0.000836427	3.7753e-05	
OG0012338	0.00286986	0.000947975	5.38173e-05	
OG0012339	0.0422924	0.0116455	0.000426341	
OG0012340	0.000230549	0.000197499	4.25305e-05	
OG0012341	0.0028208	0.000836427	3.7753e-05	
OG0012342	0.000198099	8.5547e-05	8.14122e-06	
OG0012343	0.0422924	0.0116455	0.000426341	
OG0012344	0.00321564	0.0017763	0.000188668	
OG0012345	0.000198099	8.5547e-05	8.14122e-06	
OG0012346	3.01822e-06	1.30779e-05	4.95766e-06	
OG0012347	0.0422924	0.0116455	0.000426341	
OG0012348	0.0422924	0.0116455	0.000426341	
OG0012349	2.04161e-05	3.39501e-05	1.05665e-05	
OG0012350	0.000290712	0.000331948	4.90309e-05	
OG0012351	0.000225826	0.000181521	4.01933e-05	
OG0012352	0.00305071	0.00137235	0.000120143	
OG0012353	0.00321564	0.0017763	0.000188668	
OG0012354	0.00321564	0.0017763	0.000188668	
OG0012355	0.0028208	0.000836427	3.7753e-05	
OG0012356	0.000273938	0.000224628	1.8876e-05	
OG0012357	0.00321564	0.0017763	0.000188668	
OG0012358	0.00321564	0.0017763	0.000188668	
OG0012359	0.0422924	0.0116455	0.000426341	
OG0012360	0.000198099	8.5547e-05	8.14122e-06	
OG0012361	0.00286986	0.000947975	5.38173e-05	
OG0012362	0.0028208	0.000836427	3.7753e-05	
OG0012363	0.0028208	0.000836427	3.7753e-05	
OG0012364	0.0422924	0.0116455	0.000426341	
OG0012365	0.00410716	0.00312747	0.000213165	
OG0012366	0.0028208	0.000836427	3.7753e-05	
OG0012367	0.0422924	0.0116455	0.000426341	
OG0012368	1.94626e-05	2.41388e-05	4.29289e-06	
OG0012369	0.000198099	8.5547e-05	8.14122e-06	
OG0012370	0.000215957	0.000130653	1.66483e-05	
OG0012371	0.00321564	0.0017763	0.000188668	
OG0012372	0.0422924	0.0116455	0.000426341	
OG0012373	0.00321564	0.0017763	0.000188668	
OG0012374	0.000273938	0.000224628	1.8876e-05	
OG0012375	0.0422924	0.0116455	0.000426341	
OG0012376	0.00321564	0.0017763	0.000188668	
OG0012377	0.000312282	0.000477038	9.43315e-05	
OG0012378	0.0422924	0.0116455	0.000426341	
OG0012379	1.46274e-06	3.50148e-06	1.77977e-06	
OG0012380	0.00305071	0.00137235	0.000120143	
OG0012381	0.0028208	0.000836427	3.7753e-05	
OG0012382	0.00321564	0.0017763	0.000188668	
OG0012383	0.000273938	0.000224628	1.8876e-05	
OG0012384	0.0422924	0.0116455	0.000426341	
OG0012385	1.14974e-05	9.02489e-05	2.98639e-05	
OG0012386	0.0422924	0.0116455	0.000426341	
OG0012387	0.00286986	0.000947975	5.38173e-05	
OG0012388	1.31438e-06	1.92652e-06	5.37887e-07	
OG0012389	0.0422924	0.0116455	0.000426341	
OG0012390	0.0422924	0.0116455	0.000426341	
OG0012391	0.0028208	0.000836427	3.7753e-05	
OG0012392	0.0422924	0.0116455	0.000426341	
OG0012393	0.0422924	0.0116455	0.000426341	
OG0012394	0.0028208	0.000836427	3.7753e-05	
OG0012395	0.000273938	0.000224628	1.8876e-05	
OG0012396	0.00321564	0.0017763	0.000188668	
OG0012397	0.0028208	0.000836427	3.7753e-05	
OG0012398	0.000225826	0.000181521	4.01933e-05	
OG0012399	0.0028208	0.000836427	3.7753e-05	
OG0012400	0.000273938	0.000224628	1.8876e-05	
OG0012401	0.0422924	0.0116455	0.000426341	
OG0012402	0.000290712	0.000331948	4.90309e-05	
OG0012403	0.0422924	0.0116455	0.000426341	
OG0012404	0.000202323	9.87177e-05	1.22105e-05	
OG0012405	0.00286986	0.000947975	5.38173e-05	
OG0012406	0.000215957	0.000130653	1.66483e-05	
OG0012407	0.00321564	0.0017763	0.000188668	
OG0012408	0.0422924	0.0116455	0.000426341	
OG0012409	0.00286986	0.000947975	5.38173e-05	
OG0012410	0.0422924	0.0116455	0.000426341	
OG0012411	0.00321564	0.0017763	0.000188668	
OG0012412	0.0028208	0.000836427	3.7753e-05	
OG0012413	2.20156e-05	4.96769e-05	2.14207e-05	
OG0012414	0.000225826	0.000181521	4.01933e-05	
OG0012415	1.50621e-05	1.30382e-05	3.55964e-06	
OG0012416	0.0422924	0.0116455	0.000426341	
OG0012417	0.0028208	0.000836427	3.7753e-05	
OG0012418	0.0028208	0.000836427	3.7753e-05	
OG0012419	0.000191012	6.71193e-05	4.60686e-06	
OG0012420	0.00286986	0.000947975	5.38173e-05	
OG0012421	0.00321564	0.0017763	0.000188668	
OG0012422	0.0422924	0.0116455	0.000426341	
OG0012423	0.00321564	0.0017763	0.000188668	
OG0012424	0.000273938	0.000224628	1.8876e-05	
OG0012425	0.00286986	0.000947975	5.38173e-05	
OG0012426	0.0422924	0.0116455	0.000426341	
OG0012427	0.00286986	0.000947975	5.38173e-05	
OG0012428	0.000198099	8.5547e-05	8.14122e-06	
OG0012429	0.0422924	0.0116455	0.000426341	
OG0012430	0.0028208	0.000836427	3.7753e-05	
OG0012431	0.000225826	0.000181521	4.01933e-05	
OG0012432	0.00321564	0.0017763	0.000188668	
OG0012433	0.0422924	0.0116455	0.000426341	
OG0012434	0.0422924	0.0116455	0.000426341	
OG0012435	1.62897e-05	2.13913e-05	1.1324e-05	
OG0012436	0.0422924	0.0116455	0.000426341	
OG0012437	0.0028208	0.000836427	3.7753e-05	
OG0012438	0.0422924	0.0116455	0.000426341	
OG0012439	0.00286986	0.000947975	5.38173e-05	
OG0012440	0.0422924	0.0116455	0.000426341	
OG0012441	3.20486e-09	3.08508e-07	7.18059e-07	
OG0012442	0.0422924	0.0116455	0.000426341	
OG0012443	1.08185e-15	6.48466e-09	3.70366e-06	
OG0012444	0.0028208	0.000836427	3.7753e-05	
OG0012445	0.000198099	8.5547e-05	8.14122e-06	
OG0012446	0.0422924	0.0116455	0.000426341	
OG0012447	0.00321564	0.0017763	0.000188668	
OG0012448	1.92381e-05	2.29742e-05	4.0705e-06	
OG0012449	0.000212265	0.00011528	1.16802e-05	
OG0012450	0.0422924	0.0116455	0.000426341	
OG0012451	0.0028208	0.000836427	3.7753e-05	
OG0012452	2.08426e-05	3.68952e-05	1.10717e-05	
OG0012453	0.0028208	0.000836427	3.7753e-05	
OG0012454	6.80792e-08	8.18663e-08	5.5479e-08	
OG0012455	0.0422924	0.0116455	0.000426341	
OG0012456	0.000273938	0.000224628	1.8876e-05	
OG0012457	0.00286986	0.000947975	5.38173e-05	
OG0012458	0.00321564	0.0017763	0.000188668	
OG0012459	0.0422924	0.0116455	0.000426341	
OG0012460	0.0422924	0.0116455	0.000426341	
OG0012461	0.000212265	0.00011528	1.16802e-05	
OG0012462	0.0422924	0.0116455	0.000426341	
OG0012463	0.00286986	0.000947975	5.38173e-05	
OG0012464	1.33733e-06	2.19022e-06	7.27334e-07	
OG0012465	0.000273938	0.000224628	1.8876e-05	
OG0012466	0.00286986	0.000947975	5.38173e-05	
OG0012467	0.0028208	0.000836427	3.7753e-05	
OG0012468	0.00321564	0.0017763	0.000188668	
OG0012469	0.0422924	0.0116455	0.000426341	
OG0012470	1.27214e-05	4.75927e-06	3.87102e-07	
OG0012471	0.00321564	0.0017763	0.000188668	
OG0012472	0.000312282	0.000477038	9.43315e-05	
OG0012473	0.00321564	0.0017763	0.000188668	
OG0012474	0.0028208	0.000836427	3.7753e-05	
OG0012475	0.00286986	0.000947975	5.38173e-05	
OG0012476	0.00321564	0.0017763	0.000188668	
OG0012477	0.0422924	0.0116455	0.000426341	
OG0012478	0.000312282	0.000477038	9.43315e-05	
OG0012479	0.00321564	0.0017763	0.000188668	
OG0012480	0.0422924	0.0116455	0.000426341	
OG0012481	0.00297011	0.00119106	9.19395e-05	
OG0012482	0.000278702	0.000254585	2.69079e-05	
OG0012483	0.00321564	0.0017763	0.000188668	
OG0012484	0.00321564	0.0017763	0.000188668	
OG0012485	0.00286986	0.000947975	5.38173e-05	
OG0012486	0.00286986	0.000947975	5.38173e-05	
OG0012487	0.0422924	0.0116455	0.000426341	
OG0012488	1.94626e-05	2.41388e-05	4.29289e-06	
OG0012489	0.0422924	0.0116455	0.000426341	
OG0012490	0.0422924	0.0116455	0.000426341	
OG0012491	8.99181e-07	4.61262e-06	3.15485e-06	
OG0012492	0.0422924	0.0116455	0.000426341	
OG0012493	0.0422924	0.0116455	0.000426341	
OG0012494	1.59262e-10	2.39065e-09	9.84474e-09	
OG0012495	0.0422924	0.0116455	0.000426341	
OG0012496	0.0422924	0.0116455	0.000426341	
OG0012497	0.000214621	0.000137383	2.21441e-05	
OG0012498	0.0422924	0.0116455	0.000426341	
OG0012499	0.0422924	0.0116455	0.000426341	
OG0012500	0.0422924	0.0116455	0.000426341	
OG0012501	0.00321564	0.0017763	0.000188668	
OG0012502	0.00321564	0.0017763	0.000188668	
OG0012503	0.0422924	0.0116455	0.000426341	
OG0012504	0.0422924	0.0116455	0.000426341	
OG0012505	0.00321564	0.0017763	0.000188668	
OG0012506	0.0422924	0.0116455	0.000426341	
OG0012508	0.000312282	0.000477038	9.43315e-05	
OG0012509	6.44119e-08	4.74678e-07	5.23623e-07	
OG0012510	0.0422924	0.0116455	0.000426341	
OG0012511	1.3667e-08	2.41781e-07	3.59201e-07	
OG0012512	0.00321564	0.0017763	0.000188668	
OG0012513	0.00321564	0.0017763	0.000188668	
OG0012514	0.00321564	0.0017763	0.000188668	
OG0012515	0.0422924	0.0116455	0.000426341	
OG0012516	0.00321564	0.0017763	0.000188668	
OG0012517	0.0422924	0.0116455	0.000426341	
OG0012518	9.65725e-07	6.60862e-06	5.91253e-06	
OG0012519	0.0422924	0.0116455	0.000426341	
OG0012520	0.000225826	0.000181521	4.01933e-05	
OG0012521	0.00286986	0.000947975	5.38173e-05	
OG0012522	0.00286986	0.000947975	5.38173e-05	
OG0012523	0.00321564	0.0017763	0.000188668	
OG0012524	0.000289551	0.000325679	4.83623e-05	
OG0012526	0.0028208	0.000836427	3.7753e-05	
OG0012527	0.0422924	0.0116455	0.000426341	
OG0012528	0.0422924	0.0116455	0.000426341	
OG0012529	0.0422924	0.0116455	0.000426341	
OG0012530	0.0422924	0.0116455	0.000426341	
OG0012531	0.00321564	0.0017763	0.000188668	
OG0012532	0.00286986	0.000947975	5.38173e-05	
OG0012533	0.0028208	0.000836427	3.7753e-05	
OG0012534	0.000198099	8.5547e-05	8.14122e-06	
OG0012535	0.0028208	0.000836427	3.7753e-05	
OG0012536	0.000201545	9.69558e-05	1.1605e-05	
OG0012537	0.0422924	0.0116455	0.000426341	
OG0012538	0.0422924	0.0116455	0.000426341	
OG0012539	0.0028208	0.000836427	3.7753e-05	
OG0012540	0.0422924	0.0116455	0.000426341	
OG0012541	0.00286986	0.000947975	5.38173e-05	
OG0012542	0.00321564	0.0017763	0.000188668	
OG0012543	0.0028208	0.000836427	3.7753e-05	
OG0012544	0.0422924	0.0116455	0.000426341	
OG0012545	0.0028208	0.000836427	3.7753e-05	
OG0012546	0.0028208	0.000836427	3.7753e-05	
OG0012547	0.000198099	8.5547e-05	8.14122e-06	
OG0012548	0.0422924	0.0116455	0.000426341	
OG0012549	0.0028208	0.000836427	3.7753e-05	
OG0012550	0.00321564	0.0017763	0.000188668	
OG0012551	0.0422924	0.0116455	0.000426341	
OG0012552	0.0422924	0.0116455	0.000426341	
OG0012553	0.0028208	0.000836427	3.7753e-05	
OG0012554	0.0422924	0.0116455	0.000426341	
OG0012555	0.00321564	0.0017763	0.000188668	
OG0012556	1.53241e-05	1.47769e-05	5.07407e-06	
OG0012557	0.0422924	0.0116455	0.000426341	
OG0012558	0.000289551	0.000325679	4.83623e-05	
OG0012559	0.0422924	0.0116455	0.000426341	
OG0012560	0.0422924	0.0116455	0.000426341	
OG0012561	0.0422924	0.0116455	0.000426341	
OG0012562	0.00321564	0.0017763	0.000188668	
OG0012563	0.00321564	0.0017763	0.000188668	
OG0012564	1.71552e-06	5.67821e-06	2.77104e-06	
OG0012565	0.000201545	9.69558e-05	1.1605e-05	
OG0012566	2.08286e-05	3.42644e-05	8.35466e-06	
OG0012567	0.0422924	0.0116455	0.000426341	
OG0012568	0.00298157	0.0012127	9.67273e-05	
OG0012569	0.0422924	0.0116455	0.000426341	
OG0012570	0.0028208	0.000836427	3.7753e-05	
OG0012571	0.000224361	0.000167043	2.97085e-05	
OG0012572	0.0422924	0.0116455	0.000426341	
OG0012573	1.06125e-06	1.33518e-06	6.28747e-07	
OG0012574	0.00286986	0.000947975	5.38173e-05	
OG0012575	0.0422924	0.0116455	0.000426341	
OG0012576	0.0422924	0.0116455	0.000426341	
OG0012577	0.00286986	0.000947975	5.38173e-05	
OG0012578	0.0028208	0.000836427	3.7753e-05	
OG0012579	0.000191012	6.71193e-05	4.60686e-06	
OG0012580	0.0422924	0.0116455	0.000426341	
OG0012581	0.0028208	0.000836427	3.7753e-05	
OG0012582	0.0028208	0.000836427	3.7753e-05	
OG0012583	0.000202241	9.30512e-05	8.62068e-06	
OG0012584	7.24682e-11	3.68025e-09	2.49639e-08	
OG0012585	0.00321564	0.0017763	0.000188668	
OG0012586	0.00321564	0.0017763	0.000188668	
OG0012587	0.0028208	0.000836427	3.7753e-05	
OG0012588	0.0422924	0.0116455	0.000426341	
OG0012589	0.000225826	0.000181521	4.01933e-05	
OG0012590	0.00321564	0.0017763	0.000188668	
OG0012591	0.000198099	8.5547e-05	8.14122e-06	
OG0012592	1.45419e-05	1.1441e-05	3.27495e-06	
OG0012593	0.00321564	0.0017763	0.000188668	
OG0012594	9.93772e-07	9.41869e-07	3.69054e-07	
OG0012595	0.00321564	0.0017763	0.000188668	
OG0012596	0.0422924	0.0116455	0.000426341	
OG0012597	0.000225826	0.000181521	4.01933e-05	
OG0012598	0.0422924	0.0116455	0.000426341	
OG0012599	0.00286986	0.000947975	5.38173e-05	
OG0012600	0.00321564	0.0017763	0.000188668	
OG0012601	0.0422924	0.0116455	0.000426341	
OG0012602	1.0877e-06	1.49961e-06	8.60062e-07	
OG0012603	0.0422924	0.0116455	0.000426341	
OG0012604	0.00321564	0.0017763	0.000188668	
OG0012605	0.00321564	0.0017763	0.000188668	
OG0012606	1.50621e-05	1.30382e-05	3.55964e-06	
OG0012607	0.0422924	0.0116455	0.000426341	
OG0012608	0.0422924	0.0116455	0.000426341	
OG0012609	0.0422924	0.0116455	0.000426341	
OG0012610	0.0028208	0.000836427	3.7753e-05	
OG0012611	0.0422924	0.0116455	0.000426341	
OG0012612	0.0028208	0.000836427	3.7753e-05	
OG0012613	0.000198099	8.5547e-05	8.14122e-06	
OG0012614	0.0422924	0.0116455	0.000426341	
OG0012615	0.0422924	0.0116455	0.000426341	
OG0012616	0.00321564	0.0017763	0.000188668	
OG0012617	7.5556e-08	7.71488e-07	8.2784e-07	
OG0012618	0.00321564	0.0017763	0.000188668	
OG0012619	0.0422924	0.0116455	0.000426341	
OG0012620	0.00321564	0.0017763	0.000188668	
OG0012621	0.000225826	0.000181521	4.01933e-05	
OG0012622	0.0422924	0.0116455	0.000426341	
OG0012623	2.57138e-06	7.98451e-06	3.07316e-06	
OG0012624	0.0028208	0.000836427	3.7753e-05	
OG0012625	0.0422924	0.0116455	0.000426341	
OG0012626	0.0422924	0.0116455	0.000426341	
OG0012627	0.0028208	0.000836427	3.7753e-05	
OG0012628	0.00321564	0.0017763	0.000188668	
OG0012629	0.00321564	0.0017763	0.000188668	
OG0012630	0.00410716	0.00312747	0.000213165	
OG0012631	0.000273938	0.000224628	1.8876e-05	
OG0012632	0.00321564	0.0017763	0.000188668	
OG0012633	6.34826e-07	2.87643e-05	1.87454e-05	
OG0012634	0.0028208	0.000836427	3.7753e-05	
OG0012635	0.000212265	0.00011528	1.16802e-05	
OG0012636	0.0028208	0.000836427	3.7753e-05	
OG0012637	1.11221e-09	9.63994e-08	3.89489e-07	
OG0012638	0.00286986	0.000947975	5.38173e-05	
OG0012639	0.0028208	0.000836427	3.7753e-05	
OG0012640	0.0028208	0.000836427	3.7753e-05	
OG0012641	0.0422924	0.0116455	0.000426341	
OG0012642	0.0028208	0.000836427	3.7753e-05	
OG0012643	1.50621e-05	1.30382e-05	3.55964e-06	
OG0012644	0.0422924	0.0116455	0.000426341	
OG0012645	0.0422924	0.0116455	0.000426341	
OG0012646	1.14974e-05	9.02489e-05	2.98639e-05	
OG0012647	0.00286986	0.000947975	5.38173e-05	
OG0012648	0.000273938	0.000224628	1.8876e-05	
OG0012649	0.0422924	0.0116455	0.000426341	
OG0012650	0.00286986	0.000947975	5.38173e-05	
OG0012651	0.00286986	0.000947975	5.38173e-05	
OG0012652	0.0422924	0.0116455	0.000426341	
OG0012653	0.000214335	0.000127036	1.66174e-05	
OG0012654	0.000312282	0.000477038	9.43315e-05	
OG0012655	0.0422924	0.0116455	0.000426341	
OG0012656	1.55231e-06	5.17428e-06	4.62216e-06	
OG0012657	0.00286986	0.000947975	5.38173e-05	
OG0012658	2.20156e-05	4.96769e-05	2.14207e-05	
OG0012659	0.0422924	0.0116455	0.000426341	
OG0012660	0.0028208	0.000836427	3.7753e-05	
OG0012661	0.0028208	0.000836427	3.7753e-05	
OG0012662	0.0422924	0.0116455	0.000426341	
OG0012663	0.0422924	0.0116455	0.000426341	
OG0012664	0.0422924	0.0116455	0.000426341	
OG0012665	0.00305071	0.00137235	0.000120143	
OG0012667	0.0422924	0.0116455	0.000426341	
OG0012668	0.000225826	0.000181521	4.01933e-05	
OG0012669	1.92381e-05	2.29742e-05	4.0705e-06	
OG0012670	2.04161e-05	3.39501e-05	1.05665e-05	
OG0012671	0.000212265	0.00011528	1.16802e-05	
OG0012672	0.0422924	0.0116455	0.000426341	
OG0012673	0.00321564	0.0017763	0.000188668	
OG0012674	0.00298157	0.0012127	9.67273e-05	
OG0012675	0.0422924	0.0116455	0.000426341	
OG0012676	0.00321564	0.0017763	0.000188668	
OG0012677	0.00321564	0.0017763	0.000188668	
OG0012678	0.000225826	0.000181521	4.01933e-05	
OG0012679	0.00321564	0.0017763	0.000188668	
OG0012680	0.0028208	0.000836427	3.7753e-05	
OG0012681	0.0422924	0.0116455	0.000426341	
OG0012682	0.00321564	0.0017763	0.000188668	
OG0012683	0.0422924	0.0116455	0.000426341	
OG0012684	1.92381e-05	2.29742e-05	4.0705e-06	
OG0012685	1.332e-06	3.07132e-06	1.88688e-06	
OG0012686	0.0422924	0.0116455	0.000426341	
OG0012687	0.00321564	0.0017763	0.000188668	
OG0012688	0.0028208	0.000836427	3.7753e-05	
OG0012689	0.0422924	0.0116455	0.000426341	
OG0012690	0.0422924	0.0116455	0.000426341	
OG0012691	0.0422924	0.0116455	0.000426341	
OG0012692	0.0422924	0.0116455	0.000426341	
OG0012693	0.00321564	0.0017763	0.000188668	
OG0012694	0.00286986	0.000947975	5.38173e-05	
OG0012695	0.000198099	8.5547e-05	8.14122e-06	
OG0012696	1.43737e-05	9.25764e-06	1.44236e-06	
OG0012697	0.00321564	0.0017763	0.000188668	
OG0012698	0.0422924	0.0116455	0.000426341	
OG0012699	0.0028208	0.000836427	3.7753e-05	
OG0012700	0.0422924	0.0116455	0.000426341	
OG0012701	0.000225826	0.000181521	4.01933e-05	
OG0012702	0.0028208	0.000836427	3.7753e-05	
OG0012703	0.00298157	0.0012127	9.67273e-05	
OG0012704	0.00321564	0.0017763	0.000188668	
OG0012705	0.0422924	0.0116455	0.000426341	
OG0012706	0.0422924	0.0116455	0.000426341	
OG0012707	2.08426e-05	3.68952e-05	1.10717e-05	
OG0012708	0.0422924	0.0116455	0.000426341	
OG0012709	0.0028208	0.000836427	3.7753e-05	
OG0012710	0.0422924	0.0116455	0.000426341	
OG0012711	0.000198099	8.5547e-05	8.14122e-06	
OG0012712	0.0422924	0.0116455	0.000426341	
OG0012713	0.000201545	9.69558e-05	1.1605e-05	
OG0012714	0.0422924	0.0116455	0.000426341	
OG0012715	0.0028208	0.000836427	3.7753e-05	
OG0012716	0.00298157	0.0012127	9.67273e-05	
OG0012717	0.0422924	0.0116455	0.000426341	
OG0012718	0.0422924	0.0116455	0.000426341	
OG0012719	0.0422924	0.0116455	0.000426341	
OG0012720	6.35592e-10	2.12413e-08	3.94793e-08	
OG0012721	0.0422924	0.0116455	0.000426341	
OG0012722	0.00021023	0.000126417	2.11336e-05	
OG0012723	0.000202241	9.30512e-05	8.62068e-06	
OG0012724	0.0422924	0.0116455	0.000426341	
OG0012725	0.0028208	0.000836427	3.7753e-05	
OG0012726	0.0422924	0.0116455	0.000426341	
OG0012727	0.000214477	0.000127587	1.67098e-05	
OG0012728	0.0028208	0.000836427	3.7753e-05	
OG0012729	0.0422924	0.0116455	0.000426341	
OG0012730	0.0422924	0.0116455	0.000426341	
OG0012731	0.00321564	0.0017763	0.000188668	
OG0012732	0.0422924	0.0116455	0.000426341	
OG0012733	3.20486e-09	3.08508e-07	7.18059e-07	
OG0012734	0.0422924	0.0116455	0.000426341	
OG0012735	1.10224e-05	6.92175e-05	1.63961e-05	
OG0012736	0.000198099	8.5547e-05	8.14122e-06	
OG0012737	1.49643e-05	1.19977e-05	2.63059e-06	
OG0012738	0.000273938	0.000224628	1.8876e-05	
OG0012739	0.00286986	0.000947975	5.38173e-05	
OG0012740	0.0422924	0.0116455	0.000426341	
OG0012741	0.0422924	0.0116455	0.000426341	
OG0012742	0.0422924	0.0116455	0.000426341	
OG0012743	0.000312282	0.000477038	9.43315e-05	
OG0012744	0.0422924	0.0116455	0.000426341	
OG0012745	0.000198099	8.5547e-05	8.14122e-06	
OG0012746	0.00321564	0.0017763	0.000188668	
OG0012747	0.0028208	0.000836427	3.7753e-05	
OG0012748	0.00321564	0.0017763	0.000188668	
OG0012749	1.08206e-06	1.426e-06	6.57832e-07	
OG0012750	0.0422924	0.0116455	0.000426341	
OG0012751	0.00321564	0.0017763	0.000188668	
OG0012752	3.45476e-10	9.89284e-10	1.78738e-09	
OG0012753	0.0422924	0.0116455	0.000426341	
OG0012754	0.000225826	0.000181521	4.01933e-05	
OG0012755	0.0422924	0.0116455	0.000426341	
OG0012756	0.0028208	0.000836427	3.7753e-05	
OG0012757	0.0422924	0.0116455	0.000426341	
OG0012758	0.000198099	8.5547e-05	8.14122e-06	
OG0012759	2.11909e-05	3.88338e-05	1.19092e-05	
OG0012760	0.0028208	0.000836427	3.7753e-05	
OG0012761	0.0422924	0.0116455	0.000426341	
OG0012762	7.36821e-08	1.67942e-06	1.78021e-06	
OG0012763	0.0422924	0.0116455	0.000426341	
OG0012764	0.0422924	0.0116455	0.000426341	
OG0012765	0.00321564	0.0017763	0.000188668	
OG0012766	0.00321564	0.0017763	0.000188668	
OG0012767	2.20156e-05	4.96769e-05	2.14207e-05	
OG0012768	0.0422924	0.0116455	0.000426341	
OG0012769	0.00321564	0.0017763	0.000188668	
OG0012770	1.36682e-06	2.46881e-06	9.25245e-07	
OG0012771	5.98832e-10	4.82148e-08	1.5937e-07	
OG0012772	0.0422924	0.0116455	0.000426341	
OG0012773	0.000198099	8.5547e-05	8.14122e-06	
OG0012774	0.0028208	0.000836427	3.7753e-05	
OG0012775	0.00321564	0.0017763	0.000188668	
OG0012776	0.0028208	0.000836427	3.7753e-05	
OG0012777	0.0422924	0.0116455	0.000426341	
OG0012778	0.0422924	0.0116455	0.000426341	
OG0012779	0.0028208	0.000836427	3.7753e-05	
OG0012780	0.0422924	0.0116455	0.000426341	
OG0012781	0.0422924	0.0116455	0.000426341	
OG0012782	0.0028208	0.000836427	3.7753e-05	
OG0012783	8.31089e-09	1.01556e-07	2.11949e-07	
OG0012784	0.0422924	0.0116455	0.000426341	
OG0012785	0.00321564	0.0017763	0.000188668	
OG0012786	0.0422924	0.0116455	0.000426341	
OG0012787	0.0028208	0.000836427	3.7753e-05	
OG0012788	0.0028208	0.000836427	3.7753e-05	
OG0012789	1.92381e-05	2.29742e-05	4.0705e-06	
OG0012790	1.93124e-05	2.33917e-05	4.28282e-06	
OG0012791	0.000225826	0.000181521	4.01933e-05	
OG0012792	0.0422924	0.0116455	0.000426341	
OG0012793	0.00286986	0.000947975	5.38173e-05	
OG0012794	0.0422924	0.0116455	0.000426341	
OG0012795	0.0422924	0.0116455	0.000426341	
OG0012796	0.00286986	0.000947975	5.38173e-05	
OG0012797	0.00321564	0.0017763	0.000188668	
OG0012798	2.08286e-05	3.42644e-05	8.35466e-06	
OG0012799	0.0422924	0.0116455	0.000426341	
OG0012800	0.0422924	0.0116455	0.000426341	
OG0012801	0.000217832	0.000142969	2.32574e-05	
OG0012802	0.0028208	0.000836427	3.7753e-05	
OG0012803	0.00321564	0.0017763	0.000188668	
OG0012804	0.0028208	0.000836427	3.7753e-05	
OG0012805	0.00321564	0.0017763	0.000188668	
OG0012806	0.0422924	0.0116455	0.000426341	
OG0012807	0.0422924	0.0116455	0.000426341	
OG0012808	0.0028208	0.000836427	3.7753e-05	
OG0012809	0.0422924	0.0116455	0.000426341	
OG0012810	0.000198099	8.5547e-05	8.14122e-06	
OG0012811	0.00321564	0.0017763	0.000188668	
OG0012812	0.00286986	0.000947975	5.38173e-05	
OG0012813	0.0422924	0.0116455	0.000426341	
OG0012814	0.0422924	0.0116455	0.000426341	
OG0012815	0.00321564	0.0017763	0.000188668	
OG0012816	1.92381e-05	2.29742e-05	4.0705e-06	
OG0012817	0.0422924	0.0116455	0.000426341	
OG0012818	1.36682e-06	2.46881e-06	9.25245e-07	
OG0012819	0.00321564	0.0017763	0.000188668	
OG0012820	0.000198099	8.5547e-05	8.14122e-06	
OG0012821	0.0422924	0.0116455	0.000426341	
OG0012822	0.0422924	0.0116455	0.000426341	
OG0012823	0.0422924	0.0116455	0.000426341	
OG0012824	0.00321564	0.0017763	0.000188668	
OG0012825	0.0422924	0.0116455	0.000426341	
OG0012826	0.000198099	8.5547e-05	8.14122e-06	
OG0012827	0.0422924	0.0116455	0.000426341	
OG0012828	0.0422924	0.0116455	0.000426341	
OG0012829	0.0422924	0.0116455	0.000426341	
OG0012830	0.00321564	0.0017763	0.000188668	
OG0012831	0.0422924	0.0116455	0.000426341	
OG0012832	0.00286986	0.000947975	5.38173e-05	
OG0012833	0.0422924	0.0116455	0.000426341	
OG0012834	0.00321564	0.0017763	0.000188668	
OG0012835	0.0028208	0.000836427	3.7753e-05	
OG0012836	0.0028208	0.000836427	3.7753e-05	
OG0012837	0.000198099	8.5547e-05	8.14122e-06	
OG0012838	1.07179e-06	1.37943e-06	7.1671e-07	
OG0012839	0.00298157	0.0012127	9.67273e-05	
OG0012840	0.000273938	0.000224628	1.8876e-05	
OG0012841	0.000198099	8.5547e-05	8.14122e-06	
OG0012842	0.00321564	0.0017763	0.000188668	
OG0012843	0.0028208	0.000836427	3.7753e-05	
OG0012844	0.00286986	0.000947975	5.38173e-05	
OG0012845	0.000198099	8.5547e-05	8.14122e-06	
OG0012846	1.76984e-05	2.09283e-05	5.00109e-06	
OG0012847	0.000198099	8.5547e-05	8.14122e-06	
OG0012848	0.0422924	0.0116455	0.000426341	
OG0012849	0.0422924	0.0116455	0.000426341	
OG0012850	0.0028208	0.000836427	3.7753e-05	
OG0012851	0.00286986	0.000947975	5.38173e-05	
OG0012852	0.0422924	0.0116455	0.000426341	
OG0012853	0.0028208	0.000836427	3.7753e-05	
OG0012854	0.0422924	0.0116455	0.000426341	
OG0012855	0.0028208	0.000836427	3.7753e-05	
OG0012856	0.0422924	0.0116455	0.000426341	
OG0012857	0.0028208	0.000836427	3.7753e-05	
OG0012858	0.00286986	0.000947975	5.38173e-05	
OG0012859	0.0422924	0.0116455	0.000426341	
OG0012860	0.00321564	0.0017763	0.000188668	
OG0012861	0.00321564	0.0017763	0.000188668	
OG0012862	0.00286986	0.000947975	5.38173e-05	
OG0012863	0.0028208	0.000836427	3.7753e-05	
OG0012864	0.0422924	0.0116455	0.000426341	
OG0012865	2.70352e-08	5.05861e-07	7.88084e-07	
OG0012866	0.0422924	0.0116455	0.000426341	
OG0012867	0.0422924	0.0116455	0.000426341	
OG0012868	0.000198099	8.5547e-05	8.14122e-06	
OG0012869	0.0028208	0.000836427	3.7753e-05	
OG0012870	0.0422924	0.0116455	0.000426341	
OG0012871	0.0028208	0.000836427	3.7753e-05	
OG0012872	0.0422924	0.0116455	0.000426341	
OG0012873	0.0422924	0.0116455	0.000426341	
OG0012874	0.000198099	8.5547e-05	8.14122e-06	
OG0012875	0.00286986	0.000947975	5.38173e-05	
OG0012876	0.00286986	0.000947975	5.38173e-05	
OG0012877	0.0422924	0.0116455	0.000426341	
OG0012878	0.0422924	0.0116455	0.000426341	
OG0012879	0.0422924	0.0116455	0.000426341	
OG0012880	0.0028208	0.000836427	3.7753e-05	
OG0012881	0.0422924	0.0116455	0.000426341	
OG0012882	0.0028208	0.000836427	3.7753e-05	
OG0012883	0.000225826	0.000181521	4.01933e-05	
OG0012884	0.000225826	0.000181521	4.01933e-05	
OG0012885	0.000198099	8.5547e-05	8.14122e-06	
OG0012886	0.00298157	0.0012127	9.67273e-05	
OG0012887	0.0422924	0.0116455	0.000426341	
OG0012888	0.00298157	0.0012127	9.67273e-05	
OG0012889	0.0422924	0.0116455	0.000426341	
OG0012890	0.00286986	0.000947975	5.38173e-05	
OG0012891	0.00305071	0.00137235	0.000120143	
OG0012892	0.0422924	0.0116455	0.000426341	
OG0012893	0.000225826	0.000181521	4.01933e-05	
OG0012894	0.0422924	0.0116455	0.000426341	
OG0012895	0.0028208	0.000836427	3.7753e-05	
OG0012896	0.000202241	9.30512e-05	8.62068e-06	
OG0012897	0.000206467	0.000113548	1.6428e-05	
OG0012898	0.00286986	0.000947975	5.38173e-05	
OG0012899	0.00321564	0.0017763	0.000188668	
OG0012900	0.0028208	0.000836427	3.7753e-05	
OG0012901	0.000202241	9.30512e-05	8.62068e-06	
OG0012902	0.0028208	0.000836427	3.7753e-05	
OG0012903	0.0422924	0.0116455	0.000426341	
OG0012904	0.0028208	0.000836427	3.7753e-05	
OG0012905	0.0422924	0.0116455	0.000426341	
OG0012906	0.0422924	0.0116455	0.000426341	
OG0012907	0.0422924	0.0116455	0.000426341	
OG0012908	0.00286986	0.000947975	5.38173e-05	
OG0012909	0.00321564	0.0017763	0.000188668	
OG0012910	0.000273938	0.000224628	1.8876e-05	
OG0012911	0.000290712	0.000331948	4.90309e-05	
OG0012912	0.00321564	0.0017763	0.000188668	
OG0012913	0.0422924	0.0116455	0.000426341	
OG0012914	0.0028208	0.000836427	3.7753e-05	
OG0012915	0.00321564	0.0017763	0.000188668	
OG0012916	0.000273938	0.000224628	1.8876e-05	
OG0012917	0.000198099	8.5547e-05	8.14122e-06	
OG0012918	0.00286986	0.000947975	5.38173e-05	
OG0012919	0.000225826	0.000181521	4.01933e-05	
OG0012920	0.000198099	8.5547e-05	8.14122e-06	
OG0012921	0.0422924	0.0116455	0.000426341	
OG0012922	0.0422924	0.0116455	0.000426341	
OG0012923	0.00321564	0.0017763	0.000188668	
OG0012924	0.0422924	0.0116455	0.000426341	
OG0012925	0.0028208	0.000836427	3.7753e-05	
OG0012926	1.50621e-05	1.30382e-05	3.55964e-06	
OG0012927	0.00286986	0.000947975	5.38173e-05	
OG0012928	0.0422924	0.0116455	0.000426341	
OG0012929	0.0422924	0.0116455	0.000426341	
OG0012930	0.0422924	0.0116455	0.000426341	
OG0012931	7.5556e-08	7.71488e-07	8.2784e-07	
OG0012932	0.0422924	0.0116455	0.000426341	
OG0012933	0.000225826	0.000181521	4.01933e-05	
OG0012934	0.0422924	0.0116455	0.000426341	
OG0012935	0.0422924	0.0116455	0.000426341	
OG0012936	0.0422924	0.0116455	0.000426341	
OG0012937	0.00298157	0.0012127	9.67273e-05	
OG0012938	0.0422924	0.0116455	0.000426341	
OG0012939	0.00321564	0.0017763	0.000188668	
OG0012940	0.00298157	0.0012127	9.67273e-05	
OG0012941	0.0028208	0.000836427	3.7753e-05	
OG0012942	0.0422924	0.0116455	0.000426341	
OG0012943	0.0028208	0.000836427	3.7753e-05	
OG0012944	0.0422924	0.0116455	0.000426341	
OG0012945	0.000202241	9.30512e-05	8.62068e-06	
OG0012946	0.0422924	0.0116455	0.000426341	
OG0012947	0.0422924	0.0116455	0.000426341	
OG0012948	0.0422924	0.0116455	0.000426341	
OG0012949	0.00286986	0.000947975	5.38173e-05	
OG0012950	0.0028208	0.000836427	3.7753e-05	
OG0012951	0.00321564	0.0017763	0.000188668	
OG0012952	0.0422924	0.0116455	0.000426341	
OG0012953	0.0028208	0.000836427	3.7753e-05	
OG0012954	0.0422924	0.0116455	0.000426341	
OG0012955	0.00321564	0.0017763	0.000188668	
OG0012956	0.0422924	0.0116455	0.000426341	
OG0012957	0.00286986	0.000947975	5.38173e-05	
OG0012958	0.00321564	0.0017763	0.000188668	
OG0012959	0.000198099	8.5547e-05	8.14122e-06	
OG0012960	0.000215957	0.000130653	1.66483e-05	
OG0012961	0.00298157	0.0012127	9.67273e-05	
OG0012962	0.00303222	0.00129558	9.73835e-05	
OG0012963	0.0422924	0.0116455	0.000426341	
OG0012964	0.0422924	0.0116455	0.000426341	
OG0012965	0.00286986	0.000947975	5.38173e-05	
OG0012966	6.16215e-10	2.98648e-07	2.20108e-06	
OG0012967	0.0422924	0.0116455	0.000426341	
OG0012968	0.000198099	8.5547e-05	8.14122e-06	
OG0012969	0.0028208	0.000836427	3.7753e-05	
OG0012970	0.0028208	0.000836427	3.7753e-05	
OG0012971	0.00321564	0.0017763	0.000188668	
OG0012972	0.00321564	0.0017763	0.000188668	
OG0012973	0.0422924	0.0116455	0.000426341	
OG0012974	0.0422924	0.0116455	0.000426341	
OG0012975	0.000201545	9.69558e-05	1.1605e-05	
OG0012976	0.0028208	0.000836427	3.7753e-05	
OG0012977	0.0422924	0.0116455	0.000426341	
OG0012978	0.0422924	0.0116455	0.000426341	
OG0012979	0.00286986	0.000947975	5.38173e-05	
OG0012980	0.0422924	0.0116455	0.000426341	
OG0012981	0.0422924	0.0116455	0.000426341	
OG0012982	0.0422924	0.0116455	0.000426341	
OG0012983	0.00297011	0.00119106	9.19395e-05	
OG0012984	0.00303222	0.00129558	9.73835e-05	
OG0012985	0.00286986	0.000947975	5.38173e-05	
OG0012986	0.000198099	8.5547e-05	8.14122e-06	
OG0012987	0.0422924	0.0116455	0.000426341	
OG0012988	0.0422924	0.0116455	0.000426341	
OG0012989	0.00321564	0.0017763	0.000188668	
OG0012990	0.00321564	0.0017763	0.000188668	
OG0012991	0.0422924	0.0116455	0.000426341	
OG0012992	0.00321564	0.0017763	0.000188668	
OG0012993	1.93124e-05	2.33917e-05	4.28282e-06	
OG0012994	0.00286986	0.000947975	5.38173e-05	
OG0012995	0.000273938	0.000224628	1.8876e-05	
OG0012996	0.000201545	9.69558e-05	1.1605e-05	
OG0012997	1.50621e-05	1.30382e-05	3.55964e-06	
OG0012998	0.0422924	0.0116455	0.000426341	
OG0012999	0.00321564	0.0017763	0.000188668	
OG0013000	0.000273938	0.000224628	1.8876e-05	
OG0013001	0.0028208	0.000836427	3.7753e-05	
OG0013002	4.0596e-09	5.13056e-07	1.90191e-06	
OG0013003	0.00281896	0.000832852	3.75681e-05	
OG0013004	0.00321564	0.0017763	0.000188668	
OG0013005	0.0422924	0.0116455	0.000426341	
OG0013006	0.0422924	0.0116455	0.000426341	
OG0013007	0.000198099	8.5547e-05	8.14122e-06	
OG0013008	0.00321564	0.0017763	0.000188668	
OG0013009	0.0422924	0.0116455	0.000426341	
OG0013010	1.50621e-05	1.30382e-05	3.55964e-06	
OG0013011	0.000201545	9.69558e-05	1.1605e-05	
OG0013012	0.0422924	0.0116455	0.000426341	
OG0013013	0.000273938	0.000224628	1.8876e-05	
OG0013014	0.00321564	0.0017763	0.000188668	
OG0013015	0.00298157	0.0012127	9.67273e-05	
OG0013016	0.0422924	0.0116455	0.000426341	
OG0013017	0.0422924	0.0116455	0.000426341	
OG0013018	0.00321564	0.0017763	0.000188668	
OG0013019	0.0028208	0.000836427	3.7753e-05	
OG0013020	0.0422924	0.0116455	0.000426341	
OG0013021	8.99181e-07	4.61262e-06	3.15485e-06	
OG0013022	0.0028208	0.000836427	3.7753e-05	
OG0013023	0.0422924	0.0116455	0.000426341	
OG0013024	0.0422924	0.0116455	0.000426341	
OG0013025	1.61839e-05	1.96781e-05	8.32874e-06	
OG0013026	0.00321564	0.0017763	0.000188668	
OG0013027	0.0028208	0.000836427	3.7753e-05	
OG0013028	0.000212265	0.00011528	1.16802e-05	
OG0013029	0.0028208	0.000836427	3.7753e-05	
OG0013030	0.0028208	0.000836427	3.7753e-05	
OG0013031	0.00321564	0.0017763	0.000188668	
OG0013032	2.10662e-06	1.24152e-05	7.58276e-06	
OG0013033	8.09513e-08	1.92063e-07	2.23544e-07	
OG0013034	0.00021023	0.000126417	2.11336e-05	
OG0013035	0.0422924	0.0116455	0.000426341	
OG0013036	0.000225826	0.000181521	4.01933e-05	
OG0013037	0.0422924	0.0116455	0.000426341	
OG0013038	0.0422924	0.0116455	0.000426341	
OG0013039	1.36682e-06	2.46881e-06	9.25245e-07	
OG0013040	1.71552e-06	5.67821e-06	2.77104e-06	
OG0013041	0.0028208	0.000836427	3.7753e-05	
OG0013042	0.000290712	0.000331948	4.90309e-05	
OG0013043	0.00321564	0.0017763	0.000188668	
OG0013044	0.00298157	0.0012127	9.67273e-05	
OG0013045	0.0028208	0.000836427	3.7753e-05	
OG0013046	7.69728e-07	6.56286e-06	2.61495e-06	
OG0013047	1.62535e-05	2.0566e-05	9.64498e-06	
OG0013048	0.00286986	0.000947975	5.38173e-05	
OG0013049	0.0422924	0.0116455	0.000426341	
OG0013050	0.000198099	8.5547e-05	8.14122e-06	
OG0013051	0.00321564	0.0017763	0.000188668	
OG0013052	0.000225826	0.000181521	4.01933e-05	
OG0013053	0.0422924	0.0116455	0.000426341	
OG0013054	0.0028208	0.000836427	3.7753e-05	
OG0013055	1.5377e-05	1.41848e-05	3.76512e-06	
OG0013056	0.0422924	0.0116455	0.000426341	
OG0013057	0.0422924	0.0116455	0.000426341	
OG0013058	0.0422924	0.0116455	0.000426341	
OG0013059	0.00321564	0.0017763	0.000188668	
OG0013060	0.0028208	0.000836427	3.7753e-05	
OG0013061	0.000201545	9.69558e-05	1.1605e-05	
OG0013062	0.0422924	0.0116455	0.000426341	
OG0013063	0.0422924	0.0116455	0.000426341	
OG0013064	1.50808e-05	1.23869e-05	2.65146e-06	
OG0013065	0.00321564	0.0017763	0.000188668	
OG0013066	0.0422924	0.0116455	0.000426341	
OG0013067	0.0422924	0.0116455	0.000426341	
OG0013068	0.0028208	0.000836427	3.7753e-05	
OG0013069	0.00286986	0.000947975	5.38173e-05	
OG0013070	0.00321564	0.0017763	0.000188668	
OG0013071	2.04161e-05	3.39501e-05	1.05665e-05	
OG0013072	2.08864e-05	3.83796e-05	1.36305e-05	
OG0013073	0.000312282	0.000477038	9.43315e-05	
OG0013074	0.0422924	0.0116455	0.000426341	
OG0013075	0.00321564	0.0017763	0.000188668	
OG0013076	0.00298157	0.0012127	9.67273e-05	
OG0013077	5.84607e-09	9.00821e-08	1.40741e-07	
OG0013078	0.0422924	0.0116455	0.000426341	
OG0013079	1.92381e-05	2.29742e-05	4.0705e-06	
OG0013080	0.00286986	0.000947975	5.38173e-05	
OG0013081	0.0028208	0.000836427	3.7753e-05	
OG0013082	0.0422924	0.0116455	0.000426341	
OG0013083	0.00297011	0.00119106	9.19395e-05	
OG0013084	0.0028208	0.000836427	3.7753e-05	
OG0013085	0.00321564	0.0017763	0.000188668	
OG0013086	0.0028208	0.000836427	3.7753e-05	
OG0013087	0.0422924	0.0116455	0.000426341	
OG0013088	0.00321564	0.0017763	0.000188668	
OG0013089	1.38759e-06	2.78733e-06	1.35581e-06	
OG0013090	0.0422924	0.0116455	0.000426341	
OG0013091	0.00321564	0.0017763	0.000188668	
OG0013092	0.0422924	0.0116455	0.000426341	
OG0013093	0.0028208	0.000836427	3.7753e-05	
OG0013094	1.40745e-05	9.19289e-06	1.85054e-06	
OG0013095	0.0028208	0.000836427	3.7753e-05	
OG0013096	0.000312282	0.000477038	9.43315e-05	
OG0013097	0.000198099	8.5547e-05	8.14122e-06	
OG0013098	0.000198099	8.5547e-05	8.14122e-06	
OG0013099	0.0422924	0.0116455	0.000426341	
OG0013100	0.0028208	0.000836427	3.7753e-05	
OG0013101	0.0422924	0.0116455	0.000426341	
OG0013102	0.00321564	0.0017763	0.000188668	
OG0013103	0.000191012	6.71193e-05	4.60686e-06	
OG0013104	0.00321564	0.0017763	0.000188668	
OG0013105	0.0028208	0.000836427	3.7753e-05	
OG0013106	0.0028208	0.000836427	3.7753e-05	
OG0013107	0.0028208	0.000836427	3.7753e-05	
OG0013108	0.0028208	0.000836427	3.7753e-05	
OG0013109	0.0028208	0.000836427	3.7753e-05	
OG0013110	0.0028208	0.000836427	3.7753e-05	
OG0013111	0.00321564	0.0017763	0.000188668	
OG0013112	0.0028208	0.000836427	3.7753e-05	
OG0013113	0.00321564	0.0017763	0.000188668	
OG0013114	0.00286986	0.000947975	5.38173e-05	
OG0013115	0.0422924	0.0116455	0.000426341	
OG0013116	0.0028208	0.000836427	3.7753e-05	
OG0013117	0.0422924	0.0116455	0.000426341	
OG0013118	0.0422924	0.0116455	0.000426341	
OG0013119	0.0028208	0.000836427	3.7753e-05	
OG0013120	0.00321564	0.0017763	0.000188668	
OG0013121	0.0422924	0.0116455	0.000426341	
OG0013122	0.00298157	0.0012127	9.67273e-05	
OG0013123	0.0422924	0.0116455	0.000426341	
OG0013124	0.0422924	0.0116455	0.000426341	
OG0013125	0.00286986	0.000947975	5.38173e-05	
OG0013126	0.0422924	0.0116455	0.000426341	
OG0013127	0.0422924	0.0116455	0.000426341	
OG0013128	0.00286986	0.000947975	5.38173e-05	
OG0013129	0.000198099	8.5547e-05	8.14122e-06	
OG0013130	0.0422924	0.0116455	0.000426341	
OG0013131	0.00286986	0.000947975	5.38173e-05	
OG0013132	6.01984e-08	3.35431e-07	2.76311e-07	
OG0013133	1.49373e-05	1.2428e-05	2.77502e-06	
OG0013134	0.0422924	0.0116455	0.000426341	
OG0013135	0.0422924	0.0116455	0.000426341	
OG0013136	0.0422924	0.0116455	0.000426341	
OG0013137	0.00321564	0.0017763	0.000188668	
OG0013138	0.00286986	0.000947975	5.38173e-05	
OG0013139	0.00321564	0.0017763	0.000188668	
OG0013140	0.0422924	0.0116455	0.000426341	
OG0013141	0.000198099	8.5547e-05	8.14122e-06	
OG0013142	0.0028208	0.000836427	3.7753e-05	
OG0013143	0.0028208	0.000836427	3.7753e-05	
OG0013144	0.000273938	0.000224628	1.8876e-05	
OG0013145	0.00321564	0.0017763	0.000188668	
OG0013146	0.0028208	0.000836427	3.7753e-05	
OG0013147	0.0422924	0.0116455	0.000426341	
OG0013148	0.00321564	0.0017763	0.000188668	
OG0013149	0.00321564	0.0017763	0.000188668	
OG0013150	0.0422924	0.0116455	0.000426341	
OG0013151	0.0422924	0.0116455	0.000426341	
OG0013152	1.53153e-05	1.36006e-05	3.28614e-06	
OG0013153	0.00305071	0.00137235	0.000120143	
OG0013154	0.00305071	0.00137235	0.000120143	
OG0013155	0.0028208	0.000836427	3.7753e-05	
OG0013156	0.0422924	0.0116455	0.000426341	
OG0013157	0.0422924	0.0116455	0.000426341	
OG0013158	1.94626e-05	2.41388e-05	4.29289e-06	
OG0013159	0.0028208	0.000836427	3.7753e-05	
OG0013160	0.0028208	0.000836427	3.7753e-05	
OG0013161	0.0422924	0.0116455	0.000426341	
OG0013162	0.0422924	0.0116455	0.000426341	
OG0013163	0.0422924	0.0116455	0.000426341	
OG0013164	0.0422924	0.0116455	0.000426341	
OG0013165	0.00321564	0.0017763	0.000188668	
OG0013166	0.00286986	0.000947975	5.38173e-05	
OG0013167	0.00410716	0.00312747	0.000213165	
OG0013168	0.00410716	0.00312747	0.000213165	
OG0013169	0.000198099	8.5547e-05	8.14122e-06	
OG0013170	0.0422924	0.0116455	0.000426341	
OG0013171	0.0422924	0.0116455	0.000426341	
OG0013172	0.00303222	0.00129558	9.73835e-05	
OG0013173	0.000312282	0.000477038	9.43315e-05	
OG0013174	0.00286986	0.000947975	5.38173e-05	
OG0013175	0.000198099	8.5547e-05	8.14122e-06	
OG0013176	0.0028208	0.000836427	3.7753e-05	
OG0013177	0.0422924	0.0116455	0.000426341	
OG0013178	0.00286986	0.000947975	5.38173e-05	
OG0013179	0.000214335	0.000127036	1.66174e-05	
OG0013180	0.0422924	0.0116455	0.000426341	
OG0013181	0.0422924	0.0116455	0.000426341	
OG0013182	0.0422924	0.0116455	0.000426341	
OG0013183	0.0422924	0.0116455	0.000426341	
OG0013184	0.0422924	0.0116455	0.000426341	
OG0013185	0.0422924	0.0116455	0.000426341	
OG0013186	0.00297011	0.00119106	9.19395e-05	
OG0013187	3.79725e-09	1.65851e-07	4.5977e-07	
OG0013188	0.000198099	8.5547e-05	8.14122e-06	
OG0013189	0.00286986	0.000947975	5.38173e-05	
OG0013190	0.000198099	8.5547e-05	8.14122e-06	
OG0013191	0.00321564	0.0017763	0.000188668	
OG0013192	0.000191012	6.71193e-05	4.60686e-06	
OG0013193	0.00286986	0.000947975	5.38173e-05	
OG0013194	0.000201545	9.69558e-05	1.1605e-05	
OG0013195	0.000213768	0.000134907	2.2041e-05	
OG0013196	0.0422924	0.0116455	0.000426341	
OG0013197	0.0422924	0.0116455	0.000426341	
OG0013198	0.00298157	0.0012127	9.67273e-05	
OG0013199	0.0422924	0.0116455	0.000426341	
OG0013200	0.0422924	0.0116455	0.000426341	
OG0013201	0.0422924	0.0116455	0.000426341	
OG0013202	0.0422924	0.0116455	0.000426341	
OG0013203	0.000201545	9.69558e-05	1.1605e-05	
OG0013204	0.0422924	0.0116455	0.000426341	
OG0013205	0.00286986	0.000947975	5.38173e-05	
OG0013206	0.00321564	0.0017763	0.000188668	
OG0013207	0.0422924	0.0116455	0.000426341	
OG0013208	0.0422924	0.0116455	0.000426341	
OG0013209	1.53241e-05	1.47769e-05	5.07407e-06	
OG0013210	0.0422924	0.0116455	0.000426341	
OG0013211	0.0422924	0.0116455	0.000426341	
OG0013212	0.0422924	0.0116455	0.000426341	
OG0013213	0.0422924	0.0116455	0.000426341	
OG0013214	0.00321564	0.0017763	0.000188668	
OG0013215	0.0422924	0.0116455	0.000426341	
OG0013216	0.0028208	0.000836427	3.7753e-05	
OG0013217	0.00321564	0.0017763	0.000188668	
OG0013218	0.00321564	0.0017763	0.000188668	
OG0013219	0.000212265	0.00011528	1.16802e-05	
OG0013220	0.00298157	0.0012127	9.67273e-05	
OG0013221	0.0422924	0.0116455	0.000426341	
OG0013222	0.0422924	0.0116455	0.000426341	
OG0013223	0.0028208	0.000836427	3.7753e-05	
OG0013224	1.06125e-06	1.33518e-06	6.28747e-07	
OG0013225	1.40745e-05	9.19289e-06	1.85054e-06	
OG0013226	0.00321564	0.0017763	0.000188668	
OG0013227	2.20156e-05	4.96769e-05	2.14207e-05	
OG0013228	0.00286986	0.000947975	5.38173e-05	
OG0013229	0.0422924	0.0116455	0.000426341	
OG0013230	0.0422924	0.0116455	0.000426341	
OG0013231	0.0422924	0.0116455	0.000426341	
OG0013232	0.0028208	0.000836427	3.7753e-05	
OG0013233	0.0422924	0.0116455	0.000426341	
OG0013234	0.00321564	0.0017763	0.000188668	
OG0013235	0.0028208	0.000836427	3.7753e-05	
OG0013236	0.0422924	0.0116455	0.000426341	
OG0013237	0.0422924	0.0116455	0.000426341	
OG0013238	0.00321564	0.0017763	0.000188668	
OG0013239	0.00321564	0.0017763	0.000188668	
OG0013240	0.0028208	0.000836427	3.7753e-05	
OG0013241	0.0422924	0.0116455	0.000426341	
OG0013242	0.00321564	0.0017763	0.000188668	
OG0013243	0.0422924	0.0116455	0.000426341	
OG0013244	0.00297011	0.00119106	9.19395e-05	
OG0013245	0.0028208	0.000836427	3.7753e-05	
OG0013246	0.000198099	8.5547e-05	8.14122e-06	
OG0013247	0.0422924	0.0116455	0.000426341	
OG0013248	0.00321564	0.0017763	0.000188668	
OG0013249	0.0422924	0.0116455	0.000426341	
OG0013250	0.00298157	0.0012127	9.67273e-05	
OG0013251	0.0422924	0.0116455	0.000426341	
OG0013252	0.0422924	0.0116455	0.000426341	
OG0013253	0.00297011	0.00119106	9.19395e-05	
OG0013254	0.00321564	0.0017763	0.000188668	
OG0013255	0.0422924	0.0116455	0.000426341	
OG0013256	0.0422924	0.0116455	0.000426341	
OG0013257	1.49373e-05	1.2428e-05	2.77502e-06	
OG0013258	0.0028208	0.000836427	3.7753e-05	
OG0013259	0.0422924	0.0116455	0.000426341	
OG0013260	0.00321564	0.0017763	0.000188668	
OG0013261	0.0422924	0.0116455	0.000426341	
OG0013262	0.00321564	0.0017763	0.000188668	
OG0013263	0.00286986	0.000947975	5.38173e-05	
OG0013264	0.0422924	0.0116455	0.000426341	
OG0013265	0.000273938	0.000224628	1.8876e-05	
OG0013266	0.00297011	0.00119106	9.19395e-05	
OG0013267	0.00321564	0.0017763	0.000188668	
OG0013268	0.00298157	0.0012127	9.67273e-05	
OG0013269	0.0422924	0.0116455	0.000426341	
OG0013270	0.00286986	0.000947975	5.38173e-05	
OG0013271	0.0422924	0.0116455	0.000426341	
OG0013272	0.0422924	0.0116455	0.000426341	
OG0013273	0.0422924	0.0116455	0.000426341	
OG0013274	0.0422924	0.0116455	0.000426341	
OG0013275	0.00321564	0.0017763	0.000188668	
OG0013276	0.00321564	0.0017763	0.000188668	
OG0013277	0.00321564	0.0017763	0.000188668	
OG0013278	0.000198099	8.5547e-05	8.14122e-06	
OG0013279	0.000212265	0.00011528	1.16802e-05	
OG0013280	0.000225826	0.000181521	4.01933e-05	
OG0013281	0.0031825	0.00160503	0.00013191	
OG0013282	0.0422924	0.0116455	0.000426341	
OG0013283	0.0028208	0.000836427	3.7753e-05	
OG0013284	0.0422924	0.0116455	0.000426341	
OG0013285	0.0028208	0.000836427	3.7753e-05	
OG0013286	0.00286986	0.000947975	5.38173e-05	
OG0013287	0.00286986	0.000947975	5.38173e-05	
OG0013288	0.0028208	0.000836427	3.7753e-05	
OG0013289	0.00286986	0.000947975	5.38173e-05	
OG0013290	0.00286986	0.000947975	5.38173e-05	
OG0013291	0.0422924	0.0116455	0.000426341	
OG0013292	0.000198099	8.5547e-05	8.14122e-06	
OG0013293	0.0422924	0.0116455	0.000426341	
OG0013294	3.59193e-05	7.81834e-05	1.88792e-05	
OG0013295	0.0422924	0.0116455	0.000426341	
OG0013296	0.000198099	8.5547e-05	8.14122e-06	
OG0013297	1.43056e-05	9.83771e-06	1.96912e-06	
OG0013298	0.0422924	0.0116455	0.000426341	
OG0013299	0.0028208	0.000836427	3.7753e-05	
OG0013300	0.00321564	0.0017763	0.000188668	
OG0013301	0.00321564	0.0017763	0.000188668	
OG0013302	0.0422924	0.0116455	0.000426341	
OG0013303	0.0422924	0.0116455	0.000426341	
OG0013304	0.000198099	8.5547e-05	8.14122e-06	
OG0013305	0.0422924	0.0116455	0.000426341	
OG0013306	0.00321564	0.0017763	0.000188668	
OG0013307	0.0422924	0.0116455	0.000426341	
OG0013308	0.0422924	0.0116455	0.000426341	
OG0013309	0.00286986	0.000947975	5.38173e-05	
OG0013310	0.00298157	0.0012127	9.67273e-05	
OG0013311	0.0422924	0.0116455	0.000426341	
OG0013312	0.000198099	8.5547e-05	8.14122e-06	
OG0013313	0.00321564	0.0017763	0.000188668	
OG0013314	0.0422924	0.0116455	0.000426341	
OG0013315	0.0422924	0.0116455	0.000426341	
OG0013316	0.0422924	0.0116455	0.000426341	
OG0013317	0.0422924	0.0116455	0.000426341	
OG0013318	0.00321564	0.0017763	0.000188668	
OG0013319	0.0422924	0.0116455	0.000426341	
OG0013320	1.50621e-05	1.30382e-05	3.55964e-06	
OG0013321	0.00321564	0.0017763	0.000188668	
OG0013322	0.00286986	0.000947975	5.38173e-05	
OG0013323	0.00321564	0.0017763	0.000188668	
OG0013324	0.00286986	0.000947975	5.38173e-05	
OG0013325	0.00321564	0.0017763	0.000188668	
OG0013326	0.00321564	0.0017763	0.000188668	
OG0013327	0.00321564	0.0017763	0.000188668	
OG0013328	0.0422924	0.0116455	0.000426341	
OG0013329	1.50808e-05	1.23869e-05	2.65146e-06	
OG0013330	0.0028208	0.000836427	3.7753e-05	
OG0013331	0.00321564	0.0017763	0.000188668	
OG0013332	0.00321564	0.0017763	0.000188668	
OG0013333	0.000198099	8.5547e-05	8.14122e-06	
OG0013334	0.00321564	0.0017763	0.000188668	
OG0013335	0.0422924	0.0116455	0.000426341	
OG0013336	1.5377e-05	1.41848e-05	3.76512e-06	
OG0013337	0.0028208	0.000836427	3.7753e-05	
OG0013338	0.0028208	0.000836427	3.7753e-05	
OG0013339	0.0028208	0.000836427	3.7753e-05	
OG0013340	0.0028208	0.000836427	3.7753e-05	
OG0013341	0.00321564	0.0017763	0.000188668	
OG0013342	0.0422924	0.0116455	0.000426341	
OG0013343	0.0028208	0.000836427	3.7753e-05	
OG0013344	0.0422924	0.0116455	0.000426341	
OG0013345	0.0028208	0.000836427	3.7753e-05	
OG0013346	0.00321564	0.0017763	0.000188668	
OG0013347	0.00321564	0.0017763	0.000188668	
OG0013348	0.0422924	0.0116455	0.000426341	
OG0013349	0.0422924	0.0116455	0.000426341	
OG0013350	0.00305071	0.00137235	0.000120143	
OG0013351	0.0028208	0.000836427	3.7753e-05	
OG0013352	0.0422924	0.0116455	0.000426341	
OG0013353	0.00286986	0.000947975	5.38173e-05	
OG0013354	0.0422924	0.0116455	0.000426341	
OG0013355	0.0422924	0.0116455	0.000426341	
OG0013356	1.0834e-05	6.10727e-05	1.15022e-05	
OG0013357	0.00321564	0.0017763	0.000188668	
OG0013358	0.0422924	0.0116455	0.000426341	
OG0013359	0.0422924	0.0116455	0.000426341	
OG0013360	0.0422924	0.0116455	0.000426341	
OG0013361	0.00286986	0.000947975	5.38173e-05	
OG0013362	0.0422924	0.0116455	0.000426341	
OG0013363	0.0422924	0.0116455	0.000426341	
OG0013364	0.0028208	0.000836427	3.7753e-05	
OG0013365	0.00321564	0.0017763	0.000188668	
OG0013366	0.0028208	0.000836427	3.7753e-05	
OG0013367	0.0422924	0.0116455	0.000426341	
OG0013368	2.57138e-06	7.98451e-06	3.07316e-06	
OG0013369	0.0422924	0.0116455	0.000426341	
OG0013370	0.0028208	0.000836427	3.7753e-05	
OG0013371	0.000201545	9.69558e-05	1.1605e-05	
OG0013372	0.00297011	0.00119106	9.19395e-05	
OG0013373	0.000198099	8.5547e-05	8.14122e-06	
OG0013374	8.99181e-07	4.61262e-06	3.15485e-06	
OG0013375	0.0422924	0.0116455	0.000426341	
OG0013376	0.0422924	0.0116455	0.000426341	
OG0013377	0.00286986	0.000947975	5.38173e-05	
OG0013378	0.0422924	0.0116455	0.000426341	
OG0013379	0.0422924	0.0116455	0.000426341	
OG0013380	0.0028208	0.000836427	3.7753e-05	
OG0013381	0.0422924	0.0116455	0.000426341	
OG0013382	0.000198099	8.5547e-05	8.14122e-06	
OG0013383	0.0422924	0.0116455	0.000426341	
OG0013384	0.00297011	0.00119106	9.19395e-05	
OG0013385	0.00298157	0.0012127	9.67273e-05	
OG0013386	0.0422924	0.0116455	0.000426341	
OG0013994	2.09559e-12	1.45354e-09	3.45094e-08	
OG0013998	0.00321564	0.0017763	0.000188668	
OG0013999	1.0834e-05	6.10727e-05	1.15022e-05	
OG0014000	0.0422924	0.0116455	0.000426341	
OG0014001	2.8659e-10	6.64675e-08	3.59487e-07	
OG0014002	0.0028208	0.000836427	3.7753e-05	
OG0014005	0.00021023	0.000126417	2.11336e-05	
OG0014007	3.20486e-09	3.08508e-07	7.18059e-07	
OG0014009	2.63416e-08	7.39701e-07	1.33119e-06	
OG0014010	0.000290712	0.000331948	4.90309e-05	
OG0014011	1.93124e-05	2.33917e-05	4.28282e-06	
OG0014014	0.0028208	0.000836427	3.7753e-05	
OG0014015	0.0028208	0.000836427	3.7753e-05	
OG0014016	0.000561312	0.00103524	0.000208565	
OG0014017	0.0028208	0.000836427	3.7753e-05	
OG0014018	0.0028208	0.000836427	3.7753e-05	
OG0014019	0.0028208	0.000836427	3.7753e-05	
OG0014020	7.23576e-09	3.61049e-08	7.34215e-08	
OG0014021	1.45986e-08	1.40309e-06	2.587e-06	
OG0014022	1.80306e-05	2.29782e-05	5.84401e-06	
OG0014023	1.05277e-07	3.96685e-07	4.26913e-07	
OG0014024	0.00299354	0.00123604	9.80644e-05	
OG0014025	0.000273938	0.000224628	1.8876e-05	
OG0014026	0.00021023	0.000126417	2.11336e-05	
OG0014027	0.00299354	0.00123604	9.80644e-05	
OG0014028	0.00298157	0.0012127	9.67273e-05	
OG0014029	0.000273938	0.000224628	1.8876e-05	
OG0014030	0.000198864	8.71017e-05	8.56587e-06	
OG0014031	0.00298157	0.0012127	9.67273e-05	
OG0014032	0.0422924	0.0116455	0.000426341	
OG0014033	0.0028208	0.000836427	3.7753e-05	
OG0014034	0.00299354	0.00123604	9.80644e-05	
OG0014035	0.000215072	0.000142911	2.72617e-05	
OG0014036	3.80908e-05	8.42791e-05	2.63366e-05	
OG0014037	0.00021023	0.000126417	2.11336e-05	
OG0014038	0.0422924	0.0116455	0.000426341	
OG0014039	4.58924e-11	4.31615e-08	8.90738e-07	
OG0014040	0.0028208	0.000836427	3.7753e-05	
OG0014041	0.0422924	0.0116455	0.000426341	
OG0014042	7.10661e-09	3.89807e-08	8.20387e-08	
OG0014043	1.46274e-06	3.50148e-06	1.77977e-06	
OG0014044	1.71552e-06	5.67821e-06	2.77104e-06	
OG0014045	1.40745e-05	9.19289e-06	1.85054e-06	
OG0014046	0.00321564	0.0017763	0.000188668	
OG0014047	0.00298157	0.0012127	9.67273e-05	
OG0014048	0.000198864	8.71017e-05	8.56587e-06	
OG0014049	0.0028208	0.000836427	3.7753e-05	
OG0014050	0.0028208	0.000836427	3.7753e-05	
OG0014051	0.00321564	0.0017763	0.000188668	
OG0014052	3.19074e-10	2.77404e-08	1.20706e-07	
OG0014053	1.40444e-05	9.16804e-06	1.91539e-06	
OG0014054	0.0028208	0.000836427	3.7753e-05	
OG0014055	0.0028208	0.000836427	3.7753e-05	
OG0014056	0.000214477	0.000127587	1.67098e-05	
OG0014057	0.0028208	0.000836427	3.7753e-05	
OG0014058	0.00299354	0.00123604	9.80644e-05	
OG0014059	0.0028208	0.000836427	3.7753e-05	
OG0014060	0.0422924	0.0116455	0.000426341	
OG0014061	0.00321564	0.0017763	0.000188668	
OG0014062	0.0422924	0.0116455	0.000426341	
OG0014063	0.0028208	0.000836427	3.7753e-05	
OG0014064	0.000290712	0.000331948	4.90309e-05	
OG0014065	0.0028208	0.000836427	3.7753e-05	
OG0014066	0.0028208	0.000836427	3.7753e-05	
OG0014067	0.0028208	0.000836427	3.7753e-05	
OG0014068	0.0028208	0.000836427	3.7753e-05	
OG0014069	0.000214477	0.000127587	1.67098e-05	
OG0014070	0.000225263	0.000170342	3.0276e-05	
OG0014071	1.4057e-05	9.0663e-06	1.75573e-06	
OG0014072	1.5791e-20	4.50242e-14	2.10635e-10	
OG0014073	1.94626e-05	2.41388e-05	4.29289e-06	
OG0014074	0.00286986	0.000947975	5.38173e-05	
OG0014075	0.0028208	0.000836427	3.7753e-05	
OG0014076	0.0028208	0.000836427	3.7753e-05	
OG0014077	0.000198099	8.5547e-05	8.14122e-06	
OG0014078	1.38759e-06	2.78733e-06	1.35581e-06	
OG0014079	1.59845e-05	1.9267e-05	9.24458e-06	
OG0014080	1.28456e-13	1.53134e-08	9.40215e-07	
OG0014081	2.08286e-05	3.42644e-05	8.35466e-06	
OG0014082	1.37708e-05	8.15553e-06	1.45471e-06	
OG0014083	0.0028208	0.000836427	3.7753e-05	
OG0014084	0.0028208	0.000836427	3.7753e-05	
OG0014085	0.000202323	9.87177e-05	1.22105e-05	
OG0014086	1.94211e-05	2.40738e-05	4.44463e-06	
OG0014087	1.76651e-05	2.11434e-05	5.54224e-06	
OG0014088	0.0028208	0.000836427	3.7753e-05	
OG0014089	1.57698e-05	1.71543e-05	6.78467e-06	
OG0014090	0.0002267	0.000184977	4.28425e-05	
OG0014091	0.000200411	8.98834e-05	8.58602e-06	
OG0014092	0.0028208	0.000836427	3.7753e-05	
OG0014093	0.0028208	0.000836427	3.7753e-05	
OG0014094	2.40473e-06	5.68591e-06	1.65395e-06	
OG0014095	0.000230549	0.000197499	4.25305e-05	
OG0014096	0.00321564	0.0017763	0.000188668	
OG0014097	0.0028208	0.000836427	3.7753e-05	
OG0014098	0.00299354	0.00123604	9.80644e-05	
OG0014099	0.000214477	0.000127587	1.67098e-05	
OG0014100	1.53241e-05	1.47769e-05	5.07407e-06	
OG0014101	0.00286986	0.000947975	5.38173e-05	
OG0014102	0.0002267	0.000184977	4.28425e-05	
OG0014103	1.50621e-05	1.30382e-05	3.55964e-06	
OG0014104	0.0028208	0.000836427	3.7753e-05	
OG0014105	0.0028208	0.000836427	3.7753e-05	
OG0014106	0.00286986	0.000947975	5.38173e-05	
OG0014107	0.000200411	8.98834e-05	8.58602e-06	
OG0014108	0.00321564	0.0017763	0.000188668	
OG0014109	0.0028208	0.000836427	3.7753e-05	
OG0014110	0.00321564	0.0017763	0.000188668	
OG0014111	0.00321564	0.0017763	0.000188668	
OG0014112	0.0028208	0.000836427	3.7753e-05	
OG0014113	0.0422924	0.0116455	0.000426341	
OG0014114	0.000273938	0.000224628	1.8876e-05	
OG0014115	0.0028208	0.000836427	3.7753e-05	
OG0014116	0.00286986	0.000947975	5.38173e-05	
OG0014117	0.000200411	8.98834e-05	8.58602e-06	
OG0014118	0.0028208	0.000836427	3.7753e-05	
OG0014119	1.97395e-08	3.23631e-07	7.78969e-07	
OG0014120	0.000273938	0.000224628	1.8876e-05	
OG0014121	0.000200411	8.98834e-05	8.58602e-06	
OG0014123	8.23574e-07	9.29995e-06	5.04716e-06	
OG0014124	2.44279e-05	5.55183e-05	1.28526e-05	
OG0014125	0.0028208	0.000836427	3.7753e-05	
OG0014126	0.0422924	0.0116455	0.000426341	
OG0014127	0.000218207	0.000144602	2.3819e-05	
OG0014128	0.00321564	0.0017763	0.000188668	
OG0014129	0.00299354	0.00123604	9.80644e-05	
OG0014130	0.0028208	0.000836427	3.7753e-05	
OG0014131	0.0028208	0.000836427	3.7753e-05	
OG0014132	2.08286e-05	3.42644e-05	8.35466e-06	
OG0014133	1.26634e-06	2.36342e-06	1.30052e-06	
OG0014134	0.0028208	0.000836427	3.7753e-05	
OG0014135	0.00321564	0.0017763	0.000188668	
OG0014137	4.3201e-09	3.79956e-08	6.65959e-08	
OG0014139	0.00021023	0.000126417	2.11336e-05	
OG0014140	0.000290712	0.000331948	4.90309e-05	
OG0014141	0.0422924	0.0116455	0.000426341	
OG0014142	0.00299354	0.00123604	9.80644e-05	
OG0014143	1.76651e-05	2.11434e-05	5.54224e-06	
OG0014144	1.11186e-06	1.01755e-05	7.03128e-06	
OG0014145	0.0028208	0.000836427	3.7753e-05	
OG0014146	0.0028208	0.000836427	3.7753e-05	
OG0014147	0.000561312	0.00103524	0.000208565	
OG0014148	0.0028208	0.000836427	3.7753e-05	
OG0014149	1.07183e-06	1.4095e-06	8.17265e-07	
OG0014150	0.0028208	0.000836427	3.7753e-05	
OG0014151	1.40745e-05	9.19289e-06	1.85054e-06	
OG0014152	0.00321564	0.0017763	0.000188668	
OG0014153	2.2824e-16	2.25103e-10	5.87657e-08	
OG0014154	0.0028208	0.000836427	3.7753e-05	
OG0014155	0.0002267	0.000184977	4.28425e-05	
OG0014156	0.00321564	0.0017763	0.000188668	
OG0014157	1.59845e-05	1.9267e-05	9.24458e-06	
OG0014159	0.00298157	0.0012127	9.67273e-05	
OG0014160	1.40745e-05	9.19289e-06	1.85054e-06	
OG0014161	0.0028208	0.000836427	3.7753e-05	
OG0014162	0.00286986	0.000947975	5.38173e-05	
OG0014163	0.00321564	0.0017763	0.000188668	
OG0014164	0.0028208	0.000836427	3.7753e-05	
OG0014165	7.63476e-07	6.35382e-06	2.59945e-06	
OG0014166	2.08286e-05	3.42644e-05	8.35466e-06	
OG0014167	0.0028208	0.000836427	3.7753e-05	
OG0014168	0.00021023	0.000126417	2.11336e-05	
OG0014169	0.000214477	0.000127587	1.67098e-05	
OG0014170	0.00321564	0.0017763	0.000188668	
OG0014171	1.14974e-05	9.02489e-05	2.98639e-05	
OG0014172	0.00321564	0.0017763	0.000188668	
OG0014173	0.0028208	0.000836427	3.7753e-05	
OG0014174	8.10227e-07	9.38924e-06	6.7496e-06	
OG0014175	0.000225263	0.000170342	3.0276e-05	
OG0014176	0.000218207	0.000144602	2.3819e-05	
OG0014177	2.44279e-05	5.55183e-05	1.28526e-05	
OG0014179	0.0028208	0.000836427	3.7753e-05	
OG0014180	0.00299354	0.00123604	9.80644e-05	
OG0014181	0.0028208	0.000836427	3.7753e-05	
OG0014182	0.000200411	8.98834e-05	8.58602e-06	
OG0014184	0.00021023	0.000126417	2.11336e-05	
OG0014185	1.3639e-06	2.46214e-06	9.5767e-07	
OG0014186	0.00321564	0.0017763	0.000188668	
OG0014187	0.0028208	0.000836427	3.7753e-05	
OG0014188	0.00286986	0.000947975	5.38173e-05	
OG0014189	0.00286986	0.000947975	5.38173e-05	
OG0014190	0.000290712	0.000331948	4.90309e-05	
OG0014192	0.00321564	0.0017763	0.000188668	
OG0014193	0.00299354	0.00123604	9.80644e-05	
OG0014194	0.0028208	0.000836427	3.7753e-05	
OG0014195	1.07183e-06	1.4095e-06	8.17265e-07	
OG0014196	0.0028208	0.000836427	3.7753e-05	
OG0014198	1.76651e-05	2.11434e-05	5.54224e-06	
OG0014199	0.0422924	0.0116455	0.000426341	
OG0014200	1.94626e-05	2.41388e-05	4.29289e-06	
OG0014201	0.000202323	9.87177e-05	1.22105e-05	
OG0014202	0.00286986	0.000947975	5.38173e-05	
OG0014203	0.0028208	0.000836427	3.7753e-05	
OG0014204	0.0028208	0.000836427	3.7753e-05	
OG0014205	0.0028208	0.000836427	3.7753e-05	
OG0014206	0.0422924	0.0116455	0.000426341	
OG0014207	1.50621e-05	1.30382e-05	3.55964e-06	
OG0014209	0.000290712	0.000331948	4.90309e-05	
OG0014210	0.000225263	0.000170342	3.0276e-05	
OG0014211	0.00286986	0.000947975	5.38173e-05	
OG0014212	0.0028208	0.000836427	3.7753e-05	
OG0014213	1.02388e-06	1.06611e-06	4.6221e-07	
OG0014214	0.000200411	8.98834e-05	8.58602e-06	
OG0014215	1.40745e-05	9.19289e-06	1.85054e-06	
OG0014216	0.000214477	0.000127587	1.67098e-05	
OG0014217	0.000290712	0.000331948	4.90309e-05	
OG0014218	7.5556e-08	7.71488e-07	8.2784e-07	
OG0014219	0.00299354	0.00123604	9.80644e-05	
OG0014220	0.00298157	0.0012127	9.67273e-05	
OG0014221	0.0422924	0.0116455	0.000426341	
OG0014222	0.00321564	0.0017763	0.000188668	
OG0014223	0.00321564	0.0017763	0.000188668	
OG0014224	0.000273938	0.000224628	1.8876e-05	
OG0014225	0.00321564	0.0017763	0.000188668	
OG0014226	0.000214477	0.000127587	1.67098e-05	
OG0014227	0.0028208	0.000836427	3.7753e-05	
OG0014228	0.0028208	0.000836427	3.7753e-05	
OG0014229	0.000191012	6.71193e-05	4.60686e-06	
OG0014230	0.00299354	0.00123604	9.80644e-05	
OG0014231	1.50621e-05	1.30382e-05	3.55964e-06	
OG0014232	0.0028208	0.000836427	3.7753e-05	
OG0014233	0.0002267	0.000184977	4.28425e-05	
OG0014234	0.0028208	0.000836427	3.7753e-05	
OG0014235	0.0028208	0.000836427	3.7753e-05	
OG0014236	0.0028208	0.000836427	3.7753e-05	
OG0014237	0.00299354	0.00123604	9.80644e-05	
OG0014238	0.0028208	0.000836427	3.7753e-05	
OG0014239	0.00021023	0.000126417	2.11336e-05	
OG0014240	0.00021023	0.000126417	2.11336e-05	
OG0014241	0.00321564	0.0017763	0.000188668	
OG0014242	0.0422924	0.0116455	0.000426341	
OG0014243	0.000214477	0.000127587	1.67098e-05	
OG0014244	0.00321564	0.0017763	0.000188668	
OG0014245	0.00286986	0.000947975	5.38173e-05	
OG0014246	0.000290712	0.000331948	4.90309e-05	
OG0014247	0.00321564	0.0017763	0.000188668	
OG0014248	0.0028208	0.000836427	3.7753e-05	
OG0014249	0.0028208	0.000836427	3.7753e-05	
OG0014250	0.0028208	0.000836427	3.7753e-05	
OG0014251	0.00298157	0.0012127	9.67273e-05	
OG0014252	0.0422924	0.0116455	0.000426341	
OG0014253	0.0028208	0.000836427	3.7753e-05	
OG0014254	0.0422924	0.0116455	0.000426341	
OG0014255	0.0028208	0.000836427	3.7753e-05	
OG0014256	0.0028208	0.000836427	3.7753e-05	
OG0014257	2.08286e-05	3.42644e-05	8.35466e-06	
OG0014258	0.0028208	0.000836427	3.7753e-05	
OG0014259	0.0028208	0.000836427	3.7753e-05	
OG0014260	1.40103e-05	9.24317e-06	2.07366e-06	
OG0014261	0.000273938	0.000224628	1.8876e-05	
OG0014262	0.000290712	0.000331948	4.90309e-05	
OG0014263	1.53241e-05	1.47769e-05	5.07407e-06	
OG0014264	0.000214477	0.000127587	1.67098e-05	
OG0014265	0.0422924	0.0116455	0.000426341	
OG0014266	0.0028208	0.000836427	3.7753e-05	
OG0014267	0.00321564	0.0017763	0.000188668	
OG0014268	0.0028208	0.000836427	3.7753e-05	
OG0014269	0.00286986	0.000947975	5.38173e-05	
OG0014270	0.000561312	0.00103524	0.000208565	
OG0014271	0.000290712	0.000331948	4.90309e-05	
OG0014272	0.0028208	0.000836427	3.7753e-05	
OG0014273	0.000198099	8.5547e-05	8.14122e-06	
OG0014274	0.00286986	0.000947975	5.38173e-05	
OG0014275	0.00299354	0.00123604	9.80644e-05	
OG0014276	1.59845e-05	1.9267e-05	9.24458e-06	
OG0014277	0.00298157	0.0012127	9.67273e-05	
OG0014278	3.64492e-14	9.3266e-12	3.44559e-10	
OG0014279	0.00286986	0.000947975	5.38173e-05	
OG0014280	0.0028208	0.000836427	3.7753e-05	
OG0014281	1.0796e-06	1.41626e-06	6.71888e-07	
OG0014282	0.0028208	0.000836427	3.7753e-05	
OG0014283	0.000201545	9.69558e-05	1.1605e-05	
OG0014284	0.00299354	0.00123604	9.80644e-05	
OG0014285	0.000227611	0.000188542	4.34103e-05	
OG0014286	0.0028208	0.000836427	3.7753e-05	
OG0014287	0.0028208	0.000836427	3.7753e-05	
OG0014288	1.5377e-05	1.41848e-05	3.76512e-06	
OG0014289	0.0422924	0.0116455	0.000426341	
OG0014290	1.76651e-05	2.11434e-05	5.54224e-06	
OG0014291	1.46141e-05	1.20519e-05	3.77729e-06	
OG0014292	0.00286986	0.000947975	5.38173e-05	
OG0014293	0.000191012	6.71193e-05	4.60686e-06	
OG0014294	0.0028208	0.000836427	3.7753e-05	
OG0014295	0.0028208	0.000836427	3.7753e-05	
OG0014296	0.0028208	0.000836427	3.7753e-05	
OG0014297	0.00321564	0.0017763	0.000188668	
OG0014298	0.0028208	0.000836427	3.7753e-05	
OG0014299	0.00299354	0.00123604	9.80644e-05	
OG0014300	0.000290712	0.000331948	4.90309e-05	
OG0014301	0.0002267	0.000184977	4.28425e-05	
OG0014302	1.50621e-05	1.30382e-05	3.55964e-06	
OG0014303	0.000273938	0.000224628	1.8876e-05	
OG0014304	0.00321564	0.0017763	0.000188668	
OG0014305	0.0028208	0.000836427	3.7753e-05	
OG0014306	0.00299354	0.00123604	9.80644e-05	
OG0014307	0.00321564	0.0017763	0.000188668	
OG0014308	0.00321564	0.0017763	0.000188668	
OG0014309	0.000561312	0.00103524	0.000208565	
OG0014310	0.0028208	0.000836427	3.7753e-05	
OG0014311	0.0028208	0.000836427	3.7753e-05	
OG0014312	0.00321564	0.0017763	0.000188668	
OG0014313	0.0028208	0.000836427	3.7753e-05	
OG0014314	0.0002267	0.000184977	4.28425e-05	
OG0014315	0.0028208	0.000836427	3.7753e-05	
OG0014316	0.000214477	0.000127587	1.67098e-05	
OG0014317	0.00299354	0.00123604	9.80644e-05	
OG0014318	0.00321564	0.0017763	0.000188668	
OG0014319	0.0028208	0.000836427	3.7753e-05	
OG0014320	0.0028208	0.000836427	3.7753e-05	
OG0014321	1.76651e-05	2.11434e-05	5.54224e-06	
OG0014322	1.94211e-05	2.40738e-05	4.44463e-06	
OG0014323	0.0028208	0.000836427	3.7753e-05	
OG0014324	0.00321564	0.0017763	0.000188668	
OG0014325	0.0028208	0.000836427	3.7753e-05	
OG0014326	0.000273938	0.000224628	1.8876e-05	
OG0014327	0.0028208	0.000836427	3.7753e-05	
OG0014328	0.0422924	0.0116455	0.000426341	
OG0014329	0.00286986	0.000947975	5.38173e-05	
OG0014330	1.97653e-05	2.65131e-05	5.34352e-06	
OG0014331	1.49408e-06	4.04599e-06	2.70873e-06	
OG0014332	0.00321564	0.0017763	0.000188668	
OG0014333	1.50621e-05	1.30382e-05	3.55964e-06	
OG0014334	0.0028208	0.000836427	3.7753e-05	
OG0014335	0.00321564	0.0017763	0.000188668	
OG0014336	0.0422924	0.0116455	0.000426341	
OG0014337	0.0422924	0.0116455	0.000426341	
OG0014338	0.00299354	0.00123604	9.80644e-05	
OG0014339	2.44279e-05	5.55183e-05	1.28526e-05	
OG0014340	0.000214477	0.000127587	1.67098e-05	
OG0014341	0.0028208	0.000836427	3.7753e-05	
OG0014342	8.29548e-07	1.06457e-05	8.42639e-06	
OG0014343	0.000290712	0.000331948	4.90309e-05	
OG0014344	0.00321564	0.0017763	0.000188668	
OG0014345	0.0422924	0.0116455	0.000426341	
OG0014346	0.00321564	0.0017763	0.000188668	
OG0014347	0.0422924	0.0116455	0.000426341	
OG0014348	0.00321564	0.0017763	0.000188668	
OG0014349	1.59845e-05	1.9267e-05	9.24458e-06	
OG0014350	0.000214477	0.000127587	1.67098e-05	
OG0014351	0.00299354	0.00123604	9.80644e-05	
OG0014352	0.0028208	0.000836427	3.7753e-05	
OG0014353	0.00299354	0.00123604	9.80644e-05	
OG0014354	0.000214621	0.000137383	2.21441e-05	
OG0014355	0.0028208	0.000836427	3.7753e-05	
OG0014356	5.80481e-09	4.73038e-08	7.47347e-08	
OG0014357	0.000207067	0.00011187	1.52147e-05	
OG0014358	8.86123e-08	6.49036e-07	6.13688e-07	
OG0014359	0.0028208	0.000836427	3.7753e-05	
OG0014360	1.40745e-05	9.19289e-06	1.85054e-06	
OG0014361	0.0028208	0.000836427	3.7753e-05	
OG0014362	0.0028208	0.000836427	3.7753e-05	
OG0014363	0.00321564	0.0017763	0.000188668	
OG0014364	0.0028208	0.000836427	3.7753e-05	
OG0014365	0.00299354	0.00123604	9.80644e-05	
OG0014366	0.00321564	0.0017763	0.000188668	
OG0014367	0.0028208	0.000836427	3.7753e-05	
OG0014368	0.0422924	0.0116455	0.000426341	
OG0014369	0.00321564	0.0017763	0.000188668	
OG0014370	0.0028208	0.000836427	3.7753e-05	
OG0014371	0.0422924	0.0116455	0.000426341	
OG0014372	0.000215072	0.000142911	2.72617e-05	
OG0014373	0.0028208	0.000836427	3.7753e-05	
OG0014374	0.000290712	0.000331948	4.90309e-05	
OG0014375	2.22686e-14	8.73137e-11	1.15688e-08	
OG0014376	5.04989e-11	1.75403e-08	3.24974e-07	
OG0014377	0.000273938	0.000224628	1.8876e-05	
OG0014378	0.000225263	0.000170342	3.0276e-05	
OG0014379	0.0422924	0.0116455	0.000426341	
OG0014380	0.0028208	0.000836427	3.7753e-05	
OG0014381	0.00321564	0.0017763	0.000188668	
OG0014382	0.00299354	0.00123604	9.80644e-05	
OG0014383	0.000214477	0.000127587	1.67098e-05	
OG0014384	0.000203456	0.000101481	1.25848e-05	
OG0014385	0.00321564	0.0017763	0.000188668	
OG0014386	0.000214477	0.000127587	1.67098e-05	
OG0014387	0.00321564	0.0017763	0.000188668	
OG0014388	1.50621e-05	1.30382e-05	3.55964e-06	
OG0014389	0.0028208	0.000836427	3.7753e-05	
OG0014390	0.00298157	0.0012127	9.67273e-05	
OG0014391	0.00286986	0.000947975	5.38173e-05	
OG0014392	0.0028208	0.000836427	3.7753e-05	
OG0014393	0.0028208	0.000836427	3.7753e-05	
OG0014394	0.00286986	0.000947975	5.38173e-05	
OG0014395	0.0028208	0.000836427	3.7753e-05	
OG0014396	0.00321564	0.0017763	0.000188668	
OG0014397	0.0028208	0.000836427	3.7753e-05	
OG0014398	0.0028208	0.000836427	3.7753e-05	
OG0014399	0.0028208	0.000836427	3.7753e-05	
OG0014400	0.0028208	0.000836427	3.7753e-05	
OG0014401	1.93124e-05	2.33917e-05	4.28282e-06	
OG0014402	1.80306e-05	2.29782e-05	5.84401e-06	
OG0014403	0.0028208	0.000836427	3.7753e-05	
OG0014404	0.000202323	9.87177e-05	1.22105e-05	
OG0014405	0.0028208	0.000836427	3.7753e-05	
OG0014406	0.0028208	0.000836427	3.7753e-05	
OG0014407	0.000214477	0.000127587	1.67098e-05	
OG0014408	0.00321564	0.0017763	0.000188668	
OG0014409	0.000202323	9.87177e-05	1.22105e-05	
OG0014410	0.0028208	0.000836427	3.7753e-05	
OG0014411	0.00021023	0.000126417	2.11336e-05	
OG0014412	0.00321564	0.0017763	0.000188668	
OG0014413	0.0002267	0.000184977	4.28425e-05	
OG0014414	0.00321564	0.0017763	0.000188668	
OG0014415	1.50621e-05	1.30382e-05	3.55964e-06	
OG0014416	0.0028208	0.000836427	3.7753e-05	
OG0014417	0.0028208	0.000836427	3.7753e-05	
OG0014418	0.0422924	0.0116455	0.000426341	
OG0014419	0.0028208	0.000836427	3.7753e-05	
OG0014420	0.0028208	0.000836427	3.7753e-05	
OG0014421	0.0028208	0.000836427	3.7753e-05	
OG0014422	0.00298157	0.0012127	9.67273e-05	
OG0014423	0.00298157	0.0012127	9.67273e-05	
OG0014424	7.23576e-09	3.61049e-08	7.34215e-08	
OG0014425	0.0028208	0.000836427	3.7753e-05	
OG0014426	0.0422924	0.0116455	0.000426341	
OG0014427	0.0028208	0.000836427	3.7753e-05	
OG0014428	0.00021023	0.000126417	2.11336e-05	
OG0014429	0.0028208	0.000836427	3.7753e-05	
OG0014430	0.0028208	0.000836427	3.7753e-05	
OG0014431	1.04438e-07	3.60169e-07	3.42882e-07	
OG0014432	0.0422924	0.0116455	0.000426341	
OG0014433	0.00321564	0.0017763	0.000188668	
OG0014434	0.000198864	8.71017e-05	8.56587e-06	
OG0014435	7.55599e-08	1.43647e-07	1.62661e-07	
OG0014436	0.00321564	0.0017763	0.000188668	
OG0014437	0.000200411	8.98834e-05	8.58602e-06	
OG0014438	0.00299354	0.00123604	9.80644e-05	
OG0014439	0.00021023	0.000126417	2.11336e-05	
OG0014440	0.00321564	0.0017763	0.000188668	
OG0014441	0.000200411	8.98834e-05	8.58602e-06	
OG0014442	0.0028208	0.000836427	3.7753e-05	
OG0014443	0.0002267	0.000184977	4.28425e-05	
OG0014444	0.000198099	8.5547e-05	8.14122e-06	
OG0014445	0.0028208	0.000836427	3.7753e-05	
OG0014446	0.0028208	0.000836427	3.7753e-05	
OG0014447	0.00298157	0.0012127	9.67273e-05	
OG0014448	0.000198864	8.71017e-05	8.56587e-06	
OG0014449	0.00321564	0.0017763	0.000188668	
OG0014450	0.0028208	0.000836427	3.7753e-05	
OG0014451	1.46274e-06	3.50148e-06	1.77977e-06	
OG0014452	0.000214477	0.000127587	1.67098e-05	
OG0014453	0.000198099	8.5547e-05	8.14122e-06	
OG0014454	0.0028208	0.000836427	3.7753e-05	
OG0014455	0.00321564	0.0017763	0.000188668	
OG0014456	0.0028208	0.000836427	3.7753e-05	
OG0014457	0.000561312	0.00103524	0.000208565	
OG0014458	0.000214477	0.000127587	1.67098e-05	
OG0014459	0.00286986	0.000947975	5.38173e-05	
OG0014460	0.000198864	8.71017e-05	8.56587e-06	
OG0014461	0.000198099	8.5547e-05	8.14122e-06	
OG0014462	0.0422924	0.0116455	0.000426341	
OG0014463	1.50621e-05	1.30382e-05	3.55964e-06	
OG0014464	0.0422924	0.0116455	0.000426341	
OG0014465	0.00321564	0.0017763	0.000188668	
OG0014466	0.000198864	8.71017e-05	8.56587e-06	
OG0014467	0.000214477	0.000127587	1.67098e-05	
OG0014468	0.0028208	0.000836427	3.7753e-05	
OG0014469	7.68086e-07	6.54505e-06	2.70682e-06	
OG0014470	0.00321564	0.0017763	0.000188668	
OG0014471	0.0422924	0.0116455	0.000426341	
OG0014472	0.00299354	0.00123604	9.80644e-05	
OG0014473	0.00321564	0.0017763	0.000188668	
OG0014474	0.00299354	0.00123604	9.80644e-05	
OG0014475	0.0028208	0.000836427	3.7753e-05	
OG0014476	0.0028208	0.000836427	3.7753e-05	
OG0014477	0.0028208	0.000836427	3.7753e-05	
OG0014478	0.0422924	0.0116455	0.000426341	
OG0014479	0.000290712	0.000331948	4.90309e-05	
OG0014480	0.000214477	0.000127587	1.67098e-05	
OG0014481	0.00321564	0.0017763	0.000188668	
OG0014482	0.0028208	0.000836427	3.7753e-05	
OG0014483	0.000225826	0.000181521	4.01933e-05	
OG0014484	0.0028208	0.000836427	3.7753e-05	
OG0014485	0.000198099	8.5547e-05	8.14122e-06	
OG0014486	0.0028208	0.000836427	3.7753e-05	
OG0014487	0.00299354	0.00123604	9.80644e-05	
OG0014488	0.000218207	0.000144602	2.3819e-05	
OG0014489	0.000214477	0.000127587	1.67098e-05	
OG0014490	0.00321564	0.0017763	0.000188668	
OG0014491	0.0028208	0.000836427	3.7753e-05	
OG0014492	0.000202323	9.87177e-05	1.22105e-05	
OG0014493	1.94211e-05	2.40738e-05	4.44463e-06	
OG0014494	0.000561312	0.00103524	0.000208565	
OG0014495	0.0028208	0.000836427	3.7753e-05	
OG0014496	0.0028208	0.000836427	3.7753e-05	
OG0014497	0.0422924	0.0116455	0.000426341	
OG0014498	0.000214477	0.000127587	1.67098e-05	
OG0014499	0.00321564	0.0017763	0.000188668	
OG0014500	0.00298157	0.0012127	9.67273e-05	
OG0014501	0.0028208	0.000836427	3.7753e-05	
OG0014502	0.0002267	0.000184977	4.28425e-05	
OG0014503	0.0028208	0.000836427	3.7753e-05	
OG0014504	0.000214477	0.000127587	1.67098e-05	
OG0014505	0.0028208	0.000836427	3.7753e-05	
OG0014506	0.0028208	0.000836427	3.7753e-05	
OG0014507	0.00321564	0.0017763	0.000188668	
OG0014508	0.000214621	0.000137383	2.21441e-05	
OG0014509	4.86226e-09	7.99743e-09	6.80121e-09	
OG0014510	0.000214477	0.000127587	1.67098e-05	
OG0014511	0.00321564	0.0017763	0.000188668	
OG0014512	1.08206e-06	1.426e-06	6.57832e-07	
OG0014513	0.0028208	0.000836427	3.7753e-05	
OG0014514	0.0028208	0.000836427	3.7753e-05	
OG0014515	0.00299354	0.00123604	9.80644e-05	
OG0014516	1.93125e-11	1.83641e-09	1.78736e-08	
OG0014517	0.0028208	0.000836427	3.7753e-05	
OG0014518	0.00298157	0.0012127	9.67273e-05	
OG0014519	0.00021023	0.000126417	2.11336e-05	
OG0014520	0.000214477	0.000127587	1.67098e-05	
OG0014521	0.00321564	0.0017763	0.000188668	
OG0014522	0.0028208	0.000836427	3.7753e-05	
OG0014523	0.0028208	0.000836427	3.7753e-05	
OG0014524	0.00321564	0.0017763	0.000188668	
OG0014525	0.00321564	0.0017763	0.000188668	
OG0014526	0.00321564	0.0017763	0.000188668	
OG0014527	0.0422924	0.0116455	0.000426341	
OG0014528	0.0028208	0.000836427	3.7753e-05	
OG0014529	1.26634e-06	2.36342e-06	1.30052e-06	
OG0014530	0.000215072	0.000142911	2.72617e-05	
OG0014531	0.000214477	0.000127587	1.67098e-05	
OG0014532	0.00299354	0.00123604	9.80644e-05	
OG0014533	0.0028208	0.000836427	3.7753e-05	
OG0014534	0.0028208	0.000836427	3.7753e-05	
OG0014535	1.41303e-05	9.36744e-06	1.95692e-06	
OG0014536	0.0028208	0.000836427	3.7753e-05	
OG0014537	0.00021023	0.000126417	2.11336e-05	
OG0014538	0.0028208	0.000836427	3.7753e-05	
OG0014539	0.00305071	0.00137235	0.000120143	
OG0014540	0.000214477	0.000127587	1.67098e-05	
OG0014541	0.00321564	0.0017763	0.000188668	
OG0014542	0.000218207	0.000144602	2.3819e-05	
OG0014543	0.000231958	0.000209335	5.32057e-05	
OG0014544	0.0028208	0.000836427	3.7753e-05	
OG0014545	0.0028208	0.000836427	3.7753e-05	
OG0014546	0.00321564	0.0017763	0.000188668	
OG0014547	0.0028208	0.000836427	3.7753e-05	
OG0014548	0.00321564	0.0017763	0.000188668	
OG0014549	0.0028208	0.000836427	3.7753e-05	
OG0014550	0.00321564	0.0017763	0.000188668	
OG0014551	0.000218207	0.000144602	2.3819e-05	
OG0014552	0.000273938	0.000224628	1.8876e-05	
OG0014553	0.0422924	0.0116455	0.000426341	
OG0014554	0.00321564	0.0017763	0.000188668	
OG0014555	0.00298157	0.0012127	9.67273e-05	
OG0014556	0.0028208	0.000836427	3.7753e-05	
OG0014557	0.0028208	0.000836427	3.7753e-05	
OG0014558	0.00321564	0.0017763	0.000188668	
OG0014559	0.000561312	0.00103524	0.000208565	
OG0014560	1.53241e-05	1.47769e-05	5.07407e-06	
OG0014561	0.0422924	0.0116455	0.000426341	
OG0014562	0.0028208	0.000836427	3.7753e-05	
OG0014563	1.332e-06	3.07132e-06	1.88688e-06	
OG0014564	0.0028208	0.000836427	3.7753e-05	
OG0014565	1.50621e-05	1.30382e-05	3.55964e-06	
OG0014566	1.4334e-05	9.94559e-06	1.99478e-06	
OG0014567	0.00286986	0.000947975	5.38173e-05	
OG0014568	0.000218207	0.000144602	2.3819e-05	
OG0014569	0.00305071	0.00137235	0.000120143	
OG0014570	0.00021023	0.000126417	2.11336e-05	
OG0014571	1.4334e-05	9.94559e-06	1.99478e-06	
OG0014572	1.42883e-05	1.03789e-05	2.71169e-06	
OG0014573	0.00021023	0.000126417	2.11336e-05	
OG0014574	0.0028208	0.000836427	3.7753e-05	
OG0014575	6.06516e-13	5.2598e-11	8.77131e-10	
OG0014576	0.0028208	0.000836427	3.7753e-05	
OG0014577	0.0028208	0.000836427	3.7753e-05	
OG0014578	0.00321564	0.0017763	0.000188668	
OG0014579	0.0422924	0.0116455	0.000426341	
OG0014580	0.00021023	0.000126417	2.11336e-05	
OG0014581	1.59845e-05	1.9267e-05	9.24458e-06	
OG0014582	0.000198864	8.71017e-05	8.56587e-06	
OG0014583	0.0028208	0.000836427	3.7753e-05	
OG0014584	0.0028208	0.000836427	3.7753e-05	
OG0014585	0.00286986	0.000947975	5.38173e-05	
OG0014586	0.000225263	0.000170342	3.0276e-05	
OG0014587	0.0422924	0.0116455	0.000426341	
OG0014588	0.0028208	0.000836427	3.7753e-05	
OG0014589	0.00286986	0.000947975	5.38173e-05	
OG0014590	0.000214477	0.000127587	1.67098e-05	
OG0014591	0.00321564	0.0017763	0.000188668	
OG0014592	0.0028208	0.000836427	3.7753e-05	
OG0014593	0.0028208	0.000836427	3.7753e-05	
OG0014594	0.00286986	0.000947975	5.38173e-05	
OG0014595	0.00321564	0.0017763	0.000188668	
OG0014596	1.5377e-05	1.41848e-05	3.76512e-06	
OG0014597	0.0028208	0.000836427	3.7753e-05	
OG0014598	0.0028208	0.000836427	3.7753e-05	
OG0014599	0.0028208	0.000836427	3.7753e-05	
OG0014600	1.50621e-05	1.30382e-05	3.55964e-06	
OG0014601	0.0028208	0.000836427	3.7753e-05	
OG0014602	0.00298157	0.0012127	9.67273e-05	
OG0014603	0.00321564	0.0017763	0.000188668	
OG0014604	0.000198864	8.71017e-05	8.56587e-06	
OG0014605	1.08279e-06	1.55021e-06	1.13464e-06	
OG0014606	0.0028208	0.000836427	3.7753e-05	
OG0014607	0.00298157	0.0012127	9.67273e-05	
OG0014608	5.45109e-05	0.000278021	0.000104279	
OG0014609	1.50621e-05	1.30382e-05	3.55964e-06	
OG0014610	0.0028208	0.000836427	3.7753e-05	
OG0014611	0.0028208	0.000836427	3.7753e-05	
OG0014612	0.000212265	0.00011528	1.16802e-05	
OG0014613	1.76651e-05	2.11434e-05	5.54224e-06	
OG0014614	0.0028208	0.000836427	3.7753e-05	
OG0014615	0.00286986	0.000947975	5.38173e-05	
OG0014616	0.0028208	0.000836427	3.7753e-05	
OG0014617	0.0028208	0.000836427	3.7753e-05	
OG0014618	1.59845e-05	1.9267e-05	9.24458e-06	
OG0014619	0.00021023	0.000126417	2.11336e-05	
OG0014620	1.76651e-05	2.11434e-05	5.54224e-06	
OG0014621	0.0422924	0.0116455	0.000426341	
OG0014622	0.000218207	0.000144602	2.3819e-05	
OG0014623	0.0422924	0.0116455	0.000426341	
OG0014624	0.0028208	0.000836427	3.7753e-05	
OG0014625	1.50621e-05	1.30382e-05	3.55964e-06	
OG0014626	0.00321564	0.0017763	0.000188668	
OG0014627	0.000218207	0.000144602	2.3819e-05	
OG0014628	0.000214477	0.000127587	1.67098e-05	
OG0014629	1.39189e-08	1.0801e-07	2.86827e-07	
OG0014630	5.02113e-13	2.41202e-11	1.85514e-10	
OG0015094	0.00299354	0.00123604	9.80644e-05	
OG0015095	8.01476e-12	1.42681e-08	3.90887e-07	
OG0015096	6.02604e-08	1.00018e-06	8.93896e-07	
OG0015097	6.31563e-08	1.62743e-06	3.71509e-06	
OG0015103	4.26801e-05	0.000157923	9.26738e-05	
OG0015105	1.5357e-05	1.48882e-05	5.28036e-06	
OG0015106	3.01384e-07	5.03036e-06	1.31423e-05	
OG0015107	2.11138e-16	2.14129e-13	2.43596e-11	
OG0015108	0.0002267	0.000184977	4.28425e-05	
OG0015109	0.0028208	0.000836427	3.7753e-05	
OG0015110	0.00299354	0.00123604	9.80644e-05	
OG0015111	0.000198864	8.71017e-05	8.56587e-06	
OG0015112	0.000214477	0.000127587	1.67098e-05	
OG0015113	1.94211e-05	2.40738e-05	4.44463e-06	
OG0015114	1.76651e-05	2.11434e-05	5.54224e-06	
OG0015116	1.07183e-06	1.4095e-06	8.17265e-07	
OG0015117	0.00299354	0.00123604	9.80644e-05	
OG0015118	4.26801e-05	0.000157923	9.26738e-05	
OG0015119	1.01053e-06	1.03563e-06	4.51694e-07	
OG0015120	1.18606e-08	1.35449e-06	7.80643e-06	
OG0015121	0.0028208	0.000836427	3.7753e-05	
OG0015122	1.40444e-05	9.16804e-06	1.91539e-06	
OG0015123	0.000200411	8.98834e-05	8.58602e-06	
OG0015124	3.6359e-06	1.99707e-05	9.23858e-06	
OG0015125	0.000227611	0.000188542	4.34103e-05	
OG0015126	0.00305071	0.00137235	0.000120143	
OG0015127	4.26801e-05	0.000157923	9.26738e-05	
OG0015128	0.000214477	0.000127587	1.67098e-05	
OG0015129	0.00299354	0.00123604	9.80644e-05	
OG0015130	0.0028208	0.000836427	3.7753e-05	
OG0015131	1.06317e-06	1.28916e-06	5.97247e-07	
OG0015132	1.36682e-06	2.46881e-06	9.25245e-07	
OG0015133	4.08803e-17	1.87562e-09	2.67111e-06	
OG0015134	7.39345e-08	1.2652e-07	1.32583e-07	
OG0015135	0.000214477	0.000127587	1.67098e-05	
OG0015136	1.94211e-05	2.40738e-05	4.44463e-06	
OG0015137	1.3639e-06	2.46214e-06	9.5767e-07	
OG0015138	0.00299354	0.00123604	9.80644e-05	
OG0015139	1.71552e-06	5.67821e-06	2.77104e-06	
OG0015140	4.26801e-05	0.000157923	9.26738e-05	
OG0015141	1.97583e-05	2.72533e-05	6.29221e-06	
OG0015142	0.00025154	0.000206728	2.57059e-05	
OG0015143	6.74234e-09	2.91497e-07	6.36187e-07	
OG0015144	0.000203456	0.000101481	1.25848e-05	
OG0015145	0.00299354	0.00123604	9.80644e-05	
OG0015146	0.00299354	0.00123604	9.80644e-05	
OG0015147	0.00299354	0.00123604	9.80644e-05	
OG0015148	0.00299354	0.00123604	9.80644e-05	
OG0015149	0.00299354	0.00123604	9.80644e-05	
OG0015150	0.0028208	0.000836427	3.7753e-05	
OG0015151	0.00299354	0.00123604	9.80644e-05	
OG0015153	0.00299354	0.00123604	9.80644e-05	
OG0015155	0.000290712	0.000331948	4.90309e-05	
OG0015156	1.59845e-05	1.9267e-05	9.24458e-06	
OG0015157	0.000218207	0.000144602	2.3819e-05	
OG0015158	0.000203456	0.000101481	1.25848e-05	
OG0015159	0.000198864	8.71017e-05	8.56587e-06	
OG0015160	0.000214477	0.000127587	1.67098e-05	
OG0015161	0.000200411	8.98834e-05	8.58602e-06	
OG0015162	0.000214477	0.000127587	1.67098e-05	
OG0015163	0.00299354	0.00123604	9.80644e-05	
OG0015164	0.00321564	0.0017763	0.000188668	
OG0015165	0.00025154	0.000206728	2.57059e-05	
OG0015166	0.000214621	0.000137383	2.21441e-05	
OG0015167	0.000200411	8.98834e-05	8.58602e-06	
OG0015169	0.0028208	0.000836427	3.7753e-05	
OG0015170	0.00321564	0.0017763	0.000188668	
OG0015171	9.661e-07	1.50944e-05	7.83077e-06	
OG0015173	0.0028208	0.000836427	3.7753e-05	
OG0015174	1.46855e-06	3.57015e-06	1.90158e-06	
OG0015175	0.0002267	0.000184977	4.28425e-05	
OG0015176	0.000215072	0.000142911	2.72617e-05	
OG0015177	1.39358e-06	2.76294e-06	1.21692e-06	
OG0015178	1.48232e-06	3.70625e-06	1.92357e-06	
OG0015179	0.000215988	0.000145818	2.76988e-05	
OG0015180	0.000203456	0.000101481	1.25848e-05	
OG0015181	0.000198864	8.71017e-05	8.56587e-06	
OG0015182	0.000218207	0.000144602	2.3819e-05	
OG0015183	2.08286e-05	3.42644e-05	8.35466e-06	
OG0015184	0.0028208	0.000836427	3.7753e-05	
OG0015185	0.00299354	0.00123604	9.80644e-05	
OG0015186	0.0028208	0.000836427	3.7753e-05	
OG0015187	0.0002267	0.000184977	4.28425e-05	
OG0015188	0.0028208	0.000836427	3.7753e-05	
OG0015189	0.00299354	0.00123604	9.80644e-05	
OG0015190	0.00299354	0.00123604	9.80644e-05	
OG0015192	1.97583e-05	2.72533e-05	6.29221e-06	
OG0015193	0.000214477	0.000127587	1.67098e-05	
OG0015194	7.85275e-10	1.03856e-07	5.7808e-07	
OG0015195	0.000215072	0.000142911	2.72617e-05	
OG0015196	0.00299354	0.00123604	9.80644e-05	
OG0015197	0.00025154	0.000206728	2.57059e-05	
OG0015198	0.0028208	0.000836427	3.7753e-05	
OG0015199	0.00025154	0.000206728	2.57059e-05	
OG0015200	1.52638e-05	1.38006e-05	3.84726e-06	
OG0015201	0.0002267	0.000184977	4.28425e-05	
OG0015202	0.00025154	0.000206728	2.57059e-05	
OG0015203	1.82589e-07	8.60607e-07	7.28787e-07	
OG0015204	0.000203456	0.000101481	1.25848e-05	
OG0015205	0.00299354	0.00123604	9.80644e-05	
OG0015206	0.00025154	0.000206728	2.57059e-05	
OG0015207	0.00321564	0.0017763	0.000188668	
OG0015208	4.4862e-17	1.79295e-09	2.34607e-06	
OG0015209	0.000214477	0.000127587	1.67098e-05	
OG0015210	0.000202323	9.87177e-05	1.22105e-05	
OG0015211	0.000198864	8.71017e-05	8.56587e-06	
OG0015212	0.0028208	0.000836427	3.7753e-05	
OG0015213	0.000200411	8.98834e-05	8.58602e-06	
OG0015214	1.41303e-05	9.36744e-06	1.95692e-06	
OG0015215	9.78382e-07	8.76397e-07	3.3073e-07	
OG0015216	0.0028208	0.000836427	3.7753e-05	
OG0015217	4.26801e-05	0.000157923	9.26738e-05	
OG0015218	0.00299354	0.00123604	9.80644e-05	
OG0015219	0.000200411	8.98834e-05	8.58602e-06	
OG0015220	0.0028208	0.000836427	3.7753e-05	
OG0015221	0.00299354	0.00123604	9.80644e-05	
OG0015222	0.0028208	0.000836427	3.7753e-05	
OG0015223	0.0028208	0.000836427	3.7753e-05	
OG0015224	0.000214477	0.000127587	1.67098e-05	
OG0015225	0.000214477	0.000127587	1.67098e-05	
OG0015226	0.00299354	0.00123604	9.80644e-05	
OG0015227	0.00025154	0.000206728	2.57059e-05	
OG0015228	0.000214477	0.000127587	1.67098e-05	
OG0015229	1.34483e-06	3.23079e-06	2.43123e-06	
OG0015230	0.0028208	0.000836427	3.7753e-05	
OG0015231	0.0028208	0.000836427	3.7753e-05	
OG0015232	0.0028208	0.000836427	3.7753e-05	
OG0015233	0.0028208	0.000836427	3.7753e-05	
OG0015234	0.000199984	8.96413e-05	8.88951e-06	
OG0015235	0.00299354	0.00123604	9.80644e-05	
OG0015236	1.50533e-06	4.06842e-06	2.38982e-06	
OG0015237	0.0028208	0.000836427	3.7753e-05	
OG0015238	1.40444e-05	9.16804e-06	1.91539e-06	
OG0015239	0.000200411	8.98834e-05	8.58602e-06	
OG0015240	0.000214477	0.000127587	1.67098e-05	
OG0015241	0.000198864	8.71017e-05	8.56587e-06	
OG0015242	0.0028208	0.000836427	3.7753e-05	
OG0015243	0.00025154	0.000206728	2.57059e-05	
OG0015244	1.63767e-07	1.14571e-05	2.76081e-05	
OG0015245	7.10661e-09	3.89807e-08	8.20387e-08	
OG0015246	1.59845e-05	1.9267e-05	9.24458e-06	
OG0015247	8.74005e-07	1.37428e-05	1.31089e-05	
OG0015248	0.000200411	8.98834e-05	8.58602e-06	
OG0015249	1.40745e-05	9.19289e-06	1.85054e-06	
OG0015250	4.24096e-08	2.08605e-06	1.69906e-06	
OG0015251	0.00025154	0.000206728	2.57059e-05	
OG0015252	0.00299354	0.00123604	9.80644e-05	
OG0015253	0.00025154	0.000206728	2.57059e-05	
OG0015254	1.4334e-05	9.94559e-06	1.99478e-06	
OG0015255	0.00299354	0.00123604	9.80644e-05	
OG0015256	6.80843e-08	1.57064e-06	1.77101e-06	
OG0015257	0.00299354	0.00123604	9.80644e-05	
OG0015258	0.000198864	8.71017e-05	8.56587e-06	
OG0015259	0.000214477	0.000127587	1.67098e-05	
OG0015260	0.000227611	0.000188542	4.34103e-05	
OG0015261	0.0028208	0.000836427	3.7753e-05	
OG0015262	0.0002267	0.000184977	4.28425e-05	
OG0015263	0.00025154	0.000206728	2.57059e-05	
OG0015264	0.0028208	0.000836427	3.7753e-05	
OG0015265	2.69667e-09	2.33665e-08	4.88342e-08	
OG0015266	0.0028208	0.000836427	3.7753e-05	
OG0015267	1.4334e-05	9.94559e-06	1.99478e-06	
OG0015268	0.000214477	0.000127587	1.67098e-05	
OG0015269	0.000214477	0.000127587	1.67098e-05	
OG0015270	1.07542e-06	1.34113e-06	6.85783e-07	
OG0015271	1.40444e-05	9.16804e-06	1.91539e-06	
OG0015272	0.000214477	0.000127587	1.67098e-05	
OG0015273	0.0028208	0.000836427	3.7753e-05	
OG0015274	0.0028208	0.000836427	3.7753e-05	
OG0015275	1.41303e-05	9.36744e-06	1.95692e-06	
OG0015276	1.59845e-05	1.9267e-05	9.24458e-06	
OG0015277	0.00321564	0.0017763	0.000188668	
OG0015278	0.00321564	0.0017763	0.000188668	
OG0015279	0.0028208	0.000836427	3.7753e-05	
OG0015280	0.000198864	8.71017e-05	8.56587e-06	
OG0015281	0.000227611	0.000188542	4.34103e-05	
OG0015282	0.000200411	8.98834e-05	8.58602e-06	
OG0015283	0.000214477	0.000127587	1.67098e-05	
OG0015284	1.14601e-06	2.14584e-06	2.0963e-06	
OG0015285	1.40444e-05	9.16804e-06	1.91539e-06	
OG0015287	0.0028208	0.000836427	3.7753e-05	
OG0015288	1.91022e-07	9.25918e-07	1.18966e-06	
OG0015289	2.08286e-05	3.42644e-05	8.35466e-06	
OG0015291	0.000211041	0.000128716	2.22502e-05	
OG0015292	0.000200411	8.98834e-05	8.58602e-06	
OG0015293	9.78382e-07	8.76397e-07	3.3073e-07	
OG0015294	0.00299354	0.00123604	9.80644e-05	
OG0015295	1.55008e-05	1.51492e-05	4.77977e-06	
OG0015296	0.000200411	8.98834e-05	8.58602e-06	
OG0015297	0.000200411	8.98834e-05	8.58602e-06	
OG0015298	0.00305071	0.00137235	0.000120143	
OG0015299	0.00321564	0.0017763	0.000188668	
OG0015300	0.0028208	0.000836427	3.7753e-05	
OG0015301	0.0028208	0.000836427	3.7753e-05	
OG0015302	0.000227611	0.000188542	4.34103e-05	
OG0015303	0.00299354	0.00123604	9.80644e-05	
OG0015304	0.000199984	8.96413e-05	8.88951e-06	
OG0015305	0.000200411	8.98834e-05	8.58602e-06	
OG0015306	0.000200411	8.98834e-05	8.58602e-06	
OG0015307	0.000203456	0.000101481	1.25848e-05	
OG0015308	0.0028208	0.000836427	3.7753e-05	
OG0015309	0.000200411	8.98834e-05	8.58602e-06	
OG0015310	0.0028208	0.000836427	3.7753e-05	
OG0015311	0.00299354	0.00123604	9.80644e-05	
OG0015313	0.00299354	0.00123604	9.80644e-05	
OG0015314	1.02798e-06	1.08632e-06	4.66054e-07	
OG0015315	1.07183e-06	1.4095e-06	8.17265e-07	
OG0015316	1.5122e-05	1.32938e-05	3.80326e-06	
OG0015317	1.41303e-05	9.36744e-06	1.95692e-06	
OG0015318	1.50621e-05	1.30382e-05	3.55964e-06	
OG0015319	0.000200411	8.98834e-05	8.58602e-06	
OG0015320	0.0028208	0.000836427	3.7753e-05	
OG0015321	1.52638e-05	1.38006e-05	3.84726e-06	
OG0015322	0.00321564	0.0017763	0.000188668	
OG0015323	0.000214477	0.000127587	1.67098e-05	
OG0015324	0.000214477	0.000127587	1.67098e-05	
OG0015325	0.000200411	8.98834e-05	8.58602e-06	
OG0015326	0.0028208	0.000836427	3.7753e-05	
OG0015327	0.000273938	0.000224628	1.8876e-05	
OG0015328	0.000561312	0.00103524	0.000208565	
OG0015329	0.000198864	8.71017e-05	8.56587e-06	
OG0015330	0.000227611	0.000188542	4.34103e-05	
OG0015331	0.00299354	0.00123604	9.80644e-05	
OG0015332	0.00025154	0.000206728	2.57059e-05	
OG0015333	0.0028208	0.000836427	3.7753e-05	
OG0015334	0.0028208	0.000836427	3.7753e-05	
OG0015335	0.00025154	0.000206728	2.57059e-05	
OG0015336	0.0028208	0.000836427	3.7753e-05	
OG0015337	0.000211041	0.000128716	2.22502e-05	
OG0015338	1.40444e-05	9.16804e-06	1.91539e-06	
OG0015339	0.000290712	0.000331948	4.90309e-05	
OG0015340	0.00299354	0.00123604	9.80644e-05	
OG0015341	0.000214477	0.000127587	1.67098e-05	
OG0015342	0.0028208	0.000836427	3.7753e-05	
OG0015343	0.000214477	0.000127587	1.67098e-05	
OG0015344	0.000214477	0.000127587	1.67098e-05	
OG0015345	0.000211041	0.000128716	2.22502e-05	
OG0015346	0.000200411	8.98834e-05	8.58602e-06	
OG0015347	0.00025154	0.000206728	2.57059e-05	
OG0015348	0.000214477	0.000127587	1.67098e-05	
OG0015349	0.000200411	8.98834e-05	8.58602e-06	
OG0015350	1.59845e-05	1.9267e-05	9.24458e-06	
OG0015351	1.50621e-05	1.30382e-05	3.55964e-06	
OG0015352	0.0028208	0.000836427	3.7753e-05	
OG0015353	0.000200411	8.98834e-05	8.58602e-06	
OG0015354	0.0028208	0.000836427	3.7753e-05	
OG0015355	0.00299354	0.00123604	9.80644e-05	
OG0015356	1.50621e-05	1.30382e-05	3.55964e-06	
OG0015357	0.00299354	0.00123604	9.80644e-05	
OG0015358	1.41303e-05	9.36744e-06	1.95692e-06	
OG0015359	0.000214477	0.000127587	1.67098e-05	
OG0015360	1.34483e-06	3.23079e-06	2.43123e-06	
OG0015361	0.00299354	0.00123604	9.80644e-05	
OG0015362	9.93598e-07	9.62578e-07	4.1137e-07	
OG0015363	0.000199984	8.96413e-05	8.88951e-06	
OG0015364	0.0028208	0.000836427	3.7753e-05	
OG0015365	0.0028208	0.000836427	3.7753e-05	
OG0015366	0.00025154	0.000206728	2.57059e-05	
OG0015367	1.76651e-05	2.11434e-05	5.54224e-06	
OG0015368	0.000214477	0.000127587	1.67098e-05	
OG0015370	0.000200411	8.98834e-05	8.58602e-06	
OG0015371	0.000200411	8.98834e-05	8.58602e-06	
OG0015372	0.00299354	0.00123604	9.80644e-05	
OG0015373	0.000227611	0.000188542	4.34103e-05	
OG0015374	0.000200411	8.98834e-05	8.58602e-06	
OG0015375	0.0028208	0.000836427	3.7753e-05	
OG0015376	0.000218207	0.000144602	2.3819e-05	
OG0015377	0.00025154	0.000206728	2.57059e-05	
OG0015378	0.000199984	8.96413e-05	8.88951e-06	
OG0015379	0.00321564	0.0017763	0.000188668	
OG0015380	1.59845e-05	1.9267e-05	9.24458e-06	
OG0015381	0.000214477	0.000127587	1.67098e-05	
OG0015382	0.000227611	0.000188542	4.34103e-05	
OG0015383	0.00321564	0.0017763	0.000188668	
OG0015384	9.12615e-14	2.72849e-12	4.41587e-11	
OG0015806	1.13974e-15	3.13191e-11	7.91551e-09	
OG0015807	4.26801e-05	0.000157923	9.26738e-05	
OG0015808	4.16432e-22	3.35984e-17	7.35012e-14	
OG0015809	2.64741e-07	2.38941e-06	2.68816e-06	
OG0015810	3.84717e-12	1.3893e-08	3.11963e-07	
OG0015811	0.0002267	0.000184977	4.28425e-05	
OG0015814	1.09704e-08	8.27278e-07	2.46635e-06	
OG0015815	4.88317e-09	8.36398e-07	1.76553e-06	
OG0015816	1.93867e-15	1.85614e-12	6.93779e-11	
OG0015817	1.25398e-15	7.60453e-09	4.26246e-06	
OG0015818	0.000198864	8.71017e-05	8.56587e-06	
OG0015819	1.11186e-06	1.01755e-05	7.03128e-06	
OG0015822	0.000215988	0.000145818	2.76988e-05	
OG0015824	1.94211e-05	2.40738e-05	4.44463e-06	
OG0015825	1.76651e-05	2.11434e-05	5.54224e-06	
OG0015826	0.000214477	0.000127587	1.67098e-05	
OG0015827	1.55846e-06	5.27483e-06	4.93313e-06	
OG0015828	1.8383e-07	1.35745e-06	1.5574e-06	
OG0015829	3.10343e-06	1.87311e-05	2.62853e-05	
OG0015830	1.1291e-06	1.09823e-05	7.26322e-06	
OG0015831	3.10343e-06	1.87311e-05	2.62853e-05	
OG0015832	0.0028208	0.000836427	3.7753e-05	
OG0015833	2.92093e-06	1.29762e-05	1.18441e-05	
OG0015835	0.00025154	0.000206728	2.57059e-05	
OG0015836	0.000227611	0.000188542	4.34103e-05	
OG0015837	1.63543e-05	2.18067e-05	1.20914e-05	
OG0015838	0.0028208	0.000836427	3.7753e-05	
OG0015839	2.44279e-05	5.55183e-05	1.28526e-05	
OG0015840	0.000214477	0.000127587	1.67098e-05	
OG0015842	1.24431e-06	1.55687e-05	1.48298e-05	
OG0015843	1.52638e-05	1.38006e-05	3.84726e-06	
OG0015844	1.52638e-05	1.38006e-05	3.84726e-06	
OG0015845	1.51708e-05	1.34816e-05	3.81677e-06	
OG0015846	0.0028208	0.000836427	3.7753e-05	
OG0015847	0.00299354	0.00123604	9.80644e-05	
OG0015848	1.52638e-05	1.38006e-05	3.84726e-06	
OG0015849	0.000214477	0.000127587	1.67098e-05	
OG0015850	9.81801e-09	9.53886e-08	2.19552e-07	
OG0015851	1.91513e-05	3.16232e-05	1.14234e-05	
OG0015853	4.26801e-05	0.000157923	9.26738e-05	
OG0015854	2.87142e-06	1.14636e-05	8.35225e-06	
OG0015855	3.71821e-09	2.849e-08	4.43159e-08	
OG0015856	1.91513e-05	3.16232e-05	1.14234e-05	
OG0015857	1.52638e-05	1.38006e-05	3.84726e-06	
OG0015859	1.91513e-05	3.16232e-05	1.14234e-05	
OG0015860	0.000200411	8.98834e-05	8.58602e-06	
OG0015861	1.50533e-06	4.06842e-06	2.38982e-06	
OG0015863	1.06954e-06	1.40572e-06	8.45837e-07	
OG0015864	0.000214477	0.000127587	1.67098e-05	
OG0015865	0.00025154	0.000206728	2.57059e-05	
OG0015866	0.000199984	8.96413e-05	8.88951e-06	
OG0015867	8.19001e-17	4.95415e-13	1.35689e-10	
OG0015868	0.000227611	0.000188542	4.34103e-05	
OG0015869	0.000203456	0.000101481	1.25848e-05	
OG0015871	1.91513e-05	3.16232e-05	1.14234e-05	
OG0015872	0.00025154	0.000206728	2.57059e-05	
OG0015873	0.000163029	0.000370475	6.52851e-05	
OG0015874	0.00299354	0.00123604	9.80644e-05	
OG0015875	1.76651e-05	2.11434e-05	5.54224e-06	
OG0015876	0.000199984	8.96413e-05	8.88951e-06	
OG0015877	2.44279e-05	5.55183e-05	1.28526e-05	
OG0015878	1.06954e-06	1.40572e-06	8.45837e-07	
OG0015879	0.000214477	0.000127587	1.67098e-05	
OG0015881	0.00299354	0.00123604	9.80644e-05	
OG0015882	1.55008e-05	1.51492e-05	4.77977e-06	
OG0015883	0.00299354	0.00123604	9.80644e-05	
OG0015884	0.000215988	0.000145818	2.76988e-05	
OG0015885	9.90785e-08	3.7161e-06	5.2836e-06	
OG0015886	1.47916e-06	3.69633e-06	1.99096e-06	
OG0015887	1.1291e-06	1.09823e-05	7.26322e-06	
OG0015888	0.00299354	0.00123604	9.80644e-05	
OG0015889	0.000199984	8.96413e-05	8.88951e-06	
OG0015890	1.91513e-05	3.16232e-05	1.14234e-05	
OG0015891	0.000214477	0.000127587	1.67098e-05	
OG0015892	1.91513e-05	3.16232e-05	1.14234e-05	
OG0015893	1.06954e-06	1.40572e-06	8.45837e-07	
OG0015894	1.60479e-05	1.96414e-05	9.86653e-06	
OG0015895	6.87542e-08	8.73959e-08	6.72914e-08	
OG0015896	0.000199984	8.96413e-05	8.88951e-06	
OG0015897	2.87142e-06	1.14636e-05	8.35225e-06	
OG0015898	0.0002267	0.000184977	4.28425e-05	
OG0015899	1.5377e-05	1.41848e-05	3.76512e-06	
OG0015900	1.36292e-06	2.40751e-06	1.13988e-06	
OG0015901	0.000200411	8.98834e-05	8.58602e-06	
OG0015902	1.41002e-05	9.34224e-06	2.02582e-06	
OG0015903	0.000199984	8.96413e-05	8.88951e-06	
OG0015904	1.14491e-05	3.78895e-05	1.40629e-05	
OG0015905	0.000214477	0.000127587	1.67098e-05	
OG0015906	3.74397e-05	7.43629e-05	1.84777e-05	
OG0015907	0.00299354	0.00123604	9.80644e-05	
OG0015908	0.000198864	8.71017e-05	8.56587e-06	
OG0015909	0.00299354	0.00123604	9.80644e-05	
OG0015910	1.41303e-05	9.36744e-06	1.95692e-06	
OG0015911	0.000199984	8.96413e-05	8.88951e-06	
OG0015912	0.000214477	0.000127587	1.67098e-05	
OG0015913	1.11186e-06	1.01755e-05	7.03128e-06	
OG0015914	0.000163029	0.000370475	6.52851e-05	
OG0015915	1.77348e-05	2.15351e-05	5.84104e-06	
OG0015916	6.26151e-07	2.70493e-05	1.98755e-05	
OG0015917	1.5122e-05	1.32938e-05	3.80326e-06	
OG0015918	1.4345e-05	1.05751e-05	2.86424e-06	
OG0015919	1.76651e-05	2.11434e-05	5.54224e-06	
OG0015920	0.000199984	8.96413e-05	8.88951e-06	
OG0015921	1.77348e-05	2.15351e-05	5.84104e-06	
OG0015922	1.94211e-05	2.40738e-05	4.44463e-06	
OG0015923	0.000227611	0.000188542	4.34103e-05	
OG0015924	0.000198864	8.71017e-05	8.56587e-06	
OG0015925	7.94408e-15	2.1343e-10	4.08053e-08	
OG0015926	1.54325e-07	9.95762e-07	9.43626e-07	
OG0015927	0.000211041	0.000128716	2.22502e-05	
OG0015928	0.000200411	8.98834e-05	8.58602e-06	
OG0015929	1.77348e-05	2.15351e-05	5.84104e-06	
OG0015930	1.5284e-05	1.3095e-05	3.29265e-06	
OG0015931	0.000200411	8.98834e-05	8.58602e-06	
OG0015932	1.01053e-06	1.03563e-06	4.51694e-07	
OG0015933	0.000200411	8.98834e-05	8.58602e-06	
OG0015934	1.91513e-05	3.16232e-05	1.14234e-05	
OG0015935	0.00299354	0.00123604	9.80644e-05	
OG0015936	1.41303e-05	9.36744e-06	1.95692e-06	
OG0015937	0.0028208	0.000836427	3.7753e-05	
OG0015938	0.000227611	0.000188542	4.34103e-05	
OG0015939	0.000200411	8.98834e-05	8.58602e-06	
OG0015940	0.000199984	8.96413e-05	8.88951e-06	
OG0015941	0.000227611	0.000188542	4.34103e-05	
OG0015942	1.40444e-05	9.16804e-06	1.91539e-06	
OG0015943	0.000214477	0.000127587	1.67098e-05	
OG0015944	1.77348e-05	2.15351e-05	5.84104e-06	
OG0015945	0.00025154	0.000206728	2.57059e-05	
OG0015946	0.000200411	8.98834e-05	8.58602e-06	
OG0015947	5.33203e-09	1.48456e-08	3.27096e-08	
OG0015948	1.5122e-05	1.32938e-05	3.80326e-06	
OG0015949	0.000227611	0.000188542	4.34103e-05	
OG0015950	0.000227611	0.000188542	4.34103e-05	
OG0015951	4.76446e-12	2.91688e-09	1.16672e-07	
OG0015952	6.10711e-07	3.4789e-06	5.67871e-06	
OG0015953	8.56809e-10	4.98951e-09	9.75456e-09	
OG0016257	5.41302e-08	6.81196e-07	6.13084e-07	
OG0016259	6.098e-09	5.46768e-07	1.75347e-06	
OG0016261	6.09553e-09	2.20315e-08	4.4383e-08	
OG0016262	1.54953e-05	1.55696e-05	5.61776e-06	
OG0016264	1.53374e-07	9.29175e-07	1.10952e-06	
OG0016265	6.31812e-07	8.56443e-06	1.96024e-05	
OG0016266	6.348e-08	5.2601e-08	2.0195e-08	
OG0016268	1.40444e-05	9.16804e-06	1.91539e-06	
OG0016269	1.4345e-05	1.05751e-05	2.86424e-06	
OG0016270	3.78967e-12	9.60822e-09	3.39313e-07	
OG0016271	0.000203456	0.000101481	1.25848e-05	
OG0016272	1.88484e-06	6.32453e-06	2.65779e-06	
OG0016273	0.000227611	0.000188542	4.34103e-05	
OG0016274	0.000198864	8.71017e-05	8.56587e-06	
OG0016275	2.30276e-05	3.59514e-05	9.25327e-06	
OG0016276	5.08413e-13	1.26416e-09	4.5369e-08	
OG0016278	1.28129e-05	5.79718e-05	2.96604e-05	
OG0016279	1.11186e-06	1.01755e-05	7.03128e-06	
OG0016281	0.000211041	0.000128716	2.22502e-05	
OG0016282	1.94087e-05	2.35501e-05	5.31573e-06	
OG0016285	1.77348e-05	2.15351e-05	5.84104e-06	
OG0016289	0.000163029	0.000370475	6.52851e-05	
OG0016290	2.87142e-06	1.14636e-05	8.35225e-06	
OG0016291	0.00025154	0.000206728	2.57059e-05	
OG0016293	0.00025154	0.000206728	2.57059e-05	
OG0016294	6.55448e-11	8.07198e-10	5.46076e-09	
OG0016295	9.75251e-07	8.39256e-07	2.96576e-07	
OG0016296	2.80801e-07	3.51372e-06	6.85218e-06	
OG0016297	1.58323e-05	9.94936e-05	3.26416e-05	
OG0016299	0.00025154	0.000206728	2.57059e-05	
OG0016300	2.92093e-06	1.29762e-05	1.18441e-05	
OG0016301	0.000227611	0.000188542	4.34103e-05	
OG0016302	1.86209e-06	5.56451e-06	4.31727e-06	
OG0016303	0.000199984	8.96413e-05	8.88951e-06	
OG0016304	7.34798e-08	1.23137e-07	1.11524e-07	
OG0016305	9.20083e-09	6.16437e-08	1.02011e-07	
OG0016306	1.61707e-06	3.67586e-06	1.98842e-06	
OG0016307	1.33155e-18	3.04475e-15	8.8633e-13	
OG0016308	0.000199984	8.96413e-05	8.88951e-06	
OG0016309	0.000214477	0.000127587	1.67098e-05	
OG0016310	1.52313e-05	1.37637e-05	3.98203e-06	
OG0016311	0.000203456	0.000101481	1.25848e-05	
OG0016312	1.52313e-05	1.37637e-05	3.98203e-06	
OG0016313	4.96431e-08	6.18399e-07	1.40603e-06	
OG0016314	1.77348e-05	2.15351e-05	5.84104e-06	
OG0016315	0.000199984	8.96413e-05	8.88951e-06	
OG0016316	5.60954e-10	1.83014e-08	9.15541e-08	
OG0016317	1.91513e-05	3.16232e-05	1.14234e-05	
OG0016318	0.000199984	8.96413e-05	8.88951e-06	
OG0016319	1.16266e-05	4.08938e-05	1.45268e-05	
OG0016320	2.30276e-05	3.59514e-05	9.25327e-06	
OG0016321	1.91513e-05	3.16232e-05	1.14234e-05	
OG0016322	0.000199984	8.96413e-05	8.88951e-06	
OG0016323	1.40444e-05	9.16804e-06	1.91539e-06	
OG0016324	1.77348e-05	2.15351e-05	5.84104e-06	
OG0016325	0.000199984	8.96413e-05	8.88951e-06	
OG0016326	0.000199984	8.96413e-05	8.88951e-06	
OG0016327	1.48994e-19	1.11779e-12	4.76942e-09	
OG0016328	1.50486e-05	1.23527e-05	2.74255e-06	
OG0016329	7.25485e-08	1.13946e-07	1.08122e-07	
OG0016330	3.62384e-10	1.25683e-09	5.13668e-09	
OG0016602	1.99724e-07	1.09441e-06	1.29818e-06	
OG0016605	1.81951e-08	3.11351e-07	1.24712e-06	
OG0016607	0.000163029	0.000370475	6.52851e-05	
OG0016608	2.48877e-06	2.27062e-05	1.5554e-05	
OG0016609	3.04573e-06	1.68826e-05	2.14687e-05	
OG0016610	1.3119e-07	5.03767e-07	6.28113e-07	
OG0016611	1.5284e-05	1.3095e-05	3.29265e-06	
OG0016612	0.000163029	0.000370475	6.52851e-05	
OG0016613	1.4304e-10	1.27717e-07	1.77929e-06	
OG0016614	1.89294e-06	5.05463e-06	3.11489e-06	
OG0016615	1.10224e-06	1.48385e-06	8.90723e-07	
OG0016616	7.44132e-08	4.24413e-07	5.37023e-07	
OG0016619	0.000199984	8.96413e-05	8.88951e-06	
OG0016620	0.000199984	8.96413e-05	8.88951e-06	
OG0016624	1.50412e-09	4.71705e-08	3.11107e-07	
OG0016625	2.30276e-05	3.59514e-05	9.25327e-06	
OG0016627	1.5918e-09	1.89858e-07	8.54071e-07	
OG0016628	1.94087e-05	2.35501e-05	5.31573e-06	
OG0016629	0.000163029	0.000370475	6.52851e-05	
OG0016630	1.55008e-05	1.51492e-05	4.77977e-06	
OG0016631	1.52313e-05	1.37637e-05	3.98203e-06	
OG0016632	0.000199984	8.96413e-05	8.88951e-06	
OG0016633	1.39303e-06	2.5726e-06	1.34976e-06	
OG0016634	1.11714e-06	1.74156e-06	1.41911e-06	
OG0016635	0.000199984	8.96413e-05	8.88951e-06	
OG0016636	1.35282e-07	6.90888e-07	6.74863e-07	
OG0016637	1.10082e-06	1.55735e-06	1.01705e-06	
OG0016638	1.28129e-05	5.79718e-05	2.96604e-05	
OG0016639	1.39303e-06	2.5726e-06	1.34976e-06	
OG0016640	1.52313e-05	1.37637e-05	3.98203e-06	
OG0016641	3.74947e-09	2.88187e-07	1.93671e-06	
OG0016642	7.58297e-08	1.41199e-07	1.66242e-07	
OG0016643	9.34865e-08	3.08157e-07	4.36782e-07	
OG0016644	2.30276e-05	3.59514e-05	9.25327e-06	
OG0016645	0.000163029	0.000370475	6.52851e-05	
OG0016646	1.91513e-05	3.16232e-05	1.14234e-05	
OG0016647	0.000199984	8.96413e-05	8.88951e-06	
OG0016648	2.87142e-06	1.14636e-05	8.35225e-06	
OG0016649	1.94087e-05	2.35501e-05	5.31573e-06	
OG0016651	0.000199984	8.96413e-05	8.88951e-06	
OG0016652	0.000163029	0.000370475	6.52851e-05	
OG0016653	3.04573e-06	1.68826e-05	2.14687e-05	
OG0016654	1.02825e-07	3.36207e-07	3.63034e-07	
OG0016655	2.30276e-05	3.59514e-05	9.25327e-06	
OG0016656	1.30298e-06	7.97887e-06	9.05224e-06	
OG0016657	1.41002e-05	9.34224e-06	2.02582e-06	
OG0016658	9.08658e-10	6.84963e-09	1.93523e-08	
OG0016922	6.03995e-07	3.18075e-06	4.2351e-06	
OG0016923	1.28828e-09	3.34061e-08	3.00497e-07	
OG0016924	1.09853e-06	1.5535e-06	1.04766e-06	
OG0016925	5.60742e-12	2.93143e-08	1.12121e-06	
OG0016929	1.64816e-06	3.86401e-06	2.24315e-06	
OG0016930	1.28129e-05	5.79718e-05	2.96604e-05	
OG0016931	6.19714e-07	3.93925e-06	8.39595e-06	
OG0016932	1.37489e-06	3.41331e-06	2.73741e-06	
OG0016933	1.10224e-06	1.48385e-06	8.90723e-07	
OG0016934	0.000163029	0.000370475	6.52851e-05	
OG0016935	3.02968e-09	9.73938e-08	4.44926e-07	
OG0016936	1.47292e-09	4.75569e-07	3.52292e-06	
OG0016937	1.85862e-09	1.11582e-06	1.03809e-05	
OG0016940	1.41002e-05	9.34224e-06	2.02582e-06	
OG0016941	1.47556e-09	6.65138e-07	3.18415e-06	
OG0016950	1.39303e-06	2.5726e-06	1.34976e-06	
OG0016951	8.64731e-07	5.31213e-06	4.53305e-06	
OG0016954	1.28129e-05	5.79718e-05	2.96604e-05	
OG0016955	1.15181e-05	3.86996e-05	1.49562e-05	
OG0016957	1.2314e-16	4.90118e-12	2.45728e-09	
OG0016959	1.25854e-07	5.08533e-06	1.17155e-05	
OG0016961	3.36332e-06	1.84984e-05	1.27211e-05	
OG0016964	2.49112e-07	9.36937e-06	1.71458e-05	
OG0016965	8.09105e-10	5.77056e-08	7.18562e-07	
OG0016966	1.28129e-05	5.79718e-05	2.96604e-05	
OG0016967	1.39303e-06	2.5726e-06	1.34976e-06	
OG0016968	1.50514e-07	6.97069e-07	9.99286e-07	
OG0016969	1.38824e-15	6.06861e-13	5.00271e-11	
OG0016971	1.15181e-05	3.86996e-05	1.49562e-05	
OG0016972	2.56516e-06	3.48879e-05	3.42926e-05	
OG0016973	3.04307e-15	2.39454e-12	2.0548e-10	
OG0016974	9.59204e-05	0.000265653	6.89875e-05	
OG0016975	1.15181e-05	3.86996e-05	1.49562e-05	
OG0016976	2.30276e-05	3.59514e-05	9.25327e-06	
OG0016977	1.57933e-06	3.45989e-06	2.2191e-06	
OG0016978	1.94087e-05	2.35501e-05	5.31573e-06	
OG0016979	0.000163029	0.000370475	6.52851e-05	
OG0017285	1.25681e-12	7.80706e-09	4.98347e-07	
OG0017286	2.67906e-06	8.08976e-06	4.49499e-06	
OG0017287	9.24604e-12	1.11363e-08	3.81042e-07	
OG0017288	1.44e-09	1.3779e-07	9.57861e-07	
OG0017289	1.28129e-05	5.79718e-05	2.96604e-05	
OG0017290	0.000104874	0.000513156	0.000624892	
OG0017291	3.49687e-09	4.51534e-07	3.89724e-06	
OG0017294	9.29692e-08	1.70505e-06	4.27747e-06	
OG0017295	2.56275e-05	8.45491e-05	3.11089e-05	
OG0017296	1.82633e-13	3.01336e-09	3.79868e-07	
OG0017297	6.73454e-06	2.71523e-05	1.47753e-05	
OG0017298	9.59204e-05	0.000265653	6.89875e-05	
OG0017300	6.59006e-07	4.0474e-06	4.94901e-06	
OG0017302	1.63806e-06	2.45807e-05	3.12925e-05	
OG0017303	8.09105e-10	5.77056e-08	7.18562e-07	
OG0017313	6.73454e-06	2.71523e-05	1.47753e-05	
OG0017314	2.61045e-08	1.09006e-05	5.21446e-05	
OG0017315	3.48161e-10	9.45523e-10	2.52397e-09	
OG0017317	5.79813e-10	1.95884e-06	4.20132e-05	
OG0017322	6.50569e-06	3.1872e-05	3.89603e-05	
OG0017326	6.92407e-08	2.56563e-06	6.91847e-06	
OG0017327	9.59204e-05	0.000265653	6.89875e-05	
OG0017330	9.59204e-05	0.000265653	6.89875e-05	
OG0017331	6.59006e-07	4.0474e-06	4.94901e-06	
OG0017336	1.24579e-10	1.04258e-07	1.86337e-06	
OG0017337	1.1111e-08	6.03181e-06	7.76417e-05	
OG0017340	6.03564e-07	3.17747e-06	4.3014e-06	
OG0017342	6.73454e-06	2.71523e-05	1.47753e-05	
OG0017753	9.59204e-05	0.000265653	6.89875e-05	
OG0017754	4.28636e-09	2.18921e-07	1.08556e-06	
OG0017756	2.27628e-08	2.13905e-06	1.17887e-05	
OG0017759	1.36284e-06	1.7227e-05	2.14222e-05	
OG0017760	1.43468e-06	2.7694e-05	4.41416e-05	
OG0017761	2.2428e-05	0.00018581	0.000112308	
OG0017762	8.68229e-10	6.05341e-07	9.16852e-06	
OG0017763	0.000230946	0.000691883	0.000224621	
OG0017764	2.17404e-08	2.18161e-06	1.5127e-05	
OG0017765	9.59204e-05	0.000265653	6.89875e-05	
OG0017766	9.59204e-05	0.000265653	6.89875e-05	
OG0017767	3.2962e-07	3.21223e-05	0.000180603	
OG0017768	0.000230946	0.000691883	0.000224621	
OG0017769	1.01916e-05	0.000138471	0.000316559	
OG0017771	2.2428e-05	0.00018581	0.000112308	
OG0017772	0.000107824	0.000571419	0.000722466	
OG0017779	4.72782e-07	3.4201e-05	8.30732e-05	
OG0017781	9.59204e-05	0.000265653	6.89875e-05	
OG0017784	1.40335e-05	6.41467e-05	4.28455e-05	
OG0017795	7.01376e-06	3.45252e-05	4.16478e-05	
OG0017796	6.62783e-07	1.04953e-05	2.65712e-05	
OG0017799	8.21677e-12	6.7485e-10	1.84119e-08	
OG0017809	1.61906e-05	7.04952e-05	4.72118e-05	
OG0017821	1.12549e-06	6.72439e-06	8.49222e-06	
OG0017825	9.59204e-05	0.000265653	6.89875e-05	
OG0017828	2.2428e-05	0.00018581	0.000112308	
OG0017830	6.95523e-07	7.95083e-06	8.98659e-06	
OG0017831	9.59204e-05	0.000265653	6.89875e-05	
OG0017832	9.59204e-05	0.000265653	6.89875e-05	
OG0017833	0.000104864	0.000512602	0.000621213	
OG0017834	6.50592e-06	3.18906e-05	3.92059e-05	
OG0018351	9.53765e-08	3.22292e-06	9.89985e-06	
OG0018352	5.93161e-09	3.37166e-07	2.65862e-06	
OG0018355	0.000230946	0.000691883	0.000224621	
OG0018356	1.17296e-09	2.13239e-08	1.30588e-07	
OG0018363	5.76039e-10	9.05481e-08	1.32927e-06	
OG0018364	1.1128e-09	1.64735e-08	8.28532e-08	
OG0018365	6.50566e-06	3.18717e-05	3.89791e-05	
OG0018366	1.22798e-05	0.000130842	0.000149015	
OG0018367	7.16197e-06	2.96058e-05	1.79737e-05	
OG0018369	0.000104874	0.000513156	0.000624892	
OG0018370	0.000230946	0.000691883	0.000224621	
OG0018371	7.06929e-06	3.51746e-05	4.33486e-05	
OG0018372	2.23024e-09	1.44062e-07	1.24066e-06	
OG0018373	0.000104874	0.000513156	0.000624892	
OG0018374	0.000126448	0.000487206	0.000298038	
OG0018375	0.000230946	0.000691883	0.000224621	
OG0018376	1.22798e-05	0.000130842	0.000149015	
OG0018377	0.000104874	0.000513156	0.000624892	
OG0018384	1.22798e-05	0.000130842	0.000149015	
OG0018390	6.50983e-06	3.20134e-05	3.94192e-05	
OG0018399	0.000230946	0.000691883	0.000224621	
OG0018409	0.000107824	0.000571419	0.000722466	
OG0018436	7.16197e-06	2.96058e-05	1.79737e-05	
OG0018444	1.22798e-05	0.000130842	0.000149015	
OG0018445	0.000230946	0.000691883	0.000224621	
OG0018450	0.000104874	0.000513156	0.000624892	
OG0018452	7.16197e-06	2.96058e-05	1.79737e-05	
OG0018454	0.000230946	0.000691883	0.000224621	
OG0018457	0.000230946	0.000691883	0.000224621	
OG0018458	0.000230946	0.000691883	0.000224621	
OG0018459	0.000104864	0.000512622	0.000621454	
OG0018461	2.09179e-09	5.83684e-07	7.03194e-06	
OG0018464	0.000230946	0.000691883	0.000224621	
OG0018465	7.06929e-06	3.51746e-05	4.33486e-05	
OG0018467	3.15075e-08	3.94972e-07	1.23128e-06	
OG0019358	5.93161e-09	3.37166e-07	2.65862e-06	
OG0019359	2.27382e-05	0.000103421	8.84405e-05	
OG0019366	1.01916e-05	0.000138471	0.000316559	
OG0019370	7.75777e-06	5.518e-05	7.16873e-05	
OG0019373	1.04711e-05	0.000153458	0.000361223	
OG0019377	1.09953e-05	0.000149729	0.000336156	
OG0019380	7.75777e-06	5.518e-05	7.16873e-05	
OG0019382	1.04711e-05	0.000153458	0.000361223	
OG0019384	1.09953e-05	0.000149729	0.000336156	
OG0019385	0.000104945	0.000515612	0.000633136	
OG0019386	1.01916e-05	0.000138471	0.000316559	
OG0019387	2.23866e-07	8.12345e-06	3.02549e-05	
OG0019390	0.000126448	0.000487206	0.000298038	
OG0019391	0.000126448	0.000487206	0.000298038	
OG0019392	5.85643e-07	4.43692e-06	9.84627e-06	
OG0019393	1.04711e-05	0.000153458	0.000361223	
OG0019394	0.000126448	0.000487206	0.000298038	
OG0019395	5.85643e-07	4.43692e-06	9.84627e-06	
OG0019396	0.000126448	0.000487206	0.000298038	
OG0019397	2.27382e-05	0.000103421	8.84405e-05	
OG0019398	7.44608e-06	3.80513e-05	4.71585e-05	
OG0019399	0.000107824	0.000571419	0.000722466	
OG0019400	2.27382e-05	0.000103421	8.84405e-05	
OG0019409	1.04711e-05	0.000153458	0.000361223	
OG0019420	1.04711e-05	0.000153458	0.000361223	
OG0019444	7.44608e-06	3.80513e-05	4.71585e-05	
OG0019451	2.27382e-05	0.000103421	8.84405e-05	
OG0019476	5.85643e-07	4.43692e-06	9.84627e-06	
OG0019479	5.85643e-07	4.43692e-06	9.84627e-06	
OG0019485	2.23866e-07	8.12345e-06	3.02549e-05	
OG0019490	5.85643e-07	4.43692e-06	9.84627e-06	
OG0019496	7.44608e-06	3.80513e-05	4.71585e-05	
OG0019527	0.000104864	0.000512602	0.000621213	
OG0019532	0.000126448	0.000487206	0.000298038	
OG0019533	2.23866e-07	8.12345e-06	3.02549e-05	
OG0019536	0.000126448	0.000487206	0.000298038	
OG0019537	0.000126448	0.000487206	0.000298038	
OG0019539	0.000126448	0.000487206	0.000298038	
OG0021271	0.000113221	0.000557531	0.000672331	
OG0021277	0.000107824	0.000571419	0.000722466	
OG0021279	0.000104945	0.000515612	0.000633136	
OG0021280	0.000107824	0.000571419	0.000722466	
OG0021285	0.000107824	0.000571419	0.000722466	
OG0021287	0.000107824	0.000571419	0.000722466	
OG0021288	0.000113221	0.000557531	0.000672331	
OG0021294	0.000104945	0.000515612	0.000633136	
OG0021295	0.000113221	0.000557531	0.000672331	
OG0021298	0.000104945	0.000515612	0.000633136	
OG0021299	0.000113221	0.000557531	0.000672331	
OG0021301	0.000107824	0.000571419	0.000722466	
OG0021302	0.000107824	0.000571419	0.000722466	
OG0021304	0.000107824	0.000571419	0.000722466	
OG0021305	0.000113221	0.000557531	0.000672331	
OG0021306	0.000104945	0.000515612	0.000633136	
OG0021307	0.000113221	0.000557531	0.000672331	
OG0021308	0.000113221	0.000557531	0.000672331	
OG0021309	0.000107824	0.000571419	0.000722466	
OG0021311	0.000107824	0.000571419	0.000722466	
OG0021312	0.000107824	0.000571419	0.000722466	
OG0021313	0.000107824	0.000571419	0.000722466	
OG0021340	0.000107824	0.000571419	0.000722466	
OG0021394	0.000113221	0.000557531	0.000672331	
OG0021451	0.000107824	0.000571419	0.000722466	
OG0021469	0.000107824	0.000571419	0.000722466	
OG0021505	0.000113221	0.000557531	0.000672331	
OG0021510	0.000107824	0.000571419	0.000722466	
OG0021521	0.000113221	0.000557531	0.000672331	
OG0021563	0.000113221	0.000557531	0.000672331	
OG0021728	0.000113221	0.000557531	0.000672331	
OG0021755	0.000113221	0.000557531	0.000672331	
OG0021762	0.000113221	0.000557531	0.000672331	
OG0021794	0.000107824	0.000571419	0.000722466	
OG0021809	0.000107824	0.000571419	0.000722466	
OG0021815	0.000107824	0.000571419	0.000722466	
OG0021823	0.000104945	0.000515612	0.000633136	
