FamilyID	Arabidopsis_thaliana<1>	Zea_mays<2>	Sorghum_bicolor<3>	Oryza_sativa<4>	Brachypodium_distachyon<5>	Avena_sativa<6>	Hordeum_vulgare<7>	Triticum_aestivum<8>	Triticum_turgidum<9>	<10>	<11>	<12>	<13>	<14>	<15>	<16>	<17>
OG0000024	0.426528	0.272914	0.000207676	0.0352628	1.2401e-05	0.680753	5.92675e-05	0.661102	0.0100196	N/A	1.0177e-08	0.123994	0.212321	0.00389406	0.764263	0.850528	0.398781
OG0000027	0.000147664	0.624726	0.000994777	0.732178	0.00131441	0.872722	1.6365e-33	0.648234	0.228813	N/A	3.08671e-06	0.0185985	0.742822	0.356099	0.0562011	0.00794442	0.0308847
OG0000032	0.00673586	0.224497	0.000469996	0.905946	2.04257e-06	0.0324559	0.791561	7.05578e-05	0.0087168	N/A	9.81003e-06	0.234984	0.736061	0.344299	0.000435039	0.100173	0.735763
OG0000035	0.900432	0.244725	1.6796e-05	0.91299	0.238531	0.185821	0.000820012	0.0908164	0.643756	N/A	3.56899e-09	0.53358	0.755339	0.128768	0.73948	0.553154	0.161704
OG0000036	4.12348e-06	0.858466	0.143727	0.0139526	0.00344993	0.00708962	0.781648	0.643756	0.643756	N/A	0.000119315	0.00284	0.721418	0.319079	1.7686e-05	0.325221	0.725218
OG0000038	0.88845	0.328843	0.547536	0.0878738	0.0205252	0.865802	0.454979	0.0021362	0.669231	N/A	5.91156e-08	0.678141	0.171771	0.344299	0.157044	0.0353546	2.36979e-06
OG0000044	0.666893	2.48524e-07	0.677962	0.896816	1.22494e-11	0.000322949	1.05233e-07	4.42799e-39	1.3673e-11	N/A	0.00145874	0.000820486	1.42081e-07	4.01089e-10	0.759707	0.0025364	0.766974
OG0000046	0.129298	2.76539e-08	2.12935e-09	0.0799003	4.10863e-08	0.00526605	0.764616	0.634501	0.634501	N/A	5.91156e-08	0.887907	0.728934	0.831477	0.0041676	0.818186	0.14894
OG0000050	0.324545	2.82638e-05	0.199999	0.0974709	0.64154	0.141654	0.000407459	0.0980592	0.652616	N/A	0.000132072	0.0407033	0.00245261	0.0311807	0.142686	0.806862	3.06239e-08
OG0000051	0.703171	9.65341e-09	0.00698429	6.63745e-05	0.440056	0.000210601	0.0354227	0.652616	0.652616	N/A	2.15768e-06	0.668835	0.163232	0.831477	0.701849	0.271988	3.06239e-08
OG0000055	0.614525	0.00071883	0.0312902	0.515014	0.819319	0.52786	0.791561	0.67702	0.00253577	N/A	0.0372873	0.455847	0.604175	0.000247855	0.000849734	1.49702e-13	3.63063e-06
OG0000056	1.17611e-16	0.0120803	0.677962	0.000945865	0.0254808	0.0949685	0.34673	0.619836	6.29701e-07	N/A	0.247628	0.00364798	0.00111642	0.785134	0.0223427	0.222484	0.000104783
OG0000063	0.25291	0.720859	0.720859	0.45701	0.594287	0.00204003	0.000267472	0.634501	1.2615e-06	N/A	0.000708165	0.181982	0.00111642	0.11262	0.0291145	0.248054	8.35728e-06
OG0000067	0.25291	0.00149421	0.0658811	0.225301	0.00925758	0.123143	0.37502	0.624832	2.63222e-05	N/A	3.78998e-06	0.865004	0.127673	0.276782	0.0326971	0.793653	0.00271165
OG0000069	6.17793e-05	0.738439	0.375438	0.240877	0.0014998	0.0682533	0.00273465	0.604164	0.604164	N/A	0.0602232	0.033902	0.000105767	0.0311807	0.701849	0.132682	0.673606
OG0000070	0.530024	0.449309	0.106276	0.638667	0.852653	0.544026	0.764616	0.634501	0.000918606	N/A	0.00308932	0.850922	0.666574	0.0156736	0.670561	1.28745e-06	0.14894
OG0000071	0.88845	0.427102	0.218761	0.638667	0.858596	0.015944	0.0322918	0.624832	0.624832	N/A	0.00145874	0.842099	0.0996103	0.00190509	0.00258103	0.800518	0.037013
OG0000074	0.530024	0.790581	0.790581	0.0576834	0.562794	0.828787	1.23333e-16	0.624832	0.624832	N/A	0.00308932	0.375167	0.666574	0.228494	0.0223427	1.50004e-05	0.70148
OG0000075	0.25291	0.504736	0.285974	0.225301	0.0356491	0.835826	0.0262964	0.083508	0.634501	N/A	9.84414e-07	0.870715	0.69627	0.803785	0.112886	0.235478	2.70506e-07
OG0000077	0.88845	0.00572155	0.767619	0.225301	0.863889	0.0616236	0.000267472	0.619836	0.0724294	N/A	0.00044565	0.589191	0.00193918	0.0689121	0.127962	0.793653	0.0336765
OG0000080	0.25291	5.51303e-07	0.0800996	0.638667	0.858596	0.123143	0.388141	0.0761371	0.624832	N/A	0.000197556	0.569705	0.0996103	0.00190509	0.0326971	0.260221	0.037013
OG0000082	1.03089e-05	0.00572155	0.767619	0.192045	0.195931	0.828787	0.00934836	0.614727	0.0687074	N/A	0.0602232	0.589191	0.109089	0.785134	0.0223427	0.00170585	0.688111
OG0000083	0.614525	0.119332	0.790581	0.000174602	0.0254808	0.113777	0.744463	0.0761371	0.624832	N/A	0.000197556	0.112516	0.655499	0.0875668	6.82251e-05	0.114109	0.037013
OG0000092	0.00057494	0.720859	0.720859	0.1154	0.195931	0.308496	0.711442	0.614727	1.76234e-05	N/A	0.102646	0.0275097	0.0232496	0.785134	0.0974764	0.209066	8.12125e-05
OG0000094	3.29653e-11	0.0582265	0.119332	1.06776e-05	0.562794	0.000247786	0.171559	0.604164	0.604164	N/A	0.0193588	0.858471	0.677035	0.785134	0.652625	0.0010198	0.673606
OG0000096	0.25291	8.1837e-07	0.00023711	0.211716	0.178504	0.104374	0.37502	0.62972	0.62972	N/A	0.00246539	0.819172	0.631338	0.00722574	4.93831e-05	0.104673	0.000165714
OG0000099	0.0350331	0.00738495	2.8699e-08	0.261358	0.178504	0.828787	0.180994	0.000445739	0.000147194	N/A	0.0431972	0.352799	0.655499	0.210964	0.00110881	0.0145208	0.681007
OG0000102	1.51313e-12	3.91423e-14	0.0931658	5.57718e-07	0.838279	0.0310811	2.36158e-11	0.000163677	0.581566	N/A	0.0602232	0.589191	0.109089	0.785134	0.652625	0.749277	0.640722
OG0000105	0.00191328	0.427102	0.218761	0.621116	0.178504	0.0426201	0.711442	0.000311913	0.598703	N/A	0.0431972	0.842099	0.655499	0.210964	0.00110881	0.769335	0.10197
OG0000106	0.25291	0.00112113	0.253895	0.492276	0.863889	0.842135	0.180994	0.0105977	0.000147194	N/A	1.43982e-05	0.858471	0.0317625	0.0689121	0.686916	0.248054	0.681007
OG0000121	0.00202015	0.00372692	0.800244	0.865502	0.0025286	6.30696e-12	2.56065e-15	0.00391994	0.569479	N/A	0.102646	0.0542261	0.655499	0.761912	0.632927	0.353893	0.06647
OG0000128	0.305208	0.000622573	0.808909	0.283622	0.544251	0.820893	0.000295084	0.587407	0.132972	N/A	0.0128199	0.0647126	0.666574	0.774177	0.0191815	0.759748	0.649467
OG0000129	0.88845	0.285974	0.285974	0.621116	0.160434	0.00049593	9.20714e-19	0.0612227	0.604164	N/A	0.00145874	0.0112743	0.655499	0.761912	0.0817574	0.737821	1.15237e-06
OG0000130	0.666893	0.00206668	0.720859	0.846402	0.141787	0.308496	0.00812644	0.0105977	0.167415	N/A	0.068077	0.804017	0.0705011	0.173683	2.33664e-05	0.00133442	0.681007
OG0000136	0.305208	0.218761	0.427102	0.865502	0.00349132	0.0949685	2.74778e-11	1.7692e-06	0.593119	N/A	0.0431972	0.842099	0.655499	0.210964	0.00110881	0.222484	0.256824
OG0000137	0.88845	0.800244	0.800244	0.654029	0.838279	1.46423e-13	0.751569	0.0761371	0.624832	N/A	0.000132072	0.395704	0.677035	0.785134	0.652625	5.66329e-07	0.135877
OG0000138	0.477231	2.31514e-09	0.00572155	0.0113892	1.53633e-42	0.000247786	3.0103e-23	0.065727	0.54359	N/A	0.00145874	0.842099	0.655499	0.0125145	0.250083	0.749277	8.13013e-09
OG0000142	0.530024	0.0800996	0.753927	0.00156111	0.82949	0.820893	0.720455	0.00841951	0.15053	N/A	0.0281865	0.831666	0.643769	0.0751202	0.0191815	0.0857692	0.665892
OG0000144	0.703171	0.504736	0.0046832	0.878931	0.000706052	0.811997	0.0156056	0.593119	0.593119	N/A	0.0013826	0.141988	0.677035	0.785134	0.652625	0.749277	0.0185171
OG0000145	0.0350331	1.2678e-12	1.69686e-06	0.237416	0.119381	0.820893	0.00151637	0.598703	0.598703	N/A	0.0807693	0.831666	0.643769	0.000980164	0.661801	0.759748	0.0213131
OG0000146	0.526493	0.00033682	0.65174	0.118213	0.819319	0.790444	0.0132576	0.62972	0.0798301	N/A	0.00393539	0.0537086	0.00921512	0.062878	0.632927	0.166232	4.00709e-14
OG0000147	0.526493	0.18413	0.621591	1.49305e-11	0.000143913	0.835826	4.93053e-25	1.22943e-35	0.0117596	N/A	0.0010289	0.0015271	7.22595e-07	0.245295	0.0256586	0.00213713	0.30447
OG0000148	0.0350331	0.753927	0.753927	0.389042	0.160434	0.0257862	0.0132576	7.18074e-08	0.581566	N/A	0.0807693	0.831666	0.643769	0.192694	0.0817574	0.737821	0.0808405
OG0000149	0.526493	0.0712625	0.00408936	0.0244268	0.119381	0.000126517	0.00151637	6.70983e-06	0.593119	N/A	0.217281	0.695486	0.556836	1.12777e-12	0.661801	0.759748	0.0949878
OG0000150	0.526493	0.231726	0.65174	0.361068	0.52338	0.80192	0.711442	0.624832	0.624832	N/A	0.00393539	0.0537086	0.00921512	0.062878	0.0817574	0.00811242	1.33511e-07
OG0000152	0.305208	0.800244	0.0658811	0.304317	0.107408	0.811997	9.20714e-19	0.00740719	0.593119	N/A	0.0060682	0.395704	0.677035	0.785134	0.652625	0.39553	0.000824753
OG0000153	0.756301	0.586825	0.001522	0.0102411	0.405807	0.32511	4.02454e-09	2.89311e-14	3.16669e-05	N/A	0.105536	0.64708	0.539044	1.01841e-05	3.17352e-12	1.28745e-06	0.707772
OG0000154	0.305208	0.700838	0.311624	0.389042	0.000204768	0.00640105	2.48109e-05	0.141838	0.593119	N/A	0.211837	0.159585	0.0803086	0.748139	2.33664e-05	0.209066	0.657852
OG0000156	0.25291	0.427102	0.0016081	0.0479178	0.107408	0.00208092	0.00699062	0.0612227	0.000122288	N/A	0.000197556	0.842099	0.655499	0.0875668	0.652625	0.0010198	0.673606
OG0000159	0.000108698	0.311624	0.00383251	0.155086	0.405807	0.744723	0.720455	2.05159e-07	0.598703	N/A	0.436566	0.785388	0.604175	0.695205	0.0495303	2.40987e-09	0.665892
OG0000165	0.526493	0.586825	0.586825	0.00901238	0.363793	1.16238e-10	0.241789	0.563226	1.96164e-05	N/A	0.00393539	0.00087038	3.37794e-08	0.245295	0.661801	0.000479526	0.612135
OG0000168	0.614525	0.677962	0.0120803	0.473385	0.472747	0.000942015	2.48109e-05	0.141838	0.593119	N/A	0.0891625	0.762185	0.589335	0.00209314	4.73456e-07	0.209066	0.657852
OG0000169	0.142299	0.677962	0.677962	0.0171575	0.000204768	0.290933	0.70186	0.000206509	0.132972	N/A	0.211837	0.016286	0.0803086	0.748139	0.000631239	0.195219	0.649467
OG0000170	0.526493	0.001522	0.00548055	0.0244268	4.49975e-33	0.00498856	1.49032e-117	2.81784e-07	0.0115823	N/A	0.217281	0.299082	0.556836	1.80779e-06	0.611265	0.0405795	1.04274e-11
OG0000174	0.25291	2.13636e-10	0.000107194	0.872749	0.0590086	0.00640105	1.86407e-06	0.575591	0.0423002	N/A	0.000197556	0.569705	0.0996103	0.100098	0.661801	0.0391902	0.631597
OG0000177	0.526493	3.3063e-05	0.677962	0.817115	0.441729	6.87819e-07	3.71995e-08	0.000255811	0.593119	N/A	0.0145773	0.762185	0.0506205	0.133481	0.00030725	0.725263	2.31021e-05
OG0000178	0.0654543	0.0172425	0.700838	0.00222284	0.107408	0.811997	6.38303e-68	4.86375e-06	0.54359	N/A	0.436566	0.785388	0.604175	2.54359e-06	0.652625	0.195219	3.36347e-10
OG0000182	0.25291	8.1837e-07	0.0293429	1.84019e-06	1.68947e-05	0.820893	0.70186	0.12393	0.581566	N/A	0.00246539	0.819172	0.631338	5.56238e-05	0.661801	0.759748	0.230336
OG0000183	0.25291	2.68608e-09	0.00804886	0.41411	0.838279	0.000693812	0.28058	0.0423002	0.114708	N/A	0.000708165	0.547389	0.0900144	0.0875668	0.652625	0.39553	0.631597
OG0000185	0.305208	0.218761	0.427102	0.0224914	0.0166403	0.00286119	0.669249	0.0384848	0.1053	N/A	0.0431972	0.842099	0.655499	0.761912	0.632927	0.725263	0.622075
OG0000192	0.25291	0.375438	0.738439	0.846402	0.0601319	6.24571e-08	3.12427e-05	0.575591	0.575591	N/A	0.00246539	0.819172	0.631338	0.732621	0.0107876	0.725263	0.0736815
OG0000196	5.25661e-09	0.00128946	0.042575	2.56849e-06	0.807448	0.103275	0.00902304	0.581566	0.581566	N/A	0.888168	0.785388	0.604175	0.00342182	0.622355	0.711474	0.00046715
OG0000198	0.871099	0.753927	0.0800996	0.548957	0.77689	2.28906e-09	0.691665	0.624832	0.0761371	N/A	0.00826516	0.0683628	0.618157	0.715085	0.599628	9.57612e-06	1.81579e-10
OG0000199	0.00670883	0.00128946	0.700838	0.118213	0.001143	0.00204321	0.00902304	0.000163677	0.581566	N/A	0.211837	0.159585	0.631338	0.732621	0.0657617	0.711474	0.00046715
OG0000202	0.88845	5.48536e-13	5.92242e-06	0.45701	0.107408	0.0144199	1.7596e-37	0.55683	1.38055e-07	N/A	0.00044565	0.850922	0.109089	0.785134	0.652625	0.195219	5.33326e-07
OG0000206	0.871099	1.21807e-43	9.90885e-06	0.83346	0.441729	0.385545	2.73582e-07	3.74547e-11	0.00391994	N/A	0.00826516	0.000574819	0.618157	0.715085	0.599628	0.00250369	0.622075
OG0000207	0.666893	0.738439	0.738439	0.846402	0.499732	0.272368	0.03856	0.581566	0.581566	N/A	0.0162647	0.819172	0.631338	0.173683	0.0133866	0.18094	0.640722
OG0000210	0.614525	0.700838	0.700838	0.155086	0.793476	0.777309	0.70186	0.00740719	0.593119	N/A	0.0372873	0.785388	0.604175	0.0396392	0.0657617	0.000378713	0.0949878
OG0000211	0.10917	0.00128946	0.700838	0.548957	0.325238	0.272368	0.00092697	0.587407	0.0499022	N/A	0.172694	0.491443	0.618157	0.000418318	0.643008	0.737821	0.0158608
OG0000212	0.756301	0.5	0.5	0.268992	0.000192674	0.00153195	0.000755947	4.05336e-06	3.71381e-07	N/A	0.697369	0.123702	0.0101619	4.06418e-12	0.643008	4.71002e-06	0.681007
OG0000214	0.530024	0.0931658	0.767619	0.865502	0.819319	0.0208744	0.669249	0.0384848	2.77244e-05	N/A	0.00792615	0.842099	0.655499	0.761912	0.632927	0.725263	0.622075
OG0000215	0.000490984	0.0293429	0.0672012	0.211716	0.499732	0.00204321	2.56065e-15	0.581566	0.581566	N/A	0.211837	0.819172	0.631338	0.173683	0.622355	0.711474	0.00046715
OG0000216	0.25291	0.402588	0.0107669	0.0299029	0.0428159	0.49033	0.00333577	0.581566	0.00192193	N/A	0.00246539	0.301766	0.631338	0.00722574	0.643008	0.18094	0.640722
OG0000219	1.86014e-09	0.270304	0.800244	0.00285503	3.41985e-07	7.99861e-12	0.656923	0.563226	2.20754e-09	N/A	0.0105614	0.865004	0.686921	0.477952	0.000476197	0.711474	0.612135
OG0000222	0.25291	0.0506	2.75111e-10	0.0125098	0.0483209	6.69687e-06	0.656923	0.593119	0.00740719	N/A	0.00246539	0.0347055	0.631338	0.365561	0.599628	0.0324589	4.71757e-07
OG0000223	0.88845	0.469493	3.92353e-06	0.237416	0.141787	0.118975	0.0284094	0.569479	0.00132614	N/A	0.00702906	0.0441679	0.643769	0.748139	0.0737918	0.725263	0.622075
OG0000224	0.40319	0.0693598	0.54662	0.0244268	0.838279	0.0949685	1.65814e-53	0.536738	2.48395e-06	N/A	0.832757	0.0147664	0.556836	2.0558e-11	0.0223427	0.769335	4.5543e-14
OG0000228	0.000204035	1.59686e-05	0.000764498	0.0299029	0.0717392	0.0488686	0.680812	0.00012696	3.77368e-05	N/A	0.211837	0.819172	0.631338	0.173683	0.622355	0.0491236	0.631597
OG0000229	1.05989e-12	0.00765457	0.00127647	0.041886	0.314564	0.137871	3.96557e-09	0.593119	0.593119	N/A	0.638483	0.732905	0.573577	0.646832	0.0331148	0.64076	1.16697e-14
OG0000231	0.614525	0.0120803	0.00235073	0.00934822	0.807448	0.790444	1.00272e-06	0.0499022	0.00225798	N/A	0.0891625	0.762185	0.589335	0.000134774	0.0737918	0.00638472	0.649467
OG0000234	0.203812	0.65174	0.231726	0.817115	0.256174	0.762198	0.669249	0.598703	0.598703	N/A	0.131043	0.0537086	0.604175	0.0396392	0.611265	0.0405795	7.51758e-07
OG0000235	0.526493	0.160055	0.720859	0.83346	0.472747	0.0671664	0.680812	0.0423002	0.114708	N/A	0.0010289	0.804017	0.618157	0.153938	0.000451236	0.737821	0.631597
OG0000237	0.756301	0.001522	0.586825	0.0102411	0.807448	0.016397	2.56065e-15	0.604164	0.000375126	N/A	0.105536	0.64708	0.539044	1.55396e-09	0.622355	0.711474	4.32863e-10
OG0000238	0.614525	0.311624	0.700838	0.0171575	0.807448	6.64416e-05	0.711442	0.00740719	0.593119	N/A	0.00826516	0.491443	0.0122725	0.748139	0.622355	2.65437e-05	0.657852
OG0000243	0.25291	5.29791e-08	0.218761	0.000376474	6.75389e-07	2.62241e-10	7.81337e-28	7.4123e-24	0.575591	N/A	5.38425e-05	0.589191	0.00193918	0.276782	0.277949	0.222484	3.18171e-05
OG0000245	0.0209871	0.0293429	0.00804886	0.211716	0.807448	0.016397	0.643773	0.0308288	0.0859113	N/A	0.211837	0.819172	0.631338	0.173683	0.622355	0.330508	0.601757
OG0000247	3.07535e-07	0.54662	0.54662	0.421377	0.757034	0.187227	0.00547959	0.593119	0.593119	N/A	0.859166	0.00235083	0.573577	0.0195201	0.0495303	0.679594	1.94728e-10
OG0000248	0.10917	0.160055	0.345267	0.515014	0.441729	0.762198	0.669249	0.0461063	0.581566	N/A	0.436566	0.240984	0.604175	0.133481	0.0576725	0.0405795	0.0133567
OG0000253	0.0772611	0.621591	0.621591	0.768135	0.405807	0.210207	0.656923	3.69676e-06	0.581566	N/A	0.859166	0.361942	0.573577	0.0195201	0.00628294	0.135551	0.00046715
OG0000254	0.258481	0.000137509	0.160055	0.00241651	0.256174	0.762198	0.007159	0.569479	1.82554e-06	N/A	0.101779	0.521585	0.631338	0.732621	0.611265	0.696306	0.00885743
OG0000255	0.25291	0.816707	0.300933	0.45701	0.0428159	2.6302e-13	0.669249	1.82554e-06	0.1053	N/A	1.43982e-05	0.0754845	0.677035	0.459454	0.219897	0.725263	0.622075
OG0000257	0.477231	0.0230299	7.71797e-06	0.83346	0.77689	0.744723	0.680812	0.0423002	0.575591	N/A	0.068077	0.804017	0.618157	0.715085	0.599628	0.000156957	0.631597
OG0000258	0.526493	0.345267	0.0546273	0.0150785	0.793476	0.00286119	0.669249	0.569479	0.00132614	N/A	0.00393539	0.240984	0.604175	0.0396392	0.0107876	0.725263	0.622075
OG0000259	0.526493	0.700838	0.700838	0.000477172	0.77689	0.000227354	0.241789	0.00391994	0.569479	N/A	0.0145773	0.206514	0.589335	0.0290558	0.00841284	0.711474	0.06647
OG0000260	0.756301	0.5	0.5	0.154715	0.102088	0.187227	5.37624e-108	0.54359	1.71877e-10	N/A	0.697369	0.123702	0.520126	0.544748	1.03958e-11	0.00250369	5.63604e-06
OG0000263	0.666893	0.042575	0.700838	0.00222284	0.499732	0.0257862	0.12173	0.575591	7.33595e-09	N/A	0.131043	0.785388	0.604175	0.00342182	0.0133866	0.737821	0.631597
OG0000265	0.526493	0.273983	0.116998	0.79601	0.363881	0.744723	0.643773	0.00740719	0.593119	N/A	0.0145773	0.762185	0.589335	0.672604	0.00442	0.119604	8.16527e-09
OG0000269	0.526493	0.677962	0.273983	0.473385	0.77689	1.82234e-07	2.61909e-11	7.03359e-05	0.563226	N/A	0.0145773	0.762185	0.589335	0.0290558	0.0576725	0.696306	0.0592101
OG0000270	0.666893	0.427102	0.0138666	0.0722075	0.499732	0.443944	0.100627	0.0346607	0.00106735	N/A	0.00702906	0.328401	0.643769	0.748139	0.622355	0.711474	0.612135
OG0000272	0.614525	0.720859	0.160055	0.548957	0.77689	0.0317366	0.03856	0.0461063	0.581566	N/A	0.00826516	0.804017	0.618157	0.715085	0.599628	9.57612e-06	0.640722
OG0000273	0.00191328	0.753927	0.00113468	0.83346	0.77689	0.00894349	0.614742	0.0231449	0.54359	N/A	0.48056	0.0683628	0.618157	0.715085	0.599628	0.277653	0.579593
OG0000274	0.477231	0.345267	3.99698e-05	0.548957	0.256174	0.0400737	0.12173	0.575591	0.114708	N/A	0.068077	0.804017	0.618157	0.153938	0.611265	0.00357858	0.631597
OG0000275	0.614525	0.449309	5.92242e-06	0.0299029	0.472747	0.232043	0.656923	0.0957027	0.0346607	N/A	0.00246539	0.0347055	0.631338	0.732621	0.0657617	0.711474	0.612135
OG0000278	0.0115419	0.18413	0.621591	0.817115	0.0717392	0.016397	0.643773	0.0308288	0.55683	N/A	0.436566	0.00771374	0.604175	0.00342182	0.622355	0.330508	0.601757
OG0000284	0.756301	0.130342	0.0476668	0.268992	0.363881	0.000227354	0.656923	9.59799e-05	0.569479	N/A	0.105536	0.64708	0.539044	0.000178744	2.74642e-06	0.711474	0.06647
OG0000286	0.526493	0.001522	0.586825	0.768135	0.77689	0.744723	0.669249	0.593119	0.00740719	N/A	0.217281	0.299082	0.0304667	0.00113364	0.599628	0.00250369	2.31021e-05
OG0000287	0.477231	0.0293429	6.01929e-06	0.00154696	0.00038373	0.724415	0.614742	9.59799e-05	0.569479	N/A	0.068077	0.272689	0.618157	0.335664	0.587413	0.661149	3.46346e-06
OG0000288	0.00643576	7.20861e-05	0.042575	0.515014	0.229751	0.744723	0.198439	0.00391994	0.569479	N/A	0.436566	0.785388	0.604175	0.133481	0.599628	0.679594	0.000226232
OG0000289	0.614525	0.0120803	0.0312902	0.473385	0.441729	0.103275	0.656923	1.92198e-08	0.0957027	N/A	0.0891625	0.762185	0.589335	0.0290558	0.00841284	0.711474	0.612135
OG0000291	0.00341691	0.427102	1.54912e-08	0.83346	0.441729	0.00894349	0.00272496	0.00100311	0.0553244	N/A	0.48056	0.0260292	0.618157	0.715085	0.599628	0.0127229	0.56776
OG0000292	0.25291	0.0293429	6.01929e-06	0.361068	0.793476	0.41649	5.66702e-14	0.581566	0.581566	N/A	0.00246539	0.819172	0.631338	0.732621	0.611265	0.696306	1.00053e-05
OG0000293	0.25291	0.779767	0.779767	0.237416	0.807448	0.0488686	0.669249	0.1053	0.569479	N/A	0.000708165	0.0976398	0.643769	0.748139	0.622355	0.151099	0.622075
OG0000295	0.614525	0.273983	0.0312902	0.000477172	0.256174	0.762198	0.680812	0.0423002	0.575591	N/A	0.0891625	0.762185	0.589335	0.00209314	0.611265	0.00357858	0.631597
OG0000298	0.477231	0.000157622	0.00071883	0.0612592	0.757034	0.762198	0.00264703	0.575591	0.114708	N/A	0.380895	0.762185	0.589335	0.112353	0.00628294	0.00357858	0.631597
OG0000299	0.000921693	0.00765457	0.65174	0.473385	0.441729	0.777309	0.0020474	0.00132614	0.0384848	N/A	0.380895	0.41333	0.589335	0.0290558	0.00841284	0.151099	0.622075
OG0000300	0.000682945	0.677962	0.116998	0.0612592	0.757034	0.163104	1.44943e-10	0.00470293	0.575591	N/A	0.876187	0.762185	0.589335	0.112353	0.587413	0.661149	8.62089e-08
OG0000301	0.40319	0.00765457	0.0944197	0.041886	0.793476	0.00139317	1.1779e-05	0.0384848	0.569479	N/A	0.309272	0.732905	0.573577	6.59557e-05	0.611265	0.696306	0.00885743
OG0000302	0.83681	0.586825	0.586825	0.730477	0.757034	0.762198	3.83565e-09	0.581566	0.00192193	N/A	0.217281	0.299082	0.556836	0.000513148	0.00628294	0.000250739	0.640722
OG0000303	0.83681	0.000289177	0.700838	0.421377	0.703899	0.672871	0.643773	0.0536873	0.593119	N/A	0.100768	0.0613019	0.573577	0.646832	0.561115	2.37736e-05	8.16527e-09
OG0000307	0.526493	0.000137509	0.160055	0.0582235	0.793476	7.7651e-11	0.0439271	0.00644885	0.00225798	N/A	0.0010289	0.804017	0.0705011	0.732621	0.611265	1.6369e-05	0.649467
OG0000308	0.871099	0.621591	0.18413	0.768135	0.363881	0.744723	0.669249	3.09448e-08	0.569479	N/A	0.309272	0.361942	0.573577	0.0906147	0.00442	0.00250369	0.622075
OG0000313	0.666893	0.160055	0.345267	0.184242	0.793476	0.777309	0.0236902	0.563226	0.0957027	N/A	0.068077	0.804017	0.618157	0.153938	0.0657617	0.711474	0.612135
OG0000314	0.477231	0.00128946	0.700838	0.817115	0.77689	0.0875273	0.643773	0.55683	0.00254591	N/A	0.131043	0.785388	0.604175	0.133481	0.0576725	0.696306	0.601757
OG0000316	0.526493	0.0120803	0.000157622	0.00934822	0.819319	0.790444	0.669249	0.00132614	0.569479	N/A	0.0145773	0.762185	0.589335	9.51847e-06	0.632927	0.725263	0.622075
OG0000317	0.203812	2.27059e-33	8.32652e-08	0.473385	0.733066	0.310606	1.19131e-13	0.075921	0.550286	N/A	0.380895	0.0863022	0.589335	0.672604	0.574586	0.0179684	0.590917
OG0000321	0.614525	0.375438	8.1837e-07	0.0150785	0.77689	0.744723	0.656923	0.0957027	0.0346607	N/A	0.0372873	0.111708	0.604175	0.133481	0.599628	0.0324589	0.612135
OG0000322	0.83681	0.621591	0.18413	0.355122	0.314564	0.0875273	0.656923	9.59799e-05	0.569479	N/A	0.217281	0.695486	0.556836	0.0683589	1.29719e-06	0.135551	0.06647
OG0000323	0.258481	0.0293429	0.00804886	0.83346	0.256174	0.210207	1.1779e-05	0.55683	0.55683	N/A	0.172694	0.272689	0.618157	0.153938	0.611265	0.696306	0.601757
OG0000324	0.203812	0.273983	0.00235073	0.79601	0.363881	0.724415	8.59284e-06	0.00161116	0.0423002	N/A	0.380895	0.762185	0.589335	0.672604	0.0413419	5.26491e-06	0.631597
OG0000328	0.614525	0.700838	0.700838	0.0150785	0.00305764	0.41649	0.656923	0.569479	0.569479	N/A	0.0372873	0.785388	0.604175	0.0396392	0.611265	0.135551	0.06647
OG0000329	0.83681	0.54662	0.54662	0.768135	0.405807	0.762198	0.656923	0.00554668	0.581566	N/A	0.217281	0.0147664	0.0304667	0.0195201	0.00628294	0.135551	0.00046715
OG0000330	0.258481	0.677962	0.677962	0.83346	0.77689	0.762198	0.0236902	0.0346607	0.00106735	N/A	0.172694	0.136312	0.618157	0.715085	0.0576725	0.135551	0.612135
OG0000331	0.88845	0.779767	0.236721	0.361068	0.472747	0.0400737	0.019257	0.55683	0.55683	N/A	0.0162647	0.0347055	0.631338	0.732621	0.611265	0.696306	0.601757
OG0000332	0.871099	0.720859	0.720859	0.83346	0.441729	0.232043	0.656923	0.00320011	2.20754e-09	N/A	0.00826516	0.804017	0.618157	0.715085	0.00841284	0.711474	0.612135
OG0000333	0.258481	1.59686e-05	8.1837e-07	0.361068	0.256174	0.0400737	0.643773	0.0859113	0.00254591	N/A	0.101779	0.819172	0.631338	0.732621	0.611265	0.696306	0.601757
OG0000336	0.666893	0.311624	0.138898	0.817115	0.77689	0.762198	0.0236902	0.563226	0.0957027	N/A	0.131043	0.785388	0.604175	0.133481	0.0576725	0.135551	0.612135
OG0000337	0.477231	0.700838	0.700838	0.515014	0.00428772	0.210207	0.0236902	0.0346607	0.00106735	N/A	0.131043	0.785388	0.604175	0.695205	0.00628294	0.135551	0.612135
OG0000338	0.10917	0.738439	0.0672012	0.155086	0.757034	0.350496	0.656923	0.0346607	0.563226	N/A	0.436566	0.111708	0.604175	0.695205	0.587413	0.00164394	0.612135
OG0000339	0.526493	0.0172425	0.700838	0.294687	0.77689	0.385545	0.656923	1.21581e-06	0.0957027	N/A	0.00393539	0.785388	0.604175	0.133481	0.599628	0.0324589	0.612135
OG0000344	0.25291	0.0173229	6.44899e-11	4.17029e-34	6.96995e-07	0.212567	0.0337031	0.0115245	0.00386114	N/A	1.43982e-05	0.606357	0.118445	0.0616514	6.40074e-13	0.00212606	0.514797
OG0000345	0.526493	0.0172425	2.23425e-05	0.817115	0.00428772	0.724415	0.629736	0.00391994	0.569479	N/A	0.00393539	0.785388	0.604175	0.695205	0.587413	0.10328	0.000226232
OG0000351	0.526493	0.0693598	0.54662	0.294687	0.807448	0.00049593	1.62636e-38	0.5	0.5	N/A	0.100768	0.00235083	0.00422269	0.00342182	0.0133866	0.737821	5.00337e-21
OG0000352	0.526493	0.18413	0.0712625	0.0244268	0.77689	0.210207	0.220724	0.575591	0.575591	N/A	0.217281	0.695486	0.556836	2.83784e-05	0.0576725	0.696306	0.000333092
OG0000360	0.871099	0.18413	0.621591	0.0244268	0.314564	1.09465e-06	0.198439	0.00254591	0.55683	N/A	0.832757	0.695486	0.556836	0.0683589	6.00251e-05	0.679594	0.0519059
OG0000361	0.871099	0.375438	0.180429	0.83346	0.122536	0.0400737	0.019257	0.55683	0.55683	N/A	0.00826516	0.272689	0.618157	0.153938	0.611265	0.696306	0.601757
OG0000362	0.614525	0.00765457	0.0210788	0.0612592	8.3184e-05	0.016397	0.198439	0.0269899	0.000630433	N/A	0.0891625	0.41333	0.589335	0.000134774	0.622355	0.0204518	0.590917
OG0000363	0.526493	0.311624	0.042575	0.294687	0.000694313	0.210207	0.00153517	0.563226	0.00106735	N/A	0.00393539	0.785388	0.604175	0.133481	0.0576725	0.135551	0.612135
OG0000364	0.614525	0.738439	0.180429	0.0989371	0.0370891	0.350496	0.643773	0.569479	0.569479	N/A	0.00826516	0.272689	0.618157	0.335664	0.587413	0.024877	0.00885743
OG0000365	0.871099	0.65174	0.231726	0.421377	0.363881	1.8496e-05	0.198439	0.55683	0.55683	N/A	0.309272	0.732905	0.573577	0.0906147	0.00442	0.679594	0.0519059
OG0000366	0.477231	0.273983	0.116998	0.79601	0.77689	0.187227	0.198439	0.00254591	0.55683	N/A	0.380895	0.762185	0.589335	0.0290558	0.599628	0.679594	0.0519059
OG0000370	0.756301	5.90815e-12	0.130342	0.0102411	0.186225	0.640072	0.629736	0.0536873	0.593119	N/A	0.105536	0.64708	0.539044	0.583581	0.0165788	1.00908e-05	1.94728e-10
OG0000371	0.40319	0.00765457	0.0944197	0.041886	0.314564	0.744723	0.111257	0.00391994	0.1053	N/A	0.309272	0.732905	0.573577	0.646832	6.00251e-05	0.00250369	0.622075
OG0000372	0.526493	0.0172425	0.700838	0.0325743	0.0370891	0.187227	0.629736	0.00254591	0.55683	N/A	0.00393539	0.785388	0.604175	0.695205	0.0495303	0.679594	0.0519059
OG0000375	0.756301	0.0693598	0.54662	0.678483	6.09e-16	1.01324e-09	3.83565e-09	0.000163677	2.4258e-26	N/A	0.105536	0.221248	0.539044	1.55396e-09	0.622355	0.00487232	0.640722
OG0000376	0.00314982	0.0693598	0.54662	0.678483	0.314564	0.744723	0.111257	0.00391994	0.1053	N/A	0.533578	0.221248	0.539044	0.00504752	6.00251e-05	0.00250369	0.622075
OG0000377	0.666893	0.738439	0.738439	0.0219957	0.77689	0.744723	0.0898505	0.00254591	0.000835287	N/A	0.068077	0.272689	0.618157	0.715085	0.599628	0.119604	0.601757
OG0000378	0.871099	0.586825	0.586825	0.730477	0.256093	0.0719146	0.643773	7.03359e-05	0.563226	N/A	0.832757	0.299082	0.556836	0.617365	5.3759e-07	0.119604	0.0592101
OG0000379	0.526493	0.00071883	0.00235073	0.255402	0.363881	0.310606	9.58997e-10	0.569479	0.569479	N/A	0.0145773	0.762185	0.589335	0.672604	0.574586	2.68405e-06	0.622075
OG0000383	0.871099	0.231726	0.65174	0.79601	0.77689	0.385545	0.100627	0.00320011	0.0957027	N/A	0.0891625	0.41333	0.589335	0.0290558	0.599628	0.0324589	0.612135
OG0000384	0.83681	0.586825	0.586825	0.124417	0.00249472	0.724415	0.629736	0.581566	0.581566	N/A	0.217281	0.299082	0.00237271	0.672604	0.0413419	0.10328	1.61151e-07
OG0000385	0.526493	0.621591	0.621591	0.730477	0.314564	0.232043	0.0284094	0.569479	0.00132614	N/A	0.217281	0.695486	0.556836	0.0683589	3.23018e-08	0.151099	0.622075
OG0000386	0.526493	0.621591	0.18413	0.817115	0.757034	0.210207	0.100627	0.00320011	1.96164e-05	N/A	0.100768	0.361942	0.00422269	0.695205	0.00628294	0.135551	0.612135
OG0000387	0.142253	0.00408936	0.0712625	0.730477	0.668125	0.672871	0.149855	0.581566	0.000163677	N/A	0.832757	0.695486	0.556836	0.617365	0.0248574	0.0696388	2.43099e-11
OG0000388	0.871099	0.345267	3.99698e-05	0.155086	0.405807	0.187227	0.629736	0.0019599	0.075921	N/A	0.0372873	0.240984	0.604175	0.695205	0.0495303	0.679594	0.590917
OG0000397	0.83681	0.001522	0.586825	0.0102411	0.102354	0.744723	6.41017e-10	0.581566	0.581566	N/A	0.786996	0.64708	0.539044	5.57906e-07	0.599628	0.679594	1.61151e-07
OG0000406	0.871099	0.042575	0.311624	0.515014	0.405807	0.00894349	0.0789363	0.550286	0.075921	N/A	0.0372873	0.785388	0.604175	0.695205	0.0495303	0.679594	0.590917
OG0000407	0.871099	0.677962	0.677962	0.041886	0.703899	0.700698	0.000114543	0.569479	0.1053	N/A	0.309272	0.169241	0.573577	0.646832	0.0331148	2.68405e-06	0.622075
OG0000408	0.40319	0.677962	0.116998	0.00934822	0.405807	0.187227	0.629736	0.00254591	0.55683	N/A	0.0891625	0.762185	0.589335	0.112353	0.0495303	0.679594	0.0519059
OG0000415	0.526493	0.001522	0.586825	0.0798483	9.52815e-69	0.264988	0.563236	0.0115245	0.507693	N/A	0.100768	0.0261492	0.00422269	0.695205	0.00210738	0.179558	0.000357785
OG0000416	0.614525	0.767619	0.218761	0.155086	0.201502	0.724415	0.174847	2.10168e-05	0.54359	N/A	0.0372873	0.00248063	0.604175	0.695205	0.587413	0.661149	0.579593
OG0000417	0.756301	0.5	0.5	0.730477	7.86954e-70	6.95451e-05	4.52048e-10	0.515209	0.0228136	N/A	0.105536	0.00593482	0.0203244	0.0113769	0.574586	0.64076	1.89014e-05
OG0000418	0.614525	0.700838	0.700838	0.817115	0.229751	0.385545	5.07703e-05	0.55683	0.0859113	N/A	0.0372873	0.785388	0.604175	0.133481	0.599628	0.119604	0.601757
OG0000419	0.871099	0.65174	0.65174	0.421377	0.703899	0.700698	2.73582e-07	0.0384848	0.00132614	N/A	0.309272	0.732905	0.573577	0.646832	0.0331148	2.68405e-06	0.622075
OG0000422	0.0776588	0.621591	0.18413	0.355122	0.733066	0.724415	0.100627	7.03359e-05	0.0957027	N/A	0.832757	0.695486	0.556836	0.0113769	0.0413419	0.00164394	0.612135
OG0000423	0.83681	0.621591	0.18413	0.768135	0.733066	0.744723	0.656923	0.569479	0.569479	N/A	0.100768	0.361942	0.573577	0.0906147	0.00442	0.0324589	0.06647
OG0000424	0.526493	0.720859	0.0230299	0.0989371	0.441729	0.0719146	0.198439	0.550286	0.550286	N/A	0.0010289	0.804017	0.618157	0.715085	0.599628	0.679594	0.590917
OG0000425	0.526493	0.677962	0.00235073	0.79601	0.0266823	0.187227	0.629736	3.33214e-05	0.550286	N/A	0.0145773	0.762185	0.589335	0.672604	0.00442	0.679594	0.590917
OG0000428	3.33732e-09	0.54662	0.0693598	0.154715	0.56891	0.555086	7.47961e-42	0.0308288	6.49203e-18	N/A	0.17215	0.583746	0.520126	0.544748	0.516446	3.24334e-11	0.601757
OG0000429	0.477231	6.72096e-05	0.375438	0.155086	0.757034	0.744723	0.629736	0.550286	8.37841e-06	N/A	0.131043	0.111708	0.604175	0.695205	0.0495303	0.679594	0.590917
OG0000430	4.0783e-36	0.54662	0.54662	0.605212	0.56891	0.555086	0.522556	0.507693	0.0115245	N/A	0.0151654	0.583746	0.520126	0.544748	0.516446	0.534433	0.514797
OG0000431	0.614525	0.273983	0.0312902	0.0612592	0.405807	0.187227	0.629736	0.0019599	0.550286	N/A	0.0891625	0.762185	0.589335	0.112353	0.0495303	0.679594	0.590917
OG0000433	0.526493	0.231726	7.73155e-05	0.421377	0.314564	0.000539312	0.00399726	0.55683	0.00254591	N/A	0.100768	0.732905	0.573577	0.646832	0.0028477	0.661149	0.00513382
OG0000435	0.526493	0.00765457	0.0944197	0.768135	0.363881	0.0566821	0.00399726	0.563226	0.0346607	N/A	0.100768	0.732905	0.573577	0.0906147	0.0413419	0.661149	0.000144237
OG0000436	0.526493	0.720859	0.00573293	0.515014	0.405807	0.724415	0.614742	0.0308288	0.55683	N/A	0.00393539	0.240984	0.604175	0.695205	0.587413	0.661149	0.00513382
OG0000440	0.871099	0.130342	0.586825	0.294687	0.0159833	0.385545	0.643773	0.00254591	0.000835287	N/A	0.309272	0.0261492	0.00422269	0.133481	0.599628	0.119604	0.601757
OG0000441	0.871099	0.621591	0.18413	0.211576	0.314564	0.700698	0.614742	7.03359e-05	0.563226	N/A	0.309272	0.361942	0.573577	0.646832	0.0331148	0.0866115	0.000144237
OG0000442	0.142253	0.621591	0.621591	0.355122	0.733066	0.724415	0.0898505	4.96009e-05	0.0859113	N/A	0.832757	0.695486	0.556836	0.0113769	0.0413419	0.024877	0.601757
OG0000443	0.756301	0.586825	0.586825	0.678483	0.703899	0.700698	0.643773	0.575591	0.0423002	N/A	0.105536	0.64708	0.539044	0.00504752	0.0331148	0.000990615	0.000333092
OG0000444	0.477231	0.0230299	3.99698e-05	0.0325743	0.757034	0.0239867	0.629736	0.550286	0.550286	N/A	0.131043	0.240984	0.604175	0.695205	0.587413	0.10328	0.590917
OG0000447	0.40319	0.54662	0.54662	6.66977e-05	0.77689	5.39721e-12	0.522556	0.507693	0.507693	N/A	0.0891625	0.00017265	0.00651827	0.715085	0.599628	1.0536e-08	0.514797
OG0000448	0.258481	0.345267	0.160055	6.66977e-05	0.405807	0.163104	1.44943e-10	0.54359	0.54359	N/A	0.172694	0.804017	0.618157	0.335664	0.587413	0.661149	0.579593
OG0000449	0.030694	0.130342	0.586825	0.268992	0.62392	0.00206501	1.45684e-07	0.0423002	0.575591	N/A	0.786996	0.64708	0.539044	0.583581	0.000678313	0.618185	9.07369e-12
OG0000453	0.25291	0.00284425	0.850554	0.209022	2.96789e-09	0.0818261	0.522556	0.5	0.5	N/A	3.78998e-06	6.04973e-05	0.686921	0.477952	1.62299e-19	0.534433	0.0221393
OG0000454	0.000135369	0.0120803	0.0312902	0.000477172	0.733066	0.00605292	0.000491075	0.536738	0.536738	N/A	0.380895	0.762185	0.589335	0.672604	0.0413419	0.661149	0.120612
OG0000460	0.526493	0.231726	0.0210788	0.041886	0.757034	0.724415	0.629736	0.00254591	0.55683	N/A	0.100768	0.732905	0.573577	0.0195201	0.587413	0.10328	0.0519059
OG0000461	0.477231	0.700838	0.700838	0.817115	0.0370891	0.724415	0.0789363	0.0269899	0.075921	N/A	0.131043	0.785388	0.604175	0.695205	0.587413	0.10328	0.590917
OG0000462	0.526493	0.00033682	0.65174	0.000108511	0.363881	0.700698	0.149855	4.96009e-05	0.55683	N/A	0.0145773	0.41333	0.589335	0.672604	0.574586	0.64076	8.44527e-05
OG0000466	0.614525	0.720859	0.345267	0.83346	0.441729	0.744723	0.629736	0.0269899	0.000630433	N/A	0.00826516	0.804017	0.618157	0.715085	0.599628	0.679594	0.590917
OG0000467	0.666893	0.180429	0.738439	0.0150785	0.405807	0.724415	0.0789363	0.0269899	8.37841e-06	N/A	0.131043	0.111708	0.604175	0.695205	0.587413	0.10328	0.590917
OG0000468	0.871099	7.71797e-06	0.345267	0.000477172	0.733066	0.00605292	0.00399726	0.54359	0.54359	N/A	0.0891625	0.0863022	0.589335	0.672604	0.0413419	0.661149	0.579593
OG0000470	0.614525	0.345267	0.720859	0.0448889	0.229751	0.744723	0.174847	0.065727	0.00144473	N/A	0.00826516	0.804017	0.618157	0.715085	0.599628	0.277653	0.579593
OG0000474	0.40319	0.0712625	0.18413	0.00206251	0.733066	0.700698	1.19217e-23	4.43215e-21	0.0423002	N/A	0.832757	0.695486	0.556836	0.0113769	0.574586	2.05467e-07	0.631597
OG0000475	0.526493	0.001522	0.586825	0.211576	0.000688933	0.00122451	0.149855	0.569479	3.09448e-08	N/A	0.217281	0.299082	0.0304667	0.0906147	0.574586	0.64076	4.27166e-08
OG0000476	0.526493	0.000157622	0.273983	0.00934822	0.405807	0.744723	0.0898505	0.55683	0.000835287	N/A	0.0145773	0.762185	0.589335	0.112353	0.0495303	0.119604	0.601757
OG0000479	0.871099	0.18413	0.0712625	0.0244268	0.0110339	0.724415	0.174847	0.55683	0.0308288	N/A	0.832757	0.695486	0.556836	0.000513148	0.587413	0.661149	0.00513382
OG0000481	0.526493	0.586825	0.586825	0.768135	0.363881	0.724415	0.629736	0.00254591	0.55683	N/A	0.217281	0.299082	0.0304667	0.0906147	0.0413419	0.10328	0.0519059
OG0000482	0.83681	0.18413	0.0712625	0.0244268	0.668125	0.700698	0.643773	0.563226	7.03359e-05	N/A	0.217281	0.695486	0.556836	0.617365	0.00159142	0.000990615	0.0592101
OG0000488	0.258481	7.20861e-05	2.3196e-08	0.0325743	0.0622173	0.212567	0.0952486	2.61297e-18	9.29935e-05	N/A	0.436566	0.785388	0.604175	0.302448	0.00142733	0.593151	0.542461
OG0000489	0.756301	3.81236e-08	0.001522	0.0102411	0.186225	0.111601	0.00167612	0.55683	4.98916e-14	N/A	0.105536	0.64708	0.539044	0.583581	0.000678313	0.618185	8.53699e-07
OG0000491	0.000921693	0.231726	0.65174	0.255402	0.363881	0.000297162	0.149855	0.0192946	0.0553244	N/A	0.380895	0.41333	0.589335	0.672604	0.574586	0.64076	0.56776
OG0000492	0.0772611	0.00765457	0.0944197	0.041886	0.0110339	0.00216025	0.629736	4.66216e-07	0.075921	N/A	0.859166	0.732905	0.573577	0.0195201	0.587413	0.10328	0.590917
OG0000496	0.756301	0.586825	0.586825	0.268992	0.668125	0.672871	0.0236902	7.03359e-05	0.0957027	N/A	0.105536	0.64708	0.539044	0.045713	0.0248574	2.748e-06	0.612135
OG0000497	0.614525	0.700838	0.700838	0.0612592	0.757034	0.350496	0.0789363	0.550286	0.0269899	N/A	0.0891625	0.206514	0.589335	0.112353	0.587413	0.10328	0.590917
OG0000499	0.83681	0.273983	0.000157622	0.041886	0.703899	0.000297162	0.598716	0.00100311	0.536738	N/A	0.100768	0.169241	0.573577	0.646832	0.0331148	0.64076	0.56776
OG0000500	0.526493	0.231726	0.65174	0.041886	0.0821086	0.350496	2.18231e-06	0.0308288	0.000835287	N/A	0.100768	0.732905	0.573577	0.0195201	0.587413	0.024877	0.601757
OG0000502	0.203812	0.700838	0.700838	0.294687	0.0821086	0.350496	6.2335e-08	0.536738	0.536738	N/A	0.131043	0.785388	0.604175	0.695205	0.587413	0.661149	0.120612
OG0000503	0.40319	0.586825	0.130342	0.79601	0.405807	0.187227	0.000761285	0.0269899	7.15524e-08	N/A	0.309272	0.0261492	0.0405708	0.112353	0.0495303	0.679594	0.590917
OG0000504	0.526493	0.700838	0.138898	0.0150785	0.102354	0.0719146	0.149855	0.536738	0.0553244	N/A	0.00393539	0.785388	0.604175	0.133481	0.599628	0.0127229	0.56776
OG0000511	0.294252	0.130342	0.0476668	0.355122	0.668125	0.700698	0.614742	0.569479	0.569479	N/A	0.217281	0.299082	0.556836	0.617365	0.00159142	0.0866115	3.46346e-06
OG0000512	0.142253	0.00383251	0.700838	0.768135	0.314564	0.672871	0.581577	0.550286	0.0269899	N/A	0.309272	0.0613019	0.573577	0.646832	0.561115	0.618185	4.38806e-05
OG0000513	0.477231	0.720859	0.00573293	0.155086	0.757034	0.724415	0.149855	0.0192946	0.536738	N/A	0.131043	0.240984	0.604175	0.695205	0.587413	0.247732	0.56776
OG0000515	0.871099	0.738439	0.738439	0.0612592	0.733066	0.700698	0.598716	0.00144473	0.54359	N/A	0.0891625	0.0118688	0.589335	0.672604	0.574586	0.64076	0.0371843
OG0000517	0.000135369	2.48524e-07	0.000157622	0.473385	2.64794e-45	0.000210169	0.00297147	0.5	0.5	N/A	0.380895	0.762185	0.589335	0.672604	0.00142733	0.593151	2.34815e-06
OG0000520	0.526493	0.65174	0.0210788	0.355122	0.00961005	0.0287475	0.00167612	0.55683	4.96009e-05	N/A	0.217281	0.129292	0.556836	0.617365	0.0248574	0.618185	8.53699e-07
OG0000521	0.203812	0.677962	0.677962	0.255402	0.733066	0.0169743	0.0789363	0.0269899	0.550286	N/A	0.380895	0.762185	0.589335	0.672604	0.574586	0.0179684	0.590917
OG0000527	0.000135369	0.54662	0.54662	0.00170393	0.00123235	0.000147283	0.123358	0.000637864	0.529727	N/A	0.859166	0.00235083	0.573577	0.646832	0.561115	0.618185	0.555392
OG0000528	0.526493	0.753927	0.753927	0.768135	0.703899	0.672871	0.598716	0.550286	0.0269899	N/A	0.100768	0.000150548	0.573577	0.646832	0.561115	0.0696388	0.00360273
OG0000530	1.43963e-08	0.5	0.5	0.001131	7.33349e-05	2.57308e-05	0.0567459	3.24141e-09	0.529727	N/A	0.876187	3.37643e-06	0.589335	0.672604	0.574586	0.64076	0.102424
OG0000531	0.526493	0.273983	0.116998	0.473385	0.363881	0.724415	0.629736	0.550286	0.0269899	N/A	0.0145773	0.762185	0.589335	0.672604	0.0413419	0.10328	0.590917
OG0000532	0.40319	2.23425e-05	0.700838	0.79601	0.733066	0.700698	0.614742	0.54359	0.065727	N/A	0.0891625	0.206514	0.589335	0.672604	0.574586	0.0866115	0.579593
OG0000539	0.0082092	0.231726	0.65174	0.00497628	0.171411	0.700698	0.598716	0.550286	0.0269899	N/A	0.309272	0.732905	0.573577	0.0906147	0.574586	0.64076	0.00360273
OG0000543	0.40319	0.0944197	0.231726	0.421377	0.703899	0.672871	0.0789363	0.0019599	0.075921	N/A	0.309272	0.732905	0.573577	0.646832	0.561115	0.000528894	0.590917
OG0000544	0.0398073	0.65174	0.0944197	0.211576	0.017401	0.672871	1.45684e-07	0.55683	0.00254591	N/A	0.859166	0.732905	0.573577	0.646832	0.561115	0.618185	8.53699e-07
OG0000545	0.000135369	0.00408936	0.621591	0.355122	0.256093	0.163104	0.614742	0.54359	0.54359	N/A	0.595169	0.695486	0.556836	0.617365	2.62453e-05	0.661149	0.579593
OG0000547	0.614525	0.700838	0.00383251	0.255402	0.0266823	0.700698	0.614742	0.0231449	0.54359	N/A	0.0891625	0.206514	0.589335	0.672604	0.574586	0.0866115	0.579593
OG0000548	0.0776588	0.0312902	0.677962	0.768135	0.314564	0.672871	0.0678967	0.00144473	0.00045328	N/A	0.309272	0.169241	0.573577	0.646832	0.561115	0.01189	0.579593
OG0000549	0.614525	0.720859	0.720859	0.79601	0.363881	0.310606	0.614742	0.00144473	0.54359	N/A	0.0891625	0.0863022	0.589335	0.672604	0.574586	0.0866115	0.579593
OG0000550	0.526493	0.00765457	0.00127647	0.0127925	0.314564	0.672871	0.614742	0.55683	0.00254591	N/A	0.100768	0.732905	0.573577	0.646832	0.561115	0.01189	0.00513382
OG0000551	0.871099	0.273983	0.677962	0.124417	0.733066	0.137871	3.96557e-09	0.550286	0.0269899	N/A	0.0891625	0.762185	0.589335	0.672604	0.574586	0.64076	0.00360273
OG0000552	0.526493	0.738439	0.00804886	0.473385	0.733066	0.700698	0.614742	0.54359	0.54359	N/A	0.0145773	0.0118688	0.589335	0.672604	0.574586	0.0866115	0.579593
OG0000559	0.526493	0.65174	0.0944197	0.00497628	0.733066	0.310606	0.643773	0.55683	0.0308288	N/A	0.100768	0.732905	0.573577	0.0906147	0.574586	0.000990615	0.601757
OG0000560	0.40319	0.00383251	0.311624	0.79601	0.363881	0.700698	0.598716	0.0231449	0.54359	N/A	0.0891625	0.206514	0.589335	0.672604	0.574586	0.64076	0.0371843
OG0000561	0.614525	0.160055	0.720859	0.294687	0.733066	0.700698	0.598716	0.00100311	0.0553244	N/A	0.0372873	0.240984	0.604175	0.302448	0.574586	0.64076	0.56776
OG0000562	0.83681	0.586825	1.20056e-05	0.268992	0.186225	0.672871	0.643773	0.563226	0.0346607	N/A	0.786996	0.64708	0.539044	0.583581	0.000678313	2.37736e-05	0.0592101
OG0000563	0.526493	0.0123196	0.00408936	0.00206251	0.139528	0.672871	0.598716	0.569479	0.569479	N/A	0.217281	0.695486	0.556836	0.0683589	0.561115	0.0696388	4.27166e-08
OG0000571	0.526493	0.621591	0.621591	0.0910077	0.0266823	0.724415	0.0151506	0.075921	0.550286	N/A	0.100768	0.361942	0.573577	0.0906147	0.0413419	0.10328	0.590917
OG0000572	0.0776588	2.63163e-08	0.00765457	0.041886	0.017401	0.137871	1.54296e-11	0.529727	0.529727	N/A	0.309272	0.732905	0.573577	0.646832	0.0331148	0.64076	0.102424
OG0000582	0.526493	0.042575	0.700838	0.041886	0.0432809	7.07926e-06	0.598716	2.96359e-15	0.0553244	N/A	0.100768	0.0613019	0.573577	0.646832	0.561115	0.0696388	0.56776
OG0000586	0.40319	1.18549e-15	0.311624	0.768135	0.139528	0.672871	0.581577	0.529727	0.529727	N/A	0.309272	0.0613019	0.573577	0.646832	0.561115	0.618185	0.555392
OG0000587	0.526493	0.65174	0.65174	0.421377	0.363881	0.724415	0.629736	0.0269899	0.000630433	N/A	0.100768	0.732905	0.573577	0.0906147	0.0413419	0.10328	0.590917
OG0000588	0.40319	0.65174	0.0210788	0.211576	0.017401	0.264988	0.614742	0.55683	0.55683	N/A	0.309272	0.732905	0.573577	0.646832	0.561115	0.01189	0.00513382
OG0000589	0.614525	0.0120803	0.000157622	0.79601	0.733066	0.0169743	3.96557e-09	0.0308288	0.55683	N/A	0.0891625	0.762185	0.589335	0.672604	0.574586	0.64076	8.44527e-05
OG0000590	0.526493	0.65174	0.65174	0.79601	0.733066	0.0566821	0.0678967	0.54359	0.00045328	N/A	0.0145773	0.41333	0.589335	0.672604	0.0413419	0.661149	0.579593
OG0000597	0.0082092	0.621591	0.0123196	0.355122	0.668125	0.212567	1.55139e-19	0.550286	8.37841e-06	N/A	0.832757	0.695486	0.556836	0.617365	0.54696	1.00908e-05	0.590917
OG0000599	0.83681	0.130342	0.586825	0.768135	0.733066	0.310606	0.0789363	3.33214e-05	8.37841e-06	N/A	0.217281	0.299082	0.0304667	0.0906147	0.574586	0.0179684	0.590917
OG0000601	0.40319	0.0944197	0.65174	0.421377	0.314564	0.111601	0.149855	0.00144473	0.54359	N/A	0.309272	0.732905	0.573577	0.646832	0.561115	0.0696388	0.0371843
OG0000603	0.142253	0.54662	0.54662	0.730477	0.256093	0.000147283	0.00167612	0.00144473	0.54359	N/A	0.832757	0.0147664	0.556836	0.617365	0.0248574	0.618185	0.00231544
OG0000604	0.030694	0.586825	0.130342	0.0102411	0.186225	0.000297162	0.598716	0.0231449	0.54359	N/A	0.786996	0.64708	0.539044	0.583581	8.89278e-06	0.64076	0.0371843
OG0000605	0.526493	0.00408936	0.621591	0.124417	0.363881	0.700698	0.614742	0.55683	0.55683	N/A	0.100768	0.361942	0.0405708	0.672604	0.574586	0.0866115	0.00513382
OG0000606	0.614525	0.160055	0.720859	0.473385	0.0266823	0.137871	0.598716	0.0192946	0.0553244	N/A	0.0891625	0.0863022	0.589335	0.672604	0.574586	0.64076	0.56776
OG0000611	0.477231	0.700838	0.700838	0.00934822	0.733066	0.00375845	0.598716	0.536738	2.48395e-06	N/A	0.380895	0.206514	0.589335	0.672604	0.574586	0.64076	0.56776
OG0000612	0.526493	0.000486826	0.345267	0.515014	1.40029e-20	0.00122451	0.00810445	9.29935e-05	0.522552	N/A	0.00393539	0.240984	0.604175	0.695205	0.132617	0.64076	0.0011503
OG0000613	0.83681	0.18413	0.621591	0.211576	0.017401	0.700698	0.000761285	0.075921	0.0269899	N/A	0.100768	0.361942	0.573577	0.646832	0.0331148	0.0179684	0.590917
OG0000614	0.614525	0.00235073	0.677962	0.79601	0.363881	0.0421525	0.0567459	0.536738	0.0553244	N/A	0.0891625	0.762185	0.589335	0.672604	0.574586	0.64076	0.56776
OG0000618	0.871099	0.0120803	0.000157622	0.124417	0.363881	0.137871	0.598716	0.536738	0.0553244	N/A	0.0891625	0.762185	0.589335	0.672604	0.574586	0.64076	0.56776
OG0000619	0.526493	0.231726	0.0210788	0.421377	0.363881	0.724415	0.0114165	0.54359	0.54359	N/A	0.100768	0.732905	0.573577	0.0906147	0.0413419	0.661149	0.579593
OG0000620	0.000135369	0.273983	1.14224e-06	0.421377	0.314564	0.264988	0.598716	0.536738	0.0553244	N/A	0.859166	0.169241	0.573577	0.646832	0.561115	0.0696388	0.56776
OG0000621	0.0220168	0.00033682	0.0210788	0.0910077	0.314564	0.264988	0.0678967	0.0231449	0.54359	N/A	0.859166	0.732905	0.573577	0.646832	0.561115	0.01189	0.579593
OG0000622	0.871099	3.61323e-15	0.0230299	0.79601	0.703899	0.672871	0.581577	0.0447081	0.529727	N/A	0.0891625	0.0863022	0.589335	0.265431	0.561115	0.618185	0.555392
OG0000623	0.83681	0.621591	0.18413	0.730477	0.00122865	0.0239867	0.614742	0.0231449	0.54359	N/A	0.217281	0.695486	0.556836	0.000513148	0.587413	0.661149	0.579593
OG0000636	0.294252	0.5	0.5	1.74026e-12	0.000462887	0.640072	1.33216e-46	2.81784e-07	0.522552	N/A	0.217281	0.000922048	0.556836	0.617365	0.54696	0.0524153	0.0835184
OG0000638	0.526493	0.621591	0.621591	0.355122	0.256093	0.163104	0.0678967	0.54359	0.54359	N/A	0.217281	0.695486	0.556836	0.617365	2.62453e-05	0.661149	0.579593
OG0000640	0.614525	0.00804886	0.738439	0.79601	0.733066	0.310606	0.598716	0.536738	0.0553244	N/A	0.0891625	0.0118688	0.589335	0.672604	0.574586	0.64076	0.56776
OG0000642	0.83681	0.65174	0.231726	0.0910077	0.314564	0.0287475	0.00167612	0.0231449	0.54359	N/A	0.100768	0.732905	0.573577	0.646832	0.561115	0.618185	0.00231544
OG0000643	0.526493	0.231726	0.0944197	0.768135	0.017401	0.700698	0.0678967	0.0231449	0.54359	N/A	0.100768	0.732905	0.573577	0.646832	0.0331148	0.0866115	0.579593
OG0000644	0.526493	0.677962	0.000157622	0.421377	0.0432809	0.010873	0.123358	2.10168e-05	0.54359	N/A	0.100768	0.169241	0.573577	0.646832	0.561115	0.618185	0.00231544
OG0000649	0.526493	0.65174	0.0944197	0.768135	0.733066	0.310606	1.79629e-05	0.54359	0.54359	N/A	0.100768	0.732905	0.573577	0.0906147	0.574586	0.0866115	0.579593
OG0000651	0.871099	2.4868e-09	0.345267	0.79601	0.703899	0.672871	0.581577	0.529727	0.529727	N/A	0.0891625	0.0863022	0.589335	0.265431	0.561115	0.618185	0.555392
OG0000652	0.526493	0.677962	0.0312902	0.041886	0.703899	0.264988	0.598716	0.550286	0.0269899	N/A	0.100768	0.169241	0.573577	0.646832	0.561115	0.0696388	0.00360273
OG0000658	0.203812	0.720859	0.720859	0.0798483	0.201502	0.672871	0.581577	0.529727	0.000184061	N/A	0.131043	0.240984	0.604175	0.695205	0.00210738	0.618185	0.555392
OG0000662	0.614525	0.0120803	0.116998	0.79601	0.733066	0.137871	3.96557e-09	0.0231449	0.54359	N/A	0.0891625	0.762185	0.589335	0.672604	0.574586	0.64076	0.0371843
OG0000663	0.40319	0.116998	0.0120803	3.28378e-05	0.0266823	0.310606	0.0567459	0.536738	0.0553244	N/A	0.0891625	0.762185	0.589335	0.672604	0.574586	0.64076	0.56776
OG0000664	0.871099	0.700838	0.000289177	0.421377	0.017401	0.00206501	0.123358	0.529727	0.529727	N/A	0.309272	0.0613019	0.573577	0.646832	0.561115	0.618185	0.555392
OG0000676	0.871099	0.621591	0.621591	0.768135	0.314564	0.0421525	0.000290822	0.536738	0.0553244	N/A	0.309272	0.361942	0.573577	0.646832	0.0331148	0.64076	0.56776
OG0000678	0.83681	0.0476668	0.586825	0.678483	0.62392	0.601244	5.07703e-05	0.0859113	0.55683	N/A	0.786996	0.64708	0.539044	0.583581	0.532084	6.09462e-09	0.601757
OG0000681	0.756301	0.621591	0.621591	0.678483	0.62392	0.601244	0.643773	0.0308288	0.55683	N/A	0.105536	0.0870759	0.539044	0.583581	0.532084	6.09462e-09	0.601757
OG0000682	0.40319	0.00235073	0.273983	0.255402	0.0266823	0.700698	0.0567459	0.0553244	0.536738	N/A	0.0891625	0.762185	0.589335	0.672604	0.574586	0.64076	0.56776
OG0000683	0.142253	0.621591	0.621591	0.730477	0.256093	0.137871	0.598716	0.000304323	1.3602e-07	N/A	0.832757	0.695486	0.556836	0.617365	0.00159142	0.64076	0.56776
OG0000690	0.756301	0.5	0.5	0.154715	0.102088	0.601244	7.80236e-05	0.00320011	0.0957027	N/A	0.697369	0.123702	0.520126	0.544748	0.00828931	2.43798e-10	0.612135
OG0000695	0.526493	0.586825	0.586825	6.91353e-06	0.703899	0.264988	0.598716	0.54359	0.00144473	N/A	0.217281	0.299082	0.0304667	0.646832	0.561115	0.0696388	0.0371843
OG0000696	0.83681	0.0210788	0.231726	0.768135	0.733066	0.137871	0.149855	0.536738	0.0192946	N/A	0.100768	0.732905	0.573577	0.0906147	0.574586	0.64076	0.56776
OG0000703	0.526493	0.00127647	0.65174	0.421377	0.703899	0.700698	0.598716	0.54359	0.54359	N/A	0.100768	0.732905	0.573577	0.646832	0.0331148	0.64076	0.0371843
OG0000705	0.0776588	0.231726	0.0210788	0.768135	0.314564	0.672871	0.0567459	0.536738	0.0192946	N/A	0.309272	0.732905	0.573577	0.646832	0.561115	0.0696388	0.56776
OG0000706	0.203812	7.71797e-06	0.345267	0.294687	0.733066	6.74885e-07	0.598716	0.536738	0.0553244	N/A	0.131043	0.240984	0.604175	0.302448	0.574586	0.64076	0.56776
OG0000708	1.11014e-27	0.0693598	0.54662	0.5	0.5	0.5	0.5	0.5	0.5	N/A	0.0151654	0.583746	0.030085	0.5	0.5	0.5	0.5
OG0000709	0.756301	0.5	0.5	0.605212	0.102088	0.601244	0.543596	0.575591	0.0423002	N/A	0.697369	0.123702	0.520126	0.544748	0.00828931	0.565351	1.76943e-16
OG0000711	0.526493	0.000289177	0.311624	0.473385	0.733066	0.310606	0.598716	0.536738	0.0553244	N/A	0.0145773	0.206514	0.589335	0.672604	0.574586	0.64076	0.56776
OG0000712	0.871099	0.116998	0.677962	0.355122	0.668125	0.212567	0.563236	0.0269899	0.550286	N/A	0.832757	0.0378676	0.556836	0.617365	0.54696	0.593151	3.53017e-07
OG0000721	0.871099	0.00383251	0.700838	0.041886	0.703899	0.672871	0.598716	0.536738	0.0553244	N/A	0.309272	0.0613019	0.573577	0.646832	0.561115	0.0696388	0.56776
OG0000723	0.0776588	0.0712625	0.18413	0.0244268	0.668125	0.672871	0.0678967	0.54359	0.54359	N/A	0.832757	0.695486	0.556836	0.617365	0.0248574	0.01189	0.579593
OG0000727	0.756301	0.54662	0.54662	0.154715	0.62392	0.0566821	0.0114165	0.54359	0.065727	N/A	0.697369	0.583746	0.520126	0.0228501	1.8403e-07	0.661149	0.579593
OG0000735	0.142253	0.00765457	0.0944197	0.211576	0.139528	0.672871	0.581577	0.536738	0.0192946	N/A	0.309272	0.732905	0.573577	0.646832	0.561115	0.618185	0.0297777
OG0000736	0.0220168	0.00071883	0.677962	0.255402	0.733066	0.700698	0.581577	0.0154401	0.000184061	N/A	0.380895	0.762185	0.589335	0.672604	0.574586	0.215134	0.555392
OG0000737	0.40319	0.677962	0.677962	0.00497628	0.314564	0.137871	0.598716	0.0192946	2.48395e-06	N/A	0.309272	0.169241	0.573577	0.646832	0.0331148	0.64076	0.56776
OG0000738	0.0815	0.54662	0.54662	0.678483	0.668125	0.000147283	0.123358	0.536738	0.0192946	N/A	0.786996	0.221248	0.539044	0.045713	0.0248574	0.618185	0.0297777
OG0000740	0.40319	0.0210788	0.65174	0.421377	0.703899	0.700698	3.40405e-07	0.0447081	0.529727	N/A	0.309272	0.732905	0.573577	0.646832	0.0331148	0.64076	0.102424
OG0000742	0.477231	0.00383251	0.311624	0.00934822	0.733066	0.700698	0.581577	0.529727	0.529727	N/A	0.380895	0.206514	0.589335	0.672604	0.574586	0.215134	0.555392
OG0000744	0.40319	0.700838	0.042575	0.421377	0.017401	0.0287475	0.123358	0.529727	0.529727	N/A	0.309272	0.0613019	0.573577	0.646832	0.561115	0.618185	0.555392
OG0000745	0.526493	0.0944197	0.65174	0.768135	0.017401	0.672871	0.598716	0.00100311	0.0553244	N/A	0.100768	0.732905	0.573577	0.646832	0.561115	0.0696388	0.56776
OG0000746	0.526493	0.00071883	0.677962	0.79601	0.733066	0.310606	0.598716	0.54359	0.54359	N/A	0.0145773	0.762185	0.589335	0.672604	0.574586	0.64076	0.0371843
OG0000763	0.142253	0.700838	0.138898	0.355122	0.256093	0.212567	0.614742	0.54359	0.54359	N/A	0.832757	0.00322286	0.556836	0.617365	0.54696	0.000236396	0.579593
OG0000764	0.526493	1.14224e-06	0.273983	0.768135	0.703899	0.672871	0.581577	0.0154401	0.529727	N/A	0.100768	0.169241	0.573577	0.646832	0.561115	0.618185	0.555392
OG0000766	0.0082092	0.00408936	0.621591	0.768135	0.314564	0.672871	0.123358	0.000637864	0.529727	N/A	0.309272	0.361942	0.573577	0.646832	0.561115	0.618185	0.555392
OG0000767	0.526493	0.65174	0.0210788	0.00497628	0.703899	0.0287475	0.581577	0.0154401	0.529727	N/A	0.100768	0.732905	0.573577	0.646832	0.561115	0.618185	0.555392
OG0000769	0.83681	0.621591	0.18413	0.000423056	0.703899	0.672871	0.598716	0.0192946	0.536738	N/A	0.100768	0.361942	0.573577	0.646832	0.561115	0.0696388	0.56776
OG0000770	0.83681	0.65174	0.0944197	0.355122	0.256093	0.000147283	0.581577	0.0154401	0.000184061	N/A	0.217281	0.129292	0.556836	0.617365	0.0248574	0.618185	0.555392
OG0000771	0.871099	0.18413	0.0712625	0.355122	0.733066	0.0421525	0.0567459	0.529727	0.529727	N/A	0.832757	0.695486	0.556836	0.0113769	0.574586	0.64076	0.102424
OG0000774	0.756301	0.130342	0.586825	0.268992	0.62392	6.42321e-05	0.000864647	6.35326e-08	0.529727	N/A	0.105536	0.64708	0.539044	0.583581	0.0165788	0.593151	0.0223489
OG0000775	0.83681	0.000579131	0.00408936	0.0244268	0.00391436	0.672871	1.45684e-07	0.0231449	0.54359	N/A	0.217281	0.695486	0.556836	0.0683589	0.561115	0.618185	0.00231544
OG0000786	0.83681	1.31728e-22	0.000117003	0.0102411	0.000650462	0.601244	0.000304881	6.26574e-06	0.529727	N/A	0.786996	0.0870759	0.539044	0.583581	0.532084	0.565351	0.000548926
OG0000787	0.000135369	0.621591	0.18413	0.355122	0.256093	0.672871	0.598716	0.536738	0.0553244	N/A	0.595169	0.695486	0.556836	0.617365	0.0248574	0.0696388	0.56776
OG0000788	0.526493	0.621591	0.621591	0.211576	0.017401	0.672871	0.0114165	0.065727	0.0231449	N/A	0.100768	0.361942	0.573577	0.646832	0.561115	0.01189	0.579593
OG0000789	0.83681	0.0210788	0.231726	0.421377	0.314564	0.672871	0.0678967	0.54359	0.065727	N/A	0.100768	0.732905	0.573577	0.646832	0.561115	0.01189	0.579593
OG0000790	0.40319	6.65696e-08	0.273983	0.0910077	0.703899	0.672871	0.581577	0.0447081	0.529727	N/A	0.309272	0.169241	0.573577	0.646832	0.561115	0.618185	0.555392
OG0000791	0.83681	0.116998	0.677962	0.211576	0.703899	0.672871	4.25262e-07	0.529727	0.529727	N/A	0.100768	0.169241	0.573577	0.646832	0.561115	0.618185	0.555392
OG0000794	0.756301	0.5	0.5	0.154715	0.102088	0.000147283	0.00167612	0.54359	0.00144473	N/A	0.697369	0.123702	0.520126	0.544748	2.27957e-06	0.618185	0.00231544
OG0000796	0.0776588	0.621591	0.18413	0.0127925	0.314564	0.264988	0.581577	0.0192946	0.536738	N/A	0.309272	0.361942	0.573577	0.646832	0.561115	0.618185	0.0297777
OG0000797	0.526493	0.18413	0.621591	0.730477	0.703899	0.672871	0.0678967	0.00144473	0.00045328	N/A	0.217281	0.695486	0.556836	0.0683589	0.561115	0.01189	0.579593
OG0000798	0.83681	0.18413	0.621591	0.355122	0.668125	0.111601	0.581577	0.54359	0.54359	N/A	0.217281	0.695486	0.556836	0.617365	0.0248574	0.618185	0.00231544
OG0000810	0.871099	0.0120803	0.677962	0.79601	0.171411	6.74885e-07	0.0678967	0.54359	0.54359	N/A	0.0891625	0.762185	0.589335	0.672604	0.574586	0.0866115	0.579593
OG0000811	0.40319	0.0120803	0.677962	0.79601	0.733066	0.700698	0.123358	0.0154401	0.0447081	N/A	0.0891625	0.762185	0.589335	0.672604	0.574586	0.215134	0.555392
OG0000814	0.0776588	0.000579131	0.18413	0.0244268	0.668125	0.672871	0.598716	0.536738	0.0192946	N/A	0.832757	0.695486	0.556836	0.617365	0.0248574	0.0696388	0.56776
OG0000816	0.526493	0.00127647	0.65174	0.768135	0.139528	0.672871	1.45684e-07	0.536738	0.0192946	N/A	0.100768	0.732905	0.573577	0.646832	0.561115	0.618185	0.0297777
OG0000819	0.83681	0.00127647	0.65174	0.041886	0.314564	0.700698	0.598716	0.0192946	0.000304323	N/A	0.100768	0.732905	0.573577	0.646832	0.0331148	0.64076	0.56776
OG0000820	0.526493	3.61323e-15	0.000137509	1.54808e-07	0.733066	0.15204	0.0654064	0.00772228	0.515209	N/A	0.00393539	0.240984	0.604175	0.302448	2.6318e-05	0.565351	0.52894
OG0000821	0.756301	0.0693598	0.54662	0.154715	0.62392	0.672871	0.629736	0.0269899	0.075921	N/A	0.697369	0.583746	0.520126	0.0228501	0.000678313	0.000528894	0.590917
OG0000836	0.756301	6.05136e-59	0.00033682	0.605212	0.56891	0.0818261	0.522556	0.507693	0.507693	N/A	0.697369	0.000333322	0.520126	0.544748	0.516446	0.534433	0.514797
OG0000837	0.83681	0.0944197	0.231726	0.768135	0.139528	0.000147283	0.563236	0.0115823	0.033873	N/A	0.100768	0.732905	0.573577	0.646832	0.561115	0.179558	0.542461
OG0000841	0.83681	0.130342	0.586825	0.678483	0.256093	0.137871	9.49008e-06	0.536738	0.536738	N/A	0.786996	0.64708	0.539044	0.045713	0.00159142	0.64076	0.56776
OG0000843	0.526493	0.621591	0.621591	0.768135	0.314564	0.0287475	0.123358	0.536738	0.536738	N/A	0.100768	0.361942	0.573577	0.646832	0.561115	0.618185	0.0297777
OG0000850	0.0776588	0.621591	0.621591	0.0244268	0.139528	0.672871	0.581577	0.000637864	0.529727	N/A	0.832757	0.695486	0.556836	0.0683589	0.561115	0.618185	0.555392
OG0000853	0.871099	0.700838	0.042575	0.0244268	0.668125	0.212567	0.563236	0.54359	0.54359	N/A	0.832757	0.00322286	0.556836	0.617365	0.54696	0.593151	1.91477e-05
OG0000856	0.871099	0.621591	0.0712625	0.355122	0.256093	0.700698	0.00810445	0.536738	0.0553244	N/A	0.832757	0.695486	0.556836	0.617365	0.00159142	0.64076	0.56776
OG0000858	0.526493	0.231726	0.65174	0.124417	0.733066	0.137871	0.598716	0.529727	0.000184061	N/A	0.0145773	0.41333	0.589335	0.672604	0.574586	0.64076	0.102424
OG0000859	0.40319	0.700838	0.00383251	0.255402	0.703899	0.264988	0.0455004	0.529727	0.000184061	N/A	0.0891625	0.206514	0.589335	0.265431	0.561115	0.618185	0.555392
OG0000874	0.40319	0.0944197	0.65174	0.421377	0.703899	0.000585901	0.598716	0.00100311	0.536738	N/A	0.309272	0.732905	0.573577	0.646832	0.561115	0.0696388	0.56776
OG0000875	0.756301	0.586825	0.586825	0.268992	0.62392	0.00222918	0.614742	0.0308288	0.55683	N/A	0.105536	0.64708	0.539044	0.583581	0.532084	3.55878e-06	0.00513382
OG0000878	0.756301	0.5	0.5	0.154715	0.102088	0.555086	0.614742	4.96009e-05	0.55683	N/A	0.697369	0.123702	0.520126	0.544748	0.516446	2.64053e-08	0.00513382
OG0000882	0.83681	0.0712625	0.18413	0.730477	0.256093	0.700698	0.000290822	0.536738	0.0553244	N/A	0.217281	0.695486	0.556836	0.617365	0.00159142	0.64076	0.56776
OG0000883	0.40319	0.00127647	0.65174	0.041886	0.139528	0.672871	0.0052693	0.529727	0.529727	N/A	0.309272	0.732905	0.573577	0.646832	0.561115	0.618185	0.555392
OG0000885	0.756301	0.130342	0.00548055	0.678483	0.62392	0.672871	0.0114165	0.0231449	0.00045328	N/A	0.105536	0.64708	0.539044	0.583581	0.000678313	0.01189	0.579593
OG0000886	0.83681	0.621591	0.000579131	0.0244268	0.256093	0.700698	0.0567459	0.0192946	0.0553244	N/A	0.217281	0.695486	0.556836	0.617365	0.00159142	0.64076	0.56776
OG0000887	0.0207191	0.0693598	0.54662	0.730477	0.00961005	0.640072	0.563236	0.0231449	0.54359	N/A	0.832757	0.0147664	0.556836	0.617365	0.54696	0.593151	1.91477e-05
OG0000889	0.526493	4.46974e-26	0.0120803	0.355122	0.668125	0.212567	0.0952486	0.522552	0.522552	N/A	0.217281	0.0378676	0.556836	0.617365	0.54696	0.593151	0.542461
OG0000896	0.526493	0.65174	0.0210788	0.768135	0.139528	0.264988	0.598716	0.536738	0.0553244	N/A	0.100768	0.732905	0.573577	0.646832	0.561115	0.0696388	0.56776
OG0000898	0.871099	0.65174	0.231726	0.421377	0.139528	0.672871	0.123358	0.529727	0.000637864	N/A	0.309272	0.732905	0.573577	0.646832	0.561115	0.618185	0.555392
OG0000899	0.756301	0.5	0.5	0.154715	0.102088	0.017015	9.59657e-06	0.55683	0.55683	N/A	0.697369	0.123702	0.520126	0.544748	0.000137463	0.593151	7.35287e-09
OG0000900	0.142253	0.130342	0.586825	0.355122	0.703899	0.264988	0.598716	0.00100311	0.0553244	N/A	0.832757	0.299082	0.556836	0.0683589	0.561115	0.0696388	0.56776
OG0000903	0.871099	0.65174	0.231726	0.768135	0.314564	0.264988	0.598716	0.0553244	0.0192946	N/A	0.309272	0.732905	0.573577	0.646832	0.561115	0.0696388	0.56776
OG0000904	0.526493	0.621591	0.621591	0.355122	0.668125	0.640072	0.0114165	0.065727	0.54359	N/A	0.217281	0.695486	0.556836	0.617365	0.54696	0.000236396	0.579593
OG0000905	0.83681	0.586825	0.586825	0.678483	0.256093	0.700698	0.598716	0.536738	0.0192946	N/A	0.786996	0.64708	0.539044	0.045713	0.00159142	0.64076	0.56776
OG0000906	0.526493	0.00127647	0.65174	0.768135	0.703899	0.672871	1.45684e-07	0.0154401	0.529727	N/A	0.100768	0.732905	0.573577	0.646832	0.561115	0.618185	0.555392
OG0000907	0.756301	0.5	0.5	0.605212	0.000650462	0.15204	0.000304881	0.55683	7.7387e-07	N/A	0.697369	0.123702	0.520126	0.0228501	0.532084	0.565351	3.74337e-11
OG0000924	0.614525	0.00573293	0.720859	0.255402	0.171411	0.010873	0.581577	0.0447081	0.529727	N/A	0.0891625	0.0863022	0.589335	0.672604	0.112844	0.618185	0.555392
OG0000925	0.871099	0.65174	0.65174	0.421377	0.703899	0.00206501	0.581577	0.522552	0.033873	N/A	0.309272	0.732905	0.573577	0.646832	0.561115	0.618185	0.0835184
OG0000926	0.756301	0.130342	0.586825	0.268992	0.62392	0.0844237	0.0952486	0.00144473	0.54359	N/A	0.105536	0.64708	0.539044	0.583581	0.0165788	0.593151	1.91477e-05
OG0000927	0.83681	0.0800996	0.753927	0.041886	0.703899	0.672871	0.0952486	0.522552	0.522552	N/A	0.100768	0.000150548	0.573577	0.646832	0.561115	0.179558	0.542461
OG0000929	0.526493	0.160055	0.720859	0.79601	0.703899	0.010873	0.0052693	0.529727	0.529727	N/A	0.0145773	0.0863022	0.589335	0.265431	0.561115	0.618185	0.555392
OG0000931	0.83681	4.74098e-09	0.273983	0.768135	0.0432809	0.640072	0.563236	0.522552	0.522552	N/A	0.100768	0.169241	0.573577	0.646832	0.0922035	0.593151	0.542461
OG0000932	0.0111044	0.130342	0.586825	0.0102411	0.186225	0.017015	0.000864647	0.536738	0.0192946	N/A	0.786996	0.64708	0.539044	0.583581	0.0165788	0.593151	0.00129082
OG0000937	0.83681	1.4075e-12	0.273983	0.768135	0.668125	0.640072	0.0341793	0.522552	0.522552	N/A	0.100768	0.169241	0.573577	0.22405	0.54696	0.593151	0.542461
OG0000938	0.756301	0.54662	0.54662	0.678483	0.703899	0.00206501	0.581577	0.529727	0.529727	N/A	0.105536	0.221248	0.539044	0.00504752	0.561115	0.618185	0.555392
OG0000939	0.83681	0.00020209	0.130342	0.268992	0.186225	0.640072	0.0567459	0.00100311	0.0553244	N/A	0.786996	0.64708	0.539044	0.583581	0.0165788	0.00682429	0.56776
OG0000951	0.40319	7.73155e-05	0.231726	0.0244268	0.668125	0.640072	0.581577	0.529727	0.000637864	N/A	0.832757	0.129292	0.556836	0.617365	0.54696	0.0524153	0.555392
OG0000955	0.526493	0.738439	0.738439	0.768135	0.703899	7.07926e-06	0.123358	0.536738	0.0192946	N/A	0.100768	0.000726709	0.573577	0.646832	0.561115	0.618185	0.0297777
OG0000958	0.83681	0.18413	0.621591	0.730477	0.668125	0.672871	4.25262e-07	0.529727	0.529727	N/A	0.217281	0.695486	0.556836	0.617365	0.0248574	0.618185	0.555392
OG0000963	0.0815	0.586825	0.130342	0.268992	0.668125	0.640072	0.598716	0.54359	0.54359	N/A	0.786996	0.64708	0.539044	0.045713	0.54696	0.00682429	0.0371843
OG0000964	0.83681	1.18549e-15	0.0172425	0.211576	0.703899	0.640072	0.543596	0.0228136	0.515209	N/A	0.100768	0.0613019	0.573577	0.646832	0.0922035	0.140663	0.52894
OG0000965	0.871099	0.18413	0.621591	0.730477	0.668125	0.0287475	0.581577	0.0154401	0.0447081	N/A	0.832757	0.695486	0.556836	0.617365	0.0248574	0.618185	0.555392
OG0000966	0.526493	0.199999	0.753927	0.768135	0.00391436	0.672871	0.543596	0.515209	0.515209	N/A	0.100768	0.000150548	0.573577	0.646832	0.561115	0.00405141	0.52894
OG0000967	0.526493	0.231726	1.06574e-05	0.0127925	0.00123235	0.672871	0.581577	0.529727	0.0447081	N/A	0.100768	0.732905	0.573577	0.646832	0.561115	0.618185	0.555392
OG0000979	0.0772611	3.3063e-05	0.0312902	0.79601	1.03404e-05	6.74885e-07	1.61796e-14	3.24141e-09	0.529727	N/A	0.380895	0.762185	0.589335	0.672604	0.574586	0.64076	0.102424
OG0000984	0.526493	1.14224e-06	0.273983	0.421377	0.703899	0.672871	0.563236	0.522552	0.0115823	N/A	0.100768	0.169241	0.573577	0.646832	0.561115	0.179558	0.542461
OG0000985	0.142253	0.00408936	0.000579131	0.730477	0.00961005	0.111601	0.581577	0.529727	0.529727	N/A	0.832757	0.695486	0.556836	0.617365	0.0248574	0.618185	0.555392
OG0000987	0.83681	0.00033682	0.65174	0.768135	0.314564	0.672871	0.581577	0.529727	0.000637864	N/A	0.100768	0.732905	0.573577	0.646832	0.561115	0.618185	0.555392
OG0000989	0.83681	0.586825	0.586825	0.678483	0.62392	0.601244	0.614742	0.065727	2.10168e-05	N/A	0.786996	0.64708	0.539044	0.583581	0.532084	3.55878e-06	0.579593
OG0001004	0.40319	0.0944197	0.65174	0.768135	0.139528	0.264988	0.000152737	0.522552	0.522552	N/A	0.309272	0.732905	0.573577	0.646832	0.561115	0.618185	0.0835184
OG0001006	0.83681	0.0476668	0.586825	0.678483	0.62392	0.672871	0.598716	0.536738	0.0553244	N/A	0.786996	0.64708	0.539044	0.583581	0.000678313	0.0696388	0.56776
OG0001009	0.142253	0.621591	0.621591	0.0244268	0.256093	0.111601	0.0052693	0.0447081	0.529727	N/A	0.832757	0.695486	0.556836	0.617365	0.0248574	0.618185	0.555392
OG0001010	0.614525	0.00383251	0.700838	0.124417	0.00961005	0.212567	0.563236	0.529727	0.529727	N/A	0.0891625	0.206514	0.589335	0.011109	0.54696	0.593151	0.0223489
OG0001011	0.526493	0.65174	0.0210788	0.768135	0.703899	0.010873	0.0567459	0.536738	0.0553244	N/A	0.100768	0.732905	0.573577	0.646832	0.561115	0.0696388	0.56776
OG0001013	0.526493	0.00765457	0.0944197	7.95243e-12	0.00961005	0.640072	0.563236	0.522552	0.522552	N/A	0.100768	0.732905	0.573577	0.22405	0.54696	0.593151	0.542461
OG0001014	0.40319	0.00765457	0.0210788	0.421377	0.139528	0.264988	0.0455004	0.0154401	0.0447081	N/A	0.309272	0.732905	0.573577	0.646832	0.561115	0.618185	0.555392
OG0001016	0.526493	2.44264e-14	0.00765457	0.00206251	0.0261507	0.640072	0.0341793	0.522552	0.522552	N/A	0.217281	0.129292	0.556836	0.617365	0.54696	0.593151	0.542461
OG0001018	0.526493	0.0123196	0.18413	0.355122	0.139528	0.672871	0.0455004	0.529727	0.529727	N/A	0.217281	0.695486	0.556836	0.0683589	0.561115	0.618185	0.555392
OG0001031	0.526493	0.00408936	3.33479e-05	0.0244268	0.000154141	0.640072	0.563236	0.0154401	0.529727	N/A	0.217281	0.695486	0.556836	0.617365	0.54696	0.593151	0.0223489
OG0001032	0.526493	0.0123196	0.621591	0.355122	0.668125	0.640072	0.598716	0.0553244	0.0192946	N/A	0.217281	0.695486	0.556836	0.617365	0.54696	0.00682429	0.56776
OG0001034	0.0776588	1.22853e-18	0.0120803	0.730477	0.186225	0.15204	0.0228047	0.515209	0.515209	N/A	0.832757	0.0378676	0.556836	0.17765	0.532084	0.565351	0.52894
OG0001037	0.83681	0.0210788	0.65174	0.768135	0.139528	0.672871	0.581577	0.529727	0.000184061	N/A	0.100768	0.732905	0.573577	0.646832	0.561115	0.618185	0.555392
OG0001042	0.526493	0.621591	0.0712625	0.0244268	0.703899	0.264988	0.598716	0.536738	0.0192946	N/A	0.217281	0.695486	0.556836	0.0683589	0.561115	0.0696388	0.56776
OG0001046	0.83681	0.00235073	0.273983	0.041886	0.703899	0.672871	0.581577	0.529727	0.0447081	N/A	0.100768	0.169241	0.573577	0.646832	0.561115	0.618185	0.555392
OG0001047	0.83681	0.231726	0.65174	0.768135	0.314564	0.111601	0.0455004	0.529727	0.000184061	N/A	0.100768	0.732905	0.573577	0.646832	0.561115	0.618185	0.555392
OG0001048	0.83681	0.0944197	0.65174	0.041886	0.703899	0.111601	0.000152737	0.522552	0.522552	N/A	0.100768	0.732905	0.573577	0.646832	0.561115	0.618185	0.0835184
OG0001050	0.83681	6.76057e-12	0.231726	0.730477	0.668125	0.640072	0.563236	0.522552	0.522552	N/A	0.217281	0.129292	0.556836	0.617365	0.54696	0.593151	0.542461
OG0001051	0.526493	0.621591	0.0712625	0.730477	0.256093	0.640072	0.563236	0.0192946	0.536738	N/A	0.217281	0.695486	0.556836	0.617365	0.54696	0.593151	0.00129082
OG0001052	0.526493	0.621591	0.0712625	0.730477	0.668125	0.111601	0.000152737	0.529727	0.000184061	N/A	0.217281	0.695486	0.556836	0.617365	0.0248574	0.618185	0.555392
OG0001053	0.756301	0.00548055	0.586825	0.678483	0.62392	0.640072	0.563236	0.54359	0.54359	N/A	0.105536	0.64708	0.539044	0.583581	0.0165788	0.593151	1.91477e-05
OG0001055	0.526493	0.00235073	0.677962	0.768135	0.00391436	0.264988	0.0455004	0.522552	0.033873	N/A	0.100768	0.169241	0.573577	0.646832	0.561115	0.618185	0.0835184
OG0001071	0.83681	3.81236e-08	0.130342	0.268992	0.186225	0.0287475	0.581577	3.24141e-09	6.35326e-08	N/A	0.786996	0.64708	0.539044	0.583581	0.000678313	0.618185	0.555392
OG0001072	0.756301	0.586825	0.586825	0.0281791	0.0711731	0.15204	0.0654064	0.515209	2.88354e-25	N/A	0.105536	0.64708	0.539044	0.583581	0.532084	0.565351	0.52894
OG0001074	0.871099	0.00127647	0.231726	0.0580412	0.668125	0.640072	0.563236	0.529727	0.529727	N/A	0.832757	0.129292	0.556836	0.617365	0.54696	0.593151	0.0223489
OG0001076	0.0776588	0.586825	0.586825	0.00623898	0.256093	0.017015	0.563236	0.0115823	9.29935e-05	N/A	0.832757	0.299082	0.556836	0.617365	0.54696	0.593151	0.542461
OG0001079	0.40319	0.273983	6.65696e-08	0.355122	0.668125	0.640072	0.563236	0.522552	0.033873	N/A	0.832757	0.0378676	0.556836	0.617365	0.54696	0.593151	0.542461
OG0001081	0.526493	0.621591	0.18413	0.0244268	0.0432809	0.111601	0.581577	0.529727	0.529727	N/A	0.217281	0.695486	0.556836	0.0683589	0.561115	0.618185	0.555392
OG0001099	0.40319	0.0546273	0.720859	0.0244268	0.256093	0.0844237	0.563236	0.515209	0.515209	N/A	0.832757	0.00032872	0.556836	0.617365	0.54696	0.593151	0.0638598
OG0001100	0.40319	0.18413	2.21484e-06	0.730477	0.668125	0.212567	0.581577	0.0154401	0.529727	N/A	0.832757	0.695486	0.556836	0.617365	0.54696	0.0524153	0.555392
OG0001102	0.871099	0.621591	0.18413	0.163122	0.256093	0.000210169	0.598716	0.00100311	0.0553244	N/A	0.832757	0.695486	0.556836	0.617365	0.54696	0.00682429	0.56776
OG0001103	0.756301	0.0238258	0.54662	0.605212	0.56891	0.640072	0.563236	0.0231449	0.54359	N/A	0.697369	0.583746	0.520126	0.544748	0.000137463	0.593151	1.91477e-05
OG0001104	0.83681	0.0476668	0.586825	0.678483	0.62392	0.000946689	0.0952486	0.000351888	0.522552	N/A	0.786996	0.64708	0.539044	0.583581	0.0165788	0.593151	0.542461
OG0001105	0.756301	0.5	0.5	0.154715	0.102088	0.00766286	0.000304881	0.550286	0.0269899	N/A	0.697369	0.123702	0.520126	0.544748	0.00828931	0.565351	2.15386e-09
OG0001109	0.83681	0.586825	0.130342	0.000791187	0.00182532	0.212567	0.000864647	2.60233e-08	0.522552	N/A	0.217281	0.299082	0.556836	0.617365	0.54696	0.593151	0.542461
OG0001111	1.43963e-08	0.0944197	0.231726	0.211576	0.62392	0.601244	0.522556	0.507693	0.0115245	N/A	0.638483	0.732905	0.573577	0.00702242	0.532084	0.0980681	0.514797
OG0001113	0.83681	0.0123196	0.621591	0.355122	0.106012	0.212567	0.581577	0.0154401	0.529727	N/A	0.217281	0.695486	0.556836	0.617365	0.54696	0.0524153	0.555392
OG0001114	0.871099	0.18413	0.0712625	0.0580412	0.000462887	0.640072	0.563236	0.529727	0.0154401	N/A	0.832757	0.695486	0.556836	0.617365	0.54696	0.593151	0.0223489
OG0001115	0.526493	3.41302e-16	0.273983	0.355122	0.106012	0.640072	0.543596	0.515209	0.515209	N/A	0.217281	0.0378676	0.556836	0.617365	0.54696	0.140663	0.52894
OG0001118	0.83681	0.00127647	0.65174	0.730477	0.0261507	0.640072	0.0341793	0.522552	0.033873	N/A	0.217281	0.129292	0.556836	0.617365	0.54696	0.593151	0.542461
OG0001119	0.83681	0.0712625	0.621591	0.0244268	0.256093	0.0844237	0.563236	0.536738	0.536738	N/A	0.217281	0.695486	0.556836	0.617365	0.54696	0.593151	0.00129082
OG0001123	0.83681	0.00127647	0.65174	0.730477	0.668125	0.017015	0.0952486	0.522552	0.522552	N/A	0.217281	0.129292	0.556836	0.617365	0.54696	0.593151	0.542461
OG0001124	0.83681	6.65696e-08	0.273983	0.768135	0.668125	0.212567	0.0341793	0.522552	0.522552	N/A	0.100768	0.169241	0.573577	0.22405	0.54696	0.593151	0.542461
OG0001139	0.526493	2.63163e-08	0.65174	0.730477	0.106012	0.640072	0.563236	0.522552	0.522552	N/A	0.217281	0.129292	0.556836	0.617365	0.54696	0.593151	0.542461
OG0001142	0.756301	0.00548055	0.586825	0.678483	0.62392	0.0565411	0.543596	2.60233e-08	0.522552	N/A	0.105536	0.64708	0.539044	0.583581	0.532084	0.565351	0.0149045
OG0001143	0.871099	0.00235073	0.273983	0.768135	0.703899	7.07926e-06	0.581577	0.0154401	0.529727	N/A	0.309272	0.169241	0.573577	0.646832	0.561115	0.618185	0.555392
OG0001144	0.40319	3.87857e-07	0.65174	0.0244268	0.668125	0.640072	0.563236	0.522552	0.522552	N/A	0.832757	0.129292	0.556836	0.617365	0.54696	0.593151	0.542461
OG0001148	0.871099	0.00235073	0.273983	0.211576	0.139528	0.640072	0.563236	0.033873	0.522552	N/A	0.309272	0.169241	0.573577	0.646832	0.0922035	0.593151	0.542461
OG0001149	0.526493	0.273983	0.00235073	0.041886	0.139528	0.672871	0.0952486	0.522552	0.033873	N/A	0.100768	0.169241	0.573577	0.646832	0.561115	0.179558	0.542461
OG0001150	0.002331	0.0693598	0.54662	0.211576	0.017401	0.111601	0.0455004	0.522552	2.81784e-07	N/A	0.859166	0.00235083	0.573577	0.646832	0.561115	0.618185	0.0835184
OG0001152	0.526493	0.0123196	0.621591	0.355122	0.256093	0.017015	0.563236	0.000351888	0.033873	N/A	0.217281	0.695486	0.556836	0.617365	0.54696	0.593151	0.542461
OG0001154	0.871099	0.116998	0.677962	0.211576	0.314564	0.0287475	0.543596	0.515209	0.0228136	N/A	0.309272	0.169241	0.573577	0.646832	0.561115	0.00405141	0.52894
OG0001156	0.526493	0.18413	0.621591	0.211576	0.703899	0.672871	0.0052693	0.529727	0.0447081	N/A	0.100768	0.361942	0.573577	0.646832	0.561115	0.618185	0.555392
OG0001158	0.756301	0.621591	0.0712625	0.268992	0.186225	6.42321e-05	0.563236	0.522552	0.0115823	N/A	0.105536	0.0870759	0.539044	0.583581	0.0165788	0.593151	0.542461
OG0001181	0.526493	0.586825	0.586825	0.768135	0.703899	0.672871	3.11475e-05	0.0154401	0.529727	N/A	0.217281	0.299082	0.0304667	0.646832	0.561115	0.618185	0.555392
OG0001182	0.526493	3.87857e-07	0.231726	0.730477	0.106012	0.640072	0.563236	0.522552	0.522552	N/A	0.217281	0.129292	0.556836	0.617365	0.54696	0.593151	0.542461
OG0001184	0.294252	0.621591	3.33479e-05	0.268992	0.186225	0.601244	0.0654064	0.536738	0.536738	N/A	0.786996	0.0870759	0.539044	0.583581	0.532084	0.565351	6.4773e-06
OG0001186	0.294252	0.54662	0.54662	0.110464	0.62392	0.15204	0.598716	0.54359	0.54359	N/A	0.786996	0.221248	0.539044	0.583581	0.532084	8.15261e-05	0.0371843
OG0001188	0.871099	0.586825	0.586825	0.730477	0.256093	0.672871	0.581577	0.0154401	0.0447081	N/A	0.832757	0.299082	0.556836	0.617365	0.0248574	0.618185	0.555392
OG0001191	0.83681	0.00127647	0.65174	0.730477	0.668125	0.212567	0.563236	0.529727	0.529727	N/A	0.217281	0.129292	0.556836	0.617365	0.54696	0.593151	0.0223489
OG0001194	0.526493	1.14224e-06	0.273983	0.768135	0.703899	0.640072	0.563236	0.522552	0.033873	N/A	0.100768	0.169241	0.573577	0.646832	0.0922035	0.593151	0.542461
OG0001196	1.86328e-05	0.586825	0.586825	0.355122	0.668125	0.212567	0.563236	0.0115823	0.033873	N/A	0.595169	0.299082	0.556836	0.617365	0.54696	0.593151	0.542461
OG0001199	0.83681	0.000579131	0.621591	0.355122	0.106012	0.640072	0.563236	0.0115823	0.522552	N/A	0.217281	0.695486	0.556836	0.617365	0.54696	0.593151	0.542461
OG0001200	0.294252	4.7509e-18	0.231726	0.268992	0.0711731	0.601244	0.0228047	0.515209	0.515209	N/A	0.786996	0.0177934	0.539044	0.583581	0.532084	0.565351	0.52894
OG0001205	0.40319	0.65174	0.00127647	0.211576	0.256093	0.0844237	0.563236	0.515209	0.515209	N/A	0.309272	0.732905	0.573577	0.22405	0.54696	0.593151	0.0638598
OG0001207	0.526493	0.0123196	0.18413	0.730477	0.00961005	0.000946689	9.59657e-06	0.522552	0.0115823	N/A	0.217281	0.695486	0.556836	0.617365	0.54696	0.593151	0.542461
OG0001208	0.294252	0.586825	0.586825	0.678483	0.703899	0.111601	3.11475e-05	0.529727	0.529727	N/A	0.786996	0.64708	0.539044	0.00504752	0.561115	0.618185	0.555392
OG0001209	0.526493	0.000579131	0.621591	0.730477	0.256093	0.017015	0.0952486	0.522552	0.522552	N/A	0.217281	0.695486	0.556836	0.617365	0.54696	0.593151	0.542461
OG0001210	0.83681	0.0476668	0.586825	0.678483	0.62392	0.672871	0.0567459	0.000304323	0.536738	N/A	0.786996	0.64708	0.539044	0.583581	0.000678313	0.0696388	0.56776
OG0001211	0.526493	1.72073e-09	0.231726	0.163122	0.668125	0.640072	0.563236	0.033873	0.0115823	N/A	0.217281	0.129292	0.556836	0.617365	0.54696	0.593151	0.542461
OG0001212	0.756301	0.54662	0.54662	0.154715	0.703899	0.672871	0.123358	0.0154401	0.529727	N/A	0.697369	0.583746	0.520126	4.79233e-05	0.561115	0.618185	0.555392
OG0001214	0.526493	8.58796e-09	0.00408936	0.355122	0.00182532	0.640072	0.0952486	0.000351888	9.29935e-05	N/A	0.217281	0.695486	0.556836	0.617365	0.54696	0.593151	0.542461
OG0001230	0.83681	0.00548055	0.586825	0.268992	0.62392	0.0844237	0.563236	0.529727	0.529727	N/A	0.786996	0.64708	0.539044	0.583581	0.0165788	0.593151	0.0223489
OG0001231	0.756301	0.0693598	0.54662	0.605212	0.56891	0.640072	0.581577	0.536738	0.00100311	N/A	0.697369	0.583746	0.520126	0.544748	0.000137463	0.0524153	0.0297777
OG0001232	1.52802e-09	0.130342	0.586825	0.268992	0.62392	0.00222918	0.563236	0.033873	0.522552	N/A	0.23267	0.64708	0.539044	0.583581	0.532084	0.0350084	0.542461
OG0001235	0.40319	0.621591	0.0712625	0.163122	0.668125	0.000946689	0.563236	0.515209	0.0228136	N/A	0.832757	0.695486	0.556836	0.617365	0.54696	0.593151	0.0638598
OG0001238	0.83681	0.130342	0.586825	0.268992	0.668125	0.000946689	0.0952486	0.0115823	0.522552	N/A	0.786996	0.64708	0.539044	0.045713	0.54696	0.593151	0.542461
OG0001239	0.526493	1.5107e-20	0.00765457	0.163122	0.62392	0.601244	0.543596	0.515209	0.515209	N/A	0.217281	0.129292	0.556836	0.17765	0.532084	0.565351	0.52894
OG0001240	0.83681	0.00548055	0.586825	0.268992	0.62392	0.601244	0.0567459	0.0192946	0.0553244	N/A	0.786996	0.64708	0.539044	0.583581	0.532084	8.15261e-05	0.56776
OG0001242	0.0082092	0.621591	0.18413	0.355122	0.256093	0.640072	0.563236	0.0115823	0.033873	N/A	0.832757	0.695486	0.556836	0.617365	0.54696	0.593151	0.542461
OG0001249	0.756301	0.130342	0.0476668	0.268992	0.668125	6.42321e-05	0.543596	0.00772228	0.515209	N/A	0.105536	0.64708	0.539044	0.045713	0.54696	0.140663	0.52894
OG0001250	0.83681	0.00765457	0.0944197	0.211576	0.139528	0.672871	0.0654064	0.00772228	0.515209	N/A	0.100768	0.732905	0.573577	0.646832	0.561115	0.00405141	0.52894
OG0001252	0.756301	0.586825	0.586825	0.678483	0.62392	0.111601	0.0455004	0.529727	0.0447081	N/A	0.105536	0.64708	0.539044	0.583581	0.000678313	0.618185	0.555392
OG0001253	0.40319	1.06574e-05	0.65174	0.730477	0.668125	0.640072	9.59657e-06	0.522552	0.522552	N/A	0.832757	0.129292	0.556836	0.617365	0.54696	0.593151	0.542461
OG0001254	0.0815	0.54662	0.54662	0.678483	0.62392	0.601244	0.00810445	0.0553244	0.536738	N/A	0.786996	0.221248	0.539044	0.583581	0.532084	8.15261e-05	0.56776
OG0001256	0.756301	0.00548055	0.586825	0.678483	0.62392	0.640072	0.581577	0.0154401	0.529727	N/A	0.105536	0.64708	0.539044	0.583581	0.0165788	0.0524153	0.555392
OG0001257	3.75483e-08	0.130342	0.0476668	0.678483	0.62392	0.601244	0.543596	0.515209	0.515209	N/A	0.23267	0.64708	0.539044	0.583581	0.532084	0.565351	0.52894
OG0001258	9.47258e-16	0.54662	0.54662	0.154715	0.56891	0.0818261	0.522556	0.507693	0.507693	N/A	0.0363787	0.583746	0.520126	0.544748	0.516446	0.534433	0.514797
OG0001262	0.83681	0.0210788	0.65174	0.0244268	0.106012	0.0844237	0.563236	0.033873	0.0115823	N/A	0.217281	0.129292	0.556836	0.617365	0.54696	0.593151	0.542461
OG0001263	0.83681	0.586825	0.586825	0.268992	0.62392	0.640072	0.0455004	0.529727	0.0154401	N/A	0.786996	0.64708	0.539044	0.583581	0.0165788	0.0524153	0.555392
OG0001264	0.83681	0.621591	0.18413	0.355122	0.703899	0.672871	1.45684e-07	0.529727	0.529727	N/A	0.217281	0.695486	0.556836	0.0683589	0.561115	0.618185	0.555392
OG0001266	0.83681	0.0712625	0.621591	0.0244268	0.106012	0.017015	0.563236	0.522552	0.0115823	N/A	0.217281	0.695486	0.556836	0.617365	0.54696	0.593151	0.542461
OG0001276	0.000921693	0.00765457	0.00127647	0.211576	0.62392	0.601244	0.0228047	0.0228136	0.515209	N/A	0.859166	0.732905	0.573577	0.00702242	0.532084	0.565351	0.52894
OG0001277	0.83681	0.621591	0.18413	0.355122	0.668125	0.212567	0.0455004	0.0154401	0.529727	N/A	0.217281	0.695486	0.556836	0.617365	0.54696	0.0524153	0.555392
OG0001278	0.756301	0.0476668	0.586825	0.268992	0.62392	0.640072	0.563236	0.0154401	0.529727	N/A	0.105536	0.64708	0.539044	0.583581	0.0165788	0.593151	0.0223489
OG0001279	0.756301	0.0693598	0.0238258	0.605212	0.56891	0.640072	0.598716	0.536738	0.0192946	N/A	0.697369	0.583746	0.520126	0.544748	0.000137463	0.00682429	0.56776
OG0001281	0.83681	0.621591	0.621591	0.211576	0.703899	0.000585901	0.0455004	0.529727	0.529727	N/A	0.217281	0.695486	0.0304667	0.646832	0.561115	0.618185	0.555392
OG0001286	0.142253	1.09197e-10	0.00765457	0.355122	0.106012	0.601244	0.543596	0.00772228	0.515209	N/A	0.832757	0.129292	0.556836	0.617365	0.0706487	0.565351	0.52894
OG0001288	0.871099	3.33479e-05	0.621591	0.730477	0.106012	0.212567	0.0341793	0.522552	0.522552	N/A	0.832757	0.695486	0.556836	0.617365	0.54696	0.593151	0.542461
OG0001289	0.526493	0.000117003	0.621591	0.211576	0.703899	0.672871	0.581577	0.0447081	0.529727	N/A	0.100768	0.361942	0.573577	0.646832	0.561115	0.618185	0.555392
OG0001291	0.83681	0.130342	0.586825	0.268992	0.186225	2.34619e-05	0.543596	0.000148177	0.515209	N/A	0.786996	0.64708	0.539044	0.583581	0.532084	0.565351	0.52894
OG0001292	0.756301	0.5	0.5	0.154715	0.102088	0.555086	0.522556	0.0019599	0.550286	N/A	0.697369	0.123702	0.520126	0.544748	0.516446	0.534433	5.48702e-12
OG0001293	0.756301	1.35063e-11	0.54662	0.154715	0.102088	0.0282556	0.522556	0.515209	5.61528e-17	N/A	0.697369	0.583746	0.520126	0.544748	0.516446	0.534433	0.00745219
OG0001294	0.83681	0.130342	0.586825	0.768135	0.703899	0.010873	0.598716	0.536738	0.0553244	N/A	0.217281	0.299082	0.0304667	0.646832	0.561115	0.0696388	0.56776
OG0001295	0.83681	0.0123196	0.621591	0.00623898	0.668125	0.640072	0.563236	0.033873	0.0115823	N/A	0.217281	0.695486	0.556836	0.617365	0.54696	0.593151	0.542461
OG0001296	0.756301	0.0693598	0.54662	0.605212	0.62392	0.672871	0.581577	0.000637864	0.529727	N/A	0.697369	0.583746	0.520126	0.0228501	0.000678313	0.618185	0.555392
OG0001298	0.871099	3.33479e-05	0.621591	0.0244268	0.668125	0.640072	9.59657e-06	0.529727	0.529727	N/A	0.832757	0.695486	0.556836	0.617365	0.54696	0.593151	0.0223489
OG0001320	0.526493	0.586825	0.130342	1.04765e-14	1.01752e-09	0.00222918	0.543596	0.5	0.5	N/A	0.217281	0.299082	0.00237271	0.672604	2.6318e-05	0.565351	0.000123837
OG0001323	0.526493	7.28338e-38	0.00128946	0.110464	0.5	0.5	0.5	0.5	0.5	N/A	0.786996	0.000126254	0.539044	0.00138683	0.5	0.5	0.5
OG0001326	0.0776588	0.65174	0.00127647	0.355122	0.668125	0.00588216	0.581577	0.529727	0.0447081	N/A	0.832757	0.129292	0.556836	0.617365	0.54696	0.0524153	0.555392
OG0001327	0.83681	8.67231e-19	0.00408936	0.678483	0.62392	0.0565411	0.543596	0.515209	0.515209	N/A	0.786996	0.0870759	0.539044	0.583581	0.532084	0.565351	0.52894
OG0001328	0.83681	0.18413	0.621591	0.355122	0.106012	0.640072	0.0052693	0.529727	0.000184061	N/A	0.217281	0.695486	0.556836	0.617365	0.54696	0.0524153	0.555392
OG0001330	0.40319	0.0210788	0.65174	0.768135	0.703899	0.672871	0.563236	0.0228136	0.515209	N/A	0.309272	0.732905	0.573577	0.646832	0.561115	0.179558	0.0638598
OG0001332	0.40319	7.73155e-05	0.65174	0.730477	0.668125	0.601244	0.543596	0.515209	0.000148177	N/A	0.832757	0.129292	0.556836	0.617365	0.0706487	0.565351	0.52894
OG0001334	0.526493	7.73155e-05	0.65174	0.730477	0.256093	0.640072	0.0341793	0.522552	0.033873	N/A	0.217281	0.129292	0.556836	0.617365	0.54696	0.593151	0.542461
OG0001338	0.294252	0.130342	0.586825	0.678483	0.62392	0.017015	0.000864647	0.529727	0.529727	N/A	0.786996	0.64708	0.539044	0.583581	0.0165788	0.593151	0.0223489
OG0001344	0.83681	5.11258e-10	0.18413	0.355122	0.668125	0.00588216	0.581577	0.529727	0.0447081	N/A	0.217281	0.695486	0.556836	0.617365	0.54696	0.0524153	0.555392
OG0001346	0.83681	7.73155e-05	0.65174	0.0244268	0.106012	0.640072	0.563236	0.522552	0.522552	N/A	0.217281	0.129292	0.556836	0.617365	0.54696	0.593151	0.542461
OG0001347	0.756301	0.54662	0.54662	0.678483	0.62392	0.672871	0.598716	0.536738	0.0553244	N/A	0.105536	0.221248	0.539044	0.583581	0.000678313	0.0696388	0.56776
OG0001348	0.756301	0.0476668	0.586825	0.678483	0.62392	0.111601	0.0455004	0.0447081	0.529727	N/A	0.105536	0.64708	0.539044	0.583581	0.000678313	0.618185	0.555392
OG0001349	0.526493	0.0712625	0.621591	0.355122	0.703899	0.672871	0.581577	0.529727	0.000184061	N/A	0.217281	0.695486	0.556836	0.0683589	0.561115	0.618185	0.555392
OG0001350	0.756301	0.586825	0.586825	0.678483	0.668125	0.212567	0.563236	0.000637864	0.529727	N/A	0.105536	0.64708	0.539044	0.045713	0.54696	0.593151	0.0223489
OG0001352	0.756301	0.5	0.5	0.605212	0.668125	0.00588216	0.614742	0.54359	0.54359	N/A	0.697369	0.123702	0.520126	0.00104645	0.54696	0.000236396	0.579593
OG0001367	0.142253	0.0123196	0.621591	0.730477	0.668125	0.640072	0.0341793	0.522552	9.29935e-05	N/A	0.832757	0.695486	0.556836	0.617365	0.54696	0.593151	0.542461
OG0001368	0.526493	0.00408936	0.621591	0.163122	0.0261507	0.000210169	0.563236	0.0192946	0.536738	N/A	0.217281	0.695486	0.556836	0.617365	0.54696	0.593151	0.00129082
OG0001371	0.00390711	0.54662	0.54662	0.605212	0.56891	5.31908e-11	0.522556	0.507693	0.0115245	N/A	0.439614	0.583746	0.520126	0.544748	0.516446	0.534433	0.514797
OG0001374	0.756301	0.5	0.5	0.154715	0.102088	0.555086	0.0678967	0.00144473	0.00045328	N/A	0.697369	0.123702	0.520126	0.544748	0.516446	2.64053e-08	0.579593
OG0001377	0.40319	7.73155e-05	0.65174	0.355122	0.106012	0.640072	0.543596	0.515209	0.515209	N/A	0.832757	0.129292	0.556836	0.617365	0.54696	0.140663	0.52894
OG0001382	0.40319	2.97766e-11	0.18413	0.730477	0.62392	0.601244	0.543596	0.00772228	0.515209	N/A	0.832757	0.695486	0.556836	0.17765	0.532084	0.565351	0.52894
OG0001386	0.40319	2.97766e-11	0.00408936	0.0244268	0.668125	0.212567	0.0952486	0.522552	0.522552	N/A	0.832757	0.695486	0.556836	0.617365	0.54696	0.593151	0.542461
OG0001390	0.83681	0.586825	0.130342	0.268992	0.186225	0.640072	0.581577	0.0154401	0.529727	N/A	0.786996	0.64708	0.539044	0.583581	0.0165788	0.0524153	0.555392
OG0001392	0.756301	1.23973e-07	0.0693598	0.154715	0.102088	0.555086	0.0337031	0.00144473	0.54359	N/A	0.697369	0.583746	0.520126	0.544748	0.516446	0.534433	3.68066e-10
OG0001394	0.83681	0.586825	0.586825	0.678483	0.62392	0.601244	0.000304881	0.536738	0.0192946	N/A	0.786996	0.64708	0.539044	0.583581	0.532084	0.565351	6.4773e-06
OG0001396	0.871099	3.33479e-05	0.621591	0.730477	0.668125	0.640072	0.563236	0.522552	0.033873	N/A	0.832757	0.695486	0.556836	0.617365	0.54696	0.593151	0.542461
OG0001397	0.294252	0.621591	0.621591	0.268992	0.186225	0.601244	0.0455004	0.0154401	0.529727	N/A	0.786996	0.0870759	0.539044	0.583581	0.532084	0.00298333	0.555392
OG0001398	0.83681	3.87857e-07	0.231726	0.355122	0.668125	0.640072	0.0952486	0.522552	0.522552	N/A	0.217281	0.129292	0.556836	0.617365	0.54696	0.593151	0.542461
OG0001399	0.0815	5.11258e-10	0.621591	0.678483	0.62392	0.00766286	0.543596	0.0228136	0.515209	N/A	0.786996	0.0870759	0.539044	0.583581	0.532084	0.565351	0.52894
OG0001401	0.756301	0.0476668	0.586825	0.268992	0.62392	0.017015	0.563236	0.529727	0.529727	N/A	0.105536	0.64708	0.539044	0.583581	0.0165788	0.593151	0.0223489
OG0001406	0.40319	0.586825	0.586825	0.730477	0.668125	0.212567	0.563236	0.522552	2.71055e-06	N/A	0.832757	0.299082	0.556836	0.617365	0.54696	0.593151	0.542461
OG0001408	0.756301	0.5	0.5	0.154715	0.102088	0.00766286	0.0654064	0.536738	1.21779e-05	N/A	0.697369	0.123702	0.520126	0.544748	0.00828931	0.565351	6.4773e-06
OG0001427	0.83681	0.65174	0.65174	0.678483	0.62392	2.34619e-05	0.543596	0.515209	0.0228136	N/A	0.786996	0.0177934	0.539044	0.583581	0.532084	0.565351	0.52894
OG0001428	0.83681	0.0123196	0.621591	0.268992	0.62392	0.601244	0.581577	0.529727	0.529727	N/A	0.786996	0.0870759	0.539044	0.583581	0.532084	0.00298333	0.555392
OG0001429	0.526493	0.0312902	0.677962	0.0910077	0.703899	0.00588216	0.0341793	0.522552	0.033873	N/A	0.100768	0.169241	0.573577	0.646832	0.0922035	0.593151	0.542461
OG0001431	0.83681	0.586825	0.0476668	0.678483	0.62392	0.640072	0.581577	0.0154401	0.0447081	N/A	0.786996	0.64708	0.539044	0.583581	0.0165788	0.0524153	0.555392
OG0001432	0.756301	0.54662	0.0693598	0.154715	5.76705e-05	0.601244	0.000304881	7.32655e-13	0.515209	N/A	0.697369	0.583746	0.520126	0.0228501	0.532084	0.565351	0.52894
OG0001433	0.83681	3.33479e-05	0.621591	0.730477	0.668125	0.640072	0.563236	0.522552	0.033873	N/A	0.217281	0.695486	0.556836	0.617365	0.54696	0.593151	0.542461
OG0001436	0.0414086	0.5	0.5	0.154715	0.102088	5.49502e-16	0.5	0.5	0.5	N/A	0.697369	0.123702	0.520126	0.544748	0.516446	0.0513422	0.5
OG0001438	0.871099	0.130342	0.586825	0.730477	0.668125	0.672871	0.581577	0.529727	0.000184061	N/A	0.832757	0.299082	0.556836	0.617365	0.0248574	0.618185	0.555392
OG0001439	0.0815	0.54662	0.54662	0.268992	0.62392	0.672871	0.0455004	0.0447081	0.529727	N/A	0.786996	0.221248	0.539044	0.583581	0.000678313	0.618185	0.555392
OG0001440	0.40319	0.0712625	0.18413	0.000791187	0.668125	0.212567	0.563236	0.522552	0.033873	N/A	0.832757	0.695486	0.556836	0.617365	0.54696	0.593151	0.542461
OG0001444	0.137178	0.0238258	0.54662	0.605212	0.56891	0.555086	0.0567459	0.536738	0.0192946	N/A	0.697369	0.583746	0.520126	0.544748	0.516446	7.53425e-07	0.56776
OG0001445	0.0776588	0.621591	0.621591	0.0244268	0.00961005	0.0844237	0.0952486	0.522552	0.0115823	N/A	0.832757	0.695486	0.556836	0.617365	0.54696	0.593151	0.542461
OG0001449	0.526493	0.621591	0.18413	0.355122	0.703899	0.111601	0.0052693	0.515209	0.515209	N/A	0.217281	0.695486	0.556836	0.0683589	0.561115	0.618185	0.000701218
OG0001450	0.83681	0.621591	0.000579131	0.0244268	0.106012	0.0844237	0.563236	0.033873	0.522552	N/A	0.217281	0.695486	0.556836	0.617365	0.54696	0.593151	0.542461
OG0001451	0.756301	0.54662	0.54662	0.605212	0.703899	0.111601	0.581577	0.529727	0.0447081	N/A	0.697369	0.583746	0.520126	4.79233e-05	0.561115	0.618185	0.555392
OG0001454	0.756301	0.5	0.5	0.154715	0.102088	0.601244	0.563236	0.0231449	0.54359	N/A	0.697369	0.123702	0.520126	0.544748	0.00828931	0.0350084	1.91477e-05
OG0001462	0.83681	0.130342	0.0476668	0.0102411	0.668125	0.017015	0.563236	0.0115823	0.033873	N/A	0.786996	0.64708	0.539044	0.045713	0.54696	0.593151	0.542461
OG0001463	0.526493	0.0123196	0.621591	0.0244268	0.256093	0.640072	0.563236	0.529727	0.529727	N/A	0.217281	0.695486	0.556836	0.617365	0.54696	0.593151	0.0223489
OG0001471	0.83681	7.73155e-05	0.231726	0.730477	0.668125	0.212567	0.563236	0.522552	0.522552	N/A	0.217281	0.129292	0.556836	0.617365	0.54696	0.593151	0.542461
OG0001472	0.83681	0.586825	0.586825	0.268992	0.668125	0.0844237	0.0952486	0.000351888	0.033873	N/A	0.786996	0.64708	0.539044	0.045713	0.54696	0.593151	0.542461
OG0001474	0.871099	0.18413	0.000579131	0.355122	0.256093	0.640072	0.563236	0.0115823	0.522552	N/A	0.832757	0.695486	0.556836	0.617365	0.54696	0.593151	0.542461
OG0001475	0.756301	0.54662	0.54662	0.605212	0.62392	0.111601	0.581577	0.0447081	0.529727	N/A	0.697369	0.583746	0.520126	0.0228501	0.000678313	0.618185	0.555392
OG0001476	0.756301	8.67231e-19	0.00408936	0.268992	0.0711731	0.601244	0.543596	0.515209	0.515209	N/A	0.105536	0.0870759	0.539044	0.583581	0.532084	0.565351	0.52894
OG0001477	0.526493	7.73155e-05	0.231726	0.355122	0.256093	0.640072	0.563236	0.522552	0.522552	N/A	0.217281	0.129292	0.556836	0.617365	0.54696	0.593151	0.542461
OG0001497	0.000356541	0.0210788	0.65174	0.0102411	0.62392	0.601244	0.543596	0.515209	0.515209	N/A	0.595169	0.129292	0.0855681	0.583581	0.532084	0.565351	0.52894
OG0001498	0.526493	0.621591	0.621591	0.0244268	0.668125	0.017015	0.0341793	0.522552	0.033873	N/A	0.217281	0.695486	0.556836	0.617365	0.54696	0.593151	0.542461
OG0001500	1.33123e-12	0.0238258	0.54662	0.605212	0.56891	0.555086	0.522556	0.507693	0.507693	N/A	0.17215	0.583746	0.520126	0.544748	0.516446	0.534433	0.514797
OG0001501	0.40319	0.000579131	0.18413	0.00623898	0.256093	0.0844237	0.543596	0.515209	0.515209	N/A	0.832757	0.695486	0.556836	0.617365	0.54696	0.140663	0.52894
OG0001505	0.0220168	0.130342	0.586825	0.0127925	0.139528	0.672871	0.522556	0.507693	0.507693	N/A	0.859166	0.0261492	0.573577	0.646832	0.561115	0.00012385	0.514797
OG0001507	0.756301	6.22486e-32	0.00765457	0.154715	0.56891	0.555086	0.522556	0.507693	0.507693	N/A	0.697369	0.000333322	0.520126	0.544748	0.516446	0.534433	0.514797
OG0001511	0.871099	7.73155e-05	0.65174	0.730477	0.106012	0.640072	0.543596	0.515209	0.515209	N/A	0.832757	0.129292	0.556836	0.617365	0.54696	0.140663	0.52894
OG0001518	0.83681	6.76057e-12	0.65174	0.678483	0.62392	0.601244	0.543596	0.515209	0.515209	N/A	0.786996	0.0177934	0.539044	0.583581	0.532084	0.565351	0.52894
OG0001520	0.756301	0.5	0.5	0.110464	0.186225	0.601244	0.000304881	0.536738	1.21779e-05	N/A	0.697369	0.123702	0.0101619	0.583581	0.532084	0.565351	6.4773e-06
OG0001522	0.030694	0.586825	0.0476668	0.678483	0.62392	0.0565411	0.543596	0.000148177	0.515209	N/A	0.786996	0.64708	0.539044	0.583581	0.532084	0.565351	0.52894
OG0001526	0.83681	0.0712625	0.621591	0.0244268	0.0261507	0.640072	0.0952486	0.0115823	0.033873	N/A	0.217281	0.695486	0.556836	0.617365	0.54696	0.593151	0.542461
OG0001528	0.526493	3.33479e-05	0.621591	0.0244268	0.668125	0.640072	0.563236	0.522552	0.522552	N/A	0.217281	0.695486	0.556836	0.617365	0.54696	0.593151	0.542461
OG0001531	0.756301	0.5	0.5	0.154715	0.102088	0.0818261	1.06702e-66	0.5	0.5	N/A	0.697369	0.123702	0.520126	0.544748	0.516446	0.534433	0.0221393
OG0001539	0.83681	0.18413	0.621591	0.730477	0.106012	0.640072	9.59657e-06	0.529727	0.529727	N/A	0.217281	0.695486	0.556836	0.617365	0.54696	0.593151	0.0223489
OG0001542	0.294252	0.130342	0.0476668	0.268992	0.62392	0.0844237	0.563236	0.522552	0.0115823	N/A	0.786996	0.64708	0.539044	0.583581	0.0165788	0.593151	0.542461
OG0001543	0.756301	0.0476668	0.586825	0.268992	0.62392	0.0844237	0.563236	0.0115823	0.522552	N/A	0.105536	0.64708	0.539044	0.583581	0.0165788	0.593151	0.542461
OG0001544	0.756301	0.5	0.5	0.154715	0.102088	0.111601	1.71079e-10	0.522552	0.522552	N/A	0.697369	0.123702	0.520126	0.544748	2.27957e-06	0.618185	0.0835184
OG0001555	0.871099	0.0712625	0.621591	0.730477	0.106012	0.000210169	0.581577	0.529727	0.529727	N/A	0.832757	0.695486	0.556836	0.617365	0.54696	0.0524153	0.555392
OG0001558	0.526493	1.40363e-07	0.18413	0.355122	0.668125	0.640072	0.543596	0.00772228	0.515209	N/A	0.217281	0.695486	0.556836	0.617365	0.54696	0.140663	0.52894
OG0001568	0.83681	0.130342	1.20056e-05	0.678483	0.62392	0.0844237	0.563236	0.033873	0.0115823	N/A	0.786996	0.64708	0.539044	0.583581	0.0165788	0.593151	0.542461
OG0001572	0.871099	3.33479e-05	0.621591	0.730477	0.668125	0.212567	0.563236	0.522552	0.033873	N/A	0.832757	0.695486	0.556836	0.617365	0.54696	0.593151	0.542461
OG0001573	0.83681	0.18413	0.0712625	0.0580412	0.668125	0.0844237	0.000304881	0.00772228	0.515209	N/A	0.217281	0.695486	0.556836	0.617365	0.54696	0.140663	0.52894
OG0001574	0.40319	0.65174	0.65174	0.355122	0.106012	0.212567	9.59657e-06	0.522552	0.0115823	N/A	0.832757	0.129292	0.556836	0.617365	0.54696	0.593151	0.542461
OG0001575	0.294252	0.116998	0.677962	0.678483	0.0711731	0.601244	0.543596	0.515209	0.000148177	N/A	0.786996	0.00116407	0.539044	0.583581	0.532084	0.565351	0.52894
OG0001576	0.756301	0.0693598	0.0238258	0.154715	0.00254048	0.0818261	0.0337031	2.91357e-24	0.0115245	N/A	0.697369	0.583746	0.520126	0.544748	0.516446	0.534433	0.514797
OG0001577	0.294252	5.34211e-15	0.18413	0.678483	0.62392	0.601244	0.543596	0.515209	0.515209	N/A	0.786996	0.0870759	0.539044	0.583581	0.532084	0.565351	0.52894
OG0001582	0.871099	2.63163e-08	0.231726	0.0580412	0.186225	0.601244	0.543596	0.515209	0.515209	N/A	0.832757	0.129292	0.556836	0.17765	0.532084	0.565351	0.52894
OG0001584	0.756301	0.0476668	0.586825	0.268992	0.186225	0.640072	0.563236	0.522552	2.71055e-06	N/A	0.105536	0.64708	0.539044	0.583581	0.0165788	0.593151	0.542461
OG0001585	0.83681	0.0476668	0.586825	0.678483	0.62392	0.601244	0.543596	0.529727	0.000637864	N/A	0.786996	0.64708	0.539044	0.583581	0.532084	0.565351	0.000548926
OG0001586	0.40319	0.621591	0.18413	0.355122	0.106012	0.640072	0.00297147	0.033873	0.522552	N/A	0.832757	0.695486	0.556836	0.617365	0.54696	0.593151	0.542461
OG0001604	0.83681	0.0123196	0.621591	0.730477	0.106012	0.0844237	0.000304881	0.00772228	0.515209	N/A	0.217281	0.695486	0.556836	0.617365	0.54696	0.140663	0.52894
OG0001608	0.756301	0.54662	0.0238258	0.605212	0.56891	0.0844237	0.0952486	0.0154401	0.529727	N/A	0.697369	0.583746	0.520126	0.544748	0.000137463	0.593151	0.0223489
OG0001610	0.526493	7.73155e-05	0.65174	0.730477	0.668125	0.640072	0.563236	0.522552	0.033873	N/A	0.217281	0.129292	0.556836	0.617365	0.54696	0.593151	0.542461
OG0001630	0.756301	0.0238258	0.54662	0.605212	0.56891	0.555086	0.563236	0.54359	0.54359	N/A	0.697369	0.583746	0.520126	0.544748	0.516446	0.000613392	1.91477e-05
OG0001633	0.756301	0.0712625	0.621591	0.0102411	0.62392	0.601244	0.563236	0.0154401	0.529727	N/A	0.105536	0.0870759	0.539044	0.583581	0.532084	0.0350084	0.0223489
OG0001635	0.756301	0.586825	0.586825	0.678483	0.186225	0.0565411	0.000304881	0.000351888	0.522552	N/A	0.105536	0.64708	0.539044	0.583581	0.532084	0.565351	0.0149045
OG0001637	0.871099	0.000157622	0.677962	0.730477	0.668125	0.601244	0.543596	0.0228136	0.515209	N/A	0.832757	0.0378676	0.556836	0.617365	0.0706487	0.565351	0.52894
OG0001640	0.137178	0.5	0.5	0.605212	0.56891	0.0818261	0.581577	0.536738	1.21779e-05	N/A	0.697369	0.123702	0.520126	0.544748	0.516446	2.14976e-05	0.0297777
OG0001645	0.40319	0.000579131	0.18413	0.355122	0.668125	0.640072	0.0341793	0.515209	0.515209	N/A	0.832757	0.695486	0.556836	0.617365	0.54696	0.593151	0.0638598
OG0001649	0.526493	0.621591	0.18413	0.163122	0.00961005	0.0844237	0.563236	0.522552	0.033873	N/A	0.217281	0.695486	0.556836	0.617365	0.54696	0.593151	0.542461
OG0001654	0.83681	0.0712625	0.621591	0.730477	0.256093	0.212567	0.0455004	0.529727	0.000184061	N/A	0.217281	0.695486	0.556836	0.617365	0.54696	0.0524153	0.555392
OG0001655	0.83681	0.130342	0.0476668	0.678483	0.668125	0.212567	6.00984e-08	0.522552	0.522552	N/A	0.786996	0.64708	0.539044	0.045713	0.54696	0.593151	0.542461
OG0001661	0.756301	0.5	0.5	0.605212	0.56891	0.601244	0.0654064	0.522552	2.86993e-14	N/A	0.697369	0.123702	0.520126	0.544748	0.00828931	0.565351	0.0149045
OG0001670	0.83681	0.621591	0.18413	0.0580412	0.256093	0.00588216	0.0455004	0.529727	0.000184061	N/A	0.217281	0.695486	0.556836	0.617365	0.54696	0.0524153	0.555392
OG0001684	0.756301	0.130342	0.00548055	0.678483	0.62392	0.640072	0.581577	0.529727	0.0447081	N/A	0.105536	0.64708	0.539044	0.583581	0.0165788	0.0524153	0.555392
OG0001687	0.526493	0.65174	0.65174	0.00206251	0.0261507	0.017015	0.000304881	0.515209	0.00772228	N/A	0.217281	0.129292	0.556836	0.617365	0.54696	0.140663	0.52894
OG0001688	0.756301	0.0693598	0.54662	0.154715	0.0355493	0.0818261	0.0337031	1.21779e-05	0.536738	N/A	0.697369	0.583746	0.520126	0.544748	0.516446	0.534433	2.46897e-08
OG0001710	0.137178	0.5	0.5	0.154715	0.668125	0.640072	0.0455004	0.000637864	0.000184061	N/A	0.697369	0.123702	0.520126	0.00104645	0.54696	0.0524153	0.555392
OG0001714	0.526493	0.586825	0.586825	0.00623898	0.668125	0.640072	0.0341793	0.033873	0.522552	N/A	0.217281	0.299082	0.556836	0.617365	0.54696	0.593151	0.542461
OG0001715	6.78068e-06	0.000117003	0.621591	0.00623898	0.00374819	0.0565411	0.543596	0.0115245	0.507693	N/A	0.595169	0.695486	0.556836	0.17765	0.532084	0.565351	0.0434127
OG0001717	0.871099	0.0712625	0.00408936	0.730477	0.106012	0.212567	0.0341793	0.033873	0.522552	N/A	0.832757	0.695486	0.556836	0.617365	0.54696	0.593151	0.542461
OG0001719	0.526493	0.0210788	0.65174	0.163122	0.668125	0.212567	0.563236	0.522552	0.033873	N/A	0.217281	0.129292	0.556836	0.617365	0.54696	0.593151	0.542461
OG0001721	0.526493	6.76057e-12	0.231726	0.730477	0.62392	0.601244	0.543596	0.515209	0.515209	N/A	0.217281	0.129292	0.556836	0.17765	0.532084	0.565351	0.52894
OG0001722	0.0815	0.5	0.5	1.2941e-09	0.102088	0.0818261	0.522556	0.0115245	4.88521e-20	N/A	0.786996	0.00593482	0.539044	0.125464	0.516446	0.534433	0.514797
OG0001725	0.137178	0.54662	0.54662	0.605212	0.62392	0.640072	6.00984e-08	0.522552	0.522552	N/A	0.697369	0.583746	0.520126	0.0228501	0.0165788	0.593151	0.542461
OG0001727	0.756301	0.00548055	0.586825	0.678483	0.62392	0.15204	0.563236	0.529727	0.529727	N/A	0.105536	0.64708	0.539044	0.583581	0.532084	0.0350084	0.0223489
OG0001729	0.83681	0.00548055	0.586825	0.268992	0.186225	0.15204	0.581577	0.529727	0.529727	N/A	0.786996	0.64708	0.539044	0.583581	0.532084	0.00298333	0.555392
OG0001731	3.02061e-08	0.00548055	0.586825	0.605212	0.56891	0.0282556	0.522556	0.507693	0.507693	N/A	0.533578	0.64708	0.0585747	0.544748	0.516446	0.534433	0.514797
OG0001733	0.142253	0.0712625	0.18413	0.0244268	0.668125	0.212567	6.00984e-08	0.515209	0.515209	N/A	0.832757	0.695486	0.556836	0.617365	0.54696	0.593151	0.0638598
OG0001736	0.871099	0.0123196	0.621591	0.355122	0.668125	0.212567	0.0341793	0.522552	0.033873	N/A	0.832757	0.695486	0.556836	0.617365	0.54696	0.593151	0.542461
OG0001740	0.83681	0.0123196	0.621591	0.0244268	0.106012	0.640072	0.563236	0.033873	0.522552	N/A	0.217281	0.695486	0.556836	0.617365	0.54696	0.593151	0.542461
OG0001745	0.294252	0.130342	0.586825	0.268992	0.000154141	0.00588216	0.581577	0.529727	0.529727	N/A	0.786996	0.64708	0.539044	0.045713	0.54696	0.0524153	0.555392
OG0001750	0.756301	0.621591	0.621591	0.268992	0.186225	0.601244	0.581577	0.0154401	0.0447081	N/A	0.105536	0.0870759	0.539044	0.583581	0.532084	0.00298333	0.555392
OG0001751	0.526493	0.18413	0.621591	0.0580412	0.106012	0.212567	9.59657e-06	0.529727	0.529727	N/A	0.217281	0.695486	0.556836	0.617365	0.54696	0.593151	0.0223489
OG0001757	0.83681	0.621591	0.621591	0.00206251	0.256093	0.640072	0.563236	0.033873	0.000351888	N/A	0.217281	0.695486	0.556836	0.617365	0.54696	0.593151	0.542461
OG0001758	0.294252	3.33479e-05	0.621591	0.678483	0.62392	0.601244	0.563236	0.522552	0.033873	N/A	0.217281	0.695486	0.0855681	0.583581	0.532084	0.0350084	0.542461
OG0001760	0.526493	0.677962	0.0312902	0.0127925	0.00961005	0.000210169	0.563236	0.033873	0.0115823	N/A	0.100768	0.169241	0.573577	0.22405	0.54696	0.593151	0.542461
OG0001761	0.526493	0.621591	0.621591	0.355122	0.668125	0.640072	6.72827e-05	0.522552	0.033873	N/A	0.217281	0.695486	0.556836	0.617365	0.54696	0.593151	0.542461
OG0001763	0.526493	0.138898	0.700838	0.355122	0.668125	0.212567	0.563236	0.522552	0.033873	N/A	0.217281	0.00322286	0.556836	0.617365	0.54696	0.593151	0.542461
OG0001764	0.526493	0.621591	0.621591	0.730477	0.256093	0.0844237	0.000304881	0.00772228	0.515209	N/A	0.217281	0.695486	0.556836	0.617365	0.54696	0.140663	0.52894
OG0001766	0.83681	8.58796e-09	0.18413	0.163122	0.668125	0.601244	0.543596	0.515209	0.515209	N/A	0.217281	0.695486	0.556836	0.617365	0.0706487	0.565351	0.52894
OG0001773	0.83681	1.06574e-05	0.65174	0.355122	0.106012	0.0844237	0.000304881	0.0228136	0.515209	N/A	0.217281	0.129292	0.556836	0.617365	0.54696	0.140663	0.52894
OG0001776	0.526493	0.000579131	0.621591	0.355122	0.106012	0.640072	0.563236	0.515209	0.515209	N/A	0.217281	0.695486	0.556836	0.617365	0.54696	0.593151	0.0638598
OG0001778	0.526493	0.586825	0.130342	0.00623898	0.668125	0.0844237	0.000304881	0.515209	0.000148177	N/A	0.217281	0.299082	0.556836	0.617365	0.54696	0.140663	0.52894
OG0001779	0.756301	5.92101e-09	0.54662	0.605212	0.56891	0.0818261	0.0337031	2.60233e-08	0.522552	N/A	0.697369	0.583746	0.520126	0.544748	0.516446	0.534433	0.000111095
OG0001780	0.756301	0.0693598	0.54662	0.154715	0.102088	0.0565411	0.000304881	0.0192946	0.536738	N/A	0.697369	0.583746	0.520126	0.544748	0.00828931	0.565351	6.4773e-06
OG0001812	0.526493	3.33479e-05	0.621591	0.355122	0.668125	0.640072	0.0654064	0.515209	0.515209	N/A	0.217281	0.695486	0.556836	0.617365	0.54696	0.140663	0.52894
OG0001815	0.756301	2.07723e-09	0.130342	0.0102411	0.0120187	0.601244	0.000304881	0.522552	0.0115823	N/A	0.105536	0.64708	0.539044	0.583581	0.532084	0.565351	0.0149045
OG0001820	0.526493	0.0712625	0.621591	0.163122	0.256093	0.640072	9.59657e-06	0.522552	0.522552	N/A	0.217281	0.695486	0.556836	0.617365	0.54696	0.593151	0.542461
OG0001822	0.871099	0.0712625	0.621591	0.0244268	0.668125	0.640072	0.000304881	0.515209	0.000148177	N/A	0.832757	0.695486	0.556836	0.617365	0.54696	0.140663	0.52894
OG0001825	0.756301	0.5	0.5	0.605212	0.102088	1.6549e-08	0.522556	0.0115245	1.37341e-11	N/A	0.697369	0.123702	0.520126	0.544748	0.516446	0.534433	0.514797
OG0001826	0.526493	0.621591	0.18413	0.730477	0.256093	0.640072	0.563236	0.0115823	0.033873	N/A	0.217281	0.695486	0.556836	0.617365	0.54696	0.593151	0.542461
OG0001827	0.526493	0.0123196	0.621591	0.730477	0.256093	0.640072	0.543596	0.00772228	0.515209	N/A	0.217281	0.695486	0.556836	0.617365	0.54696	0.140663	0.52894
OG0001833	0.294252	8.58796e-09	0.621591	0.678483	0.62392	0.601244	0.543596	0.515209	0.515209	N/A	0.786996	0.0870759	0.539044	0.583581	0.532084	0.565351	0.52894
OG0001837	0.756301	0.586825	0.130342	0.268992	0.62392	0.15204	0.563236	0.000637864	0.529727	N/A	0.105536	0.64708	0.539044	0.583581	0.532084	0.0350084	0.0223489
OG0001840	0.83681	7.73155e-05	0.231726	0.355122	0.668125	0.640072	0.543596	0.515209	0.515209	N/A	0.217281	0.129292	0.556836	0.617365	0.54696	0.140663	0.52894
OG0001843	0.83681	3.33479e-05	0.18413	0.730477	0.668125	0.640072	0.543596	0.515209	0.515209	N/A	0.217281	0.695486	0.556836	0.617365	0.54696	0.140663	0.52894
OG0001844	0.526493	0.0712625	0.18413	0.730477	0.256093	0.017015	0.543596	0.515209	0.515209	N/A	0.217281	0.695486	0.556836	0.617365	0.54696	0.140663	0.52894
OG0001864	0.756301	0.54662	0.54662	0.00623898	0.106012	0.00588216	0.563236	0.000351888	0.033873	N/A	0.105536	0.221248	0.0203244	0.617365	0.54696	0.593151	0.542461
OG0001865	0.526493	0.621591	0.18413	0.0580412	0.00182532	0.212567	0.000864647	0.522552	0.522552	N/A	0.217281	0.695486	0.556836	0.617365	0.54696	0.593151	0.542461
OG0001866	0.756301	2.06107e-17	0.273983	0.605212	0.56891	0.555086	0.522556	0.00386114	0.507693	N/A	0.697369	2.91928e-05	0.520126	0.544748	0.516446	0.534433	0.514797
OG0001901	0.756301	0.54662	0.54662	0.605212	8.72935e-11	0.640072	0.000304881	0.00772228	0.0228136	N/A	0.697369	0.583746	0.520126	0.00104645	0.54696	0.140663	0.52894
OG0001903	0.40319	0.621591	0.621591	0.163122	0.00961005	0.212567	0.0341793	0.522552	0.033873	N/A	0.832757	0.695486	0.556836	0.617365	0.54696	0.593151	0.542461
OG0001904	0.756301	0.586825	0.130342	0.268992	0.62392	0.0844237	0.00297147	0.033873	0.522552	N/A	0.105536	0.64708	0.539044	0.583581	0.0165788	0.593151	0.542461
OG0001906	0.526493	0.0123196	0.621591	0.355122	0.668125	0.00588216	0.563236	0.522552	0.0115823	N/A	0.217281	0.695486	0.556836	0.617365	0.54696	0.593151	0.542461
OG0001908	0.83681	0.000579131	0.621591	0.678483	0.000650462	0.601244	0.543596	0.515209	0.515209	N/A	0.786996	0.0870759	0.539044	0.583581	0.532084	0.565351	0.52894
OG0001909	0.83681	0.586825	0.130342	0.678483	0.0711731	0.0565411	0.543596	0.000148177	0.515209	N/A	0.786996	0.64708	0.539044	0.583581	0.532084	0.565351	0.52894
OG0001918	0.40319	0.0712625	0.621591	0.0244268	0.668125	0.640072	0.563236	0.522552	9.29935e-05	N/A	0.832757	0.695486	0.556836	0.617365	0.54696	0.593151	0.542461
OG0001920	3.02061e-08	0.5	0.5	6.86259e-07	0.102088	0.555086	0.522556	0.507693	0.0115245	N/A	0.533578	0.00593482	0.539044	0.125464	0.516446	0.534433	0.514797
OG0001926	0.526493	0.0123196	0.621591	0.0244268	0.668125	0.640072	0.563236	0.033873	0.522552	N/A	0.217281	0.695486	0.556836	0.617365	0.54696	0.593151	0.542461
OG0001929	0.756301	0.5	0.5	0.730477	0.668125	0.00588216	0.00810445	1.42411e-11	1.67103e-09	N/A	0.105536	0.00593482	0.0203244	0.617365	0.54696	0.00682429	0.56776
OG0001933	0.756301	0.0693598	0.54662	0.605212	0.56891	0.555086	0.563236	0.0192946	0.536738	N/A	0.697369	0.583746	0.520126	0.544748	0.516446	0.000613392	0.00129082
OG0001937	0.83681	1.20056e-05	0.001522	0.0102411	0.00374819	0.00766286	0.000304881	0.000148177	0.515209	N/A	0.786996	0.64708	0.539044	0.583581	0.532084	0.565351	0.52894
OG0001943	0.871099	0.0123196	0.621591	0.730477	0.106012	0.601244	0.000304881	0.00772228	0.515209	N/A	0.832757	0.695486	0.556836	0.617365	0.0706487	0.565351	0.52894
OG0001953	0.40319	0.621591	0.621591	0.0580412	0.62392	0.601244	2.29356e-05	0.515209	0.515209	N/A	0.832757	0.695486	0.556836	0.17765	0.532084	0.565351	0.52894
OG0001954	0.756301	0.54662	0.54662	0.605212	0.56891	0.000333025	0.543596	0.522552	0.522552	N/A	0.697369	0.583746	0.520126	0.544748	0.00828931	0.565351	0.0149045
OG0001957	0.756301	1.31728e-22	0.18413	0.678483	0.62392	0.555086	0.522556	0.507693	0.507693	N/A	0.105536	0.0870759	0.539044	0.583581	0.0481312	0.534433	0.514797
OG0001959	0.83681	0.0712625	0.621591	0.730477	0.256093	0.640072	0.563236	0.522552	9.29935e-05	N/A	0.217281	0.695486	0.556836	0.617365	0.54696	0.593151	0.542461
OG0001963	0.526493	0.621591	0.0123196	0.355122	0.106012	0.00588216	0.563236	0.522552	0.522552	N/A	0.217281	0.695486	0.556836	0.617365	0.54696	0.593151	0.542461
OG0001965	0.756301	0.54662	0.54662	0.605212	0.668125	0.212567	0.581577	0.0447081	0.0154401	N/A	0.697369	0.583746	0.520126	0.00104645	0.54696	0.0524153	0.555392
OG0001992	0.83681	0.621591	0.621591	0.268992	0.62392	0.601244	0.00297147	0.522552	0.033873	N/A	0.786996	0.0870759	0.539044	0.583581	0.532084	0.0350084	0.542461
OG0001995	0.0815	0.0123196	0.621591	0.268992	0.62392	0.15204	0.543596	0.522552	0.0115823	N/A	0.786996	0.0870759	0.539044	0.583581	0.532084	0.565351	0.0149045
OG0001997	0.83681	0.18413	0.0123196	0.730477	0.668125	0.212567	0.563236	0.522552	0.033873	N/A	0.217281	0.695486	0.556836	0.617365	0.54696	0.593151	0.542461
OG0001998	0.0815	0.00548055	0.586825	0.268992	0.186225	0.15204	0.0455004	0.0447081	0.529727	N/A	0.786996	0.64708	0.539044	0.583581	0.532084	0.00298333	0.555392
OG0001999	0.756301	0.00020209	0.130342	0.678483	5.76705e-05	0.601244	0.0654064	0.515209	0.000148177	N/A	0.105536	0.64708	0.539044	0.583581	0.532084	0.565351	0.52894
OG0002000	0.756301	0.0476668	0.586825	0.0102411	0.62392	0.640072	0.00297147	0.522552	0.522552	N/A	0.105536	0.64708	0.539044	0.583581	0.0165788	0.593151	0.542461
OG0002001	0.756301	0.54662	0.0693598	0.605212	0.102088	0.555086	0.0052693	0.529727	0.0154401	N/A	0.697369	0.583746	0.520126	0.544748	0.516446	2.14976e-05	0.555392
OG0002002	0.294252	0.586825	0.130342	0.268992	0.186225	0.601244	0.000304881	0.0154401	0.529727	N/A	0.786996	0.64708	0.539044	0.583581	0.532084	0.565351	0.000548926
OG0002004	0.756301	1.60354e-17	0.00408936	0.268992	0.62392	0.15204	0.0654064	0.515209	0.515209	N/A	0.105536	0.0870759	0.539044	0.583581	0.532084	0.565351	0.52894
OG0002005	0.871099	0.000579131	0.621591	0.730477	0.668125	0.000210169	0.563236	0.522552	0.522552	N/A	0.832757	0.695486	0.556836	0.617365	0.54696	0.593151	0.542461
OG0002006	0.0111044	0.621591	0.621591	0.268992	0.0711731	0.601244	0.000304881	0.515209	0.000148177	N/A	0.786996	0.0870759	0.539044	0.583581	0.532084	0.565351	0.52894
OG0002013	7.41831e-13	0.54662	0.54662	0.055018	0.5	0.5	0.5	0.5	0.5	N/A	0.0363787	0.583746	0.520126	0.066597	0.5	0.5	0.5
OG0002014	0.0815	1.40363e-07	0.621591	0.678483	0.62392	0.601244	0.543596	0.0228136	0.515209	N/A	0.786996	0.0870759	0.539044	0.583581	0.532084	0.565351	0.52894
OG0002015	0.83681	0.621591	0.18413	0.355122	0.668125	0.640072	9.59657e-06	0.522552	0.522552	N/A	0.217281	0.695486	0.556836	0.617365	0.54696	0.593151	0.542461
OG0002017	0.294252	2.21484e-06	0.621591	0.678483	0.0711731	0.601244	0.543596	0.515209	0.515209	N/A	0.786996	0.0870759	0.539044	0.583581	0.532084	0.565351	0.52894
OG0002021	0.294252	1.20056e-05	0.586825	0.268992	0.186225	0.0565411	0.543596	0.00772228	0.515209	N/A	0.786996	0.64708	0.539044	0.583581	0.532084	0.565351	0.52894
OG0002024	0.756301	0.586825	0.00548055	0.678483	0.62392	0.601244	0.543596	0.522552	0.0115823	N/A	0.105536	0.64708	0.539044	0.583581	0.532084	0.565351	0.0149045
OG0002025	0.83681	0.0123196	0.18413	0.163122	0.62392	0.601244	0.543596	0.00772228	0.515209	N/A	0.217281	0.695486	0.556836	0.17765	0.532084	0.565351	0.52894
OG0002033	0.83681	2.21484e-06	0.18413	0.110464	0.62392	0.601244	0.0012774	0.515209	0.515209	N/A	0.786996	0.0870759	0.539044	0.583581	0.532084	0.565351	0.52894
OG0002039	0.756301	0.54662	0.54662	0.605212	0.56891	0.555086	0.581577	0.529727	0.000637864	N/A	0.697369	0.583746	0.520126	0.544748	0.516446	2.14976e-05	0.555392
OG0002040	0.756301	0.586825	0.586825	0.678483	0.62392	0.601244	2.01506e-16	0.515209	0.515209	N/A	0.105536	0.64708	0.539044	0.583581	0.532084	0.565351	0.52894
OG0002044	0.294252	0.130342	0.0476668	0.110464	0.62392	0.601244	0.543596	0.0115823	0.522552	N/A	0.786996	0.64708	0.539044	0.583581	0.532084	0.565351	0.0149045
OG0002046	0.756301	0.0476668	0.130342	0.268992	0.0711731	0.601244	0.543596	0.0115823	0.522552	N/A	0.105536	0.64708	0.539044	0.583581	0.532084	0.565351	0.0149045
OG0002048	0.756301	0.54662	0.0693598	0.00229579	0.62392	0.15204	0.543596	0.0154401	0.529727	N/A	0.105536	0.221248	0.539044	0.583581	0.532084	0.565351	0.000548926
OG0002051	0.756301	0.586825	0.130342	0.678483	0.186225	0.640072	0.581577	0.529727	0.0447081	N/A	0.105536	0.64708	0.539044	0.583581	0.0165788	0.0524153	0.555392
OG0002056	0.294252	1.40363e-07	0.18413	0.678483	0.62392	0.601244	0.543596	0.515209	0.515209	N/A	0.786996	0.0870759	0.539044	0.583581	0.532084	0.565351	0.52894
OG0002058	0.83681	0.00408936	0.621591	0.000121312	0.106012	0.640072	0.543596	0.515209	0.0228136	N/A	0.217281	0.695486	0.556836	0.617365	0.54696	0.140663	0.52894
OG0002060	0.756301	1.11457e-10	0.130342	0.0102411	0.0711731	0.601244	0.000304881	0.522552	0.522552	N/A	0.105536	0.64708	0.539044	0.583581	0.532084	0.565351	0.0149045
OG0002061	0.137178	0.0693598	0.54662	0.154715	4.92074e-06	0.601244	1.23585e-11	0.515209	0.515209	N/A	0.697369	0.583746	0.520126	0.0228501	0.532084	0.565351	0.52894
OG0002089	0.0815	0.586825	0.586825	0.110464	0.62392	0.15204	0.0341793	0.522552	0.033873	N/A	0.786996	0.64708	0.539044	0.583581	0.532084	0.0350084	0.542461
OG0002091	0.83681	8.58796e-09	0.18413	0.678483	0.62392	0.601244	0.543596	0.515209	0.515209	N/A	0.786996	0.0870759	0.539044	0.583581	0.532084	0.565351	0.52894
OG0002096	0.83681	0.0123196	0.621591	0.730477	0.668125	0.212567	0.563236	0.522552	9.29935e-05	N/A	0.217281	0.695486	0.556836	0.617365	0.54696	0.593151	0.542461
OG0002097	0.756301	1.23973e-07	0.54662	0.154715	0.56891	0.00766286	0.000304881	0.00772228	0.515209	N/A	0.697369	0.583746	0.520126	0.544748	0.00828931	0.565351	0.52894
OG0002098	0.756301	0.586825	0.586825	0.678483	0.186225	0.640072	0.563236	0.033873	0.0115823	N/A	0.105536	0.64708	0.539044	0.583581	0.0165788	0.593151	0.542461
OG0002103	0.83681	0.621591	0.621591	0.0580412	0.00182532	0.640072	0.0337031	0.00386114	0.0115245	N/A	0.217281	0.695486	0.556836	0.617365	0.54696	0.00212606	0.514797
OG0002105	0.756301	0.54662	0.00113794	0.605212	0.56891	0.601244	0.0341793	0.0115823	0.522552	N/A	0.697369	0.583746	0.520126	0.544748	0.00828931	0.0350084	0.542461
OG0002106	0.00390711	0.0238258	0.54662	0.605212	0.56891	0.0818261	0.563236	0.529727	0.529727	N/A	0.439614	0.583746	0.520126	0.544748	0.516446	0.000613392	0.0223489
OG0002110	0.000431765	0.5	0.5	0.678483	0.62392	0.15204	0.000304881	0.522552	0.0115823	N/A	0.533578	0.00593482	0.539044	0.583581	0.532084	0.565351	0.0149045
OG0002123	0.000431765	0.0476668	0.586825	0.678483	0.62392	0.00222918	0.543596	0.00772228	0.515209	N/A	0.533578	0.64708	0.539044	0.583581	0.532084	0.565351	0.52894
OG0002125	0.0111044	3.81236e-08	0.586825	0.268992	0.62392	0.601244	0.543596	0.515209	0.515209	N/A	0.786996	0.64708	0.539044	0.583581	0.532084	0.565351	0.52894
OG0002126	0.526493	0.18413	0.621591	0.730477	0.668125	0.640072	0.0952486	0.033873	0.0115823	N/A	0.217281	0.695486	0.556836	0.617365	0.54696	0.593151	0.542461
OG0002129	0.756301	5.11258e-10	0.18413	0.678483	0.62392	0.601244	0.543596	0.515209	0.515209	N/A	0.105536	0.0870759	0.539044	0.583581	0.532084	0.565351	0.52894
OG0002131	0.526493	0.621591	0.621591	0.0580412	0.186225	0.0565411	0.543596	0.00772228	0.515209	N/A	0.217281	0.695486	0.556836	0.17765	0.532084	0.565351	0.52894
OG0002132	0.83681	0.000579131	0.00408936	0.355122	0.668125	0.640072	0.543596	0.515209	0.515209	N/A	0.217281	0.695486	0.556836	0.617365	0.54696	0.140663	0.52894
OG0002133	0.83681	2.21484e-06	0.18413	0.110464	0.62392	0.601244	0.543596	0.515209	0.515209	N/A	0.786996	0.0870759	0.539044	0.583581	0.532084	0.565351	0.52894
OG0002134	0.83681	9.59989e-14	0.18413	0.678483	0.62392	0.601244	0.522556	0.507693	0.507693	N/A	0.786996	0.0870759	0.539044	0.583581	0.532084	0.0980681	0.514797
OG0002136	0.83681	0.586825	0.586825	0.678483	0.62392	0.640072	0.00297147	0.522552	0.033873	N/A	0.786996	0.64708	0.539044	0.583581	0.0165788	0.593151	0.542461
OG0002138	0.756301	0.0476668	0.586825	0.268992	0.62392	0.0565411	0.000304881	0.522552	0.0115823	N/A	0.105536	0.64708	0.539044	0.583581	0.532084	0.565351	0.0149045
OG0002139	0.756301	0.0693598	0.54662	0.605212	0.102088	1.70963e-13	0.5	0.5	0.5	N/A	0.697369	0.583746	0.520126	0.544748	0.516446	0.0513422	0.5
OG0002140	0.756301	0.54662	0.54662	0.154715	0.56891	0.601244	0.0052693	0.000184061	0.000637864	N/A	0.697369	0.583746	0.520126	0.544748	0.00828931	0.00298333	0.555392
OG0002141	0.756301	5.34211e-15	0.18413	0.678483	0.62392	0.15204	0.543596	0.515209	0.0228136	N/A	0.105536	0.0870759	0.539044	0.583581	0.532084	0.565351	0.52894
OG0002142	0.294252	0.00548055	0.586825	0.268992	0.186225	0.601244	0.563236	0.522552	0.033873	N/A	0.786996	0.64708	0.539044	0.583581	0.532084	0.0350084	0.542461
OG0002145	0.0414086	0.0238258	0.54662	0.605212	0.56891	0.555086	0.543596	0.000351888	0.522552	N/A	0.697369	0.583746	0.520126	0.544748	0.516446	0.017502	0.0149045
OG0002148	0.756301	0.621591	0.621591	0.678483	0.186225	0.601244	0.0341793	0.522552	0.033873	N/A	0.105536	0.0870759	0.539044	0.583581	0.532084	0.0350084	0.542461
OG0002149	0.756301	0.54662	0.54662	0.110464	0.62392	0.0565411	0.0654064	0.000148177	0.515209	N/A	0.105536	0.221248	0.539044	0.583581	0.532084	0.565351	0.52894
OG0002153	0.142253	0.0712625	0.18413	0.0244268	0.668125	0.00588216	0.563236	0.033873	0.522552	N/A	0.832757	0.695486	0.556836	0.617365	0.54696	0.593151	0.542461
OG0002157	0.83681	8.58796e-09	0.18413	0.678483	0.62392	0.601244	0.543596	0.515209	0.515209	N/A	0.786996	0.0870759	0.539044	0.583581	0.532084	0.565351	0.52894
OG0002159	0.756301	0.586825	0.130342	0.268992	0.62392	0.601244	0.543596	0.522552	0.000351888	N/A	0.105536	0.64708	0.539044	0.583581	0.532084	0.565351	0.0149045
OG0002166	0.526493	0.00408936	5.11258e-10	0.268992	0.0120187	0.0565411	0.522556	0.00386114	0.0115245	N/A	0.786996	0.0870759	0.539044	0.583581	0.532084	0.0980681	0.514797
OG0002167	0.526493	0.000579131	0.18413	0.110464	0.186225	0.601244	0.563236	0.522552	0.522552	N/A	0.786996	0.0870759	0.539044	0.583581	0.532084	0.0350084	0.542461
OG0002168	0.756301	0.0476668	0.130342	0.678483	0.106012	0.212567	0.0341793	0.522552	0.522552	N/A	0.105536	0.64708	0.539044	0.045713	0.54696	0.593151	0.542461
OG0002169	0.83681	0.130342	0.0476668	0.678483	0.0711731	0.601244	0.543596	0.0115823	0.522552	N/A	0.786996	0.64708	0.539044	0.583581	0.532084	0.565351	0.0149045
OG0002170	0.83681	8.58796e-09	0.18413	0.678483	0.62392	0.601244	0.543596	0.515209	0.515209	N/A	0.786996	0.0870759	0.539044	0.583581	0.532084	0.565351	0.52894
OG0002200	5.52449e-05	0.54662	0.54662	0.678483	0.62392	0.15204	0.0228047	0.0228136	0.515209	N/A	0.533578	0.221248	0.539044	0.583581	0.532084	0.565351	0.52894
OG0002201	0.83681	0.00548055	0.586825	0.268992	0.62392	0.601244	2.29356e-05	0.515209	0.515209	N/A	0.786996	0.64708	0.539044	0.583581	0.532084	0.565351	0.52894
OG0002203	0.030694	0.586825	0.00548055	0.154715	0.102088	0.555086	0.563236	0.529727	0.529727	N/A	0.786996	0.64708	0.0585747	0.544748	0.516446	0.000613392	0.0223489
OG0002204	0.83681	0.0210788	0.65174	0.730477	0.668125	0.212567	0.563236	0.507693	0.507693	N/A	0.217281	0.129292	0.556836	0.617365	0.54696	0.593151	0.000357785
OG0002211	0.294252	3.81236e-08	0.586825	0.678483	0.62392	0.601244	0.543596	0.515209	0.515209	N/A	0.786996	0.64708	0.539044	0.583581	0.532084	0.565351	0.52894
OG0002217	0.756301	8.58796e-09	0.18413	0.678483	0.62392	0.601244	0.543596	0.515209	0.515209	N/A	0.105536	0.0870759	0.539044	0.583581	0.532084	0.565351	0.52894
OG0002221	0.756301	6.85809e-07	0.586825	0.110464	0.62392	0.0565411	0.0654064	0.515209	0.515209	N/A	0.105536	0.64708	0.539044	0.583581	0.532084	0.565351	0.52894
OG0002223	0.0815	0.586825	0.586825	0.268992	0.186225	0.15204	0.0341793	0.522552	0.0115823	N/A	0.786996	0.64708	0.539044	0.583581	0.532084	0.0350084	0.542461
OG0002224	0.526493	3.33479e-05	0.621591	0.730477	0.62392	0.601244	2.29356e-05	0.515209	0.0228136	N/A	0.217281	0.695486	0.556836	0.17765	0.532084	0.565351	0.52894
OG0002228	0.83681	0.00548055	0.586825	0.678483	0.62392	0.601244	6.52606e-07	0.515209	0.515209	N/A	0.786996	0.64708	0.539044	0.583581	0.532084	0.565351	0.52894
OG0002230	0.0414086	0.54662	0.54662	0.605212	0.56891	0.555086	0.563236	0.0154401	0.529727	N/A	0.697369	0.583746	0.520126	0.544748	0.516446	0.000613392	0.0223489
OG0002231	0.83681	0.0123196	0.00408936	0.730477	0.668125	0.601244	0.543596	0.00772228	0.515209	N/A	0.217281	0.695486	0.556836	0.617365	0.0706487	0.565351	0.52894
OG0002234	0.83681	1.20056e-05	0.586825	0.678483	0.0711731	0.601244	0.0012774	0.515209	0.515209	N/A	0.786996	0.64708	0.539044	0.583581	0.532084	0.565351	0.52894
OG0002236	0.030694	0.130342	0.586825	0.268992	0.62392	0.00766286	0.0228047	0.515209	0.0228136	N/A	0.786996	0.64708	0.539044	0.583581	0.532084	0.565351	0.52894
OG0002241	0.294252	0.0476668	0.586825	0.678483	0.0711731	0.0565411	0.000304881	0.00772228	0.515209	N/A	0.786996	0.64708	0.539044	0.583581	0.532084	0.565351	0.52894
OG0002248	0.294252	0.000579131	0.621591	0.268992	0.0711731	0.15204	0.543596	0.515209	0.00772228	N/A	0.786996	0.0870759	0.539044	0.583581	0.532084	0.565351	0.52894
OG0002250	0.294252	0.0476668	0.586825	0.268992	0.186225	0.601244	0.0341793	0.522552	0.033873	N/A	0.786996	0.64708	0.539044	0.583581	0.532084	0.0350084	0.542461
OG0002251	0.294252	0.0476668	0.586825	0.678483	0.62392	0.0565411	0.543596	0.00772228	0.0228136	N/A	0.786996	0.64708	0.539044	0.583581	0.532084	0.565351	0.52894
OG0002253	0.83681	0.0123196	0.621591	0.678483	0.62392	0.601244	0.0341793	0.522552	0.033873	N/A	0.786996	0.0870759	0.539044	0.583581	0.532084	0.0350084	0.542461
OG0002257	0.294252	0.0476668	0.586825	0.678483	0.62392	0.601244	0.000304881	0.000148177	0.515209	N/A	0.786996	0.64708	0.539044	0.583581	0.532084	0.565351	0.52894
OG0002258	0.294252	0.621591	0.0712625	0.268992	0.62392	0.601244	0.000304881	0.522552	0.522552	N/A	0.786996	0.0870759	0.539044	0.583581	0.532084	0.565351	0.0149045
OG0002264	0.756301	0.0238258	0.54662	0.154715	0.56891	0.555086	0.522556	0.529727	0.000637864	N/A	0.697369	0.583746	0.520126	0.544748	0.516446	0.534433	1.65617e-06
OG0002265	0.0111044	0.130342	0.586825	0.0102411	0.62392	0.15204	0.543596	0.522552	0.0115823	N/A	0.786996	0.64708	0.539044	0.583581	0.532084	0.565351	0.0149045
OG0002267	0.756301	0.54662	0.54662	0.678483	0.62392	0.601244	0.0654064	0.529727	0.529727	N/A	0.105536	0.221248	0.539044	0.583581	0.532084	0.565351	0.000548926
OG0002269	0.83681	2.48378e-21	0.18413	0.678483	0.186225	0.00222918	0.543596	0.515209	3.16239e-05	N/A	0.786996	0.0870759	0.539044	0.583581	0.532084	0.565351	0.52894
OG0002272	0.756301	0.0712625	0.621591	0.678483	0.0711731	0.601244	0.000304881	0.522552	0.522552	N/A	0.105536	0.0870759	0.539044	0.583581	0.532084	0.565351	0.0149045
OG0002275	0.871099	0.621591	0.621591	0.730477	0.106012	0.212567	0.563236	0.522552	9.29935e-05	N/A	0.832757	0.695486	0.556836	0.617365	0.54696	0.593151	0.542461
OG0002278	0.756301	0.586825	0.130342	0.678483	0.62392	0.601244	0.0341793	0.0115823	0.033873	N/A	0.105536	0.64708	0.539044	0.583581	0.532084	0.0350084	0.542461
OG0002279	0.756301	0.586825	0.130342	0.268992	0.62392	0.00222918	0.581577	0.529727	0.0154401	N/A	0.105536	0.64708	0.539044	0.583581	0.532084	0.00298333	0.555392
OG0002281	0.756301	7.26117e-25	0.130342	0.605212	0.56891	0.555086	0.522556	0.507693	0.507693	N/A	0.697369	0.0434549	0.520126	0.544748	0.516446	0.534433	0.514797
OG0002282	0.83681	0.586825	0.586825	5.41331e-06	0.62392	0.0565411	0.0654064	0.515209	0.515209	N/A	0.786996	0.64708	0.539044	0.583581	0.532084	0.565351	0.52894
OG0002288	0.83681	0.586825	0.586825	0.0102411	0.62392	0.0565411	0.543596	0.522552	0.0115823	N/A	0.786996	0.64708	0.539044	0.583581	0.532084	0.565351	0.0149045
OG0002291	0.756301	1.11779e-19	0.001522	0.154715	0.0355493	0.555086	0.0337031	0.515209	0.515209	N/A	0.697369	0.0434549	0.520126	0.544748	0.516446	0.534433	0.00745219
OG0002292	0.756301	5.90815e-12	0.130342	0.0102411	0.0711731	0.15204	0.000304881	0.522552	0.0115823	N/A	0.105536	0.64708	0.539044	0.583581	0.532084	0.565351	0.0149045
OG0002321	0.83681	0.00548055	0.586825	0.268992	0.62392	0.601244	0.563236	0.033873	0.522552	N/A	0.786996	0.64708	0.539044	0.583581	0.532084	0.0350084	0.542461
OG0002323	0.526493	0.586825	0.586825	0.730477	0.668125	0.000210169	0.563236	0.529727	0.529727	N/A	0.786996	0.64708	0.0203244	0.617365	0.54696	0.593151	0.0223489
OG0002329	0.756301	0.130342	0.586825	0.678483	0.62392	0.640072	0.0341793	0.033873	0.522552	N/A	0.105536	0.64708	0.539044	0.583581	0.0165788	0.593151	0.542461
OG0002331	0.756301	2.07723e-09	0.130342	0.110464	0.186225	0.601244	0.0654064	0.515209	0.515209	N/A	0.105536	0.64708	0.539044	0.583581	0.532084	0.565351	0.52894
OG0002336	0.526493	0.0476668	0.586825	0.678483	0.0261507	0.640072	0.000304881	0.00772228	0.0228136	N/A	0.786996	0.64708	0.539044	0.045713	0.54696	0.140663	0.52894
OG0002339	0.83681	0.0123196	0.18413	0.000791187	0.62392	0.601244	0.543596	0.0228136	0.515209	N/A	0.217281	0.695486	0.556836	0.17765	0.532084	0.565351	0.52894
OG0002340	0.83681	3.81236e-08	0.586825	0.678483	0.62392	0.601244	0.543596	0.515209	0.515209	N/A	0.786996	0.64708	0.539044	0.583581	0.532084	0.565351	0.52894
OG0002341	0.756301	8.58796e-09	0.18413	0.678483	0.62392	0.601244	0.543596	0.515209	0.515209	N/A	0.105536	0.0870759	0.539044	0.583581	0.532084	0.565351	0.52894
OG0002348	0.294252	6.85809e-07	0.586825	0.678483	0.186225	0.601244	0.543596	0.515209	0.515209	N/A	0.786996	0.64708	0.539044	0.583581	0.532084	0.565351	0.52894
OG0002349	0.83681	6.85809e-07	0.586825	0.678483	0.62392	0.601244	0.543596	0.515209	0.515209	N/A	0.786996	0.64708	0.539044	0.583581	0.532084	0.565351	0.52894
OG0002350	0.871099	0.0712625	0.621591	0.355122	0.668125	0.640072	0.000304881	0.515209	0.515209	N/A	0.832757	0.695486	0.556836	0.617365	0.54696	0.140663	0.52894
OG0002357	0.294252	3.81236e-08	0.586825	0.268992	0.62392	0.601244	0.0228047	0.515209	0.0228136	N/A	0.786996	0.64708	0.539044	0.583581	0.532084	0.565351	0.52894
OG0002358	0.83681	6.85809e-07	0.586825	0.678483	0.62392	0.601244	0.543596	0.515209	0.515209	N/A	0.786996	0.64708	0.539044	0.583581	0.532084	0.565351	0.52894
OG0002359	0.756301	0.00020209	0.130342	0.268992	0.62392	0.601244	0.543596	0.522552	0.522552	N/A	0.105536	0.64708	0.539044	0.583581	0.532084	0.565351	0.0149045
OG0002363	0.756301	0.586825	0.586825	0.110464	4.92074e-06	0.601244	0.543596	0.515209	0.515209	N/A	0.105536	0.64708	0.539044	0.583581	0.532084	0.565351	0.52894
OG0002368	0.83681	0.18413	0.621591	0.355122	0.668125	0.212567	0.563236	0.522552	9.29935e-05	N/A	0.217281	0.695486	0.556836	0.617365	0.54696	0.593151	0.542461
OG0002369	0.756301	0.0476668	0.586825	0.268992	0.62392	0.0565411	0.000304881	0.522552	0.0115823	N/A	0.105536	0.64708	0.539044	0.583581	0.532084	0.565351	0.0149045
OG0002376	0.756301	0.54662	0.54662	0.605212	0.56891	0.555086	0.522556	0.0154401	0.529727	N/A	0.697369	0.583746	0.520126	0.544748	0.516446	0.534433	1.65617e-06
OG0002378	0.137178	6.45067e-13	0.54662	0.154715	0.56891	0.555086	0.522556	0.00772228	0.515209	N/A	0.697369	0.583746	0.520126	0.544748	0.516446	0.534433	0.00745219
OG0002379	0.871099	0.621591	0.621591	0.730477	0.668125	0.601244	0.000304881	0.00772228	0.515209	N/A	0.832757	0.695486	0.556836	0.617365	0.0706487	0.565351	0.52894
OG0002383	0.83681	0.621591	0.621591	0.355122	0.0261507	0.640072	0.000304881	0.515209	0.515209	N/A	0.217281	0.695486	0.556836	0.617365	0.54696	0.140663	0.52894
OG0002384	0.83681	6.85809e-07	0.586825	0.678483	0.62392	0.601244	0.543596	0.515209	0.515209	N/A	0.786996	0.64708	0.539044	0.583581	0.532084	0.565351	0.52894
OG0002386	0.83681	2.21484e-06	0.621591	0.678483	0.62392	0.601244	0.543596	0.515209	3.16239e-05	N/A	0.786996	0.0870759	0.539044	0.583581	0.532084	0.565351	0.52894
OG0002387	0.83681	0.621591	0.621591	0.678483	0.0711731	0.601244	0.000304881	0.00772228	0.515209	N/A	0.786996	0.0870759	0.539044	0.583581	0.532084	0.565351	0.52894
OG0002388	0.526493	1.40363e-07	0.18413	0.0244268	0.668125	0.00588216	0.563236	0.522552	0.033873	N/A	0.217281	0.695486	0.556836	0.617365	0.54696	0.593151	0.542461
OG0002389	0.83681	8.58796e-09	0.621591	0.678483	0.62392	0.15204	0.543596	0.515209	0.515209	N/A	0.786996	0.0870759	0.539044	0.583581	0.532084	0.565351	0.52894
OG0002390	0.526493	2.21484e-06	0.18413	0.730477	0.668125	0.601244	0.543596	0.515209	0.515209	N/A	0.217281	0.695486	0.556836	0.617365	0.0706487	0.565351	0.52894
OG0002394	0.756301	0.0712625	0.621591	0.678483	0.0711731	0.601244	0.000304881	0.00772228	0.515209	N/A	0.105536	0.0870759	0.539044	0.583581	0.532084	0.565351	0.52894
OG0002395	0.83681	3.33479e-05	0.18413	0.730477	0.668125	0.0844237	0.000304881	0.0228136	0.515209	N/A	0.217281	0.695486	0.556836	0.617365	0.54696	0.140663	0.52894
OG0002397	0.526493	3.33479e-05	0.18413	0.355122	0.668125	0.00588216	0.563236	0.522552	0.033873	N/A	0.217281	0.695486	0.556836	0.617365	0.54696	0.593151	0.542461
OG0002399	0.756301	3.33479e-05	0.621591	0.678483	0.62392	0.0565411	0.0654064	0.0228136	0.515209	N/A	0.105536	0.0870759	0.539044	0.583581	0.532084	0.565351	0.52894
OG0002400	0.83681	0.0476668	0.586825	0.678483	0.0711731	0.601244	0.543596	0.515209	0.000148177	N/A	0.786996	0.64708	0.539044	0.583581	0.532084	0.565351	0.52894
OG0002401	0.83681	0.0476668	0.586825	0.678483	0.62392	0.601244	0.000304881	0.522552	0.522552	N/A	0.786996	0.64708	0.539044	0.583581	0.532084	0.565351	0.0149045
OG0002402	0.756301	3.81236e-08	0.586825	0.678483	0.62392	0.601244	0.543596	0.515209	0.515209	N/A	0.105536	0.64708	0.539044	0.583581	0.532084	0.565351	0.52894
OG0002404	0.756301	1.20056e-05	0.586825	0.678483	0.62392	0.601244	0.0228047	0.515209	0.515209	N/A	0.105536	0.64708	0.539044	0.583581	0.532084	0.565351	0.52894
OG0002408	0.526493	2.21484e-06	0.18413	0.0102411	0.0120187	0.0565411	0.0337031	0.507693	0.00386114	N/A	0.786996	0.0870759	0.539044	0.583581	0.532084	0.0980681	0.514797
OG0002436	0.756301	0.0693598	0.54662	0.605212	0.56891	0.601244	0.0654064	0.529727	0.529727	N/A	0.697369	0.583746	0.520126	0.544748	0.00828931	0.565351	0.000548926
OG0002442	0.526493	0.621591	0.0712625	0.730477	0.62392	0.601244	2.29356e-05	0.0228136	0.515209	N/A	0.217281	0.695486	0.556836	0.17765	0.532084	0.565351	0.52894
OG0002443	0.756301	0.54662	5.43484e-05	0.605212	0.56891	0.601244	0.543596	0.522552	0.522552	N/A	0.697369	0.583746	0.520126	0.544748	0.00828931	0.565351	0.0149045
OG0002444	0.756301	0.54662	0.54662	0.605212	0.56891	0.601244	0.0341793	0.522552	0.0115823	N/A	0.697369	0.583746	0.520126	0.544748	0.00828931	0.0350084	0.542461
OG0002448	0.00117825	0.130342	0.586825	1.05829e-08	0.102088	0.0818261	0.522556	0.00386114	0.0115245	N/A	0.533578	0.64708	0.539044	0.125464	0.516446	0.534433	0.514797
OG0002450	0.00314982	0.586825	0.586825	0.0102411	0.0711731	0.601244	0.0337031	2.98185e-05	0.0115245	N/A	0.533578	0.64708	0.539044	0.583581	0.532084	0.0980681	0.514797
OG0002451	0.526493	0.000579131	0.18413	0.730477	0.668125	0.601244	0.543596	0.515209	0.515209	N/A	0.217281	0.695486	0.556836	0.617365	0.0706487	0.565351	0.52894
OG0002453	0.756301	6.85809e-07	0.586825	0.678483	0.62392	0.601244	0.543596	0.515209	0.515209	N/A	0.105536	0.64708	0.539044	0.583581	0.532084	0.565351	0.52894
OG0002461	0.294252	0.0476668	0.586825	0.678483	0.62392	0.15204	0.0341793	0.033873	0.522552	N/A	0.786996	0.64708	0.539044	0.583581	0.532084	0.0350084	0.542461
OG0002467	0.294252	0.0712625	0.621591	0.678483	0.0711731	0.601244	0.0337031	2.98185e-05	0.0115245	N/A	0.786996	0.0870759	0.539044	0.583581	0.532084	0.0980681	0.514797
OG0002468	0.294252	0.130342	0.586825	0.678483	0.62392	0.601244	0.0654064	0.000148177	0.515209	N/A	0.786996	0.64708	0.539044	0.583581	0.532084	0.565351	0.52894
OG0002470	0.871099	0.621591	0.621591	0.730477	0.668125	0.640072	0.000304881	0.0228136	0.515209	N/A	0.832757	0.695486	0.556836	0.617365	0.54696	0.140663	0.52894
OG0002471	0.83681	3.81236e-08	0.130342	0.110464	0.00374819	0.601244	0.543596	0.515209	0.515209	N/A	0.786996	0.64708	0.539044	0.583581	0.532084	0.565351	0.52894
OG0002480	0.756301	6.85809e-07	0.586825	0.678483	0.62392	0.601244	0.543596	0.515209	0.515209	N/A	0.105536	0.64708	0.539044	0.583581	0.532084	0.565351	0.52894
OG0002486	0.83681	0.586825	0.130342	0.268992	0.186225	0.640072	0.563236	0.522552	0.033873	N/A	0.786996	0.64708	0.539044	0.583581	0.0165788	0.593151	0.542461
OG0002487	0.756301	0.586825	0.0476668	0.678483	0.0711731	0.0565411	0.000304881	0.00772228	0.515209	N/A	0.105536	0.64708	0.539044	0.583581	0.532084	0.565351	0.52894
OG0002489	0.83681	2.07723e-09	0.130342	0.268992	0.62392	0.601244	0.543596	0.515209	0.515209	N/A	0.786996	0.64708	0.539044	0.583581	0.532084	0.565351	0.52894
OG0002492	0.83681	0.0476668	0.130342	0.678483	0.62392	0.0565411	0.543596	0.00772228	0.0228136	N/A	0.786996	0.64708	0.539044	0.583581	0.532084	0.565351	0.52894
OG0002499	0.526493	0.621591	0.621591	0.355122	0.668125	0.640072	0.000304881	0.515209	0.515209	N/A	0.217281	0.695486	0.556836	0.617365	0.54696	0.140663	0.52894
OG0002501	0.756301	0.586825	0.586825	0.110464	0.62392	0.601244	6.52606e-07	0.515209	0.515209	N/A	0.105536	0.64708	0.539044	0.583581	0.532084	0.565351	0.52894
OG0002510	0.526493	0.0944197	0.65174	0.355122	0.668125	0.000210169	0.563236	0.522552	0.033873	N/A	0.217281	0.129292	0.556836	0.617365	0.54696	0.593151	0.542461
OG0002513	0.756301	0.54662	0.54662	0.605212	0.56891	0.0844237	0.563236	0.033873	0.522552	N/A	0.697369	0.583746	0.520126	0.544748	0.000137463	0.593151	0.542461
OG0002518	0.756301	8.67231e-19	0.00408936	0.678483	0.56891	0.555086	0.522556	0.507693	0.507693	N/A	0.105536	0.0870759	0.539044	0.125464	0.516446	0.534433	0.514797
OG0002519	0.756301	0.621591	0.621591	0.268992	0.62392	0.601244	0.543596	0.515209	0.000148177	N/A	0.105536	0.0870759	0.539044	0.583581	0.532084	0.565351	0.52894
OG0002523	0.756301	0.586825	0.130342	0.110464	0.62392	0.601244	0.00297147	0.522552	0.033873	N/A	0.105536	0.64708	0.539044	0.583581	0.532084	0.0350084	0.542461
OG0002524	0.756301	0.00020209	0.586825	0.268992	0.62392	0.601244	0.0228047	0.515209	0.515209	N/A	0.105536	0.64708	0.539044	0.583581	0.532084	0.565351	0.52894
OG0002525	0.756301	0.586825	0.0476668	0.678483	0.62392	0.601244	1.78401e-08	0.515209	0.515209	N/A	0.105536	0.64708	0.539044	0.583581	0.532084	0.565351	0.52894
OG0002528	0.526493	0.621591	0.621591	0.730477	0.256093	0.212567	0.563236	0.522552	2.81784e-07	N/A	0.217281	0.695486	0.556836	0.617365	0.54696	0.593151	0.542461
OG0002529	0.756301	0.0693598	0.0238258	0.154715	0.102088	0.00766286	0.000304881	0.515209	8.78242e-09	N/A	0.697369	0.583746	0.520126	0.544748	0.00828931	0.565351	0.52894
OG0002568	0.756301	2.59571e-06	0.54662	0.605212	0.102088	0.0565411	0.0228047	0.515209	0.515209	N/A	0.697369	0.583746	0.520126	0.544748	0.00828931	0.565351	0.52894
OG0002581	0.83681	0.00548055	0.586825	0.678483	0.62392	0.00222918	0.563236	0.522552	0.033873	N/A	0.786996	0.64708	0.539044	0.583581	0.532084	0.0350084	0.542461
OG0002583	0.83681	0.0693598	0.54662	8.57227e-08	0.00374819	0.00222918	0.563236	0.522552	0.522552	N/A	0.786996	0.221248	0.539044	0.583581	0.532084	0.0350084	0.542461
OG0002588	0.756301	0.621591	0.621591	0.268992	0.62392	0.601244	2.29356e-05	0.515209	0.515209	N/A	0.105536	0.0870759	0.539044	0.583581	0.532084	0.565351	0.52894
OG0002598	0.0815	0.0123196	0.621591	0.678483	0.62392	0.601244	0.000304881	0.515209	0.515209	N/A	0.786996	0.0870759	0.539044	0.583581	0.532084	0.565351	0.52894
OG0002601	0.294252	0.54662	0.0693598	0.678483	0.00374819	0.640072	0.563236	0.522552	0.033873	N/A	0.786996	0.221248	0.539044	0.583581	0.0165788	0.593151	0.542461
OG0002605	0.83681	0.586825	0.0476668	0.0281791	0.186225	0.601244	0.0654064	0.515209	0.00772228	N/A	0.786996	0.64708	0.539044	0.583581	0.532084	0.565351	0.52894
OG0002613	0.294252	0.54662	0.54662	0.110464	0.0711731	0.601244	4.74351e-10	0.507693	0.507693	N/A	0.786996	0.221248	0.539044	0.583581	0.532084	0.565351	0.0434127
OG0002622	0.83681	3.81236e-08	0.130342	0.678483	0.186225	0.601244	0.0654064	0.515209	0.515209	N/A	0.786996	0.64708	0.539044	0.583581	0.532084	0.565351	0.52894
OG0002626	0.756301	0.0712625	0.621591	0.678483	0.0120187	0.601244	0.000304881	0.515209	0.515209	N/A	0.105536	0.0870759	0.539044	0.583581	0.532084	0.565351	0.52894
OG0002627	0.756301	6.85809e-07	0.586825	0.268992	0.62392	0.601244	0.543596	0.515209	0.515209	N/A	0.105536	0.64708	0.539044	0.583581	0.532084	0.565351	0.52894
OG0002628	0.526493	0.130342	0.586825	0.730477	0.668125	0.640072	0.000304881	0.00772228	0.515209	N/A	0.786996	0.64708	0.0203244	0.617365	0.54696	0.140663	0.52894
OG0002631	0.756301	0.5	0.5	0.605212	0.56891	0.000333025	0.0012774	0.515209	0.515209	N/A	0.697369	0.123702	0.520126	0.544748	0.00828931	0.565351	0.52894
OG0002632	0.83681	1.20056e-05	0.586825	0.268992	0.0711731	0.601244	0.543596	0.515209	0.515209	N/A	0.786996	0.64708	0.539044	0.583581	0.532084	0.565351	0.52894
OG0002635	0.137178	0.5	0.5	0.154715	0.56891	0.640072	0.563236	0.0115823	0.033873	N/A	0.697369	0.123702	0.520126	0.544748	0.000137463	0.593151	0.542461
OG0002637	0.142253	0.18413	0.621591	0.730477	0.0261507	0.00222918	0.543596	0.00772228	0.515209	N/A	0.832757	0.695486	0.556836	0.617365	0.0706487	0.565351	0.52894
OG0002641	0.871099	0.00408936	0.621591	0.0580412	0.668125	0.601244	0.543596	0.0228136	0.515209	N/A	0.832757	0.695486	0.556836	0.617365	0.0706487	0.565351	0.52894
OG0002642	0.294252	0.621591	0.0712625	0.678483	0.62392	0.0565411	0.522556	0.00386114	0.0115245	N/A	0.786996	0.0870759	0.539044	0.583581	0.532084	0.0980681	0.514797
OG0002648	0.526493	0.621591	0.18413	0.730477	0.668125	0.00588216	0.0341793	0.522552	0.033873	N/A	0.217281	0.695486	0.556836	0.617365	0.54696	0.593151	0.542461
OG0002649	0.756301	0.130342	0.586825	0.678483	0.62392	0.000333025	0.0654064	0.0228136	0.515209	N/A	0.105536	0.64708	0.539044	0.583581	0.532084	0.565351	0.52894
OG0002655	0.83681	0.0123196	0.621591	0.678483	0.62392	0.601244	0.000304881	0.515209	0.515209	N/A	0.786996	0.0870759	0.539044	0.583581	0.532084	0.565351	0.52894
OG0002656	0.83681	2.21484e-06	0.621591	0.268992	0.62392	0.601244	0.543596	0.0228136	0.515209	N/A	0.786996	0.0870759	0.539044	0.583581	0.532084	0.565351	0.52894
OG0002659	0.137178	0.54662	0.54662	0.605212	0.0711731	0.00766286	0.543596	0.0228136	0.515209	N/A	0.697369	0.583746	0.520126	0.0228501	0.532084	0.565351	0.52894
OG0002660	0.83681	0.0123196	0.621591	0.678483	0.62392	0.601244	0.000304881	0.00772228	0.0228136	N/A	0.786996	0.0870759	0.539044	0.583581	0.532084	0.565351	0.52894
OG0002662	0.83681	1.20056e-05	0.130342	0.678483	0.62392	0.601244	0.543596	0.515209	0.515209	N/A	0.786996	0.64708	0.539044	0.583581	0.532084	0.565351	0.52894
OG0002671	0.00015555	3.33479e-05	0.621591	0.154715	0.56891	0.555086	0.522556	0.0115245	0.507693	N/A	0.533578	0.0870759	0.0585747	0.544748	0.516446	0.534433	0.514797
OG0002674	0.756301	3.10113e-13	0.130342	0.0102411	0.186225	0.601244	0.543596	0.515209	0.0228136	N/A	0.105536	0.64708	0.539044	0.583581	0.532084	0.565351	0.52894
OG0002676	0.526493	0.65174	0.65174	0.730477	0.668125	0.15204	0.0654064	0.00772228	0.515209	N/A	0.217281	0.129292	0.556836	0.617365	0.0706487	0.565351	0.52894
OG0002687	0.756301	0.0476668	0.586825	0.110464	0.62392	0.601244	2.29356e-05	0.515209	0.515209	N/A	0.105536	0.64708	0.539044	0.583581	0.532084	0.565351	0.52894
OG0002693	0.756301	8.3484e-16	0.130342	0.154715	1.29743e-05	0.555086	0.0337031	0.507693	0.00386114	N/A	0.697369	0.0434549	0.520126	0.544748	0.516446	0.534433	0.514797
OG0002742	0.0111044	0.586825	0.130342	0.0102411	0.00374819	0.601244	0.543596	0.00772228	0.515209	N/A	0.786996	0.64708	0.539044	0.583581	0.532084	0.565351	0.52894
OG0002743	0.756301	0.586825	0.130342	0.268992	0.62392	0.601244	6.52606e-07	0.515209	0.515209	N/A	0.105536	0.64708	0.539044	0.583581	0.532084	0.565351	0.52894
OG0002757	0.756301	0.54662	0.0693598	0.110464	0.00374819	0.601244	0.543596	0.522552	0.522552	N/A	0.105536	0.221248	0.539044	0.583581	0.532084	0.565351	0.0149045
OG0002759	0.756301	0.0712625	0.621591	0.678483	0.62392	0.0565411	0.543596	0.515209	3.16239e-05	N/A	0.105536	0.0870759	0.539044	0.583581	0.532084	0.565351	0.52894
OG0002760	0.83681	3.81236e-08	0.586825	0.678483	0.62392	0.15204	0.543596	0.515209	0.515209	N/A	0.786996	0.64708	0.539044	0.583581	0.532084	0.565351	0.52894
OG0002762	0.756301	1.20056e-05	0.586825	0.268992	0.62392	0.601244	0.0228047	0.515209	0.515209	N/A	0.105536	0.64708	0.539044	0.583581	0.532084	0.565351	0.52894
OG0002769	0.756301	0.0476668	0.586825	0.678483	0.0711731	0.00222918	0.00297147	0.522552	0.522552	N/A	0.105536	0.64708	0.539044	0.583581	0.532084	0.0350084	0.542461
OG0002778	0.0815	0.130342	0.586825	0.678483	0.62392	0.00766286	0.543596	0.507693	0.0115245	N/A	0.786996	0.64708	0.539044	0.583581	0.532084	0.565351	0.0434127
OG0002779	0.756301	0.0476668	0.130342	4.18902e-05	0.62392	0.601244	0.543596	0.0228136	0.515209	N/A	0.105536	0.64708	0.539044	0.583581	0.532084	0.565351	0.52894
OG0002782	0.83681	1.20056e-05	0.586825	0.678483	0.62392	0.601244	0.543596	0.0228136	0.515209	N/A	0.786996	0.64708	0.539044	0.583581	0.532084	0.565351	0.52894
OG0002784	0.756301	6.85809e-07	0.586825	0.678483	0.62392	0.601244	0.0654064	0.515209	0.515209	N/A	0.105536	0.64708	0.539044	0.583581	0.532084	0.565351	0.52894
OG0002787	0.137178	0.54662	0.54662	0.154715	0.56891	0.555086	0.563236	0.522552	0.0115823	N/A	0.697369	0.583746	0.520126	0.544748	0.516446	0.000613392	0.542461
OG0002798	0.83681	0.000579131	0.621591	0.678483	0.62392	0.00222918	0.543596	0.00772228	0.515209	N/A	0.786996	0.0870759	0.539044	0.583581	0.532084	0.565351	0.52894
OG0002813	0.0111044	0.621591	0.0123196	0.268992	0.62392	0.601244	0.0337031	0.00386114	0.507693	N/A	0.786996	0.0870759	0.539044	0.583581	0.532084	0.0980681	0.514797
OG0002815	0.83681	0.0476668	0.586825	0.268992	0.62392	0.15204	0.563236	0.522552	0.033873	N/A	0.786996	0.64708	0.539044	0.583581	0.532084	0.0350084	0.542461
OG0002822	0.294252	0.586825	0.130342	0.110464	0.62392	0.15204	0.0341793	0.522552	0.033873	N/A	0.786996	0.64708	0.539044	0.583581	0.532084	0.0350084	0.542461
OG0002826	0.756301	6.45067e-13	0.54662	0.605212	0.56891	0.555086	6.52606e-07	0.0228136	0.515209	N/A	0.697369	0.583746	0.520126	0.544748	0.516446	0.017502	0.52894
OG0002828	0.0111044	0.130342	0.0476668	0.110464	0.56891	0.555086	0.522556	0.00772228	0.515209	N/A	0.786996	0.64708	0.539044	0.125464	0.516446	0.534433	0.00745219
OG0002841	0.756301	6.85809e-07	0.586825	0.678483	0.62392	0.601244	0.543596	0.515209	0.0228136	N/A	0.105536	0.64708	0.539044	0.583581	0.532084	0.565351	0.52894
OG0002844	0.756301	3.81236e-08	0.130342	0.268992	0.186225	0.601244	0.0654064	0.515209	0.515209	N/A	0.105536	0.64708	0.539044	0.583581	0.532084	0.565351	0.52894
OG0002850	0.526493	0.00408936	1.70341e-12	0.00229579	0.56891	0.555086	0.522556	0.507693	0.507693	N/A	0.786996	0.0870759	0.539044	0.125464	0.516446	0.534433	0.514797
OG0002859	0.83681	3.81236e-08	0.586825	0.268992	0.62392	0.601244	0.543596	0.0228136	0.515209	N/A	0.786996	0.64708	0.539044	0.583581	0.532084	0.565351	0.52894
OG0002860	0.83681	0.586825	0.0476668	0.268992	5.76705e-05	0.601244	0.0654064	0.515209	0.515209	N/A	0.786996	0.64708	0.539044	0.583581	0.532084	0.565351	0.52894
OG0002871	0.83681	0.0476668	0.586825	0.678483	0.62392	0.601244	0.0012774	0.515209	0.0228136	N/A	0.786996	0.64708	0.539044	0.583581	0.532084	0.565351	0.52894
OG0002877	0.00134698	0.0693598	0.54662	0.154715	0.56891	0.555086	0.543596	0.00772228	0.515209	N/A	0.439614	0.583746	0.520126	0.544748	0.516446	0.017502	0.52894
OG0002878	0.756301	0.130342	0.586825	0.678483	0.62392	0.15204	0.563236	0.0115823	0.033873	N/A	0.105536	0.64708	0.539044	0.583581	0.532084	0.0350084	0.542461
OG0002879	0.756301	0.130342	0.586825	0.268992	0.62392	0.601244	0.000304881	0.522552	0.0115823	N/A	0.105536	0.64708	0.539044	0.583581	0.532084	0.565351	0.0149045
OG0002886	0.83681	0.130342	0.586825	0.268992	0.62392	0.601244	1.23585e-11	0.515209	0.515209	N/A	0.786996	0.64708	0.539044	0.583581	0.532084	0.565351	0.52894
OG0002892	0.756301	1.11457e-10	0.130342	0.0102411	4.92074e-06	0.601244	0.0337031	0.00386114	0.0115245	N/A	0.105536	0.64708	0.539044	0.583581	0.532084	0.0980681	0.514797
OG0002893	0.756301	0.00113794	0.0693598	0.605212	0.0355493	0.555086	0.0337031	9.1048e-07	0.515209	N/A	0.697369	0.583746	0.520126	0.544748	0.516446	0.534433	0.00745219
OG0002946	0.756301	1.23973e-07	0.0693598	0.154715	0.102088	0.555086	0.0337031	0.515209	8.78242e-09	N/A	0.697369	0.583746	0.520126	0.544748	0.516446	0.534433	0.00745219
OG0002948	0.83681	0.130342	0.00020209	0.678483	0.0120187	0.15204	0.543596	0.00772228	0.515209	N/A	0.786996	0.64708	0.539044	0.583581	0.532084	0.565351	0.52894
OG0002952	0.294252	0.586825	0.586825	0.678483	5.76705e-05	0.601244	0.543596	0.515209	0.0228136	N/A	0.786996	0.64708	0.539044	0.583581	0.532084	0.565351	0.52894
OG0002959	0.756301	1.40363e-07	0.18413	0.678483	0.62392	0.601244	0.543596	0.0228136	0.515209	N/A	0.105536	0.0870759	0.539044	0.583581	0.532084	0.565351	0.52894
OG0002962	0.83681	0.0712625	0.621591	0.0102411	0.186225	0.601244	0.543596	0.0228136	0.00772228	N/A	0.786996	0.0870759	0.539044	0.583581	0.532084	0.565351	0.52894
OG0002963	0.0815	0.65174	0.65174	0.678483	0.56891	0.555086	0.0337031	0.515209	0.515209	N/A	0.786996	0.0177934	0.539044	0.125464	0.516446	0.534433	0.00745219
OG0002964	0.756301	1.20056e-05	0.586825	0.0102411	0.62392	0.601244	0.543596	0.515209	0.515209	N/A	0.105536	0.64708	0.539044	0.583581	0.532084	0.565351	0.52894
OG0002970	0.294252	0.00020209	0.586825	0.678483	0.62392	0.00222918	0.563236	0.522552	0.033873	N/A	0.786996	0.64708	0.539044	0.583581	0.532084	0.0350084	0.542461
OG0002989	0.0815	0.00548055	0.586825	0.268992	0.62392	0.601244	0.000304881	0.515209	0.515209	N/A	0.786996	0.64708	0.539044	0.583581	0.532084	0.565351	0.52894
OG0002999	0.83681	0.586825	0.586825	0.268992	0.186225	0.00766286	0.000304881	0.515209	0.515209	N/A	0.786996	0.64708	0.539044	0.583581	0.532084	0.565351	0.52894
OG0003007	0.756301	6.85809e-07	0.586825	0.0102411	0.62392	0.601244	0.543596	0.515209	0.515209	N/A	0.105536	0.64708	0.539044	0.583581	0.532084	0.565351	0.52894
OG0003008	0.0082092	0.00548055	0.586825	0.268992	0.62392	0.00222918	0.543596	0.515209	0.515209	N/A	0.533578	0.64708	0.539044	0.583581	0.532084	0.565351	0.52894
OG0003020	0.0815	0.0476668	0.586825	0.110464	0.62392	0.601244	0.543596	0.515209	3.16239e-05	N/A	0.786996	0.64708	0.539044	0.583581	0.532084	0.565351	0.52894
OG0003027	0.756301	3.33479e-05	0.621591	0.678483	0.62392	0.15204	0.543596	0.515209	0.515209	N/A	0.105536	0.0870759	0.539044	0.583581	0.532084	0.565351	0.52894
OG0003034	0.83681	2.21484e-06	0.621591	0.678483	0.186225	0.15204	0.543596	0.515209	0.0228136	N/A	0.786996	0.0870759	0.539044	0.583581	0.532084	0.565351	0.52894
OG0003037	0.756301	0.0476668	0.586825	0.268992	0.62392	0.00766286	0.543596	0.0228136	0.515209	N/A	0.105536	0.64708	0.539044	0.583581	0.532084	0.565351	0.52894
OG0003046	0.83681	0.621591	0.621591	0.0244268	0.668125	0.000210169	0.563236	0.522552	0.033873	N/A	0.217281	0.695486	0.556836	0.617365	0.54696	0.593151	0.542461
OG0003047	0.294252	0.0210788	0.65174	0.678483	0.62392	0.601244	0.0337031	0.507693	0.00386114	N/A	0.786996	0.0177934	0.539044	0.583581	0.532084	0.0980681	0.514797
OG0003050	0.030694	0.586825	0.130342	0.0102411	0.0120187	0.601244	0.543596	0.515209	0.0228136	N/A	0.786996	0.64708	0.539044	0.583581	0.532084	0.565351	0.52894
OG0003051	0.0815	0.0476668	0.130342	0.110464	0.0711731	0.601244	0.000304881	0.515209	0.515209	N/A	0.786996	0.64708	0.539044	0.583581	0.532084	0.565351	0.52894
OG0003057	0.294252	0.54662	0.54662	0.268992	0.0261507	0.00588216	0.563236	0.522552	0.033873	N/A	0.786996	0.221248	0.539044	0.045713	0.54696	0.593151	0.542461
OG0003061	0.83681	1.20056e-05	0.586825	0.678483	0.62392	0.601244	0.543596	0.0228136	0.515209	N/A	0.786996	0.64708	0.539044	0.583581	0.532084	0.565351	0.52894
OG0003072	0.83681	0.0476668	0.586825	0.678483	0.0711731	0.0565411	0.000304881	0.515209	0.515209	N/A	0.786996	0.64708	0.539044	0.583581	0.532084	0.565351	0.52894
OG0003074	0.83681	0.65174	0.00127647	0.730477	0.62392	0.15204	0.543596	0.507693	0.507693	N/A	0.217281	0.129292	0.556836	0.17765	0.532084	0.565351	0.0434127
OG0003080	0.83681	0.65174	0.0210788	0.678483	0.0120187	0.00222918	0.543596	0.515209	0.0228136	N/A	0.786996	0.0177934	0.539044	0.583581	0.532084	0.565351	0.52894
OG0003085	0.83681	0.0476668	0.586825	4.18902e-05	0.62392	0.601244	0.0337031	0.00386114	0.507693	N/A	0.786996	0.64708	0.539044	0.583581	0.532084	0.0980681	0.514797
OG0003088	0.756301	0.0476668	0.586825	0.605212	0.56891	0.555086	0.543596	0.000148177	0.515209	N/A	0.697369	0.0434549	0.520126	0.544748	0.516446	0.017502	0.52894
OG0003090	0.756301	0.586825	0.586825	0.268992	0.186225	0.601244	0.543596	0.515209	0.000148177	N/A	0.105536	0.64708	0.539044	0.583581	0.532084	0.565351	0.52894
OG0003096	0.756301	5.90815e-12	0.130342	0.605212	0.56891	0.555086	0.0012774	0.0228136	0.515209	N/A	0.697369	0.0434549	0.520126	0.544748	0.516446	0.017502	0.52894
OG0003104	0.756301	0.0238258	0.54662	0.605212	0.56891	0.0565411	0.543596	0.00772228	0.515209	N/A	0.697369	0.583746	0.520126	0.544748	0.00828931	0.565351	0.52894
OG0003107	0.756301	0.586825	1.20056e-05	0.268992	0.62392	0.0565411	0.543596	0.507693	0.507693	N/A	0.105536	0.64708	0.539044	0.583581	0.532084	0.565351	0.0434127
OG0003110	0.756301	1.20056e-05	0.586825	0.268992	0.62392	0.601244	0.543596	0.515209	0.515209	N/A	0.105536	0.64708	0.539044	0.583581	0.532084	0.565351	0.52894
OG0003113	0.83681	0.00020209	0.586825	0.268992	0.62392	0.15204	0.0012774	0.515209	0.515209	N/A	0.786996	0.64708	0.539044	0.583581	0.532084	0.565351	0.52894
OG0003119	0.756301	0.0238258	0.54662	0.605212	0.56891	0.601244	0.563236	0.522552	0.0115823	N/A	0.697369	0.583746	0.520126	0.544748	0.00828931	0.0350084	0.542461
OG0003124	0.756301	1.11457e-10	0.130342	0.268992	0.62392	0.15204	0.0654064	0.515209	0.515209	N/A	0.105536	0.64708	0.539044	0.583581	0.532084	0.565351	0.52894
OG0003126	0.83681	0.586825	0.0476668	0.268992	0.62392	0.00222918	0.563236	0.522552	0.0115823	N/A	0.786996	0.64708	0.539044	0.583581	0.532084	0.0350084	0.542461
OG0003138	0.137178	0.54662	0.00113794	0.154715	0.56891	0.555086	0.543596	0.0115823	0.522552	N/A	0.697369	0.583746	0.520126	0.544748	0.516446	0.017502	0.0149045
OG0003150	0.756301	0.54662	0.0238258	0.605212	0.102088	2.34619e-05	0.543596	0.507693	0.507693	N/A	0.697369	0.583746	0.520126	0.544748	0.00828931	0.565351	0.0434127
OG0003153	0.756301	1.20056e-05	0.586825	0.268992	0.0711731	0.601244	0.543596	0.515209	0.515209	N/A	0.105536	0.64708	0.539044	0.583581	0.532084	0.565351	0.52894
OG0003212	0.137178	8.3484e-16	0.130342	0.605212	0.56891	0.555086	0.522556	0.507693	0.507693	N/A	0.697369	0.0434549	0.520126	0.544748	0.516446	0.534433	0.514797
OG0003220	0.756301	0.00020209	0.586825	0.110464	0.62392	0.601244	0.543596	0.0228136	0.515209	N/A	0.105536	0.64708	0.539044	0.583581	0.532084	0.565351	0.52894
OG0003230	0.83681	0.621591	0.621591	0.0102411	0.0711731	0.00222918	0.543596	0.522552	0.522552	N/A	0.786996	0.0870759	0.539044	0.583581	0.532084	0.565351	0.0149045
OG0003240	0.294252	0.586825	0.130342	0.268992	0.62392	0.601244	2.29356e-05	0.515209	0.515209	N/A	0.786996	0.64708	0.539044	0.583581	0.532084	0.565351	0.52894
OG0003244	0.756301	1.20056e-05	0.586825	0.678483	0.62392	0.601244	0.543596	0.0228136	0.515209	N/A	0.105536	0.64708	0.539044	0.583581	0.532084	0.565351	0.52894
OG0003245	0.756301	0.001522	0.0476668	0.110464	0.62392	0.601244	0.0228047	0.515209	0.515209	N/A	0.105536	0.64708	0.539044	0.583581	0.532084	0.565351	0.52894
OG0003272	0.0815	0.586825	0.0476668	0.0281791	0.186225	0.601244	0.0654064	0.0228136	0.515209	N/A	0.786996	0.64708	0.539044	0.583581	0.532084	0.565351	0.52894
OG0003273	0.030694	0.0476668	0.586825	0.678483	0.62392	0.601244	0.543596	0.515209	3.16239e-05	N/A	0.786996	0.64708	0.539044	0.583581	0.532084	0.565351	0.52894
OG0003280	0.756301	0.586825	0.586825	0.0102411	0.0711731	0.15204	0.000304881	0.522552	0.522552	N/A	0.105536	0.64708	0.539044	0.583581	0.532084	0.565351	0.0149045
OG0003287	0.294252	0.001522	0.586825	0.110464	0.186225	0.00766286	0.0228047	3.16239e-05	0.515209	N/A	0.786996	0.64708	0.539044	0.583581	0.532084	0.565351	0.52894
OG0003290	0.83681	0.130342	0.00020209	0.678483	0.62392	0.00222918	0.543596	0.00772228	0.515209	N/A	0.786996	0.64708	0.539044	0.583581	0.532084	0.565351	0.52894
OG0003296	0.00117825	0.001522	0.586825	0.163122	0.106012	0.15204	0.543596	0.507693	0.0115245	N/A	0.832757	0.299082	0.556836	0.617365	0.0706487	0.565351	0.0434127
OG0003301	0.756301	0.5	0.5	0.000315882	1.00107e-13	0.555086	0.522556	0.0115245	0.00386114	N/A	0.697369	0.123702	0.0101619	0.583581	0.0481312	0.534433	0.514797
OG0003308	0.294252	0.00548055	0.586825	0.268992	0.186225	0.601244	0.0228047	0.515209	0.0228136	N/A	0.786996	0.64708	0.539044	0.583581	0.532084	0.565351	0.52894
OG0003311	0.756301	0.0476668	0.586825	0.678483	0.186225	0.15204	0.563236	0.522552	0.033873	N/A	0.105536	0.64708	0.539044	0.583581	0.532084	0.0350084	0.542461
OG0003317	0.871099	0.0712625	0.18413	0.163122	0.62392	0.00222918	0.0654064	0.00772228	0.515209	N/A	0.832757	0.695486	0.556836	0.17765	0.532084	0.565351	0.52894
OG0003321	0.756301	4.29159e-17	0.130342	0.605212	0.56891	0.555086	0.522556	0.507693	0.507693	N/A	0.697369	0.0434549	0.520126	0.544748	0.516446	0.534433	0.514797
OG0003326	0.756301	4.29159e-17	0.130342	0.605212	0.56891	0.555086	0.522556	0.507693	0.507693	N/A	0.697369	0.0434549	0.520126	0.544748	0.516446	0.534433	0.514797
OG0003350	0.756301	9.59989e-14	0.18413	0.678483	0.56891	0.555086	0.522556	0.507693	0.507693	N/A	0.105536	0.0870759	0.539044	0.125464	0.516446	0.534433	0.514797
OG0003358	0.756301	0.586825	0.586825	0.268992	0.62392	0.601244	0.000304881	0.00772228	0.515209	N/A	0.105536	0.64708	0.539044	0.583581	0.532084	0.565351	0.52894
OG0003368	0.137178	1.35063e-11	0.54662	0.605212	0.56891	0.555086	0.522556	0.507693	2.98185e-05	N/A	0.697369	0.583746	0.520126	0.544748	0.516446	0.534433	0.514797
OG0003378	0.83681	0.00548055	0.586825	0.678483	0.62392	0.601244	0.000304881	0.515209	0.515209	N/A	0.786996	0.64708	0.539044	0.583581	0.532084	0.565351	0.52894
OG0003380	0.83681	0.586825	0.00020209	0.268992	0.62392	0.601244	0.543596	0.0228136	0.515209	N/A	0.786996	0.64708	0.539044	0.583581	0.532084	0.565351	0.52894
OG0003381	0.83681	0.130342	0.586825	0.678483	0.0711731	0.15204	6.52606e-07	0.515209	0.515209	N/A	0.786996	0.64708	0.539044	0.583581	0.532084	0.565351	0.52894
OG0003383	0.137178	0.54662	0.0238258	0.605212	0.56891	0.555086	0.563236	0.0115823	0.033873	N/A	0.697369	0.583746	0.520126	0.544748	0.516446	0.000613392	0.542461
OG0003386	0.756301	1.40363e-07	0.18413	0.0102411	0.186225	0.601244	0.0654064	0.515209	0.515209	N/A	0.105536	0.0870759	0.539044	0.583581	0.532084	0.565351	0.52894
OG0003388	0.0815	0.621591	0.0712625	0.268992	0.000650462	0.15204	0.543596	0.0228136	0.515209	N/A	0.786996	0.0870759	0.539044	0.583581	0.532084	0.565351	0.52894
OG0003390	0.756301	1.40363e-07	0.18413	0.678483	0.186225	0.601244	0.522556	0.507693	0.507693	N/A	0.105536	0.0870759	0.539044	0.583581	0.532084	0.0980681	0.514797
OG0003403	0.871099	0.621591	0.621591	0.163122	0.668125	0.601244	0.0337031	0.507693	0.0115245	N/A	0.832757	0.695486	0.556836	0.617365	0.0706487	0.0980681	0.514797
OG0003408	0.526493	3.33479e-05	0.621591	0.730477	0.62392	0.601244	0.522556	0.507693	0.507693	N/A	0.217281	0.695486	0.556836	0.17765	0.532084	0.0980681	0.514797
OG0003427	0.756301	5.43484e-05	0.54662	0.605212	0.56891	0.555086	0.543596	0.000148177	0.515209	N/A	0.697369	0.583746	0.520126	0.544748	0.516446	0.017502	0.52894
OG0003441	0.756301	0.130342	0.586825	8.57227e-08	0.186225	0.15204	0.543596	0.515209	0.0228136	N/A	0.105536	0.64708	0.539044	0.583581	0.532084	0.565351	0.52894
OG0003443	0.756301	0.130342	0.586825	0.678483	0.000650462	0.601244	0.543596	0.00772228	3.16239e-05	N/A	0.105536	0.64708	0.539044	0.583581	0.532084	0.565351	0.52894
OG0003452	0.756301	0.00548055	0.586825	0.678483	0.62392	0.0565411	0.000304881	0.515209	0.515209	N/A	0.105536	0.64708	0.539044	0.583581	0.532084	0.565351	0.52894
OG0003457	0.526493	0.0712625	0.621591	0.730477	0.62392	0.15204	0.0012774	0.515209	0.515209	N/A	0.217281	0.695486	0.556836	0.17765	0.532084	0.565351	0.52894
OG0003462	0.756301	0.54662	0.54662	0.154715	0.56891	0.555086	0.563236	0.529727	0.529727	N/A	0.697369	0.583746	0.520126	0.544748	0.516446	0.000613392	0.0223489
OG0003464	0.756301	1.20056e-05	0.586825	0.110464	0.62392	0.15204	0.543596	0.515209	0.515209	N/A	0.105536	0.64708	0.539044	0.583581	0.532084	0.565351	0.52894
OG0003466	0.756301	0.0693598	5.43484e-05	0.154715	9.2719e-07	0.555086	0.0337031	0.507693	1.7784e-09	N/A	0.697369	0.583746	0.520126	0.544748	0.516446	0.534433	0.514797
OG0003517	0.756301	7.02771e-17	0.0693598	0.154715	0.102088	0.555086	0.522556	2.98185e-05	0.507693	N/A	0.697369	0.583746	0.520126	0.544748	0.516446	0.534433	0.514797
OG0003520	0.756301	0.5	0.5	0.605212	0.102088	0.0818261	1.47329e-23	2.81784e-07	0.522552	N/A	0.697369	0.123702	0.520126	0.544748	0.516446	0.000613392	0.542461
OG0003544	0.756301	0.00548055	0.586825	0.678483	0.62392	0.601244	0.0012774	0.515209	0.0228136	N/A	0.105536	0.64708	0.539044	0.583581	0.532084	0.565351	0.52894
OG0003558	0.294252	0.0210788	0.65174	0.268992	0.62392	0.601244	0.0337031	0.507693	0.507693	N/A	0.786996	0.0177934	0.539044	0.583581	0.532084	0.0980681	0.514797
OG0003566	0.83681	0.586825	0.00548055	0.268992	0.62392	0.601244	0.000304881	0.515209	0.515209	N/A	0.786996	0.64708	0.539044	0.583581	0.532084	0.565351	0.52894
OG0003578	0.294252	0.130342	0.586825	0.678483	0.56891	0.555086	0.522556	0.00772228	0.515209	N/A	0.786996	0.64708	0.539044	0.125464	0.516446	0.534433	0.00745219
OG0003587	0.294252	0.586825	0.586825	0.678483	0.62392	0.00222918	0.563236	0.033873	0.0115823	N/A	0.786996	0.64708	0.539044	0.583581	0.532084	0.0350084	0.542461
OG0003590	0.294252	0.00548055	0.130342	0.0102411	0.186225	0.601244	0.543596	0.515209	0.515209	N/A	0.786996	0.64708	0.539044	0.583581	0.532084	0.565351	0.52894
OG0003592	0.294252	0.00020209	0.586825	0.678483	0.62392	0.15204	0.543596	0.0228136	0.515209	N/A	0.786996	0.64708	0.539044	0.583581	0.532084	0.565351	0.52894
OG0003604	0.756301	0.54662	0.54662	0.605212	0.56891	0.555086	0.522556	0.0115823	0.522552	N/A	0.697369	0.583746	0.520126	0.544748	0.516446	0.534433	0.000111095
OG0003605	0.83681	0.130342	0.586825	0.678483	0.62392	0.0565411	0.543596	0.515209	3.16239e-05	N/A	0.786996	0.64708	0.539044	0.583581	0.532084	0.565351	0.52894
OG0003615	0.000431765	0.54662	0.54662	0.678483	0.62392	0.00222918	0.000304881	0.515209	0.515209	N/A	0.533578	0.221248	0.539044	0.583581	0.532084	0.565351	0.52894
OG0003623	0.83681	0.0476668	0.586825	0.678483	0.62392	0.0565411	0.522556	0.00386114	0.0115245	N/A	0.786996	0.64708	0.539044	0.583581	0.532084	0.0980681	0.514797
OG0003626	0.756301	0.586825	0.586825	0.678483	0.0120187	0.601244	0.000304881	0.515209	0.515209	N/A	0.105536	0.64708	0.539044	0.583581	0.532084	0.565351	0.52894
OG0003628	0.137178	0.54662	0.0238258	0.605212	0.102088	5.14878e-06	0.0337031	0.0115245	2.98185e-05	N/A	0.697369	0.583746	0.520126	0.544748	0.516446	0.534433	0.514797
OG0003641	0.756301	6.85809e-07	0.586825	0.605212	0.56891	0.555086	0.543596	0.515209	0.515209	N/A	0.697369	0.0434549	0.520126	0.544748	0.516446	0.017502	0.52894
OG0003656	0.756301	0.0476668	0.586825	0.268992	0.62392	0.601244	2.29356e-05	0.515209	0.0228136	N/A	0.105536	0.64708	0.539044	0.583581	0.532084	0.565351	0.52894
OG0003665	0.756301	2.19505e-18	0.130342	0.605212	0.56891	0.555086	0.522556	0.0115245	0.507693	N/A	0.697369	0.0434549	0.520126	0.544748	0.516446	0.534433	0.514797
OG0003666	0.83681	0.00548055	0.586825	0.678483	0.0120187	0.15204	0.543596	0.0228136	0.515209	N/A	0.786996	0.64708	0.539044	0.583581	0.532084	0.565351	0.52894
OG0003668	0.756301	0.00548055	0.586825	0.678483	0.62392	0.601244	0.000304881	0.515209	0.515209	N/A	0.105536	0.64708	0.539044	0.583581	0.532084	0.565351	0.52894
OG0003669	0.83681	0.130342	1.20056e-05	0.678483	0.62392	0.601244	0.543596	0.0228136	0.515209	N/A	0.786996	0.64708	0.539044	0.583581	0.532084	0.565351	0.52894
OG0003672	0.756301	0.5	0.5	0.154715	0.102088	0.0818261	0.543596	0.529727	0.0154401	N/A	0.697369	0.123702	0.520126	0.544748	0.516446	0.017502	0.000548926
OG0003686	0.83681	0.00548055	0.130342	0.268992	0.62392	0.15204	0.0654064	0.515209	0.515209	N/A	0.786996	0.64708	0.539044	0.583581	0.532084	0.565351	0.52894
OG0003690	0.137178	0.0238258	0.54662	0.605212	0.56891	0.555086	0.563236	0.522552	0.033873	N/A	0.697369	0.583746	0.520126	0.544748	0.516446	0.000613392	0.542461
OG0003691	0.756301	1.61454e-14	0.130342	0.605212	0.56891	0.555086	0.522556	0.507693	0.00386114	N/A	0.697369	0.0434549	0.520126	0.544748	0.516446	0.534433	0.514797
OG0003705	0.83681	0.00548055	0.586825	0.0102411	0.62392	0.601244	0.0654064	0.515209	0.515209	N/A	0.786996	0.64708	0.539044	0.583581	0.532084	0.565351	0.52894
OG0003713	0.83681	0.130342	0.586825	0.0281791	0.62392	0.601244	0.543596	0.515209	3.16239e-05	N/A	0.786996	0.64708	0.539044	0.583581	0.532084	0.565351	0.52894
OG0003718	0.756301	0.130342	0.586825	0.0281791	0.186225	0.15204	0.0228047	0.515209	0.515209	N/A	0.105536	0.64708	0.539044	0.583581	0.532084	0.565351	0.52894
OG0003723	0.756301	4.29159e-17	0.130342	0.154715	0.56891	0.555086	0.522556	0.507693	0.507693	N/A	0.697369	0.0434549	0.520126	0.544748	0.516446	0.534433	0.514797
OG0003724	0.756301	6.85809e-07	0.586825	0.268992	0.62392	0.601244	0.0654064	0.515209	0.515209	N/A	0.105536	0.64708	0.539044	0.583581	0.532084	0.565351	0.52894
OG0003727	0.142253	0.18413	0.0712625	0.730477	0.186225	0.15204	0.543596	0.0228136	0.515209	N/A	0.832757	0.695486	0.556836	0.17765	0.532084	0.565351	0.52894
OG0003732	0.756301	0.130342	0.0476668	0.678483	0.186225	0.0565411	0.543596	0.515209	0.0228136	N/A	0.105536	0.64708	0.539044	0.583581	0.532084	0.565351	0.52894
OG0003748	0.0414086	0.0238258	0.54662	0.605212	0.56891	0.555086	1.9103e-17	0.507693	0.507693	N/A	0.697369	0.583746	0.520126	0.544748	0.516446	0.534433	0.514797
OG0003752	0.756301	0.0238258	0.54662	0.605212	0.56891	0.601244	0.563236	0.033873	0.522552	N/A	0.697369	0.583746	0.520126	0.544748	0.00828931	0.0350084	0.542461
OG0003756	0.83681	0.00020209	0.130342	0.268992	0.62392	0.15204	0.543596	0.515209	0.515209	N/A	0.786996	0.64708	0.539044	0.583581	0.532084	0.565351	0.52894
OG0003757	0.83681	0.00548055	0.130342	0.678483	0.0711731	0.601244	0.0337031	2.98185e-05	0.0115245	N/A	0.786996	0.64708	0.539044	0.583581	0.532084	0.0980681	0.514797
OG0003758	0.756301	0.54662	0.0238258	0.605212	0.56891	0.0565411	0.0012774	0.515209	0.515209	N/A	0.697369	0.583746	0.520126	0.544748	0.00828931	0.565351	0.52894
OG0003762	0.756301	0.00020209	0.586825	0.678483	0.62392	0.601244	0.000304881	0.515209	0.515209	N/A	0.105536	0.64708	0.539044	0.583581	0.532084	0.565351	0.52894
OG0003776	0.756301	0.586825	0.586825	0.000315882	0.62392	0.15204	0.0654064	0.515209	0.515209	N/A	0.105536	0.64708	0.539044	0.583581	0.532084	0.565351	0.52894
OG0003778	0.137178	0.586825	0.586825	0.605212	0.56891	0.0818261	0.543596	0.0115823	0.522552	N/A	0.697369	0.0434549	0.520126	0.544748	0.516446	0.017502	0.0149045
OG0003781	0.756301	0.586825	0.586825	0.268992	0.62392	0.601244	0.543596	0.00772228	3.16239e-05	N/A	0.105536	0.64708	0.539044	0.583581	0.532084	0.565351	0.52894
OG0003785	0.756301	0.54662	0.54662	0.605212	0.56891	0.555086	0.543596	0.000148177	0.515209	N/A	0.697369	0.583746	0.520126	0.544748	0.516446	0.017502	0.52894
OG0003788	0.83681	0.586825	0.130342	0.678483	0.62392	0.601244	0.000304881	0.515209	0.00772228	N/A	0.786996	0.64708	0.539044	0.583581	0.532084	0.565351	0.52894
OG0003795	0.756301	5.92101e-09	0.54662	0.605212	0.56891	0.555086	0.543596	0.00772228	0.515209	N/A	0.697369	0.583746	0.520126	0.544748	0.516446	0.017502	0.52894
OG0003796	0.756301	0.586825	0.130342	0.268992	0.62392	0.15204	0.563236	0.033873	0.522552	N/A	0.105536	0.64708	0.539044	0.583581	0.532084	0.0350084	0.542461
OG0003797	0.756301	0.586825	0.586825	0.0102411	0.668125	0.212567	0.563236	0.522552	0.033873	N/A	0.105536	0.64708	0.539044	0.045713	0.54696	0.593151	0.542461
OG0003802	0.756301	0.0238258	0.54662	0.605212	0.56891	0.601244	6.52606e-07	0.515209	0.515209	N/A	0.697369	0.583746	0.520126	0.544748	0.00828931	0.565351	0.52894
OG0003803	0.756301	0.586825	0.586825	0.678483	0.62392	0.0565411	0.0337031	0.507693	0.00386114	N/A	0.105536	0.64708	0.539044	0.583581	0.532084	0.0980681	0.514797
OG0003818	0.526493	0.621591	0.621591	0.0244268	0.668125	0.000210169	0.563236	0.522552	0.033873	N/A	0.217281	0.695486	0.556836	0.617365	0.54696	0.593151	0.542461
OG0003821	0.756301	8.3484e-16	0.130342	0.605212	0.56891	0.555086	0.522556	0.507693	0.507693	N/A	0.697369	0.0434549	0.520126	0.544748	0.516446	0.534433	0.514797
OG0003826	0.0815	0.586825	0.130342	0.00229579	0.56891	0.555086	0.522556	0.515209	0.515209	N/A	0.786996	0.64708	0.539044	0.125464	0.516446	0.534433	0.00745219
OG0003902	0.756301	0.586825	0.586825	0.110464	0.62392	0.601244	0.543596	0.515209	3.16239e-05	N/A	0.105536	0.64708	0.539044	0.583581	0.532084	0.565351	0.52894
OG0003903	0.756301	0.586825	0.586825	0.678483	0.0711731	0.00222918	0.563236	0.033873	0.522552	N/A	0.105536	0.64708	0.539044	0.583581	0.532084	0.0350084	0.542461
OG0003911	0.137178	0.54662	0.54662	0.605212	0.0711731	0.0565411	0.000304881	0.515209	0.515209	N/A	0.697369	0.583746	0.520126	0.0228501	0.532084	0.565351	0.52894
OG0003926	0.756301	0.54662	0.54662	0.154715	0.56891	0.555086	0.543596	0.522552	0.0115823	N/A	0.697369	0.583746	0.520126	0.544748	0.516446	0.017502	0.0149045
OG0003927	0.83681	1.20056e-05	0.586825	0.678483	0.0711731	0.00222918	0.0654064	0.515209	0.515209	N/A	0.786996	0.64708	0.539044	0.583581	0.532084	0.565351	0.52894
OG0003929	0.756301	0.000579131	0.621591	0.678483	0.0711731	0.601244	0.522556	0.507693	0.507693	N/A	0.105536	0.0870759	0.539044	0.583581	0.532084	0.0980681	0.514797
OG0003934	0.756301	0.0693598	0.54662	0.154715	0.0711731	0.15204	0.543596	0.000148177	0.515209	N/A	0.697369	0.583746	0.520126	0.0228501	0.532084	0.565351	0.52894
OG0003945	0.83681	0.130342	0.586825	0.110464	0.62392	0.601244	0.0228047	0.515209	3.16239e-05	N/A	0.786996	0.64708	0.539044	0.583581	0.532084	0.565351	0.52894
OG0003950	0.137178	3.10113e-13	0.130342	0.605212	0.56891	0.555086	0.522556	0.507693	0.507693	N/A	0.697369	0.0434549	0.520126	0.544748	0.516446	0.534433	0.514797
OG0003952	0.756301	0.00548055	0.130342	0.268992	0.0711731	0.601244	0.543596	0.0228136	0.515209	N/A	0.105536	0.64708	0.539044	0.583581	0.532084	0.565351	0.52894
OG0003954	0.756301	1.20056e-05	0.586825	0.268992	0.62392	0.601244	0.0654064	0.515209	0.515209	N/A	0.105536	0.64708	0.539044	0.583581	0.532084	0.565351	0.52894
OG0003961	0.756301	0.586825	0.130342	0.0281791	0.000650462	0.15204	0.0654064	0.515209	0.515209	N/A	0.105536	0.64708	0.539044	0.583581	0.532084	0.565351	0.52894
OG0003966	0.40319	0.18413	0.0712625	0.730477	0.668125	0.601244	0.522556	0.0115245	0.507693	N/A	0.832757	0.695486	0.556836	0.617365	0.0706487	0.0980681	0.514797
OG0003970	0.756301	6.85809e-07	0.586825	0.268992	0.0711731	0.601244	0.522556	0.507693	0.507693	N/A	0.105536	0.64708	0.539044	0.583581	0.532084	0.0980681	0.514797
OG0003981	0.83681	0.0476668	0.586825	0.678483	0.62392	0.601244	0.543596	0.515209	3.16239e-05	N/A	0.786996	0.64708	0.539044	0.583581	0.532084	0.565351	0.52894
OG0003995	0.756301	0.0476668	0.586825	0.678483	0.62392	0.15204	0.0228047	0.515209	0.0228136	N/A	0.105536	0.64708	0.539044	0.583581	0.532084	0.565351	0.52894
OG0004001	0.756301	0.00127647	0.65174	0.678483	0.0711731	0.0818261	0.522556	0.00386114	0.507693	N/A	0.105536	0.0177934	0.539044	0.583581	0.0481312	0.534433	0.514797
OG0004005	0.0414086	1.23973e-07	0.54662	0.605212	0.56891	0.555086	0.522556	0.515209	0.515209	N/A	0.697369	0.583746	0.520126	0.544748	0.516446	0.534433	0.00745219
OG0004006	0.83681	0.130342	0.0476668	0.678483	0.62392	0.15204	0.0012774	0.515209	0.0228136	N/A	0.786996	0.64708	0.539044	0.583581	0.532084	0.565351	0.52894
OG0004008	0.83681	0.586825	0.130342	0.00229579	0.186225	0.601244	0.0654064	0.515209	0.0228136	N/A	0.786996	0.64708	0.539044	0.583581	0.532084	0.565351	0.52894
OG0004024	0.756301	0.0476668	0.586825	0.678483	0.62392	0.00222918	0.543596	0.522552	0.522552	N/A	0.105536	0.64708	0.539044	0.583581	0.532084	0.565351	0.0149045
OG0004026	0.756301	5.90815e-12	0.130342	0.605212	0.00254048	0.555086	0.522556	0.507693	0.507693	N/A	0.697369	0.0434549	0.520126	0.544748	0.516446	0.534433	0.514797
OG0004041	0.756301	0.00020209	0.586825	0.678483	0.0711731	0.601244	0.522556	0.507693	0.507693	N/A	0.105536	0.64708	0.539044	0.583581	0.532084	0.0980681	0.514797
OG0004042	0.0414086	0.54662	0.54662	0.605212	0.62392	0.00222918	0.563236	0.522552	0.033873	N/A	0.697369	0.583746	0.520126	0.0228501	0.532084	0.0350084	0.542461
OG0004047	0.294252	0.586825	0.130342	0.0281791	0.62392	0.601244	0.522556	0.00386114	0.0115245	N/A	0.786996	0.64708	0.539044	0.583581	0.532084	0.0980681	0.514797
OG0004050	0.83681	0.586825	0.130342	0.678483	0.62392	0.00766286	0.0337031	0.507693	0.507693	N/A	0.786996	0.64708	0.539044	0.583581	0.532084	0.0980681	0.514797
OG0004067	0.294252	1.20056e-05	0.130342	0.268992	0.62392	0.15204	0.0228047	0.515209	0.0228136	N/A	0.786996	0.64708	0.539044	0.583581	0.532084	0.565351	0.52894
OG0004069	0.756301	0.621591	0.621591	0.268992	0.62392	0.15204	0.0654064	0.00772228	0.515209	N/A	0.105536	0.0870759	0.539044	0.583581	0.532084	0.565351	0.52894
OG0004072	0.294252	0.00020209	0.586825	0.678483	0.62392	0.00222918	0.543596	0.515209	0.515209	N/A	0.786996	0.64708	0.539044	0.583581	0.532084	0.565351	0.52894
OG0004075	0.83681	0.18413	0.000579131	0.730477	0.106012	0.601244	0.0337031	0.507693	0.507693	N/A	0.217281	0.695486	0.556836	0.617365	0.0706487	0.0980681	0.514797
OG0004092	0.83681	0.130342	0.00020209	0.268992	0.0120187	0.0565411	0.0337031	0.0115245	0.00386114	N/A	0.786996	0.64708	0.539044	0.583581	0.532084	0.0980681	0.514797
OG0004095	0.83681	1.20056e-05	0.586825	0.110464	0.186225	0.15204	0.543596	0.0228136	0.515209	N/A	0.786996	0.64708	0.539044	0.583581	0.532084	0.565351	0.52894
OG0004096	0.83681	0.0476668	0.586825	0.268992	0.0711731	0.601244	0.0337031	0.507693	0.00386114	N/A	0.786996	0.64708	0.539044	0.583581	0.532084	0.0980681	0.514797
OG0004097	0.756301	0.0476668	0.130342	0.268992	0.62392	0.601244	0.543596	0.0228136	0.00772228	N/A	0.105536	0.64708	0.539044	0.583581	0.532084	0.565351	0.52894
OG0004107	0.756301	0.00020209	0.586825	0.268992	0.0711731	0.601244	0.543596	0.0228136	0.515209	N/A	0.105536	0.64708	0.539044	0.583581	0.532084	0.565351	0.52894
OG0004112	0.756301	0.0712625	0.621591	0.678483	0.186225	0.601244	0.000304881	0.515209	0.515209	N/A	0.105536	0.0870759	0.539044	0.583581	0.532084	0.565351	0.52894
OG0004118	0.526493	0.0712625	0.621591	0.730477	0.668125	0.601244	0.522556	0.507693	0.0115245	N/A	0.217281	0.695486	0.556836	0.617365	0.0706487	0.0980681	0.514797
OG0004122	0.756301	1.20056e-05	0.586825	0.678483	0.62392	0.601244	0.543596	0.507693	0.0115245	N/A	0.105536	0.64708	0.539044	0.583581	0.532084	0.565351	0.0434127
OG0004123	0.83681	0.586825	0.130342	0.268992	0.62392	0.601244	2.29356e-05	0.0228136	0.515209	N/A	0.786996	0.64708	0.539044	0.583581	0.532084	0.565351	0.52894
OG0004136	0.756301	0.54662	0.54662	0.000683008	0.56891	0.555086	8.37269e-16	0.507693	0.507693	N/A	0.697369	0.583746	0.520126	0.544748	0.516446	0.534433	0.514797
OG0004145	0.756301	1.20056e-05	0.586825	0.678483	0.186225	0.601244	0.0654064	0.515209	0.515209	N/A	0.105536	0.64708	0.539044	0.583581	0.532084	0.565351	0.52894
OG0004154	0.756301	0.54662	0.0238258	0.154715	0.56891	0.601244	0.543596	0.00772228	0.515209	N/A	0.697369	0.583746	0.520126	0.544748	0.00828931	0.565351	0.52894
OG0004245	0.756301	0.54662	0.54662	0.605212	0.0355493	0.555086	0.522556	0.522552	0.0115823	N/A	0.697369	0.583746	0.520126	0.544748	0.516446	0.534433	0.000111095
OG0004248	0.137178	5.90815e-12	0.130342	0.605212	0.56891	0.555086	0.522556	0.507693	0.507693	N/A	0.697369	0.0434549	0.520126	0.544748	0.516446	0.534433	0.514797
OG0004259	0.756301	0.0238258	0.54662	0.00613007	0.56891	0.555086	0.522556	0.00772228	0.515209	N/A	0.697369	0.583746	0.520126	0.544748	0.516446	0.534433	0.00745219
OG0004262	0.756301	1.23973e-07	0.54662	0.605212	0.56891	0.555086	7.0495e-11	0.507693	0.507693	N/A	0.697369	0.583746	0.520126	0.544748	0.516446	0.534433	0.514797
OG0004265	0.756301	0.00548055	0.586825	0.678483	0.56891	0.555086	0.0337031	0.515209	0.515209	N/A	0.105536	0.64708	0.539044	0.125464	0.516446	0.534433	0.00745219
OG0004268	0.756301	0.0693598	0.54662	0.154715	0.000650462	0.601244	0.000304881	0.00772228	0.515209	N/A	0.697369	0.583746	0.520126	0.0228501	0.532084	0.565351	0.52894
OG0004278	0.756301	1.20056e-05	0.130342	0.268992	0.186225	0.601244	0.0654064	0.515209	0.515209	N/A	0.105536	0.64708	0.539044	0.583581	0.532084	0.565351	0.52894
OG0004281	0.83681	0.0712625	0.621591	0.268992	0.0711731	0.00222918	0.543596	0.515209	0.515209	N/A	0.786996	0.0870759	0.539044	0.583581	0.532084	0.565351	0.52894
OG0004313	0.0815	0.586825	0.586825	0.268992	0.0120187	0.555086	0.522556	0.507693	0.00386114	N/A	0.786996	0.64708	0.539044	0.583581	0.0481312	0.534433	0.514797
OG0004323	5.08771e-05	0.54662	0.00113794	0.605212	0.0355493	0.0818261	0.522556	0.507693	0.507693	N/A	0.439614	0.583746	0.520126	0.544748	0.516446	0.534433	0.514797
OG0004325	0.83681	0.54662	0.54662	0.678483	0.62392	0.601244	0.000304881	0.00772228	0.515209	N/A	0.786996	0.221248	0.539044	0.583581	0.532084	0.565351	0.52894
OG0004336	0.756301	0.00548055	0.586825	0.678483	0.62392	0.601244	0.0654064	0.515209	0.0228136	N/A	0.105536	0.64708	0.539044	0.583581	0.532084	0.565351	0.52894
OG0004341	0.756301	3.10113e-13	0.130342	0.605212	0.56891	0.555086	0.522556	0.507693	0.507693	N/A	0.697369	0.0434549	0.520126	0.544748	0.516446	0.534433	0.514797
OG0004342	0.756301	1.23973e-07	0.0693598	0.154715	0.102088	0.555086	0.0337031	0.522552	0.522552	N/A	0.697369	0.583746	0.520126	0.544748	0.516446	0.534433	0.000111095
OG0004351	0.294252	0.00548055	0.586825	0.268992	0.62392	0.601244	0.0337031	0.00386114	0.507693	N/A	0.786996	0.64708	0.539044	0.583581	0.532084	0.0980681	0.514797
OG0004354	1.67491e-05	0.5	0.5	0.154715	0.102088	0.555086	0.543596	0.00772228	3.16239e-05	N/A	0.439614	0.123702	0.520126	0.544748	0.516446	0.017502	0.52894
OG0004359	0.756301	0.586825	0.130342	0.268992	0.62392	0.15204	0.563236	0.033873	0.522552	N/A	0.105536	0.64708	0.539044	0.583581	0.532084	0.0350084	0.542461
OG0004372	0.0815	0.130342	0.586825	0.678483	0.62392	0.0565411	0.0337031	0.507693	0.0115245	N/A	0.786996	0.64708	0.539044	0.583581	0.532084	0.0980681	0.514797
OG0004377	0.756301	1.61454e-14	0.130342	0.605212	0.56891	0.555086	0.522556	0.507693	0.507693	N/A	0.697369	0.0434549	0.520126	0.544748	0.516446	0.534433	0.514797
OG0004378	0.756301	0.54662	0.54662	0.605212	0.56891	0.000333025	0.543596	0.507693	0.0115245	N/A	0.697369	0.583746	0.520126	0.544748	0.00828931	0.565351	0.0434127
OG0004383	0.756301	0.54662	0.0238258	0.605212	0.56891	0.0282556	0.522556	0.00772228	0.515209	N/A	0.697369	0.583746	0.520126	0.544748	0.516446	0.534433	0.00745219
OG0004386	0.294252	0.586825	0.586825	0.678483	0.62392	0.00222918	0.0012774	0.515209	0.515209	N/A	0.786996	0.64708	0.539044	0.583581	0.532084	0.565351	0.52894
OG0004389	0.83681	0.621591	0.621591	0.0102411	0.62392	0.601244	0.543596	0.515209	3.16239e-05	N/A	0.786996	0.0870759	0.539044	0.583581	0.532084	0.565351	0.52894
OG0004396	0.294252	1.20056e-05	0.130342	0.0281791	0.56891	0.555086	0.011402	0.507693	0.507693	N/A	0.786996	0.64708	0.539044	0.125464	0.516446	0.534433	0.514797
OG0004402	0.756301	0.54662	0.54662	0.605212	0.56891	0.555086	0.543596	0.000148177	0.515209	N/A	0.697369	0.583746	0.520126	0.544748	0.516446	0.017502	0.52894
OG0004407	0.756301	0.0693598	0.0238258	0.605212	0.0120187	0.601244	0.543596	0.515209	0.515209	N/A	0.697369	0.583746	0.520126	0.0228501	0.532084	0.565351	0.52894
OG0004414	0.294252	0.0476668	0.586825	0.110464	0.186225	0.601244	0.0337031	0.00386114	0.0115245	N/A	0.786996	0.64708	0.539044	0.583581	0.532084	0.0980681	0.514797
OG0004433	0.756301	6.85809e-07	0.130342	0.268992	0.186225	0.601244	6.52606e-07	0.5	0.5	N/A	0.105536	0.64708	0.539044	0.583581	0.532084	0.565351	0.000123837
OG0004440	0.756301	0.0476668	0.586825	0.268992	0.62392	0.601244	0.000304881	0.515209	0.515209	N/A	0.105536	0.64708	0.539044	0.583581	0.532084	0.565351	0.52894
OG0004461	0.83681	3.81236e-08	0.586825	0.268992	0.0711731	0.555086	0.522556	0.507693	0.507693	N/A	0.786996	0.64708	0.539044	0.583581	0.0481312	0.534433	0.514797
OG0004472	0.83681	6.85809e-07	0.586825	0.678483	0.62392	0.601244	0.0337031	0.507693	0.0115245	N/A	0.786996	0.64708	0.539044	0.583581	0.532084	0.0980681	0.514797
OG0004476	0.756301	0.00020209	0.130342	0.678483	0.62392	0.15204	0.543596	0.515209	0.515209	N/A	0.105536	0.64708	0.539044	0.583581	0.532084	0.565351	0.52894
OG0004481	0.756301	0.0476668	0.586825	0.110464	0.0711731	0.555086	0.0337031	0.00386114	0.507693	N/A	0.105536	0.64708	0.539044	0.583581	0.0481312	0.534433	0.514797
OG0004489	0.756301	0.5	0.5	0.154715	0.000181551	0.0818261	0.0337031	9.1048e-07	0.515209	N/A	0.697369	0.123702	0.520126	0.544748	0.516446	0.534433	0.00745219
OG0004490	0.756301	0.0693598	0.54662	0.154715	0.0355493	0.555086	0.0337031	9.1048e-07	0.515209	N/A	0.697369	0.583746	0.520126	0.544748	0.516446	0.534433	0.00745219
OG0004491	0.756301	0.5	0.5	0.154715	0.00254048	0.555086	0.0337031	0.000148177	0.515209	N/A	0.697369	0.123702	0.520126	0.544748	0.516446	0.534433	0.00745219
OG0004492	0.756301	0.0693598	0.54662	0.154715	0.0355493	0.555086	0.0337031	0.522552	0.0115823	N/A	0.697369	0.583746	0.520126	0.544748	0.516446	0.534433	0.000111095
OG0004576	0.294252	0.130342	0.586825	0.268992	0.62392	0.601244	0.543596	0.515209	3.16239e-05	N/A	0.786996	0.64708	0.539044	0.583581	0.532084	0.565351	0.52894
OG0004582	0.137178	5.90815e-12	0.130342	0.605212	0.56891	0.555086	0.522556	0.507693	0.507693	N/A	0.697369	0.0434549	0.520126	0.544748	0.516446	0.534433	0.514797
OG0004583	0.83681	0.00020209	0.001522	1.05829e-08	0.102088	0.0818261	0.522556	0.0115245	0.00386114	N/A	0.786996	0.64708	0.539044	0.125464	0.516446	0.534433	0.514797
OG0004585	0.756301	1.35063e-11	0.0693598	0.154715	0.102088	0.00160191	0.0337031	0.507693	0.507693	N/A	0.697369	0.583746	0.520126	0.544748	0.516446	0.534433	0.514797
OG0004586	0.83681	0.586825	0.130342	0.268992	0.186225	0.601244	0.0228047	0.515209	0.0228136	N/A	0.786996	0.64708	0.539044	0.583581	0.532084	0.565351	0.52894
OG0004591	0.756301	0.621591	0.0712625	0.678483	0.62392	0.00222918	0.0654064	0.515209	0.515209	N/A	0.105536	0.0870759	0.539044	0.583581	0.532084	0.565351	0.52894
OG0004595	0.756301	0.130342	0.00548055	0.678483	0.186225	0.601244	0.0228047	0.515209	0.0228136	N/A	0.105536	0.64708	0.539044	0.583581	0.532084	0.565351	0.52894
OG0004600	0.756301	6.45067e-13	0.0693598	0.605212	0.102088	0.555086	0.522556	0.507693	0.00386114	N/A	0.697369	0.583746	0.520126	0.544748	0.516446	0.534433	0.514797
OG0004602	0.756301	3.81236e-08	0.130342	0.678483	0.62392	0.15204	0.543596	0.507693	0.507693	N/A	0.105536	0.64708	0.539044	0.583581	0.532084	0.565351	0.0434127
OG0004609	0.83681	0.130342	0.586825	0.0102411	0.0711731	0.601244	0.543596	0.0228136	0.515209	N/A	0.786996	0.64708	0.539044	0.583581	0.532084	0.565351	0.52894
OG0004624	0.83681	0.001522	0.586825	0.678483	0.62392	0.601244	0.543596	0.515209	3.16239e-05	N/A	0.786996	0.64708	0.539044	0.583581	0.532084	0.565351	0.52894
OG0004626	0.756301	0.586825	0.00548055	0.678483	0.62392	0.601244	0.0654064	0.0228136	0.515209	N/A	0.105536	0.64708	0.539044	0.583581	0.532084	0.565351	0.52894
OG0004629	0.83681	0.0476668	0.586825	0.678483	0.00374819	0.0565411	0.0337031	0.507693	0.507693	N/A	0.786996	0.64708	0.539044	0.583581	0.532084	0.0980681	0.514797
OG0004635	0.137178	6.45067e-13	0.54662	0.605212	0.56891	0.555086	0.522556	0.507693	0.507693	N/A	0.697369	0.583746	0.520126	0.544748	0.516446	0.534433	0.514797
OG0004637	0.83681	0.0476668	0.130342	0.268992	0.62392	0.601244	0.000304881	0.515209	0.515209	N/A	0.786996	0.64708	0.539044	0.583581	0.532084	0.565351	0.52894
OG0004639	0.137178	1.40363e-07	0.621591	0.154715	0.56891	0.555086	0.522556	0.507693	0.507693	N/A	0.697369	0.00380584	0.520126	0.544748	0.516446	0.534433	0.514797
OG0004641	0.83681	0.0476668	0.586825	0.268992	0.62392	0.601244	0.0337031	0.00386114	0.507693	N/A	0.786996	0.64708	0.539044	0.583581	0.532084	0.0980681	0.514797
OG0004647	0.756301	0.0238258	0.54662	0.605212	0.56891	0.555086	0.563236	0.522552	0.033873	N/A	0.697369	0.583746	0.520126	0.544748	0.516446	0.000613392	0.542461
OG0004657	0.294252	0.586825	0.0476668	0.678483	0.62392	0.601244	0.0337031	0.00386114	0.0115245	N/A	0.786996	0.64708	0.539044	0.583581	0.532084	0.0980681	0.514797
OG0004663	0.756301	0.130342	0.0476668	0.110464	0.0711731	0.15204	0.543596	0.0228136	0.515209	N/A	0.105536	0.64708	0.539044	0.583581	0.532084	0.565351	0.52894
OG0004665	0.83681	0.586825	0.586825	0.0102411	0.62392	0.601244	0.000304881	0.515209	0.515209	N/A	0.786996	0.64708	0.539044	0.583581	0.532084	0.565351	0.52894
OG0004674	0.83681	0.0944197	0.65174	0.0102411	0.62392	0.15204	0.543596	0.0228136	0.515209	N/A	0.786996	0.0177934	0.539044	0.583581	0.532084	0.565351	0.52894
OG0004678	0.756301	0.0476668	0.586825	0.678483	0.62392	0.601244	0.0337031	0.00386114	0.507693	N/A	0.105536	0.64708	0.539044	0.583581	0.532084	0.0980681	0.514797
OG0004680	0.83681	0.130342	0.586825	0.110464	0.186225	0.601244	0.0337031	0.507693	0.00386114	N/A	0.786996	0.64708	0.539044	0.583581	0.532084	0.0980681	0.514797
OG0004681	0.294252	0.586825	0.0476668	0.110464	0.186225	0.601244	0.0337031	0.507693	0.00386114	N/A	0.786996	0.64708	0.539044	0.583581	0.532084	0.0980681	0.514797
OG0004683	0.137178	6.45067e-13	0.54662	0.605212	0.56891	0.555086	0.522556	0.507693	0.507693	N/A	0.697369	0.583746	0.520126	0.544748	0.516446	0.534433	0.514797
OG0004685	0.756301	1.20056e-05	0.586825	0.0102411	0.62392	0.15204	0.543596	0.515209	0.515209	N/A	0.105536	0.64708	0.539044	0.583581	0.532084	0.565351	0.52894
OG0004687	0.83681	0.0476668	0.586825	0.678483	0.62392	0.601244	0.0337031	0.00386114	0.507693	N/A	0.786996	0.64708	0.539044	0.583581	0.532084	0.0980681	0.514797
OG0004694	0.294252	0.0476668	0.130342	0.678483	0.186225	0.601244	0.000304881	0.515209	0.515209	N/A	0.786996	0.64708	0.539044	0.583581	0.532084	0.565351	0.52894
OG0004699	0.83681	0.0476668	0.130342	0.678483	0.186225	0.0565411	0.543596	0.507693	0.507693	N/A	0.786996	0.64708	0.539044	0.583581	0.532084	0.565351	0.0434127
OG0004709	0.756301	0.621591	0.0712625	0.0102411	0.62392	0.601244	0.0654064	0.0228136	0.515209	N/A	0.105536	0.0870759	0.539044	0.583581	0.532084	0.565351	0.52894
OG0004713	0.756301	0.0476668	0.586825	0.268992	0.186225	0.0565411	0.000304881	0.515209	0.515209	N/A	0.105536	0.64708	0.539044	0.583581	0.532084	0.565351	0.52894
OG0004721	0.756301	0.130342	0.0476668	0.678483	0.186225	0.601244	0.000304881	0.515209	0.515209	N/A	0.105536	0.64708	0.539044	0.583581	0.532084	0.565351	0.52894
OG0004725	0.756301	0.54662	0.54662	0.605212	0.56891	0.555086	4.74351e-10	0.0228136	0.515209	N/A	0.697369	0.583746	0.520126	0.544748	0.516446	0.017502	0.52894
OG0004731	0.756301	5.90815e-12	0.130342	0.605212	0.56891	0.555086	0.522556	0.507693	0.507693	N/A	0.697369	0.0434549	0.520126	0.544748	0.516446	0.534433	0.514797
OG0004737	0.756301	2.82791e-10	0.54662	0.605212	0.56891	0.555086	0.543596	0.0228136	0.515209	N/A	0.697369	0.583746	0.520126	0.544748	0.516446	0.017502	0.52894
OG0004741	0.83681	0.586825	0.586825	0.0102411	0.186225	0.0565411	0.543596	0.0228136	0.515209	N/A	0.786996	0.64708	0.539044	0.583581	0.532084	0.565351	0.52894
OG0004745	0.0815	2.82791e-10	0.54662	0.605212	0.56891	0.555086	0.522556	0.507693	0.507693	N/A	0.439614	0.583746	0.520126	0.544748	0.516446	0.534433	0.514797
OG0004747	0.756301	0.5	0.5	0.154715	0.56891	1.6549e-08	0.5	0.5	0.5	N/A	0.697369	0.123702	0.520126	0.544748	0.516446	0.0513422	0.5
OG0004751	0.83681	0.00548055	0.586825	0.268992	0.62392	0.15204	0.543596	0.0228136	0.515209	N/A	0.786996	0.64708	0.539044	0.583581	0.532084	0.565351	0.52894
OG0004753	0.0414086	1.11457e-10	0.130342	0.154715	0.56891	0.555086	0.522556	0.507693	0.507693	N/A	0.697369	0.0434549	0.520126	0.544748	0.516446	0.534433	0.514797
OG0004754	0.756301	1.11457e-10	0.586825	0.605212	0.56891	0.555086	0.522556	0.507693	0.507693	N/A	0.697369	0.0434549	0.520126	0.544748	0.516446	0.534433	0.514797
OG0004755	0.137178	1.35063e-11	0.54662	0.605212	0.56891	0.555086	0.522556	0.507693	0.507693	N/A	0.697369	0.583746	0.520126	0.544748	0.516446	0.534433	0.514797
OG0004756	0.756301	5.90815e-12	0.130342	0.605212	0.56891	0.555086	0.522556	0.507693	0.507693	N/A	0.697369	0.0434549	0.520126	0.544748	0.516446	0.534433	0.514797
OG0004758	0.83681	3.81236e-08	0.586825	0.678483	0.56891	0.555086	0.522556	0.507693	0.507693	N/A	0.786996	0.64708	0.539044	0.125464	0.516446	0.534433	0.514797
OG0004760	0.756301	5.43484e-05	0.54662	0.605212	0.56891	0.0282556	0.0337031	0.515209	0.515209	N/A	0.697369	0.583746	0.520126	0.544748	0.516446	0.534433	0.00745219
OG0004762	0.756301	1.40363e-07	0.18413	0.678483	0.62392	0.555086	0.522556	0.507693	0.0115245	N/A	0.105536	0.0870759	0.539044	0.583581	0.0481312	0.534433	0.514797
OG0004764	0.756301	0.586825	0.586825	0.268992	0.0711731	0.15204	0.0228047	0.00772228	3.16239e-05	N/A	0.105536	0.64708	0.539044	0.583581	0.532084	0.565351	0.52894
OG0004769	0.756301	0.586825	0.0476668	0.678483	0.56891	0.0818261	0.522556	0.515209	0.00772228	N/A	0.105536	0.64708	0.539044	0.125464	0.516446	0.534433	0.00745219
OG0004777	0.137178	2.82791e-10	0.54662	0.605212	0.56891	0.555086	0.000260145	0.507693	0.507693	N/A	0.697369	0.583746	0.520126	0.544748	0.516446	0.534433	0.514797
OG0004803	0.756301	5.90815e-12	0.130342	0.605212	0.56891	0.555086	0.522556	0.507693	0.507693	N/A	0.697369	0.0434549	0.520126	0.544748	0.516446	0.534433	0.514797
OG0004807	0.526493	0.0712625	0.621591	0.730477	0.62392	0.601244	0.522556	0.507693	0.0115245	N/A	0.217281	0.695486	0.556836	0.17765	0.532084	0.0980681	0.514797
OG0004808	0.756301	2.59571e-06	0.54662	0.605212	0.56891	0.555086	0.543596	0.515209	0.515209	N/A	0.697369	0.583746	0.520126	0.544748	0.516446	0.017502	0.52894
OG0004809	0.756301	1.23973e-07	0.54662	0.154715	1.29743e-05	0.555086	0.522556	0.00386114	0.0115245	N/A	0.697369	0.583746	0.520126	0.544748	0.516446	0.534433	0.514797
OG0004810	0.756301	0.0693598	0.54662	0.154715	0.0355493	0.0818261	0.0337031	1.06065e-13	0.0115245	N/A	0.697369	0.583746	0.520126	0.544748	0.516446	0.534433	0.514797
OG0004887	0.0414086	0.5	0.5	0.154715	0.56891	0.601244	0.543596	0.515209	0.00772228	N/A	0.697369	0.123702	0.520126	0.544748	0.00828931	0.565351	0.52894
OG0004888	0.756301	0.00020209	0.586825	0.0281791	0.62392	0.555086	0.522556	0.507693	0.507693	N/A	0.105536	0.64708	0.539044	0.583581	0.0481312	0.534433	0.514797
OG0004889	0.756301	0.586825	0.586825	0.678483	0.186225	0.601244	0.543596	0.515209	3.16239e-05	N/A	0.105536	0.64708	0.539044	0.583581	0.532084	0.565351	0.52894
OG0004890	0.294252	0.0476668	0.586825	0.268992	0.62392	0.601244	0.543596	3.16239e-05	0.515209	N/A	0.786996	0.64708	0.539044	0.583581	0.532084	0.565351	0.52894
OG0004891	0.83681	0.0476668	0.586825	0.678483	0.0711731	0.15204	0.543596	0.515209	3.16239e-05	N/A	0.786996	0.64708	0.539044	0.583581	0.532084	0.565351	0.52894
OG0004895	0.756301	5.43484e-05	0.54662	0.605212	0.56891	0.555086	0.543596	0.515209	0.515209	N/A	0.697369	0.583746	0.520126	0.544748	0.516446	0.017502	0.52894
OG0004897	0.756301	0.00548055	0.130342	0.0102411	0.62392	0.601244	0.543596	0.515209	3.16239e-05	N/A	0.105536	0.64708	0.539044	0.583581	0.532084	0.565351	0.52894
OG0004904	0.756301	0.001522	0.586825	0.678483	0.186225	0.601244	0.543596	0.515209	0.0228136	N/A	0.105536	0.64708	0.539044	0.583581	0.532084	0.565351	0.52894
OG0004908	0.83681	0.0476668	0.130342	0.678483	0.62392	0.601244	0.543596	0.507693	0.0115245	N/A	0.786996	0.64708	0.539044	0.583581	0.532084	0.565351	0.0434127
OG0004910	0.137178	2.82791e-10	0.54662	0.605212	0.56891	0.555086	0.522556	0.507693	0.507693	N/A	0.697369	0.583746	0.520126	0.544748	0.516446	0.534433	0.514797
OG0004913	0.83681	0.0712625	0.621591	0.605212	0.56891	0.555086	0.543596	0.515209	0.0228136	N/A	0.786996	0.0870759	0.0585747	0.544748	0.516446	0.017502	0.52894
OG0004918	0.0815	0.130342	0.586825	0.268992	0.62392	0.601244	0.543596	0.515209	3.16239e-05	N/A	0.786996	0.64708	0.539044	0.583581	0.532084	0.565351	0.52894
OG0004919	0.756301	0.54662	0.54662	0.678483	0.62392	0.0565411	0.522556	0.00386114	0.0115245	N/A	0.105536	0.221248	0.539044	0.583581	0.532084	0.0980681	0.514797
OG0004923	0.83681	0.130342	0.586825	0.678483	0.186225	0.0565411	0.0654064	0.0228136	0.515209	N/A	0.786996	0.64708	0.539044	0.583581	0.532084	0.565351	0.52894
OG0004935	0.756301	0.0476668	0.586825	0.678483	0.62392	0.601244	0.522556	0.00386114	0.0115245	N/A	0.105536	0.64708	0.539044	0.583581	0.532084	0.0980681	0.514797
OG0004943	0.756301	2.82791e-10	0.54662	0.605212	0.00254048	0.555086	0.522556	0.507693	0.507693	N/A	0.697369	0.583746	0.520126	0.544748	0.516446	0.534433	0.514797
OG0004949	0.0815	1.20056e-05	0.130342	0.678483	0.56891	0.555086	0.522556	0.507693	0.507693	N/A	0.786996	0.64708	0.539044	0.125464	0.516446	0.534433	0.514797
OG0004954	0.137178	5.90815e-12	0.130342	0.605212	0.56891	0.555086	0.522556	0.0115245	0.507693	N/A	0.697369	0.0434549	0.520126	0.544748	0.516446	0.534433	0.514797
OG0004956	0.83681	0.586825	0.130342	0.678483	0.62392	0.601244	0.543596	0.515209	3.16239e-05	N/A	0.786996	0.64708	0.539044	0.583581	0.532084	0.565351	0.52894
OG0004963	0.137178	1.20056e-05	0.586825	0.605212	0.0355493	0.555086	0.522556	0.507693	0.507693	N/A	0.697369	0.0434549	0.520126	0.544748	0.516446	0.534433	0.514797
OG0004967	0.030694	0.54662	2.59571e-06	0.605212	0.56891	0.0282556	0.522556	0.507693	0.0115245	N/A	0.439614	0.583746	0.520126	0.544748	0.516446	0.534433	0.514797
OG0004969	0.137178	0.0238258	0.54662	0.605212	0.56891	9.08179e-05	0.0337031	0.507693	0.507693	N/A	0.697369	0.583746	0.520126	0.544748	0.516446	0.534433	0.514797
OG0004970	0.030694	5.92101e-09	0.54662	0.154715	0.56891	0.555086	0.522556	0.507693	0.507693	N/A	0.439614	0.583746	0.520126	0.544748	0.516446	0.534433	0.514797
OG0004972	0.756301	0.586825	0.00548055	0.605212	0.56891	0.555086	0.543596	0.0228136	0.515209	N/A	0.697369	0.0434549	0.520126	0.544748	0.516446	0.017502	0.52894
OG0004973	0.137178	1.23973e-07	0.54662	0.605212	0.56891	0.0282556	0.522556	0.507693	0.507693	N/A	0.697369	0.583746	0.520126	0.544748	0.516446	0.534433	0.514797
OG0004976	0.0815	5.92101e-09	0.54662	0.605212	0.56891	0.555086	0.522556	0.507693	0.507693	N/A	0.439614	0.583746	0.520126	0.544748	0.516446	0.534433	0.514797
OG0004981	0.83681	0.0476668	0.130342	0.678483	0.62392	0.601244	0.543596	0.507693	0.0115245	N/A	0.786996	0.64708	0.539044	0.583581	0.532084	0.565351	0.0434127
OG0004983	0.756301	2.82791e-10	0.54662	0.154715	0.56891	0.555086	0.522556	0.507693	0.00386114	N/A	0.697369	0.583746	0.520126	0.544748	0.516446	0.534433	0.514797
OG0004992	0.756301	1.35063e-11	0.54662	0.154715	0.56891	0.555086	0.000260145	0.507693	0.0115245	N/A	0.697369	0.583746	0.520126	0.544748	0.516446	0.534433	0.514797
OG0004995	0.756301	1.11457e-10	0.586825	0.605212	0.56891	0.555086	0.0337031	0.507693	0.507693	N/A	0.697369	0.0434549	0.520126	0.544748	0.516446	0.534433	0.514797
OG0005000	0.137178	0.5	0.5	0.154715	0.102088	0.555086	0.0337031	0.515209	9.1048e-07	N/A	0.697369	0.123702	0.520126	0.544748	0.516446	0.534433	0.00745219
OG0005001	0.0815	0.0238258	0.54662	0.605212	0.56891	0.00160191	0.522556	0.507693	0.0115245	N/A	0.439614	0.583746	0.520126	0.544748	0.516446	0.534433	0.514797
OG0005009	0.0815	0.0693598	0.54662	0.110464	0.00374819	0.601244	0.000304881	0.515209	0.515209	N/A	0.786996	0.221248	0.539044	0.583581	0.532084	0.565351	0.52894
OG0005011	0.756301	2.07723e-09	0.130342	0.678483	0.56891	0.555086	0.522556	0.507693	0.507693	N/A	0.105536	0.64708	0.539044	0.125464	0.516446	0.534433	0.514797
OG0005012	0.756301	0.54662	0.00113794	0.605212	0.56891	0.555086	0.522556	0.00772228	0.515209	N/A	0.697369	0.583746	0.520126	0.544748	0.516446	0.534433	0.00745219
OG0005020	0.83681	0.0123196	0.621591	0.730477	0.668125	0.555086	0.0337031	0.0115245	0.00386114	N/A	0.217281	0.695486	0.556836	0.617365	0.000445814	0.534433	0.514797
OG0005022	0.756301	6.45067e-13	0.54662	0.154715	0.56891	0.555086	0.522556	0.507693	0.507693	N/A	0.697369	0.583746	0.520126	0.544748	0.516446	0.534433	0.514797
OG0005028	0.756301	0.130342	0.586825	0.678483	0.186225	0.601244	0.000304881	0.515209	0.515209	N/A	0.105536	0.64708	0.539044	0.583581	0.532084	0.565351	0.52894
OG0005033	0.756301	0.00020209	0.130342	0.268992	0.62392	0.601244	0.522556	0.507693	0.507693	N/A	0.105536	0.64708	0.539044	0.583581	0.532084	0.0980681	0.514797
OG0005050	0.0815	0.130342	0.0476668	0.110464	0.0711731	0.0818261	0.0337031	0.00386114	0.507693	N/A	0.786996	0.64708	0.539044	0.583581	0.0481312	0.534433	0.514797
OG0005053	0.756301	0.54662	0.54662	0.055018	0.56891	0.00160191	0.522556	0.507693	0.00386114	N/A	0.697369	0.583746	0.520126	0.544748	0.516446	0.534433	0.514797
OG0005056	0.756301	2.59571e-06	0.54662	0.605212	0.56891	0.555086	0.522556	0.515209	0.515209	N/A	0.697369	0.583746	0.520126	0.544748	0.516446	0.534433	0.00745219
OG0005058	0.756301	5.90815e-12	0.130342	0.605212	0.56891	0.555086	0.522556	0.507693	0.507693	N/A	0.697369	0.0434549	0.520126	0.544748	0.516446	0.534433	0.514797
OG0005060	0.83681	0.00548055	0.586825	0.110464	0.62392	0.601244	0.0337031	0.507693	0.0115245	N/A	0.786996	0.64708	0.539044	0.583581	0.532084	0.0980681	0.514797
OG0005063	0.137178	0.54662	0.54662	0.605212	0.62392	0.0565411	0.522556	0.507693	0.0115245	N/A	0.697369	0.583746	0.520126	0.0228501	0.532084	0.0980681	0.514797
OG0005069	0.83681	0.0476668	0.586825	0.0281791	0.62392	0.601244	0.0337031	0.507693	0.0115245	N/A	0.786996	0.64708	0.539044	0.583581	0.532084	0.0980681	0.514797
OG0005077	0.756301	0.00548055	0.586825	0.0102411	0.62392	0.601244	0.543596	0.0228136	0.515209	N/A	0.105536	0.64708	0.539044	0.583581	0.532084	0.565351	0.52894
OG0005082	0.137178	6.45067e-13	0.54662	0.605212	0.56891	0.555086	0.522556	0.507693	0.0115245	N/A	0.697369	0.583746	0.520126	0.544748	0.516446	0.534433	0.514797
OG0005084	0.756301	1.23973e-07	0.54662	0.605212	0.56891	0.555086	0.0228047	0.515209	0.0228136	N/A	0.697369	0.583746	0.520126	0.544748	0.516446	0.017502	0.52894
OG0005087	0.756301	0.54662	0.54662	0.605212	0.0711731	0.601244	0.0228047	0.0228136	0.515209	N/A	0.697369	0.583746	0.520126	0.0228501	0.532084	0.565351	0.52894
OG0005099	0.756301	0.586825	0.586825	0.0102411	0.62392	0.601244	0.000304881	0.515209	0.515209	N/A	0.105536	0.64708	0.539044	0.583581	0.532084	0.565351	0.52894
OG0005103	0.756301	0.54662	0.54662	0.055018	0.56891	0.00160191	0.522556	0.507693	0.00386114	N/A	0.697369	0.583746	0.520126	0.544748	0.516446	0.534433	0.514797
OG0005108	0.756301	0.0693598	0.0238258	0.154715	0.00254048	0.0818261	0.0337031	0.000148177	0.515209	N/A	0.697369	0.583746	0.520126	0.544748	0.516446	0.534433	0.00745219
OG0005190	0.756301	0.5	0.5	0.154715	0.56891	0.0282556	0.522556	0.00772228	0.515209	N/A	0.697369	0.123702	0.520126	0.544748	0.516446	0.534433	0.00745219
OG0005193	1.93835e-05	0.5	0.5	9.44729e-07	0.5	0.5	0.5	0.5	0.5	N/A	0.17215	0.123702	0.520126	0.066597	0.5	0.5	0.5
OG0005196	0.137178	0.54662	0.54662	0.605212	0.56891	0.0282556	5.93541e-06	0.507693	0.507693	N/A	0.697369	0.583746	0.520126	0.544748	0.516446	0.534433	0.514797
OG0005197	0.83681	1.20056e-05	0.586825	0.0102411	0.62392	0.601244	0.522556	0.507693	0.0115245	N/A	0.786996	0.64708	0.539044	0.583581	0.532084	0.0980681	0.514797
OG0005200	0.756301	0.54662	0.54662	0.605212	0.56891	0.0282556	0.0337031	0.00772228	0.515209	N/A	0.697369	0.583746	0.520126	0.544748	0.516446	0.534433	0.00745219
OG0005203	0.137178	0.0238258	0.54662	0.154715	0.56891	0.555086	0.522556	0.515209	0.00772228	N/A	0.697369	0.583746	0.520126	0.544748	0.516446	0.534433	0.00745219
OG0005206	0.756301	0.586825	0.0476668	0.678483	0.62392	0.601244	0.0337031	0.00386114	0.0115245	N/A	0.105536	0.64708	0.539044	0.583581	0.532084	0.0980681	0.514797
OG0005210	0.756301	0.54662	0.54662	0.678483	0.62392	0.601244	0.543596	0.515209	3.16239e-05	N/A	0.105536	0.221248	0.539044	0.583581	0.532084	0.565351	0.52894
OG0005221	0.756301	0.586825	0.586825	0.678483	0.0711731	0.601244	0.522556	0.00386114	0.0115245	N/A	0.105536	0.64708	0.539044	0.583581	0.532084	0.0980681	0.514797
OG0005222	0.83681	0.0712625	0.621591	0.730477	0.668125	0.555086	0.522556	0.507693	0.0115245	N/A	0.217281	0.695486	0.556836	0.617365	0.000445814	0.534433	0.514797
OG0005224	0.030694	0.0238258	0.54662	0.605212	0.56891	0.555086	1.35421e-07	0.507693	0.507693	N/A	0.439614	0.583746	0.520126	0.544748	0.516446	0.534433	0.514797
OG0005225	0.294252	0.00020209	0.130342	0.0281791	0.56891	0.555086	0.522556	0.507693	0.507693	N/A	0.786996	0.64708	0.539044	0.125464	0.516446	0.534433	0.514797
OG0005228	0.83681	0.586825	0.00548055	0.0281791	0.186225	0.601244	0.0337031	0.507693	0.0115245	N/A	0.786996	0.64708	0.539044	0.583581	0.532084	0.0980681	0.514797
OG0005229	0.756301	0.586825	0.0476668	0.0102411	0.62392	0.601244	0.0654064	0.0228136	0.515209	N/A	0.105536	0.64708	0.539044	0.583581	0.532084	0.565351	0.52894
OG0005231	0.83681	0.586825	0.586825	0.678483	0.62392	0.601244	0.522556	0.00386114	0.0115245	N/A	0.786996	0.64708	0.539044	0.583581	0.532084	0.0980681	0.514797
OG0005234	0.756301	6.45067e-13	0.54662	0.154715	0.56891	0.555086	0.522556	0.507693	0.507693	N/A	0.697369	0.583746	0.520126	0.544748	0.516446	0.534433	0.514797
OG0005237	0.756301	5.92101e-09	0.54662	0.605212	0.56891	0.555086	0.000260145	0.507693	0.507693	N/A	0.697369	0.583746	0.520126	0.544748	0.516446	0.534433	0.514797
OG0005240	0.137178	0.54662	0.54662	0.605212	0.56891	5.14878e-06	0.522556	0.5	0.5	N/A	0.697369	0.583746	0.520126	0.544748	0.516446	0.534433	0.0221393
OG0005246	0.756301	0.586825	1.20056e-05	0.605212	0.56891	0.555086	0.522556	0.507693	0.507693	N/A	0.697369	0.0434549	0.520126	0.544748	0.516446	0.534433	0.514797
OG0005251	0.756301	0.586825	0.586825	0.268992	0.186225	0.601244	0.543596	0.515209	3.16239e-05	N/A	0.105536	0.64708	0.539044	0.583581	0.532084	0.565351	0.52894
OG0005254	0.83681	0.0123196	0.621591	0.730477	0.668125	0.555086	0.522556	0.507693	0.0115245	N/A	0.217281	0.695486	0.556836	0.617365	0.000445814	0.534433	0.514797
OG0005256	0.756301	0.586825	0.586825	0.605212	0.56891	0.0818261	0.522556	0.00772228	0.515209	N/A	0.697369	0.0434549	0.520126	0.544748	0.516446	0.534433	0.00745219
OG0005258	0.756301	0.0238258	0.54662	0.055018	0.56891	0.555086	7.0495e-11	0.507693	0.507693	N/A	0.697369	0.583746	0.520126	0.544748	0.516446	0.534433	0.514797
OG0005266	0.526493	0.0712625	0.621591	0.730477	0.62392	0.555086	0.522556	0.507693	0.0115245	N/A	0.217281	0.695486	0.556836	0.17765	0.0481312	0.534433	0.514797
OG0005275	0.756301	0.130342	6.85809e-07	0.055018	0.56891	0.555086	0.011402	0.507693	0.507693	N/A	0.697369	0.0434549	0.520126	0.544748	0.516446	0.534433	0.514797
OG0005279	0.756301	0.00548055	0.130342	0.268992	0.62392	0.15204	0.543596	0.515209	3.16239e-05	N/A	0.105536	0.64708	0.539044	0.583581	0.532084	0.565351	0.52894
OG0005288	0.756301	5.43484e-05	0.54662	0.605212	0.56891	0.555086	0.543596	0.515209	0.515209	N/A	0.697369	0.583746	0.520126	0.544748	0.516446	0.017502	0.52894
OG0005289	0.137178	2.82791e-10	0.54662	0.605212	0.56891	0.555086	0.522556	0.507693	0.507693	N/A	0.697369	0.583746	0.520126	0.544748	0.516446	0.534433	0.514797
OG0005300	0.756301	1.35063e-11	0.54662	0.605212	0.56891	0.555086	0.011402	0.507693	0.507693	N/A	0.697369	0.583746	0.520126	0.544748	0.516446	0.534433	0.514797
OG0005314	0.756301	0.00113794	0.54662	0.605212	0.56891	0.0282556	0.522556	0.507693	0.00386114	N/A	0.697369	0.583746	0.520126	0.544748	0.516446	0.534433	0.514797
OG0005331	0.137178	2.82791e-10	0.54662	0.605212	0.56891	0.555086	0.522556	0.507693	0.507693	N/A	0.697369	0.583746	0.520126	0.544748	0.516446	0.534433	0.514797
OG0005332	0.137178	5.43484e-05	0.54662	0.605212	0.56891	0.555086	0.522556	0.515209	0.515209	N/A	0.697369	0.583746	0.520126	0.544748	0.516446	0.534433	0.00745219
OG0005333	0.137178	0.54662	0.54662	0.605212	0.56891	0.555086	0.0337031	0.522552	0.522552	N/A	0.697369	0.583746	0.520126	0.544748	0.516446	0.534433	0.000111095
OG0005336	0.756301	0.130342	0.586825	0.678483	0.62392	0.601244	0.522556	0.00386114	0.0115245	N/A	0.105536	0.64708	0.539044	0.583581	0.532084	0.0980681	0.514797
OG0005342	0.756301	5.90815e-12	0.130342	0.605212	0.56891	0.555086	0.522556	0.507693	0.0115245	N/A	0.697369	0.0434549	0.520126	0.544748	0.516446	0.534433	0.514797
OG0005349	0.756301	0.54662	0.54662	0.605212	0.56891	9.08179e-05	0.522556	0.507693	0.0115245	N/A	0.697369	0.583746	0.520126	0.544748	0.516446	0.534433	0.514797
OG0005360	0.756301	6.45067e-13	0.54662	0.605212	0.56891	0.555086	0.522556	0.507693	0.507693	N/A	0.697369	0.583746	0.520126	0.544748	0.516446	0.534433	0.514797
OG0005362	0.756301	3.81236e-08	0.586825	0.605212	0.56891	0.555086	0.522556	0.507693	0.507693	N/A	0.697369	0.0434549	0.520126	0.544748	0.516446	0.534433	0.514797
OG0005365	0.756301	0.0476668	0.586825	0.110464	0.62392	0.15204	0.543596	0.507693	0.0115245	N/A	0.105536	0.64708	0.539044	0.583581	0.532084	0.565351	0.0434127
OG0005367	0.137178	2.82791e-10	0.54662	0.605212	0.56891	0.555086	0.522556	0.507693	0.507693	N/A	0.697369	0.583746	0.520126	0.544748	0.516446	0.534433	0.514797
OG0005372	0.756301	0.130342	0.586825	0.678483	0.62392	0.601244	0.543596	0.515209	3.16239e-05	N/A	0.105536	0.64708	0.539044	0.583581	0.532084	0.565351	0.52894
OG0005373	0.756301	6.85809e-07	0.586825	0.605212	0.0355493	0.555086	0.522556	0.507693	0.507693	N/A	0.697369	0.0434549	0.520126	0.544748	0.516446	0.534433	0.514797
OG0005375	0.756301	5.43484e-05	0.54662	0.055018	0.56891	0.555086	0.522556	0.507693	0.00386114	N/A	0.697369	0.583746	0.520126	0.544748	0.516446	0.534433	0.514797
OG0005376	0.756301	0.586825	0.0476668	0.678483	0.186225	0.601244	0.522556	0.00386114	0.0115245	N/A	0.105536	0.64708	0.539044	0.583581	0.532084	0.0980681	0.514797
OG0005382	0.756301	0.54662	0.54662	0.154715	0.62392	0.601244	0.0228047	0.0228136	0.515209	N/A	0.697369	0.583746	0.520126	0.0228501	0.532084	0.565351	0.52894
OG0005383	0.756301	0.586825	0.130342	0.268992	0.0120187	0.15204	0.543596	0.0228136	0.515209	N/A	0.105536	0.64708	0.539044	0.583581	0.532084	0.565351	0.52894
OG0005386	0.137178	0.0693598	0.54662	0.154715	0.56891	0.0818261	0.0337031	0.522552	0.0115823	N/A	0.697369	0.583746	0.520126	0.544748	0.516446	0.534433	0.000111095
OG0005387	0.756301	0.5	0.5	0.154715	0.000181551	0.555086	0.0337031	0.00772228	0.515209	N/A	0.697369	0.123702	0.520126	0.544748	0.516446	0.534433	0.00745219
OG0005464	0.142253	0.000157622	0.677962	0.678483	0.5	0.5	0.5	0.5	0.5	N/A	0.832757	0.0378676	0.0855681	0.00138683	0.5	0.5	0.5
OG0005466	0.756301	0.0693598	0.0238258	0.154715	0.102088	0.0565411	0.0012774	3.16239e-05	0.515209	N/A	0.697369	0.583746	0.520126	0.544748	0.00828931	0.565351	0.52894
OG0005475	0.756301	0.0693598	0.00113794	0.154715	1.29743e-05	0.555086	0.0337031	0.515209	0.515209	N/A	0.697369	0.583746	0.520126	0.544748	0.516446	0.534433	0.00745219
OG0005476	0.756301	0.0693598	0.54662	0.605212	0.56891	9.08179e-05	0.522556	0.507693	0.0115245	N/A	0.697369	0.583746	0.520126	0.544748	0.516446	0.534433	0.514797
OG0005478	0.756301	0.586825	0.586825	0.678483	0.62392	0.15204	0.543596	0.515209	3.16239e-05	N/A	0.105536	0.64708	0.539044	0.583581	0.532084	0.565351	0.52894
OG0005481	0.030694	0.5	0.5	0.154715	0.102088	0.00160191	0.011402	0.507693	0.0115245	N/A	0.439614	0.123702	0.520126	0.544748	0.516446	0.534433	0.514797
OG0005490	0.756301	0.0238258	0.54662	0.605212	0.56891	0.0282556	0.522556	0.00386114	0.0115245	N/A	0.697369	0.583746	0.520126	0.544748	0.516446	0.534433	0.514797
OG0005492	0.756301	0.130342	0.00548055	5.41331e-06	0.102088	0.0818261	0.011402	0.507693	0.507693	N/A	0.105536	0.64708	0.539044	0.125464	0.516446	0.534433	0.514797
OG0005505	0.756301	0.0693598	0.54662	0.154715	0.62392	0.0565411	0.0654064	0.515209	0.0228136	N/A	0.697369	0.583746	0.520126	0.0228501	0.532084	0.565351	0.52894
OG0005507	0.756301	0.130342	6.85809e-07	0.055018	0.56891	0.555086	0.522556	0.507693	0.507693	N/A	0.697369	0.0434549	0.520126	0.544748	0.516446	0.534433	0.514797
OG0005522	0.756301	2.82791e-10	0.54662	0.605212	0.56891	0.555086	0.522556	0.507693	0.507693	N/A	0.697369	0.583746	0.520126	0.544748	0.516446	0.534433	0.514797
OG0005523	0.756301	0.54662	0.0238258	0.154715	0.56891	0.555086	0.522556	0.00772228	0.515209	N/A	0.697369	0.583746	0.520126	0.544748	0.516446	0.534433	0.00745219
OG0005524	0.83681	0.586825	0.586825	0.268992	0.186225	0.601244	0.543596	0.515209	3.16239e-05	N/A	0.786996	0.64708	0.539044	0.583581	0.532084	0.565351	0.52894
OG0005527	0.756301	0.00548055	0.586825	0.678483	0.186225	0.601244	0.543596	0.0115245	0.507693	N/A	0.105536	0.64708	0.539044	0.583581	0.532084	0.565351	0.0434127
OG0005538	0.756301	0.18413	0.0123196	0.110464	0.0711731	0.555086	0.522556	0.507693	0.0115245	N/A	0.105536	0.0870759	0.539044	0.583581	0.0481312	0.534433	0.514797
OG0005542	0.83681	0.130342	0.0476668	0.268992	0.62392	0.601244	0.0654064	0.0228136	0.515209	N/A	0.786996	0.64708	0.539044	0.583581	0.532084	0.565351	0.52894
OG0005543	0.0414086	0.54662	5.43484e-05	0.605212	0.56891	0.555086	0.522556	0.515209	0.515209	N/A	0.697369	0.583746	0.520126	0.544748	0.516446	0.534433	0.00745219
OG0005544	0.756301	0.54662	0.54662	0.605212	0.56891	0.555086	0.522556	0.507693	2.30281e-07	N/A	0.697369	0.583746	0.520126	0.544748	0.516446	0.534433	0.514797
OG0005545	0.756301	6.85809e-07	0.586825	0.605212	0.56891	0.555086	0.522556	0.507693	0.507693	N/A	0.697369	0.0434549	0.520126	0.544748	0.516446	0.534433	0.514797
OG0005547	0.756301	2.82791e-10	0.54662	0.605212	0.56891	0.555086	0.522556	0.507693	0.507693	N/A	0.697369	0.583746	0.520126	0.544748	0.516446	0.534433	0.514797
OG0005548	0.756301	0.54662	0.00113794	0.605212	0.56891	0.555086	0.0337031	0.515209	0.515209	N/A	0.697369	0.583746	0.520126	0.544748	0.516446	0.534433	0.00745219
OG0005551	0.756301	0.0476668	0.130342	0.000315882	0.56891	0.555086	0.522556	0.507693	0.507693	N/A	0.105536	0.64708	0.539044	0.125464	0.516446	0.534433	0.514797
OG0005555	0.756301	0.586825	0.586825	0.154715	0.000181551	0.555086	0.011402	0.507693	0.507693	N/A	0.697369	0.0434549	0.520126	0.544748	0.516446	0.534433	0.514797
OG0005556	0.756301	0.130342	0.0476668	0.268992	0.62392	0.601244	0.522556	0.507693	0.0115245	N/A	0.105536	0.64708	0.539044	0.583581	0.532084	0.0980681	0.514797
OG0005561	0.756301	0.00113794	0.54662	0.605212	0.56891	0.555086	0.543596	0.0228136	0.515209	N/A	0.697369	0.583746	0.520126	0.544748	0.516446	0.017502	0.52894
OG0005571	0.137178	0.0693598	0.54662	0.605212	0.0355493	0.0282556	0.522556	0.00386114	0.507693	N/A	0.697369	0.583746	0.520126	0.544748	0.516446	0.534433	0.514797
OG0005578	0.83681	0.586825	0.586825	0.678483	0.62392	0.00222918	0.543596	0.515209	3.16239e-05	N/A	0.786996	0.64708	0.539044	0.583581	0.532084	0.565351	0.52894
OG0005582	0.294252	0.0476668	0.586825	0.678483	0.62392	0.601244	0.0337031	0.0115245	0.507693	N/A	0.786996	0.64708	0.539044	0.583581	0.532084	0.0980681	0.514797
OG0005589	0.756301	0.00113794	0.54662	0.605212	0.56891	0.601244	0.543596	0.0228136	0.515209	N/A	0.697369	0.583746	0.520126	0.544748	0.00828931	0.565351	0.52894
OG0005590	0.137178	0.5	0.5	0.154715	0.102088	0.0565411	0.0654064	0.515209	0.515209	N/A	0.697369	0.123702	0.520126	0.544748	0.00828931	0.565351	0.52894
OG0005597	0.137178	0.54662	0.0238258	0.605212	0.56891	0.555086	0.522556	0.507693	2.98185e-05	N/A	0.697369	0.583746	0.520126	0.544748	0.516446	0.534433	0.514797
OG0005599	0.0414086	5.43484e-05	0.54662	0.605212	0.56891	0.555086	0.522556	0.507693	0.00386114	N/A	0.697369	0.583746	0.520126	0.544748	0.516446	0.534433	0.514797
OG0005601	0.0414086	0.0238258	0.54662	0.154715	0.00254048	0.555086	0.0337031	0.515209	0.515209	N/A	0.697369	0.583746	0.520126	0.544748	0.516446	0.534433	0.00745219
OG0005604	0.756301	2.82791e-10	0.54662	0.605212	0.56891	0.555086	0.522556	0.507693	0.507693	N/A	0.697369	0.583746	0.520126	0.544748	0.516446	0.534433	0.514797
OG0005606	0.294252	0.00548055	0.586825	0.678483	0.62392	0.555086	0.522556	0.507693	0.0115245	N/A	0.786996	0.64708	0.539044	0.583581	0.0481312	0.534433	0.514797
OG0005608	0.756301	0.130342	0.586825	0.268992	0.0711731	0.15204	0.543596	0.0228136	0.515209	N/A	0.105536	0.64708	0.539044	0.583581	0.532084	0.565351	0.52894
OG0005612	0.756301	2.59571e-06	0.54662	0.605212	0.56891	0.555086	0.522556	0.507693	0.00386114	N/A	0.697369	0.583746	0.520126	0.544748	0.516446	0.534433	0.514797
OG0005614	0.0414086	0.0238258	0.54662	0.605212	0.56891	0.0282556	0.0337031	0.00386114	0.507693	N/A	0.697369	0.583746	0.520126	0.544748	0.516446	0.534433	0.514797
OG0005618	0.0414086	0.54662	0.0238258	0.154715	0.56891	0.0282556	0.522556	0.507693	0.00386114	N/A	0.697369	0.583746	0.520126	0.544748	0.516446	0.534433	0.514797
OG0005620	0.756301	0.0238258	0.54662	0.605212	0.56891	0.555086	0.522556	0.507693	2.30281e-07	N/A	0.697369	0.583746	0.520126	0.544748	0.516446	0.534433	0.514797
OG0005628	0.756301	6.85809e-07	0.130342	0.055018	0.56891	0.555086	0.522556	0.507693	0.507693	N/A	0.697369	0.0434549	0.520126	0.544748	0.516446	0.534433	0.514797
OG0005636	0.137178	0.00020209	0.130342	0.605212	0.00254048	0.555086	0.522556	0.507693	0.507693	N/A	0.697369	0.0434549	0.520126	0.544748	0.516446	0.534433	0.514797
OG0005638	0.83681	0.0476668	0.130342	0.678483	0.102088	0.555086	0.522556	0.515209	0.515209	N/A	0.786996	0.64708	0.539044	0.125464	0.516446	0.534433	0.00745219
OG0005647	0.756301	6.85809e-07	0.586825	0.605212	0.56891	0.555086	0.522556	0.507693	0.0115245	N/A	0.697369	0.0434549	0.520126	0.544748	0.516446	0.534433	0.514797
OG0005655	0.756301	0.54662	0.54662	0.678483	0.62392	0.601244	0.0337031	0.00386114	0.507693	N/A	0.105536	0.221248	0.539044	0.583581	0.532084	0.0980681	0.514797
OG0005665	0.756301	6.45067e-13	0.54662	0.605212	0.56891	0.555086	0.522556	0.0115245	0.507693	N/A	0.697369	0.583746	0.520126	0.544748	0.516446	0.534433	0.514797
OG0005667	0.756301	0.0476668	0.130342	0.678483	0.62392	0.15204	0.0228047	0.507693	0.507693	N/A	0.105536	0.64708	0.539044	0.583581	0.532084	0.565351	0.0434127
OG0005670	0.756301	5.92101e-09	0.54662	0.605212	0.56891	0.0282556	0.522556	0.507693	0.0115245	N/A	0.697369	0.583746	0.520126	0.544748	0.516446	0.534433	0.514797
OG0005675	0.756301	0.54662	0.54662	9.44729e-07	0.56891	0.555086	0.522556	0.507693	0.507693	N/A	0.697369	0.583746	0.520126	0.544748	0.516446	0.534433	0.514797
OG0005681	0.756301	0.586825	0.586825	0.268992	0.186225	0.601244	0.543596	0.515209	3.16239e-05	N/A	0.105536	0.64708	0.539044	0.583581	0.532084	0.565351	0.52894
OG0005686	0.756301	2.82791e-10	0.54662	0.605212	0.56891	0.555086	0.522556	0.507693	0.507693	N/A	0.697369	0.583746	0.520126	0.544748	0.516446	0.534433	0.514797
OG0005687	0.756301	0.586825	0.586825	0.678483	0.56891	0.555086	0.522556	0.0115245	2.30281e-07	N/A	0.105536	0.64708	0.539044	0.125464	0.516446	0.534433	0.514797
OG0005692	0.756301	0.0693598	0.54662	0.154715	0.0711731	0.601244	0.000304881	0.00772228	0.0228136	N/A	0.697369	0.583746	0.520126	0.0228501	0.532084	0.565351	0.52894
OG0005773	0.137178	0.0693598	0.0238258	0.154715	0.000181551	0.555086	0.0337031	0.507693	0.00386114	N/A	0.697369	0.583746	0.520126	0.544748	0.516446	0.534433	0.514797
OG0005780	0.756301	1.23973e-07	0.54662	0.154715	0.56891	0.555086	0.0337031	0.515209	0.515209	N/A	0.697369	0.583746	0.520126	0.544748	0.516446	0.534433	0.00745219
OG0005781	0.756301	2.94064e-16	0.18413	0.5	0.5	0.5	0.5	0.5	0.5	N/A	0.697369	0.00380584	0.030085	0.5	0.5	0.5	0.5
OG0005782	0.756301	0.0693598	0.0238258	0.154715	0.56891	0.00160191	0.0337031	0.507693	0.00386114	N/A	0.697369	0.583746	0.520126	0.544748	0.516446	0.534433	0.514797
OG0005783	0.756301	0.5	0.5	0.154715	0.62392	0.00222918	0.563236	0.033873	0.522552	N/A	0.697369	0.123702	0.520126	0.0228501	0.532084	0.0350084	0.542461
OG0005786	0.756301	1.23973e-07	0.54662	0.154715	0.56891	0.0282556	0.522556	0.507693	0.507693	N/A	0.697369	0.583746	0.520126	0.544748	0.516446	0.534433	0.514797
OG0005790	0.756301	0.0693598	0.54662	0.154715	9.2719e-07	0.555086	0.0337031	0.00386114	0.507693	N/A	0.697369	0.583746	0.520126	0.544748	0.516446	0.534433	0.514797
OG0005791	0.756301	0.0693598	0.54662	0.154715	0.0711731	0.601244	0.0654064	0.515209	0.0228136	N/A	0.697369	0.583746	0.520126	0.0228501	0.532084	0.565351	0.52894
OG0005794	0.756301	0.0476668	0.586825	0.678483	0.62392	0.15204	0.543596	0.507693	0.0115245	N/A	0.105536	0.64708	0.539044	0.583581	0.532084	0.565351	0.0434127
OG0005797	0.137178	0.54662	2.59571e-06	0.605212	0.56891	0.0282556	0.522556	0.507693	0.0115245	N/A	0.697369	0.583746	0.520126	0.544748	0.516446	0.534433	0.514797
OG0005799	0.756301	0.54662	0.54662	0.605212	0.62392	0.601244	0.543596	0.515209	3.16239e-05	N/A	0.697369	0.583746	0.520126	0.0228501	0.532084	0.565351	0.52894
OG0005803	0.137178	0.00020209	0.586825	0.605212	0.0355493	0.555086	0.522556	0.507693	0.0115245	N/A	0.697369	0.0434549	0.520126	0.544748	0.516446	0.534433	0.514797
OG0005809	0.137178	5.43484e-05	0.54662	0.605212	0.56891	0.555086	0.522556	0.00386114	0.507693	N/A	0.697369	0.583746	0.520126	0.544748	0.516446	0.534433	0.514797
OG0005812	0.756301	5.92101e-09	0.54662	0.605212	0.56891	0.555086	0.522556	0.507693	0.507693	N/A	0.697369	0.583746	0.520126	0.544748	0.516446	0.534433	0.514797
OG0005813	0.83681	0.130342	0.00548055	0.0281791	0.102088	0.555086	0.522556	0.507693	0.507693	N/A	0.786996	0.64708	0.539044	0.125464	0.516446	0.534433	0.514797
OG0005826	0.756301	1.23973e-07	0.54662	0.605212	0.56891	0.555086	0.522556	0.507693	0.507693	N/A	0.697369	0.583746	0.520126	0.544748	0.516446	0.534433	0.514797
OG0005836	0.756301	0.586825	0.586825	0.678483	0.0711731	0.15204	0.543596	3.16239e-05	0.515209	N/A	0.105536	0.64708	0.539044	0.583581	0.532084	0.565351	0.52894
OG0005846	0.137178	2.59571e-06	0.54662	0.605212	0.56891	0.0282556	0.522556	0.507693	0.0115245	N/A	0.697369	0.583746	0.520126	0.544748	0.516446	0.534433	0.514797
OG0005849	0.0414086	1.23973e-07	0.54662	0.605212	0.56891	0.555086	0.522556	0.507693	0.0115245	N/A	0.697369	0.583746	0.520126	0.544748	0.516446	0.534433	0.514797
OG0005855	0.0815	0.0238258	0.54662	0.154715	0.56891	0.0282556	0.522556	0.507693	0.00386114	N/A	0.439614	0.583746	0.520126	0.544748	0.516446	0.534433	0.514797
OG0005867	0.756301	5.92101e-09	0.54662	0.605212	0.56891	0.555086	0.522556	0.507693	0.507693	N/A	0.697369	0.583746	0.520126	0.544748	0.516446	0.534433	0.514797
OG0005885	0.83681	0.130342	0.586825	4.18902e-05	0.102088	0.0282556	0.0337031	0.0115245	0.507693	N/A	0.786996	0.64708	0.539044	0.125464	0.516446	0.534433	0.514797
OG0005891	0.83681	0.00548055	0.130342	0.268992	0.62392	0.601244	0.522556	0.507693	0.0115245	N/A	0.786996	0.64708	0.539044	0.583581	0.532084	0.0980681	0.514797
OG0005910	0.756301	0.0693598	0.54662	0.055018	0.56891	0.555086	0.0228047	0.0228136	0.515209	N/A	0.697369	0.583746	0.520126	0.544748	0.516446	0.017502	0.52894
OG0005911	0.137178	0.586825	0.586825	0.605212	0.56891	0.555086	0.543596	0.515209	3.16239e-05	N/A	0.697369	0.0434549	0.520126	0.544748	0.516446	0.017502	0.52894
OG0005913	0.756301	0.0476668	0.586825	0.0102411	0.62392	0.15204	0.543596	0.0228136	0.515209	N/A	0.105536	0.64708	0.539044	0.583581	0.532084	0.565351	0.52894
OG0005920	0.756301	1.20056e-05	0.586825	0.605212	0.56891	0.555086	0.522556	0.507693	0.507693	N/A	0.697369	0.0434549	0.520126	0.544748	0.516446	0.534433	0.514797
OG0005922	0.756301	0.54662	0.54662	0.605212	0.56891	0.555086	0.563236	9.29935e-05	0.0115823	N/A	0.697369	0.583746	0.520126	0.544748	0.516446	0.000613392	0.542461
OG0005935	0.0414086	0.00020209	0.130342	0.605212	0.0355493	0.555086	0.522556	0.507693	0.507693	N/A	0.697369	0.0434549	0.520126	0.544748	0.516446	0.534433	0.514797
OG0005937	0.756301	2.59571e-06	0.54662	0.605212	0.56891	0.555086	0.522556	0.00386114	0.507693	N/A	0.697369	0.583746	0.520126	0.544748	0.516446	0.534433	0.514797
OG0005939	0.0815	0.54662	0.54662	0.154715	0.56891	0.0282556	0.0337031	0.507693	0.00386114	N/A	0.439614	0.583746	0.520126	0.544748	0.516446	0.534433	0.514797
OG0005946	0.756301	1.23973e-07	0.54662	0.605212	0.56891	0.555086	0.522556	0.507693	0.507693	N/A	0.697369	0.583746	0.520126	0.544748	0.516446	0.534433	0.514797
OG0005947	0.756301	5.92101e-09	0.54662	0.605212	0.56891	0.555086	0.522556	0.507693	0.507693	N/A	0.697369	0.583746	0.520126	0.544748	0.516446	0.534433	0.514797
OG0005948	0.756301	5.92101e-09	0.54662	0.605212	0.0355493	0.555086	0.522556	0.507693	0.507693	N/A	0.697369	0.583746	0.520126	0.544748	0.516446	0.534433	0.514797
OG0005951	0.756301	0.0238258	0.54662	0.605212	0.00254048	0.555086	0.0337031	0.515209	0.515209	N/A	0.697369	0.583746	0.520126	0.544748	0.516446	0.534433	0.00745219
OG0005952	0.756301	0.586825	0.586825	0.678483	0.0120187	0.0818261	0.522556	0.507693	0.00386114	N/A	0.105536	0.64708	0.539044	0.583581	0.0481312	0.534433	0.514797
OG0005957	0.756301	0.54662	0.54662	0.154715	0.0711731	0.601244	0.0654064	0.0228136	0.515209	N/A	0.697369	0.583746	0.520126	0.0228501	0.532084	0.565351	0.52894
OG0005964	0.756301	0.586825	0.586825	0.0102411	0.0711731	0.15204	0.543596	0.0228136	0.515209	N/A	0.105536	0.64708	0.539044	0.583581	0.532084	0.565351	0.52894
OG0005965	0.756301	2.82791e-10	0.54662	0.154715	0.56891	0.555086	0.522556	0.507693	0.507693	N/A	0.697369	0.583746	0.520126	0.544748	0.516446	0.534433	0.514797
OG0005970	0.756301	0.54662	0.0238258	0.000683008	0.56891	0.0818261	0.0337031	2.98185e-05	0.0115245	N/A	0.697369	0.583746	0.520126	0.544748	0.516446	0.534433	0.514797
OG0005973	0.756301	0.586825	0.0476668	0.00229579	0.62392	0.555086	0.522556	0.507693	0.0115245	N/A	0.105536	0.64708	0.539044	0.583581	0.0481312	0.534433	0.514797
OG0005974	0.137178	2.59571e-06	0.54662	0.154715	0.56891	0.555086	0.543596	0.0228136	0.515209	N/A	0.697369	0.583746	0.520126	0.544748	0.516446	0.017502	0.52894
OG0005981	0.756301	2.59571e-06	0.54662	0.055018	0.56891	0.555086	0.522556	0.507693	0.507693	N/A	0.697369	0.583746	0.520126	0.544748	0.516446	0.534433	0.514797
OG0005982	0.756301	1.23973e-07	0.54662	0.605212	0.0355493	0.555086	0.522556	0.507693	0.507693	N/A	0.697369	0.583746	0.520126	0.544748	0.516446	0.534433	0.514797
OG0005983	0.83681	0.586825	0.130342	0.268992	0.0711731	0.15204	0.543596	0.0228136	0.515209	N/A	0.786996	0.64708	0.539044	0.583581	0.532084	0.565351	0.52894
OG0005986	0.756301	5.92101e-09	0.54662	0.605212	0.56891	0.555086	0.522556	0.507693	0.507693	N/A	0.697369	0.583746	0.520126	0.544748	0.516446	0.534433	0.514797
OG0005987	0.756301	5.92101e-09	0.54662	0.605212	0.56891	0.555086	0.522556	0.507693	0.507693	N/A	0.697369	0.583746	0.520126	0.544748	0.516446	0.534433	0.514797
OG0005990	0.756301	0.586825	0.586825	0.0102411	0.62392	0.601244	0.543596	0.515209	3.16239e-05	N/A	0.105536	0.64708	0.539044	0.583581	0.532084	0.565351	0.52894
OG0005993	0.756301	1.23973e-07	0.54662	0.605212	0.56891	0.555086	0.522556	0.00386114	0.0115245	N/A	0.697369	0.583746	0.520126	0.544748	0.516446	0.534433	0.514797
OG0005999	0.756301	1.23973e-07	0.54662	0.605212	0.56891	0.555086	0.522556	0.507693	0.00386114	N/A	0.697369	0.583746	0.520126	0.544748	0.516446	0.534433	0.514797
OG0006007	0.756301	0.00113794	0.54662	0.605212	0.56891	0.555086	1.35421e-07	0.507693	0.507693	N/A	0.697369	0.583746	0.520126	0.544748	0.516446	0.534433	0.514797
OG0006012	0.137178	0.0238258	0.54662	0.605212	0.56891	0.555086	5.93541e-06	0.507693	0.507693	N/A	0.697369	0.583746	0.520126	0.544748	0.516446	0.534433	0.514797
OG0006013	0.137178	5.92101e-09	0.54662	0.154715	0.56891	0.555086	0.522556	0.507693	0.507693	N/A	0.697369	0.583746	0.520126	0.544748	0.516446	0.534433	0.514797
OG0006014	0.756301	5.92101e-09	0.54662	0.605212	0.56891	0.555086	0.522556	0.507693	0.507693	N/A	0.697369	0.583746	0.520126	0.544748	0.516446	0.534433	0.514797
OG0006016	0.756301	0.54662	0.0238258	0.154715	0.56891	0.00160191	0.522556	0.507693	0.0115245	N/A	0.697369	0.583746	0.520126	0.544748	0.516446	0.534433	0.514797
OG0006019	0.756301	1.35063e-11	0.54662	0.154715	0.56891	0.555086	0.522556	0.507693	0.507693	N/A	0.697369	0.583746	0.520126	0.544748	0.516446	0.534433	0.514797
OG0006022	0.756301	2.59571e-06	0.54662	0.605212	0.00254048	0.0818261	0.522556	0.507693	0.00386114	N/A	0.697369	0.583746	0.520126	0.544748	0.516446	0.534433	0.514797
OG0006029	0.756301	5.92101e-09	0.54662	0.605212	0.56891	0.555086	0.522556	0.507693	0.507693	N/A	0.697369	0.583746	0.520126	0.544748	0.516446	0.534433	0.514797
OG0006031	0.83681	0.130342	0.0476668	0.678483	0.102088	0.555086	0.522556	0.515209	0.515209	N/A	0.786996	0.64708	0.539044	0.125464	0.516446	0.534433	0.00745219
OG0006035	0.756301	2.82791e-10	0.54662	0.605212	0.56891	0.555086	0.522556	0.507693	0.0115245	N/A	0.697369	0.583746	0.520126	0.544748	0.516446	0.534433	0.514797
OG0006039	0.756301	0.0693598	0.54662	0.154715	0.0355493	0.0818261	0.0337031	0.00772228	0.515209	N/A	0.697369	0.583746	0.520126	0.544748	0.516446	0.534433	0.00745219
OG0006040	0.756301	0.0693598	5.43484e-05	0.154715	0.00254048	0.0818261	0.0337031	2.98185e-05	0.0115245	N/A	0.697369	0.583746	0.520126	0.544748	0.516446	0.534433	0.514797
OG0006146	0.83681	0.0712625	0.621591	0.730477	0.668125	0.00222918	0.0228047	0.5	0.5	N/A	0.217281	0.695486	0.556836	0.617365	0.0706487	0.565351	0.000123837
OG0006150	0.756301	0.586825	0.586825	0.154715	0.102088	0.555086	0.543596	0.0228136	0.515209	N/A	0.697369	0.0434549	0.520126	0.544748	0.516446	0.017502	0.52894
OG0006155	0.0414086	0.54662	0.54662	0.605212	0.56891	0.0818261	0.522556	0.507693	2.98185e-05	N/A	0.697369	0.583746	0.520126	0.544748	0.516446	0.534433	0.514797
OG0006162	0.83681	0.00548055	0.586825	0.110464	0.56891	0.555086	0.522556	0.507693	0.0115245	N/A	0.786996	0.64708	0.539044	0.125464	0.516446	0.534433	0.514797
OG0006164	0.137178	0.0238258	0.0693598	0.154715	0.102088	0.0818261	0.522556	0.0115245	1.06065e-13	N/A	0.697369	0.583746	0.520126	0.544748	0.516446	0.534433	0.514797
OG0006167	0.294252	0.130342	0.586825	0.678483	0.56891	0.555086	0.011402	0.507693	0.0115245	N/A	0.786996	0.64708	0.539044	0.125464	0.516446	0.534433	0.514797
OG0006168	0.756301	0.00548055	0.586825	0.678483	0.62392	0.601244	0.522556	0.5	0.5	N/A	0.105536	0.64708	0.539044	0.583581	0.532084	0.0980681	0.0221393
OG0006170	0.756301	0.54662	0.0238258	0.605212	0.0355493	0.0818261	0.522556	0.515209	0.515209	N/A	0.697369	0.583746	0.520126	0.544748	0.516446	0.534433	0.00745219
OG0006173	0.756301	0.0693598	0.54662	0.154715	0.0711731	0.15204	0.543596	0.515209	0.515209	N/A	0.697369	0.583746	0.520126	0.0228501	0.532084	0.565351	0.52894
OG0006174	0.756301	5.92101e-09	0.54662	0.154715	0.56891	0.555086	0.522556	0.507693	0.507693	N/A	0.697369	0.583746	0.520126	0.544748	0.516446	0.534433	0.514797
OG0006183	0.756301	0.65174	0.65174	0.154715	0.56891	0.0282556	0.0337031	0.507693	0.0115245	N/A	0.697369	0.000333322	0.520126	0.544748	0.516446	0.534433	0.514797
OG0006188	0.756301	1.23973e-07	0.54662	0.605212	0.56891	0.555086	0.522556	0.507693	0.507693	N/A	0.697369	0.583746	0.520126	0.544748	0.516446	0.534433	0.514797
OG0006196	0.756301	0.0238258	0.54662	0.154715	0.56891	0.0282556	0.522556	0.507693	0.00386114	N/A	0.697369	0.583746	0.520126	0.544748	0.516446	0.534433	0.514797
OG0006199	0.756301	5.43484e-05	0.54662	0.605212	0.56891	0.555086	0.522556	0.507693	0.00386114	N/A	0.697369	0.583746	0.520126	0.544748	0.516446	0.534433	0.514797
OG0006219	0.137178	0.54662	5.43484e-05	0.605212	0.56891	0.555086	0.522556	0.507693	0.00386114	N/A	0.697369	0.583746	0.520126	0.544748	0.516446	0.534433	0.514797
OG0006221	0.294252	0.00548055	0.586825	0.268992	0.62392	0.601244	0.522556	0.5	0.5	N/A	0.786996	0.64708	0.539044	0.583581	0.532084	0.0980681	0.0221393
OG0006223	0.756301	1.23973e-07	0.54662	0.154715	0.56891	0.555086	0.011402	0.507693	0.507693	N/A	0.697369	0.583746	0.520126	0.544748	0.516446	0.534433	0.514797
OG0006238	0.756301	1.23973e-07	0.54662	0.605212	0.56891	0.555086	0.522556	0.507693	0.507693	N/A	0.697369	0.583746	0.520126	0.544748	0.516446	0.534433	0.514797
OG0006241	0.137178	0.54662	0.54662	0.605212	0.0120187	0.601244	0.522556	0.507693	0.0115245	N/A	0.697369	0.583746	0.520126	0.0228501	0.532084	0.0980681	0.514797
OG0006247	0.756301	0.54662	0.54662	0.605212	0.102088	0.555086	0.0337031	0.515209	0.00772228	N/A	0.697369	0.583746	0.520126	0.544748	0.516446	0.534433	0.00745219
OG0006257	0.83681	0.0476668	0.130342	0.678483	0.62392	0.00222918	0.543596	0.0228136	0.515209	N/A	0.786996	0.64708	0.539044	0.583581	0.532084	0.565351	0.52894
OG0006265	0.137178	0.586825	0.586825	0.605212	0.56891	0.0818261	0.543596	0.0228136	0.515209	N/A	0.697369	0.0434549	0.520126	0.544748	0.516446	0.017502	0.52894
OG0006266	0.756301	0.54662	5.43484e-05	0.154715	0.56891	0.555086	0.522556	0.507693	0.00386114	N/A	0.697369	0.583746	0.520126	0.544748	0.516446	0.534433	0.514797
OG0006267	0.0111044	0.130342	0.00548055	0.268992	0.0711731	0.555086	0.5	0.5	0.5	N/A	0.786996	0.64708	0.539044	0.583581	0.0481312	0.0513422	0.5
OG0006275	0.83681	0.586825	0.0476668	0.268992	0.0120187	0.555086	0.522556	0.507693	0.0115245	N/A	0.786996	0.64708	0.539044	0.583581	0.0481312	0.534433	0.514797
OG0006279	0.756301	1.23973e-07	0.54662	0.605212	0.56891	0.555086	0.522556	0.507693	0.507693	N/A	0.697369	0.583746	0.520126	0.544748	0.516446	0.534433	0.514797
OG0006283	0.756301	0.0238258	0.54662	0.154715	0.0120187	0.601244	0.0337031	0.507693	0.507693	N/A	0.697369	0.583746	0.520126	0.0228501	0.532084	0.0980681	0.514797
OG0006284	0.756301	0.5	0.5	0.154715	0.102088	2.91902e-07	0.5	0.5	0.5	N/A	0.697369	0.123702	0.520126	0.544748	0.516446	0.0513422	0.5
OG0006294	0.756301	2.59571e-06	0.54662	0.055018	0.56891	0.555086	0.522556	0.507693	0.507693	N/A	0.697369	0.583746	0.520126	0.544748	0.516446	0.534433	0.514797
OG0006298	0.137178	0.00113794	0.54662	0.605212	0.56891	0.555086	5.93541e-06	0.507693	0.0115245	N/A	0.697369	0.583746	0.520126	0.544748	0.516446	0.534433	0.514797
OG0006300	0.756301	2.59571e-06	0.54662	0.055018	0.56891	0.555086	0.522556	0.507693	0.507693	N/A	0.697369	0.583746	0.520126	0.544748	0.516446	0.534433	0.514797
OG0006302	0.756301	0.54662	0.54662	0.154715	0.0355493	0.0818261	0.522556	0.00772228	0.515209	N/A	0.697369	0.583746	0.520126	0.544748	0.516446	0.534433	0.00745219
OG0006312	0.756301	2.59571e-06	0.54662	0.055018	0.56891	0.555086	0.522556	0.507693	0.507693	N/A	0.697369	0.583746	0.520126	0.544748	0.516446	0.534433	0.514797
OG0006313	0.756301	0.0693598	0.54662	0.154715	0.56891	0.601244	0.543596	0.515209	0.0228136	N/A	0.697369	0.583746	0.520126	0.544748	0.00828931	0.565351	0.52894
OG0006320	0.756301	0.586825	0.130342	0.268992	0.62392	0.15204	0.543596	0.515209	3.16239e-05	N/A	0.105536	0.64708	0.539044	0.583581	0.532084	0.565351	0.52894
OG0006323	0.83681	0.00548055	0.586825	0.268992	0.0711731	0.555086	0.522556	0.507693	0.0115245	N/A	0.786996	0.64708	0.539044	0.583581	0.0481312	0.534433	0.514797
OG0006331	0.137178	0.0476668	0.586825	0.605212	0.56891	0.555086	0.522556	0.00386114	0.0115245	N/A	0.697369	0.0434549	0.520126	0.544748	0.516446	0.534433	0.514797
OG0006333	0.83681	0.586825	0.586825	0.110464	0.0711731	0.00222918	0.543596	0.515209	3.16239e-05	N/A	0.786996	0.64708	0.539044	0.583581	0.532084	0.565351	0.52894
OG0006349	0.83681	0.586825	0.130342	0.678483	0.56891	0.555086	0.0337031	0.507693	0.00386114	N/A	0.786996	0.64708	0.539044	0.125464	0.516446	0.534433	0.514797
OG0006363	0.756301	1.23973e-07	0.54662	0.055018	0.56891	0.555086	0.522556	0.507693	0.0115245	N/A	0.697369	0.583746	0.520126	0.544748	0.516446	0.534433	0.514797
OG0006365	0.756301	1.23973e-07	0.54662	0.605212	0.56891	0.555086	0.522556	0.507693	0.507693	N/A	0.697369	0.583746	0.520126	0.544748	0.516446	0.534433	0.514797
OG0006371	0.137178	0.54662	0.54662	0.605212	0.56891	0.0282556	0.522556	0.00386114	0.0115245	N/A	0.697369	0.583746	0.520126	0.544748	0.516446	0.534433	0.514797
OG0006373	0.756301	1.23973e-07	0.54662	0.605212	0.56891	0.555086	0.522556	0.507693	0.507693	N/A	0.697369	0.583746	0.520126	0.544748	0.516446	0.534433	0.514797
OG0006374	0.756301	5.92101e-09	0.54662	0.154715	0.56891	0.555086	0.522556	0.507693	0.507693	N/A	0.697369	0.583746	0.520126	0.544748	0.516446	0.534433	0.514797
OG0006377	0.83681	0.586825	0.586825	0.678483	0.186225	0.00222918	0.543596	0.515209	0.0228136	N/A	0.786996	0.64708	0.539044	0.583581	0.532084	0.565351	0.52894
OG0006379	0.756301	1.23973e-07	0.54662	0.605212	0.56891	0.555086	0.522556	0.507693	0.507693	N/A	0.697369	0.583746	0.520126	0.544748	0.516446	0.534433	0.514797
OG0006388	0.756301	0.586825	0.00548055	0.154715	0.56891	0.555086	0.522556	0.507693	0.00386114	N/A	0.697369	0.0434549	0.520126	0.544748	0.516446	0.534433	0.514797
OG0006390	0.756301	0.54662	0.54662	0.605212	0.56891	0.555086	3.08974e-09	0.507693	0.507693	N/A	0.697369	0.583746	0.520126	0.544748	0.516446	0.534433	0.514797
OG0006401	0.756301	0.0238258	0.54662	0.00613007	0.56891	0.0282556	0.522556	0.507693	0.0115245	N/A	0.697369	0.583746	0.520126	0.544748	0.516446	0.534433	0.514797
OG0006403	0.756301	0.586825	0.586825	0.605212	0.56891	0.555086	0.543596	0.515209	3.16239e-05	N/A	0.697369	0.0434549	0.520126	0.544748	0.516446	0.017502	0.52894
OG0006406	0.756301	1.23973e-07	0.54662	0.605212	0.56891	0.555086	0.522556	0.507693	0.507693	N/A	0.697369	0.583746	0.520126	0.544748	0.516446	0.534433	0.514797
OG0006411	0.137178	0.0238258	0.54662	0.154715	0.0355493	0.555086	5.93541e-06	0.507693	0.507693	N/A	0.697369	0.583746	0.520126	0.544748	0.516446	0.534433	0.514797
OG0006413	0.756301	1.20056e-05	0.586825	0.154715	0.56891	0.555086	0.522556	0.507693	0.507693	N/A	0.697369	0.0434549	0.520126	0.544748	0.516446	0.534433	0.514797
OG0006414	0.756301	0.54662	0.54662	0.605212	0.56891	0.555086	0.522556	0.507693	2.30281e-07	N/A	0.697369	0.583746	0.520126	0.544748	0.516446	0.534433	0.514797
OG0006419	0.756301	1.23973e-07	0.54662	0.605212	0.56891	0.555086	0.522556	0.507693	0.507693	N/A	0.697369	0.583746	0.520126	0.544748	0.516446	0.534433	0.514797
OG0006422	0.756301	0.0476668	0.586825	0.268992	0.62392	0.00222918	0.543596	0.0228136	0.515209	N/A	0.105536	0.64708	0.539044	0.583581	0.532084	0.565351	0.52894
OG0006434	0.756301	2.82791e-10	0.54662	0.605212	0.56891	0.555086	0.522556	0.507693	0.507693	N/A	0.697369	0.583746	0.520126	0.544748	0.516446	0.534433	0.514797
OG0006436	0.756301	0.54662	2.59571e-06	0.605212	0.0355493	0.555086	0.522556	0.507693	0.507693	N/A	0.697369	0.583746	0.520126	0.544748	0.516446	0.534433	0.514797
OG0006438	0.756301	1.23973e-07	0.54662	0.605212	0.56891	0.555086	0.522556	0.507693	0.507693	N/A	0.697369	0.583746	0.520126	0.544748	0.516446	0.534433	0.514797
OG0006447	0.756301	0.00548055	0.586825	0.678483	0.56891	0.555086	0.522556	0.507693	0.0115245	N/A	0.105536	0.64708	0.539044	0.125464	0.516446	0.534433	0.514797
OG0006451	0.756301	0.0238258	0.54662	0.605212	6.62603e-08	0.555086	0.0337031	0.507693	0.0115245	N/A	0.697369	0.583746	0.520126	0.544748	0.516446	0.534433	0.514797
OG0006452	0.756301	2.59571e-06	0.0693598	0.154715	0.102088	0.0282556	0.0337031	0.00386114	0.507693	N/A	0.697369	0.583746	0.520126	0.544748	0.516446	0.534433	0.514797
OG0006559	0.756301	0.0476668	0.586825	0.154715	0.102088	0.555086	0.0337031	0.515209	0.515209	N/A	0.697369	0.0434549	0.520126	0.544748	0.516446	0.534433	0.00745219
OG0006566	0.137178	0.0238258	0.0693598	0.154715	0.102088	0.555086	0.0337031	0.515209	0.515209	N/A	0.697369	0.583746	0.520126	0.544748	0.516446	0.534433	0.00745219
OG0006568	0.137178	0.621591	0.621591	0.154715	0.0355493	0.555086	0.522556	0.507693	0.0115245	N/A	0.697369	0.00380584	0.520126	0.544748	0.516446	0.534433	0.514797
OG0006570	0.294252	0.586825	0.0476668	0.678483	0.0711731	0.0818261	0.522556	0.507693	0.0115245	N/A	0.786996	0.64708	0.539044	0.583581	0.0481312	0.534433	0.514797
OG0006572	0.000153275	0.54662	0.54662	0.154715	0.102088	0.555086	0.522556	0.507693	0.0115245	N/A	0.439614	0.583746	0.520126	0.544748	0.516446	0.534433	0.514797
OG0006574	0.0815	0.0712625	0.621591	0.678483	0.62392	0.00222918	0.543596	0.5	0.5	N/A	0.786996	0.0870759	0.539044	0.583581	0.532084	0.565351	0.000123837
OG0006585	0.756301	0.130342	0.00548055	0.678483	0.62392	0.555086	0.522556	0.507693	0.0115245	N/A	0.105536	0.64708	0.539044	0.583581	0.0481312	0.534433	0.514797
OG0006587	0.756301	0.54662	0.54662	0.055018	0.56891	0.555086	1.35421e-07	0.507693	0.507693	N/A	0.697369	0.583746	0.520126	0.544748	0.516446	0.534433	0.514797
OG0006602	0.756301	0.54662	0.54662	0.605212	0.000181551	0.555086	0.011402	0.507693	0.0115245	N/A	0.697369	0.583746	0.520126	0.544748	0.516446	0.534433	0.514797
OG0006618	0.83681	0.586825	0.586825	0.268992	0.0120187	0.555086	0.0337031	0.507693	0.0115245	N/A	0.786996	0.64708	0.539044	0.583581	0.0481312	0.534433	0.514797
OG0006622	0.0815	2.59571e-06	0.54662	0.605212	0.56891	0.0818261	0.522556	0.507693	0.507693	N/A	0.439614	0.583746	0.520126	0.544748	0.516446	0.534433	0.514797
OG0006637	0.83681	0.586825	0.586825	0.0281791	0.56891	0.555086	0.0337031	0.507693	0.0115245	N/A	0.786996	0.64708	0.539044	0.125464	0.516446	0.534433	0.514797
OG0006674	0.83681	0.586825	0.0476668	0.678483	0.62392	0.15204	0.543596	0.507693	0.0115245	N/A	0.786996	0.64708	0.539044	0.583581	0.532084	0.565351	0.0434127
OG0006694	0.756301	0.54662	0.0238258	0.00613007	0.56891	0.0282556	0.522556	0.507693	0.0115245	N/A	0.697369	0.583746	0.520126	0.544748	0.516446	0.534433	0.514797
OG0006695	0.756301	0.586825	0.586825	0.268992	0.62392	0.00222918	0.543596	0.515209	0.0228136	N/A	0.105536	0.64708	0.539044	0.583581	0.532084	0.565351	0.52894
OG0006699	0.756301	1.23973e-07	0.54662	0.605212	0.56891	0.555086	0.522556	0.507693	0.0115245	N/A	0.697369	0.583746	0.520126	0.544748	0.516446	0.534433	0.514797
OG0006718	0.294252	0.586825	0.130342	0.0281791	0.56891	0.555086	0.522556	0.507693	0.0115245	N/A	0.786996	0.64708	0.539044	0.125464	0.516446	0.534433	0.514797
OG0006722	0.756301	0.54662	0.54662	0.605212	0.56891	0.555086	3.08974e-09	0.507693	0.507693	N/A	0.697369	0.583746	0.520126	0.544748	0.516446	0.534433	0.514797
OG0006733	0.294252	0.54662	0.54662	0.678483	0.0711731	0.555086	0.0337031	0.00386114	0.0115245	N/A	0.786996	0.221248	0.539044	0.583581	0.0481312	0.534433	0.514797
OG0006736	0.756301	5.92101e-09	0.54662	0.605212	0.56891	0.555086	0.522556	0.507693	0.0115245	N/A	0.697369	0.583746	0.520126	0.544748	0.516446	0.534433	0.514797
OG0006737	0.756301	0.54662	0.54662	0.605212	0.56891	0.555086	1.35421e-07	0.507693	0.507693	N/A	0.697369	0.583746	0.520126	0.544748	0.516446	0.534433	0.514797
OG0006746	0.83681	0.001522	0.586825	0.0102411	0.62392	0.601244	0.543596	0.507693	0.507693	N/A	0.786996	0.64708	0.539044	0.583581	0.532084	0.565351	0.0434127
OG0006748	0.137178	0.0693598	0.54662	0.605212	0.102088	0.0282556	5.93541e-06	0.507693	0.507693	N/A	0.697369	0.583746	0.520126	0.544748	0.516446	0.534433	0.514797
OG0006750	0.756301	2.59571e-06	0.54662	0.605212	0.56891	0.555086	0.522556	0.507693	0.00386114	N/A	0.697369	0.583746	0.520126	0.544748	0.516446	0.534433	0.514797
OG0006759	0.137178	2.59571e-06	0.54662	0.154715	0.56891	0.555086	0.522556	0.507693	0.507693	N/A	0.697369	0.583746	0.520126	0.544748	0.516446	0.534433	0.514797
OG0006761	0.294252	0.586825	0.130342	0.678483	0.56891	0.555086	0.522556	0.0115245	0.00386114	N/A	0.786996	0.64708	0.539044	0.125464	0.516446	0.534433	0.514797
OG0006766	0.756301	1.23973e-07	0.54662	0.154715	0.56891	0.555086	0.522556	0.507693	0.507693	N/A	0.697369	0.583746	0.520126	0.544748	0.516446	0.534433	0.514797
OG0006781	0.756301	0.586825	0.586825	0.268992	0.62392	0.601244	0.0337031	0.507693	0.0115245	N/A	0.105536	0.64708	0.539044	0.583581	0.532084	0.0980681	0.514797
OG0006787	0.137178	0.54662	5.43484e-05	0.605212	0.56891	0.555086	0.0337031	0.507693	0.507693	N/A	0.697369	0.583746	0.520126	0.544748	0.516446	0.534433	0.514797
OG0006789	0.756301	5.43484e-05	0.54662	0.154715	0.00254048	0.555086	0.522556	0.507693	0.507693	N/A	0.697369	0.583746	0.520126	0.544748	0.516446	0.534433	0.514797
OG0006791	0.83681	0.130342	0.586825	0.678483	0.62392	0.555086	0.0337031	0.00386114	0.0115245	N/A	0.786996	0.64708	0.539044	0.583581	0.0481312	0.534433	0.514797
OG0006799	0.137178	0.54662	0.0238258	0.605212	0.56891	0.555086	0.522556	0.00386114	0.0115245	N/A	0.697369	0.583746	0.520126	0.544748	0.516446	0.534433	0.514797
OG0006800	0.137178	0.0476668	0.586825	0.605212	0.0355493	0.555086	0.522556	0.00386114	0.0115245	N/A	0.697369	0.0434549	0.520126	0.544748	0.516446	0.534433	0.514797
OG0006819	0.756301	5.43484e-05	0.54662	0.605212	0.56891	0.555086	0.522556	0.507693	0.00386114	N/A	0.697369	0.583746	0.520126	0.544748	0.516446	0.534433	0.514797
OG0006823	0.756301	5.43484e-05	0.54662	0.605212	0.56891	0.555086	0.000260145	0.507693	0.0115245	N/A	0.697369	0.583746	0.520126	0.544748	0.516446	0.534433	0.514797
OG0006830	0.756301	0.5	0.5	0.605212	0.56891	0.555086	1.78401e-08	0.0228136	0.515209	N/A	0.697369	0.123702	0.520126	0.544748	0.516446	0.017502	0.52894
OG0006832	0.756301	0.54662	0.54662	0.055018	0.56891	0.555086	5.93541e-06	0.507693	0.507693	N/A	0.697369	0.583746	0.520126	0.544748	0.516446	0.534433	0.514797
OG0006838	0.137178	5.92101e-09	0.54662	0.605212	0.56891	0.555086	0.522556	0.5	0.5	N/A	0.697369	0.583746	0.520126	0.544748	0.516446	0.534433	0.0221393
OG0006853	0.756301	1.23973e-07	0.54662	0.154715	0.56891	0.555086	0.522556	0.507693	0.507693	N/A	0.697369	0.583746	0.520126	0.544748	0.516446	0.534433	0.514797
OG0006854	0.756301	0.5	0.5	0.154715	0.102088	0.0818261	0.0337031	1.37341e-11	0.0115245	N/A	0.697369	0.123702	0.520126	0.544748	0.516446	0.534433	0.514797
OG0006865	0.756301	0.0476668	0.586825	0.678483	0.62392	0.00222918	0.543596	0.515209	3.16239e-05	N/A	0.105536	0.64708	0.539044	0.583581	0.532084	0.565351	0.52894
OG0006871	0.756301	0.54662	0.0238258	0.154715	0.56891	0.0818261	1.6084e-12	0.507693	0.507693	N/A	0.697369	0.583746	0.520126	0.544748	0.516446	0.534433	0.514797
OG0006876	0.756301	0.5	0.5	0.154715	0.102088	0.0818261	2.69473e-27	0.5	0.5	N/A	0.697369	0.123702	0.520126	0.544748	0.516446	0.534433	0.0221393
OG0006880	0.0414086	0.00020209	0.586825	0.605212	0.56891	0.555086	0.522556	0.507693	0.0115245	N/A	0.697369	0.0434549	0.520126	0.544748	0.516446	0.534433	0.514797
OG0006889	0.756301	0.54662	0.54662	0.678483	0.62392	0.601244	0.0337031	0.507693	0.00386114	N/A	0.105536	0.221248	0.539044	0.583581	0.532084	0.0980681	0.514797
OG0006904	0.756301	0.5	0.5	0.154715	0.00254048	0.555086	1.35421e-07	0.507693	0.507693	N/A	0.697369	0.123702	0.520126	0.544748	0.516446	0.534433	0.514797
OG0006905	0.756301	0.0693598	0.54662	0.154715	0.56891	0.0818261	0.0337031	1.7784e-09	0.0115245	N/A	0.697369	0.583746	0.520126	0.544748	0.516446	0.534433	0.514797
OG0007011	0.137178	0.0693598	0.54662	0.154715	0.56891	0.555086	0.000260145	0.507693	0.507693	N/A	0.697369	0.583746	0.520126	0.544748	0.516446	0.534433	0.514797
OG0007013	0.756301	2.59571e-06	0.54662	0.154715	0.56891	0.555086	0.522556	0.507693	0.507693	N/A	0.697369	0.583746	0.520126	0.544748	0.516446	0.534433	0.514797
OG0007042	0.756301	0.0476668	0.130342	0.678483	0.62392	0.555086	0.0337031	0.507693	0.507693	N/A	0.105536	0.64708	0.539044	0.583581	0.0481312	0.534433	0.514797
OG0007054	0.0414086	0.54662	0.54662	0.605212	0.56891	0.0818261	0.0337031	2.98185e-05	0.507693	N/A	0.697369	0.583746	0.520126	0.544748	0.516446	0.534433	0.514797
OG0007060	0.83681	0.586825	0.0476668	0.678483	0.56891	0.555086	0.0337031	0.507693	0.0115245	N/A	0.786996	0.64708	0.539044	0.125464	0.516446	0.534433	0.514797
OG0007063	0.756301	0.5	0.5	0.154715	6.62603e-08	0.555086	5.93541e-06	0.5	0.5	N/A	0.697369	0.123702	0.520126	0.544748	0.516446	0.534433	0.0221393
OG0007066	0.756301	2.59571e-06	0.54662	0.055018	0.56891	0.555086	0.522556	0.0115245	0.507693	N/A	0.697369	0.583746	0.520126	0.544748	0.516446	0.534433	0.514797
OG0007080	0.756301	5.43484e-05	0.54662	0.605212	0.56891	0.555086	0.0337031	0.507693	0.507693	N/A	0.697369	0.583746	0.520126	0.544748	0.516446	0.534433	0.514797
OG0007085	0.756301	0.0238258	0.54662	0.154715	0.00254048	0.555086	0.522556	0.507693	0.00386114	N/A	0.697369	0.583746	0.520126	0.544748	0.516446	0.534433	0.514797
OG0007088	0.756301	2.59571e-06	0.54662	0.154715	0.56891	0.555086	0.522556	0.507693	0.507693	N/A	0.697369	0.583746	0.520126	0.544748	0.516446	0.534433	0.514797
OG0007091	0.756301	2.59571e-06	0.54662	0.154715	0.56891	0.555086	0.522556	0.507693	0.507693	N/A	0.697369	0.583746	0.520126	0.544748	0.516446	0.534433	0.514797
OG0007096	0.756301	0.54662	0.54662	0.605212	0.62392	0.15204	0.543596	0.515209	3.16239e-05	N/A	0.697369	0.583746	0.520126	0.0228501	0.532084	0.565351	0.52894
OG0007104	0.756301	0.0238258	0.54662	0.055018	0.56891	0.555086	0.0337031	0.507693	0.00386114	N/A	0.697369	0.583746	0.520126	0.544748	0.516446	0.534433	0.514797
OG0007118	0.756301	0.586825	0.586825	0.154715	0.56891	0.0818261	0.0228047	0.0228136	0.515209	N/A	0.697369	0.0434549	0.520126	0.544748	0.516446	0.017502	0.52894
OG0007129	0.83681	0.0476668	0.130342	0.110464	0.56891	0.555086	0.522556	0.507693	0.0115245	N/A	0.786996	0.64708	0.539044	0.125464	0.516446	0.534433	0.514797
OG0007133	0.030694	0.0238258	0.54662	0.605212	0.56891	0.555086	0.0337031	0.507693	0.0115245	N/A	0.439614	0.583746	0.520126	0.544748	0.516446	0.534433	0.514797
OG0007142	0.137178	0.54662	0.54662	0.605212	0.56891	0.0282556	0.522556	0.00386114	0.0115245	N/A	0.697369	0.583746	0.520126	0.544748	0.516446	0.534433	0.514797
OG0007161	0.83681	0.0476668	0.130342	0.678483	0.62392	0.555086	0.522556	0.507693	0.0115245	N/A	0.786996	0.64708	0.539044	0.583581	0.0481312	0.534433	0.514797
OG0007177	0.83681	0.54662	0.54662	0.678483	0.62392	0.15204	0.543596	0.0115245	0.507693	N/A	0.786996	0.221248	0.539044	0.583581	0.532084	0.565351	0.0434127
OG0007201	0.137178	2.59571e-06	0.54662	0.605212	0.56891	0.555086	0.522556	0.507693	0.0115245	N/A	0.697369	0.583746	0.520126	0.544748	0.516446	0.534433	0.514797
OG0007211	0.0414086	0.586825	0.586825	0.154715	0.56891	0.0818261	0.543596	0.0228136	0.515209	N/A	0.697369	0.0434549	0.520126	0.544748	0.516446	0.017502	0.52894
OG0007214	0.756301	0.54662	0.54662	0.605212	0.56891	0.0282556	0.522556	0.00386114	0.0115245	N/A	0.697369	0.583746	0.520126	0.544748	0.516446	0.534433	0.514797
OG0007226	0.756301	0.0712625	0.621591	0.678483	0.0711731	0.555086	0.0337031	0.507693	0.0115245	N/A	0.105536	0.0870759	0.539044	0.583581	0.0481312	0.534433	0.514797
OG0007239	0.756301	0.0693598	0.0238258	0.605212	0.0355493	0.0282556	0.0337031	0.00386114	0.0115245	N/A	0.697369	0.583746	0.520126	0.544748	0.516446	0.534433	0.514797
OG0007241	0.137178	2.59571e-06	0.54662	0.154715	0.56891	0.555086	0.522556	0.507693	0.507693	N/A	0.697369	0.583746	0.520126	0.544748	0.516446	0.534433	0.514797
OG0007270	0.756301	2.59571e-06	0.54662	0.154715	0.0355493	0.555086	0.522556	0.507693	0.507693	N/A	0.697369	0.583746	0.520126	0.544748	0.516446	0.534433	0.514797
OG0007275	0.756301	2.82791e-10	0.54662	0.605212	0.56891	0.555086	0.522556	0.5	0.5	N/A	0.697369	0.583746	0.520126	0.544748	0.516446	0.534433	0.0221393
OG0007279	0.137178	0.00113794	0.54662	0.605212	0.56891	0.555086	0.011402	0.507693	0.0115245	N/A	0.697369	0.583746	0.520126	0.544748	0.516446	0.534433	0.514797
OG0007297	0.137178	0.54662	0.54662	0.154715	0.0355493	0.0282556	0.522556	0.507693	0.0115245	N/A	0.697369	0.583746	0.520126	0.544748	0.516446	0.534433	0.514797
OG0007303	0.756301	0.54662	0.54662	0.154715	0.56891	0.0282556	0.000260145	0.507693	0.507693	N/A	0.697369	0.583746	0.520126	0.544748	0.516446	0.534433	0.514797
OG0007306	0.756301	0.00548055	0.586825	0.678483	0.62392	0.555086	0.0337031	0.0115245	0.00386114	N/A	0.105536	0.64708	0.539044	0.583581	0.0481312	0.534433	0.514797
OG0007307	0.756301	1.23973e-07	0.54662	0.605212	0.56891	0.555086	0.522556	0.0115245	0.507693	N/A	0.697369	0.583746	0.520126	0.544748	0.516446	0.534433	0.514797
OG0007312	0.756301	0.54662	0.54662	0.055018	9.2719e-07	0.555086	0.522556	0.507693	0.0115245	N/A	0.697369	0.583746	0.520126	0.544748	0.516446	0.534433	0.514797
OG0007316	0.756301	0.54662	0.54662	0.154715	0.56891	0.0282556	0.000260145	0.507693	0.507693	N/A	0.697369	0.583746	0.520126	0.544748	0.516446	0.534433	0.514797
OG0007320	0.756301	0.586825	0.586825	0.605212	0.56891	0.0818261	0.543596	0.0228136	0.515209	N/A	0.697369	0.0434549	0.520126	0.544748	0.516446	0.017502	0.52894
OG0007324	0.756301	0.54662	0.54662	0.154715	0.56891	0.555086	3.08974e-09	0.507693	0.0115245	N/A	0.697369	0.583746	0.520126	0.544748	0.516446	0.534433	0.514797
OG0007344	0.756301	0.130342	0.0476668	0.678483	0.62392	0.15204	0.543596	0.507693	0.0115245	N/A	0.105536	0.64708	0.539044	0.583581	0.532084	0.565351	0.0434127
OG0007355	0.83681	0.00548055	0.130342	0.678483	0.56891	0.555086	0.0337031	0.507693	0.507693	N/A	0.786996	0.64708	0.539044	0.125464	0.516446	0.534433	0.514797
OG0007366	0.756301	1.23973e-07	0.54662	0.605212	0.56891	0.555086	0.522556	0.507693	0.0115245	N/A	0.697369	0.583746	0.520126	0.544748	0.516446	0.534433	0.514797
OG0007383	0.756301	0.5	0.5	0.154715	9.2719e-07	0.555086	0.000260145	0.507693	0.0115245	N/A	0.697369	0.123702	0.520126	0.544748	0.516446	0.534433	0.514797
OG0007389	0.83681	0.586825	0.0476668	4.18902e-05	0.102088	0.555086	0.522556	0.5	0.5	N/A	0.786996	0.64708	0.539044	0.125464	0.516446	0.534433	0.0221393
OG0007390	0.756301	5.92101e-09	0.54662	0.154715	0.56891	0.555086	0.522556	0.0115245	0.507693	N/A	0.697369	0.583746	0.520126	0.544748	0.516446	0.534433	0.514797
OG0007411	0.756301	0.00113794	0.54662	0.605212	0.56891	0.555086	0.011402	0.507693	0.0115245	N/A	0.697369	0.583746	0.520126	0.544748	0.516446	0.534433	0.514797
OG0007413	0.756301	0.54662	0.0238258	0.605212	0.0355493	0.0282556	0.0337031	0.507693	0.0115245	N/A	0.697369	0.583746	0.520126	0.544748	0.516446	0.534433	0.514797
OG0007417	0.756301	0.0693598	0.0238258	0.154715	0.56891	0.555086	0.522556	0.515209	0.515209	N/A	0.697369	0.583746	0.520126	0.544748	0.516446	0.534433	0.00745219
OG0007420	0.756301	0.5	0.5	0.605212	0.56891	0.0282556	0.0337031	0.515209	0.515209	N/A	0.697369	0.123702	0.520126	0.544748	0.516446	0.534433	0.00745219
OG0007424	0.756301	2.59571e-06	0.54662	0.154715	0.56891	0.555086	0.522556	0.507693	0.507693	N/A	0.697369	0.583746	0.520126	0.544748	0.516446	0.534433	0.514797
OG0007431	0.756301	0.0238258	0.54662	0.605212	0.56891	0.555086	1.35421e-07	0.507693	0.0115245	N/A	0.697369	0.583746	0.520126	0.544748	0.516446	0.534433	0.514797
OG0007432	0.137178	5.43484e-05	0.54662	0.605212	0.56891	0.555086	0.522556	0.507693	0.0115245	N/A	0.697369	0.583746	0.520126	0.544748	0.516446	0.534433	0.514797
OG0007434	0.756301	0.586825	0.586825	0.605212	0.0355493	0.555086	0.011402	0.507693	0.0115245	N/A	0.697369	0.0434549	0.520126	0.544748	0.516446	0.534433	0.514797
OG0007447	0.756301	1.23973e-07	0.54662	0.605212	0.56891	0.555086	0.522556	0.507693	0.0115245	N/A	0.697369	0.583746	0.520126	0.544748	0.516446	0.534433	0.514797
OG0007452	0.756301	0.00113794	0.54662	0.154715	0.56891	0.555086	0.522556	0.507693	0.00386114	N/A	0.697369	0.583746	0.520126	0.544748	0.516446	0.534433	0.514797
OG0007456	0.756301	0.586825	0.00548055	0.154715	0.56891	0.555086	0.000260145	0.507693	0.0115245	N/A	0.697369	0.0434549	0.520126	0.544748	0.516446	0.534433	0.514797
OG0007462	0.756301	2.59571e-06	0.54662	0.154715	0.56891	0.555086	0.522556	0.507693	0.507693	N/A	0.697369	0.583746	0.520126	0.544748	0.516446	0.534433	0.514797
OG0007463	0.756301	0.54662	0.54662	0.055018	0.56891	0.555086	1.35421e-07	0.507693	0.0115245	N/A	0.697369	0.583746	0.520126	0.544748	0.516446	0.534433	0.514797
OG0007471	0.756301	0.54662	0.54662	0.055018	0.56891	0.555086	5.93541e-06	0.507693	0.507693	N/A	0.697369	0.583746	0.520126	0.544748	0.516446	0.534433	0.514797
OG0007472	0.756301	0.54662	0.54662	0.605212	0.56891	0.555086	0.0228047	0.515209	3.16239e-05	N/A	0.697369	0.583746	0.520126	0.544748	0.516446	0.017502	0.52894
OG0007484	0.756301	1.23973e-07	0.0693598	0.154715	0.56891	0.555086	0.0337031	0.507693	0.0115245	N/A	0.697369	0.583746	0.520126	0.544748	0.516446	0.534433	0.514797
OG0007485	0.756301	0.0693598	5.43484e-05	0.154715	0.00254048	0.0818261	0.0337031	2.98185e-05	0.0115245	N/A	0.697369	0.583746	0.520126	0.544748	0.516446	0.534433	0.514797
OG0007599	0.756301	0.5	0.5	0.154715	0.0120187	0.0565411	0.0337031	0.0115245	0.507693	N/A	0.697369	0.123702	0.520126	0.0228501	0.532084	0.0980681	0.514797
OG0007601	0.756301	0.5	0.5	0.605212	0.62392	0.601244	0.543596	0.507693	0.0115245	N/A	0.697369	0.123702	0.520126	0.0228501	0.532084	0.565351	0.0434127
OG0007639	0.756301	0.00113794	0.54662	0.605212	0.0355493	0.0818261	0.522556	0.507693	0.00386114	N/A	0.697369	0.583746	0.520126	0.544748	0.516446	0.534433	0.514797
OG0007641	0.756301	0.0693598	2.59571e-06	0.605212	0.56891	0.555086	0.522556	0.507693	0.507693	N/A	0.697369	0.583746	0.520126	0.544748	0.516446	0.534433	0.514797
OG0007657	0.756301	0.0238258	0.54662	0.154715	0.56891	0.0282556	0.522556	0.507693	0.0115245	N/A	0.697369	0.583746	0.520126	0.544748	0.516446	0.534433	0.514797
OG0007659	0.756301	0.0693598	0.54662	0.055018	0.56891	0.555086	0.543596	0.515209	3.16239e-05	N/A	0.697369	0.583746	0.520126	0.544748	0.516446	0.017502	0.52894
OG0007696	0.756301	1.23973e-07	0.54662	0.154715	0.56891	0.555086	0.522556	0.507693	0.0115245	N/A	0.697369	0.583746	0.520126	0.544748	0.516446	0.534433	0.514797
OG0007702	0.756301	0.0238258	0.54662	0.605212	0.0355493	0.0282556	0.0337031	0.507693	0.0115245	N/A	0.697369	0.583746	0.520126	0.544748	0.516446	0.534433	0.514797
OG0007715	0.83681	0.586825	0.586825	0.678483	0.0120187	0.0818261	0.522556	0.507693	0.0115245	N/A	0.786996	0.64708	0.539044	0.583581	0.0481312	0.534433	0.514797
OG0007784	0.756301	2.59571e-06	0.54662	0.605212	0.56891	0.555086	0.522556	0.507693	0.0115245	N/A	0.697369	0.583746	0.520126	0.544748	0.516446	0.534433	0.514797
OG0007787	0.00390711	0.586825	1.20056e-05	0.605212	0.5	0.5	0.5	0.5	0.5	N/A	0.786996	0.64708	0.0585747	0.066597	0.5	0.5	0.5
OG0007788	0.137178	2.59571e-06	0.54662	0.605212	0.0355493	0.0818261	0.522556	0.0115245	0.507693	N/A	0.697369	0.583746	0.520126	0.544748	0.516446	0.534433	0.514797
OG0007805	0.756301	0.54662	0.54662	0.605212	0.0355493	0.555086	0.000260145	0.0115245	0.507693	N/A	0.697369	0.583746	0.520126	0.544748	0.516446	0.534433	0.514797
OG0007830	0.756301	0.5	0.5	0.605212	0.102088	0.555086	0.0337031	0.0115245	1.37341e-11	N/A	0.697369	0.123702	0.520126	0.544748	0.516446	0.534433	0.514797
OG0007852	0.137178	0.54662	0.00113794	0.154715	0.0355493	0.0818261	0.522556	0.00386114	0.0115245	N/A	0.697369	0.583746	0.520126	0.544748	0.516446	0.534433	0.514797
OG0007873	0.756301	5.43484e-05	0.54662	0.055018	0.56891	0.555086	0.0337031	0.507693	0.507693	N/A	0.697369	0.583746	0.520126	0.544748	0.516446	0.534433	0.514797
OG0007886	0.756301	0.54662	0.0238258	0.154715	0.0355493	0.0818261	0.543596	0.515209	0.515209	N/A	0.697369	0.583746	0.520126	0.544748	0.516446	0.017502	0.52894
OG0007892	0.137178	0.0238258	0.54662	0.605212	0.56891	0.555086	0.522556	0.0115245	0.00386114	N/A	0.697369	0.583746	0.520126	0.544748	0.516446	0.534433	0.514797
OG0007899	0.756301	2.59571e-06	0.54662	0.605212	0.56891	0.0818261	0.522556	0.507693	0.507693	N/A	0.697369	0.583746	0.520126	0.544748	0.516446	0.534433	0.514797
OG0007908	0.756301	0.0238258	0.54662	0.605212	0.56891	0.555086	5.93541e-06	0.507693	0.0115245	N/A	0.697369	0.583746	0.520126	0.544748	0.516446	0.534433	0.514797
OG0007918	0.756301	0.54662	0.54662	0.605212	0.56891	0.555086	1.35421e-07	0.507693	0.0115245	N/A	0.697369	0.583746	0.520126	0.544748	0.516446	0.534433	0.514797
OG0007921	0.756301	2.59571e-06	0.54662	0.605212	0.56891	0.555086	0.522556	0.0115245	0.507693	N/A	0.697369	0.583746	0.520126	0.544748	0.516446	0.534433	0.514797
OG0007928	0.756301	0.0693598	0.54662	0.605212	0.56891	0.555086	0.543596	0.515209	3.16239e-05	N/A	0.697369	0.583746	0.520126	0.544748	0.516446	0.017502	0.52894
OG0007973	0.756301	5.43484e-05	0.54662	0.605212	0.56891	0.555086	0.522556	0.507693	0.0115245	N/A	0.697369	0.583746	0.520126	0.544748	0.516446	0.534433	0.514797
OG0007996	0.756301	0.54662	0.0238258	0.055018	0.56891	0.0818261	0.522556	0.00386114	0.507693	N/A	0.697369	0.583746	0.520126	0.544748	0.516446	0.534433	0.514797
OG0008094	0.756301	0.0238258	0.54662	0.605212	0.00254048	0.555086	0.011402	0.507693	0.0115245	N/A	0.697369	0.583746	0.520126	0.544748	0.516446	0.534433	0.514797
OG0008130	0.756301	0.00113794	0.54662	0.605212	0.56891	0.555086	0.011402	0.507693	0.0115245	N/A	0.697369	0.583746	0.520126	0.544748	0.516446	0.534433	0.514797
OG0008148	0.756301	0.54662	0.0238258	7.61003e-05	0.56891	0.0818261	0.522556	0.507693	0.00386114	N/A	0.697369	0.583746	0.520126	0.544748	0.516446	0.534433	0.514797
OG0008173	0.756301	2.59571e-06	0.54662	0.154715	0.56891	0.555086	0.522556	0.507693	0.507693	N/A	0.697369	0.583746	0.520126	0.544748	0.516446	0.534433	0.514797
OG0008180	0.756301	0.54662	0.0238258	0.605212	0.56891	0.555086	0.522556	0.00386114	0.0115245	N/A	0.697369	0.583746	0.520126	0.544748	0.516446	0.534433	0.514797
OG0008183	0.756301	2.59571e-06	0.54662	0.605212	0.56891	0.555086	0.522556	0.0115245	0.507693	N/A	0.697369	0.583746	0.520126	0.544748	0.516446	0.534433	0.514797
OG0008199	0.137178	0.54662	0.54662	0.154715	0.56891	0.555086	0.522556	0.00386114	0.0115245	N/A	0.697369	0.583746	0.520126	0.544748	0.516446	0.534433	0.514797
OG0008218	0.756301	0.00113794	0.54662	0.605212	0.56891	0.555086	0.011402	0.507693	0.0115245	N/A	0.697369	0.583746	0.520126	0.544748	0.516446	0.534433	0.514797
OG0008221	0.756301	0.0238258	0.54662	0.154715	0.56891	0.555086	0.000260145	0.507693	0.507693	N/A	0.697369	0.583746	0.520126	0.544748	0.516446	0.534433	0.514797
OG0008230	0.756301	2.59571e-06	0.54662	0.154715	0.56891	0.555086	0.522556	0.507693	0.507693	N/A	0.697369	0.583746	0.520126	0.544748	0.516446	0.534433	0.514797
OG0008249	0.756301	0.586825	0.00548055	0.605212	0.56891	0.555086	0.522556	0.507693	0.0115245	N/A	0.697369	0.0434549	0.520126	0.544748	0.516446	0.534433	0.514797
OG0008250	0.756301	2.59571e-06	0.54662	0.605212	0.56891	0.555086	0.522556	0.0115245	0.507693	N/A	0.697369	0.583746	0.520126	0.544748	0.516446	0.534433	0.514797
OG0008262	0.137178	0.54662	0.0238258	0.605212	0.0355493	0.555086	0.0337031	0.507693	0.0115245	N/A	0.697369	0.583746	0.520126	0.544748	0.516446	0.534433	0.514797
OG0008305	0.756301	5.43484e-05	0.54662	0.605212	0.56891	0.555086	0.522556	0.507693	0.0115245	N/A	0.697369	0.583746	0.520126	0.544748	0.516446	0.534433	0.514797
OG0008351	0.756301	5.43484e-05	0.54662	0.605212	0.56891	0.555086	0.0337031	0.507693	0.507693	N/A	0.697369	0.583746	0.520126	0.544748	0.516446	0.534433	0.514797
OG0008529	0.0815	0.54662	0.54662	0.110464	0.62392	0.00222918	0.543596	0.5	0.5	N/A	0.786996	0.221248	0.539044	0.583581	0.532084	0.565351	0.000123837
OG0008552	0.756301	0.5	0.5	0.154715	0.0355493	0.555086	0.0337031	0.515209	0.515209	N/A	0.697369	0.123702	0.520126	0.544748	0.516446	0.534433	0.00745219
OG0008554	0.756301	0.0238258	0.54662	0.605212	0.00254048	0.555086	0.522556	0.507693	0.0115245	N/A	0.697369	0.583746	0.520126	0.544748	0.516446	0.534433	0.514797
OG0008557	0.756301	0.0238258	0.54662	0.154715	0.0355493	0.0818261	0.543596	0.0228136	0.515209	N/A	0.697369	0.583746	0.520126	0.544748	0.516446	0.017502	0.52894
OG0008572	0.756301	0.0238258	0.54662	0.154715	0.0355493	0.555086	0.522556	0.507693	0.0115245	N/A	0.697369	0.583746	0.520126	0.544748	0.516446	0.534433	0.514797
OG0008587	0.756301	0.0693598	0.54662	0.605212	0.0355493	0.0818261	0.0337031	0.515209	0.515209	N/A	0.697369	0.583746	0.520126	0.544748	0.516446	0.534433	0.00745219
OG0008592	0.756301	2.59571e-06	0.0693598	0.154715	0.00254048	0.555086	0.0337031	0.507693	0.0115245	N/A	0.697369	0.583746	0.520126	0.544748	0.516446	0.534433	0.514797
OG0008601	0.000153275	0.5	0.5	7.61003e-05	0.5	0.5	0.5	0.5	0.5	N/A	0.439614	0.123702	0.520126	0.066597	0.5	0.5	0.5
OG0008608	0.756301	0.0476668	0.586825	0.678483	0.56891	0.555086	0.0337031	0.507693	0.0115245	N/A	0.105536	0.64708	0.539044	0.125464	0.516446	0.534433	0.514797
OG0008634	0.137178	0.0693598	0.54662	0.154715	0.56891	0.0282556	0.522556	0.507693	0.0115245	N/A	0.697369	0.583746	0.520126	0.544748	0.516446	0.534433	0.514797
OG0008722	5.08771e-05	0.0693598	5.43484e-05	0.5	0.5	0.5	0.5	0.5	0.5	N/A	0.439614	0.583746	0.030085	0.5	0.5	0.5	0.5
OG0008779	0.756301	0.0238258	0.0693598	0.00613007	0.56891	0.555086	0.0337031	0.507693	0.507693	N/A	0.697369	0.583746	0.520126	0.544748	0.516446	0.534433	0.514797
OG0008893	1.67491e-05	0.0693598	0.00113794	0.5	0.5	0.5	0.5	0.5	0.5	N/A	0.439614	0.583746	0.030085	0.5	0.5	0.5	0.5
OG0008906	0.756301	5.43484e-05	0.54662	0.605212	0.56891	0.555086	0.522556	0.507693	0.0115245	N/A	0.697369	0.583746	0.520126	0.544748	0.516446	0.534433	0.514797
OG0009015	0.756301	5.43484e-05	0.54662	0.605212	0.56891	0.555086	0.522556	0.507693	0.0115245	N/A	0.697369	0.583746	0.520126	0.544748	0.516446	0.534433	0.514797
OG0009063	0.756301	0.54662	0.0238258	0.154715	0.56891	0.555086	0.522556	0.00386114	0.0115245	N/A	0.697369	0.583746	0.520126	0.544748	0.516446	0.534433	0.514797
OG0009127	0.0414086	0.586825	0.586825	0.154715	0.56891	0.0818261	0.522556	0.00386114	0.0115245	N/A	0.697369	0.0434549	0.520126	0.544748	0.516446	0.534433	0.514797
OG0009245	0.756301	5.43484e-05	0.54662	0.605212	0.56891	0.555086	0.522556	0.0115245	0.507693	N/A	0.697369	0.583746	0.520126	0.544748	0.516446	0.534433	0.514797
OG0009276	0.756301	2.59571e-06	0.54662	0.605212	0.56891	0.555086	0.522556	0.5	0.5	N/A	0.697369	0.583746	0.520126	0.544748	0.516446	0.534433	0.0221393
OG0009283	0.756301	5.43484e-05	0.54662	0.154715	0.56891	0.555086	0.522556	0.507693	0.0115245	N/A	0.697369	0.583746	0.520126	0.544748	0.516446	0.534433	0.514797
OG0009341	0.756301	0.54662	0.54662	0.605212	0.56891	0.555086	0.543596	0.515209	3.16239e-05	N/A	0.697369	0.583746	0.520126	0.544748	0.516446	0.017502	0.52894
OG0009354	0.756301	0.54662	0.0238258	0.605212	0.56891	0.555086	0.522556	0.00386114	0.0115245	N/A	0.697369	0.583746	0.520126	0.544748	0.516446	0.534433	0.514797
OG0009535	0.756301	2.59571e-06	0.54662	0.605212	0.56891	0.0818261	0.522556	0.507693	0.507693	N/A	0.697369	0.583746	0.520126	0.544748	0.516446	0.534433	0.514797
OG0009590	0.756301	5.43484e-05	0.54662	0.605212	0.56891	0.555086	0.522556	0.0115245	0.507693	N/A	0.697369	0.583746	0.520126	0.544748	0.516446	0.534433	0.514797
OG0009676	0.756301	1.23973e-07	0.54662	0.605212	0.56891	0.0818261	0.522556	0.507693	0.507693	N/A	0.697369	0.583746	0.520126	0.544748	0.516446	0.534433	0.514797
OG0009713	0.756301	0.0238258	0.54662	0.605212	0.56891	0.0818261	0.0337031	0.00386114	0.507693	N/A	0.697369	0.583746	0.520126	0.544748	0.516446	0.534433	0.514797
OG0009721	0.756301	1.35063e-11	0.0693598	0.154715	0.56891	0.0818261	0.0337031	0.507693	0.0115245	N/A	0.697369	0.583746	0.520126	0.544748	0.516446	0.534433	0.514797
OG0009722	0.756301	0.5	0.5	0.154715	0.000181551	0.0818261	0.0337031	2.98185e-05	0.0115245	N/A	0.697369	0.123702	0.520126	0.544748	0.516446	0.534433	0.514797
OG0009723	0.756301	0.5	0.5	0.605212	0.00254048	0.0818261	0.0337031	2.98185e-05	0.0115245	N/A	0.697369	0.123702	0.520126	0.544748	0.516446	0.534433	0.514797
OG0009724	0.756301	0.0693598	0.54662	0.154715	0.56891	0.0282556	0.0337031	0.00386114	0.507693	N/A	0.697369	0.583746	0.520126	0.544748	0.516446	0.534433	0.514797
OG0009944	0.137178	0.5	0.5	0.605212	0.56891	0.0818261	0.543596	0.515209	3.16239e-05	N/A	0.697369	0.123702	0.520126	0.544748	0.516446	0.017502	0.52894
OG0010031	0.756301	0.0693598	0.54662	0.154715	0.56891	0.0282556	0.522556	0.507693	0.0115245	N/A	0.697369	0.583746	0.520126	0.544748	0.516446	0.534433	0.514797
OG0010114	0.756301	0.54662	0.0238258	0.055018	0.56891	0.555086	0.0337031	0.507693	0.0115245	N/A	0.697369	0.583746	0.520126	0.544748	0.516446	0.534433	0.514797
OG0010128	0.00390711	0.0693598	0.54662	0.000683008	0.102088	0.555086	0.5	0.5	0.5	N/A	0.439614	0.583746	0.520126	0.544748	0.516446	0.0513422	0.5
OG0010182	0.0414086	0.0238258	0.54662	0.605212	0.0355493	0.0818261	0.0337031	0.507693	0.507693	N/A	0.697369	0.583746	0.520126	0.544748	0.516446	0.534433	0.514797
OG0010212	0.756301	0.586825	0.586825	0.154715	0.56891	0.0818261	0.522556	0.507693	0.00386114	N/A	0.697369	0.0434549	0.520126	0.544748	0.516446	0.534433	0.514797
OG0010259	0.137178	0.0476668	0.586825	0.605212	0.56891	0.0818261	0.522556	0.507693	0.0115245	N/A	0.697369	0.0434549	0.520126	0.544748	0.516446	0.534433	0.514797
OG0010274	0.756301	0.54662	0.54662	0.154715	0.56891	0.555086	0.543596	3.16239e-05	0.515209	N/A	0.697369	0.583746	0.520126	0.544748	0.516446	0.017502	0.52894
OG0010302	0.83681	0.586825	0.130342	0.678483	0.56891	0.555086	0.0337031	0.507693	0.0115245	N/A	0.786996	0.64708	0.539044	0.125464	0.516446	0.534433	0.514797
OG0010374	0.756301	0.0693598	0.54662	0.055018	0.0355493	0.555086	0.522556	0.507693	0.0115245	N/A	0.697369	0.583746	0.520126	0.544748	0.516446	0.534433	0.514797
OG0010461	0.137178	6.45067e-13	0.54662	0.154715	0.102088	0.0818261	0.522556	0.5	0.5	N/A	0.697369	0.583746	0.520126	0.544748	0.516446	0.534433	0.0221393
OG0010604	0.756301	0.00548055	0.586825	0.605212	0.0355493	0.0818261	0.522556	0.507693	0.0115245	N/A	0.697369	0.0434549	0.520126	0.544748	0.516446	0.534433	0.514797
OG0010780	0.756301	0.0693598	0.54662	0.154715	0.102088	0.0818261	0.522556	0.515209	0.515209	N/A	0.697369	0.583746	0.520126	0.544748	0.516446	0.534433	0.00745219
OG0010839	0.83681	0.586825	0.130342	0.678483	0.56891	0.555086	0.0337031	0.507693	0.0115245	N/A	0.786996	0.64708	0.539044	0.125464	0.516446	0.534433	0.514797
OG0010882	0.756301	0.0693598	0.54662	0.605212	0.00254048	0.555086	0.522556	0.507693	0.0115245	N/A	0.697369	0.583746	0.520126	0.544748	0.516446	0.534433	0.514797
OG0010914	0.137178	0.0693598	0.54662	0.055018	0.0355493	0.0818261	0.0337031	0.00386114	0.0115245	N/A	0.697369	0.583746	0.520126	0.544748	0.516446	0.534433	0.514797
OG0011084	0.137178	0.0238258	0.54662	0.605212	0.0355493	0.555086	0.0337031	0.507693	0.0115245	N/A	0.697369	0.583746	0.520126	0.544748	0.516446	0.534433	0.514797
OG0011171	0.756301	0.54662	0.0693598	0.605212	0.00254048	0.555086	0.522556	0.507693	0.0115245	N/A	0.697369	0.583746	0.520126	0.544748	0.516446	0.534433	0.514797
OG0011181	0.756301	0.0238258	0.54662	0.605212	0.102088	0.0818261	0.0228047	0.515209	3.16239e-05	N/A	0.697369	0.583746	0.520126	0.544748	0.516446	0.017502	0.52894
OG0011226	0.83681	0.586825	0.130342	0.678483	0.56891	0.555086	0.0337031	0.507693	0.0115245	N/A	0.786996	0.64708	0.539044	0.125464	0.516446	0.534433	0.514797
OG0011236	0.756301	0.130342	0.586825	0.678483	0.62392	0.0818261	0.522556	0.507693	0.0115245	N/A	0.105536	0.64708	0.539044	0.583581	0.0481312	0.534433	0.514797
OG0011350	0.137178	0.54662	0.0693598	0.605212	0.56891	0.0818261	0.0337031	0.515209	0.515209	N/A	0.697369	0.583746	0.520126	0.544748	0.516446	0.534433	0.00745219
OG0011359	0.756301	0.54662	0.54662	0.605212	0.56891	0.0818261	0.522556	0.00386114	0.0115245	N/A	0.697369	0.583746	0.520126	0.544748	0.516446	0.534433	0.514797
OG0011570	0.756301	0.130342	0.586825	0.678483	0.62392	0.555086	0.0337031	0.507693	0.0115245	N/A	0.105536	0.64708	0.539044	0.583581	0.0481312	0.534433	0.514797
OG0011644	0.756301	0.0693598	0.54662	0.00613007	0.56891	0.555086	0.522556	0.507693	0.0115245	N/A	0.697369	0.583746	0.520126	0.544748	0.516446	0.534433	0.514797
OG0011808	0.756301	0.5	0.5	0.154715	0.00254048	0.555086	0.0337031	0.00386114	0.507693	N/A	0.697369	0.123702	0.520126	0.544748	0.516446	0.534433	0.514797
OG0011809	0.756301	0.0693598	0.54662	0.154715	0.000181551	0.0818261	0.0337031	2.98185e-05	0.0115245	N/A	0.697369	0.583746	0.520126	0.544748	0.516446	0.534433	0.514797
OG0011810	0.756301	0.5	0.5	0.154715	0.000181551	0.0818261	0.0337031	2.98185e-05	0.0115245	N/A	0.697369	0.123702	0.520126	0.544748	0.516446	0.534433	0.514797
OG0012169	0.756301	0.5	0.5	0.154715	0.102088	0.0818261	0.0337031	0.507693	2.30281e-07	N/A	0.697369	0.123702	0.520126	0.544748	0.516446	0.534433	0.514797
OG0012202	0.756301	0.5	0.5	0.055018	0.102088	0.0818261	0.543596	0.0228136	0.515209	N/A	0.697369	0.123702	0.520126	0.544748	0.516446	0.017502	0.52894
OG0012235	0.756301	5.43484e-05	0.54662	0.605212	0.56891	0.0818261	0.522556	0.507693	0.0115245	N/A	0.697369	0.583746	0.520126	0.544748	0.516446	0.534433	0.514797
OG0012287	0.756301	0.0238258	0.54662	0.055018	0.102088	0.0282556	0.522556	0.5	0.5	N/A	0.697369	0.583746	0.520126	0.544748	0.516446	0.534433	0.0221393
OG0012296	0.137178	0.54662	0.54662	0.605212	0.00254048	0.0818261	0.0337031	0.507693	0.507693	N/A	0.697369	0.583746	0.520126	0.544748	0.516446	0.534433	0.514797
OG0012335	0.137178	0.0238258	0.54662	0.154715	0.102088	0.555086	0.522556	0.507693	0.0115245	N/A	0.697369	0.583746	0.520126	0.544748	0.516446	0.534433	0.514797
OG0012443	0.000457184	0.5	0.5	0.154715	0.102088	0.555086	0.5	0.5	0.5	N/A	0.439614	0.123702	0.520126	0.544748	0.516446	0.0513422	0.5
OG0012454	0.756301	0.54662	0.0238258	0.605212	0.0355493	0.0818261	0.011402	0.0115245	0.507693	N/A	0.697369	0.583746	0.520126	0.544748	0.516446	0.534433	0.514797
OG0012470	0.756301	0.54662	0.54662	0.605212	0.56891	0.555086	0.0337031	0.00386114	0.0115245	N/A	0.697369	0.583746	0.520126	0.544748	0.516446	0.534433	0.514797
OG0012494	0.83681	0.130342	0.586825	0.678483	0.0711731	0.0818261	0.0337031	0.507693	0.0115245	N/A	0.786996	0.64708	0.539044	0.583581	0.0481312	0.534433	0.514797
OG0012509	0.756301	0.00113794	0.54662	0.154715	0.56891	0.555086	0.522556	0.0115245	0.507693	N/A	0.697369	0.583746	0.520126	0.544748	0.516446	0.534433	0.514797
OG0012511	0.137178	0.54662	0.54662	0.00613007	0.56891	0.0818261	0.522556	0.507693	0.0115245	N/A	0.697369	0.583746	0.520126	0.544748	0.516446	0.534433	0.514797
OG0012573	0.756301	0.0238258	0.54662	0.055018	0.56891	0.555086	0.0337031	0.507693	0.0115245	N/A	0.697369	0.583746	0.520126	0.544748	0.516446	0.534433	0.514797
OG0012584	0.756301	0.586825	0.130342	0.110464	0.62392	0.0818261	0.0337031	0.507693	0.0115245	N/A	0.105536	0.64708	0.539044	0.583581	0.0481312	0.534433	0.514797
OG0012594	0.756301	0.0693598	0.54662	0.605212	0.56891	0.0282556	0.0337031	0.507693	0.0115245	N/A	0.697369	0.583746	0.520126	0.544748	0.516446	0.534433	0.514797
OG0012602	0.756301	0.54662	0.54662	0.154715	0.0355493	0.0818261	0.522556	0.507693	0.00386114	N/A	0.697369	0.583746	0.520126	0.544748	0.516446	0.534433	0.514797
OG0012720	0.756301	0.54662	0.54662	0.605212	0.56891	0.0818261	5.93541e-06	0.507693	0.507693	N/A	0.697369	0.583746	0.520126	0.544748	0.516446	0.534433	0.514797
OG0012749	0.756301	0.54662	0.54662	0.055018	0.0355493	0.555086	0.0337031	0.507693	0.0115245	N/A	0.697369	0.583746	0.520126	0.544748	0.516446	0.534433	0.514797
OG0012752	0.756301	0.130342	0.586825	0.678483	0.62392	0.0818261	0.0337031	0.00386114	0.0115245	N/A	0.105536	0.64708	0.539044	0.583581	0.0481312	0.534433	0.514797
OG0012771	0.756301	0.54662	0.54662	0.605212	0.000181551	0.555086	0.522556	0.5	0.5	N/A	0.697369	0.583746	0.520126	0.544748	0.516446	0.534433	0.0221393
OG0012783	0.756301	0.586825	0.0476668	0.154715	0.56891	0.0818261	0.522556	0.507693	0.0115245	N/A	0.697369	0.0434549	0.520126	0.544748	0.516446	0.534433	0.514797
OG0012838	0.756301	0.54662	0.54662	0.154715	0.56891	0.0282556	0.0337031	0.507693	0.0115245	N/A	0.697369	0.583746	0.520126	0.544748	0.516446	0.534433	0.514797
OG0013033	0.756301	0.0238258	0.54662	0.055018	0.102088	0.555086	0.0337031	0.507693	0.0115245	N/A	0.697369	0.583746	0.520126	0.544748	0.516446	0.534433	0.514797
OG0013077	0.137178	0.00113794	0.54662	0.605212	0.56891	0.555086	0.0337031	0.507693	0.0115245	N/A	0.697369	0.583746	0.520126	0.544748	0.516446	0.534433	0.514797
OG0013132	0.756301	0.00113794	0.54662	0.605212	0.56891	0.555086	0.0337031	0.507693	0.0115245	N/A	0.697369	0.583746	0.520126	0.544748	0.516446	0.534433	0.514797
OG0013224	0.756301	0.54662	0.0238258	0.055018	0.56891	0.555086	0.0337031	0.507693	0.0115245	N/A	0.697369	0.583746	0.520126	0.544748	0.516446	0.534433	0.514797
OG0013994	0.756301	0.54662	0.0693598	0.055018	0.000181551	0.555086	0.5	0.5	0.5	N/A	0.697369	0.583746	0.520126	0.544748	0.516446	0.0513422	0.5
OG0014020	0.137178	0.0693598	0.0238258	0.154715	0.56891	0.555086	0.0337031	0.507693	0.0115245	N/A	0.697369	0.583746	0.520126	0.544748	0.516446	0.534433	0.514797
OG0014023	0.137178	0.0693598	0.54662	0.154715	0.0355493	0.555086	0.522556	0.0115245	0.507693	N/A	0.697369	0.583746	0.520126	0.544748	0.516446	0.534433	0.514797
OG0014042	0.756301	0.586825	0.130342	0.678483	0.62392	0.0818261	0.0337031	0.507693	0.0115245	N/A	0.105536	0.64708	0.539044	0.583581	0.0481312	0.534433	0.514797
OG0014052	0.756301	5.43484e-05	0.54662	0.605212	0.56891	0.555086	0.522556	0.5	0.5	N/A	0.697369	0.583746	0.520126	0.544748	0.516446	0.534433	0.0221393
OG0014072	0.137178	2.82791e-10	0.54662	0.605212	0.5	0.5	0.5	0.5	0.5	N/A	0.697369	0.583746	0.520126	0.066597	0.5	0.5	0.5
OG0014137	0.756301	0.54662	0.00113794	0.605212	0.0355493	0.555086	0.0337031	0.507693	0.0115245	N/A	0.697369	0.583746	0.520126	0.544748	0.516446	0.534433	0.514797
OG0014149	0.756301	0.0238258	0.54662	0.154715	0.56891	0.555086	0.0337031	0.507693	0.0115245	N/A	0.697369	0.583746	0.520126	0.544748	0.516446	0.534433	0.514797
OG0014153	0.00134698	0.5	0.5	0.605212	0.102088	0.0818261	0.522556	0.507693	0.0115245	N/A	0.439614	0.123702	0.520126	0.544748	0.516446	0.534433	0.514797
OG0014195	0.756301	0.0238258	0.54662	0.154715	0.56891	0.555086	0.0337031	0.507693	0.0115245	N/A	0.697369	0.583746	0.520126	0.544748	0.516446	0.534433	0.514797
OG0014213	0.756301	0.0693598	0.54662	0.154715	0.56891	0.555086	0.011402	0.507693	0.0115245	N/A	0.697369	0.583746	0.520126	0.544748	0.516446	0.534433	0.514797
OG0014278	0.137178	0.5	0.5	0.154715	0.00254048	0.0818261	0.0337031	0.00386114	0.0115245	N/A	0.697369	0.123702	0.520126	0.544748	0.516446	0.534433	0.514797
OG0014281	0.756301	0.54662	0.54662	0.055018	0.0355493	0.0818261	0.522556	0.507693	0.0115245	N/A	0.697369	0.583746	0.520126	0.544748	0.516446	0.534433	0.514797
OG0014356	0.756301	0.0238258	0.54662	0.605212	0.00254048	0.0818261	0.522556	0.507693	0.0115245	N/A	0.697369	0.583746	0.520126	0.544748	0.516446	0.534433	0.514797
OG0014358	0.756301	0.54662	0.54662	0.154715	0.00254048	0.555086	0.522556	0.0115245	0.507693	N/A	0.697369	0.583746	0.520126	0.544748	0.516446	0.534433	0.514797
OG0014375	0.0414086	0.5	0.5	0.154715	0.102088	0.00160191	0.522556	0.5	0.5	N/A	0.697369	0.123702	0.520126	0.544748	0.516446	0.534433	0.0221393
OG0014376	0.756301	0.5	0.5	0.154715	0.56891	0.00160191	0.5	0.5	0.5	N/A	0.697369	0.123702	0.520126	0.544748	0.516446	0.0513422	0.5
OG0014424	0.137178	0.0238258	0.0693598	0.154715	0.56891	0.555086	0.0337031	0.507693	0.0115245	N/A	0.697369	0.583746	0.520126	0.544748	0.516446	0.534433	0.514797
OG0014431	0.137178	0.0238258	0.54662	0.605212	0.102088	0.555086	0.0337031	0.507693	0.0115245	N/A	0.697369	0.583746	0.520126	0.544748	0.516446	0.534433	0.514797
OG0014435	0.756301	0.0693598	0.54662	0.154715	0.56891	0.0282556	0.0337031	0.507693	0.0115245	N/A	0.697369	0.583746	0.520126	0.544748	0.516446	0.534433	0.514797
OG0014509	0.756301	0.54662	0.54662	0.055018	0.0355493	0.0818261	0.0337031	0.00386114	0.0115245	N/A	0.697369	0.583746	0.520126	0.544748	0.516446	0.534433	0.514797
OG0014512	0.756301	0.54662	0.54662	0.055018	0.0355493	0.555086	0.0337031	0.507693	0.0115245	N/A	0.697369	0.583746	0.520126	0.544748	0.516446	0.534433	0.514797
OG0014516	0.756301	5.43484e-05	0.54662	0.154715	0.56891	0.0818261	0.522556	0.507693	0.0115245	N/A	0.697369	0.583746	0.520126	0.544748	0.516446	0.534433	0.514797
OG0014535	0.756301	0.0693598	0.54662	0.605212	0.56891	0.555086	0.0337031	0.507693	0.0115245	N/A	0.697369	0.583746	0.520126	0.544748	0.516446	0.534433	0.514797
OG0014575	0.756301	0.5	0.5	0.00613007	0.102088	0.0818261	0.0337031	0.00386114	0.0115245	N/A	0.697369	0.123702	0.520126	0.544748	0.516446	0.534433	0.514797
OG0014629	0.756301	0.5	0.5	0.154715	0.102088	0.555086	0.0337031	0.507693	0.00386114	N/A	0.697369	0.123702	0.520126	0.544748	0.516446	0.534433	0.514797
OG0014630	0.756301	0.5	0.5	0.605212	0.0355493	0.0818261	0.0337031	2.98185e-05	0.0115245	N/A	0.697369	0.123702	0.520126	0.544748	0.516446	0.534433	0.514797
OG0015107	0.756301	0.5	0.5	0.055018	0.102088	0.0818261	0.0012774	3.16239e-05	0.515209	N/A	0.697369	0.123702	0.520126	0.544748	0.516446	0.017502	0.52894
OG0015116	0.756301	0.0238258	0.54662	0.154715	0.56891	0.555086	0.0337031	0.507693	0.0115245	N/A	0.697369	0.583746	0.520126	0.544748	0.516446	0.534433	0.514797
OG0015119	0.756301	0.0693598	0.54662	0.605212	0.0355493	0.0818261	0.522556	0.507693	0.0115245	N/A	0.697369	0.583746	0.520126	0.544748	0.516446	0.534433	0.514797
OG0015131	0.756301	0.0693598	0.54662	0.055018	0.56891	0.555086	0.0337031	0.507693	0.0115245	N/A	0.697369	0.583746	0.520126	0.544748	0.516446	0.534433	0.514797
OG0015134	0.756301	0.0693598	0.54662	0.154715	0.102088	0.555086	0.0337031	0.507693	0.00386114	N/A	0.697369	0.583746	0.520126	0.544748	0.516446	0.534433	0.514797
OG0015200	0.756301	0.54662	0.54662	0.154715	0.56891	0.555086	0.0337031	0.507693	0.0115245	N/A	0.697369	0.583746	0.520126	0.544748	0.516446	0.534433	0.514797
OG0015203	0.756301	0.586825	0.586825	0.154715	0.56891	0.0818261	0.522556	0.507693	0.0115245	N/A	0.697369	0.0434549	0.520126	0.544748	0.516446	0.534433	0.514797
OG0015214	0.756301	0.0693598	0.54662	0.605212	0.56891	0.555086	0.0337031	0.507693	0.0115245	N/A	0.697369	0.583746	0.520126	0.544748	0.516446	0.534433	0.514797
OG0015215	0.756301	0.0693598	0.0238258	0.605212	0.56891	0.555086	0.0337031	0.507693	0.0115245	N/A	0.697369	0.583746	0.520126	0.544748	0.516446	0.534433	0.514797
OG0015245	0.756301	0.130342	0.586825	0.678483	0.62392	0.0818261	0.0337031	0.0115245	0.507693	N/A	0.105536	0.64708	0.539044	0.583581	0.0481312	0.534433	0.514797
OG0015265	0.83681	0.130342	0.586825	0.678483	0.62392	0.0818261	0.0337031	0.507693	0.0115245	N/A	0.786996	0.64708	0.539044	0.583581	0.0481312	0.534433	0.514797
OG0015270	0.756301	0.0238258	0.54662	0.605212	0.102088	0.555086	0.0337031	0.507693	0.0115245	N/A	0.697369	0.583746	0.520126	0.544748	0.516446	0.534433	0.514797
OG0015275	0.756301	0.0693598	0.54662	0.605212	0.56891	0.555086	0.0337031	0.507693	0.0115245	N/A	0.697369	0.583746	0.520126	0.544748	0.516446	0.534433	0.514797
OG0015288	0.756301	0.5	0.5	0.605212	0.102088	0.0818261	0.522556	0.00386114	0.507693	N/A	0.697369	0.123702	0.520126	0.544748	0.516446	0.534433	0.514797
OG0015293	0.756301	0.0238258	0.0693598	0.605212	0.56891	0.555086	0.0337031	0.507693	0.0115245	N/A	0.697369	0.583746	0.520126	0.544748	0.516446	0.534433	0.514797
OG0015314	0.756301	0.54662	0.54662	0.154715	0.56891	0.0818261	0.011402	0.507693	0.0115245	N/A	0.697369	0.583746	0.520126	0.544748	0.516446	0.534433	0.514797
OG0015315	0.756301	0.0238258	0.54662	0.154715	0.56891	0.555086	0.0337031	0.0115245	0.507693	N/A	0.697369	0.583746	0.520126	0.544748	0.516446	0.534433	0.514797
OG0015317	0.756301	0.0693598	0.54662	0.605212	0.56891	0.555086	0.0337031	0.507693	0.0115245	N/A	0.697369	0.583746	0.520126	0.544748	0.516446	0.534433	0.514797
OG0015321	0.756301	0.54662	0.54662	0.154715	0.56891	0.555086	0.0337031	0.507693	0.0115245	N/A	0.697369	0.583746	0.520126	0.544748	0.516446	0.534433	0.514797
OG0015358	0.756301	0.0693598	0.54662	0.605212	0.56891	0.555086	0.0337031	0.507693	0.0115245	N/A	0.697369	0.583746	0.520126	0.544748	0.516446	0.534433	0.514797
OG0015362	0.756301	0.0238258	0.0693598	0.605212	0.102088	0.555086	0.522556	0.507693	0.0115245	N/A	0.697369	0.583746	0.520126	0.544748	0.516446	0.534433	0.514797
OG0015384	0.756301	0.0693598	0.00113794	0.154715	0.0355493	0.0818261	0.0337031	0.00386114	0.0115245	N/A	0.697369	0.583746	0.520126	0.544748	0.516446	0.534433	0.514797
OG0015806	0.756301	0.5	0.5	0.055018	1.29743e-05	0.5	0.5	0.5	0.5	N/A	0.697369	0.123702	0.520126	0.544748	0.0245998	0.5	0.5
OG0015808	0.137178	0.0693598	0.54662	0.154715	0.102088	0.0818261	3.08974e-09	0.5	0.5	N/A	0.697369	0.583746	0.520126	0.544748	0.516446	0.534433	0.0221393
OG0015810	0.030694	0.5	0.5	0.605212	0.102088	0.0818261	0.522556	0.507693	0.0115245	N/A	0.439614	0.123702	0.520126	0.544748	0.516446	0.534433	0.514797
OG0015816	0.0414086	0.5	0.5	0.605212	0.102088	0.0818261	0.0337031	0.0115245	2.98185e-05	N/A	0.697369	0.123702	0.520126	0.544748	0.516446	0.534433	0.514797
OG0015828	0.137178	0.54662	0.54662	0.154715	0.56891	0.0818261	0.0337031	0.507693	0.0115245	N/A	0.697369	0.583746	0.520126	0.544748	0.516446	0.534433	0.514797
OG0015843	0.756301	0.54662	0.54662	0.154715	0.56891	0.555086	0.0337031	0.507693	0.0115245	N/A	0.697369	0.583746	0.520126	0.544748	0.516446	0.534433	0.514797
OG0015844	0.756301	0.54662	0.54662	0.154715	0.56891	0.555086	0.0337031	0.507693	0.0115245	N/A	0.697369	0.583746	0.520126	0.544748	0.516446	0.534433	0.514797
OG0015848	0.756301	0.54662	0.54662	0.154715	0.56891	0.555086	0.0337031	0.0115245	0.507693	N/A	0.697369	0.583746	0.520126	0.544748	0.516446	0.534433	0.514797
OG0015850	0.137178	0.54662	0.54662	0.154715	0.0355493	0.0818261	0.0337031	0.507693	0.0115245	N/A	0.697369	0.583746	0.520126	0.544748	0.516446	0.534433	0.514797
OG0015855	0.756301	0.0693598	0.00113794	0.605212	0.56891	0.0818261	0.522556	0.0115245	0.507693	N/A	0.697369	0.583746	0.520126	0.544748	0.516446	0.534433	0.514797
OG0015857	0.756301	0.54662	0.54662	0.154715	0.56891	0.555086	0.0337031	0.507693	0.0115245	N/A	0.697369	0.583746	0.520126	0.544748	0.516446	0.534433	0.514797
OG0015863	0.756301	0.0238258	0.54662	0.154715	0.56891	0.0818261	0.522556	0.507693	0.0115245	N/A	0.697369	0.583746	0.520126	0.544748	0.516446	0.534433	0.514797
OG0015867	0.756301	0.5	0.5	0.154715	0.102088	0.0818261	1.35421e-07	0.507693	0.507693	N/A	0.697369	0.123702	0.520126	0.544748	0.516446	0.534433	0.514797
OG0015878	0.756301	0.0238258	0.54662	0.154715	0.56891	0.0818261	0.522556	0.507693	0.0115245	N/A	0.697369	0.583746	0.520126	0.544748	0.516446	0.534433	0.514797
OG0015893	0.756301	0.0238258	0.54662	0.154715	0.56891	0.0818261	0.522556	0.507693	0.0115245	N/A	0.697369	0.583746	0.520126	0.544748	0.516446	0.534433	0.514797
OG0015895	0.756301	0.54662	0.0693598	0.605212	0.102088	0.0818261	0.011402	0.507693	0.0115245	N/A	0.697369	0.583746	0.520126	0.544748	0.516446	0.534433	0.514797
OG0015900	0.756301	0.0238258	0.54662	0.605212	0.56891	0.0818261	0.0337031	0.507693	0.0115245	N/A	0.697369	0.583746	0.520126	0.544748	0.516446	0.534433	0.514797
OG0015902	0.756301	0.0693598	0.54662	0.605212	0.56891	0.0818261	0.522556	0.507693	0.0115245	N/A	0.697369	0.583746	0.520126	0.544748	0.516446	0.534433	0.514797
OG0015910	0.756301	0.0693598	0.54662	0.605212	0.56891	0.555086	0.0337031	0.507693	0.0115245	N/A	0.697369	0.583746	0.520126	0.544748	0.516446	0.534433	0.514797
OG0015925	0.756301	0.54662	0.00113794	7.61003e-05	0.5	0.5	0.5	0.5	0.5	N/A	0.697369	0.583746	0.520126	0.066597	0.5	0.5	0.5
OG0015932	0.756301	0.0693598	0.54662	0.605212	0.0355493	0.0818261	0.522556	0.507693	0.0115245	N/A	0.697369	0.583746	0.520126	0.544748	0.516446	0.534433	0.514797
OG0015936	0.756301	0.0693598	0.54662	0.605212	0.56891	0.555086	0.0337031	0.507693	0.0115245	N/A	0.697369	0.583746	0.520126	0.544748	0.516446	0.534433	0.514797
OG0015947	0.756301	0.0693598	0.0238258	0.154715	0.0355493	0.555086	0.0337031	0.507693	0.0115245	N/A	0.697369	0.583746	0.520126	0.544748	0.516446	0.534433	0.514797
OG0015951	0.756301	0.5	0.5	0.154715	0.00254048	0.0282556	0.5	0.5	0.5	N/A	0.697369	0.123702	0.520126	0.544748	0.516446	0.0513422	0.5
OG0015953	0.756301	0.5	0.5	0.605212	0.0355493	0.0818261	0.0337031	0.00386114	0.0115245	N/A	0.697369	0.123702	0.520126	0.544748	0.516446	0.534433	0.514797
OG0016261	0.756301	0.0693598	0.0238258	0.154715	0.56891	0.555086	0.011402	0.5	0.5	N/A	0.697369	0.583746	0.520126	0.544748	0.516446	0.534433	0.0221393
OG0016264	0.137178	0.54662	0.54662	0.154715	0.102088	0.0818261	0.522556	0.507693	0.0115245	N/A	0.697369	0.583746	0.520126	0.544748	0.516446	0.534433	0.514797
OG0016265	0.137178	0.5	0.5	0.154715	0.102088	0.0818261	0.0337031	0.507693	0.507693	N/A	0.697369	0.123702	0.520126	0.544748	0.516446	0.534433	0.514797
OG0016266	0.756301	0.0693598	0.54662	0.605212	0.56891	0.0818261	0.0337031	0.00386114	0.0115245	N/A	0.697369	0.583746	0.520126	0.544748	0.516446	0.534433	0.514797
OG0016276	0.756301	2.59571e-06	0.54662	0.605212	0.56891	0.5	0.5	0.5	0.5	N/A	0.697369	0.583746	0.520126	0.544748	0.0245998	0.5	0.5
OG0016282	0.756301	0.54662	0.54662	0.605212	0.56891	0.0818261	0.0337031	0.507693	0.0115245	N/A	0.697369	0.583746	0.520126	0.544748	0.516446	0.534433	0.514797
OG0016294	0.756301	0.5	0.5	0.154715	0.102088	0.0818261	0.0337031	0.00386114	0.0115245	N/A	0.697369	0.123702	0.520126	0.544748	0.516446	0.534433	0.514797
OG0016295	0.756301	0.54662	0.54662	0.605212	0.102088	0.0818261	0.011402	0.507693	0.0115245	N/A	0.697369	0.583746	0.520126	0.544748	0.516446	0.534433	0.514797
OG0016304	0.756301	0.0693598	0.0238258	0.055018	0.56891	0.0818261	0.522556	0.507693	0.0115245	N/A	0.697369	0.583746	0.520126	0.544748	0.516446	0.534433	0.514797
OG0016305	0.137178	0.0238258	0.0693598	0.605212	0.56891	0.0818261	0.0337031	0.507693	0.0115245	N/A	0.697369	0.583746	0.520126	0.544748	0.516446	0.534433	0.514797
OG0016307	0.756301	2.59571e-06	0.0693598	0.154715	0.102088	0.0818261	0.0337031	0.0115245	0.00386114	N/A	0.697369	0.583746	0.520126	0.544748	0.516446	0.534433	0.514797
OG0016313	0.137178	0.0693598	0.54662	0.154715	0.102088	0.555086	0.0337031	0.507693	0.0115245	N/A	0.697369	0.583746	0.520126	0.544748	0.516446	0.534433	0.514797
OG0016316	0.756301	0.00113794	0.54662	0.154715	0.56891	0.0818261	0.0337031	0.507693	0.0115245	N/A	0.697369	0.583746	0.520126	0.544748	0.516446	0.534433	0.514797
OG0016327	0.756301	0.5	0.5	1.05261e-07	0.5	0.5	0.5	0.5	0.5	N/A	0.697369	0.123702	0.520126	0.066597	0.5	0.5	0.5
OG0016329	0.756301	0.0693598	0.54662	0.154715	0.56891	0.0818261	0.0337031	0.507693	0.00386114	N/A	0.697369	0.583746	0.520126	0.544748	0.516446	0.534433	0.514797
OG0016330	0.756301	0.0238258	0.0693598	0.154715	0.102088	0.0818261	0.0337031	0.507693	0.00386114	N/A	0.697369	0.583746	0.520126	0.544748	0.516446	0.534433	0.514797
OG0016602	0.756301	0.5	0.5	0.055018	0.56891	0.0818261	0.522556	0.507693	0.0115245	N/A	0.697369	0.123702	0.520126	0.544748	0.516446	0.534433	0.514797
OG0016610	0.756301	0.0238258	0.54662	0.154715	0.56891	0.0818261	0.0337031	0.507693	0.0115245	N/A	0.697369	0.583746	0.520126	0.544748	0.516446	0.534433	0.514797
OG0016614	0.756301	0.54662	0.54662	0.154715	0.56891	0.0818261	0.0337031	0.507693	0.0115245	N/A	0.697369	0.583746	0.520126	0.544748	0.516446	0.534433	0.514797
OG0016615	0.756301	0.0693598	0.54662	0.605212	0.102088	0.0818261	0.522556	0.507693	0.0115245	N/A	0.697369	0.583746	0.520126	0.544748	0.516446	0.534433	0.514797
OG0016616	0.756301	0.0238258	0.0693598	0.605212	0.102088	0.0818261	0.0337031	0.507693	0.0115245	N/A	0.697369	0.583746	0.520126	0.544748	0.516446	0.534433	0.514797
OG0016624	0.137178	0.5	0.5	0.055018	0.102088	0.0818261	0.0337031	0.507693	0.507693	N/A	0.697369	0.123702	0.520126	0.544748	0.516446	0.534433	0.514797
OG0016628	0.756301	0.54662	0.54662	0.605212	0.56891	0.0818261	0.0337031	0.507693	0.0115245	N/A	0.697369	0.583746	0.520126	0.544748	0.516446	0.534433	0.514797
OG0016633	0.756301	0.0693598	0.54662	0.605212	0.56891	0.0818261	0.0337031	0.507693	0.0115245	N/A	0.697369	0.583746	0.520126	0.544748	0.516446	0.534433	0.514797
OG0016634	0.756301	0.0693598	0.54662	0.154715	0.56891	0.0818261	0.0337031	0.507693	0.507693	N/A	0.697369	0.583746	0.520126	0.544748	0.516446	0.534433	0.514797
OG0016636	0.137178	0.0693598	0.54662	0.605212	0.56891	0.0818261	0.0337031	0.507693	0.0115245	N/A	0.697369	0.583746	0.520126	0.544748	0.516446	0.534433	0.514797
OG0016637	0.756301	0.54662	0.0693598	0.154715	0.56891	0.555086	0.0337031	0.507693	0.0115245	N/A	0.697369	0.583746	0.520126	0.544748	0.516446	0.534433	0.514797
OG0016639	0.756301	0.0693598	0.54662	0.605212	0.56891	0.0818261	0.0337031	0.507693	0.0115245	N/A	0.697369	0.583746	0.520126	0.544748	0.516446	0.534433	0.514797
OG0016642	0.756301	0.0693598	0.0238258	0.605212	0.102088	0.0818261	0.0337031	0.507693	0.507693	N/A	0.697369	0.583746	0.520126	0.544748	0.516446	0.534433	0.514797
OG0016643	0.756301	0.0693598	0.0238258	0.154715	0.56891	0.555086	0.522556	0.5	0.5	N/A	0.697369	0.583746	0.520126	0.544748	0.516446	0.534433	0.0221393
OG0016649	0.756301	0.54662	0.54662	0.605212	0.56891	0.0818261	0.0337031	0.507693	0.0115245	N/A	0.697369	0.583746	0.520126	0.544748	0.516446	0.534433	0.514797
OG0016654	0.756301	0.0693598	0.54662	0.055018	0.56891	0.0818261	0.0337031	0.507693	0.0115245	N/A	0.697369	0.583746	0.520126	0.544748	0.516446	0.534433	0.514797
OG0016657	0.756301	0.0693598	0.54662	0.605212	0.56891	0.0818261	0.522556	0.0115245	0.507693	N/A	0.697369	0.583746	0.520126	0.544748	0.516446	0.534433	0.514797
OG0016658	0.756301	0.5	0.5	0.154715	0.56891	0.0818261	0.0337031	0.00386114	0.0115245	N/A	0.697369	0.123702	0.520126	0.544748	0.516446	0.534433	0.514797
OG0016922	0.756301	0.5	0.5	0.154715	0.56891	0.555086	0.0337031	0.0115245	0.507693	N/A	0.697369	0.123702	0.520126	0.544748	0.516446	0.534433	0.514797
OG0016923	0.756301	0.5	0.5	0.154715	0.102088	0.0282556	0.522556	0.5	0.5	N/A	0.697369	0.123702	0.520126	0.544748	0.516446	0.534433	0.0221393
OG0016924	0.756301	0.0693598	0.54662	0.154715	0.56891	0.0818261	0.522556	0.507693	0.0115245	N/A	0.697369	0.583746	0.520126	0.544748	0.516446	0.534433	0.514797
OG0016933	0.756301	0.54662	0.0693598	0.605212	0.102088	0.0818261	0.522556	0.0115245	0.507693	N/A	0.697369	0.583746	0.520126	0.544748	0.516446	0.534433	0.514797
OG0016940	0.756301	0.0693598	0.54662	0.605212	0.56891	0.0818261	0.522556	0.0115245	0.507693	N/A	0.697369	0.583746	0.520126	0.544748	0.516446	0.534433	0.514797
OG0016950	0.756301	0.0693598	0.54662	0.605212	0.56891	0.0818261	0.0337031	0.507693	0.0115245	N/A	0.697369	0.583746	0.520126	0.544748	0.516446	0.534433	0.514797
OG0016957	0.756301	1.23973e-07	0.0693598	0.5	0.5	0.5	0.5	0.5	0.5	N/A	0.697369	0.583746	0.030085	0.5	0.5	0.5	0.5
OG0016965	0.756301	0.5	0.5	0.154715	0.102088	0.0282556	0.5	0.5	0.5	N/A	0.697369	0.123702	0.520126	0.544748	0.516446	0.0513422	0.5
OG0016967	0.756301	0.0693598	0.54662	0.605212	0.56891	0.0818261	0.0337031	0.507693	0.0115245	N/A	0.697369	0.583746	0.520126	0.544748	0.516446	0.534433	0.514797
OG0016968	0.756301	0.0238258	0.54662	0.154715	0.56891	0.0818261	0.522556	0.5	0.5	N/A	0.697369	0.583746	0.520126	0.544748	0.516446	0.534433	0.0221393
OG0016969	0.756301	0.54662	0.0693598	0.154715	0.102088	0.0818261	5.93541e-06	0.5	0.5	N/A	0.697369	0.583746	0.520126	0.544748	0.516446	0.534433	0.0221393
OG0016973	0.756301	0.5	0.5	0.154715	0.102088	0.0818261	5.93541e-06	0.0115245	0.507693	N/A	0.697369	0.123702	0.520126	0.544748	0.516446	0.534433	0.514797
OG0016977	0.756301	0.54662	0.54662	0.154715	0.102088	0.0818261	0.522556	0.0115245	0.507693	N/A	0.697369	0.583746	0.520126	0.544748	0.516446	0.534433	0.514797
OG0016978	0.756301	0.54662	0.54662	0.605212	0.56891	0.0818261	0.0337031	0.0115245	0.507693	N/A	0.697369	0.583746	0.520126	0.544748	0.516446	0.534433	0.514797
OG0017287	0.0414086	0.00113794	0.0693598	0.5	0.5	0.5	0.5	0.5	0.5	N/A	0.697369	0.583746	0.030085	0.5	0.5	0.5	0.5
OG0017288	0.137178	0.5	0.5	0.055018	0.102088	0.0818261	0.0337031	0.0115245	0.507693	N/A	0.697369	0.123702	0.520126	0.544748	0.516446	0.534433	0.514797
OG0017296	0.756301	0.5	0.5	7.61003e-05	0.5	0.5	0.5	0.5	0.5	N/A	0.697369	0.123702	0.520126	0.066597	0.5	0.5	0.5
OG0017300	0.756301	0.5	0.5	0.605212	0.56891	0.0818261	0.0337031	0.507693	0.0115245	N/A	0.697369	0.123702	0.520126	0.544748	0.516446	0.534433	0.514797
OG0017303	0.756301	0.5	0.5	0.154715	0.102088	0.0282556	0.5	0.5	0.5	N/A	0.697369	0.123702	0.520126	0.544748	0.516446	0.0513422	0.5
OG0017315	0.756301	0.54662	0.0693598	0.154715	0.102088	0.0818261	0.0337031	0.0115245	0.00386114	N/A	0.697369	0.583746	0.520126	0.544748	0.516446	0.534433	0.514797
OG0017322	0.756301	0.5	0.5	0.154715	0.102088	0.555086	0.0337031	0.507693	0.0115245	N/A	0.697369	0.123702	0.520126	0.544748	0.516446	0.534433	0.514797
OG0017331	0.756301	0.5	0.5	0.605212	0.56891	0.0818261	0.0337031	0.507693	0.0115245	N/A	0.697369	0.123702	0.520126	0.544748	0.516446	0.534433	0.514797
OG0017337	0.0815	0.5	0.5	0.154715	0.102088	0.0818261	0.0337031	0.0115245	0.507693	N/A	0.439614	0.123702	0.520126	0.544748	0.516446	0.534433	0.514797
OG0017340	0.756301	0.5	0.5	0.154715	0.56891	0.0818261	0.522556	0.507693	0.0115245	N/A	0.697369	0.123702	0.520126	0.544748	0.516446	0.534433	0.514797
OG0017795	0.756301	0.54662	0.0693598	0.154715	0.102088	0.0818261	0.0337031	0.507693	0.0115245	N/A	0.697369	0.583746	0.520126	0.544748	0.516446	0.534433	0.514797
OG0017799	0.137178	0.5	0.5	0.154715	0.102088	0.0818261	0.011402	0.5	0.5	N/A	0.697369	0.123702	0.520126	0.544748	0.516446	0.534433	0.0221393
OG0017833	0.756301	0.5	0.5	0.154715	0.102088	0.0818261	0.0337031	0.507693	0.0115245	N/A	0.697369	0.123702	0.520126	0.544748	0.516446	0.534433	0.514797
OG0017834	0.756301	0.5	0.5	0.154715	0.102088	0.0818261	0.0337031	0.507693	0.507693	N/A	0.697369	0.123702	0.520126	0.544748	0.516446	0.534433	0.514797
OG0018356	0.756301	0.5	0.5	0.154715	0.56891	0.0818261	0.011402	0.5	0.5	N/A	0.697369	0.123702	0.520126	0.544748	0.516446	0.534433	0.0221393
OG0018364	0.756301	0.5	0.5	0.605212	0.102088	0.0818261	0.011402	0.5	0.5	N/A	0.697369	0.123702	0.520126	0.544748	0.516446	0.534433	0.0221393
OG0018365	0.756301	0.5	0.5	0.154715	0.102088	0.0818261	0.522556	0.0115245	0.507693	N/A	0.697369	0.123702	0.520126	0.544748	0.516446	0.534433	0.514797
OG0018371	0.756301	0.0693598	0.54662	0.154715	0.102088	0.555086	0.5	0.5	0.5	N/A	0.697369	0.583746	0.520126	0.544748	0.516446	0.0513422	0.5
OG0018372	0.756301	0.00113794	0.0693598	0.5	0.5	0.5	0.5	0.5	0.5	N/A	0.697369	0.583746	0.030085	0.5	0.5	0.5	0.5
OG0018390	0.756301	0.5	0.5	0.154715	0.56891	0.0818261	0.0337031	0.507693	0.0115245	N/A	0.697369	0.123702	0.520126	0.544748	0.516446	0.534433	0.514797
OG0018459	0.756301	0.5	0.5	0.154715	0.102088	0.0818261	0.522556	0.5	0.5	N/A	0.697369	0.123702	0.520126	0.544748	0.516446	0.534433	0.0221393
OG0018465	0.756301	0.0693598	0.54662	0.154715	0.102088	0.555086	0.5	0.5	0.5	N/A	0.697369	0.583746	0.520126	0.544748	0.516446	0.0513422	0.5
OG0019527	0.756301	0.5	0.5	0.154715	0.102088	0.0818261	0.0337031	0.507693	0.0115245	N/A	0.697369	0.123702	0.520126	0.544748	0.516446	0.534433	0.514797
