FamilyID	Arabidopsis_thaliana<1>	Zea_mays<2>	Sorghum_bicolor<3>	Oryza_sativa<4>	Brachypodium_distachyon<5>	Avena_sativa<6>	Hordeum_vulgare<7>	Triticum_aestivum<8>	Triticum_turgidum<9>	<10>	<11>	<12>	<13>	<14>	<15>	<16>	<17>
OG0000024	-2	-2	7	-5	11	-1	6	0	-2	0	17	3	1	5	0	0	-1
OG0000027	12	-1	6	-1	-6	0	29	0	-1	0	13	5	0	1	2	4	-2
OG0000032	8	-2	6	0	-9	4	0	4	-2	0	12	2	0	1	4	2	0
OG0000035	-1	-2	8	0	2	2	-4	1	0	0	17	1	0	2	0	-1	1
OG0000036	16	0	2	-5	-5	5	0	0	0	0	10	6	0	1	5	1	0
OG0000038	-1	1	-1	4	-4	0	-1	3	0	0	14	-1	1	1	1	3	6
OG0000044	0	-5	0	0	19	-7	9	-22	9	0	6	-5	6	12	0	5	0
OG0000046	-3	-9	12	4	-10	5	0	0	0	0	14	0	0	0	3	0	1
OG0000050	-2	-5	1	3	-1	2	-4	1	0	0	8	-3	3	3	1	0	7
OG0000051	0	-9	4	10	1	-6	-2	0	0	0	12	-1	1	0	0	1	7
OG0000055	-1	-3	2	-1	0	-1	0	0	3	0	3	-1	0	4	3	13	6
OG0000056	40	-2	0	7	-3	2	-1	0	5	0	2	-4	3	0	2	1	4
OG0000063	-2	0	0	1	-1	5	-4	0	5	0	6	-2	3	2	2	1	5
OG0000067	-2	-4	2	2	-4	2	-1	0	4	0	10	0	1	1	2	0	3
OG0000069	13	0	-1	2	6	3	-3	0	0	0	4	-3	4	3	0	-2	0
OG0000070	1	-1	2	-1	0	-1	0	0	3	0	6	0	0	3	0	7	1
OG0000071	-1	-1	1	-1	0	4	-2	0	0	0	6	0	1	4	3	0	2
OG0000073	25	1	0	6	-1	0	1	0	0	0	8	1	0	-1	0	0	0
OG0000074	1	0	0	-3	-1	0	15	0	0	0	6	1	0	1	2	6	0
OG0000075	-2	-1	1	2	-3	0	-2	1	0	0	11	0	0	0	1	1	6
OG0000077	-1	-3	0	2	0	3	-4	0	1	0	7	-1	3	2	1	0	2
OG0000080	-2	-6	2	-1	0	2	-1	1	0	0	7	-1	1	4	2	1	2
OG0000082	15	-3	0	2	-2	0	3	0	1	0	4	-1	1	0	2	4	0
OG0000083	-1	2	0	-6	-3	2	0	1	0	0	7	2	0	2	4	2	2
OG0000092	11	0	0	3	-2	1	0	0	4	0	3	-3	2	0	1	1	4
OG0000094	28	-2	2	10	-1	-5	1	0	0	0	5	0	0	0	0	4	0
OG0000096	-2	7	-4	-2	-2	2	-1	0	0	0	5	0	0	3	4	2	4
OG0000099	5	-3	9	-2	-2	0	1	3	-3	0	4	1	0	1	3	3	0
OG0000102	31	-10	2	12	0	3	-8	3	0	0	4	-1	1	0	0	0	0
OG0000105	9	-1	1	-1	-2	3	0	3	0	0	4	0	0	1	3	0	1
OG0000106	-2	-4	1	1	0	0	1	2	-3	0	9	0	2	2	0	1	0
OG0000121	9	4	0	0	-4	13	-9	2	0	0	3	3	0	0	0	-1	1
OG0000128	2	5	0	-2	-1	0	4	0	-1	0	5	3	0	0	2	0	0
OG0000129	-1	1	1	-1	-2	5	-11	1	0	0	6	4	0	0	1	0	5
OG0000130	0	-3	0	0	-2	1	3	2	-1	0	3	0	1	1	4	4	0
OG0000136	2	1	-1	0	-4	2	10	-4	0	0	4	0	0	1	3	1	-1
OG0000137	-1	0	0	-1	0	-11	0	1	0	0	8	1	0	0	0	7	1
OG0000138	1	10	-3	-4	46	-5	18	-1	0	0	6	0	0	3	-1	0	-6
OG0000142	1	2	0	-5	0	0	0	2	-1	0	4	0	0	2	2	2	0
OG0000144	0	-1	4	0	-5	0	-2	0	0	0	7	2	0	0	0	0	2
OG0000145	5	-9	7	-2	2	0	-3	0	0	0	3	0	0	4	0	0	2
OG0000146	-1	-3	0	2	0	0	-2	0	1	0	4	-2	2	2	0	1	10
OG0000147	-1	-1	0	18	-6	0	21	-17	2	0	5	-4	5	1	2	4	-1
OG0000148	5	0	0	1	-2	3	-2	5	0	0	3	0	0	1	1	0	1
OG0000149	-1	1	-2	-2	2	6	-3	4	0	0	1	0	0	10	0	0	1
OG0000150	-1	-1	0	1	-1	0	0	0	0	0	4	-2	2	2	1	3	6
OG0000152	2	0	2	-2	2	0	-11	2	0	0	6	1	0	0	0	-1	3
OG0000153	0	0	-2	-2	-1	1	9	-9	4	0	1	0	0	4	8	7	0
OG0000154	2	0	-1	1	-5	4	5	-1	0	0	2	-2	1	0	4	1	0
OG0000156	-2	-1	4	-3	2	-4	3	1	-3	0	7	0	0	2	0	4	0
OG0000159	11	-1	3	-2	-1	0	0	5	0	0	1	0	0	0	1	8	0
OG0000165	-1	0	0	5	1	13	-1	0	-3	0	4	-4	6	1	0	-4	0
OG0000166	1	0	2	-2	-1	0	0	1	0	0	6	0	0	1	1	1	0
OG0000168	-1	0	-2	-1	-1	5	5	-1	0	0	2	0	0	3	5	1	0
OG0000169	3	0	0	4	-5	1	0	3	-1	0	2	-3	1	0	3	1	0
OG0000170	-1	-2	2	-2	34	-3	78	-3	1	0	1	-1	0	5	0	2	-7
OG0000174	-2	-8	5	0	3	4	-5	0	1	0	7	-1	1	2	0	-2	0
OG0000177	-1	-4	0	0	-1	8	-6	3	0	0	3	0	1	1	3	0	4
OG0000178	4	-2	0	-4	2	0	48	-3	0	0	1	0	0	6	0	1	-7
OG0000182	-2	7	-2	-7	8	0	0	-1	0	0	5	0	0	5	0	0	-1
OG0000183	-2	-7	3	1	0	5	-1	1	-1	0	6	-1	1	2	0	-1	0
OG0000185	2	1	-1	4	-3	4	0	1	-1	0	4	0	0	0	0	0	0
OG0000192	-2	-1	0	0	-2	9	-4	0	0	0	5	0	0	0	2	0	1
OG0000196	22	-3	2	-6	0	2	-2	0	0	0	0	0	0	3	0	0	3
OG0000198	0	0	2	-1	0	-7	0	0	1	0	4	2	0	0	0	5	8
OG0000199	7	-3	0	2	-4	4	-2	3	0	0	2	-2	0	0	1	0	3
OG0000202	-1	-10	7	1	2	-3	28	0	-4	0	7	0	1	0	0	1	-5
OG0000206	0	40	-6	0	-1	-1	6	-6	2	0	4	5	0	0	0	3	0
OG0000207	0	0	0	0	-1	1	2	0	0	0	4	0	0	1	2	1	0
OG0000210	-1	0	0	-2	0	0	0	2	0	0	3	0	0	2	1	4	1
OG0000211	3	-3	0	-1	1	1	-3	0	1	0	2	-1	0	4	0	0	2
OG0000212	0	0	0	-1	6	-4	4	-4	5	0	0	-1	1	9	0	6	0
OG0000214	1	2	0	0	0	3	0	1	-3	0	5	0	0	0	0	0	0
OG0000215	10	-2	2	-2	-1	4	-9	0	0	0	2	0	0	1	0	0	3
OG0000216	-2	-1	3	-3	3	-1	3	0	-2	0	5	1	0	3	0	1	0
OG0000219	24	1	0	6	10	-9	0	0	-5	0	6	0	0	-1	-3	0	0
OG0000222	-2	-2	11	4	-2	-5	0	0	2	0	5	3	0	-1	0	2	5
OG0000223	-1	-1	7	-2	-2	2	2	0	-2	0	5	3	0	0	1	0	0
OG0000224	1	-1	0	-2	0	2	39	0	-3	0	0	-2	0	9	2	0	-9
OG0000228	11	-5	4	-3	2	-2	0	3	-3	0	2	0	0	1	0	2	0
OG0000229	29	-2	3	-2	-1	1	-5	0	0	0	-1	0	0	0	1	0	9
OG0000231	-1	-2	3	-3	0	0	6	1	-2	0	2	0	0	4	1	3	0
OG0000234	2	0	-1	0	1	0	0	0	0	0	2	-2	0	2	0	2	5
OG0000235	-1	1	0	0	-1	2	0	1	-1	0	5	0	0	1	3	0	0
OG0000237	0	-2	0	-2	0	3	-9	0	3	0	1	0	0	7	0	0	7
OG0000238	-1	-1	0	4	0	-5	0	2	0	0	4	-1	2	0	0	5	0
OG0000243	-2	-7	1	8	10	-10	22	-11	0	0	8	-1	3	1	-1	1	-4
OG0000245	6	-2	3	-2	0	3	0	1	-1	0	2	0	0	1	0	-1	0
OG0000247	16	0	0	-1	0	1	-2	0	0	0	0	-3	0	2	1	0	7
OG0000248	3	1	-1	-1	-1	0	0	1	0	0	1	1	0	1	1	2	2
OG0000253	3	0	0	0	-1	1	0	4	0	0	0	-1	0	2	2	1	3
OG0000254	2	-4	1	5	1	0	-2	0	4	0	3	-1	0	0	0	0	2
OG0000255	-2	0	1	1	3	-10	0	4	-1	0	9	3	0	-1	-1	0	0
OG0000257	1	-2	6	0	0	0	0	1	0	0	3	0	0	0	0	4	0
OG0000258	-1	-1	2	-3	0	4	0	0	-2	0	4	1	0	2	2	0	0
OG0000259	-1	0	0	-4	0	5	-1	2	0	0	3	1	0	2	2	0	1
OG0000260	0	0	0	-1	-1	1	72	0	-5	0	0	-1	0	0	6	3	-4
OG0000263	0	2	0	-4	-1	3	1	0	-5	0	2	0	0	3	2	0	0
OG0000265	-1	-1	1	0	-1	0	0	2	0	0	3	0	0	0	2	1	6
OG0000269	-1	0	-1	-1	0	8	-7	3	0	0	3	0	0	2	1	0	1
OG0000270	0	-1	3	3	-1	-1	1	1	-2	0	5	1	0	0	0	0	0
OG0000272	-1	0	1	-1	0	-2	2	1	0	0	4	0	0	0	0	5	0
OG0000273	9	0	4	0	0	3	0	1	0	0	1	2	0	0	0	-1	0
OG0000274	1	-1	5	-1	1	-2	1	0	-1	0	3	0	0	1	0	3	0
OG0000275	-1	-1	7	-3	-1	1	0	-1	1	0	5	3	0	0	1	0	0
OG0000278	6	-1	0	0	2	3	0	1	0	0	1	-3	0	3	0	-1	0
OG0000284	0	-1	1	-1	-1	5	0	3	0	0	1	0	0	3	4	0	1
OG0000286	-1	-2	0	0	0	0	0	0	2	0	1	-1	1	3	0	3	4
OG0000287	1	-2	6	5	-4	0	0	3	0	0	3	1	0	-1	0	0	4
OG0000288	7	-4	2	-1	1	0	-1	2	0	0	1	0	0	1	0	0	3
OG0000289	-1	-2	2	-1	-1	2	0	5	-1	0	2	0	0	2	2	0	0
OG0000291	8	-1	9	0	-1	3	-2	2	-1	0	1	3	0	0	0	-2	0
OG0000292	-2	-2	6	1	0	-1	-8	0	0	0	5	0	0	0	0	0	4
OG0000293	-2	0	0	-2	0	-2	0	-1	0	0	6	2	0	0	0	1	0
OG0000295	-1	-1	2	-4	1	0	0	1	0	0	2	0	0	3	0	3	0
OG0000298	1	4	-3	-2	0	0	3	0	-1	0	1	0	0	1	2	3	0
OG0000299	8	-2	0	-1	-1	0	3	-2	1	0	1	-1	0	2	2	1	0
OG0000300	9	0	1	-2	0	1	-6	2	0	0	0	0	0	1	0	0	5
OG0000301	1	-2	1	-2	0	4	-4	1	0	0	1	0	0	4	0	0	2
OG0000302	0	0	0	0	0	0	8	0	-2	0	1	-1	0	3	2	4	0
OG0000303	0	4	0	-1	0	0	0	1	0	0	2	2	0	0	0	4	6
OG0000307	-1	-4	1	3	0	-8	2	2	-2	0	5	0	1	0	0	5	0
OG0000308	0	0	-1	0	-1	0	0	5	0	0	1	-1	0	1	2	3	0
OG0000313	0	1	-1	-2	0	0	2	0	-1	0	3	0	0	1	1	0	0
OG0000314	1	-3	0	0	0	2	0	0	2	0	2	0	0	1	1	0	0
OG0000316	-1	-2	4	-3	0	0	0	-2	0	0	3	0	0	5	0	0	0
OG0000317	2	29	-6	-1	0	-1	10	-1	0	0	1	2	0	0	0	2	0
OG0000321	-1	-1	7	-3	0	0	0	-1	1	0	3	2	0	1	0	2	0
OG0000322	0	0	-1	-1	-1	2	0	3	0	0	1	0	0	1	4	1	1
OG0000323	2	-2	3	0	1	1	-4	0	0	0	2	1	0	1	0	0	0
OG0000324	2	-1	3	0	-1	0	5	-2	1	0	1	0	0	0	1	5	0
OG0000328	-1	0	0	-3	4	-1	0	0	0	0	3	0	0	2	0	1	1
OG0000329	0	0	0	0	-1	0	0	2	0	0	1	-2	1	2	2	1	3
OG0000330	2	0	0	0	0	0	2	1	-2	0	2	-2	0	0	1	1	0
OG0000331	-1	0	1	1	-1	-2	2	0	0	0	4	3	0	0	0	0	0
OG0000332	0	0	0	0	-1	1	0	2	-5	0	4	0	0	0	2	0	0
OG0000333	2	-5	7	1	1	-2	0	-1	2	0	3	0	0	0	0	0	0
OG0000336	0	-1	1	0	0	0	2	0	-1	0	2	0	0	1	1	1	0
OG0000337	1	0	0	-1	-3	1	2	1	-2	0	2	0	0	0	2	1	0
OG0000338	3	0	2	-2	0	-1	0	1	0	0	1	2	0	0	0	3	0
OG0000339	-1	-2	0	1	0	-1	0	4	-1	0	4	0	0	1	0	2	0
OG0000344	-2	3	-9	46	9	-1	-1	-1	1	0	9	-1	1	-2	-8	-2	0
OG0000345	-1	-2	5	0	-3	0	0	2	0	0	4	0	0	0	0	1	3
OG0000351	-1	-1	0	1	0	5	28	0	0	0	2	-3	2	3	2	0	-11
OG0000352	-1	-1	1	-2	0	1	-1	0	0	0	1	0	0	4	1	0	3
OG0000359	-1	0	0	0	0	0	2	0	0	0	5	0	0	0	1	0	0
OG0000360	0	-1	0	-2	-1	7	-1	2	0	0	0	0	0	1	3	0	1
OG0000361	0	-1	1	0	2	-2	2	0	0	0	4	1	0	1	0	0	0
OG0000362	-1	-2	2	-2	6	3	-1	1	-2	0	2	-1	0	4	0	-2	0
OG0000363	-1	-1	2	1	-4	1	3	0	-2	0	4	0	0	1	1	1	0
OG0000364	-1	0	1	2	-2	-1	0	0	0	0	4	1	0	-1	0	2	2
OG0000365	0	0	-1	-1	-1	6	-1	0	0	0	1	0	0	1	2	0	1
OG0000366	1	-1	1	0	0	1	-1	2	0	0	1	0	0	2	0	0	1
OG0000370	0	9	-1	-2	-1	0	0	1	0	0	1	0	0	0	1	4	7
OG0000371	1	-2	1	-2	-1	0	1	2	-1	0	1	0	0	0	3	3	0
OG0000372	-1	-2	0	3	-2	1	0	2	0	0	4	0	0	0	1	0	1
OG0000375	0	-1	0	0	18	-8	8	3	-12	0	1	-1	0	7	0	3	0
OG0000376	6	-1	0	0	-1	0	1	2	-1	0	-1	-1	0	2	3	3	0
OG0000377	0	0	0	-3	0	0	1	2	-2	0	3	1	0	0	0	1	0
OG0000378	0	0	0	0	-1	2	0	3	0	0	0	-1	0	0	4	1	1
OG0000379	-1	-3	3	1	-1	-1	8	0	0	0	3	0	0	0	0	5	0
OG0000383	0	-1	0	0	0	-1	1	2	-1	0	2	-1	0	2	0	2	0
OG0000384	0	0	0	2	-3	0	0	0	0	0	1	-1	2	0	1	1	5
OG0000385	-1	0	0	0	-1	1	2	0	-2	0	1	0	0	1	5	1	0
OG0000386	-1	0	-1	0	0	1	1	2	-3	0	2	-1	2	0	2	1	0
OG0000387	2	-2	1	0	0	0	-1	0	3	0	0	0	0	0	1	1	7
OG0000388	0	-1	5	-2	-1	1	0	2	-1	0	3	1	0	0	1	0	0
OG0000397	0	-2	0	-2	2	0	-6	0	0	0	0	0	0	5	0	0	5
OG0000405	-1	0	0	-2	0	0	2	0	0	0	3	0	0	1	0	1	0
OG0000406	0	2	-1	-1	-1	3	1	0	-1	0	3	0	0	0	1	0	0
OG0000407	0	0	0	-2	0	0	4	0	-1	0	1	1	0	0	1	5	0
OG0000408	1	0	1	-3	-1	1	0	2	0	0	2	0	0	1	1	0	1
OG0000415	-1	-2	0	2	65	-1	0	-1	0	0	2	-2	2	0	-2	-1	-2
OG0000416	-1	0	1	-2	1	0	-1	3	0	0	3	4	0	0	0	0	0
OG0000417	0	0	0	0	65	-4	7	0	-1	0	1	-2	1	2	0	0	-3
OG0000418	-1	0	0	0	1	-1	4	0	-1	0	3	0	0	1	0	1	0
OG0000419	0	0	0	-1	0	0	6	1	-2	0	1	0	0	0	1	5	0
OG0000422	3	0	-1	-1	0	0	1	3	-1	0	0	0	0	2	1	3	0
OG0000423	0	0	-1	0	0	0	0	0	0	0	2	-1	0	1	2	2	1
OG0000424	-1	0	-2	2	-1	2	-1	0	0	0	5	0	0	0	0	0	0
OG0000425	-1	0	3	0	-2	1	0	3	0	0	3	0	0	0	2	0	0
OG0000428	19	0	-1	-1	0	0	29	1	-8	0	-2	0	0	0	0	7	0
OG0000429	1	5	-1	-2	0	0	0	0	-3	0	2	2	0	0	1	0	0
OG0000430	77	0	0	0	0	0	0	0	-1	0	-4	0	0	0	0	0	0
OG0000431	-1	-1	2	-2	-1	1	0	2	0	0	2	0	0	1	1	0	0
OG0000433	-1	-1	4	-1	-1	4	-2	0	2	0	2	0	0	0	2	0	2
OG0000434	3	0	0	1	1	-1	-1	0	0	0	1	0	0	0	0	0	2
OG0000435	-1	-2	1	0	-1	2	-2	0	1	0	2	0	0	1	1	0	3
OG0000436	-1	0	3	-1	-1	0	0	1	0	0	4	1	0	0	0	0	2
OG0000440	0	-1	0	1	3	-1	0	2	-2	0	1	-2	2	1	0	1	0
OG0000441	0	0	-1	1	-1	0	0	3	0	0	1	-1	0	0	1	1	3
OG0000442	2	0	0	-1	0	0	1	3	-1	0	0	0	0	2	1	2	0
OG0000443	0	0	0	0	0	0	0	0	1	0	1	0	0	2	1	3	3
OG0000444	1	-2	5	3	0	-2	0	0	0	0	2	1	0	0	0	1	0
OG0000445	0	0	1	-1	-1	0	0	0	0	0	3	0	0	0	0	2	0
OG0000447	1	0	0	7	0	12	0	0	0	0	2	-4	2	0	0	-6	0
OG0000448	2	-1	1	7	-1	1	-6	0	0	0	2	0	0	-1	0	0	0
OG0000449	3	-1	0	-1	0	3	-4	1	0	0	0	0	0	0	2	0	7
OG0000453	-2	5	0	2	12	-1	0	0	0	0	10	8	0	-1	-11	0	-1
OG0000454	10	-2	2	-4	0	3	3	0	0	0	1	0	0	0	1	0	-1
OG0000455	1	0	1	-1	-1	0	0	0	0	0	2	0	0	0	0	2	2
OG0000460	-1	-1	2	-2	0	0	0	2	0	0	2	0	0	2	0	1	1
OG0000461	1	0	0	0	-2	0	1	1	-1	0	2	0	0	0	0	1	0
OG0000462	-1	-3	0	6	-1	0	-1	3	0	0	3	-1	0	0	0	0	3
OG0000466	-1	0	-1	0	-1	0	0	1	-2	0	4	0	0	0	0	0	0
OG0000467	0	1	0	-3	-1	0	1	1	-3	0	2	2	0	0	0	1	0
OG0000468	0	6	-1	-4	0	3	-2	0	0	0	2	2	0	0	1	0	0
OG0000469	0	0	0	-2	0	1	0	0	-1	0	2	1	0	1	1	0	0
OG0000470	-1	-1	0	3	1	0	-1	-1	2	0	4	0	0	0	0	-1	0
OG0000474	1	1	-1	-3	0	0	18	-10	1	0	0	0	0	2	0	6	0
OG0000475	-1	-2	0	1	4	-3	-1	0	5	0	1	-1	1	1	0	0	5
OG0000476	-1	4	-1	-3	-1	0	1	0	-2	0	3	0	0	1	1	1	0
OG0000479	0	-1	1	-2	3	0	-1	0	1	0	0	0	0	3	0	0	2
OG0000480	0	-1	0	-1	1	0	1	0	1	0	2	0	0	1	0	1	0
OG0000481	-1	0	0	0	-1	0	0	2	0	0	1	-1	1	1	1	1	1
OG0000482	0	-1	1	-2	0	0	0	0	3	0	1	0	0	0	2	3	1
OG0000488	2	-4	8	3	2	-1	-1	9	-2	0	1	0	0	-1	-2	0	0
OG0000489	0	6	-2	-2	-1	1	-2	0	8	0	1	0	0	0	2	0	4
OG0000490	2	0	2	-1	0	0	-1	1	0	0	1	2	0	0	0	-1	0
OG0000491	8	-1	0	1	-1	4	-1	1	-1	0	1	-1	0	0	0	0	0
OG0000492	3	-2	1	-2	3	-3	0	4	-1	0	0	0	0	2	0	1	0
OG0000496	0	0	0	-1	0	0	2	3	-1	0	1	0	0	1	1	5	0
OG0000497	-1	0	0	-2	0	-1	1	0	1	0	2	1	0	1	0	1	0
OG0000498	-1	3	-1	0	0	0	0	0	0	0	3	1	0	0	0	0	0
OG0000499	0	-1	4	-2	0	4	0	2	0	0	2	1	0	0	1	0	0
OG0000500	-1	-1	0	-2	2	-1	5	1	-2	0	2	0	0	2	0	2	0
OG0000502	2	0	0	1	2	-1	6	0	0	0	2	0	0	0	0	0	-1
OG0000503	1	0	-1	0	-1	1	3	1	-4	0	1	-2	1	1	1	0	0
OG0000504	-1	0	1	-3	2	2	-1	0	-1	0	4	0	0	1	0	-2	0
OG0000511	1	-1	1	-1	0	0	0	0	0	0	1	-1	0	0	2	1	4
OG0000512	2	3	0	0	-1	0	0	0	1	0	1	2	0	0	0	0	3
OG0000513	1	0	3	-2	0	0	-1	1	0	0	2	1	0	0	0	-1	0
OG0000514	0	1	0	0	0	0	0	1	0	0	2	1	0	0	0	-1	0
OG0000515	0	0	0	-2	0	0	0	2	0	0	2	3	0	0	0	0	1
OG0000517	10	-5	4	-1	43	-3	2	0	0	0	1	0	0	0	-2	0	-3
OG0000519	0	2	0	0	0	-1	0	0	0	0	2	1	0	0	0	0	0
OG0000520	-1	0	2	-1	-2	2	-2	0	3	0	1	1	0	0	1	0	4
OG0000521	2	0	0	1	0	-2	1	1	0	0	1	0	0	0	0	2	0
OG0000527	10	0	0	4	-3	4	-1	2	0	0	0	-3	0	0	0	0	0
OG0000528	-1	0	0	0	0	0	0	0	1	0	2	5	0	0	0	1	2
OG0000529	-1	-2	0	0	0	1	0	1	0	0	3	0	0	0	0	-1	0
OG0000530	20	0	0	5	-4	5	1	-4	0	0	0	-5	0	0	0	0	-1
OG0000531	-1	-1	1	-1	-1	0	0	0	1	0	3	0	0	0	1	1	0
OG0000532	1	5	0	0	0	0	0	0	-1	0	2	1	0	0	0	1	0
OG0000539	5	-1	0	-3	1	0	0	0	1	0	1	0	0	1	0	0	2
OG0000540	0	2	0	-3	0	-1	0	0	0	0	3	2	0	0	0	0	0
OG0000541	6	0	0	1	0	-3	1	0	0	0	1	-1	0	0	0	0	0
OG0000542	0	0	-2	0	-1	1	0	1	0	0	2	0	0	0	1	0	0
OG0000543	1	1	-1	-1	0	0	1	2	-1	0	1	0	0	0	0	3	0
OG0000544	4	0	1	1	-2	0	-4	0	2	0	0	0	0	0	0	0	4
OG0000545	10	-2	0	-1	-1	1	0	0	0	0	-1	0	0	0	3	0	0
OG0000546	1	-1	4	0	-1	0	0	0	0	0	1	0	0	0	0	1	0
OG0000547	-1	0	3	1	-2	0	0	1	0	0	2	1	0	0	0	1	0
OG0000548	3	2	0	0	-1	0	1	2	-2	0	1	1	0	0	0	2	0
OG0000549	-1	0	0	0	-1	-1	0	2	0	0	2	2	0	0	0	1	0
OG0000550	-1	-2	3	3	-1	0	0	0	2	0	2	0	0	0	0	2	2
OG0000551	0	-1	0	2	0	1	-5	0	1	0	2	0	0	0	0	0	2
OG0000552	-1	0	3	-1	0	0	0	0	0	0	3	3	0	0	0	1	0
OG0000559	-1	0	1	-3	0	-1	0	0	1	0	2	0	0	1	0	3	0
OG0000560	1	3	-1	0	-1	0	0	1	0	0	2	1	0	0	0	0	1
OG0000561	-1	1	0	1	0	0	0	2	-1	0	3	1	0	-1	0	0	0
OG0000562	0	0	4	-1	-1	0	0	0	1	0	0	0	0	0	2	4	1
OG0000563	-1	2	-2	-3	1	0	0	0	0	0	1	0	0	1	0	1	5
OG0000571	-1	0	0	2	-2	0	2	-1	0	0	2	-1	0	1	1	1	0
OG0000572	3	7	-2	-2	-2	1	8	0	0	0	1	0	0	0	1	0	-1
OG0000573	1	0	1	0	-1	-1	0	0	0	0	3	0	0	0	0	0	0
OG0000582	-1	2	0	-2	2	-4	0	8	-1	0	2	2	0	0	0	1	0
OG0000586	1	14	-1	0	1	0	0	0	0	0	1	2	0	0	0	0	0
OG0000587	-1	0	0	-1	-1	0	0	1	-2	0	2	0	0	1	1	1	0
OG0000588	1	0	2	1	-2	-1	0	0	0	0	1	0	0	0	0	2	2
OG0000589	-1	-2	4	0	0	-2	-5	1	0	0	2	0	0	0	0	0	3
OG0000590	-1	0	0	0	0	2	1	0	-2	0	3	-1	0	0	1	0	0
OG0000597	5	0	2	-1	0	-1	14	0	-3	0	0	0	0	0	0	4	0
OG0000598	1	1	0	0	1	-1	0	0	0	0	1	0	0	0	0	1	0
OG0000599	0	-1	0	0	0	-1	1	3	-3	0	1	-1	1	1	0	2	0
OG0000601	1	1	0	-1	-1	1	-1	2	0	0	1	0	0	0	0	1	1
OG0000602	1	0	0	-1	-1	0	0	0	0	0	1	0	0	0	1	0	0
OG0000603	2	0	0	0	-1	4	-2	2	0	0	0	-2	0	0	1	0	2
OG0000604	3	0	-1	-2	-1	4	0	1	0	0	0	0	0	0	3	0	1
OG0000605	-1	-2	0	2	-1	0	0	0	0	0	2	-1	1	0	0	1	2
OG0000606	-1	1	0	-1	-2	1	0	1	-1	0	2	2	0	0	0	0	0
OG0000611	1	0	0	-3	0	3	0	0	-3	0	1	1	0	0	0	0	0
OG0000612	-1	4	-1	-1	21	-3	2	-2	0	0	4	1	0	0	-1	0	-2
OG0000613	0	-1	0	1	-2	0	3	-1	1	0	2	-1	0	0	1	2	0
OG0000614	-1	3	0	0	-1	2	1	0	-1	0	2	0	0	0	0	0	0
OG0000618	0	-2	4	2	-1	1	0	0	-1	0	2	0	0	0	0	0	0
OG0000619	-1	-1	2	-1	-1	0	2	0	0	0	2	0	0	1	1	0	0
OG0000620	10	-1	6	-1	-1	-1	0	0	-1	0	0	1	0	0	0	1	0
OG0000621	5	-3	2	2	-1	-1	1	1	0	0	0	0	0	0	0	2	0
OG0000622	0	14	-2	0	0	0	0	-1	0	0	2	2	0	-1	0	0	0
OG0000623	0	0	-1	0	4	-2	0	1	0	0	1	0	0	3	0	0	0
OG0000624	0	0	1	0	1	0	0	0	0	0	1	0	0	1	0	0	1
OG0000636	1	0	0	14	-3	0	30	-3	0	0	1	-3	0	0	0	1	-1
OG0000637	4	2	0	-1	0	0	0	0	0	0	0	0	0	0	0	1	1
OG0000638	-1	0	0	-1	-1	1	1	0	0	0	1	0	0	0	3	0	0
OG0000639	1	1	0	0	0	0	0	1	0	0	1	0	0	0	0	0	2
OG0000640	-1	3	0	0	0	-1	0	0	-1	0	2	3	0	0	0	0	0
OG0000642	0	0	-1	2	-1	2	-2	1	0	0	2	0	0	0	0	0	2
OG0000643	-1	-1	1	0	-2	0	1	1	0	0	2	0	0	0	1	1	0
OG0000644	-1	0	4	-1	2	-2	-1	3	0	0	2	1	0	0	0	0	2
OG0000649	-1	0	1	0	0	-1	4	0	0	0	2	0	0	1	0	1	0
OG0000650	2	0	2	-1	0	0	0	0	0	0	1	0	0	0	0	2	0
OG0000651	0	9	-1	0	0	0	0	0	0	0	2	2	0	-1	0	0	0
OG0000652	-1	0	2	-2	0	-1	0	0	1	0	2	1	0	0	0	1	2
OG0000658	2	0	0	2	1	0	0	0	-2	0	2	1	0	0	-2	0	0
OG0000660	1	2	0	0	0	-1	1	0	-1	0	2	1	0	0	0	0	0
OG0000661	-1	0	0	0	0	0	0	0	-1	0	2	1	0	0	0	0	0
OG0000662	-1	-2	1	0	0	1	-5	1	0	0	2	0	0	0	0	0	1
OG0000663	1	1	-2	7	-2	-1	1	0	-1	0	2	0	0	0	0	0	0
OG0000664	0	0	4	-1	-2	3	-1	0	0	0	1	2	0	0	0	0	0
OG0000665	5	0	0	-1	-1	1	1	0	0	0	1	3	-1	0	0	0	0
OG0000666	-1	3	0	-1	1	0	0	0	0	0	2	0	0	0	0	0	0
OG0000667	4	0	-1	1	-1	0	1	0	0	0	1	0	0	0	0	0	-1
OG0000668	-1	0	1	0	0	-1	0	0	0	0	3	0	0	0	0	0	1
OG0000669	-1	2	0	-2	0	0	1	0	0	0	2	0	0	0	0	0	0
OG0000676	0	0	0	0	-1	2	3	0	-1	0	1	-1	0	0	1	0	0
OG0000677	0	0	0	-1	1	2	0	0	0	0	2	0	0	1	0	0	0
OG0000678	0	1	0	0	0	0	4	-1	0	0	0	0	0	0	0	6	0
OG0000679	-1	1	0	-1	-1	1	0	0	-1	0	2	0	0	0	0	0	0
OG0000680	0	-1	2	-1	-1	0	0	0	0	0	2	0	0	0	0	0	0
OG0000681	0	0	0	0	0	0	0	1	0	0	1	1	0	0	0	6	0
OG0000682	1	3	-1	1	-2	0	1	-1	0	0	2	0	0	0	0	0	0
OG0000683	2	0	0	0	-1	1	0	-2	4	0	0	0	0	0	2	0	0
OG0000690	0	0	0	-1	-1	0	4	2	-1	0	0	-1	0	0	1	7	0
OG0000691	2	0	-1	-1	0	3	0	1	0	0	1	0	0	0	0	0	0
OG0000692	0	1	-1	-1	0	0	0	0	0	0	2	0	0	0	0	0	0
OG0000693	0	1	0	-1	0	-1	0	0	0	0	2	1	0	0	0	0	0
OG0000694	0	-1	0	1	0	2	0	0	-1	0	2	0	0	0	1	0	0
OG0000695	-1	0	0	7	0	-1	0	0	2	0	1	-1	1	0	0	1	1
OG0000696	0	2	-1	0	0	1	-1	0	1	0	2	0	0	1	0	0	0
OG0000703	-1	3	0	-1	0	0	0	0	0	0	2	0	0	0	1	0	1
OG0000705	3	-1	2	0	-1	0	1	0	1	0	1	0	0	0	0	1	0
OG0000706	2	6	-1	1	0	-5	0	0	-1	0	2	1	0	-1	0	0	0
OG0000707	0	1	0	0	0	0	0	0	-1	0	1	0	0	1	0	0	0
OG0000708	60	-1	0	0	0	0	0	0	0	0	-4	0	-1	0	0	0	0
OG0000709	0	0	0	0	-1	0	0	0	1	0	0	-1	0	0	1	0	9
OG0000710	1	0	0	1	0	0	0	0	-1	0	2	0	0	0	0	0	0
OG0000711	-1	4	-1	-1	0	-1	0	0	-1	0	3	1	0	0	0	0	0
OG0000712	0	1	0	-1	0	-1	0	1	0	0	0	2	0	0	0	0	4
OG0000721	0	3	0	-2	0	0	0	0	-1	0	1	2	0	0	0	1	0
OG0000722	1	1	0	0	0	0	0	1	0	0	0	0	0	0	0	3	0
OG0000723	3	1	-1	-2	0	0	1	0	0	0	0	0	0	0	1	2	0
OG0000724	-1	-1	1	0	0	-1	0	0	1	0	3	0	0	0	0	0	0
OG0000725	5	0	0	0	0	0	0	1	0	0	0	0	0	0	0	0	0
OG0000726	0	0	0	-2	0	0	0	-1	0	0	1	0	0	1	0	1	0
OG0000727	0	0	0	-1	0	2	2	0	-1	0	0	0	0	1	4	0	0
OG0000734	-1	-2	0	1	0	-1	0	0	0	0	2	0	0	0	0	0	0
OG0000735	2	-2	1	1	1	0	0	0	1	0	1	0	0	0	0	0	1
OG0000736	5	-3	0	1	0	0	0	1	-2	0	1	0	0	0	0	-1	0
OG0000737	1	0	0	-3	-1	1	0	1	-3	0	1	1	0	0	1	0	0
OG0000738	2	0	0	0	0	4	-1	0	1	0	0	-1	0	1	1	0	1
OG0000739	1	-1	1	0	-1	3	1	0	0	0	1	0	0	0	0	0	0
OG0000740	1	2	0	-1	0	0	5	-1	0	0	1	0	0	0	1	0	-1
OG0000741	-1	0	-1	2	0	1	0	0	0	0	3	-1	0	0	0	-1	0
OG0000742	1	3	-1	-3	0	0	0	0	0	0	1	1	0	0	0	-1	0
OG0000743	-1	-1	0	0	1	-1	1	0	0	0	3	0	0	0	0	0	0
OG0000744	1	0	2	-1	-2	2	-1	0	0	0	1	2	0	0	0	0	0
OG0000745	-1	1	0	0	-2	0	0	2	-1	0	2	0	0	0	0	1	0
OG0000746	-1	-3	0	0	0	-1	0	0	0	0	3	0	0	0	0	0	1
OG0000747	-1	0	0	1	-2	0	0	0	0	0	2	-1	0	0	1	1	0
OG0000762	-1	0	1	0	0	0	1	0	-1	0	2	0	0	1	0	0	0
OG0000763	2	0	1	-1	-1	-1	0	0	0	0	0	3	0	0	0	3	0
OG0000764	-1	6	-1	0	0	0	0	1	0	0	2	1	0	0	0	0	0
OG0000765	0	0	0	-1	0	0	0	0	0	0	1	1	0	0	0	1	0
OG0000766	5	-2	0	0	-1	0	-1	2	0	0	1	-1	0	0	0	0	0
OG0000767	-1	0	2	-3	0	2	0	1	0	0	2	0	0	0	0	0	0
OG0000768	0	1	0	0	0	0	1	0	-1	0	2	0	0	0	1	0	0
OG0000769	0	0	-1	5	0	0	0	1	0	0	2	-1	0	0	0	1	0
OG0000770	0	0	1	-1	-1	4	0	1	-2	0	1	1	0	0	1	0	0
OG0000771	0	-1	1	-1	0	2	1	0	0	0	0	0	0	2	0	0	-1
OG0000772	-1	0	0	0	0	1	0	1	0	0	2	2	0	0	0	0	0
OG0000773	0	0	0	0	0	0	0	0	0	0	1	-1	1	1	0	1	0
OG0000774	0	-1	0	-1	0	4	-2	4	0	0	1	0	0	0	1	0	1
OG0000775	0	3	-2	-2	3	0	-4	1	0	0	1	0	0	1	0	0	2
OG0000786	0	18	-3	-2	3	0	-2	3	0	0	0	1	0	0	0	0	2
OG0000787	10	0	-1	-1	-1	0	0	0	-1	0	-1	0	0	0	1	1	0
OG0000788	-1	0	0	1	-2	0	2	-1	1	0	2	-1	0	0	0	2	0
OG0000789	0	2	-1	-1	-1	0	1	0	-1	0	2	0	0	0	0	2	0
OG0000790	1	7	-1	2	0	0	0	-1	0	0	1	1	0	0	0	0	0
OG0000791	0	1	0	1	0	0	5	0	0	0	2	1	0	0	0	0	0
OG0000792	3	-1	0	0	0	1	0	1	0	0	0	0	0	0	0	0	0
OG0000793	-1	2	0	-1	0	0	0	1	0	0	2	0	0	0	0	1	0
OG0000794	0	0	0	-1	-1	4	-2	0	2	0	0	-1	0	0	3	0	2
OG0000795	0	2	0	-1	0	0	-1	0	0	0	2	1	0	0	0	-1	0
OG0000796	3	0	-1	3	-1	-1	0	1	0	0	1	-1	0	0	0	0	1
OG0000797	-1	-1	0	0	0	0	1	2	-2	0	1	0	0	1	0	2	0
OG0000798	0	-1	0	-1	0	1	0	0	0	0	1	0	0	0	1	0	2
OG0000809	0	0	0	1	0	-1	0	0	0	0	2	0	0	0	0	0	-1
OG0000810	0	-2	0	0	1	-5	1	0	0	0	2	0	0	0	0	1	0
OG0000811	1	-2	0	0	0	0	-1	1	-1	0	2	0	0	0	0	-1	0
OG0000812	2	0	-1	1	-1	2	-1	0	0	0	1	0	0	0	0	0	0
OG0000813	0	1	0	-1	0	0	0	0	0	0	1	0	0	0	1	1	1
OG0000814	3	3	-1	-2	0	0	0	0	1	0	0	0	0	0	1	1	0
OG0000815	0	0	1	-1	0	0	0	0	0	0	2	0	0	0	0	1	0
OG0000816	-1	3	0	0	1	0	-4	0	1	0	2	0	0	0	0	0	1
OG0000817	-1	-1	0	0	-2	0	0	0	0	0	2	0	0	0	0	2	0
OG0000818	-1	0	0	-1	0	0	0	1	0	0	1	0	0	0	2	0	0
OG0000819	0	3	0	-2	-1	0	0	1	-2	0	2	0	0	0	1	0	0
OG0000820	-1	14	-4	10	0	-1	-1	1	0	0	4	1	0	-1	-3	0	0
OG0000821	0	-1	0	-1	0	0	0	1	-1	0	0	0	0	1	2	3	0
OG0000835	0	-1	0	1	0	0	0	0	2	0	1	0	0	0	0	0	0
OG0000836	0	47	-3	0	0	-1	0	0	0	0	0	3	0	0	0	0	0
OG0000837	0	1	-1	0	1	4	0	1	-1	0	2	0	0	0	0	-1	0
OG0000838	-1	1	0	0	0	-1	0	0	0	0	2	0	0	0	0	0	-1
OG0000839	0	0	0	1	0	1	0	0	0	0	1	0	0	0	0	0	0
OG0000840	0	2	0	1	0	0	0	0	-1	0	2	0	0	0	0	1	0
OG0000841	0	-1	0	0	-1	1	4	0	0	0	0	0	0	1	2	0	0
OG0000842	-1	0	-1	0	0	0	-1	0	0	0	2	0	0	1	0	0	0
OG0000843	-1	0	0	0	-1	2	-1	0	0	0	2	-1	0	0	0	0	1
OG0000850	3	0	0	-2	1	0	0	2	0	0	0	0	0	1	0	0	0
OG0000851	1	0	0	1	0	-1	1	0	-1	0	1	0	0	0	0	1	0
OG0000852	0	1	0	0	0	0	0	0	0	0	0	0	0	0	0	3	0
OG0000853	0	0	2	-2	0	-1	0	0	0	0	0	3	0	0	0	0	3
OG0000854	3	2	0	0	-1	0	0	1	0	0	1	0	0	0	0	0	0
OG0000855	-1	2	0	1	0	1	0	0	0	0	2	0	0	0	0	0	0
OG0000856	0	0	1	-1	-1	0	2	0	-1	0	0	0	0	0	2	0	0
OG0000857	0	1	0	-1	1	0	0	0	0	0	1	1	0	0	0	0	0
OG0000858	-1	-1	0	2	0	1	0	0	-2	0	3	-1	0	0	0	0	-1
OG0000859	1	0	3	1	0	-1	1	0	-2	0	2	1	0	-1	0	0	0
OG0000874	1	1	0	-1	0	-3	0	2	0	0	1	0	0	0	0	1	0
OG0000875	0	0	0	-1	0	-2	0	1	0	0	1	0	0	0	0	4	2
OG0000876	-1	3	-1	0	0	1	0	0	0	0	2	1	0	0	0	0	0
OG0000877	0	0	1	-2	0	1	0	1	0	0	2	0	0	0	0	0	0
OG0000878	0	0	0	-1	-1	0	0	3	0	0	0	-1	0	0	0	5	2
OG0000879	0	2	0	1	0	0	0	0	0	0	2	1	0	0	0	0	0
OG0000880	1	-2	0	0	0	0	0	0	0	0	1	0	0	0	0	1	0
OG0000881	7	0	0	-1	-1	0	0	-1	0	0	0	1	0	0	0	0	0
OG0000882	0	1	-1	0	-1	0	3	0	-1	0	1	0	0	0	2	0	0
OG0000883	1	3	0	-2	1	0	2	0	0	0	1	0	0	0	0	0	0
OG0000884	0	0	3	2	0	-1	-1	0	0	0	2	1	0	0	0	0	0
OG0000885	0	-1	2	0	0	0	2	1	-2	0	1	0	0	0	2	2	0
OG0000886	0	0	3	-2	-1	0	1	1	-1	0	1	0	0	0	2	0	0
OG0000887	4	-1	0	0	-2	0	0	1	0	0	0	-2	0	0	0	0	3
OG0000888	0	3	0	2	0	0	0	0	-1	0	1	0	0	0	0	0	0
OG0000889	-1	22	-2	-1	0	-1	-1	0	0	0	1	2	0	0	0	0	0
OG0000894	0	0	0	-1	-1	0	0	0	0	0	2	2	0	0	0	0	0
OG0000895	0	2	0	-1	1	-1	0	1	0	0	2	0	0	0	0	0	0
OG0000896	-1	0	2	0	1	-1	0	0	-1	0	2	0	0	0	0	1	0
OG0000897	3	-1	1	0	0	0	0	0	0	0	1	0	0	0	0	0	0
OG0000898	0	0	-1	-1	1	0	-1	0	2	0	1	0	0	0	0	0	0
OG0000899	0	0	0	-1	-1	2	-3	0	0	0	0	-1	0	0	2	0	5
OG0000900	2	-1	0	-1	0	-1	0	2	-1	0	0	-1	0	1	0	1	0
OG0000901	0	0	0	2	0	2	0	0	0	0	2	-1	0	0	0	0	0
OG0000902	0	3	0	-1	0	0	0	0	0	0	1	0	0	0	0	0	0
OG0000903	0	0	-1	0	-1	-1	0	-1	1	0	1	0	0	0	0	1	0
OG0000904	-1	0	0	-1	0	0	2	-1	0	0	1	0	0	0	0	3	0
OG0000905	0	0	0	0	-1	0	0	0	1	0	0	0	0	1	2	0	0
OG0000906	-1	3	0	0	0	0	-4	1	0	0	2	0	0	0	0	0	0
OG0000907	0	0	0	0	3	-1	-2	0	4	0	0	-1	0	1	0	0	6
OG0000923	2	0	0	-1	0	1	0	0	0	0	1	0	0	0	0	0	0
OG0000924	-1	3	0	1	1	-2	0	-1	0	0	2	2	0	0	-1	0	0
OG0000925	0	0	0	-1	0	3	0	0	-1	0	1	0	0	0	0	0	-1
OG0000926	0	-1	0	-1	0	1	-1	2	0	0	1	0	0	0	1	0	3
OG0000927	0	2	0	-2	0	0	-1	0	0	0	2	5	0	0	0	-1	0
OG0000928	3	3	0	0	0	0	0	0	0	0	0	1	0	0	0	1	0
OG0000929	-1	1	0	0	0	-2	2	0	0	0	3	2	0	-1	0	0	0
OG0000930	-1	0	0	-1	0	1	0	0	0	0	2	1	0	0	0	0	0
OG0000931	0	8	-1	0	2	0	0	0	0	0	2	1	0	0	-1	0	0
OG0000932	4	-1	0	-2	-1	2	-2	0	1	0	0	0	0	0	1	0	2
OG0000933	0	0	2	0	0	0	0	0	-1	0	1	0	0	0	1	1	0
OG0000934	-1	-1	0	3	0	0	0	0	0	0	2	-1	0	0	0	0	1
OG0000935	0	0	0	-1	1	0	0	0	0	0	2	1	0	0	0	0	0
OG0000936	0	0	0	-1	0	0	0	0	0	0	1	0	0	0	0	0	0
OG0000937	0	11	-1	0	0	0	1	0	0	0	2	1	0	-1	0	0	0
OG0000938	0	0	0	0	0	3	0	0	0	0	1	-1	0	2	0	0	0
OG0000939	0	3	-1	-1	-1	0	1	2	-1	0	0	0	0	0	1	2	0
OG0000951	1	4	-1	-2	0	0	0	0	2	0	0	1	0	0	0	1	0
OG0000952	1	0	0	-1	0	0	0	0	0	0	1	0	0	0	0	0	0
OG0000953	0	1	0	0	0	0	1	0	-1	0	1	0	0	0	0	0	0
OG0000954	1	3	0	-1	-1	0	0	0	0	0	1	0	0	0	0	0	0
OG0000955	-1	0	0	0	0	-4	-1	0	1	0	2	4	0	0	0	0	1
OG0000956	0	2	0	-1	0	0	0	0	0	0	2	0	0	0	0	0	0
OG0000957	-1	3	-1	0	-1	0	0	0	0	0	2	1	0	0	0	0	0
OG0000958	0	-1	0	0	0	0	5	0	0	0	1	0	0	0	1	0	0
OG0000959	1	0	0	1	-1	0	0	0	0	0	1	0	0	0	0	0	0
OG0000960	0	2	0	-1	0	0	0	0	0	0	2	0	0	0	0	0	0
OG0000961	2	1	-1	-1	-1	0	-1	0	0	0	1	0	0	0	0	0	0
OG0000962	0	-1	0	0	0	0	0	0	0	0	1	0	0	1	2	0	0
OG0000963	2	0	-1	-1	0	0	0	0	0	0	0	0	0	1	0	2	1
OG0000964	0	14	-2	1	0	0	0	-1	0	0	2	2	0	0	-1	-1	0
OG0000965	0	-1	0	0	0	2	0	1	-1	0	0	0	0	0	1	0	0
OG0000966	-1	1	0	0	3	0	0	0	0	0	2	5	0	0	0	-2	0
OG0000967	-1	-1	5	3	-3	0	0	0	-1	0	2	0	0	0	0	0	0
OG0000979	3	-4	2	0	6	-5	10	-4	0	0	1	0	0	0	0	0	-1
OG0000980	0	1	0	0	0	0	0	-1	0	0	1	0	0	0	0	0	0
OG0000981	0	0	0	0	0	1	0	-1	0	0	1	0	0	0	0	0	0
OG0000982	1	2	-1	1	0	0	0	-1	0	0	1	0	0	0	0	0	0
OG0000983	0	0	0	-1	0	0	0	0	0	0	1	0	0	0	0	0	0
OG0000984	-1	6	-1	-1	0	0	0	0	1	0	2	1	0	0	0	-1	0
OG0000985	2	-2	3	0	-2	1	0	0	0	0	0	0	0	0	1	0	0
OG0000986	0	-1	0	0	0	2	0	0	0	0	1	0	0	0	1	0	0
OG0000987	0	-3	0	0	-1	0	0	0	2	0	2	0	0	0	0	0	0
OG0000988	0	3	-1	-1	0	0	0	0	0	0	2	0	0	0	0	0	0
OG0000989	0	0	0	0	0	0	0	-1	3	0	0	0	0	0	0	4	0
OG0000990	-1	1	0	0	1	0	0	0	-1	0	2	0	0	0	0	0	0
OG0001004	1	1	0	0	1	-1	3	0	0	0	1	0	0	0	0	0	-1
OG0001005	1	0	1	1	0	0	0	1	0	0	0	0	0	0	0	1	0
OG0001006	0	1	0	0	0	0	0	0	-1	0	0	0	0	0	2	1	0
OG0001007	7	0	2	-1	-1	0	0	0	0	0	0	0	0	0	0	1	0
OG0001008	0	0	0	3	-2	0	0	-1	0	0	1	-1	0	0	0	0	0
OG0001009	2	0	0	-2	-1	1	2	-1	0	0	0	0	0	0	1	0	0
OG0001010	-1	3	0	2	-2	-1	0	0	0	0	2	1	0	-2	0	0	1
OG0001011	-1	0	2	0	0	-2	1	0	-1	0	2	0	0	0	0	1	0
OG0001012	0	1	-1	-1	-1	0	0	0	0	0	1	0	0	0	0	0	0
OG0001013	-1	-2	1	14	-2	0	0	0	0	0	2	0	0	-1	0	0	0
OG0001014	1	-2	2	-1	1	-1	1	1	-1	0	1	0	0	0	0	0	0
OG0001015	0	0	0	-2	-1	0	1	0	0	0	1	1	0	0	0	0	0
OG0001016	-1	12	-2	-3	2	0	1	0	0	0	1	1	0	0	0	0	0
OG0001017	0	1	-1	0	0	0	0	0	0	0	0	0	0	1	0	0	0
OG0001018	-1	2	-1	-1	1	0	1	0	0	0	1	0	0	1	0	0	0
OG0001030	0	0	1	0	0	0	0	-1	0	0	2	0	0	0	0	0	0
OG0001031	-1	-2	4	-2	4	0	0	1	0	0	1	0	0	0	0	0	1
OG0001032	-1	2	0	-1	0	0	0	-1	1	0	1	0	0	0	0	2	0
OG0001033	2	0	0	0	0	0	-1	0	0	0	0	0	0	1	0	0	0
OG0001034	3	16	-2	0	-1	-1	1	0	0	0	0	2	0	-1	0	0	0
OG0001035	0	2	0	-1	-1	0	0	0	0	0	0	0	0	0	0	1	1
OG0001036	1	0	0	1	-1	0	0	0	0	0	1	-1	0	0	0	0	0
OG0001037	0	2	0	0	1	0	0	0	-2	0	2	0	0	0	0	0	0
OG0001038	0	1	-1	0	0	0	1	0	0	0	0	0	0	0	0	1	0
OG0001039	0	1	0	-2	0	0	0	0	1	0	0	0	0	1	0	0	0
OG0001040	1	1	-1	-2	0	0	-1	0	0	0	1	0	0	0	0	0	0
OG0001041	0	0	0	-1	0	0	2	0	0	0	1	0	0	1	0	0	0
OG0001042	-1	0	1	-2	0	-1	0	0	1	0	1	0	0	1	0	1	0
OG0001043	0	1	0	0	1	0	0	0	0	0	1	0	0	1	0	0	0
OG0001044	0	0	0	1	0	0	0	1	0	0	0	0	0	0	0	0	1
OG0001045	-1	1	0	0	1	0	0	-1	0	0	2	0	0	0	0	0	0
OG0001046	0	3	-1	-2	0	0	0	0	-1	0	2	1	0	0	0	0	0
OG0001047	0	-1	0	0	-1	1	1	0	-2	0	2	0	0	0	0	0	0
OG0001048	0	1	0	-2	0	1	3	0	0	0	2	0	0	0	0	0	-1
OG0001049	-1	0	0	-1	0	0	0	0	0	0	2	0	0	0	0	0	0
OG0001050	0	10	-1	0	0	0	0	0	0	0	1	1	0	0	0	0	0
OG0001051	-1	0	1	0	-1	0	0	1	0	0	1	0	0	0	0	0	2
OG0001052	-1	0	1	0	0	1	3	0	-2	0	1	0	0	0	1	0	0
OG0001053	0	2	0	0	0	0	0	0	0	0	1	0	0	0	1	0	3
OG0001054	-1	0	0	1	-1	-1	0	0	0	0	2	0	0	0	0	0	0
OG0001055	-1	3	0	0	3	-1	1	0	-1	0	2	1	0	0	0	0	-1
OG0001068	0	1	0	0	0	0	0	0	0	0	0	0	0	0	1	0	0
OG0001069	-1	0	1	0	0	0	0	0	0	0	1	0	0	1	0	0	0
OG0001070	1	0	0	0	-1	0	0	0	0	0	1	-1	0	0	0	0	0
OG0001071	0	6	-1	-1	-1	2	0	-4	4	0	0	0	0	0	2	0	0
OG0001072	0	0	0	2	1	-1	-1	0	12	0	1	0	0	0	0	0	0
OG0001073	4	0	2	-1	0	0	0	0	0	0	0	0	0	0	0	0	1
OG0001074	0	3	-1	2	0	0	0	0	0	0	0	1	0	0	0	0	1
OG0001075	2	1	0	0	1	0	0	0	0	0	0	3	0	0	0	0	0
OG0001076	3	0	0	3	-1	2	0	1	-2	0	0	-1	0	0	0	0	0
OG0001078	-1	-1	1	-1	0	0	1	0	0	0	1	0	0	0	1	0	0
OG0001079	1	-1	7	-1	0	0	0	0	-1	0	0	2	0	0	0	0	0
OG0001080	-1	1	0	-2	0	0	-1	0	0	0	2	0	0	0	0	0	0
OG0001081	-1	0	-1	-2	2	1	0	0	0	0	1	0	0	1	0	0	0
OG0001082	0	0	0	0	1	0	1	0	0	0	1	0	0	1	0	0	0
OG0001083	-1	0	0	0	0	0	-1	0	1	0	1	0	0	1	0	0	0
OG0001098	0	0	0	-1	0	-1	0	0	0	0	2	0	0	0	0	0	0
OG0001099	1	2	0	-2	-1	1	0	0	0	0	0	4	0	0	0	0	-1
OG0001100	1	-1	5	0	0	-1	0	1	0	0	0	0	0	0	0	1	0
OG0001101	0	0	0	1	0	-1	0	-1	0	0	2	0	0	0	0	0	0
OG0001102	0	0	-1	1	-1	-3	0	2	-1	0	0	0	0	0	0	2	0
OG0001103	0	1	0	0	0	0	0	1	0	0	0	0	0	0	2	0	3
OG0001104	0	1	0	0	0	3	-1	2	0	0	0	0	0	0	1	0	0
OG0001105	0	0	0	-1	-1	2	-2	0	1	0	0	-1	0	0	1	0	5
OG0001106	0	-2	0	-1	1	0	-1	0	0	0	0	0	0	1	0	0	0
OG0001107	-1	1	0	-1	0	0	0	0	0	0	1	0	0	1	0	0	0
OG0001108	1	0	0	0	4	0	0	0	0	0	0	1	0	0	0	0	0
OG0001109	0	0	-1	4	3	-1	-2	4	0	0	1	-1	0	0	0	0	0
OG0001110	1	-1	0	1	2	0	0	0	0	0	1	0	0	0	-1	0	0
OG0001111	20	1	-1	1	0	0	0	0	-1	0	-1	0	0	-2	0	-1	0
OG0001112	0	1	0	0	0	0	1	0	0	0	0	0	0	0	0	1	0
OG0001113	0	2	0	-1	1	-1	0	1	0	0	1	0	0	0	0	1	0
OG0001114	0	-1	1	2	-3	0	0	0	1	0	0	0	0	0	0	0	1
OG0001115	-1	14	-1	-1	1	0	0	0	0	0	1	2	0	0	0	-1	0
OG0001116	0	1	0	-2	0	-1	0	0	0	0	2	0	0	0	0	0	0
OG0001117	0	0	0	0	0	0	1	0	0	0	1	0	0	0	0	1	0
OG0001118	0	3	0	0	2	0	1	0	-1	0	1	1	0	0	0	0	0
OG0001119	0	1	0	-2	-1	1	0	0	0	0	1	0	0	0	0	0	2
OG0001120	1	0	1	0	0	0	0	0	-1	0	1	0	0	0	0	-1	0
OG0001121	0	1	0	-1	0	0	0	0	0	0	0	0	0	1	1	0	0
OG0001122	0	2	0	0	0	0	0	0	0	0	1	0	0	0	1	0	0
OG0001123	0	3	0	0	0	2	-1	0	0	0	1	1	0	0	0	0	0
OG0001124	0	7	-1	0	0	-1	1	0	0	0	2	1	0	-1	0	0	0
OG0001125	-1	0	0	-2	2	0	0	0	0	0	1	0	0	1	0	0	0
OG0001139	-1	7	0	0	1	0	0	0	0	0	1	1	0	0	0	0	0
OG0001140	0	1	-1	0	-1	0	0	0	-1	0	2	0	0	0	0	0	0
OG0001141	0	2	0	-1	0	0	0	-1	0	0	0	1	0	0	0	1	0
OG0001142	0	2	0	0	0	1	0	4	0	0	1	0	0	0	0	0	1
OG0001143	0	3	-1	0	0	-4	0	1	0	0	1	1	0	0	0	0	0
OG0001144	1	6	0	-2	0	0	0	0	0	0	0	1	0	0	0	0	0
OG0001145	5	0	-1	0	-1	0	0	0	0	0	-1	0	0	0	1	1	0
OG0001147	2	0	0	-1	0	0	0	0	0	0	0	0	0	0	0	1	0
OG0001148	0	3	-1	1	1	0	0	-1	0	0	1	1	0	0	-1	0	0
OG0001149	-1	-1	3	-2	1	0	-1	0	-1	0	2	1	0	0	0	-1	0
OG0001150	7	-1	0	1	-2	1	1	0	-3	0	0	-3	0	0	0	0	-1
OG0001151	0	0	3	-1	0	0	0	0	0	0	0	0	0	0	0	1	0
OG0001152	-1	2	0	-1	-1	2	0	2	-1	0	1	0	0	0	0	0	0
OG0001153	0	0	0	0	-1	-1	0	0	0	0	2	0	0	0	0	0	0
OG0001154	0	1	0	1	-1	2	0	0	-1	0	1	1	0	0	0	-2	0
OG0001155	0	0	0	0	0	3	0	0	0	0	0	-1	0	0	0	0	0
OG0001156	-1	-1	0	1	0	0	2	0	-1	0	2	-1	0	0	0	0	0
OG0001157	-1	0	0	-1	-1	1	0	0	0	0	1	0	0	0	1	0	0
OG0001158	0	0	1	-1	-1	4	0	0	1	0	1	1	0	0	1	0	0
OG0001181	-1	0	0	0	0	0	-3	1	0	0	1	-1	1	0	0	0	0
OG0001182	-1	6	-1	0	1	0	0	0	0	0	1	1	0	0	0	0	0
OG0001183	3	1	-1	-1	0	-1	0	0	0	0	0	0	0	0	0	1	0
OG0001184	1	0	4	-1	-1	0	-1	0	0	0	0	1	0	0	0	0	3
OG0001185	0	0	0	0	0	0	0	0	0	0	0	0	0	0	0	1	0
OG0001186	1	0	0	1	0	-1	0	0	0	0	0	-1	0	0	0	3	1
OG0001187	1	1	0	0	0	0	1	1	-1	0	0	0	0	0	0	0	0
OG0001188	0	0	0	0	-1	0	0	1	-1	0	0	-1	0	0	1	0	0
OG0001189	1	-1	1	0	-1	0	0	0	-1	0	1	0	0	0	0	0	-1
OG0001190	1	4	0	0	0	0	0	0	0	0	0	1	0	0	0	0	0
OG0001191	0	3	0	0	0	-1	0	0	0	0	1	1	0	0	0	0	1
OG0001192	2	0	1	0	0	0	1	0	0	0	1	0	-1	0	0	2	0
OG0001193	0	1	0	-1	0	1	0	0	0	0	0	0	0	0	0	0	1
OG0001194	-1	6	-1	0	0	0	0	0	-1	0	2	1	0	0	-1	0	0
OG0001195	4	0	0	0	1	0	1	0	-1	0	0	1	0	0	0	0	0
OG0001196	12	0	0	-1	0	-1	0	1	-1	0	-1	-1	0	0	0	0	0
OG0001197	2	3	0	0	1	0	0	0	0	0	0	0	0	0	0	0	0
OG0001198	8	0	-1	-1	-1	0	1	0	0	0	0	0	0	0	0	0	0
OG0001199	0	3	0	-1	1	0	0	1	0	0	1	0	0	0	0	0	0
OG0001200	1	15	-1	-1	1	0	1	0	0	0	0	2	0	0	0	0	0
OG0001201	0	0	1	-1	0	0	0	0	0	0	1	0	0	0	0	0	1
OG0001202	0	1	0	0	0	0	0	0	-1	0	1	0	0	0	0	-1	0
OG0001203	1	3	0	0	1	-1	0	0	0	0	0	0	0	0	0	0	1
OG0001204	0	1	0	1	0	0	0	0	0	0	1	0	0	0	0	0	1
OG0001205	1	0	3	1	-1	1	0	0	0	0	1	0	0	-1	0	0	-1
OG0001206	0	4	0	0	1	0	0	0	0	0	1	1	0	0	0	0	0
OG0001207	-1	2	-1	0	-2	3	-3	0	1	0	1	0	0	0	0	0	0
OG0001208	1	0	0	0	0	1	-3	0	0	0	0	0	0	2	0	0	0
OG0001209	-1	3	0	0	-1	2	-1	0	0	0	1	0	0	0	0	0	0
OG0001210	0	1	0	0	0	0	1	-2	0	0	0	0	0	0	2	1	0
OG0001211	-1	8	-1	1	0	0	0	-1	1	0	1	1	0	0	0	0	0
OG0001212	0	0	0	-1	0	0	-1	1	0	0	0	0	0	3	0	0	0
OG0001213	0	0	0	1	0	-1	0	-1	0	0	2	0	0	0	0	0	0
OG0001214	-1	7	-2	-1	3	0	-1	2	-2	0	1	0	0	0	0	0	0
OG0001230	0	2	0	-1	0	1	0	0	0	0	0	0	0	0	1	0	1
OG0001231	0	-1	0	0	0	0	0	0	2	0	0	0	0	0	2	1	1
OG0001232	21	-1	0	-1	0	-2	0	-1	0	0	-2	0	0	0	0	1	0
OG0001233	0	0	0	0	-1	0	0	0	0	0	1	0	0	0	1	2	0
OG0001234	1	1	0	-1	0	0	0	0	0	0	1	1	0	0	0	-2	0
OG0001235	1	0	1	1	0	3	0	0	-1	0	0	0	0	0	0	0	-1
OG0001236	0	0	0	0	0	0	0	0	0	0	1	1	0	0	0	1	0
OG0001237	2	0	0	0	0	0	0	0	0	0	0	0	0	0	2	0	0
OG0001238	0	-1	0	-1	0	3	-1	1	0	0	0	0	0	1	0	0	0
OG0001239	-1	17	-2	1	0	0	0	0	0	0	1	1	0	-1	0	0	0
OG0001240	0	2	0	-1	0	0	1	1	-1	0	0	0	0	0	0	3	0
OG0001241	0	0	0	0	-1	0	0	0	-1	0	0	0	0	0	0	1	0
OG0001242	5	0	-1	-1	-1	0	0	1	-1	0	0	0	0	0	0	0	0
OG0001243	0	0	0	-1	0	0	0	0	0	0	1	0	0	0	1	0	0
OG0001244	-1	-1	0	0	0	-1	0	0	-1	0	2	0	0	0	0	0	0
OG0001245	0	0	-1	0	0	0	0	0	-1	0	1	0	0	0	0	-1	0
OG0001246	2	2	0	0	0	0	0	0	-1	0	1	1	0	-1	0	0	0
OG0001247	0	1	0	0	0	1	0	0	0	0	0	0	0	0	2	0	0
OG0001248	2	1	-1	1	0	0	0	0	0	0	1	0	0	0	0	-1	-1
OG0001249	0	-1	1	-1	0	4	0	1	0	0	1	0	0	1	0	-1	0
OG0001250	0	-2	1	1	1	0	-1	1	0	0	2	0	0	0	0	-2	0
OG0001251	0	0	1	0	0	0	0	0	1	0	0	1	0	0	0	0	0
OG0001252	0	0	0	0	0	1	1	0	-1	0	1	0	0	0	2	0	0
OG0001253	1	5	0	0	0	0	-3	0	0	0	0	1	0	0	0	0	0
OG0001254	2	0	0	0	0	0	2	-1	0	0	0	-1	0	0	0	3	0
OG0001255	1	2	0	0	0	0	0	0	-1	0	1	0	0	-1	0	0	0
OG0001256	0	2	0	0	0	0	0	1	0	0	1	0	0	0	1	1	0
OG0001257	18	-1	1	0	0	0	0	0	0	0	-2	0	0	0	0	0	0
OG0001258	34	0	0	-1	0	-1	0	0	0	0	-3	0	0	0	0	0	0
OG0001259	-1	2	0	0	1	0	2	0	0	0	1	0	0	0	0	0	0
OG0001260	0	0	1	3	-1	-1	0	0	0	0	1	0	0	0	0	1	0
OG0001261	0	0	-1	0	0	0	0	0	-1	0	1	0	0	1	0	0	0
OG0001262	0	2	0	-2	1	1	0	-1	1	0	1	1	0	0	0	0	0
OG0001263	0	0	0	-1	0	0	1	0	1	0	0	0	0	0	1	1	0
OG0001264	0	0	-1	-1	0	0	-4	0	0	0	1	0	0	1	0	0	0
OG0001265	0	0	0	0	0	0	0	0	0	0	1	1	0	-1	0	0	0
OG0001266	0	1	0	-2	1	2	0	0	1	0	1	0	0	0	0	0	0
OG0001267	0	0	0	0	2	0	0	0	1	0	2	0	0	0	-1	0	0
OG0001276	8	-2	3	1	0	0	1	-1	0	0	0	0	0	-2	0	0	0
OG0001277	0	0	-1	-1	0	-1	1	1	0	0	1	0	0	0	0	1	0
OG0001278	0	1	0	-1	0	0	0	1	0	0	1	0	0	0	1	0	1
OG0001279	0	-1	1	0	0	0	0	0	1	0	0	0	0	0	2	2	0
OG0001280	0	0	0	1	0	0	0	0	0	0	1	0	0	0	-1	0	0
OG0001281	0	0	0	1	0	-3	1	0	0	0	1	0	1	0	0	0	0
OG0001282	0	2	0	0	0	0	0	0	-1	0	1	0	0	0	-1	0	0
OG0001283	-1	-1	0	0	0	0	0	0	0	0	1	0	0	0	0	1	0
OG0001284	0	0	-1	0	0	0	1	0	0	0	0	0	0	1	1	0	0
OG0001285	0	0	1	1	1	0	0	0	0	0	1	0	0	0	0	0	0
OG0001286	2	9	-2	-1	1	0	0	1	0	0	0	1	0	0	-1	0	0
OG0001287	-1	0	0	0	0	0	0	0	0	0	1	0	0	0	0	1	0
OG0001288	0	4	0	0	1	-1	1	0	0	0	0	0	0	0	0	0	0
OG0001289	-1	-3	0	1	0	0	0	-1	0	0	2	-1	0	0	0	0	0
OG0001290	2	2	0	-1	0	0	0	0	0	0	0	0	0	0	0	0	0
OG0001291	0	-1	0	-1	-1	4	0	2	0	0	0	0	0	0	0	0	0
OG0001292	0	0	0	-1	-1	0	0	2	0	0	0	-1	0	0	0	0	6
OG0001293	0	8	0	-1	-1	1	0	0	8	0	0	0	0	0	0	0	1
OG0001294	0	-1	0	0	0	-2	0	0	-1	0	1	-1	1	0	0	1	0
OG0001295	0	2	0	3	0	0	0	-1	1	0	1	0	0	0	0	0	0
OG0001296	0	-1	0	0	0	0	0	2	0	0	0	0	0	1	2	0	0
OG0001297	-1	1	0	0	0	0	0	0	0	0	1	0	0	0	0	1	0
OG0001298	0	4	0	-2	0	0	-3	0	0	0	0	0	0	0	0	0	1
OG0001299	-1	0	0	-1	0	1	0	0	0	0	1	2	0	0	0	0	0
OG0001300	0	0	0	1	1	1	0	0	1	0	1	0	0	0	0	0	0
OG0001301	0	0	0	0	0	2	0	0	0	0	1	0	0	0	0	0	0
OG0001302	0	-1	0	0	0	0	1	0	0	0	0	-1	0	0	0	1	0
OG0001320	-1	0	-1	18	10	-2	0	0	0	0	1	-1	2	0	-3	0	-2
OG0001321	0	4	0	-1	0	0	0	0	0	0	0	0	0	0	0	0	0
OG0001322	0	1	0	0	0	-1	0	0	1	0	1	0	0	-1	0	0	0
OG0001323	-1	32	-3	1	0	0	0	0	0	0	0	4	0	-2	0	0	0
OG0001324	-1	2	0	0	1	1	0	0	0	0	1	0	0	0	0	0	0
OG0001325	0	0	0	0	1	0	0	0	0	0	1	2	0	0	0	0	0
OG0001326	3	0	3	-1	0	-2	0	0	-1	0	0	1	0	0	0	1	0
OG0001327	0	15	-2	0	0	1	0	0	0	0	0	1	0	0	0	0	0
OG0001328	0	-1	0	-1	1	0	2	0	-2	0	1	0	0	0	0	1	0
OG0001329	2	1	0	0	0	-1	0	0	-1	0	1	0	0	0	-1	0	0
OG0001330	1	2	0	0	0	0	0	-1	0	0	1	0	0	0	0	-1	-1
OG0001331	0	0	0	0	0	0	0	0	0	0	1	0	0	0	0	0	1
OG0001332	1	4	0	0	0	0	0	0	2	0	0	1	0	0	-1	0	0
OG0001333	0	1	0	0	0	0	2	0	0	0	1	0	0	0	0	0	0
OG0001334	-1	4	0	0	-1	0	1	0	-1	0	1	1	0	0	0	0	0
OG0001335	0	1	0	0	0	0	0	0	-1	0	1	0	0	-1	0	0	0
OG0001336	2	3	0	-1	0	0	0	0	0	0	0	0	0	0	0	0	0
OG0001337	-1	2	0	1	0	0	2	0	0	0	1	0	0	0	0	0	0
OG0001338	1	-1	0	0	0	2	-2	0	0	0	0	0	0	0	1	0	1
OG0001339	-1	0	2	0	0	0	0	1	0	0	1	0	0	0	0	0	0
OG0001340	2	0	0	1	1	0	0	0	-1	0	0	0	0	0	0	0	0
OG0001341	0	0	1	0	2	0	0	0	-1	0	1	1	0	0	0	0	0
OG0001342	1	2	0	0	0	0	0	0	0	0	0	0	0	0	0	0	0
OG0001343	0	1	0	2	0	0	0	0	0	0	0	0	0	0	0	0	0
OG0001344	0	8	-1	-1	0	-2	0	0	-1	0	1	0	0	0	0	1	0
OG0001345	0	4	0	0	1	0	0	0	0	0	1	0	0	0	0	0	0
OG0001346	0	4	0	-2	1	0	0	0	0	0	1	1	0	0	0	0	0
OG0001347	0	0	0	0	0	0	0	0	-1	0	1	-1	0	0	2	1	0
OG0001348	0	1	0	0	0	1	1	-1	0	0	1	0	0	0	2	0	0
OG0001349	-1	1	0	-1	0	0	0	0	-2	0	1	0	0	1	0	0	0
OG0001350	0	0	0	0	0	-1	0	2	0	0	1	0	0	1	0	0	1
OG0001351	0	0	0	-1	0	1	0	0	0	0	1	0	0	1	0	0	1
OG0001352	0	0	0	0	0	-2	0	0	0	0	0	-1	0	2	0	3	0
OG0001367	2	2	0	0	0	0	1	0	-2	0	0	0	0	0	0	0	0
OG0001368	-1	-2	0	1	2	-3	0	1	0	0	1	0	0	0	0	0	2
OG0001369	-1	1	0	-1	0	1	1	0	0	0	1	0	0	0	0	0	0
OG0001370	0	0	1	0	0	0	0	0	0	0	1	0	0	0	1	0	1
OG0001371	5	0	0	0	0	8	0	0	-1	0	-1	0	0	0	0	0	0
OG0001372	1	0	0	-1	0	0	0	0	-1	0	0	0	0	1	1	0	0
OG0001373	8	0	-1	0	0	0	0	0	0	0	0	0	0	0	0	0	-1
OG0001374	0	0	0	-1	-1	0	1	2	-2	0	0	-1	0	0	0	5	0
OG0001375	0	0	0	1	-1	-1	0	0	0	0	1	0	0	0	0	0	1
OG0001376	0	1	0	0	0	0	0	0	0	0	0	0	0	0	1	0	1
OG0001377	1	4	0	-1	1	0	0	0	0	0	0	1	0	0	0	-1	0
OG0001378	1	1	0	0	0	0	0	0	0	0	0	0	0	0	0	0	0
OG0001379	2	-1	1	1	0	0	0	0	-1	0	0	0	0	0	0	0	0
OG0001380	-1	0	-1	1	0	0	0	0	0	0	1	0	0	0	0	0	1
OG0001381	2	0	-1	2	0	0	0	0	1	0	0	0	0	0	0	0	0
OG0001382	1	9	-1	0	0	0	0	1	0	0	0	0	0	-1	0	0	0
OG0001383	0	0	2	1	0	0	0	-1	0	0	1	1	0	0	0	0	0
OG0001384	0	2	0	-1	0	1	0	0	-1	0	0	0	0	0	0	0	0
OG0001385	0	4	0	0	0	0	0	0	0	0	0	0	0	0	0	0	0
OG0001386	1	9	-2	-2	0	-1	-1	0	0	0	0	0	0	0	0	0	0
OG0001388	-1	0	0	-1	-1	0	0	0	0	0	1	0	0	0	0	0	1
OG0001389	0	1	0	0	1	0	0	-1	0	0	0	1	0	0	0	0	0
OG0001390	0	0	-1	-1	-1	0	0	1	0	0	0	0	0	0	1	1	0
OG0001391	0	1	0	0	0	0	0	0	-1	0	2	0	0	0	-1	0	0
OG0001392	0	5	-1	-1	-1	0	-1	2	0	0	0	0	0	0	0	0	5
OG0001393	0	1	0	0	-1	0	1	0	-1	0	0	1	0	0	0	0	0
OG0001394	0	0	0	0	0	0	-2	0	1	0	0	0	0	0	0	0	3
OG0001395	0	3	0	-1	1	0	0	0	0	0	1	0	0	0	0	0	0
OG0001396	0	4	0	0	0	0	0	0	-1	0	0	0	0	0	0	0	0
OG0001397	1	0	0	-1	-1	0	1	1	0	0	0	1	0	0	0	2	0
OG0001398	0	6	-1	-1	0	0	-1	0	0	0	1	1	0	0	0	0	0
OG0001399	2	8	0	0	0	2	0	-1	0	0	0	1	0	0	0	0	0
OG0001400	3	2	-1	-1	1	-1	0	0	0	0	0	0	0	0	0	0	0
OG0001401	0	1	0	-1	0	2	0	0	0	0	1	0	0	0	1	0	1
OG0001402	2	0	1	0	0	0	0	0	0	0	0	0	0	0	0	1	1
OG0001403	0	0	0	0	1	0	0	0	0	0	1	1	0	0	0	0	0
OG0001404	0	0	-1	-2	0	-1	0	0	0	0	0	0	0	1	0	0	0
OG0001405	0	1	0	0	0	0	0	0	-1	0	0	1	0	0	0	0	0
OG0001406	1	0	0	0	0	-1	0	0	3	0	0	-1	0	0	0	0	0
OG0001407	-1	0	0	3	1	0	0	0	-1	0	1	0	0	0	0	0	0
OG0001408	0	0	0	-1	-1	2	-1	0	3	0	0	-1	0	0	1	0	3
OG0001425	2	0	-1	0	0	0	0	0	0	0	0	0	0	0	1	0	1
OG0001426	-1	0	0	0	0	1	0	0	-1	0	1	1	0	0	0	0	0
OG0001427	0	0	0	0	0	4	0	0	-1	0	0	2	0	0	0	0	0
OG0001428	0	2	0	-1	0	0	0	0	0	0	0	1	0	0	0	2	0
OG0001429	-1	2	0	2	0	-2	1	0	-1	0	2	1	0	0	-1	0	0
OG0001430	-1	0	0	-1	1	1	0	0	1	0	1	0	0	0	0	0	0
OG0001431	0	0	1	0	0	0	0	1	-1	0	0	0	0	0	1	1	0
OG0001432	0	0	-1	-1	4	0	-2	6	0	0	0	0	0	1	0	0	0
OG0001433	0	4	0	0	0	0	0	0	-1	0	1	0	0	0	0	0	0
OG0001434	0	0	1	0	0	0	0	0	0	0	0	0	0	0	0	0	0
OG0001435	1	0	0	0	-1	1	0	1	0	0	0	0	0	0	1	0	0
OG0001436	2	0	0	-1	-1	12	0	0	0	0	0	-1	0	0	0	-1	0
OG0001437	1	3	0	0	0	0	0	0	-1	0	0	0	0	0	0	0	0
OG0001438	0	-1	0	0	0	0	0	0	-2	0	0	-1	0	0	1	0	0
OG0001439	2	0	0	-1	0	0	1	-1	0	0	0	-1	0	0	2	0	0
OG0001440	1	1	-1	4	0	-1	0	0	-1	0	0	0	0	0	0	0	0
OG0001441	0	0	0	0	0	0	0	0	-1	0	0	2	0	0	0	0	0
OG0001442	1	1	0	0	0	0	1	0	-1	0	0	1	0	0	0	0	0
OG0001443	0	2	0	1	0	1	0	0	0	0	0	0	0	0	0	-1	0
OG0001444	1	1	0	0	0	0	1	0	1	0	0	0	0	0	0	4	0
OG0001445	3	0	0	-2	-2	1	-1	0	1	0	0	0	0	0	0	0	0
OG0001446	1	-1	1	0	2	-1	0	0	0	0	0	0	0	0	0	0	0
OG0001447	0	1	0	1	0	0	0	0	-1	0	1	0	0	0	0	0	0
OG0001448	1	0	2	-1	2	0	0	0	0	0	0	0	0	0	0	0	-1
OG0001449	-1	0	-1	-1	0	1	2	0	0	0	1	0	0	1	0	0	-2
OG0001450	0	0	3	-2	1	1	0	-1	0	0	1	0	0	0	0	0	0
OG0001451	0	0	0	0	0	1	0	0	-1	0	0	0	0	3	0	0	0
OG0001452	0	1	0	-1	0	0	1	0	-1	0	0	0	0	0	0	0	0
OG0001453	-1	1	-1	0	-1	0	0	0	0	0	1	0	0	0	0	0	1
OG0001454	0	0	0	-1	-1	0	0	1	0	0	0	-1	0	0	1	1	3
OG0001455	0	3	0	0	0	0	0	0	-1	0	1	0	0	0	0	0	0
OG0001456	0	2	-1	-1	-1	1	0	0	0	0	0	0	0	0	0	0	0
OG0001457	0	1	0	0	1	0	0	0	0	0	1	0	0	0	0	0	0
OG0001458	0	2	0	-1	-1	0	0	0	0	0	0	0	0	0	0	0	0
OG0001459	0	0	0	0	0	1	0	0	0	0	1	0	0	0	1	0	1
OG0001460	0	2	0	0	0	0	0	0	0	0	1	0	0	0	0	0	0
OG0001461	0	0	0	-1	0	0	0	1	0	0	1	0	0	0	0	0	0
OG0001462	0	-1	1	-2	0	2	0	1	-1	0	0	0	0	1	0	0	0
OG0001463	-1	2	0	-2	-1	0	0	0	0	0	1	0	0	0	0	0	1
OG0001464	0	2	0	0	0	0	0	0	0	0	1	0	0	0	0	0	0
OG0001465	2	-1	2	1	-1	0	0	0	0	0	1	0	0	-1	0	-1	0
OG0001466	0	0	-1	-1	1	0	0	0	0	0	1	0	0	0	0	0	1
OG0001467	0	0	2	0	1	0	0	0	-1	0	1	0	0	0	0	0	0
OG0001468	0	2	0	0	0	0	0	0	0	0	1	0	0	0	0	0	0
OG0001469	1	1	0	-1	0	1	0	1	0	0	0	0	0	0	0	-1	0
OG0001470	-1	0	0	-1	0	-1	0	0	0	0	1	1	0	0	0	0	1
OG0001471	0	4	-1	0	0	-1	0	0	0	0	1	1	0	0	0	0	0
OG0001472	0	0	0	-1	0	1	-1	2	-1	0	0	0	0	1	0	0	0
OG0001473	-1	0	1	-2	1	0	1	0	0	0	1	0	0	0	0	0	0
OG0001474	0	-1	3	-1	-1	0	0	1	0	0	0	0	0	0	0	0	0
OG0001475	0	0	0	0	0	1	0	-1	0	0	0	0	0	1	2	0	0
OG0001476	0	15	-2	-1	1	0	0	0	0	0	1	1	0	0	0	0	0
OG0001477	-1	4	-1	-1	-1	0	0	0	0	0	1	1	0	0	0	0	0
OG0001493	0	1	0	0	0	0	0	0	0	0	1	0	0	0	0	0	0
OG0001494	0	1	0	0	0	0	0	0	-1	0	1	0	0	0	0	0	0
OG0001495	0	2	0	0	0	1	0	0	0	0	1	0	0	0	0	0	-1
OG0001496	0	0	0	0	0	0	-1	0	0	0	1	1	0	0	0	0	0
OG0001497	9	2	0	-2	0	0	0	0	0	0	-1	1	-1	0	0	0	0
OG0001498	-1	0	0	-2	0	2	1	0	-1	0	1	0	0	0	0	0	0
OG0001499	0	0	1	0	2	-1	0	0	-1	0	1	1	0	0	0	0	0
OG0001500	26	1	0	0	0	0	0	0	0	0	-2	0	0	0	0	0	0
OG0001501	1	3	-1	3	-1	1	0	0	0	0	0	0	0	0	0	-1	0
OG0001502	0	0	2	0	0	0	0	-1	0	0	0	0	0	0	0	0	0
OG0001503	0	0	0	0	0	0	0	0	0	0	0	0	0	0	0	0	0
OG0001504	0	2	0	0	0	0	0	0	-1	0	0	0	0	0	0	0	0
OG0001505	5	-1	0	3	1	0	0	0	0	0	0	-2	0	0	0	-3	0
OG0001506	1	1	0	0	0	0	0	0	0	0	0	0	0	0	0	0	0
OG0001507	0	26	-2	-1	0	0	0	0	0	0	0	3	0	0	0	0	0
OG0001508	0	2	0	-1	0	0	0	0	0	0	1	0	0	0	0	0	0
OG0001509	0	1	0	0	0	0	0	0	0	0	1	0	0	0	0	0	0
OG0001510	1	0	-1	0	1	0	0	0	-1	0	0	0	0	0	0	0	0
OG0001511	0	4	0	0	1	0	0	0	0	0	0	1	0	0	0	-1	0
OG0001512	0	2	0	0	0	0	0	0	0	0	1	0	0	0	0	0	0
OG0001513	2	0	0	-1	1	-1	0	1	0	0	0	0	0	0	0	0	0
OG0001514	-1	2	0	0	0	0	0	0	0	0	1	0	0	0	0	0	0
OG0001515	0	1	0	-1	0	0	0	0	0	0	0	0	0	0	0	0	0
OG0001517	1	1	0	0	0	-1	0	0	0	0	0	0	0	0	0	0	0
OG0001518	0	10	0	0	0	0	0	0	0	0	0	2	0	0	0	0	0
OG0001519	0	2	0	-1	0	0	0	0	0	0	0	0	0	0	0	0	0
OG0001520	0	0	0	1	-1	0	-2	0	3	0	0	-1	1	0	0	0	3
OG0001521	0	3	0	-2	0	0	0	0	0	0	1	0	0	0	0	0	0
OG0001522	3	0	1	0	0	1	0	2	0	0	0	0	0	0	0	0	0
OG0001523	1	0	0	4	0	-1	0	0	-1	0	0	0	0	0	0	0	0
OG0001524	-1	3	-1	0	0	0	0	0	0	0	1	0	0	0	0	0	0
OG0001525	0	1	0	1	0	0	-1	0	0	0	1	1	0	0	0	0	0
OG0001526	0	1	0	-2	2	0	-1	1	-1	0	1	0	0	0	0	0	0
OG0001527	0	1	0	1	0	0	0	0	0	0	1	0	0	0	0	0	0
OG0001528	-1	4	0	-2	0	0	0	0	0	0	1	0	0	0	0	0	0
OG0001529	0	1	0	-1	0	0	1	0	-1	0	1	1	0	0	0	0	0
OG0001530	0	2	0	0	0	0	0	0	0	0	0	0	0	0	0	0	0
OG0001531	0	0	0	-1	-1	-1	40	0	0	0	0	-1	0	0	0	0	-1
OG0001532	0	1	0	-1	0	1	0	0	-1	0	0	0	0	0	0	0	0
OG0001533	-1	0	0	-1	0	-1	0	0	0	0	1	0	0	0	0	0	1
OG0001534	0	1	0	3	0	-1	0	0	0	0	1	0	0	0	0	0	0
OG0001535	0	0	0	-1	1	0	0	0	0	0	1	1	0	0	0	0	0
OG0001536	0	0	0	-1	0	-1	0	0	0	0	1	0	0	0	0	1	0
OG0001537	0	-1	1	0	0	0	0	0	0	0	0	0	0	0	0	0	0
OG0001538	3	-1	0	-1	0	0	0	0	-1	0	0	0	0	0	0	0	0
OG0001539	0	-1	0	0	1	0	-3	0	0	0	1	0	0	0	0	0	1
OG0001540	1	-2	0	0	0	0	0	0	-1	0	0	0	0	0	0	0	0
OG0001541	0	2	0	-1	0	0	0	0	0	0	1	0	0	0	0	0	0
OG0001542	1	-1	1	-1	0	1	0	0	1	0	0	0	0	0	1	0	0
OG0001543	0	1	0	-1	0	1	0	1	0	0	1	0	0	0	1	0	0
OG0001544	0	0	0	-1	-1	1	7	0	0	0	0	-1	0	0	3	0	-1
OG0001555	0	1	0	0	1	-3	0	0	0	0	0	0	0	0	0	1	0
OG0001556	-1	0	0	-1	0	0	0	1	0	0	1	0	0	0	0	0	0
OG0001557	0	1	0	1	0	-1	0	0	-1	0	1	1	0	0	0	0	0
OG0001558	-1	6	-1	-1	0	0	0	1	0	0	1	0	0	0	0	-1	0
OG0001559	-1	0	0	0	0	0	0	0	0	0	1	1	0	0	0	0	0
OG0001560	1	0	0	-2	0	0	0	0	0	0	0	0	0	0	0	0	0
OG0001561	0	1	0	0	0	0	0	-1	0	0	1	1	0	0	0	0	0
OG0001562	0	2	0	0	0	0	0	0	-1	0	1	0	0	0	0	0	0
OG0001563	1	1	0	0	0	0	0	1	0	0	0	0	0	0	0	-1	0
OG0001564	0	2	0	-1	0	0	0	0	-1	0	1	0	0	0	0	0	0
OG0001565	0	0	0	0	0	0	0	0	0	0	1	0	0	0	0	0	0
OG0001566	1	1	0	-1	0	0	-1	0	0	0	0	0	0	0	0	0	0
OG0001567	0	1	-1	0	-1	1	0	0	0	0	1	0	0	0	0	0	0
OG0001568	0	-1	4	0	0	1	0	-1	1	0	0	0	0	0	1	0	0
OG0001569	2	1	-1	-1	0	0	0	0	-1	0	0	0	0	0	0	0	0
OG0001570	1	0	-1	-1	-1	0	1	0	0	0	0	0	0	0	0	0	0
OG0001571	0	0	0	0	0	0	0	0	0	0	1	0	0	0	0	0	0
OG0001572	0	4	0	0	0	-1	0	0	-1	0	0	0	0	0	0	0	0
OG0001573	0	-1	1	2	0	1	-2	1	0	0	1	0	0	0	0	-1	0
OG0001574	1	0	0	-1	1	-1	-3	0	1	0	0	1	0	0	0	0	0
OG0001575	1	1	0	0	1	0	0	0	2	0	0	3	0	0	0	0	0
OG0001576	0	-1	1	-1	2	-1	-1	11	-1	0	0	0	0	0	0	0	0
OG0001577	1	12	-1	0	0	0	0	0	0	0	0	1	0	0	0	0	0
OG0001578	0	0	0	-2	-1	0	1	0	0	0	0	0	0	0	0	0	0
OG0001579	0	0	1	0	0	0	0	0	0	0	1	0	0	0	0	0	0
OG0001580	0	1	0	1	0	0	0	0	0	0	0	0	0	0	0	0	-1
OG0001581	0	1	0	0	0	0	0	0	-1	0	1	0	0	0	0	0	0
OG0001582	0	7	-1	2	-1	0	0	0	0	0	0	1	0	-1	0	0	0
OG0001583	1	0	0	-1	0	0	0	0	0	0	0	0	0	0	0	0	0
OG0001584	0	1	0	-1	-1	0	0	0	3	0	1	0	0	0	1	0	0
OG0001585	0	1	0	0	0	0	0	0	2	0	0	0	0	0	0	0	2
OG0001586	1	0	-1	-1	1	0	2	-1	0	0	0	0	0	0	0	0	0
OG0001587	0	0	-1	2	-1	0	0	0	0	0	0	0	0	0	0	0	0
OG0001588	-1	1	0	-1	0	0	0	0	0	0	1	1	0	0	0	0	0
OG0001589	-1	0	1	0	0	1	0	0	0	0	0	0	0	1	0	0	0
OG0001590	0	0	1	-2	0	1	0	0	-1	0	1	0	0	0	0	0	0
OG0001591	1	2	0	0	0	-1	0	0	0	0	0	0	0	0	0	0	0
OG0001592	1	0	0	0	0	-4	0	0	0	0	1	-1	0	0	0	0	0
OG0001593	0	1	0	-1	0	0	0	0	0	0	0	0	0	0	0	0	0
OG0001594	0	0	1	1	0	0	0	0	-1	0	1	0	0	0	0	0	0
OG0001595	0	0	0	1	-1	0	0	-1	0	0	1	1	0	0	0	0	0
OG0001596	2	0	1	1	-1	0	0	0	0	0	0	0	0	0	0	1	1
OG0001597	1	1	0	-2	0	0	0	0	-1	0	0	0	0	0	0	0	0
OG0001598	0	1	0	0	0	0	0	0	-1	0	1	0	0	0	0	0	0
OG0001599	1	0	1	-1	0	1	0	0	0	0	0	0	0	1	0	0	0
OG0001600	1	1	0	2	-2	1	0	0	0	0	0	0	0	0	0	-1	0
OG0001601	-1	0	0	-1	2	0	0	0	0	0	1	0	0	0	0	0	0
OG0001602	0	2	0	-2	0	0	0	0	0	0	1	0	0	0	0	0	0
OG0001603	0	1	0	0	0	0	0	0	0	0	1	0	0	0	0	0	0
OG0001604	0	2	0	0	1	1	-2	1	0	0	1	0	0	0	0	-1	0
OG0001605	-1	2	0	-1	0	0	0	0	0	0	1	0	0	0	0	0	0
OG0001606	0	1	0	0	0	0	0	0	0	0	0	0	0	0	0	0	-1
OG0001607	-1	0	1	0	0	1	0	0	-1	0	0	0	0	1	0	0	0
OG0001608	0	0	1	0	0	1	-1	1	0	0	0	0	0	0	2	0	1
OG0001609	-1	1	0	0	0	0	0	0	0	0	1	0	0	0	0	0	0
OG0001610	-1	4	0	0	0	0	0	0	-1	0	1	1	0	0	0	0	0
OG0001626	0	0	0	0	0	0	0	0	0	0	1	-1	0	0	0	0	0
OG0001627	-1	2	0	0	0	0	0	0	-1	0	1	0	0	0	0	0	0
OG0001628	-1	2	0	0	0	-1	0	0	0	0	1	0	0	0	0	0	0
OG0001629	0	2	0	-1	0	0	0	0	0	0	1	0	0	0	0	0	0
OG0001630	0	1	0	0	0	0	0	0	0	0	0	0	0	0	0	2	3
OG0001631	0	1	0	-1	0	0	0	0	-1	0	1	0	0	0	0	0	0
OG0001632	0	1	0	0	0	0	0	0	-1	0	1	0	0	0	0	0	0
OG0001633	0	1	0	-2	0	0	0	1	0	0	1	1	0	0	0	1	1
OG0001634	0	0	-1	0	0	1	0	1	0	0	1	0	0	0	0	-1	0
OG0001635	0	0	0	0	-1	1	-2	2	0	0	1	0	0	0	0	0	1
OG0001636	-1	0	0	0	0	0	1	0	-1	0	1	0	0	0	0	0	0
OG0001637	0	4	0	0	0	0	0	-1	0	0	0	2	0	0	-1	0	0
OG0001638	1	0	-1	-1	0	0	0	0	0	0	0	0	0	0	0	0	0
OG0001639	0	0	0	1	-1	0	0	0	0	0	1	1	0	0	0	0	-1
OG0001640	1	0	0	0	0	-1	0	0	3	0	0	-1	0	0	0	3	1
OG0001641	0	2	0	0	0	-1	0	0	-1	0	0	0	0	0	0	0	0
OG0001642	0	0	0	-1	0	0	0	0	0	0	0	0	0	0	0	0	0
OG0001643	-1	1	0	0	0	0	0	0	-1	0	1	0	0	0	0	0	0
OG0001644	3	2	0	0	0	2	0	0	0	0	0	0	0	0	0	0	0
OG0001645	1	3	-1	-1	0	0	1	0	0	0	0	0	0	0	0	0	-1
OG0001646	5	-1	0	-2	0	0	0	0	-1	0	0	0	0	0	0	0	0
OG0001647	0	0	0	-1	0	0	1	0	0	0	1	0	0	0	0	0	0
OG0001648	0	2	0	-2	0	0	0	0	0	0	1	0	0	0	0	0	0
OG0001649	-1	0	-1	1	-2	1	0	0	-1	0	1	0	0	0	0	0	0
OG0001650	0	3	0	-1	0	0	0	0	-1	0	1	0	0	0	0	0	0
OG0001651	0	0	-1	-1	0	0	0	0	0	0	0	0	0	0	0	0	0
OG0001652	0	0	0	1	0	-1	0	0	0	0	0	-1	0	0	0	0	0
OG0001653	0	0	-1	-1	0	1	0	0	-1	0	1	0	0	0	0	0	0
OG0001654	0	1	0	0	-1	-1	1	0	-2	0	1	0	0	0	0	1	0
OG0001655	0	-1	1	0	0	-1	5	0	0	0	0	0	0	1	0	0	0
OG0001656	0	0	-1	0	0	0	0	0	0	0	0	0	0	0	0	0	0
OG0001657	-1	2	0	-2	0	0	0	0	0	0	1	0	0	0	0	0	0
OG0001658	0	1	0	-2	0	0	0	0	0	0	1	0	0	0	0	0	0
OG0001659	-1	2	0	-2	0	0	0	0	0	0	1	0	0	0	0	0	0
OG0001660	0	1	0	-1	0	0	1	-1	0	0	1	0	0	0	0	0	0
OG0001661	0	0	0	0	0	0	-1	0	7	0	0	-1	0	0	1	0	1
OG0001662	0	1	0	-1	0	0	0	0	0	0	1	0	0	0	0	0	0
OG0001663	0	0	0	0	0	0	0	0	0	0	1	0	0	0	0	0	0
OG0001664	-1	-1	1	0	0	-1	0	1	0	0	1	0	0	0	0	0	0
OG0001665	-1	0	0	0	0	0	0	0	0	0	1	0	0	0	0	0	0
OG0001666	0	1	0	0	0	0	2	0	0	0	1	0	0	0	1	0	0
OG0001667	-1	2	0	-1	0	0	-1	0	0	0	1	0	0	0	0	0	0
OG0001668	-1	3	0	0	0	-1	0	0	0	0	1	0	0	0	0	0	0
OG0001669	0	0	0	0	0	2	0	0	0	0	1	0	0	0	0	-1	0
OG0001670	0	0	-1	2	-1	-2	1	0	-2	0	1	0	0	0	0	1	0
OG0001671	1	1	-1	-1	-1	0	0	0	-1	0	0	0	0	0	0	0	0
OG0001672	0	0	0	0	0	0	0	0	0	0	0	1	0	0	0	0	-1
OG0001673	0	2	0	0	0	-1	0	0	0	0	1	0	0	0	0	0	0
OG0001674	-1	1	-1	-1	0	-1	0	0	0	0	1	0	0	0	0	1	0
OG0001675	-1	0	0	0	0	0	0	0	0	0	1	0	0	0	0	0	0
OG0001676	-1	0	0	1	0	0	0	0	0	0	1	0	0	0	0	0	0
OG0001677	0	0	0	1	-1	-1	0	0	-1	0	1	0	0	-1	0	0	0
OG0001678	0	0	0	0	0	0	0	0	0	0	1	0	0	0	0	1	1
OG0001679	0	0	0	-1	0	-1	1	0	-1	0	1	1	0	0	0	0	0
OG0001680	0	0	0	0	0	0	0	0	0	0	1	0	0	0	1	0	1
OG0001681	0	0	1	0	0	0	0	0	-1	0	1	0	0	0	0	0	0
OG0001682	-1	0	2	0	-1	0	1	0	0	0	1	0	0	0	0	0	0
OG0001683	0	1	0	-1	0	0	-1	0	0	0	1	0	0	0	0	0	0
OG0001684	0	-1	2	0	0	0	0	0	-1	0	1	0	0	0	1	1	0
OG0001685	0	0	0	0	0	0	1	0	0	0	1	0	0	1	0	0	0
OG0001686	-1	2	0	0	0	-1	0	0	0	0	1	0	0	0	0	0	0
OG0001687	-1	0	0	-3	2	2	-2	0	1	0	1	1	0	0	0	-1	0
OG0001688	0	-1	0	-1	1	-1	-1	3	0	0	0	0	0	0	0	0	4
OG0001710	1	0	0	-1	0	0	1	2	-2	0	0	-1	0	2	0	1	0
OG0001712	0	1	0	-2	-1	0	0	0	0	0	0	0	0	0	0	0	0
OG0001713	1	1	0	0	0	0	0	0	0	0	0	1	0	0	0	1	0
OG0001714	-1	0	0	3	0	0	1	-1	0	0	1	-1	0	0	0	0	0
OG0001715	13	-3	0	3	-2	1	0	-1	0	0	-1	0	0	-1	0	0	-1
OG0001716	0	1	0	0	0	0	0	0	1	0	0	0	0	0	1	0	0
OG0001717	0	1	-2	0	1	-1	1	-1	0	0	0	0	0	0	0	0	0
OG0001718	0	0	0	-1	0	0	0	1	0	0	1	0	0	0	0	1	1
OG0001719	-1	2	0	1	0	-1	0	0	-1	0	1	1	0	0	0	0	0
OG0001720	0	0	0	0	-1	0	0	0	0	0	1	-1	0	0	0	0	0
OG0001721	-1	10	-1	0	0	0	0	0	0	0	1	1	0	-1	0	0	0
OG0001722	2	0	0	10	-1	-1	0	-1	9	0	0	-2	0	-1	0	0	0
OG0001723	0	0	0	-1	-1	0	0	0	0	0	0	0	0	0	0	0	0
OG0001724	-1	1	0	0	0	0	0	0	-1	0	1	0	0	0	0	0	0
OG0001725	1	0	0	0	0	0	5	0	0	0	0	0	0	1	1	0	0
OG0001726	0	1	0	-1	0	0	0	0	0	0	1	0	0	0	0	0	0
OG0001727	0	2	0	0	0	-1	0	0	0	0	1	0	0	0	0	1	1
OG0001728	0	0	0	1	-1	0	0	0	-1	0	1	0	0	0	0	0	0
OG0001729	0	2	0	-1	-1	-1	0	0	0	0	0	0	0	0	0	2	0
OG0001730	0	0	0	0	0	0	0	0	-1	0	1	0	0	0	0	0	0
OG0001731	17	2	0	0	0	1	0	0	0	0	-1	0	-1	0	0	0	0
OG0001732	1	1	0	0	0	2	0	0	1	0	0	0	0	0	0	0	0
OG0001733	2	1	-1	-2	0	-1	5	0	0	0	0	0	0	0	0	0	-1
OG0001734	0	1	0	-1	-1	0	0	0	-1	0	0	0	0	0	0	0	0
OG0001735	0	0	0	-2	0	0	0	0	-1	0	0	0	0	0	0	0	0
OG0001736	0	2	0	-1	0	-1	1	0	-1	0	0	0	0	0	0	0	0
OG0001737	0	0	0	-1	0	0	0	0	-1	0	1	0	0	0	0	0	0
OG0001738	0	-1	0	0	0	0	0	0	0	0	1	0	0	0	0	0	0
OG0001740	0	2	0	-2	1	0	0	-1	0	0	1	0	0	0	0	0	0
OG0001741	-1	1	0	-1	0	0	0	0	0	0	1	0	0	0	0	0	0
OG0001742	0	1	0	-1	0	0	0	-1	0	0	1	0	0	0	0	0	0
OG0001743	-1	0	0	0	0	0	0	0	-1	0	1	0	0	0	0	0	0
OG0001744	0	0	3	-1	0	0	0	0	0	0	0	0	0	0	0	0	-1
OG0001745	1	-1	0	-1	4	-2	0	0	0	0	0	0	0	1	0	1	0
OG0001746	0	0	0	-1	0	0	0	0	0	0	1	0	0	0	0	0	0
OG0001747	-1	0	1	0	0	-1	0	0	1	0	0	0	0	1	0	0	0
OG0001748	0	2	0	0	0	0	0	0	0	0	0	0	0	0	1	0	0
OG0001749	0	0	-1	-1	0	0	0	0	0	0	1	0	0	0	0	0	0
OG0001750	0	0	0	-1	-1	0	0	1	-1	0	1	1	0	0	0	2	0
OG0001751	-1	-1	0	2	1	-1	-3	0	0	0	1	0	0	0	0	0	1
OG0001752	-1	0	-1	0	0	-1	0	1	0	0	1	0	0	0	0	0	0
OG0001753	0	0	-1	0	0	0	0	0	0	0	1	0	0	0	0	0	0
OG0001754	0	1	0	-2	-1	0	0	0	0	0	1	0	0	0	0	0	0
OG0001755	0	0	0	0	0	-1	0	0	0	0	0	0	0	0	0	0	0
OG0001756	0	1	-1	0	0	-1	0	0	0	0	0	0	0	0	0	0	0
OG0001757	0	0	0	-3	-1	0	0	-1	2	0	1	0	0	0	0	0	0
OG0001758	1	4	0	0	0	0	0	0	-1	0	1	0	-1	0	0	1	0
OG0001759	0	1	0	0	0	-1	0	0	0	0	1	0	0	0	0	0	0
OG0001760	-1	0	2	3	-2	-3	0	-1	1	0	2	1	0	-1	0	0	0
OG0001761	-1	0	0	-1	0	0	3	0	-1	0	1	0	0	0	0	0	0
OG0001762	0	-1	1	1	0	-1	0	0	0	0	1	0	0	0	0	0	0
OG0001763	-1	1	0	-1	0	-1	0	0	-1	0	1	3	0	0	0	0	0
OG0001764	-1	0	0	0	-1	1	-2	1	0	0	1	0	0	0	0	-1	0
OG0001765	-1	0	0	0	-1	0	0	0	0	0	1	0	0	0	0	0	0
OG0001766	0	7	-1	1	0	0	0	0	0	0	1	0	0	0	-1	0	0
OG0001767	0	1	0	0	-1	0	0	0	-1	0	1	0	0	0	0	0	0
OG0001768	-1	1	0	0	0	0	0	0	-1	0	1	0	0	0	0	0	0
OG0001769	0	1	0	0	0	-1	0	0	0	0	1	0	0	0	0	0	0
OG0001770	-1	2	0	0	0	0	0	0	-1	0	1	0	0	0	0	0	0
OG0001771	-1	0	0	1	0	1	-1	0	0	0	2	0	0	-1	0	-1	0
OG0001772	0	0	0	-1	0	0	0	-1	0	0	0	0	0	0	0	0	0
OG0001773	0	5	0	-1	1	1	-2	-1	0	0	1	1	0	0	0	-1	0
OG0001774	0	1	0	-1	0	0	0	0	1	0	1	0	0	0	1	0	0
OG0001775	-1	0	0	1	0	0	0	0	-1	0	1	0	0	0	0	0	0
OG0001776	-1	3	0	-1	1	0	0	0	0	0	1	0	0	0	0	0	-1
OG0001777	-1	1	0	0	0	0	0	0	-1	0	1	0	0	0	0	0	0
OG0001778	-1	0	-1	3	0	1	-2	0	2	0	1	-1	0	0	0	-1	0
OG0001779	0	6	0	0	0	-1	-1	4	0	0	0	0	0	0	0	0	2
OG0001780	0	-1	0	-1	-1	1	-2	1	0	0	0	0	0	0	1	0	3
OG0001808	0	1	-1	-1	0	0	0	0	-1	0	0	0	0	0	0	0	0
OG0001809	2	1	0	0	0	0	1	0	-1	0	0	0	0	0	0	1	0
OG0001810	0	0	0	-1	0	0	0	0	1	0	0	0	0	0	1	0	0
OG0001811	-1	1	0	0	0	0	0	0	0	0	0	0	0	1	0	0	0
OG0001812	-1	4	0	-1	0	0	-1	0	0	0	1	0	0	0	0	-1	0
OG0001813	-1	0	0	-1	0	0	0	0	0	0	1	0	0	0	0	0	0
OG0001814	0	0	0	0	0	1	0	0	0	0	1	1	0	0	0	-1	0
OG0001815	0	7	-1	-2	2	0	-2	0	1	0	1	0	0	0	0	0	1
OG0001816	1	1	0	0	0	0	0	0	1	0	0	0	0	0	0	1	0
OG0001817	1	-1	0	-1	0	0	0	0	-1	0	0	0	0	0	0	0	0
OG0001818	0	0	0	0	0	0	0	-1	0	0	0	-1	0	0	0	0	0
OG0001819	-1	0	1	0	0	0	0	0	-1	0	1	0	0	0	0	0	0
OG0001820	-1	1	0	1	-1	0	-3	0	0	0	1	0	0	0	0	0	0
OG0001821	1	0	0	-1	0	-1	0	0	-1	0	0	0	0	0	0	0	0
OG0001822	0	1	0	-2	0	0	-2	0	2	0	0	0	0	0	0	-1	0
OG0001823	0	0	1	-1	0	-1	0	0	0	0	0	0	0	0	0	0	0
OG0001824	0	1	0	-1	0	1	0	0	0	0	0	0	0	0	1	0	0
OG0001825	0	0	0	0	-1	6	0	-1	5	0	0	-1	0	0	0	0	0
OG0001826	-1	0	-1	0	-1	0	0	1	-1	0	1	0	0	0	0	0	0
OG0001827	-1	2	0	0	-1	0	0	1	0	0	1	0	0	0	0	-1	0
OG0001828	0	1	0	0	-1	1	-1	0	0	0	1	0	0	0	1	0	0
OG0001829	-1	2	-1	0	0	0	0	0	-1	0	1	0	0	0	0	0	0
OG0001830	0	2	0	0	0	0	0	0	0	0	0	0	0	0	0	-1	0
OG0001831	0	0	-1	1	1	0	0	0	0	0	1	0	0	0	0	-1	0
OG0001832	0	2	0	0	0	-1	0	0	-1	0	1	0	0	0	0	0	0
OG0001833	1	7	0	0	0	0	0	0	0	0	0	1	0	0	0	0	0
OG0001834	1	0	0	1	0	0	0	1	0	0	0	-1	0	0	0	-1	0
OG0001835	0	0	0	-1	0	0	0	-1	0	0	0	0	0	0	1	1	0
OG0001836	0	0	0	-1	0	-1	0	0	-1	0	1	1	0	0	0	0	0
OG0001837	0	0	-1	-1	0	-1	0	2	0	0	1	0	0	0	0	1	1
OG0001838	0	1	0	0	1	-1	0	0	-1	0	0	0	0	0	0	0	0
OG0001839	0	1	0	-1	0	0	0	0	-1	0	1	0	0	0	0	0	0
OG0001840	0	4	-1	-1	0	0	0	0	0	0	1	1	0	0	0	-1	0
OG0001841	0	3	0	-1	1	0	0	0	0	0	1	0	0	0	0	-1	0
OG0001842	-1	1	-1	-2	0	0	0	0	0	0	1	0	0	0	0	0	0
OG0001843	0	4	-1	0	0	0	0	0	0	0	1	0	0	0	0	-1	0
OG0001844	-1	1	-1	0	-1	2	0	0	0	0	1	0	0	0	0	-1	0
OG0001845	1	0	0	1	0	-1	0	0	0	0	0	0	0	0	0	1	1
OG0001846	-1	1	0	-1	-1	0	0	0	-1	0	1	0	0	0	0	0	0
OG0001847	0	0	0	0	0	-1	0	0	0	0	1	0	0	0	0	0	0
OG0001848	1	2	0	0	-1	-1	0	0	-1	0	0	0	0	0	0	0	0
OG0001849	0	1	0	0	-1	0	0	0	0	0	1	1	0	0	0	-1	0
OG0001850	0	2	0	0	0	0	0	0	-1	0	0	0	0	0	1	0	0
OG0001851	0	3	0	0	0	0	0	0	0	0	0	0	0	0	0	1	0
OG0001852	0	1	-1	-2	0	0	0	0	0	0	1	0	0	0	0	0	0
OG0001853	1	0	1	0	0	0	0	0	0	0	0	0	0	0	0	-1	0
OG0001854	-1	0	0	-1	-1	0	0	0	0	0	1	0	0	0	0	0	0
OG0001855	0	1	0	1	0	-1	0	0	-1	0	1	0	0	0	0	0	0
OG0001856	0	2	0	0	-1	-1	0	0	-1	0	1	0	0	0	0	0	0
OG0001857	-1	0	0	0	0	2	0	0	0	0	1	-1	0	0	0	-1	0
OG0001858	-1	0	0	0	0	-1	0	0	0	0	1	0	0	0	0	0	0
OG0001859	0	0	-1	0	2	-1	0	-1	0	0	1	0	0	0	0	0	0
OG0001860	0	1	0	-2	0	-1	0	0	-1	0	1	1	0	0	0	0	0
OG0001861	0	0	0	-1	0	0	0	0	0	0	0	0	0	0	0	1	1
OG0001862	-1	1	0	-1	0	0	0	0	-1	0	1	0	0	0	0	0	0
OG0001863	0	0	1	0	0	0	0	0	1	0	1	1	0	0	0	0	1
OG0001864	0	0	0	3	1	-2	0	2	-1	0	1	-1	1	0	0	0	0
OG0001865	-1	0	-1	2	3	-1	-2	0	0	0	1	0	0	0	0	0	0
OG0001866	0	15	-1	0	0	0	0	1	0	0	0	4	0	0	0	0	0
OG0001898	0	1	0	-1	0	-1	0	0	-1	0	0	0	0	0	0	0	0
OG0001899	4	0	0	0	0	0	0	0	0	0	0	0	0	1	0	0	-1
OG0001900	0	0	0	0	0	0	0	0	-1	0	1	-1	0	0	0	0	0
OG0001901	0	0	0	0	10	0	-2	1	-1	0	0	0	0	2	0	-1	0
OG0001902	0	0	0	-1	0	0	1	0	-1	0	0	0	0	1	0	0	0
OG0001903	1	0	0	1	-2	-1	1	0	-1	0	0	0	0	0	0	0	0
OG0001904	0	0	-1	-1	0	1	2	-1	0	0	1	0	0	0	1	0	0
OG0001905	1	0	0	0	0	0	0	0	0	0	0	1	0	0	0	1	0
OG0001906	-1	2	0	-1	0	-2	0	0	1	0	1	0	0	0	0	0	0
OG0001907	0	0	0	-1	-1	0	-1	0	0	0	1	0	0	0	0	0	0
OG0001908	0	3	0	0	3	0	0	0	0	0	0	1	0	0	0	0	0
OG0001909	0	0	-1	0	1	1	0	2	0	0	0	0	0	0	0	0	0
OG0001910	1	0	0	0	0	1	0	0	0	0	0	3	0	0	0	0	0
OG0001911	-1	1	0	-2	0	-1	0	0	0	0	1	0	0	0	0	0	0
OG0001912	0	1	-1	-1	0	0	0	0	0	0	0	0	0	0	0	0	-1
OG0001913	0	1	0	0	0	0	0	0	0	0	1	0	0	0	0	0	-1
OG0001914	-1	1	0	0	1	-1	0	0	0	0	1	1	0	0	0	0	-1
OG0001915	0	0	0	0	-1	0	0	0	0	0	1	1	0	0	0	-1	0
OG0001917	0	0	0	0	0	0	0	0	0	0	0	0	0	0	1	0	0
OG0001918	1	1	0	-2	0	0	0	0	-2	0	0	0	0	0	0	0	0
OG0001919	-1	0	0	0	0	0	0	0	-1	0	1	0	0	0	0	0	0
OG0001920	17	0	0	7	-1	0	0	0	-1	0	-1	-2	0	-1	0	0	0
OG0001921	2	0	0	1	-1	0	0	0	0	0	0	0	0	0	0	-1	0
OG0001922	7	1	0	0	0	-1	0	1	0	0	-1	0	0	0	0	0	0
OG0001923	1	1	-1	0	-1	-1	0	0	0	0	0	0	0	0	0	0	0
OG0001924	1	2	0	0	0	0	0	-1	0	0	0	0	0	0	0	0	-1
OG0001925	0	-1	0	-1	0	0	0	0	0	0	1	0	0	0	0	0	0
OG0001926	-1	2	0	-2	0	0	0	-1	0	0	1	0	0	0	0	0	0
OG0001928	1	0	1	0	0	1	2	0	0	0	0	0	0	0	0	0	0
OG0001929	0	0	0	0	0	-2	2	-5	5	0	1	-2	1	0	0	2	0
OG0001930	1	-1	1	-1	0	0	0	0	0	0	0	0	0	0	1	0	0
OG0001931	0	0	0	2	1	-2	0	0	0	0	0	0	0	0	0	0	-1
OG0001932	0	0	-1	-1	0	0	0	0	-1	0	1	0	0	0	0	0	0
OG0001933	0	-1	0	0	0	0	0	1	0	0	0	0	0	0	0	2	2
OG0001934	0	0	0	0	-1	0	0	0	0	0	1	-1	0	0	0	0	0
OG0001935	0	0	1	-1	-1	0	0	0	0	0	0	0	0	0	1	0	0
OG0001936	0	0	0	-2	0	-1	0	0	0	0	1	0	0	0	0	0	0
OG0001937	0	4	-2	-2	-2	2	-2	2	0	0	0	0	0	0	0	0	0
OG0001938	-1	0	-1	0	-1	0	0	0	0	0	1	0	0	0	0	0	0
OG0001939	1	0	1	-1	1	-1	0	0	0	0	0	0	0	1	0	0	0
OG0001940	0	0	0	1	0	2	1	0	0	0	1	0	0	0	0	0	0
OG0001941	0	3	0	0	1	0	0	0	0	0	0	2	0	0	0	0	0
OG0001942	0	1	0	1	0	0	0	1	0	0	0	0	0	0	0	1	0
OG0001943	0	2	0	0	1	0	-2	1	0	0	0	0	0	0	-1	0	0
OG0001944	0	0	0	-1	0	-1	0	0	-1	0	1	2	0	0	0	0	0
OG0001945	0	1	0	0	0	3	0	0	0	0	0	0	0	0	0	0	0
OG0001946	0	1	0	-2	0	0	0	0	-1	0	1	0	0	0	0	0	0
OG0001947	0	-1	0	0	0	1	0	0	0	0	1	0	0	0	0	-1	0
OG0001948	0	0	1	0	0	0	0	0	0	0	1	0	0	0	0	1	1
OG0001949	0	1	0	-1	0	0	0	-2	0	0	0	0	0	0	0	0	0
OG0001950	-1	0	1	0	0	0	0	0	0	0	0	0	0	1	0	0	0
OG0001951	-1	0	0	0	0	0	0	0	-1	0	1	0	0	0	0	0	0
OG0001952	0	-1	0	0	0	0	0	0	-1	0	0	0	0	0	0	0	0
OG0001953	1	0	0	2	0	0	3	0	0	0	0	0	0	-1	0	0	0
OG0001954	0	0	0	0	0	3	0	0	0	0	0	0	0	0	1	0	1
OG0001955	0	0	0	-1	0	0	-1	0	1	0	0	-1	0	1	0	0	0
OG0001956	1	0	0	-1	0	3	-1	0	0	0	0	0	0	0	0	0	0
OG0001957	0	18	-1	0	0	0	0	0	0	0	1	1	0	0	-1	0	0
OG0001958	0	0	0	-1	0	0	1	0	-1	0	1	0	0	1	0	0	0
OG0001959	0	1	0	0	-1	0	0	0	-2	0	1	0	0	0	0	0	0
OG0001960	1	1	0	0	2	0	0	1	0	0	0	0	0	0	0	0	0
OG0001961	-1	1	0	-2	1	0	0	0	-1	0	1	0	0	0	0	0	0
OG0001962	0	0	0	0	0	0	0	0	-1	0	0	0	0	1	0	0	0
OG0001963	-1	0	2	-1	1	-2	0	0	0	0	1	0	0	0	0	0	0
OG0001964	-1	0	0	0	0	-1	0	0	0	0	1	0	0	0	0	0	0
OG0001965	0	0	0	0	0	-1	0	-1	1	0	0	0	0	2	0	1	0
OG0001966	0	0	-1	-1	0	0	0	0	-1	0	1	0	0	0	0	0	0
OG0001967	0	0	1	0	0	2	0	0	0	0	1	1	0	0	0	0	0
OG0001968	-1	1	0	0	1	0	0	0	0	0	1	1	0	0	0	-1	0
OG0001992	0	0	0	-1	0	0	2	0	-1	0	0	1	0	0	0	1	0
OG0001993	-1	1	-1	-1	0	0	0	0	-1	0	1	0	0	0	0	0	0
OG0001994	0	1	0	1	-1	-1	0	0	0	0	1	0	0	-1	0	1	0
OG0001995	2	2	0	-1	0	-1	0	0	1	0	0	1	0	0	0	0	1
OG0001996	0	-1	0	0	0	0	1	0	1	0	0	0	0	0	0	1	0
OG0001997	0	-1	2	0	0	-1	0	0	-1	0	1	0	0	0	0	0	0
OG0001998	2	2	0	-1	-1	-1	1	-1	0	0	0	0	0	0	0	2	0
OG0001999	0	3	-1	0	4	0	-1	0	2	0	1	0	0	0	0	0	0
OG0002000	0	1	0	-2	0	0	2	0	0	0	1	0	0	0	1	0	0
OG0002001	0	0	-1	0	-1	0	2	0	1	0	0	0	0	0	0	3	0
OG0002002	1	0	-1	-1	-1	0	-2	1	0	0	0	0	0	0	0	0	2
OG0002003	-1	1	0	0	0	0	0	0	-1	0	0	0	0	1	0	0	0
OG0002004	0	14	-2	-1	0	-1	-1	0	0	0	1	1	0	0	0	0	0
OG0002005	0	3	0	0	0	-3	0	0	0	0	0	0	0	0	0	0	0
OG0002006	4	0	0	-1	1	0	-2	0	2	0	0	1	0	0	0	0	0
OG0002007	0	3	0	-2	0	0	0	0	0	0	0	0	0	0	0	-1	0
OG0002008	0	1	0	2	0	0	0	0	0	0	1	0	0	0	-1	0	0
OG0002009	0	0	0	0	0	0	0	0	0	0	0	1	0	0	0	1	0
OG0002010	3	2	0	-1	0	0	1	0	0	0	0	0	0	0	0	0	0
OG0002011	-1	2	0	-1	0	-1	0	0	-1	0	1	0	0	0	0	0	0
OG0002012	0	2	0	0	0	-1	0	0	0	0	0	0	0	0	0	0	-1
OG0002013	28	0	0	1	0	0	0	0	0	0	-3	0	0	-1	0	0	0
OG0002014	2	6	0	0	0	0	0	-1	0	0	0	1	0	0	0	0	0
OG0002015	0	0	-1	-1	0	0	-3	0	0	0	1	0	0	0	0	0	0
OG0002016	-1	1	0	1	0	0	0	0	0	0	1	0	0	0	0	-1	0
OG0002017	1	5	0	0	1	0	0	0	0	0	0	1	0	0	0	0	0
OG0002018	0	1	-1	0	1	-1	0	-1	0	0	1	0	0	0	0	0	0
OG0002019	0	-1	0	0	0	2	0	1	0	0	1	0	0	0	0	0	0
OG0002020	4	1	-1	0	0	0	0	0	0	0	0	0	0	-1	0	0	0
OG0002021	1	4	0	-1	-1	1	0	1	0	0	0	0	0	0	0	0	0
OG0002022	0	2	0	-1	0	2	0	0	0	0	0	1	0	0	0	0	0
OG0002023	0	0	0	0	0	0	-1	0	0	0	1	0	0	1	0	0	0
OG0002024	0	0	2	0	0	0	0	0	1	0	1	0	0	0	0	0	1
OG0002025	0	2	-1	1	0	0	0	1	0	0	1	0	0	-1	0	0	0
OG0002026	0	-1	0	0	0	0	-1	0	1	0	1	0	0	1	0	0	0
OG0002027	0	0	0	0	0	-1	0	-1	0	0	1	0	0	0	0	0	0
OG0002028	0	0	0	0	0	-1	0	0	1	0	0	0	0	1	0	0	0
OG0002029	0	0	0	0	0	-1	-1	0	0	0	1	0	0	0	0	0	0
OG0002030	0	0	0	0	-1	-1	0	0	-1	0	0	0	0	0	0	0	0
OG0002031	-1	0	0	-1	0	0	0	0	-1	0	1	0	0	0	0	0	0
OG0002032	0	0	0	0	0	0	0	0	0	0	0	1	0	0	0	-1	0
OG0002033	0	5	-1	1	0	0	2	0	0	0	0	1	0	0	0	0	0
OG0002034	4	0	0	0	0	-1	0	0	-1	0	0	0	0	1	0	0	0
OG0002035	-1	0	0	0	0	-1	0	0	-1	0	1	0	0	0	0	0	0
OG0002036	-1	0	1	0	0	0	0	0	0	0	0	0	0	1	0	0	0
OG0002037	0	0	0	-1	0	0	0	0	0	0	1	0	0	0	0	0	-1
OG0002038	1	1	0	0	0	2	0	0	0	0	0	0	0	0	0	0	0
OG0002039	0	0	0	0	0	0	0	0	2	0	0	0	0	0	0	3	0
OG0002040	0	0	0	0	0	0	10	0	0	0	1	0	0	0	0	0	0
OG0002041	0	4	0	1	0	0	0	0	0	0	0	0	0	-1	0	0	0
OG0002042	0	0	0	-1	0	1	0	1	0	0	1	0	0	0	0	0	1
OG0002043	0	-1	0	-1	0	0	1	0	0	0	1	0	0	1	0	0	0
OG0002044	1	-1	1	1	0	0	0	1	0	0	0	0	0	0	0	0	1
OG0002045	-1	0	-1	0	0	-1	0	0	0	0	1	0	0	0	0	0	0
OG0002046	0	1	-1	-1	1	0	0	1	0	0	1	0	0	0	0	0	1
OG0002047	-1	0	0	0	0	-1	0	0	-1	0	1	0	0	0	0	0	0
OG0002048	0	0	-1	3	0	-1	0	1	0	0	1	-1	0	0	0	0	2
OG0002049	0	0	1	-1	0	0	0	0	1	0	1	0	0	0	0	1	0
OG0002050	-1	2	0	-2	0	0	0	0	0	0	1	1	0	0	0	-1	0
OG0002051	0	0	-1	0	-1	0	0	0	-1	0	1	0	0	0	1	1	0
OG0002052	0	0	0	0	0	0	0	0	0	0	0	0	0	0	1	0	0
OG0002053	0	0	1	1	0	2	0	0	0	0	0	0	0	0	0	0	0
OG0002054	0	0	0	-1	-1	0	0	1	0	0	1	0	0	0	1	0	0
OG0002055	-1	-1	0	0	0	0	1	0	0	0	1	-1	0	0	0	0	0
OG0002056	1	6	-1	0	0	0	0	0	0	0	0	1	0	0	0	0	0
OG0002057	0	1	0	-1	0	0	-1	0	0	0	0	0	0	1	0	0	0
OG0002058	0	-2	0	5	1	0	0	0	-1	0	1	0	0	0	0	-1	0
OG0002059	-1	0	0	0	0	0	0	0	-1	0	1	0	0	0	0	0	0
OG0002060	0	8	-1	-2	1	0	-2	0	0	0	1	0	0	0	0	0	1
OG0002061	1	-1	0	-1	5	0	7	0	0	0	0	0	0	1	0	0	0
OG0002089	2	0	0	1	0	-1	1	0	-1	0	0	0	0	0	0	1	0
OG0002090	0	0	0	2	0	-2	0	0	-1	0	0	0	0	0	0	0	0
OG0002091	0	7	-1	0	0	0	0	0	0	0	0	1	0	0	0	0	0
OG0002092	2	0	2	0	-1	0	0	0	0	0	0	2	0	0	0	0	0
OG0002093	4	1	0	0	0	0	1	0	0	0	0	0	0	0	0	0	0
OG0002094	0	1	0	0	0	0	0	0	0	0	1	0	0	0	0	1	0
OG0002095	-1	0	2	0	-1	0	0	0	0	0	1	0	0	0	0	-1	0
OG0002096	0	2	0	0	0	-1	0	0	-2	0	1	0	0	0	0	0	0
OG0002097	0	5	0	-1	0	2	-2	1	0	0	0	0	0	0	1	0	0
OG0002098	0	0	0	0	-1	0	0	-1	1	0	1	0	0	0	1	0	0
OG0002099	0	0	0	0	3	0	0	0	0	0	1	1	0	0	0	0	0
OG0002100	-1	0	-1	0	0	-1	0	0	-1	0	1	0	0	0	0	0	0
OG0002101	2	0	2	0	0	0	1	0	0	0	0	0	0	0	0	0	0
OG0002102	1	1	0	-1	0	0	0	0	0	0	0	0	0	0	0	-1	0
OG0002103	0	0	0	2	3	0	-1	1	-1	0	1	0	0	0	0	-2	0
OG0002104	0	0	0	-1	0	0	2	0	0	0	0	0	0	0	0	1	0
OG0002105	0	0	2	0	0	0	1	1	0	0	0	0	0	0	1	1	0
OG0002106	5	1	0	0	0	-1	0	0	0	0	-1	0	0	0	0	2	1
OG0002107	0	0	0	-1	-1	0	0	0	-1	0	0	0	0	0	1	0	0
OG0002108	0	0	0	0	-1	-1	0	0	-1	0	1	0	0	0	0	0	0
OG0002109	0	0	0	1	-1	0	1	0	0	0	1	0	0	0	0	1	0
OG0002110	8	0	0	0	0	-1	-2	0	1	0	-1	-2	0	0	0	0	1
OG0002111	0	0	1	0	0	1	0	0	0	0	1	0	0	0	0	0	1
OG0002112	0	2	0	0	0	0	0	0	0	0	1	0	0	0	0	-1	0
OG0002113	0	0	0	1	0	0	0	0	0	0	0	0	0	0	-1	0	0
OG0002114	1	-1	0	0	1	1	0	1	0	0	0	0	0	0	0	0	0
OG0002115	0	2	0	1	0	1	0	0	0	0	0	0	0	0	0	0	0
OG0002116	2	3	0	0	0	0	0	0	0	0	0	1	0	0	0	0	0
OG0002117	2	0	1	-1	0	0	0	0	0	0	0	0	0	0	0	0	1
OG0002118	2	0	0	1	1	0	0	0	1	0	0	0	0	0	0	0	0
OG0002119	0	1	-1	-2	0	-1	0	0	0	0	1	0	0	0	0	0	0
OG0002120	0	2	0	0	0	-1	0	0	0	0	1	0	0	0	0	0	-1
OG0002121	0	0	0	0	-1	-1	0	0	0	0	1	0	0	0	0	0	0
OG0002122	0	0	0	1	0	0	-1	0	0	0	1	0	0	0	0	-1	0
OG0002123	8	1	0	0	0	-2	0	1	0	0	-1	0	0	0	0	0	0
OG0002124	7	1	0	0	0	0	0	-1	0	0	-1	0	0	0	0	0	0
OG0002125	4	6	0	-1	0	0	0	0	0	0	0	0	0	0	0	0	0
OG0002126	-1	-1	0	0	0	0	-1	-1	1	0	1	0	0	0	0	0	0
OG0002127	2	0	0	0	-1	0	0	0	-1	0	0	0	0	0	0	1	0
OG0002128	0	0	-1	-1	0	0	0	0	1	0	0	0	0	0	1	0	0
OG0002129	0	8	-1	0	0	0	0	0	0	0	1	1	0	0	0	0	0
OG0002130	-1	2	0	-1	0	0	0	0	0	0	1	0	0	0	0	-1	0
OG0002131	-1	0	0	2	-1	1	0	1	0	0	1	0	0	-1	0	0	0
OG0002132	0	3	-2	-1	0	0	0	0	0	0	1	0	0	0	0	-1	0
OG0002133	0	5	-1	1	0	0	0	0	0	0	0	1	0	0	0	0	0
OG0002134	0	11	-1	0	0	0	0	0	0	0	0	1	0	0	0	-1	0
OG0002135	0	-1	0	0	0	-1	0	0	0	0	1	0	0	0	0	0	-1
OG0002136	0	0	0	0	0	0	2	0	-1	0	0	0	0	0	1	0	0
OG0002137	0	1	0	0	0	0	0	0	1	0	1	0	0	0	0	1	0
OG0002138	0	1	0	-1	0	1	-2	0	1	0	1	0	0	0	0	0	1
OG0002139	0	-1	0	0	-1	10	0	0	0	0	0	0	0	0	0	-1	0
OG0002140	0	0	0	-1	0	0	2	-2	2	0	0	0	0	0	1	2	0
OG0002141	0	12	-1	0	0	-1	0	0	-1	0	1	1	0	0	0	0	0
OG0002142	1	2	0	-1	-1	0	0	0	-1	0	0	0	0	0	0	1	0
OG0002143	0	1	0	0	-1	-1	0	0	-1	0	1	0	0	0	0	0	0
OG0002144	0	0	0	0	0	0	0	0	0	0	1	0	0	0	0	0	-1
OG0002145	2	1	0	0	0	0	0	2	0	0	0	0	0	0	0	1	1
OG0002146	0	0	-1	-1	0	-1	0	-1	0	0	1	0	0	0	0	0	0
OG0002147	0	0	3	0	0	2	0	0	0	0	0	0	0	0	0	0	0
OG0002148	0	0	0	0	-1	0	1	0	-1	0	1	1	0	0	0	1	0
OG0002149	0	0	0	1	0	1	-1	2	0	0	1	-1	0	0	0	0	0
OG0002150	-1	1	0	-2	0	0	0	1	0	0	1	0	0	0	0	-1	0
OG0002151	0	0	-1	0	1	-2	0	0	0	0	1	0	0	0	0	0	0
OG0002152	0	0	-1	0	-1	0	0	0	0	0	1	0	0	0	0	0	-1
OG0002153	2	1	-1	-2	0	-2	0	-1	0	0	0	0	0	0	0	0	0
OG0002154	0	1	-1	1	0	0	0	0	0	0	1	0	0	0	0	-1	0
OG0002155	0	0	0	0	0	1	0	0	0	0	0	1	0	0	0	0	0
OG0002156	0	1	0	0	0	0	1	0	0	0	0	0	0	0	0	1	0
OG0002157	0	7	-1	0	0	0	0	0	0	0	0	1	0	0	0	0	0
OG0002158	0	0	0	0	0	0	1	0	-1	0	1	0	0	0	1	0	0
OG0002159	0	0	-1	-1	0	0	0	0	2	0	1	0	0	0	0	0	1
OG0002160	1	2	0	0	0	0	0	0	0	0	0	0	0	0	-1	0	0
OG0002161	0	0	1	0	0	2	0	0	0	0	0	0	0	0	0	0	0
OG0002162	5	0	0	-1	0	0	1	0	0	0	-1	0	0	0	0	0	0
OG0002163	1	-1	1	0	0	0	0	0	0	0	0	0	0	0	0	1	0
OG0002164	0	0	0	0	0	0	0	0	-1	0	1	0	0	0	1	0	0
OG0002165	0	1	0	0	0	0	0	0	0	0	0	3	0	0	0	0	0
OG0002166	-1	-2	8	-1	2	1	0	1	-1	0	0	1	0	0	0	-1	0
OG0002167	-1	3	-1	1	-1	0	0	0	0	0	0	1	0	0	0	1	0
OG0002168	0	1	-1	0	1	-1	1	0	0	0	1	0	0	1	0	0	0
OG0002169	0	-1	1	0	1	0	0	1	0	0	0	0	0	0	0	0	1
OG0002170	0	7	-1	0	0	0	0	0	0	0	0	1	0	0	0	0	0
OG0002171	-1	1	0	0	0	-1	0	0	0	0	0	0	0	1	0	0	0
OG0002172	0	0	-1	0	0	-1	1	0	0	0	1	0	0	1	0	0	0
OG0002173	0	0	1	0	0	0	0	0	1	0	1	0	0	0	0	0	1
OG0002174	-1	0	2	0	0	0	0	1	0	0	1	0	0	-1	0	0	0
OG0002175	0	0	1	0	3	0	1	0	0	0	1	0	0	0	0	0	0
OG0002176	0	0	0	0	0	0	0	0	0	0	1	0	0	0	1	0	0
OG0002200	10	0	0	0	0	-1	1	-1	0	0	-1	-1	0	0	0	0	0
OG0002201	0	2	0	-1	0	0	3	0	0	0	0	0	0	0	0	0	0
OG0002203	3	0	2	-1	-1	0	0	0	0	0	0	0	-1	0	0	2	1
OG0002204	0	2	0	0	0	-1	0	0	0	0	1	1	0	0	0	0	-2
OG0002205	0	0	0	0	1	2	0	0	0	0	1	-1	0	0	0	0	0
OG0002206	0	3	0	0	0	0	0	0	0	0	0	0	0	-1	0	0	0
OG0002207	0	1	0	-1	-1	2	0	0	0	0	0	0	0	0	0	0	0
OG0002208	0	3	0	0	0	0	0	0	0	0	1	0	0	0	-1	0	0
OG0002209	-1	-1	1	0	0	0	0	0	1	0	1	0	0	0	-1	0	0
OG0002210	0	1	0	-1	0	-3	0	0	0	0	0	0	0	0	0	0	0
OG0002211	1	6	0	0	0	0	0	0	0	0	0	0	0	0	0	0	0
OG0002212	0	2	0	0	0	0	0	0	0	0	1	0	0	0	-1	0	0
OG0002213	-1	1	0	0	0	0	0	0	0	0	0	0	0	1	0	0	-1
OG0002214	-1	0	2	0	0	0	0	0	0	0	1	1	0	0	-1	0	0
OG0002215	0	0	0	0	0	0	0	0	0	0	1	-1	0	0	1	0	0
OG0002216	-1	0	0	-2	0	-1	0	0	0	0	1	0	0	0	0	0	0
OG0002217	0	7	-1	0	0	0	0	0	0	0	1	1	0	0	0	0	0
OG0002218	1	1	0	-1	2	1	0	0	0	0	0	0	0	0	0	0	0
OG0002219	2	1	0	-1	1	0	0	0	0	0	0	2	0	0	0	0	0
OG0002220	-1	0	1	-1	0	0	0	0	0	0	1	0	0	0	0	-1	0
OG0002221	0	5	0	1	0	1	-1	0	0	0	1	0	0	0	0	0	0
OG0002222	-1	0	0	2	0	0	0	0	0	0	1	-1	0	0	0	-1	0
OG0002223	2	0	0	-1	-1	-1	1	0	1	0	0	0	0	0	0	1	0
OG0002224	-1	4	0	0	0	0	3	0	-1	0	1	0	0	-1	0	0	0
OG0002225	1	2	0	0	0	0	0	0	0	0	0	1	0	0	0	0	0
OG0002226	0	2	0	-1	0	0	1	0	0	0	1	1	0	0	0	0	0
OG0002227	1	2	-1	0	0	0	1	0	0	0	0	0	0	-1	0	0	0
OG0002228	0	2	0	0	0	0	4	0	0	0	0	0	0	0	0	0	0
OG0002229	0	0	-1	0	0	0	0	0	-1	0	1	0	0	0	1	0	0
OG0002230	2	0	0	0	0	0	0	1	0	0	0	0	0	0	0	2	1
OG0002231	0	2	-2	0	0	0	0	1	0	0	1	0	0	0	-1	0	0
OG0002232	0	0	0	2	0	1	0	0	0	0	0	0	0	0	0	0	0
OG0002233	0	1	0	0	0	0	0	0	-1	0	0	0	0	0	0	1	0
OG0002234	0	4	0	0	1	0	2	0	0	0	0	0	0	0	0	0	0
OG0002235	3	2	0	0	1	0	0	0	0	0	0	0	0	0	0	0	0
OG0002236	3	-1	0	-1	0	2	1	0	-1	0	0	0	0	0	0	0	0
OG0002237	0	0	0	0	0	0	0	0	0	0	0	0	0	0	0	1	0
OG0002238	1	0	0	0	0	0	0	0	0	0	0	0	0	1	0	0	-1
OG0002239	0	1	0	0	0	0	0	0	0	0	0	0	0	0	0	0	1
OG0002240	1	2	0	0	1	0	0	0	0	0	0	1	0	0	0	0	0
OG0002241	1	1	0	0	1	1	-2	1	0	0	0	0	0	0	0	0	0
OG0002242	0	1	0	-1	0	0	0	0	0	0	1	0	0	0	0	-1	0
OG0002243	0	2	0	0	0	0	0	0	0	0	1	0	0	-1	0	0	0
OG0002244	0	0	-1	-1	0	0	-1	0	0	0	1	0	0	1	0	0	0
OG0002245	3	2	0	-1	0	1	0	0	0	0	0	0	0	0	0	0	0
OG0002246	0	1	0	-1	0	0	0	0	0	0	1	0	0	0	0	-1	0
OG0002247	0	0	0	-1	0	0	0	0	0	0	0	0	0	0	0	0	2
OG0002248	1	3	0	-1	1	-1	0	0	1	0	0	1	0	0	0	0	0
OG0002249	0	1	0	0	0	0	0	0	0	0	0	0	0	0	-1	0	0
OG0002250	1	1	0	-1	-1	0	1	0	-1	0	0	0	0	0	0	1	0
OG0002251	1	1	0	0	0	1	0	1	-1	0	0	0	0	0	0	0	0
OG0002252	5	1	0	0	0	0	0	0	0	0	0	0	0	0	0	0	0
OG0002253	0	2	0	0	0	0	1	0	-1	0	0	1	0	0	0	1	0
OG0002254	-1	1	0	0	0	0	0	1	0	0	1	0	0	0	-1	0	0
OG0002255	0	0	0	-1	0	0	0	0	0	0	0	0	0	0	0	-1	0
OG0002256	0	0	0	0	0	0	0	0	1	0	1	0	0	0	0	1	0
OG0002257	1	1	0	0	0	0	-2	2	0	0	0	0	0	0	0	0	0
OG0002258	1	0	1	-1	0	0	-2	0	0	0	0	1	0	0	0	0	1
OG0002259	1	1	-1	-1	0	0	0	0	0	0	0	0	0	0	0	-1	0
OG0002260	0	0	0	0	0	-1	0	0	0	0	1	0	0	0	0	0	-1
OG0002261	0	0	0	-1	0	-1	0	0	1	0	1	0	0	1	0	0	0
OG0002262	0	1	0	0	0	0	0	0	0	0	0	0	0	0	-1	0	0
OG0002263	0	0	0	0	0	2	0	1	0	0	1	0	0	0	0	0	0
OG0002264	0	1	0	-1	0	0	0	0	2	0	0	0	0	0	0	0	3
OG0002265	4	-1	0	-2	0	-1	0	0	1	0	0	0	0	0	0	0	1
OG0002266	0	0	0	0	-1	0	0	0	0	0	1	0	0	0	0	-1	0
OG0002267	0	0	0	0	0	0	-1	0	0	0	1	-1	0	0	0	0	2
OG0002268	4	1	0	-1	0	0	0	1	0	0	0	0	0	0	0	0	0
OG0002269	0	17	-1	0	-1	-2	0	0	-2	0	0	1	0	0	0	0	0
OG0002270	0	0	0	0	0	1	0	0	1	0	0	0	0	0	0	0	0
OG0002271	0	1	0	-2	0	0	0	0	0	0	1	0	0	0	0	0	-1
OG0002272	0	1	0	0	1	0	-2	0	0	0	1	1	0	0	0	0	1
OG0002273	0	0	0	-1	0	0	0	-1	0	0	0	0	0	1	0	0	0
OG0002274	1	0	0	0	1	0	1	0	0	0	0	1	0	0	0	0	0
OG0002275	0	0	0	0	1	-1	0	0	-2	0	0	0	0	0	0	0	0
OG0002276	0	0	1	0	0	0	0	0	0	0	0	0	0	0	0	1	0
OG0002277	0	0	2	0	-1	1	0	0	0	0	0	1	0	0	0	0	0
OG0002278	0	0	-1	0	0	0	1	1	-1	0	1	0	0	0	0	1	0
OG0002279	0	0	-1	-1	0	-2	0	0	1	0	1	0	0	0	0	2	0
OG0002280	0	1	0	-1	0	2	0	0	0	0	1	0	0	0	0	0	0
OG0002281	0	19	-1	0	0	0	0	0	0	0	0	1	0	0	0	0	0
OG0002282	0	0	0	6	0	1	-1	0	0	0	0	0	0	0	0	0	0
OG0002283	0	4	0	0	0	0	0	0	0	0	1	0	0	-1	0	0	0
OG0002284	0	0	-1	-1	0	0	0	0	0	0	1	0	0	0	1	0	0
OG0002285	0	0	0	0	-1	0	0	0	0	0	1	0	0	0	0	-1	0
OG0002286	0	0	0	0	2	0	0	1	0	0	1	1	0	0	0	0	0
OG0002287	0	2	0	0	0	0	0	1	0	0	1	0	0	0	0	0	0
OG0002288	0	0	0	-2	0	1	0	0	1	0	0	0	0	0	0	0	1
OG0002289	0	0	2	0	0	0	0	0	-1	0	1	0	0	0	1	0	0
OG0002290	-1	2	0	0	0	0	0	0	0	0	1	0	0	0	-1	0	0
OG0002291	0	15	-2	-1	1	0	-1	0	0	0	0	1	0	0	0	0	1
OG0002292	0	9	-1	-2	1	-1	-2	0	1	0	1	0	0	0	0	0	1
OG0002321	0	2	0	-1	0	0	0	-1	0	0	0	0	0	0	0	1	0
OG0002322	1	2	0	0	1	0	0	0	0	0	0	1	0	0	-1	-1	0
OG0002323	-1	0	0	0	0	-3	0	0	0	0	0	0	1	0	0	0	1
OG0002324	2	1	0	0	-1	1	0	0	0	0	0	0	0	0	0	0	0
OG0002325	-1	0	0	-2	0	-2	0	0	0	0	1	0	0	0	0	0	0
OG0002326	-1	0	0	-2	0	-1	0	-1	0	0	1	0	0	0	0	0	0
OG0002327	0	3	0	1	0	-1	0	0	0	0	0	0	0	0	-1	0	0
OG0002328	0	0	0	0	0	-1	0	0	0	0	0	0	0	1	0	1	1
OG0002329	0	-1	0	0	0	0	1	-1	0	0	1	0	0	0	1	0	0
OG0002330	0	0	-1	-1	0	0	0	1	0	0	0	0	0	0	0	0	1
OG0002331	0	7	-1	1	-1	0	-1	0	0	0	1	0	0	0	0	0	0
OG0002332	-1	1	-1	0	0	0	0	0	0	0	1	0	0	0	0	-1	0
OG0002333	0	0	-1	-1	0	0	0	0	0	0	1	0	0	0	0	0	-1
OG0002334	1	-1	0	0	-1	0	0	0	-1	0	0	0	0	0	1	0	0
OG0002335	0	2	0	0	0	1	0	0	0	0	0	0	0	0	0	0	0
OG0002336	-1	1	0	0	2	0	-2	1	-1	0	0	0	0	1	0	-1	0
OG0002337	3	0	0	0	0	1	0	0	0	0	0	-1	0	0	0	0	0
OG0002338	2	2	0	1	0	0	0	0	0	0	0	0	0	0	0	0	0
OG0002339	0	2	-1	4	0	0	0	-1	0	0	1	0	0	-1	0	0	0
OG0002340	0	6	0	0	0	0	0	0	0	0	0	0	0	0	0	0	0
OG0002341	0	7	-1	0	0	0	0	0	0	0	1	1	0	0	0	0	0
OG0002342	1	0	0	0	1	1	0	1	0	0	0	0	0	0	0	0	0
OG0002343	1	0	0	0	0	0	1	0	0	0	0	1	0	0	0	0	0
OG0002344	0	2	0	0	0	0	0	1	0	0	0	0	0	0	0	0	0
OG0002345	0	1	-1	1	0	0	0	0	0	0	0	0	0	0	-1	0	0
OG0002346	0	0	0	0	0	0	0	0	0	0	0	0	0	0	0	0	1
OG0002347	1	0	0	0	1	0	0	1	0	0	0	1	0	0	0	0	0
OG0002348	1	5	0	0	-1	0	0	0	0	0	0	0	0	0	0	0	0
OG0002349	0	5	0	0	0	0	0	0	0	0	0	0	0	0	0	0	0
OG0002350	0	1	0	-1	0	0	-2	0	0	0	0	0	0	0	0	-1	0
OG0002351	0	1	0	-1	0	-1	0	0	0	0	1	0	0	1	0	0	0
OG0002352	0	0	0	-1	0	-2	0	0	-1	0	1	0	0	0	0	0	0
OG0002353	4	1	0	0	0	0	0	0	0	0	0	0	0	0	0	0	0
OG0002354	0	0	1	0	0	-1	0	0	0	0	0	0	0	0	0	1	0
OG0002356	1	1	0	0	0	0	0	0	1	0	0	0	0	0	0	0	0
OG0002357	1	6	0	-1	0	0	1	0	-1	0	0	0	0	0	0	0	0
OG0002358	0	5	0	0	0	0	0	0	0	0	0	0	0	0	0	0	0
OG0002359	0	3	-1	-1	0	0	0	0	0	0	1	0	0	0	0	0	1
OG0002360	0	0	0	0	0	0	1	0	-1	0	0	0	0	0	0	1	0
OG0002361	0	0	0	0	0	1	0	0	0	0	0	1	0	0	0	0	0
OG0002362	3	0	0	1	0	0	0	0	0	0	0	0	0	0	0	0	0
OG0002363	0	0	0	1	5	0	0	0	0	0	1	0	0	0	0	0	0
OG0002364	0	0	0	0	0	3	0	0	0	0	0	0	0	0	1	0	0
OG0002365	-1	0	0	0	0	0	0	0	0	0	1	1	0	0	-1	0	0
OG0002366	0	0	0	0	0	0	0	0	0	0	0	0	0	0	0	1	0
OG0002367	2	1	0	2	0	0	0	0	0	0	0	0	0	0	0	0	0
OG0002368	0	-1	0	-1	0	-1	0	0	-2	0	1	0	0	0	0	0	0
OG0002369	0	1	0	-1	0	1	-2	0	1	0	1	0	0	0	0	0	1
OG0002370	1	0	0	-1	0	0	0	0	0	0	0	0	0	0	0	0	1
OG0002371	0	-1	1	2	0	1	0	0	0	0	0	0	0	0	0	0	0
OG0002372	1	3	0	0	0	0	-1	0	0	0	0	1	0	0	0	0	0
OG0002373	-1	0	-1	0	0	0	0	0	0	0	1	0	0	0	0	-1	0
OG0002374	0	0	0	0	0	1	0	1	0	0	1	0	0	0	0	0	0
OG0002375	2	0	0	2	0	1	0	0	0	0	0	0	0	0	0	0	0
OG0002376	0	0	0	0	0	0	0	1	0	0	0	0	0	0	0	0	3
OG0002377	1	0	0	0	0	0	0	1	0	0	0	0	0	0	0	0	0
OG0002378	1	9	0	-1	0	0	0	1	0	0	0	0	0	0	0	0	1
OG0002379	0	0	0	0	0	0	-2	1	0	0	0	0	0	0	-1	0	0
OG0002380	3	0	0	1	0	0	0	0	0	0	0	0	0	0	0	0	0
OG0002381	0	0	0	-1	0	1	1	0	0	0	1	2	0	0	0	0	0
OG0002382	0	-1	0	3	0	0	0	0	1	0	0	0	0	0	0	0	0
OG0002383	0	0	0	-1	2	0	-2	0	0	0	1	0	0	0	0	-1	0
OG0002384	0	5	0	0	0	0	0	0	0	0	0	0	0	0	0	0	0
OG0002385	1	0	2	0	0	0	0	0	0	0	0	1	0	0	0	0	0
OG0002386	0	5	0	0	0	0	0	0	-2	0	0	1	0	0	0	0	0
OG0002387	0	0	0	0	1	0	-2	1	0	0	0	1	0	0	0	0	0
OG0002388	-1	6	-1	-2	0	-2	0	0	-1	0	1	0	0	0	0	0	0
OG0002389	0	7	0	0	0	-1	0	0	0	0	0	1	0	0	0	0	0
OG0002390	-1	5	-1	0	0	0	0	0	0	0	1	0	0	0	-1	0	0
OG0002391	0	0	0	0	-1	1	0	1	0	0	1	0	0	0	0	0	0
OG0002392	0	1	0	0	0	0	0	0	-1	0	1	0	0	0	0	1	0
OG0002393	1	1	0	-2	-1	0	0	0	0	0	0	0	0	0	0	1	0
OG0002394	0	1	0	0	1	0	-2	1	0	0	1	1	0	0	0	0	0
OG0002395	0	4	-1	0	0	1	-2	-1	0	0	1	0	0	0	0	-1	0
OG0002396	0	0	-1	0	-1	0	0	0	1	0	0	0	0	0	0	0	1
OG0002397	-1	4	-1	-1	0	-2	0	0	-1	0	1	0	0	0	0	0	0
OG0002398	-1	1	0	0	0	0	0	0	-1	0	0	0	0	1	0	0	0
OG0002399	0	4	0	0	0	1	-1	-1	0	0	1	1	0	0	0	0	0
OG0002400	0	1	0	0	1	0	0	0	2	0	0	0	0	0	0	0	0
OG0002401	0	1	0	0	0	0	-2	0	0	0	0	0	0	0	0	0	1
OG0002402	0	6	0	0	0	0	0	0	0	0	1	0	0	0	0	0	0
OG0002403	0	0	0	0	0	1	0	0	0	0	1	0	0	1	0	0	-1
OG0002404	0	4	0	0	0	0	1	0	0	0	1	0	0	0	0	0	0
OG0002405	0	0	0	0	0	0	0	0	0	0	0	1	0	0	0	0	0
OG0002406	-1	1	-1	0	0	0	0	0	0	0	1	0	0	0	0	-1	0
OG0002407	0	0	1	1	0	1	0	0	0	0	1	0	0	0	0	0	0
OG0002408	-1	5	-1	-2	2	1	-1	0	1	0	0	1	0	0	0	-1	0
OG0002434	1	1	0	-1	0	0	1	0	0	0	0	0	0	0	0	0	0
OG0002435	1	0	0	0	0	0	0	0	0	0	0	0	0	0	0	0	1
OG0002436	0	-1	0	0	0	0	-1	0	0	0	0	0	0	0	1	0	2
OG0002437	0	1	0	0	0	0	0	0	0	0	1	0	0	0	-1	0	0
OG0002438	0	1	0	-1	0	0	1	0	0	0	0	1	0	0	0	0	0
OG0002439	0	-1	0	0	0	0	0	2	0	0	0	0	0	0	0	0	0
OG0002440	0	2	-1	0	0	-1	0	0	0	0	0	0	0	0	-1	0	0
OG0002441	3	1	0	-2	0	1	0	0	0	0	0	0	0	0	0	0	0
OG0002442	-1	0	1	0	0	0	3	-1	0	0	1	0	0	-1	0	0	0
OG0002443	0	0	3	0	0	0	0	0	0	0	0	0	0	0	1	0	1
OG0002444	0	0	0	0	0	0	1	0	1	0	0	0	0	0	1	1	0
OG0002445	0	1	0	0	0	0	0	0	0	0	1	0	0	-1	0	0	0
OG0002446	1	1	0	0	0	0	0	0	0	0	0	0	0	0	0	0	0
OG0002447	3	1	0	0	0	0	0	0	0	0	0	0	0	0	0	0	0
OG0002448	7	-1	0	9	-1	-1	0	1	-1	0	-1	0	0	-1	0	0	0
OG0002449	0	3	0	1	0	0	0	0	0	0	0	0	0	0	0	0	0
OG0002450	6	0	0	-2	1	0	-1	2	-1	0	-1	0	0	0	0	-1	0
OG0002451	-1	3	-1	0	0	0	0	0	0	0	1	0	0	0	-1	0	0
OG0002452	-1	1	-1	0	0	0	0	0	0	0	1	0	0	0	0	-1	0
OG0002453	0	5	0	0	0	0	0	0	0	0	1	0	0	0	0	0	0
OG0002454	0	0	3	0	0	0	0	0	0	0	1	1	0	0	0	0	0
OG0002455	2	3	0	0	0	0	0	0	0	0	0	0	0	0	0	0	0
OG0002456	-1	1	0	1	0	0	0	0	0	0	1	0	0	-1	0	0	0
OG0002457	0	1	0	0	0	1	0	0	0	0	0	0	0	0	0	0	0
OG0002458	0	1	0	0	0	0	0	0	0	0	1	0	0	0	0	0	1
OG0002459	2	0	0	0	0	0	2	0	0	0	0	1	0	0	0	0	0
OG0002460	2	0	0	0	1	0	0	0	0	0	0	1	0	0	0	0	0
OG0002461	1	1	0	0	0	-1	1	-1	0	0	0	0	0	0	0	1	0
OG0002462	0	0	0	0	1	0	1	0	0	0	0	0	0	0	0	0	0
OG0002463	2	-1	0	0	0	1	1	0	0	0	0	0	0	0	0	0	0
OG0002464	0	0	0	0	0	0	3	0	0	0	0	0	0	0	0	0	0
OG0002465	1	0	0	1	0	0	1	0	0	0	0	0	0	0	0	0	0
OG0002466	3	-1	1	2	0	0	0	0	0	0	0	0	0	0	0	0	0
OG0002467	1	1	0	0	1	0	-1	2	-1	0	0	1	0	0	0	-1	0
OG0002468	1	-1	0	0	0	0	-1	2	0	0	0	0	0	0	0	0	0
OG0002469	1	0	1	0	0	0	0	0	0	0	0	1	0	0	0	0	0
OG0002470	0	0	0	0	0	0	-2	-1	0	0	0	0	0	0	0	-1	0
OG0002471	0	6	-1	1	-2	0	0	0	0	0	0	0	0	0	0	0	0
OG0002472	1	-1	0	0	0	0	0	0	0	0	0	0	0	0	0	0	1
OG0002473	4	2	0	0	0	0	0	0	-1	0	0	0	0	0	0	0	0
OG0002474	1	2	0	1	0	0	0	0	0	0	0	0	0	0	0	0	0
OG0002475	0	0	1	1	0	0	1	0	0	0	0	0	0	0	0	0	0
OG0002476	0	0	0	-1	0	0	0	0	0	0	1	0	0	0	0	0	1
OG0002477	1	3	0	0	0	0	0	0	0	0	0	0	0	0	0	0	0
OG0002478	0	0	1	2	0	0	2	0	0	0	0	0	0	0	0	0	0
OG0002479	0	0	-1	1	0	-1	0	0	0	0	1	0	0	0	-1	0	0
OG0002480	0	5	0	0	0	0	0	0	0	0	1	0	0	0	0	0	0
OG0002481	2	0	0	0	0	0	1	-1	0	0	0	2	0	0	0	0	0
OG0002482	0	0	0	0	3	0	0	0	0	0	1	1	0	0	0	0	0
OG0002483	0	0	0	-1	0	-1	0	0	-1	0	1	0	0	1	0	0	0
OG0002484	0	3	0	1	0	0	0	0	0	0	0	0	0	0	0	0	0
OG0002485	1	3	0	0	0	0	0	0	0	0	0	0	0	0	0	0	0
OG0002486	0	0	-1	-1	-1	0	0	0	-1	0	0	0	0	0	1	0	0
OG0002487	0	0	1	0	1	1	-2	1	0	0	1	0	0	0	0	0	0
OG0002488	0	1	-1	1	-1	0	0	0	0	0	0	0	0	-1	0	0	0
OG0002489	0	7	-1	-1	0	0	0	0	0	0	0	0	0	0	0	0	0
OG0002490	0	0	0	0	0	0	0	0	-1	0	0	0	0	1	1	0	0
OG0002491	1	1	-1	0	0	1	0	0	0	0	0	0	0	0	0	0	0
OG0002492	0	1	-1	0	0	1	0	1	-1	0	0	0	0	0	0	0	0
OG0002493	1	0	0	0	0	0	-1	0	0	0	0	2	0	0	-1	-1	0
OG0002494	0	0	1	-1	0	0	0	1	0	0	1	0	0	0	0	0	0
OG0002495	-1	0	0	0	0	0	0	-1	0	0	1	2	0	-1	0	0	0
OG0002496	2	0	0	0	0	1	0	1	0	0	0	0	0	1	0	0	0
OG0002497	0	1	0	0	0	0	0	0	0	0	1	2	0	0	0	0	0
OG0002498	0	1	0	0	0	1	0	0	0	0	0	0	0	0	0	0	0
OG0002499	-1	0	0	-1	0	0	-2	0	0	0	1	0	0	0	0	-1	0
OG0002500	0	2	0	0	0	-1	0	0	0	0	1	0	0	0	0	1	0
OG0002501	0	0	0	1	0	0	4	0	0	0	1	0	0	0	0	0	0
OG0002502	0	1	0	-1	0	1	0	0	0	0	0	0	0	0	0	0	0
OG0002503	0	-1	0	0	0	1	1	0	0	0	0	0	0	0	0	0	0
OG0002504	0	-1	0	-1	0	0	0	0	0	0	0	0	0	0	0	1	0
OG0002505	0	0	2	1	0	0	0	0	0	0	1	0	0	-1	0	0	0
OG0002506	1	1	0	-1	-1	0	0	0	0	0	0	2	0	0	0	0	0
OG0002507	1	0	0	0	0	0	0	0	0	0	0	0	0	-1	0	0	0
OG0002508	0	2	0	0	0	0	0	0	0	0	0	0	0	0	0	0	0
OG0002509	0	0	0	0	2	0	0	1	0	0	0	0	0	0	0	0	0
OG0002510	-1	1	0	-1	0	-3	0	0	-1	0	1	1	0	0	0	0	0
OG0002511	5	0	0	0	0	0	0	0	-1	0	-1	0	0	0	0	0	0
OG0002512	2	0	0	0	0	0	0	0	1	0	0	0	0	0	0	0	0
OG0002513	0	0	0	0	0	1	0	-1	0	0	0	0	0	0	2	0	0
OG0002514	0	0	0	-1	0	0	0	-1	1	0	0	0	0	0	0	1	0
OG0002515	0	0	-1	-1	0	0	0	0	1	0	0	0	0	0	0	0	1
OG0002516	0	1	0	0	0	1	1	0	0	0	0	0	0	0	0	0	0
OG0002517	0	0	0	-1	0	0	0	0	0	0	0	0	0	0	0	0	1
OG0002518	0	15	-2	0	0	0	0	0	0	0	1	1	0	-1	0	0	0
OG0002519	0	0	0	-1	0	0	0	0	2	0	1	1	0	0	0	0	0
OG0002520	1	0	0	0	0	0	2	0	0	0	0	0	0	0	0	0	0
OG0002521	0	4	0	0	0	0	0	0	0	0	0	0	0	0	0	0	0
OG0002522	0	0	-1	1	0	1	1	0	0	0	1	0	0	0	0	0	0
OG0002523	0	0	-1	1	0	0	2	0	-1	0	1	0	0	0	0	1	0
OG0002524	0	3	0	-1	0	0	1	0	0	0	1	0	0	0	0	0	0
OG0002525	0	0	1	0	0	0	5	0	0	0	1	0	0	0	0	0	0
OG0002526	0	0	-1	0	0	0	-1	0	0	0	0	0	1	0	0	-1	0
OG0002527	0	-1	0	0	-1	2	0	0	0	0	0	0	0	0	0	0	0
OG0002528	-1	0	0	0	-1	-1	0	0	-3	0	1	0	0	0	0	0	0
OG0002529	0	-1	1	-1	-1	2	-2	0	4	0	0	0	0	0	1	0	0
OG0002568	0	4	0	0	-1	1	1	0	0	0	0	0	0	0	1	0	0
OG0002569	2	1	0	2	0	0	0	0	-1	0	0	0	0	0	0	0	0
OG0002570	1	0	1	1	1	0	0	0	0	0	0	0	0	0	0	0	0
OG0002571	1	-1	0	0	-1	2	-1	0	0	0	0	0	0	0	0	0	0
OG0002572	1	2	0	0	0	0	0	0	0	0	0	0	0	0	0	0	0
OG0002573	0	1	0	0	-1	0	0	0	0	0	1	0	0	-1	0	0	0
OG0002574	4	1	0	0	0	0	0	0	0	0	0	0	0	0	0	0	0
OG0002575	0	2	0	0	0	0	0	0	0	0	0	0	0	0	0	0	0
OG0002576	0	0	0	0	0	0	0	0	0	0	1	0	0	-1	0	0	0
OG0002577	4	0	0	0	0	0	0	0	0	0	0	0	0	0	0	0	0
OG0002578	0	1	0	-2	0	2	0	0	0	0	1	0	0	0	0	0	0
OG0002579	1	0	-1	1	0	-2	0	0	0	0	0	0	0	0	0	0	-1
OG0002580	2	1	0	0	0	0	0	0	0	0	0	0	0	0	0	0	0
OG0002581	0	2	0	0	0	-2	0	0	-1	0	0	0	0	0	0	1	0
OG0002582	2	0	0	0	1	0	0	0	0	0	0	0	0	0	0	0	0
OG0002583	0	-1	0	8	-2	-2	0	0	0	0	0	-1	0	0	0	1	0
OG0002584	0	0	0	-1	1	0	0	1	0	0	0	0	0	0	0	0	0
OG0002585	0	2	0	1	0	0	0	0	0	0	0	0	0	0	0	0	0
OG0002586	0	1	0	0	2	0	0	0	0	0	1	0	0	0	0	0	0
OG0002587	2	3	0	0	1	-1	0	0	0	0	0	0	0	0	0	0	0
OG0002588	0	0	0	-1	0	0	3	0	0	0	1	1	0	0	0	0	0
OG0002589	0	1	0	0	0	0	0	0	0	0	0	0	0	0	0	0	0
OG0002590	0	0	4	0	0	0	0	0	0	0	1	0	0	0	0	0	0
OG0002591	2	1	0	0	0	0	0	0	0	0	0	0	0	0	0	0	0
OG0002592	2	0	0	0	0	1	1	0	0	0	0	0	0	1	0	0	0
OG0002593	3	2	0	0	1	0	0	0	0	0	0	0	0	0	0	0	0
OG0002594	0	4	0	0	0	0	0	0	0	0	0	0	0	0	0	0	0
OG0002595	0	0	0	-1	1	0	0	1	0	0	0	0	0	0	0	0	0
OG0002596	5	0	0	-1	-1	0	0	0	0	0	0	0	0	0	0	0	0
OG0002597	1	2	0	0	0	0	0	0	0	0	0	0	0	0	0	0	0
OG0002598	2	2	0	0	0	0	-2	0	0	0	0	1	0	0	0	0	0
OG0002599	1	0	0	-1	0	0	0	0	-1	0	0	0	0	0	0	1	0
OG0002600	-1	0	0	0	0	-1	0	-1	0	0	1	0	0	0	0	0	-1
OG0002601	1	0	-1	0	-2	0	0	0	-1	0	0	-1	0	0	1	0	0
OG0002602	0	3	0	0	1	0	0	0	0	0	1	0	0	0	0	0	0
OG0002603	1	1	0	1	0	0	0	0	0	0	0	0	0	0	0	0	0
OG0002604	1	3	0	-1	0	0	0	0	0	0	0	0	0	0	0	0	0
OG0002605	0	0	1	2	-1	0	-1	0	1	0	0	0	0	0	0	0	0
OG0002606	2	1	0	0	0	0	0	0	0	0	0	0	0	0	0	0	0
OG0002607	0	2	0	0	0	0	0	0	0	0	0	1	0	0	0	0	0
OG0002608	3	0	0	0	0	0	0	0	0	0	0	0	0	0	0	0	0
OG0002609	5	0	0	-1	-1	0	0	0	0	0	-1	0	0	0	0	0	0
OG0002610	1	0	0	-1	0	1	0	0	0	0	0	0	0	0	0	0	0
OG0002611	0	0	0	2	0	1	0	0	-1	0	1	0	0	0	0	0	0
OG0002612	0	1	0	0	0	0	0	0	0	0	0	0	0	0	0	0	0
OG0002613	1	0	0	1	1	0	6	0	0	0	0	-1	0	0	0	0	-1
OG0002614	0	0	1	-1	-1	1	0	0	0	0	0	0	0	0	0	0	0
OG0002615	0	0	0	-2	0	0	1	0	0	0	0	1	0	0	0	0	0
OG0002616	0	3	0	0	0	0	0	0	0	0	0	0	0	0	0	0	0
OG0002617	3	0	-1	0	2	0	0	0	0	0	0	0	0	0	0	0	0
OG0002618	2	1	0	0	0	0	0	0	0	0	0	0	0	0	0	0	0
OG0002619	2	1	0	0	0	0	0	0	0	0	0	0	0	0	0	0	0
OG0002620	0	0	0	2	0	0	0	-1	0	0	1	0	0	-1	0	0	0
OG0002621	1	1	0	0	1	0	0	0	0	0	0	0	0	0	0	0	0
OG0002622	0	6	-1	0	-1	0	-1	0	0	0	0	0	0	0	0	0	0
OG0002623	1	2	0	0	0	0	0	0	0	0	0	0	0	0	0	0	0
OG0002624	0	0	1	-1	0	0	0	0	-1	0	1	0	0	0	0	1	0
OG0002625	3	0	0	1	0	0	1	0	0	0	0	0	0	0	0	0	0
OG0002626	0	1	0	0	2	0	-2	0	0	0	1	1	0	0	0	0	0
OG0002627	0	5	0	-1	0	0	0	0	0	0	1	0	0	0	0	0	0
OG0002628	-1	-1	0	0	0	0	-2	1	0	0	0	0	1	0	0	-1	0
OG0002629	0	1	0	0	0	1	1	0	0	0	1	0	0	0	0	0	0
OG0002630	0	4	0	1	0	0	0	0	0	0	1	0	0	0	0	0	0
OG0002631	0	0	0	0	0	3	2	0	0	0	0	-1	0	0	1	0	0
OG0002632	0	4	0	-1	1	0	0	0	0	0	0	0	0	0	0	0	0
OG0002633	4	0	0	0	0	0	0	0	0	0	0	0	0	0	0	0	0
OG0002634	0	0	-1	-1	-1	0	1	0	0	0	0	0	0	0	0	1	0
OG0002635	1	0	0	-1	0	0	0	1	-1	0	0	-1	0	0	2	0	0
OG0002636	1	0	0	0	0	0	3	0	0	0	0	0	0	0	0	0	0
OG0002637	2	-1	0	0	2	-2	0	1	0	0	0	0	0	0	-1	0	0
OG0002638	1	2	0	1	0	0	0	0	0	0	0	0	0	0	0	0	0
OG0002639	0	1	0	0	1	0	0	0	0	0	0	1	0	0	0	0	0
OG0002640	1	1	0	0	0	1	0	-1	0	0	0	0	0	0	0	0	0
OG0002641	0	-2	0	2	0	0	0	-1	0	0	0	0	0	0	-1	0	0
OG0002642	1	0	1	0	0	1	0	1	-1	0	0	1	0	0	0	-1	0
OG0002643	-1	0	0	0	0	0	0	0	0	0	1	0	0	0	-1	0	0
OG0002644	1	3	0	-1	0	0	0	0	0	0	0	0	0	0	0	0	0
OG0002645	1	0	0	0	0	0	0	0	0	0	0	1	0	0	0	0	0
OG0002646	1	2	0	0	0	0	0	0	0	0	0	0	0	0	0	0	0
OG0002647	0	0	-1	0	0	0	0	0	0	0	0	0	0	0	0	0	1
OG0002648	-1	0	-1	0	0	-2	1	0	-1	0	1	0	0	0	0	0	0
OG0002649	0	-1	0	0	0	3	-1	-1	0	0	1	0	0	0	0	0	0
OG0002650	0	1	0	2	0	0	0	0	0	0	0	0	0	0	0	0	0
OG0002651	0	2	0	0	0	0	0	0	0	0	1	1	0	0	0	0	0
OG0002652	0	3	0	0	0	0	0	0	0	0	0	0	0	0	0	0	0
OG0002653	0	0	0	0	0	0	0	1	0	0	0	0	0	0	1	1	0
OG0002654	0	1	0	2	0	0	0	0	0	0	0	0	0	0	0	0	0
OG0002655	0	2	0	0	0	0	-2	0	0	0	0	1	0	0	0	0	0
OG0002656	0	5	0	-1	0	0	0	-1	0	0	0	1	0	0	0	0	0
OG0002657	1	0	0	0	0	2	0	0	0	0	0	0	0	0	1	0	0
OG0002658	0	2	0	1	0	0	0	0	0	0	0	0	0	0	0	0	0
OG0002659	1	0	0	0	1	2	0	-1	0	0	0	0	0	1	0	0	0
OG0002660	0	2	0	0	0	0	-2	1	-1	0	0	1	0	0	0	0	0
OG0002661	0	0	0	0	1	0	0	0	0	0	0	1	0	0	0	0	0
OG0002662	0	4	-1	0	0	0	0	0	0	0	0	0	0	0	0	0	0
OG0002663	0	1	0	-1	1	0	0	0	1	0	1	1	0	0	0	0	0
OG0002664	0	1	0	0	1	0	1	0	0	0	1	0	0	0	0	0	0
OG0002665	0	0	0	0	0	0	0	0	-1	0	1	0	0	0	0	1	0
OG0002666	2	1	0	0	0	0	0	0	0	0	0	0	0	0	0	0	0
OG0002667	0	0	-1	-1	0	0	0	0	-1	0	1	0	0	0	0	1	0
OG0002668	0	1	0	0	0	0	-1	1	0	0	1	0	0	0	0	0	0
OG0002669	0	0	0	0	0	-1	0	0	1	0	1	-1	0	0	0	1	0
OG0002670	0	-1	0	1	0	0	1	0	0	0	0	0	0	0	0	0	0
OG0002671	9	4	0	-1	0	0	0	-1	0	0	-1	1	-1	0	0	0	0
OG0002672	0	1	0	0	0	0	0	0	0	0	1	1	0	0	0	0	0
OG0002673	0	1	0	0	2	0	0	0	0	0	1	1	0	0	0	0	0
OG0002674	0	10	-1	-2	-1	0	0	0	-1	0	1	0	0	0	0	0	0
OG0002675	0	0	1	3	0	0	0	0	0	0	1	0	0	0	0	0	0
OG0002676	-1	0	0	0	0	-1	-1	1	0	0	1	1	0	0	-1	0	0
OG0002677	2	0	0	1	0	0	0	0	0	0	0	0	0	0	0	0	0
OG0002678	0	1	0	-1	1	1	0	0	0	0	1	0	0	0	0	0	0
OG0002679	0	0	0	0	0	0	0	0	0	0	0	0	0	0	1	0	2
OG0002680	0	0	0	-1	0	-1	0	-1	0	0	1	0	0	1	0	0	0
OG0002681	0	1	0	-1	0	0	0	0	-1	0	1	0	0	0	0	1	0
OG0002682	0	-1	1	1	1	0	1	0	0	0	1	0	0	0	0	0	0
OG0002683	0	0	0	-1	-1	0	0	0	0	0	1	0	0	0	0	1	0
OG0002684	0	2	0	-1	0	0	0	0	0	0	0	1	0	0	0	0	0
OG0002685	0	0	0	1	0	0	0	1	0	0	1	0	0	0	0	0	0
OG0002686	0	1	0	-1	0	1	0	0	0	0	0	0	0	0	0	0	0
OG0002687	0	1	0	1	0	0	3	0	0	0	1	0	0	0	0	0	0
OG0002688	0	0	0	0	0	1	0	0	0	0	0	0	0	0	0	0	0
OG0002689	0	3	0	1	0	0	0	0	0	0	1	0	0	0	0	0	0
OG0002690	0	0	0	0	0	0	0	0	-1	0	0	0	0	0	0	1	0
OG0002691	0	0	0	0	0	0	1	0	0	0	1	1	0	0	0	0	0
OG0002692	0	2	0	0	0	1	-1	0	0	0	1	0	0	0	0	0	0
OG0002693	0	12	-1	-1	4	0	-1	0	1	0	0	1	0	0	0	0	0
OG0002742	4	0	-1	-2	-2	0	0	1	0	0	0	0	0	0	0	0	0
OG0002743	0	0	-1	-1	0	0	4	0	0	0	1	0	0	0	0	0	0
OG0002744	0	2	0	0	0	0	0	0	0	0	0	0	0	0	0	0	0
OG0002746	0	4	0	-1	0	0	0	0	0	0	0	0	0	0	0	0	0
OG0002747	1	1	0	0	0	0	0	0	0	0	0	0	0	0	0	0	0
OG0002748	0	0	0	0	0	0	0	0	0	0	1	1	0	0	0	0	0
OG0002749	2	0	0	0	0	0	0	0	0	0	0	0	0	0	0	0	0
OG0002750	1	0	0	0	0	0	2	0	0	0	0	0	0	0	0	0	0
OG0002751	0	1	0	2	0	0	0	0	0	0	0	0	0	0	0	0	0
OG0002752	0	0	1	1	0	0	0	0	0	0	0	0	0	0	0	0	0
OG0002753	0	0	0	0	0	0	0	1	0	0	0	-1	0	1	0	1	0
OG0002754	0	0	0	-1	0	1	0	0	0	0	0	0	0	0	0	0	0
OG0002755	0	0	0	0	0	1	0	0	0	0	1	1	0	0	0	0	0
OG0002756	0	0	0	-1	0	1	0	0	0	0	1	0	0	0	0	0	0
OG0002757	0	0	-1	1	-2	0	0	0	0	0	1	-1	0	0	0	0	1
OG0002758	0	0	-1	0	1	0	2	0	0	0	1	0	0	0	0	0	0
OG0002759	0	1	0	0	0	1	0	0	-2	0	1	1	0	0	0	0	0
OG0002760	0	6	0	0	0	-1	0	0	0	0	0	0	0	0	0	0	0
OG0002761	1	1	0	0	0	0	0	0	0	0	0	0	0	0	0	0	0
OG0002762	0	4	0	-1	0	0	1	0	0	0	1	0	0	0	0	0	0
OG0002763	1	0	0	-2	1	0	0	0	0	0	0	1	0	0	0	0	0
OG0002764	0	1	0	1	0	0	0	0	0	0	0	0	0	0	0	0	0
OG0002765	0	0	-1	0	0	1	0	0	0	0	1	0	0	0	0	0	0
OG0002766	0	2	0	0	0	0	0	0	0	0	0	0	0	0	0	0	0
OG0002767	3	0	0	-1	0	0	0	0	0	0	0	0	0	0	0	0	0
OG0002768	0	2	0	0	0	0	0	0	0	0	0	0	0	0	0	0	0
OG0002769	0	1	0	0	1	-2	2	0	0	0	1	0	0	0	0	1	0
OG0002770	1	0	1	1	0	0	0	0	0	0	0	0	0	0	0	0	0
OG0002771	1	0	0	3	0	0	0	0	-1	0	0	0	0	0	0	0	0
OG0002772	0	0	-1	-1	0	0	0	1	0	0	1	0	0	0	0	0	0
OG0002773	0	0	0	0	0	1	0	0	0	0	0	0	0	0	0	0	0
OG0002774	2	1	0	-1	0	0	0	0	0	0	0	0	0	0	0	0	0
OG0002775	2	0	1	-1	0	0	0	0	0	0	0	0	0	0	0	0	0
OG0002776	2	3	0	-1	0	0	0	0	0	0	0	0	0	0	0	0	0
OG0002777	1	2	0	0	0	0	0	0	0	0	0	0	0	0	0	0	0
OG0002778	2	-1	0	0	0	2	0	0	-1	0	0	0	0	0	0	0	-1
OG0002779	0	1	-1	5	0	0	0	-1	0	0	1	0	0	0	0	0	0
OG0002780	0	0	0	0	0	0	0	0	-1	0	1	0	0	0	-1	0	0
OG0002781	0	0	0	1	0	1	0	0	0	0	0	0	0	0	0	0	0
OG0002782	0	4	0	0	0	0	0	-1	0	0	0	0	0	0	0	0	0
OG0002783	1	1	0	0	0	0	0	0	0	0	0	0	0	0	0	0	0
OG0002784	0	5	0	0	0	0	-1	0	0	0	1	0	0	0	0	0	0
OG0002785	4	0	0	0	-1	0	0	0	0	0	0	0	0	0	0	0	0
OG0002786	0	0	0	-1	1	1	0	0	0	0	0	0	0	0	0	0	0
OG0002787	1	0	0	-1	0	0	0	0	1	0	0	0	0	0	0	2	0
OG0002788	0	3	0	0	0	0	0	0	0	0	1	0	0	0	0	0	0
OG0002789	1	0	-1	0	2	0	0	0	0	0	0	0	0	0	0	0	0
OG0002790	2	2	0	0	0	0	0	0	0	0	0	0	0	0	0	0	0
OG0002791	0	2	0	0	0	0	0	0	0	0	0	0	0	0	0	0	0
OG0002792	0	2	0	0	0	0	0	0	0	0	0	0	0	0	0	0	0
OG0002793	3	0	0	0	0	-1	0	0	0	0	0	1	0	0	0	0	0
OG0002794	2	0	0	-1	-1	0	0	0	0	0	0	0	0	0	0	0	0
OG0002796	1	3	0	-1	0	0	0	0	0	0	0	0	0	0	0	0	0
OG0002797	0	0	0	0	0	0	-2	0	0	0	0	2	0	0	0	0	0
OG0002798	0	3	0	0	0	-2	0	1	0	0	0	1	0	0	0	0	0
OG0002799	-1	0	0	0	0	0	0	0	0	0	1	0	0	-1	0	0	0
OG0002800	0	2	0	-1	0	0	0	0	0	0	1	1	0	0	0	0	0
OG0002801	2	0	0	0	0	0	0	0	0	0	0	1	0	0	0	0	0
OG0002802	1	-1	0	-1	-1	1	0	0	1	0	0	0	0	0	0	0	0
OG0002803	0	2	0	0	0	0	1	0	0	0	1	0	0	0	0	0	0
OG0002804	1	0	0	-1	0	0	0	0	0	0	0	1	0	0	0	0	0
OG0002805	2	2	0	0	0	0	0	0	0	0	0	1	0	0	0	0	-1
OG0002806	0	3	0	-1	0	0	0	0	0	0	0	0	0	0	0	0	0
OG0002807	0	2	0	-1	1	0	0	0	0	0	0	0	0	0	0	0	0
OG0002808	0	3	0	-1	0	0	0	0	0	0	0	0	0	0	0	0	0
OG0002809	0	0	1	1	0	0	0	0	0	0	0	0	0	0	0	0	0
OG0002810	1	1	0	0	0	0	0	0	0	0	0	0	0	0	0	0	0
OG0002811	0	1	0	2	0	0	0	0	0	0	1	0	0	0	0	0	0
OG0002812	-1	0	0	-1	0	0	0	-1	0	0	1	0	0	0	0	-1	0
OG0002813	4	0	2	-1	0	0	-1	1	0	0	0	1	0	0	0	-1	0
OG0002814	1	-1	0	4	-1	0	0	0	0	0	0	0	0	0	0	0	0
OG0002815	0	1	0	-1	0	-1	0	0	-1	0	0	0	0	0	0	1	0
OG0002816	0	1	0	-1	0	0	0	0	0	0	0	1	0	0	0	0	0
OG0002817	0	1	0	1	0	0	0	0	0	0	1	0	0	0	0	0	0
OG0002818	1	2	0	-1	0	0	0	0	0	0	0	0	0	0	0	0	0
OG0002819	1	1	0	0	0	0	0	0	0	0	0	0	0	0	0	0	0
OG0002820	1	1	0	0	0	0	0	0	0	0	0	0	0	0	0	0	0
OG0002821	0	0	1	0	0	0	0	0	0	0	0	0	0	0	0	0	0
OG0002822	1	0	-1	1	0	-1	1	0	-1	0	0	0	0	0	0	1	0
OG0002823	0	1	0	1	0	0	0	0	0	0	0	0	0	0	0	0	0
OG0002824	0	1	0	0	0	0	0	0	0	0	0	0	0	0	0	0	0
OG0002825	1	-1	0	1	0	0	0	0	0	0	0	0	0	0	0	0	0
OG0002826	0	9	0	0	0	0	4	-1	0	0	0	0	0	0	0	1	0
OG0002827	1	1	0	0	0	0	0	0	0	0	0	0	0	0	0	0	0
OG0002828	4	-1	1	1	0	0	0	1	0	0	0	0	0	-1	0	0	1
OG0002829	2	0	0	-1	1	0	-1	0	0	0	0	1	0	0	0	0	0
OG0002830	0	2	0	0	0	0	0	0	0	0	0	0	0	0	0	0	0
OG0002831	1	0	0	-1	1	0	-2	0	0	0	0	0	0	0	0	0	0
OG0002832	0	1	0	0	0	0	0	0	0	0	1	1	0	0	0	0	0
OG0002833	0	1	0	0	0	0	-1	0	0	0	0	1	0	0	0	0	0
OG0002834	0	0	0	0	0	1	0	0	0	0	1	0	0	0	0	0	0
OG0002835	0	1	0	0	0	1	0	0	0	0	0	0	0	0	0	0	0
OG0002836	0	3	0	-1	0	0	0	0	0	0	0	0	0	0	0	0	0
OG0002837	1	0	1	0	0	0	0	0	0	0	0	0	0	0	0	0	0
OG0002838	2	1	0	-1	0	0	0	0	0	0	0	0	0	0	0	0	0
OG0002839	0	1	0	-1	1	0	0	0	0	0	0	1	0	0	0	0	0
OG0002840	0	1	0	-1	-1	1	0	0	0	0	0	0	0	0	0	0	0
OG0002841	0	5	0	0	0	0	0	0	-1	0	1	0	0	0	0	0	0
OG0002842	2	1	0	0	0	0	0	0	0	0	0	0	0	0	0	0	0
OG0002843	0	0	0	0	0	1	0	0	0	0	0	0	0	0	0	0	0
OG0002844	0	6	-1	-1	-1	0	-1	0	0	0	1	0	0	0	0	0	0
OG0002845	0	0	0	1	0	0	2	0	0	0	1	0	0	0	0	0	0
OG0002846	1	1	0	0	0	0	0	0	0	0	0	0	0	0	0	0	0
OG0002847	0	2	0	0	0	0	0	0	0	0	0	1	0	0	0	0	0
OG0002848	0	0	0	0	1	0	0	-1	0	0	0	1	0	0	0	0	0
OG0002849	1	1	0	0	1	0	0	0	0	0	0	0	0	0	0	0	0
OG0002850	-1	-2	10	3	0	0	0	0	0	0	0	1	0	-1	0	0	0
OG0002851	0	0	1	0	-1	0	0	1	0	0	0	0	0	0	0	0	0
OG0002852	-1	0	0	0	0	0	0	0	0	0	1	0	0	-1	0	0	0
OG0002853	0	2	0	0	0	0	0	0	0	0	0	0	0	0	0	0	0
OG0002854	1	0	0	0	0	0	1	0	0	0	0	0	0	0	0	0	0
OG0002855	0	0	0	0	1	1	0	0	0	0	0	-1	0	0	0	0	0
OG0002856	0	2	0	0	0	0	0	0	0	0	0	0	0	0	0	0	0
OG0002857	0	3	-1	-1	0	0	0	0	0	0	0	0	0	0	0	0	0
OG0002858	0	2	0	0	0	0	0	0	0	0	1	1	0	0	0	0	0
OG0002859	0	6	0	-1	0	0	0	-1	0	0	0	0	0	0	0	0	0
OG0002860	0	0	1	-1	4	0	-1	0	0	0	0	0	0	0	0	0	0
OG0002861	0	1	0	1	0	0	0	0	0	0	0	0	0	0	0	0	0
OG0002862	0	0	0	-1	0	0	1	0	0	0	0	1	0	0	0	0	0
OG0002863	0	0	-1	-1	0	0	0	0	0	0	0	0	0	0	0	1	0
OG0002864	0	1	0	1	0	0	0	0	0	0	0	0	0	0	0	0	0
OG0002865	0	0	-1	0	0	1	0	0	0	0	0	0	0	0	0	0	0
OG0002866	0	1	0	0	0	-1	0	0	0	0	1	0	0	0	-1	0	0
OG0002867	0	1	0	0	0	0	0	0	0	0	0	0	0	0	0	0	0
OG0002868	0	1	0	3	0	0	0	0	0	0	1	0	0	0	0	0	0
OG0002869	0	0	0	0	0	0	0	-1	0	0	1	0	0	-1	0	0	0
OG0002870	1	1	0	1	0	0	0	0	0	0	0	0	0	0	0	0	0
OG0002871	0	1	0	0	0	0	2	0	-1	0	0	0	0	0	0	0	0
OG0002872	-1	0	0	0	0	0	0	0	0	0	1	0	0	-1	0	0	0
OG0002873	0	3	0	0	0	0	0	0	0	0	1	0	0	0	0	0	0
OG0002874	0	2	0	0	0	0	0	0	0	0	0	0	0	0	0	0	0
OG0002875	0	0	0	0	0	2	0	1	0	0	0	0	0	1	0	0	0
OG0002876	1	0	0	0	0	0	0	0	0	0	0	0	0	0	0	0	0
OG0002877	6	-1	0	-1	0	0	0	1	0	0	-1	0	0	0	0	1	0
OG0002878	0	-1	0	0	0	-1	0	1	-1	0	1	0	0	0	0	1	0
OG0002879	0	-1	0	-1	0	0	-2	0	1	0	1	0	0	0	0	0	1
OG0002880	0	1	0	0	0	0	0	1	0	0	1	0	0	0	0	0	0
OG0002881	0	1	0	2	0	0	0	0	0	0	1	0	0	0	0	0	0
OG0002882	0	2	0	-1	0	0	0	0	0	0	0	0	0	0	0	0	0
OG0002883	4	0	0	0	0	1	0	1	0	0	-1	0	0	0	0	0	1
OG0002884	0	0	0	-1	0	-1	0	-1	0	0	1	0	0	1	0	0	0
OG0002885	0	0	2	0	0	0	0	0	0	0	1	0	0	0	0	0	0
OG0002886	0	-1	0	-1	0	0	7	0	0	0	0	0	0	0	0	0	0
OG0002887	0	0	0	0	0	0	3	0	0	0	1	0	0	0	0	0	0
OG0002888	0	1	0	2	0	0	0	0	0	0	1	0	0	0	0	0	0
OG0002889	0	3	0	0	0	0	0	0	0	0	1	0	0	0	0	0	0
OG0002890	0	3	0	0	0	0	0	0	0	0	1	0	0	0	0	0	0
OG0002891	-1	0	0	0	0	0	0	0	0	0	1	0	0	-1	0	0	0
OG0002892	0	8	-1	-2	5	0	-1	1	-1	0	1	0	0	0	0	-1	0
OG0002893	0	2	-1	0	1	0	-1	3	0	0	0	0	0	0	0	0	1
OG0002934	0	2	0	0	0	0	0	0	0	0	0	0	0	0	0	0	0
OG0002935	0	-1	0	0	0	1	0	0	0	0	1	0	0	0	0	0	0
OG0002936	0	2	0	0	0	0	0	0	0	0	1	0	0	0	0	0	0
OG0002938	1	2	0	0	0	0	0	0	0	0	0	0	0	0	0	0	0
OG0002939	1	-1	1	0	0	0	0	0	0	0	0	0	0	0	0	0	0
OG0002940	0	1	0	0	0	0	0	0	0	0	0	0	0	0	0	0	0
OG0002941	0	-1	0	0	1	1	-1	0	0	0	0	0	0	0	0	0	0
OG0002942	1	0	0	-1	0	1	0	0	-1	0	0	0	0	0	0	0	0
OG0002943	0	1	0	-1	0	0	0	0	1	0	1	0	0	0	0	0	0
OG0002945	3	0	0	-1	0	0	0	0	0	0	0	0	0	0	0	0	0
OG0002946	0	5	-1	-1	-1	0	-1	0	4	0	0	0	0	0	0	0	1
OG0002947	1	0	-1	0	0	1	0	0	-1	0	0	0	0	0	0	0	0
OG0002948	0	-1	3	0	2	-1	0	1	0	0	0	0	0	0	0	0	0
OG0002949	0	0	1	0	0	0	1	0	0	0	0	0	0	0	0	0	0
OG0002951	-1	0	0	0	0	0	0	0	0	0	1	1	0	-1	0	0	0
OG0002952	1	0	0	0	4	0	0	0	-1	0	0	0	0	0	0	0	0
OG0002953	0	0	0	1	0	0	0	0	0	0	0	0	0	0	0	0	0
OG0002954	0	2	0	0	0	0	0	0	0	0	0	0	0	0	0	0	0
OG0002955	2	1	0	0	0	0	0	0	0	0	0	0	0	0	0	2	0
OG0002956	0	2	0	0	0	0	0	0	0	0	0	0	0	0	0	0	0
OG0002957	0	0	0	0	1	0	0	0	0	0	1	0	0	0	0	0	0
OG0002958	1	1	0	0	0	0	0	0	0	0	0	0	0	0	0	0	0
OG0002959	0	6	-1	0	0	0	0	-1	0	0	1	1	0	0	0	0	0
OG0002960	0	0	0	-1	0	0	0	0	0	0	0	0	0	0	0	0	0
OG0002961	0	2	0	-1	0	0	0	0	0	0	0	0	0	0	0	0	0
OG0002962	0	1	0	-2	-1	0	0	-1	1	0	0	1	0	0	0	0	0
OG0002963	2	0	0	0	0	0	-1	0	0	0	0	2	0	-1	0	0	1
OG0002964	0	4	0	-2	0	0	0	0	0	0	1	0	0	0	0	0	0
OG0002965	2	0	1	0	0	0	0	-1	0	0	0	0	0	0	0	0	0
OG0002966	0	-1	0	1	1	0	0	0	0	0	0	0	0	0	0	0	0
OG0002967	1	1	0	-1	0	0	0	0	0	0	0	0	0	0	0	0	0
OG0002968	0	1	0	0	1	0	-1	0	0	0	1	0	0	0	0	0	0
OG0002969	0	1	0	0	1	0	0	0	0	0	0	0	0	0	0	0	0
OG0002970	1	3	0	0	0	-2	0	0	-1	0	0	0	0	0	0	1	0
OG0002971	2	0	0	0	0	0	0	0	0	0	0	0	0	0	0	0	0
OG0002972	0	1	0	0	0	0	0	0	0	0	0	0	0	0	0	0	0
OG0002973	0	0	2	-2	1	0	0	0	0	0	0	0	0	0	0	0	0
OG0002974	1	1	0	0	0	0	0	0	0	0	0	0	0	0	0	0	0
OG0002975	0	1	0	-1	0	1	0	0	0	0	1	0	0	0	0	0	0
OG0002976	0	1	0	-2	0	0	0	0	0	0	0	1	0	0	0	0	0
OG0002977	0	2	0	-1	0	0	0	0	0	0	0	0	0	0	0	0	0
OG0002978	0	0	0	-1	0	-1	0	0	-1	0	1	0	0	0	0	1	0
OG0002979	1	1	0	-1	0	0	0	0	0	0	0	0	0	0	0	0	0
OG0002980	0	2	0	-1	0	0	0	0	0	0	0	0	0	0	0	0	0
OG0002981	0	1	0	0	0	0	0	0	0	0	0	0	0	0	0	0	0
OG0002982	1	1	0	-1	0	0	0	0	0	0	0	0	0	0	0	0	0
OG0002983	0	1	0	0	0	0	0	0	0	0	0	0	0	0	0	0	0
OG0002984	0	1	0	0	-1	0	0	0	0	0	0	0	0	0	0	0	0
OG0002985	0	1	0	0	0	0	0	0	0	0	0	0	0	0	0	0	0
OG0002986	0	-1	0	2	0	0	0	0	0	0	0	0	0	0	0	0	0
OG0002987	0	2	0	1	0	0	0	0	0	0	1	0	0	0	0	0	0
OG0002988	1	0	0	1	0	0	0	0	0	0	0	0	0	0	0	0	0
OG0002989	2	2	0	-1	0	0	-2	0	0	0	0	0	0	0	0	0	0
OG0002990	0	2	0	1	0	0	-1	0	0	0	0	0	0	0	0	0	0
OG0002992	0	1	0	0	0	0	0	0	0	0	1	0	0	0	0	0	0
OG0002993	1	0	0	0	0	0	0	0	0	0	0	0	0	0	0	0	0
OG0002994	0	0	0	5	0	-1	0	0	0	0	0	0	0	0	0	0	0
OG0002995	0	1	0	1	1	0	0	0	0	0	1	0	0	0	0	0	0
OG0002996	0	2	0	-1	1	0	0	0	0	0	0	0	0	0	0	0	0
OG0002997	4	-1	0	0	0	0	-1	0	0	0	0	0	0	0	0	0	0
OG0002998	2	2	0	0	0	0	0	0	-1	0	0	0	0	0	0	0	0
OG0002999	0	0	0	-1	-1	2	-2	0	0	0	0	0	0	0	0	0	0
OG0003000	1	1	-1	-1	-1	1	0	0	0	0	0	0	0	0	0	0	0
OG0003001	0	0	0	0	0	0	0	0	0	0	1	1	0	0	0	0	0
OG0003002	1	2	0	0	0	0	0	0	0	0	0	0	0	0	0	0	0
OG0003003	0	2	0	0	0	1	0	-1	0	0	0	0	0	0	0	0	0
OG0003004	0	1	0	0	0	0	0	0	0	0	0	0	0	0	0	0	0
OG0003005	1	1	0	-1	0	0	0	0	0	0	0	0	0	0	0	0	0
OG0003006	0	1	0	0	0	0	0	0	0	0	0	0	0	0	0	0	0
OG0003007	0	5	0	-2	0	0	0	0	0	0	1	0	0	0	0	0	0
OG0003008	5	2	0	-1	0	-2	0	0	0	0	-1	0	0	0	0	0	0
OG0003009	2	2	0	0	0	-1	0	0	0	0	0	0	0	0	0	0	0
OG0003010	2	1	0	-1	0	0	0	0	0	0	0	0	0	0	0	0	0
OG0003011	0	2	0	0	0	0	0	0	0	0	0	0	0	0	0	0	0
OG0003012	1	0	0	0	0	0	0	0	0	0	0	0	0	0	0	0	0
OG0003013	1	0	0	0	1	0	0	0	0	0	0	0	0	0	0	0	0
OG0003014	1	1	0	0	0	0	0	0	0	0	0	0	0	0	0	0	0
OG0003015	0	0	0	-1	0	0	0	0	0	0	0	0	0	0	0	0	0
OG0003016	-1	0	0	0	0	0	0	0	0	0	1	0	0	-1	0	0	0
OG0003017	0	1	0	0	0	0	0	0	0	0	0	0	0	0	0	0	0
OG0003018	0	2	0	0	0	0	0	0	0	0	0	0	0	0	0	0	0
OG0003019	1	0	0	0	0	0	0	0	0	0	0	0	0	0	0	0	0
OG0003020	2	1	0	1	0	0	0	0	-2	0	0	0	0	0	0	0	0
OG0003021	1	0	0	0	0	0	0	0	0	0	0	0	0	0	0	0	0
OG0003022	1	0	0	1	0	0	0	0	0	0	0	0	0	0	0	0	0
OG0003023	0	1	0	0	0	0	0	-1	0	0	0	1	0	0	0	0	0
OG0003024	0	0	0	1	0	0	0	-1	0	0	1	0	0	-1	0	0	0
OG0003025	1	0	0	1	0	0	0	0	0	0	0	0	0	0	0	0	0
OG0003026	0	1	0	0	0	0	0	0	0	0	0	0	0	0	0	0	0
OG0003027	0	4	0	0	0	-1	0	0	0	0	1	1	0	0	0	0	0
OG0003028	0	2	0	0	0	0	0	0	0	0	1	0	0	0	0	0	0
OG0003029	0	1	0	1	0	0	0	0	-1	0	1	0	0	0	0	0	0
OG0003030	0	2	0	0	0	0	0	0	0	0	1	0	0	0	0	0	0
OG0003031	0	0	0	0	0	0	-2	0	0	0	0	0	0	-1	0	0	0
OG0003032	0	0	0	0	0	0	-1	0	0	0	0	1	0	0	0	0	0
OG0003033	0	2	0	-1	0	0	0	0	0	0	0	0	0	0	0	0	0
OG0003034	0	5	0	0	-1	-1	0	0	-1	0	0	1	0	0	0	0	0
OG0003035	0	1	0	0	0	0	0	0	0	0	0	0	0	0	0	0	0
OG0003036	2	2	0	-1	0	0	0	0	0	0	0	0	0	0	0	0	0
OG0003037	0	1	0	-1	0	2	0	-1	0	0	1	0	0	0	0	0	0
OG0003038	1	1	0	0	0	0	0	0	0	0	0	0	0	0	0	0	0
OG0003039	0	1	0	-1	2	0	1	0	0	0	0	0	0	0	0	0	0
OG0003040	1	1	0	-1	0	0	0	0	0	0	0	0	0	0	0	0	0
OG0003041	1	0	0	0	0	1	0	1	0	0	0	0	0	0	1	0	0
OG0003042	0	1	0	-1	0	0	2	0	0	0	1	0	0	0	0	0	0
OG0003043	0	0	-1	-1	2	1	0	0	0	0	1	0	0	0	0	0	0
OG0003044	0	0	0	1	1	0	1	0	0	0	1	0	0	0	0	0	0
OG0003045	0	0	0	1	0	0	0	0	0	0	0	0	0	0	0	0	0
OG0003046	0	0	0	-2	0	-3	0	0	-1	0	1	0	0	0	0	0	0
OG0003047	1	2	0	0	0	0	-1	0	1	0	0	2	0	0	0	-1	0
OG0003048	1	0	2	0	1	0	0	-1	0	0	0	0	0	0	0	0	0
OG0003049	0	1	0	0	0	1	0	0	-1	0	0	0	0	0	0	0	0
OG0003050	3	0	-1	-2	2	0	0	0	-1	0	0	0	0	0	0	0	0
OG0003051	2	1	-1	1	1	0	-2	0	0	0	0	0	0	0	0	0	0
OG0003052	0	2	0	0	0	0	0	0	0	0	0	0	0	0	0	0	0
OG0003053	0	2	0	0	-1	0	0	0	0	0	0	0	0	0	0	0	0
OG0003054	0	0	0	0	1	0	0	0	0	0	0	0	0	0	0	0	0
OG0003055	0	1	0	0	0	0	0	0	0	0	0	0	0	0	0	0	0
OG0003056	0	2	0	0	0	0	0	0	0	0	1	0	0	0	0	0	0
OG0003057	1	0	0	-1	2	-2	0	0	-1	0	0	-1	0	1	0	0	0
OG0003058	1	0	0	0	0	0	0	0	0	0	0	0	0	0	0	0	0
OG0003059	1	2	0	0	0	0	0	-1	0	0	0	0	0	0	0	0	0
OG0003060	1	2	0	-1	0	0	0	0	0	0	0	0	0	0	0	0	0
OG0003061	0	4	0	0	0	0	0	-1	0	0	0	0	0	0	0	0	0
OG0003062	0	1	0	0	1	0	0	0	0	0	0	0	0	0	0	0	0
OG0003063	0	2	0	0	-1	0	0	0	0	0	0	0	0	0	0	0	0
OG0003064	1	0	0	-1	-1	1	-1	0	0	0	0	0	0	0	0	0	0
OG0003065	0	2	0	1	-1	0	0	0	0	0	1	0	0	0	0	0	0
OG0003066	1	1	0	0	0	0	0	0	0	0	0	0	0	0	0	0	0
OG0003067	1	1	0	0	0	0	0	0	0	0	0	0	0	0	0	0	0
OG0003068	1	0	0	0	0	0	0	0	0	0	0	0	0	0	0	0	0
OG0003069	0	1	0	0	0	0	0	0	0	0	0	0	0	0	0	0	0
OG0003070	0	0	0	-1	0	0	1	0	0	0	0	0	0	0	0	0	0
OG0003071	0	2	0	0	0	0	0	0	0	0	1	0	0	0	0	0	0
OG0003072	0	1	0	0	1	1	-2	0	0	0	0	0	0	0	0	0	0
OG0003073	1	0	1	1	0	0	0	0	0	0	0	0	0	0	0	0	0
OG0003074	0	0	3	0	0	-1	0	0	0	0	1	1	0	-1	0	0	-1
OG0003075	4	1	0	-1	0	0	0	0	-1	0	0	0	0	0	0	0	0
OG0003076	0	3	0	-1	0	0	0	0	0	0	0	0	0	0	0	0	0
OG0003077	1	0	1	-1	0	0	0	0	0	0	0	0	0	0	0	0	0
OG0003078	1	-1	1	-1	-1	1	0	0	0	0	0	0	0	0	0	0	0
OG0003079	0	1	0	0	0	0	0	0	0	0	0	0	0	0	0	0	0
OG0003080	0	0	2	0	2	-2	0	0	-1	0	0	2	0	0	0	0	0
OG0003081	2	1	0	0	0	0	0	0	-1	0	0	0	0	0	0	0	0
OG0003082	0	1	0	1	0	0	0	0	0	0	0	0	0	0	0	0	0
OG0003083	1	2	0	0	0	0	0	0	0	0	0	0	0	0	0	0	0
OG0003084	0	1	0	0	0	0	0	0	0	0	0	0	0	0	0	0	0
OG0003085	0	1	0	5	0	0	-1	1	0	0	0	0	0	0	0	-1	0
OG0003086	0	1	0	0	0	0	0	0	0	0	0	0	0	0	0	0	0
OG0003087	0	1	0	0	0	0	0	0	0	0	0	0	0	0	0	0	0
OG0003088	0	1	0	0	0	0	0	2	0	0	0	1	0	0	0	1	0
OG0003089	2	0	0	2	0	0	-2	0	0	0	0	0	0	0	0	0	0
OG0003090	0	0	0	-1	-1	0	0	0	2	0	1	0	0	0	0	0	0
OG0003091	0	1	0	1	0	0	0	0	0	0	0	0	0	0	0	0	0
OG0003092	0	0	0	2	0	0	0	0	0	0	1	0	0	0	0	0	0
OG0003093	0	1	0	0	0	0	-2	0	0	0	0	1	0	0	0	0	0
OG0003094	0	2	0	0	0	0	0	0	0	0	1	0	0	0	0	0	0
OG0003095	0	2	0	-1	0	0	0	0	0	0	0	0	0	0	0	0	0
OG0003096	0	9	-1	0	0	0	2	-1	0	0	0	1	0	0	0	1	0
OG0003097	0	-1	1	1	0	0	0	0	0	0	1	0	0	0	0	0	0
OG0003098	-1	0	0	-1	0	0	-1	0	0	0	1	0	0	0	0	-1	0
OG0003099	0	1	0	0	0	0	0	0	0	0	0	0	0	0	0	0	0
OG0003100	0	1	0	2	0	0	0	0	0	0	1	0	0	0	0	0	0
OG0003101	0	1	0	-1	0	0	0	0	0	0	1	1	0	0	0	0	0
OG0003102	0	1	0	0	1	0	0	0	0	0	0	0	0	0	0	0	0
OG0003103	0	2	0	-1	1	0	0	0	0	0	0	0	0	0	0	0	0
OG0003104	0	1	0	0	0	1	0	1	0	0	0	0	0	0	1	0	0
OG0003105	0	1	0	0	1	0	0	0	0	0	1	0	0	0	0	0	0
OG0003106	0	0	0	-1	2	1	0	0	0	0	0	0	0	1	0	0	0
OG0003107	0	0	4	-1	0	1	0	0	0	0	1	0	0	0	0	0	-1
OG0003108	0	2	0	0	0	0	0	0	0	0	1	0	0	0	0	0	0
OG0003109	0	0	0	0	0	0	0	0	0	0	0	1	0	0	0	0	0
OG0003110	0	4	0	-1	0	0	0	0	0	0	1	0	0	0	0	0	0
OG0003111	0	0	1	0	0	0	1	0	0	0	1	0	0	0	0	0	0
OG0003112	0	1	0	0	0	0	0	0	0	0	0	0	0	0	0	0	0
OG0003113	0	3	0	-1	0	-1	2	0	0	0	0	0	0	0	0	0	0
OG0003114	0	0	0	-1	3	0	0	0	0	0	1	0	0	0	0	0	0
OG0003115	0	0	1	0	0	0	2	0	0	0	0	0	0	0	0	0	0
OG0003116	0	0	0	0	0	-1	0	-1	0	0	1	0	0	0	0	1	0
OG0003117	0	0	0	-1	-1	1	0	0	0	0	1	0	0	0	0	0	0
OG0003118	0	1	-1	2	-1	1	0	0	0	0	0	0	0	0	0	0	0
OG0003119	0	1	0	0	0	0	0	0	1	0	0	0	0	0	1	1	0
OG0003120	2	0	1	-1	0	0	0	0	0	0	0	0	0	0	0	0	0
OG0003121	0	4	0	0	0	0	0	0	0	0	1	0	0	0	0	0	0
OG0003122	-1	1	0	0	0	0	0	-1	0	0	1	0	0	-1	0	0	0
OG0003123	0	1	0	0	0	0	0	0	0	0	0	0	0	0	0	0	0
OG0003124	0	8	-1	-1	0	-1	-1	0	0	0	1	0	0	0	0	0	0
OG0003125	0	0	1	1	0	0	0	0	0	0	0	0	0	0	0	0	0
OG0003126	0	0	1	-1	0	-2	0	0	1	0	0	0	0	0	0	1	0
OG0003127	0	2	-1	-1	0	1	0	0	0	0	1	0	0	0	0	0	0
OG0003128	0	2	0	0	0	0	1	0	0	0	1	0	0	0	0	0	0
OG0003129	0	1	0	2	-1	-1	0	0	0	0	1	0	0	0	0	0	0
OG0003130	0	2	0	-1	0	0	0	0	0	0	0	0	0	0	0	0	0
OG0003131	0	2	0	-1	0	0	0	0	0	0	0	0	0	0	0	0	0
OG0003132	0	1	0	0	0	0	0	0	0	0	0	0	0	0	0	0	0
OG0003133	0	1	0	0	0	0	0	0	0	0	0	0	0	0	0	0	0
OG0003134	1	0	0	0	0	0	0	0	0	0	0	-1	0	0	0	0	0
OG0003135	0	1	0	0	1	0	0	0	0	0	0	0	0	0	0	0	0
OG0003136	0	2	0	0	0	0	0	0	0	0	1	0	0	0	0	0	0
OG0003137	0	2	0	0	0	0	0	0	0	0	1	0	0	0	0	0	0
OG0003138	1	0	2	-1	0	0	0	1	0	0	0	0	0	0	0	1	1
OG0003139	0	0	1	-1	0	0	0	0	0	0	1	1	0	0	0	0	0
OG0003140	0	1	0	1	0	1	0	0	0	0	1	0	0	0	0	0	0
OG0003141	0	1	0	0	0	0	1	0	0	0	1	0	0	0	0	0	0
OG0003142	0	0	1	0	0	0	0	0	0	0	1	0	0	0	0	0	0
OG0003143	0	0	0	3	0	0	0	0	0	0	1	0	0	0	0	0	0
OG0003144	0	0	0	0	1	0	1	0	0	0	1	0	0	0	0	0	0
OG0003145	0	2	0	0	0	0	0	0	0	0	1	0	0	0	0	0	0
OG0003146	0	2	0	-1	0	0	0	0	0	0	0	0	0	0	0	0	0
OG0003147	0	1	0	0	0	0	0	0	0	0	1	0	0	0	0	0	0
OG0003148	0	0	0	0	1	0	-1	0	0	0	1	1	0	0	0	0	0
OG0003149	0	0	0	0	0	-1	0	1	0	0	1	0	0	0	0	0	0
OG0003150	0	0	1	0	-1	4	0	0	0	0	0	0	0	0	1	0	-1
OG0003151	0	1	0	0	0	1	0	0	-1	0	1	0	0	0	0	0	0
OG0003152	0	1	0	0	0	0	1	0	0	0	1	0	0	0	0	0	0
OG0003153	0	4	0	-1	1	0	0	0	0	0	1	0	0	0	0	0	0
OG0003154	0	0	0	-1	0	0	0	0	0	0	1	1	0	0	0	0	0
OG0003155	0	0	0	-1	0	0	0	0	0	0	0	1	0	0	0	0	0
OG0003156	0	2	0	0	0	0	0	0	0	0	1	0	0	0	0	0	0
OG0003157	0	0	0	0	0	1	1	0	0	0	1	0	0	0	0	0	0
OG0003158	0	2	0	0	0	0	0	0	0	0	1	0	0	0	0	0	0
OG0003159	0	1	0	1	0	0	0	0	0	0	1	0	0	0	0	0	0
OG0003212	1	12	-1	0	0	0	0	0	0	0	0	1	0	0	0	0	0
OG0003213	0	0	0	0	0	0	0	0	0	0	1	0	0	0	0	0	0
OG0003214	1	1	0	-1	-1	0	0	0	0	0	0	0	0	0	0	0	0
OG0003215	0	0	0	-1	0	0	0	0	0	0	1	2	0	0	0	0	0
OG0003216	-1	0	0	0	0	0	-1	-1	0	0	1	1	0	-1	0	0	0
OG0003217	0	1	0	0	0	0	0	-1	1	0	1	0	0	0	0	0	0
OG0003218	0	2	0	0	0	-1	0	0	0	0	0	0	0	0	0	0	0
OG0003219	0	1	0	0	0	0	0	0	0	0	1	0	0	0	0	0	0
OG0003220	0	3	0	1	0	0	0	-1	0	0	1	0	0	0	0	0	0
OG0003221	0	1	0	0	0	0	0	0	0	0	1	0	0	0	0	0	0
OG0003222	0	0	0	0	0	0	0	0	0	0	0	0	0	0	0	0	0
OG0003223	2	0	0	0	-1	0	-1	0	0	0	0	-1	0	0	0	0	0
OG0003224	0	1	0	-1	0	0	0	0	0	0	0	0	0	0	0	0	0
OG0003225	1	0	0	0	0	0	0	0	0	0	0	0	0	0	0	0	0
OG0003226	3	0	0	1	-1	0	1	0	0	0	0	-1	0	0	0	0	0
OG0003227	0	0	0	0	0	0	1	0	0	0	1	0	0	0	0	0	0
OG0003228	0	0	0	0	0	0	0	0	0	0	0	0	0	0	0	0	0
OG0003229	0	0	2	0	0	0	0	0	-1	0	0	0	0	0	0	0	0
OG0003230	0	0	0	-2	1	-2	0	0	0	0	0	1	0	0	0	0	1
OG0003232	0	2	0	-1	0	0	0	0	0	0	1	0	0	0	0	0	0
OG0003233	0	2	0	0	0	0	0	0	0	0	0	0	0	0	0	0	0
OG0003234	1	0	0	-1	0	0	0	0	0	0	0	0	0	0	0	0	0
OG0003235	0	0	0	1	0	-1	2	0	0	0	1	0	0	0	0	0	0
OG0003236	1	1	0	0	0	0	0	-1	0	0	0	0	0	0	0	0	0
OG0003237	0	2	0	-1	0	0	0	0	0	0	0	0	0	0	0	0	0
OG0003238	0	2	0	-1	-1	0	0	0	0	0	0	0	0	0	0	0	0
OG0003239	0	-1	0	-1	-1	0	0	0	1	0	0	0	0	0	0	0	0
OG0003240	1	0	-1	-1	0	0	3	0	0	0	0	0	0	0	0	0	0
OG0003241	0	1	0	0	0	0	0	0	0	0	0	0	0	0	0	0	0
OG0003242	1	0	0	0	0	0	1	-1	0	0	0	0	0	0	0	0	0
OG0003243	0	1	0	-1	0	0	0	0	0	0	0	0	0	0	0	0	0
OG0003244	0	4	0	0	0	0	0	-1	0	0	1	0	0	0	0	0	0
OG0003245	0	-2	1	1	0	0	1	0	0	0	1	0	0	0	0	0	0
OG0003246	2	1	0	1	0	0	-1	-1	0	0	0	0	0	0	0	0	0
OG0003247	2	0	1	0	0	-1	0	0	0	0	0	0	0	0	0	0	0
OG0003248	0	0	1	0	0	0	0	-1	0	0	1	1	0	0	0	0	0
OG0003249	1	0	0	0	0	0	-2	0	0	0	0	1	0	0	0	0	0
OG0003250	0	1	0	0	0	0	0	0	0	0	0	0	0	0	0	0	0
OG0003251	5	0	0	0	0	0	0	0	1	0	0	1	0	0	-1	0	0
OG0003252	1	0	0	0	0	0	0	-1	0	0	0	1	0	0	0	0	0
OG0003253	1	0	0	0	0	0	0	0	0	0	0	0	0	0	0	0	0
OG0003254	2	0	0	0	0	0	0	0	0	0	-1	0	0	0	1	0	0
OG0003255	2	0	1	0	-1	0	0	0	0	0	0	0	0	-1	0	-1	0
OG0003257	0	0	0	0	0	0	0	0	0	0	0	0	0	0	0	0	0
OG0003258	0	0	-1	-1	2	0	0	0	0	0	0	0	0	0	0	0	0
OG0003259	0	1	0	0	0	-1	1	0	0	0	0	0	0	0	0	0	0
OG0003261	0	1	0	0	0	0	0	0	0	0	1	0	0	0	0	0	0
OG0003262	2	1	-1	-1	-1	0	0	0	0	0	0	0	0	0	0	0	0
OG0003263	0	0	0	1	0	0	0	0	0	0	1	0	0	0	0	0	0
OG0003265	1	1	0	0	0	-1	0	0	0	0	0	0	0	0	0	0	0
OG0003266	0	0	0	0	0	0	0	0	0	0	0	0	0	0	0	0	0
OG0003267	0	1	0	0	0	0	0	0	0	0	0	0	0	0	0	0	0
OG0003268	0	2	0	0	0	0	0	-1	0	0	0	0	0	0	0	0	0
OG0003269	1	1	0	-2	0	0	0	0	0	0	0	0	0	0	0	0	0
OG0003270	1	0	0	0	0	0	0	0	0	0	0	0	0	0	0	0	0
OG0003271	1	1	0	0	0	-1	0	0	0	0	0	0	0	0	0	0	0
OG0003272	2	0	1	2	-1	0	-1	-1	0	0	0	0	0	0	0	0	0
OG0003273	3	1	0	0	0	0	0	0	-2	0	0	0	0	0	0	0	0
OG0003274	0	-1	0	0	-1	0	0	0	0	0	1	0	0	0	0	0	1
OG0003275	2	0	0	0	0	0	0	0	0	0	0	0	0	0	0	0	0
OG0003276	0	1	0	0	1	0	0	0	0	0	1	0	0	0	0	0	0
OG0003277	0	0	0	0	0	0	0	0	0	0	0	0	0	0	0	0	0
OG0003278	1	0	-1	0	0	0	0	0	0	0	0	0	0	0	0	0	0
OG0003279	0	1	0	0	1	0	0	0	0	0	1	0	0	0	0	0	0
OG0003280	0	0	0	-2	1	-1	-2	0	0	0	1	0	0	0	0	0	1
OG0003281	0	0	0	-1	0	0	0	0	0	0	1	1	0	0	0	0	0
OG0003282	1	0	0	0	-1	0	0	0	0	0	0	0	0	0	0	0	0
OG0003283	0	-1	1	0	0	0	-1	0	0	0	0	0	0	0	0	0	0
OG0003284	1	0	0	0	0	0	0	0	0	0	0	0	0	0	0	0	0
OG0003286	0	0	0	0	0	0	0	0	0	0	0	0	0	0	0	0	0
OG0003287	1	-2	0	1	-1	2	1	-2	0	0	0	0	0	0	0	0	0
OG0003288	0	1	0	0	0	0	0	0	0	0	0	0	0	0	0	0	0
OG0003289	0	1	0	0	0	0	0	0	0	0	1	0	0	0	0	0	0
OG0003290	0	-1	3	0	0	-2	0	1	0	0	0	0	0	0	0	0	0
OG0003291	0	0	2	0	0	0	0	-1	0	0	1	0	0	0	0	0	0
OG0003292	0	0	0	0	0	0	0	0	0	0	1	0	0	0	0	0	0
OG0003293	0	0	0	0	1	0	0	0	0	0	0	0	0	0	0	0	0
OG0003294	0	1	0	0	0	0	0	0	0	0	0	0	0	0	0	0	0
OG0003295	0	1	0	0	0	0	0	0	0	0	1	0	0	0	0	0	0
OG0003296	7	-2	0	1	1	-1	0	0	-1	0	0	-1	0	0	-1	0	-1
OG0003297	0	0	1	0	0	0	0	0	0	0	1	0	0	0	0	0	0
OG0003298	0	0	0	0	0	-1	0	0	0	0	0	1	0	0	0	0	0
OG0003299	0	0	1	0	0	0	0	0	0	0	1	0	0	0	0	0	0
OG0003300	0	1	0	-1	1	0	0	0	0	0	0	0	0	0	0	0	0
OG0003301	0	0	0	4	12	0	0	-1	1	0	0	-1	1	0	-1	0	0
OG0003302	0	2	0	-1	0	0	0	0	0	0	0	0	0	0	0	0	0
OG0003303	0	1	0	1	0	0	0	0	0	0	1	0	0	0	0	0	0
OG0003304	1	0	1	0	0	-1	0	0	0	0	0	0	0	0	0	0	0
OG0003305	0	0	0	1	-1	0	2	0	0	0	0	0	0	0	0	0	0
OG0003306	0	0	0	-1	0	0	0	0	0	0	0	1	0	0	0	0	0
OG0003307	0	1	0	0	0	-1	0	0	1	0	0	0	0	0	0	0	0
OG0003308	1	2	0	-1	-1	0	1	0	-1	0	0	0	0	0	0	0	0
OG0003309	0	0	0	-1	0	0	0	0	1	0	0	0	0	0	0	0	0
OG0003310	0	1	0	0	0	0	0	0	0	0	0	0	0	0	0	0	0
OG0003311	0	1	0	0	-1	-1	0	0	-1	0	1	0	0	0	0	1	0
OG0003312	0	1	0	0	0	0	0	0	0	0	1	0	0	0	0	0	0
OG0003313	0	1	0	-1	1	0	0	0	0	0	1	0	0	0	0	0	0
OG0003314	4	1	0	0	0	0	0	0	0	0	0	0	0	0	0	-1	0
OG0003315	0	2	0	-1	1	-1	0	0	0	0	0	0	0	0	0	0	0
OG0003316	0	-1	0	0	0	0	0	0	0	0	0	0	0	0	0	0	0
OG0003317	0	1	-1	1	0	-2	-1	1	0	0	0	0	0	-1	0	0	0
OG0003318	0	1	0	0	0	0	0	0	0	0	1	0	0	0	0	0	0
OG0003319	0	0	0	0	0	0	0	0	0	0	0	0	0	0	0	0	0
OG0003320	0	0	0	0	0	0	0	0	0	0	0	0	0	0	0	0	0
OG0003321	0	13	-1	0	0	0	0	0	0	0	0	1	0	0	0	0	0
OG0003322	0	1	0	0	0	0	0	0	0	0	1	0	0	0	0	0	0
OG0003323	0	0	0	0	0	0	0	0	0	0	1	1	0	0	0	0	0
OG0003324	0	-1	1	0	0	0	1	0	0	0	1	0	0	0	0	0	0
OG0003325	0	0	0	0	0	0	0	0	0	0	1	0	0	0	0	0	0
OG0003326	0	13	-1	0	0	0	0	0	0	0	0	1	0	0	0	0	0
OG0003327	0	1	0	0	0	0	0	0	0	0	1	0	0	0	0	0	0
OG0003328	0	1	0	0	0	0	0	0	0	0	1	0	0	0	0	0	0
OG0003329	0	0	0	1	0	0	0	0	0	0	1	0	0	0	0	0	0
OG0003330	0	0	0	0	0	-1	0	0	0	0	0	1	0	0	0	0	0
OG0003331	1	1	0	0	0	0	0	-1	0	0	0	0	0	0	0	0	0
OG0003332	0	-1	0	-1	0	0	1	0	0	0	0	0	0	0	0	0	0
OG0003333	0	1	-1	0	1	0	0	0	0	0	0	0	0	0	0	0	0
OG0003334	0	0	0	-1	0	0	1	0	0	0	1	0	0	0	0	0	0
OG0003335	0	0	0	0	0	0	0	0	0	0	0	0	0	0	0	0	0
OG0003336	0	1	0	0	1	-1	0	0	0	0	0	0	0	0	0	0	0
OG0003337	0	1	0	1	0	0	0	-1	0	0	0	0	0	0	0	0	0
OG0003338	1	1	0	0	0	0	0	0	-1	0	0	0	0	0	0	0	0
OG0003339	1	1	0	-2	0	0	0	0	0	0	0	0	0	0	0	0	0
OG0003340	0	1	0	-1	0	0	0	0	0	0	0	0	0	0	0	0	0
OG0003341	0	-1	2	0	1	-1	0	0	0	0	0	0	0	0	0	0	0
OG0003342	0	1	0	0	0	0	0	0	0	0	1	0	0	0	0	0	0
OG0003343	0	3	0	0	0	0	0	0	0	0	1	0	0	0	0	0	0
OG0003344	0	0	0	1	0	0	0	0	0	0	1	0	0	0	0	0	0
OG0003345	0	2	0	0	-1	0	0	0	0	0	1	0	0	0	0	0	0
OG0003346	0	1	0	0	0	0	0	0	0	0	1	0	0	0	0	0	0
OG0003347	0	0	0	0	0	0	0	0	0	0	0	0	0	0	0	0	0
OG0003348	1	1	0	0	0	0	-2	0	0	0	0	0	0	0	0	0	0
OG0003349	0	0	0	1	0	0	0	0	0	0	1	0	0	0	0	0	0
OG0003350	0	11	-1	0	0	0	0	0	0	0	1	1	0	-1	0	0	0
OG0003351	0	1	0	-1	0	0	0	0	0	0	0	0	0	0	0	0	0
OG0003352	0	1	0	1	0	0	0	0	0	0	0	0	0	0	0	0	0
OG0003353	0	0	0	-1	0	0	0	0	0	0	0	1	0	0	0	0	0
OG0003354	0	1	0	0	0	0	0	0	0	0	0	0	0	0	0	0	0
OG0003355	0	1	0	0	0	0	0	0	0	0	1	0	0	0	0	0	0
OG0003356	1	1	0	1	0	0	0	0	-1	0	0	0	0	0	0	0	0
OG0003357	0	1	0	0	0	0	0	0	0	0	0	0	0	0	0	0	0
OG0003358	0	0	0	-1	0	0	-2	1	0	0	1	0	0	0	0	0	0
OG0003359	0	0	0	0	0	0	0	0	0	0	0	0	0	0	0	0	0
OG0003360	0	0	0	0	0	0	0	0	0	0	0	0	0	0	0	0	0
OG0003361	0	0	0	1	0	0	0	0	0	0	0	0	0	0	0	0	0
OG0003362	0	0	0	0	0	0	0	0	0	0	1	0	0	0	0	0	0
OG0003363	0	1	0	0	0	0	0	0	0	0	1	0	0	0	0	0	0
OG0003364	0	1	0	-1	0	0	0	0	0	0	0	0	0	0	0	0	0
OG0003365	0	0	0	-1	1	0	0	0	0	0	0	0	0	0	0	0	0
OG0003366	0	3	0	0	0	0	0	0	-1	0	0	0	0	0	0	0	0
OG0003367	1	1	0	-1	0	0	0	0	0	0	0	0	0	0	0	0	0
OG0003368	1	8	0	0	0	0	0	0	2	0	0	0	0	0	0	0	0
OG0003369	0	0	-1	-1	0	0	1	0	0	0	0	0	0	0	0	0	0
OG0003370	0	1	0	0	0	0	0	0	0	0	0	0	0	0	0	0	0
OG0003371	1	1	0	0	0	-1	0	0	0	0	0	0	0	0	0	0	0
OG0003372	0	0	0	0	0	0	0	0	0	0	0	0	0	0	0	0	0
OG0003373	0	3	0	-2	0	0	0	0	0	0	0	0	0	0	0	0	0
OG0003374	0	1	0	0	0	0	0	-1	0	0	1	1	0	0	0	0	0
OG0003375	0	0	-1	0	1	0	0	0	0	0	0	0	0	0	0	0	0
OG0003376	0	1	0	0	0	0	0	0	0	0	0	0	0	0	0	0	0
OG0003377	0	1	0	0	0	0	0	0	0	0	0	0	0	0	0	0	0
OG0003378	0	2	0	0	0	0	-2	0	0	0	0	0	0	0	0	0	0
OG0003379	0	0	0	-1	0	0	0	1	0	0	0	0	0	0	0	0	0
OG0003380	0	0	3	-1	0	0	0	-1	0	0	0	0	0	0	0	0	0
OG0003381	0	-1	0	0	1	-1	4	0	0	0	0	0	0	0	0	0	0
OG0003382	1	0	0	1	0	0	-1	0	0	0	0	0	0	0	0	0	0
OG0003383	1	0	1	0	0	0	0	1	-1	0	0	0	0	0	0	2	0
OG0003384	0	1	0	0	0	0	0	1	-1	0	1	0	0	0	0	0	0
OG0003385	0	0	0	0	1	0	0	0	0	0	1	0	0	0	0	0	0
OG0003386	0	6	-1	-2	-1	0	-1	0	0	0	1	1	0	0	0	0	0
OG0003387	0	1	0	0	0	0	0	0	0	0	0	0	0	0	0	0	0
OG0003388	2	0	1	-1	3	-1	0	-1	0	0	0	1	0	0	0	0	0
OG0003389	0	1	0	0	0	0	0	0	0	0	0	0	0	0	0	0	0
OG0003390	0	6	-1	0	-1	0	0	0	0	0	1	1	0	0	0	-1	0
OG0003391	0	1	0	-1	0	0	0	0	0	0	0	0	0	0	0	0	0
OG0003392	0	1	0	-1	0	0	0	0	0	0	0	0	0	0	0	0	0
OG0003393	0	0	0	0	0	0	0	1	0	0	0	0	0	0	1	0	0
OG0003394	0	0	0	0	0	-1	0	1	0	0	0	0	0	0	0	0	0
OG0003395	0	0	2	-1	0	0	0	0	0	0	1	0	0	0	0	0	0
OG0003396	0	1	0	0	-1	0	0	0	0	0	0	0	0	0	0	0	0
OG0003397	1	-1	0	0	0	0	0	0	0	0	0	0	0	0	0	0	0
OG0003398	0	0	0	-1	1	0	0	0	0	0	0	0	0	0	0	0	0
OG0003399	0	2	0	-1	1	0	0	0	0	0	1	0	0	0	0	0	0
OG0003400	0	1	0	-1	0	0	0	0	0	0	0	0	0	0	0	0	0
OG0003401	1	0	0	0	0	0	1	0	0	0	0	0	0	0	0	0	0
OG0003402	0	1	0	1	0	0	1	0	0	0	1	0	0	0	0	0	0
OG0003403	0	0	0	1	0	0	-1	0	-1	0	0	0	0	0	-1	-1	0
OG0003404	0	1	0	1	0	0	0	-1	0	0	0	0	0	0	0	0	0
OG0003405	0	2	0	-1	-1	0	0	0	0	0	0	0	0	0	0	0	0
OG0003406	0	1	0	0	0	0	1	-1	0	0	0	0	0	0	0	0	0
OG0003407	0	1	0	-1	0	0	0	0	0	0	0	0	0	0	0	0	0
OG0003408	-1	4	0	0	0	0	0	0	0	0	1	0	0	-1	0	-1	0
OG0003409	0	0	0	0	-1	-1	0	1	0	0	1	1	0	0	0	0	0
OG0003410	0	1	0	1	0	0	0	0	0	0	0	0	0	0	0	0	0
OG0003411	0	1	0	0	0	0	0	0	0	0	1	0	0	0	0	0	0
OG0003412	0	0	0	0	0	0	0	0	0	0	1	0	0	0	0	0	0
OG0003413	0	0	0	1	1	0	0	0	0	0	1	0	0	0	0	0	0
OG0003414	0	2	0	0	0	0	-1	0	0	0	1	0	0	0	0	0	0
OG0003415	0	1	0	-1	1	0	0	0	0	0	1	0	0	0	0	0	0
OG0003416	1	0	1	-1	0	0	0	0	0	0	0	0	0	0	0	0	0
OG0003417	0	2	0	0	1	0	0	0	0	0	1	0	0	0	0	0	0
OG0003418	0	1	0	1	0	0	0	0	0	0	1	0	0	0	0	0	0
OG0003419	0	1	0	1	1	0	0	0	-1	0	1	0	0	0	0	0	0
OG0003420	0	0	1	0	0	0	0	0	0	0	1	0	0	0	0	0	0
OG0003421	0	1	0	0	0	0	0	0	0	0	0	0	0	0	0	0	0
OG0003422	0	1	0	1	0	0	0	0	0	0	1	0	0	0	0	0	0
OG0003423	0	0	0	0	0	0	0	0	0	0	0	0	0	0	0	0	0
OG0003424	0	1	0	0	0	0	0	0	0	0	0	0	0	0	0	0	0
OG0003425	-1	1	-1	0	0	0	0	-1	0	0	1	0	0	0	-1	0	0
OG0003426	0	2	0	0	0	0	0	0	0	0	0	0	0	0	0	0	0
OG0003427	0	3	0	0	0	0	0	2	0	0	0	0	0	0	0	1	0
OG0003428	0	0	-1	1	0	0	0	0	0	0	0	0	0	0	0	0	0
OG0003429	0	1	0	-1	0	0	0	0	0	0	0	0	0	0	0	0	0
OG0003430	0	1	0	0	0	0	0	0	0	0	1	0	0	0	0	0	0
OG0003431	0	1	0	0	0	0	1	0	0	0	1	0	0	0	0	0	0
OG0003432	0	0	0	0	0	-1	2	0	0	0	1	0	0	0	0	0	0
OG0003433	0	3	0	0	0	0	0	0	0	0	1	0	0	0	0	0	0
OG0003434	0	2	0	1	0	0	0	0	0	0	0	0	0	0	0	0	0
OG0003435	0	0	0	0	0	0	0	0	0	0	1	0	0	0	0	0	0
OG0003436	0	0	0	-1	0	0	0	0	0	0	1	0	0	0	0	0	0
OG0003437	0	0	1	0	0	0	0	0	0	0	1	0	0	0	0	0	0
OG0003438	-1	0	0	0	0	0	0	0	0	0	1	0	0	-1	0	0	0
OG0003439	0	0	0	-1	1	0	0	0	0	0	1	1	0	0	0	0	0
OG0003440	0	1	0	0	0	0	0	0	0	0	0	0	0	0	0	0	0
OG0003441	0	-1	0	8	-1	-1	0	0	-1	0	1	0	0	0	0	0	0
OG0003442	0	1	0	0	0	0	0	0	0	0	0	0	0	0	0	0	0
OG0003443	0	-1	0	0	3	0	0	1	-2	0	1	0	0	0	0	0	0
OG0003444	0	1	0	-1	0	0	0	0	0	0	1	0	0	0	0	-2	0
OG0003445	0	-1	0	-1	0	0	1	0	0	0	0	0	0	0	0	0	0
OG0003446	0	0	0	0	0	0	0	0	0	0	0	0	0	0	0	0	0
OG0003447	0	-1	0	0	0	1	0	0	0	0	1	0	0	0	0	0	0
OG0003448	0	0	0	0	0	0	0	0	0	0	1	1	0	0	0	0	0
OG0003449	0	1	0	0	0	1	0	0	0	0	1	0	0	0	0	0	0
OG0003450	0	1	0	0	1	0	0	0	0	0	1	0	0	0	0	0	0
OG0003451	0	-1	0	0	0	1	0	0	0	0	0	0	0	0	0	0	0
OG0003452	0	2	0	0	0	1	-2	0	0	0	1	0	0	0	0	0	0
OG0003453	0	0	0	0	0	0	0	0	0	0	0	0	0	0	0	0	0
OG0003454	0	1	0	0	0	0	0	0	0	0	1	0	0	0	0	0	0
OG0003455	0	0	0	0	0	0	0	0	0	0	1	0	0	0	0	0	0
OG0003456	0	1	0	0	0	0	0	0	0	0	1	0	0	0	0	0	0
OG0003457	-1	1	0	0	0	-1	2	0	0	0	1	0	0	-1	0	0	0
OG0003458	0	1	0	0	0	0	0	0	0	0	1	0	0	0	0	0	0
OG0003459	0	-1	2	1	0	0	0	0	0	0	1	0	0	0	0	0	0
OG0003460	0	1	0	0	0	0	0	0	0	0	0	0	0	0	0	0	0
OG0003461	0	1	0	-1	1	0	0	0	0	0	1	0	0	0	0	0	0
OG0003462	0	0	0	-1	0	0	0	0	0	0	0	0	0	0	0	2	1
OG0003463	0	1	0	0	1	0	0	0	0	0	1	0	0	0	0	0	0
OG0003464	0	4	0	1	0	-1	0	0	0	0	1	0	0	0	0	0	0
OG0003465	0	2	0	0	0	0	0	0	0	0	1	0	0	0	0	0	0
OG0003466	0	-1	3	-1	5	0	-1	0	4	0	0	0	0	0	0	0	0
OG0003516	0	0	0	0	0	0	0	0	-1	0	1	1	0	0	0	0	0
OG0003517	0	12	-1	-1	-1	0	0	2	0	0	0	0	0	0	0	0	0
OG0003518	0	0	0	1	0	1	0	0	0	0	1	-1	0	0	0	0	0
OG0003519	0	1	0	-1	0	0	0	0	0	0	1	0	0	0	0	0	0
OG0003520	0	0	0	0	-1	-1	15	-3	0	0	0	-1	0	0	0	2	0
OG0003521	0	1	0	0	0	0	0	0	0	0	1	0	0	0	0	0	0
OG0003522	2	1	0	0	0	-1	0	0	0	0	0	0	0	0	0	0	0
OG0003523	0	1	0	-1	0	0	0	0	0	0	0	0	0	0	0	0	0
OG0003524	2	1	0	-1	0	0	0	-1	0	0	0	0	0	0	0	0	0
OG0003525	0	0	0	0	0	0	0	0	0	0	1	0	0	0	0	0	0
OG0003526	1	-1	0	0	0	0	0	0	0	0	0	0	0	0	0	0	0
OG0003527	0	0	0	0	0	0	0	0	0	0	1	0	0	0	0	0	0
OG0003528	0	1	0	-1	-1	0	0	0	0	0	1	0	0	0	0	0	0
OG0003529	0	1	0	0	-1	0	0	0	0	0	0	0	0	0	0	0	0
OG0003530	0	0	0	0	0	0	1	0	0	0	1	-1	0	0	0	0	0
OG0003531	0	0	0	0	0	0	0	0	0	0	1	0	0	0	0	0	0
OG0003532	0	1	0	0	-1	0	0	0	0	0	1	0	0	0	0	0	0
OG0003533	0	0	-1	0	1	0	0	0	0	0	0	0	0	0	0	0	0
OG0003534	0	0	0	0	0	0	0	0	0	0	1	0	0	0	0	0	0
OG0003535	0	1	0	-1	0	0	0	0	0	0	1	0	0	0	0	0	0
OG0003536	0	0	0	0	0	0	2	0	0	0	1	-1	0	0	0	0	0
OG0003537	0	0	0	0	0	0	0	0	0	0	0	0	0	0	0	0	0
OG0003538	0	1	0	0	0	0	0	0	0	0	0	0	0	0	0	0	0
OG0003539	0	0	0	-1	1	0	0	0	0	0	1	0	0	0	0	0	0
OG0003540	0	2	0	0	0	0	0	0	0	0	1	0	0	0	0	0	0
OG0003541	0	0	0	0	1	0	0	0	0	0	1	0	0	0	0	0	0
OG0003542	0	0	0	-1	0	0	0	0	0	0	0	0	0	0	0	0	0
OG0003543	0	0	1	-1	0	0	0	0	0	0	1	0	0	0	0	0	0
OG0003544	0	2	0	0	0	0	2	0	-1	0	1	0	0	0	0	0	0
OG0003545	1	1	0	-1	0	0	0	0	0	0	0	0	0	0	0	0	0
OG0003546	0	0	0	1	0	0	0	0	0	0	1	0	0	0	0	0	0
OG0003547	0	1	0	-1	0	-1	1	0	0	0	1	0	0	0	0	0	0
OG0003548	0	1	0	-1	0	0	0	0	0	0	1	0	0	0	0	0	0
OG0003549	0	1	0	-1	-1	0	0	0	0	0	0	0	0	0	0	0	0
OG0003550	0	0	0	0	0	0	0	0	0	0	1	0	0	0	0	0	0
OG0003551	0	1	0	-1	0	0	0	0	0	0	0	0	0	0	0	0	0
OG0003552	3	0	-1	-2	0	0	0	0	0	0	0	0	0	0	0	0	0
OG0003553	0	1	0	0	0	-1	1	0	0	0	0	0	0	0	0	0	0
OG0003554	0	1	0	0	0	0	0	0	0	0	1	0	0	0	0	0	0
OG0003555	0	0	0	0	0	0	0	0	0	0	0	0	0	0	0	0	0
OG0003556	1	-1	0	0	0	0	0	0	0	0	0	0	0	0	0	0	0
OG0003557	0	-1	1	-1	0	0	0	0	0	0	1	0	0	0	0	0	0
OG0003558	1	2	0	-1	0	0	-1	0	0	0	0	2	0	0	0	-1	0
OG0003559	0	1	0	-1	0	0	0	0	0	0	1	0	0	0	0	0	0
OG0003560	0	0	0	-1	0	0	0	0	0	0	0	0	0	0	0	0	0
OG0003561	0	1	0	-1	1	0	-1	0	0	0	0	0	0	0	0	0	0
OG0003562	0	0	0	0	0	0	0	0	0	0	1	0	0	0	0	0	0
OG0003563	0	0	0	0	0	0	0	0	0	0	1	0	0	0	0	0	0
OG0003564	0	1	0	-1	0	0	0	0	0	0	0	0	0	0	0	0	0
OG0003565	0	3	0	0	0	0	0	-1	0	0	0	0	0	0	0	0	0
OG0003566	0	0	2	-1	0	0	-2	0	0	0	0	0	0	0	0	0	0
OG0003567	0	0	0	0	0	0	0	0	0	0	0	0	0	0	0	0	0
OG0003568	0	1	0	-2	0	0	0	0	0	0	0	0	0	0	0	0	0
OG0003569	0	1	0	0	1	0	-2	0	0	0	0	0	0	0	0	0	0
OG0003570	0	0	0	0	0	0	0	0	0	0	0	0	0	0	0	0	0
OG0003571	1	0	0	0	0	0	0	0	0	0	0	0	0	0	0	0	0
OG0003573	1	0	0	0	0	0	0	0	0	0	0	0	0	0	0	0	0
OG0003574	2	0	0	1	0	0	0	0	0	0	0	0	0	0	0	0	-1
OG0003575	0	2	0	-1	0	0	0	-1	0	0	0	0	0	0	0	0	0
OG0003576	0	1	0	0	0	0	-2	0	0	0	0	0	0	0	0	0	0
OG0003577	2	0	0	0	0	0	0	0	0	0	0	0	0	0	0	1	1
OG0003578	1	-1	0	0	0	0	0	1	0	0	0	0	0	-1	0	0	1
OG0003579	0	1	0	-1	1	0	0	-1	0	0	1	1	0	0	0	0	0
OG0003580	0	0	0	0	0	0	0	0	0	0	1	0	0	0	0	0	0
OG0003581	1	-1	0	1	-1	0	0	0	0	0	0	0	0	0	0	0	0
OG0003582	2	0	2	0	0	2	0	0	0	0	0	0	-1	0	0	0	0
OG0003583	0	0	0	-1	0	0	0	0	0	0	1	1	0	0	0	0	0
OG0003584	0	0	0	0	0	0	0	0	0	0	0	0	0	0	0	0	0
OG0003585	1	0	0	0	0	0	0	0	0	0	0	0	0	0	0	0	0
OG0003586	0	0	-1	1	0	0	0	0	0	0	0	0	0	0	0	0	0
OG0003587	1	0	0	0	0	-2	0	-1	1	0	0	0	0	0	0	1	0
OG0003588	0	0	0	-2	0	1	-1	0	0	0	0	0	0	0	0	0	0
OG0003589	1	0	0	0	0	0	0	0	0	0	0	0	-1	0	0	1	0
OG0003590	1	2	-1	-2	-1	0	0	0	0	0	0	0	0	0	0	0	0
OG0003591	1	0	0	0	0	0	-1	0	0	0	0	0	0	1	0	0	1
OG0003592	1	3	0	0	0	-1	0	-1	0	0	0	0	0	0	0	0	0
OG0003593	1	0	-1	1	0	1	0	0	0	0	0	0	0	0	0	-1	0
OG0003594	0	-1	0	0	-1	1	-1	0	0	0	0	0	0	0	0	0	0
OG0003595	0	0	0	0	0	0	0	0	0	0	1	0	0	0	0	0	0
OG0003596	0	1	0	0	0	0	-2	0	0	0	0	1	0	0	0	0	0
OG0003597	0	1	0	-1	0	0	0	0	0	0	0	0	0	0	0	0	0
OG0003598	1	0	-1	0	0	0	0	0	0	0	0	0	0	0	0	0	0
OG0003599	0	1	0	-1	0	0	0	0	0	0	0	0	0	0	0	0	0
OG0003600	0	2	0	-1	0	0	0	0	0	0	1	0	0	0	0	0	0
OG0003601	0	0	0	0	0	0	0	0	0	0	1	0	0	0	0	0	0
OG0003602	0	0	0	0	1	1	0	0	0	0	0	0	0	1	0	0	0
OG0003603	1	1	0	0	0	0	-2	0	0	0	0	0	0	0	0	0	0
OG0003604	0	0	0	0	0	0	0	1	0	0	0	0	0	0	0	0	2
OG0003605	0	-1	0	0	0	1	0	0	-2	0	0	0	0	0	0	0	0
OG0003606	0	0	0	0	0	0	0	0	0	0	1	0	0	0	0	0	0
OG0003607	0	0	0	0	0	0	0	0	0	0	1	0	0	0	0	0	0
OG0003608	0	0	0	0	0	0	0	0	0	0	0	0	0	0	0	0	0
OG0003609	0	0	0	0	0	0	0	0	0	0	0	0	0	0	0	0	0
OG0003610	0	0	0	0	0	0	0	0	0	0	0	0	0	0	0	0	0
OG0003611	0	1	-1	-2	1	0	0	0	0	0	0	0	0	0	0	0	0
OG0003612	0	0	0	0	0	0	0	0	0	0	0	0	0	0	0	0	0
OG0003613	1	0	0	1	0	0	-2	0	0	0	0	0	0	0	0	0	0
OG0003614	0	1	0	0	0	0	0	0	-1	0	0	0	0	0	0	0	0
OG0003615	8	0	0	0	0	-2	-2	0	0	0	-1	-1	0	0	0	0	0
OG0003616	0	1	0	0	0	0	0	0	0	0	0	0	0	0	0	0	0
OG0003617	0	1	0	0	0	0	0	0	0	0	0	0	0	0	0	0	0
OG0003618	1	0	-1	0	0	2	0	0	0	0	0	0	0	0	1	0	0
OG0003619	0	1	0	0	0	-1	0	0	0	0	0	1	0	0	0	0	0
OG0003621	0	0	0	-1	0	0	0	0	0	0	0	0	0	0	0	0	0
OG0003622	0	0	0	0	0	0	0	0	0	0	0	0	0	0	0	0	0
OG0003623	0	1	0	0	0	1	0	1	-1	0	0	0	0	0	0	-1	0
OG0003624	1	-1	1	-1	0	0	0	0	0	0	0	0	0	0	0	0	0
OG0003625	0	0	0	1	0	0	0	0	0	0	0	0	0	0	0	0	0
OG0003626	0	0	0	0	2	0	-2	0	0	0	1	0	0	0	0	0	0
OG0003627	0	0	0	0	0	0	0	0	0	0	0	0	0	0	0	0	0
OG0003628	1	0	1	0	-1	4	-1	-1	2	0	0	0	0	0	0	0	0
OG0003629	0	0	-1	0	0	0	0	0	0	0	0	0	0	0	0	0	0
OG0003630	0	1	0	0	0	0	0	0	0	0	1	0	0	0	0	0	0
OG0003631	0	1	0	0	0	0	0	0	0	0	1	0	0	0	0	0	0
OG0003632	0	1	0	0	0	0	0	0	0	0	1	0	0	0	0	0	0
OG0003633	0	2	0	-1	-1	0	0	0	0	0	1	0	0	0	0	0	0
OG0003634	0	0	0	-1	0	0	0	0	0	0	0	0	0	0	0	0	0
OG0003635	1	-1	0	-1	0	0	1	0	0	0	0	0	0	0	0	0	0
OG0003636	0	0	-1	-1	0	1	-1	0	0	0	1	0	0	0	0	0	0
OG0003637	0	0	0	0	0	0	0	0	0	0	1	0	0	0	0	0	0
OG0003638	0	0	1	1	0	0	0	0	0	0	0	0	0	0	0	0	0
OG0003639	0	0	-1	1	0	0	0	0	0	0	0	0	0	0	0	0	0
OG0003640	2	2	0	0	0	0	0	0	0	0	0	1	0	0	0	-1	0
OG0003641	0	5	0	0	0	0	0	0	0	0	0	1	0	0	0	1	0
OG0003642	0	0	0	1	0	0	0	0	0	0	1	0	0	0	0	0	0
OG0003643	0	1	0	0	0	0	0	0	0	0	1	0	0	0	0	0	0
OG0003644	0	0	0	0	0	0	1	0	0	0	1	0	0	0	0	0	0
OG0003645	0	1	0	0	0	0	0	-1	0	0	0	0	0	0	0	0	0
OG0003646	0	0	0	0	0	0	0	0	0	0	0	0	0	0	0	0	0
OG0003647	0	2	0	-1	0	0	-1	0	0	0	0	0	0	0	0	0	0
OG0003648	1	0	0	0	0	0	0	0	0	0	0	0	0	0	0	0	0
OG0003649	0	0	0	0	0	0	0	0	0	0	1	0	0	0	0	0	0
OG0003650	1	1	0	0	0	-1	0	0	0	0	0	0	0	0	0	0	0
OG0003651	3	0	0	0	-1	-1	0	0	0	0	0	0	0	0	0	0	0
OG0003652	0	0	0	-1	0	0	0	0	0	0	1	1	0	0	0	0	0
OG0003653	0	0	0	1	0	0	0	0	-1	0	0	0	0	0	0	0	0
OG0003654	0	1	0	-1	0	0	0	0	0	0	0	0	0	0	0	0	0
OG0003655	0	0	0	-2	0	1	0	0	-1	0	1	0	0	0	0	0	0
OG0003656	0	1	0	-1	0	0	3	0	-1	0	1	0	0	0	0	0	0
OG0003657	0	0	1	-1	0	0	0	0	0	0	1	0	0	0	0	0	0
OG0003658	1	0	0	2	0	-1	-1	0	0	0	0	0	0	0	0	0	0
OG0003659	0	1	0	0	0	0	0	0	0	0	0	0	0	0	0	0	0
OG0003660	0	0	0	0	0	0	0	0	0	0	1	0	0	0	0	0	0
OG0003661	0	0	0	0	0	0	0	0	0	0	0	0	0	0	0	0	0
OG0003662	0	1	0	0	0	0	0	0	0	0	0	0	0	0	0	0	0
OG0003663	0	0	-1	0	0	0	0	0	0	0	1	0	0	0	0	0	0
OG0003664	0	0	0	0	0	0	0	0	0	0	0	0	0	0	0	0	0
OG0003665	0	14	-1	0	0	0	0	-1	0	0	0	1	0	0	0	0	0
OG0003666	0	2	0	0	2	-1	0	-1	0	0	0	0	0	0	0	0	0
OG0003667	0	0	0	0	0	0	0	0	0	0	1	0	0	0	0	0	0
OG0003668	0	2	0	0	0	0	-2	0	0	0	1	0	0	0	0	0	0
OG0003669	0	-1	4	0	0	0	0	-1	0	0	0	0	0	0	0	0	0
OG0003670	0	0	0	-1	0	0	0	0	0	0	0	0	0	0	0	0	0
OG0003671	0	0	0	-2	0	0	0	0	0	0	0	1	0	0	0	0	0
OG0003672	0	0	0	-1	-1	-1	0	0	1	0	0	-1	0	0	0	1	2
OG0003673	0	1	0	-1	0	0	0	0	0	0	1	0	0	0	0	0	0
OG0003674	0	1	0	-1	0	0	0	0	0	0	0	0	0	0	0	0	0
OG0003675	0	1	0	0	0	0	0	-1	0	0	0	0	0	0	0	0	0
OG0003676	0	-1	0	0	0	0	0	0	0	0	0	0	0	0	0	0	0
OG0003677	0	1	0	-1	0	0	0	0	0	0	0	0	0	0	0	0	0
OG0003678	0	0	1	-1	1	-1	0	0	0	0	0	0	0	0	0	0	0
OG0003679	1	0	0	-1	0	0	0	0	-1	0	0	1	0	0	0	0	0
OG0003680	0	1	0	0	0	0	-2	0	0	0	0	0	0	0	0	0	0
OG0003681	0	1	0	-1	0	0	0	0	0	0	1	0	0	0	0	0	0
OG0003682	0	0	0	0	0	0	0	0	0	0	0	0	0	0	0	0	0
OG0003683	0	1	0	1	0	0	0	-1	0	0	0	0	0	0	0	0	0
OG0003684	0	0	0	0	0	0	0	0	0	0	1	0	0	0	0	0	0
OG0003685	0	1	0	0	1	0	0	0	0	0	0	0	0	0	0	0	0
OG0003686	0	2	-1	-1	0	-1	-1	0	0	0	0	0	0	0	0	0	0
OG0003687	1	0	0	0	0	4	0	0	0	0	0	0	0	0	0	0	0
OG0003688	0	0	0	-1	0	0	0	0	0	0	0	0	0	0	0	0	0
OG0003689	3	2	0	-1	0	-1	0	0	0	0	0	0	0	0	0	0	0
OG0003690	1	1	0	0	0	0	0	0	-1	0	0	0	0	0	0	2	0
OG0003691	0	11	-1	0	0	0	0	0	1	0	0	1	0	0	0	0	0
OG0003692	1	0	0	0	0	0	0	0	0	0	0	0	0	1	0	0	0
OG0003693	0	0	0	-1	0	0	0	0	0	0	0	0	0	0	0	0	0
OG0003694	0	0	0	0	0	0	0	0	0	0	0	0	0	0	0	0	0
OG0003695	0	2	0	-1	0	0	0	0	0	0	0	0	0	0	0	0	0
OG0003696	0	0	0	0	1	-1	0	0	0	0	0	0	0	0	0	0	0
OG0003697	0	1	0	0	0	0	0	0	0	0	1	0	0	0	0	0	0
OG0003698	0	1	0	0	0	0	0	0	0	0	0	0	0	0	0	0	0
OG0003699	1	0	0	2	0	0	0	1	0	0	0	0	0	0	0	1	0
OG0003700	2	0	-1	1	0	-1	0	0	0	0	0	0	0	0	0	0	0
OG0003701	0	1	0	0	0	0	0	0	0	0	1	0	0	0	0	0	0
OG0003702	1	0	-1	-1	0	0	0	0	0	0	0	0	0	0	0	0	0
OG0003703	0	1	0	-1	0	0	0	0	0	0	0	0	0	0	0	0	0
OG0003704	0	1	0	0	0	0	0	0	-1	0	0	0	0	0	0	0	0
OG0003705	0	2	0	-2	0	0	-1	0	0	0	0	0	0	0	0	0	0
OG0003706	1	0	0	0	0	0	0	0	0	0	0	-1	0	0	0	0	0
OG0003707	0	2	0	0	0	0	-1	0	0	0	1	0	0	0	0	0	0
OG0003708	1	1	0	-2	0	0	1	0	0	0	0	0	0	0	0	0	0
OG0003709	2	0	0	0	0	0	0	0	0	0	0	-1	0	0	0	0	0
OG0003710	0	1	0	-1	0	0	0	0	0	0	1	0	0	0	0	0	0
OG0003711	0	1	0	0	0	0	0	0	0	0	0	0	0	0	0	0	0
OG0003712	0	2	-1	-1	-1	0	0	0	0	0	0	0	0	0	0	0	0
OG0003713	0	-1	0	2	0	0	0	0	-2	0	0	0	0	0	0	0	0
OG0003714	0	-1	1	0	0	0	0	0	0	0	0	0	0	0	0	0	0
OG0003715	0	0	0	0	0	0	0	0	0	0	1	0	0	0	0	0	0
OG0003716	0	0	0	0	0	0	0	0	0	0	1	0	0	0	0	0	0
OG0003717	1	0	-1	0	0	0	0	0	0	0	0	0	0	0	0	0	0
OG0003718	0	-1	0	2	-1	-1	1	0	0	0	1	0	0	0	0	0	0
OG0003719	0	0	1	1	0	-1	0	0	0	0	0	0	0	0	0	0	0
OG0003720	0	0	0	0	0	0	0	0	0	0	1	0	0	0	0	0	0
OG0003721	0	0	1	0	0	0	-2	0	0	0	0	1	0	0	0	0	0
OG0003722	0	0	0	0	0	0	0	0	0	0	0	0	0	0	0	0	0
OG0003723	0	13	-1	-1	0	0	0	0	0	0	0	1	0	0	0	0	0
OG0003724	0	5	0	-1	0	0	-1	0	0	0	1	0	0	0	0	0	0
OG0003725	0	0	0	1	0	0	0	0	0	0	1	0	0	0	0	0	0
OG0003726	0	0	0	0	0	0	0	0	0	0	0	0	0	0	0	0	0
OG0003727	2	-1	1	0	-1	-1	0	-1	0	0	0	0	0	-1	0	0	0
OG0003728	0	0	0	0	0	0	0	0	0	0	1	0	0	0	0	0	0
OG0003729	0	1	0	0	0	0	0	-1	0	0	0	0	0	0	0	0	0
OG0003730	0	0	0	-1	0	0	0	0	0	0	0	0	0	0	0	0	0
OG0003731	0	1	0	0	0	0	0	0	-1	0	0	0	0	0	0	0	0
OG0003732	0	-1	1	0	-1	1	0	0	-1	0	1	0	0	0	0	0	0
OG0003733	0	2	0	-1	0	0	0	0	0	0	1	0	0	0	0	0	0
OG0003734	0	0	0	0	0	0	0	0	0	0	1	0	0	0	0	0	0
OG0003735	0	0	0	0	0	0	0	0	0	0	1	0	0	0	0	0	0
OG0003736	0	2	0	1	0	0	0	0	-1	0	1	0	0	0	0	0	0
OG0003737	0	0	0	0	0	-2	0	0	0	0	1	1	0	0	0	0	1
OG0003738	0	1	0	0	0	0	0	0	0	0	1	0	0	0	0	0	0
OG0003739	0	0	0	-1	0	0	0	0	0	0	0	0	0	0	0	0	0
OG0003740	0	-1	0	2	0	0	-1	0	0	0	1	0	0	0	0	0	0
OG0003741	0	1	0	0	0	0	0	0	0	0	1	0	0	0	0	0	0
OG0003742	0	0	0	0	0	0	-2	0	0	0	1	0	0	-1	0	0	0
OG0003743	0	0	0	0	0	0	0	0	0	0	0	0	0	0	0	0	0
OG0003744	0	1	0	-1	0	0	0	0	0	0	1	0	0	0	0	0	0
OG0003745	0	0	0	0	0	0	0	0	0	0	0	0	0	0	0	0	0
OG0003746	0	0	0	0	0	0	0	0	0	0	0	0	0	0	0	0	0
OG0003747	0	0	0	-1	1	0	0	0	0	0	1	0	0	0	0	0	0
OG0003748	2	1	0	0	0	0	10	0	0	0	0	0	0	0	0	0	0
OG0003749	0	-1	0	0	0	0	0	0	0	0	0	0	0	0	0	0	0
OG0003750	0	1	0	0	0	0	0	0	0	0	1	0	0	0	0	0	0
OG0003751	1	0	0	0	0	-1	-2	0	0	0	0	1	0	0	0	0	0
OG0003752	0	1	0	0	0	0	0	-1	0	0	0	0	0	0	1	1	0
OG0003753	0	0	0	-1	0	0	0	0	0	0	0	0	0	0	0	0	0
OG0003754	0	1	-1	0	0	0	0	0	0	0	0	0	0	0	0	0	0
OG0003755	0	0	0	1	1	0	0	0	-1	0	1	0	0	0	0	0	0
OG0003756	0	3	-1	-1	0	-1	0	0	0	0	0	0	0	0	0	0	0
OG0003757	0	2	-1	0	1	0	-1	2	-1	0	0	0	0	0	0	-1	0
OG0003758	0	0	1	0	0	1	2	0	0	0	0	0	0	0	1	0	0
OG0003759	0	0	0	0	-1	0	2	0	0	0	1	0	0	0	0	0	0
OG0003760	0	0	0	-1	0	0	0	0	0	0	1	1	0	0	0	0	0
OG0003761	0	1	0	-1	0	0	0	0	0	0	0	0	0	0	0	0	0
OG0003762	0	3	0	0	0	0	-2	0	0	0	1	0	0	0	0	0	0
OG0003763	0	0	0	0	0	0	0	0	0	0	1	0	0	0	0	0	0
OG0003764	0	0	0	0	0	0	0	0	0	0	1	0	0	0	0	0	0
OG0003765	0	0	0	-1	0	0	1	0	0	0	1	0	0	0	0	0	0
OG0003766	0	2	0	-1	0	0	0	0	0	0	1	0	0	0	0	0	0
OG0003767	0	1	0	0	0	0	0	0	0	0	1	0	0	0	0	0	0
OG0003768	1	0	0	-1	0	0	0	1	0	0	0	0	0	0	1	0	0
OG0003769	0	0	0	0	0	0	0	0	0	0	1	0	0	0	0	0	0
OG0003770	0	1	-1	0	0	0	0	0	0	0	1	0	0	0	0	0	0
OG0003771	0	-1	0	0	0	1	0	0	0	0	1	0	0	0	0	0	0
OG0003772	0	1	0	0	0	0	0	-1	0	0	0	0	0	0	0	0	0
OG0003773	0	0	0	-1	0	0	0	0	0	0	0	0	0	0	0	0	0
OG0003774	0	1	0	-1	0	0	0	0	0	0	1	0	0	0	0	0	0
OG0003775	0	0	0	0	0	0	0	0	0	0	0	0	0	0	0	0	0
OG0003776	0	0	0	4	0	-1	-1	0	0	0	1	0	0	0	0	0	0
OG0003777	0	1	0	0	0	0	-1	0	0	0	0	0	0	0	0	0	0
OG0003778	1	0	0	0	0	-1	0	1	0	0	0	1	0	0	0	1	1
OG0003779	0	1	0	0	0	0	0	0	0	0	0	0	0	0	0	0	0
OG0003780	0	1	0	-1	0	0	0	0	0	0	0	0	0	0	0	0	0
OG0003781	0	0	0	-1	0	0	0	1	-2	0	1	0	0	0	0	0	0
OG0003782	0	0	0	0	0	0	0	0	0	0	1	0	0	0	0	0	0
OG0003783	0	0	0	-1	0	0	0	0	0	0	0	0	0	0	0	0	0
OG0003784	0	0	-1	-1	0	0	0	0	0	0	0	0	0	0	0	0	0
OG0003785	0	0	0	0	0	0	0	2	0	0	0	0	0	0	0	1	0
OG0003786	0	0	0	0	1	0	0	0	0	0	0	0	0	0	0	0	0
OG0003787	0	0	0	1	0	1	0	-1	0	0	1	0	0	0	0	0	0
OG0003788	0	0	-1	0	0	0	-2	0	1	0	0	0	0	0	0	0	0
OG0003789	0	1	0	0	0	0	0	0	0	0	1	0	0	0	0	0	0
OG0003790	0	0	-1	0	0	0	0	0	0	0	0	0	0	0	0	0	0
OG0003791	0	1	0	1	0	0	0	0	0	0	1	0	0	0	0	0	0
OG0003792	0	-1	0	1	0	0	0	0	0	0	1	0	0	0	0	0	0
OG0003793	0	0	0	0	0	0	0	0	0	0	1	0	0	0	0	0	0
OG0003794	0	0	1	-1	0	0	0	-1	0	0	1	1	0	0	0	0	0
OG0003795	0	6	0	0	0	0	0	1	0	0	0	0	0	0	0	1	0
OG0003796	0	0	-1	-1	0	-1	0	-1	0	0	1	0	0	0	0	1	0
OG0003797	0	0	0	-2	0	-1	0	0	-1	0	1	0	0	1	0	0	0
OG0003798	1	0	0	0	0	0	-1	0	0	0	0	0	0	0	0	0	0
OG0003799	0	1	0	0	0	0	0	0	0	0	0	0	0	0	0	0	0
OG0003800	0	1	0	0	0	0	0	0	0	0	1	0	0	0	0	0	0
OG0003801	1	0	0	-1	0	0	0	0	0	0	0	0	0	0	0	0	0
OG0003802	0	1	0	0	0	0	4	0	0	0	0	0	0	0	1	0	0
OG0003803	0	0	0	0	0	1	-1	0	1	0	1	0	0	0	0	-1	0
OG0003804	0	0	0	-1	1	0	0	0	0	0	1	0	0	0	0	0	0
OG0003805	0	1	0	0	0	0	0	0	0	0	1	0	0	0	0	0	0
OG0003806	0	0	0	0	0	0	0	0	0	0	1	0	0	0	0	0	0
OG0003807	0	1	0	0	1	0	0	0	0	0	1	0	0	0	0	0	0
OG0003808	0	0	0	0	0	0	0	0	0	0	1	0	0	0	0	0	0
OG0003809	0	0	0	0	0	0	0	0	0	0	0	0	0	0	0	0	0
OG0003810	0	0	0	0	0	0	0	0	0	0	1	0	0	0	0	0	0
OG0003811	0	0	0	-1	0	1	0	0	0	0	1	0	0	0	0	0	0
OG0003812	0	0	0	0	0	1	0	-1	0	0	1	0	0	0	0	0	0
OG0003813	0	0	0	0	0	0	0	0	0	0	1	0	0	0	0	0	0
OG0003814	0	0	0	-1	0	0	0	0	0	0	1	0	0	0	0	0	0
OG0003815	0	0	0	0	0	0	0	0	0	0	1	0	0	0	0	0	0
OG0003816	0	1	0	0	0	0	0	0	0	0	1	0	0	0	0	0	0
OG0003817	0	0	0	0	0	0	0	0	0	0	0	0	0	0	0	0	0
OG0003818	-1	0	0	-2	0	-3	0	0	-1	0	1	0	0	0	0	0	0
OG0003819	0	-1	0	0	0	-1	1	0	0	0	1	0	0	0	0	0	0
OG0003820	0	0	0	0	0	0	0	0	0	0	1	0	0	0	0	0	0
OG0003821	0	12	-1	0	0	0	0	0	0	0	0	1	0	0	0	0	0
OG0003822	0	1	0	-1	0	0	0	0	0	0	1	0	0	0	0	0	0
OG0003823	0	0	0	0	0	0	0	0	0	0	1	0	0	0	0	0	0
OG0003824	0	1	0	-1	0	0	0	0	0	0	1	0	0	0	0	0	0
OG0003825	0	0	0	0	0	0	0	0	0	0	1	0	0	0	0	0	0
OG0003826	2	0	-1	3	0	0	0	0	0	0	0	0	0	-1	0	0	1
OG0003827	0	1	0	0	0	0	0	0	0	0	1	0	0	0	0	0	0
OG0003828	0	2	0	-1	0	0	0	0	0	0	1	0	0	0	0	0	0
OG0003829	0	0	0	-1	0	0	0	0	0	0	1	1	0	0	0	0	0
OG0003830	0	0	0	0	0	0	0	0	0	0	1	0	0	0	0	0	0
OG0003831	0	0	0	-1	0	0	0	0	0	0	0	0	0	0	0	0	0
OG0003832	0	1	0	0	0	0	0	0	0	0	1	0	0	0	0	0	0
OG0003833	0	0	0	0	0	0	0	0	0	0	1	0	0	0	0	0	0
OG0003834	0	1	0	0	0	0	0	-1	0	0	1	0	0	0	0	0	0
OG0003894	0	0	1	0	-1	0	0	0	-1	0	1	0	0	0	0	0	0
OG0003895	0	0	0	0	0	0	0	0	0	0	1	0	0	0	0	0	0
OG0003896	0	0	0	0	0	0	0	0	0	0	1	0	0	0	0	0	0
OG0003898	0	1	0	0	0	0	0	0	0	0	1	0	0	0	0	0	0
OG0003899	0	1	0	0	0	0	0	-1	0	0	0	0	0	0	0	0	0
OG0003900	0	-1	1	0	-1	0	0	0	0	0	1	0	0	0	0	0	0
OG0003901	0	0	0	-1	0	1	0	0	0	0	0	-1	0	1	0	0	0
OG0003902	0	0	0	1	0	0	0	0	-2	0	1	0	0	0	0	0	0
OG0003903	0	0	0	0	1	-2	0	-1	0	0	1	0	0	0	0	1	0
OG0003904	1	1	0	0	0	0	0	0	0	0	0	0	-1	0	0	1	0
OG0003905	1	0	-1	-1	0	0	0	0	0	0	0	0	0	0	0	0	0
OG0003906	0	1	0	0	-1	0	0	0	0	0	0	0	0	0	0	0	0
OG0003907	1	0	0	-1	0	0	0	0	-1	0	0	0	0	0	0	0	0
OG0003908	0	0	0	0	0	0	0	0	0	0	1	0	0	0	0	0	0
OG0003909	0	0	0	0	0	0	0	0	0	0	1	0	0	0	0	0	0
OG0003910	0	1	-1	0	-1	0	0	0	0	0	0	0	0	0	0	0	0
OG0003911	1	0	0	0	1	1	-2	0	0	0	0	0	0	1	0	0	0
OG0003912	1	0	0	-1	0	-1	0	0	0	0	0	0	0	0	0	0	0
OG0003913	2	0	0	0	0	-1	-1	0	0	0	0	0	0	0	0	0	0
OG0003914	0	-1	0	-1	0	0	0	0	0	0	0	0	0	0	0	0	0
OG0003915	0	0	-1	-1	-1	0	1	0	0	0	0	0	0	0	0	0	0
OG0003916	0	0	0	1	-1	0	0	0	0	0	1	0	0	0	0	0	0
OG0003917	0	0	-1	0	0	0	0	0	0	0	1	0	0	0	0	0	0
OG0003918	0	1	0	-2	0	0	0	0	0	0	0	0	0	0	0	0	0
OG0003919	0	1	0	-1	0	0	0	0	0	0	1	0	0	0	0	0	0
OG0003920	0	1	0	0	1	-1	0	0	0	0	0	0	0	0	0	0	0
OG0003921	0	1	0	-1	0	0	0	0	0	0	0	0	0	0	0	0	0
OG0003922	0	0	0	0	0	0	0	0	0	0	1	0	0	0	0	0	0
OG0003923	0	1	0	-1	0	0	0	0	0	0	1	0	0	0	0	0	0
OG0003924	0	0	0	0	0	0	0	0	0	0	0	0	0	0	0	0	0
OG0003925	0	0	0	0	0	0	0	0	0	0	0	0	0	0	0	0	0
OG0003926	0	0	0	-1	0	0	0	0	1	0	0	0	0	0	0	1	1
OG0003927	0	4	0	0	1	-2	-1	0	0	0	0	0	0	0	0	0	0
OG0003928	0	1	-1	0	0	0	0	0	-1	0	0	0	0	0	0	0	0
OG0003929	0	3	0	0	1	0	0	0	0	0	1	1	0	0	0	-1	0
OG0003930	0	0	0	0	0	-1	0	0	0	0	0	0	0	1	0	1	0
OG0003931	0	0	0	0	1	1	0	0	0	0	0	0	0	0	0	-1	0
OG0003932	0	0	-1	0	0	0	-1	0	0	0	0	0	0	0	0	0	0
OG0003933	0	1	0	0	1	0	0	-1	0	0	0	0	0	0	0	0	0
OG0003934	0	-1	0	-1	1	-1	0	2	0	0	0	0	0	1	0	0	0
OG0003935	0	0	0	0	0	0	0	0	0	0	1	0	0	0	0	0	0
OG0003936	0	0	0	0	0	0	0	0	0	0	0	0	0	0	0	0	0
OG0003937	0	-1	0	0	0	0	0	0	0	0	1	0	0	0	0	0	0
OG0003938	0	1	0	0	0	-1	1	0	0	0	1	0	0	0	0	0	0
OG0003939	0	0	0	0	-1	0	1	0	0	0	1	0	0	0	0	0	0
OG0003940	0	0	0	-1	0	0	0	0	0	0	1	0	0	0	0	0	0
OG0003941	0	0	1	0	0	0	0	0	0	0	1	0	0	0	0	0	0
OG0003942	0	0	0	0	0	0	-1	0	0	0	0	0	0	0	0	0	0
OG0003943	0	0	0	0	0	0	-1	0	0	0	1	0	0	0	0	0	0
OG0003944	0	1	0	0	0	-1	0	0	0	0	0	0	0	0	0	0	0
OG0003945	0	-1	0	1	0	0	1	0	-2	0	0	0	0	0	0	0	0
OG0003946	0	1	0	-1	0	0	0	0	0	0	0	0	0	0	0	0	0
OG0003947	0	1	0	-1	-1	0	0	0	0	0	0	0	0	0	0	0	0
OG0003948	1	0	0	0	-1	0	0	0	0	0	0	0	0	0	0	0	0
OG0003949	0	0	0	0	0	-1	0	0	0	0	0	1	0	0	0	0	0
OG0003950	1	10	-1	0	0	0	0	0	0	0	0	1	0	0	0	0	0
OG0003951	0	0	0	0	-1	0	0	0	0	0	1	0	0	0	0	0	0
OG0003952	0	2	-1	-1	1	0	0	-1	0	0	1	0	0	0	0	0	0
OG0003953	0	0	0	0	0	0	0	0	0	0	0	-1	0	0	0	0	0
OG0003954	0	4	0	-1	0	0	-1	0	0	0	1	0	0	0	0	0	0
OG0003955	0	0	0	-1	0	0	0	0	0	0	1	0	0	0	0	0	0
OG0003956	0	0	0	-1	0	0	0	0	0	0	1	0	0	0	0	0	0
OG0003957	0	0	1	-1	0	0	0	0	0	0	1	0	0	0	0	0	0
OG0003958	1	0	-1	-1	-1	0	-1	0	0	0	0	0	0	0	0	0	0
OG0003959	0	0	0	0	0	0	0	0	0	0	1	0	0	0	0	0	0
OG0003960	0	0	-1	-1	0	-1	0	1	0	0	0	0	0	0	0	0	0
OG0003961	0	0	-1	2	3	-1	-1	0	0	0	1	0	0	0	0	0	0
OG0003962	0	0	0	0	0	0	0	0	0	0	0	0	0	0	0	0	0
OG0003963	0	-1	0	-1	1	0	0	0	0	0	1	0	0	0	0	0	0
OG0003964	0	0	0	-1	0	0	0	0	0	0	0	0	0	0	0	0	0
OG0003965	0	0	1	-1	0	0	0	0	-1	0	0	0	0	0	0	0	0
OG0003966	1	-1	1	0	0	0	0	-1	0	0	0	0	0	0	-1	-1	0
OG0003967	0	0	0	0	0	0	0	0	0	0	1	0	0	0	0	0	0
OG0003968	0	1	0	0	0	0	0	0	0	0	1	0	0	0	0	0	0
OG0003969	0	0	0	2	0	0	0	-1	0	0	1	0	0	0	0	0	0
OG0003970	0	5	0	-1	1	0	0	0	0	0	1	0	0	0	0	-1	0
OG0003971	0	2	0	-1	0	0	0	-1	0	0	1	0	0	0	0	0	0
OG0003972	0	0	0	0	0	0	0	0	0	0	0	0	0	0	0	0	0
OG0003973	0	0	0	-1	0	0	-1	0	0	0	0	0	0	0	0	0	0
OG0003974	0	0	0	0	-1	0	0	0	0	0	0	0	0	0	0	0	0
OG0003975	0	0	0	0	0	0	0	0	0	0	1	0	0	0	0	0	0
OG0003977	1	0	0	0	-1	0	0	-1	0	0	0	0	0	0	0	0	0
OG0003978	6	-1	0	2	0	0	0	0	0	0	-1	0	0	-1	0	0	0
OG0003979	2	0	-1	0	0	0	0	0	0	0	0	0	0	0	0	0	0
OG0003980	0	2	0	0	-1	-1	0	0	0	0	0	0	0	0	0	0	0
OG0003981	0	1	0	0	0	0	0	0	-2	0	0	0	0	0	0	0	0
OG0003982	0	0	0	-2	0	0	0	0	0	0	0	0	0	0	0	0	0
OG0003983	0	0	0	0	0	0	0	0	0	0	0	0	0	0	0	0	0
OG0003984	0	1	0	-2	0	0	0	0	0	0	1	0	0	0	0	0	0
OG0003985	0	1	0	0	0	0	0	0	-1	0	0	0	0	0	0	0	0
OG0003986	0	0	0	0	0	0	0	0	0	0	0	0	0	0	0	0	0
OG0003987	0	1	0	1	0	-1	0	0	0	0	0	0	0	0	0	0	0
OG0003988	2	0	0	0	0	0	0	0	0	0	0	1	0	0	0	-1	0
OG0003989	0	0	0	-1	0	0	0	0	0	0	0	0	0	0	0	0	0
OG0003990	0	1	0	1	0	0	0	0	-1	0	0	0	0	0	0	0	0
OG0003991	0	0	0	0	-1	0	1	0	0	0	0	0	0	0	0	0	0
OG0003992	1	0	-1	0	0	0	-2	0	0	0	0	0	0	0	0	0	0
OG0003993	0	0	0	0	0	0	0	-1	0	0	0	0	0	0	0	0	0
OG0003994	0	2	0	-1	0	0	0	0	-1	0	1	0	0	0	0	0	0
OG0003995	0	1	0	0	0	-1	1	0	-1	0	1	0	0	0	0	0	0
OG0003996	0	0	0	0	0	0	0	0	0	0	1	0	0	0	0	0	0
OG0003997	1	-1	0	1	-1	-1	1	0	0	0	0	0	0	0	0	0	0
OG0003998	2	4	0	0	0	0	0	0	0	0	0	0	0	0	0	-1	0
OG0003999	0	0	-1	-1	0	0	0	0	0	0	0	0	0	0	0	0	0
OG0004000	0	0	-1	0	0	0	0	0	0	0	1	0	0	0	0	0	0
OG0004001	0	3	0	0	1	-1	0	1	0	0	1	2	0	0	-1	0	0
OG0004002	0	1	0	0	0	-1	-1	0	0	0	0	0	0	0	0	0	0
OG0004003	0	0	0	0	0	0	-1	0	0	0	0	0	0	1	0	0	0
OG0004004	0	0	0	0	-1	0	0	0	0	0	1	1	0	0	0	0	0
OG0004005	2	5	0	0	0	0	0	0	0	0	0	0	0	0	0	0	1
OG0004006	0	-1	1	0	0	-1	2	0	-1	0	0	0	0	0	0	0	0
OG0004007	0	0	0	-1	0	0	0	0	0	0	0	0	0	0	0	0	0
OG0004008	0	0	-1	3	-1	0	-1	0	-1	0	0	0	0	0	0	0	0
OG0004009	0	1	0	0	0	-1	0	0	0	0	1	1	0	0	0	0	0
OG0004010	1	0	-1	-1	-1	0	1	0	0	0	0	0	0	0	0	0	0
OG0004011	0	0	0	-1	0	0	0	0	0	0	1	0	0	0	0	0	0
OG0004012	0	-1	0	-1	0	0	0	0	0	0	0	0	0	0	0	0	0
OG0004013	1	0	0	-1	0	-1	0	0	0	0	0	1	0	0	0	0	0
OG0004014	0	0	0	0	0	0	0	0	0	0	1	0	0	0	0	0	0
OG0004015	4	0	0	0	0	-2	0	0	0	0	0	0	0	0	0	0	0
OG0004016	0	0	0	1	0	0	0	-1	0	0	0	0	0	0	0	0	0
OG0004017	0	1	0	0	0	0	-2	0	0	0	0	0	0	0	0	0	0
OG0004018	0	0	0	-1	0	0	0	0	0	0	1	0	0	0	0	0	0
OG0004019	0	0	0	0	0	-1	2	0	0	0	0	-1	0	0	0	0	0
OG0004020	0	0	0	0	0	1	0	0	0	0	1	0	0	0	0	0	-1
OG0004021	0	0	0	0	0	0	0	0	0	0	1	0	0	0	0	0	0
OG0004022	0	2	0	0	0	0	0	0	-1	0	1	0	0	0	0	0	0
OG0004023	0	0	0	-1	-1	1	0	0	0	0	1	0	0	0	0	0	0
OG0004024	0	1	0	0	0	-2	0	0	0	0	1	0	0	0	0	0	1
OG0004025	0	1	0	-1	0	0	0	0	-1	0	0	0	0	0	0	0	0
OG0004026	0	9	-1	0	2	0	0	0	0	0	0	1	0	0	0	0	0
OG0004027	0	-1	0	0	0	0	0	0	0	0	1	0	0	0	0	0	0
OG0004028	0	0	1	-1	0	0	0	0	0	0	1	0	0	0	0	0	0
OG0004029	0	-1	0	0	0	0	0	0	0	0	0	0	0	0	0	0	0
OG0004030	0	-1	0	0	0	0	0	0	0	0	0	0	0	0	0	0	0
OG0004031	1	1	0	-1	0	0	0	0	-1	0	0	0	0	0	0	0	0
OG0004032	0	-1	0	0	0	0	0	0	0	0	1	0	0	0	0	0	0
OG0004033	1	0	0	0	0	0	0	0	0	0	0	0	0	0	0	0	0
OG0004034	0	0	0	0	0	-2	0	0	0	0	0	0	0	-1	0	0	0
OG0004035	0	1	0	0	0	0	0	0	-1	0	0	0	0	0	0	0	0
OG0004036	0	1	0	-1	0	0	0	0	0	0	0	0	0	0	0	0	0
OG0004037	0	-1	0	0	0	0	0	1	0	0	1	0	0	0	0	0	0
OG0004038	0	1	-1	-1	0	0	0	0	0	0	1	0	0	0	0	0	0
OG0004039	0	-1	0	0	0	0	-1	0	0	0	1	0	0	0	0	0	0
OG0004040	0	-1	0	0	0	0	0	0	0	0	0	0	0	0	0	0	0
OG0004041	0	3	0	0	1	0	0	0	0	0	1	0	0	0	0	-1	0
OG0004042	2	0	0	0	0	-2	0	0	-1	0	0	0	0	1	0	1	0
OG0004043	0	0	0	-1	0	0	0	0	0	0	0	0	0	0	0	0	0
OG0004044	1	1	0	1	0	-1	0	0	0	0	0	0	0	0	0	0	0
OG0004045	0	0	0	0	0	0	0	0	0	0	1	0	0	0	0	0	0
OG0004046	2	0	0	0	0	0	0	0	-1	0	0	0	0	0	0	2	0
OG0004047	1	0	-1	2	0	0	0	1	-1	0	0	0	0	0	0	-1	0
OG0004048	0	1	-1	-1	0	0	0	0	0	0	0	0	0	0	0	0	0
OG0004049	0	-1	0	3	0	0	0	0	0	0	1	0	0	0	0	0	0
OG0004050	0	0	-1	0	0	2	-1	0	0	0	0	0	0	0	0	-1	0
OG0004051	0	0	-1	-1	-1	1	-1	0	0	0	0	0	0	0	0	0	0
OG0004052	0	0	-1	0	1	0	0	0	0	0	1	0	0	0	0	0	0
OG0004053	0	0	0	-1	0	0	0	0	0	0	1	0	0	0	0	0	0
OG0004054	0	0	-1	0	0	0	0	0	0	0	1	0	0	0	0	0	0
OG0004055	1	0	0	0	-1	-1	0	0	0	0	0	0	0	0	0	0	0
OG0004056	0	1	0	0	0	0	0	0	0	0	1	0	0	0	0	0	0
OG0004057	0	2	0	-1	0	0	0	0	0	0	0	0	0	0	0	0	0
OG0004058	0	0	0	0	0	0	0	0	0	0	1	1	0	0	0	0	0
OG0004059	0	2	0	0	0	0	0	-1	0	0	0	0	0	0	0	0	0
OG0004060	0	0	0	0	0	0	0	0	0	0	1	0	0	0	0	0	0
OG0004061	0	0	0	-2	0	0	0	0	0	0	0	0	0	0	0	0	0
OG0004062	0	0	0	0	0	0	0	0	0	0	0	0	0	0	0	0	0
OG0004063	0	1	0	0	0	0	0	0	0	0	0	0	0	0	0	0	0
OG0004064	0	0	2	-1	0	0	0	0	0	0	0	0	0	0	0	0	0
OG0004065	0	0	-1	-1	0	0	0	0	0	0	0	0	0	0	0	0	0
OG0004066	0	0	0	-1	0	0	0	0	0	0	1	0	0	0	0	0	0
OG0004067	1	4	-1	-1	0	-1	1	0	-1	0	0	0	0	0	0	0	0
OG0004068	0	1	0	0	0	-1	0	0	0	0	0	0	0	0	0	0	0
OG0004069	0	0	0	-1	0	-1	-1	1	0	0	1	1	0	0	0	0	0
OG0004070	0	-1	0	0	0	0	0	0	0	0	0	0	0	0	0	0	0
OG0004071	0	0	0	-1	0	0	0	0	0	0	0	0	0	0	0	0	0
OG0004072	1	3	0	0	0	-2	0	0	0	0	0	0	0	0	0	0	0
OG0004073	0	-1	0	-1	0	-1	0	1	0	0	0	0	0	0	0	0	0
OG0004074	0	2	0	-1	0	-1	0	0	0	0	0	0	0	0	0	0	0
OG0004075	0	-1	3	0	1	0	-1	0	0	0	1	0	0	0	-1	-1	0
OG0004076	0	0	0	1	-1	0	0	0	0	0	0	-1	0	0	0	0	0
OG0004077	0	0	0	0	0	0	0	0	0	0	1	0	0	0	0	0	0
OG0004078	0	-1	1	-1	0	0	0	0	0	0	1	0	0	0	0	0	0
OG0004079	1	0	-1	-1	0	0	0	0	0	0	0	0	0	0	0	0	0
OG0004080	0	-1	0	1	0	0	0	0	0	0	1	0	0	0	0	0	0
OG0004081	1	2	0	0	1	-1	0	0	0	0	0	0	0	0	0	0	-1
OG0004082	0	1	-1	-2	0	0	0	0	0	0	0	0	0	0	0	0	0
OG0004083	1	0	0	0	0	-1	0	0	0	0	0	0	0	0	0	0	0
OG0004084	0	0	0	0	0	0	0	0	-1	0	0	0	0	0	0	0	0
OG0004085	0	1	-1	-1	-1	0	0	0	0	0	0	0	0	0	0	0	0
OG0004086	0	1	0	0	0	0	0	-1	0	0	1	0	0	0	0	0	0
OG0004087	0	0	0	-1	0	0	0	0	0	0	1	0	0	0	0	0	0
OG0004088	0	1	0	0	0	-1	0	0	0	0	0	0	0	0	0	0	0
OG0004089	0	0	1	-1	2	-1	0	0	0	0	1	0	0	0	0	0	0
OG0004090	0	0	-1	0	0	0	0	0	0	0	0	0	0	0	0	0	0
OG0004091	0	0	0	1	0	0	0	0	0	0	0	-1	0	0	0	0	0
OG0004092	0	-1	3	-1	2	1	-1	-1	1	0	0	0	0	0	0	-1	0
OG0004093	0	0	1	1	0	0	-1	0	-1	0	0	0	0	0	0	0	0
OG0004094	0	0	0	-1	0	0	-1	0	0	0	1	0	0	0	0	0	0
OG0004095	0	4	0	1	-1	-1	0	-1	0	0	0	0	0	0	0	0	0
OG0004096	0	1	0	-1	1	0	-1	0	1	0	0	0	0	0	0	-1	0
OG0004097	0	1	-1	-1	0	0	0	-1	1	0	1	0	0	0	0	0	0
OG0004098	0	1	0	-1	0	0	0	0	0	0	1	0	0	0	0	0	0
OG0004099	0	0	0	-2	0	0	0	0	0	0	0	0	0	0	0	0	0
OG0004100	0	0	0	0	0	0	0	0	0	0	1	0	0	0	0	0	0
OG0004101	0	1	0	-1	0	0	0	0	-1	0	0	0	0	0	0	0	0
OG0004102	0	0	0	-1	0	0	0	0	0	0	1	0	0	0	0	0	0
OG0004103	0	1	0	-1	0	0	0	0	0	0	1	0	0	0	0	0	0
OG0004104	0	0	-1	0	0	0	0	0	0	0	0	0	0	0	0	0	0
OG0004105	0	0	-1	0	0	0	0	0	0	0	1	0	0	0	0	0	0
OG0004106	0	0	0	0	0	-1	1	0	0	0	0	0	0	0	0	0	0
OG0004107	0	3	0	-1	1	0	0	-1	0	0	1	0	0	0	0	0	0
OG0004108	0	1	0	-1	0	0	0	0	0	0	1	0	0	0	0	0	0
OG0004109	0	0	-1	0	0	0	0	0	0	0	1	0	0	0	0	0	0
OG0004110	0	0	0	1	-1	0	0	0	0	0	1	0	0	0	0	0	0
OG0004111	0	0	0	0	0	0	0	0	0	0	1	0	0	0	0	0	0
OG0004112	0	1	0	0	-1	0	-2	0	0	0	1	1	0	0	0	0	0
OG0004113	0	0	0	-1	0	0	0	0	0	0	1	0	0	0	0	0	0
OG0004114	0	0	0	0	1	0	0	0	-1	0	1	0	0	0	0	0	0
OG0004115	0	0	-1	0	0	0	0	0	0	0	1	0	0	0	0	0	0
OG0004116	0	0	0	0	-1	0	0	0	0	0	0	0	0	0	0	0	0
OG0004117	0	0	0	0	0	0	0	0	0	0	1	0	0	0	0	0	0
OG0004118	-1	1	0	0	0	0	0	0	-1	0	1	0	0	0	-1	-1	0
OG0004119	0	0	0	0	0	0	0	0	0	0	1	0	0	0	0	0	0
OG0004120	0	2	-1	-1	-1	0	0	0	0	0	0	0	0	0	0	0	0
OG0004121	0	0	0	-1	0	0	0	0	0	0	1	0	0	0	0	0	0
OG0004122	0	4	0	0	0	0	0	0	-1	0	1	0	0	0	0	0	-1
OG0004123	0	0	-1	-1	0	0	3	-1	0	0	0	0	0	0	0	0	0
OG0004124	0	0	-1	-1	0	0	0	0	0	0	0	0	0	0	0	0	0
OG0004125	0	1	0	0	0	0	0	0	-1	0	1	0	0	0	0	0	0
OG0004126	0	0	1	0	0	1	0	0	0	0	0	0	0	0	0	-1	0
OG0004127	0	0	0	-1	-1	0	0	0	0	0	0	0	0	0	0	0	0
OG0004128	0	0	0	-1	0	0	0	0	0	0	1	0	0	0	0	0	0
OG0004129	0	0	0	-1	0	0	0	0	0	0	0	0	0	0	0	0	0
OG0004130	0	0	0	0	0	0	0	-1	0	0	0	0	0	1	0	1	0
OG0004131	0	0	0	-1	0	0	0	0	0	0	0	0	0	0	0	0	0
OG0004132	0	0	-1	1	0	0	0	0	0	0	1	0	0	0	0	0	0
OG0004133	0	2	0	0	0	0	-1	-1	0	0	0	0	0	0	0	0	0
OG0004134	0	0	0	-2	0	0	0	0	0	0	0	0	0	0	0	0	0
OG0004135	0	1	0	-2	1	0	0	0	0	0	1	0	0	0	0	0	0
OG0004136	0	0	0	3	0	0	9	0	0	0	0	0	0	0	0	0	0
OG0004137	0	0	0	0	0	0	0	0	0	0	1	0	0	0	0	0	0
OG0004138	0	1	0	0	0	0	0	0	0	0	1	0	0	0	0	0	0
OG0004139	0	0	-1	0	2	0	0	0	0	0	1	0	0	0	0	0	0
OG0004140	0	0	0	0	0	0	0	0	0	0	0	0	0	0	0	0	0
OG0004141	0	2	0	0	0	-1	0	-1	0	0	0	0	0	0	0	0	0
OG0004142	0	0	0	-1	0	0	0	0	0	0	1	0	0	0	0	0	0
OG0004143	0	0	0	-1	0	0	0	0	0	0	0	0	0	0	0	0	0
OG0004144	0	1	0	0	0	-1	-2	0	0	0	0	0	0	0	0	0	0
OG0004145	0	4	0	0	-1	0	-1	0	0	0	1	0	0	0	0	0	0
OG0004146	0	0	0	-1	0	0	0	0	0	0	1	0	0	0	0	0	0
OG0004147	0	0	0	-1	0	0	0	0	0	0	1	0	0	0	0	0	0
OG0004148	0	0	0	1	0	0	0	-1	0	0	1	0	0	0	0	0	0
OG0004149	0	0	0	0	0	0	0	0	-1	0	1	0	0	0	0	0	0
OG0004150	0	2	0	0	-1	-1	0	0	0	0	1	0	0	0	0	0	0
OG0004151	0	0	0	0	0	0	-2	0	0	0	1	0	0	0	0	0	0
OG0004152	0	1	0	-1	0	0	0	0	0	0	1	0	0	0	0	0	0
OG0004153	0	0	-1	-1	1	0	1	0	0	0	1	0	0	0	0	0	0
OG0004154	0	0	1	-1	0	0	0	1	0	0	0	0	0	0	1	0	0
OG0004155	0	1	0	0	0	0	0	0	0	0	1	0	0	0	0	0	0
OG0004156	0	1	0	0	0	0	0	-1	0	0	1	0	0	0	0	0	0
OG0004157	0	1	0	0	0	0	0	0	0	0	1	0	0	0	0	0	0
OG0004158	0	0	0	0	0	-1	0	0	0	0	1	0	0	-1	0	0	0
OG0004159	0	1	0	0	0	0	0	0	-1	0	1	0	0	0	0	0	0
OG0004160	0	0	0	-1	0	0	0	0	0	0	1	0	0	0	0	0	0
OG0004161	0	0	0	0	0	0	0	0	0	0	1	0	0	0	0	0	0
OG0004162	0	0	0	0	0	0	-2	0	0	0	1	0	0	0	0	0	0
OG0004163	0	1	0	0	1	0	0	0	0	0	1	0	0	0	0	0	0
OG0004164	0	2	0	-1	-1	0	-1	0	0	0	1	0	0	0	0	0	0
OG0004242	3	1	0	-1	0	0	0	0	0	0	0	0	0	0	0	-1	0
OG0004244	0	0	0	0	1	-1	0	0	0	0	1	0	0	0	0	0	0
OG0004245	0	0	0	0	1	0	0	0	1	0	0	0	0	0	0	0	2
OG0004246	0	1	0	-1	1	0	0	-1	0	0	0	0	0	0	0	0	0
OG0004248	1	9	-1	0	0	0	0	0	0	0	0	1	0	0	0	0	0
OG0004249	2	1	0	0	0	-2	0	0	0	0	0	0	0	0	0	0	0
OG0004250	1	0	0	0	0	0	0	0	0	0	0	0	0	1	0	0	0
OG0004251	0	0	0	0	0	0	-2	0	0	0	0	0	0	0	0	0	0
OG0004252	2	0	0	1	-1	-1	0	0	-1	0	0	0	0	0	0	0	0
OG0004253	1	1	-2	-1	0	0	0	0	0	0	0	0	0	0	0	0	0
OG0004254	3	0	0	0	0	0	0	0	0	0	-1	0	0	0	1	0	0
OG0004255	0	1	0	-1	0	0	0	-1	0	0	1	0	0	0	0	0	0
OG0004256	0	1	0	0	0	-1	0	0	0	0	1	0	0	0	0	0	0
OG0004257	0	0	0	0	0	0	0	0	0	0	1	0	0	0	0	0	0
OG0004258	0	-1	0	0	0	0	0	0	0	0	1	0	0	0	0	0	0
OG0004259	0	1	0	2	0	0	0	1	0	0	0	0	0	0	0	0	1
OG0004260	0	1	0	0	0	0	0	0	-1	0	0	0	0	0	0	0	0
OG0004261	2	0	1	0	0	0	0	0	0	0	0	0	0	0	0	-1	0
OG0004262	0	5	0	0	0	0	6	0	0	0	0	0	0	0	0	0	0
OG0004263	0	1	0	-2	0	0	0	0	0	0	1	0	0	0	0	0	0
OG0004264	0	0	-1	0	-1	0	0	0	0	0	0	0	0	0	0	0	0
OG0004265	0	2	0	0	0	0	-1	0	0	0	1	0	0	-1	0	0	1
OG0004266	0	0	0	-1	0	0	0	0	-1	0	0	0	0	0	0	0	0
OG0004267	0	0	0	0	0	0	0	0	-1	0	0	0	0	0	0	0	0
OG0004268	0	-1	0	-1	3	0	-2	1	0	0	0	0	0	1	0	0	0
OG0004269	0	0	0	-2	0	0	0	0	0	0	0	0	0	0	0	0	0
OG0004270	0	0	0	0	0	0	-2	0	0	0	1	0	0	0	0	0	0
OG0004271	1	1	0	0	0	-1	0	0	-1	0	0	0	0	0	0	0	0
OG0004272	1	0	0	2	-1	-1	0	0	0	0	0	0	0	0	0	0	0
OG0004273	1	0	0	-1	0	0	0	0	-1	0	0	0	0	0	0	0	0
OG0004274	0	0	0	-2	0	0	0	0	0	0	1	1	0	0	0	0	0
OG0004275	0	0	0	0	1	-1	0	0	0	0	1	0	0	0	0	0	0
OG0004276	0	0	1	0	0	-1	0	0	0	0	1	0	0	0	0	0	0
OG0004277	0	0	-1	-1	0	0	0	0	0	0	1	0	0	0	0	0	0
OG0004278	0	4	-1	-1	-1	0	-1	0	0	0	1	0	0	0	0	0	0
OG0004279	0	1	0	0	0	0	-1	0	-1	0	0	0	0	0	0	0	0
OG0004280	0	2	0	0	0	-2	0	0	0	0	0	0	0	0	0	0	0
OG0004281	0	1	0	-1	1	-2	0	0	0	0	0	1	0	0	0	0	0
OG0004282	0	-1	0	-1	0	0	0	0	0	0	0	0	0	0	0	0	0
OG0004283	1	0	0	0	0	-1	-1	0	0	0	0	0	0	0	0	0	0
OG0004284	0	0	0	-1	0	0	1	0	-1	0	0	0	0	0	0	0	0
OG0004285	1	1	0	0	0	-1	0	0	0	0	0	0	0	0	0	0	0
OG0004286	0	0	0	0	0	0	0	0	0	0	0	0	0	0	0	0	0
OG0004287	0	0	0	0	0	0	0	0	1	0	0	0	0	0	0	1	1
OG0004288	0	0	0	0	0	0	0	-1	0	0	1	0	0	0	0	0	0
OG0004289	0	1	0	0	0	-1	0	0	0	0	1	0	0	0	0	0	0
OG0004290	0	1	0	0	-1	0	0	-1	0	0	0	0	0	0	0	0	0
OG0004291	0	-1	0	0	-1	0	0	0	0	0	1	0	0	0	0	0	0
OG0004292	0	0	0	0	0	0	0	-1	0	0	0	0	0	0	0	0	0
OG0004293	1	1	0	-1	-1	0	0	-1	0	0	0	0	0	0	0	0	0
OG0004294	0	1	0	-1	1	0	0	0	0	0	0	0	0	1	0	0	0
OG0004295	0	0	0	-2	0	0	0	0	0	0	1	0	0	0	0	0	0
OG0004296	2	-1	0	-1	-1	0	0	0	0	0	0	0	0	0	0	0	0
OG0004297	0	0	0	0	0	0	-1	0	0	0	0	0	0	0	0	0	0
OG0004298	0	0	0	0	0	0	-2	0	0	0	1	0	0	0	0	0	0
OG0004299	0	1	0	-1	-1	0	0	0	0	0	1	0	0	0	0	0	0
OG0004300	1	-1	0	-1	-1	1	-1	0	0	0	0	0	0	0	0	0	0
OG0004301	3	1	0	0	0	0	0	0	0	0	0	0	0	0	0	-1	0
OG0004302	7	1	0	0	0	0	0	0	1	0	-1	0	0	0	0	0	0
OG0004303	0	1	0	0	0	-1	0	-1	0	0	0	0	0	0	0	0	0
OG0004304	1	-1	0	0	0	0	0	0	-1	0	0	0	0	0	0	0	0
OG0004305	1	0	0	0	0	0	0	-1	0	0	0	0	0	0	0	0	0
OG0004306	0	0	0	-1	0	0	0	0	0	0	1	0	0	0	0	0	0
OG0004307	0	-1	0	0	0	0	0	0	0	0	1	0	0	0	0	0	0
OG0004308	0	0	0	-1	0	0	0	0	0	0	0	0	0	0	0	0	0
OG0004309	0	-1	1	0	0	0	1	0	0	0	0	0	0	1	0	0	0
OG0004310	0	0	0	-1	0	0	0	0	0	0	0	0	0	0	0	0	0
OG0004311	0	0	0	0	-1	0	0	0	0	0	0	0	0	0	0	0	0
OG0004312	1	-1	0	0	0	0	-2	0	0	0	0	0	0	0	0	0	0
OG0004313	2	0	0	-1	2	0	0	0	1	0	0	0	0	0	-1	0	0
OG0004314	0	0	0	-1	0	0	0	0	0	0	1	0	0	0	0	0	0
OG0004315	4	1	0	0	-1	-1	0	-1	0	0	0	0	0	0	0	0	0
OG0004316	0	1	0	0	0	-1	0	0	0	0	0	0	0	0	0	0	0
OG0004317	1	-1	0	0	0	-1	0	0	0	0	0	0	0	0	0	0	0
OG0004318	0	1	0	-1	-1	0	0	0	0	0	1	0	0	0	0	0	0
OG0004319	0	0	0	0	0	0	0	0	-1	0	1	0	0	0	0	0	0
OG0004320	0	-1	0	-1	0	0	0	0	0	0	1	0	0	0	0	0	0
OG0004321	0	1	0	-1	0	0	0	0	0	0	1	0	0	0	0	0	0
OG0004322	0	0	0	-1	0	0	0	0	0	0	0	0	0	0	0	0	0
OG0004323	9	0	2	0	1	-1	0	0	0	0	-1	0	0	0	0	0	0
OG0004324	0	0	1	-1	0	-1	0	0	0	0	0	0	0	0	0	0	0
OG0004325	0	0	0	0	0	0	-2	1	0	0	0	-1	0	0	0	0	0
OG0004326	0	0	0	-1	0	0	0	0	0	0	0	0	0	0	0	0	0
OG0004327	1	0	0	-1	0	0	1	0	0	0	0	0	0	1	0	0	0
OG0004328	4	0	0	0	0	0	0	0	0	0	-1	0	0	0	0	1	0
OG0004329	0	0	0	0	0	-1	0	-1	0	0	1	1	0	0	0	0	0
OG0004330	0	0	1	0	0	0	0	0	0	0	0	0	0	0	0	0	2
OG0004331	0	1	0	-1	0	-1	0	0	0	0	1	0	0	0	0	0	0
OG0004332	0	0	0	-1	0	0	0	0	0	0	1	0	0	0	0	0	0
OG0004333	0	0	0	0	-1	0	0	0	0	0	0	0	0	0	0	0	0
OG0004334	0	0	0	-2	0	0	0	0	0	0	1	0	0	0	0	0	0
OG0004335	0	0	0	0	1	0	0	-1	0	0	1	0	0	0	0	0	0
OG0004336	0	2	0	0	0	0	-1	0	-1	0	1	0	0	0	0	0	0
OG0004337	0	0	1	2	-1	0	0	-1	0	0	1	0	0	0	0	0	0
OG0004338	0	0	1	0	0	0	0	-1	0	0	0	0	0	0	0	0	0
OG0004339	1	0	0	0	0	0	0	0	0	0	0	0	0	1	0	0	0
OG0004340	0	0	0	0	0	0	0	0	0	0	1	0	0	0	0	0	0
OG0004341	0	10	-1	0	0	0	0	0	0	0	0	1	0	0	0	0	0
OG0004342	0	5	-1	-1	-1	0	-1	0	0	0	0	0	0	0	0	0	2
OG0004343	0	2	0	-1	0	0	0	-1	0	0	0	0	0	0	0	0	0
OG0004344	0	0	-1	-1	0	0	0	0	0	0	1	0	0	0	0	0	0
OG0004345	0	0	0	-1	-1	0	0	0	0	0	1	0	0	0	0	0	0
OG0004346	2	0	0	0	0	2	1	0	0	0	-1	0	0	0	0	0	0
OG0004347	1	0	-1	0	1	0	0	0	0	0	0	0	0	0	0	-1	0
OG0004348	0	0	-1	-2	0	0	0	0	0	0	0	0	0	0	0	0	0
OG0004349	0	1	0	-1	0	-1	1	0	0	0	1	0	0	0	0	0	0
OG0004350	6	0	0	0	0	0	1	0	0	0	-1	0	-1	0	0	0	0
OG0004351	1	2	0	-1	0	0	-1	1	0	0	0	0	0	0	0	-1	0
OG0004352	0	-1	0	-1	0	0	0	0	0	0	0	0	0	0	0	0	0
OG0004353	0	0	0	0	0	0	0	-1	0	0	1	0	0	0	0	0	0
OG0004354	10	0	0	-1	-1	0	0	1	-2	0	-1	-1	0	0	0	1	0
OG0004355	1	0	0	0	0	0	0	0	0	0	0	0	0	1	0	0	0
OG0004356	0	0	0	-1	-1	0	0	0	0	0	1	0	0	0	0	0	0
OG0004357	0	0	0	-1	-1	0	-1	0	0	0	0	0	0	0	0	0	0
OG0004358	0	0	0	-1	0	0	-2	0	0	0	0	0	0	0	0	0	0
OG0004359	0	0	-1	-1	0	-1	0	-1	0	0	1	0	0	0	0	1	0
OG0004360	0	0	0	-1	0	0	-1	0	0	0	1	0	0	0	0	0	0
OG0004361	0	0	0	-1	0	0	0	0	0	0	0	0	0	0	0	0	0
OG0004362	1	1	0	-1	0	0	0	-1	0	0	0	0	0	0	0	0	0
OG0004363	0	0	0	-2	0	0	0	0	0	0	0	0	0	0	0	0	0
OG0004364	2	0	0	0	0	0	0	0	0	0	0	0	0	1	0	0	0
OG0004365	0	0	1	0	0	0	0	-1	0	0	1	0	0	0	0	0	0
OG0004366	0	0	0	-1	0	0	0	0	0	0	0	0	0	0	0	0	0
OG0004367	0	0	0	-1	0	0	0	0	-1	0	0	0	0	0	0	0	0
OG0004368	0	0	0	-1	0	0	-1	0	0	0	1	0	0	0	0	0	0
OG0004369	0	0	0	-1	1	0	0	0	0	0	1	0	0	0	0	0	0
OG0004370	0	0	0	-1	0	0	0	0	0	0	1	0	0	0	0	0	0
OG0004371	0	0	0	-1	0	0	-1	0	0	0	1	0	0	0	0	0	0
OG0004372	2	-1	0	0	0	1	-1	0	-1	0	0	0	0	0	0	-1	0
OG0004373	1	0	0	1	0	1	-1	0	0	0	0	0	0	0	0	-1	0
OG0004374	0	1	-1	0	0	0	0	-1	0	0	0	0	0	0	0	0	0
OG0004375	0	0	-1	0	0	0	0	0	0	0	0	0	0	0	0	0	0
OG0004376	0	0	0	0	-1	0	0	0	-1	0	0	0	0	0	0	0	0
OG0004377	0	11	-1	0	0	0	0	0	0	0	0	1	0	0	0	0	0
OG0004378	0	0	0	0	0	3	0	0	-1	0	0	0	0	0	1	0	-1
OG0004379	0	0	0	0	0	-1	0	0	0	0	1	0	0	0	0	0	0
OG0004380	2	0	0	0	0	0	0	0	0	0	0	0	0	1	0	0	0
OG0004381	0	0	0	-1	1	-1	0	0	0	0	0	0	0	0	0	0	0
OG0004382	0	2	0	0	0	0	0	0	0	0	0	0	0	0	0	0	-1
OG0004383	0	0	1	0	0	1	0	1	0	0	0	0	0	0	0	0	1
OG0004384	1	1	0	0	0	0	0	1	0	0	0	0	0	0	0	1	0
OG0004385	0	0	-1	-1	0	0	0	0	0	0	1	0	0	0	0	0	0
OG0004386	1	0	0	0	0	-2	2	0	0	0	0	0	0	0	0	0	0
OG0004387	0	0	0	-1	-1	0	0	0	0	0	0	0	0	0	0	0	0
OG0004388	0	0	0	-1	0	0	0	0	0	0	1	0	0	0	0	0	0
OG0004389	0	0	0	-2	0	0	0	0	-2	0	0	1	0	0	0	0	0
OG0004390	1	0	-1	-1	0	0	-1	0	0	0	0	0	0	0	0	0	0
OG0004391	0	0	0	0	0	0	0	0	-1	0	0	0	0	0	0	0	0
OG0004392	0	0	-1	0	0	0	1	0	0	0	1	0	0	0	0	0	0
OG0004393	0	1	0	0	0	-1	0	0	0	0	0	0	0	0	0	0	0
OG0004394	0	0	0	0	0	0	0	0	0	0	1	0	0	0	0	0	0
OG0004395	0	0	0	-1	-1	0	0	0	0	0	1	0	0	0	0	0	0
OG0004396	1	4	-1	2	0	0	1	0	0	0	0	0	0	-1	0	0	0
OG0004397	1	1	0	-1	0	0	0	0	0	0	0	0	0	0	0	0	-1
OG0004398	0	0	0	0	0	0	-2	0	0	0	1	0	0	0	0	0	0
OG0004399	1	0	0	-1	1	0	-1	0	0	0	0	0	0	1	0	0	0
OG0004400	0	0	1	-1	0	0	0	1	0	0	0	0	0	1	0	0	0
OG0004401	0	0	0	0	0	0	0	-1	0	0	1	0	0	0	0	0	0
OG0004402	0	0	0	0	0	0	0	2	0	0	0	0	0	0	0	1	0
OG0004403	0	1	0	0	0	0	0	0	-1	0	1	0	0	0	0	0	0
OG0004404	0	1	0	-1	0	-1	0	0	0	0	1	0	0	0	0	0	0
OG0004405	0	0	-1	-1	0	0	-1	0	1	0	1	0	0	0	0	0	0
OG0004406	0	0	0	-1	0	0	0	0	0	0	1	0	0	0	0	0	0
OG0004407	0	-1	1	0	2	0	0	0	0	0	0	0	0	1	0	0	0
OG0004408	0	0	0	1	0	-1	-1	0	0	0	1	0	0	0	0	0	0
OG0004409	0	-1	0	0	0	0	0	0	0	0	1	0	0	0	0	0	0
OG0004410	0	1	0	0	0	1	0	0	0	0	0	0	0	0	0	-1	0
OG0004411	0	0	0	0	0	0	0	0	-1	0	1	0	0	0	0	0	0
OG0004412	0	1	0	0	0	-1	0	0	0	0	0	0	0	0	0	0	0
OG0004413	0	0	-1	-1	-1	0	0	0	0	0	0	0	0	0	0	0	0
OG0004414	1	1	0	1	-1	0	-1	1	-1	0	0	0	0	0	0	-1	0
OG0004415	1	0	0	0	0	0	-1	-1	0	0	0	0	0	0	0	0	0
OG0004416	0	0	-1	-2	0	0	0	0	0	0	0	0	0	0	0	0	0
OG0004417	0	0	0	0	0	0	0	0	-1	0	1	0	0	0	0	0	0
OG0004418	0	0	0	0	0	0	0	0	-1	0	1	0	0	0	0	0	0
OG0004419	0	0	0	0	0	0	0	0	0	0	0	0	0	1	0	0	0
OG0004420	0	0	0	0	-1	0	0	0	0	0	1	0	0	0	0	0	0
OG0004421	0	0	0	0	0	0	0	-1	0	0	0	0	0	0	0	0	0
OG0004422	0	0	0	0	0	0	0	0	0	0	1	0	0	0	0	0	0
OG0004423	0	0	0	0	0	0	0	0	0	0	1	0	0	0	0	0	0
OG0004424	0	1	0	-1	0	0	0	0	0	0	1	0	0	0	0	0	0
OG0004425	0	1	0	-1	0	0	0	-1	0	0	1	0	0	0	0	0	0
OG0004426	0	0	0	0	0	-1	0	0	0	0	1	0	0	0	0	0	0
OG0004427	0	0	1	-1	-1	0	-1	0	0	0	1	0	0	0	0	0	0
OG0004428	0	0	-1	-1	0	-1	0	1	0	0	1	0	0	0	0	0	0
OG0004429	0	0	0	-1	0	0	0	0	0	0	1	0	0	0	0	0	0
OG0004430	1	2	0	0	0	0	0	0	0	0	0	0	0	0	0	-1	0
OG0004431	0	-1	0	0	-1	0	0	0	0	0	1	0	0	0	0	0	0
OG0004432	0	0	0	0	0	0	0	-1	0	0	0	0	0	0	0	0	0
OG0004433	0	5	-1	-1	-1	0	4	0	0	0	1	0	0	0	0	0	-2
OG0004434	0	0	0	-1	0	0	0	0	0	0	1	0	0	0	0	0	0
OG0004435	6	0	0	0	1	1	-1	0	0	0	-1	0	0	0	0	0	0
OG0004436	0	1	0	-1	0	-1	0	0	0	0	1	0	0	0	0	0	0
OG0004437	0	0	0	-1	0	0	0	0	0	0	1	0	0	0	0	0	0
OG0004438	0	0	-1	-1	0	0	0	0	0	0	1	0	0	0	0	0	0
OG0004439	0	1	0	-1	-1	0	0	0	0	0	1	0	0	0	0	0	0
OG0004440	0	1	0	-1	0	0	-2	0	0	0	1	0	0	0	0	0	0
OG0004441	0	1	0	0	0	0	0	0	0	0	0	0	0	0	0	0	-1
OG0004442	6	0	0	0	0	0	0	0	0	0	-1	0	0	-1	0	0	0
OG0004443	0	0	2	-2	0	0	0	0	0	0	1	0	0	0	0	0	0
OG0004444	0	0	0	-1	0	0	0	0	0	0	1	0	0	0	0	0	0
OG0004445	0	0	0	-1	0	0	0	-1	0	0	0	0	0	0	0	0	0
OG0004446	0	0	0	0	0	0	-1	0	0	0	1	0	0	0	0	0	0
OG0004447	0	0	0	1	0	0	0	-1	0	0	1	0	0	0	0	0	0
OG0004448	0	0	0	3	-1	0	0	0	0	0	1	-1	0	0	0	0	0
OG0004449	1	0	0	0	0	0	0	0	0	0	0	0	0	1	0	0	0
OG0004450	1	-1	0	0	0	0	0	-1	0	0	0	0	0	0	0	0	0
OG0004451	0	1	0	-2	0	-1	0	0	0	0	0	0	0	0	0	0	0
OG0004452	0	0	0	0	0	0	0	0	-1	0	0	0	0	0	0	0	0
OG0004453	1	0	0	0	1	0	0	0	0	0	0	0	0	1	0	0	0
OG0004454	0	0	0	-1	0	-1	0	0	0	0	0	0	0	0	0	0	0
OG0004455	0	0	0	-1	0	0	0	0	0	0	1	0	0	0	0	0	0
OG0004456	2	0	0	0	0	0	0	0	0	0	0	0	0	0	1	0	0
OG0004457	0	0	0	0	0	0	0	0	-1	0	0	0	0	0	0	0	0
OG0004458	0	1	-1	0	1	0	0	-1	0	0	1	0	0	0	0	0	0
OG0004459	0	0	0	0	0	0	0	0	0	0	1	0	0	0	0	0	0
OG0004460	0	0	0	0	0	0	-2	0	0	0	1	0	0	0	0	0	0
OG0004461	0	6	0	-1	1	0	0	0	0	0	0	0	0	0	-1	0	0
OG0004462	0	0	-1	-1	0	0	0	0	0	0	0	0	0	0	0	0	0
OG0004463	0	2	0	-1	0	0	0	0	0	0	0	0	0	0	0	0	-1
OG0004464	0	0	0	0	0	0	0	-1	0	0	0	0	0	0	0	0	0
OG0004465	0	1	0	-1	0	0	0	-1	0	0	1	0	0	0	0	0	0
OG0004466	0	0	0	0	0	0	0	0	0	0	1	0	0	0	0	0	0
OG0004467	0	0	0	-1	1	0	0	-1	0	0	1	0	0	0	0	0	0
OG0004468	0	-1	0	-1	0	0	0	0	0	0	1	0	0	0	0	0	0
OG0004469	0	1	0	1	0	-1	0	0	-1	0	1	0	0	0	0	0	0
OG0004470	0	0	0	0	0	0	0	0	0	0	1	-1	0	0	0	0	0
OG0004471	0	0	0	0	1	0	0	0	0	0	0	0	0	1	0	0	0
OG0004472	0	5	0	0	0	0	-1	0	-1	0	0	0	0	0	0	-1	0
OG0004473	0	0	0	-2	0	0	0	0	0	0	0	0	0	0	0	0	0
OG0004474	0	0	0	0	0	-1	0	0	0	0	1	0	0	0	0	0	0
OG0004475	0	0	0	0	0	0	0	0	0	0	1	0	0	0	0	0	0
OG0004476	0	3	-1	0	0	-1	0	0	0	0	1	0	0	0	0	0	0
OG0004477	0	-1	0	-1	0	0	0	0	0	0	1	0	0	0	0	0	0
OG0004478	0	0	0	-1	0	0	0	0	0	0	1	0	0	0	0	0	0
OG0004479	0	0	0	0	0	0	0	0	0	0	0	0	0	0	0	1	1
OG0004480	0	0	0	-1	0	0	0	0	0	0	1	0	0	0	0	0	0
OG0004481	0	1	0	1	1	0	-1	1	0	0	1	0	0	0	-1	0	0
OG0004482	0	0	0	0	0	0	0	0	0	0	1	0	0	0	0	0	0
OG0004483	0	0	0	0	0	0	0	0	0	0	1	0	0	0	0	0	0
OG0004484	0	0	0	-1	0	0	0	0	0	0	1	0	0	0	0	0	0
OG0004485	0	1	0	-1	0	0	0	0	-1	0	1	0	0	0	0	0	0
OG0004486	0	0	0	0	0	-1	0	0	0	0	1	0	0	0	0	0	0
OG0004487	0	0	0	0	0	0	0	0	-1	0	0	0	0	0	1	1	0
OG0004488	0	1	0	-2	0	0	0	0	0	0	1	0	0	0	0	0	0
OG0004489	0	0	0	-1	3	-1	-1	3	0	0	0	-1	0	0	0	0	1
OG0004490	0	-1	0	-1	1	0	-1	3	0	0	0	0	0	0	0	0	1
OG0004491	0	0	0	-1	2	0	-1	2	0	0	0	-1	0	0	0	0	1
OG0004492	0	-1	0	-1	1	0	-1	0	1	0	0	0	0	0	0	0	2
OG0004572	3	1	0	0	0	-1	0	0	0	0	0	0	0	-1	0	0	1
OG0004573	2	0	0	0	0	0	0	0	0	0	0	0	0	0	0	-1	0
OG0004574	1	0	0	0	0	0	0	0	0	0	0	0	0	1	0	0	0
OG0004575	0	1	0	0	0	-1	0	0	0	0	1	0	0	0	0	0	0
OG0004576	1	-1	0	-1	0	0	0	0	-2	0	0	0	0	0	0	0	0
OG0004577	0	2	0	0	0	-2	0	0	0	0	0	0	0	0	0	0	0
OG0004578	0	0	0	-1	0	0	0	0	0	0	1	0	0	0	0	0	0
OG0004579	0	0	0	0	0	0	0	0	-1	0	0	1	0	0	0	2	0
OG0004580	0	-1	0	-1	0	0	0	0	0	0	0	0	0	0	0	0	0
OG0004581	0	0	-1	0	0	-1	0	0	0	0	0	0	0	0	0	0	0
OG0004582	1	9	-1	0	0	0	0	0	0	0	0	1	0	0	0	0	0
OG0004583	0	3	-2	9	-1	-1	0	-1	1	0	0	0	0	-1	0	0	0
OG0004584	3	0	0	0	0	-1	-2	0	0	0	0	0	0	0	0	0	0
OG0004585	0	8	-1	-1	-1	2	-1	0	0	0	0	0	0	0	0	0	0
OG0004586	0	0	-1	-1	-1	0	1	0	-1	0	0	0	0	0	0	0	0
OG0004587	0	0	0	0	-1	-1	0	0	0	0	0	0	0	0	0	0	0
OG0004588	0	0	0	0	0	1	-1	0	0	0	0	0	0	0	1	0	0
OG0004589	9	0	0	0	0	0	0	0	0	0	-1	0	0	0	0	0	0
OG0004590	0	1	0	-2	0	0	-1	0	0	0	0	0	0	0	0	0	0
OG0004591	0	0	1	0	0	-2	-1	0	0	0	1	1	0	0	0	0	0
OG0004592	0	-1	0	-1	0	0	0	0	0	0	1	0	0	0	0	0	0
OG0004593	1	1	0	0	0	1	0	1	0	0	0	1	0	0	0	0	0
OG0004594	0	0	0	0	0	0	0	0	0	0	1	-1	0	0	0	0	0
OG0004595	0	-1	2	0	-1	0	1	0	-1	0	1	0	0	0	0	0	0
OG0004596	0	0	-1	0	0	0	0	0	0	0	1	0	0	0	0	0	0
OG0004597	0	1	0	-1	0	0	0	0	0	0	0	0	0	0	0	0	-1
OG0004598	0	2	0	0	0	0	0	0	0	0	0	0	0	0	0	0	-1
OG0004599	1	1	0	0	-1	0	0	0	0	0	0	1	0	0	0	-1	0
OG0004600	0	9	-1	0	-1	0	0	0	1	0	0	0	0	0	0	0	0
OG0004601	0	1	0	0	0	0	0	0	0	0	1	0	0	0	-2	0	0
OG0004602	0	6	-1	0	0	-1	0	0	0	0	1	0	0	0	0	0	-1
OG0004603	1	0	0	0	0	0	0	0	0	0	0	0	0	1	0	0	0
OG0004604	0	0	1	0	0	0	0	0	0	0	0	0	0	0	1	0	0
OG0004605	0	0	-1	0	1	0	0	0	-1	0	1	0	0	0	0	0	0
OG0004606	0	0	0	0	0	-1	0	0	0	0	1	0	0	0	0	0	0
OG0004607	1	0	0	0	0	0	0	0	0	0	0	1	0	0	0	1	0
OG0004608	2	0	0	0	0	-2	1	0	0	0	0	0	0	0	0	0	0
OG0004609	0	-1	0	-2	1	0	0	-1	0	0	0	0	0	0	0	0	0
OG0004610	0	0	0	0	0	0	0	0	-2	0	0	0	0	0	0	0	0
OG0004611	1	0	0	0	0	-1	0	0	0	0	0	0	0	1	0	0	0
OG0004612	0	1	0	0	0	-1	0	0	-1	0	0	0	0	0	0	0	0
OG0004613	0	0	0	0	0	-1	0	-1	0	0	0	1	0	0	0	0	0
OG0004614	0	0	0	0	0	-1	0	0	0	0	1	0	0	0	0	0	0
OG0004615	0	0	-1	0	0	0	0	-1	0	0	1	0	0	0	0	0	0
OG0004616	0	-1	0	0	0	0	0	-1	0	0	1	0	0	0	0	0	0
OG0004617	0	0	-1	-1	1	0	0	-1	0	0	1	0	0	0	0	0	0
OG0004618	1	0	-1	0	0	0	0	0	0	0	0	0	0	1	0	0	0
OG0004619	0	-1	2	0	-1	-1	0	0	0	0	1	0	0	0	0	0	0
OG0004621	1	0	-1	0	0	-1	0	0	0	0	0	0	0	0	0	0	0
OG0004622	0	0	-1	-1	0	0	0	0	-1	0	0	0	0	0	0	0	0
OG0004623	0	0	0	0	0	0	0	0	0	0	0	0	0	1	0	0	0
OG0004624	0	-2	0	0	0	0	0	0	-2	0	0	0	0	0	0	0	0
OG0004625	0	0	0	0	0	-1	0	0	0	0	1	0	0	0	0	0	0
OG0004626	0	0	2	0	0	0	-1	-1	0	0	1	0	0	0	0	0	0
OG0004627	0	-1	0	-1	0	0	0	0	0	0	1	0	0	0	0	0	0
OG0004628	0	0	0	-1	1	0	-1	0	0	0	1	0	0	0	0	0	0
OG0004629	0	1	0	0	-2	1	-1	0	0	0	0	0	0	0	0	-1	0
OG0004630	0	-1	0	-1	-1	0	0	0	0	0	0	0	0	0	0	0	0
OG0004631	2	2	0	0	0	0	0	0	0	0	0	0	0	0	0	1	0
OG0004632	0	0	0	-1	0	0	0	0	0	0	1	0	0	0	0	0	0
OG0004633	0	0	0	0	-1	0	1	0	0	0	1	-1	0	0	0	0	0
OG0004634	2	0	0	0	0	0	0	0	0	0	0	0	-1	0	0	0	1
OG0004635	1	9	0	0	0	0	0	0	0	0	0	0	0	0	0	0	0
OG0004636	0	0	-1	-1	0	0	0	0	0	0	1	0	0	0	0	0	0
OG0004637	0	1	-1	-1	0	0	-2	0	0	0	0	0	0	0	0	0	0
OG0004638	0	0	0	0	0	0	0	0	0	0	0	-1	0	0	0	0	0
OG0004639	1	6	0	-1	0	0	0	0	0	0	0	2	0	0	0	0	0
OG0004640	0	-1	0	0	0	-1	0	0	0	0	1	0	0	0	0	0	0
OG0004641	0	1	0	-1	0	0	-1	1	0	0	0	0	0	0	0	-1	0
OG0004642	0	1	0	0	0	-1	-1	0	0	0	0	0	0	0	0	0	0
OG0004643	0	1	-1	-1	0	-1	0	0	0	0	1	0	0	0	0	0	0
OG0004644	0	0	0	0	-1	0	0	-1	0	0	1	0	0	0	0	0	0
OG0004645	1	-1	0	-2	0	0	0	0	0	0	0	0	0	0	0	0	0
OG0004646	0	0	-1	0	0	0	0	0	0	0	1	0	0	0	0	0	0
OG0004647	0	1	0	0	0	0	0	0	-1	0	0	0	0	0	0	2	0
OG0004648	0	0	0	-1	0	0	-1	0	0	0	1	0	0	0	0	0	0
OG0004649	0	1	0	0	0	-1	0	0	-1	0	1	0	0	0	0	0	0
OG0004650	1	0	1	0	0	0	0	0	0	0	0	2	0	0	0	0	1
OG0004651	0	0	0	-1	-1	0	-2	0	0	0	0	0	0	0	0	0	0
OG0004652	1	0	0	-1	0	0	-1	-1	0	0	0	0	0	0	0	0	0
OG0004653	0	-1	0	-2	0	0	0	0	0	0	0	0	0	0	0	0	0
OG0004654	0	-1	1	-1	0	0	-1	0	0	0	1	0	0	0	0	0	0
OG0004655	0	0	0	-1	0	0	-1	0	0	0	0	0	0	0	0	0	0
OG0004656	0	0	0	0	1	0	-1	0	-1	0	0	0	0	0	0	0	0
OG0004657	1	0	1	0	0	0	-1	1	-1	0	0	0	0	0	0	-1	0
OG0004658	0	2	0	0	0	-2	0	0	0	0	0	0	0	0	0	0	0
OG0004659	0	2	0	-1	0	0	0	0	-1	0	1	0	0	0	0	0	0
OG0004660	1	0	0	0	0	-1	0	-1	0	0	0	0	0	0	0	0	0
OG0004661	0	0	0	-1	0	0	0	-1	0	0	0	0	0	0	0	0	0
OG0004662	0	1	-1	-1	0	0	0	-1	0	0	1	0	0	0	0	0	0
OG0004663	0	-1	1	1	1	-1	0	-1	0	0	1	0	0	0	0	0	0
OG0004664	0	0	0	0	1	-1	0	0	-1	0	1	0	0	0	0	0	0
OG0004665	0	0	0	-2	0	0	-2	0	0	0	0	0	0	0	0	0	0
OG0004666	0	0	0	0	0	-1	0	0	0	0	1	0	0	0	0	0	0
OG0004667	0	0	0	1	-1	0	0	0	-1	0	0	-1	0	0	0	0	0
OG0004668	0	1	0	0	0	0	0	0	0	0	0	2	0	0	0	0	1
OG0004669	0	0	1	-1	0	0	1	0	0	0	0	0	0	1	0	0	0
OG0004670	0	0	0	-1	0	0	0	0	-1	0	1	0	0	0	0	0	0
OG0004671	1	1	0	-1	0	0	0	0	0	0	0	0	0	0	1	0	0
OG0004672	0	0	0	0	0	0	0	-1	0	0	1	0	0	0	0	0	0
OG0004673	0	0	-1	-1	0	0	0	0	0	0	1	0	0	0	0	0	0
OG0004674	0	1	0	-2	0	-1	0	-1	0	0	0	2	0	0	0	0	0
OG0004675	0	0	0	0	-1	-1	0	0	0	0	1	0	0	0	0	0	0
OG0004676	1	0	0	0	0	-1	1	0	0	0	0	0	0	1	0	0	0
OG0004677	-1	0	0	0	0	0	0	0	0	0	1	0	0	0	-1	-1	0
OG0004678	0	1	0	0	0	0	-1	1	0	0	1	0	0	0	0	-1	0
OG0004679	0	-1	0	0	0	0	0	0	-1	0	1	0	0	0	0	0	0
OG0004680	0	-1	0	1	-1	0	-1	0	1	0	0	0	0	0	0	-1	0
OG0004681	1	0	1	1	-1	0	-1	0	1	0	0	0	0	0	0	-1	0
OG0004682	0	-1	0	-1	0	0	0	0	0	0	1	0	0	0	0	0	0
OG0004683	1	9	0	0	0	0	0	0	0	0	0	0	0	0	0	0	0
OG0004684	0	0	0	0	0	-1	0	0	0	0	0	0	0	0	0	0	0
OG0004685	0	4	0	-2	0	-1	0	0	0	0	1	0	0	0	0	0	0
OG0004686	0	0	-1	0	0	0	0	-1	0	0	1	0	0	0	0	0	0
OG0004687	0	1	0	0	0	0	-1	1	0	0	0	0	0	0	0	-1	0
OG0004688	0	0	-1	-1	0	0	0	0	-1	0	0	0	0	0	0	0	0
OG0004689	0	0	0	0	0	0	0	0	-2	0	0	0	0	0	0	0	0
OG0004690	0	0	0	0	0	0	0	0	0	0	1	0	0	0	0	0	0
OG0004691	0	0	0	-1	1	0	0	0	0	0	1	0	0	0	0	0	0
OG0004692	0	0	-1	0	0	0	1	0	-1	0	1	0	0	0	0	0	0
OG0004693	0	2	0	-1	0	0	0	-1	0	0	1	0	0	0	0	0	0
OG0004694	1	1	-1	0	-1	0	-2	0	0	0	0	0	0	0	0	0	0
OG0004695	0	1	0	0	0	-1	0	0	0	0	1	0	0	0	0	0	0
OG0004696	0	0	0	0	0	0	0	-1	0	0	1	0	0	0	0	0	0
OG0004697	0	0	-1	-1	0	0	-1	0	-1	0	0	0	0	0	0	0	0
OG0004698	0	0	-1	0	-1	0	0	0	0	0	1	0	0	0	0	0	0
OG0004699	0	1	-1	0	-1	1	0	0	0	0	0	0	0	0	0	0	-1
OG0004700	0	1	0	1	0	0	1	0	0	0	0	0	0	0	0	1	0
OG0004701	0	0	0	-1	0	0	0	-1	0	0	1	0	0	0	0	0	0
OG0004702	0	-1	0	0	0	0	0	0	0	0	0	-1	0	0	0	0	0
OG0004703	0	0	0	0	0	0	0	1	0	0	0	0	0	0	0	0	1
OG0004704	0	0	0	-2	-1	0	0	0	0	0	1	0	0	0	0	0	0
OG0004705	0	1	0	-2	0	0	0	-1	0	0	0	0	0	0	0	0	0
OG0004706	0	0	0	0	0	0	0	0	0	0	1	-1	0	0	0	0	0
OG0004707	0	2	0	0	0	0	0	0	0	0	0	0	0	0	0	-1	0
OG0004708	0	0	0	0	0	-1	0	-1	0	0	0	0	0	0	0	0	0
OG0004709	0	0	1	-2	0	0	-1	-1	0	0	1	1	0	0	0	0	0
OG0004710	2	0	1	0	0	0	-1	0	0	0	0	0	0	0	0	-1	0
OG0004711	0	1	0	-1	0	0	0	0	-1	0	1	0	0	0	0	0	0
OG0004712	0	-1	1	0	0	0	0	-1	0	0	0	0	0	0	0	0	0
OG0004713	0	1	0	-1	-1	1	-2	0	0	0	1	0	0	0	0	0	0
OG0004714	1	0	0	0	2	0	-1	0	0	0	0	0	0	0	0	-1	0
OG0004715	1	-1	0	-1	0	-1	1	0	0	0	0	0	0	0	0	0	0
OG0004716	0	0	0	0	0	-1	0	-1	0	0	0	0	0	0	0	0	0
OG0004717	0	1	0	0	-1	-1	0	0	0	0	0	0	0	0	0	0	0
OG0004718	0	0	-1	-1	-1	0	0	0	0	0	0	0	0	0	0	0	0
OG0004719	0	0	0	-1	0	-1	0	0	0	0	0	0	0	0	0	0	0
OG0004720	0	0	0	0	0	1	0	0	0	0	0	0	0	1	0	0	0
OG0004721	0	-1	1	0	-1	0	-2	0	0	0	1	0	0	0	0	0	0
OG0004722	0	1	0	-2	0	-1	0	0	0	0	1	0	0	0	0	0	0
OG0004723	0	0	0	0	0	0	0	-1	0	0	0	0	0	0	0	0	0
OG0004724	0	0	0	-1	0	0	0	0	0	0	1	0	0	0	0	0	0
OG0004725	0	0	0	0	0	0	6	-1	0	0	0	0	0	0	0	1	0
OG0004726	0	0	0	0	0	0	0	0	0	0	1	0	0	0	0	0	0
OG0004727	0	-2	0	1	0	0	0	0	0	0	1	0	0	0	0	0	0
OG0004728	0	0	0	0	-1	-1	0	0	1	0	1	0	0	0	0	0	0
OG0004729	0	0	0	-1	0	0	-1	0	0	0	1	0	0	0	0	0	0
OG0004730	1	0	0	-1	0	-1	0	0	0	0	0	0	0	0	0	0	0
OG0004731	0	9	-1	0	0	0	0	0	0	0	0	1	0	0	0	0	0
OG0004732	0	0	0	-1	1	-1	0	0	0	0	0	0	0	0	0	0	0
OG0004733	2	1	0	0	0	0	1	0	0	0	-1	0	0	0	0	1	0
OG0004734	0	2	0	0	-1	-1	0	0	0	0	1	0	0	0	0	0	0
OG0004735	0	1	0	0	0	0	0	0	0	0	0	0	0	0	0	0	-1
OG0004736	0	0	-1	-1	0	0	0	0	0	0	0	0	0	0	0	0	0
OG0004737	0	7	0	0	0	0	0	-1	0	0	0	0	0	0	0	1	0
OG0004738	0	0	0	0	0	0	0	0	-2	0	1	0	0	0	0	0	0
OG0004739	0	-2	0	0	0	0	0	0	0	0	1	0	0	0	0	0	0
OG0004740	0	1	0	0	0	-1	0	0	0	0	1	0	0	0	0	0	0
OG0004741	0	0	0	-2	-1	1	0	-1	0	0	0	0	0	0	0	0	0
OG0004742	0	0	0	-1	0	0	0	0	0	0	1	0	0	0	0	0	0
OG0004743	1	0	0	0	0	-1	0	0	0	0	0	0	0	1	0	0	0
OG0004744	0	0	0	0	0	0	0	0	0	0	0	0	0	1	0	0	0
OG0004745	2	7	0	0	0	0	0	0	0	0	-1	0	0	0	0	0	0
OG0004746	1	1	0	0	0	-2	0	0	0	0	0	0	0	0	0	0	0
OG0004747	0	0	0	-1	0	6	0	0	0	0	0	-1	0	0	0	-1	0
OG0004748	0	0	0	-1	-1	0	0	0	0	0	1	0	0	0	0	0	0
OG0004749	0	0	0	0	0	1	0	1	0	0	0	0	0	0	0	0	1
OG0004750	0	0	0	0	0	0	0	-1	0	0	1	0	0	0	0	0	0
OG0004751	0	2	0	-1	0	-1	0	-1	0	0	0	0	0	0	0	0	0
OG0004752	0	0	0	-1	0	0	0	0	0	0	1	0	0	0	0	0	0
OG0004753	2	8	-1	-1	0	0	0	0	0	0	0	1	0	0	0	0	0
OG0004754	0	8	0	0	0	0	0	0	0	0	0	1	0	0	0	0	0
OG0004755	1	8	0	0	0	0	0	0	0	0	0	0	0	0	0	0	0
OG0004756	0	9	-1	0	0	0	0	0	0	0	0	1	0	0	0	0	0
OG0004757	0	0	0	0	0	0	0	-1	0	0	1	0	0	0	0	0	0
OG0004758	0	6	0	0	0	0	0	0	0	0	0	0	0	-1	0	0	0
OG0004759	1	2	0	0	0	0	0	0	0	0	0	0	0	0	0	1	0
OG0004760	0	3	0	0	0	1	-1	0	0	0	0	0	0	0	0	0	1
OG0004761	0	-1	0	-1	0	0	0	0	0	0	1	0	0	0	0	0	0
OG0004762	0	6	-1	0	0	0	0	0	-1	0	1	1	0	0	-1	0	0
OG0004763	0	0	0	0	0	-1	0	0	0	0	1	0	0	0	0	0	0
OG0004764	0	0	0	-1	1	-1	1	1	-2	0	1	0	0	0	0	0	0
OG0004765	0	1	-1	0	0	0	0	0	0	0	1	0	0	0	0	0	0
OG0004766	0	0	0	-1	-1	0	-1	0	0	0	0	0	0	0	0	0	0
OG0004767	0	-1	0	-1	0	0	0	0	0	0	1	0	0	0	0	0	0
OG0004768	0	1	0	-1	0	-1	0	0	0	0	0	0	0	0	0	0	0
OG0004769	0	0	1	0	0	-1	0	0	1	0	1	0	0	-1	0	0	1
OG0004770	0	0	0	-1	0	0	0	0	0	0	1	0	0	0	0	0	0
OG0004771	0	1	0	0	0	0	-1	0	-1	0	0	0	0	0	0	0	0
OG0004772	0	0	0	0	0	0	0	0	0	0	1	-1	0	0	0	0	0
OG0004773	0	0	0	-1	0	0	1	0	0	0	0	0	0	1	0	0	0
OG0004774	0	1	0	0	0	0	0	0	0	0	0	0	0	0	1	0	0
OG0004775	2	0	0	0	0	0	0	0	0	0	0	0	-1	0	0	1	0
OG0004776	0	0	0	-1	0	0	0	-1	0	0	0	0	0	0	0	0	0
OG0004777	1	7	0	0	0	0	2	0	0	0	0	0	0	0	0	0	0
OG0004778	0	0	0	0	1	0	0	0	0	0	0	0	0	0	0	-1	0
OG0004779	0	0	0	0	0	0	0	-1	0	0	1	0	0	0	0	0	0
OG0004780	0	3	0	0	0	0	0	0	0	0	1	0	0	0	0	-1	0
OG0004781	0	-1	0	0	0	0	0	0	0	0	1	0	0	0	0	0	0
OG0004782	0	0	0	0	0	0	0	-1	0	0	1	0	0	0	0	0	0
OG0004783	0	0	0	0	0	-1	0	0	0	0	1	0	0	0	0	0	0
OG0004784	0	0	0	-1	0	0	0	0	0	0	1	0	0	0	0	0	0
OG0004785	0	0	0	-2	-1	0	0	0	0	0	1	0	0	0	0	0	0
OG0004786	0	0	0	0	0	0	-1	0	0	0	0	0	0	1	0	0	0
OG0004787	0	0	-1	0	0	-1	0	0	0	0	1	0	0	0	0	0	0
OG0004788	0	0	0	-1	0	0	0	0	0	0	1	0	0	0	0	0	0
OG0004789	0	1	0	-1	0	0	0	0	0	0	0	0	0	0	1	0	0
OG0004790	0	-1	0	-1	0	1	-1	0	0	0	1	0	0	0	0	0	0
OG0004791	0	0	-1	0	0	0	-2	0	0	0	1	0	0	0	0	0	0
OG0004792	0	0	0	-2	0	0	0	0	0	0	1	0	0	0	0	0	0
OG0004793	0	0	0	0	0	-1	0	0	0	0	1	0	0	0	0	0	0
OG0004794	0	0	0	0	0	0	0	0	0	0	1	-1	0	0	0	0	0
OG0004795	1	0	0	0	0	0	0	0	0	0	0	0	0	1	0	0	0
OG0004796	0	1	0	0	1	-1	0	-1	0	0	1	0	0	0	0	0	0
OG0004797	0	-1	0	1	-1	0	0	0	0	0	1	0	0	0	0	0	0
OG0004798	0	0	1	-1	0	0	0	0	0	0	1	0	0	0	0	0	0
OG0004799	0	-1	0	0	0	0	0	0	0	0	1	0	0	0	0	0	0
OG0004800	1	0	0	0	1	0	0	0	0	0	0	0	0	1	0	0	0
OG0004801	0	0	-1	-1	0	0	0	0	0	0	1	0	0	0	0	0	0
OG0004802	0	0	0	0	0	0	0	0	0	0	0	0	0	1	0	0	0
OG0004803	0	9	-1	0	0	0	0	0	0	0	0	1	0	0	0	0	0
OG0004804	0	0	-1	0	0	0	0	0	0	0	1	0	0	0	0	0	0
OG0004805	0	0	-1	-1	0	0	0	0	0	0	1	0	0	0	0	0	0
OG0004806	0	2	0	0	0	0	0	0	0	0	0	1	0	0	0	0	1
OG0004807	-1	1	0	0	0	0	0	0	-1	0	1	0	0	-1	0	-1	0
OG0004808	0	4	0	0	0	0	0	0	0	0	0	0	0	0	0	1	0
OG0004809	0	5	0	-1	4	0	0	1	-1	0	0	0	0	0	0	0	0
OG0004810	0	-1	0	-1	1	-1	-1	6	-1	0	0	0	0	0	0	0	0
OG0004882	0	0	0	0	-1	0	0	0	-1	0	1	0	0	0	0	0	0
OG0004883	0	1	0	0	0	0	0	0	0	0	0	0	0	0	0	-1	0
OG0004884	0	1	0	-1	0	-1	0	0	-1	0	0	0	0	0	0	0	0
OG0004885	0	1	0	0	0	0	1	0	0	0	0	0	0	0	0	1	0
OG0004886	0	1	0	-1	0	-2	0	0	0	0	0	0	0	0	0	0	0
OG0004887	2	0	0	-1	0	0	0	0	1	0	0	-1	0	0	1	0	0
OG0004888	0	3	0	2	0	0	0	0	0	0	1	0	0	0	-1	0	0
OG0004889	0	0	0	0	-1	0	0	0	-2	0	1	0	0	0	0	0	0
OG0004890	1	1	0	-1	0	0	0	-2	0	0	0	0	0	0	0	0	0
OG0004891	0	1	0	0	1	-1	0	0	-2	0	0	0	0	0	0	0	0
OG0004892	1	-1	0	-1	-1	0	0	-1	0	0	0	0	0	0	0	0	0
OG0004893	0	0	0	0	0	0	0	0	0	0	1	1	0	0	0	-1	0
OG0004894	0	0	0	0	0	-1	-1	0	0	0	1	0	0	0	0	0	0
OG0004895	0	3	0	0	0	0	0	0	0	0	0	0	0	0	0	1	0
OG0004896	0	-1	0	0	-1	0	0	0	0	0	1	0	0	0	0	0	0
OG0004897	0	2	-1	-2	0	0	0	0	-2	0	1	0	0	0	0	0	0
OG0004898	0	1	0	0	0	-2	0	0	0	0	1	0	0	0	0	0	0
OG0004899	0	2	0	-1	0	0	0	0	0	0	0	0	0	0	0	-1	0
OG0004900	0	0	0	-1	0	0	0	0	0	0	0	1	0	0	0	-1	0
OG0004901	0	0	0	0	0	0	0	0	0	0	0	0	0	0	1	0	0
OG0004902	0	0	1	0	0	0	0	0	0	0	0	0	0	0	1	0	0
OG0004903	2	0	0	0	0	0	0	0	0	0	0	0	0	0	1	0	0
OG0004904	0	-2	0	0	-1	0	0	0	-1	0	1	0	0	0	0	0	0
OG0004905	0	0	0	0	0	-1	0	0	0	0	1	0	0	0	0	0	0
OG0004906	1	0	0	0	0	0	0	0	0	0	0	-1	0	0	0	0	-1
OG0004907	0	-1	0	-1	0	0	0	0	0	0	1	0	0	0	0	0	0
OG0004908	0	1	-1	0	0	0	0	0	-1	0	0	0	0	0	0	0	-1
OG0004909	0	1	0	0	0	0	0	0	0	0	0	0	0	0	0	-1	0
OG0004910	1	7	0	0	0	0	0	0	0	0	0	0	0	0	0	0	0
OG0004911	0	1	0	-2	0	0	0	0	0	0	0	0	0	0	0	0	-1
OG0004912	1	0	0	0	0	0	0	0	-2	0	0	-1	0	0	0	0	0
OG0004913	0	1	0	0	0	0	0	0	-1	0	0	1	-1	0	0	1	0
OG0004914	1	-1	0	1	0	0	0	0	0	0	0	0	0	0	0	-1	0
OG0004915	4	-1	1	1	0	0	1	0	0	0	0	0	0	-1	0	0	0
OG0004916	0	1	0	-2	0	-1	0	0	0	0	0	0	0	0	0	0	0
OG0004917	0	0	0	-1	0	0	0	-1	0	0	0	0	0	0	0	0	0
OG0004918	2	-1	0	-1	0	0	0	0	-2	0	0	0	0	0	0	0	0
OG0004919	0	0	0	0	0	1	0	1	-1	0	1	-1	0	0	0	-1	0
OG0004920	0	1	0	-1	0	0	0	0	0	0	1	1	0	0	0	-1	0
OG0004921	1	0	0	1	0	0	0	0	0	0	0	-1	0	0	0	-1	0
OG0004922	0	-2	0	-1	0	-1	0	0	0	0	0	0	0	0	0	0	0
OG0004923	0	-1	0	0	-1	1	-1	-1	0	0	0	0	0	0	0	0	0
OG0004924	0	0	0	-1	0	0	0	0	0	0	1	0	0	0	0	0	0
OG0004925	0	0	2	-1	0	-1	0	0	0	0	1	0	0	0	0	0	0
OG0004926	0	0	0	0	0	-1	0	0	0	0	1	0	0	0	0	0	0
OG0004927	0	0	0	-1	0	0	0	0	0	0	1	0	0	0	0	0	0
OG0004928	0	0	0	-1	0	0	0	0	-1	0	1	0	0	0	0	0	0
OG0004929	0	-1	0	0	0	-1	0	-1	0	0	0	0	0	0	0	0	0
OG0004930	0	0	0	0	0	0	0	0	-2	0	0	0	0	0	0	0	0
OG0004931	1	-1	0	-1	0	0	-1	0	0	0	0	0	0	0	0	0	0
OG0004932	0	0	0	-1	0	0	0	-1	0	0	1	0	0	0	0	0	0
OG0004933	0	-1	0	-1	0	0	0	0	0	0	1	0	0	0	0	0	0
OG0004934	0	-1	0	-1	0	0	0	0	-1	0	1	0	0	0	0	0	0
OG0004935	0	1	0	0	0	0	0	1	-1	0	1	0	0	0	0	-1	0
OG0004936	1	0	0	0	0	0	1	0	0	0	0	0	0	0	0	1	0
OG0004937	0	0	0	0	0	0	-1	0	0	0	0	0	0	1	0	0	0
OG0004938	0	0	-1	1	0	-1	-1	0	0	0	1	0	0	0	0	0	0
OG0004939	0	0	-1	-1	0	-1	0	0	0	0	1	0	0	0	0	0	0
OG0004940	0	-1	0	0	0	0	0	0	0	0	0	0	0	-1	0	0	1
OG0004941	0	0	0	1	0	-1	0	0	-1	0	1	0	0	0	0	0	0
OG0004942	3	1	0	0	0	0	0	0	0	0	-1	0	0	0	0	1	0
OG0004943	0	7	0	0	2	0	0	0	0	0	0	0	0	0	0	0	0
OG0004944	1	0	0	-1	0	1	0	-1	0	0	0	0	0	1	0	0	0
OG0004945	1	1	0	0	0	0	0	0	0	0	0	0	0	0	0	1	0
OG0004946	0	0	1	0	0	0	0	0	0	0	0	0	0	0	1	0	0
OG0004947	2	0	0	1	0	0	0	0	0	0	0	0	0	0	0	1	0
OG0004948	0	-1	0	1	-1	0	0	-1	0	0	0	0	0	0	0	0	0
OG0004949	2	4	-1	0	0	0	0	0	0	0	0	0	0	-1	0	0	0
OG0004950	2	0	0	0	0	0	0	0	0	0	-1	0	0	0	0	1	0
OG0004951	0	0	0	0	0	-1	0	0	0	0	1	0	0	0	0	0	0
OG0004952	0	0	0	-1	-1	0	-1	0	0	0	0	0	0	0	0	0	0
OG0004953	1	2	0	0	0	0	0	0	0	0	0	0	0	0	0	1	0
OG0004954	1	9	-1	0	0	0	0	-1	0	0	0	1	0	0	0	0	0
OG0004955	0	0	0	0	0	0	0	0	0	0	0	0	0	0	1	0	0
OG0004956	0	0	-1	0	0	0	0	0	-2	0	0	0	0	0	0	0	0
OG0004957	0	-1	0	-1	0	-1	0	0	0	0	0	0	0	0	0	0	0
OG0004958	2	0	0	0	1	1	0	0	0	0	0	0	0	1	0	-1	0
OG0004959	0	1	0	1	0	1	0	1	0	0	0	0	0	0	0	0	0
OG0004960	0	1	0	1	0	-2	-1	0	0	0	0	0	0	0	0	0	0
OG0004961	0	0	1	-1	1	0	0	0	0	0	0	0	0	0	0	-1	0
OG0004962	0	0	0	0	0	0	0	0	0	0	0	0	0	-1	0	0	1
OG0004963	1	4	0	0	1	0	0	0	0	0	0	1	0	0	0	0	0
OG0004964	0	0	0	0	-1	0	0	0	-1	0	0	0	0	0	0	0	0
OG0004965	2	0	1	0	0	-1	0	0	0	0	0	0	0	-1	0	0	1
OG0004966	0	0	-1	0	0	-1	0	0	0	0	1	0	0	0	0	0	0
OG0004967	3	0	4	0	0	1	0	0	-1	0	-1	0	0	0	0	0	0
OG0004968	0	0	0	-1	0	0	0	0	0	0	1	0	0	0	0	0	0
OG0004969	1	1	0	0	0	3	-1	0	0	0	0	0	0	0	0	0	0
OG0004970	3	6	0	-1	0	0	0	0	0	0	-1	0	0	0	0	0	0
OG0004971	0	0	0	0	0	0	0	0	0	0	1	-1	0	0	0	0	0
OG0004972	0	0	2	0	0	0	0	-1	0	0	0	1	0	0	0	1	0
OG0004973	1	5	0	0	0	1	0	0	0	0	0	0	0	0	0	0	0
OG0004974	0	0	0	0	0	0	0	-1	0	0	0	-1	0	0	0	0	0
OG0004975	0	0	-1	-1	0	0	0	-1	0	0	0	0	0	0	0	0	0
OG0004976	2	6	0	0	0	0	0	0	0	0	-1	0	0	0	0	0	0
OG0004977	0	0	0	0	0	0	0	0	0	0	0	1	0	0	0	0	1
OG0004978	1	0	0	0	0	0	0	0	0	0	0	0	0	1	0	0	0
OG0004979	0	-1	0	0	0	-2	0	0	0	0	1	0	0	0	0	0	0
OG0004980	1	0	0	0	0	0	0	0	0	0	0	0	0	0	1	0	0
OG0004981	0	1	-1	0	0	0	0	0	-1	0	0	0	0	0	0	0	-1
OG0004982	3	1	0	0	0	0	0	0	1	0	0	0	0	-1	0	0	0
OG0004983	0	7	0	-1	0	0	0	0	1	0	0	0	0	0	0	0	0
OG0004984	0	1	0	0	0	0	0	0	0	0	0	0	0	0	1	0	0
OG0004985	0	0	0	0	1	-1	0	0	-1	0	1	0	0	0	0	0	0
OG0004986	0	0	-1	-1	-1	0	0	0	0	0	0	0	0	0	0	0	0
OG0004987	0	-1	0	0	0	-1	0	0	0	0	1	0	0	0	0	0	0
OG0004988	2	0	0	-1	0	0	0	0	0	0	0	0	0	0	0	-1	0
OG0004989	0	0	0	0	0	0	0	0	0	0	0	0	0	1	0	0	0
OG0004990	0	0	0	0	0	0	-1	0	1	0	1	0	0	0	0	-1	0
OG0004991	0	0	1	0	0	0	0	0	0	0	0	0	0	0	1	0	0
OG0004992	0	8	0	-1	0	0	2	0	-1	0	0	0	0	0	0	0	0
OG0004993	0	0	0	-1	0	0	0	-1	0	0	1	0	0	0	0	0	0
OG0004994	0	0	0	-1	0	-1	0	0	0	0	0	0	0	0	0	0	0
OG0004995	0	8	0	0	0	0	-1	0	0	0	0	1	0	0	0	0	0
OG0004996	0	0	0	-1	0	-1	0	0	0	0	1	0	0	0	0	0	0
OG0004997	2	0	1	0	0	1	0	0	0	0	0	1	0	0	0	0	0
OG0004998	0	0	0	0	-1	0	0	0	0	0	1	0	0	0	0	0	0
OG0004999	0	0	0	0	0	0	0	0	0	0	0	0	0	0	1	0	0
OG0005000	1	0	0	-1	-1	0	-1	0	3	0	0	-1	0	0	0	0	1
OG0005001	2	1	0	0	0	2	0	0	-1	0	-1	0	0	0	0	0	0
OG0005002	0	0	0	0	0	-1	0	0	-1	0	0	0	0	0	0	0	0
OG0005003	0	0	0	0	-1	-1	0	0	0	0	0	0	0	0	0	0	0
OG0005004	0	0	0	-1	0	-1	0	0	0	0	0	0	0	0	0	0	0
OG0005005	0	0	0	0	0	-1	0	0	0	0	1	0	0	0	0	0	0
OG0005006	1	0	0	0	0	0	0	0	0	0	0	0	0	0	1	0	0
OG0005007	2	0	0	-1	0	0	0	-1	0	0	0	-1	0	0	0	0	0
OG0005008	0	-1	0	-1	0	0	0	-1	0	0	1	0	0	0	0	0	0
OG0005009	2	-1	0	1	-2	0	-2	0	0	0	0	-1	0	0	0	0	0
OG0005010	0	0	0	0	0	0	0	0	-1	0	0	-1	0	0	0	0	0
OG0005011	0	7	-1	0	0	0	0	0	0	0	1	0	0	-1	0	0	0
OG0005012	0	0	2	0	0	0	0	1	0	0	0	0	0	0	0	0	1
OG0005013	3	0	1	0	0	0	0	0	0	0	-1	0	0	0	0	0	1
OG0005014	0	2	0	-1	0	-1	-1	0	0	0	1	0	0	0	0	0	0
OG0005015	0	0	0	0	0	0	0	0	0	0	0	0	0	0	0	-1	0
OG0005016	0	0	0	0	0	0	-1	0	0	0	1	0	0	-1	0	0	1
OG0005017	0	-1	0	-1	0	0	0	0	0	0	1	0	0	0	0	0	0
OG0005018	0	0	-1	-1	0	0	-1	0	0	0	0	0	0	0	0	0	0
OG0005019	0	0	0	-1	0	-1	0	0	0	0	1	0	0	0	0	0	0
OG0005020	0	2	0	0	0	0	-1	-1	1	0	1	0	0	0	-2	0	0
OG0005021	0	0	-1	0	0	-1	-1	0	0	0	0	0	0	0	0	0	0
OG0005022	0	9	0	-1	0	0	0	0	0	0	0	0	0	0	0	0	0
OG0005023	0	0	0	0	0	0	-2	0	0	0	0	0	0	0	0	0	0
OG0005024	0	0	0	-1	-1	0	0	0	0	0	0	0	0	0	0	0	0
OG0005025	0	0	0	-1	0	-1	1	0	-1	0	0	0	0	0	0	0	0
OG0005026	1	0	0	0	1	1	0	0	1	0	0	0	0	0	0	0	0
OG0005027	0	2	0	0	1	-1	0	0	0	0	0	0	0	0	0	0	-1
OG0005028	0	-1	0	0	-1	0	-2	0	0	0	1	0	0	0	0	0	0
OG0005029	0	1	0	0	0	0	0	0	0	0	0	0	0	0	0	-1	0
OG0005030	0	0	0	0	0	-1	0	0	0	0	0	0	0	0	0	0	0
OG0005031	0	0	0	-1	0	-2	1	0	0	0	0	0	0	0	0	0	0
OG0005032	0	0	0	0	0	0	0	0	1	0	0	0	0	0	0	1	0
OG0005033	0	3	-1	-1	0	0	0	0	0	0	1	0	0	0	0	-1	0
OG0005034	0	0	0	-1	0	0	-1	0	0	0	0	0	0	0	0	0	0
OG0005035	0	0	0	-1	0	-1	0	0	0	0	1	0	0	0	0	0	0
OG0005036	0	-1	0	-1	0	0	0	0	-1	0	1	0	0	0	0	0	0
OG0005037	0	0	-1	-1	0	0	-1	0	0	0	1	0	0	0	0	0	0
OG0005038	0	0	0	0	-1	0	-1	0	0	0	1	0	0	0	0	0	0
OG0005039	0	0	2	1	0	0	0	0	0	0	1	0	0	0	0	-1	0
OG0005040	0	-1	0	-1	0	0	0	0	-1	0	1	0	0	0	0	0	0
OG0005041	0	1	0	0	0	-1	0	0	-1	0	1	0	0	0	0	0	0
OG0005042	0	0	1	0	0	0	0	0	0	0	0	0	0	0	0	-1	0
OG0005043	0	0	0	0	2	-2	0	0	0	0	1	0	0	0	0	0	0
OG0005044	0	0	0	0	0	-1	0	0	-1	0	0	0	0	0	0	0	0
OG0005045	2	0	0	0	0	0	0	0	0	0	0	1	0	0	0	0	1
OG0005046	0	0	0	-1	0	0	0	-1	0	0	1	0	0	0	0	0	0
OG0005047	0	0	1	2	0	0	0	0	0	0	0	0	0	0	0	0	1
OG0005048	0	0	1	0	0	-1	0	0	0	0	1	0	0	0	0	0	0
OG0005049	-1	0	0	1	0	0	0	0	0	0	1	0	0	0	-2	0	0
OG0005050	2	-1	1	1	1	-1	-1	1	0	0	0	0	0	0	-1	0	0
OG0005051	1	0	0	0	-1	0	0	0	0	0	0	-1	0	0	0	0	0
OG0005052	1	0	0	-1	0	0	0	0	0	0	0	0	0	1	0	0	0
OG0005053	0	0	0	1	0	2	0	0	1	0	0	0	0	0	0	0	0
OG0005054	1	2	0	0	0	0	0	0	0	0	0	1	0	-1	0	0	0
OG0005055	0	1	0	0	0	0	-1	0	-1	0	1	0	0	0	0	0	0
OG0005056	0	4	0	0	0	0	0	0	0	0	0	0	0	0	0	0	1
OG0005057	0	0	0	0	1	0	-1	0	-1	0	1	0	0	0	0	0	0
OG0005058	0	9	-1	0	0	0	0	0	0	0	0	1	0	0	0	0	0
OG0005059	9	0	0	0	0	0	0	0	-1	0	-1	0	0	0	0	0	0
OG0005060	0	2	0	1	0	0	-1	0	-1	0	0	0	0	0	0	-1	0
OG0005061	0	0	0	0	0	0	0	0	0	0	0	0	0	0	1	0	0
OG0005062	1	1	0	0	0	0	0	0	0	0	0	0	0	0	0	1	0
OG0005063	1	0	0	0	0	1	0	0	-1	0	0	0	0	1	0	-1	0
OG0005064	0	2	0	0	0	-2	0	0	0	0	0	0	0	0	0	0	0
OG0005065	0	0	0	-1	0	-1	0	0	-1	0	0	0	0	0	0	0	0
OG0005066	0	0	0	0	0	0	0	0	0	0	0	0	0	1	0	0	0
OG0005067	0	0	0	-1	0	0	-1	-1	0	0	1	0	0	0	0	0	0
OG0005068	2	0	0	0	0	-1	0	0	0	0	0	0	0	1	0	0	0
OG0005069	0	1	0	2	0	0	-1	0	-1	0	0	0	0	0	0	-1	0
OG0005070	0	0	0	0	0	0	-1	0	0	0	0	0	0	1	0	0	0
OG0005071	0	2	0	0	0	-2	0	0	0	0	1	0	0	0	0	0	0
OG0005072	0	1	0	0	0	-2	0	0	0	0	0	0	0	0	0	0	0
OG0005073	0	-1	0	0	0	0	0	0	-1	0	1	0	0	0	0	0	0
OG0005074	0	0	0	0	1	-1	0	0	0	0	0	0	0	1	0	0	0
OG0005075	0	1	-1	1	0	0	0	0	0	0	0	0	0	-1	0	0	1
OG0005076	0	0	0	0	-1	-1	0	0	0	0	1	0	0	0	0	0	0
OG0005077	0	2	0	-2	0	0	0	-1	0	0	1	0	0	0	0	0	0
OG0005078	0	-1	0	0	-1	0	0	-1	0	0	1	0	0	0	0	0	0
OG0005079	0	0	0	-1	0	0	0	-1	0	0	1	0	0	0	0	0	0
OG0005080	0	1	0	0	0	0	0	0	0	0	1	0	0	0	0	-1	0
OG0005081	0	2	0	0	0	-2	0	0	0	0	1	0	0	0	0	0	0
OG0005082	1	9	0	0	0	0	0	0	-1	0	0	0	0	0	0	0	0
OG0005083	0	0	0	0	-1	-1	0	0	0	0	1	0	0	0	0	0	0
OG0005084	0	5	0	0	0	0	1	0	-1	0	0	0	0	0	0	1	0
OG0005085	0	0	-1	-1	0	-1	0	0	0	0	0	0	0	0	0	0	0
OG0005086	0	0	-1	0	0	-1	0	0	0	0	0	0	0	0	0	0	0
OG0005087	0	0	0	0	1	0	1	-1	0	0	0	0	0	1	0	0	0
OG0005088	1	0	0	0	0	2	1	0	0	0	0	0	0	0	0	0	0
OG0005089	0	0	0	0	0	0	-1	0	0	0	0	0	0	1	0	0	0
OG0005090	0	0	0	-2	0	0	0	-1	0	0	1	0	0	0	0	0	0
OG0005091	0	0	0	0	0	-2	0	0	0	0	1	1	0	0	0	0	0
OG0005092	0	0	0	-1	0	0	-1	0	0	0	1	0	0	0	0	0	0
OG0005093	0	0	0	0	0	-1	0	0	0	0	1	0	0	0	0	0	0
OG0005094	0	0	0	-1	0	-1	0	0	0	0	1	0	0	0	0	0	0
OG0005095	0	0	1	0	0	0	0	0	0	0	0	0	0	0	1	0	0
OG0005096	0	0	-1	-1	0	0	0	-1	0	0	1	0	0	0	0	0	0
OG0005097	0	0	0	0	0	0	0	0	0	0	0	0	0	1	0	0	0
OG0005098	0	1	0	0	0	0	0	0	0	0	0	1	0	0	0	1	0
OG0005099	0	0	0	-2	0	0	-2	0	0	0	1	0	0	0	0	0	0
OG0005100	0	1	0	-1	0	0	0	0	0	0	0	0	0	0	1	0	0
OG0005101	0	0	0	0	0	0	0	0	-2	0	1	0	0	0	0	0	0
OG0005102	0	0	0	1	0	0	-1	0	0	0	1	-1	0	0	0	0	0
OG0005103	0	0	0	1	0	2	0	0	1	0	0	0	0	0	0	0	0
OG0005104	0	-1	0	-1	1	0	-1	0	0	0	1	0	0	0	0	0	0
OG0005105	0	0	0	0	0	-1	1	0	0	0	0	0	0	1	0	0	0
OG0005106	0	0	0	0	0	0	0	0	0	0	1	-1	0	0	0	0	0
OG0005107	0	0	0	0	0	0	-1	1	0	0	1	0	0	0	0	-1	0
OG0005108	0	-1	1	-1	2	-1	-1	2	0	0	0	0	0	0	0	0	1
OG0005190	0	0	0	-1	0	1	0	1	0	0	0	-1	0	0	0	0	1
OG0005191	0	1	0	-1	0	0	0	0	0	0	0	0	0	0	1	0	0
OG0005192	0	1	0	0	0	-2	0	0	0	0	1	0	0	0	0	0	0
OG0005193	11	0	0	6	0	0	0	0	0	0	-2	-1	0	-1	0	0	0
OG0005194	10	0	0	-1	0	0	0	0	0	0	-1	-1	0	0	0	0	0
OG0005195	0	1	0	0	0	0	0	0	0	0	0	0	0	0	0	-1	0
OG0005196	1	0	0	0	0	1	3	0	0	0	0	0	0	0	0	0	0
OG0005197	0	4	0	-2	0	0	0	0	-1	0	0	0	0	0	0	-1	0
OG0005198	1	0	0	-1	0	-1	0	0	0	0	0	0	0	1	0	0	0
OG0005199	1	0	0	0	0	0	-1	0	0	0	0	0	0	1	0	0	0
OG0005200	0	0	0	0	0	1	-1	1	0	0	0	0	0	0	0	0	1
OG0005201	0	0	0	-1	0	0	0	-1	0	0	1	0	0	0	0	0	0
OG0005202	0	0	0	0	-1	-1	0	0	0	0	0	0	0	0	0	0	0
OG0005203	1	1	0	-1	0	0	0	0	1	0	0	0	0	0	0	0	1
OG0005204	0	0	0	0	0	2	0	0	0	0	0	1	0	0	0	0	0
OG0005205	2	0	0	0	0	-1	0	-1	0	0	0	0	0	1	0	0	0
OG0005206	0	0	1	0	0	0	-1	1	-1	0	1	0	0	0	0	-1	0
OG0005207	2	0	0	0	1	0	0	0	0	0	-1	0	0	0	0	0	1
OG0005208	0	0	0	0	0	0	0	-1	0	0	1	-1	0	0	0	0	0
OG0005209	2	-1	0	0	0	0	0	0	0	0	0	0	0	0	0	-1	0
OG0005210	0	0	0	0	0	0	0	0	-2	0	1	-1	0	0	0	0	0
OG0005211	0	0	0	-1	0	-1	0	0	0	0	1	0	0	0	0	0	0
OG0005212	0	0	-1	-1	0	-1	0	0	0	0	1	0	0	0	0	0	0
OG0005213	-1	2	0	0	0	0	0	0	0	0	1	0	0	-1	-1	0	0
OG0005214	0	0	-1	-1	0	0	0	-1	0	0	0	0	0	0	0	0	0
OG0005215	0	0	-1	-1	0	-1	0	-1	0	0	0	0	0	0	0	0	0
OG0005216	0	-1	0	0	0	0	0	0	0	0	0	0	0	0	0	0	-1
OG0005217	0	0	-1	0	0	0	0	0	-1	0	1	0	0	0	0	0	-1
OG0005218	2	2	0	-1	0	0	0	0	0	0	0	1	-1	0	0	0	0
OG0005220	0	0	0	0	0	-2	0	0	0	0	0	0	0	0	0	0	0
OG0005221	0	0	0	0	1	0	0	1	-1	0	1	0	0	0	0	-1	0
OG0005222	0	1	0	0	0	0	0	0	-1	0	1	0	0	0	-2	0	0
OG0005223	0	1	0	0	0	0	0	0	0	0	0	0	0	0	0	-1	0
OG0005224	3	1	0	0	0	0	4	0	0	0	-1	0	0	0	0	0	0
OG0005225	1	3	-1	2	0	0	0	0	0	0	0	0	0	-1	0	0	0
OG0005226	0	0	-1	-1	0	-1	0	0	0	0	1	0	0	0	0	0	0
OG0005227	0	0	0	0	0	0	0	1	0	0	0	0	0	0	0	0	1
OG0005228	0	0	2	2	-1	0	-1	0	-1	0	0	0	0	0	0	-1	0
OG0005229	0	0	1	-2	0	0	-1	-1	0	0	1	0	0	0	0	0	0
OG0005230	1	1	0	0	0	0	0	-1	0	0	0	0	0	0	0	-1	0
OG0005231	0	0	0	0	0	0	0	1	-1	0	0	0	0	0	0	-1	0
OG0005232	0	0	0	-1	0	0	0	0	0	0	0	0	0	0	1	0	0
OG0005233	1	0	0	0	0	0	0	0	0	0	0	1	0	0	0	1	0
OG0005234	0	9	0	-1	0	0	0	0	0	0	0	0	0	0	0	0	0
OG0005235	0	0	-1	1	0	0	0	0	0	0	1	0	0	0	0	0	-1
OG0005236	0	2	0	0	-1	0	0	0	0	0	0	0	0	0	0	-1	0
OG0005237	0	6	0	0	0	0	2	0	0	0	0	0	0	0	0	0	0
OG0005238	0	0	0	0	0	0	0	0	0	0	0	1	0	0	0	1	0
OG0005239	0	0	-1	0	1	-2	0	0	0	0	0	0	0	0	0	0	0
OG0005240	1	0	0	0	0	4	0	0	0	0	0	0	0	0	0	0	-1
OG0005241	1	0	0	0	0	0	0	0	0	0	0	0	0	0	0	1	0
OG0005242	0	1	0	-1	0	-2	0	0	0	0	0	0	0	0	0	0	0
OG0005243	0	0	-1	-1	0	1	0	0	0	0	1	0	0	0	0	-1	0
OG0005244	0	0	-1	0	0	0	0	-1	0	0	1	0	0	0	0	0	0
OG0005245	0	0	-1	-1	0	-1	0	0	0	0	0	0	0	0	0	0	0
OG0005246	0	0	4	0	0	0	0	0	0	0	0	1	0	0	0	0	0
OG0005247	3	0	-1	0	1	0	0	0	0	0	0	0	0	0	-1	0	0
OG0005248	1	2	0	0	0	0	0	0	0	0	0	0	0	0	-1	0	0
OG0005249	0	1	0	0	0	-1	1	0	0	0	0	0	0	0	0	0	-1
OG0005250	0	-1	0	0	-1	0	0	-1	0	0	0	0	0	0	0	0	0
OG0005251	0	0	0	-1	-1	0	0	0	-2	0	1	0	0	0	0	0	0
OG0005252	0	-1	0	-1	1	-1	0	0	0	0	1	0	0	0	0	0	0
OG0005253	0	0	0	0	0	0	0	0	0	0	0	0	0	0	0	-1	0
OG0005254	0	2	0	0	0	0	0	0	-1	0	1	0	0	0	-2	0	0
OG0005255	2	0	1	0	0	0	0	0	1	0	-1	0	0	0	0	0	0
OG0005256	0	0	0	0	0	-1	0	1	0	0	0	1	0	0	0	0	1
OG0005257	1	0	0	-1	0	0	-1	0	0	0	0	0	0	1	0	0	0
OG0005258	0	1	0	1	0	0	6	0	0	0	0	0	0	0	0	0	0
OG0005259	0	0	0	1	0	0	2	0	0	0	0	0	0	0	0	1	0
OG0005260	0	1	0	0	0	0	0	0	-1	0	0	0	0	0	0	-1	0
OG0005261	1	-1	1	0	0	0	0	0	0	0	0	0	0	0	1	0	0
OG0005262	0	0	0	-1	0	0	0	0	0	0	0	0	0	0	1	0	0
OG0005263	2	0	0	0	0	0	0	0	0	0	-1	0	0	0	0	1	0
OG0005264	0	1	0	-1	0	0	0	0	0	0	0	0	0	0	0	-1	0
OG0005265	0	1	0	-1	0	-1	0	0	0	0	0	0	0	0	0	0	-1
OG0005266	-1	1	0	0	0	0	0	0	-1	0	1	0	0	-1	-1	0	0
OG0005267	1	1	0	0	1	0	0	0	0	0	0	0	0	0	0	0	1
OG0005268	1	0	0	0	0	0	0	0	0	0	0	0	0	0	0	1	0
OG0005269	0	1	0	0	0	0	0	0	0	0	0	0	0	0	1	0	0
OG0005270	0	1	0	0	0	0	0	0	0	0	1	0	0	0	0	-1	0
OG0005271	0	0	0	0	0	0	0	0	0	0	0	0	0	0	0	1	0
OG0005272	0	0	0	0	0	0	0	0	0	0	0	0	0	0	0	-1	0
OG0005273	1	1	0	0	0	1	0	0	1	0	0	0	0	0	0	0	0
OG0005274	0	0	-1	0	0	0	0	-1	0	0	0	0	0	0	0	0	0
OG0005275	0	-1	5	1	0	0	1	0	0	0	0	1	0	0	0	0	0
OG0005276	0	1	0	-1	0	-1	0	-1	0	0	1	0	0	0	0	0	0
OG0005277	0	0	-1	0	1	-1	0	0	-1	0	1	0	0	0	0	0	0
OG0005278	0	1	0	0	0	0	0	0	0	0	0	0	0	0	0	1	0
OG0005279	0	2	-1	-1	0	-1	0	0	-2	0	1	0	0	0	0	0	0
OG0005280	0	1	0	-1	0	-2	0	0	0	0	0	0	0	0	0	0	0
OG0005281	0	0	1	0	0	0	0	1	0	0	0	0	0	0	0	0	1
OG0005282	0	1	0	0	0	0	0	0	0	0	0	0	0	0	1	0	0
OG0005283	0	0	0	0	0	-2	1	0	0	0	1	0	0	0	0	0	0
OG0005284	0	0	-1	0	-1	1	0	0	0	0	0	0	0	0	0	-1	0
OG0005285	0	0	0	0	0	0	0	0	0	0	0	0	0	0	1	0	0
OG0005286	0	0	0	-1	0	0	0	0	0	0	0	0	0	0	0	0	-1
OG0005287	1	0	0	0	0	-1	0	0	0	0	0	0	0	1	0	0	0
OG0005288	0	3	0	0	0	0	0	0	0	0	0	0	0	0	0	1	0
OG0005289	1	7	0	0	0	0	0	0	0	0	0	0	0	0	0	0	0
OG0005291	0	1	0	0	0	0	0	0	0	0	0	0	0	0	0	-1	0
OG0005292	1	0	0	0	0	1	0	0	0	0	0	0	0	0	0	0	1
OG0005293	0	1	0	0	0	1	0	0	0	0	0	0	0	0	0	0	1
OG0005294	0	0	-1	-1	2	0	0	0	0	0	1	0	0	0	0	-1	0
OG0005295	0	0	0	0	0	0	-1	0	1	0	1	0	0	0	0	-1	0
OG0005296	0	0	0	-1	0	0	0	0	0	0	0	0	0	0	1	0	0
OG0005297	2	0	0	0	0	0	0	0	0	0	0	0	0	0	0	1	0
OG0005298	0	0	0	-1	0	-1	-1	0	0	0	1	0	0	0	0	0	0
OG0005299	0	0	1	-1	0	0	0	0	0	0	0	0	0	1	0	0	0
OG0005300	0	8	0	0	0	0	1	0	0	0	0	0	0	0	0	0	0
OG0005301	1	0	0	0	0	0	0	0	0	0	0	0	0	0	0	1	0
OG0005302	0	0	0	-1	0	0	0	0	-1	0	1	0	0	0	0	0	0
OG0005303	0	1	0	0	0	0	0	0	0	0	0	0	0	0	0	-1	0
OG0005304	0	1	0	0	0	0	-1	0	0	0	0	0	0	0	0	-1	0
OG0005305	0	1	0	0	0	0	0	0	0	0	0	1	0	0	0	0	1
OG0005306	0	1	0	0	0	0	0	0	0	0	0	0	0	0	0	-1	0
OG0005307	0	0	0	0	0	0	-1	0	1	0	1	0	0	0	0	-1	0
OG0005308	0	0	0	-1	0	-1	0	0	0	0	0	0	0	0	0	0	0
OG0005309	1	0	0	0	0	-1	0	0	0	0	0	0	0	1	0	0	0
OG0005310	0	1	0	0	0	-1	0	-1	0	0	0	0	0	0	0	0	0
OG0005311	1	2	0	0	0	1	0	0	0	0	0	1	0	0	0	0	0
OG0005312	1	1	0	0	0	0	0	0	0	0	0	0	0	0	0	1	0
OG0005313	1	0	0	0	3	0	0	0	0	0	0	0	0	0	0	0	1
OG0005314	0	2	0	0	0	1	0	0	1	0	0	0	0	0	0	0	0
OG0005315	0	0	0	0	0	-1	0	0	0	0	1	0	0	0	0	0	0
OG0005316	0	1	0	-1	0	0	0	0	0	0	0	0	0	0	0	0	-1
OG0005317	0	0	-1	0	0	-1	0	0	0	0	1	0	0	0	0	0	0
OG0005318	0	1	0	0	0	0	0	0	0	0	1	0	0	0	0	-1	0
OG0005319	0	0	0	-1	0	0	0	0	-1	0	1	1	0	0	0	-1	0
OG0005320	0	1	0	-1	1	0	0	0	0	0	0	0	0	0	0	0	1
OG0005321	0	0	0	0	0	-2	0	0	0	0	1	0	0	0	0	0	0
OG0005322	0	0	-1	0	-1	-1	0	0	0	0	0	0	0	0	0	0	0
OG0005323	1	0	0	0	0	0	0	0	0	0	0	0	0	0	0	1	0
OG0005324	0	0	0	-1	0	-2	0	0	0	0	0	0	0	0	0	0	0
OG0005325	0	-1	0	0	0	-1	0	0	0	0	1	0	0	0	0	0	0
OG0005326	0	0	0	0	0	-1	-1	0	0	0	0	-1	0	0	0	0	0
OG0005327	0	1	0	-1	0	0	0	0	0	0	1	0	0	0	0	0	-1
OG0005328	0	0	0	0	0	0	-1	0	0	0	0	-1	0	0	0	0	0
OG0005329	1	0	0	-1	0	0	0	0	0	0	0	0	0	0	1	0	0
OG0005330	1	0	0	0	0	0	0	-1	0	0	0	0	0	0	1	0	0
OG0005331	1	7	0	0	0	0	0	0	0	0	0	0	0	0	0	0	0
OG0005332	1	3	0	0	0	0	0	0	0	0	0	0	0	0	0	0	1
OG0005333	1	0	0	0	0	0	-1	0	0	0	0	0	0	0	0	0	2
OG0005334	0	0	0	0	0	0	0	-2	0	0	0	0	0	0	0	0	0
OG0005335	0	1	0	0	0	-1	0	0	0	0	1	0	0	0	0	0	0
OG0005336	0	-1	0	0	0	0	0	1	-1	0	1	0	0	0	0	-1	0
OG0005337	0	1	0	0	1	1	0	1	0	0	0	0	0	0	0	0	0
OG0005338	0	0	0	-1	-1	0	0	0	0	0	0	0	0	0	0	0	-1
OG0005339	0	-1	0	0	0	0	0	0	0	0	1	0	0	0	0	0	-1
OG0005340	0	0	-1	0	0	0	0	-1	0	0	1	0	0	0	0	0	0
OG0005341	0	0	-1	-1	-1	0	-1	0	0	0	0	0	0	0	0	0	0
OG0005342	0	9	-1	0	0	0	0	0	-1	0	0	1	0	0	0	0	0
OG0005343	0	0	0	0	0	0	0	-1	0	0	1	-1	0	0	0	0	0
OG0005344	0	1	0	0	0	0	0	0	0	0	1	0	0	0	0	-1	0
OG0005345	0	1	0	0	0	0	0	0	0	0	1	0	0	0	0	-1	0
OG0005346	0	1	0	0	0	0	0	0	0	0	1	0	0	0	0	-1	0
OG0005347	0	0	0	-1	0	0	0	0	1	0	0	0	0	0	0	1	0
OG0005348	0	1	0	0	0	0	0	0	-1	0	0	0	0	0	1	0	0
OG0005349	0	0	0	0	0	3	0	0	-1	0	0	0	0	0	0	0	0
OG0005350	0	0	0	-2	0	0	0	0	-1	0	1	0	0	0	0	0	0
OG0005351	0	0	0	0	-1	0	-1	0	0	0	1	-1	0	0	0	0	0
OG0005352	0	0	0	0	0	3	0	0	0	0	0	0	0	0	0	0	0
OG0005353	2	0	0	0	0	0	0	0	0	0	0	0	0	0	0	1	0
OG0005354	0	0	0	0	0	0	0	0	0	0	0	0	0	0	0	-1	0
OG0005355	1	0	-1	1	0	0	0	0	0	0	0	0	0	-1	0	0	1
OG0005356	0	-1	1	-1	1	-1	0	0	0	0	1	0	0	0	0	0	0
OG0005357	0	-1	0	-1	0	0	0	0	0	0	1	0	0	0	0	0	0
OG0005358	0	0	-1	0	-1	0	0	0	-1	0	0	0	0	0	0	0	0
OG0005359	0	0	0	0	-1	-1	0	0	0	0	1	0	0	0	0	0	0
OG0005360	0	9	0	0	0	0	0	0	0	0	0	0	0	0	0	0	0
OG0005361	0	0	0	1	0	0	0	0	0	0	1	0	0	0	0	-1	0
OG0005362	0	6	0	0	0	0	0	0	0	0	0	1	0	0	0	0	0
OG0005363	2	1	0	0	0	0	0	0	0	0	0	0	0	0	0	1	0
OG0005364	0	-1	1	0	0	0	0	0	0	0	1	0	0	0	0	-1	0
OG0005365	0	1	0	1	0	-1	0	0	-1	0	1	0	0	0	0	0	-1
OG0005366	0	0	0	0	0	0	0	0	0	0	1	-1	0	0	0	0	0
OG0005367	1	7	0	0	0	0	0	0	0	0	0	0	0	0	0	0	0
OG0005368	0	1	-1	-1	0	0	0	0	0	0	1	0	0	0	0	-1	0
OG0005369	0	1	0	0	0	0	0	0	0	0	1	0	0	0	0	-1	0
OG0005370	0	0	0	0	0	0	0	0	0	0	0	0	0	1	0	0	0
OG0005371	0	0	-1	0	-1	-1	0	0	0	0	0	0	0	0	0	0	0
OG0005372	0	-1	0	0	0	0	0	0	-2	0	1	0	0	0	0	0	0
OG0005373	0	5	0	0	1	0	0	0	0	0	0	1	0	0	0	0	0
OG0005374	0	0	0	0	0	1	0	0	0	0	0	0	0	0	0	0	1
OG0005375	0	3	0	1	0	0	0	0	1	0	0	0	0	0	0	0	0
OG0005376	0	0	1	0	-1	0	0	1	-1	0	1	0	0	0	0	-1	0
OG0005377	0	-1	0	-1	0	-1	0	0	0	0	1	0	0	0	0	0	0
OG0005378	0	0	1	0	0	0	0	0	0	0	0	0	0	0	0	1	0
OG0005379	0	1	0	0	0	0	0	0	0	0	1	0	0	0	0	-1	0
OG0005380	0	1	0	0	0	0	0	0	0	0	0	0	0	0	1	0	0
OG0005381	0	0	0	0	0	0	-1	0	0	0	0	0	0	1	0	0	0
OG0005382	0	0	0	-1	0	0	1	-1	0	0	0	0	0	1	0	0	0
OG0005383	0	0	-1	-1	2	-1	0	-1	0	0	1	0	0	0	0	0	0
OG0005384	0	2	0	0	-1	0	0	0	0	0	1	0	0	0	0	-1	0
OG0005385	0	0	0	1	0	0	1	0	0	0	0	0	0	0	0	1	0
OG0005386	1	-1	0	-1	0	-1	-1	0	1	0	0	0	0	0	0	0	2
OG0005387	0	0	0	-1	3	0	-1	1	0	0	0	-1	0	0	0	0	1
OG0005464	2	4	0	0	0	0	0	0	0	0	0	2	-1	-2	0	0	0
OG0005466	0	-1	1	-1	-1	1	2	-2	0	0	0	0	0	0	1	0	0
OG0005467	2	0	1	0	0	1	0	0	0	0	0	0	0	0	0	0	0
OG0005468	4	0	0	-2	0	0	0	0	0	0	0	0	0	0	-1	0	0
OG0005469	0	0	0	0	-1	-2	0	0	0	0	0	0	0	0	0	0	0
OG0005471	4	0	0	0	-1	0	0	1	0	0	-1	0	0	0	0	0	0
OG0005472	0	1	0	0	0	0	0	1	0	0	1	0	0	0	-1	0	0
OG0005473	0	1	0	0	-1	-1	0	-1	0	0	1	0	0	0	0	0	0
OG0005474	2	0	0	0	0	0	0	0	0	0	-1	0	0	0	0	0	1
OG0005475	0	-1	2	-1	4	0	-1	0	0	0	0	0	0	0	0	0	1
OG0005476	0	-1	0	0	0	3	0	0	-1	0	0	0	0	0	0	0	0
OG0005477	0	0	0	0	1	0	0	0	1	0	1	0	0	0	-1	0	0
OG0005478	0	0	0	0	0	-1	0	0	-2	0	1	0	0	0	0	0	0
OG0005479	1	1	0	-2	0	-2	0	0	0	0	0	0	0	0	0	0	0
OG0005480	0	0	0	0	0	0	0	-1	0	0	0	0	0	0	1	0	0
OG0005481	3	0	0	-1	-1	2	1	0	-1	0	-1	-1	0	0	0	0	0
OG0005482	0	1	0	0	0	0	0	0	0	0	1	0	0	0	0	-1	0
OG0005483	0	0	0	0	0	0	0	0	0	0	0	0	0	0	0	-1	0
OG0005484	0	0	-1	-1	0	-1	0	0	-1	0	1	0	0	0	0	0	0
OG0005485	1	0	0	0	0	0	-1	0	0	0	0	0	0	1	0	0	0
OG0005486	1	0	0	0	0	0	0	0	0	0	0	0	0	0	0	1	0
OG0005487	0	0	0	0	0	0	0	0	0	0	0	0	0	0	0	-1	0
OG0005488	0	0	0	0	-1	0	0	0	0	0	1	-1	0	0	0	0	0
OG0005489	0	-1	1	0	0	-2	0	0	0	0	1	0	0	0	0	0	0
OG0005490	0	1	0	0	0	1	0	1	-1	0	0	0	0	0	0	0	0
OG0005491	1	2	-1	0	0	0	0	0	0	0	0	0	0	0	-1	0	0
OG0005492	0	-1	2	6	-1	-1	1	0	0	0	1	0	0	-1	0	0	0
OG0005493	1	1	0	0	0	0	0	0	0	0	0	1	-1	0	0	0	0
OG0005494	0	0	1	0	0	0	0	0	0	0	0	0	0	0	0	1	0
OG0005495	7	0	0	0	0	0	-1	0	0	0	-1	0	0	0	0	0	0
OG0005496	3	1	0	0	0	0	0	0	0	0	0	0	-1	0	0	0	0
OG0005497	1	1	-1	0	0	0	0	0	1	0	0	0	0	-1	0	0	0
OG0005498	0	1	0	0	-1	0	-1	0	0	0	0	0	0	0	0	-1	0
OG0005499	0	0	0	0	0	0	0	-1	0	0	1	0	0	0	0	0	0
OG0005500	0	0	0	0	0	0	0	0	0	0	0	0	0	1	0	0	-1
OG0005501	0	0	0	0	0	-2	0	0	0	0	1	0	0	0	0	0	0
OG0005502	0	-1	0	0	0	-2	0	0	0	0	0	0	0	0	0	0	0
OG0005503	3	0	0	0	0	1	0	0	1	0	-1	0	0	0	0	0	0
OG0005504	0	3	0	0	0	0	0	0	0	0	1	0	0	0	-1	0	0
OG0005505	0	-1	0	-1	0	1	-1	0	-1	0	0	0	0	1	0	0	0
OG0005506	0	1	0	-1	0	0	0	0	0	0	1	0	0	0	0	-1	0
OG0005507	0	-1	5	1	0	0	0	0	0	0	0	1	0	0	0	0	0
OG0005508	5	0	-1	0	0	-1	0	0	0	0	-1	0	0	-1	0	0	0
OG0005509	2	0	0	0	0	0	0	0	0	0	0	0	0	0	-1	0	0
OG0005510	0	0	-1	-1	0	-1	0	-1	0	0	1	0	0	0	0	0	0
OG0005511	0	0	0	0	0	-2	0	0	-1	0	0	0	0	0	0	0	0
OG0005512	6	0	0	1	0	0	-1	0	0	0	-1	0	0	0	0	0	0
OG0005513	0	0	0	0	1	0	-1	0	0	0	0	1	0	0	0	0	1
OG0005514	2	0	1	0	0	0	0	0	0	0	0	0	0	0	0	1	0
OG0005515	0	0	-1	-1	0	0	0	-1	0	0	1	0	0	0	0	0	0
OG0005516	0	-1	0	0	0	1	0	0	0	0	0	0	0	0	0	0	1
OG0005517	1	0	0	0	1	0	0	0	0	0	0	0	0	0	0	0	1
OG0005518	0	0	0	-1	0	0	0	0	0	0	0	0	0	0	0	-1	0
OG0005519	0	0	1	0	0	-1	0	0	0	0	0	0	0	-1	-1	0	0
OG0005520	0	0	0	0	0	0	0	0	0	0	0	0	0	0	0	1	0
OG0005521	0	-1	0	1	-1	0	0	0	0	0	0	0	0	0	0	-1	0
OG0005522	0	7	0	0	0	0	0	0	0	0	0	0	0	0	0	0	0
OG0005523	0	0	1	-1	0	0	0	1	0	0	0	0	0	0	0	0	1
OG0005524	0	0	0	-1	-1	0	0	0	-2	0	0	0	0	0	0	0	0
OG0005525	0	1	0	-1	0	-1	0	0	0	0	0	0	0	1	0	0	0
OG0005526	6	0	1	-1	0	0	0	0	0	0	-1	0	0	0	0	0	0
OG0005527	0	2	0	0	-1	0	0	-1	0	0	1	0	0	0	0	0	-1
OG0005528	0	0	0	0	0	0	0	0	0	0	0	0	0	0	0	-1	0
OG0005529	0	-1	0	-1	-1	0	-1	0	0	0	0	0	0	0	0	0	0
OG0005530	0	0	0	0	0	0	0	0	0	0	0	0	0	0	0	-1	0
OG0005531	2	0	0	0	0	0	0	0	0	0	0	0	0	0	0	0	1
OG0005532	0	0	0	1	0	0	0	0	-1	0	1	0	0	0	0	-1	0
OG0005533	1	0	0	0	0	0	0	-1	0	0	0	0	0	0	1	0	0
OG0005534	0	0	0	0	0	0	2	0	0	0	0	0	0	0	0	1	0
OG0005535	1	0	-1	-1	0	0	0	0	0	0	0	0	0	0	0	-1	0
OG0005536	1	0	1	0	0	0	0	0	0	0	0	0	0	0	0	0	1
OG0005537	1	0	0	0	0	0	0	-1	0	0	0	0	0	0	1	0	0
OG0005538	0	-1	2	1	1	0	0	0	-1	0	1	1	0	0	-1	0	0
OG0005539	0	1	0	-1	0	0	0	0	0	0	0	0	0	0	0	-1	0
OG0005540	1	1	0	-1	1	0	0	0	0	0	0	0	0	0	-1	0	0
OG0005541	0	0	0	0	1	0	-1	0	0	0	0	1	0	0	0	0	1
OG0005542	0	-1	1	-1	0	0	-1	-1	0	0	0	0	0	0	0	0	0
OG0005543	2	0	3	0	0	0	0	0	0	0	0	0	0	0	0	0	1
OG0005544	0	0	0	0	0	0	0	0	3	0	0	0	0	0	0	0	0
OG0005545	0	5	0	0	0	0	0	0	0	0	0	1	0	0	0	0	0
OG0005546	0	0	0	-1	0	0	0	0	0	0	0	0	0	0	0	1	0
OG0005547	0	7	0	0	0	0	0	0	0	0	0	0	0	0	0	0	0
OG0005548	0	0	2	0	0	0	-1	0	0	0	0	0	0	0	0	0	1
OG0005549	0	1	0	0	0	-1	0	0	0	0	0	0	0	0	0	0	-1
OG0005550	0	0	0	1	0	0	0	0	-1	0	0	0	0	0	0	-1	0
OG0005551	0	1	-1	4	0	0	0	0	0	0	1	0	0	-1	0	0	0
OG0005552	0	0	-1	0	0	0	0	0	0	0	0	0	0	0	0	-1	0
OG0005553	0	0	0	0	0	0	0	0	0	0	0	0	0	0	0	1	0
OG0005554	0	0	0	0	0	0	1	0	0	0	0	0	0	1	0	0	-1
OG0005555	0	0	0	-1	3	0	1	0	0	0	0	1	0	0	0	0	0
OG0005556	0	-1	1	-1	0	0	0	0	-1	0	1	0	0	0	0	-1	0
OG0005557	0	0	0	0	0	0	0	0	-1	0	0	0	0	0	0	-1	0
OG0005558	0	1	0	0	0	0	0	0	0	0	0	0	0	0	0	1	0
OG0005559	0	0	0	-1	0	0	0	0	0	0	1	0	0	0	0	0	-1
OG0005560	1	0	0	0	1	1	0	0	0	0	0	0	0	0	0	0	0
OG0005561	0	2	0	0	0	0	0	-1	0	0	0	0	0	0	0	1	0
OG0005563	0	0	0	0	-1	0	0	-1	0	0	1	0	0	0	0	0	0
OG0005564	0	3	0	0	0	0	0	0	0	0	0	2	0	0	0	0	0
OG0005565	1	0	1	0	0	0	0	0	0	0	0	0	0	0	0	1	0
OG0005566	1	0	0	0	0	2	0	0	0	0	0	0	0	0	0	0	0
OG0005567	1	2	0	0	0	0	0	0	0	0	0	0	0	0	-1	0	0
OG0005568	1	0	0	0	0	0	0	0	0	0	0	0	0	0	-1	0	0
OG0005569	2	0	0	0	0	0	0	0	0	0	0	0	0	0	0	1	0
OG0005570	0	0	-1	-1	0	-1	0	0	0	0	0	0	0	0	0	0	0
OG0005571	1	-1	0	0	1	1	0	1	0	0	0	0	0	0	0	0	0
OG0005572	0	0	0	0	0	-1	0	0	0	0	0	0	0	1	0	0	0
OG0005573	0	0	0	0	0	-1	0	0	0	0	0	0	0	1	0	0	0
OG0005574	4	0	3	0	0	0	0	0	0	0	-1	0	0	0	0	0	0
OG0005575	0	-1	0	0	0	-1	0	-1	0	0	1	0	0	0	0	0	0
OG0005576	1	0	0	0	0	-1	0	0	0	0	0	0	0	1	0	0	0
OG0005577	0	0	0	0	0	0	0	0	0	0	0	0	0	0	0	0	1
OG0005578	0	0	0	0	0	-2	0	0	-2	0	0	0	0	0	0	0	0
OG0005579	2	0	0	0	0	0	0	0	0	0	0	0	0	0	-1	0	0
OG0005580	2	0	0	0	0	0	0	0	0	0	0	0	0	0	-1	0	0
OG0005581	0	0	0	-1	0	-1	0	0	-1	0	1	0	0	0	0	0	0
OG0005582	1	1	0	0	0	0	-1	-1	0	0	0	0	0	0	0	-1	0
OG0005583	1	0	0	0	0	-1	0	0	0	0	0	0	0	1	0	0	0
OG0005584	0	0	0	0	0	1	0	0	0	0	0	0	0	0	0	0	1
OG0005585	0	-1	1	0	1	0	0	0	0	0	0	0	0	0	-1	0	0
OG0005586	0	0	0	-1	0	0	0	0	0	0	0	0	0	0	0	-1	0
OG0005587	0	0	-1	0	0	-1	0	0	0	0	1	0	0	0	0	0	0
OG0005588	0	-1	0	-1	0	0	0	0	0	0	0	0	0	0	1	0	0
OG0005589	0	2	0	0	0	0	0	-1	0	0	0	0	0	0	1	0	0
OG0005590	1	0	0	-1	-1	1	-1	0	0	0	0	-1	0	0	1	0	0
OG0005591	0	0	0	0	0	0	0	0	0	0	0	0	0	0	1	0	0
OG0005592	0	3	0	0	0	0	0	0	0	0	1	0	0	0	-1	0	0
OG0005593	1	0	0	1	0	0	0	0	0	0	0	0	0	0	-1	0	0
OG0005594	1	0	0	0	0	0	0	0	0	0	0	0	0	0	0	0	1
OG0005595	2	0	0	0	0	-2	-1	0	0	0	0	0	0	0	0	0	0
OG0005596	0	0	0	0	0	-1	0	0	0	0	1	-1	0	0	0	0	0
OG0005597	1	0	1	0	0	0	0	0	2	0	0	0	0	0	0	0	0
OG0005598	0	0	0	0	0	-1	0	0	0	0	1	-1	0	0	0	0	0
OG0005599	2	3	0	0	0	0	0	0	1	0	0	0	0	0	0	0	0
OG0005600	0	1	0	-1	0	0	0	0	0	0	0	0	0	0	0	-1	0
OG0005601	2	1	0	-1	2	0	-1	0	0	0	0	0	0	0	0	0	1
OG0005602	2	0	0	0	0	0	1	0	-1	0	0	0	0	-1	0	0	0
OG0005603	0	1	0	0	0	0	0	0	0	0	0	0	0	0	0	1	0
OG0005604	0	7	0	0	0	0	0	0	0	0	0	0	0	0	0	0	0
OG0005605	0	0	1	1	0	1	0	1	0	0	0	0	0	0	0	0	0
OG0005606	1	2	0	0	0	0	0	0	-1	0	0	0	0	0	-1	0	0
OG0005607	0	0	0	0	0	-2	0	0	0	0	1	0	0	0	0	0	0
OG0005608	0	-1	0	-1	1	-1	0	-1	0	0	1	0	0	0	0	0	0
OG0005609	0	0	-1	1	0	0	0	0	-1	0	0	0	0	0	0	-1	0
OG0005610	0	0	0	-1	0	-1	0	-1	0	0	1	0	0	0	0	0	0
OG0005611	0	0	0	0	0	0	1	0	0	0	0	0	0	0	0	1	0
OG0005612	0	4	0	0	0	0	0	0	1	0	0	0	0	0	0	0	0
OG0005613	4	2	0	0	0	0	0	0	0	0	-1	0	0	0	0	0	0
OG0005614	2	1	0	0	0	1	-1	1	0	0	0	0	0	0	0	0	0
OG0005615	0	0	0	0	0	0	0	0	-1	0	1	0	0	-1	-1	0	0
OG0005616	0	0	0	0	0	0	0	0	0	0	0	0	0	0	-1	0	0
OG0005617	0	0	0	0	0	0	0	0	0	0	0	0	0	0	0	1	0
OG0005618	2	0	1	-1	0	1	0	0	1	0	0	0	0	0	0	0	0
OG0005619	0	0	1	1	0	0	0	0	0	0	1	0	0	0	-1	0	0
OG0005620	0	1	0	0	0	0	0	0	3	0	0	0	0	0	0	0	0
OG0005621	0	1	0	0	0	0	0	0	0	0	1	0	0	0	0	-1	0
OG0005622	0	0	0	0	0	1	0	0	0	0	0	0	0	0	0	0	1
OG0005623	0	1	0	-1	0	0	0	0	0	0	1	0	0	0	0	-1	0
OG0005624	0	0	-1	-1	0	-1	1	0	0	0	1	0	0	0	0	0	0
OG0005625	0	0	0	-1	0	0	0	0	0	0	0	0	0	0	1	0	0
OG0005626	0	1	0	-1	0	0	0	0	0	0	0	0	0	0	0	1	0
OG0005627	0	0	1	0	0	0	0	0	0	0	0	0	0	0	0	1	0
OG0005628	0	5	-1	1	0	0	0	0	0	0	0	1	0	0	0	0	0
OG0005629	0	0	0	0	0	0	0	-1	0	0	0	0	0	1	0	0	0
OG0005630	0	0	1	0	0	0	0	0	0	0	0	0	0	0	0	0	1
OG0005631	0	0	0	1	-1	0	0	0	0	0	1	0	0	0	0	-1	0
OG0005632	0	0	1	-1	0	0	0	0	0	0	0	0	0	0	1	0	0
OG0005633	0	-1	1	0	0	0	0	0	0	0	1	0	0	0	0	-1	0
OG0005634	2	4	0	0	0	0	0	0	0	0	0	0	0	0	0	0	0
OG0005635	0	0	0	-1	1	0	0	0	0	0	0	0	0	0	0	0	1
OG0005636	1	3	-1	0	2	0	0	0	0	0	0	1	0	0	0	0	0
OG0005637	0	0	-1	0	0	0	0	0	0	0	0	0	0	0	0	0	-1
OG0005638	0	1	-1	0	-1	0	0	0	0	0	0	0	0	-1	0	0	1
OG0005639	0	1	0	0	0	0	0	0	-1	0	0	0	0	0	1	0	0
OG0005640	2	0	0	0	0	0	0	0	0	0	0	0	0	0	0	1	0
OG0005641	0	0	0	0	0	0	0	0	0	0	0	0	0	0	1	0	0
OG0005642	1	1	0	0	0	0	0	0	0	0	0	0	0	0	0	1	0
OG0005643	0	0	0	1	0	1	0	0	1	0	0	0	0	0	0	0	0
OG0005644	0	0	0	0	0	0	0	0	-1	0	0	0	0	1	0	0	0
OG0005645	0	0	0	-1	0	-1	0	-1	0	0	1	0	0	0	0	0	0
OG0005646	0	0	0	0	0	0	0	0	0	0	0	1	0	0	0	0	1
OG0005647	0	5	0	0	0	0	0	0	-1	0	0	1	0	0	0	0	0
OG0005648	1	0	0	-1	0	-2	0	0	0	0	0	0	0	0	0	0	0
OG0005649	0	0	1	0	0	0	0	0	0	0	0	0	0	0	0	1	0
OG0005650	0	-1	0	-1	0	0	-2	0	0	0	1	0	0	0	0	0	0
OG0005651	0	0	0	0	0	0	0	0	0	0	0	0	0	0	1	0	0
OG0005652	0	1	0	-1	0	0	0	0	0	0	0	0	0	0	0	-1	0
OG0005653	0	0	-1	-1	0	0	0	0	-1	0	1	0	0	0	0	0	0
OG0005654	0	0	0	0	0	0	0	0	0	0	1	0	0	0	0	-1	0
OG0005655	0	0	0	0	0	0	-1	1	0	0	1	-1	0	0	0	-1	0
OG0005656	0	0	0	0	0	-1	0	0	0	0	0	0	0	1	0	0	0
OG0005657	0	0	0	0	0	0	-1	0	0	0	0	0	0	1	0	0	0
OG0005658	0	0	0	0	0	-1	0	0	0	0	1	-1	0	0	0	0	0
OG0005659	0	0	-1	1	0	0	0	0	0	0	1	0	0	0	0	0	-1
OG0005660	0	0	0	0	-1	0	0	0	0	0	1	-1	0	0	0	0	0
OG0005661	0	1	0	0	0	2	0	0	0	0	0	0	0	0	0	0	0
OG0005662	0	0	0	-1	0	0	0	0	0	0	0	0	0	0	0	-1	0
OG0005663	0	0	0	1	0	-1	0	0	0	0	1	0	0	0	0	0	-1
OG0005664	0	0	0	0	0	0	0	0	1	0	1	0	0	0	-1	0	0
OG0005665	0	9	0	0	0	0	0	-1	0	0	0	0	0	0	0	0	0
OG0005666	0	0	0	0	-1	0	-1	-1	0	0	1	0	0	0	0	0	0
OG0005667	0	1	-1	0	0	-1	1	0	0	0	1	0	0	0	0	0	-1
OG0005668	0	0	0	0	-1	0	-1	0	0	0	1	-1	0	0	0	0	0
OG0005669	0	0	-1	-1	0	-1	0	0	0	0	0	0	0	0	0	0	0
OG0005670	0	6	0	0	0	1	0	0	-1	0	0	0	0	0	0	0	0
OG0005671	0	0	0	0	1	1	0	0	1	0	0	0	0	0	0	0	0
OG0005672	0	0	0	2	0	1	0	1	0	0	0	0	0	0	0	0	0
OG0005673	0	0	1	0	0	0	0	0	0	0	0	0	0	0	1	0	0
OG0005674	0	0	0	0	0	0	0	0	0	0	1	0	0	0	0	-1	0
OG0005675	0	0	0	6	0	0	0	0	0	0	0	0	0	0	0	0	0
OG0005676	0	0	0	0	0	0	0	-1	0	0	0	0	0	0	1	0	0
OG0005677	0	0	0	0	0	0	0	0	0	0	1	0	0	0	0	-1	0
OG0005678	0	0	0	-1	0	0	0	0	0	0	0	0	0	0	1	0	0
OG0005679	0	-1	0	0	0	0	-2	0	0	0	1	0	0	0	0	0	0
OG0005680	0	0	0	0	0	0	0	-1	0	0	0	0	0	1	0	0	0
OG0005681	0	0	0	-1	-1	0	0	0	-2	0	1	0	0	0	0	0	0
OG0005682	0	-1	0	0	0	-1	-1	0	0	0	1	0	0	0	0	0	0
OG0005683	0	0	0	0	0	0	0	0	0	0	1	-1	0	0	0	0	-1
OG0005684	0	0	0	-1	0	0	0	0	0	0	0	0	0	0	1	0	0
OG0005685	0	1	0	0	0	0	0	0	0	0	0	0	0	0	0	1	0
OG0005686	0	7	0	0	0	0	0	0	0	0	0	0	0	0	0	0	0
OG0005687	0	0	0	0	0	0	0	-1	3	0	1	0	0	-1	0	0	0
OG0005688	0	0	0	0	0	0	0	0	0	0	0	0	0	0	0	1	0
OG0005689	0	0	0	-1	0	0	0	0	0	0	1	0	0	0	0	-1	0
OG0005690	0	1	0	0	0	1	0	0	1	0	0	1	0	0	0	0	0
OG0005691	0	0	0	0	0	0	0	0	0	0	0	0	0	0	0	1	0
OG0005692	0	-1	0	-1	1	0	-2	1	-1	0	0	0	0	1	0	0	0
OG0005773	1	-1	1	-1	3	0	-1	0	1	0	0	0	0	0	0	0	0
OG0005774	0	1	0	0	0	0	0	0	0	0	1	0	0	0	-1	0	0
OG0005775	0	0	0	0	-1	-1	0	0	-1	0	0	0	0	0	0	0	0
OG0005776	0	1	0	0	0	0	0	0	0	0	0	0	0	0	0	0	1
OG0005777	0	0	1	0	1	1	0	1	0	0	0	0	0	0	0	0	0
OG0005778	2	1	0	0	0	0	0	-1	0	0	0	0	0	0	0	1	0
OG0005779	5	1	0	-1	0	0	0	0	0	0	-1	0	0	0	0	0	0
OG0005780	0	5	0	-1	0	0	-1	0	0	0	0	0	0	0	0	0	1
OG0005781	0	13	-1	0	0	0	0	0	0	0	0	2	-1	0	0	0	0
OG0005782	0	-1	1	-1	0	2	-1	0	1	0	0	0	0	0	0	0	0
OG0005783	0	0	0	-1	0	-2	0	-1	0	0	0	-1	0	1	0	1	0
OG0005784	0	0	0	0	0	0	0	0	0	0	0	0	0	0	0	1	0
OG0005785	0	-1	0	3	0	0	0	0	0	0	0	0	0	-1	0	0	0
OG0005786	0	5	0	-1	0	1	0	0	0	0	0	0	0	0	0	0	0
OG0005787	2	1	0	0	0	1	0	0	0	0	0	0	0	0	0	0	0
OG0005788	0	0	0	-1	1	0	0	0	0	0	0	1	0	0	0	0	1
OG0005789	0	0	0	0	0	0	0	0	0	0	0	0	0	0	0	1	0
OG0005790	0	-1	0	-1	5	0	-1	1	0	0	0	0	0	0	0	0	0
OG0005791	0	-1	0	-1	1	0	-1	0	-1	0	0	0	0	1	0	0	0
OG0005792	0	0	0	0	0	0	0	0	0	0	1	0	0	0	0	-1	0
OG0005793	4	0	1	0	0	0	0	0	0	0	-1	0	0	0	0	0	0
OG0005794	0	1	0	0	0	-1	0	0	-1	0	1	0	0	0	0	0	-1
OG0005795	0	0	0	-1	0	0	0	0	0	0	0	1	0	0	-1	0	0
OG0005796	0	3	0	0	0	0	0	0	0	0	1	0	0	0	-1	0	0
OG0005797	1	0	4	0	0	1	0	0	-1	0	0	0	0	0	0	0	0
OG0005798	1	1	0	0	0	0	0	0	-1	0	0	0	0	0	0	-1	0
OG0005799	0	0	0	0	0	0	0	0	-2	0	0	0	0	1	0	0	0
OG0005800	0	0	-1	0	0	0	0	0	0	0	1	0	0	0	0	-1	0
OG0005801	0	1	0	0	0	0	0	0	0	0	0	0	0	0	0	1	0
OG0005802	0	0	0	1	0	0	1	0	0	0	1	0	0	-1	0	0	0
OG0005803	1	3	0	0	1	0	0	0	-1	0	0	1	0	0	0	0	0
OG0005804	0	0	0	0	0	0	0	0	-1	0	0	0	0	0	1	0	0
OG0005805	1	1	0	0	0	1	0	0	0	0	0	1	0	0	0	0	0
OG0005806	0	0	0	0	0	0	0	0	0	0	0	0	0	0	0	1	0
OG0005807	0	-1	0	0	0	0	0	0	0	0	0	0	0	-1	0	0	1
OG0005808	2	0	1	0	0	0	0	0	0	0	0	1	0	0	0	0	0
OG0005809	1	3	0	0	0	0	0	1	0	0	0	0	0	0	0	0	0
OG0005810	5	0	0	0	0	0	0	0	0	0	-1	0	0	0	0	0	0
OG0005811	1	1	0	0	0	1	0	0	1	0	0	0	0	0	0	0	0
OG0005812	0	6	0	0	0	0	0	0	0	0	0	0	0	0	0	0	0
OG0005813	0	-1	2	2	-1	0	0	0	0	0	0	0	0	-1	0	0	0
OG0005814	2	1	0	0	0	0	0	0	0	0	0	0	-1	0	0	0	0
OG0005815	0	0	1	1	0	0	0	0	0	0	0	0	0	0	0	1	0
OG0005816	4	0	0	0	0	0	0	0	0	0	-1	0	0	0	0	0	0
OG0005817	1	0	0	0	0	-1	0	0	0	0	0	0	0	1	0	0	0
OG0005818	0	0	0	0	0	0	0	-1	0	0	0	0	0	1	0	0	0
OG0005819	0	0	0	-1	0	-1	0	0	0	0	0	0	0	0	0	0	-1
OG0005820	1	0	0	0	0	0	1	0	0	0	0	0	0	0	0	1	0
OG0005821	0	1	0	0	0	0	0	0	0	0	0	0	0	0	-1	0	0
OG0005822	0	0	0	0	0	0	0	0	0	0	0	0	0	0	0	1	0
OG0005823	0	0	0	0	-1	-1	0	-1	0	0	1	0	0	0	0	0	0
OG0005824	2	1	0	-1	0	1	0	0	0	0	0	1	0	0	0	0	0
OG0005825	0	0	0	0	0	-2	-1	0	0	0	1	0	0	0	0	0	0
OG0005826	0	5	0	0	0	0	0	0	0	0	0	0	0	0	0	0	0
OG0005827	0	2	0	0	0	0	0	0	0	0	1	0	0	0	-1	0	0
OG0005828	0	0	0	0	0	-2	0	0	0	0	1	0	0	0	0	0	0
OG0005829	0	-1	0	0	0	0	-1	0	0	0	0	0	0	0	0	-1	0
OG0005830	0	0	0	0	0	0	0	-1	0	0	0	0	0	0	1	0	0
OG0005831	0	1	0	1	0	0	0	0	0	0	0	0	0	-1	0	0	0
OG0005832	0	0	-1	-1	0	0	0	0	0	0	0	0	0	0	0	-1	0
OG0005833	3	0	0	2	0	0	0	0	0	0	-1	0	0	0	0	0	0
OG0005834	0	0	0	0	0	0	0	0	0	0	0	0	0	0	0	1	0
OG0005835	0	0	0	-1	0	-2	-1	0	0	0	0	0	0	0	0	0	0
OG0005836	0	0	0	0	1	-1	0	-2	0	0	1	0	0	0	0	0	0
OG0005837	1	0	0	0	1	-1	0	0	0	0	0	0	0	0	0	1	0
OG0005838	0	0	0	0	0	0	0	0	-1	0	0	0	0	0	1	0	0
OG0005839	0	1	0	0	0	0	0	0	0	0	0	0	0	0	0	0	1
OG0005840	2	0	2	0	0	1	0	0	0	0	0	0	0	0	0	0	0
OG0005841	4	1	0	0	0	0	0	0	0	0	-1	0	0	0	0	0	0
OG0005842	4	1	0	0	0	0	0	0	0	0	-1	0	0	0	0	0	0
OG0005843	0	1	0	1	0	0	0	0	0	0	0	0	0	-1	0	0	0
OG0005844	0	0	0	0	2	0	0	0	1	0	0	1	0	0	0	0	0
OG0005845	0	0	0	0	0	1	0	0	0	0	0	0	0	1	0	-1	0
OG0005846	1	4	0	0	0	1	0	0	-1	0	0	0	0	0	0	0	0
OG0005847	1	1	0	0	0	0	-1	0	0	0	0	0	0	0	0	0	1
OG0005848	2	2	0	0	0	0	0	0	0	0	0	0	-1	0	0	0	0
OG0005849	2	5	0	0	0	0	0	0	-1	0	0	0	0	0	0	0	0
OG0005850	1	1	0	0	0	0	0	0	0	0	0	0	0	-1	0	0	0
OG0005851	0	1	0	0	-1	0	0	0	0	0	1	0	0	0	0	-1	0
OG0005852	0	0	0	0	0	0	0	0	0	0	0	0	0	0	0	0	1
OG0005853	1	0	0	-1	1	1	0	0	1	0	0	0	0	0	0	0	0
OG0005854	2	0	1	0	0	1	0	0	-1	0	-1	0	0	0	0	0	0
OG0005855	2	1	0	-1	0	1	0	0	1	0	-1	0	0	0	0	0	0
OG0005856	0	-1	0	0	0	0	0	0	1	0	1	0	0	0	-1	0	0
OG0005857	0	0	0	0	0	0	0	0	0	0	0	0	0	0	0	0	1
OG0005858	0	0	-1	0	0	0	0	0	1	0	0	0	0	-1	0	0	0
OG0005859	3	1	0	0	0	0	1	0	0	0	-1	0	0	0	0	0	0
OG0005860	0	0	0	0	0	0	0	0	-1	0	1	0	0	0	0	-1	0
OG0005861	1	0	0	0	2	0	0	0	0	0	0	0	0	0	0	0	1
OG0005862	0	0	-1	-1	2	0	0	0	0	0	1	0	0	0	0	-1	0
OG0005863	0	1	0	0	0	0	0	0	0	0	0	0	0	0	-1	0	0
OG0005865	1	1	0	0	1	0	0	0	0	0	0	1	0	0	0	0	0
OG0005866	1	1	0	0	0	0	0	0	-1	0	0	0	0	0	0	1	0
OG0005867	0	6	0	0	0	0	0	0	0	0	0	0	0	0	0	0	0
OG0005868	0	0	-1	-1	0	-1	0	0	-1	0	1	0	0	0	0	0	0
OG0005869	0	1	0	0	0	0	0	0	-1	0	0	0	0	0	1	0	0
OG0005870	0	1	0	0	0	0	0	0	0	0	0	0	0	0	0	1	0
OG0005871	0	0	0	-2	0	0	0	0	0	0	0	0	0	0	0	-1	0
OG0005872	0	1	0	0	0	0	0	0	-1	0	1	0	0	0	0	-1	0
OG0005873	0	0	-1	-1	0	0	0	0	0	0	0	0	0	0	0	-1	0
OG0005874	0	1	0	-1	0	1	0	0	0	0	0	0	0	0	0	0	1
OG0005875	0	3	0	0	0	1	0	0	0	0	0	0	0	0	0	0	0
OG0005876	0	-1	0	0	-1	0	0	0	0	0	0	0	0	0	0	-1	0
OG0005877	0	2	0	0	0	1	0	0	0	0	0	0	0	0	0	0	0
OG0005878	2	1	0	0	0	0	0	0	0	0	0	0	-1	0	0	0	0
OG0005879	0	0	0	0	0	0	0	0	0	0	1	0	0	0	0	-1	0
OG0005880	0	0	-1	-1	0	0	0	0	0	0	1	0	0	0	0	0	-1
OG0005881	0	0	0	0	0	0	0	0	0	0	0	0	0	0	0	1	0
OG0005882	0	-1	0	0	0	0	0	0	0	0	0	0	0	0	0	-1	0
OG0005883	0	0	0	0	0	1	1	0	0	0	0	1	0	0	0	0	0
OG0005884	0	1	0	0	0	0	0	0	0	0	1	0	0	0	0	-1	0
OG0005885	0	-1	0	5	-1	1	-1	-1	0	0	0	0	0	-1	0	0	0
OG0005886	1	0	0	0	0	0	0	0	0	0	0	0	0	0	0	1	0
OG0005887	0	1	-1	0	-1	0	0	0	0	0	0	0	0	0	0	-1	0
OG0005888	0	0	0	-1	0	0	0	0	0	0	0	0	0	0	1	0	0
OG0005889	1	1	0	0	1	0	0	0	0	0	0	1	0	0	0	0	0
OG0005890	0	0	0	0	1	0	1	0	0	0	0	1	0	0	0	0	0
OG0005891	0	2	-1	-1	0	0	0	0	-1	0	0	0	0	0	0	-1	0
OG0005892	1	0	1	0	0	0	0	0	0	0	0	0	0	0	0	1	0
OG0005893	2	1	-1	1	0	0	-1	0	0	0	0	0	0	-1	0	0	0
OG0005894	0	3	0	0	0	0	0	0	0	0	1	0	0	-1	0	0	0
OG0005895	0	-1	0	0	0	0	0	0	0	0	0	0	0	0	0	-1	0
OG0005896	1	0	0	0	0	0	0	0	1	0	0	1	0	0	0	0	0
OG0005897	2	2	0	0	0	0	0	0	0	0	0	1	0	0	0	0	0
OG0005898	0	0	0	0	2	0	0	0	0	0	1	-1	0	0	0	-1	0
OG0005899	0	0	0	0	0	-1	0	0	-1	0	1	-1	0	0	0	0	0
OG0005900	0	0	-1	-1	0	0	0	0	0	0	0	0	0	0	0	-1	0
OG0005901	0	0	0	0	0	0	0	0	0	0	0	0	0	0	0	1	0
OG0005902	0	0	1	0	1	0	0	0	0	0	1	0	0	0	-1	0	0
OG0005903	2	0	0	-2	0	0	0	0	-1	0	0	0	0	0	0	-1	0
OG0005904	2	0	0	0	0	0	0	0	0	0	0	0	0	0	0	0	1
OG0005905	0	0	0	1	0	1	0	1	0	0	0	0	0	0	0	0	0
OG0005906	0	0	0	0	0	2	0	0	0	0	0	0	0	0	0	0	0
OG0005907	1	1	0	0	0	0	0	0	0	0	0	0	0	0	0	0	1
OG0005908	3	0	0	1	0	1	0	-1	0	0	-1	0	0	0	0	0	0
OG0005909	0	0	0	0	0	1	0	0	0	0	0	0	0	0	0	0	1
OG0005910	0	-1	0	1	0	0	1	-1	0	0	0	0	0	0	0	1	0
OG0005911	1	0	0	0	0	0	0	0	-2	0	0	1	0	0	0	1	0
OG0005912	1	0	1	0	-1	0	0	0	0	0	0	0	0	0	0	0	1
OG0005913	0	1	0	-2	0	-1	0	-1	0	0	1	0	0	0	0	0	0
OG0005914	0	0	-1	-1	0	-1	0	-1	0	0	0	0	0	0	0	0	0
OG0005915	1	0	0	0	0	1	0	0	1	0	0	0	0	0	0	0	0
OG0005916	0	1	0	0	0	0	0	0	0	0	0	0	0	0	0	1	0
OG0005917	0	0	0	0	0	-1	0	0	0	0	1	-1	0	0	0	0	0
OG0005918	0	1	0	-1	0	0	0	0	0	0	0	0	0	0	0	1	0
OG0005919	0	0	0	0	0	0	0	0	0	0	0	0	0	0	0	0	1
OG0005920	0	4	0	0	0	0	0	0	0	0	0	1	0	0	0	0	0
OG0005921	1	0	0	0	0	0	1	-1	0	0	0	0	0	0	0	1	0
OG0005922	0	0	0	0	0	0	0	-2	1	0	0	0	0	0	0	2	0
OG0005923	1	0	0	0	0	0	0	0	0	0	0	0	0	0	0	0	1
OG0005924	0	0	0	-1	0	0	0	0	0	0	0	0	0	0	0	-1	0
OG0005925	0	0	-1	0	0	0	0	0	0	0	0	0	0	0	0	-1	0
OG0005926	1	1	0	0	0	0	0	0	0	0	0	0	0	0	-1	0	0
OG0005927	1	0	-1	1	0	0	0	0	0	0	0	0	0	0	-1	0	0
OG0005928	0	1	0	0	0	0	0	-1	0	0	0	0	0	0	1	0	0
OG0005929	0	2	0	-1	0	0	0	0	0	0	0	2	0	0	0	0	0
OG0005930	0	0	0	-1	0	0	0	0	0	0	1	0	0	0	0	-1	0
OG0005931	0	0	1	0	0	0	0	0	0	0	0	0	0	0	-1	0	0
OG0005932	0	0	-1	-1	1	0	0	0	0	0	1	0	0	0	0	-1	0
OG0005933	0	1	0	0	1	1	0	0	0	0	0	0	0	0	0	0	0
OG0005934	1	0	0	0	0	1	0	0	0	0	0	1	0	0	0	0	0
OG0005935	2	3	-1	0	1	0	0	0	0	0	0	1	0	0	0	0	0
OG0005936	1	1	0	0	0	0	0	-1	0	0	0	0	0	0	0	1	0
OG0005937	0	4	0	0	0	0	0	1	0	0	0	0	0	0	0	0	0
OG0005938	0	-1	0	-1	0	-1	0	0	0	0	1	0	0	0	0	0	0
OG0005939	2	0	0	-1	0	1	-1	0	1	0	-1	0	0	0	0	0	0
OG0005940	1	3	0	0	0	0	0	0	0	0	0	1	0	0	0	0	0
OG0005941	0	0	0	0	0	0	0	0	0	0	0	0	0	0	0	1	0
OG0005942	0	0	-1	-1	0	0	0	0	0	0	0	0	0	0	0	-1	0
OG0005943	0	0	-1	-1	0	-1	0	-1	0	0	1	0	0	0	0	0	0
OG0005944	0	0	0	0	0	1	1	0	0	0	0	1	0	0	0	0	0
OG0005945	0	0	0	1	0	0	0	0	0	0	0	0	0	0	0	1	0
OG0005946	0	5	0	0	0	0	0	0	0	0	0	0	0	0	0	0	0
OG0005947	0	6	0	0	0	0	0	0	0	0	0	0	0	0	0	0	0
OG0005948	0	6	0	0	1	0	0	0	0	0	0	0	0	0	0	0	0
OG0005949	0	0	0	0	0	1	-1	0	0	0	0	0	0	0	0	0	1
OG0005950	0	0	0	0	0	0	0	-1	0	0	0	0	0	0	1	0	0
OG0005951	0	1	0	0	2	0	-1	0	0	0	0	0	0	0	0	0	1
OG0005952	0	0	0	0	2	-1	0	0	1	0	1	0	0	0	-1	0	0
OG0005953	0	0	0	0	0	0	0	-1	0	0	0	0	0	1	0	0	0
OG0005954	0	0	0	0	0	0	0	0	1	0	1	0	0	-1	0	0	0
OG0005955	1	1	0	0	0	0	0	0	0	0	0	0	0	0	-1	0	0
OG0005956	0	0	0	0	0	0	0	0	0	0	0	0	0	0	0	0	1
OG0005957	0	0	0	-1	1	0	-1	-1	0	0	0	0	0	1	0	0	0
OG0005958	0	-1	0	0	-1	0	0	-1	0	0	1	0	0	0	0	0	0
OG0005959	0	-1	0	-1	0	-1	0	0	-1	0	1	0	0	0	0	0	0
OG0005960	0	1	0	0	0	0	0	0	0	0	1	1	0	-1	0	0	0
OG0005961	0	0	0	0	0	0	0	0	0	0	0	0	0	0	0	0	1
OG0005962	0	1	0	0	1	0	0	0	0	0	0	0	0	0	0	0	1
OG0005963	1	1	0	0	1	0	0	0	0	0	0	0	0	0	0	0	1
OG0005964	0	0	0	-2	1	-1	0	-1	0	0	1	0	0	0	0	0	0
OG0005965	0	7	0	-1	0	0	0	0	0	0	0	0	0	0	0	0	0
OG0005966	0	0	0	0	0	-2	0	0	0	0	1	0	0	0	0	0	0
OG0005967	0	0	0	0	0	0	0	0	0	0	0	0	0	0	0	1	0
OG0005968	0	1	0	-1	0	-2	0	0	0	0	1	0	0	0	0	0	0
OG0005969	0	0	0	1	1	0	0	0	0	0	0	0	0	0	0	0	1
OG0005970	0	0	1	3	0	-1	-1	2	-1	0	0	0	0	0	0	0	0
OG0005971	0	0	0	2	0	0	0	0	-1	0	1	0	0	0	0	-1	0
OG0005972	0	1	0	0	0	0	0	0	0	0	0	0	0	0	0	1	0
OG0005973	0	0	1	3	0	0	0	0	-1	0	1	0	0	0	-1	0	0
OG0005974	1	4	0	-1	0	0	0	-1	0	0	0	0	0	0	0	1	0
OG0005975	0	3	-1	0	0	0	0	0	0	0	0	0	0	-1	0	0	0
OG0005976	0	0	0	-1	0	0	1	0	0	0	0	0	0	0	0	1	0
OG0005977	0	0	1	0	0	1	0	0	0	0	0	1	0	0	0	0	0
OG0005978	0	0	0	0	0	0	0	0	0	0	1	0	0	0	0	-1	0
OG0005979	0	1	0	-1	0	0	0	0	0	0	1	0	0	0	0	-1	0
OG0005980	0	2	0	0	0	0	0	0	0	0	0	0	0	0	0	0	1
OG0005981	0	4	0	1	0	0	0	0	0	0	0	0	0	0	0	0	0
OG0005982	0	5	0	0	1	0	0	0	0	0	0	0	0	0	0	0	0
OG0005983	0	0	-1	-1	1	-1	0	-1	0	0	0	0	0	0	0	0	0
OG0005984	0	0	0	1	0	0	0	0	0	0	1	-1	0	0	0	-1	0
OG0005985	0	0	0	1	0	0	0	0	0	0	0	0	0	0	0	0	1
OG0005986	0	6	0	0	0	0	0	0	0	0	0	0	0	0	0	0	0
OG0005987	0	6	0	0	0	0	0	0	0	0	0	0	0	0	0	0	0
OG0005988	0	0	0	0	-1	-1	0	-1	0	0	1	0	0	0	0	0	0
OG0005989	2	0	0	0	0	0	0	0	0	0	0	0	-1	0	0	0	0
OG0005990	0	0	0	-2	0	0	0	0	-2	0	1	0	0	0	0	0	0
OG0005991	0	0	0	1	0	1	0	0	1	0	0	0	0	0	0	0	0
OG0005992	0	0	0	0	0	0	0	0	0	0	0	0	0	0	0	1	0
OG0005993	0	5	0	0	0	0	0	1	-1	0	0	0	0	0	0	0	0
OG0005994	1	0	0	0	0	0	0	0	0	0	0	0	0	0	0	0	1
OG0005995	1	1	0	0	0	0	0	0	0	0	0	0	0	0	0	1	0
OG0005996	1	0	0	0	0	1	0	0	0	0	0	1	0	0	0	0	0
OG0005997	0	0	0	0	0	0	0	0	0	0	0	0	0	0	0	1	0
OG0005998	0	0	0	0	0	0	0	-1	0	0	0	0	0	0	1	0	0
OG0005999	0	5	0	0	0	0	0	0	1	0	0	0	0	0	0	0	0
OG0006000	0	1	0	0	-1	0	0	0	-1	0	0	0	0	0	0	-1	0
OG0006001	0	0	0	0	0	0	0	0	0	0	0	0	0	0	0	0	1
OG0006002	0	0	-1	0	0	-1	0	-1	0	0	0	0	0	0	0	0	0
OG0006003	0	1	0	0	0	0	0	0	0	0	1	0	0	0	-1	0	0
OG0006004	0	0	-1	0	-1	0	0	0	0	0	1	0	0	0	0	0	-1
OG0006005	0	1	0	0	0	0	0	0	0	0	0	0	0	0	0	1	0
OG0006006	0	0	1	0	0	0	0	0	0	0	0	0	0	0	0	1	0
OG0006007	0	2	0	0	0	0	4	0	0	0	0	0	0	0	0	0	0
OG0006008	0	-1	0	0	0	0	0	0	0	0	0	0	0	0	0	-1	0
OG0006009	0	1	0	0	0	0	0	0	1	0	1	0	0	-1	0	0	0
OG0006010	1	1	0	0	0	0	0	0	0	0	0	0	0	-1	0	0	0
OG0006011	0	0	1	0	0	1	0	0	0	0	0	1	0	0	0	0	0
OG0006012	1	1	0	0	0	0	3	0	0	0	0	0	0	0	0	0	0
OG0006013	1	6	0	-1	0	0	0	0	0	0	0	0	0	0	0	0	0
OG0006014	0	6	0	0	0	0	0	0	0	0	0	0	0	0	0	0	0
OG0006015	0	0	1	0	0	1	0	0	0	0	0	1	0	0	0	0	0
OG0006016	0	0	1	-1	0	2	0	0	-1	0	0	0	0	0	0	0	0
OG0006017	0	0	-1	0	0	0	0	1	0	0	1	0	0	0	-1	0	0
OG0006018	0	1	0	0	0	0	0	0	0	0	0	0	0	0	0	0	1
OG0006019	0	8	0	-1	0	0	0	0	0	0	0	0	0	0	0	0	0
OG0006020	0	0	0	0	0	-1	0	0	0	0	0	0	0	1	0	0	0
OG0006021	1	0	0	0	0	0	0	2	0	0	0	0	0	0	0	0	0
OG0006022	0	4	0	0	2	-1	0	0	1	0	0	0	0	0	0	0	0
OG0006023	0	1	-1	-2	0	-1	0	0	0	0	1	0	0	0	0	0	0
OG0006024	0	1	-1	0	0	0	0	0	0	0	0	0	0	0	0	1	0
OG0006025	0	0	-1	-1	0	-1	0	-1	0	0	1	0	0	0	0	0	0
OG0006026	1	1	0	0	0	0	-1	0	0	0	0	0	0	0	0	0	1
OG0006027	0	0	0	0	0	0	0	0	-1	0	0	0	0	0	1	0	0
OG0006028	0	0	0	1	1	0	0	0	0	0	0	0	0	0	0	0	1
OG0006029	0	6	0	0	0	0	0	0	0	0	0	0	0	0	0	0	0
OG0006030	0	0	0	1	0	1	-1	0	0	0	0	0	0	0	0	0	1
OG0006031	0	-1	1	0	-1	0	0	0	0	0	0	0	0	-1	0	0	1
OG0006032	0	0	0	1	0	0	0	0	0	0	1	-1	0	0	0	-1	0
OG0006033	0	2	0	0	0	0	0	0	0	0	1	0	0	0	-1	0	0
OG0006034	0	0	0	0	0	0	0	0	0	0	0	0	0	0	0	0	1
OG0006035	0	7	0	0	0	0	0	0	-1	0	0	0	0	0	0	0	0
OG0006036	0	-1	0	0	0	-1	0	0	-1	0	1	0	0	0	0	0	0
OG0006037	0	0	0	1	1	0	0	0	0	0	0	0	0	0	0	0	1
OG0006038	0	0	0	0	0	0	0	0	0	0	0	0	0	0	0	1	0
OG0006039	0	-1	0	-1	1	-1	-1	1	0	0	0	0	0	0	0	0	1
OG0006040	0	-1	3	-1	2	-1	-1	2	-1	0	0	0	0	0	0	0	0
OG0006146	0	1	0	0	0	-2	1	0	0	0	1	0	0	0	-1	0	-2
OG0006148	0	0	0	-1	0	0	0	0	0	0	0	0	0	0	0	1	0
OG0006149	1	0	0	0	0	0	2	0	0	0	0	1	0	0	0	0	0
OG0006150	0	0	0	-1	-1	0	0	-1	0	0	0	1	0	0	0	1	0
OG0006151	1	0	0	0	0	0	0	0	0	0	0	0	0	0	-1	0	0
OG0006152	1	4	0	0	0	0	0	0	0	0	0	0	0	0	0	0	0
OG0006153	0	-1	1	0	0	0	0	0	0	0	0	0	0	0	0	0	1
OG0006154	0	0	0	0	0	0	0	0	0	0	1	1	0	-1	0	0	0
OG0006155	2	0	0	0	0	-1	0	0	2	0	0	0	0	0	0	0	0
OG0006156	4	1	0	-1	0	0	0	0	0	0	-1	0	0	0	0	0	0
OG0006157	4	1	0	0	0	0	0	0	0	0	-1	0	0	0	0	0	0
OG0006158	3	0	0	-1	0	0	0	0	0	0	-1	0	0	0	0	0	0
OG0006159	3	0	0	0	1	0	1	0	-1	0	-1	0	0	0	0	0	0
OG0006160	0	0	0	0	0	-1	0	0	0	0	0	0	0	1	0	0	0
OG0006161	1	0	0	0	1	0	0	0	0	0	0	1	0	0	0	0	0
OG0006162	0	2	0	1	0	0	0	0	-1	0	0	0	0	-1	0	0	0
OG0006163	1	4	0	0	0	0	0	0	0	0	0	0	0	0	0	0	0
OG0006164	1	1	-1	-1	-1	-1	0	-1	6	0	0	0	0	0	0	0	0
OG0006165	1	1	0	0	1	0	0	0	0	0	0	0	0	0	0	0	1
OG0006166	0	0	-1	-1	0	-1	0	-1	0	0	1	0	0	0	0	0	0
OG0006167	1	-1	0	0	0	0	1	0	-1	0	0	0	0	-1	0	0	0
OG0006168	0	2	0	0	0	0	0	0	0	0	1	0	0	0	0	-1	-1
OG0006169	0	0	0	0	1	0	0	0	0	0	0	2	0	0	0	0	0
OG0006170	0	0	1	0	1	-1	0	0	0	0	0	0	0	0	0	0	1
OG0006171	4	-1	1	0	0	0	0	0	1	0	-1	0	0	0	0	0	0
OG0006172	0	1	0	1	0	1	0	0	0	0	0	0	0	0	0	0	0
OG0006173	0	-1	0	-1	1	-1	0	0	0	0	0	0	0	1	0	0	0
OG0006174	0	6	0	-1	0	0	0	0	0	0	0	0	0	0	0	0	0
OG0006175	0	1	0	0	0	0	0	0	0	0	1	0	0	0	-1	0	0
OG0006176	0	2	0	0	1	0	0	0	0	0	0	1	0	0	0	0	0
OG0006177	2	1	0	0	0	1	0	0	0	0	0	0	0	0	0	0	0
OG0006178	1	2	0	0	0	0	0	0	0	0	0	1	0	0	0	0	0
OG0006179	0	2	0	0	0	0	0	1	0	0	0	0	0	0	0	0	0
OG0006180	0	1	0	-2	0	0	0	0	0	0	1	0	0	0	0	-1	0
OG0006181	0	1	0	0	0	0	0	0	-1	0	0	0	0	0	-1	0	0
OG0006182	5	-1	0	0	0	0	0	0	0	0	-1	0	0	0	0	0	0
OG0006183	0	0	0	-1	0	1	-1	0	-1	0	0	3	0	0	0	0	0
OG0006184	0	1	0	0	0	0	0	0	0	0	0	0	0	-1	0	0	0
OG0006185	1	1	0	-1	0	0	0	0	0	0	0	0	0	0	-1	0	0
OG0006186	0	0	0	0	0	0	0	0	0	0	0	0	0	0	0	1	0
OG0006187	0	0	0	0	0	0	0	-1	0	0	0	-1	0	1	0	0	0
OG0006188	0	5	0	0	0	0	0	0	0	0	0	0	0	0	0	0	0
OG0006189	0	1	0	0	1	0	-1	0	0	0	0	1	0	0	0	0	0
OG0006190	0	0	0	0	0	0	0	0	0	0	0	0	0	0	0	1	0
OG0006191	3	0	1	0	0	0	0	0	0	0	-1	0	0	0	0	0	0
OG0006192	1	0	2	0	0	0	0	0	1	0	0	0	0	0	0	0	0
OG0006193	0	1	0	0	0	0	0	0	0	0	0	0	0	-1	0	0	0
OG0006194	1	1	0	0	0	0	0	0	1	0	0	0	0	0	0	0	0
OG0006195	1	1	0	0	3	0	0	0	0	0	0	0	0	0	0	0	0
OG0006196	0	1	0	-1	0	1	0	0	1	0	0	0	0	0	0	0	0
OG0006197	0	0	0	0	1	0	0	0	0	0	0	0	0	0	0	0	1
OG0006198	2	0	0	0	0	0	0	0	0	0	0	1	0	0	0	0	0
OG0006199	0	3	0	0	0	0	0	0	1	0	0	0	0	0	0	0	0
OG0006200	0	0	0	0	0	0	0	0	-1	0	0	0	0	0	0	1	0
OG0006201	0	1	0	1	0	0	0	0	1	0	0	0	0	0	0	0	0
OG0006202	0	0	0	0	0	0	0	0	-1	0	0	0	0	0	1	0	0
OG0006203	0	1	0	0	0	0	0	0	0	0	0	0	0	-1	0	0	0
OG0006204	1	4	0	0	0	0	0	0	0	0	0	0	0	0	0	0	0
OG0006205	3	1	0	0	0	0	0	0	0	0	-1	0	0	0	0	0	0
OG0006206	3	0	0	0	-1	-1	0	0	0	0	-1	0	0	0	0	1	0
OG0006207	0	0	-1	0	0	0	2	0	0	0	0	0	0	-1	0	0	0
OG0006208	2	2	0	-1	0	1	0	0	0	0	0	0	0	0	0	0	0
OG0006209	1	1	0	-1	0	0	0	0	0	0	0	0	0	0	-1	0	0
OG0006210	1	2	0	0	0	0	0	0	1	0	0	0	0	0	0	0	0
OG0006211	2	1	0	0	0	0	-1	0	0	0	0	0	-1	0	0	0	0
OG0006212	3	1	0	0	0	0	0	0	0	0	-1	0	0	0	0	0	0
OG0006213	0	0	0	0	0	1	0	1	0	0	0	0	0	0	0	0	0
OG0006214	1	2	0	0	1	0	0	0	0	0	0	1	0	0	0	0	0
OG0006215	0	0	0	0	0	0	-1	1	0	0	0	1	0	0	0	0	0
OG0006217	1	0	0	-1	0	0	0	0	1	0	0	0	0	0	-1	0	0
OG0006218	0	0	0	0	0	1	0	0	0	0	0	0	0	0	0	0	1
OG0006219	1	0	3	0	0	0	0	0	1	0	0	0	0	0	0	0	0
OG0006220	0	1	0	0	0	0	0	0	-1	0	0	0	0	0	0	1	0
OG0006221	1	2	0	-1	0	0	0	0	0	0	0	0	0	0	0	-1	-1
OG0006222	0	1	-1	0	0	0	0	0	0	0	0	0	0	0	-1	0	0
OG0006223	0	5	0	-1	0	0	1	0	0	0	0	0	0	0	0	0	0
OG0006224	3	0	0	0	0	0	1	0	0	0	-1	0	0	0	0	0	0
OG0006225	2	0	0	0	0	0	0	0	1	0	0	0	0	0	0	0	0
OG0006226	0	0	0	0	-1	-1	0	-1	0	0	1	0	0	0	0	0	0
OG0006227	0	0	0	-1	0	0	0	0	0	0	1	0	0	0	0	-1	0
OG0006228	1	0	2	0	0	0	0	0	0	0	0	0	0	0	0	0	0
OG0006229	0	0	0	1	0	0	-1	0	0	0	0	0	0	0	-1	0	0
OG0006230	2	1	0	0	0	0	0	0	0	0	0	1	0	0	0	0	0
OG0006231	1	2	0	0	0	0	0	0	-1	0	0	1	0	0	0	0	0
OG0006232	1	1	0	0	0	0	0	1	0	0	0	0	0	0	0	0	0
OG0006233	0	0	0	0	0	0	0	0	0	0	0	0	0	0	0	1	0
OG0006234	2	1	0	0	0	-1	0	0	0	0	0	0	0	0	-1	0	0
OG0006235	2	-1	0	0	0	0	0	0	0	0	0	0	0	-1	0	0	0
OG0006236	1	0	0	0	0	0	0	0	0	0	0	0	0	0	0	0	1
OG0006237	0	1	0	1	0	0	0	0	0	0	1	0	0	-1	0	0	0
OG0006238	0	5	0	0	0	0	0	0	0	0	0	0	0	0	0	0	0
OG0006239	3	0	0	0	0	0	0	0	0	0	-1	0	0	0	0	0	0
OG0006240	2	3	0	0	0	0	0	0	0	0	0	0	0	0	0	0	0
OG0006241	1	0	0	0	2	0	0	0	-1	0	0	0	0	1	0	-1	0
OG0006242	1	0	1	-1	0	1	0	0	0	0	0	0	0	0	0	0	0
OG0006243	1	0	0	-1	0	0	0	0	0	0	0	0	0	0	-1	0	0
OG0006244	1	1	0	0	1	0	0	0	0	0	0	1	0	0	0	0	0
OG0006246	0	0	0	0	0	0	0	0	0	0	0	0	0	0	0	0	1
OG0006247	0	0	0	0	-1	0	-1	0	1	0	0	0	0	0	0	0	1
OG0006248	0	0	3	0	0	0	0	0	0	0	0	1	0	0	0	0	0
OG0006249	1	0	1	0	0	1	0	0	0	0	0	0	0	0	0	0	0
OG0006250	3	1	0	0	0	0	0	0	0	0	-1	0	0	0	0	0	0
OG0006251	1	0	0	0	0	0	0	0	0	0	0	0	0	0	0	1	0
OG0006252	0	0	1	0	0	0	0	0	0	0	0	0	0	0	0	0	1
OG0006253	1	1	0	0	1	0	0	0	0	0	0	1	0	0	0	0	0
OG0006254	0	1	0	0	0	0	0	0	0	0	1	0	0	0	-1	0	0
OG0006255	0	0	0	-1	1	1	0	1	0	0	0	0	0	0	0	0	0
OG0006256	1	0	0	0	0	0	0	0	0	0	0	0	0	0	0	0	1
OG0006257	0	1	-1	0	0	-2	0	-1	0	0	0	0	0	0	0	0	0
OG0006258	0	0	0	0	0	-1	0	-1	0	0	0	0	0	1	0	0	0
OG0006259	0	0	-1	0	-1	-1	0	-1	0	0	0	0	0	0	0	0	0
OG0006260	1	4	0	0	0	0	0	0	0	0	0	0	0	0	0	0	0
OG0006261	1	4	0	0	0	0	0	0	0	0	0	0	0	0	0	0	0
OG0006262	0	0	0	3	0	1	0	0	0	0	0	0	0	0	0	0	0
OG0006263	2	2	0	0	0	0	0	0	0	0	-1	0	0	0	0	0	0
OG0006264	0	0	0	-1	0	0	0	1	0	0	0	1	0	0	0	0	0
OG0006265	1	0	0	0	0	-1	0	-1	0	0	0	1	0	0	0	1	0
OG0006266	0	0	3	-1	0	0	0	0	1	0	0	0	0	0	0	0	0
OG0006267	4	-1	2	-1	1	0	0	0	0	0	0	0	0	0	-1	-1	0
OG0006268	0	0	0	0	0	0	0	0	0	0	1	-1	0	0	0	-1	0
OG0006269	3	0	0	0	0	0	0	0	0	0	-1	0	0	0	0	0	0
OG0006270	2	1	0	0	0	0	0	0	0	0	-1	0	0	0	0	0	0
OG0006271	0	0	1	0	1	1	0	0	0	0	0	0	0	0	0	0	0
OG0006272	0	1	0	0	0	1	0	0	1	0	0	0	0	0	0	0	0
OG0006273	2	0	-1	0	0	0	0	0	0	0	0	0	0	-1	0	0	0
OG0006274	2	3	0	0	0	0	0	0	0	0	0	0	0	0	0	0	0
OG0006275	0	0	1	-1	2	0	0	0	-1	0	0	0	0	0	-1	0	0
OG0006276	0	0	1	0	0	0	0	-1	0	0	0	0	0	0	0	1	0
OG0006277	0	0	-1	2	0	0	0	0	0	0	0	0	0	-1	0	0	0
OG0006278	0	0	0	0	0	0	0	0	0	0	0	0	0	0	0	1	0
OG0006279	0	5	0	0	0	0	0	0	0	0	0	0	0	0	0	0	0
OG0006280	0	0	0	1	0	1	0	0	0	0	0	0	0	0	0	0	0
OG0006281	0	1	0	0	0	0	0	0	0	0	1	0	0	0	-1	0	0
OG0006282	1	0	0	0	1	0	0	0	0	0	0	0	0	1	0	-1	0
OG0006283	0	1	0	-1	2	0	-1	0	0	0	0	0	0	1	0	-1	0
OG0006284	0	0	0	-1	-1	5	0	0	0	0	0	-1	0	0	0	-1	0
OG0006285	2	1	0	0	0	0	0	0	1	0	0	0	0	0	0	0	0
OG0006286	0	-1	0	0	0	0	0	0	1	0	0	0	0	-1	0	0	0
OG0006287	0	0	0	0	0	0	0	0	0	0	0	0	0	0	0	1	0
OG0006288	0	0	-1	0	-1	0	0	0	0	0	0	0	0	0	0	-1	0
OG0006289	0	2	-1	0	0	0	0	0	0	0	0	0	0	-1	0	0	0
OG0006290	1	0	-1	-1	0	0	0	0	0	0	0	0	0	0	0	-1	0
OG0006291	3	2	0	-1	0	0	0	0	0	0	-1	0	0	0	0	0	0
OG0006292	1	0	0	0	0	-1	0	0	0	0	0	0	0	0	-1	0	0
OG0006293	0	0	0	0	0	0	0	0	0	0	0	0	0	0	-1	0	0
OG0006294	0	4	0	1	0	0	0	0	0	0	0	0	0	0	0	0	0
OG0006295	2	0	-1	0	0	0	0	0	0	0	0	0	0	-1	0	0	0
OG0006296	0	2	0	0	0	1	0	0	0	0	0	0	0	0	0	0	0
OG0006297	0	0	0	0	0	0	0	0	0	0	0	0	0	0	-1	0	0
OG0006298	1	2	0	0	0	0	3	0	-1	0	0	0	0	0	0	0	0
OG0006299	1	0	0	-1	0	0	0	0	0	0	0	0	0	0	-1	0	0
OG0006300	0	4	0	1	0	0	0	0	0	0	0	0	0	0	0	0	0
OG0006301	0	1	0	0	1	1	0	0	0	0	0	0	0	0	0	0	0
OG0006302	0	0	0	-1	1	-1	0	1	0	0	0	0	0	0	0	0	1
OG0006303	0	0	0	-1	0	0	0	0	0	0	0	0	0	0	0	1	0
OG0006304	0	0	0	0	0	0	0	0	-1	0	0	0	0	0	0	1	0
OG0006305	0	0	0	1	0	0	0	0	0	0	0	0	0	0	0	0	1
OG0006306	2	1	0	0	0	0	0	0	0	0	-1	0	0	0	0	0	0
OG0006307	0	0	2	0	0	0	0	0	0	0	1	0	0	-1	0	0	0
OG0006308	0	0	0	-1	0	0	0	0	0	0	0	0	0	0	0	0	1
OG0006309	1	3	0	0	0	0	0	0	0	0	0	1	0	0	0	0	0
OG0006310	1	4	0	0	0	0	0	0	0	0	0	0	0	0	0	0	0
OG0006311	0	0	0	0	0	0	0	0	-1	0	0	1	0	0	0	1	0
OG0006312	0	4	0	1	0	0	0	0	0	0	0	0	0	0	0	0	0
OG0006313	0	-1	0	-1	0	0	0	0	-1	0	0	0	0	0	1	0	0
OG0006314	0	1	0	-2	0	0	0	0	0	0	1	0	0	0	0	-1	0
OG0006315	1	0	0	0	1	1	0	0	0	0	0	0	0	0	0	0	0
OG0006316	0	0	0	1	0	0	0	0	0	0	0	0	0	-1	0	0	0
OG0006317	0	0	0	-1	0	0	-1	0	0	0	1	0	0	0	0	-1	0
OG0006318	2	0	0	0	0	1	0	0	0	0	-1	0	0	0	0	0	0
OG0006319	2	1	0	0	0	0	0	0	0	0	0	1	0	0	0	0	0
OG0006320	0	0	-1	-1	0	-1	0	0	-2	0	1	0	0	0	0	0	0
OG0006321	1	2	0	0	0	0	0	0	0	0	0	1	0	0	0	0	0
OG0006322	1	0	0	0	0	0	0	0	0	0	0	0	0	0	0	1	0
OG0006323	0	2	0	-1	1	0	0	0	-1	0	0	0	0	0	-1	0	0
OG0006324	0	0	0	0	0	0	0	0	0	0	0	0	0	0	-1	0	0
OG0006325	0	4	0	0	0	0	0	0	0	0	0	0	0	0	0	0	0
OG0006326	0	1	0	0	0	0	0	0	-1	0	0	0	0	0	-1	0	0
OG0006327	1	1	0	0	1	0	0	0	0	0	0	1	0	0	0	0	0
OG0006328	0	0	0	0	1	-1	0	0	0	0	0	0	0	1	0	0	0
OG0006329	0	0	0	0	0	2	0	0	0	0	0	0	0	0	0	0	0
OG0006330	0	1	0	-1	0	0	0	0	-1	0	1	0	0	0	0	-1	0
OG0006331	1	1	0	0	0	0	0	1	-1	0	0	1	0	0	0	0	0
OG0006332	1	1	-1	0	0	0	0	0	0	0	0	0	0	-1	0	0	0
OG0006333	0	0	0	1	1	-2	0	0	-2	0	0	0	0	0	0	0	0
OG0006334	1	1	0	0	0	0	0	0	1	0	0	0	0	0	0	0	0
OG0006335	1	0	0	0	0	0	0	0	0	0	0	0	0	-1	0	0	0
OG0006336	0	0	0	0	0	0	0	0	0	0	0	0	0	0	0	0	1
OG0006337	1	0	2	0	0	0	0	0	1	0	0	0	0	0	0	0	0
OG0006338	0	0	0	0	0	0	0	0	0	0	0	0	0	0	0	1	0
OG0006340	0	1	0	-1	0	0	0	0	0	0	0	0	0	0	0	1	0
OG0006341	0	0	0	0	2	0	0	0	0	0	0	1	0	0	0	0	0
OG0006342	0	0	1	0	1	1	0	0	0	0	0	0	0	0	0	0	0
OG0006343	0	0	-1	1	0	0	0	0	0	0	0	0	0	0	-1	0	0
OG0006344	1	0	0	0	0	0	0	-1	0	0	0	0	0	0	1	0	0
OG0006345	0	0	0	0	0	0	0	0	0	0	0	0	0	0	-1	0	0
OG0006346	0	0	0	0	0	1	0	1	0	0	0	0	0	0	0	0	0
OG0006347	0	-1	0	0	0	0	0	0	1	0	1	0	0	0	-1	0	0
OG0006348	0	1	0	1	0	1	0	0	0	0	0	0	0	0	0	0	0
OG0006349	0	0	-1	0	0	0	-1	0	1	0	0	0	0	-1	0	0	0
OG0006350	0	0	0	-1	0	0	0	0	0	0	0	0	0	0	0	-1	0
OG0006351	0	0	0	2	0	1	0	0	0	0	0	0	0	0	0	0	0
OG0006352	0	1	0	0	0	0	0	-1	0	0	0	0	0	0	0	1	0
OG0006353	1	0	0	0	0	0	0	0	0	0	0	0	0	0	0	0	1
OG0006354	1	0	0	0	1	1	0	0	0	0	0	0	0	0	0	0	0
OG0006355	1	0	0	0	1	1	0	0	0	0	0	0	0	0	0	0	0
OG0006356	0	-1	0	-1	0	-1	0	-1	0	0	1	0	0	0	0	0	0
OG0006357	0	0	0	-1	0	0	0	0	-1	0	1	0	0	0	0	0	-1
OG0006358	0	3	0	0	0	0	0	0	0	0	0	1	0	0	0	0	0
OG0006359	0	0	0	-1	0	0	0	0	0	0	1	0	0	0	0	-1	0
OG0006360	0	0	3	0	0	0	0	0	0	0	0	1	0	0	0	0	0
OG0006361	0	0	1	0	0	1	0	0	0	0	0	0	0	0	0	0	0
OG0006362	0	0	0	0	0	0	0	0	0	0	0	0	0	0	-1	0	0
OG0006363	0	5	0	1	0	0	0	0	-1	0	0	0	0	0	0	0	0
OG0006364	0	0	0	0	0	0	0	0	0	0	1	0	0	0	-1	0	0
OG0006365	0	5	0	0	0	0	0	0	0	0	0	0	0	0	0	0	0
OG0006366	0	1	0	0	0	1	0	0	1	0	0	0	0	0	0	0	0
OG0006367	1	4	0	0	0	0	0	0	0	0	0	0	0	0	0	0	0
OG0006368	0	0	0	-1	1	0	0	0	0	0	0	0	0	0	0	0	1
OG0006369	0	0	0	0	0	1	0	0	0	0	0	1	0	0	0	0	0
OG0006370	0	0	0	0	2	0	0	1	0	0	0	0	0	0	0	0	0
OG0006371	1	0	0	0	0	1	0	1	-1	0	0	0	0	0	0	0	0
OG0006372	0	2	0	0	0	1	0	0	0	0	0	0	0	0	0	0	0
OG0006373	0	5	0	0	0	0	0	0	0	0	0	0	0	0	0	0	0
OG0006374	0	6	0	-1	0	0	0	0	0	0	0	0	0	0	0	0	0
OG0006375	0	0	0	0	0	2	0	0	-1	0	0	0	0	0	0	0	0
OG0006376	0	0	0	0	1	0	0	0	0	0	1	-1	0	0	0	-1	0
OG0006377	0	0	0	0	-1	-2	0	0	-1	0	0	0	0	0	0	0	0
OG0006378	0	1	0	0	0	1	0	0	1	0	0	0	0	0	0	0	0
OG0006379	0	5	0	0	0	0	0	0	0	0	0	0	0	0	0	0	0
OG0006380	1	0	0	0	0	0	0	-1	0	0	0	0	0	0	0	1	0
OG0006381	0	0	0	0	0	0	0	0	0	0	0	0	0	0	0	1	0
OG0006382	2	1	0	-1	0	1	0	0	0	0	0	0	0	0	0	0	0
OG0006383	1	0	0	0	0	1	0	0	0	0	0	1	0	0	0	0	0
OG0006384	0	2	0	0	0	1	0	0	0	0	0	0	0	0	0	0	0
OG0006385	0	0	0	0	0	0	0	0	0	0	0	0	0	0	0	1	0
OG0006386	0	0	2	0	0	1	0	0	0	0	0	0	0	0	0	0	0
OG0006387	0	1	0	0	0	0	0	0	1	0	1	0	0	-1	0	0	0
OG0006388	0	0	2	-1	0	0	0	0	1	0	0	1	0	0	0	0	0
OG0006389	0	0	0	0	-1	0	0	0	0	0	1	0	0	0	0	-1	0
OG0006390	0	0	0	0	0	0	5	0	0	0	0	0	0	0	0	0	0
OG0006391	1	1	0	0	0	1	0	0	0	0	0	0	0	0	0	0	0
OG0006392	0	2	0	0	0	0	0	0	0	0	1	0	0	-1	0	0	0
OG0006393	0	0	0	-1	0	0	0	-1	0	0	0	0	0	0	0	-1	0
OG0006394	0	0	0	0	0	0	2	0	0	0	1	0	0	-1	0	0	0
OG0006395	0	0	0	0	0	1	0	0	0	0	0	0	0	0	0	0	0
OG0006396	0	1	0	0	0	1	0	1	0	0	0	0	0	0	0	0	0
OG0006397	0	0	0	0	0	0	0	-1	0	0	1	0	0	0	0	-1	0
OG0006398	1	4	0	0	0	0	0	0	0	0	0	0	0	0	0	0	0
OG0006399	1	0	0	0	0	0	0	-1	0	0	0	0	0	0	0	1	0
OG0006400	0	0	0	0	1	0	0	0	0	0	0	0	0	0	0	0	1
OG0006401	0	1	0	2	0	1	0	0	-1	0	0	0	0	0	0	0	0
OG0006402	0	0	0	0	0	0	0	0	0	0	1	-1	0	0	0	-1	0
OG0006403	0	0	0	0	0	0	0	0	-2	0	0	1	0	0	0	1	0
OG0006404	0	4	0	0	0	0	0	0	0	0	0	0	0	0	0	0	0
OG0006405	0	0	0	1	0	0	0	-1	0	0	0	0	0	0	0	1	0
OG0006406	0	5	0	0	0	0	0	0	0	0	0	0	0	0	0	0	0
OG0006407	0	0	1	0	0	0	-1	0	0	0	0	0	0	0	0	0	1
OG0006408	0	0	0	0	0	0	0	0	0	0	0	0	0	0	-1	0	0
OG0006409	0	0	1	0	1	0	1	0	0	0	0	0	0	0	0	0	0
OG0006410	0	0	1	0	1	1	0	0	0	0	0	0	0	0	0	0	0
OG0006411	1	1	0	-1	1	0	3	0	0	0	0	0	0	0	0	0	0
OG0006412	0	0	-1	-1	0	0	0	0	0	0	1	0	0	0	0	0	-1
OG0006413	0	4	0	-1	0	0	0	0	0	0	0	1	0	0	0	0	0
OG0006414	0	0	0	0	0	0	0	0	3	0	0	0	0	0	0	0	0
OG0006415	0	0	0	0	0	0	0	0	0	0	1	-1	0	0	0	-1	0
OG0006416	0	0	0	0	1	0	0	0	0	0	0	2	0	0	0	0	0
OG0006417	0	0	0	0	0	0	0	0	0	0	1	-1	0	0	0	-1	0
OG0006418	0	1	0	0	0	0	0	0	0	0	0	0	0	0	0	0	1
OG0006419	0	5	0	0	0	0	0	0	0	0	0	0	0	0	0	0	0
OG0006420	0	1	0	0	1	1	0	0	0	0	0	0	0	0	0	0	0
OG0006421	0	0	0	0	0	1	0	0	0	0	0	1	0	0	0	0	0
OG0006422	0	1	0	-1	0	-2	0	-1	0	0	1	0	0	0	0	0	0
OG0006423	0	0	-1	1	1	0	0	0	0	0	1	0	0	0	-1	0	0
OG0006424	0	3	0	0	0	0	0	0	0	0	0	1	0	0	0	0	0
OG0006425	0	0	0	0	0	0	0	0	0	0	0	0	0	0	0	1	0
OG0006426	0	0	0	0	0	0	0	-1	0	0	0	1	0	0	0	1	0
OG0006427	0	-1	0	0	0	0	0	0	-1	0	0	0	0	0	1	0	0
OG0006428	0	0	0	0	0	0	0	0	0	0	0	0	0	0	0	0	1
OG0006429	0	0	0	0	1	0	0	0	0	0	0	0	0	0	0	0	1
OG0006430	0	0	0	0	0	-1	0	-1	0	0	0	0	0	1	0	0	0
OG0006431	0	0	0	-1	0	0	0	0	0	0	1	0	0	0	0	-1	0
OG0006432	0	0	0	-1	0	1	0	0	0	0	0	0	0	0	0	0	1
OG0006433	0	0	0	0	0	0	0	0	0	0	0	0	0	0	0	1	0
OG0006434	0	7	0	0	0	0	0	0	0	0	0	0	0	0	0	0	0
OG0006435	1	0	0	0	0	0	0	0	0	0	0	-1	0	0	0	1	0
OG0006436	0	0	4	0	1	0	0	0	0	0	0	0	0	0	0	0	0
OG0006437	0	0	1	-1	0	1	0	0	0	0	0	1	0	0	0	0	0
OG0006438	0	5	0	0	0	0	0	0	0	0	0	0	0	0	0	0	0
OG0006439	0	1	0	0	1	1	0	0	0	0	0	0	0	0	0	0	0
OG0006440	0	2	0	0	0	0	0	0	0	0	1	0	0	-1	0	0	0
OG0006441	0	1	0	-1	0	0	0	0	1	0	0	1	0	0	0	0	0
OG0006442	0	0	0	0	0	1	0	0	0	0	0	1	0	0	0	0	0
OG0006443	0	0	0	-1	0	0	-1	0	0	0	1	0	0	0	0	-1	0
OG0006444	0	0	1	0	0	0	0	0	0	0	0	0	0	0	0	0	1
OG0006445	0	0	0	0	1	0	0	0	0	0	1	0	0	0	-1	0	0
OG0006446	0	1	0	0	0	0	0	0	0	0	0	2	0	0	0	0	0
OG0006447	0	2	0	0	0	0	0	0	-1	0	1	0	0	-1	0	0	0
OG0006448	0	-1	0	0	0	0	0	0	1	0	1	0	0	0	-1	0	0
OG0006449	0	1	0	0	0	1	0	0	0	0	0	0	0	0	0	0	0
OG0006450	0	1	0	4	0	0	0	0	0	0	0	0	0	0	0	0	0
OG0006451	0	1	0	0	6	0	-1	0	-1	0	0	0	0	0	0	0	0
OG0006452	0	4	-1	-1	-1	1	-1	1	0	0	0	0	0	0	0	0	0
OG0006555	2	0	0	0	0	1	0	0	-1	0	-1	0	0	0	0	0	0
OG0006556	1	1	0	0	0	0	0	0	0	0	0	1	0	0	0	0	0
OG0006557	1	0	0	1	1	0	0	0	0	0	0	0	0	0	0	0	0
OG0006558	0	0	0	0	0	-2	0	0	-1	0	1	0	0	0	0	0	0
OG0006559	0	1	0	-1	-1	0	-1	0	0	0	0	1	0	0	0	0	1
OG0006560	1	0	2	0	1	0	0	0	0	0	0	0	0	0	0	0	0
OG0006561	2	0	0	0	0	0	0	0	0	0	0	1	0	0	0	0	0
OG0006562	2	0	0	1	-1	-1	0	0	0	0	0	0	0	0	0	1	0
OG0006563	2	0	0	0	0	0	0	0	0	0	-1	0	0	0	0	0	0
OG0006564	0	-1	0	-1	0	0	0	0	-1	0	0	0	0	0	0	-1	0
OG0006565	2	1	0	0	0	0	0	0	0	0	-1	0	0	0	0	0	0
OG0006566	1	1	-1	-1	-1	0	-1	0	0	0	0	0	0	0	0	0	1
OG0006567	0	0	0	0	0	0	0	0	-1	0	0	0	0	0	0	1	0
OG0006568	1	0	0	-1	1	0	0	0	-1	0	0	2	0	0	0	0	0
OG0006569	2	0	0	0	0	0	0	0	0	0	0	1	0	0	0	0	0
OG0006570	1	0	1	0	1	-1	0	0	-1	0	0	0	0	0	-1	0	0
OG0006571	1	0	0	0	0	1	0	0	0	0	0	0	0	0	0	0	0
OG0006572	8	0	0	-1	-1	0	0	0	-1	0	-1	0	0	0	0	0	0
OG0006573	2	0	0	2	0	0	0	0	0	0	0	0	0	0	0	0	0
OG0006574	2	1	0	0	0	-2	0	0	0	0	0	1	0	0	0	0	-2
OG0006575	1	0	1	0	0	0	0	0	1	0	0	0	0	0	0	0	0
OG0006576	1	3	0	0	0	0	0	0	0	0	0	0	0	0	0	0	0
OG0006577	2	1	0	0	0	0	0	0	0	0	-1	0	0	0	0	0	0
OG0006578	1	0	0	0	0	0	0	0	0	0	0	0	0	-1	0	0	0
OG0006579	0	0	1	1	0	0	0	0	1	0	0	0	0	0	0	0	0
OG0006580	2	2	0	0	0	0	0	0	-1	0	-1	0	0	0	0	0	0
OG0006581	0	2	0	0	0	1	0	0	0	0	0	0	0	0	0	0	0
OG0006582	0	0	0	0	0	1	0	0	1	0	0	0	0	0	0	0	0
OG0006583	2	0	0	1	0	0	0	0	0	0	-1	0	0	0	0	0	0
OG0006584	0	0	0	0	0	0	0	0	0	0	0	0	0	-1	0	0	0
OG0006585	0	-1	2	0	0	0	0	0	-1	0	1	0	0	0	-1	0	0
OG0006586	0	0	0	0	0	0	0	0	-1	0	0	0	0	0	0	1	0
OG0006587	0	0	0	1	0	0	4	0	0	0	0	0	0	0	0	0	0
OG0006588	0	0	0	0	1	1	0	0	0	0	0	0	0	0	0	0	0
OG0006589	0	4	0	0	0	0	0	0	0	0	0	0	0	0	0	0	0
OG0006590	0	2	0	0	0	1	0	0	0	0	0	0	0	0	0	0	0
OG0006591	2	0	0	0	0	0	2	0	0	0	0	0	0	0	0	0	0
OG0006592	1	1	0	0	0	0	0	0	1	0	0	0	0	0	0	0	0
OG0006593	2	1	0	0	0	1	0	0	-1	0	0	0	0	0	0	0	0
OG0006594	0	1	0	0	0	0	0	0	0	0	0	0	0	-1	0	0	0
OG0006595	0	0	0	1	0	0	0	0	0	0	1	0	0	-1	0	0	0
OG0006596	2	1	0	0	0	0	0	0	0	0	-1	0	0	0	0	0	0
OG0006597	2	0	0	0	0	0	0	0	1	0	0	0	0	0	0	0	0
OG0006598	0	0	0	-1	0	0	0	0	0	0	0	0	0	0	0	1	0
OG0006599	0	0	1	1	0	0	0	-1	0	0	0	0	0	0	0	1	0
OG0006600	0	1	0	0	0	0	0	0	0	0	0	0	0	0	0	0	1
OG0006601	4	-1	0	0	0	0	0	0	0	0	-1	0	0	0	0	0	0
OG0006602	0	0	0	0	3	0	1	0	-1	0	0	0	0	0	0	0	0
OG0006603	1	1	0	0	0	0	0	0	0	0	0	1	0	0	0	0	0
OG0006604	0	4	0	0	0	0	0	0	0	0	0	0	0	0	0	0	0
OG0006605	0	0	0	0	1	0	0	0	0	0	0	1	0	0	0	0	0
OG0006606	0	4	0	0	0	0	0	0	0	0	0	0	0	0	0	0	0
OG0006607	2	0	0	0	0	0	0	0	-1	0	0	1	0	0	0	0	0
OG0006608	2	1	0	0	0	0	0	0	0	0	0	1	0	0	0	0	0
OG0006609	0	0	0	0	0	0	0	0	0	0	1	0	0	-1	0	0	0
OG0006610	0	0	0	-1	0	-1	0	0	0	0	0	-1	0	1	0	0	0
OG0006611	0	1	-1	0	0	0	0	0	0	0	1	0	0	0	-1	0	0
OG0006612	0	0	0	0	0	0	0	0	0	0	0	0	0	0	0	0	1
OG0006613	1	1	0	0	0	0	0	0	0	0	0	1	0	0	0	0	0
OG0006614	1	0	0	4	0	0	0	0	0	0	0	0	0	0	0	0	0
OG0006615	0	0	1	0	0	1	0	0	0	0	0	0	0	0	0	0	0
OG0006616	0	0	0	-1	0	0	0	0	0	0	0	0	0	0	0	1	0
OG0006617	1	4	0	0	0	0	0	0	0	0	0	0	0	0	0	0	0
OG0006618	0	0	0	-1	2	0	-1	0	-1	0	0	0	0	0	-1	0	0
OG0006619	1	3	0	-1	0	0	0	0	0	0	0	0	0	0	0	0	0
OG0006621	2	0	0	0	0	0	0	0	0	0	0	0	-1	0	0	0	0
OG0006622	2	4	0	0	0	-1	0	0	0	0	-1	0	0	0	0	0	0
OG0006623	0	1	0	0	0	1	0	0	0	0	0	0	0	0	0	0	0
OG0006624	2	0	0	0	0	0	0	0	0	0	0	1	0	0	0	0	0
OG0006625	0	0	0	0	0	0	0	0	0	0	0	0	0	0	0	0	1
OG0006626	0	0	0	0	0	0	0	0	-1	0	1	0	0	0	-1	0	0
OG0006627	1	0	0	-1	0	1	0	0	0	0	0	1	0	0	0	0	0
OG0006628	0	0	0	0	0	0	3	0	0	0	0	0	0	0	0	0	0
OG0006629	2	0	0	0	0	0	0	0	0	0	0	1	0	0	0	0	0
OG0006630	2	2	0	0	0	0	0	0	0	0	0	0	0	0	0	0	0
OG0006631	0	1	0	0	0	1	0	0	0	0	0	0	0	0	0	0	0
OG0006632	0	0	0	0	0	-1	0	0	0	0	0	-1	0	0	0	0	-1
OG0006633	1	0	0	0	0	1	1	0	-1	0	0	0	0	0	0	0	0
OG0006634	2	1	0	0	0	0	0	0	0	0	-1	0	0	0	0	0	0
OG0006635	2	1	0	0	0	0	0	0	0	0	-1	0	0	0	0	0	0
OG0006636	0	1	-1	0	0	0	0	0	0	0	0	0	0	-1	0	0	0
OG0006637	0	0	0	2	0	0	-1	0	-1	0	0	0	0	-1	0	0	0
OG0006638	1	2	0	0	1	0	0	0	0	0	0	0	0	0	0	0	0
OG0006639	1	0	0	0	1	0	0	0	0	0	0	1	0	0	0	0	0
OG0006640	1	0	0	0	0	0	0	0	-1	0	0	0	0	1	0	0	-1
OG0006641	0	0	0	0	0	0	0	1	0	0	0	1	0	0	0	0	0
OG0006642	2	1	0	0	0	0	0	0	1	0	0	0	0	0	0	0	0
OG0006643	0	0	0	0	0	0	0	0	0	0	0	0	0	0	0	1	0
OG0006644	0	0	1	1	0	0	0	0	0	0	0	0	0	0	0	0	0
OG0006645	0	4	0	0	0	0	0	0	0	0	0	0	0	0	0	0	0
OG0006646	2	0	0	0	0	1	0	0	0	0	0	0	0	0	0	0	0
OG0006647	2	1	0	0	0	0	0	0	0	0	-1	0	0	0	0	0	0
OG0006648	2	0	0	1	1	0	0	0	0	0	0	0	0	0	0	0	0
OG0006649	1	0	0	0	0	1	0	0	0	0	0	0	0	0	0	0	0
OG0006650	0	0	-1	1	0	0	0	0	0	0	0	0	0	-1	0	0	0
OG0006651	2	0	0	3	0	0	0	0	0	0	0	0	0	0	0	0	0
OG0006652	2	1	0	0	1	0	0	0	0	0	0	0	0	0	0	0	0
OG0006653	3	0	0	0	0	0	0	0	0	0	-1	0	0	0	0	0	0
OG0006654	2	1	0	0	1	0	0	0	0	0	0	0	0	0	0	0	0
OG0006655	3	0	0	0	0	0	0	0	0	0	-1	0	0	0	0	0	0
OG0006656	1	0	0	0	0	1	0	0	0	0	0	0	0	0	0	0	0
OG0006657	0	1	-1	0	0	0	0	0	0	0	0	0	0	-1	0	0	0
OG0006658	1	0	-1	0	0	0	0	0	0	0	0	0	0	-1	0	0	0
OG0006659	3	0	0	0	0	0	0	0	0	0	-1	0	0	0	0	0	0
OG0006660	2	1	0	0	0	0	0	0	0	0	-1	0	0	0	0	0	0
OG0006661	1	3	0	0	0	0	0	0	0	0	0	0	0	0	0	0	0
OG0006662	0	0	0	1	0	1	0	0	0	0	0	0	0	0	0	0	0
OG0006663	0	1	0	0	1	0	0	0	-1	0	0	1	0	0	0	0	0
OG0006664	2	0	1	0	0	0	0	0	0	0	-1	0	0	0	0	0	0
OG0006665	2	1	0	0	0	0	0	0	0	0	-1	0	0	0	0	0	0
OG0006666	1	4	0	0	0	0	0	0	0	0	0	0	0	0	0	0	0
OG0006667	2	0	0	0	0	0	1	0	0	0	0	0	0	0	0	0	0
OG0006668	0	1	0	0	1	-1	0	0	0	0	1	0	0	0	-1	0	0
OG0006669	0	0	0	0	0	0	0	0	0	0	0	0	0	0	0	0	1
OG0006670	0	2	0	0	1	0	0	0	0	0	0	0	0	0	0	0	0
OG0006671	0	1	0	0	0	0	0	0	0	0	1	0	0	-1	0	0	0
OG0006672	0	0	0	0	0	1	0	0	0	0	0	1	0	0	0	0	0
OG0006673	1	1	0	0	0	0	0	0	0	0	0	1	0	0	0	0	0
OG0006674	0	0	1	0	0	-1	0	0	-1	0	0	0	0	0	0	0	-1
OG0006675	0	1	0	1	0	0	0	0	1	0	0	0	0	0	0	0	0
OG0006676	2	0	0	0	0	0	0	0	0	0	0	1	0	0	0	0	0
OG0006677	0	0	1	0	0	1	0	0	0	0	0	0	0	0	0	0	0
OG0006678	2	0	0	0	1	0	0	0	0	0	-1	0	0	0	0	0	0
OG0006679	0	1	0	-1	1	1	0	0	0	0	0	0	0	0	0	0	0
OG0006680	0	0	0	0	1	0	0	0	0	0	0	1	0	0	0	0	0
OG0006681	0	0	2	0	0	0	0	0	0	0	0	1	0	0	0	0	0
OG0006682	3	0	0	0	0	0	0	0	0	0	-1	0	0	0	0	0	0
OG0006683	1	0	1	-1	0	1	0	0	0	0	0	0	0	0	0	0	0
OG0006684	0	0	-1	-1	0	0	0	0	-1	0	0	0	0	0	0	-1	0
OG0006685	1	0	0	0	1	0	-1	0	0	0	0	0	0	0	0	0	1
OG0006686	2	1	0	0	1	0	0	0	0	0	0	0	0	0	0	0	0
OG0006687	1	3	0	0	0	0	0	0	0	0	0	0	0	0	0	0	0
OG0006688	1	1	0	0	2	0	0	0	0	0	0	0	0	0	0	0	0
OG0006689	0	0	0	0	0	0	0	0	0	0	0	0	0	-1	0	0	0
OG0006690	2	0	0	0	0	0	1	0	0	0	-1	0	0	0	0	0	0
OG0006691	2	0	0	0	1	0	0	0	0	0	-1	0	0	0	0	0	0
OG0006692	0	0	0	2	2	0	0	0	0	0	0	0	0	0	0	0	0
OG0006693	0	1	0	0	0	1	0	0	0	0	0	0	0	0	0	0	0
OG0006694	0	0	1	2	0	1	0	0	-1	0	0	0	0	0	0	0	0
OG0006695	0	0	0	-1	0	-2	0	0	-1	0	1	0	0	0	0	0	0
OG0006696	0	0	0	1	0	0	0	0	0	0	1	0	0	0	-1	0	0
OG0006697	0	4	0	0	0	0	0	0	0	0	0	0	0	0	0	0	0
OG0006698	0	4	0	0	0	0	0	0	0	0	0	0	0	0	0	0	0
OG0006699	0	5	0	0	0	0	0	0	-1	0	0	0	0	0	0	0	0
OG0006700	1	0	0	-1	1	1	0	0	0	0	0	0	0	0	0	0	0
OG0006701	1	0	0	0	0	0	0	0	0	0	0	0	0	0	0	0	1
OG0006702	0	0	0	-1	0	-2	-1	0	0	0	0	0	0	0	0	0	0
OG0006703	0	0	1	0	0	0	1	0	0	0	1	0	0	-1	0	0	0
OG0006704	0	0	1	0	0	1	0	0	0	0	0	0	0	0	0	0	0
OG0006705	0	0	0	0	0	0	3	0	0	0	0	0	0	0	0	0	0
OG0006706	1	1	0	0	0	0	0	0	0	0	0	1	0	0	0	0	0
OG0006707	0	0	0	-1	0	2	0	0	0	0	0	0	0	0	0	0	0
OG0006708	3	0	0	1	0	0	0	0	-1	0	-1	0	0	0	0	0	0
OG0006709	0	0	0	0	0	0	0	0	0	0	1	0	0	0	-1	0	0
OG0006710	1	0	0	0	0	1	1	0	0	0	0	0	0	0	0	0	0
OG0006711	1	0	-1	1	0	0	0	0	-1	0	0	0	0	-1	0	0	0
OG0006712	1	3	0	0	0	0	0	0	0	0	0	0	0	0	0	0	0
OG0006713	0	0	0	0	0	0	0	0	0	0	0	0	0	0	0	1	0
OG0006714	0	0	0	0	0	1	0	0	0	0	0	0	0	0	0	0	0
OG0006715	0	0	0	0	0	0	0	0	0	0	0	0	0	0	0	0	1
OG0006716	1	0	0	3	0	0	0	0	0	0	0	0	0	0	0	0	0
OG0006717	1	3	0	0	0	0	0	0	0	0	0	0	0	0	0	0	0
OG0006718	1	0	-1	2	0	0	0	0	-1	0	0	0	0	-1	0	0	0
OG0006719	0	1	0	0	0	1	0	0	0	0	0	0	0	0	0	0	0
OG0006720	1	0	0	0	0	0	-1	0	0	0	0	0	0	0	0	0	1
OG0006721	0	0	1	0	0	0	-1	0	0	0	0	0	0	0	0	0	1
OG0006722	0	0	0	0	0	0	5	0	0	0	0	0	0	0	0	0	0
OG0006723	0	1	0	0	0	1	0	0	0	0	0	0	0	0	0	0	0
OG0006724	1	1	0	0	0	0	2	0	0	0	0	0	0	0	0	0	0
OG0006725	0	0	0	0	0	0	0	0	0	0	0	0	0	-1	0	0	0
OG0006726	0	1	0	0	0	-2	0	0	0	0	0	0	0	0	0	0	-1
OG0006727	1	-1	0	0	0	0	0	0	0	0	0	0	0	-1	0	0	0
OG0006728	1	1	0	0	0	0	0	0	0	0	0	1	0	0	0	0	0
OG0006729	2	2	0	0	0	0	0	0	0	0	0	0	0	0	0	0	0
OG0006730	2	0	0	0	0	0	0	0	0	0	0	1	0	0	0	0	0
OG0006731	0	0	0	1	0	1	0	0	0	0	0	0	0	0	0	0	0
OG0006732	0	0	0	0	2	0	0	0	0	0	0	-1	0	0	-1	0	0
OG0006733	1	0	0	0	1	0	-1	1	-1	0	0	-1	0	0	-1	0	0
OG0006734	1	0	-1	0	0	0	0	0	0	0	0	0	0	-1	0	0	0
OG0006735	0	0	0	0	0	0	0	0	0	0	0	0	0	-1	0	0	0
OG0006736	0	6	0	0	0	0	0	0	-1	0	0	0	0	0	0	0	0
OG0006737	0	0	0	0	0	0	4	0	0	0	0	0	0	0	0	0	0
OG0006738	0	0	0	1	0	1	0	0	0	0	0	0	0	0	0	0	0
OG0006739	0	0	0	0	0	0	0	0	0	0	0	0	0	0	0	1	0
OG0006740	1	0	0	0	0	0	0	0	0	0	0	1	0	0	0	0	0
OG0006741	0	0	0	0	0	1	0	0	0	0	0	0	0	0	0	0	0
OG0006742	0	0	0	1	0	0	0	0	1	0	0	0	0	0	0	0	0
OG0006743	1	0	0	0	0	0	0	0	1	0	0	1	0	0	0	0	0
OG0006744	0	0	0	0	0	0	0	0	0	0	0	0	0	-1	0	0	0
OG0006745	1	4	0	0	0	0	0	0	0	0	0	0	0	0	0	0	0
OG0006746	0	-2	0	-2	0	0	0	0	0	0	0	0	0	0	0	0	-1
OG0006747	0	1	0	0	0	0	-1	0	0	0	0	0	0	0	-1	0	0
OG0006748	1	-1	0	0	-1	1	3	0	0	0	0	0	0	0	0	0	0
OG0006749	0	0	0	0	0	-1	0	0	-1	0	0	0	0	1	0	0	0
OG0006750	0	4	0	0	0	0	0	0	1	0	0	0	0	0	0	0	0
OG0006751	1	0	0	0	0	0	0	-1	0	0	0	0	0	0	0	1	0
OG0006752	2	1	0	0	0	0	0	0	0	0	-1	0	0	0	0	0	0
OG0006753	0	4	0	0	0	0	0	0	0	0	0	0	0	0	0	0	0
OG0006754	0	0	0	0	1	0	1	0	0	0	0	1	0	0	0	0	0
OG0006755	1	3	0	0	0	0	0	0	0	0	0	0	0	0	0	0	0
OG0006756	0	4	0	0	0	0	0	0	0	0	0	0	0	0	0	0	0
OG0006757	0	0	0	0	0	0	0	0	0	0	0	0	0	-1	0	0	0
OG0006758	0	0	0	0	0	0	0	0	0	0	0	0	0	0	0	1	0
OG0006759	1	4	0	-1	0	0	0	0	0	0	0	0	0	0	0	0	0
OG0006760	1	1	0	0	0	0	0	0	0	0	0	1	0	0	0	0	0
OG0006761	1	0	-1	0	0	0	0	-1	1	0	0	0	0	-1	0	0	0
OG0006762	1	1	0	0	0	0	2	0	0	0	0	0	0	0	0	0	0
OG0006763	1	1	0	0	2	0	0	0	0	0	0	0	0	0	0	0	0
OG0006764	0	0	0	0	0	0	0	0	0	0	0	0	0	0	0	0	1
OG0006765	0	0	0	-1	0	0	0	0	0	0	1	0	0	0	0	-1	0
OG0006766	0	5	0	-1	0	0	0	0	0	0	0	0	0	0	0	0	0
OG0006767	1	0	0	0	0	0	0	0	0	0	0	0	0	0	0	0	1
OG0006768	1	3	0	0	0	0	0	0	0	0	0	0	0	0	0	0	0
OG0006769	0	0	0	0	0	-1	1	0	0	0	0	0	0	0	0	1	0
OG0006770	0	0	0	0	0	1	0	0	0	0	0	0	0	0	0	0	0
OG0006771	1	3	0	0	0	0	0	0	0	0	0	0	0	0	0	0	0
OG0006772	2	1	0	0	0	0	0	0	0	0	-1	0	0	0	0	0	0
OG0006773	1	1	0	0	0	1	0	0	0	0	0	0	0	0	0	0	0
OG0006774	1	1	0	0	0	1	0	0	0	0	0	0	0	0	0	0	0
OG0006775	2	0	1	0	1	0	0	0	0	0	-1	0	0	0	0	0	0
OG0006776	0	0	0	0	0	0	0	0	1	0	0	0	0	0	0	0	0
OG0006777	0	0	1	0	0	0	0	-1	0	0	0	0	0	0	0	1	0
OG0006778	0	0	1	0	0	0	0	0	0	0	0	0	0	-1	0	0	0
OG0006779	2	1	0	0	1	0	0	0	0	0	0	0	0	0	0	0	0
OG0006780	1	3	0	0	0	0	0	0	0	0	0	0	0	0	0	0	0
OG0006781	0	0	0	-1	0	0	-1	0	-1	0	1	0	0	0	0	-1	0
OG0006782	0	0	0	0	0	0	2	0	0	0	0	1	0	0	0	0	0
OG0006783	0	4	0	0	0	0	0	0	0	0	0	0	0	0	0	0	0
OG0006784	0	4	0	0	0	0	0	0	0	0	0	0	0	0	0	0	0
OG0006785	0	3	0	1	0	0	0	0	0	0	0	0	0	0	0	0	0
OG0006786	1	0	0	0	0	1	0	0	0	0	0	0	0	0	0	0	0
OG0006787	1	0	3	0	0	0	-1	0	0	0	0	0	0	0	0	0	0
OG0006788	0	1	0	0	0	1	0	0	1	0	0	0	0	0	0	0	0
OG0006789	0	3	0	-1	2	0	0	0	0	0	0	0	0	0	0	0	0
OG0006790	2	1	0	0	0	0	0	0	0	0	-1	0	0	0	0	0	0
OG0006791	0	-1	0	0	0	0	-1	1	-1	0	0	0	0	0	-1	0	0
OG0006792	0	0	0	0	0	-1	0	0	0	0	0	-1	0	0	0	0	-1
OG0006793	1	2	0	0	0	0	0	0	0	0	0	0	0	0	0	0	0
OG0006794	0	0	0	0	0	0	0	-1	0	0	0	0	0	0	0	1	0
OG0006795	1	0	0	-1	0	0	0	0	0	0	0	0	0	0	0	1	0
OG0006796	0	0	-1	0	0	0	0	0	0	0	0	0	0	0	-1	0	0
OG0006797	1	0	0	1	0	1	0	0	0	0	0	0	0	0	0	0	0
OG0006798	0	4	0	0	0	0	0	0	0	0	0	0	0	0	0	0	0
OG0006799	1	0	1	0	0	0	0	1	-1	0	0	0	0	0	0	0	0
OG0006800	1	1	0	0	1	0	0	1	-1	0	0	1	0	0	0	0	0
OG0006801	0	0	0	0	0	0	0	0	0	0	0	0	0	0	0	0	1
OG0006802	0	3	0	-1	0	0	0	0	0	0	0	1	0	0	0	0	0
OG0006803	1	0	0	0	0	1	0	0	1	0	0	0	0	0	0	0	0
OG0006804	0	4	0	0	0	0	0	0	0	0	0	0	0	0	0	0	0
OG0006805	0	1	0	0	0	0	0	0	1	0	0	0	0	0	0	0	0
OG0006806	2	0	0	0	0	0	0	0	0	0	-1	0	0	0	0	0	0
OG0006807	1	1	0	0	0	0	0	0	0	0	0	1	0	0	0	0	0
OG0006808	0	4	0	0	0	0	0	0	0	0	0	0	0	0	0	0	0
OG0006809	0	0	0	0	0	1	1	0	0	0	0	0	0	0	0	0	0
OG0006810	0	1	0	0	0	1	0	0	0	0	0	1	0	0	0	0	0
OG0006811	0	0	0	0	0	-1	0	-1	0	0	0	0	0	1	0	0	0
OG0006812	0	0	0	0	1	0	0	0	0	0	0	1	0	0	0	0	0
OG0006813	0	0	0	0	0	0	-1	0	0	0	0	1	0	0	0	0	1
OG0006814	0	1	0	0	0	0	0	0	0	0	0	0	0	0	0	0	1
OG0006815	0	0	0	0	0	0	0	0	0	0	0	0	0	-1	0	0	0
OG0006816	1	0	-1	0	0	0	0	0	0	0	0	0	0	-1	0	0	0
OG0006817	0	-1	0	0	0	0	0	0	0	0	0	0	0	0	-1	0	0
OG0006818	0	4	0	0	0	0	0	0	0	0	0	0	0	0	0	0	0
OG0006819	0	3	0	0	0	0	0	0	1	0	0	0	0	0	0	0	0
OG0006820	0	0	0	0	0	1	0	1	0	0	0	0	0	0	0	0	0
OG0006821	0	0	0	2	0	0	0	1	0	0	0	0	0	0	0	0	0
OG0006822	0	0	0	0	0	0	0	0	0	0	0	0	0	0	0	0	1
OG0006823	0	3	0	0	0	0	2	0	-1	0	0	0	0	0	0	0	0
OG0006824	0	1	0	0	0	1	0	0	0	0	0	0	0	0	0	0	0
OG0006825	0	1	0	2	0	0	0	0	0	0	0	0	0	0	0	0	0
OG0006826	0	0	0	0	1	0	2	0	0	0	0	0	0	0	0	0	0
OG0006827	0	0	0	0	0	0	0	0	0	0	1	0	0	-1	0	0	0
OG0006828	2	0	1	-1	0	0	0	0	1	0	0	0	0	0	0	0	0
OG0006829	0	0	0	0	0	0	0	0	0	0	1	0	0	0	-1	0	0
OG0006830	0	0	0	0	0	0	5	-1	0	0	0	-1	0	0	0	1	0
OG0006831	1	0	0	0	1	0	0	0	0	0	0	1	0	0	0	0	0
OG0006832	0	0	0	1	0	0	3	0	0	0	0	0	0	0	0	0	0
OG0006833	0	1	0	0	0	0	0	0	0	0	0	0	0	-1	0	0	0
OG0006834	0	0	0	0	0	1	1	0	0	0	0	0	0	0	0	0	0
OG0006835	0	0	-1	1	0	0	0	0	0	0	0	0	0	0	-1	0	0
OG0006836	1	0	1	0	0	0	1	0	0	0	0	0	0	0	0	0	0
OG0006837	0	1	0	0	0	0	0	-1	0	0	0	0	0	0	0	1	0
OG0006838	1	6	0	0	0	0	0	0	0	0	0	0	0	0	0	0	-1
OG0006839	0	1	-1	0	0	0	0	0	0	0	0	0	0	-1	0	0	0
OG0006840	0	4	0	0	0	0	0	0	0	0	0	0	0	0	0	0	0
OG0006841	0	1	0	0	0	0	0	0	0	0	0	0	0	0	0	-2	0
OG0006842	0	1	0	0	0	0	0	0	0	0	1	0	0	0	-1	0	0
OG0006843	0	0	0	0	0	0	0	-1	0	0	0	0	0	0	0	1	0
OG0006844	0	0	0	0	0	0	0	1	0	0	0	0	0	0	0	0	0
OG0006845	0	0	-1	0	0	0	0	0	0	0	0	0	0	0	-1	0	0
OG0006846	0	1	0	0	0	0	0	0	0	0	1	0	0	-1	0	0	0
OG0006847	0	0	0	0	0	0	0	-1	0	0	0	0	0	0	0	1	0
OG0006848	0	0	0	0	0	1	0	0	0	0	0	0	0	0	0	0	0
OG0006849	0	2	0	0	0	0	0	0	0	0	0	1	0	0	0	0	0
OG0006850	0	0	0	0	0	-1	0	0	0	0	0	0	0	0	0	1	0
OG0006851	1	1	0	0	0	1	-1	0	0	0	0	0	0	0	0	0	0
OG0006852	0	0	0	0	0	0	0	0	0	0	1	0	0	0	-1	0	0
OG0006853	0	5	0	-1	0	0	0	0	0	0	0	0	0	0	0	0	0
OG0006854	0	0	0	-1	-1	-1	-1	5	-1	0	0	-1	0	0	0	0	0
OG0006855	0	0	1	0	0	0	0	0	0	0	0	0	0	0	0	0	1
OG0006856	0	0	-1	1	0	0	0	0	0	0	1	0	0	0	-1	0	0
OG0006857	1	0	1	0	0	0	0	0	1	0	0	0	0	0	0	0	0
OG0006858	1	0	0	0	0	0	0	0	1	0	0	0	0	0	0	0	0
OG0006859	0	1	0	0	0	1	0	0	0	0	0	0	0	0	0	0	0
OG0006860	1	1	0	-1	0	1	-1	0	0	0	0	0	0	0	0	0	0
OG0006861	0	-1	0	0	0	0	-1	0	0	0	0	0	0	0	-1	0	0
OG0006862	0	0	0	1	0	0	0	0	0	0	1	0	0	-1	0	0	0
OG0006863	0	0	0	-1	0	0	1	0	0	0	0	1	0	0	0	0	0
OG0006864	0	1	0	0	0	0	0	0	0	0	0	0	0	0	0	0	1
OG0006865	0	1	0	0	0	-2	0	0	-2	0	1	0	0	0	0	0	0
OG0006866	0	1	0	0	0	0	0	0	0	0	0	0	0	0	0	0	1
OG0006867	0	1	0	0	0	0	0	0	-1	0	0	0	0	0	0	1	0
OG0006868	0	0	1	1	0	1	-1	0	0	0	0	0	0	0	0	0	0
OG0006869	0	1	0	0	0	0	-1	0	0	0	0	0	0	0	0	0	1
OG0006870	0	-1	0	0	1	0	0	0	0	0	1	0	0	0	-1	0	0
OG0006871	0	0	1	-1	0	-1	7	0	0	0	0	0	0	0	0	0	0
OG0006872	0	1	0	-1	0	0	0	0	-1	0	1	0	0	0	0	-1	0
OG0006873	0	0	0	-1	0	1	0	0	0	0	0	1	0	0	0	0	0
OG0006874	0	0	0	0	0	0	0	1	0	0	0	0	0	0	0	0	0
OG0006875	0	0	0	0	0	0	0	0	0	0	0	0	0	0	0	0	1
OG0006876	0	0	0	-1	-1	-1	16	0	0	0	0	-1	0	0	0	0	-1
OG0006877	0	1	0	0	0	0	0	0	0	0	1	0	0	-1	0	0	0
OG0006878	0	1	0	0	0	1	0	0	0	0	0	0	0	0	0	0	0
OG0006879	0	0	1	0	0	0	-1	0	0	0	0	0	0	0	0	0	1
OG0006880	2	3	0	0	0	0	0	0	-1	0	0	1	0	0	0	0	0
OG0006881	0	2	0	0	0	0	0	0	0	0	1	0	0	-1	0	0	0
OG0006882	0	0	0	0	0	0	-1	0	0	0	0	0	0	0	0	0	1
OG0006883	0	0	0	-1	0	0	0	-1	0	0	0	0	0	0	1	0	0
OG0006884	0	0	1	0	0	0	0	0	0	0	0	1	0	0	0	0	0
OG0006885	0	0	1	1	0	1	0	0	0	0	0	0	0	0	0	0	0
OG0006886	0	1	0	0	0	1	0	0	0	0	0	0	0	0	0	0	0
OG0006887	0	0	1	0	0	0	-1	0	0	0	0	0	0	0	0	0	1
OG0006888	0	1	0	0	0	1	0	0	1	0	0	0	0	0	0	0	0
OG0006889	0	0	0	0	0	0	-1	0	1	0	1	-1	0	0	0	-1	0
OG0006890	0	1	0	1	0	1	0	0	-1	0	0	0	0	0	0	0	0
OG0006891	0	1	0	0	0	0	0	0	0	0	1	0	0	0	0	-1	-1
OG0006892	0	0	1	-1	0	0	0	-1	0	0	0	0	0	1	0	0	0
OG0006893	0	0	0	0	1	1	0	0	0	0	0	0	0	0	0	0	0
OG0006894	0	0	0	0	1	1	0	0	0	0	0	0	0	0	0	0	0
OG0006895	0	4	0	0	0	0	0	0	0	0	0	0	0	0	0	0	0
OG0006896	0	0	0	0	0	2	0	0	-1	0	0	0	0	0	0	0	0
OG0006897	0	1	0	-1	0	0	0	0	0	0	0	0	0	0	0	1	0
OG0006898	0	3	0	-1	0	0	0	0	0	0	0	1	0	0	0	0	0
OG0006899	0	0	-1	0	0	-1	0	0	0	0	1	0	0	0	0	0	-1
OG0006900	0	1	0	0	0	0	0	0	1	0	0	0	0	0	0	0	0
OG0006901	0	0	0	-1	0	0	0	0	0	0	0	0	0	0	0	0	1
OG0006902	0	4	0	0	0	0	0	0	0	0	0	0	0	0	0	0	0
OG0006903	0	3	0	0	1	0	0	0	0	0	0	0	0	0	0	0	0
OG0006904	0	0	0	-1	2	0	4	0	0	0	0	-1	0	0	0	0	0
OG0006905	0	-1	0	-1	0	-1	-1	4	-1	0	0	0	0	0	0	0	0
OG0007009	4	1	0	0	0	0	0	0	-1	0	-1	0	0	0	0	0	0
OG0007010	0	0	0	0	0	0	0	0	0	0	1	0	0	-1	0	0	0
OG0007011	1	-1	0	-1	0	0	2	0	0	0	0	0	0	0	0	0	0
OG0007012	2	2	-1	0	0	0	0	0	0	0	0	0	0	0	0	0	0
OG0007013	0	4	0	-1	0	0	0	0	0	0	0	0	0	0	0	0	0
OG0007014	2	1	0	0	0	0	0	0	0	0	0	0	0	0	0	0	0
OG0007015	1	1	0	0	0	0	0	0	-1	0	0	1	0	0	0	0	0
OG0007016	1	0	0	-1	0	0	0	0	-1	0	0	0	0	0	0	1	0
OG0007017	0	0	0	0	0	1	0	0	0	0	0	0	0	0	0	0	0
OG0007018	2	0	0	0	0	0	0	0	0	0	-1	0	0	0	0	0	0
OG0007019	0	0	0	-1	1	0	0	0	0	0	0	0	0	0	0	0	1
OG0007020	2	1	0	0	0	0	0	0	0	0	0	0	0	0	0	0	0
OG0007021	2	1	0	0	0	0	0	0	0	0	0	0	0	0	0	0	0
OG0007022	2	0	0	1	0	0	0	0	0	0	0	0	0	0	0	0	0
OG0007023	1	1	0	0	0	0	0	0	-1	0	0	1	0	0	0	0	0
OG0007024	2	1	0	-1	0	0	0	0	0	0	-1	0	0	0	0	0	0
OG0007025	3	0	1	0	1	-1	0	0	0	0	-1	0	0	0	0	0	0
OG0007026	2	1	0	0	0	0	0	0	0	0	0	0	0	0	0	0	0
OG0007027	0	0	0	0	0	1	0	0	0	0	0	0	0	0	0	0	0
OG0007028	0	1	0	1	0	1	0	0	-1	0	0	0	0	0	0	0	0
OG0007029	2	0	0	0	0	0	0	0	0	0	-1	0	0	0	0	0	0
OG0007030	0	0	0	0	0	0	0	0	0	0	1	0	0	-1	0	0	0
OG0007031	1	0	0	0	0	0	3	0	0	0	0	0	0	0	0	0	0
OG0007032	1	1	0	0	1	0	0	0	-1	0	0	1	0	0	0	0	0
OG0007033	0	0	0	0	0	0	1	0	0	0	0	1	0	0	0	0	0
OG0007034	1	0	0	0	0	0	0	-1	0	0	0	0	0	-1	0	0	0
OG0007035	0	0	0	0	0	0	0	0	0	0	0	0	0	-1	0	0	0
OG0007036	0	0	0	0	0	1	0	0	0	0	0	0	0	0	0	0	0
OG0007037	0	1	0	0	0	0	0	0	0	0	0	1	0	0	0	0	0
OG0007038	0	1	0	0	0	0	0	1	0	0	0	0	0	0	0	0	0
OG0007039	2	0	0	0	0	0	0	0	0	0	-1	0	0	0	0	0	0
OG0007040	1	0	0	0	0	0	0	0	1	0	0	0	0	0	0	0	0
OG0007041	0	2	0	1	0	0	0	0	0	0	0	0	0	0	0	0	0
OG0007042	0	1	-1	0	0	0	-1	0	0	0	1	0	0	0	-1	0	0
OG0007043	1	1	0	-1	0	-1	0	0	0	0	0	0	0	0	-1	0	0
OG0007044	2	1	0	0	0	0	0	0	0	0	0	0	0	0	0	0	0
OG0007045	1	3	0	-1	0	0	0	0	0	0	0	0	0	0	0	0	0
OG0007046	0	0	1	0	0	0	0	1	0	0	0	0	0	0	0	0	0
OG0007047	1	3	0	0	1	0	0	0	0	0	0	0	0	0	0	0	0
OG0007048	0	0	1	-1	1	0	0	0	0	0	0	1	0	0	0	0	0
OG0007049	1	0	0	0	0	0	0	0	0	0	0	1	0	0	0	0	0
OG0007050	1	0	0	0	0	0	0	0	0	0	0	1	0	0	0	0	0
OG0007051	3	0	0	0	0	0	0	0	0	0	-1	0	0	0	0	0	0
OG0007052	3	1	0	0	0	0	0	0	-1	0	-1	0	0	0	0	0	0
OG0007053	2	1	0	0	0	0	0	0	0	0	-1	0	0	0	0	0	0
OG0007054	2	0	0	0	0	-1	-1	2	0	0	0	0	0	0	0	0	0
OG0007055	1	0	0	0	0	1	0	0	0	0	0	0	0	0	0	0	0
OG0007056	0	1	0	0	0	0	0	0	0	0	0	1	0	0	0	0	0
OG0007057	2	1	0	-1	0	0	0	0	0	0	0	0	0	0	0	0	0
OG0007058	0	-1	0	0	0	0	0	0	0	0	0	0	0	-1	0	0	0
OG0007059	1	-1	0	1	1	0	0	0	0	0	0	0	0	0	0	0	0
OG0007060	0	0	1	0	0	0	-1	0	-1	0	0	0	0	-1	0	0	0
OG0007061	0	0	0	0	0	0	0	0	0	0	1	0	0	-1	0	0	0
OG0007062	0	0	0	0	0	0	3	0	0	0	0	0	0	0	0	0	0
OG0007063	0	0	0	-1	6	0	3	0	0	0	0	-1	0	0	0	0	-1
OG0007064	0	2	0	0	0	0	-1	0	0	0	0	1	0	0	0	0	0
OG0007065	1	1	0	0	0	0	0	0	0	0	0	0	0	0	0	0	0
OG0007066	0	4	0	1	0	0	0	-1	0	0	0	0	0	0	0	0	0
OG0007067	0	0	0	1	0	-1	0	0	0	0	0	0	0	0	-1	0	0
OG0007068	0	0	0	0	0	0	0	0	0	0	1	0	0	-1	0	0	0
OG0007069	0	0	0	0	0	0	0	0	0	0	1	0	0	-1	0	0	0
OG0007070	2	0	1	0	0	0	0	0	0	0	0	0	0	0	0	0	0
OG0007071	1	2	0	0	0	0	0	0	0	0	0	0	0	0	0	0	0
OG0007072	0	0	2	1	0	0	0	0	0	0	0	0	0	0	0	0	0
OG0007073	2	1	0	0	0	0	0	0	0	0	-1	0	0	0	0	0	0
OG0007074	0	0	0	0	0	0	0	0	0	0	0	0	0	-1	0	0	0
OG0007075	2	0	0	0	-1	0	0	0	0	0	0	0	-1	0	0	0	0
OG0007076	0	0	0	0	0	0	0	0	0	0	0	0	0	0	0	0	1
OG0007077	0	1	0	0	0	0	0	0	0	0	0	1	0	0	0	0	0
OG0007078	2	0	0	0	0	0	0	0	0	0	-1	0	0	0	0	0	0
OG0007079	2	0	0	-1	0	0	0	0	0	0	0	1	0	0	0	0	0
OG0007080	0	3	0	0	0	0	-1	0	0	0	0	0	0	0	0	0	0
OG0007081	2	0	1	0	0	0	0	0	0	0	0	0	0	0	0	0	0
OG0007082	2	1	0	-1	0	0	0	0	0	0	-1	0	0	0	0	0	0
OG0007083	2	1	0	0	0	0	0	0	0	0	0	0	0	0	0	0	0
OG0007084	0	0	0	1	1	0	0	0	0	0	0	0	0	0	0	0	0
OG0007085	0	1	0	-1	2	0	0	0	1	0	0	0	0	0	0	0	0
OG0007086	1	0	0	0	0	0	0	0	0	0	0	1	0	0	0	0	0
OG0007087	0	2	0	-1	0	0	1	0	0	0	0	0	0	0	0	0	0
OG0007088	0	4	0	-1	0	0	0	0	0	0	0	0	0	0	0	0	0
OG0007089	0	0	0	0	1	0	0	1	0	0	0	0	0	0	0	0	0
OG0007090	2	0	0	0	0	0	0	0	0	0	-1	0	0	0	0	0	0
OG0007091	0	4	0	-1	0	0	0	0	0	0	0	0	0	0	0	0	0
OG0007092	2	1	0	0	0	0	0	0	0	0	0	0	0	0	0	0	0
OG0007093	1	2	0	0	0	0	0	0	0	0	0	0	0	0	0	0	0
OG0007094	0	0	0	0	1	1	0	0	0	0	0	0	0	0	0	0	0
OG0007095	2	1	0	0	0	0	0	0	0	0	0	0	0	0	0	0	0
OG0007096	0	0	0	0	0	-1	0	0	-2	0	0	0	0	1	0	0	0
OG0007097	0	0	0	-1	0	0	0	0	0	0	0	2	0	0	0	0	0
OG0007098	1	0	2	0	0	0	0	0	0	0	0	0	0	0	0	0	0
OG0007099	5	0	0	0	0	-1	0	0	0	0	-1	0	0	0	0	0	0
OG0007100	1	2	0	0	0	0	0	0	0	0	0	0	0	0	0	0	0
OG0007101	2	0	0	0	0	0	0	0	0	0	-1	0	0	0	0	0	0
OG0007102	0	0	0	1	0	0	2	0	0	0	0	0	0	0	0	0	0
OG0007103	2	0	0	0	0	0	0	0	0	0	-1	0	0	0	0	0	0
OG0007104	0	1	0	1	0	0	-1	0	1	0	0	0	0	0	0	0	0
OG0007105	2	0	0	0	0	0	0	0	0	0	-1	0	0	0	0	0	0
OG0007106	2	1	0	0	0	0	0	0	0	0	0	0	0	0	0	0	0
OG0007107	1	1	0	0	0	0	0	0	0	0	0	0	0	0	0	0	0
OG0007108	0	-1	0	0	0	0	0	0	0	0	0	0	0	-1	0	0	0
OG0007110	0	0	0	0	0	1	0	0	1	0	0	0	0	0	0	0	0
OG0007111	0	0	0	0	1	0	0	0	0	0	0	1	0	0	0	0	0
OG0007112	0	1	0	0	0	0	0	0	0	0	0	1	0	0	0	0	0
OG0007113	0	3	0	0	0	0	0	0	0	0	0	0	0	0	0	0	0
OG0007114	0	0	0	1	0	0	0	0	1	0	0	0	0	0	0	0	0
OG0007115	2	1	0	0	0	0	0	0	0	0	0	0	0	0	0	0	0
OG0007116	0	0	1	1	0	0	0	0	0	0	0	0	0	0	0	0	0
OG0007117	1	0	0	-1	0	0	0	0	0	0	0	0	0	0	0	0	1
OG0007118	0	0	0	-1	0	-1	1	-1	0	0	0	1	0	0	0	1	0
OG0007119	1	1	0	0	0	0	0	0	0	0	0	0	0	0	0	0	0
OG0007120	2	0	0	0	0	0	0	0	0	0	-1	0	0	0	0	0	0
OG0007121	0	1	0	0	0	1	0	0	0	0	0	0	0	0	0	0	0
OG0007122	1	0	0	0	0	0	0	0	0	0	0	1	0	0	0	0	0
OG0007123	2	1	0	0	0	0	0	0	0	0	0	0	0	0	0	0	0
OG0007124	0	0	0	0	0	0	0	0	0	0	1	0	0	-1	0	0	0
OG0007125	0	3	0	0	0	0	0	0	0	0	0	0	0	0	0	0	0
OG0007126	1	1	0	0	0	0	0	0	0	0	0	0	0	0	0	0	0
OG0007127	1	0	0	-1	0	0	2	0	0	0	0	0	0	0	0	0	0
OG0007128	2	0	0	0	0	0	0	0	0	0	-1	0	0	0	0	0	0
OG0007129	0	1	-1	1	0	0	0	0	-1	0	0	0	0	-1	0	0	0
OG0007130	0	2	0	0	0	0	0	0	0	0	0	0	0	0	0	0	0
OG0007131	0	0	0	0	0	0	3	0	0	0	0	0	0	0	0	0	0
OG0007133	3	1	0	0	0	0	-1	0	-1	0	-1	0	0	0	0	0	0
OG0007134	0	0	0	0	0	0	0	0	0	0	1	0	0	-1	0	0	0
OG0007135	1	1	0	0	1	0	0	0	0	0	0	0	0	0	0	0	0
OG0007136	2	1	0	0	0	0	0	0	0	0	0	0	0	0	0	0	0
OG0007137	2	0	0	0	0	0	0	0	0	0	-1	0	0	0	0	0	0
OG0007138	0	3	0	0	0	0	0	0	0	0	0	0	0	0	0	0	0
OG0007139	0	-1	0	0	1	0	1	0	0	0	0	0	0	0	0	0	0
OG0007140	1	1	0	-1	1	0	1	0	0	0	0	0	0	0	0	0	0
OG0007141	1	0	0	0	0	1	0	0	-1	0	0	0	0	0	0	0	0
OG0007142	1	0	0	0	0	1	0	1	-1	0	0	0	0	0	0	0	0
OG0007143	0	0	0	0	0	0	0	0	0	0	0	0	0	0	0	0	1
OG0007144	1	1	0	-1	0	0	0	0	1	0	0	0	0	0	0	0	0
OG0007145	3	0	-1	-1	0	0	0	0	0	0	-1	0	0	0	0	0	0
OG0007146	2	0	0	1	0	0	0	0	0	0	0	0	0	0	0	0	0
OG0007147	2	0	2	-1	0	0	0	0	0	0	0	0	0	0	0	0	0
OG0007148	0	0	0	1	0	0	1	0	-1	0	0	0	0	0	0	0	0
OG0007149	2	0	0	0	0	0	0	0	0	0	-1	0	0	0	0	0	0
OG0007150	0	2	0	0	0	0	1	0	0	0	0	0	0	0	0	0	0
OG0007151	0	0	0	0	0	0	0	-1	0	0	0	0	0	0	0	1	0
OG0007152	1	0	1	0	1	0	0	0	0	0	0	0	0	0	0	0	0
OG0007153	1	0	0	0	0	0	0	0	0	0	0	1	0	0	0	0	0
OG0007154	0	0	0	0	1	0	0	0	0	0	0	1	0	0	0	0	0
OG0007155	1	1	0	0	0	1	0	0	0	0	0	0	0	0	0	0	0
OG0007156	2	0	1	-1	0	0	0	0	0	0	-1	0	0	0	0	0	0
OG0007157	0	0	-1	0	0	0	0	0	0	0	1	0	0	0	-1	0	0
OG0007158	2	0	0	0	0	0	0	0	0	0	-1	0	0	0	0	0	0
OG0007159	0	0	-1	0	0	0	0	0	0	0	0	0	0	-1	0	0	0
OG0007160	2	0	0	1	0	0	-1	0	0	0	-1	0	0	0	0	0	0
OG0007161	0	1	-1	0	0	0	0	0	-1	0	0	0	0	0	-1	0	0
OG0007162	0	0	0	0	0	0	0	0	0	0	1	0	0	-1	0	0	0
OG0007163	2	1	0	-1	0	0	0	0	0	0	0	0	0	0	0	0	0
OG0007164	0	0	0	3	0	0	0	0	0	0	0	0	0	0	0	0	0
OG0007165	0	0	0	0	0	0	2	0	0	0	0	0	0	0	0	0	0
OG0007166	0	0	0	0	0	0	0	0	1	0	0	0	0	0	0	0	0
OG0007167	2	0	0	0	0	0	0	0	0	0	-1	0	0	0	0	0	0
OG0007168	4	0	-1	2	0	0	0	0	0	0	-1	0	0	0	0	0	-1
OG0007169	3	0	0	0	0	0	0	0	0	0	-1	0	0	0	0	0	0
OG0007170	2	3	0	0	0	-1	0	0	0	0	-1	0	0	0	0	0	0
OG0007171	0	0	0	1	0	0	0	0	1	0	0	0	0	0	0	0	0
OG0007172	1	1	0	0	1	0	0	0	0	0	0	0	0	0	0	0	0
OG0007173	0	0	0	-1	1	1	0	0	0	0	0	0	0	0	0	0	0
OG0007174	1	2	0	0	0	0	0	0	0	0	0	0	0	0	0	0	0
OG0007175	1	0	0	0	0	-1	0	0	1	0	0	1	0	0	0	0	0
OG0007176	1	1	0	-1	0	0	0	0	0	0	0	1	0	0	0	0	0
OG0007177	0	0	0	0	0	-1	0	-1	0	0	0	-1	0	0	0	0	-1
OG0007178	0	0	0	0	1	0	0	0	0	0	0	1	0	0	0	0	0
OG0007179	0	0	0	0	0	0	0	0	0	0	0	0	0	-1	0	0	0
OG0007180	0	1	0	0	0	0	0	1	0	0	0	0	0	0	0	0	0
OG0007181	0	0	0	0	0	0	0	0	0	0	1	0	0	-1	0	0	0
OG0007182	1	2	0	0	0	0	0	0	0	0	0	0	0	0	0	0	0
OG0007183	0	0	0	0	0	0	0	0	1	0	0	0	0	0	0	0	0
OG0007184	1	2	0	0	0	0	0	0	0	0	0	0	0	0	0	0	0
OG0007185	0	0	0	1	2	0	0	0	0	0	0	0	0	0	0	0	0
OG0007186	0	3	0	0	0	0	0	0	0	0	0	0	0	0	0	0	0
OG0007187	0	3	0	0	0	0	0	0	0	0	0	0	0	0	0	0	0
OG0007188	0	0	2	0	0	0	0	0	0	0	0	0	0	0	0	0	0
OG0007189	0	0	0	-1	0	0	-1	0	0	0	0	0	0	0	0	0	1
OG0007190	2	0	0	0	0	0	0	0	0	0	-1	0	0	0	0	0	0
OG0007191	0	0	0	1	0	0	0	0	0	0	1	0	0	-1	0	0	0
OG0007192	1	0	-1	0	0	0	0	0	-1	0	0	0	0	-1	0	0	0
OG0007193	1	0	1	0	0	1	0	0	-1	0	0	0	0	0	0	0	0
OG0007194	0	0	0	0	2	0	-1	0	0	0	0	1	0	0	0	0	0
OG0007195	2	0	0	0	0	0	0	0	0	0	-1	0	0	0	0	0	0
OG0007196	2	1	0	0	0	0	0	0	0	0	0	0	0	0	0	0	0
OG0007197	0	3	0	0	0	0	0	0	0	0	0	0	0	0	0	0	0
OG0007198	0	3	0	0	0	0	0	0	0	0	0	0	0	0	0	0	0
OG0007199	0	2	0	0	0	0	0	0	0	0	0	1	0	0	0	0	0
OG0007200	1	0	0	0	0	1	0	0	0	0	0	0	0	0	0	0	0
OG0007201	1	4	0	0	0	0	0	0	-1	0	0	0	0	0	0	0	0
OG0007202	0	1	0	0	-1	1	0	0	0	0	0	0	0	0	0	0	0
OG0007203	0	0	0	1	0	1	0	0	0	0	0	0	0	0	0	0	0
OG0007204	0	2	0	0	1	0	0	0	0	0	0	0	0	0	0	0	0
OG0007206	0	1	0	0	0	0	0	0	0	0	0	0	0	0	0	0	0
OG0007207	1	1	0	0	0	0	0	0	0	0	0	0	0	0	0	0	0
OG0007208	0	3	0	0	0	0	0	0	0	0	0	0	0	0	0	0	0
OG0007209	1	0	0	0	0	0	0	1	0	0	0	0	0	0	0	0	0
OG0007210	0	1	0	0	0	1	0	0	0	0	0	0	0	0	0	0	0
OG0007211	2	0	0	-1	0	-1	0	-1	0	0	0	1	0	0	0	1	0
OG0007212	1	0	-1	0	0	0	0	0	0	0	0	0	0	-1	0	0	0
OG0007213	2	1	0	0	0	0	0	0	-1	0	0	0	0	0	0	0	0
OG0007214	0	0	0	0	0	1	0	1	-1	0	0	0	0	0	0	0	0
OG0007215	0	1	0	0	0	0	2	0	0	0	0	0	0	0	0	0	0
OG0007216	0	0	0	0	0	0	0	0	0	0	1	0	0	-1	0	0	0
OG0007217	0	2	0	0	0	0	1	0	0	0	0	0	0	0	0	0	0
OG0007218	5	0	0	0	0	-1	-1	0	0	0	-1	0	0	0	0	0	0
OG0007219	0	0	0	0	0	0	1	0	0	0	0	1	0	0	0	0	0
OG0007220	2	0	0	1	0	0	0	0	0	0	0	0	0	0	0	0	0
OG0007221	3	1	0	-1	0	0	0	0	0	0	-1	0	0	0	0	0	0
OG0007222	0	3	0	0	0	0	0	0	0	0	0	0	0	0	0	0	0
OG0007223	2	0	2	0	0	0	0	0	-1	0	0	0	0	0	0	0	0
OG0007224	1	1	0	0	1	0	0	0	0	0	0	0	0	0	0	0	0
OG0007225	0	0	1	0	0	0	0	0	0	0	0	1	0	0	0	0	0
OG0007226	0	1	0	0	1	0	-1	0	-1	0	1	1	0	0	-1	0	0
OG0007227	1	2	0	0	0	0	0	0	0	0	0	0	0	0	0	0	0
OG0007228	0	1	0	1	0	1	0	0	0	0	0	0	0	0	0	0	0
OG0007229	0	3	0	0	0	0	0	0	0	0	0	0	0	0	0	0	0
OG0007230	1	0	0	0	0	0	0	0	0	0	0	1	0	0	0	0	0
OG0007231	0	3	0	0	0	0	0	0	0	0	0	0	0	0	0	0	0
OG0007232	2	1	0	0	0	0	0	0	0	0	0	0	0	0	0	0	0
OG0007233	0	0	0	0	0	1	0	0	1	0	0	0	0	0	0	0	0
OG0007234	0	0	-1	0	0	0	0	0	0	0	1	0	0	0	-1	0	0
OG0007235	0	0	0	0	1	0	1	0	0	0	0	1	0	0	0	0	0
OG0007236	0	0	0	0	0	1	0	0	0	0	0	0	0	0	0	0	0
OG0007237	2	1	0	0	0	0	0	0	0	0	0	0	0	0	0	0	0
OG0007238	1	0	2	0	0	0	0	0	0	0	0	0	0	0	0	0	0
OG0007239	0	-1	1	0	1	1	-1	1	-1	0	0	0	0	0	0	0	0
OG0007240	0	0	0	0	0	1	0	0	0	0	0	0	0	0	0	0	0
OG0007241	1	4	0	-1	0	0	0	0	0	0	0	0	0	0	0	0	0
OG0007242	2	1	0	0	0	0	0	0	0	0	0	0	0	0	0	0	0
OG0007243	2	0	0	0	0	0	1	0	0	0	0	0	0	0	0	0	0
OG0007244	0	0	0	0	1	0	0	0	0	0	0	1	0	0	0	0	0
OG0007245	0	0	-1	1	0	0	0	0	-1	0	0	0	0	-1	0	0	0
OG0007246	3	0	0	0	0	0	0	0	-1	0	-1	0	0	0	0	0	0
OG0007247	0	0	0	0	0	1	0	0	0	0	0	0	0	0	0	0	0
OG0007248	1	2	0	0	0	0	0	0	0	0	0	0	0	0	0	0	0
OG0007249	1	0	0	2	0	0	0	0	0	0	0	0	0	0	0	0	0
OG0007250	0	-1	0	0	0	0	0	0	0	0	0	0	0	-1	0	0	0
OG0007251	0	0	0	0	1	0	0	0	0	0	0	1	0	0	0	0	0
OG0007252	0	0	0	0	0	0	0	0	0	0	1	0	0	-1	0	0	0
OG0007253	0	0	0	0	0	0	0	0	0	0	1	0	0	-1	0	0	0
OG0007254	0	2	0	0	0	0	0	0	0	0	0	0	0	0	0	0	0
OG0007255	2	1	0	0	0	0	0	0	0	0	0	0	0	0	0	0	0
OG0007256	0	0	0	0	0	0	0	0	0	0	1	0	0	-1	0	0	0
OG0007257	0	-1	0	0	0	0	0	0	0	0	0	0	0	0	0	1	0
OG0007258	2	1	0	0	0	0	0	0	0	0	0	0	0	0	0	0	0
OG0007259	0	0	0	0	0	1	0	0	0	0	0	0	0	0	0	0	0
OG0007260	0	-1	0	0	0	0	0	0	0	0	1	0	0	0	-1	0	0
OG0007261	1	0	0	0	2	0	0	0	0	0	0	0	0	0	0	0	0
OG0007262	0	0	0	0	0	1	1	0	0	0	0	0	0	0	0	0	0
OG0007263	0	0	0	0	0	0	0	-1	0	0	0	0	0	0	0	1	0
OG0007264	0	0	1	0	0	0	0	0	0	0	0	1	0	0	0	0	0
OG0007265	1	1	0	0	0	0	2	0	0	0	0	0	0	0	0	0	0
OG0007266	0	-1	0	0	0	0	0	0	0	0	0	0	0	-1	0	0	0
OG0007267	2	0	0	1	0	0	0	0	0	0	0	0	0	0	0	0	0
OG0007268	0	1	0	0	0	0	0	0	1	0	0	0	0	0	0	0	0
OG0007269	0	0	-1	0	0	0	0	0	0	0	1	0	0	0	-1	0	0
OG0007270	0	4	0	-1	1	0	0	0	0	0	0	0	0	0	0	0	0
OG0007271	0	1	0	0	0	0	0	0	0	0	0	1	0	0	0	0	0
OG0007272	2	1	0	0	0	0	0	0	0	0	0	0	0	0	0	0	0
OG0007273	0	0	1	-1	0	0	0	0	1	0	0	0	0	0	0	0	0
OG0007274	0	0	0	0	0	0	0	0	0	0	0	0	0	0	0	0	1
OG0007275	0	7	0	0	0	0	0	0	0	0	0	0	0	0	0	0	-1
OG0007276	1	0	0	0	0	0	0	1	0	0	0	0	0	0	0	0	0
OG0007277	0	-1	0	0	0	0	0	0	0	0	0	0	0	0	-1	0	0
OG0007278	1	0	0	0	0	0	0	0	0	0	0	1	0	0	0	0	0
OG0007279	1	2	0	0	0	0	1	0	-1	0	0	0	0	0	0	0	0
OG0007280	1	0	0	0	0	0	0	1	0	0	0	0	0	0	0	0	0
OG0007281	0	0	-1	0	0	0	0	0	0	0	1	0	0	0	-1	0	0
OG0007282	0	0	0	0	0	0	0	0	0	0	0	0	0	0	0	0	1
OG0007283	2	1	0	0	0	0	0	0	0	0	-1	0	0	0	0	0	0
OG0007284	2	1	0	0	0	0	0	0	0	0	0	0	0	0	0	0	0
OG0007285	2	1	0	0	0	0	0	0	0	0	0	0	0	0	0	0	0
OG0007286	1	3	0	0	0	0	0	0	0	0	0	0	0	0	0	0	0
OG0007287	0	0	0	0	1	0	0	0	0	0	0	1	0	0	0	0	0
OG0007288	4	0	0	0	0	0	0	0	-1	0	-1	0	0	0	0	0	0
OG0007289	2	1	0	0	0	0	0	0	0	0	0	0	0	0	0	0	0
OG0007290	0	0	0	0	1	0	0	0	0	0	0	0	0	0	0	0	1
OG0007291	0	0	0	0	0	0	0	0	0	0	0	0	0	0	0	0	1
OG0007292	1	0	1	0	0	0	0	0	-1	0	0	1	0	0	0	0	0
OG0007293	0	-1	0	0	0	0	0	0	0	0	0	0	0	-1	0	0	0
OG0007294	1	0	0	0	1	0	0	0	0	0	0	0	0	0	0	0	0
OG0007295	1	0	0	0	0	1	0	0	0	0	0	0	0	0	0	0	0
OG0007296	0	0	0	-1	0	1	0	0	0	0	0	0	0	0	0	0	0
OG0007297	1	0	0	-1	1	1	0	0	-1	0	0	0	0	0	0	0	0
OG0007298	1	1	0	0	1	0	0	0	0	0	0	0	0	0	0	0	0
OG0007299	1	0	0	0	0	0	0	0	0	0	0	1	0	0	0	0	0
OG0007300	1	1	0	0	0	0	0	0	0	0	0	0	0	0	0	0	0
OG0007301	0	1	0	1	0	0	0	0	1	0	0	0	0	0	0	0	0
OG0007302	2	0	0	0	0	0	0	0	0	0	-1	0	0	0	0	0	0
OG0007303	0	0	0	-1	0	1	2	0	0	0	0	0	0	0	0	0	0
OG0007304	0	0	0	0	0	0	0	0	0	0	1	0	0	-1	0	0	0
OG0007305	0	1	0	1	0	1	0	0	0	0	0	0	0	0	0	0	0
OG0007306	0	2	0	0	0	0	-1	-1	1	0	1	0	0	0	-1	0	0
OG0007307	0	5	0	0	0	0	0	-1	0	0	0	0	0	0	0	0	0
OG0007308	1	1	0	-1	0	0	0	0	0	0	0	1	0	0	0	0	0
OG0007309	2	0	0	0	0	0	0	0	0	0	-1	0	0	0	0	0	0
OG0007310	0	0	0	0	0	0	0	0	1	0	0	0	0	0	0	0	0
OG0007311	0	0	0	0	1	1	0	0	-1	0	0	0	0	0	0	0	0
OG0007312	0	0	0	1	5	0	0	0	-1	0	0	0	0	0	0	0	0
OG0007313	0	0	0	0	0	1	0	0	0	0	0	0	0	0	0	0	0
OG0007314	0	0	0	0	0	1	0	0	0	0	0	0	0	0	0	0	0
OG0007315	2	0	0	-1	0	0	2	0	0	0	0	0	0	0	0	0	0
OG0007316	0	0	0	-1	0	1	2	0	0	0	0	0	0	0	0	0	0
OG0007317	1	0	0	0	0	0	0	0	1	0	0	0	0	0	0	0	0
OG0007318	0	0	0	0	1	0	0	0	0	0	0	1	0	0	0	0	0
OG0007319	0	3	0	0	0	0	0	0	0	0	0	0	0	0	0	0	0
OG0007320	0	0	0	0	0	-1	0	-1	0	0	0	1	0	0	0	1	0
OG0007321	0	2	0	1	0	0	0	0	0	0	0	0	0	0	0	0	0
OG0007322	0	0	0	0	0	0	0	0	0	0	1	0	0	0	-1	0	0
OG0007323	0	1	0	0	0	0	0	0	0	0	0	1	0	0	0	0	0
OG0007324	0	0	0	-1	0	0	5	0	-1	0	0	0	0	0	0	0	0
OG0007325	1	0	0	0	1	0	0	0	0	0	0	1	0	0	0	0	0
OG0007326	0	0	0	0	0	0	0	0	0	0	0	0	0	0	0	1	0
OG0007327	0	1	0	0	0	0	0	1	0	0	0	0	0	0	0	0	0
OG0007328	1	0	0	1	1	0	0	0	0	0	0	0	0	0	0	0	0
OG0007329	0	1	0	1	0	0	1	0	0	0	0	0	0	0	0	0	0
OG0007330	0	0	0	0	0	0	3	0	0	0	0	0	0	0	0	0	0
OG0007331	0	0	0	0	0	0	0	0	0	0	1	0	0	-1	0	0	0
OG0007332	1	0	0	0	0	0	0	0	1	0	0	0	0	0	0	0	0
OG0007333	0	4	0	0	0	0	0	0	0	0	0	0	0	0	0	0	0
OG0007334	0	1	0	0	0	1	0	0	0	0	0	0	0	0	0	0	0
OG0007335	1	3	0	-1	0	0	0	0	0	0	0	0	0	0	0	0	0
OG0007336	0	0	0	0	0	0	0	0	0	0	0	1	0	0	0	0	0
OG0007337	0	0	0	0	0	0	0	-1	0	0	0	0	0	0	0	1	0
OG0007338	0	0	0	0	0	0	0	0	0	0	0	0	0	-1	0	0	0
OG0007339	0	0	0	0	0	0	0	-1	0	0	0	1	0	0	0	1	0
OG0007340	1	0	0	0	0	0	1	0	0	0	0	0	0	0	0	0	0
OG0007341	0	1	0	0	0	1	0	0	0	0	0	0	0	0	0	0	0
OG0007342	0	0	1	-1	0	1	0	0	0	0	0	0	0	0	0	0	0
OG0007343	0	0	0	-1	0	0	0	1	0	0	0	0	0	0	0	0	0
OG0007344	0	-1	1	0	0	-1	0	0	-1	0	1	0	0	0	0	0	-1
OG0007345	0	0	0	0	0	0	0	-1	0	0	0	0	0	0	0	1	0
OG0007346	1	0	0	0	2	0	0	0	-1	0	0	0	0	0	0	0	0
OG0007347	0	3	0	0	0	0	0	0	0	0	0	0	0	0	0	0	0
OG0007348	1	0	0	1	0	0	0	0	0	0	0	0	0	0	0	0	0
OG0007349	0	0	0	0	0	0	0	0	1	0	0	0	0	0	0	0	0
OG0007350	1	0	0	-1	1	-1	0	0	0	0	0	0	0	0	0	0	1
OG0007351	0	0	1	0	0	0	0	0	0	0	0	1	0	0	0	0	0
OG0007352	1	1	0	0	1	0	0	0	0	0	0	0	0	0	0	0	0
OG0007353	0	1	0	0	1	1	-1	0	0	0	0	0	0	0	0	0	0
OG0007354	0	0	0	2	0	0	0	0	0	0	0	0	0	0	0	0	0
OG0007355	0	2	-1	0	0	0	-1	0	0	0	0	0	0	-1	0	0	0
OG0007356	1	1	0	0	1	0	0	0	0	0	0	0	0	0	0	0	0
OG0007357	0	0	0	0	0	0	-1	0	0	0	0	0	0	0	0	0	1
OG0007358	0	0	1	0	1	1	0	0	-1	0	0	0	0	0	0	0	0
OG0007359	0	0	0	0	0	0	-1	1	0	0	1	0	0	-1	0	0	0
OG0007360	0	0	0	1	1	0	0	0	1	0	0	0	0	0	0	0	0
OG0007361	0	0	0	0	1	0	0	0	1	0	0	0	0	0	0	0	0
OG0007362	0	0	0	0	0	1	0	0	0	0	0	0	0	0	0	0	0
OG0007363	0	0	0	3	0	0	0	0	0	0	0	0	0	0	0	0	0
OG0007364	0	1	0	0	0	1	0	0	0	0	0	0	0	0	0	0	0
OG0007365	0	2	0	2	0	0	0	0	0	0	0	0	0	0	0	0	0
OG0007366	0	5	0	0	0	0	0	0	-1	0	0	0	0	0	0	0	0
OG0007367	1	1	0	0	0	0	0	0	0	0	0	1	0	0	0	0	0
OG0007368	0	0	0	0	1	0	0	0	1	0	0	0	0	0	0	0	0
OG0007369	0	0	-1	0	0	0	0	0	0	0	0	0	0	-1	0	0	0
OG0007370	3	0	0	0	0	0	0	0	-1	0	-1	0	0	0	0	0	0
OG0007371	2	1	0	0	0	0	0	0	0	0	0	0	0	0	0	0	0
OG0007372	0	0	0	0	0	0	0	0	-1	0	1	0	0	0	-1	0	0
OG0007373	0	0	0	0	0	0	0	0	-1	0	1	0	0	0	-1	0	0
OG0007374	1	0	-1	-1	0	0	0	0	0	0	0	0	0	0	0	1	0
OG0007375	0	0	0	0	0	0	3	0	0	0	0	0	0	0	0	0	0
OG0007376	1	0	0	0	0	0	0	0	1	0	0	0	0	0	0	0	0
OG0007377	0	0	0	0	1	0	0	0	0	0	0	1	0	0	0	0	0
OG0007378	0	0	0	0	0	0	0	0	0	0	0	1	0	0	0	0	0
OG0007379	0	0	0	0	0	1	0	0	-1	0	0	1	0	0	0	0	0
OG0007380	0	0	0	0	1	0	0	1	0	0	0	0	0	0	0	0	0
OG0007381	0	0	1	0	0	0	0	0	0	0	0	1	0	0	0	0	0
OG0007382	2	1	0	0	0	0	0	0	0	0	0	0	0	0	0	0	0
OG0007383	0	0	0	-1	5	0	2	0	-1	0	0	-1	0	0	0	0	0
OG0007384	2	0	0	0	0	0	0	0	0	0	-1	0	0	0	0	0	0
OG0007385	0	1	0	0	1	0	0	0	0	0	0	0	0	0	0	0	0
OG0007386	0	1	0	0	0	0	0	0	1	0	0	0	0	0	0	0	0
OG0007387	0	1	0	-1	0	0	0	0	1	0	0	0	0	0	0	0	0
OG0007388	0	0	0	0	0	0	0	0	1	0	0	1	0	0	0	0	0
OG0007389	0	0	1	5	-1	0	0	0	0	0	0	0	0	-1	0	0	-1
OG0007390	0	6	0	-1	0	0	0	-1	0	0	0	0	0	0	0	0	0
OG0007391	0	2	0	1	0	0	0	0	0	0	0	0	0	0	0	0	0
OG0007392	2	0	0	0	0	0	0	0	0	0	-1	0	0	0	0	0	0
OG0007393	1	0	0	2	0	0	0	0	0	0	0	0	0	0	0	0	0
OG0007394	0	0	0	1	0	1	0	0	-1	0	0	0	0	0	0	0	0
OG0007395	0	0	1	0	0	0	0	1	0	0	0	0	0	0	0	0	0
OG0007396	0	0	0	1	0	1	0	0	0	0	0	0	0	0	0	0	0
OG0007397	0	0	0	0	0	1	0	0	0	0	0	0	0	0	0	0	0
OG0007398	0	0	-1	0	0	0	0	0	0	0	0	0	0	-1	0	0	0
OG0007399	0	0	0	0	0	0	0	0	-1	0	0	1	0	-1	0	0	0
OG0007400	2	0	0	0	0	0	0	0	0	0	-1	0	0	0	0	0	0
OG0007401	2	1	0	0	0	0	0	0	0	0	0	0	0	0	0	0	0
OG0007402	0	0	0	0	0	0	0	1	0	0	0	0	0	0	0	0	0
OG0007403	0	0	0	2	0	0	0	0	0	0	0	0	0	0	0	0	0
OG0007404	0	3	0	0	0	0	0	0	0	0	0	0	0	0	0	0	0
OG0007405	0	1	0	0	2	0	0	0	0	0	0	0	0	0	0	0	0
OG0007406	0	0	1	1	0	0	0	0	0	0	0	0	0	0	0	0	0
OG0007407	1	2	0	0	0	0	0	0	0	0	0	0	0	0	0	0	0
OG0007408	2	1	0	0	0	0	0	0	0	0	0	0	0	0	0	0	0
OG0007409	0	1	0	0	0	1	0	0	0	0	0	0	0	0	0	0	0
OG0007410	0	0	0	0	0	0	0	-1	0	0	0	0	0	0	0	1	0
OG0007411	0	2	0	0	0	0	1	0	-1	0	0	0	0	0	0	0	0
OG0007412	1	2	0	0	0	0	0	0	0	0	0	0	0	0	0	0	0
OG0007413	0	0	1	0	1	1	-1	0	-1	0	0	0	0	0	0	0	0
OG0007414	0	3	0	0	0	0	0	0	0	0	0	0	0	0	0	0	0
OG0007415	0	1	0	0	1	0	0	0	0	0	0	0	0	0	0	0	0
OG0007416	1	1	0	0	0	0	0	0	0	0	0	0	0	0	0	0	0
OG0007417	0	-1	1	-1	0	0	0	0	0	0	0	0	0	0	0	0	1
OG0007418	0	1	0	0	0	0	0	0	0	0	0	1	0	0	0	0	0
OG0007419	0	1	0	0	3	0	0	0	0	0	0	0	0	0	0	0	0
OG0007420	0	0	0	0	0	1	-1	0	0	0	0	-1	0	0	0	0	1
OG0007421	0	0	1	2	0	0	0	0	0	0	0	0	0	0	0	0	0
OG0007422	0	2	0	0	1	0	0	0	0	0	0	0	0	0	0	0	0
OG0007423	0	0	0	0	0	0	0	1	0	0	0	0	0	0	0	0	0
OG0007424	0	4	0	-1	0	0	0	0	0	0	0	0	0	0	0	0	0
OG0007425	0	0	1	1	0	0	0	0	0	0	0	0	0	0	0	0	0
OG0007426	0	3	0	0	0	0	0	0	0	0	0	0	0	0	0	0	0
OG0007427	0	0	0	-1	2	0	0	0	0	0	0	0	0	0	0	0	0
OG0007428	0	0	0	0	0	0	0	0	0	0	0	0	0	0	0	0	1
OG0007429	0	1	0	0	0	0	0	1	0	0	0	0	0	0	0	0	0
OG0007430	0	0	0	0	0	0	0	0	1	0	0	0	0	0	0	0	0
OG0007431	0	1	0	0	0	0	4	0	-1	0	0	0	0	0	0	0	0
OG0007432	1	3	0	0	0	0	0	0	-1	0	0	0	0	0	0	0	0
OG0007433	0	3	0	0	1	0	0	0	0	0	0	0	0	0	0	0	0
OG0007434	0	0	0	0	1	0	1	0	-1	0	0	1	0	0	0	0	0
OG0007435	0	0	0	0	1	1	0	0	0	0	0	0	0	0	0	0	0
OG0007436	0	-1	0	0	0	0	0	0	0	0	0	0	0	-1	0	0	0
OG0007437	0	0	-1	0	0	0	0	0	-1	0	0	0	0	0	-1	0	0
OG0007438	0	0	0	0	0	1	0	0	0	0	0	0	0	0	0	0	0
OG0007439	0	0	0	0	1	1	0	0	0	0	0	0	0	0	0	0	0
OG0007440	0	0	1	0	1	0	0	0	0	0	0	0	0	0	0	0	0
OG0007441	0	0	0	1	0	-1	0	0	0	0	0	0	0	0	0	0	1
OG0007442	0	0	1	0	2	0	0	0	0	0	0	0	0	0	0	0	0
OG0007443	0	0	1	0	0	0	0	-1	0	0	1	0	0	0	-1	0	0
OG0007444	1	0	0	0	0	0	0	0	1	0	0	0	0	0	0	0	0
OG0007445	1	2	0	0	0	0	0	0	0	0	0	0	0	0	0	0	0
OG0007446	0	1	0	1	0	0	0	0	1	0	0	0	0	0	0	0	0
OG0007447	0	5	0	0	0	0	0	0	-1	0	0	0	0	0	0	0	0
OG0007448	0	0	0	1	0	1	0	0	0	0	0	0	0	0	0	0	0
OG0007449	0	0	3	0	0	0	0	0	0	0	0	0	0	0	0	0	0
OG0007450	0	0	0	-1	0	0	0	0	0	0	0	0	0	0	0	1	0
OG0007451	3	0	0	0	0	0	0	0	0	0	-1	0	0	0	0	0	0
OG0007452	0	2	0	-1	0	0	0	0	1	0	0	0	0	0	0	0	0
OG0007453	0	1	0	0	0	0	0	1	0	0	0	0	0	0	0	0	0
OG0007454	0	0	1	0	1	0	0	0	0	0	0	0	0	0	0	0	0
OG0007455	0	0	0	0	1	0	0	0	0	0	0	1	0	0	0	0	0
OG0007456	0	0	2	-1	0	0	2	0	-1	0	0	1	0	0	0	0	0
OG0007457	0	3	0	0	0	0	0	0	0	0	0	0	0	0	0	0	0
OG0007458	0	0	0	0	1	1	0	0	0	0	0	0	0	0	0	0	0
OG0007459	0	0	0	0	1	0	0	0	0	0	0	1	0	0	0	0	0
OG0007460	1	0	0	0	0	1	0	0	-1	0	0	0	0	0	0	0	0
OG0007461	0	1	0	0	0	0	0	-1	0	0	0	0	0	0	0	1	0
OG0007462	0	4	0	-1	0	0	0	0	0	0	0	0	0	0	0	0	0
OG0007463	0	0	0	1	0	0	4	0	-1	0	0	0	0	0	0	0	0
OG0007464	0	0	0	0	0	0	0	0	0	0	1	0	0	-1	0	0	0
OG0007465	0	0	1	0	0	1	-1	0	0	0	0	0	0	0	0	0	0
OG0007466	0	0	0	0	0	0	0	0	1	0	0	0	0	0	0	0	0
OG0007467	0	1	0	0	0	0	0	0	1	0	0	0	0	0	0	0	0
OG0007468	0	0	0	0	0	0	-1	0	0	0	1	0	0	0	-1	0	0
OG0007469	0	0	0	0	0	1	1	0	0	0	0	0	0	0	0	0	0
OG0007470	0	0	0	0	0	1	0	0	-1	0	0	1	0	0	0	0	0
OG0007471	0	0	0	1	0	0	3	0	0	0	0	0	0	0	0	0	0
OG0007472	0	0	0	0	0	0	1	0	-2	0	0	0	0	0	0	1	0
OG0007473	0	0	0	0	1	0	-1	0	1	0	0	0	0	0	0	0	0
OG0007474	0	0	0	3	0	0	0	0	0	0	0	0	0	0	0	0	0
OG0007475	0	0	0	0	0	-1	0	0	0	0	0	0	0	0	0	1	0
OG0007476	0	0	-1	0	0	0	0	0	0	0	1	0	0	0	-1	0	0
OG0007477	0	1	0	0	1	1	0	0	-1	0	0	0	0	0	0	0	0
OG0007478	0	0	0	0	0	0	3	0	0	0	0	0	0	0	0	0	0
OG0007479	0	1	0	0	1	1	-1	0	0	0	0	0	0	0	0	0	0
OG0007480	0	0	0	0	0	0	0	0	0	0	1	0	0	-1	0	0	0
OG0007481	0	3	0	0	0	0	0	0	0	0	0	0	0	0	0	0	0
OG0007482	0	4	0	0	0	0	0	0	0	0	0	0	0	0	0	0	0
OG0007483	0	0	0	0	0	1	0	0	0	0	0	0	0	0	0	0	0
OG0007484	0	5	-1	-1	0	0	-1	0	-1	0	0	0	0	0	0	0	0
OG0007485	0	-1	3	-1	2	-1	-1	2	-1	0	0	0	0	0	0	0	0
OG0007599	0	0	0	-1	2	1	-1	-1	0	0	0	-1	0	1	0	-1	0
OG0007600	1	1	0	0	0	0	0	0	0	0	0	0	0	0	0	0	0
OG0007601	0	0	0	0	0	0	0	0	-1	0	0	-1	0	1	0	0	-1
OG0007602	2	1	0	0	0	0	-1	0	0	0	0	0	0	0	0	0	0
OG0007603	2	0	0	0	0	0	0	0	0	0	0	0	0	0	0	0	0
OG0007604	1	1	0	0	0	0	0	0	0	0	0	0	0	0	0	0	0
OG0007605	1	1	0	0	0	0	0	0	0	0	0	0	0	0	0	0	0
OG0007606	2	0	0	0	0	0	0	0	-1	0	-1	0	0	0	0	0	0
OG0007607	3	1	0	0	0	-1	0	0	0	0	-1	0	0	0	0	0	0
OG0007608	1	1	0	0	0	0	0	0	0	0	0	0	0	0	0	0	0
OG0007609	1	1	0	3	0	0	0	0	0	0	0	0	0	-1	0	-1	0
OG0007610	2	1	0	0	0	0	0	0	0	0	0	0	0	0	0	0	0
OG0007611	1	0	0	0	0	1	0	0	-1	0	0	0	0	0	0	0	0
OG0007612	0	0	0	0	0	0	0	0	0	0	1	0	0	-1	0	0	0
OG0007613	0	0	0	2	0	0	0	0	0	0	0	0	0	0	0	0	0
OG0007614	0	0	0	0	0	0	0	1	0	0	0	0	0	0	0	0	0
OG0007615	1	0	0	0	1	0	0	0	0	0	0	0	0	0	0	0	0
OG0007616	2	0	0	-1	0	0	0	0	0	0	-1	0	0	0	0	0	0
OG0007617	1	0	0	0	0	0	0	0	0	0	0	0	0	0	0	0	0
OG0007618	1	1	0	0	0	0	0	0	0	0	0	0	0	0	0	0	0
OG0007619	2	1	0	0	0	0	0	0	0	0	0	0	0	0	0	0	0
OG0007620	0	0	0	-1	1	0	0	0	0	0	0	1	0	0	0	0	0
OG0007621	0	1	0	0	0	-1	0	0	0	0	0	0	0	-1	0	0	0
OG0007622	0	0	0	0	0	0	0	0	0	0	0	1	0	0	0	0	0
OG0007623	0	0	0	0	0	0	0	0	0	0	0	1	0	0	0	0	0
OG0007624	1	1	0	0	0	0	0	0	0	0	0	0	0	0	0	0	0
OG0007625	1	1	0	0	0	0	0	0	0	0	0	0	0	0	0	0	0
OG0007626	0	0	0	0	0	0	0	0	0	0	0	1	0	0	0	0	0
OG0007627	2	1	0	0	0	0	0	0	-1	0	0	0	0	0	0	0	0
OG0007628	0	0	0	0	1	0	0	0	0	0	0	1	0	0	0	0	0
OG0007629	1	1	0	0	0	0	0	0	0	0	0	0	0	0	0	0	0
OG0007630	0	0	0	1	0	1	0	0	-1	0	0	0	0	0	0	0	0
OG0007631	0	0	0	0	0	0	0	0	-1	0	1	0	0	0	-1	0	0
OG0007632	1	1	0	0	0	0	0	0	0	0	0	0	0	0	0	0	0
OG0007633	0	1	0	0	0	-1	0	0	0	0	1	0	0	0	-1	0	0
OG0007634	2	1	0	0	0	0	0	0	-1	0	-1	0	0	0	0	0	0
OG0007635	1	1	0	0	0	0	0	0	0	0	0	0	0	0	0	0	0
OG0007636	1	1	0	-1	1	0	0	0	0	0	0	0	0	0	0	0	0
OG0007637	0	0	1	1	0	0	0	0	0	0	0	0	0	0	0	0	0
OG0007638	1	0	1	-1	1	0	0	0	0	0	0	0	0	0	0	0	0
OG0007639	0	2	0	0	1	-1	0	0	1	0	0	0	0	0	0	0	0
OG0007640	0	0	0	0	0	0	1	0	0	0	0	1	0	0	0	0	0
OG0007641	0	-1	4	0	0	0	0	0	0	0	0	0	0	0	0	0	0
OG0007642	0	0	0	0	0	0	0	0	0	0	0	1	0	0	0	0	0
OG0007643	1	1	0	0	0	0	0	0	0	0	0	0	0	0	0	0	0
OG0007644	0	3	0	0	0	0	0	0	0	0	0	0	0	0	0	0	0
OG0007645	1	1	0	0	0	0	0	0	0	0	0	0	0	0	0	0	0
OG0007646	1	1	0	0	0	0	0	0	0	0	0	0	0	0	0	0	0
OG0007647	0	0	0	1	1	0	0	0	0	0	0	0	0	0	0	0	0
OG0007648	1	1	0	0	0	0	0	0	0	0	0	0	0	0	0	0	0
OG0007649	1	0	0	0	0	0	0	0	0	0	0	0	0	0	0	0	0
OG0007650	2	0	0	0	0	0	0	0	0	0	0	0	0	0	0	0	0
OG0007651	1	0	0	0	0	0	0	0	0	0	0	0	0	0	0	0	0
OG0007652	2	0	0	0	0	0	0	0	0	0	0	0	0	0	0	0	0
OG0007653	1	1	0	0	0	0	0	0	0	0	0	0	0	0	0	0	0
OG0007654	0	1	0	0	0	0	0	0	-1	0	0	1	0	0	0	0	0
OG0007655	1	0	0	1	0	0	0	0	0	0	0	0	0	0	0	0	0
OG0007656	2	0	0	1	1	0	0	0	-1	0	0	0	0	0	0	0	0
OG0007657	0	1	0	-1	0	1	0	0	-1	0	0	0	0	0	0	0	0
OG0007658	1	0	0	2	0	0	0	0	0	0	0	0	0	0	0	0	0
OG0007659	0	-1	0	1	0	0	0	0	-2	0	0	0	0	0	0	1	0
OG0007660	3	0	0	0	0	0	0	0	-1	0	-1	0	0	0	0	0	0
OG0007661	0	1	0	0	0	0	0	0	0	0	0	0	0	0	0	0	0
OG0007662	0	0	0	0	0	1	0	0	0	0	0	0	0	0	0	0	0
OG0007663	1	1	0	0	0	0	0	0	0	0	0	0	0	0	0	0	0
OG0007664	0	1	0	0	1	0	0	0	0	0	0	0	0	0	0	0	0
OG0007665	0	0	1	0	0	0	0	0	0	0	0	1	0	0	0	0	0
OG0007666	2	0	0	0	0	0	0	0	0	0	0	0	0	0	0	0	0
OG0007667	1	1	0	0	0	0	0	0	0	0	0	0	0	0	0	0	0
OG0007668	2	0	0	0	0	0	0	0	0	0	0	0	0	0	0	0	0
OG0007669	1	0	0	-1	0	0	0	1	0	0	0	0	0	0	0	0	0
OG0007670	0	2	0	0	0	0	0	0	0	0	0	0	0	0	0	0	0
OG0007671	2	0	0	0	0	0	0	0	0	0	0	0	0	0	0	0	0
OG0007672	0	1	0	1	0	0	0	0	0	0	0	0	0	0	0	0	0
OG0007673	0	2	0	0	0	0	0	0	0	0	0	0	0	0	0	0	0
OG0007674	2	0	0	1	0	0	-1	0	0	0	-1	0	0	0	0	0	0
OG0007675	1	1	0	0	0	0	0	0	0	0	0	0	0	0	0	0	0
OG0007676	2	1	0	0	0	0	0	0	0	0	0	0	0	0	0	0	0
OG0007677	1	1	0	0	0	0	0	0	0	0	0	0	0	0	0	0	0
OG0007678	0	0	1	1	0	0	0	0	-1	0	0	0	0	0	0	0	0
OG0007679	0	0	0	1	1	0	0	0	0	0	0	0	0	0	0	0	0
OG0007680	0	0	1	0	1	1	0	-1	0	0	0	0	0	0	0	0	0
OG0007681	1	1	0	0	0	0	0	0	0	0	0	0	0	0	0	0	0
OG0007682	1	0	0	0	1	0	0	0	0	0	0	0	0	0	0	0	0
OG0007683	0	0	1	1	0	0	0	0	0	0	0	0	0	0	0	0	0
OG0007684	1	2	0	0	0	0	0	0	0	0	0	0	0	0	0	0	0
OG0007685	1	2	0	-1	0	0	0	0	0	0	0	0	0	0	0	0	0
OG0007686	0	2	0	0	0	0	0	0	0	0	0	0	0	0	0	0	0
OG0007687	0	2	0	0	0	0	0	0	0	0	0	0	0	0	0	0	0
OG0007688	0	3	0	0	-1	0	0	0	0	0	0	0	0	0	0	0	0
OG0007689	1	1	0	0	0	0	0	0	0	0	0	0	0	0	0	0	0
OG0007690	0	0	-1	0	0	0	-1	0	0	0	0	0	0	-1	0	0	0
OG0007691	1	0	0	0	0	0	0	0	0	0	0	1	0	0	0	0	0
OG0007692	2	0	0	0	0	0	0	0	0	0	0	0	0	0	0	0	0
OG0007693	0	1	0	0	0	0	1	0	0	0	0	0	0	0	0	0	0
OG0007694	2	0	0	0	0	0	0	0	0	0	0	0	0	0	0	0	0
OG0007695	0	0	0	3	0	0	0	0	-1	0	0	0	0	0	0	0	0
OG0007696	0	5	0	-1	0	0	0	0	-1	0	0	0	0	0	0	0	0
OG0007697	0	0	0	0	0	0	0	0	0	0	0	1	0	0	0	0	0
OG0007698	0	1	0	0	0	0	0	0	1	0	0	0	0	0	0	0	0
OG0007699	1	1	0	0	0	0	0	0	0	0	0	0	0	0	0	0	0
OG0007700	0	0	-1	0	0	0	0	-1	0	0	0	0	0	0	-1	0	0
OG0007701	2	1	0	0	0	0	-1	0	0	0	0	0	0	0	0	0	0
OG0007702	0	1	0	0	1	1	-1	0	-1	0	0	0	0	0	0	0	0
OG0007703	0	0	0	1	0	0	0	0	0	0	0	0	0	0	0	0	0
OG0007704	1	0	0	0	2	0	0	0	0	0	0	0	0	0	0	0	0
OG0007705	1	1	0	0	0	0	0	0	0	0	0	0	0	0	0	0	0
OG0007706	1	1	0	0	0	0	0	0	0	0	0	0	0	0	0	0	0
OG0007707	1	1	0	0	0	0	0	0	0	0	0	0	0	0	0	0	0
OG0007708	2	1	0	0	0	0	0	0	-1	0	0	0	0	0	0	0	0
OG0007709	0	0	0	0	0	0	0	0	0	0	0	1	0	0	0	0	0
OG0007710	0	0	0	0	0	1	0	0	0	0	0	0	0	0	0	0	0
OG0007711	0	2	0	0	0	0	0	0	0	0	0	0	0	0	0	0	0
OG0007712	0	0	0	0	1	0	0	0	0	0	0	0	0	0	0	0	0
OG0007713	2	1	0	-1	0	0	0	0	0	0	-1	0	0	0	0	0	0
OG0007714	0	1	0	0	0	0	-1	0	0	0	1	0	0	0	-1	0	0
OG0007715	0	0	0	0	2	-1	0	0	-1	0	0	0	0	0	-1	0	0
OG0007716	0	1	0	0	0	0	0	0	0	0	0	0	0	0	0	0	0
OG0007717	2	-1	0	-1	1	0	-1	0	0	0	-1	0	0	0	0	0	0
OG0007718	2	0	0	0	0	0	0	0	0	0	-1	0	0	0	0	0	0
OG0007719	2	0	0	0	0	0	0	0	0	0	0	0	0	0	0	0	0
OG0007720	4	0	0	-1	0	0	0	0	0	0	-1	-1	0	0	0	0	0
OG0007721	1	0	1	0	0	0	0	0	0	0	0	0	0	0	0	0	0
OG0007722	0	3	0	0	0	0	0	0	0	0	0	0	0	0	0	0	0
OG0007723	1	1	0	0	0	0	0	0	0	0	0	0	0	0	0	0	0
OG0007724	0	0	0	0	0	0	0	0	1	0	0	0	0	0	0	0	0
OG0007725	0	2	0	0	0	0	0	0	0	0	0	0	0	0	0	0	0
OG0007726	1	1	0	0	0	0	0	0	0	0	0	0	0	0	0	0	0
OG0007727	0	2	0	0	0	0	0	0	0	0	0	0	0	0	0	0	0
OG0007728	1	1	0	0	0	0	0	0	0	0	0	0	0	0	0	0	0
OG0007729	1	1	0	0	0	0	0	0	0	0	0	0	0	0	0	0	0
OG0007730	2	0	0	0	0	0	0	0	0	0	0	0	0	0	0	0	0
OG0007731	0	0	0	0	0	0	0	0	0	0	0	1	0	0	0	0	0
OG0007732	1	1	0	0	0	0	0	0	0	0	0	0	0	0	0	0	0
OG0007733	2	1	0	0	0	0	0	0	0	0	0	0	0	0	0	0	0
OG0007734	0	0	0	0	0	0	0	0	0	0	0	1	0	0	0	0	0
OG0007735	2	0	0	0	0	0	0	0	-1	0	-1	0	0	0	0	0	0
OG0007736	0	0	0	0	0	0	0	0	0	0	0	1	0	0	0	0	0
OG0007737	1	1	0	0	0	0	0	0	0	0	0	0	0	0	0	0	0
OG0007738	1	1	0	0	0	0	0	0	0	0	0	0	0	0	0	0	0
OG0007739	2	1	0	-1	0	0	0	0	0	0	0	0	0	0	0	0	0
OG0007740	0	0	0	0	0	0	0	0	0	0	0	1	0	0	0	0	0
OG0007741	2	1	0	-1	0	0	0	0	0	0	0	0	0	0	0	0	0
OG0007742	1	2	0	0	0	0	0	0	0	0	0	0	0	0	0	0	0
OG0007743	1	1	0	0	0	0	0	0	0	0	0	0	0	0	0	0	0
OG0007744	1	0	0	0	0	0	0	0	0	0	0	1	0	0	0	0	0
OG0007745	1	1	0	0	0	0	0	0	0	0	0	0	0	0	0	0	0
OG0007746	1	0	0	0	0	0	0	0	0	0	0	0	0	0	0	0	0
OG0007747	1	0	0	0	1	0	0	0	0	0	0	0	0	0	0	0	0
OG0007748	1	1	0	0	0	0	0	0	0	0	0	0	0	0	0	0	0
OG0007749	0	0	0	0	0	0	0	0	0	0	0	1	0	0	0	0	0
OG0007750	0	0	-1	0	0	0	0	0	0	0	0	0	0	-1	0	0	0
OG0007751	0	-1	0	0	0	0	-1	0	0	0	0	0	0	-1	0	0	0
OG0007752	0	0	0	0	0	1	0	0	0	0	0	0	0	0	0	0	0
OG0007753	0	1	0	0	1	0	0	0	0	0	0	0	0	0	0	0	0
OG0007754	0	0	0	0	0	0	0	0	1	0	0	0	0	0	0	0	0
OG0007755	1	0	0	1	0	0	0	0	0	0	0	0	0	0	0	0	0
OG0007756	0	1	0	0	1	0	0	0	0	0	0	0	0	0	0	0	0
OG0007757	1	1	0	0	0	0	0	0	0	0	0	0	0	0	0	0	0
OG0007758	0	1	0	0	0	0	1	0	0	0	0	0	0	0	0	0	0
OG0007759	1	1	0	0	0	0	0	0	0	0	0	0	0	0	0	0	0
OG0007760	2	0	0	0	0	0	0	0	0	0	-1	0	0	0	0	0	0
OG0007761	0	0	0	0	0	0	0	0	1	0	0	0	0	0	0	0	0
OG0007762	0	0	0	0	0	0	0	0	-1	0	1	0	0	-1	0	0	0
OG0007763	1	0	0	0	0	0	0	-1	0	0	0	0	0	0	0	1	0
OG0007764	0	0	1	0	0	1	0	0	0	0	0	0	0	0	0	0	0
OG0007765	0	3	0	0	0	0	0	0	0	0	0	0	0	0	0	0	0
OG0007766	0	0	0	0	1	0	-1	0	0	0	0	0	0	0	0	0	0
OG0007767	0	2	0	0	0	0	0	0	0	0	0	0	0	0	0	0	0
OG0007768	2	0	0	0	0	0	0	0	0	0	0	0	0	0	0	0	0
OG0007769	0	1	0	0	0	0	0	0	0	0	0	0	0	0	0	0	0
OG0007770	1	1	0	0	0	0	0	0	0	0	0	0	0	0	0	0	0
OG0007771	1	0	0	0	1	0	1	0	-1	0	0	0	0	0	0	0	0
OG0007772	1	0	1	-1	1	0	0	0	0	0	0	0	0	0	0	0	0
OG0007773	1	1	0	0	0	0	0	0	0	0	0	0	0	0	0	0	0
OG0007774	1	1	0	0	0	0	0	0	0	0	0	0	0	0	0	0	0
OG0007775	1	1	0	0	0	0	0	0	0	0	0	0	0	0	0	0	0
OG0007776	0	0	1	1	0	0	0	0	0	0	0	0	0	0	0	0	0
OG0007777	1	1	0	0	0	0	0	0	0	0	0	0	0	0	0	0	0
OG0007778	1	1	0	0	0	0	0	0	0	0	0	0	0	0	0	0	0
OG0007779	0	2	0	0	0	0	0	0	0	0	0	0	0	0	0	0	0
OG0007780	2	0	0	0	0	0	0	0	0	0	0	0	0	0	0	0	0
OG0007781	1	1	0	0	0	0	0	0	0	0	0	0	0	0	0	0	0
OG0007782	1	1	0	0	0	0	0	0	0	0	0	0	0	0	0	0	0
OG0007783	1	1	0	0	0	0	0	0	0	0	0	0	0	0	0	0	0
OG0007784	0	4	0	0	0	0	0	0	-1	0	0	0	0	0	0	0	0
OG0007785	0	0	0	2	0	0	0	0	0	0	0	0	0	0	0	0	0
OG0007786	1	1	0	0	0	0	0	0	0	0	0	0	0	0	0	0	0
OG0007787	5	0	4	0	0	0	0	0	0	0	0	0	-1	-1	0	0	0
OG0007788	1	4	0	0	1	-1	0	-1	0	0	0	0	0	0	0	0	0
OG0007789	2	0	0	0	0	0	0	0	0	0	0	0	0	0	0	0	0
OG0007790	1	1	0	0	0	0	0	0	0	0	0	0	0	0	0	0	0
OG0007791	0	0	0	0	0	0	0	0	0	0	0	1	0	0	0	0	0
OG0007792	1	1	0	0	0	0	0	0	0	0	0	0	0	0	0	0	0
OG0007793	0	0	0	0	2	0	0	0	0	0	0	0	0	0	0	0	0
OG0007794	1	1	0	0	1	0	0	0	0	0	0	0	0	0	0	0	0
OG0007795	2	0	0	0	0	0	0	0	0	0	0	0	0	0	0	0	0
OG0007796	1	1	0	0	0	0	0	0	0	0	0	0	0	0	0	0	0
OG0007797	1	0	0	1	0	0	0	0	0	0	0	0	0	0	0	0	0
OG0007798	1	1	0	0	0	0	0	0	0	0	0	0	0	0	0	0	0
OG0007799	2	0	0	0	0	0	0	0	0	0	0	0	0	0	0	0	0
OG0007800	1	1	0	0	1	0	0	0	0	0	0	0	0	0	0	0	0
OG0007801	2	1	0	-1	0	0	0	0	0	0	0	0	0	0	0	0	0
OG0007802	1	1	0	0	0	0	0	0	0	0	0	0	0	0	0	0	0
OG0007803	1	1	0	0	0	0	0	0	0	0	0	0	0	0	0	0	0
OG0007804	2	1	0	0	0	0	-1	0	0	0	0	0	0	0	0	0	0
OG0007805	0	0	0	0	1	0	2	-1	0	0	0	0	0	0	0	0	0
OG0007806	0	0	0	0	0	0	0	0	1	0	0	0	0	0	0	0	0
OG0007807	0	0	0	0	1	0	0	0	0	0	0	0	0	0	0	0	0
OG0007808	0	-1	0	0	0	0	0	0	0	0	0	0	0	0	0	0	1
OG0007809	1	0	0	1	0	0	0	0	0	0	0	0	0	0	0	0	0
OG0007810	2	-1	0	0	1	0	0	0	0	0	0	0	0	0	0	0	0
OG0007811	1	1	0	0	0	0	0	0	1	0	0	0	0	0	0	0	0
OG0007812	0	0	1	0	0	0	2	0	0	0	0	0	0	0	0	0	0
OG0007813	1	1	0	0	0	0	0	0	0	0	0	0	0	0	0	0	0
OG0007814	0	0	1	0	0	0	0	-1	0	0	0	0	0	0	0	1	0
OG0007815	2	0	1	0	0	0	0	0	0	0	0	0	0	0	0	0	0
OG0007816	1	1	0	0	0	0	0	0	0	0	0	0	0	0	0	0	0
OG0007817	1	1	0	0	1	0	0	0	-1	0	0	0	0	0	0	0	0
OG0007818	2	0	0	0	0	0	0	0	0	0	0	0	0	0	0	0	0
OG0007819	1	1	0	0	0	0	0	0	0	0	0	0	0	0	0	0	0
OG0007820	2	0	0	0	0	0	0	0	0	0	0	0	0	0	0	0	0
OG0007821	1	1	0	0	0	0	0	0	0	0	0	0	0	0	0	0	0
OG0007822	2	1	0	0	0	0	0	0	0	0	-1	0	0	0	0	0	0
OG0007823	1	-1	0	0	0	1	0	0	-1	0	0	0	0	0	0	0	0
OG0007824	1	0	0	0	0	0	0	0	0	0	0	1	0	0	0	0	0
OG0007825	1	0	0	0	0	0	0	0	1	0	0	0	0	0	0	0	0
OG0007826	1	1	0	0	0	0	0	0	0	0	0	0	0	0	0	0	0
OG0007828	1	0	0	0	0	0	0	0	0	0	0	1	0	0	0	0	0
OG0007829	0	0	0	0	0	0	0	0	-1	0	0	1	0	0	0	0	0
OG0007830	0	0	0	0	-1	0	-1	-1	5	0	0	-1	0	0	0	0	0
OG0007831	0	3	0	-1	0	0	0	0	0	0	0	0	0	0	0	0	0
OG0007832	0	2	0	0	0	0	0	0	0	0	0	0	0	0	0	0	0
OG0007833	2	0	0	-1	0	0	0	0	0	0	-1	0	0	0	0	0	0
OG0007834	0	1	0	0	0	0	0	0	0	0	0	1	0	0	0	0	0
OG0007835	0	2	0	0	1	0	0	0	0	0	0	0	0	0	0	0	0
OG0007836	0	0	0	1	0	0	0	0	0	0	0	0	0	0	0	0	0
OG0007837	1	0	0	0	1	0	0	0	0	0	0	0	0	0	0	0	0
OG0007838	1	0	0	1	0	0	0	0	0	0	0	0	0	0	0	0	0
OG0007839	0	0	1	0	0	0	0	0	0	0	0	0	0	0	0	0	0
OG0007840	0	0	0	0	0	1	0	0	0	0	0	0	0	0	0	0	0
OG0007841	0	0	0	0	0	1	0	0	-1	0	0	0	0	0	0	0	0
OG0007842	1	1	0	0	0	0	0	0	0	0	0	0	0	0	0	0	0
OG0007843	2	0	0	0	0	0	0	0	0	0	0	0	0	0	0	0	0
OG0007844	0	0	0	0	0	0	0	-1	0	0	0	0	0	0	0	1	0
OG0007845	0	2	0	0	0	0	0	0	0	0	0	0	0	0	0	0	0
OG0007846	2	0	0	0	0	0	0	0	0	0	0	0	0	0	0	0	0
OG0007847	1	0	0	0	1	0	0	0	0	0	0	0	0	0	0	0	0
OG0007848	0	0	-1	0	0	0	-1	0	0	0	0	0	0	-1	0	0	0
OG0007849	0	0	1	-1	0	0	0	1	0	0	0	0	0	0	0	0	0
OG0007850	1	1	0	0	0	0	0	0	0	0	0	0	0	0	0	0	0
OG0007851	2	0	0	0	1	0	0	0	-1	0	0	0	0	0	0	0	0
OG0007852	1	0	2	-1	1	-1	0	1	-1	0	0	0	0	0	0	0	0
OG0007853	0	1	0	0	0	0	0	0	1	0	0	0	0	0	0	0	0
OG0007854	1	1	0	0	0	0	0	0	0	0	0	0	0	0	0	0	0
OG0007855	1	1	0	0	0	0	0	0	0	0	0	0	0	0	0	0	0
OG0007856	1	0	0	-1	0	1	0	0	0	0	0	0	0	0	0	0	0
OG0007857	0	1	0	0	0	0	0	0	0	0	0	0	0	0	0	0	0
OG0007858	1	0	0	1	0	0	0	0	0	0	0	0	0	0	0	0	0
OG0007859	1	2	0	0	0	0	0	0	0	0	0	0	0	0	0	0	0
OG0007860	0	2	0	0	0	0	0	0	0	0	0	0	0	0	0	0	0
OG0007861	0	0	1	0	0	0	0	0	0	0	0	0	0	0	0	0	0
OG0007862	0	0	0	2	0	0	0	0	0	0	0	0	0	0	0	0	0
OG0007863	1	1	0	0	0	0	0	0	0	0	0	0	0	0	0	0	0
OG0007864	0	0	1	1	0	0	0	0	0	0	0	0	0	0	0	0	0
OG0007865	1	0	0	1	0	0	0	0	-1	0	0	0	0	0	0	0	0
OG0007866	1	1	0	0	0	0	0	0	0	0	0	0	0	0	0	0	0
OG0007867	2	0	0	0	0	0	0	0	0	0	0	0	0	0	0	0	0
OG0007868	1	0	0	1	0	0	0	0	0	0	0	0	0	0	0	0	0
OG0007869	2	1	0	-1	0	0	0	0	0	0	0	0	0	0	0	0	0
OG0007870	0	0	0	0	0	0	0	0	1	0	0	0	0	0	0	0	0
OG0007871	2	0	0	0	0	0	0	0	0	0	0	0	0	0	0	0	0
OG0007872	0	0	0	0	3	0	0	0	0	0	0	0	0	0	0	0	0
OG0007873	0	3	0	1	0	0	-1	0	0	0	0	0	0	0	0	0	0
OG0007874	1	0	1	0	0	0	0	0	0	0	0	0	0	0	0	0	0
OG0007875	0	0	0	0	2	0	0	0	0	0	0	0	0	0	0	0	0
OG0007876	0	0	2	0	0	0	0	0	0	0	0	0	0	0	0	0	0
OG0007877	0	0	0	0	0	0	0	0	1	0	0	0	0	0	0	0	0
OG0007878	1	1	0	0	0	0	0	0	0	0	0	0	0	0	0	0	0
OG0007879	2	1	0	0	0	0	-1	0	0	0	0	0	0	0	0	0	0
OG0007880	1	0	0	0	0	1	0	0	-1	0	0	0	0	0	0	0	0
OG0007881	1	0	0	0	1	-1	0	0	0	0	0	1	0	0	0	0	0
OG0007882	0	0	0	0	0	0	0	0	0	0	0	1	0	0	0	0	0
OG0007883	0	0	0	0	0	0	0	0	0	0	0	1	0	0	0	0	0
OG0007884	1	0	0	0	0	0	0	0	1	0	0	0	0	0	0	0	0
OG0007885	1	1	0	0	0	0	0	0	0	0	0	0	0	0	0	0	0
OG0007886	0	0	1	-1	1	-1	0	0	0	0	0	0	0	0	0	1	0
OG0007887	0	0	0	0	0	0	0	0	0	0	1	0	0	-1	0	0	0
OG0007888	1	1	0	0	0	0	0	0	0	0	0	0	0	0	0	0	0
OG0007889	1	0	1	0	1	0	0	0	0	0	0	0	0	0	0	0	0
OG0007890	1	0	0	1	0	0	0	0	0	0	0	0	0	0	0	0	0
OG0007891	0	0	0	0	0	0	0	0	1	0	0	0	0	0	0	0	0
OG0007892	1	1	0	0	0	0	0	-1	1	0	0	0	0	0	0	0	0
OG0007893	0	0	0	0	1	0	0	0	0	0	0	0	0	0	0	0	0
OG0007894	1	0	0	0	1	1	0	0	-1	0	0	0	0	0	0	0	0
OG0007895	0	2	0	0	0	0	0	0	0	0	0	0	0	0	0	0	0
OG0007896	2	1	0	-1	0	0	0	0	0	0	0	0	0	0	0	0	0
OG0007897	2	0	0	0	0	0	0	0	0	0	0	0	0	0	0	0	0
OG0007898	0	1	0	1	0	0	0	0	0	0	0	0	0	0	0	0	0
OG0007899	0	4	0	0	0	-1	0	0	0	0	0	0	0	0	0	0	0
OG0007900	1	0	-1	1	1	0	0	0	0	0	0	0	0	0	0	0	0
OG0007901	0	0	0	0	0	0	0	0	0	0	0	1	0	0	0	0	0
OG0007902	0	0	0	-1	2	0	0	0	0	0	0	0	0	0	0	0	0
OG0007903	2	1	0	0	0	0	0	0	0	0	0	0	0	0	0	0	0
OG0007904	1	0	1	0	0	0	0	0	0	0	0	0	0	0	0	0	0
OG0007905	0	0	0	0	0	1	0	0	0	0	0	0	0	0	0	0	0
OG0007906	1	1	0	0	0	0	0	0	0	0	0	0	0	0	0	0	0
OG0007907	0	3	0	0	0	0	0	0	0	0	0	0	0	0	0	0	0
OG0007908	0	1	0	0	0	0	3	0	-1	0	0	0	0	0	0	0	0
OG0007909	1	1	0	0	0	0	0	0	0	0	0	0	0	0	0	0	0
OG0007910	0	1	0	1	0	0	0	0	0	0	0	0	0	0	0	0	0
OG0007911	0	3	0	0	0	0	0	0	0	0	0	0	0	0	0	0	0
OG0007912	0	2	0	0	0	0	0	0	0	0	0	0	0	0	0	0	0
OG0007913	0	0	0	0	0	0	0	0	1	0	0	0	0	0	0	0	0
OG0007914	1	0	0	0	0	0	0	0	0	0	0	0	0	0	0	0	0
OG0007915	0	0	0	1	0	1	0	0	-1	0	0	0	0	0	0	0	0
OG0007916	0	0	0	1	0	0	0	0	0	0	0	0	0	0	0	0	0
OG0007917	2	0	-1	0	0	-1	-1	0	0	0	0	0	0	-1	0	0	0
OG0007918	0	0	0	0	0	0	4	0	-1	0	0	0	0	0	0	0	0
OG0007919	2	0	0	0	0	0	0	0	0	0	0	0	0	0	0	0	0
OG0007920	0	2	0	0	0	0	0	0	0	0	0	0	0	0	0	0	0
OG0007921	0	4	0	0	0	0	0	-1	0	0	0	0	0	0	0	0	0
OG0007922	1	0	0	0	0	1	0	0	0	0	0	0	0	0	0	0	0
OG0007923	0	2	0	0	0	0	0	0	0	0	0	0	0	0	0	0	0
OG0007924	0	1	0	1	0	0	0	0	0	0	0	0	0	0	0	0	0
OG0007925	1	1	0	0	0	0	0	0	0	0	0	0	0	0	0	0	0
OG0007926	0	1	0	1	0	0	0	0	0	0	0	0	0	0	0	0	0
OG0007927	1	1	0	0	0	0	0	0	0	0	0	0	0	0	0	0	0
OG0007928	0	-1	0	0	0	0	0	0	-2	0	0	0	0	0	0	1	0
OG0007929	2	0	0	0	0	0	0	0	0	0	0	0	0	0	0	0	0
OG0007930	0	2	0	0	0	0	0	0	0	0	0	0	0	0	0	0	0
OG0007931	0	0	0	0	0	1	0	0	0	0	0	0	0	0	0	0	0
OG0007932	2	0	0	0	0	0	0	0	0	0	0	0	0	0	0	0	0
OG0007933	1	1	0	0	0	0	0	0	0	0	0	0	0	0	0	0	0
OG0007934	1	0	0	0	2	0	0	0	0	0	0	0	0	0	0	0	0
OG0007935	2	0	0	0	0	0	0	0	0	0	0	0	0	0	0	0	0
OG0007936	1	1	0	0	0	0	0	0	0	0	0	0	0	0	0	0	0
OG0007937	1	0	0	1	0	0	0	0	0	0	0	0	0	0	0	0	0
OG0007938	1	1	0	0	0	0	0	0	0	0	0	0	0	0	0	0	0
OG0007939	1	1	0	0	0	0	0	0	0	0	0	0	0	0	0	0	0
OG0007940	2	0	0	-1	0	0	0	0	0	0	0	0	0	0	0	0	0
OG0007941	0	1	-1	0	0	-1	0	0	0	0	0	0	0	-1	0	0	0
OG0007942	2	0	0	0	0	0	0	0	0	0	0	0	0	0	0	0	0
OG0007943	4	-1	0	-1	0	0	0	0	0	0	-1	0	0	0	0	0	0
OG0007944	2	0	0	0	0	0	0	0	0	0	-1	0	0	0	0	0	0
OG0007945	2	-1	0	0	0	0	1	0	0	0	-1	0	0	0	0	0	0
OG0007946	1	1	0	0	0	0	0	0	0	0	0	0	0	0	0	0	0
OG0007947	0	1	0	0	0	0	0	0	1	0	0	0	0	0	0	0	0
OG0007948	2	1	0	0	0	0	0	0	-1	0	0	0	0	0	0	0	0
OG0007949	1	0	0	1	0	0	0	0	0	0	0	0	0	0	0	0	0
OG0007950	0	0	0	0	0	0	0	1	0	0	0	0	0	0	0	0	0
OG0007951	0	1	0	1	0	0	0	0	0	0	0	0	0	0	0	0	0
OG0007952	2	0	0	0	0	0	0	0	0	0	0	0	0	0	0	0	0
OG0007953	1	0	0	0	1	0	0	0	0	0	0	0	0	0	0	0	0
OG0007954	2	0	0	0	0	0	-1	0	0	0	0	0	0	0	0	0	0
OG0007955	0	0	0	0	0	1	0	0	0	0	0	0	0	0	0	0	0
OG0007956	1	1	0	0	0	0	0	0	0	0	0	0	0	0	0	0	0
OG0007957	0	0	0	0	0	1	0	0	0	0	0	0	0	0	0	0	0
OG0007958	0	0	0	0	0	0	0	0	1	0	0	0	0	0	0	0	0
OG0007959	1	1	0	0	0	0	0	0	0	0	0	0	0	0	0	0	0
OG0007960	1	0	0	1	0	0	0	0	0	0	0	0	0	0	0	0	0
OG0007961	0	3	0	0	0	0	0	0	0	0	0	0	0	0	0	0	0
OG0007962	0	0	2	1	0	0	0	0	0	0	0	0	0	0	0	0	0
OG0007963	0	2	0	0	0	0	0	0	0	0	0	0	0	0	0	0	0
OG0007964	1	0	0	0	0	0	-1	0	0	0	0	0	0	0	0	0	0
OG0007965	0	0	0	0	0	0	0	0	0	0	0	1	0	0	0	0	0
OG0007966	0	0	0	0	0	0	0	0	1	0	0	0	0	0	0	0	0
OG0007967	0	0	1	0	0	0	0	0	0	0	0	0	0	0	0	0	0
OG0007968	1	1	0	0	0	0	0	0	0	0	0	0	0	0	0	0	0
OG0007969	1	1	0	0	0	0	0	0	0	0	0	0	0	0	0	0	0
OG0007970	0	1	0	1	0	0	0	0	0	0	0	0	0	0	0	0	0
OG0007971	1	1	0	0	0	0	0	0	0	0	0	0	0	0	0	0	0
OG0007972	0	0	0	1	1	0	0	0	0	0	0	0	0	0	0	0	0
OG0007973	0	3	0	0	0	0	0	0	-1	0	0	0	0	0	0	0	0
OG0007974	0	2	0	0	0	0	0	0	0	0	0	0	0	0	0	0	0
OG0007975	0	0	1	0	0	1	0	0	0	0	0	0	0	0	0	0	0
OG0007976	0	0	0	0	0	0	0	0	0	0	0	1	0	0	0	0	0
OG0007977	0	0	0	1	0	1	0	0	-1	0	0	0	0	0	0	0	0
OG0007978	1	0	0	0	1	0	0	0	0	0	0	0	0	0	0	0	0
OG0007979	0	0	0	0	0	1	0	0	-1	0	0	0	0	0	0	0	0
OG0007980	0	0	0	0	0	0	0	1	0	0	0	0	0	0	0	0	0
OG0007981	2	-1	0	0	0	0	0	0	0	0	-1	0	0	0	0	0	0
OG0007982	0	0	0	0	0	0	0	0	0	0	0	1	0	0	0	0	0
OG0007983	1	1	0	0	0	0	0	0	0	0	0	0	0	0	0	0	0
OG0007984	1	0	0	0	0	0	0	0	-1	0	0	1	0	0	0	0	0
OG0007985	1	0	1	0	0	0	-1	0	0	0	0	1	0	0	0	0	0
OG0007986	0	0	0	0	0	1	0	0	0	0	0	0	0	0	0	0	0
OG0007987	0	2	0	0	0	0	0	0	0	0	0	0	0	0	0	0	0
OG0007988	0	0	0	0	0	0	0	0	0	0	0	1	0	0	0	0	0
OG0007989	1	1	0	0	0	0	0	0	0	0	0	0	0	0	0	0	0
OG0007990	2	0	0	0	0	0	0	0	0	0	0	0	0	0	0	0	0
OG0007991	2	1	0	0	0	0	-1	0	0	0	0	0	0	0	0	0	0
OG0007992	2	0	0	1	0	0	0	0	-1	0	0	0	0	0	0	0	0
OG0007993	0	0	0	2	0	0	0	0	0	0	0	0	0	0	0	0	0
OG0007994	0	0	0	2	0	0	0	0	0	0	0	0	0	0	0	0	0
OG0007995	0	1	0	1	0	0	0	0	0	0	0	0	0	0	0	0	0
OG0007996	0	0	1	1	0	-1	0	1	0	0	0	0	0	0	0	0	0
OG0007997	1	1	0	0	0	0	0	0	0	0	0	0	0	0	0	0	0
OG0007998	0	2	0	0	0	0	0	0	0	0	0	0	0	0	0	0	0
OG0007999	2	0	0	0	0	0	0	0	0	0	0	0	0	0	0	0	0
OG0008000	1	1	0	0	0	0	0	0	0	0	0	0	0	0	0	0	0
OG0008001	1	1	0	0	0	0	0	0	0	0	0	0	0	0	0	0	0
OG0008002	0	0	-1	0	0	0	0	0	0	0	0	0	0	-1	0	0	0
OG0008003	1	1	0	0	0	0	0	0	0	0	0	0	0	0	0	0	0
OG0008004	1	1	0	0	0	0	0	0	0	0	0	0	0	0	0	0	0
OG0008005	1	0	0	0	0	-1	0	0	0	0	0	2	0	0	0	0	0
OG0008006	0	2	0	0	0	0	0	0	0	0	0	0	0	0	0	0	0
OG0008007	1	1	0	0	0	0	0	0	0	0	0	0	0	0	0	0	0
OG0008008	2	0	0	0	0	0	0	0	0	0	0	0	0	0	0	0	0
OG0008009	2	0	0	0	0	0	0	0	0	0	0	0	0	0	0	0	0
OG0008010	1	1	0	0	0	0	0	0	0	0	0	0	0	0	0	0	0
OG0008011	0	1	0	0	0	0	0	0	0	0	0	0	0	0	0	0	0
OG0008012	1	0	2	0	0	0	0	0	-1	0	0	0	0	0	0	0	0
OG0008013	0	2	0	0	0	0	0	0	0	0	0	0	0	0	0	0	0
OG0008014	0	0	0	2	0	0	0	0	0	0	0	0	0	0	0	0	0
OG0008015	1	1	0	0	0	0	0	0	0	0	0	0	0	0	0	0	0
OG0008016	0	0	-1	0	0	0	0	0	0	0	0	0	0	-1	0	0	0
OG0008017	0	0	0	0	0	1	0	0	0	0	0	0	0	0	0	0	0
OG0008018	0	0	0	0	0	0	0	1	0	0	0	0	0	0	0	0	0
OG0008019	1	0	0	0	1	-1	0	0	0	0	0	1	0	0	0	0	0
OG0008020	0	1	0	2	0	0	-1	0	0	0	0	0	0	0	0	0	0
OG0008021	1	2	0	-1	0	0	0	0	0	0	0	0	0	0	0	0	0
OG0008022	0	0	1	1	0	0	0	0	0	0	0	0	0	0	0	0	0
OG0008023	0	2	0	0	1	0	0	0	0	0	0	0	0	0	0	0	0
OG0008024	1	1	0	0	0	0	0	0	0	0	0	0	0	0	0	0	0
OG0008025	1	1	0	0	0	0	0	0	0	0	0	0	0	0	0	0	0
OG0008026	1	1	0	0	0	0	0	0	0	0	0	0	0	0	0	0	0
OG0008027	0	0	1	1	0	0	0	0	0	0	0	0	0	0	0	0	0
OG0008028	1	1	0	0	0	0	0	0	0	0	0	0	0	0	0	0	0
OG0008029	1	1	0	0	0	0	0	0	0	0	0	0	0	0	0	0	0
OG0008030	0	0	0	0	2	0	0	0	0	0	0	0	0	0	0	0	0
OG0008031	1	0	0	0	0	0	1	0	0	0	0	0	0	0	0	0	0
OG0008032	2	0	0	0	0	0	0	0	0	0	0	0	0	0	0	0	0
OG0008033	0	2	0	0	0	0	0	0	0	0	0	0	0	0	0	0	0
OG0008034	1	0	0	0	0	0	0	0	0	0	0	1	0	0	0	0	0
OG0008035	1	0	0	0	1	0	0	0	0	0	0	0	0	0	0	0	0
OG0008036	0	0	-1	0	0	0	0	0	0	0	1	0	0	0	-1	0	0
OG0008037	1	1	0	0	0	0	0	0	0	0	0	0	0	0	0	0	0
OG0008038	2	0	0	0	0	0	0	0	0	0	0	0	0	0	0	0	0
OG0008039	0	1	0	0	0	0	1	0	0	0	0	0	0	0	0	0	0
OG0008040	1	1	0	0	0	0	0	0	0	0	0	0	0	0	0	0	0
OG0008041	1	0	0	0	0	0	0	0	0	0	0	1	0	0	0	0	0
OG0008042	1	1	0	0	0	0	0	0	0	0	0	0	0	0	0	0	0
OG0008043	1	1	0	0	0	0	0	0	0	0	0	0	0	0	0	0	0
OG0008044	0	1	0	1	0	0	0	-1	0	0	1	0	0	-1	0	0	0
OG0008045	0	0	0	-1	0	0	0	-1	0	0	0	0	0	0	0	1	0
OG0008046	1	1	0	0	0	0	0	0	0	0	0	0	0	0	0	0	0
OG0008047	0	0	0	0	0	0	0	0	1	0	0	0	0	0	0	0	0
OG0008048	0	0	0	0	0	0	0	0	0	0	0	0	0	0	0	0	0
OG0008049	0	0	2	0	0	0	0	0	0	0	0	0	0	0	0	0	0
OG0008050	1	0	0	1	0	0	0	0	0	0	0	0	0	0	0	0	0
OG0008051	0	0	0	0	0	0	0	0	-1	0	1	0	0	-1	0	0	0
OG0008052	1	1	0	0	0	0	0	0	0	0	0	0	0	0	0	0	0
OG0008053	0	1	-1	0	0	0	0	0	1	0	0	0	0	0	0	0	0
OG0008054	1	0	2	0	0	0	0	0	0	0	0	0	0	0	0	0	0
OG0008055	0	2	0	0	0	0	0	0	0	0	0	0	0	0	0	0	0
OG0008056	1	2	0	-1	0	0	1	0	0	0	0	0	0	0	0	0	0
OG0008057	1	1	0	0	0	0	0	0	0	0	0	0	0	0	0	0	0
OG0008058	0	0	0	0	0	1	0	0	0	0	0	0	0	0	0	0	0
OG0008059	1	0	1	0	0	0	0	0	0	0	0	0	0	0	0	0	0
OG0008060	1	0	0	0	1	0	0	0	0	0	0	0	0	0	0	0	0
OG0008061	1	0	0	0	1	0	0	0	0	0	0	0	0	0	0	0	0
OG0008062	1	0	0	0	0	0	0	0	0	0	0	0	0	0	0	0	0
OG0008063	0	0	0	0	0	1	0	0	0	0	0	0	0	0	0	0	0
OG0008064	1	0	0	1	0	0	0	0	0	0	0	0	0	0	0	0	0
OG0008065	0	0	1	0	0	0	0	0	0	0	0	0	0	0	0	0	0
OG0008066	2	0	0	0	0	0	0	0	0	0	0	0	0	0	0	0	0
OG0008067	1	1	0	0	0	0	0	0	0	0	0	0	0	0	0	0	0
OG0008068	0	0	3	0	0	0	0	0	0	0	0	0	0	0	0	0	0
OG0008069	2	0	0	0	0	0	0	0	0	0	0	0	0	0	0	0	0
OG0008070	0	1	0	0	0	0	0	0	0	0	0	0	0	0	0	0	0
OG0008071	0	0	0	0	2	0	0	0	0	0	0	0	0	0	0	0	0
OG0008072	0	2	0	-1	0	0	0	0	0	0	0	0	0	0	0	0	0
OG0008073	0	2	0	0	0	0	0	0	1	0	0	0	0	0	0	0	0
OG0008074	1	0	0	0	0	0	0	0	0	0	0	0	0	0	0	0	0
OG0008075	0	0	0	2	0	0	0	0	0	0	0	0	0	0	0	0	0
OG0008076	0	0	0	0	0	0	0	0	0	0	0	1	0	0	0	0	0
OG0008077	0	0	0	0	1	0	0	0	0	0	0	0	0	0	0	0	0
OG0008078	0	0	0	0	0	0	0	0	1	0	0	0	0	0	0	0	0
OG0008079	0	0	0	0	2	0	0	0	0	0	0	0	0	0	0	0	0
OG0008080	0	0	0	-1	1	0	0	0	0	0	0	1	0	0	0	0	0
OG0008081	0	2	0	0	0	0	0	0	0	0	0	0	0	0	0	0	0
OG0008082	0	1	0	0	1	0	0	0	0	0	0	0	0	0	0	0	0
OG0008083	2	0	0	0	0	0	0	0	0	0	0	0	0	0	0	0	0
OG0008084	0	-1	0	0	0	0	0	0	-1	0	0	0	0	-1	0	0	0
OG0008085	0	0	1	1	0	0	0	0	0	0	0	0	0	0	0	0	0
OG0008086	1	0	0	-1	1	0	0	0	0	0	0	0	0	0	0	0	0
OG0008087	1	0	0	0	0	0	0	0	0	0	0	1	0	0	0	0	0
OG0008088	0	0	0	-1	0	0	0	0	-1	0	0	0	0	0	0	1	0
OG0008089	1	1	0	0	0	0	0	0	0	0	0	0	0	0	0	0	0
OG0008090	0	0	0	0	0	0	0	0	1	0	0	0	0	0	0	0	0
OG0008091	1	0	0	-1	0	0	0	0	0	0	0	1	0	0	0	0	0
OG0008092	0	0	0	0	0	0	0	0	1	0	0	0	0	0	0	0	0
OG0008093	0	1	0	1	0	0	0	0	0	0	0	0	0	0	0	0	0
OG0008094	0	1	0	0	2	0	1	0	-1	0	0	0	0	0	0	0	0
OG0008095	1	2	0	-1	0	0	0	0	0	0	0	0	0	0	0	0	0
OG0008096	0	2	0	0	0	0	0	0	0	0	0	0	0	0	0	0	0
OG0008097	0	1	0	0	0	-1	0	0	0	0	1	0	0	0	-1	0	0
OG0008098	1	1	0	0	0	0	0	0	0	0	0	0	0	0	0	0	0
OG0008099	1	1	0	0	0	0	0	0	0	0	0	0	0	0	0	0	0
OG0008100	1	1	0	0	0	0	0	0	0	0	0	0	0	0	0	0	0
OG0008101	2	2	0	0	0	0	0	-1	0	0	-1	0	0	0	0	0	0
OG0008102	0	1	0	1	0	0	0	0	0	0	0	0	0	0	0	0	0
OG0008103	1	1	0	0	0	0	0	0	0	0	0	0	0	0	0	0	0
OG0008104	0	0	0	0	2	0	0	0	0	0	0	0	0	0	0	0	0
OG0008105	2	0	0	0	0	0	0	0	0	0	0	0	0	0	0	0	0
OG0008106	1	1	0	0	0	0	0	0	0	0	0	0	0	0	0	0	0
OG0008107	0	0	0	2	0	0	0	0	0	0	0	0	0	0	0	0	0
OG0008108	1	1	0	0	0	0	0	0	0	0	0	0	0	0	0	0	0
OG0008109	0	1	0	1	0	0	0	0	0	0	0	0	0	0	0	0	0
OG0008110	1	1	0	0	0	0	0	0	0	0	0	0	0	0	0	0	0
OG0008111	0	-1	0	0	0	0	0	0	0	0	0	0	0	0	0	0	1
OG0008112	0	3	0	0	0	0	0	0	0	0	0	0	0	0	0	0	0
OG0008113	1	1	0	0	0	0	1	0	-1	0	0	0	0	0	0	0	0
OG0008114	0	0	-1	0	0	0	0	0	0	0	0	0	0	-1	0	0	0
OG0008115	1	1	0	0	0	0	0	0	0	0	0	0	0	0	0	0	0
OG0008116	0	2	0	0	0	0	0	0	0	0	0	0	0	0	0	0	0
OG0008117	2	0	0	0	0	0	0	0	0	0	0	0	0	0	0	0	0
OG0008118	1	1	0	0	0	0	0	0	0	0	0	0	0	0	0	0	0
OG0008119	0	2	0	0	0	0	0	0	0	0	0	0	0	0	0	0	0
OG0008120	0	0	1	-1	0	0	0	0	1	0	0	0	0	0	0	0	0
OG0008121	1	0	0	1	0	0	0	0	0	0	0	0	0	0	0	0	0
OG0008122	0	0	0	0	2	0	0	0	0	0	0	0	0	0	0	0	0
OG0008123	1	1	0	0	0	0	0	0	0	0	0	0	0	0	0	0	0
OG0008124	0	0	0	0	0	0	0	0	0	0	0	1	0	0	0	0	0
OG0008125	0	0	0	2	0	0	0	0	0	0	0	0	0	0	0	0	0
OG0008126	1	1	0	0	0	0	0	0	0	0	0	0	0	0	0	0	0
OG0008127	0	0	0	0	1	1	0	0	0	0	0	0	0	0	0	0	0
OG0008128	1	1	0	0	0	0	0	0	0	0	0	0	0	0	0	0	0
OG0008129	0	0	0	0	0	1	-1	0	0	0	0	0	0	0	0	0	0
OG0008130	0	2	0	0	0	0	1	0	-1	0	0	0	0	0	0	0	0
OG0008131	0	0	0	0	0	0	0	0	1	0	0	0	0	0	0	0	0
OG0008132	0	0	0	0	0	0	0	0	-1	0	1	-1	0	0	0	-1	0
OG0008133	1	0	0	0	0	1	0	0	0	0	0	0	0	0	0	0	0
OG0008134	0	1	0	1	0	0	0	0	0	0	0	0	0	0	0	0	0
OG0008135	0	0	0	0	0	0	0	0	0	0	0	1	0	0	0	0	0
OG0008136	1	0	0	0	0	0	0	0	0	0	0	1	0	0	0	0	0
OG0008137	0	2	0	0	0	0	0	0	0	0	0	0	0	0	0	0	0
OG0008138	0	0	0	0	0	0	0	0	1	0	0	0	0	0	0	0	0
OG0008139	1	1	0	0	0	0	0	0	0	0	0	0	0	0	0	0	0
OG0008140	0	-1	0	0	0	0	0	0	0	0	0	0	0	-1	0	0	0
OG0008141	0	2	0	-1	0	0	0	0	0	0	0	0	0	0	0	0	0
OG0008142	0	1	0	1	0	0	0	0	0	0	0	0	0	0	0	0	0
OG0008143	0	1	0	1	0	0	0	0	0	0	0	0	0	0	0	0	0
OG0008144	0	0	0	0	0	1	0	0	0	0	0	0	0	0	0	0	0
OG0008145	2	1	0	0	0	0	0	0	0	0	0	0	0	0	0	0	0
OG0008146	1	1	0	0	0	0	0	0	0	0	0	0	0	0	0	0	0
OG0008147	0	1	0	-1	0	0	0	0	0	0	0	1	0	0	0	0	0
OG0008148	0	0	1	4	0	-1	0	0	1	0	0	0	0	0	0	0	0
OG0008149	0	1	0	0	0	-1	0	0	0	0	0	0	0	-1	0	0	0
OG0008150	0	0	1	1	0	0	-1	0	0	0	0	0	0	0	0	0	0
OG0008151	1	-1	0	0	0	1	0	0	0	0	0	0	0	0	0	0	0
OG0008152	2	0	0	0	0	0	0	0	0	0	0	0	0	0	0	0	0
OG0008153	0	2	0	0	0	0	0	0	0	0	0	0	0	0	0	0	0
OG0008154	1	1	0	0	0	0	0	0	0	0	0	0	0	0	0	0	0
OG0008155	2	1	0	0	0	0	0	0	0	0	0	0	0	0	0	0	0
OG0008156	1	1	0	0	0	0	0	0	0	0	0	0	0	0	0	0	0
OG0008157	0	2	0	0	0	0	0	0	0	0	0	0	0	0	0	0	0
OG0008158	0	1	0	0	1	0	0	0	0	0	0	0	0	0	0	0	0
OG0008159	0	0	0	1	0	0	0	0	0	0	0	0	0	0	0	0	0
OG0008160	0	1	0	0	0	0	0	0	0	0	0	0	0	0	0	0	0
OG0008161	0	0	1	1	0	0	0	0	0	0	0	0	0	0	0	0	0
OG0008162	0	1	0	0	0	1	0	0	-1	0	0	0	0	0	0	0	0
OG0008163	0	0	0	0	0	0	0	0	1	0	0	0	0	0	0	0	0
OG0008164	1	0	0	0	0	0	0	0	0	0	0	0	0	0	0	0	0
OG0008165	0	0	0	0	0	1	0	0	0	0	0	0	0	0	0	0	0
OG0008166	0	0	0	0	0	0	0	0	0	0	0	1	0	0	0	0	0
OG0008167	0	2	0	0	0	0	0	0	0	0	0	0	0	0	0	0	0
OG0008168	1	0	0	0	2	0	0	0	0	0	0	0	0	0	0	0	0
OG0008169	1	1	0	0	0	0	0	0	0	0	0	0	0	0	0	0	0
OG0008170	1	1	0	0	0	0	0	0	0	0	0	0	0	0	0	0	0
OG0008171	0	1	0	-1	0	0	0	0	0	0	0	1	0	0	0	0	0
OG0008172	2	0	0	-1	0	0	0	0	0	0	-1	0	0	0	0	0	0
OG0008173	0	4	0	-1	0	0	0	0	0	0	0	0	0	0	0	0	0
OG0008174	0	0	0	0	0	1	0	0	0	0	0	0	0	0	0	0	0
OG0008175	0	0	0	0	0	0	0	1	0	0	0	0	0	0	0	0	0
OG0008176	0	1	0	0	0	0	0	0	0	0	0	0	0	0	0	0	0
OG0008177	1	1	0	0	0	0	0	0	0	0	0	0	0	0	0	0	0
OG0008178	1	0	0	0	0	0	0	0	0	0	0	0	0	0	0	0	0
OG0008179	0	2	0	0	0	0	0	0	0	0	0	0	0	0	0	0	0
OG0008180	0	0	1	0	0	0	0	1	-1	0	0	0	0	0	0	0	0
OG0008181	0	0	0	-1	0	0	0	0	0	0	0	0	0	0	0	1	0
OG0008182	0	0	1	1	0	0	0	0	0	0	0	0	0	0	0	0	0
OG0008183	0	4	0	0	0	0	0	-1	0	0	0	0	0	0	0	0	0
OG0008184	0	0	0	0	0	0	0	0	1	0	0	0	0	0	0	0	0
OG0008185	0	0	2	0	0	0	0	0	0	0	0	0	0	0	0	0	0
OG0008186	0	0	0	1	0	0	0	0	0	0	0	0	0	0	0	0	0
OG0008187	1	1	0	0	1	0	0	0	0	0	0	0	0	0	0	0	0
OG0008188	0	0	0	2	0	0	0	0	0	0	0	0	0	0	0	0	0
OG0008189	1	1	0	0	0	0	0	0	0	0	0	0	0	0	0	0	0
OG0008190	0	1	0	1	0	0	0	0	0	0	0	0	0	0	0	0	0
OG0008191	1	0	0	1	0	0	0	0	0	0	0	0	0	0	0	0	0
OG0008192	0	1	0	0	1	0	0	0	0	0	0	0	0	0	0	0	0
OG0008193	1	2	0	0	0	0	0	0	-1	0	0	0	0	0	0	0	0
OG0008194	2	0	0	0	0	0	0	0	1	0	0	0	0	0	0	0	0
OG0008195	1	0	0	0	1	0	0	0	0	0	0	0	0	0	0	0	0
OG0008196	1	1	0	0	0	0	0	0	0	0	0	0	0	0	0	0	0
OG0008197	0	0	-1	0	0	0	-1	0	0	0	0	0	0	-1	0	0	0
OG0008198	0	0	1	0	1	0	0	0	0	0	0	0	0	0	0	0	0
OG0008199	1	0	0	-1	0	0	0	1	-1	0	0	0	0	0	0	0	0
OG0008200	1	1	0	0	0	0	0	0	0	0	0	0	0	0	0	0	0
OG0008201	0	0	-1	0	0	0	-1	0	0	0	0	0	0	-1	0	0	0
OG0008202	1	1	0	0	0	0	0	0	0	0	0	0	0	0	0	0	0
OG0008203	0	1	0	0	1	0	0	0	0	0	0	0	0	0	0	0	0
OG0008204	0	0	1	0	1	0	0	0	0	0	0	0	0	0	0	0	0
OG0008205	0	2	0	0	0	0	0	0	0	0	0	0	0	0	0	0	0
OG0008206	0	0	0	0	0	0	0	0	1	0	0	0	0	0	0	0	0
OG0008207	0	2	0	0	0	0	0	0	0	0	0	0	0	0	0	0	0
OG0008208	0	1	0	0	0	1	0	0	0	0	0	0	0	0	0	0	0
OG0008209	0	1	0	1	0	0	0	0	0	0	0	0	0	0	0	0	0
OG0008210	0	0	0	-1	1	0	0	1	0	0	0	0	0	0	0	0	0
OG0008211	0	1	0	0	1	0	0	0	0	0	0	0	0	0	0	0	0
OG0008212	0	0	0	0	0	0	0	0	-1	0	1	0	0	0	-1	0	0
OG0008213	0	0	1	0	0	0	0	0	0	0	0	0	0	0	0	0	0
OG0008214	0	2	0	1	0	0	0	0	0	0	0	0	0	0	0	0	0
OG0008215	0	0	0	0	0	0	0	0	0	0	0	1	0	0	0	0	0
OG0008216	0	0	0	-1	0	0	0	1	0	0	0	0	0	0	0	0	0
OG0008217	0	3	0	0	0	0	0	0	0	0	0	0	0	0	0	0	0
OG0008218	0	2	0	0	0	0	1	0	-1	0	0	0	0	0	0	0	0
OG0008219	0	0	0	0	0	1	0	0	0	0	0	0	0	0	0	0	0
OG0008220	0	2	0	0	0	0	0	0	0	0	0	0	0	0	0	0	0
OG0008221	0	1	0	-1	0	0	2	0	0	0	0	0	0	0	0	0	0
OG0008222	0	1	0	0	0	0	0	0	0	0	0	0	0	0	0	0	0
OG0008223	1	0	0	0	0	1	0	0	-1	0	0	0	0	0	0	0	0
OG0008224	0	0	0	0	0	1	0	0	-1	0	0	0	0	0	0	0	0
OG0008225	0	2	0	0	0	0	0	0	0	0	0	0	0	0	0	0	0
OG0008226	0	0	1	0	1	0	0	0	0	0	0	0	0	0	0	0	0
OG0008227	0	0	0	0	1	0	0	1	0	0	0	0	0	0	0	0	0
OG0008228	1	1	0	0	0	0	0	0	0	0	0	0	0	0	0	0	0
OG0008229	0	0	0	0	0	1	0	0	0	0	0	0	0	0	0	0	0
OG0008230	0	4	0	-1	0	0	0	0	0	0	0	0	0	0	0	0	0
OG0008231	0	0	0	0	0	0	2	0	0	0	0	0	0	0	0	0	0
OG0008232	0	0	0	2	0	0	0	0	0	0	0	0	0	0	0	0	0
OG0008233	0	0	-1	0	0	0	0	0	0	0	0	0	0	-1	0	0	0
OG0008234	0	0	1	1	0	0	0	0	0	0	0	0	0	0	0	0	0
OG0008235	0	1	0	0	0	0	0	0	1	0	0	0	0	0	0	0	0
OG0008236	0	2	0	0	0	0	0	0	0	0	0	0	0	0	0	0	0
OG0008237	0	0	0	0	0	1	0	0	0	0	0	0	0	0	0	0	0
OG0008238	2	0	0	0	0	0	0	0	-1	0	0	0	0	0	0	0	0
OG0008239	0	0	0	0	0	0	0	0	1	0	0	0	0	0	0	0	0
OG0008240	0	0	0	0	2	0	0	0	0	0	0	0	0	0	0	0	0
OG0008241	0	0	0	0	1	0	0	0	-1	0	0	1	0	0	0	0	0
OG0008242	0	0	0	0	0	0	0	1	0	0	0	0	0	0	0	0	0
OG0008243	1	0	1	0	0	0	0	0	0	0	0	0	0	0	0	0	0
OG0008244	0	1	0	0	1	0	0	0	0	0	0	0	0	0	0	0	0
OG0008245	0	0	0	1	0	0	0	0	0	0	0	0	0	0	0	0	0
OG0008246	0	0	2	0	0	0	0	0	-1	0	0	0	0	0	0	0	0
OG0008247	0	1	0	0	1	0	0	0	0	0	0	0	0	0	0	0	0
OG0008248	0	0	0	0	0	0	0	0	1	0	0	0	0	0	0	0	0
OG0008249	0	0	2	0	0	0	0	0	-1	0	0	1	0	0	0	0	0
OG0008250	0	4	0	0	0	0	0	-1	0	0	0	0	0	0	0	0	0
OG0008251	0	0	0	0	0	1	0	0	0	0	0	0	0	0	0	0	0
OG0008252	0	0	0	0	0	0	0	0	1	0	0	0	0	0	0	0	0
OG0008253	1	1	0	0	0	0	0	0	0	0	0	0	0	0	0	0	0
OG0008254	2	0	1	0	0	0	0	0	0	0	0	0	0	0	0	0	0
OG0008255	1	0	0	0	0	0	0	0	0	0	0	0	0	0	0	0	0
OG0008256	0	0	0	0	0	0	0	0	0	0	0	1	0	0	0	0	0
OG0008257	1	1	0	0	0	0	0	0	0	0	0	0	0	0	0	0	0
OG0008258	0	1	0	0	1	0	0	0	0	0	0	0	0	0	0	0	0
OG0008259	0	2	0	0	0	0	0	0	0	0	0	0	0	0	0	0	0
OG0008260	0	1	0	0	1	0	0	0	0	0	0	0	0	0	0	0	0
OG0008261	0	0	0	0	0	0	1	0	0	0	0	0	0	0	0	0	0
OG0008262	1	0	1	0	1	0	-1	0	-1	0	0	0	0	0	0	0	0
OG0008263	2	1	0	-1	0	0	0	0	-1	0	-1	0	0	0	0	0	0
OG0008264	0	1	0	0	0	0	0	0	0	0	0	0	0	0	0	0	0
OG0008265	1	0	0	0	1	0	0	0	0	0	0	0	0	0	0	0	0
OG0008266	1	1	0	0	0	0	0	0	0	0	0	0	0	0	0	0	0
OG0008267	0	1	0	0	1	0	0	0	0	0	0	0	0	0	0	0	0
OG0008268	0	0	1	1	0	0	0	0	0	0	0	0	0	0	0	0	0
OG0008269	0	0	0	0	0	0	0	0	1	0	0	0	0	0	0	0	0
OG0008270	1	1	0	-1	1	0	0	0	0	0	0	0	0	0	0	0	0
OG0008271	0	0	0	0	0	0	0	1	0	0	0	0	0	0	0	0	0
OG0008272	0	2	0	0	0	0	0	0	0	0	0	0	0	0	0	0	0
OG0008273	0	1	0	1	0	0	0	0	0	0	0	0	0	0	0	0	0
OG0008274	0	0	2	0	0	0	0	0	0	0	0	0	0	0	0	0	0
OG0008275	0	1	0	0	1	0	0	0	0	0	0	0	0	0	0	0	0
OG0008276	0	1	0	1	0	0	0	0	0	0	0	0	0	0	0	0	0
OG0008277	0	3	0	-1	0	0	0	0	0	0	0	0	0	0	0	0	0
OG0008278	0	1	0	0	0	0	0	0	0	0	0	0	0	0	0	0	0
OG0008279	0	0	0	0	0	0	0	0	0	0	0	1	0	0	0	0	0
OG0008280	0	2	0	-1	0	0	0	0	0	0	0	1	0	0	0	0	0
OG0008281	0	0	0	-1	0	1	0	0	0	0	0	0	0	0	0	0	0
OG0008282	0	0	0	0	0	0	0	0	0	0	0	1	0	0	0	0	0
OG0008283	0	0	0	0	0	0	0	0	0	0	1	0	0	-1	0	0	0
OG0008284	1	0	0	0	0	0	0	0	0	0	0	0	0	0	0	0	0
OG0008285	0	1	0	1	0	0	0	0	0	0	0	0	0	0	0	0	0
OG0008286	0	0	0	1	0	0	1	0	0	0	0	0	0	0	0	0	0
OG0008287	0	0	0	0	0	0	0	0	1	0	0	0	0	0	0	0	0
OG0008288	0	0	1	1	0	0	0	0	0	0	0	0	0	0	0	0	0
OG0008289	0	0	0	2	0	0	0	0	0	0	0	0	0	0	0	0	0
OG0008290	0	0	0	0	1	0	0	0	0	0	0	0	0	0	0	0	0
OG0008291	0	0	0	0	0	1	0	0	-1	0	0	0	0	0	0	0	0
OG0008292	0	0	0	1	1	0	0	0	0	0	0	0	0	0	0	0	0
OG0008293	0	1	0	0	1	0	1	0	0	0	0	0	0	0	0	0	0
OG0008294	0	0	2	0	0	0	0	0	0	0	0	0	0	0	0	0	0
OG0008295	0	2	0	0	0	0	0	0	0	0	0	0	0	0	0	0	0
OG0008296	0	0	0	1	1	0	0	0	0	0	0	0	0	0	0	0	0
OG0008297	0	2	0	0	0	0	0	0	0	0	0	0	0	0	0	0	0
OG0008298	0	1	0	0	0	0	0	0	0	0	0	0	0	0	0	0	0
OG0008299	0	0	0	0	0	-1	0	-1	0	0	0	0	0	0	0	1	0
OG0008300	0	0	0	0	0	0	0	0	0	0	0	1	0	0	0	0	0
OG0008301	0	0	0	0	0	0	0	1	0	0	0	0	0	0	0	0	0
OG0008302	0	0	0	0	0	1	0	0	0	0	0	0	0	0	0	0	0
OG0008303	0	0	0	0	0	1	0	-1	0	0	0	0	0	0	0	0	0
OG0008304	0	1	0	-1	0	0	0	0	0	0	0	1	0	0	0	0	0
OG0008305	0	3	0	0	0	0	0	0	-1	0	0	0	0	0	0	0	0
OG0008306	1	2	0	0	0	0	0	0	0	0	0	0	0	0	0	0	0
OG0008307	0	1	0	0	1	0	0	0	0	0	0	0	0	0	0	0	0
OG0008308	0	0	0	0	0	0	0	0	0	0	0	0	0	0	0	0	0
OG0008309	0	0	0	0	0	0	0	-1	0	0	1	0	0	0	-1	0	0
OG0008310	1	0	0	1	0	0	0	0	0	0	0	0	0	0	0	0	0
OG0008311	0	0	0	0	0	0	1	0	0	0	0	0	0	0	0	0	0
OG0008312	0	2	0	0	0	0	0	0	0	0	0	0	0	0	0	0	0
OG0008313	0	0	1	-1	0	0	0	0	0	0	0	1	0	0	0	0	0
OG0008314	0	0	0	0	0	0	2	0	0	0	0	0	0	0	0	0	0
OG0008315	0	2	0	0	0	0	0	0	0	0	0	0	0	0	0	0	0
OG0008316	0	0	0	0	2	0	0	0	0	0	0	0	0	0	0	0	0
OG0008317	0	1	0	0	0	1	0	0	-1	0	0	0	0	0	0	0	0
OG0008318	0	0	0	1	0	0	1	0	0	0	0	0	0	0	0	0	0
OG0008319	1	0	0	-1	0	0	0	0	1	0	0	0	0	0	0	0	0
OG0008320	0	1	0	1	0	0	0	0	0	0	0	0	0	0	0	0	0
OG0008321	0	3	0	0	0	0	0	0	0	0	0	0	0	0	0	0	0
OG0008322	0	0	0	0	0	0	2	0	0	0	0	0	0	0	0	0	0
OG0008323	0	0	0	0	0	0	0	0	1	0	0	0	0	0	0	0	0
OG0008324	0	0	0	0	0	0	0	0	1	0	0	0	0	0	0	0	0
OG0008325	0	0	0	0	0	0	2	0	0	0	0	0	0	0	0	0	0
OG0008326	0	1	0	1	0	0	0	0	0	0	0	0	0	0	0	0	0
OG0008327	0	0	0	0	0	0	0	0	1	0	0	0	0	0	0	0	0
OG0008328	1	0	0	0	1	0	0	0	0	0	0	0	0	0	0	0	0
OG0008329	0	0	0	0	2	0	0	0	0	0	0	0	0	0	0	0	0
OG0008330	0	1	0	0	0	0	0	0	0	0	0	0	0	0	0	0	0
OG0008331	0	0	0	0	0	1	0	0	0	0	0	0	0	0	0	0	0
OG0008332	0	0	0	-1	1	0	0	0	0	0	0	1	0	0	0	0	0
OG0008333	0	1	0	0	0	0	0	0	1	0	0	0	0	0	0	0	0
OG0008334	0	0	0	0	0	0	0	0	-1	0	0	2	0	0	0	0	0
OG0008335	0	0	2	0	0	0	0	0	0	0	0	0	0	0	0	0	0
OG0008336	1	1	0	0	0	0	0	0	0	0	0	0	0	0	0	0	0
OG0008337	0	0	2	0	0	0	0	0	0	0	0	0	0	0	0	0	0
OG0008338	0	0	0	-1	0	0	0	0	0	0	0	0	0	0	0	0	1
OG0008339	0	0	0	0	0	0	0	0	0	0	0	1	0	0	0	0	0
OG0008340	0	0	1	0	0	0	0	0	1	0	0	0	0	0	0	0	0
OG0008341	0	1	0	1	0	0	0	0	0	0	0	0	0	0	0	0	0
OG0008342	0	0	0	0	0	0	0	0	0	0	0	1	0	0	0	0	0
OG0008343	0	0	0	0	0	0	0	0	0	0	0	1	0	0	0	0	0
OG0008344	0	0	1	0	0	0	0	0	0	0	0	0	0	0	0	0	0
OG0008345	0	0	0	0	0	1	0	0	0	0	0	0	0	0	0	0	0
OG0008346	0	1	0	0	0	1	0	0	-1	0	0	0	0	0	0	0	0
OG0008347	0	2	0	0	0	0	0	0	0	0	0	0	0	0	0	0	0
OG0008348	0	0	0	1	0	0	0	0	0	0	0	0	0	0	0	0	0
OG0008349	0	2	0	0	0	0	0	0	0	0	0	0	0	0	0	0	0
OG0008350	0	0	1	0	0	0	0	0	0	0	0	0	0	0	0	0	0
OG0008351	0	3	0	0	0	0	-1	0	0	0	0	0	0	0	0	0	0
OG0008352	0	2	0	0	0	0	0	0	0	0	0	0	0	0	0	0	0
OG0008353	0	0	1	0	0	0	0	0	1	0	0	0	0	0	0	0	0
OG0008354	0	0	0	0	0	0	0	0	0	0	0	1	0	0	0	0	0
OG0008355	0	0	1	0	0	0	0	0	0	0	0	0	0	0	0	0	0
OG0008356	0	2	0	0	0	0	0	0	0	0	0	0	0	0	0	0	0
OG0008523	0	0	1	0	0	0	0	0	0	0	0	0	0	0	0	0	0
OG0008526	1	1	0	0	0	0	0	0	0	0	0	0	0	0	0	0	0
OG0008528	0	1	0	0	0	0	0	0	0	0	0	0	0	0	0	0	0
OG0008529	2	0	0	1	0	-2	0	0	0	0	0	-1	0	0	0	0	-2
OG0008530	0	1	0	0	0	0	0	0	0	0	0	0	0	0	0	0	0
OG0008531	0	1	0	0	0	0	0	0	0	0	0	0	0	0	0	0	0
OG0008532	1	0	0	0	0	0	0	0	0	0	0	0	0	0	0	0	0
OG0008533	1	0	0	0	0	0	0	0	0	0	0	0	0	0	0	0	0
OG0008534	0	1	0	0	0	0	0	0	0	0	0	0	0	0	0	0	0
OG0008535	0	1	0	0	0	0	0	0	0	0	0	0	0	0	0	0	0
OG0008536	0	1	0	0	0	0	0	0	0	0	0	0	0	0	0	0	0
OG0008537	0	1	0	0	0	0	0	0	0	0	0	0	0	0	0	0	0
OG0008538	0	0	1	0	0	0	0	0	0	0	0	0	0	0	0	0	0
OG0008539	0	1	0	0	0	0	0	0	0	0	0	0	0	0	0	0	0
OG0008540	1	0	0	0	0	0	0	0	0	0	0	0	0	0	0	0	0
OG0008541	0	0	1	0	0	0	0	0	0	0	0	0	0	0	0	0	0
OG0008542	2	0	-1	0	0	0	0	0	-1	0	-1	0	0	0	0	0	0
OG0008543	1	1	0	0	0	0	0	0	-1	0	0	0	0	0	0	0	0
OG0008544	1	0	0	0	0	0	0	0	0	0	0	0	0	0	0	0	0
OG0008545	1	0	0	0	1	0	0	0	0	0	0	0	0	0	0	0	0
OG0008547	1	0	0	0	0	0	0	0	0	0	0	0	0	0	0	0	0
OG0008548	0	1	0	0	0	0	0	0	0	0	0	0	0	0	0	0	0
OG0008549	1	0	2	-1	0	0	0	0	0	0	0	0	0	0	0	0	0
OG0008550	1	0	1	-1	0	0	0	0	-1	0	0	0	0	0	0	0	0
OG0008551	1	1	0	0	0	0	0	0	-1	0	0	0	0	0	0	0	0
OG0008552	0	0	0	-1	1	0	-1	0	0	0	0	-1	0	0	0	0	1
OG0008553	2	0	0	0	-1	0	0	0	0	0	0	0	0	0	0	0	0
OG0008554	0	1	0	0	2	0	0	0	-1	0	0	0	0	0	0	0	0
OG0008555	0	1	0	0	0	0	0	0	0	0	0	0	0	0	0	0	0
OG0008556	0	0	0	0	0	1	0	0	0	0	0	-1	0	0	0	0	0
OG0008557	0	1	0	-1	1	-1	0	-1	0	0	0	0	0	0	0	1	0
OG0008558	0	1	0	0	0	0	0	0	0	0	0	0	0	0	0	0	0
OG0008559	0	0	1	0	0	0	0	0	0	0	0	0	0	0	0	0	0
OG0008560	0	0	0	0	1	0	0	0	0	0	0	0	0	0	0	0	0
OG0008561	1	0	0	0	0	0	0	0	0	0	0	0	0	0	0	0	0
OG0008562	2	1	0	0	0	0	0	-1	0	0	0	0	0	0	0	0	0
OG0008563	0	0	0	0	0	0	0	0	0	0	0	1	0	0	0	0	0
OG0008564	0	0	0	0	0	0	0	0	1	0	0	0	0	0	0	0	0
OG0008565	1	0	0	0	0	0	0	0	0	0	0	0	0	0	0	0	0
OG0008566	1	0	0	0	0	0	0	0	0	0	0	0	0	0	0	0	0
OG0008567	2	0	0	0	0	0	0	0	0	0	0	0	0	0	0	0	0
OG0008568	0	1	0	0	0	0	0	0	0	0	0	0	0	0	0	0	0
OG0008569	0	2	0	-1	0	0	0	0	0	0	0	0	0	0	0	0	0
OG0008570	1	0	0	0	0	0	0	0	0	0	0	0	0	0	0	0	0
OG0008571	0	1	0	0	0	0	0	0	0	0	0	0	0	0	0	0	0
OG0008572	0	1	0	-1	1	0	0	0	-1	0	0	0	0	0	0	0	0
OG0008573	0	0	0	1	0	0	0	0	0	0	0	0	0	0	0	0	0
OG0008574	0	1	0	0	0	0	0	0	0	0	0	0	0	0	0	0	0
OG0008575	1	0	0	0	0	0	0	0	0	0	0	0	0	0	0	0	0
OG0008576	1	0	0	0	0	0	0	0	0	0	0	0	0	0	0	0	0
OG0008577	1	0	0	0	0	-1	0	0	0	0	0	1	0	0	0	0	0
OG0008578	1	0	0	0	0	0	0	0	0	0	0	0	0	0	0	0	0
OG0008579	0	1	0	0	0	0	0	0	0	0	0	0	0	0	0	0	0
OG0008580	1	0	0	0	0	0	0	0	0	0	0	0	0	0	0	0	0
OG0008581	1	0	0	0	0	0	0	0	0	0	0	0	0	0	0	0	0
OG0008582	0	1	0	0	0	0	0	0	0	0	0	0	0	0	0	0	0
OG0008583	0	0	0	1	0	0	0	0	0	0	0	0	0	0	0	0	0
OG0008584	1	0	0	0	0	0	0	0	0	0	0	0	0	0	0	0	0
OG0008585	2	0	-1	0	0	0	0	0	0	0	0	0	0	0	0	0	0
OG0008586	0	0	0	0	0	0	0	0	1	0	0	0	0	0	0	0	0
OG0008587	0	-1	0	0	1	-1	-1	0	0	0	0	0	0	0	0	0	1
OG0008588	2	0	0	0	0	0	0	0	-1	0	0	0	0	0	0	0	0
OG0008589	1	1	0	0	0	0	0	0	-1	0	0	0	0	0	0	0	0
OG0008590	0	1	0	0	0	0	0	0	0	0	0	0	0	0	0	0	0
OG0008591	1	0	0	0	0	0	0	0	0	0	0	0	0	0	0	0	0
OG0008592	0	4	-1	-1	2	0	-1	0	-1	0	0	0	0	0	0	0	0
OG0008593	0	0	0	0	1	0	0	0	0	0	0	0	0	0	0	0	0
OG0008594	0	1	0	0	0	0	0	0	0	0	0	0	0	0	0	0	0
OG0008595	0	1	0	0	1	-1	0	0	0	0	0	1	0	0	0	0	0
OG0008596	1	0	0	0	0	0	0	0	0	0	0	0	0	0	0	0	0
OG0008597	1	0	0	0	0	0	0	0	0	0	0	0	0	0	0	0	0
OG0008598	0	0	0	-1	1	0	0	0	0	0	0	1	0	0	0	0	0
OG0008599	0	-1	0	0	0	0	0	0	1	0	0	0	0	0	0	0	0
OG0008600	1	0	0	0	0	0	0	0	0	0	0	1	0	0	0	0	0
OG0008601	8	0	0	4	0	0	0	0	0	0	-1	-1	0	-1	0	0	0
OG0008602	1	0	0	0	0	0	0	0	0	0	0	0	0	0	0	0	0
OG0008603	2	0	0	0	0	0	0	0	-1	0	0	0	0	0	0	0	0
OG0008604	0	1	0	0	0	0	0	0	0	0	0	0	0	0	0	0	0
OG0008605	1	1	0	0	0	0	0	0	0	0	0	0	0	0	0	0	0
OG0008606	1	0	0	0	0	0	0	0	0	0	0	0	0	0	0	0	0
OG0008607	2	0	0	-1	0	0	0	0	0	0	0	0	0	0	0	0	0
OG0008608	0	1	0	0	0	0	-1	0	-1	0	1	0	0	-1	0	0	0
OG0008609	0	0	0	1	0	0	0	0	0	0	0	0	0	0	0	0	0
OG0008610	0	1	0	0	0	0	0	0	0	0	0	0	0	0	0	0	0
OG0008611	0	1	0	0	0	0	0	0	0	0	0	0	0	0	0	0	0
OG0008612	1	0	0	0	0	0	0	0	0	0	0	0	0	0	0	0	0
OG0008613	0	2	0	0	0	0	0	0	0	0	0	0	0	0	0	0	0
OG0008614	0	1	0	0	0	0	0	0	0	0	0	0	0	0	0	0	0
OG0008615	1	0	0	0	0	0	0	0	0	0	0	0	0	0	0	0	0
OG0008616	0	1	0	0	0	0	0	0	0	0	0	0	0	0	0	0	0
OG0008617	2	-1	1	0	0	0	0	0	-1	0	0	0	0	0	0	0	0
OG0008618	0	2	0	-1	0	0	0	0	0	0	0	0	0	0	0	0	0
OG0008619	2	0	1	0	0	0	0	0	-1	0	0	0	0	0	0	0	0
OG0008620	0	1	0	0	0	0	0	0	0	0	0	0	0	0	0	0	0
OG0008621	0	0	0	1	0	0	0	0	0	0	0	0	0	0	0	0	0
OG0008622	0	1	0	0	0	0	0	0	0	0	0	0	0	0	0	0	0
OG0008623	0	2	0	0	0	0	0	0	0	0	0	0	0	0	0	0	0
OG0008624	0	3	0	-1	0	0	0	0	0	0	0	0	0	0	0	0	0
OG0008625	0	1	0	0	0	0	0	0	0	0	0	0	0	0	0	0	0
OG0008626	1	0	0	0	0	0	0	0	0	0	0	0	0	0	0	0	0
OG0008627	0	0	0	1	0	0	0	0	0	0	0	0	0	0	0	0	0
OG0008628	1	0	0	0	0	0	0	0	0	0	0	0	0	0	0	0	0
OG0008629	1	1	0	0	0	0	0	0	-1	0	0	0	0	0	0	0	0
OG0008630	0	1	0	0	0	0	0	0	0	0	0	0	0	0	0	0	0
OG0008631	0	2	0	0	0	0	0	0	-1	0	0	0	0	0	0	0	0
OG0008632	0	1	0	0	0	0	0	0	0	0	0	0	0	0	0	0	0
OG0008633	0	0	1	0	0	0	0	0	0	0	0	0	0	0	0	0	0
OG0008634	1	-1	0	-1	0	1	0	0	-1	0	0	0	0	0	0	0	0
OG0008635	0	1	0	0	0	0	0	0	0	0	0	0	0	0	0	0	0
OG0008636	1	0	0	0	1	0	0	0	0	0	0	0	0	0	0	0	0
OG0008637	1	0	0	0	0	0	0	0	0	0	0	0	0	0	0	0	0
OG0008638	0	1	0	0	0	0	0	0	0	0	0	0	0	0	0	0	0
OG0008639	0	1	0	0	0	0	0	0	0	0	0	0	0	0	0	0	0
OG0008640	0	1	0	0	0	0	0	0	0	0	0	0	0	0	0	0	0
OG0008641	1	1	0	-1	0	0	0	0	0	0	0	0	0	0	0	0	0
OG0008642	1	1	0	-1	0	0	0	0	0	0	0	0	0	0	0	0	0
OG0008643	1	0	0	0	0	0	1	0	-1	0	0	0	0	0	0	0	0
OG0008644	1	0	0	0	0	0	0	0	0	0	0	0	0	0	0	0	0
OG0008645	1	0	0	0	0	0	0	0	0	0	0	0	0	0	0	0	0
OG0008646	0	1	0	0	0	0	0	0	0	0	0	0	0	0	0	0	0
OG0008647	1	0	0	0	0	0	0	0	0	0	0	0	0	0	0	0	0
OG0008648	1	0	0	1	0	0	0	0	0	0	0	0	0	0	0	0	0
OG0008649	0	1	0	0	0	0	0	0	0	0	0	0	0	0	0	0	0
OG0008650	0	-1	0	0	0	0	0	1	0	0	0	0	0	0	0	0	0
OG0008651	0	2	0	0	0	0	0	0	0	0	0	0	0	0	0	0	0
OG0008652	1	0	0	0	0	0	0	0	0	0	0	0	0	0	0	0	0
OG0008653	0	0	0	0	0	0	0	0	-1	0	0	1	0	0	0	0	0
OG0008654	0	0	0	0	0	1	0	0	0	0	0	0	0	0	0	0	0
OG0008655	1	0	0	0	0	0	0	0	-1	0	0	0	0	0	0	0	0
OG0008656	0	0	0	0	1	0	0	0	0	0	0	0	0	0	0	0	0
OG0008657	0	0	1	0	0	0	0	0	0	0	0	0	0	0	0	0	0
OG0008658	1	1	0	0	0	0	0	0	0	0	0	0	0	0	0	0	0
OG0008659	0	0	2	-1	0	0	0	0	0	0	0	0	0	0	0	0	0
OG0008660	1	0	0	0	0	0	0	0	0	0	0	0	0	0	0	0	0
OG0008661	0	0	0	0	0	0	0	0	0	0	0	0	0	0	0	0	0
OG0008662	2	0	0	0	0	0	0	0	0	0	0	0	0	0	0	0	0
OG0008663	0	1	0	0	0	0	0	0	0	0	0	0	0	0	0	0	0
OG0008664	1	1	0	0	0	0	0	0	-1	0	0	0	0	0	0	0	0
OG0008665	1	1	-1	0	0	0	0	0	0	0	0	0	0	0	0	0	0
OG0008666	0	1	0	0	0	0	0	0	0	0	0	0	0	0	0	0	0
OG0008667	1	0	0	0	0	0	0	0	0	0	0	0	0	0	0	0	0
OG0008668	0	0	0	0	0	0	1	0	0	0	0	0	0	0	0	0	0
OG0008669	2	1	0	0	0	0	-1	0	-1	0	-1	0	0	0	0	0	0
OG0008670	2	0	0	0	0	0	-1	0	0	0	-1	0	0	0	0	0	0
OG0008671	1	1	0	-1	0	0	0	0	0	0	0	0	0	0	0	0	0
OG0008672	0	1	0	0	0	0	0	0	0	0	0	0	0	0	0	0	0
OG0008673	0	1	0	0	0	0	0	0	0	0	0	0	0	0	0	0	0
OG0008674	1	1	0	-1	0	0	0	0	0	0	0	0	0	0	0	0	0
OG0008675	2	0	1	0	0	0	0	-1	0	0	0	0	0	0	0	0	0
OG0008676	1	0	0	0	0	0	0	0	0	0	0	0	0	0	0	0	0
OG0008677	0	0	1	0	0	0	0	0	0	0	0	0	0	0	0	0	0
OG0008678	1	0	0	0	1	0	0	0	0	0	0	0	0	0	0	0	0
OG0008679	0	0	0	0	1	0	0	0	0	0	0	0	0	0	0	0	0
OG0008680	1	0	0	0	0	0	0	0	0	0	0	0	0	0	0	0	0
OG0008681	0	0	0	0	2	0	0	0	0	0	0	0	0	0	0	0	0
OG0008682	0	1	0	0	0	0	0	0	0	0	0	0	0	0	0	0	0
OG0008683	1	0	0	0	0	0	0	0	0	0	0	0	0	0	0	0	0
OG0008684	1	0	0	0	0	0	0	0	0	0	0	0	0	0	0	0	0
OG0008685	1	0	1	-1	0	0	0	0	0	0	0	0	0	0	0	0	0
OG0008686	0	1	0	0	0	0	0	0	0	0	0	0	0	0	0	0	0
OG0008687	1	1	0	0	0	0	0	0	0	0	0	0	0	0	0	0	0
OG0008688	0	0	0	0	0	0	0	0	0	0	0	1	0	0	0	0	0
OG0008689	1	0	0	0	0	0	0	0	0	0	0	0	0	0	0	0	0
OG0008690	2	-1	0	0	0	0	0	0	-1	0	-1	0	0	0	0	0	0
OG0008691	0	0	0	1	0	0	0	0	0	0	0	0	0	0	0	0	0
OG0008692	0	1	0	0	0	0	0	0	0	0	0	0	0	0	0	0	0
OG0008693	1	0	0	0	0	0	0	0	0	0	0	0	0	0	0	0	0
OG0008694	1	1	0	0	0	0	0	0	0	0	0	0	0	0	0	0	0
OG0008695	1	0	0	0	0	0	0	0	0	0	0	0	0	0	0	0	0
OG0008696	0	1	0	0	0	0	0	0	0	0	0	0	0	0	0	0	0
OG0008697	2	1	0	0	0	-1	0	0	0	0	0	0	0	0	0	0	0
OG0008698	0	0	1	0	0	0	0	0	0	0	0	0	0	0	0	0	0
OG0008699	0	0	0	0	1	0	0	0	0	0	0	0	0	0	0	0	0
OG0008700	1	0	0	0	0	0	0	0	0	0	0	0	0	0	0	0	0
OG0008701	1	0	0	0	1	0	0	0	-1	0	0	0	0	0	0	0	0
OG0008702	0	0	0	0	1	0	0	0	0	0	0	0	0	0	0	0	0
OG0008703	0	1	0	-1	1	0	0	0	0	0	0	0	0	0	0	0	0
OG0008704	1	0	0	0	0	0	0	0	0	0	0	0	0	0	0	0	0
OG0008705	1	1	0	0	0	0	0	0	0	0	0	0	0	0	0	0	0
OG0008706	0	1	0	0	0	0	0	0	0	0	0	0	0	0	0	0	0
OG0008707	0	0	0	0	0	0	0	0	0	0	0	0	0	0	0	0	0
OG0008708	1	0	0	0	1	0	-1	0	0	0	0	0	0	0	0	0	0
OG0008709	0	1	0	0	0	0	0	0	0	0	0	0	0	0	0	0	0
OG0008710	1	0	0	0	0	0	0	0	0	0	0	0	0	0	0	0	0
OG0008711	1	0	0	1	0	0	0	0	0	0	0	0	0	0	0	0	0
OG0008712	0	0	0	0	1	0	0	0	0	0	0	0	0	0	0	0	0
OG0008713	1	0	0	0	0	0	0	0	0	0	0	0	0	0	0	0	0
OG0008714	0	1	0	0	0	0	0	0	0	0	0	0	0	0	0	0	0
OG0008716	0	0	0	0	0	0	2	0	0	0	0	0	0	0	0	0	0
OG0008717	1	0	0	0	0	0	0	0	0	0	0	0	0	0	0	0	0
OG0008718	0	0	0	1	0	0	0	0	0	0	0	0	0	0	0	0	0
OG0008719	0	0	0	0	0	0	0	0	-1	0	0	1	0	0	0	0	0
OG0008720	1	0	0	0	0	0	0	0	0	0	0	0	0	0	0	0	0
OG0008721	1	0	0	0	0	0	0	0	0	0	0	0	0	0	0	0	0
OG0008722	9	-1	3	0	0	0	0	0	0	0	-1	0	-1	0	0	0	0
OG0008723	0	1	0	0	0	0	0	0	0	0	0	0	0	0	0	0	0
OG0008724	1	0	0	-1	1	0	0	0	0	0	0	0	0	0	0	0	0
OG0008725	0	0	0	0	0	0	0	0	0	0	0	0	0	0	0	0	0
OG0008727	0	1	0	0	0	0	0	0	0	0	0	0	0	0	0	0	0
OG0008728	0	1	0	0	0	0	0	0	0	0	0	0	0	0	0	0	0
OG0008729	2	1	0	0	0	0	0	0	0	0	0	0	0	0	0	0	0
OG0008730	1	0	0	0	0	0	0	0	0	0	0	0	0	0	0	0	0
OG0008731	0	0	0	1	0	0	0	0	0	0	0	0	0	0	0	0	0
OG0008732	0	0	1	0	0	0	0	0	0	0	0	0	0	0	0	0	0
OG0008733	1	0	0	0	0	0	0	0	0	0	0	0	0	0	0	0	0
OG0008734	1	0	0	0	0	1	0	0	-1	0	0	0	0	0	0	0	0
OG0008735	2	0	0	-1	0	0	-1	0	-1	0	-1	0	0	0	0	0	0
OG0008736	1	1	0	0	0	0	0	0	-1	0	0	0	0	0	0	0	0
OG0008737	1	1	0	0	0	0	0	0	0	0	0	0	0	0	0	0	0
OG0008738	0	1	0	0	0	0	0	0	0	0	0	0	0	0	0	0	0
OG0008739	0	1	0	1	0	0	-1	0	0	0	0	0	0	0	0	0	0
OG0008740	0	0	0	0	0	0	0	0	1	0	0	0	0	0	0	0	0
OG0008741	1	0	0	0	0	0	0	0	0	0	0	0	0	0	0	0	0
OG0008742	1	0	0	0	1	0	0	0	-1	0	0	0	0	0	0	0	0
OG0008743	0	0	0	1	0	0	0	0	0	0	0	0	0	0	0	0	0
OG0008744	1	0	0	0	0	0	0	0	0	0	0	0	0	0	0	0	0
OG0008745	0	1	0	0	0	0	0	0	0	0	0	0	0	0	0	0	0
OG0008746	1	0	0	0	0	0	0	0	0	0	0	0	0	0	0	0	0
OG0008747	2	1	0	0	0	-1	0	0	0	0	-1	0	0	0	0	0	0
OG0008748	0	0	0	0	1	0	0	0	0	0	0	0	0	0	0	0	0
OG0008749	0	2	0	0	0	0	0	0	0	0	0	0	0	0	0	0	0
OG0008750	0	1	0	1	0	0	0	0	0	0	0	0	0	0	0	0	0
OG0008751	0	1	0	0	0	0	0	0	0	0	0	0	0	0	0	0	0
OG0008752	1	1	0	0	0	0	0	0	-1	0	0	0	0	0	0	0	0
OG0008753	0	0	0	2	0	0	0	0	0	0	0	0	0	0	0	0	0
OG0008754	0	0	0	-1	2	0	0	0	0	0	0	0	0	0	0	0	0
OG0008755	0	0	0	0	0	1	1	-1	0	0	0	0	0	0	0	0	0
OG0008756	1	1	0	0	0	0	0	0	0	0	0	0	0	0	0	0	0
OG0008757	0	0	1	0	0	0	0	0	0	0	0	0	0	0	0	0	0
OG0008758	1	0	0	1	0	0	0	0	-1	0	0	0	0	0	0	0	0
OG0008759	0	1	0	0	0	0	0	0	0	0	0	0	0	0	0	0	0
OG0008760	1	0	1	0	0	0	0	0	-1	0	0	0	0	0	0	0	0
OG0008761	1	0	0	0	0	0	0	0	0	0	0	0	0	0	0	0	0
OG0008762	0	0	0	0	0	1	0	0	0	0	0	0	0	0	0	0	0
OG0008763	0	1	0	0	0	0	0	0	0	0	0	0	0	0	0	0	0
OG0008764	1	0	0	0	0	0	0	0	0	0	0	0	0	0	0	0	0
OG0008765	0	2	0	0	-1	0	0	0	0	0	0	0	0	0	0	0	0
OG0008766	2	0	0	0	0	0	0	0	-1	0	0	0	0	0	0	0	0
OG0008767	1	0	0	0	0	0	0	0	0	0	0	0	0	0	0	0	0
OG0008768	0	0	1	0	0	0	0	0	0	0	0	0	0	0	0	0	0
OG0008769	1	0	0	0	0	0	0	0	0	0	0	0	0	0	0	0	0
OG0008770	2	0	0	0	0	0	0	0	-1	0	-1	0	0	0	0	0	0
OG0008771	1	0	0	0	0	0	0	0	0	0	0	0	0	0	0	0	0
OG0008772	1	0	0	0	0	0	0	0	0	0	0	0	0	0	0	0	0
OG0008773	1	0	0	0	0	0	0	0	0	0	0	0	0	0	0	0	0
OG0008774	0	1	0	0	0	0	0	0	0	0	0	0	0	0	0	0	0
OG0008775	1	1	0	0	0	0	0	0	-1	0	0	0	0	0	0	0	0
OG0008776	1	0	0	1	0	0	0	0	-1	0	0	0	0	0	0	0	0
OG0008777	0	1	0	0	0	0	0	0	0	0	0	0	0	0	0	0	0
OG0008778	0	1	0	0	0	0	0	0	0	0	0	0	0	0	0	0	0
OG0008779	0	1	-1	2	0	0	-1	0	0	0	0	0	0	0	0	0	0
OG0008780	1	1	0	0	0	0	0	0	0	0	0	0	0	0	0	0	0
OG0008781	1	0	0	0	0	0	0	0	0	0	0	0	0	0	0	0	0
OG0008782	1	1	0	0	0	0	0	0	-1	0	0	0	0	0	0	0	0
OG0008783	0	1	0	0	0	0	0	0	0	0	0	0	0	0	0	0	0
OG0008784	0	1	0	0	0	0	0	0	0	0	0	0	0	0	0	0	0
OG0008785	1	1	0	0	0	0	0	0	0	0	0	0	0	0	0	0	0
OG0008786	1	-1	1	0	0	0	0	0	0	0	0	0	0	0	0	0	0
OG0008787	0	0	1	0	0	0	0	0	0	0	0	0	0	0	0	0	0
OG0008788	0	0	0	0	1	0	0	0	0	0	0	0	0	0	0	0	0
OG0008789	1	0	0	0	0	0	0	0	0	0	0	0	0	0	0	0	0
OG0008790	1	0	0	0	0	0	0	0	0	0	0	0	0	0	0	0	0
OG0008791	0	0	0	0	0	0	1	0	-1	0	0	0	0	0	0	0	0
OG0008792	2	-1	0	0	0	0	0	0	0	0	0	0	0	0	0	0	0
OG0008793	1	1	0	0	0	0	0	0	-1	0	0	0	0	0	0	0	0
OG0008794	1	0	0	0	0	0	0	0	0	0	0	0	0	0	0	0	0
OG0008795	0	0	0	1	0	0	0	0	0	0	0	0	0	0	0	0	0
OG0008796	0	1	0	0	0	0	0	0	0	0	0	0	0	0	0	0	0
OG0008797	0	1	0	0	0	0	0	0	0	0	0	0	0	0	0	0	0
OG0008798	1	1	0	-1	0	0	0	0	0	0	0	0	0	0	0	0	0
OG0008799	0	1	0	0	0	0	0	0	0	0	0	0	0	0	0	0	0
OG0008801	0	0	0	0	0	0	1	0	0	0	0	0	0	0	0	0	0
OG0008802	2	0	0	0	0	0	0	0	0	0	0	0	0	0	0	0	0
OG0008803	1	0	0	0	0	0	0	0	0	0	0	0	0	0	0	0	0
OG0008804	1	0	0	0	0	0	0	0	0	0	0	0	0	0	0	0	0
OG0008805	0	0	0	0	0	0	-1	0	0	0	0	1	0	0	0	0	0
OG0008806	1	0	0	0	0	0	0	0	0	0	0	0	0	0	0	0	0
OG0008807	0	0	1	0	0	0	0	0	0	0	0	0	0	0	0	0	0
OG0008808	1	0	0	0	0	0	0	0	0	0	0	0	0	0	0	0	0
OG0008809	0	0	1	0	0	0	0	0	0	0	0	0	0	0	0	0	0
OG0008810	0	1	0	0	0	0	0	0	0	0	0	0	0	0	0	0	0
OG0008811	0	0	1	0	0	0	0	0	0	0	0	0	0	0	0	0	0
OG0008812	1	1	0	0	0	-1	0	0	0	0	0	1	0	0	0	0	0
OG0008813	0	1	0	0	0	0	0	0	0	0	0	0	0	0	0	0	0
OG0008814	1	0	0	0	0	0	0	0	0	0	0	0	0	0	0	0	0
OG0008815	0	1	0	0	0	0	0	0	0	0	0	0	0	0	0	0	0
OG0008816	0	1	0	0	1	0	-1	0	0	0	0	0	0	0	0	0	0
OG0008817	0	0	1	0	0	0	0	0	0	0	0	0	0	0	0	0	0
OG0008818	0	1	0	-1	0	0	0	0	0	0	0	0	0	0	0	0	0
OG0008819	2	-1	0	0	0	0	0	0	0	0	0	0	0	0	0	0	0
OG0008820	0	0	1	0	0	0	0	0	0	0	0	0	0	0	0	0	0
OG0008821	0	0	0	0	0	1	0	0	-1	0	0	0	0	0	0	0	0
OG0008822	0	1	0	0	0	0	0	0	0	0	0	0	0	0	0	0	0
OG0008823	0	1	0	0	0	0	0	0	0	0	0	0	0	0	0	0	0
OG0008824	0	1	0	0	0	0	0	0	0	0	0	0	0	0	0	0	0
OG0008825	1	1	0	0	0	0	0	0	0	0	0	0	0	0	0	0	0
OG0008826	0	1	0	0	0	0	0	0	0	0	0	0	0	0	0	0	0
OG0008827	0	1	0	1	0	0	0	0	-1	0	0	0	0	0	0	0	0
OG0008828	0	0	0	1	0	0	0	0	1	0	0	0	0	0	0	0	0
OG0008829	0	0	0	0	0	0	0	0	0	0	0	0	0	0	0	0	0
OG0008830	0	1	0	0	0	0	0	0	0	0	0	0	0	0	0	0	0
OG0008831	2	1	0	0	0	0	0	0	-1	0	0	0	0	0	0	0	0
OG0008832	0	1	0	0	0	0	0	0	0	0	0	0	0	0	0	0	0
OG0008833	0	2	0	0	0	0	0	0	-1	0	0	0	0	0	0	0	0
OG0008834	0	1	0	1	0	0	0	0	-1	0	0	0	0	0	0	0	0
OG0008835	1	0	0	0	0	0	0	0	0	0	0	0	0	0	0	0	0
OG0008836	0	0	0	0	0	0	-1	0	1	0	0	0	0	0	0	0	0
OG0008837	0	1	0	0	0	0	0	0	0	0	0	0	0	0	0	0	0
OG0008838	0	0	1	0	0	0	0	0	0	0	0	0	0	0	0	0	0
OG0008839	0	1	0	0	0	0	0	0	0	0	0	0	0	0	0	0	0
OG0008840	1	0	0	0	0	0	0	0	0	0	0	0	0	0	0	0	0
OG0008841	1	0	0	0	1	0	0	0	0	0	0	0	0	0	0	0	0
OG0008842	0	1	0	0	0	0	0	0	0	0	0	0	0	0	0	0	0
OG0008843	0	1	0	0	0	0	0	0	0	0	0	0	0	0	0	0	0
OG0008844	1	0	1	0	0	0	0	0	0	0	0	0	0	0	0	0	0
OG0008845	1	1	0	-1	0	0	0	0	0	0	0	0	0	0	0	0	0
OG0008846	0	0	0	0	3	0	0	0	0	0	0	0	0	0	0	0	0
OG0008847	0	2	0	0	0	0	0	0	0	0	0	0	0	0	0	0	0
OG0008848	1	0	1	0	0	0	0	0	-1	0	0	0	0	0	0	0	0
OG0008849	0	2	0	0	0	0	0	0	0	0	0	0	0	0	0	0	0
OG0008850	0	1	0	0	0	0	0	0	0	0	0	0	0	0	0	0	0
OG0008851	1	0	0	0	0	0	0	0	0	0	0	0	0	0	0	0	0
OG0008852	0	1	0	0	0	0	0	0	0	0	0	0	0	0	0	0	0
OG0008853	0	1	0	0	0	0	0	0	0	0	0	0	0	0	0	0	0
OG0008854	1	0	0	0	0	0	0	0	0	0	0	0	0	0	0	0	0
OG0008855	1	0	0	0	0	0	0	0	0	0	0	0	0	0	0	0	0
OG0008856	0	1	0	0	0	0	0	0	0	0	0	0	0	0	0	0	0
OG0008857	1	0	0	0	0	0	0	0	0	0	0	0	0	0	0	0	0
OG0008858	0	1	0	1	0	0	-1	0	0	0	0	0	0	0	0	0	0
OG0008859	0	0	0	0	2	0	0	0	-1	0	0	0	0	0	0	0	0
OG0008860	1	0	0	0	0	0	0	0	0	0	0	0	0	0	0	0	0
OG0008861	0	1	0	0	0	0	0	0	0	0	0	0	0	0	0	0	0
OG0008862	1	0	0	0	0	0	0	0	0	0	0	0	0	0	0	0	0
OG0008863	1	1	-1	0	0	0	0	0	0	0	0	0	0	0	0	0	0
OG0008864	0	0	1	0	0	0	0	0	0	0	0	0	0	0	0	0	0
OG0008865	1	0	0	0	0	0	0	0	0	0	0	0	0	0	0	0	0
OG0008866	1	0	0	0	0	0	0	0	-1	0	0	0	0	0	0	0	0
OG0008867	1	0	0	0	0	0	0	0	0	0	0	0	0	0	0	0	0
OG0008868	1	1	0	-1	0	0	0	0	0	0	0	0	0	0	0	0	0
OG0008869	1	1	0	-1	0	0	0	0	0	0	0	0	0	0	0	0	0
OG0008870	1	0	0	0	0	0	0	0	0	0	0	0	0	0	0	0	0
OG0008871	0	0	0	0	0	0	0	0	0	0	0	0	0	0	0	0	0
OG0008872	1	0	0	0	0	0	0	0	0	0	0	0	0	0	0	0	0
OG0008873	0	1	0	1	0	0	0	0	0	0	0	0	0	0	0	0	0
OG0008874	0	1	0	0	0	0	0	0	0	0	0	0	0	0	0	0	0
OG0008875	0	0	0	0	0	0	0	0	0	0	0	0	0	0	0	0	0
OG0008876	0	0	0	0	0	0	0	0	1	0	0	0	0	0	0	0	0
OG0008877	1	0	0	0	0	0	0	0	0	0	0	0	0	0	0	0	0
OG0008878	1	0	0	0	0	0	0	0	0	0	0	0	0	0	0	0	0
OG0008879	0	1	0	0	0	0	0	0	0	0	0	0	0	0	0	0	0
OG0008880	0	1	0	0	0	0	0	0	0	0	0	0	0	0	0	0	0
OG0008881	0	0	0	0	1	0	0	0	0	0	0	0	0	0	0	0	0
OG0008882	1	0	0	0	0	0	0	0	0	0	0	0	0	0	0	0	0
OG0008883	1	1	0	0	0	0	-1	0	0	0	0	0	0	0	0	0	0
OG0008884	1	0	0	0	0	0	0	0	0	0	0	0	0	0	0	0	0
OG0008885	1	1	0	0	0	0	0	0	0	0	0	0	0	0	0	0	0
OG0008886	2	0	0	0	0	0	0	0	-1	0	0	0	0	0	0	0	0
OG0008887	0	1	0	0	0	0	0	0	0	0	0	0	0	0	0	0	0
OG0008888	1	0	0	0	0	0	0	0	0	0	0	0	0	0	0	0	0
OG0008889	0	1	0	0	0	0	0	0	0	0	0	0	0	0	0	0	0
OG0008890	1	0	0	0	0	0	0	0	0	0	0	0	0	0	0	0	0
OG0008891	1	0	0	0	1	0	1	0	-1	0	0	0	0	0	0	0	0
OG0008892	0	1	0	0	0	1	0	0	-1	0	0	0	0	0	0	0	0
OG0008893	10	-1	2	0	0	0	0	0	0	0	-1	0	-1	0	0	0	0
OG0008894	1	1	0	0	0	0	0	0	0	0	0	0	0	0	0	0	0
OG0008895	1	0	0	0	0	0	0	0	0	0	0	0	0	0	0	0	0
OG0008896	1	1	0	-1	0	0	0	0	-1	0	0	1	0	0	0	0	0
OG0008897	2	0	0	0	0	0	0	0	0	0	0	0	0	0	0	0	0
OG0008898	1	0	0	0	0	0	0	0	0	0	0	0	0	0	0	0	0
OG0008899	0	1	0	0	0	0	0	0	0	0	0	0	0	0	0	0	0
OG0008900	0	1	0	0	0	0	0	0	0	0	0	0	0	0	0	0	0
OG0008901	0	0	0	0	1	1	0	0	-1	0	0	0	0	0	0	0	0
OG0008902	0	0	1	0	0	0	0	0	0	0	0	0	0	0	0	0	0
OG0008903	0	0	0	0	1	0	0	0	0	0	0	0	0	0	0	0	0
OG0008904	0	1	0	0	0	0	0	0	0	0	0	0	0	0	0	0	0
OG0008905	0	0	0	0	0	0	0	0	1	0	0	0	0	0	0	0	0
OG0008906	0	3	0	0	0	0	0	0	-1	0	0	0	0	0	0	0	0
OG0008907	1	0	0	-1	1	0	0	0	0	0	0	0	0	0	0	0	0
OG0008908	1	0	0	0	0	0	0	0	0	0	0	0	0	0	0	0	0
OG0008909	0	0	0	-1	0	0	0	0	0	0	0	1	0	0	0	0	0
OG0008910	0	1	0	0	0	0	0	0	0	0	0	0	0	0	0	0	0
OG0008911	2	1	0	-1	0	0	0	0	-1	0	0	0	0	0	0	0	0
OG0008912	2	0	0	0	0	0	-1	0	-1	0	0	1	0	0	0	0	0
OG0008913	1	0	0	0	0	1	0	0	-1	0	0	0	0	0	0	0	0
OG0008914	0	0	0	0	1	0	0	0	0	0	0	0	0	0	0	0	0
OG0008915	2	0	0	0	0	0	0	0	0	0	0	0	0	0	0	0	0
OG0008916	0	0	0	0	0	1	-1	0	0	0	0	0	0	0	0	0	0
OG0008917	2	0	0	0	0	0	0	0	0	0	0	0	0	0	0	0	0
OG0008918	0	0	0	0	0	0	-1	0	-1	0	1	0	0	-1	0	0	0
OG0008919	0	0	0	0	0	0	0	0	0	0	0	1	0	0	0	0	0
OG0008920	0	0	1	0	0	0	0	0	0	0	0	0	0	0	0	0	0
OG0008921	1	1	0	0	0	0	0	0	0	0	0	0	0	0	0	0	0
OG0008922	0	0	0	0	0	0	0	0	0	0	0	1	0	0	0	0	0
OG0008923	0	0	0	0	0	0	0	0	0	0	0	0	0	0	0	0	0
OG0008924	0	0	0	0	0	0	0	0	1	0	0	0	0	0	0	0	0
OG0008925	0	1	0	0	0	0	0	0	0	0	0	0	0	0	0	0	0
OG0008926	0	1	0	0	0	0	0	0	0	0	0	0	0	0	0	0	0
OG0008927	0	0	0	0	0	0	0	0	-1	0	0	1	0	0	0	0	0
OG0008928	1	0	0	0	0	0	0	0	0	0	0	0	0	0	0	0	0
OG0008929	0	1	0	0	1	0	-1	0	0	0	0	0	0	0	0	0	0
OG0008930	0	0	0	0	0	0	0	0	0	0	0	0	0	0	0	0	0
OG0008931	1	1	0	0	0	0	0	0	0	0	0	0	0	0	0	0	0
OG0008932	1	0	0	0	0	0	0	0	0	0	0	0	0	0	0	0	0
OG0008933	1	0	0	0	0	0	0	0	0	0	0	0	0	0	0	0	0
OG0008934	0	1	0	0	1	0	0	0	-1	0	0	0	0	0	0	0	0
OG0008935	0	1	0	0	0	0	1	0	-1	0	0	0	0	0	0	0	0
OG0008936	0	0	0	0	0	1	0	0	0	0	0	0	0	0	0	0	0
OG0008937	1	0	0	0	0	0	0	0	0	0	0	0	0	0	0	0	0
OG0008938	1	0	0	1	0	0	0	0	0	0	0	0	0	0	0	0	0
OG0008939	0	1	0	0	0	0	0	0	0	0	0	0	0	0	0	0	0
OG0008940	0	0	1	0	0	0	0	0	0	0	0	0	0	0	0	0	0
OG0008941	0	1	0	0	0	0	0	0	0	0	0	0	0	0	0	0	0
OG0008942	0	1	0	0	0	0	0	0	0	0	0	0	0	0	0	0	0
OG0008943	0	0	0	0	1	0	1	0	0	0	0	0	0	0	0	0	0
OG0008944	0	1	0	0	0	0	0	0	0	0	0	0	0	0	0	0	0
OG0008945	0	0	0	0	0	-1	0	0	0	0	0	0	0	0	0	1	0
OG0008946	0	1	0	0	0	0	0	0	0	0	0	0	0	0	0	0	0
OG0008947	0	0	0	1	0	0	0	0	0	0	0	0	0	0	0	0	0
OG0008948	0	1	0	0	0	0	0	0	0	0	0	0	0	0	0	0	0
OG0008949	2	0	0	0	0	0	0	0	0	0	0	0	0	0	0	0	0
OG0008950	0	1	0	0	0	0	0	0	0	0	0	0	0	0	0	0	0
OG0008951	1	0	0	0	0	0	0	0	0	0	0	0	0	0	0	0	0
OG0008952	1	0	0	1	0	0	0	0	0	0	0	0	0	0	0	0	0
OG0008953	0	0	0	0	0	0	1	0	0	0	0	0	0	0	0	0	0
OG0008954	0	0	0	0	2	0	0	0	0	0	0	0	0	0	0	0	0
OG0008955	0	1	0	0	0	0	0	0	0	0	0	0	0	0	0	0	0
OG0008956	0	0	1	0	0	0	0	0	0	0	0	0	0	0	0	0	0
OG0008957	0	0	1	0	0	0	0	0	0	0	0	0	0	0	0	0	0
OG0008958	0	1	0	0	0	0	0	0	0	0	0	0	0	0	0	0	0
OG0008959	1	0	0	0	0	0	0	0	0	0	0	0	0	0	0	0	0
OG0008960	0	0	0	1	0	0	0	0	0	0	0	0	0	0	0	0	0
OG0008961	0	0	1	1	0	0	0	0	0	0	0	0	0	0	0	0	0
OG0008962	1	0	0	-1	0	0	-1	0	0	0	0	0	0	0	0	0	0
OG0008963	0	1	0	0	0	0	0	0	0	0	0	0	0	0	0	0	0
OG0008964	0	1	0	0	0	0	0	0	0	0	0	0	0	0	0	0	0
OG0008965	0	0	1	0	0	0	0	0	0	0	0	0	0	0	0	0	0
OG0008966	0	2	0	-1	0	0	0	0	0	0	0	0	0	0	0	0	0
OG0008967	0	0	0	1	0	0	0	0	0	0	0	0	0	0	0	0	0
OG0008968	0	1	0	0	0	0	0	0	0	0	0	0	0	0	0	0	0
OG0008969	0	2	0	0	0	0	0	0	0	0	0	0	0	0	0	0	0
OG0008970	0	1	0	0	0	0	0	0	0	0	0	0	0	0	0	0	0
OG0008971	0	1	0	0	0	0	0	0	0	0	0	0	0	0	0	0	0
OG0008972	0	1	0	0	0	0	0	0	0	0	0	0	0	0	0	0	0
OG0008973	0	0	0	1	0	0	0	0	0	0	0	0	0	0	0	0	0
OG0008974	1	2	0	-1	0	0	0	0	0	0	0	0	0	0	0	0	0
OG0008975	0	1	0	0	0	0	0	0	0	0	0	0	0	0	0	0	0
OG0008976	2	1	0	-1	0	0	0	0	0	0	0	0	0	0	0	0	0
OG0008977	0	0	0	1	0	0	0	0	0	0	0	0	0	0	0	0	0
OG0008978	0	1	0	0	0	0	0	0	0	0	0	0	0	0	0	0	0
OG0008979	0	0	0	0	0	0	0	0	0	0	0	0	0	0	0	0	0
OG0008980	1	0	0	0	0	0	0	0	0	0	0	0	0	0	0	0	0
OG0008981	0	1	0	1	0	0	0	0	-1	0	0	0	0	0	0	0	0
OG0008982	0	1	0	0	0	0	0	0	0	0	0	0	0	0	0	0	0
OG0008983	0	0	0	0	1	0	0	0	0	0	0	0	0	0	0	0	0
OG0008984	0	1	0	0	0	0	0	0	0	0	0	0	0	0	0	0	0
OG0008985	0	0	1	-1	1	0	0	0	0	0	0	0	0	0	0	0	0
OG0008986	0	1	0	0	0	0	0	0	0	0	0	0	0	0	0	0	0
OG0008987	1	-1	0	0	0	0	0	0	0	0	0	0	0	0	0	0	0
OG0008988	0	1	0	0	0	0	0	0	0	0	0	0	0	0	0	0	0
OG0008989	0	0	0	1	0	0	0	0	0	0	0	0	0	0	0	0	0
OG0008990	0	1	0	0	0	0	0	0	0	0	0	0	0	0	0	0	0
OG0008991	2	0	0	0	0	0	0	0	0	0	0	0	0	0	0	0	0
OG0008992	0	0	1	0	0	0	0	0	0	0	0	0	0	0	0	0	0
OG0008993	0	1	0	0	0	0	0	0	0	0	0	0	0	0	0	0	0
OG0008994	0	0	1	0	0	0	0	0	0	0	0	0	0	0	0	0	0
OG0008995	1	0	0	0	0	0	0	0	0	0	0	0	0	0	0	0	0
OG0008996	1	0	0	0	0	0	0	0	0	0	0	0	0	0	0	0	0
OG0008997	0	0	2	0	0	0	0	0	0	0	0	0	0	0	0	0	0
OG0008998	0	0	0	0	0	0	1	0	0	0	0	0	0	0	0	0	0
OG0008999	0	0	0	0	1	0	0	0	0	0	0	0	0	0	0	0	0
OG0009000	0	0	0	1	0	0	0	0	0	0	0	0	0	0	0	0	0
OG0009001	0	0	0	0	0	0	0	0	0	0	0	0	0	0	0	0	0
OG0009002	0	0	0	1	0	0	1	0	0	0	0	0	0	0	0	0	0
OG0009003	1	1	0	0	0	0	0	0	0	0	0	0	0	0	0	0	0
OG0009004	0	0	0	1	0	0	0	0	0	0	0	0	0	0	0	0	0
OG0009005	0	1	0	0	0	0	0	0	0	0	0	0	0	0	0	0	0
OG0009006	0	0	1	-1	0	0	0	0	0	0	0	0	0	0	0	0	0
OG0009007	0	1	0	0	0	0	0	0	0	0	0	0	0	0	0	0	0
OG0009008	0	0	0	0	2	0	-1	0	0	0	0	0	0	0	0	0	0
OG0009009	0	0	0	1	0	0	0	0	0	0	0	0	0	0	0	0	0
OG0009010	0	1	0	0	0	0	0	0	0	0	0	0	0	0	0	0	0
OG0009011	0	0	0	1	0	0	0	0	0	0	0	0	0	0	0	0	0
OG0009012	1	0	0	0	0	0	0	0	0	0	0	0	0	0	0	0	0
OG0009013	0	0	0	-1	0	1	0	0	0	0	0	0	0	0	0	0	0
OG0009014	0	0	1	0	0	0	0	0	0	0	0	0	0	0	0	0	0
OG0009015	0	3	0	0	0	0	0	0	-1	0	0	0	0	0	0	0	0
OG0009016	1	0	0	0	0	0	0	0	0	0	0	0	0	0	0	0	0
OG0009017	1	0	0	0	0	0	0	0	0	0	0	0	0	0	0	0	0
OG0009018	0	0	1	0	0	0	0	0	0	0	0	0	0	0	0	0	0
OG0009019	0	0	0	1	0	0	0	0	0	0	0	0	0	0	0	0	0
OG0009020	0	0	0	-1	0	0	0	0	0	0	0	1	0	0	0	0	0
OG0009021	0	1	0	0	0	0	0	0	0	0	0	0	0	0	0	0	0
OG0009022	1	0	0	0	0	0	0	0	0	0	0	0	0	0	0	0	0
OG0009023	1	0	0	1	0	0	0	0	0	0	0	0	0	0	0	0	0
OG0009024	0	1	0	0	0	0	0	0	0	0	0	0	0	0	0	0	0
OG0009025	1	1	0	0	0	0	0	0	0	0	0	0	0	0	0	0	0
OG0009026	1	0	0	0	0	0	0	0	0	0	0	0	0	0	0	0	0
OG0009027	1	0	0	0	0	0	0	0	0	0	0	0	0	0	0	0	0
OG0009028	1	0	0	0	0	0	0	0	0	0	0	0	0	0	0	0	0
OG0009029	0	0	0	1	0	0	0	0	0	0	0	0	0	0	0	0	0
OG0009030	0	1	0	0	0	0	0	0	0	0	0	0	0	0	0	0	0
OG0009031	0	1	0	0	0	0	0	0	0	0	0	0	0	0	0	0	0
OG0009032	0	1	0	0	0	0	0	0	0	0	0	0	0	0	0	0	0
OG0009033	0	0	0	0	0	0	1	0	0	0	0	0	0	0	0	0	0
OG0009034	0	1	0	0	0	0	0	0	0	0	0	0	0	0	0	0	0
OG0009035	1	0	0	0	0	0	0	0	0	0	0	0	0	0	0	0	0
OG0009036	1	1	0	0	0	0	0	0	-1	0	0	0	0	0	0	0	0
OG0009037	1	0	0	0	0	0	0	0	0	0	0	0	0	0	0	0	0
OG0009038	0	1	0	0	0	0	0	0	0	0	0	0	0	0	0	0	0
OG0009039	1	0	0	0	0	0	0	0	0	0	0	0	0	0	0	0	0
OG0009040	0	1	0	0	0	0	0	0	0	0	0	0	0	0	0	0	0
OG0009041	0	1	0	0	0	0	0	0	0	0	0	0	0	0	0	0	0
OG0009042	0	1	0	0	0	0	0	0	0	0	0	0	0	0	0	0	0
OG0009043	0	1	0	0	0	0	0	0	0	0	0	0	0	0	0	0	0
OG0009044	0	1	0	0	0	0	0	0	0	0	0	0	0	0	0	0	0
OG0009045	0	0	1	1	0	0	0	0	0	0	0	0	0	0	0	0	0
OG0009046	0	1	0	0	0	0	0	0	0	0	0	0	0	0	0	0	0
OG0009047	0	3	0	-1	0	0	0	0	0	0	0	0	0	0	0	0	0
OG0009048	0	0	0	0	1	0	0	0	0	0	0	0	0	0	0	0	0
OG0009049	1	0	0	0	0	0	0	0	0	0	0	0	0	0	0	0	0
OG0009050	1	0	0	0	0	0	0	0	0	0	0	0	0	0	0	0	0
OG0009051	1	0	0	0	0	0	0	0	0	0	0	0	0	0	0	0	0
OG0009052	2	0	0	0	0	0	0	0	0	0	0	0	0	0	0	0	0
OG0009053	0	2	0	0	0	0	0	0	0	0	0	0	0	0	0	0	0
OG0009054	1	0	0	0	0	0	0	0	0	0	0	0	0	0	0	0	0
OG0009055	1	0	0	0	0	0	0	0	0	0	0	0	0	0	0	0	0
OG0009056	2	0	0	0	0	0	0	0	0	0	0	0	0	0	0	0	0
OG0009057	1	0	0	0	0	0	0	0	0	0	0	0	0	0	0	0	0
OG0009058	1	1	0	-1	0	0	0	0	0	0	0	0	0	0	0	0	0
OG0009059	1	0	0	0	1	0	0	0	-1	0	0	0	0	0	0	0	0
OG0009060	1	0	0	0	0	0	0	0	0	0	0	0	0	0	0	0	0
OG0009061	0	1	0	0	0	0	0	0	0	0	0	0	0	0	0	0	0
OG0009062	0	0	0	0	0	0	0	0	0	0	0	0	0	0	0	0	0
OG0009063	0	0	1	-1	0	0	0	1	-1	0	0	0	0	0	0	0	0
OG0009064	1	0	0	0	0	0	0	0	0	0	0	0	0	0	0	0	0
OG0009065	0	1	0	0	0	0	0	0	0	0	0	0	0	0	0	0	0
OG0009066	1	0	0	0	0	0	0	0	0	0	0	0	0	0	0	0	0
OG0009067	1	1	0	-1	0	0	0	0	0	0	0	0	0	0	0	0	0
OG0009068	0	2	0	0	-1	0	0	0	0	0	0	0	0	0	0	0	0
OG0009069	0	0	0	0	0	0	0	0	0	0	0	0	0	0	0	0	0
OG0009070	0	0	0	1	0	0	0	0	0	0	0	0	0	0	0	0	0
OG0009071	0	0	0	-1	0	1	0	0	0	0	0	0	0	0	0	0	0
OG0009072	0	1	0	0	0	0	0	0	0	0	0	0	0	0	0	0	0
OG0009073	0	1	0	0	0	0	0	0	0	0	0	0	0	0	0	0	0
OG0009074	0	1	0	0	0	0	0	0	0	0	0	0	0	0	0	0	0
OG0009075	0	1	0	0	0	0	0	0	0	0	0	0	0	0	0	0	0
OG0009076	0	0	0	0	1	0	0	0	0	0	0	0	0	0	0	0	0
OG0009077	0	1	0	0	0	0	0	0	0	0	0	0	0	0	0	0	0
OG0009078	1	0	0	0	0	0	0	0	0	0	0	0	0	0	0	0	0
OG0009079	0	1	0	0	0	0	0	0	0	0	0	0	0	0	0	0	0
OG0009080	0	0	0	0	0	0	0	0	0	0	0	0	0	0	0	0	0
OG0009081	0	1	0	0	0	0	0	0	0	0	0	0	0	0	0	0	0
OG0009082	0	0	0	0	1	0	0	0	0	0	0	0	0	0	0	0	0
OG0009083	0	1	0	0	0	0	0	0	0	0	0	0	0	0	0	0	0
OG0009084	0	0	1	0	0	0	0	0	0	0	0	0	0	0	0	0	0
OG0009085	0	1	0	-1	0	0	0	0	0	0	0	0	0	0	0	0	0
OG0009086	0	0	0	0	0	0	0	0	0	0	0	0	0	0	0	0	0
OG0009087	1	0	0	0	0	0	0	0	0	0	0	0	0	0	0	0	0
OG0009088	0	1	0	0	0	0	-1	0	0	0	0	0	0	0	0	0	0
OG0009089	0	0	0	0	0	0	0	0	0	0	0	0	0	0	0	0	0
OG0009090	0	0	0	0	0	0	1	0	0	0	0	0	0	0	0	0	0
OG0009091	0	0	0	0	0	0	0	0	0	0	0	0	0	0	0	0	0
OG0009092	0	0	0	0	0	0	0	0	0	0	0	0	0	0	0	0	0
OG0009093	0	0	1	0	0	0	0	0	0	0	0	0	0	0	0	0	0
OG0009094	0	1	0	0	0	0	0	0	0	0	0	0	0	0	0	0	0
OG0009095	0	0	2	-1	0	0	0	0	0	0	0	0	0	0	0	0	0
OG0009096	1	0	0	0	0	0	0	0	0	0	0	0	0	0	0	0	0
OG0009097	0	2	0	-1	0	0	0	0	0	0	0	0	0	0	0	0	0
OG0009098	0	0	0	0	1	0	0	0	0	0	0	0	0	0	0	0	0
OG0009099	0	1	0	0	1	0	0	0	0	0	0	0	0	0	0	0	0
OG0009100	0	1	0	0	0	0	0	0	0	0	0	0	0	0	0	0	0
OG0009101	0	1	0	0	0	0	0	0	0	0	0	0	0	0	0	0	0
OG0009102	1	0	0	0	0	0	0	0	0	0	0	0	0	0	0	0	0
OG0009103	2	0	0	0	0	0	0	0	-1	0	0	0	0	0	0	0	0
OG0009104	0	1	0	0	0	0	0	0	0	0	0	0	0	0	0	0	0
OG0009105	1	1	0	0	0	0	-1	0	0	0	0	0	0	0	0	0	0
OG0009106	0	0	0	-1	2	0	0	0	0	0	0	0	0	0	0	0	0
OG0009107	0	0	1	0	0	0	0	0	0	0	0	0	0	0	0	0	0
OG0009108	1	0	0	0	0	0	0	0	0	0	0	0	0	0	0	0	0
OG0009109	0	1	0	0	0	0	0	0	0	0	0	0	0	0	0	0	0
OG0009110	1	0	0	0	0	0	0	0	0	0	0	0	0	0	0	0	0
OG0009111	0	0	0	0	0	0	0	0	1	0	0	0	0	0	0	0	0
OG0009112	2	0	0	-1	0	0	0	0	0	0	0	0	0	0	0	0	0
OG0009113	0	0	2	0	0	0	0	0	-1	0	0	0	0	0	0	0	0
OG0009114	2	0	0	-1	0	0	0	0	0	0	0	0	0	0	0	0	0
OG0009115	1	0	0	1	0	0	-1	0	0	0	0	0	0	0	0	0	0
OG0009116	0	1	0	0	0	0	0	0	0	0	0	0	0	0	0	0	0
OG0009117	0	0	0	1	0	0	0	0	0	0	0	0	0	0	0	0	0
OG0009118	0	0	0	0	1	0	0	0	0	0	0	0	0	0	0	0	0
OG0009119	0	0	2	0	0	0	0	0	0	0	0	0	0	0	0	0	0
OG0009120	1	1	0	0	0	0	0	0	0	0	0	0	0	0	0	0	0
OG0009121	1	1	0	-1	0	0	0	0	0	0	0	0	0	0	0	0	0
OG0009122	1	0	0	0	0	0	0	0	0	0	0	0	0	0	0	0	0
OG0009123	1	1	0	0	0	0	0	0	0	0	0	0	0	0	0	0	0
OG0009124	1	1	0	0	0	0	0	0	0	0	0	0	0	0	0	0	0
OG0009125	0	0	0	1	0	0	0	0	0	0	0	0	0	0	0	0	0
OG0009126	0	1	0	0	0	0	0	0	0	0	0	0	0	0	0	0	0
OG0009127	2	0	0	-1	0	-1	0	1	-1	0	0	1	0	0	0	0	0
OG0009128	0	0	1	0	0	0	0	0	0	0	0	0	0	0	0	0	0
OG0009129	0	0	1	0	0	0	0	0	0	0	0	0	0	0	0	0	0
OG0009130	0	1	0	0	0	0	0	0	0	0	0	0	0	0	0	0	0
OG0009131	2	0	0	0	0	0	0	0	-1	0	0	0	0	0	0	0	0
OG0009132	1	0	0	0	0	0	0	0	0	0	0	0	0	0	0	0	0
OG0009133	0	0	1	0	0	0	0	0	0	0	0	0	0	0	0	0	0
OG0009134	1	0	0	0	0	0	0	0	0	0	0	0	0	0	0	0	0
OG0009135	1	0	0	0	0	0	0	0	0	0	0	0	0	0	0	0	0
OG0009136	0	0	1	0	0	0	0	0	0	0	0	0	0	0	0	0	0
OG0009137	1	0	0	-1	0	0	1	0	0	0	0	0	0	0	0	0	0
OG0009138	1	0	0	0	0	0	0	0	0	0	0	0	0	0	0	0	0
OG0009139	0	1	-1	0	0	0	0	0	-1	0	0	0	0	-1	0	0	0
OG0009140	1	0	0	0	0	0	0	0	0	0	0	0	0	0	0	0	0
OG0009141	1	1	0	0	0	0	0	0	0	0	0	0	0	0	0	0	0
OG0009142	0	0	0	0	0	0	0	0	0	0	0	0	0	0	0	0	0
OG0009143	1	0	0	0	0	0	0	0	0	0	0	0	0	0	0	0	0
OG0009144	0	1	0	0	0	0	0	0	0	0	0	0	0	0	0	0	0
OG0009145	0	0	0	0	1	0	0	0	-1	0	0	0	0	0	0	0	0
OG0009146	3	1	0	0	0	-1	0	0	0	0	-1	0	0	0	0	0	0
OG0009147	1	0	0	0	0	0	0	0	0	0	0	0	0	0	0	0	0
OG0009148	0	1	0	0	0	0	0	0	0	0	0	0	0	0	0	0	0
OG0009149	1	0	0	0	0	0	0	0	0	0	0	0	0	0	0	0	0
OG0009150	1	0	0	0	0	0	0	0	0	0	0	0	0	0	0	0	0
OG0009151	1	0	0	1	0	0	0	0	0	0	0	0	0	0	0	0	0
OG0009152	1	1	0	-1	0	0	0	0	0	0	0	0	0	0	0	0	0
OG0009153	1	0	0	-1	0	0	0	0	1	0	0	0	0	0	0	0	0
OG0009154	0	0	0	0	1	0	0	0	0	0	0	0	0	0	0	0	0
OG0009155	0	0	1	0	0	0	0	0	0	0	0	0	0	0	0	0	0
OG0009156	0	1	0	0	0	1	0	-1	0	0	0	0	0	0	0	0	0
OG0009157	0	0	1	0	0	0	0	0	0	0	0	0	0	0	0	0	0
OG0009158	1	0	0	0	0	0	0	0	0	0	0	0	0	0	0	0	0
OG0009159	1	1	0	0	0	0	0	0	-1	0	0	0	0	0	0	0	0
OG0009160	0	1	0	0	0	0	0	0	0	0	0	0	0	0	0	0	0
OG0009161	0	1	0	0	0	0	0	0	0	0	0	0	0	0	0	0	0
OG0009162	0	0	0	0	1	0	0	0	0	0	0	0	0	0	0	0	0
OG0009163	0	0	0	0	0	0	0	0	0	0	0	0	0	0	0	0	0
OG0009164	1	0	0	0	0	0	0	0	0	0	0	0	0	0	0	0	0
OG0009165	1	0	0	0	0	0	0	0	0	0	0	0	0	0	0	0	0
OG0009166	1	0	0	1	0	0	-1	0	0	0	0	0	0	0	0	0	0
OG0009167	0	0	0	0	0	0	0	0	0	0	0	0	0	0	0	0	0
OG0009168	0	0	0	0	0	1	0	0	0	0	0	0	0	0	0	0	0
OG0009169	0	1	0	0	0	0	0	0	0	0	0	0	0	0	0	0	0
OG0009170	1	0	0	0	0	0	0	0	0	0	0	0	0	0	0	0	0
OG0009171	1	1	0	0	0	0	0	0	-1	0	0	0	0	0	0	0	0
OG0009172	1	1	0	0	0	0	0	0	0	0	0	0	0	0	0	0	0
OG0009173	1	0	0	0	0	0	0	0	0	0	0	0	0	0	0	0	0
OG0009174	0	0	0	0	1	0	0	0	0	0	0	0	0	0	0	0	0
OG0009175	0	1	0	0	0	0	0	0	0	0	0	0	0	0	0	0	0
OG0009176	0	1	0	0	0	-1	0	0	0	0	1	0	0	-1	0	0	0
OG0009177	0	0	0	1	0	0	0	0	0	0	0	0	0	0	0	0	0
OG0009178	2	0	0	0	0	0	0	0	0	0	0	1	0	0	0	0	-1
OG0009179	0	3	0	0	0	-1	0	0	0	0	0	0	0	0	0	0	0
OG0009180	1	1	0	0	0	0	0	0	0	0	0	0	0	0	0	0	0
OG0009181	0	0	0	0	0	0	-1	0	0	0	0	1	0	0	0	0	0
OG0009182	1	0	0	0	0	0	0	0	0	0	0	0	0	0	0	0	0
OG0009183	1	1	0	0	0	0	-1	0	0	0	0	0	0	0	0	0	0
OG0009184	0	1	0	0	0	0	0	0	0	0	0	0	0	0	0	0	0
OG0009185	1	0	0	0	0	0	0	0	0	0	0	0	0	0	0	0	0
OG0009186	0	0	0	0	0	0	0	0	0	0	0	0	0	0	0	0	0
OG0009187	0	1	0	0	0	0	0	0	0	0	0	0	0	0	0	0	0
OG0009188	1	0	0	0	0	0	0	0	0	0	0	0	0	0	0	0	0
OG0009189	0	0	0	1	0	0	0	0	0	0	0	0	0	0	0	0	0
OG0009190	1	0	0	1	0	0	-1	0	0	0	0	0	0	0	0	0	0
OG0009191	0	0	0	0	1	0	0	0	-1	0	0	1	0	0	0	0	0
OG0009192	0	2	0	0	0	0	0	0	0	0	0	0	0	0	0	0	0
OG0009193	0	1	0	-1	1	0	0	0	0	0	0	0	0	0	0	0	0
OG0009194	1	0	0	0	0	0	-1	0	0	0	0	1	0	0	0	0	0
OG0009195	0	0	0	1	0	0	0	0	0	0	0	0	0	0	0	0	0
OG0009196	0	0	1	0	0	0	0	0	0	0	0	0	0	0	0	0	0
OG0009197	1	1	0	0	0	0	0	0	-1	0	0	0	0	0	0	0	0
OG0009198	1	1	0	0	0	0	0	0	-1	0	0	0	0	0	0	0	0
OG0009199	0	2	0	0	0	0	0	0	-1	0	0	0	0	0	0	0	0
OG0009200	0	0	0	1	0	0	0	0	0	0	0	0	0	0	0	0	0
OG0009201	0	0	0	0	1	0	0	0	0	0	0	0	0	0	0	0	0
OG0009202	0	0	0	0	0	1	0	0	-1	0	0	0	0	0	0	0	0
OG0009203	0	0	0	0	0	0	0	0	0	0	0	0	0	0	0	0	0
OG0009204	1	1	0	-1	0	0	0	0	0	0	0	0	0	0	0	0	0
OG0009205	0	0	0	1	0	0	0	0	0	0	0	0	0	0	0	0	0
OG0009206	0	0	0	0	0	0	-1	0	-1	0	0	0	0	-1	0	0	0
OG0009207	0	0	0	0	1	-1	0	0	0	0	0	1	0	0	0	0	0
OG0009208	0	1	0	0	0	0	0	0	0	0	0	0	0	0	0	0	0
OG0009209	0	0	0	0	1	0	0	0	0	0	0	0	0	0	0	0	0
OG0009210	0	1	0	0	0	0	0	0	0	0	0	0	0	0	0	0	0
OG0009211	0	1	0	0	0	0	0	0	0	0	0	0	0	0	0	0	0
OG0009212	0	1	0	0	0	0	0	0	0	0	0	0	0	0	0	0	0
OG0009213	0	1	0	0	0	0	0	0	0	0	0	0	0	0	0	0	0
OG0009214	0	1	0	-1	1	0	0	0	0	0	0	0	0	0	0	0	0
OG0009215	0	1	0	0	0	0	0	0	0	0	0	0	0	0	0	0	0
OG0009216	0	0	0	0	0	0	0	0	0	0	0	0	0	0	0	0	0
OG0009217	0	0	0	-1	0	0	2	0	0	0	0	0	0	0	0	0	0
OG0009218	0	1	0	0	0	0	0	0	0	0	0	0	0	0	0	0	0
OG0009219	0	0	1	0	0	0	0	0	0	0	0	0	0	0	0	0	0
OG0009220	0	1	0	0	0	0	0	0	0	0	0	0	0	0	0	0	0
OG0009221	0	0	0	1	0	0	0	0	0	0	0	0	0	0	0	0	0
OG0009222	0	1	0	0	0	0	0	0	0	0	0	0	0	0	0	0	0
OG0009223	0	0	0	0	0	0	0	0	0	0	0	0	0	0	0	0	0
OG0009224	0	0	0	0	0	0	1	0	0	0	0	0	0	0	0	0	0
OG0009225	0	1	0	0	0	0	0	0	0	0	0	0	0	0	0	0	0
OG0009226	0	1	0	0	0	0	0	0	0	0	0	0	0	0	0	0	0
OG0009227	0	1	0	0	0	0	0	0	0	0	0	0	0	0	0	0	0
OG0009228	0	1	0	0	0	0	0	0	0	0	0	0	0	0	0	0	0
OG0009229	0	0	0	0	0	0	0	0	0	0	0	0	0	0	0	0	0
OG0009230	0	1	0	0	0	0	0	0	0	0	0	0	0	0	0	0	0
OG0009231	0	1	0	0	0	0	0	0	0	0	0	0	0	0	0	0	0
OG0009232	0	0	0	-1	1	0	0	0	0	0	0	0	0	0	0	0	0
OG0009233	1	2	0	0	0	0	0	0	-1	0	0	0	0	0	0	0	0
OG0009234	0	0	0	0	0	0	0	0	0	0	0	0	0	0	0	0	0
OG0009235	0	1	0	0	0	0	0	0	0	0	0	0	0	0	0	0	0
OG0009236	1	0	0	0	0	0	0	0	0	0	0	0	0	0	0	0	0
OG0009237	0	1	0	0	0	0	0	0	0	0	0	0	0	0	0	0	0
OG0009238	0	0	0	0	1	0	0	0	0	0	0	0	0	0	0	0	0
OG0009239	1	0	0	0	0	0	0	0	0	0	0	0	0	0	0	0	0
OG0009240	0	1	0	0	0	0	0	0	0	0	0	0	0	0	0	0	0
OG0009241	0	0	0	0	1	0	0	0	0	0	0	0	0	0	0	0	0
OG0009242	0	0	0	1	0	0	0	0	0	0	0	0	0	0	0	0	0
OG0009243	0	1	0	0	0	0	0	0	0	0	0	0	0	0	0	0	0
OG0009244	0	1	0	0	0	0	0	0	0	0	0	0	0	0	0	0	0
OG0009245	0	3	0	0	0	0	0	-1	0	0	0	0	0	0	0	0	0
OG0009246	0	2	0	-1	0	0	0	0	0	0	0	0	0	0	0	0	0
OG0009247	1	0	0	0	0	0	0	0	0	0	0	0	0	0	0	0	0
OG0009248	0	1	0	0	0	0	0	0	0	0	0	0	0	0	0	0	0
OG0009249	0	1	0	0	0	0	0	0	0	0	0	0	0	0	0	0	0
OG0009250	1	1	0	0	0	0	0	0	-1	0	0	0	0	0	0	0	0
OG0009251	0	1	0	0	0	0	0	0	0	0	0	0	0	0	0	0	0
OG0009252	0	0	0	1	0	0	0	0	0	0	0	0	0	0	0	0	0
OG0009253	1	0	0	0	0	0	0	0	0	0	0	0	0	0	0	0	0
OG0009254	0	1	0	0	0	0	0	0	0	0	0	0	0	0	0	0	0
OG0009255	2	0	0	0	0	0	0	0	0	0	0	0	0	0	0	0	0
OG0009256	0	1	0	0	0	0	0	0	0	0	0	0	0	0	0	0	0
OG0009257	1	0	0	0	0	0	0	0	0	0	0	0	0	0	0	0	0
OG0009258	0	1	0	0	0	0	0	0	0	0	0	0	0	0	0	0	0
OG0009259	0	0	0	0	1	0	0	0	0	0	0	0	0	0	0	0	0
OG0009260	0	0	1	0	0	0	0	0	0	0	0	0	0	0	0	0	0
OG0009261	0	0	0	0	0	0	0	0	0	0	0	0	0	0	0	0	0
OG0009262	1	1	0	-1	0	0	0	0	0	0	0	0	0	0	0	0	0
OG0009263	0	0	0	0	0	0	0	0	0	0	0	0	0	0	0	0	0
OG0009264	0	1	0	0	0	0	0	0	0	0	0	0	0	0	0	0	0
OG0009265	0	1	0	1	0	0	-1	0	0	0	0	0	0	0	0	0	0
OG0009266	0	0	1	0	0	0	0	0	0	0	0	0	0	0	0	0	0
OG0009267	1	0	0	0	0	0	0	0	0	0	0	0	0	0	0	0	0
OG0009268	0	1	0	0	0	0	0	0	0	0	0	0	0	0	0	0	0
OG0009269	2	0	0	0	0	0	0	0	-1	0	0	0	0	0	0	0	0
OG0009270	0	1	0	0	0	0	0	0	0	0	0	0	0	0	0	0	0
OG0009271	0	1	0	0	0	0	0	0	0	0	0	0	0	0	0	0	0
OG0009272	0	2	0	0	0	0	0	0	0	0	0	0	0	0	0	0	0
OG0009273	1	0	0	0	0	0	0	0	0	0	0	0	0	0	0	0	0
OG0009274	0	1	0	0	0	0	0	0	0	0	0	0	0	0	0	0	0
OG0009275	0	0	1	0	1	0	0	0	-1	0	0	0	0	0	0	0	0
OG0009276	0	4	0	0	0	0	0	0	0	0	0	0	0	0	0	0	-1
OG0009277	1	0	0	0	0	0	0	0	0	0	0	0	0	0	0	0	0
OG0009278	1	0	0	0	0	0	0	0	0	0	0	0	0	0	0	0	0
OG0009279	0	0	0	0	0	0	0	0	0	0	0	1	0	0	0	0	0
OG0009280	0	1	0	1	0	0	0	0	0	0	0	0	0	0	0	0	0
OG0009281	0	0	0	0	0	0	1	0	0	0	0	0	0	0	0	0	0
OG0009282	0	1	0	0	0	0	0	0	0	0	0	0	0	0	0	0	0
OG0009283	0	3	0	-1	0	0	0	0	-1	0	0	0	0	0	0	0	0
OG0009284	1	0	0	0	0	0	0	0	0	0	0	0	0	0	0	0	0
OG0009285	0	0	0	0	0	0	0	0	0	0	0	0	0	0	0	0	0
OG0009286	2	0	0	-1	0	0	0	0	0	0	0	0	0	0	0	0	0
OG0009287	0	0	0	0	0	0	-1	1	0	0	0	0	0	0	0	0	0
OG0009288	1	0	0	0	0	0	0	0	0	0	0	0	0	0	0	0	0
OG0009289	0	0	0	1	0	0	0	0	0	0	0	0	0	0	0	0	0
OG0009290	1	1	0	0	0	0	0	0	-1	0	0	0	0	0	0	0	0
OG0009291	0	1	0	0	0	0	0	0	0	0	0	0	0	0	0	0	0
OG0009292	0	0	1	0	0	0	0	0	0	0	0	0	0	0	0	0	0
OG0009293	1	0	0	0	0	0	0	0	0	0	0	0	0	0	0	0	0
OG0009294	0	0	0	0	1	0	0	0	0	0	0	0	0	0	0	0	0
OG0009295	0	0	0	0	1	0	0	0	0	0	0	0	0	0	0	0	0
OG0009296	2	0	0	0	0	0	0	0	-1	0	0	0	0	0	0	0	0
OG0009297	0	1	0	0	0	0	0	0	0	0	0	0	0	0	0	0	0
OG0009298	1	0	0	0	0	0	0	0	0	0	0	0	0	0	0	0	0
OG0009299	0	0	0	1	0	0	0	0	0	0	0	0	0	0	0	0	0
OG0009300	0	1	0	0	0	0	0	0	0	0	0	0	0	0	0	0	0
OG0009301	0	1	0	0	0	0	0	0	0	0	0	0	0	0	0	0	0
OG0009302	0	0	0	0	0	0	0	0	0	0	0	0	0	0	0	0	0
OG0009303	1	1	0	0	0	0	-1	0	0	0	0	0	0	0	0	0	0
OG0009304	0	0	0	1	0	0	0	0	0	0	0	0	0	0	0	0	0
OG0009305	0	0	0	-1	1	0	0	0	0	0	0	1	0	0	0	0	0
OG0009306	1	0	0	0	0	0	0	0	0	0	0	0	0	0	0	0	0
OG0009307	1	1	0	0	0	0	0	0	0	0	0	0	0	0	0	0	0
OG0009308	1	0	0	0	0	0	0	0	0	0	0	0	0	0	0	0	0
OG0009309	1	1	0	0	0	0	0	0	0	0	0	0	0	0	0	0	0
OG0009310	1	0	0	0	0	0	0	0	0	0	0	0	0	0	0	0	0
OG0009311	0	1	0	0	0	0	0	0	0	0	0	0	0	0	0	0	0
OG0009312	0	1	0	0	0	0	0	0	0	0	0	0	0	0	0	0	0
OG0009313	0	0	0	1	1	0	0	0	0	0	0	0	0	0	0	0	0
OG0009314	0	1	0	0	0	0	0	0	0	0	0	0	0	0	0	0	0
OG0009315	0	1	0	-1	0	0	1	0	0	0	0	0	0	0	0	0	0
OG0009316	0	0	0	0	0	0	0	0	0	0	0	1	0	0	0	0	0
OG0009317	0	1	0	0	0	0	0	0	0	0	0	0	0	0	0	0	0
OG0009318	0	1	0	0	0	0	0	0	0	0	0	0	0	0	0	0	0
OG0009319	0	1	0	0	0	0	0	0	0	0	0	0	0	0	0	0	0
OG0009320	0	1	0	0	0	0	0	0	0	0	0	0	0	0	0	0	0
OG0009321	1	0	0	0	0	0	0	0	0	0	0	0	0	0	0	0	0
OG0009322	0	0	2	0	0	0	0	0	-1	0	0	0	0	0	0	0	0
OG0009323	0	1	0	0	0	0	0	0	0	0	0	0	0	0	0	0	0
OG0009324	0	1	0	0	0	0	0	0	0	0	0	0	0	0	0	0	0
OG0009325	1	0	0	0	0	0	0	0	0	0	0	0	0	0	0	0	0
OG0009326	0	0	0	1	0	0	0	0	0	0	0	0	0	0	0	0	0
OG0009327	1	1	0	0	0	0	0	0	-1	0	0	0	0	0	0	0	0
OG0009328	0	1	0	0	0	0	0	0	0	0	0	0	0	0	0	0	0
OG0009329	0	0	0	-1	0	0	0	0	0	0	0	1	0	0	0	0	0
OG0009330	0	0	1	-1	1	0	0	0	0	0	0	0	0	0	0	0	0
OG0009331	0	0	0	0	1	0	0	0	0	0	0	0	0	0	0	0	0
OG0009332	0	1	0	0	0	0	0	0	0	0	0	0	0	0	0	0	0
OG0009333	0	1	0	0	0	0	0	0	0	0	0	0	0	0	0	0	0
OG0009334	0	0	0	-1	0	0	0	0	0	0	0	1	0	0	0	0	0
OG0009335	0	2	0	0	0	0	0	0	0	0	0	0	0	0	0	0	0
OG0009336	0	2	0	0	0	0	0	0	-1	0	0	0	0	0	0	0	0
OG0009337	0	0	0	0	0	0	0	0	1	0	0	0	0	0	0	0	0
OG0009338	0	0	0	0	0	0	-1	0	0	0	0	1	0	0	0	0	0
OG0009339	0	1	0	0	0	0	0	0	0	0	0	0	0	0	0	0	0
OG0009340	0	1	0	0	0	0	-1	0	0	0	0	0	0	0	0	0	0
OG0009341	0	0	0	0	0	0	0	0	-2	0	0	0	0	0	0	1	0
OG0009342	0	0	0	0	1	0	0	0	0	0	0	0	0	0	0	0	0
OG0009343	0	1	0	0	0	0	0	0	0	0	0	0	0	0	0	0	0
OG0009344	0	-1	0	0	0	0	0	1	0	0	0	0	0	0	0	0	0
OG0009345	0	0	2	0	0	0	0	0	-1	0	0	0	0	0	0	0	0
OG0009346	0	1	0	0	0	0	0	0	0	0	0	0	0	0	0	0	0
OG0009347	0	0	1	0	0	0	0	0	0	0	0	0	0	0	0	0	0
OG0009348	0	1	0	0	0	0	0	0	0	0	0	0	0	0	0	0	0
OG0009349	0	0	0	0	0	0	0	0	0	0	0	0	0	0	0	0	0
OG0009350	0	1	0	0	0	0	0	0	0	0	0	0	0	0	0	0	0
OG0009351	0	0	0	0	0	0	0	0	0	0	0	0	0	0	0	0	0
OG0009352	0	1	0	0	0	0	0	0	0	0	0	0	0	0	0	0	0
OG0009353	0	0	0	0	0	0	0	0	0	0	0	0	0	0	0	0	0
OG0009354	0	0	1	0	0	0	0	1	-1	0	0	0	0	0	0	0	0
OG0009355	0	0	0	0	1	0	0	0	0	0	0	0	0	0	0	0	0
OG0009356	0	0	1	0	0	0	0	0	0	0	0	0	0	0	0	0	0
OG0009357	0	1	0	0	0	0	0	0	0	0	0	0	0	0	0	0	0
OG0009358	1	0	0	0	0	0	0	0	0	0	0	0	0	0	0	0	0
OG0009359	0	0	0	0	1	0	0	0	0	0	0	0	0	0	0	0	0
OG0009360	0	1	0	0	0	0	0	0	0	0	0	0	0	0	0	0	0
OG0009361	0	0	0	0	0	0	1	0	0	0	0	0	0	0	0	0	0
OG0009362	1	0	0	0	0	0	0	0	0	0	0	0	0	0	0	0	0
OG0009363	1	0	0	0	0	0	0	0	0	0	0	0	0	0	0	0	0
OG0009364	0	0	0	0	0	0	0	0	1	0	0	0	0	0	0	0	0
OG0009365	0	0	0	0	1	0	0	0	0	0	0	0	0	0	0	0	0
OG0009366	0	1	0	0	0	0	0	0	0	0	0	0	0	0	0	0	0
OG0009367	0	0	0	0	0	0	0	0	-1	0	0	1	0	0	0	0	0
OG0009368	0	0	0	0	0	0	0	0	0	0	0	0	0	0	0	0	0
OG0009369	0	0	0	2	0	0	0	0	-1	0	0	0	0	0	0	0	0
OG0009370	0	-1	0	0	0	1	0	0	0	0	0	0	0	0	0	0	0
OG0009371	0	1	0	0	0	0	0	0	0	0	0	0	0	0	0	0	0
OG0009372	1	1	0	0	0	0	0	0	0	0	0	0	0	0	0	0	0
OG0009373	0	0	0	1	0	0	0	0	0	0	0	0	0	0	0	0	0
OG0009374	0	0	1	0	0	0	0	0	0	0	0	0	0	0	0	0	0
OG0009375	2	0	0	0	0	0	0	0	0	0	0	0	0	0	0	0	0
OG0009376	1	1	0	0	0	0	0	0	-1	0	0	0	0	0	0	0	0
OG0009377	0	1	0	0	0	0	0	0	0	0	0	0	0	0	0	0	0
OG0009378	0	2	0	0	0	0	0	0	-1	0	0	0	0	0	0	0	0
OG0009379	1	1	0	0	0	0	0	0	0	0	0	0	0	0	0	0	0
OG0009380	0	0	0	0	0	0	0	0	0	0	0	0	0	0	0	0	0
OG0009381	0	1	0	0	0	0	0	0	0	0	0	0	0	0	0	0	0
OG0009382	1	0	0	0	0	0	0	0	0	0	0	0	0	0	0	0	0
OG0009383	0	1	0	0	0	0	0	0	0	0	0	0	0	0	0	0	0
OG0009384	0	0	0	0	0	0	1	0	0	0	0	0	0	0	0	0	0
OG0009385	0	0	0	0	0	0	0	0	0	0	0	0	0	0	0	0	0
OG0009387	1	0	0	0	1	0	0	0	0	0	0	0	0	0	0	0	0
OG0009388	0	1	0	0	0	0	0	0	0	0	0	0	0	0	0	0	0
OG0009389	0	0	0	0	0	0	0	0	0	0	0	0	0	0	0	0	0
OG0009390	0	0	0	0	0	0	0	0	0	0	0	0	0	0	0	0	0
OG0009391	0	1	0	2	0	0	0	0	-1	0	0	0	0	0	0	0	0
OG0009392	0	0	1	1	-1	0	0	0	0	0	0	0	0	0	0	0	0
OG0009393	0	0	0	0	0	0	0	0	0	0	0	0	0	0	0	0	0
OG0009394	2	0	0	0	0	0	0	0	0	0	0	0	0	0	0	0	0
OG0009395	1	1	0	0	0	0	0	0	0	0	0	0	0	0	0	0	0
OG0009396	0	0	0	0	0	0	0	0	0	0	0	0	0	0	0	0	0
OG0009397	1	1	0	-1	0	0	0	0	0	0	0	0	0	0	0	0	0
OG0009398	1	1	0	0	0	0	0	0	0	0	0	0	0	0	0	0	0
OG0009399	1	0	0	0	0	0	0	0	0	0	0	0	0	0	0	0	0
OG0009400	1	1	0	0	0	0	-1	0	0	0	0	0	0	0	0	0	0
OG0009401	1	0	0	0	0	0	0	0	0	0	0	0	0	0	0	0	0
OG0009402	1	0	0	0	0	0	0	0	0	0	0	0	0	0	0	0	0
OG0009403	0	2	0	0	-1	0	0	0	0	0	0	0	0	0	0	0	0
OG0009404	0	0	0	0	1	0	0	0	-1	0	0	0	0	0	0	0	0
OG0009405	1	0	0	0	0	0	0	0	0	0	0	0	0	0	0	0	0
OG0009406	0	0	0	0	1	0	0	0	0	0	0	0	0	0	0	0	0
OG0009407	0	0	0	0	0	0	1	0	0	0	0	0	0	0	0	0	0
OG0009408	1	0	0	0	0	0	0	0	0	0	0	0	0	0	0	0	0
OG0009409	0	0	0	1	0	0	0	0	0	0	0	0	0	0	0	0	0
OG0009410	0	0	0	0	0	0	0	0	0	0	0	0	0	0	0	0	0
OG0009411	0	0	1	0	0	0	0	0	0	0	0	0	0	0	0	0	0
OG0009412	0	0	0	0	0	0	0	0	0	0	0	0	0	0	0	0	0
OG0009413	0	0	0	1	0	0	0	0	0	0	0	0	0	0	0	0	0
OG0009414	0	0	0	1	0	0	0	0	0	0	0	0	0	0	0	0	0
OG0009415	0	1	0	0	0	0	0	0	0	0	0	0	0	0	0	0	0
OG0009416	0	0	0	0	0	0	0	0	0	0	0	0	0	0	0	0	0
OG0009417	0	0	1	0	0	0	0	0	0	0	0	0	0	0	0	0	0
OG0009418	0	1	0	0	0	0	0	0	0	0	0	0	0	0	0	0	0
OG0009419	0	1	0	0	0	0	0	0	-1	0	0	0	0	0	0	0	0
OG0009420	0	0	0	0	0	0	0	0	0	0	0	0	0	0	0	0	0
OG0009421	0	0	0	1	0	0	0	0	0	0	0	0	0	0	0	0	0
OG0009422	1	0	0	0	0	0	0	0	0	0	0	0	0	0	0	0	0
OG0009423	0	0	0	2	0	0	0	-1	0	0	0	0	0	0	0	0	0
OG0009424	0	0	0	0	0	1	0	0	0	0	0	0	0	0	0	0	0
OG0009425	0	1	0	0	0	0	0	0	0	0	0	0	0	0	0	0	0
OG0009426	0	0	0	0	0	-1	0	0	1	0	0	0	0	0	0	0	0
OG0009427	0	1	0	0	0	0	0	0	0	0	0	0	0	0	0	0	0
OG0009428	0	0	0	1	0	0	0	0	0	0	0	0	0	0	0	0	0
OG0009429	1	0	0	0	0	0	0	0	0	0	0	0	0	0	0	0	0
OG0009430	1	0	0	0	0	0	0	0	0	0	0	0	0	0	0	0	0
OG0009431	0	0	0	1	0	0	0	0	0	0	0	0	0	0	0	0	0
OG0009432	1	0	0	0	0	0	0	0	0	0	0	0	0	0	0	0	0
OG0009433	0	1	0	0	0	0	0	0	0	0	0	0	0	0	0	0	0
OG0009434	0	0	1	0	0	0	0	0	0	0	0	0	0	0	0	0	0
OG0009435	0	2	0	-1	0	0	0	0	0	0	0	0	0	0	0	0	0
OG0009436	0	0	0	0	0	0	0	0	1	0	0	0	0	0	0	0	0
OG0009437	0	1	0	0	0	0	0	0	0	0	0	0	0	0	0	0	0
OG0009438	1	0	0	0	1	0	0	0	0	0	0	0	0	0	0	0	0
OG0009439	0	2	0	-1	0	0	0	0	0	0	0	0	0	0	0	0	0
OG0009440	1	1	0	0	0	0	0	0	0	0	0	0	0	0	0	0	0
OG0009441	0	0	1	0	1	0	0	0	0	0	0	0	0	0	0	0	0
OG0009442	0	1	0	0	0	0	0	0	0	0	0	0	0	0	0	0	0
OG0009443	0	0	0	0	0	0	0	0	1	0	0	0	0	0	0	0	0
OG0009444	1	0	0	0	0	0	0	0	0	0	0	0	0	0	0	0	0
OG0009445	1	0	0	0	0	0	0	0	0	0	0	0	0	0	0	0	0
OG0009446	1	1	0	0	0	0	0	0	0	0	0	0	0	0	0	0	0
OG0009447	0	1	0	0	0	0	0	0	0	0	0	0	0	0	0	0	0
OG0009448	0	1	0	0	0	0	0	0	0	0	0	0	0	0	0	0	0
OG0009449	0	0	0	0	1	0	0	0	0	0	0	0	0	0	0	0	0
OG0009450	1	0	0	0	0	0	0	0	0	0	0	0	0	0	0	0	0
OG0009451	0	1	0	0	0	0	0	0	0	0	0	0	0	0	0	0	0
OG0009452	0	1	0	0	0	0	0	0	0	0	0	0	0	0	0	0	0
OG0009453	2	0	0	0	0	0	0	0	0	0	0	0	0	0	0	0	0
OG0009454	0	1	0	0	0	0	0	0	0	0	0	0	0	0	0	0	0
OG0009455	0	1	0	0	0	0	0	0	0	0	0	0	0	0	0	0	0
OG0009456	0	1	0	0	0	0	0	0	0	0	0	0	0	0	0	0	0
OG0009457	0	0	0	0	2	0	0	0	0	0	0	0	0	0	0	0	0
OG0009458	1	1	0	0	0	0	0	0	0	0	0	0	0	0	0	0	0
OG0009459	0	0	0	0	0	0	0	0	0	0	0	0	0	0	0	0	0
OG0009460	0	1	0	0	0	0	0	0	0	0	0	0	0	0	0	0	0
OG0009461	1	0	0	0	0	0	0	0	0	0	0	0	0	0	0	0	0
OG0009462	1	0	0	0	0	0	0	0	0	0	0	0	0	0	0	0	0
OG0009463	0	1	0	0	0	0	0	0	0	0	0	0	0	0	0	0	0
OG0009464	0	0	1	0	0	0	0	0	0	0	0	0	0	0	0	0	0
OG0009465	0	1	0	0	0	0	0	0	0	0	0	0	0	0	0	0	0
OG0009466	0	2	0	-1	0	0	0	0	0	0	0	0	0	0	0	0	0
OG0009467	0	1	0	0	1	0	0	0	-1	0	0	0	0	0	0	0	0
OG0009468	0	1	0	0	0	0	0	0	0	0	0	0	0	0	0	0	0
OG0009469	0	1	0	0	0	0	0	0	0	0	0	0	0	0	0	0	0
OG0009470	0	1	0	0	0	0	0	0	0	0	0	0	0	0	0	0	0
OG0009471	0	0	1	0	0	0	0	0	0	0	0	0	0	0	0	0	0
OG0009472	0	0	0	0	0	0	0	0	0	0	0	0	0	0	0	0	0
OG0009473	0	0	0	0	1	0	0	0	1	0	0	0	0	0	0	0	0
OG0009474	0	0	0	0	0	0	0	0	0	0	0	0	0	0	0	0	0
OG0009475	0	0	1	-1	0	0	0	0	0	0	0	0	0	0	0	0	0
OG0009476	0	0	0	0	1	0	0	0	0	0	0	0	0	0	0	0	0
OG0009477	0	1	0	0	0	0	0	0	0	0	0	0	0	0	0	0	0
OG0009478	0	0	0	0	0	0	0	0	-1	0	0	1	0	0	0	0	0
OG0009479	0	0	0	0	0	0	0	0	0	0	0	0	0	0	0	0	0
OG0009480	0	0	0	-1	2	0	0	0	0	0	0	0	0	0	0	0	0
OG0009481	0	0	0	1	0	0	0	0	0	0	0	0	0	0	0	0	0
OG0009482	0	1	0	0	0	0	0	0	0	0	0	0	0	0	0	0	0
OG0009483	1	1	0	0	0	0	0	0	0	0	0	0	0	0	0	0	0
OG0009484	0	0	0	-1	0	0	2	0	0	0	0	0	0	0	0	0	0
OG0009485	1	1	0	0	0	0	0	0	0	0	0	0	0	0	0	0	0
OG0009486	0	0	0	0	0	0	1	0	0	0	0	0	0	0	0	0	0
OG0009487	0	1	0	0	0	0	0	0	0	0	0	0	0	0	0	0	0
OG0009488	0	0	0	0	1	0	0	0	0	0	0	0	0	0	0	0	0
OG0009489	0	1	0	0	0	0	0	0	0	0	0	0	0	0	0	0	0
OG0009490	0	0	0	0	1	0	0	0	0	0	0	0	0	0	0	0	0
OG0009491	1	1	0	-1	0	0	0	0	0	0	0	0	0	0	0	0	0
OG0009492	0	1	0	0	0	0	0	0	0	0	0	0	0	0	0	0	0
OG0009493	0	1	0	0	0	0	0	0	0	0	0	0	0	0	0	0	0
OG0009494	0	0	0	0	0	0	0	1	0	0	0	0	0	0	0	0	0
OG0009495	0	0	0	1	0	0	0	0	0	0	0	0	0	0	0	0	0
OG0009496	0	0	0	0	0	0	0	-1	0	0	0	0	0	0	0	1	0
OG0009497	0	1	0	0	0	0	0	0	0	0	0	0	0	0	0	0	0
OG0009498	0	1	0	0	0	0	0	0	0	0	0	0	0	0	0	0	0
OG0009499	0	1	0	0	0	0	0	0	0	0	0	0	0	0	0	0	0
OG0009500	0	1	0	0	0	0	0	0	0	0	0	0	0	0	0	0	0
OG0009501	0	1	0	0	0	0	0	0	0	0	0	0	0	0	0	0	0
OG0009502	0	1	0	0	0	0	0	0	0	0	0	0	0	0	0	0	0
OG0009503	0	1	0	0	0	0	0	0	0	0	0	0	0	0	0	0	0
OG0009504	0	1	0	0	0	0	0	0	0	0	0	0	0	0	0	0	0
OG0009505	0	1	0	-1	0	0	0	0	0	0	0	0	0	0	0	0	0
OG0009506	0	0	1	0	0	0	0	0	0	0	0	0	0	0	0	0	0
OG0009507	0	2	0	0	0	0	0	0	0	0	0	0	0	0	0	0	0
OG0009508	0	0	1	0	0	0	0	0	0	0	0	0	0	0	0	0	0
OG0009509	0	0	0	1	0	0	0	0	0	0	0	0	0	0	0	0	0
OG0009510	0	0	0	0	0	0	0	0	1	0	0	0	0	0	0	0	0
OG0009511	0	0	0	1	0	0	0	0	0	0	0	0	0	0	0	0	0
OG0009512	0	1	0	0	0	0	0	0	0	0	0	0	0	0	0	0	0
OG0009513	0	0	0	0	1	0	0	0	0	0	0	0	0	0	0	0	0
OG0009514	0	1	0	0	0	0	0	0	0	0	0	0	0	0	0	0	0
OG0009515	0	1	0	0	0	0	0	0	0	0	0	0	0	0	0	0	0
OG0009516	0	1	0	0	0	0	0	0	0	0	0	0	0	0	0	0	0
OG0009517	0	0	0	1	0	0	0	0	0	0	0	0	0	0	0	0	0
OG0009518	0	1	0	1	0	0	-1	0	0	0	0	0	0	0	0	0	0
OG0009519	1	0	0	0	0	0	0	0	1	0	0	-1	0	0	0	0	0
OG0009520	0	0	0	0	0	0	0	0	0	0	0	0	0	0	0	0	0
OG0009521	0	0	0	0	0	0	0	0	0	0	0	1	0	0	0	0	0
OG0009522	0	1	0	0	0	0	0	0	0	0	0	0	0	0	0	0	0
OG0009523	0	1	0	0	0	0	0	0	0	0	0	0	0	0	0	0	0
OG0009524	0	1	0	0	0	0	0	0	0	0	0	0	0	0	0	0	0
OG0009525	1	0	0	0	0	0	0	0	0	0	0	0	0	0	0	0	0
OG0009526	2	0	0	0	-1	0	0	0	0	0	0	0	0	0	0	0	0
OG0009527	0	0	0	0	0	0	0	0	0	0	0	0	0	0	0	0	0
OG0009528	0	0	0	0	0	0	0	0	0	0	0	0	0	0	0	0	0
OG0009529	1	0	0	0	0	0	0	0	0	0	0	0	0	0	0	0	0
OG0009530	0	0	0	0	0	0	0	0	0	0	0	1	0	0	0	0	0
OG0009531	1	0	0	0	0	0	0	0	0	0	0	0	0	0	0	0	0
OG0009532	1	0	0	1	0	0	-1	0	0	0	0	0	0	0	0	0	0
OG0009533	1	1	0	0	0	0	0	0	0	0	0	0	0	0	0	0	0
OG0009534	1	1	0	0	0	0	0	0	0	0	0	0	0	0	0	0	0
OG0009535	0	4	0	0	0	-1	0	0	0	0	0	0	0	0	0	0	0
OG0009536	1	0	0	0	0	-1	0	1	0	0	0	0	0	0	0	0	0
OG0009537	1	0	0	0	0	0	0	0	0	0	0	0	0	0	0	0	0
OG0009538	1	0	0	0	0	0	0	0	0	0	0	0	0	0	0	0	0
OG0009539	0	-1	1	-1	0	1	0	0	0	0	0	0	0	0	0	0	0
OG0009540	2	0	0	-1	0	0	0	0	0	0	0	0	0	0	0	0	0
OG0009541	1	1	0	0	0	0	0	0	-1	0	0	0	0	0	0	0	0
OG0009542	0	0	0	-1	0	0	2	0	0	0	0	0	0	0	0	0	0
OG0009543	1	0	0	0	0	0	0	0	0	0	0	0	0	0	0	0	0
OG0009544	0	1	0	0	0	0	0	0	0	0	0	0	0	0	0	0	0
OG0009545	1	0	0	0	0	0	0	0	0	0	0	0	0	0	0	0	0
OG0009546	0	0	0	0	0	0	0	0	0	0	0	0	0	0	0	0	0
OG0009547	1	0	0	0	0	0	0	0	0	0	0	0	0	0	0	0	0
OG0009548	1	0	0	0	0	0	0	0	0	0	0	0	0	0	0	0	0
OG0009549	1	0	0	0	0	0	0	0	0	0	0	0	0	0	0	0	0
OG0009550	0	1	0	0	0	0	0	0	0	0	0	0	0	0	0	0	0
OG0009551	0	1	0	0	0	0	0	0	0	0	0	0	0	0	0	0	0
OG0009552	0	1	0	0	0	0	0	0	0	0	0	0	0	0	0	0	0
OG0009553	0	0	1	0	0	0	0	0	0	0	0	0	0	0	0	0	0
OG0009554	0	1	0	0	0	0	0	0	0	0	0	0	0	0	0	0	0
OG0009555	0	1	0	0	0	0	0	0	0	0	0	0	0	0	0	0	0
OG0009556	0	1	0	0	0	0	0	0	0	0	0	0	0	0	0	0	0
OG0009557	0	0	0	1	0	0	0	0	0	0	0	0	0	0	0	0	0
OG0009558	0	1	0	0	0	0	0	0	0	0	0	0	0	0	0	0	0
OG0009559	0	1	0	0	0	0	0	0	0	0	0	0	0	0	0	0	0
OG0009560	0	1	0	0	0	0	0	0	0	0	0	0	0	0	0	0	0
OG0009561	0	1	0	0	0	0	0	0	0	0	0	0	0	0	0	0	0
OG0009562	0	1	0	0	0	0	0	0	0	0	0	0	0	0	0	0	0
OG0009563	0	0	1	0	1	0	0	0	0	0	0	0	0	0	0	0	0
OG0009564	0	0	1	0	0	0	0	0	0	0	0	0	0	0	0	0	0
OG0009565	0	1	0	0	0	0	0	0	0	0	0	0	0	0	0	0	0
OG0009566	0	1	0	0	0	0	0	0	0	0	0	0	0	0	0	0	0
OG0009567	0	0	1	1	0	0	-1	0	0	0	0	0	0	0	0	0	0
OG0009568	0	1	0	0	0	0	0	0	1	0	0	0	0	0	0	0	0
OG0009569	0	0	0	1	0	0	0	0	0	0	0	0	0	0	0	0	0
OG0009570	0	1	0	0	0	0	0	0	0	0	0	0	0	0	0	0	0
OG0009571	0	1	0	0	0	0	0	0	0	0	0	0	0	0	0	0	0
OG0009572	0	0	0	0	0	1	0	0	0	0	0	0	0	0	0	0	0
OG0009573	0	1	0	0	0	0	0	0	0	0	0	0	0	0	0	0	0
OG0009574	0	1	0	0	0	0	0	0	0	0	0	0	0	0	0	0	0
OG0009575	0	0	0	0	0	0	-1	0	0	0	0	1	0	0	0	0	0
OG0009576	0	0	0	0	0	0	0	0	0	0	0	0	0	0	0	0	0
OG0009577	0	1	0	0	0	0	0	0	0	0	0	0	0	0	0	0	0
OG0009578	0	0	0	0	0	0	0	0	0	0	0	0	0	0	0	0	0
OG0009579	0	0	0	0	0	0	0	0	0	0	0	0	0	0	0	0	0
OG0009580	1	0	0	0	1	0	-1	0	0	0	0	0	0	0	0	0	0
OG0009581	0	2	0	-1	0	0	0	0	0	0	0	0	0	0	0	0	0
OG0009582	0	1	0	0	0	0	0	0	0	0	0	0	0	0	0	0	0
OG0009583	0	0	0	0	0	0	0	0	0	0	0	0	0	0	0	0	0
OG0009584	0	0	0	0	1	0	0	0	0	0	0	0	0	0	0	0	0
OG0009585	0	1	0	0	0	0	0	0	0	0	0	0	0	0	0	0	0
OG0009586	0	1	0	0	0	0	0	0	0	0	0	0	0	0	0	0	0
OG0009587	1	0	0	0	0	0	0	0	0	0	0	0	0	0	0	0	0
OG0009588	0	0	0	0	0	0	0	0	0	0	0	0	0	0	0	0	0
OG0009589	0	0	0	1	0	0	0	0	0	0	0	0	0	0	0	0	0
OG0009590	0	3	0	0	0	0	0	-1	0	0	0	0	0	0	0	0	0
OG0009591	0	1	0	0	0	0	0	0	0	0	0	0	0	0	0	0	0
OG0009592	0	0	0	1	0	0	0	0	0	0	0	0	0	0	0	0	0
OG0009593	1	0	0	0	0	0	0	0	0	0	0	0	0	0	0	0	0
OG0009594	0	0	1	0	0	0	0	0	0	0	0	0	0	0	0	0	0
OG0009595	0	0	0	0	1	0	0	0	1	0	0	0	0	0	0	0	0
OG0009596	0	0	0	0	0	0	1	0	0	0	0	0	0	0	0	0	0
OG0009597	1	0	0	0	0	-1	0	-1	0	0	0	0	0	0	0	1	0
OG0009598	0	1	0	0	0	0	0	0	0	0	0	0	0	0	0	0	0
OG0009599	0	0	0	0	1	0	0	0	0	0	0	0	0	0	0	0	0
OG0009600	0	1	0	0	0	0	0	0	0	0	0	0	0	0	0	0	0
OG0009601	0	0	0	0	1	0	0	0	0	0	0	0	0	0	0	0	0
OG0009602	0	0	0	0	0	0	0	0	0	0	0	0	0	0	0	0	0
OG0009603	0	0	1	0	0	0	0	0	-1	0	0	1	0	0	0	0	0
OG0009604	0	1	0	1	0	0	0	0	0	0	0	0	0	0	0	0	0
OG0009605	0	0	0	-1	0	1	0	0	1	0	0	0	0	0	0	0	0
OG0009606	0	0	0	-1	1	0	0	0	-1	0	0	1	0	0	0	0	0
OG0009607	0	0	1	0	0	0	0	0	0	0	0	0	0	0	0	0	0
OG0009608	0	0	-1	0	0	0	0	-1	0	0	1	0	0	0	-1	0	0
OG0009609	0	0	0	1	0	0	0	0	0	0	0	0	0	0	0	0	0
OG0009610	0	0	-1	2	0	0	0	0	0	0	0	0	0	0	0	0	0
OG0009611	0	1	0	0	0	0	0	0	0	0	0	0	0	0	0	0	0
OG0009612	0	1	0	0	0	0	0	0	0	0	0	0	0	0	0	0	0
OG0009613	0	1	0	0	0	0	0	0	0	0	0	0	0	0	0	0	0
OG0009614	0	1	0	0	0	0	0	0	0	0	0	0	0	0	0	0	0
OG0009615	0	1	0	0	0	0	0	0	0	0	0	0	0	0	0	0	0
OG0009616	0	1	0	0	0	0	0	0	0	0	0	0	0	0	0	0	0
OG0009617	0	1	0	0	0	0	0	0	0	0	0	0	0	0	0	0	0
OG0009618	0	0	1	0	0	0	0	0	0	0	0	0	0	0	0	0	0
OG0009619	0	1	0	0	0	0	0	0	0	0	0	0	0	0	0	0	0
OG0009620	0	1	0	0	0	0	0	0	0	0	0	0	0	0	0	0	0
OG0009621	0	1	0	0	0	0	0	0	0	0	0	0	0	0	0	0	0
OG0009622	0	0	0	-1	0	0	0	0	1	0	0	0	0	0	0	0	0
OG0009623	1	0	0	0	0	0	0	-1	0	0	0	1	0	0	0	0	0
OG0009624	0	1	0	0	0	0	0	0	0	0	0	0	0	0	0	0	0
OG0009625	0	0	0	0	0	0	0	0	0	0	0	0	0	0	0	0	0
OG0009626	0	0	1	0	0	0	0	0	0	0	0	0	0	0	0	0	0
OG0009627	0	1	0	0	0	0	0	0	0	0	0	0	0	0	0	0	0
OG0009628	0	0	0	-1	1	0	1	0	0	0	0	0	0	0	0	0	0
OG0009629	0	0	0	2	0	0	0	0	-1	0	0	0	0	0	0	0	0
OG0009630	0	0	0	0	0	0	0	1	-1	0	0	0	0	0	0	0	0
OG0009631	0	1	0	0	0	0	0	0	0	0	0	0	0	0	0	0	0
OG0009632	0	0	0	-1	0	0	0	0	0	0	0	1	0	0	0	0	0
OG0009633	0	1	0	0	0	0	0	0	0	0	0	0	0	0	0	0	0
OG0009634	0	1	0	0	0	0	0	0	0	0	0	0	0	0	0	0	0
OG0009635	0	0	0	1	0	0	0	0	0	0	0	0	0	0	0	0	0
OG0009636	0	0	0	0	0	0	0	0	0	0	0	0	0	0	0	0	0
OG0009637	0	1	0	0	0	0	0	0	0	0	0	0	0	0	0	0	0
OG0009638	0	1	0	0	0	0	0	0	0	0	0	0	0	0	0	0	0
OG0009639	0	1	0	1	0	0	0	0	-1	0	0	0	0	0	0	0	0
OG0009640	0	0	0	0	0	0	0	0	0	0	0	0	0	0	0	0	0
OG0009641	0	0	0	0	0	0	0	0	0	0	0	0	0	0	0	0	0
OG0009642	0	1	0	1	0	0	0	0	-1	0	0	0	0	0	0	0	0
OG0009643	0	0	0	0	0	0	0	0	0	0	0	0	0	0	0	0	0
OG0009644	1	0	0	0	0	0	0	0	0	0	0	0	0	0	0	0	0
OG0009645	0	1	0	0	1	0	0	0	0	0	0	0	0	0	0	0	0
OG0009646	0	0	0	0	0	0	0	0	0	0	0	0	0	0	0	0	0
OG0009647	0	1	0	0	2	0	0	0	0	0	0	0	0	0	0	0	0
OG0009648	0	1	0	0	0	0	0	0	0	0	0	0	0	0	0	0	0
OG0009649	0	1	0	0	0	0	0	0	0	0	0	0	0	0	0	0	0
OG0009650	0	1	0	0	0	0	0	0	0	0	0	0	0	0	0	0	0
OG0009651	0	1	0	0	1	0	0	0	-1	0	0	0	0	0	0	0	0
OG0009652	0	0	0	0	1	0	0	0	0	0	0	0	0	0	0	0	0
OG0009653	0	1	0	0	0	0	0	0	0	0	0	0	0	0	0	0	0
OG0009654	0	0	1	0	0	0	0	0	0	0	0	0	0	0	0	0	0
OG0009655	0	1	0	0	0	0	0	0	0	0	0	0	0	0	0	0	0
OG0009656	0	1	0	0	0	0	0	0	0	0	0	0	0	0	0	0	0
OG0009657	0	1	0	0	0	0	0	0	0	0	0	0	0	0	0	0	0
OG0009658	0	0	0	0	2	0	0	0	-1	0	0	0	0	0	0	0	0
OG0009659	0	1	0	0	0	0	0	0	0	0	0	0	0	0	0	0	0
OG0009660	0	0	0	0	1	0	0	0	0	0	0	0	0	0	0	0	0
OG0009661	1	0	1	0	0	0	0	0	0	0	0	0	0	0	0	0	0
OG0009662	0	0	0	0	1	0	0	0	0	0	0	0	0	0	0	0	0
OG0009663	0	0	0	0	0	0	0	0	0	0	0	0	0	0	0	0	0
OG0009664	0	1	0	0	1	0	0	0	-1	0	0	0	0	0	0	0	0
OG0009665	0	1	0	0	0	0	0	0	0	0	0	0	0	0	0	0	0
OG0009666	0	1	0	0	0	0	0	0	0	0	0	0	0	0	0	0	0
OG0009667	0	1	0	0	0	0	0	0	0	0	0	0	0	0	0	0	0
OG0009668	0	0	0	1	0	0	0	0	-1	0	0	0	0	0	0	0	0
OG0009669	0	0	0	1	0	0	0	0	0	0	0	0	0	0	0	0	0
OG0009670	0	1	0	0	0	0	0	0	0	0	0	0	0	0	0	0	0
OG0009671	0	1	0	0	0	0	0	0	0	0	0	0	0	0	0	0	0
OG0009672	0	1	0	0	0	0	0	0	0	0	0	0	0	0	0	0	0
OG0009673	0	1	0	0	0	0	0	0	0	0	0	0	0	0	0	0	0
OG0009674	0	3	0	-1	0	0	0	0	0	0	0	0	0	0	0	0	0
OG0009675	0	1	0	0	0	0	0	0	0	0	0	0	0	0	0	0	0
OG0009676	0	5	0	0	0	-1	0	0	0	0	0	0	0	0	0	0	0
OG0009677	0	1	0	0	0	0	0	0	0	0	0	0	0	0	0	0	0
OG0009678	0	1	0	0	0	0	0	0	0	0	0	0	0	0	0	0	0
OG0009679	0	0	0	-1	0	0	0	0	0	0	0	1	0	0	0	0	0
OG0009680	0	0	0	0	0	0	1	0	-1	0	0	0	0	0	0	0	0
OG0009681	0	0	0	1	1	0	0	0	0	0	0	0	0	0	0	0	0
OG0009682	0	1	0	0	0	0	0	0	0	0	0	0	0	0	0	0	0
OG0009683	0	0	0	0	1	0	0	0	0	0	0	0	0	0	0	0	0
OG0009684	0	0	0	1	0	0	0	0	0	0	0	0	0	0	0	0	0
OG0009685	0	1	0	0	0	0	0	0	0	0	0	0	0	0	0	0	0
OG0009686	0	0	1	0	0	0	0	0	0	0	0	1	0	0	0	0	0
OG0009687	0	0	0	0	0	1	0	0	-1	0	0	0	0	0	0	0	0
OG0009688	0	1	0	0	0	0	0	0	0	0	0	0	0	0	0	0	0
OG0009689	0	2	0	0	0	0	0	0	0	0	0	0	0	0	0	0	0
OG0009690	0	0	1	0	1	0	0	0	0	0	0	0	0	0	0	0	0
OG0009691	0	1	0	0	0	0	0	0	0	0	0	0	0	0	0	0	0
OG0009692	0	0	0	0	0	0	0	0	0	0	0	0	0	0	0	0	0
OG0009693	0	1	0	0	0	0	0	0	0	0	0	0	0	0	0	0	0
OG0009694	1	0	1	0	0	0	0	0	0	0	0	0	0	0	0	0	0
OG0009695	0	1	0	0	0	0	0	0	0	0	0	0	0	0	0	0	0
OG0009696	0	1	0	0	0	0	0	0	0	0	0	0	0	0	0	0	0
OG0009697	0	1	0	0	0	0	0	0	0	0	0	0	0	0	0	0	0
OG0009698	0	1	0	0	0	0	0	0	0	0	0	0	0	0	0	0	0
OG0009699	0	1	0	0	0	0	0	0	0	0	0	0	0	0	0	0	0
OG0009700	0	0	0	1	0	0	0	0	0	0	0	0	0	0	0	0	0
OG0009701	0	1	0	0	0	0	0	0	0	0	0	0	0	0	0	0	0
OG0009702	0	0	0	0	0	0	0	0	0	0	0	0	0	0	0	0	0
OG0009703	0	0	0	1	1	0	0	0	0	0	0	0	0	0	0	0	0
OG0009704	0	1	0	0	0	0	0	0	0	0	0	0	0	0	0	0	0
OG0009705	0	1	0	0	0	0	0	0	0	0	0	0	0	0	0	0	0
OG0009706	0	0	0	0	1	0	0	0	0	0	0	0	0	0	0	0	0
OG0009707	0	0	0	0	1	0	0	0	0	0	0	0	0	0	0	0	0
OG0009708	0	0	0	0	1	0	0	0	0	0	0	1	0	0	0	0	-1
OG0009709	0	1	0	0	0	0	0	0	0	0	0	0	0	0	0	0	0
OG0009710	0	1	0	0	0	0	0	0	0	0	0	0	0	0	0	0	0
OG0009711	0	1	0	0	0	0	0	0	0	0	0	0	0	0	0	0	0
OG0009712	0	1	0	0	0	0	0	0	0	0	0	0	0	0	0	0	0
OG0009713	0	1	0	0	0	-1	-1	1	0	0	0	0	0	0	0	0	0
OG0009714	0	0	0	0	1	0	0	0	0	0	0	0	0	0	0	0	0
OG0009715	0	1	0	0	1	0	0	0	0	0	0	0	0	0	0	0	0
OG0009716	0	0	0	0	2	0	-1	0	0	0	0	0	0	0	0	0	0
OG0009717	0	0	0	0	0	0	0	0	0	0	0	0	0	0	0	0	0
OG0009718	0	1	0	0	0	0	0	0	0	0	0	0	0	0	0	0	0
OG0009719	0	0	0	0	0	0	0	0	0	0	0	0	0	0	0	0	0
OG0009720	0	0	0	0	0	0	0	0	-1	0	0	1	0	0	0	0	0
OG0009721	0	8	-1	-1	0	-1	-1	0	-1	0	0	0	0	0	0	0	0
OG0009722	0	0	0	-1	3	-1	-1	2	-1	0	0	-1	0	0	0	0	0
OG0009723	0	0	0	0	2	-1	-1	2	-1	0	0	-1	0	0	0	0	0
OG0009724	0	-1	0	-1	0	1	-1	1	0	0	0	0	0	0	0	0	0
OG0009940	1	0	0	-1	0	0	0	0	0	0	0	0	0	0	0	0	0
OG0009941	0	0	0	0	0	0	0	0	0	0	0	0	0	0	0	0	0
OG0009942	0	0	0	0	0	0	1	0	-1	0	0	0	0	0	0	0	0
OG0009943	0	0	0	0	0	0	0	0	0	0	0	0	0	0	0	0	0
OG0009944	1	0	0	0	0	-1	0	0	-2	0	0	-1	0	0	0	1	0
OG0009945	0	0	0	0	0	0	0	0	0	0	0	0	0	0	0	0	0
OG0009947	2	0	0	0	0	0	0	0	-1	0	0	0	0	0	0	0	0
OG0009949	0	1	0	-1	0	0	0	0	0	0	0	0	0	0	0	0	0
OG0009950	1	0	0	0	0	0	0	0	0	0	0	0	0	0	0	0	0
OG0009951	0	0	0	0	0	0	0	0	0	0	0	0	0	0	0	0	0
OG0009952	1	0	0	0	0	0	0	0	-1	0	0	0	0	0	0	0	0
OG0009953	1	0	0	0	0	0	0	0	0	0	0	0	0	0	0	0	0
OG0009954	1	1	0	-1	0	0	0	0	0	0	0	0	0	0	0	0	0
OG0009955	0	0	0	0	1	-1	0	0	0	0	0	1	0	0	0	0	0
OG0009956	0	0	0	0	0	0	0	0	0	0	0	0	0	0	0	0	0
OG0009957	1	0	0	0	0	0	0	0	-1	0	0	0	0	0	0	0	0
OG0009958	1	0	0	0	0	0	0	0	-1	0	0	0	0	0	0	0	0
OG0009959	2	0	0	0	0	-1	0	0	0	0	0	0	0	0	0	0	0
OG0009962	0	1	0	-1	0	0	0	0	0	0	0	0	0	0	0	0	0
OG0009963	0	1	0	0	0	0	0	0	-1	0	0	0	0	0	0	0	0
OG0009964	1	1	0	0	0	0	0	0	-1	0	0	0	0	0	0	0	0
OG0009965	0	0	0	0	0	0	0	0	0	0	0	0	0	0	0	0	0
OG0009966	0	0	0	0	0	0	0	0	0	0	0	0	0	0	0	0	0
OG0009967	0	0	0	0	0	0	0	0	0	0	0	0	0	0	0	0	0
OG0009968	0	0	0	0	0	0	0	0	0	0	0	0	0	0	0	0	0
OG0009969	2	0	0	0	0	0	0	0	-1	0	0	0	0	0	0	0	0
OG0009970	1	0	0	0	0	0	0	0	0	0	0	0	0	0	0	0	0
OG0009971	0	0	0	0	0	0	0	0	0	0	0	0	0	0	0	0	0
OG0009972	1	0	0	-1	0	0	0	0	0	0	0	0	0	0	0	0	0
OG0009973	0	0	0	0	0	0	0	0	0	0	0	0	0	0	0	0	0
OG0009974	0	0	0	0	0	0	0	0	0	0	0	0	0	0	0	0	0
OG0009975	0	0	0	0	0	0	0	0	0	0	0	0	0	0	0	0	0
OG0009976	0	0	0	0	0	0	0	0	0	0	0	0	0	0	0	0	0
OG0009977	0	0	0	0	0	0	0	0	0	0	0	0	0	0	0	0	0
OG0009978	0	0	0	0	0	0	0	0	0	0	0	0	0	0	0	0	0
OG0009979	0	0	0	0	0	0	0	0	0	0	0	0	0	0	0	0	0
OG0009980	0	0	0	0	0	0	0	0	0	0	0	0	0	0	0	0	0
OG0009981	0	0	0	0	0	0	0	0	0	0	0	0	0	0	0	0	0
OG0009982	0	0	1	0	0	0	0	0	-1	0	0	0	0	0	0	0	0
OG0009983	0	1	0	0	0	0	0	0	-1	0	0	0	0	0	0	0	0
OG0009984	0	0	0	0	0	0	0	0	0	0	0	0	0	0	0	0	0
OG0009985	0	1	0	0	0	0	0	0	-1	0	0	0	0	0	0	0	0
OG0009986	0	0	0	0	0	0	0	0	0	0	0	0	0	0	0	0	0
OG0009987	1	0	0	0	0	0	0	0	0	0	0	0	0	0	0	0	0
OG0009988	0	0	0	0	0	0	0	0	0	0	0	0	0	0	0	0	0
OG0009989	0	0	0	0	0	0	0	0	0	0	0	0	0	0	0	0	0
OG0009990	1	0	0	-1	0	0	0	0	-1	0	0	1	0	0	0	0	0
OG0009991	0	0	0	0	0	0	0	0	0	0	0	0	0	0	0	0	0
OG0009992	0	0	1	-1	0	0	0	0	0	0	0	0	0	0	0	0	0
OG0009993	0	0	0	0	0	0	0	0	0	0	0	0	0	0	0	0	0
OG0009994	0	0	0	0	1	0	-1	0	0	0	0	0	0	0	0	0	0
OG0009995	0	0	0	0	0	0	0	0	0	0	0	0	0	0	0	0	0
OG0009996	0	0	0	0	0	0	0	0	0	0	0	0	0	0	0	0	0
OG0009997	1	0	0	0	0	0	0	0	0	0	0	0	0	0	0	0	0
OG0009998	0	1	0	0	0	0	0	0	0	0	0	0	0	0	0	0	0
OG0009999	0	0	0	0	0	0	0	0	0	0	0	0	0	0	0	0	0
OG0010000	0	0	0	0	0	0	0	0	0	0	0	0	0	0	0	0	0
OG0010001	1	0	0	0	0	0	0	0	0	0	0	0	0	0	0	0	0
OG0010002	2	0	0	-1	0	0	-1	0	0	0	0	0	0	0	0	0	0
OG0010003	0	0	0	0	0	0	0	0	0	0	0	0	0	0	0	0	0
OG0010004	0	0	0	-1	0	0	1	0	0	0	0	0	0	0	0	0	0
OG0010005	1	1	0	-1	0	0	0	0	0	0	0	0	0	0	0	0	0
OG0010006	0	0	0	0	0	0	0	0	0	0	0	0	0	0	0	0	0
OG0010007	0	1	0	0	0	0	0	0	0	0	0	0	0	0	0	0	0
OG0010008	0	0	0	0	0	0	0	0	0	0	0	0	0	0	0	0	0
OG0010009	1	0	0	-1	0	0	0	0	0	0	0	0	0	0	0	0	0
OG0010010	0	0	1	0	0	0	0	0	0	0	0	0	0	0	0	0	0
OG0010011	0	0	0	0	0	0	0	0	0	0	0	0	0	0	0	0	0
OG0010012	0	0	0	0	1	-1	0	0	0	0	0	1	0	0	0	0	0
OG0010013	0	0	0	0	0	0	0	0	0	0	0	0	0	0	0	0	0
OG0010014	0	1	0	-1	0	0	0	0	0	0	0	0	0	0	0	0	0
OG0010015	0	0	0	0	0	0	0	0	0	0	0	0	0	0	0	0	0
OG0010016	0	0	0	0	0	0	0	0	0	0	0	0	0	0	0	0	0
OG0010017	0	0	0	0	0	0	0	0	0	0	0	0	0	0	0	0	0
OG0010018	0	1	0	0	0	0	0	0	0	0	0	0	0	0	0	0	0
OG0010019	0	0	0	0	0	0	0	0	0	0	0	0	0	0	0	0	0
OG0010020	0	0	0	0	0	0	0	0	0	0	0	0	0	0	0	0	0
OG0010021	0	1	0	-1	0	0	0	0	0	0	0	0	0	0	0	0	0
OG0010022	2	0	0	-1	0	0	0	0	0	0	0	0	0	0	0	0	0
OG0010023	0	0	0	0	0	0	0	0	0	0	0	0	0	0	0	0	0
OG0010024	0	0	0	0	0	0	0	0	0	0	0	0	0	0	0	0	0
OG0010025	0	0	0	0	0	0	0	0	0	0	0	0	0	0	0	0	0
OG0010026	0	0	0	0	0	0	0	0	0	0	0	0	0	0	0	0	0
OG0010027	0	0	0	0	0	0	0	0	0	0	0	0	0	0	0	0	0
OG0010028	0	0	0	0	0	0	0	0	0	0	0	0	0	0	0	0	0
OG0010029	0	0	0	0	0	0	0	0	0	0	0	0	0	0	0	0	0
OG0010030	0	0	0	0	0	0	0	0	0	0	0	0	0	0	0	0	0
OG0010031	0	-1	0	-1	0	1	0	0	-1	0	0	0	0	0	0	0	0
OG0010032	0	0	0	0	1	0	-1	0	0	0	0	0	0	0	0	0	0
OG0010033	0	0	0	0	0	0	0	0	0	0	0	0	0	0	0	0	0
OG0010034	0	0	0	0	0	0	0	0	0	0	0	0	0	0	0	0	0
OG0010035	0	0	0	0	0	0	0	0	0	0	0	0	0	0	0	0	0
OG0010036	0	1	0	-1	0	0	0	0	0	0	0	0	0	0	0	0	0
OG0010037	1	0	0	0	0	0	0	0	0	0	0	0	0	0	0	0	0
OG0010038	1	0	0	0	0	0	0	0	0	0	0	0	0	0	0	0	0
OG0010039	0	0	1	0	0	0	-1	0	0	0	0	0	0	0	0	0	0
OG0010040	0	0	0	0	0	0	0	0	0	0	0	0	0	0	0	0	0
OG0010041	0	0	0	0	0	0	0	0	0	0	0	0	0	0	0	0	0
OG0010042	0	0	0	0	0	0	0	0	0	0	0	0	0	0	0	0	0
OG0010043	2	1	0	0	0	0	0	0	0	0	0	0	0	0	0	0	-1
OG0010044	0	0	0	0	0	0	0	0	0	0	0	0	0	0	0	0	0
OG0010045	2	1	0	-1	0	-1	0	0	0	0	-1	0	0	0	0	0	0
OG0010046	0	0	0	0	1	0	0	0	0	0	0	0	0	0	0	0	0
OG0010047	0	1	0	-1	0	0	0	0	0	0	0	0	0	0	0	0	0
OG0010048	0	0	0	0	0	0	0	0	0	0	0	0	0	0	0	0	0
OG0010049	1	0	0	0	0	0	-1	0	0	0	0	0	0	0	0	0	0
OG0010050	0	0	0	0	0	0	0	0	0	0	0	0	0	0	0	0	0
OG0010051	1	0	0	0	0	0	0	0	0	0	0	0	0	0	0	0	0
OG0010052	0	0	0	1	0	0	0	0	-1	0	0	0	0	0	0	0	0
OG0010053	0	1	0	0	0	0	0	0	0	0	0	0	0	0	0	0	0
OG0010054	0	0	0	0	0	0	0	0	0	0	0	0	0	0	0	0	0
OG0010055	0	1	0	0	0	0	0	0	0	0	0	0	0	0	0	0	0
OG0010056	0	0	0	0	0	0	0	0	0	0	0	0	0	0	0	0	0
OG0010057	0	0	0	0	0	0	0	0	0	0	0	0	0	0	0	0	0
OG0010058	1	0	0	-1	0	0	0	0	0	0	0	0	0	0	0	0	0
OG0010059	0	0	0	0	0	0	0	0	0	0	0	0	0	0	0	0	0
OG0010060	0	0	0	0	0	0	0	0	0	0	0	0	0	0	0	0	0
OG0010061	0	0	0	0	0	0	0	0	0	0	0	0	0	0	0	0	0
OG0010062	1	0	0	0	0	0	0	0	0	0	0	0	0	0	0	0	0
OG0010063	0	0	0	0	0	0	0	0	0	0	0	0	0	0	0	0	0
OG0010064	0	0	0	1	0	0	0	0	0	0	0	0	0	0	0	0	0
OG0010065	0	0	0	0	0	0	0	0	0	0	0	0	0	0	0	0	0
OG0010066	0	0	0	0	0	0	0	0	0	0	0	0	0	0	0	0	0
OG0010067	0	1	0	0	0	0	0	0	0	0	0	0	0	0	0	0	0
OG0010068	0	1	0	-1	0	0	0	0	0	0	0	0	0	0	0	0	0
OG0010069	0	0	0	0	0	0	0	0	0	0	0	0	0	0	0	0	0
OG0010070	0	0	0	0	0	0	0	0	0	0	0	0	0	0	0	0	0
OG0010071	0	0	-1	0	0	0	0	0	0	0	0	0	0	0	0	0	0
OG0010072	0	2	0	0	0	0	0	-1	0	0	0	0	0	0	0	0	0
OG0010073	0	0	1	-1	0	0	0	0	0	0	0	0	0	0	0	0	0
OG0010074	0	0	0	0	0	0	0	0	0	0	0	0	0	0	0	0	0
OG0010075	1	0	0	0	0	0	0	0	-1	0	0	0	0	0	0	0	0
OG0010076	0	0	0	0	0	0	0	0	0	0	0	0	0	0	0	0	0
OG0010077	0	0	0	0	0	0	0	0	0	0	0	0	0	0	0	0	0
OG0010078	0	0	0	0	0	0	0	0	0	0	0	0	0	0	0	0	0
OG0010079	1	0	0	-1	0	0	0	0	0	0	0	0	0	0	0	0	0
OG0010080	0	1	0	-1	0	0	0	0	0	0	0	0	0	0	0	0	0
OG0010081	0	1	0	0	0	0	0	0	0	0	0	0	0	0	0	0	0
OG0010082	0	0	0	0	0	0	0	0	0	0	0	0	0	0	0	0	0
OG0010083	0	-1	0	0	0	0	1	0	0	0	0	0	0	0	0	0	0
OG0010084	2	-1	0	0	-1	0	0	0	0	0	0	0	0	0	0	0	0
OG0010085	0	0	0	0	1	0	0	0	0	0	0	0	0	0	0	0	0
OG0010086	0	0	0	0	0	0	0	0	0	0	0	0	0	0	0	0	0
OG0010087	0	1	0	-1	0	0	0	0	0	0	0	0	0	0	0	0	0
OG0010088	0	1	0	0	0	0	0	0	0	0	0	0	0	0	0	0	0
OG0010089	0	0	0	0	0	0	0	0	0	0	0	0	0	0	0	0	0
OG0010090	0	0	0	-1	1	0	0	0	0	0	0	0	0	0	0	0	0
OG0010091	0	1	0	-1	0	0	0	0	0	0	0	0	0	0	0	0	0
OG0010092	1	0	0	-1	0	0	0	0	0	0	0	0	0	0	0	0	0
OG0010093	1	1	0	-1	0	0	0	0	0	0	0	0	0	0	0	0	0
OG0010094	0	0	0	0	0	0	0	0	0	0	0	0	0	0	0	0	0
OG0010095	1	-1	0	0	0	0	0	0	0	0	0	0	0	0	0	0	0
OG0010096	0	0	0	0	0	0	0	0	0	0	0	0	0	0	0	0	0
OG0010097	0	1	0	0	0	0	-1	0	0	0	0	0	0	0	0	0	0
OG0010098	0	0	0	0	0	0	0	0	0	0	0	0	0	0	0	0	0
OG0010099	0	0	0	0	0	0	0	0	0	0	0	0	0	0	0	0	0
OG0010100	2	0	0	-1	0	0	0	0	-1	0	0	0	0	0	0	0	0
OG0010101	0	0	0	0	0	0	0	0	0	0	0	0	0	0	0	0	0
OG0010102	0	0	0	0	-1	0	0	0	0	0	0	0	0	0	0	0	0
OG0010103	1	0	0	0	0	0	0	0	-1	0	0	0	0	0	0	0	0
OG0010104	0	0	0	0	0	0	0	0	0	0	0	0	0	0	0	0	0
OG0010105	1	1	0	0	0	0	0	0	-1	0	0	0	0	0	0	0	0
OG0010106	0	0	0	3	-1	-1	0	0	0	0	0	0	0	0	0	0	0
OG0010107	0	0	0	0	0	0	0	0	0	0	0	0	0	0	0	0	0
OG0010108	0	0	0	0	0	0	0	0	0	0	0	0	0	0	0	0	0
OG0010109	0	0	0	0	0	0	0	0	0	0	0	0	0	0	0	0	0
OG0010110	1	0	0	0	0	0	0	0	0	0	0	0	0	0	0	0	0
OG0010111	0	0	0	2	0	0	0	0	-1	0	0	0	0	0	0	0	0
OG0010112	0	1	0	0	0	0	0	0	0	0	0	0	0	0	0	0	0
OG0010113	0	1	0	-1	0	0	0	0	0	0	0	0	0	0	0	0	0
OG0010114	0	0	1	1	0	0	-1	0	-1	0	0	0	0	0	0	0	0
OG0010115	1	1	0	0	0	0	0	-1	0	0	0	0	0	0	0	0	0
OG0010116	1	0	0	0	0	0	0	0	0	0	0	0	0	0	0	0	0
OG0010117	0	1	0	0	0	0	0	0	-1	0	0	0	0	0	0	0	0
OG0010118	0	0	0	0	0	0	0	0	0	0	0	0	0	0	0	0	0
OG0010119	1	0	0	0	0	0	0	0	0	0	0	0	0	0	0	0	0
OG0010120	0	0	0	0	0	0	0	0	0	0	0	0	0	0	0	0	0
OG0010121	0	0	0	0	0	0	0	0	0	0	0	0	0	0	0	0	0
OG0010122	0	1	0	0	0	0	-1	0	0	0	0	0	0	0	0	0	0
OG0010123	0	0	0	0	0	0	0	0	0	0	0	0	0	0	0	0	0
OG0010124	0	0	0	-1	0	0	0	0	0	0	0	0	0	0	0	0	0
OG0010125	0	0	1	1	0	0	0	0	-1	0	0	0	0	0	0	0	0
OG0010126	0	0	0	1	-1	0	0	0	0	0	0	0	0	0	0	0	0
OG0010127	0	0	0	0	0	0	0	0	0	0	0	0	0	0	0	0	0
OG0010128	5	-1	0	3	-1	0	0	0	0	0	-1	0	0	0	0	-1	0
OG0010129	0	1	0	0	0	0	0	0	0	0	0	0	0	0	0	0	0
OG0010130	1	1	0	0	0	0	0	0	0	0	0	0	0	0	0	0	0
OG0010131	0	0	0	0	0	0	0	0	0	0	0	0	0	0	0	0	0
OG0010132	0	0	0	0	0	0	0	0	-1	0	0	1	0	0	0	0	0
OG0010133	0	0	0	0	0	0	0	0	0	0	0	0	0	0	0	0	0
OG0010134	0	1	0	0	0	0	-1	0	0	0	0	0	0	0	0	0	0
OG0010135	0	0	1	0	0	0	0	0	-1	0	0	0	0	0	0	0	0
OG0010136	0	0	0	0	0	0	0	0	0	0	0	0	0	0	0	0	0
OG0010137	0	0	0	0	0	0	0	0	0	0	0	0	0	0	0	0	0
OG0010138	0	2	0	0	0	0	0	-1	0	0	0	0	0	0	0	0	0
OG0010139	0	1	0	-1	0	0	0	0	0	0	0	0	0	0	0	0	0
OG0010140	0	1	0	0	0	0	0	0	0	0	0	0	0	0	0	0	0
OG0010141	0	0	0	0	0	0	0	0	-1	0	1	0	0	-1	0	0	0
OG0010142	0	0	0	0	0	0	0	0	0	0	0	0	0	0	0	0	0
OG0010143	0	0	0	0	0	0	0	0	0	0	0	0	0	0	0	0	0
OG0010144	0	1	0	0	0	0	-1	0	0	0	0	0	0	0	0	0	0
OG0010145	0	0	0	0	0	0	0	0	0	0	0	0	0	0	0	0	0
OG0010146	0	1	0	0	0	0	-1	0	0	0	0	0	0	0	0	0	0
OG0010147	0	0	0	0	0	0	0	0	0	0	0	0	0	0	0	0	0
OG0010148	0	0	0	0	0	0	0	0	0	0	0	0	0	0	0	0	0
OG0010149	0	0	0	0	0	0	0	0	0	0	0	0	0	0	0	0	0
OG0010150	0	0	0	0	0	0	0	0	0	0	0	0	0	0	0	0	0
OG0010151	1	0	0	0	0	0	0	0	0	0	0	0	0	0	0	0	0
OG0010152	0	1	0	0	0	0	0	0	0	0	0	0	0	0	0	0	0
OG0010153	0	0	0	0	0	0	0	0	0	0	0	0	0	0	0	0	0
OG0010154	0	0	0	0	0	0	0	0	0	0	0	0	0	0	0	0	0
OG0010155	0	0	0	0	0	0	0	0	0	0	0	0	0	0	0	0	0
OG0010156	1	0	0	0	0	0	0	0	0	0	0	0	0	0	0	0	0
OG0010157	0	0	0	0	0	0	1	0	-1	0	0	0	0	0	0	0	0
OG0010158	0	0	0	0	0	0	0	0	0	0	0	0	0	0	0	0	0
OG0010159	0	0	0	0	0	0	0	0	0	0	0	0	0	0	0	0	0
OG0010160	0	0	0	0	0	0	0	0	0	0	0	0	0	0	0	0	0
OG0010161	0	0	0	0	0	0	0	0	0	0	0	0	0	0	0	0	0
OG0010162	1	0	0	-1	0	0	0	0	0	0	0	0	0	0	0	0	0
OG0010163	0	0	0	0	0	0	0	0	0	0	0	0	0	0	0	0	0
OG0010164	1	0	0	0	1	-1	0	0	0	0	0	0	0	0	0	0	0
OG0010165	0	0	0	0	0	0	0	0	0	0	0	0	0	0	0	0	0
OG0010166	1	0	0	0	2	-1	0	0	0	0	0	0	0	0	0	0	0
OG0010167	0	0	0	0	0	0	0	0	0	0	0	0	0	0	0	0	0
OG0010168	0	0	0	-1	1	0	1	0	0	0	0	0	0	0	0	0	0
OG0010169	1	0	0	-1	0	0	0	0	0	0	0	0	0	0	0	0	0
OG0010170	1	0	0	0	0	0	0	0	0	0	0	0	0	0	0	0	0
OG0010171	0	0	0	0	0	0	0	0	0	0	0	0	0	0	0	0	0
OG0010172	0	0	0	-1	0	0	0	0	0	0	0	0	0	0	0	0	0
OG0010173	0	0	0	0	0	0	0	0	0	0	0	0	0	0	0	0	0
OG0010174	0	0	0	1	0	0	0	0	0	0	0	0	0	0	0	0	0
OG0010175	0	0	0	0	0	0	0	0	0	0	0	0	0	0	0	0	0
OG0010176	2	0	0	0	0	0	0	0	0	0	0	0	0	0	0	0	0
OG0010177	0	1	0	1	0	0	0	0	-1	0	0	0	0	0	0	0	0
OG0010178	0	0	0	0	0	0	0	0	0	0	0	0	0	0	0	0	0
OG0010179	0	0	0	0	0	0	0	0	0	0	0	0	0	0	0	0	0
OG0010180	0	0	0	0	0	0	0	0	0	0	0	0	0	0	0	0	0
OG0010181	0	0	0	0	0	0	0	0	0	0	0	0	0	0	0	0	0
OG0010182	2	1	0	0	1	-1	-1	0	0	0	0	0	0	0	0	0	0
OG0010183	1	0	0	0	0	0	0	0	0	0	0	0	0	0	0	0	0
OG0010184	1	1	0	0	0	0	0	0	-1	0	0	0	0	0	0	0	0
OG0010185	0	0	0	0	1	0	0	0	0	0	0	0	0	0	0	0	0
OG0010186	0	0	0	0	0	0	0	0	0	0	0	0	0	0	0	0	0
OG0010187	0	0	0	0	0	0	0	0	0	0	0	0	0	0	0	0	0
OG0010188	0	0	0	0	0	0	0	0	0	0	0	0	0	0	0	0	0
OG0010189	0	1	0	0	0	0	0	0	0	0	0	0	0	0	0	0	0
OG0010190	1	0	0	0	0	0	0	0	-1	0	0	0	0	0	0	0	0
OG0010191	0	1	0	1	0	0	0	0	0	0	0	0	0	0	0	0	0
OG0010192	0	0	0	0	0	0	0	0	0	0	0	0	0	0	0	0	0
OG0010193	0	0	1	-1	0	0	0	0	0	0	0	0	0	0	0	0	0
OG0010194	0	1	0	-1	0	0	0	0	0	0	0	0	0	0	0	0	0
OG0010195	0	0	0	0	0	0	0	0	0	0	0	0	0	0	0	0	0
OG0010196	0	0	0	0	0	0	-1	0	1	0	0	0	0	0	0	0	0
OG0010197	0	0	0	0	0	0	0	0	0	0	0	0	0	0	0	0	0
OG0010198	0	0	0	0	0	0	0	0	0	0	0	0	0	0	0	0	0
OG0010199	0	0	0	0	0	0	0	0	0	0	0	0	0	0	0	0	0
OG0010200	0	1	0	0	0	0	0	0	0	0	0	0	0	0	0	0	0
OG0010201	0	0	0	0	0	0	0	0	0	0	0	0	0	0	0	0	0
OG0010202	0	0	0	0	0	0	0	0	0	0	0	0	0	0	0	0	0
OG0010203	1	0	0	-1	0	0	0	0	0	0	0	0	0	0	0	0	0
OG0010204	1	0	-1	0	0	0	0	0	0	0	0	0	0	0	0	0	0
OG0010205	0	0	0	0	0	0	0	0	0	0	0	0	0	0	0	0	0
OG0010206	1	0	0	-1	0	0	0	0	0	0	0	0	0	0	0	0	0
OG0010207	0	0	0	0	0	0	1	0	-1	0	0	0	0	0	0	0	0
OG0010208	0	0	0	0	0	0	0	0	0	0	0	0	0	0	0	0	0
OG0010209	0	0	0	0	0	0	0	0	0	0	0	0	0	0	0	0	0
OG0010210	0	0	0	0	0	0	0	0	0	0	0	0	0	0	0	0	0
OG0010211	0	0	0	0	0	0	0	0	0	0	0	0	0	0	0	0	0
OG0010212	0	0	0	-1	0	-1	0	0	1	0	0	1	0	0	0	0	0
OG0010213	0	1	0	0	0	0	0	0	0	0	0	0	0	0	0	0	0
OG0010214	0	0	0	0	0	0	0	0	0	0	0	0	0	0	0	0	0
OG0010215	1	0	0	0	0	0	0	0	0	0	0	0	0	0	0	0	0
OG0010216	0	1	0	0	0	0	0	0	0	0	0	0	0	0	0	0	0
OG0010217	1	0	0	-1	0	0	0	0	0	0	0	0	0	0	0	0	0
OG0010218	1	0	0	-1	0	0	0	0	0	0	0	0	0	0	0	0	0
OG0010219	0	0	0	0	0	-1	0	0	0	0	1	0	0	-1	0	0	0
OG0010220	0	0	0	0	0	0	0	0	0	0	0	0	0	0	0	0	0
OG0010222	1	0	0	-1	0	0	0	0	1	0	0	0	0	0	0	0	0
OG0010223	0	0	0	0	0	0	0	0	0	0	0	0	0	0	0	0	0
OG0010224	1	0	0	0	0	0	0	0	-1	0	0	0	0	0	0	0	0
OG0010225	1	0	0	0	0	0	0	0	0	0	0	0	0	0	0	0	0
OG0010226	0	0	0	0	0	0	0	0	0	0	0	0	0	0	0	0	0
OG0010227	0	0	0	0	0	0	0	0	0	0	0	0	0	0	0	0	0
OG0010228	0	0	0	0	0	0	0	0	0	0	0	0	0	0	0	0	0
OG0010229	0	0	0	0	0	0	0	0	0	0	0	0	0	0	0	0	0
OG0010230	0	0	0	1	0	0	0	0	0	0	0	0	0	0	0	0	0
OG0010231	0	0	0	0	0	0	0	0	0	0	0	0	0	0	0	0	0
OG0010232	0	0	0	0	0	0	0	0	0	0	0	0	0	0	0	0	0
OG0010233	1	0	1	0	0	0	0	0	0	0	0	0	0	0	0	0	0
OG0010234	0	1	0	1	0	0	0	-1	0	0	0	0	0	0	0	0	0
OG0010235	0	0	0	0	0	0	0	0	0	0	0	0	0	0	0	0	0
OG0010236	1	0	0	0	0	0	0	0	-1	0	0	0	0	0	0	0	0
OG0010237	0	0	0	0	0	0	0	0	0	0	0	0	0	0	0	0	0
OG0010238	0	0	0	0	0	0	0	0	0	0	0	0	0	0	0	0	0
OG0010239	0	0	0	0	0	0	0	0	0	0	0	0	0	0	0	0	0
OG0010240	0	0	0	0	0	0	0	0	0	0	0	0	0	0	0	0	0
OG0010241	0	0	0	0	0	0	0	0	0	0	0	0	0	0	0	0	0
OG0010242	0	1	0	-1	0	0	0	0	0	0	0	0	0	0	0	0	0
OG0010243	0	0	0	0	0	0	0	0	0	0	0	0	0	0	0	0	0
OG0010244	1	0	0	-1	0	0	0	0	0	0	0	0	0	0	0	0	0
OG0010245	0	1	0	0	0	0	0	0	0	0	0	0	0	0	0	0	0
OG0010246	1	0	0	-1	0	0	0	0	1	0	0	0	0	0	0	0	0
OG0010247	0	0	0	0	0	0	0	0	0	0	0	0	0	0	0	0	0
OG0010248	0	0	0	0	0	0	0	0	0	0	0	0	0	0	0	0	0
OG0010249	0	0	0	0	0	0	0	0	0	0	0	0	0	0	0	0	0
OG0010250	1	0	0	0	0	0	0	0	0	0	0	0	0	0	0	0	0
OG0010251	1	0	0	0	0	0	0	0	-1	0	0	0	0	0	0	0	0
OG0010252	0	0	0	0	0	-1	0	0	1	0	0	0	0	0	0	0	0
OG0010253	0	0	0	0	0	0	0	0	0	0	0	0	0	0	0	0	0
OG0010254	1	0	0	0	0	0	0	0	-1	0	0	0	0	0	0	0	0
OG0010255	0	1	0	0	0	0	0	0	0	0	0	0	0	0	0	0	0
OG0010256	0	0	0	0	0	0	0	0	0	0	0	0	0	0	0	0	0
OG0010257	0	0	0	0	0	0	0	0	0	0	0	0	0	0	0	0	0
OG0010258	0	0	0	0	0	0	0	0	0	0	0	0	0	0	0	0	0
OG0010259	1	1	0	0	0	-1	0	0	-1	0	0	1	0	0	0	0	0
OG0010260	0	0	0	0	0	0	0	0	0	0	0	0	0	0	0	0	0
OG0010261	0	0	0	0	0	0	0	0	0	0	0	0	0	0	0	0	0
OG0010262	0	0	0	0	0	0	0	0	0	0	0	0	0	0	0	0	0
OG0010263	1	0	0	0	0	0	0	0	0	0	0	0	0	0	0	0	0
OG0010264	0	0	0	0	0	0	0	0	0	0	0	0	0	0	0	0	0
OG0010265	0	0	0	0	0	0	0	0	0	0	0	0	0	0	0	0	0
OG0010266	0	0	0	1	0	0	0	0	-1	0	0	0	0	0	0	0	0
OG0010267	0	0	0	0	0	0	0	0	0	0	0	0	0	0	0	0	0
OG0010268	0	0	0	0	0	0	0	0	0	0	0	0	0	0	0	0	0
OG0010269	0	0	0	0	0	0	0	0	0	0	0	0	0	0	0	0	0
OG0010270	0	0	0	0	0	0	0	0	0	0	0	0	0	0	0	0	0
OG0010271	0	0	0	0	0	0	0	0	0	0	0	0	0	0	0	0	0
OG0010272	1	0	0	0	0	0	0	0	0	0	0	0	0	0	0	0	0
OG0010273	1	1	0	0	0	0	0	0	0	0	0	0	0	0	0	0	0
OG0010274	0	0	0	-1	0	0	0	-2	0	0	0	0	0	0	0	1	0
OG0010275	0	0	0	0	0	0	0	0	0	0	0	0	0	0	0	0	0
OG0010276	1	1	0	0	0	0	0	0	-1	0	0	0	0	0	0	0	0
OG0010277	1	-1	0	0	0	0	0	0	0	0	0	0	0	0	0	0	0
OG0010278	0	1	0	0	0	0	0	0	0	0	0	0	0	0	0	0	0
OG0010279	0	1	0	0	0	0	0	0	0	0	0	0	0	0	0	0	0
OG0010280	0	1	0	0	0	0	0	0	0	0	0	0	0	0	0	0	0
OG0010281	0	0	0	0	0	0	0	0	0	0	0	0	0	0	0	0	0
OG0010282	0	0	1	0	0	0	0	0	0	0	0	0	0	0	0	0	0
OG0010283	0	0	0	0	0	0	0	0	0	0	0	0	0	0	0	0	0
OG0010284	0	0	0	0	0	0	0	0	0	0	0	0	0	0	0	0	0
OG0010285	0	1	0	0	0	0	0	0	0	0	0	0	0	0	0	0	0
OG0010286	0	0	0	0	0	0	1	0	-1	0	0	0	0	0	0	0	0
OG0010287	1	0	0	0	0	0	0	0	0	0	0	0	0	0	0	0	0
OG0010288	0	0	0	0	0	0	0	0	0	0	0	0	0	0	0	0	0
OG0010289	0	0	0	-1	0	0	-1	0	1	0	0	0	0	0	0	0	0
OG0010290	1	0	0	0	0	0	0	0	0	0	0	0	0	0	0	0	0
OG0010291	0	0	0	0	0	0	0	0	0	0	0	0	0	0	0	0	0
OG0010292	0	0	0	0	0	0	0	0	0	0	0	0	0	0	0	0	0
OG0010293	0	1	0	0	0	0	0	0	-1	0	0	0	0	0	0	0	0
OG0010294	0	0	0	0	0	0	0	0	0	0	0	0	0	0	0	0	0
OG0010295	1	-1	0	0	0	0	0	0	0	0	0	0	0	0	0	0	0
OG0010296	0	0	0	0	0	0	0	0	0	0	0	0	0	0	0	0	0
OG0010297	0	0	0	0	0	0	0	0	0	0	0	0	0	0	0	0	0
OG0010298	0	1	0	0	0	0	0	0	0	0	0	0	0	0	0	0	0
OG0010299	0	0	0	0	0	0	0	0	0	0	0	0	0	0	0	0	0
OG0010300	0	0	0	0	0	0	0	0	0	0	0	0	0	0	0	0	0
OG0010301	1	0	0	-1	0	0	0	0	0	0	0	0	0	0	0	0	0
OG0010302	0	0	-1	0	0	0	-1	0	-1	0	0	0	0	-1	0	0	0
OG0010303	0	0	0	0	0	0	0	0	0	0	0	0	0	0	0	0	0
OG0010304	0	0	0	0	0	0	0	0	0	0	0	0	0	0	0	0	0
OG0010305	1	0	0	0	0	0	0	0	0	0	0	0	0	0	0	0	0
OG0010306	0	0	0	0	0	0	0	0	0	0	0	0	0	0	0	0	0
OG0010307	0	1	0	0	0	0	-1	0	0	0	0	0	0	0	0	0	0
OG0010308	0	0	0	0	0	0	0	0	0	0	0	0	0	0	0	0	0
OG0010309	0	0	0	0	0	0	0	0	0	0	0	0	0	0	0	0	0
OG0010310	0	0	0	0	0	0	0	0	1	0	0	0	0	0	0	0	0
OG0010311	0	0	0	0	0	0	0	0	0	0	0	0	0	0	0	0	0
OG0010312	0	0	0	1	0	0	0	0	0	0	0	0	0	0	0	0	0
OG0010313	0	0	0	0	0	0	0	0	0	0	0	0	0	0	0	0	0
OG0010314	0	1	0	0	0	0	0	0	0	0	0	0	0	0	0	0	0
OG0010315	0	0	0	0	0	0	0	0	0	0	0	0	0	0	0	0	0
OG0010316	0	0	0	0	0	0	0	0	0	0	0	0	0	0	0	0	0
OG0010317	0	0	0	0	0	0	0	0	0	0	0	0	0	0	0	0	0
OG0010318	0	0	0	0	0	0	0	0	0	0	0	0	0	0	0	0	0
OG0010319	0	0	0	0	1	0	-1	0	0	0	0	0	0	0	0	0	0
OG0010320	1	0	0	0	0	0	-1	0	0	0	0	0	0	0	0	0	0
OG0010321	0	0	0	0	0	0	0	0	0	0	0	0	0	0	0	0	0
OG0010322	0	0	0	0	0	0	0	0	0	0	0	0	0	0	0	0	0
OG0010323	0	1	0	-1	0	0	0	0	0	0	0	0	0	0	0	0	0
OG0010324	0	0	0	0	0	0	0	0	0	0	0	0	0	0	0	0	0
OG0010325	0	0	0	0	0	0	0	0	0	0	0	0	0	0	0	0	0
OG0010326	0	1	0	0	0	0	0	0	0	0	0	0	0	0	0	0	0
OG0010327	1	0	0	-1	0	0	0	0	0	0	0	0	0	0	0	0	0
OG0010328	0	0	0	0	0	0	0	0	0	0	0	0	0	0	0	0	0
OG0010329	0	0	0	0	0	0	0	0	0	0	0	0	0	0	0	0	0
OG0010330	0	1	0	0	0	0	0	0	-1	0	0	0	0	0	0	0	0
OG0010331	0	0	0	0	0	0	0	0	0	0	0	0	0	0	0	0	0
OG0010332	0	0	0	0	0	0	0	0	0	0	0	0	0	0	0	0	0
OG0010333	0	0	0	0	0	0	0	0	0	0	0	0	0	0	0	0	0
OG0010334	0	0	0	0	0	0	0	0	0	0	0	0	0	0	0	0	0
OG0010335	0	0	1	-1	0	0	0	0	0	0	0	0	0	0	0	0	0
OG0010336	0	1	0	0	0	0	0	0	-1	0	0	0	0	0	0	0	0
OG0010337	0	0	0	0	0	0	0	0	0	0	0	0	0	0	0	0	0
OG0010338	0	1	0	-1	0	0	0	0	0	0	0	0	0	0	0	0	0
OG0010339	0	0	0	0	1	0	0	0	-1	0	0	0	0	0	0	0	0
OG0010340	1	0	0	0	0	0	0	0	-1	0	0	0	0	0	0	0	0
OG0010341	0	0	0	0	0	0	-1	0	1	0	0	0	0	0	0	0	0
OG0010342	0	1	0	0	0	0	0	0	0	0	0	0	0	0	0	0	0
OG0010343	0	1	0	0	0	0	-1	0	0	0	0	0	0	0	0	0	0
OG0010344	1	0	0	0	0	0	0	0	0	0	0	0	0	0	0	0	0
OG0010345	1	0	0	-1	0	0	0	0	0	0	0	0	0	0	0	0	0
OG0010346	0	1	0	-1	0	0	0	0	0	0	0	0	0	0	0	0	0
OG0010347	0	0	0	0	0	0	0	0	0	0	0	0	0	0	0	0	0
OG0010348	0	0	0	0	0	0	0	0	1	0	0	0	0	0	0	0	0
OG0010349	0	1	0	-1	0	0	0	0	0	0	0	0	0	0	0	0	0
OG0010350	0	0	0	0	0	0	0	0	0	0	0	0	0	0	0	0	0
OG0010351	0	0	0	0	0	0	0	0	0	0	0	0	0	0	0	0	0
OG0010352	0	2	0	-1	0	0	0	0	0	0	0	0	0	0	0	0	0
OG0010353	0	0	0	0	0	0	0	0	0	0	0	0	0	0	0	0	0
OG0010354	1	1	0	0	0	0	0	-1	0	0	0	0	0	0	0	0	0
OG0010355	0	0	0	0	0	0	0	0	0	0	0	0	0	0	0	0	0
OG0010356	0	1	0	0	0	0	-1	0	0	0	0	0	0	0	0	0	0
OG0010357	2	0	0	-1	0	0	0	0	0	0	0	0	0	0	0	0	0
OG0010358	0	0	0	0	0	0	0	0	0	0	0	0	0	0	0	0	0
OG0010359	0	1	0	0	0	0	0	0	0	0	0	0	0	0	0	0	0
OG0010360	0	0	0	0	0	0	0	0	0	0	0	0	0	0	0	0	0
OG0010361	0	0	1	0	0	0	0	0	0	0	0	0	0	0	0	0	0
OG0010362	1	0	0	-1	0	0	1	0	-1	0	0	0	0	0	0	0	0
OG0010363	0	0	0	0	0	0	0	0	0	0	0	0	0	0	0	0	0
OG0010364	0	0	0	0	0	0	0	0	0	0	0	0	0	0	0	0	0
OG0010365	0	0	0	1	0	0	0	0	0	0	0	0	0	0	0	0	0
OG0010366	1	0	0	0	0	0	0	0	0	0	0	0	0	0	0	0	0
OG0010367	0	0	0	0	0	0	0	0	0	0	0	0	0	0	0	0	0
OG0010368	0	0	0	1	0	0	-1	0	0	0	0	0	0	0	0	0	0
OG0010369	1	0	0	0	0	0	0	0	0	0	0	0	0	0	0	0	0
OG0010370	0	0	0	0	0	0	0	0	0	0	0	0	0	0	0	0	0
OG0010371	1	1	0	0	0	0	-1	0	0	0	0	0	0	0	0	0	0
OG0010372	0	0	0	0	0	0	0	0	0	0	0	0	0	0	0	0	0
OG0010373	1	0	0	0	0	0	0	0	0	0	0	0	0	0	0	0	0
OG0010374	0	-1	0	1	1	0	0	0	-1	0	0	0	0	0	0	0	0
OG0010375	0	1	0	0	0	0	0	0	0	0	0	0	0	0	0	0	0
OG0010376	1	0	0	-1	0	0	2	0	0	0	0	-1	0	0	0	0	0
OG0010377	0	0	0	0	0	0	0	0	0	0	0	0	0	0	0	0	0
OG0010378	0	0	0	1	0	0	0	0	0	0	0	0	0	0	0	0	0
OG0010379	0	0	0	0	0	0	0	0	0	0	0	0	0	0	0	0	0
OG0010380	0	0	0	0	0	0	0	0	-1	0	0	0	0	0	0	0	0
OG0010381	0	0	0	0	0	0	0	0	0	0	0	0	0	0	0	0	0
OG0010382	1	0	0	0	0	0	0	0	0	0	0	0	0	0	0	0	0
OG0010383	0	0	0	-1	0	0	0	0	1	0	0	0	0	0	0	0	0
OG0010384	0	0	0	0	0	0	0	0	0	0	0	0	0	0	0	0	0
OG0010385	0	0	0	0	0	0	0	0	0	0	0	0	0	0	0	0	0
OG0010386	0	0	0	0	0	0	0	0	0	0	0	0	0	0	0	0	0
OG0010387	0	0	0	0	0	0	0	0	0	0	0	0	0	0	0	0	0
OG0010388	0	0	0	0	0	0	0	0	0	0	0	0	0	0	0	0	0
OG0010389	1	0	0	0	0	0	0	0	0	0	0	0	0	0	0	0	0
OG0010390	1	0	0	0	0	0	0	0	0	0	0	0	0	0	0	0	0
OG0010391	0	0	0	0	0	0	0	0	0	0	0	0	0	0	0	0	0
OG0010392	0	0	0	0	0	0	0	0	0	0	0	0	0	0	0	0	0
OG0010393	0	0	0	0	0	0	0	0	0	0	0	0	0	0	0	0	0
OG0010394	0	0	0	0	0	0	0	0	0	0	0	0	0	0	0	0	0
OG0010395	0	0	0	0	0	0	0	0	0	0	0	0	0	0	0	0	0
OG0010396	0	1	0	-1	0	0	0	0	0	0	0	0	0	0	0	0	0
OG0010397	0	0	0	0	0	0	0	0	0	0	0	0	0	0	0	0	0
OG0010398	0	0	0	0	0	0	0	0	0	0	0	0	0	0	0	0	0
OG0010399	1	0	0	0	0	0	0	0	0	0	0	0	0	0	0	0	0
OG0010400	0	0	0	0	0	0	0	0	0	0	0	0	0	0	0	0	0
OG0010401	0	0	0	0	0	0	0	0	0	0	0	0	0	0	0	0	0
OG0010402	0	0	0	0	0	0	0	0	0	0	0	0	0	0	0	0	0
OG0010403	0	0	0	0	0	0	0	0	0	0	0	0	0	0	0	0	0
OG0010404	0	0	0	0	0	0	0	0	0	0	0	0	0	0	0	0	0
OG0010405	0	0	0	0	0	0	0	0	0	0	0	0	0	0	0	0	0
OG0010406	1	0	0	1	0	0	0	0	-1	0	0	0	0	0	0	0	0
OG0010407	1	0	0	0	0	0	0	0	0	0	0	0	0	0	0	0	0
OG0010408	1	0	0	-1	0	0	0	0	0	0	0	0	0	0	0	0	0
OG0010409	1	0	0	0	0	0	0	0	0	0	0	0	0	0	0	0	0
OG0010410	0	0	1	0	0	0	0	0	0	0	0	0	0	0	0	0	0
OG0010411	0	0	0	0	0	0	0	0	0	0	0	0	0	0	0	0	0
OG0010412	0	0	0	0	0	0	0	0	0	0	0	0	0	0	0	0	0
OG0010413	1	0	0	0	0	0	0	0	-1	0	0	0	0	0	0	0	0
OG0010414	0	0	0	0	0	0	0	0	0	0	0	0	0	0	0	0	0
OG0010415	0	0	0	0	0	0	0	0	0	0	0	0	0	0	0	0	0
OG0010416	0	0	0	0	0	0	0	0	0	0	0	0	0	0	0	0	0
OG0010417	0	0	0	0	0	0	0	0	0	0	0	0	0	0	0	0	0
OG0010418	1	0	0	0	0	0	0	0	0	0	0	0	0	0	0	0	0
OG0010419	1	0	0	0	0	0	0	0	-1	0	0	0	0	0	0	0	0
OG0010420	0	0	1	0	0	0	0	0	0	0	0	0	0	0	0	0	0
OG0010421	0	0	0	0	0	0	0	0	0	0	0	0	0	0	0	0	0
OG0010422	2	0	0	0	0	0	-1	0	0	0	0	0	0	0	0	0	0
OG0010423	0	0	0	0	0	0	0	0	0	0	0	0	0	0	0	0	0
OG0010424	1	0	0	0	0	0	0	0	0	0	0	0	0	0	0	0	0
OG0010425	2	1	0	0	0	-1	0	0	0	0	-1	0	0	0	0	0	0
OG0010426	0	0	0	0	0	0	0	0	0	0	0	0	0	0	0	0	0
OG0010427	0	0	0	0	0	0	0	0	0	0	0	0	0	0	0	0	0
OG0010428	2	0	0	0	0	0	0	-1	0	0	0	0	0	0	0	0	0
OG0010429	0	0	0	0	0	0	0	0	0	0	0	0	0	0	0	0	0
OG0010430	0	0	0	0	0	0	0	0	0	0	0	0	0	0	0	0	0
OG0010431	0	0	0	0	0	0	0	0	0	0	0	0	0	0	0	0	0
OG0010432	0	0	0	0	0	0	0	0	0	0	0	0	0	0	0	0	0
OG0010433	0	0	0	0	0	0	0	0	0	0	0	0	0	0	0	0	0
OG0010434	0	1	0	0	0	0	0	0	0	0	0	0	0	0	0	0	0
OG0010435	0	0	0	0	0	0	0	0	0	0	0	0	0	0	0	0	0
OG0010436	1	0	0	-1	0	0	0	0	0	0	0	0	0	0	0	0	0
OG0010437	0	0	0	1	0	0	0	0	0	0	0	0	0	0	0	0	0
OG0010438	0	0	0	0	0	0	0	0	0	0	0	0	0	0	0	0	0
OG0010439	0	1	0	0	0	0	0	0	0	0	0	0	0	0	0	0	0
OG0010440	0	0	0	0	0	0	0	0	0	0	0	0	0	0	0	0	0
OG0010441	0	0	0	0	0	0	0	0	0	0	0	0	0	0	0	0	0
OG0010442	2	0	0	0	0	0	0	0	-1	0	0	0	0	0	0	0	0
OG0010443	0	0	0	0	0	0	0	0	0	0	0	0	0	0	0	0	0
OG0010444	0	0	0	0	0	0	0	0	0	0	0	0	0	0	0	0	0
OG0010445	0	1	0	-1	0	0	0	0	0	0	0	0	0	0	0	0	0
OG0010446	0	0	0	0	0	0	0	0	0	0	0	0	0	0	0	0	0
OG0010447	0	0	0	0	0	0	0	0	0	0	0	0	0	0	0	0	0
OG0010448	0	1	0	-1	0	0	0	0	0	0	0	0	0	0	0	0	0
OG0010449	0	0	0	0	0	0	0	0	0	0	0	0	0	0	0	0	0
OG0010450	0	0	0	-1	0	0	0	0	0	0	0	1	0	0	0	0	0
OG0010451	0	1	0	0	0	0	0	0	-1	0	0	0	0	0	0	0	0
OG0010452	0	0	0	0	0	0	0	0	0	0	0	0	0	0	0	0	0
OG0010453	0	0	0	0	0	0	0	0	0	0	0	0	0	0	0	0	0
OG0010454	0	0	0	0	0	0	0	0	0	0	0	0	0	0	0	0	0
OG0010455	0	0	0	0	0	0	0	0	0	0	0	0	0	0	0	0	0
OG0010456	0	0	0	0	0	0	0	0	0	0	0	0	0	0	0	0	0
OG0010457	0	1	0	0	0	0	0	0	0	0	0	0	0	0	0	0	0
OG0010458	0	0	0	0	0	0	0	0	0	0	0	0	0	0	0	0	0
OG0010459	0	0	0	0	0	0	0	0	0	0	0	0	0	0	0	0	0
OG0010460	0	1	0	0	0	0	0	0	0	0	0	0	0	0	0	0	0
OG0010461	1	9	0	-1	-1	-1	0	0	0	0	0	0	0	0	0	0	-1
OG0010462	0	0	0	0	0	0	0	0	0	0	0	0	0	0	0	0	0
OG0010463	0	0	0	0	0	0	0	0	0	0	0	0	0	0	0	0	0
OG0010464	0	0	0	0	0	0	0	0	0	0	0	0	0	0	0	0	0
OG0010465	0	0	1	0	0	0	-1	0	0	0	0	0	0	0	0	0	0
OG0010466	0	0	0	0	0	0	0	0	0	0	0	0	0	0	0	0	0
OG0010467	0	0	0	0	0	0	0	0	0	0	0	0	0	0	0	0	0
OG0010468	0	0	0	0	0	0	0	0	0	0	0	0	0	0	0	0	0
OG0010469	1	0	0	0	0	0	0	0	0	0	0	0	0	0	0	0	0
OG0010470	0	0	0	0	0	0	0	0	0	0	0	0	0	0	0	0	0
OG0010471	0	0	0	0	0	0	0	0	0	0	0	0	0	0	0	0	0
OG0010472	1	1	-1	0	0	0	0	0	0	0	0	0	0	0	0	0	0
OG0010473	0	0	0	0	0	0	0	0	0	0	0	0	0	0	0	0	0
OG0010474	1	0	0	0	0	0	0	0	0	0	0	0	0	0	0	0	0
OG0010476	2	0	0	0	0	-1	0	0	0	0	0	0	0	0	0	0	0
OG0010477	0	0	0	0	0	0	0	0	0	0	0	0	0	0	0	0	0
OG0010478	0	0	0	-1	0	1	0	0	-1	0	0	0	0	0	0	0	0
OG0010479	0	0	0	0	0	0	1	0	0	0	0	0	0	0	0	0	0
OG0010480	0	0	0	0	0	1	-1	0	0	0	0	0	0	0	0	0	0
OG0010481	0	0	0	0	0	0	0	0	0	0	0	0	0	0	0	0	0
OG0010482	0	0	0	0	0	0	0	0	0	0	0	0	0	0	0	0	0
OG0010483	1	0	0	0	0	0	0	0	-1	0	0	0	0	0	0	0	0
OG0010484	0	1	0	0	0	0	0	0	0	0	0	0	0	0	0	0	0
OG0010485	0	1	0	0	0	0	0	0	0	0	0	0	0	0	0	0	0
OG0010486	0	1	0	0	0	0	0	0	0	0	0	0	0	0	0	0	0
OG0010487	1	0	0	0	0	0	-1	0	0	0	0	0	0	0	0	0	0
OG0010488	0	0	0	1	0	0	0	0	0	0	0	0	0	0	0	0	0
OG0010489	0	0	0	0	0	0	0	0	0	0	0	0	0	0	0	0	0
OG0010490	0	0	1	-1	0	0	0	0	0	0	0	0	0	0	0	0	0
OG0010491	0	1	0	-1	0	0	0	0	0	0	0	0	0	0	0	0	0
OG0010492	0	0	0	0	0	0	0	0	0	0	0	0	0	0	0	0	0
OG0010493	0	1	0	0	0	0	0	0	0	0	0	0	0	0	0	0	0
OG0010494	0	1	0	0	0	0	-1	0	0	0	0	0	0	0	0	0	0
OG0010495	1	0	0	0	0	0	0	0	0	0	0	0	0	0	0	0	0
OG0010496	0	0	0	0	0	0	0	0	0	0	0	0	0	0	0	0	0
OG0010497	0	0	0	0	0	0	0	0	0	0	0	0	0	0	0	0	0
OG0010498	0	0	0	0	0	0	0	0	0	0	0	0	0	0	0	0	0
OG0010499	0	0	0	0	0	0	0	0	0	0	0	0	0	0	0	0	0
OG0010500	0	0	0	0	0	0	0	0	0	0	0	0	0	0	0	0	0
OG0010501	0	1	0	0	0	0	-1	0	0	0	0	0	0	0	0	0	0
OG0010502	0	0	0	0	0	0	0	0	0	0	0	0	0	0	0	0	0
OG0010503	0	0	0	0	0	0	0	0	0	0	0	0	0	0	0	0	0
OG0010504	0	1	0	0	0	0	0	0	0	0	0	0	0	0	0	0	0
OG0010505	0	0	0	0	0	0	0	0	1	0	0	0	0	0	0	0	0
OG0010506	0	0	0	0	0	0	0	0	0	0	0	0	0	0	0	0	0
OG0010507	0	0	0	0	0	0	0	0	0	0	0	0	0	0	0	0	0
OG0010508	0	0	0	0	0	0	0	0	0	0	0	0	0	0	0	0	0
OG0010509	2	0	0	0	0	0	0	0	0	0	0	0	0	0	0	0	0
OG0010510	0	0	0	0	0	0	0	0	0	0	0	0	0	0	0	0	0
OG0010511	0	0	0	0	0	0	0	0	0	0	0	0	0	0	0	0	0
OG0010512	0	0	0	0	0	0	0	0	0	0	0	0	0	0	0	0	0
OG0010513	0	0	0	0	0	0	0	0	0	0	0	0	0	0	0	0	0
OG0010514	0	0	0	0	0	0	0	0	0	0	0	0	0	0	0	0	0
OG0010515	0	0	0	0	0	0	0	0	0	0	0	0	0	0	0	0	0
OG0010516	0	0	0	0	0	0	0	0	0	0	0	0	0	0	0	0	0
OG0010517	0	1	0	-1	0	0	0	0	0	0	0	0	0	0	0	0	0
OG0010518	0	1	0	-1	0	0	0	0	0	0	0	0	0	0	0	0	0
OG0010519	0	0	0	0	0	0	0	0	0	0	0	0	0	0	0	0	0
OG0010520	1	0	1	0	0	0	0	-1	0	0	0	0	0	0	0	0	0
OG0010521	0	0	0	0	0	0	0	0	0	0	0	0	0	0	0	0	0
OG0010522	0	0	0	0	0	0	0	0	0	0	0	0	0	0	0	0	0
OG0010523	1	0	0	0	0	0	0	0	0	0	0	0	0	0	0	0	0
OG0010524	0	1	0	-1	0	0	0	0	0	0	0	0	0	0	0	0	0
OG0010525	0	0	0	0	0	0	0	0	0	0	0	0	0	0	0	0	0
OG0010526	0	2	0	0	0	0	0	0	-1	0	0	0	0	0	0	0	0
OG0010527	0	0	0	0	0	0	0	0	0	0	0	0	0	0	0	0	0
OG0010528	0	0	0	0	0	0	0	0	0	0	0	0	0	0	0	0	0
OG0010529	0	0	0	0	0	0	0	0	0	0	0	0	0	0	0	0	0
OG0010530	1	0	0	0	0	0	0	0	0	0	0	0	0	0	0	0	0
OG0010531	0	0	1	0	1	0	0	0	-1	0	0	0	0	0	0	0	0
OG0010532	0	0	0	0	0	0	0	0	0	0	0	0	0	0	0	0	0
OG0010533	0	1	0	-1	0	0	0	0	0	0	0	0	0	0	0	0	0
OG0010534	0	0	0	0	0	0	0	0	0	0	0	0	0	0	0	0	0
OG0010535	0	1	0	0	0	0	0	0	0	0	0	0	0	0	0	0	0
OG0010536	0	1	0	0	0	0	0	0	-1	0	0	0	0	0	0	0	0
OG0010537	0	0	0	0	0	0	0	0	0	0	0	0	0	0	0	0	0
OG0010538	1	0	0	0	0	0	0	0	-1	0	0	0	0	0	0	0	0
OG0010539	0	0	0	0	0	0	0	0	0	0	0	0	0	0	0	0	0
OG0010540	0	0	0	1	0	0	0	0	0	0	0	0	0	0	0	0	0
OG0010541	0	0	0	0	0	0	0	0	0	0	0	0	0	0	0	0	0
OG0010542	0	0	0	1	0	0	0	0	0	0	0	0	0	0	0	0	0
OG0010543	0	0	0	0	0	0	0	0	0	0	0	0	0	0	0	0	0
OG0010544	0	0	0	0	0	0	0	0	0	0	0	0	0	0	0	0	0
OG0010545	0	0	0	0	0	0	0	0	0	0	0	0	0	0	0	0	0
OG0010546	0	0	0	0	0	0	0	0	0	0	0	0	0	0	0	0	0
OG0010547	0	0	0	0	0	0	0	0	0	0	0	0	0	0	0	0	0
OG0010548	0	0	0	0	0	0	0	0	0	0	0	0	0	0	0	0	0
OG0010549	0	0	0	0	0	0	0	0	0	0	0	0	0	0	0	0	0
OG0010550	0	0	0	0	0	0	0	0	0	0	0	0	0	0	0	0	0
OG0010551	0	0	0	0	0	0	0	0	0	0	0	0	0	0	0	0	0
OG0010552	0	0	0	1	0	0	0	0	0	0	0	0	0	0	0	0	0
OG0010553	0	0	0	0	1	0	-1	0	0	0	0	0	0	0	0	0	0
OG0010554	0	0	0	0	0	0	0	0	0	0	0	0	0	0	0	0	0
OG0010555	0	0	0	0	0	0	0	0	0	0	0	0	0	0	0	0	0
OG0010556	0	0	0	0	0	0	0	0	0	0	0	0	0	0	0	0	0
OG0010557	0	0	0	0	0	0	0	0	0	0	0	0	0	0	0	0	0
OG0010558	0	0	0	0	0	0	0	0	0	0	0	0	0	0	0	0	0
OG0010559	0	0	0	0	0	0	0	0	0	0	0	0	0	0	0	0	0
OG0010560	0	0	0	0	0	0	0	0	0	0	0	0	0	0	0	0	0
OG0010561	0	0	0	0	0	0	0	0	0	0	0	0	0	0	0	0	0
OG0010562	0	0	0	0	0	0	0	0	0	0	0	0	0	0	0	0	0
OG0010563	0	0	0	0	0	0	0	0	0	0	0	0	0	0	0	0	0
OG0010564	0	0	0	0	0	0	0	0	0	0	0	0	0	0	0	0	0
OG0010565	0	0	0	0	0	0	0	0	0	0	0	0	0	0	0	0	0
OG0010566	0	0	0	0	0	0	0	0	0	0	0	0	0	0	0	0	0
OG0010567	0	0	0	0	0	0	0	0	0	0	0	0	0	0	0	0	0
OG0010568	0	1	0	-1	0	0	0	0	0	0	0	0	0	0	0	0	0
OG0010569	0	0	0	0	0	0	0	0	0	0	0	0	0	0	0	0	0
OG0010570	0	0	0	0	0	0	0	0	0	0	0	0	0	0	0	0	0
OG0010571	0	0	0	0	0	0	0	0	0	0	0	0	0	0	0	0	0
OG0010572	0	0	0	0	0	0	0	0	0	0	0	0	0	0	0	0	0
OG0010573	0	0	0	0	0	0	0	0	0	0	0	0	0	0	0	0	0
OG0010574	0	0	0	0	0	0	0	0	0	0	0	0	0	0	0	0	0
OG0010575	0	0	0	0	0	0	0	0	0	0	0	0	0	0	0	0	0
OG0010576	0	0	0	1	0	0	0	0	-1	0	0	0	0	0	0	0	0
OG0010577	0	0	0	0	0	0	0	0	0	0	0	0	0	0	0	0	0
OG0010578	0	0	0	0	0	0	0	0	0	0	0	0	0	0	0	0	0
OG0010579	0	0	0	0	0	0	0	0	0	0	0	0	0	0	0	0	0
OG0010580	0	0	0	0	0	0	0	0	0	0	0	0	0	0	0	0	0
OG0010581	0	0	0	0	0	0	0	0	0	0	0	0	0	0	0	0	0
OG0010582	0	0	0	0	0	0	0	0	0	0	0	0	0	0	0	0	0
OG0010583	0	0	0	0	0	0	0	0	0	0	0	0	0	0	0	0	0
OG0010584	0	0	0	0	0	0	0	0	0	0	0	0	0	0	0	0	0
OG0010585	0	0	0	0	0	0	0	0	0	0	0	0	0	0	0	0	0
OG0010586	0	0	0	0	0	0	0	0	0	0	0	0	0	0	0	0	0
OG0010587	0	0	1	-1	0	0	0	0	0	0	0	0	0	0	0	0	0
OG0010588	0	1	0	0	0	0	0	0	0	0	0	0	0	0	0	0	0
OG0010589	1	0	0	0	0	0	0	0	-1	0	0	0	0	0	0	0	0
OG0010590	0	1	0	0	0	0	0	0	-1	0	0	0	0	0	0	0	0
OG0010591	0	0	0	-1	0	0	0	0	0	0	0	0	0	0	0	0	0
OG0010592	0	0	0	0	0	0	0	0	0	0	0	0	0	0	0	0	0
OG0010593	0	0	0	0	0	0	0	0	0	0	0	0	0	0	0	0	0
OG0010594	0	0	0	0	0	0	0	0	0	0	0	0	0	0	0	0	0
OG0010595	0	0	0	0	0	0	0	0	0	0	0	0	0	0	0	0	0
OG0010596	0	0	0	0	0	0	0	0	0	0	0	0	0	0	0	0	0
OG0010597	0	1	0	-1	0	0	0	0	0	0	0	0	0	0	0	0	0
OG0010598	0	0	0	0	0	0	0	0	0	0	0	0	0	0	0	0	0
OG0010599	0	0	0	0	0	0	0	0	0	0	0	0	0	0	0	0	0
OG0010600	0	0	0	0	0	0	0	0	0	0	0	0	0	0	0	0	0
OG0010601	0	0	0	1	0	0	0	0	-1	0	0	0	0	0	0	0	0
OG0010602	0	1	0	0	0	0	-1	0	0	0	0	0	0	0	0	0	0
OG0010603	1	0	0	0	0	0	0	0	0	0	0	0	0	0	0	0	0
OG0010604	0	2	0	0	1	-1	0	0	-1	0	0	1	0	0	0	0	0
OG0010605	0	0	0	0	0	0	0	0	0	0	0	0	0	0	0	0	0
OG0010606	1	0	0	0	0	0	0	0	-1	0	0	0	0	0	0	0	0
OG0010607	0	0	0	0	0	0	0	0	0	0	0	0	0	0	0	0	0
OG0010608	0	1	0	-1	0	0	0	0	0	0	0	0	0	0	0	0	0
OG0010609	0	0	0	0	0	0	0	0	0	0	0	0	0	0	0	0	0
OG0010610	0	0	0	0	0	0	0	0	0	0	0	0	0	0	0	0	0
OG0010611	0	0	0	0	0	0	0	0	0	0	0	0	0	0	0	0	0
OG0010612	0	1	0	0	0	0	0	0	-1	0	0	0	0	0	0	0	0
OG0010613	0	1	0	0	0	0	0	0	-1	0	0	0	0	0	0	0	0
OG0010614	0	1	0	0	0	0	0	0	0	0	0	0	0	0	0	0	0
OG0010615	2	0	0	0	0	-1	0	0	0	0	0	0	0	0	0	0	0
OG0010616	0	0	0	0	0	0	0	0	0	0	0	0	0	0	0	0	0
OG0010617	0	0	0	0	0	0	0	0	0	0	0	0	0	0	0	0	0
OG0010618	0	0	0	0	0	0	0	0	0	0	0	0	0	0	0	0	0
OG0010619	0	0	0	1	0	0	0	0	0	0	0	0	0	0	0	0	0
OG0010620	0	0	0	0	0	0	0	0	0	0	0	0	0	0	0	0	0
OG0010621	0	1	0	0	0	0	0	0	0	0	0	0	0	0	0	0	0
OG0010622	0	1	0	0	-1	0	0	0	0	0	0	0	0	0	0	0	0
OG0010623	0	0	0	0	0	0	0	0	0	0	0	0	0	0	0	0	0
OG0010624	0	0	0	0	0	0	0	0	0	0	0	0	0	0	0	0	0
OG0010625	0	0	0	0	0	0	0	0	0	0	0	0	0	0	0	0	0
OG0010626	0	0	0	0	0	0	0	0	0	0	0	0	0	0	0	0	0
OG0010627	0	0	0	0	0	0	0	0	0	0	0	0	0	0	0	0	0
OG0010628	0	0	0	0	0	0	0	0	0	0	0	0	0	0	0	0	0
OG0010629	2	0	0	0	0	0	0	0	0	0	0	0	0	0	0	0	0
OG0010630	0	0	0	0	0	0	0	0	0	0	0	0	0	0	0	0	0
OG0010631	0	0	-1	0	0	0	0	0	0	0	0	0	0	0	-1	0	-1
OG0010632	0	0	0	0	0	0	0	0	0	0	0	0	0	0	0	0	0
OG0010633	0	0	0	0	0	0	0	0	0	0	0	0	0	0	0	0	0
OG0010634	0	0	0	0	0	0	0	0	0	0	0	0	0	0	0	0	0
OG0010635	0	0	0	0	0	0	0	0	0	0	0	0	0	0	0	0	0
OG0010636	1	0	0	0	0	0	0	0	0	0	0	0	0	0	0	0	0
OG0010637	1	0	0	-1	0	0	0	0	0	0	0	0	0	0	0	0	0
OG0010638	0	0	0	0	0	0	0	0	0	0	0	0	0	0	0	0	0
OG0010639	0	2	0	0	0	0	0	0	0	0	0	0	0	0	0	0	0
OG0010640	0	0	0	0	0	0	0	0	-1	0	0	0	0	0	0	0	0
OG0010641	0	0	0	0	0	0	0	0	0	0	0	0	0	0	0	0	0
OG0010642	1	1	0	0	0	0	0	0	-1	0	0	0	0	0	0	0	0
OG0010643	1	0	0	0	0	0	0	0	0	0	0	0	0	0	0	0	0
OG0010644	1	1	0	-1	0	0	0	0	-1	0	0	0	0	0	0	0	0
OG0010645	0	0	0	0	0	0	0	0	0	0	0	0	0	0	0	0	0
OG0010646	1	0	0	0	0	0	0	0	0	0	0	0	0	0	0	0	0
OG0010647	0	0	0	1	0	0	0	0	-1	0	0	0	0	0	0	0	0
OG0010648	0	0	0	0	0	0	0	0	0	0	0	0	0	0	0	0	0
OG0010649	1	1	0	-1	0	0	-1	0	0	0	0	0	0	0	0	0	0
OG0010650	0	0	0	0	0	0	0	0	0	0	0	0	0	0	0	0	0
OG0010651	0	0	0	0	0	0	0	0	0	0	0	0	0	0	0	0	0
OG0010652	0	0	0	0	0	0	0	0	0	0	0	0	0	0	0	0	0
OG0010653	0	0	0	0	0	0	0	0	0	0	0	0	0	0	0	0	0
OG0010655	0	0	0	0	0	0	0	0	0	0	0	0	0	0	0	0	0
OG0010656	0	1	0	0	0	0	0	0	-1	0	0	0	0	0	0	0	0
OG0010657	0	1	0	0	0	0	0	0	0	0	0	0	0	0	0	0	0
OG0010658	0	0	0	0	0	0	0	0	0	0	0	0	0	0	0	0	0
OG0010659	0	1	0	0	0	0	-1	0	0	0	0	0	0	0	0	0	0
OG0010660	0	0	0	0	0	0	0	0	0	0	0	0	0	0	0	0	0
OG0010661	0	1	0	0	0	0	0	0	-1	0	0	0	0	0	0	0	0
OG0010662	0	0	0	0	0	0	0	0	0	0	0	0	0	0	0	0	0
OG0010663	0	0	0	0	0	0	0	0	0	0	0	0	0	0	0	0	0
OG0010664	1	0	0	0	0	0	0	0	0	0	0	0	0	0	0	0	0
OG0010665	0	0	1	-1	0	0	0	0	0	0	0	0	0	0	0	0	0
OG0010666	0	1	0	0	0	0	0	0	0	0	0	0	0	0	0	0	0
OG0010667	0	0	0	0	0	0	0	0	0	0	0	0	0	0	0	0	0
OG0010668	0	0	0	0	0	0	0	0	0	0	0	0	0	0	0	0	0
OG0010669	0	0	0	0	0	0	0	0	0	0	0	0	0	0	0	0	0
OG0010670	0	0	0	0	0	0	0	0	0	0	0	0	0	0	0	0	0
OG0010671	0	0	0	0	0	0	0	0	0	0	0	0	0	0	0	0	0
OG0010672	0	0	0	0	0	0	0	0	0	0	0	0	0	0	0	0	0
OG0010673	1	1	0	-1	0	0	0	0	-1	0	0	0	0	0	0	0	0
OG0010674	0	0	0	0	0	0	0	0	0	0	0	0	0	0	0	0	0
OG0010675	0	0	0	0	0	0	0	0	0	0	0	0	0	0	0	0	0
OG0010676	0	0	0	0	0	0	0	0	0	0	0	0	0	0	0	0	0
OG0010677	1	0	0	0	0	0	0	0	0	0	0	0	0	0	0	0	0
OG0010678	1	1	0	0	0	0	0	-1	0	0	0	0	0	0	0	0	0
OG0010679	0	0	1	0	0	0	0	0	-1	0	0	0	0	0	0	0	0
OG0010680	1	0	0	-1	0	0	0	0	0	0	0	0	0	0	0	0	0
OG0010681	0	0	0	0	0	0	0	0	0	0	0	0	0	0	0	0	0
OG0010682	0	0	0	0	0	0	0	0	0	0	0	0	0	0	0	0	0
OG0010683	0	-1	0	0	0	-1	0	0	0	0	0	0	0	-1	0	0	0
OG0010684	0	0	0	0	0	0	0	0	0	0	0	0	0	0	0	0	0
OG0010685	0	0	0	0	0	0	0	0	0	0	0	0	0	0	0	0	0
OG0010686	0	0	0	0	0	0	0	0	0	0	0	0	0	0	0	0	0
OG0010687	0	0	0	1	0	0	0	0	0	0	0	0	0	0	0	0	0
OG0010688	1	0	0	-1	0	0	0	0	0	0	0	0	0	0	0	0	0
OG0010689	0	1	0	-1	0	0	0	0	0	0	0	0	0	0	0	0	0
OG0010690	0	0	0	0	0	0	0	0	0	0	0	0	0	0	0	0	0
OG0010691	0	0	0	0	0	0	0	0	0	0	0	0	0	0	0	0	0
OG0010692	0	0	0	0	0	0	0	0	-1	0	0	0	0	0	0	0	0
OG0010693	0	1	0	0	0	0	0	0	0	0	0	0	0	0	0	0	0
OG0010694	0	0	0	1	0	0	0	0	0	0	0	0	0	0	0	0	0
OG0010695	0	0	0	0	0	0	0	0	0	0	0	0	0	0	0	0	0
OG0010696	0	1	0	-1	0	0	0	0	0	0	0	0	0	0	0	0	0
OG0010697	0	0	0	0	0	0	0	0	0	0	0	0	0	0	0	0	0
OG0010698	1	0	0	0	0	0	0	0	0	0	0	0	0	0	0	0	0
OG0010699	0	0	0	0	0	0	0	0	0	0	0	0	0	0	0	0	0
OG0010700	0	0	0	0	0	0	0	0	0	0	0	0	0	0	0	0	0
OG0010701	0	1	0	0	0	0	-1	0	0	0	0	0	0	0	0	0	0
OG0010702	0	0	0	0	0	0	0	0	0	0	0	0	0	0	0	0	0
OG0010703	1	0	0	0	0	0	0	0	0	0	0	0	0	0	0	0	0
OG0010704	0	1	0	0	0	0	0	0	-1	0	0	0	0	0	0	0	0
OG0010705	0	0	0	0	0	0	0	0	0	0	0	0	0	0	0	0	0
OG0010706	0	1	0	0	0	0	0	0	0	0	0	0	0	0	0	0	0
OG0010707	0	0	0	0	0	0	0	0	0	0	0	0	0	0	0	0	0
OG0010708	0	2	0	-1	0	0	0	0	0	0	0	0	0	0	0	0	0
OG0010709	0	0	0	0	0	0	0	0	0	0	0	0	0	0	0	0	0
OG0010710	0	1	0	0	0	0	0	0	0	0	0	0	0	0	0	0	0
OG0010711	0	0	0	0	0	0	0	0	0	0	0	0	0	0	0	0	0
OG0010712	0	0	0	0	0	0	0	0	0	0	0	0	0	0	0	0	0
OG0010713	0	1	0	0	0	0	0	0	-1	0	0	0	0	0	0	0	0
OG0010714	1	0	0	0	1	0	-1	0	0	0	0	0	0	0	0	0	0
OG0010715	0	0	0	0	0	0	0	0	0	0	0	0	0	0	0	0	0
OG0010716	0	1	0	0	0	0	0	0	0	0	0	0	0	0	0	0	0
OG0010717	0	0	0	0	0	0	0	0	0	0	0	0	0	0	0	0	0
OG0010718	0	0	0	0	0	0	0	0	0	0	0	0	0	0	0	0	0
OG0010719	0	0	0	0	0	0	0	0	0	0	0	0	0	0	0	0	0
OG0010720	0	0	0	0	0	0	0	0	0	0	0	0	0	0	0	0	0
OG0010721	0	0	0	0	0	0	0	0	0	0	0	0	0	0	0	0	0
OG0010722	0	0	0	0	1	0	0	0	0	0	0	0	0	0	0	0	0
OG0010723	0	0	0	0	0	0	0	0	0	0	0	0	0	0	0	0	0
OG0010724	0	1	0	0	0	0	0	0	0	0	0	0	0	0	0	0	0
OG0010725	0	2	0	1	0	0	0	-1	0	0	0	0	0	0	0	0	0
OG0010726	0	0	0	0	0	-1	0	-1	0	0	0	0	0	0	0	1	0
OG0010727	0	-1	0	0	0	0	0	0	-1	0	1	0	0	0	-1	0	0
OG0010728	0	0	0	0	0	0	0	0	0	0	0	0	0	0	0	0	0
OG0010729	0	0	0	0	0	0	0	0	0	0	0	0	0	0	0	0	0
OG0010730	1	0	0	0	0	0	0	0	0	0	0	0	0	0	0	0	0
OG0010731	0	0	0	0	0	0	0	0	0	0	0	0	0	0	0	0	0
OG0010732	0	0	0	0	0	0	0	0	0	0	0	0	0	0	0	0	0
OG0010733	0	0	0	0	0	0	0	0	0	0	0	0	0	0	0	0	0
OG0010734	0	0	0	0	0	0	0	0	0	0	0	0	0	0	0	0	0
OG0010735	0	0	0	1	0	0	0	0	-1	0	0	0	0	0	0	0	0
OG0010736	0	0	0	0	0	0	0	0	0	0	0	0	0	0	0	0	0
OG0010737	0	0	0	0	0	0	0	0	0	0	0	0	0	0	0	0	0
OG0010738	0	0	0	0	0	0	0	0	0	0	0	0	0	0	0	0	0
OG0010739	0	0	0	0	0	0	0	0	0	0	0	0	0	0	0	0	0
OG0010740	0	0	0	0	0	0	0	0	0	0	0	0	0	0	0	0	0
OG0010741	0	0	0	0	0	0	0	0	0	0	0	0	0	0	0	0	0
OG0010742	0	0	0	0	0	0	0	0	0	0	0	0	0	0	0	0	0
OG0010743	0	0	0	0	0	0	0	0	0	0	0	0	0	0	0	0	0
OG0010744	0	0	0	0	0	0	0	0	0	0	0	0	0	0	0	0	0
OG0010745	0	0	0	0	0	0	0	0	0	0	0	0	0	0	0	0	0
OG0010746	1	0	0	0	0	0	0	0	-1	0	0	0	0	0	0	0	0
OG0010747	0	0	0	0	0	0	0	0	0	0	0	0	0	0	0	0	0
OG0010748	0	0	0	0	0	0	0	0	0	0	0	0	0	0	0	0	0
OG0010749	0	1	0	0	0	0	0	0	0	0	0	0	0	0	0	0	0
OG0010750	0	0	0	0	0	0	0	0	0	0	0	0	0	0	0	0	0
OG0010751	0	1	0	0	0	0	0	0	0	0	0	0	0	0	0	0	0
OG0010752	0	0	0	0	0	0	0	0	0	0	0	0	0	0	0	0	0
OG0010753	1	1	0	0	0	0	0	0	-1	0	0	0	0	0	0	0	0
OG0010754	0	0	0	1	0	0	0	0	0	0	0	0	0	0	0	0	0
OG0010755	0	0	0	0	0	0	0	0	0	0	0	0	0	0	0	0	0
OG0010756	0	0	0	0	0	0	0	0	0	0	0	0	0	0	0	0	0
OG0010757	0	1	0	-1	0	0	0	0	0	0	0	0	0	0	0	0	0
OG0010758	0	0	0	0	0	0	0	0	0	0	0	0	0	0	0	0	0
OG0010759	0	0	0	0	0	0	0	0	0	0	0	0	0	0	0	0	0
OG0010760	0	0	0	0	0	0	0	0	0	0	0	0	0	0	0	0	0
OG0010761	0	0	0	0	0	0	0	0	0	0	0	0	0	0	0	0	0
OG0010762	0	0	0	0	0	0	0	0	0	0	0	0	0	0	0	0	0
OG0010763	0	-1	0	0	0	1	0	0	0	0	0	0	0	0	0	0	0
OG0010764	0	0	0	0	0	0	0	0	0	0	0	0	0	0	0	0	0
OG0010765	0	0	0	0	0	0	0	0	0	0	0	0	0	0	0	0	0
OG0010766	0	0	0	0	0	0	0	0	0	0	0	0	0	0	0	0	0
OG0010767	0	0	0	0	0	0	0	0	0	0	0	0	0	0	0	0	0
OG0010768	0	0	0	0	0	0	0	0	0	0	0	0	0	0	0	0	0
OG0010769	0	0	0	0	0	0	0	0	0	0	0	0	0	0	0	0	0
OG0010770	0	0	0	0	0	0	0	0	0	0	0	0	0	0	0	0	0
OG0010771	0	0	0	0	0	0	0	0	0	0	0	0	0	0	0	0	0
OG0010772	0	0	0	0	0	0	0	0	0	0	0	0	0	0	0	0	0
OG0010773	0	0	0	0	0	0	0	0	0	0	0	0	0	0	0	0	0
OG0010774	0	0	0	0	0	0	0	0	0	0	0	0	0	0	0	0	0
OG0010775	0	1	0	-1	0	0	0	0	0	0	0	0	0	0	0	0	0
OG0010776	0	0	0	0	0	0	0	0	0	0	0	0	0	0	0	0	0
OG0010777	0	0	0	0	0	0	0	0	0	0	0	0	0	0	0	0	0
OG0010778	0	0	0	0	0	0	0	0	0	0	0	0	0	0	0	0	0
OG0010779	1	0	0	-1	0	0	0	0	0	0	0	0	0	0	0	0	0
OG0010780	0	-1	0	-1	-1	-1	0	0	0	0	0	0	0	0	0	0	1
OG0010781	0	1	0	0	0	0	0	0	0	0	0	0	0	0	0	0	0
OG0010782	0	0	0	0	0	0	0	0	0	0	0	0	0	0	0	0	0
OG0010783	0	1	0	-1	0	0	0	0	0	0	0	0	0	0	0	0	0
OG0010784	0	0	0	0	0	0	0	0	0	0	0	0	0	0	0	0	0
OG0010785	1	2	0	0	0	-1	0	0	0	0	0	0	0	0	0	0	0
OG0010786	0	0	0	0	0	0	0	0	0	0	0	0	0	0	0	0	0
OG0010787	0	1	0	1	0	0	0	0	-1	0	0	0	0	0	0	0	0
OG0010788	1	0	1	0	0	0	0	0	-1	0	0	0	0	0	0	0	0
OG0010789	0	-1	0	1	0	0	0	0	0	0	0	0	0	0	0	0	0
OG0010790	0	2	0	1	0	0	0	-1	0	0	0	0	0	0	0	0	0
OG0010791	0	0	0	0	0	0	0	0	0	0	0	0	0	0	0	0	0
OG0010792	0	1	0	-1	0	0	0	0	0	0	0	0	0	0	0	0	0
OG0010793	0	0	0	0	0	0	0	0	0	0	0	0	0	0	0	0	0
OG0010794	0	0	0	0	0	0	0	0	0	0	0	0	0	0	0	0	0
OG0010795	0	0	0	0	0	0	0	0	0	0	0	0	0	0	0	0	0
OG0010796	1	1	0	0	0	0	0	0	-1	0	0	0	0	0	0	0	0
OG0010797	0	0	0	-1	0	0	1	0	0	0	0	0	0	0	0	0	0
OG0010798	0	0	0	0	0	0	0	0	0	0	0	0	0	0	0	0	0
OG0010799	0	1	0	0	0	0	0	0	0	0	0	0	0	0	0	0	0
OG0010800	0	0	-1	0	0	1	0	0	-1	0	0	0	0	0	0	0	0
OG0010801	0	0	1	0	0	0	0	0	0	0	0	0	0	0	0	0	0
OG0010802	0	0	0	0	0	0	0	0	0	0	0	0	0	0	0	0	0
OG0010803	2	1	0	0	0	-1	0	0	0	0	0	0	0	0	0	0	0
OG0010804	0	1	0	0	0	0	0	0	0	0	0	0	0	0	0	0	0
OG0010805	0	0	0	0	0	0	0	0	0	0	0	0	0	0	0	0	0
OG0010806	2	1	0	0	0	-1	0	0	0	0	0	0	0	0	0	0	0
OG0010807	0	0	0	0	0	0	0	0	0	0	0	0	0	0	0	0	0
OG0010808	0	0	0	0	0	0	0	0	0	0	0	0	0	0	0	0	0
OG0010809	0	1	0	0	0	0	0	0	0	0	0	0	0	0	0	0	0
OG0010810	0	0	0	0	0	0	0	0	0	0	0	0	0	0	0	0	0
OG0010811	0	0	1	0	0	0	0	0	0	0	0	0	0	0	0	0	0
OG0010812	0	0	0	0	0	0	0	0	0	0	0	0	0	0	0	0	0
OG0010813	0	0	0	0	0	0	0	0	0	0	0	0	0	0	0	0	0
OG0010814	0	0	0	0	0	0	0	0	0	0	0	0	0	0	0	0	0
OG0010815	1	0	0	-1	0	0	0	0	0	0	0	0	0	0	0	0	0
OG0010816	0	0	1	0	0	0	0	0	0	0	0	0	0	0	0	0	0
OG0010817	1	0	0	0	0	0	0	0	0	0	0	0	0	0	0	0	0
OG0010818	0	0	0	0	0	0	0	0	0	0	0	0	0	0	0	0	0
OG0010819	0	0	0	0	0	0	0	0	0	0	0	0	0	0	0	0	0
OG0010820	0	0	0	0	0	0	0	0	1	0	0	0	0	0	0	0	0
OG0010821	1	-1	0	0	0	0	0	0	0	0	0	0	0	0	0	0	0
OG0010822	0	0	0	0	0	0	0	0	0	0	0	0	0	0	0	0	0
OG0010823	0	0	0	0	0	0	0	0	0	0	0	0	0	0	0	0	0
OG0010824	0	0	0	0	0	0	0	0	0	0	0	0	0	0	0	0	0
OG0010825	1	1	0	-1	0	0	0	0	0	0	0	0	0	0	0	0	0
OG0010826	0	0	0	0	0	0	0	0	0	0	0	0	0	0	0	0	0
OG0010827	0	0	0	0	0	0	0	0	0	0	0	0	0	0	0	0	0
OG0010828	0	0	0	0	0	0	0	0	0	0	0	0	0	0	0	0	0
OG0010829	0	0	0	0	0	0	0	0	0	0	0	0	0	0	0	0	0
OG0010830	0	1	0	0	0	0	0	0	-1	0	0	0	0	0	0	0	0
OG0010831	0	0	0	0	0	0	0	0	0	0	0	0	0	0	0	0	0
OG0010832	0	0	0	0	0	0	0	0	0	0	0	0	0	0	0	0	0
OG0010833	0	0	0	0	0	0	0	0	0	0	0	0	0	0	0	0	0
OG0010834	0	0	0	0	0	0	0	0	0	0	0	0	0	0	0	0	0
OG0010835	0	0	0	0	0	0	0	0	0	0	0	0	0	0	0	0	0
OG0010836	0	1	0	0	0	0	0	0	0	0	0	0	0	0	0	0	0
OG0010837	0	0	0	0	0	0	0	0	0	0	0	0	0	0	0	0	0
OG0010838	0	0	0	0	0	0	0	0	0	0	0	0	0	0	0	0	0
OG0010839	0	0	-1	0	0	0	-1	0	-1	0	0	0	0	-1	0	0	0
OG0010840	0	0	0	0	0	0	0	0	0	0	0	0	0	0	0	0	0
OG0010841	1	0	0	-1	0	0	0	0	0	0	0	0	0	0	0	0	0
OG0010842	2	-1	0	0	0	0	0	0	-1	0	0	0	0	0	0	0	0
OG0010843	0	0	0	0	0	0	0	0	0	0	0	0	0	0	0	0	0
OG0010844	0	0	0	0	0	0	0	0	0	0	0	0	0	0	0	0	0
OG0010845	0	0	0	0	0	0	-1	0	1	0	0	0	0	0	0	0	0
OG0010846	0	0	0	0	0	0	0	0	0	0	0	0	0	0	0	0	0
OG0010847	1	1	0	-1	0	0	0	0	0	0	0	0	0	0	0	0	0
OG0010848	0	1	0	0	0	0	0	0	-1	0	0	0	0	0	0	0	0
OG0010849	0	1	0	0	0	0	0	0	0	0	0	0	0	0	0	0	0
OG0010850	0	1	0	0	0	0	0	0	0	0	0	0	0	0	0	0	0
OG0010851	0	1	0	0	0	0	0	0	0	0	0	0	0	0	0	0	0
OG0010852	0	0	0	-1	0	0	1	0	0	0	0	0	0	0	0	0	0
OG0010853	1	0	0	-1	0	0	0	0	0	0	0	0	0	0	0	0	0
OG0010854	0	0	0	0	0	0	0	0	0	0	0	0	0	0	0	0	0
OG0010855	1	0	0	0	0	0	0	0	0	0	0	0	0	0	0	0	0
OG0010856	0	0	0	0	0	0	0	0	0	0	0	0	0	0	0	0	0
OG0010857	0	0	0	0	0	0	0	0	0	0	0	0	0	0	0	0	0
OG0010858	1	1	0	0	1	0	0	-1	0	0	0	0	0	0	0	0	0
OG0010859	0	1	0	-1	0	0	0	0	0	0	0	0	0	0	0	0	0
OG0010860	0	0	0	0	0	0	0	0	0	0	0	0	0	0	0	0	0
OG0010861	0	0	0	0	0	0	0	0	0	0	0	0	0	0	0	0	0
OG0010862	0	0	0	0	0	0	0	0	0	0	0	0	0	0	0	0	0
OG0010863	1	0	0	0	0	0	0	0	-1	0	0	0	0	0	0	0	0
OG0010864	0	0	0	0	0	0	0	0	0	0	0	0	0	0	0	0	0
OG0010865	0	0	0	0	0	0	0	0	0	0	0	0	0	0	0	0	0
OG0010866	0	0	1	0	0	0	0	0	0	0	0	0	0	0	0	0	0
OG0010867	0	0	0	0	0	0	0	0	0	0	0	0	0	0	0	0	0
OG0010868	0	0	0	0	0	0	0	0	0	0	0	0	0	0	0	0	0
OG0010869	0	0	0	0	0	0	0	0	0	0	0	0	0	0	0	0	0
OG0010870	0	0	0	0	0	0	0	0	0	0	0	0	0	0	0	0	0
OG0010871	0	0	0	0	0	0	0	0	0	0	0	0	0	0	0	0	0
OG0010872	0	0	0	0	0	0	0	0	0	0	0	0	0	0	0	0	0
OG0010873	0	0	0	0	0	0	0	0	0	0	0	0	0	0	0	0	0
OG0010874	0	0	0	0	0	0	0	0	0	0	0	0	0	0	0	0	0
OG0010875	0	1	0	0	0	0	-1	0	0	0	0	0	0	0	0	0	0
OG0010876	0	0	0	0	0	0	0	0	0	0	0	0	0	0	0	0	0
OG0010877	1	0	0	0	0	0	0	0	0	0	0	0	0	0	0	0	0
OG0010878	0	0	0	0	0	0	0	0	0	0	0	0	0	0	0	0	0
OG0010879	0	0	0	0	0	0	0	0	0	0	0	0	0	0	0	0	0
OG0010880	0	0	0	0	1	0	0	0	0	0	0	0	0	0	0	0	0
OG0010881	0	0	0	0	0	0	0	0	0	0	0	0	0	0	0	0	0
OG0010882	0	-1	0	0	2	0	0	0	-1	0	0	0	0	0	0	0	0
OG0010883	0	1	0	0	0	0	0	0	0	0	0	0	0	0	0	0	0
OG0010884	1	0	0	0	0	0	0	0	0	0	0	0	0	0	0	0	0
OG0010885	1	0	0	0	-1	0	0	0	0	0	0	0	0	0	0	0	0
OG0010886	0	0	0	0	1	0	0	0	-1	0	0	0	0	0	0	0	0
OG0010887	0	0	0	0	0	0	0	0	0	0	0	0	0	0	0	0	0
OG0010888	1	0	0	0	0	0	0	0	0	0	0	0	0	0	0	0	0
OG0010889	0	0	0	0	0	0	0	0	0	0	0	0	0	0	0	0	0
OG0010890	1	0	0	0	0	0	0	0	-1	0	0	0	0	0	0	0	0
OG0010891	0	0	0	0	0	0	0	0	0	0	0	0	0	0	0	0	0
OG0010892	1	0	0	0	0	0	0	0	0	0	0	0	0	0	0	0	0
OG0010893	0	0	0	-1	0	0	0	0	0	0	0	0	0	0	0	0	0
OG0010894	1	1	0	0	0	0	0	0	-1	0	0	0	0	0	0	0	0
OG0010895	0	0	0	0	0	0	0	0	0	0	0	0	0	0	0	0	0
OG0010896	0	0	0	0	0	0	0	0	0	0	0	0	0	0	0	0	0
OG0010897	2	0	0	0	0	0	0	0	0	0	0	0	0	0	0	0	0
OG0010898	0	0	0	0	0	0	0	0	0	0	0	0	0	0	0	0	0
OG0010899	0	0	0	0	0	0	0	0	0	0	0	0	0	0	0	0	0
OG0010900	0	1	0	0	0	0	0	0	-1	0	0	0	0	0	0	0	0
OG0010901	0	0	0	0	0	0	0	0	0	0	0	0	0	0	0	0	0
OG0010902	0	0	0	0	0	0	0	0	0	0	0	0	0	0	0	0	0
OG0010903	0	0	0	0	0	0	0	0	0	0	0	0	0	0	0	0	0
OG0010904	0	0	0	0	0	0	0	0	0	0	0	0	0	0	0	0	0
OG0010905	0	0	0	0	0	0	0	0	0	0	0	0	0	0	0	0	0
OG0010906	0	0	0	0	0	0	0	0	0	0	0	0	0	0	0	0	0
OG0010907	0	0	0	0	0	0	0	0	0	0	0	0	0	0	0	0	0
OG0010908	0	0	0	0	0	0	0	0	0	0	0	0	0	0	0	0	0
OG0010909	0	1	0	-1	0	0	0	0	0	0	0	0	0	0	0	0	0
OG0010910	0	0	0	0	0	0	0	0	1	0	0	0	0	0	0	0	0
OG0010911	0	1	0	0	0	0	0	0	0	0	0	0	0	0	0	0	0
OG0010912	1	0	-1	0	0	0	0	0	0	0	0	0	0	0	0	0	0
OG0010913	1	1	0	0	0	0	0	0	-1	0	0	0	0	0	0	0	0
OG0010914	1	-1	0	1	1	-1	-1	1	-1	0	0	0	0	0	0	0	0
OG0010915	0	0	0	0	0	0	0	0	0	0	0	0	0	0	0	0	0
OG0010916	0	0	0	0	0	0	0	0	0	0	0	0	0	0	0	0	0
OG0010917	0	0	0	0	0	0	0	0	0	0	0	0	0	0	0	0	0
OG0010918	0	0	0	0	0	0	0	0	0	0	0	0	0	0	0	0	0
OG0010919	0	0	0	0	0	0	0	0	0	0	0	0	0	0	0	0	0
OG0010920	0	0	0	0	0	0	0	0	0	0	0	0	0	0	0	0	0
OG0010921	0	1	0	-1	0	0	0	0	0	0	0	0	0	0	0	0	0
OG0010922	0	1	0	0	0	0	0	0	0	0	0	0	0	0	0	0	0
OG0010923	0	0	0	0	0	0	0	0	0	0	0	0	0	0	0	0	0
OG0010924	0	0	0	0	0	0	0	0	0	0	0	0	0	0	0	0	0
OG0010925	0	0	0	0	0	0	0	0	0	0	0	0	0	0	0	0	0
OG0010926	0	0	0	0	0	0	0	0	0	0	0	0	0	0	0	0	0
OG0010927	0	0	0	0	0	0	0	0	0	0	0	0	0	0	0	0	0
OG0010928	0	0	0	0	0	0	0	0	0	0	0	0	0	0	0	0	0
OG0010929	0	0	1	0	1	0	0	0	-1	0	0	0	0	0	0	0	0
OG0010930	1	1	0	0	0	0	0	-1	0	0	0	0	0	0	0	0	0
OG0010931	1	1	0	0	0	-1	0	0	0	0	0	0	0	0	0	0	0
OG0010932	1	0	0	-1	0	0	0	0	0	0	0	0	0	0	0	0	0
OG0010933	0	0	0	-1	1	0	0	0	0	0	0	0	0	0	0	0	0
OG0010934	0	0	0	0	0	0	0	0	0	0	0	0	0	0	0	0	0
OG0010935	0	2	0	-1	0	0	0	0	0	0	0	0	0	0	0	0	0
OG0010936	0	0	0	0	0	0	0	0	0	0	0	0	0	0	0	0	0
OG0010937	0	0	0	0	0	0	0	0	0	0	0	0	0	0	0	0	0
OG0010938	0	0	0	0	0	0	0	0	0	0	0	0	0	0	0	0	0
OG0010939	0	0	0	0	0	0	0	0	0	0	0	0	0	0	0	0	0
OG0010940	0	0	0	0	0	0	0	0	0	0	0	0	0	0	0	0	0
OG0010941	0	1	0	0	0	0	-1	0	0	0	0	0	0	0	0	0	0
OG0010942	0	0	0	0	0	0	0	0	0	0	0	0	0	0	0	0	0
OG0010943	0	0	0	0	0	0	0	0	0	0	0	0	0	0	0	0	0
OG0010944	0	0	0	1	0	0	0	0	0	0	0	0	0	0	0	0	0
OG0010945	2	0	0	1	0	-1	0	0	0	0	0	0	0	0	0	0	0
OG0010946	0	0	0	0	1	0	0	0	0	0	0	0	0	0	0	0	0
OG0010947	1	0	0	0	0	0	0	0	-1	0	0	0	0	0	0	0	0
OG0010948	0	1	0	0	0	0	0	0	0	0	0	0	0	0	0	0	0
OG0010949	0	0	0	-1	0	0	0	0	0	0	0	0	0	0	0	0	0
OG0010950	0	0	0	0	0	0	0	0	0	0	0	0	0	0	0	0	0
OG0010951	0	0	0	0	0	0	0	0	0	0	0	0	0	0	0	0	0
OG0010952	0	0	0	0	0	0	0	0	0	0	0	0	0	0	0	0	0
OG0010953	0	0	0	0	0	0	0	0	0	0	0	0	0	0	0	0	0
OG0010954	0	0	0	1	0	0	0	0	-1	0	0	0	0	0	0	0	0
OG0010955	0	0	0	0	0	0	0	0	0	0	0	0	0	0	0	0	0
OG0010956	0	0	0	0	0	0	0	0	0	0	0	0	0	0	0	0	0
OG0010957	1	0	0	-1	0	0	0	0	0	0	0	0	0	0	0	0	0
OG0010958	0	0	0	0	2	-1	0	0	0	0	0	0	0	0	0	0	0
OG0010959	0	0	0	0	0	0	0	0	0	0	0	0	0	0	0	0	0
OG0010960	0	0	0	0	0	0	0	0	0	0	0	0	0	0	0	0	0
OG0010961	0	0	0	0	0	0	0	0	0	0	0	0	0	0	0	0	0
OG0010962	0	0	0	0	0	0	0	0	0	0	0	0	0	0	0	0	0
OG0010963	0	0	0	0	0	0	0	0	0	0	0	0	0	0	0	0	0
OG0010964	0	0	0	0	0	0	0	0	0	0	0	0	0	0	0	0	0
OG0010965	1	0	0	0	0	0	0	0	0	0	0	0	0	0	0	0	0
OG0010966	0	0	1	-1	0	0	0	0	0	0	0	0	0	0	0	0	0
OG0010967	0	0	0	0	0	0	0	0	0	0	0	0	0	0	0	0	0
OG0010968	0	0	0	0	0	0	0	0	0	0	0	0	0	0	0	0	0
OG0010969	0	0	0	0	0	0	0	0	0	0	0	0	0	0	0	0	0
OG0010970	0	0	0	0	0	0	0	0	0	0	0	0	0	0	0	0	0
OG0010971	0	0	0	0	0	0	0	0	0	0	0	0	0	0	0	0	0
OG0010972	0	0	0	0	0	0	0	0	0	0	0	0	0	0	0	0	0
OG0010973	0	1	0	0	0	0	-1	0	0	0	0	0	0	0	0	0	0
OG0010974	0	0	0	0	0	0	0	0	0	0	0	0	0	0	0	0	0
OG0010975	1	1	0	0	0	0	0	-1	0	0	0	0	0	0	0	0	0
OG0010976	0	0	0	0	0	0	0	0	0	0	0	0	0	0	0	0	0
OG0010977	0	0	0	0	0	0	0	0	0	0	0	0	0	0	0	0	0
OG0010978	0	0	0	0	0	0	0	0	0	0	0	0	0	0	0	0	0
OG0010979	0	0	0	1	0	0	0	0	0	0	0	0	0	0	0	0	0
OG0010980	0	0	0	0	1	0	0	0	-1	0	0	0	0	0	0	0	0
OG0010981	0	0	0	0	0	0	0	0	0	0	0	0	0	0	0	0	0
OG0010982	1	0	0	0	0	0	0	0	0	0	0	0	0	0	0	0	0
OG0010983	0	0	0	0	0	0	0	0	0	0	0	0	0	0	0	0	0
OG0010984	1	0	0	0	0	0	0	0	-1	0	0	0	0	0	0	0	0
OG0010985	0	0	0	0	0	0	0	0	0	0	0	0	0	0	0	0	0
OG0010986	0	0	0	0	0	0	0	0	0	0	0	0	0	0	0	0	0
OG0010987	0	0	0	0	0	0	0	0	0	0	0	0	0	0	0	0	0
OG0010988	0	0	0	0	0	0	0	0	0	0	0	0	0	0	0	0	0
OG0010989	0	0	0	0	0	0	0	0	0	0	0	0	0	0	0	0	0
OG0010990	0	0	0	0	0	0	0	0	0	0	0	0	0	0	0	0	0
OG0010991	0	0	0	0	0	0	0	0	0	0	0	0	0	0	0	0	0
OG0010992	0	0	1	0	0	0	-1	0	0	0	0	0	0	0	0	0	0
OG0010993	0	0	0	0	0	0	0	0	0	0	0	0	0	0	0	0	0
OG0010994	0	0	0	0	0	0	0	0	0	0	0	0	0	0	0	0	0
OG0010995	0	0	0	0	0	0	0	0	0	0	0	0	0	0	0	0	0
OG0010996	0	0	0	0	0	0	0	0	0	0	0	0	0	0	0	0	0
OG0010997	0	0	0	1	0	0	0	0	-1	0	0	0	0	0	0	0	0
OG0010998	0	0	0	0	0	0	0	0	0	0	0	0	0	0	0	0	0
OG0010999	0	0	0	0	0	0	0	0	0	0	0	0	0	0	0	0	0
OG0011000	0	1	0	0	0	0	0	0	0	0	0	0	0	0	0	0	0
OG0011001	0	0	0	0	0	0	0	0	0	0	0	0	0	0	0	0	0
OG0011002	0	1	0	-1	0	0	0	0	0	0	0	0	0	0	0	0	0
OG0011003	0	0	0	0	0	0	0	0	0	0	0	0	0	0	0	0	0
OG0011004	0	0	0	0	1	0	0	0	0	0	0	0	0	0	0	0	0
OG0011005	1	0	0	0	0	0	0	0	-1	0	0	0	0	0	0	0	0
OG0011006	0	0	0	0	0	0	0	0	0	0	0	0	0	0	0	0	0
OG0011007	0	0	0	0	0	0	0	0	0	0	0	0	0	0	0	0	0
OG0011008	1	-1	0	0	1	0	0	0	0	0	0	0	0	0	0	0	0
OG0011009	0	0	0	0	0	0	0	0	0	0	0	0	0	0	0	0	0
OG0011010	0	2	0	0	0	0	0	0	0	0	0	0	0	0	0	0	-1
OG0011011	0	0	0	0	0	0	0	0	0	0	0	0	0	0	0	0	0
OG0011012	0	1	0	-1	0	0	0	0	0	0	0	0	0	0	0	0	0
OG0011013	0	0	0	0	0	0	0	0	-1	0	0	0	0	0	0	0	0
OG0011014	0	0	0	0	0	0	0	0	0	0	0	0	0	0	0	0	0
OG0011015	0	1	0	0	0	0	0	0	0	0	0	0	0	0	0	0	0
OG0011016	0	0	0	0	0	0	0	0	0	0	0	0	0	0	0	0	0
OG0011017	0	0	0	0	1	0	0	0	-1	0	0	0	0	0	0	0	0
OG0011018	1	1	0	0	0	0	0	-1	0	0	0	0	0	0	0	0	0
OG0011019	0	0	0	0	0	0	0	0	0	0	0	0	0	0	0	0	0
OG0011020	0	1	0	-1	0	0	0	0	0	0	0	0	0	0	0	0	0
OG0011021	0	0	0	0	0	0	0	0	0	0	0	0	0	0	0	0	0
OG0011022	0	0	0	0	0	0	0	0	0	0	0	0	0	0	0	0	0
OG0011023	0	0	0	0	0	0	0	0	0	0	0	0	0	0	0	0	0
OG0011024	0	1	0	0	0	0	0	0	0	0	0	1	0	0	0	0	-1
OG0011025	0	1	0	0	0	0	-1	0	0	0	0	0	0	0	0	0	0
OG0011026	0	0	0	0	0	0	0	0	0	0	0	0	0	0	0	0	0
OG0011027	0	1	0	-1	0	0	0	0	0	0	0	0	0	0	0	0	0
OG0011028	0	0	0	0	0	0	0	0	0	0	0	0	0	0	0	0	0
OG0011029	1	0	0	-1	0	0	0	0	0	0	0	0	0	0	0	0	0
OG0011030	0	1	0	0	0	0	0	0	0	0	0	0	0	0	0	0	0
OG0011031	0	0	0	0	0	0	0	0	0	0	0	0	0	0	0	0	0
OG0011032	0	0	0	0	0	0	0	0	0	0	0	0	0	0	0	0	0
OG0011033	0	0	0	0	0	0	0	0	0	0	0	0	0	0	0	0	0
OG0011034	1	0	0	0	0	0	0	0	0	0	0	0	0	0	0	0	0
OG0011035	0	0	0	0	0	0	0	0	0	0	0	0	0	0	0	0	0
OG0011036	0	0	1	0	0	0	0	0	0	0	0	0	0	0	0	0	0
OG0011037	0	0	0	0	0	0	0	0	0	0	0	0	0	0	0	0	0
OG0011038	0	0	0	0	0	0	0	0	0	0	0	0	0	0	0	0	0
OG0011039	0	0	1	0	0	0	0	0	0	0	0	0	0	0	0	0	0
OG0011040	0	1	0	0	0	0	-1	0	0	0	0	0	0	0	0	0	0
OG0011041	0	0	0	1	-1	0	0	0	0	0	0	0	0	0	0	0	0
OG0011042	0	0	0	0	0	0	0	0	0	0	0	0	0	0	0	0	0
OG0011043	0	0	0	0	0	0	0	0	0	0	0	0	0	0	0	0	0
OG0011044	0	0	0	0	0	0	0	0	0	0	0	0	0	0	0	0	0
OG0011045	1	0	0	-1	0	0	0	0	0	0	0	0	0	0	0	0	0
OG0011046	0	0	0	0	0	0	0	0	0	0	0	0	0	0	0	0	0
OG0011047	0	0	0	0	0	0	0	0	0	0	0	0	0	0	0	0	0
OG0011048	0	0	0	0	0	0	0	0	0	0	0	0	0	0	0	0	0
OG0011049	0	0	0	-1	0	0	0	0	0	0	0	0	0	0	0	0	0
OG0011050	0	0	0	0	0	0	0	0	0	0	0	0	0	0	0	0	0
OG0011051	0	0	0	0	0	0	0	0	0	0	0	0	0	0	0	0	0
OG0011052	0	0	0	0	0	0	0	0	0	0	0	0	0	0	0	0	0
OG0011053	0	0	0	0	0	0	0	0	0	0	0	0	0	0	0	0	0
OG0011054	0	0	0	0	0	0	0	0	0	0	0	0	0	0	0	0	0
OG0011055	0	0	0	0	0	0	0	0	0	0	0	0	0	0	0	0	0
OG0011056	0	1	0	0	0	0	0	0	0	0	0	0	0	0	0	0	0
OG0011057	0	0	0	0	0	0	0	0	0	0	0	0	0	0	0	0	0
OG0011058	1	0	0	0	0	0	0	0	0	0	0	0	0	0	0	0	0
OG0011059	0	2	0	-1	0	0	0	0	0	0	0	0	0	0	0	0	0
OG0011060	0	0	0	0	0	0	0	0	0	0	0	0	0	0	0	0	0
OG0011061	0	0	0	0	0	0	0	0	0	0	0	0	0	0	0	0	0
OG0011062	0	0	0	-1	0	0	0	0	0	0	0	1	0	0	0	0	0
OG0011063	0	0	1	0	0	0	0	0	0	0	0	0	0	0	0	0	0
OG0011064	0	0	0	0	0	0	0	0	0	0	0	0	0	0	0	0	0
OG0011065	0	0	0	0	0	0	0	0	0	0	0	0	0	0	0	0	0
OG0011066	0	0	0	0	0	0	0	0	0	0	0	0	0	0	0	0	0
OG0011067	0	0	0	0	0	0	0	0	0	0	0	0	0	0	0	0	0
OG0011068	0	0	0	0	0	0	0	0	0	0	0	0	0	0	0	0	0
OG0011069	0	0	0	0	0	0	0	0	0	0	0	0	0	0	0	0	0
OG0011070	0	-1	0	1	0	0	0	0	0	0	0	0	0	0	0	0	0
OG0011071	1	0	0	0	0	-1	0	0	0	0	0	1	0	0	0	0	0
OG0011072	0	0	0	0	0	0	0	0	0	0	0	0	0	0	0	0	0
OG0011073	1	0	0	-1	0	0	0	0	0	0	0	0	0	0	0	0	0
OG0011074	0	1	0	0	0	0	0	0	0	0	0	0	0	0	0	0	0
OG0011075	1	0	0	0	0	0	-1	0	0	0	0	0	0	0	0	0	0
OG0011076	0	1	0	0	0	0	0	0	-1	0	0	0	0	0	0	0	0
OG0011077	0	0	0	0	0	0	0	0	0	0	0	0	0	0	0	0	0
OG0011078	0	0	0	0	0	0	0	0	0	0	0	0	0	0	0	0	0
OG0011079	0	1	0	0	0	0	0	0	0	0	0	0	0	0	0	0	0
OG0011080	0	1	0	0	0	0	0	0	0	0	0	0	0	0	0	0	0
OG0011081	1	0	0	0	0	0	0	0	0	0	0	0	0	0	0	0	0
OG0011082	0	0	0	0	0	0	0	0	0	0	0	0	0	0	0	0	0
OG0011083	0	0	0	0	0	0	0	0	0	0	0	0	0	0	0	0	0
OG0011084	1	1	0	0	1	0	-1	0	-1	0	0	0	0	0	0	0	0
OG0011085	0	0	0	0	0	0	0	0	0	0	0	0	0	0	0	0	0
OG0011086	0	0	1	1	0	0	0	0	-1	0	0	0	0	0	0	0	0
OG0011087	0	0	0	0	0	0	1	0	0	0	0	0	0	0	0	0	0
OG0011088	0	0	0	0	0	0	0	0	0	0	0	0	0	0	0	0	0
OG0011089	0	0	0	0	0	0	0	0	0	0	0	0	0	0	0	0	0
OG0011090	1	1	0	0	0	0	0	0	-1	0	0	0	0	0	0	0	0
OG0011091	2	0	0	0	0	0	0	-1	0	0	0	0	0	0	0	0	0
OG0011092	0	0	0	0	1	0	0	0	0	0	0	0	0	0	0	0	0
OG0011093	0	0	0	0	0	0	0	0	0	0	0	0	0	0	0	0	0
OG0011094	0	0	0	0	0	0	0	0	0	0	0	0	0	0	0	0	0
OG0011095	0	0	0	0	0	0	0	0	0	0	0	0	0	0	0	0	0
OG0011096	0	0	0	0	0	0	0	0	0	0	0	0	0	0	0	0	0
OG0011097	0	0	0	0	0	0	0	0	0	0	0	0	0	0	0	0	0
OG0011098	0	0	0	0	0	0	0	0	0	0	0	0	0	0	0	0	0
OG0011099	1	1	0	-1	0	0	0	0	0	0	0	0	0	0	0	0	0
OG0011100	0	0	0	0	0	0	0	0	0	0	0	0	0	0	0	0	0
OG0011101	1	0	0	0	0	0	0	0	-1	0	0	0	0	0	0	0	0
OG0011102	1	1	0	-1	0	0	0	0	-1	0	0	0	0	0	0	0	0
OG0011103	1	1	0	0	0	-1	0	0	0	0	0	0	0	0	0	0	0
OG0011104	0	0	0	0	0	0	0	0	0	0	0	0	0	0	0	0	0
OG0011105	0	0	0	0	0	0	0	0	0	0	0	0	0	0	0	0	0
OG0011106	0	0	0	0	0	0	0	0	0	0	0	0	0	0	0	0	0
OG0011107	0	0	0	0	0	0	0	0	0	0	0	0	0	0	0	0	0
OG0011108	0	0	1	1	0	-1	0	0	0	0	0	0	0	0	0	0	0
OG0011109	1	0	0	1	0	0	0	-1	0	0	0	0	0	0	0	0	0
OG0011110	0	0	0	0	0	0	0	0	0	0	0	0	0	0	0	0	0
OG0011111	0	0	0	0	0	0	0	0	0	0	0	0	0	0	0	0	0
OG0011112	0	0	1	-1	0	0	0	0	0	0	0	0	0	0	0	0	0
OG0011113	0	0	0	0	0	0	0	0	0	0	0	0	0	0	0	0	0
OG0011114	0	1	0	0	0	0	-1	0	0	0	0	0	0	0	0	0	0
OG0011115	0	0	0	0	0	0	0	0	0	0	0	0	0	0	0	0	0
OG0011116	0	0	0	0	0	0	0	0	0	0	0	0	0	0	0	0	0
OG0011117	0	0	0	0	0	0	0	0	0	0	0	0	0	0	0	0	0
OG0011118	0	0	0	0	0	0	0	0	0	0	0	0	0	0	0	0	0
OG0011119	0	0	0	0	0	0	0	0	0	0	0	0	0	0	0	0	0
OG0011120	0	0	0	0	0	0	0	0	0	0	0	0	0	0	0	0	0
OG0011121	0	0	0	0	0	0	0	0	0	0	0	0	0	0	0	0	0
OG0011122	0	0	0	0	0	0	0	0	0	0	0	0	0	0	0	0	0
OG0011123	0	1	0	0	0	0	0	0	0	0	0	0	0	0	0	0	0
OG0011124	0	0	0	0	0	0	0	0	0	0	0	0	0	0	0	0	0
OG0011125	0	0	0	0	0	-1	0	-1	0	0	0	0	0	0	0	1	0
OG0011126	0	0	0	0	0	0	0	0	0	0	0	0	0	0	0	0	0
OG0011127	0	0	0	0	0	0	0	0	0	0	0	0	0	0	0	0	0
OG0011128	0	0	0	-1	0	0	0	0	0	0	0	1	0	0	0	0	0
OG0011129	0	0	0	1	0	0	0	0	0	0	0	0	0	0	0	0	0
OG0011130	0	0	1	0	1	0	0	0	-1	0	0	0	0	0	0	0	0
OG0011131	0	0	0	-1	1	0	0	0	0	0	0	0	0	0	0	0	0
OG0011132	0	1	0	0	0	0	0	0	-1	0	0	0	0	0	0	0	0
OG0011133	0	0	0	0	0	0	0	0	0	0	0	0	0	0	0	0	0
OG0011134	0	0	1	-1	0	0	0	0	0	0	0	0	0	0	0	0	0
OG0011135	0	0	0	0	0	0	0	0	0	0	0	0	0	0	0	0	0
OG0011136	0	1	0	0	0	0	-1	0	1	0	0	0	0	0	0	0	0
OG0011137	0	1	0	0	0	0	0	0	0	0	0	0	0	0	0	0	0
OG0011138	0	1	0	0	0	0	0	0	-1	0	0	0	0	0	0	0	0
OG0011139	0	1	0	0	0	0	-1	0	0	0	0	0	0	0	0	0	0
OG0011140	0	0	0	0	0	0	0	0	0	0	0	0	0	0	0	0	0
OG0011141	2	0	0	0	0	0	0	0	-1	0	0	0	0	0	0	0	0
OG0011142	1	0	0	-1	0	0	0	0	0	0	0	0	0	0	0	0	0
OG0011143	0	0	0	0	0	0	0	0	0	0	0	0	0	0	0	0	0
OG0011144	0	0	0	0	0	0	0	0	0	0	0	0	0	0	0	0	0
OG0011145	0	0	0	-1	1	0	0	0	0	0	0	0	0	0	0	0	0
OG0011146	0	0	0	0	0	0	0	0	0	0	0	0	0	0	0	0	0
OG0011147	0	0	0	0	0	0	0	0	0	0	0	0	0	0	0	0	0
OG0011148	0	0	0	0	0	0	-1	0	-1	0	1	0	0	-1	0	0	0
OG0011149	1	1	0	-1	0	0	0	0	-1	0	0	0	0	0	0	0	0
OG0011150	0	0	0	0	0	0	0	0	0	0	0	0	0	0	0	0	0
OG0011151	0	1	0	0	0	0	0	0	0	0	0	0	0	0	0	0	0
OG0011152	0	0	0	0	0	0	0	0	0	0	0	0	0	0	0	0	0
OG0011153	0	0	0	1	0	0	0	0	0	0	0	0	0	0	0	0	0
OG0011154	0	0	1	0	0	0	0	0	0	0	0	0	0	0	0	0	0
OG0011155	1	0	0	0	0	0	-1	0	0	0	0	0	0	0	0	0	0
OG0011156	0	0	0	0	0	0	0	0	0	0	0	0	0	0	0	0	0
OG0011157	0	0	0	0	0	0	0	0	0	0	0	0	0	0	0	0	0
OG0011158	0	0	0	0	0	0	0	0	0	0	0	0	0	0	0	0	0
OG0011159	0	1	0	0	0	0	0	0	-1	0	0	0	0	0	0	0	0
OG0011160	0	0	0	0	0	0	0	0	0	0	0	0	0	0	0	0	0
OG0011161	0	0	0	0	0	0	0	0	0	0	0	0	0	0	0	0	0
OG0011162	0	0	0	0	0	0	0	0	0	0	0	0	0	0	0	0	0
OG0011163	0	0	0	0	0	0	0	0	0	0	0	0	0	0	0	0	0
OG0011164	0	0	0	0	0	0	0	0	0	0	0	0	0	0	0	0	0
OG0011165	0	0	0	0	0	0	0	0	0	0	0	0	0	0	0	0	0
OG0011166	0	0	0	0	0	0	0	0	0	0	0	0	0	0	0	0	0
OG0011167	0	0	1	-1	0	0	0	0	0	0	0	0	0	0	0	0	0
OG0011168	0	0	0	0	0	0	0	0	0	0	0	0	0	0	0	0	0
OG0011169	0	0	0	0	0	0	0	0	0	0	0	0	0	0	0	0	0
OG0011170	0	0	0	0	0	0	0	0	1	0	0	0	0	0	0	0	0
OG0011171	0	0	-1	0	2	0	0	0	-1	0	0	0	0	0	0	0	0
OG0011172	2	0	0	0	0	-1	1	0	0	0	0	0	0	0	0	0	0
OG0011173	0	0	0	-1	1	0	0	0	0	0	0	0	0	0	0	0	0
OG0011174	0	1	0	-1	0	0	0	0	0	0	0	0	0	0	0	0	0
OG0011175	0	1	0	0	0	0	0	0	-1	0	0	0	0	0	0	0	0
OG0011176	0	0	0	0	0	0	0	0	0	0	0	0	0	0	0	0	0
OG0011177	1	0	0	0	0	0	0	0	0	0	0	0	0	0	0	0	0
OG0011178	0	0	0	0	0	0	0	0	0	0	0	0	0	0	0	0	0
OG0011179	0	0	0	0	0	0	0	0	0	0	0	0	0	0	0	0	0
OG0011180	0	0	1	-1	0	0	0	0	0	0	0	0	0	0	0	0	0
OG0011181	0	1	0	0	-1	-1	1	0	-2	0	0	0	0	0	0	1	0
OG0011182	0	0	0	0	0	0	0	0	0	0	0	0	0	0	0	0	0
OG0011183	0	0	0	0	0	0	0	0	0	0	0	0	0	0	0	0	0
OG0011184	0	1	0	0	0	0	0	0	0	0	0	0	0	0	0	0	0
OG0011185	0	0	0	0	0	0	0	0	0	0	0	0	0	0	0	0	0
OG0011186	0	0	0	0	0	0	0	0	0	0	0	0	0	0	0	0	0
OG0011187	0	0	0	0	0	0	0	0	0	0	0	0	0	0	0	0	0
OG0011188	0	0	0	1	0	0	0	0	0	0	0	0	0	0	0	0	0
OG0011189	0	0	0	0	0	0	0	0	0	0	0	0	0	0	0	0	0
OG0011190	0	0	0	0	0	0	0	0	0	0	0	0	0	0	0	0	0
OG0011191	0	0	0	0	0	0	0	0	0	0	0	0	0	0	0	0	0
OG0011192	0	0	0	0	1	0	0	0	0	0	0	0	0	0	0	0	0
OG0011193	0	0	0	0	0	0	0	0	0	0	0	0	0	0	0	0	0
OG0011194	0	0	0	0	0	0	0	0	0	0	0	0	0	0	0	0	0
OG0011195	0	0	0	0	0	0	0	0	0	0	0	0	0	0	0	0	0
OG0011196	0	0	0	0	0	0	0	0	0	0	0	0	0	0	0	0	0
OG0011197	0	1	0	0	0	0	-1	0	0	0	0	0	0	0	0	0	0
OG0011198	0	0	0	0	0	0	0	0	0	0	0	0	0	0	0	0	0
OG0011199	0	0	0	0	0	0	0	0	0	0	0	0	0	0	0	0	0
OG0011200	0	0	0	0	0	0	0	0	0	0	0	0	0	0	0	0	0
OG0011201	0	0	0	0	0	0	0	0	0	0	0	0	0	0	0	0	0
OG0011202	0	0	0	0	0	0	0	0	0	0	0	0	0	0	0	0	0
OG0011203	0	0	0	0	0	0	-1	0	1	0	0	0	0	0	0	0	0
OG0011204	0	0	0	0	0	0	0	0	0	0	0	0	0	0	0	0	0
OG0011205	0	1	0	0	0	0	0	0	0	0	0	0	0	0	0	0	0
OG0011206	0	0	0	0	0	0	0	0	0	0	0	0	0	0	0	0	0
OG0011207	0	0	0	0	0	0	0	0	0	0	0	0	0	0	0	0	0
OG0011208	0	1	0	0	0	0	0	0	0	0	0	1	0	0	0	0	-1
OG0011209	0	1	0	0	0	0	-1	0	0	0	0	0	0	0	0	0	0
OG0011210	0	0	0	0	0	0	0	0	0	0	0	0	0	0	0	0	0
OG0011211	0	0	0	0	0	0	0	0	0	0	0	0	0	0	0	0	0
OG0011212	0	0	0	0	0	0	0	0	0	0	0	0	0	0	0	0	0
OG0011213	0	0	0	0	0	0	0	0	0	0	0	0	0	0	0	0	0
OG0011214	0	0	0	0	0	0	0	0	0	0	0	0	0	0	0	0	0
OG0011215	0	0	0	0	0	0	0	0	0	0	0	0	0	0	0	0	0
OG0011216	0	0	0	0	0	0	0	0	0	0	0	0	0	0	0	0	0
OG0011217	0	0	0	0	0	0	0	0	0	0	0	0	0	0	0	0	0
OG0011218	0	1	0	0	0	0	-1	0	0	0	0	0	0	0	0	0	0
OG0011219	0	0	0	0	0	0	0	0	0	0	0	0	0	0	0	0	0
OG0011220	0	0	0	0	0	0	0	0	0	0	0	0	0	0	0	0	0
OG0011221	0	0	0	0	0	0	0	0	0	0	0	0	0	0	0	0	0
OG0011222	0	0	0	0	0	0	0	0	0	0	0	0	0	0	0	0	0
OG0011223	0	0	0	0	0	0	0	0	0	0	0	0	0	0	0	0	0
OG0011224	0	0	0	0	0	0	0	0	0	0	0	0	0	0	0	0	0
OG0011225	0	0	0	0	0	0	0	0	0	0	0	0	0	0	0	0	0
OG0011226	0	0	-1	0	0	0	-1	0	-1	0	0	0	0	-1	0	0	0
OG0011227	1	0	0	0	0	0	0	0	-1	0	0	0	0	0	0	0	0
OG0011228	0	0	0	0	0	0	0	0	0	0	0	0	0	0	0	0	0
OG0011229	0	0	0	0	0	0	0	0	0	0	0	0	0	0	0	0	0
OG0011230	0	0	0	0	0	0	0	0	0	0	0	0	0	0	0	0	0
OG0011231	0	0	0	0	0	0	0	0	0	0	0	0	0	0	0	0	0
OG0011232	0	0	0	0	0	0	0	0	0	0	0	0	0	0	0	0	0
OG0011233	0	0	0	0	0	0	0	0	0	0	0	0	0	0	0	0	0
OG0011234	0	0	0	0	0	0	0	0	0	0	0	0	0	0	0	0	0
OG0011235	0	0	0	0	0	0	0	0	0	0	0	0	0	0	0	0	0
OG0011236	0	-1	0	0	0	-1	0	0	-1	0	1	0	0	0	-1	0	0
OG0011237	0	0	0	0	0	0	0	0	0	0	0	0	0	0	0	0	0
OG0011238	0	0	0	0	0	0	0	0	0	0	0	0	0	0	0	0	0
OG0011239	1	1	0	0	1	0	0	0	-1	0	0	0	0	0	0	0	0
OG0011240	0	0	0	0	0	0	0	0	0	0	0	0	0	0	0	0	0
OG0011241	0	0	0	-1	1	0	0	0	1	0	0	0	0	0	0	0	0
OG0011242	0	0	0	0	0	0	0	0	0	0	0	0	0	0	0	0	0
OG0011243	1	0	0	0	0	0	0	-1	0	0	0	1	0	0	0	0	0
OG0011244	0	0	0	0	0	0	0	0	0	0	0	0	0	0	0	0	0
OG0011245	0	0	0	0	0	0	0	0	-1	0	0	0	0	0	0	0	0
OG0011246	0	0	0	0	0	0	0	0	0	0	0	0	0	0	0	0	0
OG0011247	0	0	0	0	1	0	0	0	0	0	0	0	0	0	0	0	0
OG0011248	1	0	0	0	0	0	0	0	-1	0	0	0	0	0	0	0	0
OG0011249	0	0	0	0	0	0	0	0	0	0	0	0	0	0	0	0	0
OG0011250	0	1	0	0	0	0	-1	0	-1	0	0	0	0	0	0	0	0
OG0011251	0	0	0	0	0	0	0	0	0	0	0	0	0	0	0	0	0
OG0011252	0	0	0	0	0	0	0	0	0	0	0	0	0	0	0	0	0
OG0011253	0	0	0	0	0	0	0	0	0	0	0	0	0	0	0	0	0
OG0011254	0	1	0	0	0	0	0	0	0	0	0	0	0	0	0	0	0
OG0011255	0	1	0	-1	0	0	0	0	0	0	0	0	0	0	0	0	0
OG0011256	0	0	0	0	0	0	0	0	0	0	0	0	0	0	0	0	0
OG0011257	0	0	0	0	0	0	0	0	0	0	0	0	0	0	0	0	0
OG0011258	0	0	0	0	0	0	0	0	0	0	0	0	0	0	0	0	0
OG0011259	0	0	0	0	0	0	0	0	0	0	0	0	0	0	0	0	0
OG0011260	0	1	0	-1	0	0	0	0	0	0	0	0	0	0	0	0	0
OG0011261	0	0	0	0	0	0	0	0	0	0	0	0	0	0	0	0	0
OG0011262	0	0	0	0	0	0	0	0	0	0	0	0	0	0	0	0	0
OG0011263	0	0	0	0	0	0	0	0	0	0	0	0	0	0	0	0	0
OG0011264	0	0	0	0	0	0	0	0	0	0	0	0	0	0	0	0	0
OG0011265	0	1	0	-1	0	0	0	0	0	0	0	0	0	0	0	0	0
OG0011266	0	-1	0	0	0	1	0	0	-1	0	0	0	0	0	0	0	0
OG0011267	0	0	0	0	0	0	0	0	0	0	0	0	0	0	0	0	0
OG0011268	0	1	0	0	0	0	0	0	0	0	0	0	0	0	0	0	0
OG0011269	0	0	0	0	0	0	0	0	0	0	0	0	0	0	0	0	0
OG0011270	0	0	0	0	0	0	0	0	0	0	0	0	0	0	0	0	0
OG0011271	0	0	0	0	0	0	0	0	0	0	0	0	0	0	0	0	0
OG0011272	0	0	0	0	0	0	0	0	0	0	0	0	0	0	0	0	0
OG0011273	0	1	0	0	0	0	0	0	-1	0	0	0	0	0	0	0	0
OG0011274	0	0	0	0	0	0	0	0	0	0	0	0	0	0	0	0	0
OG0011275	0	0	0	0	0	0	0	0	0	0	0	0	0	0	0	0	0
OG0011276	0	0	0	0	0	0	0	0	0	0	0	0	0	0	0	0	0
OG0011277	0	0	0	0	0	0	0	0	0	0	0	0	0	0	0	0	0
OG0011278	0	1	0	0	0	0	0	0	-1	0	0	0	0	0	0	0	0
OG0011279	0	0	0	0	0	0	0	0	0	0	0	0	0	0	0	0	0
OG0011280	0	0	0	0	0	0	0	0	0	0	0	0	0	0	0	0	0
OG0011281	0	0	0	-1	1	0	0	0	0	0	0	0	0	0	0	0	0
OG0011282	0	1	0	-1	0	0	0	0	0	0	0	0	0	0	0	0	0
OG0011283	1	0	0	0	0	0	0	0	0	0	0	0	0	0	0	0	0
OG0011284	0	0	0	0	0	0	0	0	0	0	0	0	0	0	0	0	0
OG0011285	0	0	0	0	0	0	0	0	0	0	0	0	0	0	0	0	0
OG0011286	1	0	0	0	0	0	-1	0	0	0	0	0	0	0	0	0	0
OG0011287	0	0	0	0	0	0	0	0	0	0	0	0	0	0	0	0	0
OG0011288	0	0	0	0	0	0	0	0	0	0	0	0	0	0	0	0	0
OG0011289	0	0	0	0	0	0	0	0	0	0	0	0	0	0	0	0	0
OG0011290	0	0	0	0	0	0	0	0	0	0	0	0	0	0	0	0	0
OG0011291	0	0	0	0	0	0	0	0	0	0	0	0	0	0	0	0	0
OG0011292	0	0	0	0	0	0	0	0	1	0	0	0	0	0	0	0	0
OG0011293	0	0	0	0	0	0	0	0	0	0	0	0	0	0	0	0	0
OG0011294	0	0	0	0	0	0	0	0	0	0	0	0	0	0	0	0	0
OG0011295	0	1	0	0	0	0	0	0	0	0	0	0	0	0	0	0	0
OG0011296	0	0	0	0	0	0	0	0	0	0	0	0	0	0	0	0	0
OG0011297	0	0	0	0	0	0	0	0	0	0	0	0	0	0	0	0	0
OG0011298	0	0	0	0	0	0	0	0	0	0	0	0	0	0	0	0	0
OG0011299	0	0	0	0	0	0	0	0	0	0	0	0	0	0	0	0	0
OG0011300	0	0	0	0	0	0	0	0	0	0	0	0	0	0	0	0	0
OG0011301	0	0	0	0	0	0	0	0	0	0	0	0	0	0	0	0	0
OG0011302	0	0	0	0	0	0	0	0	0	0	0	0	0	0	0	0	0
OG0011303	0	0	0	0	0	0	0	0	0	0	0	0	0	0	0	0	0
OG0011304	0	0	0	0	0	0	0	0	0	0	0	0	0	0	0	0	0
OG0011305	0	1	0	0	0	0	0	0	-1	0	0	0	0	0	0	0	0
OG0011306	1	1	0	-1	0	0	0	0	0	0	0	0	0	0	0	0	0
OG0011307	0	0	0	0	0	0	0	0	0	0	0	0	0	0	0	0	0
OG0011308	0	0	0	0	0	0	0	0	0	0	0	0	0	0	0	0	0
OG0011309	0	0	0	0	0	0	0	0	0	0	0	0	0	0	0	0	0
OG0011310	0	1	0	0	0	0	0	0	0	0	0	0	0	0	0	0	0
OG0011311	0	0	0	0	0	0	0	0	0	0	0	0	0	0	0	0	0
OG0011312	0	0	0	0	0	0	0	0	0	0	0	0	0	0	0	0	0
OG0011313	0	0	0	0	0	0	0	0	0	0	0	0	0	0	0	0	0
OG0011314	0	0	0	0	0	0	0	0	0	0	0	0	0	0	0	0	0
OG0011315	0	0	0	0	0	0	0	0	0	0	0	0	0	0	0	0	0
OG0011316	0	1	0	0	0	0	0	0	-1	0	0	0	0	0	0	0	0
OG0011317	0	0	0	0	0	0	0	0	0	0	0	0	0	0	0	0	0
OG0011318	0	1	0	0	0	0	0	0	0	0	0	0	0	0	0	0	0
OG0011319	0	0	0	0	0	0	0	0	0	0	0	0	0	0	0	0	0
OG0011320	0	0	0	0	0	0	0	0	0	0	0	0	0	0	0	0	0
OG0011321	0	0	0	0	0	0	0	0	0	0	0	0	0	0	0	0	0
OG0011322	0	0	0	0	0	0	0	0	0	0	0	0	0	0	0	0	0
OG0011323	0	1	0	0	0	0	0	0	0	0	0	0	0	0	0	0	0
OG0011324	0	0	0	-1	1	0	0	0	0	0	0	0	0	0	0	0	0
OG0011325	0	0	0	0	0	0	0	0	0	0	0	0	0	0	0	0	0
OG0011326	0	0	0	0	1	0	0	0	0	0	0	1	0	0	0	0	-1
OG0011327	1	0	0	0	0	0	0	0	0	0	0	0	0	0	0	0	0
OG0011328	0	0	0	0	0	0	0	0	0	0	0	0	0	0	0	0	0
OG0011329	0	0	0	0	0	0	0	0	0	0	0	0	0	0	0	0	0
OG0011330	1	0	0	0	0	0	0	0	0	0	0	0	0	0	0	0	0
OG0011331	0	0	0	-1	1	0	0	0	1	0	0	0	0	0	0	0	0
OG0011332	0	0	0	0	0	0	0	0	0	0	0	0	0	0	0	0	0
OG0011333	0	0	0	0	0	0	0	0	0	0	0	0	0	0	0	0	0
OG0011334	0	0	0	0	0	0	0	0	-1	0	0	0	0	0	0	0	0
OG0011335	0	0	0	0	0	0	0	0	0	0	0	0	0	0	0	0	0
OG0011336	0	0	0	0	0	0	0	0	0	0	0	0	0	0	0	0	0
OG0011337	0	2	0	-1	0	0	0	0	0	0	0	0	0	0	0	0	0
OG0011338	0	0	0	0	0	0	0	0	0	0	0	0	0	0	0	0	0
OG0011339	0	0	0	0	0	0	0	0	0	0	0	0	0	0	0	0	0
OG0011340	1	1	0	0	0	0	0	0	-1	0	0	0	0	0	0	0	0
OG0011341	0	0	0	0	0	0	0	0	0	0	0	0	0	0	0	0	0
OG0011342	1	0	0	0	0	0	0	0	0	0	0	0	0	0	0	0	0
OG0011343	0	0	0	1	0	0	0	0	0	0	0	0	0	0	0	0	0
OG0011344	0	0	0	0	0	0	0	0	0	0	0	0	0	0	0	0	0
OG0011345	0	0	0	0	0	0	0	0	0	0	0	0	0	0	0	0	0
OG0011346	0	0	0	0	0	0	0	0	0	0	0	0	0	0	0	0	0
OG0011347	0	0	0	0	0	0	0	0	0	0	0	0	0	0	0	0	0
OG0011348	0	1	0	0	0	0	-1	0	0	0	0	0	0	0	0	0	0
OG0011349	0	0	0	0	0	0	0	0	0	0	0	0	0	0	0	0	0
OG0011350	1	0	-1	0	0	-1	-1	0	0	0	0	0	0	0	0	0	1
OG0011351	0	0	0	0	0	0	0	0	0	0	0	0	0	0	0	0	0
OG0011352	0	0	0	0	0	0	0	0	0	0	0	0	0	0	0	0	0
OG0011353	0	0	1	0	0	0	0	0	-1	0	0	0	0	0	0	0	0
OG0011354	0	1	0	0	0	0	0	0	0	0	0	0	0	0	0	0	0
OG0011355	0	0	0	1	0	0	-1	0	0	0	0	0	0	0	0	0	0
OG0011356	0	0	0	0	0	0	0	0	0	0	0	0	0	0	0	0	0
OG0011357	0	3	0	0	0	-1	0	0	0	0	0	0	0	0	0	0	0
OG0011358	0	0	0	0	0	0	0	0	0	0	0	0	0	0	0	0	0
OG0011359	0	0	0	0	0	-1	0	1	-1	0	0	0	0	0	0	0	0
OG0011360	0	0	0	0	0	0	0	0	0	0	0	0	0	0	0	0	0
OG0011361	0	0	0	0	0	0	0	0	0	0	0	0	0	0	0	0	0
OG0011362	0	0	0	0	1	0	0	0	0	0	0	0	0	0	0	0	0
OG0011363	0	0	0	0	0	0	0	0	0	0	0	0	0	0	0	0	0
OG0011364	0	0	0	0	0	0	0	0	0	0	0	0	0	0	0	0	0
OG0011365	0	0	0	0	0	0	0	0	0	0	0	0	0	0	0	0	0
OG0011366	0	0	0	0	0	0	0	0	0	0	0	0	0	0	0	0	0
OG0011367	0	0	0	0	0	0	0	0	0	0	0	0	0	0	0	0	0
OG0011368	0	0	0	0	0	0	0	0	0	0	0	0	0	0	0	0	0
OG0011369	0	0	0	0	0	0	0	0	0	0	0	0	0	0	0	0	0
OG0011370	0	0	0	0	0	0	0	0	0	0	0	0	0	0	0	0	0
OG0011371	0	1	0	-1	0	0	0	0	0	0	0	0	0	0	0	0	0
OG0011372	0	1	0	0	0	0	0	0	0	0	0	0	0	0	0	0	0
OG0011373	0	1	0	0	0	0	-1	0	0	0	0	0	0	0	0	0	0
OG0011374	0	0	0	0	0	0	0	0	0	0	0	0	0	0	0	0	0
OG0011375	0	0	0	-1	0	0	0	0	0	0	0	0	0	0	0	0	0
OG0011376	0	0	0	0	0	0	0	0	0	0	0	0	0	0	0	0	0
OG0011377	0	0	0	-1	0	0	1	0	0	0	0	0	0	0	0	0	0
OG0011378	0	0	0	0	0	0	0	0	0	0	0	0	0	0	0	0	0
OG0011379	0	0	0	0	0	0	0	0	0	0	0	0	0	0	0	0	0
OG0011380	0	0	0	0	0	0	0	0	0	0	0	0	0	0	0	0	0
OG0011381	0	0	0	0	0	0	0	0	0	0	0	0	0	0	0	0	0
OG0011382	0	0	0	0	0	0	0	0	0	0	0	0	0	0	0	0	0
OG0011383	0	0	0	0	0	0	0	0	0	0	0	0	0	0	0	0	0
OG0011384	0	0	0	0	0	0	0	0	0	0	0	0	0	0	0	0	0
OG0011385	0	0	0	0	0	0	0	0	0	0	0	0	0	0	0	0	0
OG0011386	0	1	0	0	0	0	0	0	0	0	0	0	0	0	0	0	0
OG0011387	0	0	0	0	0	0	0	0	0	0	0	0	0	0	0	0	0
OG0011388	0	1	0	0	0	0	0	0	0	0	0	0	0	0	0	0	0
OG0011389	0	0	0	0	0	0	0	0	0	0	0	0	0	0	0	0	0
OG0011390	0	0	0	0	0	0	0	0	0	0	0	0	0	0	0	0	0
OG0011391	0	0	0	0	0	0	0	0	0	0	0	0	0	0	0	0	0
OG0011392	1	0	0	0	-1	1	0	0	0	0	0	-1	0	0	0	0	0
OG0011393	0	1	0	0	0	0	-1	0	0	0	0	0	0	0	0	0	0
OG0011394	0	0	0	0	0	0	0	0	0	0	0	0	0	0	0	0	0
OG0011395	0	0	0	0	0	0	0	0	0	0	0	0	0	0	0	0	0
OG0011396	0	0	0	0	0	0	0	0	0	0	0	0	0	0	0	0	0
OG0011397	0	0	0	-1	0	0	1	0	0	0	0	0	0	0	0	0	0
OG0011398	0	0	0	0	0	0	0	0	0	0	0	0	0	0	0	0	0
OG0011399	0	0	1	0	0	0	0	0	0	0	0	0	0	0	0	0	0
OG0011400	0	0	0	0	0	0	0	0	0	0	0	0	0	0	0	0	0
OG0011401	0	0	0	0	0	0	0	0	0	0	0	0	0	0	0	0	0
OG0011402	0	0	0	0	0	0	0	0	0	0	0	0	0	0	0	0	0
OG0011403	0	0	0	0	0	0	0	0	0	0	0	0	0	0	0	0	0
OG0011404	0	0	0	0	0	0	0	0	0	0	0	0	0	0	0	0	0
OG0011405	0	0	0	0	0	0	0	0	0	0	0	0	0	0	0	0	0
OG0011406	0	0	0	1	0	0	0	0	0	0	0	0	0	0	0	0	0
OG0011407	0	0	0	0	0	0	0	0	0	0	0	0	0	0	0	0	0
OG0011408	0	0	0	0	0	0	0	0	0	0	0	0	0	0	0	0	0
OG0011409	0	1	0	-1	0	0	0	0	0	0	0	0	0	0	0	0	0
OG0011410	0	0	0	0	0	0	0	0	0	0	0	0	0	0	0	0	0
OG0011411	0	1	0	1	0	0	0	-1	0	0	0	0	0	0	0	0	0
OG0011412	0	0	0	0	0	0	0	0	0	0	0	0	0	0	0	0	0
OG0011413	0	0	0	0	0	0	0	0	0	0	0	0	0	0	0	0	0
OG0011414	0	1	0	0	0	0	0	0	0	0	0	0	0	0	0	0	0
OG0011415	0	0	1	0	0	0	-1	0	-1	0	0	0	0	0	0	0	0
OG0011416	0	0	0	0	0	0	0	0	0	0	0	0	0	0	0	0	0
OG0011417	0	0	0	0	0	0	0	0	0	0	0	0	0	0	0	0	0
OG0011418	0	0	0	0	0	0	0	0	0	0	0	0	0	0	0	0	0
OG0011419	0	0	0	0	0	0	0	0	0	0	0	0	0	0	0	0	0
OG0011420	2	0	0	0	0	0	0	0	-1	0	0	0	0	0	0	0	0
OG0011421	0	0	0	1	0	0	0	0	0	0	0	0	0	0	0	0	0
OG0011422	0	1	0	0	0	0	0	0	-1	0	0	0	0	0	0	0	0
OG0011423	0	0	0	0	0	0	0	0	0	0	0	0	0	0	0	0	0
OG0011424	0	0	0	0	0	0	0	0	0	0	0	0	0	0	0	0	0
OG0011425	0	0	0	0	0	0	0	0	0	0	0	0	0	0	0	0	0
OG0011426	0	0	0	0	0	0	0	0	0	0	0	0	0	0	0	0	0
OG0011427	0	0	0	0	0	0	0	0	0	0	0	0	0	0	0	0	0
OG0011428	0	0	0	0	0	0	0	0	0	0	0	0	0	0	0	0	0
OG0011429	0	0	0	0	1	0	0	0	0	0	0	0	0	0	0	0	0
OG0011430	0	0	0	0	0	0	0	0	0	0	0	0	0	0	0	0	0
OG0011431	0	0	0	0	0	0	0	0	0	0	0	0	0	0	0	0	0
OG0011432	0	0	0	1	0	0	-1	0	0	0	0	0	0	0	0	0	0
OG0011433	0	0	0	0	0	0	0	0	0	0	0	0	0	0	0	0	0
OG0011434	0	0	0	0	0	0	0	0	0	0	0	0	0	0	0	0	0
OG0011435	0	0	0	0	0	0	0	0	0	0	0	0	0	0	0	0	0
OG0011436	0	0	0	0	0	0	0	0	0	0	0	0	0	0	0	0	0
OG0011437	0	0	0	0	0	0	0	0	0	0	0	0	0	0	0	0	0
OG0011438	0	0	0	0	0	0	0	0	0	0	0	0	0	0	0	0	0
OG0011439	1	0	0	0	0	0	0	0	0	0	0	0	0	0	0	0	0
OG0011440	0	0	0	0	0	0	0	0	0	0	0	0	0	0	0	0	0
OG0011441	0	0	0	0	0	0	0	0	0	0	0	0	0	0	0	0	0
OG0011442	0	0	0	0	0	0	0	0	0	0	0	0	0	0	0	0	0
OG0011443	0	0	0	0	0	0	0	0	0	0	0	0	0	0	0	0	0
OG0011444	2	0	0	-1	0	0	-1	0	0	0	0	0	0	0	0	0	0
OG0011445	0	0	0	0	0	0	1	0	0	0	0	0	0	0	0	0	0
OG0011446	0	0	0	0	0	0	0	0	0	0	0	0	0	0	0	0	0
OG0011447	0	0	0	-1	0	0	0	0	0	0	0	0	0	0	0	0	0
OG0011448	0	0	0	0	0	0	0	0	0	0	0	0	0	0	0	0	0
OG0011449	0	0	0	0	0	0	0	0	0	0	0	0	0	0	0	0	0
OG0011450	0	0	0	1	0	0	0	0	-1	0	0	0	0	0	0	0	0
OG0011451	0	0	0	0	1	0	0	0	-1	0	0	0	0	0	0	0	0
OG0011452	0	0	0	0	0	0	0	0	0	0	0	0	0	0	0	0	0
OG0011453	0	0	0	0	0	0	0	0	0	0	0	0	0	0	0	0	0
OG0011454	0	0	0	-1	1	0	0	0	0	0	0	0	0	0	0	0	0
OG0011455	0	1	0	0	0	0	0	0	0	0	0	0	0	0	0	0	0
OG0011456	0	0	0	0	0	0	0	0	0	0	0	0	0	0	0	0	0
OG0011457	0	1	0	0	0	0	-1	0	0	0	0	0	0	0	0	0	0
OG0011458	0	0	0	0	0	0	0	0	0	0	0	0	0	0	0	0	0
OG0011459	0	0	0	0	0	0	0	0	0	0	0	0	0	0	0	0	0
OG0011460	0	0	0	-1	0	1	0	0	0	0	0	0	0	0	0	0	0
OG0011461	0	0	0	0	0	0	0	0	0	0	0	0	0	0	0	0	0
OG0011462	2	0	0	0	0	0	0	-1	0	0	0	0	0	0	0	0	0
OG0011463	0	0	0	0	1	0	0	0	0	0	0	0	0	0	0	0	0
OG0011464	0	0	0	0	0	0	-1	0	0	0	0	0	0	0	0	0	0
OG0011465	0	0	0	0	0	0	0	0	0	0	0	0	0	0	0	0	0
OG0011466	0	0	0	0	0	0	0	0	0	0	0	0	0	0	0	0	0
OG0011467	0	0	0	0	0	0	0	0	0	0	0	0	0	0	0	0	0
OG0011468	0	1	0	0	0	0	0	0	0	0	0	0	0	0	0	0	0
OG0011469	0	0	0	0	0	0	0	0	0	0	0	0	0	0	0	0	0
OG0011470	1	0	0	0	0	0	0	0	0	0	0	0	0	0	0	0	0
OG0011471	0	0	0	0	0	0	0	0	0	0	0	0	0	0	0	0	0
OG0011472	1	0	0	0	0	0	0	0	0	0	0	0	0	0	0	0	0
OG0011473	0	0	0	0	0	0	0	0	0	0	0	0	0	0	0	0	0
OG0011474	0	0	0	-1	1	0	0	0	0	0	0	0	0	0	0	0	0
OG0011475	0	0	0	-1	0	0	0	0	0	0	0	0	0	0	0	0	0
OG0011476	0	0	0	0	0	0	0	0	0	0	0	0	0	0	0	0	0
OG0011477	0	0	0	0	0	0	0	0	0	0	0	0	0	0	0	0	0
OG0011478	0	0	0	0	0	0	0	0	0	0	0	0	0	0	0	0	0
OG0011479	0	0	1	0	0	0	0	0	0	0	0	0	0	0	0	0	0
OG0011480	0	0	0	0	0	0	0	0	0	0	0	0	0	0	0	0	0
OG0011481	0	0	0	0	0	0	0	0	0	0	0	0	0	0	0	0	0
OG0011482	1	1	0	-1	0	0	0	0	0	0	0	0	0	0	0	0	0
OG0011483	1	0	0	0	0	0	-1	0	0	0	0	0	0	0	0	0	0
OG0011484	0	0	0	0	0	0	0	0	0	0	0	0	0	0	0	0	0
OG0011485	1	0	0	-1	0	0	0	0	0	0	0	0	0	0	0	0	0
OG0011486	0	0	0	0	0	0	0	0	0	0	0	0	0	0	0	0	0
OG0011487	0	0	0	0	1	0	0	0	-1	0	0	0	0	0	0	0	0
OG0011488	1	0	0	0	0	0	0	0	0	0	0	0	0	0	0	0	0
OG0011489	0	0	0	0	0	0	0	0	0	0	0	0	0	0	0	0	0
OG0011490	1	0	0	0	0	0	0	0	0	0	0	0	0	0	0	0	0
OG0011491	0	0	0	0	0	0	0	0	0	0	0	0	0	0	0	0	0
OG0011492	0	0	0	0	0	0	0	0	0	0	0	0	0	0	0	0	0
OG0011493	0	0	0	0	1	0	0	0	-1	0	0	0	0	0	0	0	0
OG0011494	0	1	0	0	0	0	-1	0	0	0	0	0	0	0	0	0	0
OG0011495	0	0	0	0	0	0	0	0	0	0	0	0	0	0	0	0	0
OG0011496	0	0	0	0	0	0	0	0	0	0	0	0	0	0	0	0	0
OG0011497	0	0	0	0	0	0	0	0	0	0	0	0	0	0	0	0	0
OG0011498	0	0	0	0	0	0	0	0	0	0	0	0	0	0	0	0	0
OG0011499	0	0	0	0	0	0	0	0	0	0	0	0	0	0	0	0	0
OG0011500	0	0	0	0	0	0	0	0	0	0	0	0	0	0	0	0	0
OG0011501	0	1	0	0	0	0	0	0	0	0	0	0	0	0	0	0	0
OG0011502	0	0	0	0	0	0	0	0	0	0	0	0	0	0	0	0	0
OG0011503	0	1	0	0	0	0	0	0	0	0	0	0	0	0	0	0	0
OG0011504	0	0	0	0	0	0	0	0	0	0	0	0	0	0	0	0	0
OG0011505	0	1	0	0	0	0	0	0	0	0	0	0	0	0	0	0	0
OG0011506	0	0	0	0	0	0	0	0	0	0	0	0	0	0	0	0	0
OG0011507	0	0	0	1	0	0	0	0	-1	0	0	0	0	0	0	0	0
OG0011508	0	0	0	0	0	0	0	0	0	0	0	0	0	0	0	0	0
OG0011509	0	0	0	0	0	0	0	0	0	0	0	0	0	0	0	0	0
OG0011510	0	1	0	0	0	0	0	0	0	0	0	0	0	0	0	0	0
OG0011511	0	0	0	0	0	0	0	0	0	0	0	0	0	0	0	0	0
OG0011512	0	0	0	0	0	0	0	0	0	0	0	0	0	0	0	0	0
OG0011513	0	0	0	0	0	0	0	0	0	0	0	0	0	0	0	0	0
OG0011514	0	0	0	0	0	0	0	0	0	0	0	0	0	0	0	0	0
OG0011515	0	0	0	0	0	0	0	0	0	0	0	0	0	0	0	0	0
OG0011516	0	0	0	0	0	0	0	0	0	0	0	0	0	0	0	0	0
OG0011517	0	0	0	0	0	0	0	0	0	0	0	0	0	0	0	0	0
OG0011518	0	0	0	0	0	0	0	0	0	0	0	0	0	0	0	0	0
OG0011519	0	0	0	0	0	0	0	0	0	0	0	0	0	0	0	0	0
OG0011520	0	0	0	0	0	0	0	0	0	0	0	0	0	0	0	0	0
OG0011521	0	0	0	0	0	0	0	0	0	0	0	0	0	0	0	0	0
OG0011522	0	0	0	0	0	0	0	0	0	0	0	0	0	0	0	0	0
OG0011523	0	0	0	0	0	0	0	0	0	0	0	0	0	0	0	0	0
OG0011524	0	1	0	0	0	0	0	0	0	0	0	0	0	0	0	0	0
OG0011525	0	0	0	0	0	0	0	0	0	0	0	0	0	0	0	0	0
OG0011526	0	0	0	0	0	0	0	0	0	0	0	0	0	0	0	0	0
OG0011527	0	0	0	0	0	0	0	0	0	0	0	0	0	0	0	0	0
OG0011528	0	1	0	0	0	0	0	0	0	0	0	0	0	0	0	0	0
OG0011529	0	0	0	0	0	0	0	0	0	0	0	0	0	0	0	0	0
OG0011530	0	1	0	0	0	0	0	0	0	0	0	0	0	0	0	0	0
OG0011531	0	0	0	0	0	0	0	0	0	0	0	0	0	0	0	0	0
OG0011532	0	0	0	0	0	0	0	0	0	0	0	0	0	0	0	0	0
OG0011533	0	0	0	0	0	0	0	0	0	0	0	0	0	0	0	0	0
OG0011534	0	0	0	0	0	0	0	0	0	0	0	0	0	0	0	0	0
OG0011535	0	0	0	0	0	0	0	0	0	0	0	0	0	0	0	0	0
OG0011536	0	1	0	0	1	0	0	-1	0	0	0	0	0	0	0	0	0
OG0011537	0	-1	1	0	0	0	0	0	0	0	0	0	0	0	0	0	0
OG0011538	0	0	0	0	0	0	0	0	0	0	0	0	0	0	0	0	0
OG0011539	0	0	0	0	0	0	0	0	0	0	0	0	0	0	0	0	0
OG0011540	0	0	0	0	0	0	0	0	0	0	0	0	0	0	0	0	0
OG0011541	1	0	0	0	0	0	0	0	0	0	0	0	0	0	0	0	0
OG0011542	0	1	0	-1	0	0	0	0	0	0	0	0	0	0	0	0	0
OG0011543	0	0	0	0	0	0	0	0	0	0	0	0	0	0	0	0	0
OG0011544	0	0	0	0	0	0	0	0	0	0	0	0	0	0	0	0	0
OG0011545	0	0	0	0	0	0	0	0	0	0	0	0	0	0	0	0	0
OG0011546	0	0	0	0	0	0	0	0	0	0	0	0	0	0	0	0	0
OG0011547	0	0	1	0	1	0	0	0	-1	0	0	0	0	0	0	0	0
OG0011548	1	0	0	0	0	0	0	0	0	0	0	0	0	0	0	0	0
OG0011549	0	0	0	0	0	0	0	0	0	0	0	0	0	0	0	0	0
OG0011550	0	0	0	0	0	0	0	0	0	0	0	0	0	0	0	0	0
OG0011551	0	1	0	-1	0	0	0	0	0	0	0	0	0	0	0	0	0
OG0011552	0	0	0	-1	0	1	0	-1	0	0	0	0	0	0	0	0	0
OG0011553	0	0	0	0	0	0	0	0	0	0	0	0	0	0	0	0	0
OG0011554	0	1	0	0	0	0	0	0	0	0	0	0	0	0	0	0	0
OG0011555	0	0	0	0	0	0	0	0	0	0	0	0	0	0	0	0	0
OG0011556	0	0	0	0	0	0	0	0	0	0	0	0	0	0	0	0	0
OG0011557	0	0	0	0	0	0	0	0	0	0	0	0	0	0	0	0	0
OG0011558	0	1	0	0	0	0	-1	0	0	0	0	0	0	0	0	0	0
OG0011559	0	0	0	0	0	0	0	0	0	0	0	0	0	0	0	0	0
OG0011560	0	0	0	0	0	0	0	0	0	0	0	0	0	0	0	0	0
OG0011561	0	0	0	0	0	0	0	0	0	0	0	0	0	0	0	0	0
OG0011562	0	0	0	0	0	0	0	0	0	0	0	0	0	0	0	0	0
OG0011563	0	0	0	0	0	0	0	0	0	0	0	0	0	0	0	0	0
OG0011564	0	0	0	0	0	0	0	0	0	0	0	0	0	0	0	0	0
OG0011565	0	0	0	-1	0	0	0	0	0	0	0	0	0	0	0	0	0
OG0011566	0	1	0	-1	0	0	0	0	0	0	0	0	0	0	0	0	0
OG0011567	0	0	0	0	0	0	0	0	0	0	0	0	0	0	0	0	0
OG0011568	0	0	1	-1	0	0	0	0	0	0	0	0	0	0	0	0	0
OG0011569	0	0	0	1	0	0	0	0	-1	0	0	0	0	0	0	0	0
OG0011570	0	-1	0	0	0	0	-1	0	-1	0	1	0	0	0	-1	0	0
OG0011571	1	1	0	0	0	0	-1	0	-1	0	0	0	0	0	0	0	0
OG0011572	0	0	0	0	0	0	0	0	0	0	0	0	0	0	0	0	0
OG0011573	0	0	0	0	0	0	0	0	0	0	0	0	0	0	0	0	0
OG0011574	0	0	0	0	0	0	0	0	1	0	0	0	0	0	0	0	0
OG0011575	0	0	0	0	0	0	0	0	0	0	0	0	0	0	0	0	0
OG0011576	0	0	0	0	0	0	0	0	0	0	0	0	0	0	0	0	0
OG0011577	0	0	0	0	0	0	0	0	0	0	0	0	0	0	0	0	0
OG0011578	0	0	1	0	0	0	0	0	-1	0	0	0	0	0	0	0	0
OG0011579	1	1	0	-1	0	0	0	0	0	0	0	0	0	0	0	0	0
OG0011580	0	0	0	0	0	0	0	0	0	0	0	0	0	0	0	0	0
OG0011581	0	0	0	0	0	0	0	0	0	0	0	0	0	0	0	0	0
OG0011582	0	1	0	-1	0	0	0	0	0	0	0	0	0	0	0	0	0
OG0011583	1	0	0	-1	0	0	0	0	0	0	0	0	0	0	0	0	0
OG0011584	1	-1	0	1	0	0	0	0	-1	0	0	0	0	0	0	0	0
OG0011585	0	0	0	0	0	0	0	0	0	0	0	0	0	0	0	0	0
OG0011586	0	0	0	0	0	0	0	0	0	0	0	0	0	0	0	0	0
OG0011587	0	0	0	-1	0	0	0	0	0	0	0	0	0	0	0	0	0
OG0011588	0	0	0	0	0	0	0	0	0	0	0	0	0	0	0	0	0
OG0011589	0	1	0	-1	0	0	0	0	0	0	0	0	0	0	0	0	0
OG0011590	0	0	0	0	0	0	0	0	0	0	0	0	0	0	0	0	0
OG0011591	0	0	0	0	0	0	0	0	0	0	0	0	0	0	0	0	0
OG0011592	0	1	0	-1	0	0	0	0	0	0	0	0	0	0	0	0	0
OG0011593	0	0	0	0	0	0	0	0	0	0	0	0	0	0	0	0	0
OG0011594	0	0	0	-1	0	0	0	0	0	0	0	1	0	0	0	0	0
OG0011595	0	0	0	0	0	0	0	0	0	0	0	0	0	0	0	0	0
OG0011596	0	0	0	0	0	0	0	0	0	0	0	0	0	0	0	0	0
OG0011597	0	0	0	0	0	0	0	0	0	0	0	0	0	0	0	0	0
OG0011598	0	0	0	0	0	0	0	0	0	0	0	0	0	0	0	0	0
OG0011599	0	1	0	0	0	0	0	0	-1	0	0	0	0	0	0	0	0
OG0011600	0	1	0	0	0	0	0	0	0	0	0	0	0	0	0	0	0
OG0011601	0	0	0	0	0	0	0	0	0	0	0	0	0	0	0	0	0
OG0011602	0	0	0	0	0	0	0	0	0	0	0	0	0	0	0	0	0
OG0011603	0	0	0	0	0	0	0	0	0	0	0	0	0	0	0	0	0
OG0011604	0	0	0	0	0	-1	0	0	1	0	0	0	0	0	0	0	0
OG0011605	0	0	0	1	0	0	0	0	0	0	0	0	0	0	0	0	0
OG0011606	0	0	0	0	0	0	0	0	0	0	0	0	0	0	0	0	0
OG0011607	0	0	0	0	0	0	0	0	0	0	0	0	0	0	0	0	0
OG0011608	0	0	0	0	0	0	0	0	0	0	0	0	0	0	0	0	0
OG0011609	0	0	0	0	0	0	0	0	0	0	0	0	0	0	0	0	0
OG0011610	0	0	0	0	0	0	0	0	0	0	0	0	0	0	0	0	0
OG0011611	0	0	0	0	0	0	0	0	0	0	0	0	0	0	0	0	0
OG0011612	0	0	0	0	1	0	0	0	0	0	0	0	0	0	0	0	0
OG0011613	0	0	0	0	0	0	0	0	0	0	0	0	0	0	0	0	0
OG0011614	0	0	0	0	0	0	0	0	0	0	0	0	0	0	0	0	0
OG0011615	0	0	0	0	0	0	0	0	0	0	0	0	0	0	0	0	0
OG0011616	0	0	0	0	0	0	0	0	0	0	0	0	0	0	0	0	0
OG0011617	0	0	0	0	0	0	-1	0	0	0	0	0	0	0	0	0	0
OG0011618	0	0	0	0	0	0	0	0	0	0	0	0	0	0	0	0	0
OG0011619	0	0	0	0	0	0	0	0	0	0	0	0	0	0	0	0	0
OG0011620	0	0	0	0	0	0	0	0	0	0	0	0	0	0	0	0	0
OG0011621	0	0	0	0	0	0	0	0	0	0	0	0	0	0	0	0	0
OG0011622	0	0	0	0	0	0	0	0	0	0	0	0	0	0	0	0	0
OG0011623	0	0	0	0	0	0	0	0	0	0	0	0	0	0	0	0	0
OG0011624	0	0	0	0	0	0	0	0	0	0	0	0	0	0	0	0	0
OG0011625	0	0	0	0	0	0	0	0	0	0	0	0	0	0	0	0	0
OG0011626	0	0	0	0	0	0	0	0	0	0	0	0	0	0	0	0	0
OG0011627	0	0	0	-1	0	0	0	0	0	0	0	0	0	0	0	0	0
OG0011628	0	0	0	0	0	0	0	0	0	0	0	0	0	0	0	0	0
OG0011629	0	0	0	0	0	0	0	0	0	0	0	0	0	0	0	0	0
OG0011630	0	0	0	0	0	0	0	0	0	0	0	0	0	0	0	0	0
OG0011631	0	0	0	0	0	0	0	0	0	0	0	0	0	0	0	0	0
OG0011632	0	2	0	0	0	0	0	0	-1	0	0	0	0	0	0	0	0
OG0011633	0	0	0	0	0	0	0	0	0	0	0	0	0	0	0	0	0
OG0011634	0	0	1	0	0	0	0	0	0	0	0	0	0	0	0	0	0
OG0011635	0	0	0	0	0	0	0	0	0	0	0	0	0	0	0	0	0
OG0011636	0	0	0	0	0	0	0	0	0	0	0	0	0	0	0	0	0
OG0011637	0	0	0	0	0	0	0	0	0	0	0	0	0	0	0	0	0
OG0011638	0	0	0	0	0	0	0	0	0	0	0	0	0	0	0	0	0
OG0011639	0	1	0	-1	0	0	0	0	0	0	0	0	0	0	0	0	0
OG0011640	0	0	0	-1	0	0	0	0	0	0	0	0	0	0	0	0	0
OG0011641	0	0	0	0	0	0	0	0	0	0	0	0	0	0	0	0	0
OG0011642	0	0	0	0	0	0	0	0	0	0	0	0	0	0	0	0	0
OG0011643	0	0	0	0	0	0	0	0	0	0	0	0	0	0	0	0	0
OG0011644	0	-1	0	2	0	0	0	0	-1	0	0	0	0	0	0	0	0
OG0011645	0	0	0	0	0	0	0	0	0	0	0	0	0	0	0	0	0
OG0011646	0	0	0	0	0	0	0	0	0	0	0	0	0	0	0	0	0
OG0011647	0	1	0	0	0	0	0	0	0	0	0	0	0	0	0	0	0
OG0011648	0	0	0	0	1	0	0	0	0	0	0	0	0	0	0	0	0
OG0011649	0	0	0	0	0	0	0	0	0	0	0	0	0	0	0	0	0
OG0011650	0	0	1	0	0	-1	0	0	1	0	0	0	0	0	0	0	0
OG0011651	0	0	0	0	0	0	0	0	0	0	0	0	0	0	0	0	0
OG0011652	0	0	0	0	0	0	0	0	0	0	0	0	0	0	0	0	0
OG0011653	0	0	0	0	0	0	0	0	0	0	0	0	0	0	0	0	0
OG0011654	0	1	0	0	0	0	-1	0	0	0	0	0	0	0	0	0	0
OG0011655	0	1	0	0	0	0	0	0	0	0	0	0	0	0	0	0	0
OG0011656	0	0	0	0	0	0	0	0	0	0	0	0	0	0	0	0	0
OG0011657	0	0	0	0	0	0	0	0	0	0	0	0	0	0	0	0	0
OG0011658	0	0	1	0	0	0	0	0	-1	0	0	0	0	0	0	0	0
OG0011659	0	0	0	0	0	0	0	0	0	0	0	0	0	0	0	0	0
OG0011660	0	0	0	0	0	0	0	0	0	0	0	0	0	0	0	0	0
OG0011661	0	0	0	0	0	0	0	0	0	0	0	0	0	0	0	0	0
OG0011662	0	0	0	0	0	0	0	0	0	0	0	0	0	0	0	0	0
OG0011663	0	0	0	0	0	0	0	0	0	0	0	0	0	0	0	0	0
OG0011664	0	0	0	0	0	0	0	0	0	0	0	0	0	0	0	0	0
OG0011665	0	0	0	0	0	0	0	0	0	0	0	0	0	0	0	0	0
OG0011666	0	0	0	0	0	0	0	0	0	0	0	0	0	0	0	0	0
OG0011667	0	0	0	0	0	0	0	0	0	0	0	0	0	0	0	0	0
OG0011668	0	1	0	-1	0	0	0	0	0	0	0	0	0	0	0	0	0
OG0011669	0	0	0	0	0	0	0	0	0	0	0	0	0	0	0	0	0
OG0011670	0	0	0	0	0	0	0	0	0	0	0	0	0	0	0	0	0
OG0011671	0	0	0	0	0	0	0	0	0	0	0	0	0	0	0	0	0
OG0011672	0	1	0	0	0	0	-1	0	0	0	0	0	0	0	0	0	0
OG0011673	0	0	1	0	0	0	0	0	-1	0	0	0	0	0	0	0	0
OG0011674	0	0	0	0	0	0	0	0	0	0	0	0	0	0	0	0	0
OG0011675	0	0	0	0	0	0	0	0	0	0	0	0	0	0	0	0	0
OG0011676	0	0	0	0	0	0	0	0	0	0	0	0	0	0	0	0	0
OG0011677	0	0	0	0	0	0	0	0	0	0	0	0	0	0	0	0	0
OG0011678	0	0	0	0	0	0	0	0	0	0	0	0	0	0	0	0	0
OG0011679	0	0	0	0	0	0	0	0	0	0	0	0	0	0	0	0	0
OG0011680	0	0	0	0	0	0	0	0	0	0	0	0	0	0	0	0	0
OG0011681	0	0	0	0	1	0	-1	0	0	0	0	0	0	0	0	0	0
OG0011682	0	0	0	0	0	0	0	0	0	0	0	0	0	0	0	0	0
OG0011683	0	0	0	0	0	0	0	0	0	0	0	0	0	0	0	0	0
OG0011684	0	0	0	0	0	0	0	0	0	0	0	0	0	0	0	0	0
OG0011685	0	0	0	1	0	0	0	0	0	0	0	0	0	0	0	0	0
OG0011686	0	0	0	0	0	0	0	0	0	0	0	0	0	0	0	0	0
OG0011687	0	0	0	0	0	0	1	0	0	0	0	0	0	0	0	0	0
OG0011688	0	0	0	0	0	0	1	0	0	0	0	0	0	0	0	0	0
OG0011689	0	0	0	0	0	0	0	0	0	0	0	0	0	0	0	0	0
OG0011690	0	0	1	0	0	0	0	0	0	0	0	0	0	0	0	0	0
OG0011691	0	0	0	0	0	0	0	0	0	0	0	0	0	0	0	0	0
OG0011692	0	0	0	0	0	0	0	0	0	0	0	0	0	0	0	0	0
OG0011693	0	0	0	0	0	0	0	0	0	0	0	0	0	0	0	0	0
OG0011694	0	1	0	0	0	0	0	0	-1	0	0	0	0	0	0	0	0
OG0011695	0	-1	1	0	0	0	0	0	0	0	0	0	0	0	0	0	0
OG0011696	0	0	0	0	0	0	0	0	0	0	0	0	0	0	0	0	0
OG0011697	0	0	0	-1	0	0	0	0	0	0	0	0	0	0	0	0	0
OG0011698	0	0	0	0	0	0	0	0	0	0	0	0	0	0	0	0	0
OG0011699	0	0	0	-1	0	0	0	0	0	0	0	1	0	0	0	0	0
OG0011700	0	0	0	0	0	0	0	0	0	0	0	0	0	0	0	0	0
OG0011701	0	0	1	0	0	0	-1	0	0	0	0	0	0	0	0	0	0
OG0011702	0	0	0	0	0	0	0	0	0	0	0	0	0	0	0	0	0
OG0011703	0	0	0	0	0	0	0	0	0	0	0	0	0	0	0	0	0
OG0011704	0	0	0	0	0	0	0	0	0	0	0	0	0	0	0	0	0
OG0011705	0	0	0	0	0	0	0	0	0	0	0	0	0	0	0	0	0
OG0011706	0	0	0	-1	1	0	0	0	0	0	0	0	0	0	0	0	0
OG0011707	0	0	0	0	0	0	0	0	0	0	0	0	0	0	0	0	0
OG0011708	0	0	0	0	0	0	-1	0	1	0	0	0	0	0	0	0	0
OG0011709	0	0	0	0	0	0	0	0	0	0	0	0	0	0	0	0	0
OG0011710	0	0	0	1	0	0	0	0	-1	0	0	0	0	0	0	0	0
OG0011711	0	0	0	0	0	0	0	0	0	0	0	0	0	0	0	0	0
OG0011712	0	0	0	0	0	0	0	0	0	0	0	0	0	0	0	0	0
OG0011713	0	0	0	-1	1	0	-1	0	0	0	0	0	0	0	0	0	0
OG0011714	0	0	0	0	0	0	0	0	0	0	0	0	0	0	0	0	0
OG0011715	0	1	0	1	0	0	0	-1	0	0	0	0	0	0	0	0	0
OG0011716	0	0	0	0	0	1	0	0	-1	0	0	0	0	0	0	0	0
OG0011717	0	1	0	0	0	0	0	0	0	0	0	0	0	0	0	0	0
OG0011718	0	0	0	0	0	0	0	0	0	0	0	0	0	0	0	0	0
OG0011719	0	1	0	0	0	0	0	0	0	0	0	0	0	0	0	0	0
OG0011720	0	0	0	0	0	0	0	0	0	0	0	0	0	0	0	0	0
OG0011721	0	0	0	0	0	0	0	0	0	0	0	0	0	0	0	0	0
OG0011722	0	0	0	0	0	0	0	0	0	0	0	0	0	0	0	0	0
OG0011723	0	0	0	0	0	0	0	0	0	0	0	0	0	0	0	0	0
OG0011724	0	0	0	0	0	0	0	0	0	0	0	0	0	0	0	0	0
OG0011725	0	0	1	0	0	0	0	0	-1	0	0	0	0	0	0	0	0
OG0011726	0	0	0	0	0	0	0	0	0	0	0	0	0	0	0	0	0
OG0011727	0	0	0	0	0	0	0	0	0	0	0	0	0	0	0	0	0
OG0011728	0	0	0	0	0	0	0	0	0	0	0	0	0	0	0	0	0
OG0011729	0	0	0	0	0	0	0	0	0	0	0	0	0	0	0	0	0
OG0011730	0	0	0	0	0	0	0	0	0	0	0	0	0	0	0	0	0
OG0011731	0	0	0	0	0	0	0	0	0	0	0	0	0	0	0	0	0
OG0011732	0	0	0	0	0	0	0	0	0	0	0	0	0	0	0	0	0
OG0011733	0	0	0	0	0	0	0	0	0	0	0	0	0	0	0	0	0
OG0011734	0	1	0	2	0	0	0	0	-1	0	0	0	0	0	0	0	0
OG0011735	0	0	0	0	0	0	0	0	0	0	0	0	0	0	0	0	0
OG0011736	0	1	0	0	0	0	0	0	0	0	0	0	0	0	0	0	0
OG0011737	0	0	0	0	0	0	0	0	0	0	0	0	0	0	0	0	0
OG0011738	0	0	0	0	0	0	0	0	0	0	0	0	0	0	0	0	0
OG0011739	0	0	0	0	0	0	0	0	0	0	0	0	0	0	0	0	0
OG0011740	0	0	0	1	0	0	0	0	0	0	0	0	0	0	0	0	0
OG0011741	0	1	0	-1	0	0	0	0	0	0	0	0	0	0	0	0	0
OG0011742	0	0	0	0	0	0	0	0	0	0	0	0	0	0	0	0	0
OG0011743	0	0	0	0	0	0	0	0	0	0	0	0	0	0	0	0	0
OG0011744	0	0	0	0	0	0	0	0	0	0	0	0	0	0	0	0	0
OG0011745	0	0	0	0	0	0	0	0	0	0	0	0	0	0	0	0	0
OG0011746	0	0	0	0	0	0	0	0	0	0	0	0	0	0	0	0	0
OG0011747	0	1	0	0	0	0	0	0	0	0	0	0	0	0	0	0	0
OG0011748	0	0	0	0	0	0	0	0	0	0	0	0	0	0	0	0	0
OG0011749	0	0	0	0	0	0	0	0	0	0	0	0	0	0	0	0	0
OG0011750	0	0	1	0	0	0	0	0	0	0	0	0	0	0	0	0	0
OG0011751	0	0	0	0	0	0	0	0	0	0	0	0	0	0	0	0	0
OG0011752	0	0	0	0	0	0	0	0	0	0	0	0	0	0	0	0	0
OG0011753	0	0	0	0	0	0	0	0	0	0	0	0	0	0	0	0	0
OG0011754	0	0	0	0	0	0	0	0	0	0	0	0	0	0	0	0	0
OG0011755	0	0	0	0	0	0	0	0	0	0	0	0	0	0	0	0	0
OG0011756	0	0	0	0	0	0	0	0	0	0	0	0	0	0	0	0	0
OG0011757	0	0	0	0	0	0	0	0	0	0	0	0	0	0	0	0	0
OG0011758	0	0	0	0	0	0	0	0	0	0	0	0	0	0	0	0	0
OG0011759	0	0	0	0	0	0	0	0	0	0	0	0	0	0	0	0	0
OG0011760	0	1	0	0	0	0	0	0	0	0	0	0	0	0	0	0	0
OG0011761	0	0	1	0	0	0	0	0	0	0	0	0	0	0	0	0	0
OG0011762	0	0	0	1	0	0	0	0	0	0	0	0	0	0	0	0	0
OG0011763	0	0	0	0	0	0	0	0	0	0	0	0	0	0	0	0	0
OG0011764	0	1	0	0	0	0	0	0	0	0	0	0	0	0	0	0	0
OG0011765	0	0	0	0	0	0	0	0	0	0	0	0	0	0	0	0	0
OG0011766	0	0	0	0	0	0	0	0	0	0	0	0	0	0	0	0	0
OG0011767	0	1	0	0	0	0	0	0	0	0	0	0	0	0	0	0	0
OG0011768	0	0	0	0	0	0	0	0	0	0	0	0	0	0	0	0	0
OG0011769	0	0	0	0	0	0	0	0	0	0	0	0	0	0	0	0	0
OG0011770	0	0	0	0	0	0	0	0	0	0	0	0	0	0	0	0	0
OG0011771	0	1	0	0	0	0	0	0	0	0	0	0	0	0	0	0	0
OG0011772	0	0	0	0	0	0	0	0	0	0	0	0	0	0	0	0	0
OG0011773	0	1	0	0	0	0	-1	0	0	0	0	0	0	0	0	0	0
OG0011774	0	1	0	0	0	0	0	0	0	0	0	0	0	0	0	0	0
OG0011775	0	0	0	0	0	0	0	0	0	0	0	0	0	0	0	0	0
OG0011776	0	0	0	0	0	0	0	0	0	0	0	0	0	0	0	0	0
OG0011777	0	0	0	0	0	0	0	0	0	0	0	0	0	0	0	0	0
OG0011778	0	0	0	0	0	0	0	0	0	0	0	0	0	0	0	0	0
OG0011779	0	1	0	0	0	0	0	0	0	0	0	0	0	0	0	0	0
OG0011780	0	1	0	0	0	0	0	-1	0	0	0	0	0	0	0	0	0
OG0011781	0	0	0	0	0	0	0	0	0	0	0	0	0	0	0	0	0
OG0011782	0	0	0	0	0	0	0	0	0	0	0	0	0	0	0	0	0
OG0011783	0	1	0	-1	0	0	0	0	0	0	0	0	0	0	0	0	0
OG0011784	0	0	0	0	0	0	0	0	0	0	0	0	0	0	0	0	0
OG0011785	0	0	0	0	0	0	0	0	0	0	0	0	0	0	0	0	0
OG0011786	0	0	0	0	0	0	0	0	0	0	0	0	0	0	0	0	0
OG0011787	0	0	0	0	0	0	0	0	0	0	0	0	0	0	0	0	0
OG0011788	0	2	0	-1	0	0	0	0	0	0	0	0	0	0	0	0	0
OG0011789	1	0	0	-1	0	0	0	0	0	0	0	0	0	0	0	0	0
OG0011790	0	0	0	0	0	0	0	0	0	0	0	0	0	0	0	0	0
OG0011791	0	0	0	0	0	0	0	0	0	0	0	0	0	0	0	0	0
OG0011792	0	0	0	0	0	0	0	0	0	0	0	0	0	0	0	0	0
OG0011793	0	0	0	0	0	0	0	0	0	0	0	0	0	0	0	0	0
OG0011794	0	0	0	0	0	0	0	0	0	0	0	0	0	0	0	0	0
OG0011795	0	0	0	0	0	0	0	0	0	0	0	0	0	0	0	0	0
OG0011796	0	0	0	0	0	0	0	0	0	0	0	0	0	0	0	0	0
OG0011797	0	0	0	-1	0	0	0	0	0	0	0	0	0	0	0	0	0
OG0011798	0	0	0	0	0	0	0	0	0	0	0	0	0	0	0	0	0
OG0011799	0	1	0	1	0	0	0	-1	0	0	0	0	0	0	0	0	0
OG0011800	0	1	0	0	0	0	-1	0	0	0	0	0	0	0	0	0	0
OG0011801	0	0	0	0	0	0	0	0	0	0	0	0	0	0	0	0	0
OG0011802	0	0	0	0	0	0	0	0	0	0	0	0	0	0	0	0	0
OG0011803	0	0	0	0	0	0	0	0	0	0	0	0	0	0	0	0	0
OG0011804	0	1	0	0	0	0	0	0	0	0	0	0	0	0	0	0	0
OG0011805	0	0	0	0	0	0	0	0	0	0	0	0	0	0	0	0	0
OG0011806	0	0	0	0	0	0	0	0	1	0	0	0	0	0	0	0	0
OG0011807	0	0	0	0	0	0	0	0	0	0	0	0	0	0	0	0	0
OG0011808	0	0	0	-1	2	0	-1	1	0	0	0	-1	0	0	0	0	0
OG0011809	0	-1	0	-1	3	-1	-1	2	-1	0	0	0	0	0	0	0	0
OG0011810	0	0	0	-1	3	-1	-1	2	-1	0	0	-1	0	0	0	0	0
OG0012153	0	0	0	1	0	0	0	0	-1	0	0	0	0	0	0	0	0
OG0012154	0	0	0	0	0	0	0	0	0	0	0	0	0	0	0	0	0
OG0012155	0	0	0	-1	0	0	0	0	0	0	0	0	0	0	0	0	0
OG0012156	0	1	0	-1	0	0	0	0	0	0	0	0	0	0	0	0	0
OG0012157	1	0	0	-1	0	0	0	0	0	0	0	0	0	0	0	0	0
OG0012158	2	0	0	0	0	-1	0	0	0	0	0	0	0	0	0	0	0
OG0012161	0	0	0	0	0	0	0	0	0	0	0	0	0	0	0	0	0
OG0012162	0	0	0	0	0	0	0	0	0	0	0	0	0	0	0	0	0
OG0012163	0	0	0	0	0	0	0	0	0	0	0	0	0	0	0	0	0
OG0012167	2	0	0	0	0	-1	0	0	0	0	-1	0	0	0	0	0	0
OG0012168	0	1	0	-1	0	0	0	0	0	0	0	0	0	0	0	0	0
OG0012169	0	0	0	-1	-1	-1	-1	0	3	0	0	-1	0	0	0	0	0
OG0012170	0	0	0	0	0	0	0	0	-1	0	0	0	0	0	0	0	0
OG0012172	0	0	0	-1	0	0	0	0	0	0	0	0	0	0	0	0	0
OG0012175	0	0	0	0	0	0	0	0	-1	0	0	0	0	0	0	0	0
OG0012176	0	1	0	0	0	0	0	0	-1	0	0	0	0	0	0	0	0
OG0012177	1	-1	0	0	0	0	0	0	-1	0	0	0	0	0	0	0	0
OG0012180	1	0	0	0	0	0	0	-1	0	0	0	0	0	0	0	0	0
OG0012181	1	0	0	-1	0	0	0	0	0	0	0	0	0	0	0	0	0
OG0012182	0	0	0	0	0	0	0	0	0	0	0	0	0	0	0	0	0
OG0012183	0	0	0	-1	0	0	0	0	0	0	0	0	0	0	0	0	0
OG0012184	0	0	0	0	0	0	0	0	0	0	0	0	0	0	0	0	0
OG0012185	1	0	0	0	0	0	0	0	-1	0	0	0	0	0	0	0	0
OG0012186	0	0	0	0	0	0	0	0	0	0	0	0	0	0	0	0	0
OG0012187	0	1	0	0	0	-1	0	0	0	0	0	0	0	0	0	0	0
OG0012188	1	0	0	0	1	0	0	0	0	0	0	-1	0	0	0	0	0
OG0012189	0	0	0	0	0	0	0	0	0	0	0	0	0	0	0	0	0
OG0012190	0	1	0	0	0	0	0	0	-1	0	0	0	0	0	0	0	0
OG0012191	1	0	0	-1	0	0	0	0	-1	0	0	0	0	0	0	0	0
OG0012192	0	0	0	0	0	0	0	0	0	0	0	0	0	0	0	0	0
OG0012193	0	0	0	0	0	0	0	0	-1	0	0	0	0	0	0	0	0
OG0012194	0	0	0	0	0	0	0	0	-1	0	0	0	0	0	0	0	0
OG0012195	0	1	0	0	0	0	0	0	-1	0	0	0	0	0	0	0	0
OG0012196	1	0	0	0	0	0	0	0	0	0	0	1	0	0	0	0	-1
OG0012197	0	0	0	0	-1	0	0	0	0	0	0	0	0	0	0	0	0
OG0012198	0	0	0	0	0	0	0	0	0	0	0	0	0	0	0	0	0
OG0012199	0	0	0	0	0	0	0	0	0	0	0	0	0	0	0	0	0
OG0012200	0	0	0	-1	0	0	0	0	0	0	0	0	0	0	0	0	0
OG0012201	0	0	0	0	0	0	0	0	0	0	0	0	0	0	0	0	0
OG0012202	0	0	0	1	-1	-1	0	-1	0	0	0	-1	0	0	0	1	0
OG0012203	2	0	0	0	0	0	0	0	-1	0	0	0	0	0	0	0	0
OG0012204	0	0	0	0	0	0	0	0	0	0	0	0	0	0	0	0	0
OG0012205	0	0	0	0	0	0	0	0	0	0	0	0	0	0	0	0	0
OG0012206	1	0	0	0	0	0	0	0	-1	0	0	0	0	0	0	0	0
OG0012207	1	-1	0	0	0	0	0	0	-1	0	0	0	0	0	0	0	0
OG0012208	0	0	0	-1	0	0	0	0	0	0	0	0	0	0	0	0	0
OG0012209	0	0	0	0	0	0	0	0	-1	0	0	0	0	0	0	0	0
OG0012210	1	2	0	-1	0	-1	0	0	0	0	0	0	0	0	0	0	0
OG0012211	0	0	0	0	0	0	0	0	0	0	0	0	0	0	0	0	0
OG0012212	2	0	0	0	0	-1	0	0	0	0	0	0	0	0	0	0	0
OG0012213	0	1	0	0	0	0	-1	0	-1	0	0	0	0	0	0	0	0
OG0012214	0	0	0	-1	0	0	0	0	0	0	0	0	0	0	0	0	0
OG0012215	1	0	0	0	0	0	0	0	-1	0	0	0	0	0	0	0	0
OG0012216	1	0	0	0	0	0	0	0	-1	0	0	0	0	0	0	0	0
OG0012217	0	1	0	0	1	0	0	-1	0	0	0	0	0	0	0	0	0
OG0012218	0	0	0	0	0	0	0	0	0	0	0	0	0	0	0	0	0
OG0012219	0	0	0	0	0	0	0	0	-1	0	0	0	0	0	0	0	0
OG0012220	0	0	0	-1	0	0	0	0	0	0	0	0	0	0	0	0	0
OG0012221	0	0	0	0	0	0	0	0	-1	0	0	0	0	0	0	0	0
OG0012222	2	0	0	0	0	-1	0	0	-1	0	0	0	0	0	0	0	0
OG0012223	0	0	1	-1	0	0	0	0	0	0	0	0	0	0	0	0	0
OG0012224	1	1	0	-1	0	0	-1	0	0	0	0	0	0	0	0	0	0
OG0012225	1	-1	0	0	0	0	0	0	0	0	0	0	0	0	0	0	0
OG0012226	1	0	0	0	0	0	0	0	-1	0	0	0	0	0	0	0	0
OG0012227	0	0	0	0	0	0	0	0	0	0	0	0	0	0	0	0	0
OG0012228	1	0	0	0	-1	0	0	0	-1	0	0	0	0	0	0	0	0
OG0012229	0	1	0	-1	0	0	0	0	-1	0	0	0	0	0	0	0	0
OG0012230	2	0	0	0	0	0	0	0	0	0	-1	0	0	0	0	0	-1
OG0012231	0	0	0	0	0	0	0	0	0	0	0	0	0	0	0	0	0
OG0012232	0	0	0	-1	0	0	0	0	-1	0	0	0	0	0	0	0	0
OG0012233	0	-1	0	0	0	0	0	0	0	0	0	0	0	0	0	0	0
OG0012234	0	0	0	-1	0	0	0	0	0	0	0	0	0	0	0	0	0
OG0012235	0	3	0	0	0	-1	0	0	-1	0	0	0	0	0	0	0	0
OG0012236	0	0	0	0	0	0	0	0	0	0	0	0	0	0	0	0	0
OG0012237	0	0	0	0	0	0	0	0	-1	0	0	0	0	0	0	0	0
OG0012238	0	0	0	2	0	-1	0	0	0	0	0	0	0	0	0	0	0
OG0012239	1	0	0	0	0	0	0	0	-1	0	0	0	0	0	0	0	0
OG0012240	0	0	0	0	0	0	-1	0	0	0	0	0	0	0	0	0	0
OG0012241	0	0	0	0	0	0	0	0	0	0	0	0	0	0	0	0	0
OG0012242	0	1	0	0	0	0	0	-1	0	0	0	0	0	0	0	0	0
OG0012243	0	0	0	-1	0	0	0	0	0	0	0	0	0	0	0	0	0
OG0012244	0	1	0	0	0	0	0	0	-1	0	0	0	0	0	0	0	0
OG0012245	0	1	0	0	0	0	0	0	-1	0	0	0	0	0	0	0	0
OG0012246	1	-1	0	0	0	0	0	0	-1	0	0	0	0	0	0	0	0
OG0012247	0	0	0	-1	0	0	0	0	0	0	0	0	0	0	0	0	0
OG0012248	0	0	0	0	0	0	-1	0	0	0	0	0	0	0	0	0	0
OG0012249	0	0	0	0	0	0	0	0	0	0	0	0	0	0	0	0	0
OG0012250	0	1	0	0	0	0	0	-1	0	0	0	0	0	0	0	0	0
OG0012251	0	0	0	-1	0	0	0	0	0	0	0	0	0	0	0	0	0
OG0012252	0	-1	0	0	0	0	0	0	0	0	0	0	0	0	0	0	0
OG0012253	0	0	0	-1	0	0	0	0	0	0	0	0	0	0	0	0	0
OG0012254	0	0	0	0	0	0	0	0	0	0	0	0	0	0	0	0	0
OG0012255	1	0	0	0	0	0	0	0	-1	0	0	0	0	0	0	0	0
OG0012256	0	0	0	0	0	0	0	0	-1	0	0	0	0	0	0	0	0
OG0012257	0	0	0	0	0	0	0	0	0	0	0	0	0	0	0	0	0
OG0012258	0	0	0	0	0	0	0	0	-1	0	0	0	0	0	0	0	0
OG0012259	0	0	0	-1	0	0	0	0	0	0	0	0	0	0	0	0	0
OG0012260	0	0	0	1	0	-1	0	0	0	0	0	0	0	0	0	0	0
OG0012261	0	0	0	0	0	0	0	0	0	0	0	0	0	0	0	0	0
OG0012262	0	0	0	0	-1	0	0	0	0	0	0	0	0	0	0	0	0
OG0012263	1	0	0	0	0	0	0	0	0	0	0	1	0	0	0	0	-1
OG0012264	0	0	0	0	0	0	0	0	0	0	0	0	0	0	0	0	0
OG0012265	2	0	0	0	0	0	0	0	-1	0	0	0	0	0	0	0	0
OG0012266	0	0	0	0	0	0	0	0	0	0	0	0	0	0	0	0	0
OG0012267	0	0	0	0	0	0	0	0	-1	0	0	0	0	0	0	0	0
OG0012268	0	0	0	0	0	0	0	0	0	0	0	0	0	0	0	0	0
OG0012269	0	0	0	0	0	0	0	0	0	0	0	0	0	0	0	0	0
OG0012270	0	0	0	0	0	0	0	0	-1	0	0	0	0	0	0	0	0
OG0012271	0	0	0	0	0	0	0	0	0	0	0	0	0	0	0	0	0
OG0012272	0	0	0	0	0	0	0	0	0	0	0	0	0	0	0	0	0
OG0012273	0	1	0	0	0	0	-1	0	0	0	0	0	0	0	0	0	0
OG0012274	0	0	0	0	0	0	0	0	0	0	0	0	0	0	0	0	0
OG0012275	0	1	0	-1	0	0	0	0	0	0	0	0	0	0	0	0	0
OG0012276	0	1	0	0	0	-1	0	0	0	0	0	0	0	0	0	0	0
OG0012277	0	1	0	0	0	0	0	0	-1	0	0	0	0	0	0	0	0
OG0012278	0	0	0	-1	0	0	0	0	0	0	0	0	0	0	0	0	0
OG0012279	0	1	0	-1	0	0	0	0	-1	0	0	0	0	0	0	0	0
OG0012280	0	0	0	0	0	0	0	0	-1	0	0	0	0	0	0	0	0
OG0012281	0	0	0	1	0	0	0	0	-1	0	0	0	0	0	0	0	0
OG0012282	0	0	0	0	0	0	0	0	0	0	0	0	0	0	0	0	0
OG0012283	0	1	0	0	0	-1	0	0	0	0	0	0	0	0	0	0	0
OG0012284	0	1	0	0	0	-1	0	0	0	0	0	0	0	0	0	0	0
OG0012285	1	1	0	0	0	-1	0	0	-1	0	0	0	0	0	0	0	0
OG0012286	0	0	0	0	0	0	0	0	-1	0	0	0	0	0	0	0	0
OG0012287	0	1	0	1	-1	1	0	0	0	0	0	0	0	0	0	0	-1
OG0012288	0	0	0	0	0	0	0	0	0	0	0	0	0	0	0	0	0
OG0012289	0	0	0	-1	0	0	0	0	0	0	0	0	0	0	0	0	0
OG0012290	0	0	0	0	0	0	0	0	0	0	0	0	0	0	0	0	0
OG0012291	0	1	0	0	0	0	0	-1	0	0	0	0	0	0	0	0	0
OG0012292	0	0	0	-1	0	0	0	0	0	0	0	0	0	0	0	0	0
OG0012293	0	0	0	-1	0	0	0	0	0	0	0	0	0	0	0	0	0
OG0012294	0	0	0	0	0	0	0	0	0	0	0	0	0	0	0	0	0
OG0012295	1	1	0	0	0	0	-1	0	-1	0	0	0	0	0	0	0	0
OG0012296	1	0	0	0	2	-1	-1	0	0	0	0	0	0	0	0	0	0
OG0012297	0	0	0	-1	0	0	0	0	0	0	0	0	0	0	0	0	0
OG0012298	0	-1	0	0	0	0	0	0	0	0	0	0	0	0	0	0	0
OG0012299	0	-1	0	0	0	0	0	0	0	0	0	0	0	0	0	0	0
OG0012300	0	1	-1	-1	0	0	0	0	0	0	0	0	0	0	0	0	0
OG0012301	0	0	0	0	0	0	0	0	0	0	0	0	0	0	0	0	0
OG0012302	0	0	0	0	0	0	0	0	0	0	0	0	0	0	0	0	0
OG0012303	0	0	0	0	0	0	0	0	-1	0	0	0	0	0	0	0	0
OG0012304	0	0	0	0	0	0	0	0	0	0	0	0	0	0	0	0	0
OG0012305	0	0	0	0	0	0	0	0	0	0	0	0	0	0	0	0	0
OG0012306	0	-1	0	0	0	-1	0	0	0	0	0	0	0	0	0	0	1
OG0012307	0	0	0	0	0	0	0	0	0	0	0	0	0	0	0	0	0
OG0012308	1	0	0	0	0	0	-1	0	0	0	0	0	0	0	0	0	0
OG0012309	0	0	0	-1	0	0	0	0	0	0	0	0	0	0	0	0	0
OG0012310	0	1	0	0	0	0	-1	0	-1	0	0	0	0	0	0	0	0
OG0012311	0	0	0	0	0	0	0	0	0	0	0	0	0	0	0	0	0
OG0012312	0	0	0	0	0	0	0	0	0	0	0	0	0	0	0	0	0
OG0012313	0	0	0	0	0	0	0	0	0	0	0	0	0	0	0	0	0
OG0012314	0	0	0	-1	0	0	0	0	0	0	0	0	0	0	0	0	0
OG0012315	0	2	0	0	0	0	0	0	-1	0	0	0	0	0	0	0	0
OG0012316	0	0	0	0	0	0	-1	0	0	0	0	0	0	0	0	0	0
OG0012317	0	0	0	0	0	0	0	0	0	0	0	0	0	0	0	0	0
OG0012318	0	0	0	0	0	0	0	0	0	0	0	0	0	0	0	0	0
OG0012319	0	0	0	0	0	0	0	0	-1	0	0	0	0	0	0	0	0
OG0012320	0	0	0	0	0	0	-1	0	0	0	0	0	0	0	0	0	0
OG0012321	0	0	0	-1	0	0	0	0	0	0	0	0	0	0	0	0	0
OG0012322	0	0	0	-1	0	0	0	0	0	0	0	0	0	0	0	0	0
OG0012323	0	0	0	-1	0	0	0	0	0	0	0	0	0	0	0	0	0
OG0012324	0	1	0	0	0	0	0	0	-1	0	0	0	0	0	0	0	0
OG0012325	0	0	0	0	0	0	0	0	0	0	0	0	0	0	0	0	0
OG0012326	0	0	0	0	0	0	0	0	0	0	0	0	0	0	0	0	0
OG0012327	0	0	0	0	0	0	0	0	0	0	0	0	0	0	0	0	0
OG0012328	0	0	0	0	0	0	0	0	0	0	0	0	0	0	0	0	0
OG0012329	0	0	0	0	0	0	0	0	0	0	0	0	0	0	0	0	0
OG0012330	0	0	0	0	0	0	0	0	0	0	0	0	0	0	0	0	0
OG0012331	0	0	0	0	0	0	0	0	0	0	0	0	0	0	0	0	0
OG0012332	1	0	0	0	0	0	0	0	0	0	0	0	0	0	0	0	0
OG0012333	1	0	0	0	0	0	-1	0	0	0	0	0	0	0	0	0	0
OG0012334	0	0	0	0	0	0	0	0	0	0	0	0	0	0	0	0	0
OG0012335	1	1	0	-1	-1	0	0	0	-1	0	0	0	0	0	0	0	0
OG0012336	0	0	0	-1	0	0	0	0	0	0	0	0	0	0	0	0	0
OG0012337	0	0	0	0	0	0	0	0	-1	0	0	0	0	0	0	0	0
OG0012338	0	0	0	0	0	0	-1	0	0	0	0	0	0	0	0	0	0
OG0012339	0	0	0	0	0	0	0	0	0	0	0	0	0	0	0	0	0
OG0012340	0	0	0	-1	1	0	0	0	0	0	0	0	0	0	0	0	0
OG0012341	0	0	0	0	0	0	0	0	-1	0	0	0	0	0	0	0	0
OG0012342	0	1	0	0	0	0	0	-1	0	0	0	0	0	0	0	0	0
OG0012343	0	0	0	0	0	0	0	0	0	0	0	0	0	0	0	0	0
OG0012344	0	0	0	-1	0	0	0	0	0	0	0	0	0	0	0	0	0
OG0012345	0	1	0	0	0	0	0	-1	0	0	0	0	0	0	0	0	0
OG0012346	0	0	0	0	0	0	0	0	0	0	0	1	0	0	0	0	-1
OG0012347	0	0	0	0	0	0	0	0	0	0	0	0	0	0	0	0	0
OG0012348	0	0	0	0	0	0	0	0	0	0	0	0	0	0	0	0	0
OG0012349	1	1	0	0	0	-1	0	0	0	0	0	0	0	0	0	0	0
OG0012350	1	0	0	0	0	-1	0	0	0	0	0	0	0	0	0	0	0
OG0012351	0	0	1	-1	0	0	0	0	0	0	0	0	0	0	0	0	0
OG0012352	0	0	0	0	-1	0	0	0	0	0	0	0	0	0	0	0	0
OG0012353	0	0	0	-1	0	0	0	0	0	0	0	0	0	0	0	0	0
OG0012354	0	0	0	-1	0	0	0	0	0	0	0	0	0	0	0	0	0
OG0012355	0	0	0	0	0	0	0	0	-1	0	0	0	0	0	0	0	0
OG0012356	1	0	0	0	0	0	0	0	-1	0	0	0	0	0	0	0	0
OG0012357	0	0	0	-1	0	0	0	0	0	0	0	0	0	0	0	0	0
OG0012358	0	0	0	-1	0	0	0	0	0	0	0	0	0	0	0	0	0
OG0012359	0	0	0	0	0	0	0	0	0	0	0	0	0	0	0	0	0
OG0012360	0	1	0	0	0	0	0	0	-1	0	0	0	0	0	0	0	0
OG0012361	0	0	0	0	0	0	-1	0	0	0	0	0	0	0	0	0	0
OG0012362	0	0	0	0	0	0	0	0	-1	0	0	0	0	0	0	0	0
OG0012363	0	0	0	0	0	0	0	0	-1	0	0	0	0	0	0	0	0
OG0012364	0	0	0	0	0	0	0	0	0	0	0	0	0	0	0	0	0
OG0012365	1	0	0	0	0	0	0	0	0	0	0	0	0	0	0	0	0
OG0012366	0	0	0	0	0	0	0	0	-1	0	0	0	0	0	0	0	0
OG0012367	0	0	0	0	0	0	0	0	0	0	0	0	0	0	0	0	0
OG0012368	1	0	0	0	0	0	-1	0	-1	0	0	0	0	0	0	0	0
OG0012369	0	1	0	0	0	0	0	-1	0	0	0	0	0	0	0	0	0
OG0012370	0	0	0	1	0	0	-1	0	0	0	0	0	0	0	0	0	0
OG0012371	0	0	0	-1	0	0	0	0	0	0	0	0	0	0	0	0	0
OG0012372	0	0	0	0	0	0	0	0	0	0	0	0	0	0	0	0	0
OG0012373	0	0	0	-1	0	0	0	0	0	0	0	0	0	0	0	0	0
OG0012374	1	0	0	0	0	0	0	0	-1	0	0	0	0	0	0	0	0
OG0012375	0	0	0	0	0	0	0	0	0	0	0	0	0	0	0	0	0
OG0012376	0	0	0	-1	0	0	0	0	0	0	0	0	0	0	0	0	0
OG0012377	1	0	0	-1	0	0	0	0	0	0	0	0	0	0	0	0	0
OG0012378	0	0	0	0	0	0	0	0	0	0	0	0	0	0	0	0	0
OG0012379	1	1	0	-1	0	0	0	-1	0	0	0	0	0	0	0	0	0
OG0012380	0	0	0	0	-1	0	0	0	0	0	0	0	0	0	0	0	0
OG0012381	0	0	0	0	0	0	0	0	-1	0	0	0	0	0	0	0	0
OG0012382	0	0	0	-1	0	0	0	0	0	0	0	0	0	0	0	0	0
OG0012383	1	0	0	0	0	0	0	0	-1	0	0	0	0	0	0	0	0
OG0012384	0	0	0	0	0	0	0	0	0	0	0	0	0	0	0	0	0
OG0012385	2	0	0	0	0	-1	0	0	0	0	0	0	0	0	0	0	0
OG0012386	0	0	0	0	0	0	0	0	0	0	0	0	0	0	0	0	0
OG0012387	0	0	0	0	0	0	-1	0	0	0	0	0	0	0	0	0	0
OG0012388	1	0	0	0	0	-1	-1	0	1	0	0	0	0	0	0	0	0
OG0012389	0	0	0	0	0	0	0	0	0	0	0	0	0	0	0	0	0
OG0012390	0	0	0	0	0	0	0	0	0	0	0	0	0	0	0	0	0
OG0012391	0	0	0	0	0	0	0	0	-1	0	0	0	0	0	0	0	0
OG0012392	0	0	0	0	0	0	0	0	0	0	0	0	0	0	0	0	0
OG0012393	0	0	0	0	0	0	0	0	0	0	0	0	0	0	0	0	0
OG0012394	0	0	0	0	0	0	0	0	-1	0	0	0	0	0	0	0	0
OG0012395	1	0	0	0	0	0	0	0	-1	0	0	0	0	0	0	0	0
OG0012396	0	0	0	-1	0	0	0	0	0	0	0	0	0	0	0	0	0
OG0012397	0	0	0	0	0	0	0	0	-1	0	0	0	0	0	0	0	0
OG0012398	0	1	0	-1	0	0	0	0	0	0	0	0	0	0	0	0	0
OG0012399	0	0	0	0	0	0	0	0	-1	0	0	0	0	0	0	0	0
OG0012400	1	0	0	0	0	0	0	0	-1	0	0	0	0	0	0	0	0
OG0012401	0	0	0	0	0	0	0	0	0	0	0	0	0	0	0	0	0
OG0012402	1	0	0	0	0	-1	0	0	0	0	0	0	0	0	0	0	0
OG0012403	0	0	0	0	0	0	0	0	0	0	0	0	0	0	0	0	0
OG0012404	0	-1	0	0	0	0	-1	0	0	0	0	0	0	0	0	0	0
OG0012405	0	0	0	0	0	0	-1	0	0	0	0	0	0	0	0	0	0
OG0012406	0	0	0	1	0	0	-1	0	0	0	0	0	0	0	0	0	0
OG0012407	0	0	0	-1	0	0	0	0	0	0	0	0	0	0	0	0	0
OG0012408	0	0	0	0	0	0	0	0	0	0	0	0	0	0	0	0	0
OG0012409	0	0	0	0	0	0	-1	0	0	0	0	0	0	0	0	0	0
OG0012410	0	0	0	0	0	0	0	0	0	0	0	0	0	0	0	0	0
OG0012411	0	0	0	-1	0	0	0	0	0	0	0	0	0	0	0	0	0
OG0012412	0	0	0	0	0	0	0	0	-1	0	0	0	0	0	0	0	0
OG0012413	1	-1	0	-1	0	0	0	0	0	0	0	0	0	0	0	0	0
OG0012414	0	1	0	-1	0	0	0	0	0	0	0	0	0	0	0	0	0
OG0012415	0	1	0	-1	0	0	0	0	-1	0	0	0	0	0	0	0	0
OG0012416	0	0	0	0	0	0	0	0	0	0	0	0	0	0	0	0	0
OG0012417	0	0	0	0	0	0	0	0	-1	0	0	0	0	0	0	0	0
OG0012418	0	0	0	0	0	0	0	0	-1	0	0	0	0	0	0	0	0
OG0012419	0	0	0	0	0	0	1	0	-1	0	0	0	0	0	0	0	0
OG0012420	0	0	0	0	0	0	-1	0	0	0	0	0	0	0	0	0	0
OG0012421	0	0	0	-1	0	0	0	0	0	0	0	0	0	0	0	0	0
OG0012422	0	0	0	0	0	0	0	0	0	0	0	0	0	0	0	0	0
OG0012423	0	0	0	-1	0	0	0	0	0	0	0	0	0	0	0	0	0
OG0012424	1	0	0	0	0	0	0	0	-1	0	0	0	0	0	0	0	0
OG0012425	0	0	0	0	0	0	-1	0	0	0	0	0	0	0	0	0	0
OG0012426	0	0	0	0	0	0	0	0	0	0	0	0	0	0	0	0	0
OG0012427	0	0	0	0	0	0	-1	0	0	0	0	0	0	0	0	0	0
OG0012428	0	1	0	0	0	0	0	-1	0	0	0	0	0	0	0	0	0
OG0012429	0	0	0	0	0	0	0	0	0	0	0	0	0	0	0	0	0
OG0012430	0	0	0	0	0	0	0	0	-1	0	0	0	0	0	0	0	0
OG0012431	0	1	0	-1	0	0	0	0	0	0	0	0	0	0	0	0	0
OG0012432	0	0	0	-1	0	0	0	0	0	0	0	0	0	0	0	0	0
OG0012433	0	0	0	0	0	0	0	0	0	0	0	0	0	0	0	0	0
OG0012434	0	0	0	0	0	0	0	0	0	0	0	0	0	0	0	0	0
OG0012435	0	1	0	-1	-1	0	0	0	0	0	0	0	0	0	0	0	0
OG0012436	0	0	0	0	0	0	0	0	0	0	0	0	0	0	0	0	0
OG0012437	0	0	0	0	0	0	0	0	-1	0	0	0	0	0	0	0	0
OG0012438	0	0	0	0	0	0	0	0	0	0	0	0	0	0	0	0	0
OG0012439	0	0	0	0	0	0	-1	0	0	0	0	0	0	0	0	0	0
OG0012440	0	0	0	0	0	0	0	0	0	0	0	0	0	0	0	0	0
OG0012441	2	-1	0	-1	0	0	0	0	-1	0	-1	0	0	0	0	0	0
OG0012442	0	0	0	0	0	0	0	0	0	0	0	0	0	0	0	0	0
OG0012443	7	0	0	-1	-1	0	0	0	0	0	-1	-1	0	0	0	-1	0
OG0012444	0	0	0	0	0	0	0	0	-1	0	0	0	0	0	0	0	0
OG0012445	0	1	0	0	0	0	0	0	-1	0	0	0	0	0	0	0	0
OG0012446	0	0	0	0	0	0	0	0	0	0	0	0	0	0	0	0	0
OG0012447	0	0	0	-1	0	0	0	0	0	0	0	0	0	0	0	0	0
OG0012448	1	1	0	0	0	0	0	-1	0	0	0	0	0	0	0	0	0
OG0012449	0	0	0	1	0	0	0	0	-1	0	0	0	0	0	0	0	0
OG0012450	0	0	0	0	0	0	0	0	0	0	0	0	0	0	0	0	0
OG0012451	0	0	0	0	0	0	0	0	-1	0	0	0	0	0	0	0	0
OG0012452	1	0	0	0	1	-1	0	0	0	0	0	0	0	0	0	0	0
OG0012453	0	0	0	0	0	0	0	0	-1	0	0	0	0	0	0	0	0
OG0012454	0	0	1	0	1	-1	1	-1	0	0	0	0	0	0	0	0	0
OG0012455	0	0	0	0	0	0	0	0	0	0	0	0	0	0	0	0	0
OG0012456	1	0	0	0	0	0	0	-1	0	0	0	0	0	0	0	0	0
OG0012457	0	0	0	0	0	0	-1	0	0	0	0	0	0	0	0	0	0
OG0012458	0	0	0	-1	0	0	0	0	0	0	0	0	0	0	0	0	0
OG0012459	0	0	0	0	0	0	0	0	0	0	0	0	0	0	0	0	0
OG0012460	0	0	0	0	0	0	0	0	0	0	0	0	0	0	0	0	0
OG0012461	0	0	0	1	0	0	0	0	-1	0	0	0	0	0	0	0	0
OG0012462	0	0	0	0	0	0	0	0	0	0	0	0	0	0	0	0	0
OG0012463	0	0	0	0	0	0	-1	0	0	0	0	0	0	0	0	0	0
OG0012464	1	-1	1	0	0	0	0	0	-1	0	0	0	0	0	0	0	0
OG0012465	1	0	0	0	0	0	0	0	-1	0	0	0	0	0	0	0	0
OG0012466	0	0	0	0	0	0	-1	0	0	0	0	0	0	0	0	0	0
OG0012467	0	0	0	0	0	0	0	0	-1	0	0	0	0	0	0	0	0
OG0012468	0	0	0	-1	0	0	0	0	0	0	0	0	0	0	0	0	0
OG0012469	0	0	0	0	0	0	0	0	0	0	0	0	0	0	0	0	0
OG0012470	0	0	0	0	0	0	-1	1	-1	0	0	0	0	0	0	0	0
OG0012471	0	0	0	-1	0	0	0	0	0	0	0	0	0	0	0	0	0
OG0012472	1	0	0	-1	0	0	0	0	0	0	0	0	0	0	0	0	0
OG0012473	0	0	0	-1	0	0	0	0	0	0	0	0	0	0	0	0	0
OG0012474	0	0	0	0	0	0	0	0	-1	0	0	0	0	0	0	0	0
OG0012475	0	0	0	0	0	0	-1	0	0	0	0	0	0	0	0	0	0
OG0012476	0	0	0	-1	0	0	0	0	0	0	0	0	0	0	0	0	0
OG0012477	0	0	0	0	0	0	0	0	0	0	0	0	0	0	0	0	0
OG0012478	1	0	0	-1	0	0	0	0	0	0	0	0	0	0	0	0	0
OG0012479	0	0	0	-1	0	0	0	0	0	0	0	0	0	0	0	0	0
OG0012480	0	0	0	0	0	0	0	0	0	0	0	0	0	0	0	0	0
OG0012481	0	1	0	0	0	0	0	0	0	0	0	0	0	0	0	0	0
OG0012482	1	0	0	0	0	0	-1	0	0	0	0	0	0	0	0	0	0
OG0012483	0	0	0	-1	0	0	0	0	0	0	0	0	0	0	0	0	0
OG0012484	0	0	0	-1	0	0	0	0	0	0	0	0	0	0	0	0	0
OG0012485	0	0	0	0	0	0	-1	0	0	0	0	0	0	0	0	0	0
OG0012486	0	0	0	0	0	0	-1	0	0	0	0	0	0	0	0	0	0
OG0012487	0	0	0	0	0	0	0	0	0	0	0	0	0	0	0	0	0
OG0012488	1	0	0	0	0	0	-1	0	-1	0	0	0	0	0	0	0	0
OG0012489	0	0	0	0	0	0	0	0	0	0	0	0	0	0	0	0	0
OG0012490	0	0	0	0	0	0	0	0	0	0	0	0	0	0	0	0	0
OG0012491	0	2	0	0	0	-1	0	0	0	0	0	0	0	0	0	0	0
OG0012492	0	0	0	0	0	0	0	0	0	0	0	0	0	0	0	0	0
OG0012493	0	0	0	0	0	0	0	0	0	0	0	0	0	0	0	0	0
OG0012494	0	-1	0	0	1	-1	-1	0	-1	0	0	0	0	0	-1	0	0
OG0012495	0	0	0	0	0	0	0	0	0	0	0	0	0	0	0	0	0
OG0012496	0	0	0	0	0	0	0	0	0	0	0	0	0	0	0	0	0
OG0012497	0	0	0	0	1	-1	0	0	0	0	0	0	0	0	0	0	0
OG0012498	0	0	0	0	0	0	0	0	0	0	0	0	0	0	0	0	0
OG0012499	0	0	0	0	0	0	0	0	0	0	0	0	0	0	0	0	0
OG0012500	0	0	0	0	0	0	0	0	0	0	0	0	0	0	0	0	0
OG0012501	0	0	0	-1	0	0	0	0	0	0	0	0	0	0	0	0	0
OG0012502	0	0	0	-1	0	0	0	0	0	0	0	0	0	0	0	0	0
OG0012503	0	0	0	0	0	0	0	0	0	0	0	0	0	0	0	0	0
OG0012504	0	0	0	0	0	0	0	0	0	0	0	0	0	0	0	0	0
OG0012505	0	0	0	-1	0	0	0	0	0	0	0	0	0	0	0	0	0
OG0012506	0	0	0	0	0	0	0	0	0	0	0	0	0	0	0	0	0
OG0012508	1	0	0	-1	0	0	0	0	0	0	0	0	0	0	0	0	0
OG0012509	0	2	0	-1	0	0	0	-1	0	0	0	0	0	0	0	0	0
OG0012510	0	0	0	0	0	0	0	0	0	0	0	0	0	0	0	0	0
OG0012511	1	0	0	2	0	-1	0	0	-1	0	0	0	0	0	0	0	0
OG0012512	0	0	0	-1	0	0	0	0	0	0	0	0	0	0	0	0	0
OG0012513	0	0	0	-1	0	0	0	0	0	0	0	0	0	0	0	0	0
OG0012514	0	0	0	-1	0	0	0	0	0	0	0	0	0	0	0	0	0
OG0012515	0	0	0	0	0	0	0	0	0	0	0	0	0	0	0	0	0
OG0012516	0	0	0	-1	0	0	0	0	0	0	0	0	0	0	0	0	0
OG0012517	0	0	0	0	0	0	0	0	0	0	0	0	0	0	0	0	0
OG0012518	0	2	0	-1	0	0	0	0	0	0	0	0	0	0	0	0	0
OG0012519	0	0	0	0	0	0	0	0	0	0	0	0	0	0	0	0	0
OG0012520	0	1	0	-1	0	0	0	0	0	0	0	0	0	0	0	0	0
OG0012521	0	0	0	0	0	0	-1	0	0	0	0	0	0	0	0	0	0
OG0012522	0	0	0	0	0	0	-1	0	0	0	0	0	0	0	0	0	0
OG0012523	0	0	0	-1	0	0	0	0	0	0	0	0	0	0	0	0	0
OG0012524	1	-1	0	0	0	0	0	0	0	0	0	0	0	0	0	0	0
OG0012526	0	0	0	0	0	0	0	0	-1	0	0	0	0	0	0	0	0
OG0012527	0	0	0	0	0	0	0	0	0	0	0	0	0	0	0	0	0
OG0012528	0	0	0	0	0	0	0	0	0	0	0	0	0	0	0	0	0
OG0012529	0	0	0	0	0	0	0	0	0	0	0	0	0	0	0	0	0
OG0012530	0	0	0	0	0	0	0	0	0	0	0	0	0	0	0	0	0
OG0012531	0	0	0	-1	0	0	0	0	0	0	0	0	0	0	0	0	0
OG0012532	0	0	0	0	0	0	-1	0	0	0	0	0	0	0	0	0	0
OG0012533	0	0	0	0	0	0	0	0	-1	0	0	0	0	0	0	0	0
OG0012534	0	0	1	0	0	0	0	0	-1	0	0	0	0	0	0	0	0
OG0012535	0	0	0	0	0	0	0	-1	0	0	0	0	0	0	0	0	0
OG0012536	0	1	0	0	0	0	-1	0	0	0	0	0	0	0	0	0	0
OG0012537	0	0	0	0	0	0	0	0	0	0	0	0	0	0	0	0	0
OG0012538	0	0	0	0	0	0	0	0	0	0	0	0	0	0	0	0	0
OG0012539	0	0	0	0	0	0	0	0	-1	0	0	0	0	0	0	0	0
OG0012540	0	0	0	0	0	0	0	0	0	0	0	0	0	0	0	0	0
OG0012541	0	0	0	0	0	0	-1	0	0	0	0	0	0	0	0	0	0
OG0012542	0	0	0	-1	0	0	0	0	0	0	0	0	0	0	0	0	0
OG0012543	0	0	0	0	0	0	0	0	-1	0	0	0	0	0	0	0	0
OG0012544	0	0	0	0	0	0	0	0	0	0	0	0	0	0	0	0	0
OG0012545	0	0	0	0	0	0	0	0	-1	0	0	0	0	0	0	0	0
OG0012546	0	0	0	0	0	0	0	0	-1	0	0	0	0	0	0	0	0
OG0012547	0	1	0	0	0	0	0	-1	0	0	0	0	0	0	0	0	0
OG0012548	0	0	0	0	0	0	0	0	0	0	0	0	0	0	0	0	0
OG0012549	0	0	0	0	0	0	0	0	-1	0	0	0	0	0	0	0	0
OG0012550	0	0	0	-1	0	0	0	0	0	0	0	0	0	0	0	0	0
OG0012551	0	0	0	0	0	0	0	0	0	0	0	0	0	0	0	0	0
OG0012552	0	0	0	0	0	0	0	0	0	0	0	0	0	0	0	0	0
OG0012553	0	0	0	0	0	0	0	0	-1	0	0	0	0	0	0	0	0
OG0012554	0	0	0	0	0	0	0	0	0	0	0	0	0	0	0	0	0
OG0012555	0	0	0	-1	0	0	0	0	0	0	0	0	0	0	0	0	0
OG0012556	0	1	0	-1	0	0	-1	0	0	0	0	0	0	0	0	0	0
OG0012557	0	0	0	0	0	0	0	0	0	0	0	0	0	0	0	0	0
OG0012558	1	-1	0	0	0	0	0	0	0	0	0	0	0	0	0	0	0
OG0012559	0	0	0	0	0	0	0	0	0	0	0	0	0	0	0	0	0
OG0012560	0	0	0	0	0	0	0	0	0	0	0	0	0	0	0	0	0
OG0012561	0	0	0	0	0	0	0	0	0	0	0	0	0	0	0	0	0
OG0012562	0	0	0	-1	0	0	0	0	0	0	0	0	0	0	0	0	0
OG0012563	0	0	0	-1	0	0	0	0	0	0	0	0	0	0	0	0	0
OG0012564	1	1	0	0	0	0	0	0	0	0	0	0	0	0	0	0	-1
OG0012565	0	1	0	0	0	0	-1	0	0	0	0	0	0	0	0	0	0
OG0012566	1	0	0	-1	0	0	0	0	-1	0	0	0	0	0	0	0	0
OG0012567	0	0	0	0	0	0	0	0	0	0	0	0	0	0	0	0	0
OG0012568	0	-1	0	0	0	0	0	0	0	0	0	0	0	0	0	0	0
OG0012569	0	0	0	0	0	0	0	0	0	0	0	0	0	0	0	0	0
OG0012570	0	0	0	0	0	0	0	0	-1	0	0	0	0	0	0	0	0
OG0012571	0	-1	0	1	0	0	0	0	0	0	0	0	0	0	0	0	0
OG0012572	0	0	0	0	0	0	0	0	0	0	0	0	0	0	0	0	0
OG0012573	0	1	0	1	0	0	-1	0	-1	0	0	0	0	0	0	0	0
OG0012574	0	0	0	0	0	0	-1	0	0	0	0	0	0	0	0	0	0
OG0012575	0	0	0	0	0	0	0	0	0	0	0	0	0	0	0	0	0
OG0012576	0	0	0	0	0	0	0	0	0	0	0	0	0	0	0	0	0
OG0012577	0	0	0	0	0	0	-1	0	0	0	0	0	0	0	0	0	0
OG0012578	0	0	0	0	0	0	0	0	-1	0	0	0	0	0	0	0	0
OG0012579	0	0	0	0	0	0	1	0	-1	0	0	0	0	0	0	0	0
OG0012580	0	0	0	0	0	0	0	0	0	0	0	0	0	0	0	0	0
OG0012581	0	0	0	0	0	0	0	0	-1	0	0	0	0	0	0	0	0
OG0012582	0	0	0	0	0	0	0	0	-1	0	0	0	0	0	0	0	0
OG0012583	0	0	0	0	1	0	0	0	-1	0	0	0	0	0	0	0	0
OG0012584	0	0	-1	1	0	-1	-1	0	-1	0	1	0	0	0	-1	0	0
OG0012585	0	0	0	-1	0	0	0	0	0	0	0	0	0	0	0	0	0
OG0012586	0	0	0	-1	0	0	0	0	0	0	0	0	0	0	0	0	0
OG0012587	0	0	0	0	0	0	0	0	-1	0	0	0	0	0	0	0	0
OG0012588	0	0	0	0	0	0	0	0	0	0	0	0	0	0	0	0	0
OG0012589	0	1	0	-1	0	0	0	0	0	0	0	0	0	0	0	0	0
OG0012590	0	0	0	-1	0	0	0	0	0	0	0	0	0	0	0	0	0
OG0012591	0	0	1	0	0	0	0	0	-1	0	0	0	0	0	0	0	0
OG0012592	0	1	0	0	-1	0	-1	0	0	0	0	0	0	0	0	0	0
OG0012593	0	0	0	-1	0	0	0	0	0	0	0	0	0	0	0	0	0
OG0012594	0	-1	0	0	0	1	-1	0	-1	0	0	0	0	0	0	0	0
OG0012595	0	0	0	-1	0	0	0	0	0	0	0	0	0	0	0	0	0
OG0012596	0	0	0	0	0	0	0	0	0	0	0	0	0	0	0	0	0
OG0012597	0	0	1	-1	0	0	0	0	0	0	0	0	0	0	0	0	0
OG0012598	0	0	0	0	0	0	0	0	0	0	0	0	0	0	0	0	0
OG0012599	0	0	0	0	0	0	-1	0	0	0	0	0	0	0	0	0	0
OG0012600	0	0	0	-1	0	0	0	0	0	0	0	0	0	0	0	0	0
OG0012601	0	0	0	0	0	0	0	0	0	0	0	0	0	0	0	0	0
OG0012602	0	0	0	-1	1	-1	0	0	1	0	0	0	0	0	0	0	0
OG0012603	0	0	0	0	0	0	0	0	0	0	0	0	0	0	0	0	0
OG0012604	0	0	0	-1	0	0	0	0	0	0	0	0	0	0	0	0	0
OG0012605	0	0	0	-1	0	0	0	0	0	0	0	0	0	0	0	0	0
OG0012606	0	1	0	-1	0	0	0	0	-1	0	0	0	0	0	0	0	0
OG0012607	0	0	0	0	0	0	0	0	0	0	0	0	0	0	0	0	0
OG0012608	0	0	0	0	0	0	0	0	0	0	0	0	0	0	0	0	0
OG0012609	0	0	0	0	0	0	0	0	0	0	0	0	0	0	0	0	0
OG0012610	0	0	0	0	0	0	0	0	-1	0	0	0	0	0	0	0	0
OG0012611	0	0	0	0	0	0	0	0	0	0	0	0	0	0	0	0	0
OG0012612	0	0	0	0	0	0	0	0	-1	0	0	0	0	0	0	0	0
OG0012613	0	1	0	0	0	0	0	-1	0	0	0	0	0	0	0	0	0
OG0012614	0	0	0	0	0	0	0	0	0	0	0	0	0	0	0	0	0
OG0012615	0	0	0	0	0	0	0	0	0	0	0	0	0	0	0	0	0
OG0012616	0	0	0	-1	0	0	0	0	0	0	0	0	0	0	0	0	0
OG0012617	0	2	0	0	0	0	0	0	0	0	0	0	0	0	0	0	-1
OG0012618	0	0	0	-1	0	0	0	0	0	0	0	0	0	0	0	0	0
OG0012619	0	0	0	0	0	0	0	0	0	0	0	0	0	0	0	0	0
OG0012620	0	0	0	-1	0	0	0	0	0	0	0	0	0	0	0	0	0
OG0012621	0	1	0	-1	0	0	0	0	0	0	0	0	0	0	0	0	0
OG0012622	0	0	0	0	0	0	0	0	0	0	0	0	0	0	0	0	0
OG0012623	0	0	0	-1	0	0	0	-1	0	0	0	1	0	0	0	0	0
OG0012624	0	0	0	0	0	0	0	0	-1	0	0	0	0	0	0	0	0
OG0012625	0	0	0	0	0	0	0	0	0	0	0	0	0	0	0	0	0
OG0012626	0	0	0	0	0	0	0	0	0	0	0	0	0	0	0	0	0
OG0012627	0	0	0	0	0	0	0	0	-1	0	0	0	0	0	0	0	0
OG0012628	0	0	0	-1	0	0	0	0	0	0	0	0	0	0	0	0	0
OG0012629	0	0	0	-1	0	0	0	0	0	0	0	0	0	0	0	0	0
OG0012630	1	0	0	0	0	0	0	0	0	0	0	0	0	0	0	0	0
OG0012631	1	0	0	0	0	0	0	0	-1	0	0	0	0	0	0	0	0
OG0012632	0	0	0	-1	0	0	0	0	0	0	0	0	0	0	0	0	0
OG0012633	2	0	0	0	0	-1	0	0	0	0	-1	0	0	0	0	0	0
OG0012634	0	0	0	0	0	0	0	0	-1	0	0	0	0	0	0	0	0
OG0012635	0	0	0	1	0	0	0	0	-1	0	0	0	0	0	0	0	0
OG0012636	0	0	0	0	0	0	0	0	-1	0	0	0	0	0	0	0	0
OG0012637	1	-1	0	0	0	0	0	0	0	0	0	0	0	0	-2	0	0
OG0012638	0	0	0	0	0	0	-1	0	0	0	0	0	0	0	0	0	0
OG0012639	0	0	0	0	0	0	0	-1	0	0	0	0	0	0	0	0	0
OG0012640	0	0	0	0	0	0	0	0	-1	0	0	0	0	0	0	0	0
OG0012641	0	0	0	0	0	0	0	0	0	0	0	0	0	0	0	0	0
OG0012642	0	0	0	0	0	0	0	0	-1	0	0	0	0	0	0	0	0
OG0012643	0	1	0	-1	0	0	0	0	-1	0	0	0	0	0	0	0	0
OG0012644	0	0	0	0	0	0	0	0	0	0	0	0	0	0	0	0	0
OG0012645	0	0	0	0	0	0	0	0	0	0	0	0	0	0	0	0	0
OG0012646	2	0	0	0	0	-1	0	0	0	0	0	0	0	0	0	0	0
OG0012647	0	0	0	0	0	0	-1	0	0	0	0	0	0	0	0	0	0
OG0012648	1	0	0	0	0	0	0	-1	0	0	0	0	0	0	0	0	0
OG0012649	0	0	0	0	0	0	0	0	0	0	0	0	0	0	0	0	0
OG0012650	0	0	0	0	0	0	-1	0	0	0	0	0	0	0	0	0	0
OG0012651	0	0	0	0	0	0	-1	0	0	0	0	0	0	0	0	0	0
OG0012652	0	0	0	0	0	0	0	0	0	0	0	0	0	0	0	0	0
OG0012653	0	0	0	-1	0	0	0	0	1	0	0	0	0	0	0	0	0
OG0012654	1	0	0	-1	0	0	0	0	0	0	0	0	0	0	0	0	0
OG0012655	0	0	0	0	0	0	0	0	0	0	0	0	0	0	0	0	0
OG0012656	1	0	1	-1	0	-1	0	0	0	0	0	0	0	0	0	0	0
OG0012657	0	0	0	0	0	0	-1	0	0	0	0	0	0	0	0	0	0
OG0012658	1	-1	0	-1	0	0	0	0	0	0	0	0	0	0	0	0	0
OG0012659	0	0	0	0	0	0	0	0	0	0	0	0	0	0	0	0	0
OG0012660	0	0	0	0	0	0	0	0	-1	0	0	0	0	0	0	0	0
OG0012661	0	0	0	0	0	0	0	0	-1	0	0	0	0	0	0	0	0
OG0012662	0	0	0	0	0	0	0	0	0	0	0	0	0	0	0	0	0
OG0012663	0	0	0	0	0	0	0	0	0	0	0	0	0	0	0	0	0
OG0012664	0	0	0	0	0	0	0	0	0	0	0	0	0	0	0	0	0
OG0012665	0	0	0	0	-1	0	0	0	0	0	0	0	0	0	0	0	0
OG0012667	0	0	0	0	0	0	0	0	0	0	0	0	0	0	0	0	0
OG0012668	0	1	0	-1	0	0	0	0	0	0	0	0	0	0	0	0	0
OG0012669	1	1	0	0	0	0	0	0	-1	0	0	0	0	0	0	0	0
OG0012670	1	1	0	0	0	-1	0	0	0	0	0	0	0	0	0	0	0
OG0012671	0	0	0	1	0	0	0	-1	0	0	0	0	0	0	0	0	0
OG0012672	0	0	0	0	0	0	0	0	0	0	0	0	0	0	0	0	0
OG0012673	0	0	0	-1	0	0	0	0	0	0	0	0	0	0	0	0	0
OG0012674	0	-1	0	0	0	0	0	0	0	0	0	0	0	0	0	0	0
OG0012675	0	0	0	0	0	0	0	0	0	0	0	0	0	0	0	0	0
OG0012676	0	0	0	-1	0	0	0	0	0	0	0	0	0	0	0	0	0
OG0012677	0	0	0	-1	0	0	0	0	0	0	0	0	0	0	0	0	0
OG0012678	0	1	0	-1	0	0	0	0	0	0	0	0	0	0	0	0	0
OG0012679	0	0	0	-1	0	0	0	0	0	0	0	0	0	0	0	0	0
OG0012680	0	0	0	0	0	0	0	0	-1	0	0	0	0	0	0	0	0
OG0012681	0	0	0	0	0	0	0	0	0	0	0	0	0	0	0	0	0
OG0012682	0	0	0	-1	0	0	0	0	0	0	0	0	0	0	0	0	0
OG0012683	0	0	0	0	0	0	0	0	0	0	0	0	0	0	0	0	0
OG0012684	1	1	0	0	0	0	0	0	-1	0	0	0	0	0	0	0	0
OG0012685	0	1	0	1	0	0	0	0	0	0	0	0	0	0	0	0	-1
OG0012686	0	0	0	0	0	0	0	0	0	0	0	0	0	0	0	0	0
OG0012687	0	0	0	-1	0	0	0	0	0	0	0	0	0	0	0	0	0
OG0012688	0	0	0	0	0	0	0	0	-1	0	0	0	0	0	0	0	0
OG0012689	0	0	0	0	0	0	0	0	0	0	0	0	0	0	0	0	0
OG0012690	0	0	0	0	0	0	0	0	0	0	0	0	0	0	0	0	0
OG0012691	0	0	0	0	0	0	0	0	0	0	0	0	0	0	0	0	0
OG0012692	0	0	0	0	0	0	0	0	0	0	0	0	0	0	0	0	0
OG0012693	0	0	0	-1	0	0	0	0	0	0	0	0	0	0	0	0	0
OG0012694	0	0	0	0	0	0	-1	0	0	0	0	0	0	0	0	0	0
OG0012695	0	1	0	0	0	0	0	0	-1	0	0	0	0	0	0	0	0
OG0012696	0	0	0	1	0	0	1	-1	0	0	0	0	0	0	0	0	0
OG0012697	0	0	0	-1	0	0	0	0	0	0	0	0	0	0	0	0	0
OG0012698	0	0	0	0	0	0	0	0	0	0	0	0	0	0	0	0	0
OG0012699	0	0	0	0	0	0	0	0	-1	0	0	0	0	0	0	0	0
OG0012700	0	0	0	0	0	0	0	0	0	0	0	0	0	0	0	0	0
OG0012701	0	1	0	-1	0	0	0	0	0	0	0	0	0	0	0	0	0
OG0012702	0	0	0	0	0	0	0	0	-1	0	0	0	0	0	0	0	0
OG0012703	0	-1	0	0	0	0	0	0	0	0	0	0	0	0	0	0	0
OG0012704	0	0	0	-1	0	0	0	0	0	0	0	0	0	0	0	0	0
OG0012705	0	0	0	0	0	0	0	0	0	0	0	0	0	0	0	0	0
OG0012706	0	0	0	0	0	0	0	0	0	0	0	0	0	0	0	0	0
OG0012707	1	0	0	0	1	-1	0	0	0	0	0	0	0	0	0	0	0
OG0012708	0	0	0	0	0	0	0	0	0	0	0	0	0	0	0	0	0
OG0012709	0	0	0	0	0	0	0	0	-1	0	0	0	0	0	0	0	0
OG0012710	0	0	0	0	0	0	0	0	0	0	0	0	0	0	0	0	0
OG0012711	0	1	0	0	0	0	0	0	-1	0	0	0	0	0	0	0	0
OG0012712	0	0	0	0	0	0	0	0	0	0	0	0	0	0	0	0	0
OG0012713	0	1	0	0	0	0	-1	0	0	0	0	0	0	0	0	0	0
OG0012714	0	0	0	0	0	0	0	0	0	0	0	0	0	0	0	0	0
OG0012715	0	0	0	0	0	0	0	0	-1	0	0	0	0	0	0	0	0
OG0012716	0	-1	0	0	0	0	0	0	0	0	0	0	0	0	0	0	0
OG0012717	0	0	0	0	0	0	0	0	0	0	0	0	0	0	0	0	0
OG0012718	0	0	0	0	0	0	0	0	0	0	0	0	0	0	0	0	0
OG0012719	0	0	0	0	0	0	0	0	0	0	0	0	0	0	0	0	0
OG0012720	0	0	0	0	0	-1	3	0	0	0	0	0	0	0	0	0	0
OG0012721	0	0	0	0	0	0	0	0	0	0	0	0	0	0	0	0	0
OG0012722	0	1	0	0	0	-1	0	0	0	0	0	0	0	0	0	0	0
OG0012723	0	0	0	0	1	0	0	0	-1	0	0	0	0	0	0	0	0
OG0012724	0	0	0	0	0	0	0	0	0	0	0	0	0	0	0	0	0
OG0012725	0	0	0	0	0	0	0	0	-1	0	0	0	0	0	0	0	0
OG0012726	0	0	0	0	0	0	0	0	0	0	0	0	0	0	0	0	0
OG0012727	0	0	0	-1	0	0	0	0	-1	0	0	0	0	0	0	0	0
OG0012728	0	0	0	0	0	0	0	0	-1	0	0	0	0	0	0	0	0
OG0012729	0	0	0	0	0	0	0	0	0	0	0	0	0	0	0	0	0
OG0012730	0	0	0	0	0	0	0	0	0	0	0	0	0	0	0	0	0
OG0012731	0	0	0	-1	0	0	0	0	0	0	0	0	0	0	0	0	0
OG0012732	0	0	0	0	0	0	0	0	0	0	0	0	0	0	0	0	0
OG0012733	2	-1	0	-1	0	0	0	0	-1	0	-1	0	0	0	0	0	0
OG0012734	0	0	0	0	0	0	0	0	0	0	0	0	0	0	0	0	0
OG0012735	2	0	0	0	0	0	-1	0	0	0	0	0	0	0	0	0	0
OG0012736	0	1	0	0	0	0	0	0	-1	0	0	0	0	0	0	0	0
OG0012737	0	-1	0	1	0	0	0	0	-1	0	0	0	0	0	0	0	0
OG0012738	1	0	0	0	0	0	0	0	-1	0	0	0	0	0	0	0	0
OG0012739	0	0	0	0	0	0	-1	0	0	0	0	0	0	0	0	0	0
OG0012740	0	0	0	0	0	0	0	0	0	0	0	0	0	0	0	0	0
OG0012741	0	0	0	0	0	0	0	0	0	0	0	0	0	0	0	0	0
OG0012742	0	0	0	0	0	0	0	0	0	0	0	0	0	0	0	0	0
OG0012743	1	0	0	-1	0	0	0	0	0	0	0	0	0	0	0	0	0
OG0012744	0	0	0	0	0	0	0	0	0	0	0	0	0	0	0	0	0
OG0012745	0	1	0	0	0	0	0	0	-1	0	0	0	0	0	0	0	0
OG0012746	0	0	0	-1	0	0	0	0	0	0	0	0	0	0	0	0	0
OG0012747	0	0	0	0	0	0	0	0	-1	0	0	0	0	0	0	0	0
OG0012748	0	0	0	-1	0	0	0	0	0	0	0	0	0	0	0	0	0
OG0012749	0	0	0	1	1	0	-1	0	-1	0	0	0	0	0	0	0	0
OG0012750	0	0	0	0	0	0	0	0	0	0	0	0	0	0	0	0	0
OG0012751	0	0	0	-1	0	0	0	0	0	0	0	0	0	0	0	0	0
OG0012752	0	-1	0	0	0	-1	-1	1	-1	0	1	0	0	0	-1	0	0
OG0012753	0	0	0	0	0	0	0	0	0	0	0	0	0	0	0	0	0
OG0012754	0	1	0	-1	0	0	0	0	0	0	0	0	0	0	0	0	0
OG0012755	0	0	0	0	0	0	0	0	0	0	0	0	0	0	0	0	0
OG0012756	0	0	0	0	0	0	0	0	-1	0	0	0	0	0	0	0	0
OG0012757	0	0	0	0	0	0	0	0	0	0	0	0	0	0	0	0	0
OG0012758	0	0	1	0	0	0	0	0	-1	0	0	0	0	0	0	0	0
OG0012759	1	0	0	-1	0	0	-1	0	0	0	0	0	0	0	0	0	0
OG0012760	0	0	0	0	0	0	0	0	-1	0	0	0	0	0	0	0	0
OG0012761	0	0	0	0	0	0	0	0	0	0	0	0	0	0	0	0	0
OG0012762	2	1	0	0	0	0	0	0	0	0	0	0	0	0	0	0	-1
OG0012763	0	0	0	0	0	0	0	0	0	0	0	0	0	0	0	0	0
OG0012764	0	0	0	0	0	0	0	0	0	0	0	0	0	0	0	0	0
OG0012765	0	0	0	-1	0	0	0	0	0	0	0	0	0	0	0	0	0
OG0012766	0	0	0	-1	0	0	0	0	0	0	0	0	0	0	0	0	0
OG0012767	1	-1	0	-1	0	0	0	0	0	0	0	0	0	0	0	0	0
OG0012768	0	0	0	0	0	0	0	0	0	0	0	0	0	0	0	0	0
OG0012769	0	0	0	-1	0	0	0	0	0	0	0	0	0	0	0	0	0
OG0012770	1	1	0	0	0	0	-1	0	-1	0	0	0	0	0	0	0	0
OG0012771	0	0	0	0	3	0	0	0	0	0	0	0	0	0	0	0	-1
OG0012772	0	0	0	0	0	0	0	0	0	0	0	0	0	0	0	0	0
OG0012773	0	1	0	0	0	0	0	0	-1	0	0	0	0	0	0	0	0
OG0012774	0	0	0	0	0	0	0	0	-1	0	0	0	0	0	0	0	0
OG0012775	0	0	0	-1	0	0	0	0	0	0	0	0	0	0	0	0	0
OG0012776	0	0	0	0	0	0	0	0	-1	0	0	0	0	0	0	0	0
OG0012777	0	0	0	0	0	0	0	0	0	0	0	0	0	0	0	0	0
OG0012778	0	0	0	0	0	0	0	0	0	0	0	0	0	0	0	0	0
OG0012779	0	0	0	0	0	0	0	0	-1	0	0	0	0	0	0	0	0
OG0012780	0	0	0	0	0	0	0	0	0	0	0	0	0	0	0	0	0
OG0012781	0	0	0	0	0	0	0	0	0	0	0	0	0	0	0	0	0
OG0012782	0	0	0	0	0	0	0	0	-1	0	0	0	0	0	0	0	0
OG0012783	0	0	1	-1	0	-1	0	0	-1	0	0	1	0	0	0	0	0
OG0012784	0	0	0	0	0	0	0	0	0	0	0	0	0	0	0	0	0
OG0012785	0	0	0	-1	0	0	0	0	0	0	0	0	0	0	0	0	0
OG0012786	0	0	0	0	0	0	0	0	0	0	0	0	0	0	0	0	0
OG0012787	0	0	0	0	0	0	0	0	-1	0	0	0	0	0	0	0	0
OG0012788	0	0	0	0	0	0	0	0	-1	0	0	0	0	0	0	0	0
OG0012789	1	1	0	0	0	0	0	0	-1	0	0	0	0	0	0	0	0
OG0012790	1	-1	0	0	0	0	0	0	-1	0	0	0	0	0	0	0	0
OG0012791	0	0	1	-1	0	0	0	0	0	0	0	0	0	0	0	0	0
OG0012792	0	0	0	0	0	0	0	0	0	0	0	0	0	0	0	0	0
OG0012793	0	0	0	0	0	0	-1	0	0	0	0	0	0	0	0	0	0
OG0012794	0	0	0	0	0	0	0	0	0	0	0	0	0	0	0	0	0
OG0012795	0	0	0	0	0	0	0	0	0	0	0	0	0	0	0	0	0
OG0012796	0	0	0	0	0	0	-1	0	0	0	0	0	0	0	0	0	0
OG0012797	0	0	0	-1	0	0	0	0	0	0	0	0	0	0	0	0	0
OG0012798	1	0	0	-1	0	0	0	0	-1	0	0	0	0	0	0	0	0
OG0012799	0	0	0	0	0	0	0	0	0	0	0	0	0	0	0	0	0
OG0012800	0	0	0	0	0	0	0	0	0	0	0	0	0	0	0	0	0
OG0012801	0	0	0	-1	0	0	1	0	0	0	0	0	0	0	0	0	0
OG0012802	0	0	0	0	0	0	0	0	-1	0	0	0	0	0	0	0	0
OG0012803	0	0	0	-1	0	0	0	0	0	0	0	0	0	0	0	0	0
OG0012804	0	0	0	0	0	0	0	0	-1	0	0	0	0	0	0	0	0
OG0012805	0	0	0	-1	0	0	0	0	0	0	0	0	0	0	0	0	0
OG0012806	0	0	0	0	0	0	0	0	0	0	0	0	0	0	0	0	0
OG0012807	0	0	0	0	0	0	0	0	0	0	0	0	0	0	0	0	0
OG0012808	0	0	0	0	0	0	0	0	-1	0	0	0	0	0	0	0	0
OG0012809	0	0	0	0	0	0	0	0	0	0	0	0	0	0	0	0	0
OG0012810	0	1	0	0	0	0	0	0	-1	0	0	0	0	0	0	0	0
OG0012811	0	0	0	-1	0	0	0	0	0	0	0	0	0	0	0	0	0
OG0012812	0	0	0	0	0	0	-1	0	0	0	0	0	0	0	0	0	0
OG0012813	0	0	0	0	0	0	0	0	0	0	0	0	0	0	0	0	0
OG0012814	0	0	0	0	0	0	0	0	0	0	0	0	0	0	0	0	0
OG0012815	0	0	0	-1	0	0	0	0	0	0	0	0	0	0	0	0	0
OG0012816	1	1	0	0	0	0	0	0	-1	0	0	0	0	0	0	0	0
OG0012817	0	0	0	0	0	0	0	0	0	0	0	0	0	0	0	0	0
OG0012818	1	1	0	0	0	0	-1	0	-1	0	0	0	0	0	0	0	0
OG0012819	0	0	0	-1	0	0	0	0	0	0	0	0	0	0	0	0	0
OG0012820	0	0	1	0	0	0	0	0	-1	0	0	0	0	0	0	0	0
OG0012821	0	0	0	0	0	0	0	0	0	0	0	0	0	0	0	0	0
OG0012822	0	0	0	0	0	0	0	0	0	0	0	0	0	0	0	0	0
OG0012823	0	0	0	0	0	0	0	0	0	0	0	0	0	0	0	0	0
OG0012824	0	0	0	-1	0	0	0	0	0	0	0	0	0	0	0	0	0
OG0012825	0	0	0	0	0	0	0	0	0	0	0	0	0	0	0	0	0
OG0012826	0	1	0	0	0	0	0	0	-1	0	0	0	0	0	0	0	0
OG0012827	0	0	0	0	0	0	0	0	0	0	0	0	0	0	0	0	0
OG0012828	0	0	0	0	0	0	0	0	0	0	0	0	0	0	0	0	0
OG0012829	0	0	0	0	0	0	0	0	0	0	0	0	0	0	0	0	0
OG0012830	0	0	0	-1	0	0	0	0	0	0	0	0	0	0	0	0	0
OG0012831	0	0	0	0	0	0	0	0	0	0	0	0	0	0	0	0	0
OG0012832	0	0	0	0	0	0	-1	0	0	0	0	0	0	0	0	0	0
OG0012833	0	0	0	0	0	0	0	0	0	0	0	0	0	0	0	0	0
OG0012834	0	0	0	-1	0	0	0	0	0	0	0	0	0	0	0	0	0
OG0012835	0	0	0	0	0	0	0	0	-1	0	0	0	0	0	0	0	0
OG0012836	0	0	0	0	0	0	0	0	-1	0	0	0	0	0	0	0	0
OG0012837	0	1	0	0	0	0	0	0	-1	0	0	0	0	0	0	0	0
OG0012838	0	0	0	-1	0	1	-1	0	-1	0	0	0	0	0	0	0	0
OG0012839	0	-1	0	0	0	0	0	0	0	0	0	0	0	0	0	0	0
OG0012840	1	0	0	0	0	0	0	-1	0	0	0	0	0	0	0	0	0
OG0012841	0	1	0	0	0	0	0	-1	0	0	0	0	0	0	0	0	0
OG0012842	0	0	0	-1	0	0	0	0	0	0	0	0	0	0	0	0	0
OG0012843	0	0	0	0	0	0	0	0	-1	0	0	0	0	0	0	0	0
OG0012844	0	0	0	0	0	0	-1	0	0	0	0	0	0	0	0	0	0
OG0012845	0	1	0	0	0	0	0	0	-1	0	0	0	0	0	0	0	0
OG0012846	0	0	0	0	0	1	0	0	0	0	0	0	0	0	0	0	-1
OG0012847	0	1	0	0	0	0	0	-1	0	0	0	0	0	0	0	0	0
OG0012848	0	0	0	0	0	0	0	0	0	0	0	0	0	0	0	0	0
OG0012849	0	0	0	0	0	0	0	0	0	0	0	0	0	0	0	0	0
OG0012850	0	0	0	0	0	0	0	0	-1	0	0	0	0	0	0	0	0
OG0012851	0	0	0	0	0	0	-1	0	0	0	0	0	0	0	0	0	0
OG0012852	0	0	0	0	0	0	0	0	0	0	0	0	0	0	0	0	0
OG0012853	0	0	0	0	0	0	0	0	-1	0	0	0	0	0	0	0	0
OG0012854	0	0	0	0	0	0	0	0	0	0	0	0	0	0	0	0	0
OG0012855	0	0	0	0	0	0	0	0	-1	0	0	0	0	0	0	0	0
OG0012856	0	0	0	0	0	0	0	0	0	0	0	0	0	0	0	0	0
OG0012857	0	0	0	0	0	0	0	0	-1	0	0	0	0	0	0	0	0
OG0012858	0	0	0	0	0	0	-1	0	0	0	0	0	0	0	0	0	0
OG0012859	0	0	0	0	0	0	0	0	0	0	0	0	0	0	0	0	0
OG0012860	0	0	0	-1	0	0	0	0	0	0	0	0	0	0	0	0	0
OG0012861	0	0	0	-1	0	0	0	0	0	0	0	0	0	0	0	0	0
OG0012862	0	0	0	0	0	0	-1	0	0	0	0	0	0	0	0	0	0
OG0012863	0	0	0	0	0	0	0	0	-1	0	0	0	0	0	0	0	0
OG0012864	0	0	0	0	0	0	0	0	0	0	0	0	0	0	0	0	0
OG0012865	0	0	-1	0	0	0	0	0	0	0	0	0	0	0	-1	-1	0
OG0012866	0	0	0	0	0	0	0	0	0	0	0	0	0	0	0	0	0
OG0012867	0	0	0	0	0	0	0	0	0	0	0	0	0	0	0	0	0
OG0012868	0	1	0	0	0	0	0	0	-1	0	0	0	0	0	0	0	0
OG0012869	0	0	0	0	0	0	0	0	-1	0	0	0	0	0	0	0	0
OG0012870	0	0	0	0	0	0	0	0	0	0	0	0	0	0	0	0	0
OG0012871	0	0	0	0	0	0	0	0	-1	0	0	0	0	0	0	0	0
OG0012872	0	0	0	0	0	0	0	0	0	0	0	0	0	0	0	0	0
OG0012873	0	0	0	0	0	0	0	0	0	0	0	0	0	0	0	0	0
OG0012874	0	0	1	0	0	0	0	0	-1	0	0	0	0	0	0	0	0
OG0012875	0	0	0	0	0	0	-1	0	0	0	0	0	0	0	0	0	0
OG0012876	0	0	0	0	0	0	-1	0	0	0	0	0	0	0	0	0	0
OG0012877	0	0	0	0	0	0	0	0	0	0	0	0	0	0	0	0	0
OG0012878	0	0	0	0	0	0	0	0	0	0	0	0	0	0	0	0	0
OG0012879	0	0	0	0	0	0	0	0	0	0	0	0	0	0	0	0	0
OG0012880	0	0	0	0	0	0	0	0	-1	0	0	0	0	0	0	0	0
OG0012881	0	0	0	0	0	0	0	0	0	0	0	0	0	0	0	0	0
OG0012882	0	0	0	0	0	0	0	0	-1	0	0	0	0	0	0	0	0
OG0012883	0	1	0	-1	0	0	0	0	0	0	0	0	0	0	0	0	0
OG0012884	0	1	0	-1	0	0	0	0	0	0	0	0	0	0	0	0	0
OG0012885	0	1	0	0	0	0	0	-1	0	0	0	0	0	0	0	0	0
OG0012886	0	-1	0	0	0	0	0	0	0	0	0	0	0	0	0	0	0
OG0012887	0	0	0	0	0	0	0	0	0	0	0	0	0	0	0	0	0
OG0012888	0	-1	0	0	0	0	0	0	0	0	0	0	0	0	0	0	0
OG0012889	0	0	0	0	0	0	0	0	0	0	0	0	0	0	0	0	0
OG0012890	0	0	0	0	0	0	-1	0	0	0	0	0	0	0	0	0	0
OG0012891	0	0	0	0	-1	0	0	0	0	0	0	0	0	0	0	0	0
OG0012892	0	0	0	0	0	0	0	0	0	0	0	0	0	0	0	0	0
OG0012893	0	1	0	-1	0	0	0	0	0	0	0	0	0	0	0	0	0
OG0012894	0	0	0	0	0	0	0	0	0	0	0	0	0	0	0	0	0
OG0012895	0	0	0	0	0	0	0	0	-1	0	0	0	0	0	0	0	0
OG0012896	0	0	0	0	1	0	0	-1	0	0	0	0	0	0	0	0	0
OG0012897	0	-1	1	0	0	0	0	0	0	0	0	0	0	0	0	0	0
OG0012898	0	0	0	0	0	0	-1	0	0	0	0	0	0	0	0	0	0
OG0012899	0	0	0	-1	0	0	0	0	0	0	0	0	0	0	0	0	0
OG0012900	0	0	0	0	0	0	0	0	-1	0	0	0	0	0	0	0	0
OG0012901	0	0	0	0	1	0	0	0	-1	0	0	0	0	0	0	0	0
OG0012902	0	0	0	0	0	0	0	0	-1	0	0	0	0	0	0	0	0
OG0012903	0	0	0	0	0	0	0	0	0	0	0	0	0	0	0	0	0
OG0012904	0	0	0	0	0	0	0	0	-1	0	0	0	0	0	0	0	0
OG0012905	0	0	0	0	0	0	0	0	0	0	0	0	0	0	0	0	0
OG0012906	0	0	0	0	0	0	0	0	0	0	0	0	0	0	0	0	0
OG0012907	0	0	0	0	0	0	0	0	0	0	0	0	0	0	0	0	0
OG0012908	0	0	0	0	0	0	-1	0	0	0	0	0	0	0	0	0	0
OG0012909	0	0	0	-1	0	0	0	0	0	0	0	0	0	0	0	0	0
OG0012910	1	0	0	0	0	0	0	-1	0	0	0	0	0	0	0	0	0
OG0012911	1	0	0	0	0	-1	0	0	0	0	0	0	0	0	0	0	0
OG0012912	0	0	0	-1	0	0	0	0	0	0	0	0	0	0	0	0	0
OG0012913	0	0	0	0	0	0	0	0	0	0	0	0	0	0	0	0	0
OG0012914	0	0	0	0	0	0	0	0	-1	0	0	0	0	0	0	0	0
OG0012915	0	0	0	-1	0	0	0	0	0	0	0	0	0	0	0	0	0
OG0012916	1	0	0	0	0	0	0	0	-1	0	0	0	0	0	0	0	0
OG0012917	0	1	0	0	0	0	0	0	-1	0	0	0	0	0	0	0	0
OG0012918	0	0	0	0	0	0	-1	0	0	0	0	0	0	0	0	0	0
OG0012919	0	1	0	-1	0	0	0	0	0	0	0	0	0	0	0	0	0
OG0012920	0	1	0	0	0	0	0	0	-1	0	0	0	0	0	0	0	0
OG0012921	0	0	0	0	0	0	0	0	0	0	0	0	0	0	0	0	0
OG0012922	0	0	0	0	0	0	0	0	0	0	0	0	0	0	0	0	0
OG0012923	0	0	0	-1	0	0	0	0	0	0	0	0	0	0	0	0	0
OG0012924	0	0	0	0	0	0	0	0	0	0	0	0	0	0	0	0	0
OG0012925	0	0	0	0	0	0	0	0	-1	0	0	0	0	0	0	0	0
OG0012926	0	1	0	-1	0	0	0	0	-1	0	0	0	0	0	0	0	0
OG0012927	0	0	0	0	0	0	-1	0	0	0	0	0	0	0	0	0	0
OG0012928	0	0	0	0	0	0	0	0	0	0	0	0	0	0	0	0	0
OG0012929	0	0	0	0	0	0	0	0	0	0	0	0	0	0	0	0	0
OG0012930	0	0	0	0	0	0	0	0	0	0	0	0	0	0	0	0	0
OG0012931	0	2	0	0	0	0	0	0	0	0	0	0	0	0	0	0	-1
OG0012932	0	0	0	0	0	0	0	0	0	0	0	0	0	0	0	0	0
OG0012933	0	1	0	-1	0	0	0	0	0	0	0	0	0	0	0	0	0
OG0012934	0	0	0	0	0	0	0	0	0	0	0	0	0	0	0	0	0
OG0012935	0	0	0	0	0	0	0	0	0	0	0	0	0	0	0	0	0
OG0012936	0	0	0	0	0	0	0	0	0	0	0	0	0	0	0	0	0
OG0012937	0	-1	0	0	0	0	0	0	0	0	0	0	0	0	0	0	0
OG0012938	0	0	0	0	0	0	0	0	0	0	0	0	0	0	0	0	0
OG0012939	0	0	0	-1	0	0	0	0	0	0	0	0	0	0	0	0	0
OG0012940	0	-1	0	0	0	0	0	0	0	0	0	0	0	0	0	0	0
OG0012941	0	0	0	0	0	0	0	0	-1	0	0	0	0	0	0	0	0
OG0012942	0	0	0	0	0	0	0	0	0	0	0	0	0	0	0	0	0
OG0012943	0	0	0	0	0	0	0	0	-1	0	0	0	0	0	0	0	0
OG0012944	0	0	0	0	0	0	0	0	0	0	0	0	0	0	0	0	0
OG0012945	0	0	0	0	1	0	0	0	-1	0	0	0	0	0	0	0	0
OG0012946	0	0	0	0	0	0	0	0	0	0	0	0	0	0	0	0	0
OG0012947	0	0	0	0	0	0	0	0	0	0	0	0	0	0	0	0	0
OG0012948	0	0	0	0	0	0	0	0	0	0	0	0	0	0	0	0	0
OG0012949	0	0	0	0	0	0	-1	0	0	0	0	0	0	0	0	0	0
OG0012950	0	0	0	0	0	0	0	0	-1	0	0	0	0	0	0	0	0
OG0012951	0	0	0	-1	0	0	0	0	0	0	0	0	0	0	0	0	0
OG0012952	0	0	0	0	0	0	0	0	0	0	0	0	0	0	0	0	0
OG0012953	0	0	0	0	0	0	0	0	-1	0	0	0	0	0	0	0	0
OG0012954	0	0	0	0	0	0	0	0	0	0	0	0	0	0	0	0	0
OG0012955	0	0	0	-1	0	0	0	0	0	0	0	0	0	0	0	0	0
OG0012956	0	0	0	0	0	0	0	0	0	0	0	0	0	0	0	0	0
OG0012957	0	0	0	0	0	0	-1	0	0	0	0	0	0	0	0	0	0
OG0012958	0	0	0	-1	0	0	0	0	0	0	0	0	0	0	0	0	0
OG0012959	0	1	0	0	0	0	0	0	-1	0	0	0	0	0	0	0	0
OG0012960	0	0	0	1	0	0	-1	0	0	0	0	0	0	0	0	0	0
OG0012961	0	-1	0	0	0	0	0	0	0	0	0	0	0	0	0	0	0
OG0012962	0	0	0	0	1	0	0	0	0	0	0	0	0	0	0	0	0
OG0012963	0	0	0	0	0	0	0	0	0	0	0	0	0	0	0	0	0
OG0012964	0	0	0	0	0	0	0	0	0	0	0	0	0	0	0	0	0
OG0012965	0	0	0	0	0	0	-1	0	0	0	0	0	0	0	0	0	0
OG0012966	2	0	0	-1	0	0	-1	0	0	0	-1	-1	0	0	0	0	0
OG0012967	0	0	0	0	0	0	0	0	0	0	0	0	0	0	0	0	0
OG0012968	0	0	1	0	0	0	0	0	-1	0	0	0	0	0	0	0	0
OG0012969	0	0	0	0	0	0	0	0	-1	0	0	0	0	0	0	0	0
OG0012970	0	0	0	0	0	0	0	0	-1	0	0	0	0	0	0	0	0
OG0012971	0	0	0	-1	0	0	0	0	0	0	0	0	0	0	0	0	0
OG0012972	0	0	0	-1	0	0	0	0	0	0	0	0	0	0	0	0	0
OG0012973	0	0	0	0	0	0	0	0	0	0	0	0	0	0	0	0	0
OG0012974	0	0	0	0	0	0	0	0	0	0	0	0	0	0	0	0	0
OG0012975	0	1	0	0	0	0	-1	0	0	0	0	0	0	0	0	0	0
OG0012976	0	0	0	0	0	0	0	0	-1	0	0	0	0	0	0	0	0
OG0012977	0	0	0	0	0	0	0	0	0	0	0	0	0	0	0	0	0
OG0012978	0	0	0	0	0	0	0	0	0	0	0	0	0	0	0	0	0
OG0012979	0	0	0	0	0	0	-1	0	0	0	0	0	0	0	0	0	0
OG0012980	0	0	0	0	0	0	0	0	0	0	0	0	0	0	0	0	0
OG0012981	0	0	0	0	0	0	0	0	0	0	0	0	0	0	0	0	0
OG0012982	0	0	0	0	0	0	0	0	0	0	0	0	0	0	0	0	0
OG0012983	0	1	0	0	0	0	0	0	0	0	0	0	0	0	0	0	0
OG0012984	0	0	0	0	1	0	0	0	0	0	0	0	0	0	0	0	0
OG0012985	0	0	0	0	0	0	-1	0	0	0	0	0	0	0	0	0	0
OG0012986	0	1	0	0	0	0	0	0	-1	0	0	0	0	0	0	0	0
OG0012987	0	0	0	0	0	0	0	0	0	0	0	0	0	0	0	0	0
OG0012988	0	0	0	0	0	0	0	0	0	0	0	0	0	0	0	0	0
OG0012989	0	0	0	-1	0	0	0	0	0	0	0	0	0	0	0	0	0
OG0012990	0	0	0	-1	0	0	0	0	0	0	0	0	0	0	0	0	0
OG0012991	0	0	0	0	0	0	0	0	0	0	0	0	0	0	0	0	0
OG0012992	0	0	0	-1	0	0	0	0	0	0	0	0	0	0	0	0	0
OG0012993	1	-1	0	0	0	0	0	0	-1	0	0	0	0	0	0	0	0
OG0012994	0	0	0	0	0	0	-1	0	0	0	0	0	0	0	0	0	0
OG0012995	1	0	0	0	0	0	0	-1	0	0	0	0	0	0	0	0	0
OG0012996	0	1	0	0	0	0	-1	0	0	0	0	0	0	0	0	0	0
OG0012997	0	0	1	-1	0	0	0	0	-1	0	0	0	0	0	0	0	0
OG0012998	0	0	0	0	0	0	0	0	0	0	0	0	0	0	0	0	0
OG0012999	0	0	0	-1	0	0	0	0	0	0	0	0	0	0	0	0	0
OG0013000	1	0	0	0	0	0	0	0	-1	0	0	0	0	0	0	0	0
OG0013001	0	0	0	0	0	0	0	0	-1	0	0	0	0	0	0	0	0
OG0013002	2	0	0	-1	0	0	0	0	0	0	0	1	0	0	0	-1	0
OG0013003	0	0	0	0	0	0	0	0	1	0	0	0	0	0	0	0	0
OG0013004	0	0	0	-1	0	0	0	0	0	0	0	0	0	0	0	0	0
OG0013005	0	0	0	0	0	0	0	0	0	0	0	0	0	0	0	0	0
OG0013006	0	0	0	0	0	0	0	0	0	0	0	0	0	0	0	0	0
OG0013007	0	1	0	0	0	0	0	0	-1	0	0	0	0	0	0	0	0
OG0013008	0	0	0	-1	0	0	0	0	0	0	0	0	0	0	0	0	0
OG0013009	0	0	0	0	0	0	0	0	0	0	0	0	0	0	0	0	0
OG0013010	0	1	0	-1	0	0	0	0	-1	0	0	0	0	0	0	0	0
OG0013011	0	1	0	0	0	0	-1	0	0	0	0	0	0	0	0	0	0
OG0013012	0	0	0	0	0	0	0	0	0	0	0	0	0	0	0	0	0
OG0013013	1	0	0	0	0	0	0	-1	0	0	0	0	0	0	0	0	0
OG0013014	0	0	0	-1	0	0	0	0	0	0	0	0	0	0	0	0	0
OG0013015	0	-1	0	0	0	0	0	0	0	0	0	0	0	0	0	0	0
OG0013016	0	0	0	0	0	0	0	0	0	0	0	0	0	0	0	0	0
OG0013017	0	0	0	0	0	0	0	0	0	0	0	0	0	0	0	0	0
OG0013018	0	0	0	-1	0	0	0	0	0	0	0	0	0	0	0	0	0
OG0013019	0	0	0	0	0	0	0	0	-1	0	0	0	0	0	0	0	0
OG0013020	0	0	0	0	0	0	0	0	0	0	0	0	0	0	0	0	0
OG0013021	0	2	0	0	0	-1	0	0	0	0	0	0	0	0	0	0	0
OG0013022	0	0	0	0	0	0	0	0	-1	0	0	0	0	0	0	0	0
OG0013023	0	0	0	0	0	0	0	0	0	0	0	0	0	0	0	0	0
OG0013024	0	0	0	0	0	0	0	0	0	0	0	0	0	0	0	0	0
OG0013025	0	0	-1	1	-1	0	0	0	0	0	0	0	0	0	0	0	0
OG0013026	0	0	0	-1	0	0	0	0	0	0	0	0	0	0	0	0	0
OG0013027	0	0	0	0	0	0	0	0	-1	0	0	0	0	0	0	0	0
OG0013028	0	0	0	1	0	0	0	0	-1	0	0	0	0	0	0	0	0
OG0013029	0	0	0	0	0	0	0	0	-1	0	0	0	0	0	0	0	0
OG0013030	0	0	0	0	0	0	0	0	-1	0	0	0	0	0	0	0	0
OG0013031	0	0	0	-1	0	0	0	0	0	0	0	0	0	0	0	0	0
OG0013032	0	0	0	2	0	-1	0	0	0	0	0	0	0	0	0	0	0
OG0013033	0	1	0	1	-1	0	-1	0	-1	0	0	0	0	0	0	0	0
OG0013034	0	1	0	0	0	-1	0	0	0	0	0	0	0	0	0	0	0
OG0013035	0	0	0	0	0	0	0	0	0	0	0	0	0	0	0	0	0
OG0013036	0	1	0	-1	0	0	0	0	0	0	0	0	0	0	0	0	0
OG0013037	0	0	0	0	0	0	0	0	0	0	0	0	0	0	0	0	0
OG0013038	0	0	0	0	0	0	0	0	0	0	0	0	0	0	0	0	0
OG0013039	1	1	0	0	0	0	-1	0	-1	0	0	0	0	0	0	0	0
OG0013040	1	1	0	0	0	0	0	0	0	0	0	0	0	0	0	0	-1
OG0013041	0	0	0	0	0	0	0	0	-1	0	0	0	0	0	0	0	0
OG0013042	1	0	0	0	0	-1	0	0	0	0	0	0	0	0	0	0	0
OG0013043	0	0	0	-1	0	0	0	0	0	0	0	0	0	0	0	0	0
OG0013044	0	-1	0	0	0	0	0	0	0	0	0	0	0	0	0	0	0
OG0013045	0	0	0	0	0	0	0	0	-1	0	0	0	0	0	0	0	0
OG0013046	2	0	0	0	0	0	-1	0	-1	0	0	0	0	0	0	0	0
OG0013047	0	-1	0	-1	1	0	0	0	0	0	0	0	0	0	0	0	0
OG0013048	0	0	0	0	0	0	-1	0	0	0	0	0	0	0	0	0	0
OG0013049	0	0	0	0	0	0	0	0	0	0	0	0	0	0	0	0	0
OG0013050	0	1	0	0	0	0	0	0	-1	0	0	0	0	0	0	0	0
OG0013051	0	0	0	-1	0	0	0	0	0	0	0	0	0	0	0	0	0
OG0013052	0	1	0	-1	0	0	0	0	0	0	0	0	0	0	0	0	0
OG0013053	0	0	0	0	0	0	0	0	0	0	0	0	0	0	0	0	0
OG0013054	0	0	0	0	0	0	0	0	-1	0	0	0	0	0	0	0	0
OG0013055	0	0	0	-1	1	0	0	-1	0	0	0	0	0	0	0	0	0
OG0013056	0	0	0	0	0	0	0	0	0	0	0	0	0	0	0	0	0
OG0013057	0	0	0	0	0	0	0	0	0	0	0	0	0	0	0	0	0
OG0013058	0	0	0	0	0	0	0	0	0	0	0	0	0	0	0	0	0
OG0013059	0	0	0	-1	0	0	0	0	0	0	0	0	0	0	0	0	0
OG0013060	0	0	0	0	0	0	0	0	-1	0	0	0	0	0	0	0	0
OG0013061	0	1	0	0	0	0	-1	0	0	0	0	0	0	0	0	0	0
OG0013062	0	0	0	0	0	0	0	0	0	0	0	0	0	0	0	0	0
OG0013063	0	0	0	0	0	0	0	0	0	0	0	0	0	0	0	0	0
OG0013064	0	0	0	1	0	0	-1	0	-1	0	0	0	0	0	0	0	0
OG0013065	0	0	0	-1	0	0	0	0	0	0	0	0	0	0	0	0	0
OG0013066	0	0	0	0	0	0	0	0	0	0	0	0	0	0	0	0	0
OG0013067	0	0	0	0	0	0	0	0	0	0	0	0	0	0	0	0	0
OG0013068	0	0	0	0	0	0	0	0	-1	0	0	0	0	0	0	0	0
OG0013069	0	0	0	0	0	0	-1	0	0	0	0	0	0	0	0	0	0
OG0013070	0	0	0	-1	0	0	0	0	0	0	0	0	0	0	0	0	0
OG0013071	1	1	0	0	0	-1	0	0	0	0	0	0	0	0	0	0	0
OG0013072	1	-1	0	0	-1	0	0	0	0	0	0	0	0	0	0	0	0
OG0013073	1	0	0	-1	0	0	0	0	0	0	0	0	0	0	0	0	0
OG0013074	0	0	0	0	0	0	0	0	0	0	0	0	0	0	0	0	0
OG0013075	0	0	0	-1	0	0	0	0	0	0	0	0	0	0	0	0	0
OG0013076	0	0	-1	0	0	0	0	0	0	0	0	0	0	0	0	0	0
OG0013077	1	2	0	0	0	0	-1	0	-1	0	0	0	0	0	0	0	0
OG0013078	0	0	0	0	0	0	0	0	0	0	0	0	0	0	0	0	0
OG0013079	1	1	0	0	0	0	0	-1	0	0	0	0	0	0	0	0	0
OG0013080	0	0	0	0	0	0	-1	0	0	0	0	0	0	0	0	0	0
OG0013081	0	0	0	0	0	0	0	0	-1	0	0	0	0	0	0	0	0
OG0013082	0	0	0	0	0	0	0	0	0	0	0	0	0	0	0	0	0
OG0013083	0	1	0	0	0	0	0	0	0	0	0	0	0	0	0	0	0
OG0013084	0	0	0	0	0	0	0	0	-1	0	0	0	0	0	0	0	0
OG0013085	0	0	0	-1	0	0	0	0	0	0	0	0	0	0	0	0	0
OG0013086	0	0	0	0	0	0	0	0	-1	0	0	0	0	0	0	0	0
OG0013087	0	0	0	0	0	0	0	0	0	0	0	0	0	0	0	0	0
OG0013088	0	0	0	-1	0	0	0	0	0	0	0	0	0	0	0	0	0
OG0013089	1	1	0	0	0	-1	-1	0	0	0	0	0	0	0	0	0	0
OG0013090	0	0	0	0	0	0	0	0	0	0	0	0	0	0	0	0	0
OG0013091	0	0	0	-1	0	0	0	0	0	0	0	0	0	0	0	0	0
OG0013092	0	0	0	0	0	0	0	0	0	0	0	0	0	0	0	0	0
OG0013093	0	0	0	0	0	0	0	0	-1	0	0	0	0	0	0	0	0
OG0013094	0	1	0	0	0	0	-1	0	-1	0	0	0	0	0	0	0	0
OG0013095	0	0	0	0	0	0	0	0	-1	0	0	0	0	0	0	0	0
OG0013096	1	0	0	-1	0	0	0	0	0	0	0	0	0	0	0	0	0
OG0013097	0	1	0	0	0	0	0	0	-1	0	0	0	0	0	0	0	0
OG0013098	0	0	1	0	0	0	0	-1	0	0	0	0	0	0	0	0	0
OG0013099	0	0	0	0	0	0	0	0	0	0	0	0	0	0	0	0	0
OG0013100	0	0	0	0	0	0	0	0	-1	0	0	0	0	0	0	0	0
OG0013101	0	0	0	0	0	0	0	0	0	0	0	0	0	0	0	0	0
OG0013102	0	0	0	-1	0	0	0	0	0	0	0	0	0	0	0	0	0
OG0013103	0	0	0	0	0	0	1	-1	0	0	0	0	0	0	0	0	0
OG0013104	0	0	0	-1	0	0	0	0	0	0	0	0	0	0	0	0	0
OG0013105	0	0	0	0	0	0	0	0	-1	0	0	0	0	0	0	0	0
OG0013106	0	0	0	0	0	0	0	0	-1	0	0	0	0	0	0	0	0
OG0013107	0	0	0	0	0	0	0	0	-1	0	0	0	0	0	0	0	0
OG0013108	0	0	0	0	0	0	0	0	-1	0	0	0	0	0	0	0	0
OG0013109	0	0	0	0	0	0	0	0	-1	0	0	0	0	0	0	0	0
OG0013110	0	0	0	0	0	0	0	0	-1	0	0	0	0	0	0	0	0
OG0013111	0	0	0	-1	0	0	0	0	0	0	0	0	0	0	0	0	0
OG0013112	0	0	0	0	0	0	0	0	-1	0	0	0	0	0	0	0	0
OG0013113	0	0	0	-1	0	0	0	0	0	0	0	0	0	0	0	0	0
OG0013114	0	0	0	0	0	0	-1	0	0	0	0	0	0	0	0	0	0
OG0013115	0	0	0	0	0	0	0	0	0	0	0	0	0	0	0	0	0
OG0013116	0	0	0	0	0	0	0	0	-1	0	0	0	0	0	0	0	0
OG0013117	0	0	0	0	0	0	0	0	0	0	0	0	0	0	0	0	0
OG0013118	0	0	0	0	0	0	0	0	0	0	0	0	0	0	0	0	0
OG0013119	0	0	0	0	0	0	0	0	-1	0	0	0	0	0	0	0	0
OG0013120	0	0	0	-1	0	0	0	0	0	0	0	0	0	0	0	0	0
OG0013121	0	0	0	0	0	0	0	0	0	0	0	0	0	0	0	0	0
OG0013122	0	-1	0	0	0	0	0	0	0	0	0	0	0	0	0	0	0
OG0013123	0	0	0	0	0	0	0	0	0	0	0	0	0	0	0	0	0
OG0013124	0	0	0	0	0	0	0	0	0	0	0	0	0	0	0	0	0
OG0013125	0	0	0	0	0	0	-1	0	0	0	0	0	0	0	0	0	0
OG0013126	0	0	0	0	0	0	0	0	0	0	0	0	0	0	0	0	0
OG0013127	0	0	0	0	0	0	0	0	0	0	0	0	0	0	0	0	0
OG0013128	0	0	0	0	0	0	-1	0	0	0	0	0	0	0	0	0	0
OG0013129	0	1	0	0	0	0	0	0	-1	0	0	0	0	0	0	0	0
OG0013130	0	0	0	0	0	0	0	0	0	0	0	0	0	0	0	0	0
OG0013131	0	0	0	0	0	0	-1	0	0	0	0	0	0	0	0	0	0
OG0013132	0	2	0	0	0	0	-1	0	-1	0	0	0	0	0	0	0	0
OG0013133	0	0	1	1	0	0	0	0	-1	0	0	0	0	0	0	0	0
OG0013134	0	0	0	0	0	0	0	0	0	0	0	0	0	0	0	0	0
OG0013135	0	0	0	0	0	0	0	0	0	0	0	0	0	0	0	0	0
OG0013136	0	0	0	0	0	0	0	0	0	0	0	0	0	0	0	0	0
OG0013137	0	0	0	-1	0	0	0	0	0	0	0	0	0	0	0	0	0
OG0013138	0	0	0	0	0	0	-1	0	0	0	0	0	0	0	0	0	0
OG0013139	0	0	0	-1	0	0	0	0	0	0	0	0	0	0	0	0	0
OG0013140	0	0	0	0	0	0	0	0	0	0	0	0	0	0	0	0	0
OG0013141	0	1	0	0	0	0	0	0	-1	0	0	0	0	0	0	0	0
OG0013142	0	0	0	0	0	0	0	0	-1	0	0	0	0	0	0	0	0
OG0013143	0	0	0	0	0	0	0	0	-1	0	0	0	0	0	0	0	0
OG0013144	1	0	0	0	0	0	0	0	-1	0	0	0	0	0	0	0	0
OG0013145	0	0	0	-1	0	0	0	0	0	0	0	0	0	0	0	0	0
OG0013146	0	0	0	0	0	0	0	0	-1	0	0	0	0	0	0	0	0
OG0013147	0	0	0	0	0	0	0	0	0	0	0	0	0	0	0	0	0
OG0013148	0	0	0	-1	0	0	0	0	0	0	0	0	0	0	0	0	0
OG0013149	0	0	0	-1	0	0	0	0	0	0	0	0	0	0	0	0	0
OG0013150	0	0	0	0	0	0	0	0	0	0	0	0	0	0	0	0	0
OG0013151	0	0	0	0	0	0	0	0	0	0	0	0	0	0	0	0	0
OG0013152	0	0	0	1	-1	0	0	0	-1	0	0	0	0	0	0	0	0
OG0013153	0	0	0	0	-1	0	0	0	0	0	0	0	0	0	0	0	0
OG0013154	0	0	0	0	-1	0	0	0	0	0	0	0	0	0	0	0	0
OG0013155	0	0	0	0	0	0	0	0	-1	0	0	0	0	0	0	0	0
OG0013156	0	0	0	0	0	0	0	0	0	0	0	0	0	0	0	0	0
OG0013157	0	0	0	0	0	0	0	0	0	0	0	0	0	0	0	0	0
OG0013158	1	0	0	0	0	0	-1	0	-1	0	0	0	0	0	0	0	0
OG0013159	0	0	0	0	0	0	0	0	-1	0	0	0	0	0	0	0	0
OG0013160	0	0	0	0	0	0	0	0	-1	0	0	0	0	0	0	0	0
OG0013161	0	0	0	0	0	0	0	0	0	0	0	0	0	0	0	0	0
OG0013162	0	0	0	0	0	0	0	0	0	0	0	0	0	0	0	0	0
OG0013163	0	0	0	0	0	0	0	0	0	0	0	0	0	0	0	0	0
OG0013164	0	0	0	0	0	0	0	0	0	0	0	0	0	0	0	0	0
OG0013165	0	0	0	-1	0	0	0	0	0	0	0	0	0	0	0	0	0
OG0013166	0	0	0	0	0	0	-1	0	0	0	0	0	0	0	0	0	0
OG0013167	1	0	0	0	0	0	0	0	0	0	0	0	0	0	0	0	0
OG0013168	1	0	0	0	0	0	0	0	0	0	0	0	0	0	0	0	0
OG0013169	0	1	0	0	0	0	0	-1	0	0	0	0	0	0	0	0	0
OG0013170	0	0	0	0	0	0	0	0	0	0	0	0	0	0	0	0	0
OG0013171	0	0	0	0	0	0	0	0	0	0	0	0	0	0	0	0	0
OG0013172	0	0	0	0	1	0	0	0	0	0	0	0	0	0	0	0	0
OG0013173	1	0	0	-1	0	0	0	0	0	0	0	0	0	0	0	0	0
OG0013174	0	0	0	0	0	0	-1	0	0	0	0	0	0	0	0	0	0
OG0013175	0	1	0	0	0	0	0	-1	0	0	0	0	0	0	0	0	0
OG0013176	0	0	0	0	0	0	0	0	-1	0	0	0	0	0	0	0	0
OG0013177	0	0	0	0	0	0	0	0	0	0	0	0	0	0	0	0	0
OG0013178	0	0	0	0	0	0	-1	0	0	0	0	0	0	0	0	0	0
OG0013179	0	0	0	-1	0	0	0	0	1	0	0	0	0	0	0	0	0
OG0013180	0	0	0	0	0	0	0	0	0	0	0	0	0	0	0	0	0
OG0013181	0	0	0	0	0	0	0	0	0	0	0	0	0	0	0	0	0
OG0013182	0	0	0	0	0	0	0	0	0	0	0	0	0	0	0	0	0
OG0013183	0	0	0	0	0	0	0	0	0	0	0	0	0	0	0	0	0
OG0013184	0	0	0	0	0	0	0	0	0	0	0	0	0	0	0	0	0
OG0013185	0	0	0	0	0	0	0	0	0	0	0	0	0	0	0	0	0
OG0013186	0	1	0	0	0	0	0	0	0	0	0	0	0	0	0	0	0
OG0013187	0	3	0	0	0	-1	0	0	0	0	0	0	0	0	0	0	0
OG0013188	0	1	0	0	0	0	0	0	-1	0	0	0	0	0	0	0	0
OG0013189	0	0	0	0	0	0	-1	0	0	0	0	0	0	0	0	0	0
OG0013190	0	1	0	0	0	0	0	0	-1	0	0	0	0	0	0	0	0
OG0013191	0	0	0	-1	0	0	0	0	0	0	0	0	0	0	0	0	0
OG0013192	0	0	0	0	0	0	1	-1	0	0	0	0	0	0	0	0	0
OG0013193	0	0	0	0	0	0	-1	0	0	0	0	0	0	0	0	0	0
OG0013194	0	1	0	0	0	0	-1	0	0	0	0	0	0	0	0	0	0
OG0013195	0	-1	0	0	1	0	0	0	0	0	0	0	0	0	0	0	0
OG0013196	0	0	0	0	0	0	0	0	0	0	0	0	0	0	0	0	0
OG0013197	0	0	0	0	0	0	0	0	0	0	0	0	0	0	0	0	0
OG0013198	0	-1	0	0	0	0	0	0	0	0	0	0	0	0	0	0	0
OG0013199	0	0	0	0	0	0	0	0	0	0	0	0	0	0	0	0	0
OG0013200	0	0	0	0	0	0	0	0	0	0	0	0	0	0	0	0	0
OG0013201	0	0	0	0	0	0	0	0	0	0	0	0	0	0	0	0	0
OG0013202	0	0	0	0	0	0	0	0	0	0	0	0	0	0	0	0	0
OG0013203	0	1	0	0	0	0	-1	0	0	0	0	0	0	0	0	0	0
OG0013204	0	0	0	0	0	0	0	0	0	0	0	0	0	0	0	0	0
OG0013205	0	0	0	0	0	0	-1	0	0	0	0	0	0	0	0	0	0
OG0013206	0	0	0	-1	0	0	0	0	0	0	0	0	0	0	0	0	0
OG0013207	0	0	0	0	0	0	0	0	0	0	0	0	0	0	0	0	0
OG0013208	0	0	0	0	0	0	0	0	0	0	0	0	0	0	0	0	0
OG0013209	0	1	0	-1	0	0	-1	0	0	0	0	0	0	0	0	0	0
OG0013210	0	0	0	0	0	0	0	0	0	0	0	0	0	0	0	0	0
OG0013211	0	0	0	0	0	0	0	0	0	0	0	0	0	0	0	0	0
OG0013212	0	0	0	0	0	0	0	0	0	0	0	0	0	0	0	0	0
OG0013213	0	0	0	0	0	0	0	0	0	0	0	0	0	0	0	0	0
OG0013214	0	0	0	-1	0	0	0	0	0	0	0	0	0	0	0	0	0
OG0013215	0	0	0	0	0	0	0	0	0	0	0	0	0	0	0	0	0
OG0013216	0	0	0	0	0	0	0	0	-1	0	0	0	0	0	0	0	0
OG0013217	0	0	0	-1	0	0	0	0	0	0	0	0	0	0	0	0	0
OG0013218	0	0	0	-1	0	0	0	0	0	0	0	0	0	0	0	0	0
OG0013219	0	0	0	1	0	0	0	0	-1	0	0	0	0	0	0	0	0
OG0013220	0	-1	0	0	0	0	0	0	0	0	0	0	0	0	0	0	0
OG0013221	0	0	0	0	0	0	0	0	0	0	0	0	0	0	0	0	0
OG0013222	0	0	0	0	0	0	0	0	0	0	0	0	0	0	0	0	0
OG0013223	0	0	0	0	0	0	0	0	-1	0	0	0	0	0	0	0	0
OG0013224	0	0	1	1	0	0	-1	0	-1	0	0	0	0	0	0	0	0
OG0013225	0	1	0	0	0	0	-1	0	-1	0	0	0	0	0	0	0	0
OG0013226	0	0	0	-1	0	0	0	0	0	0	0	0	0	0	0	0	0
OG0013227	1	-1	0	-1	0	0	0	0	0	0	0	0	0	0	0	0	0
OG0013228	0	0	0	0	0	0	-1	0	0	0	0	0	0	0	0	0	0
OG0013229	0	0	0	0	0	0	0	0	0	0	0	0	0	0	0	0	0
OG0013230	0	0	0	0	0	0	0	0	0	0	0	0	0	0	0	0	0
OG0013231	0	0	0	0	0	0	0	0	0	0	0	0	0	0	0	0	0
OG0013232	0	0	0	0	0	0	0	0	-1	0	0	0	0	0	0	0	0
OG0013233	0	0	0	0	0	0	0	0	0	0	0	0	0	0	0	0	0
OG0013234	0	0	0	-1	0	0	0	0	0	0	0	0	0	0	0	0	0
OG0013235	0	0	0	0	0	0	0	0	-1	0	0	0	0	0	0	0	0
OG0013236	0	0	0	0	0	0	0	0	0	0	0	0	0	0	0	0	0
OG0013237	0	0	0	0	0	0	0	0	0	0	0	0	0	0	0	0	0
OG0013238	0	0	0	-1	0	0	0	0	0	0	0	0	0	0	0	0	0
OG0013239	0	0	0	-1	0	0	0	0	0	0	0	0	0	0	0	0	0
OG0013240	0	0	0	0	0	0	0	0	-1	0	0	0	0	0	0	0	0
OG0013241	0	0	0	0	0	0	0	0	0	0	0	0	0	0	0	0	0
OG0013242	0	0	0	-1	0	0	0	0	0	0	0	0	0	0	0	0	0
OG0013243	0	0	0	0	0	0	0	0	0	0	0	0	0	0	0	0	0
OG0013244	0	1	0	0	0	0	0	0	0	0	0	0	0	0	0	0	0
OG0013245	0	0	0	0	0	0	0	0	-1	0	0	0	0	0	0	0	0
OG0013246	0	1	0	0	0	0	0	0	-1	0	0	0	0	0	0	0	0
OG0013247	0	0	0	0	0	0	0	0	0	0	0	0	0	0	0	0	0
OG0013248	0	0	0	-1	0	0	0	0	0	0	0	0	0	0	0	0	0
OG0013249	0	0	0	0	0	0	0	0	0	0	0	0	0	0	0	0	0
OG0013250	0	-1	0	0	0	0	0	0	0	0	0	0	0	0	0	0	0
OG0013251	0	0	0	0	0	0	0	0	0	0	0	0	0	0	0	0	0
OG0013252	0	0	0	0	0	0	0	0	0	0	0	0	0	0	0	0	0
OG0013253	0	1	0	0	0	0	0	0	0	0	0	0	0	0	0	0	0
OG0013254	0	0	0	-1	0	0	0	0	0	0	0	0	0	0	0	0	0
OG0013255	0	0	0	0	0	0	0	0	0	0	0	0	0	0	0	0	0
OG0013256	0	0	0	0	0	0	0	0	0	0	0	0	0	0	0	0	0
OG0013257	0	1	0	1	0	0	0	0	-1	0	0	0	0	0	0	0	0
OG0013258	0	0	0	0	0	0	0	0	-1	0	0	0	0	0	0	0	0
OG0013259	0	0	0	0	0	0	0	0	0	0	0	0	0	0	0	0	0
OG0013260	0	0	0	-1	0	0	0	0	0	0	0	0	0	0	0	0	0
OG0013261	0	0	0	0	0	0	0	0	0	0	0	0	0	0	0	0	0
OG0013262	0	0	0	-1	0	0	0	0	0	0	0	0	0	0	0	0	0
OG0013263	0	0	0	0	0	0	-1	0	0	0	0	0	0	0	0	0	0
OG0013264	0	0	0	0	0	0	0	0	0	0	0	0	0	0	0	0	0
OG0013265	1	0	0	0	0	0	0	-1	0	0	0	0	0	0	0	0	0
OG0013266	0	0	1	0	0	0	0	0	0	0	0	0	0	0	0	0	0
OG0013267	0	0	0	-1	0	0	0	0	0	0	0	0	0	0	0	0	0
OG0013268	0	-1	0	0	0	0	0	0	0	0	0	0	0	0	0	0	0
OG0013269	0	0	0	0	0	0	0	0	0	0	0	0	0	0	0	0	0
OG0013270	0	0	0	0	0	0	-1	0	0	0	0	0	0	0	0	0	0
OG0013271	0	0	0	0	0	0	0	0	0	0	0	0	0	0	0	0	0
OG0013272	0	0	0	0	0	0	0	0	0	0	0	0	0	0	0	0	0
OG0013273	0	0	0	0	0	0	0	0	0	0	0	0	0	0	0	0	0
OG0013274	0	0	0	0	0	0	0	0	0	0	0	0	0	0	0	0	0
OG0013275	0	0	0	-1	0	0	0	0	0	0	0	0	0	0	0	0	0
OG0013276	0	0	0	-1	0	0	0	0	0	0	0	0	0	0	0	0	0
OG0013277	0	0	0	-1	0	0	0	0	0	0	0	0	0	0	0	0	0
OG0013278	0	1	0	0	0	0	0	-1	0	0	0	0	0	0	0	0	0
OG0013279	0	0	0	1	0	0	0	0	-1	0	0	0	0	0	0	0	0
OG0013280	0	1	0	-1	0	0	0	0	0	0	0	0	0	0	0	0	0
OG0013281	0	0	0	1	0	0	0	0	0	0	0	0	0	0	0	0	0
OG0013282	0	0	0	0	0	0	0	0	0	0	0	0	0	0	0	0	0
OG0013283	0	0	0	0	0	0	0	0	-1	0	0	0	0	0	0	0	0
OG0013284	0	0	0	0	0	0	0	0	0	0	0	0	0	0	0	0	0
OG0013285	0	0	0	0	0	0	0	0	-1	0	0	0	0	0	0	0	0
OG0013286	0	0	0	0	0	0	-1	0	0	0	0	0	0	0	0	0	0
OG0013287	0	0	0	0	0	0	-1	0	0	0	0	0	0	0	0	0	0
OG0013288	0	0	0	0	0	0	0	0	-1	0	0	0	0	0	0	0	0
OG0013289	0	0	0	0	0	0	-1	0	0	0	0	0	0	0	0	0	0
OG0013290	0	0	0	0	0	0	-1	0	0	0	0	0	0	0	0	0	0
OG0013291	0	0	0	0	0	0	0	0	0	0	0	0	0	0	0	0	0
OG0013292	0	0	1	0	0	0	0	-1	0	0	0	0	0	0	0	0	0
OG0013293	0	0	0	0	0	0	0	0	0	0	0	0	0	0	0	0	0
OG0013294	0	0	0	0	0	-1	0	0	0	0	0	1	0	0	0	0	0
OG0013295	0	0	0	0	0	0	0	0	0	0	0	0	0	0	0	0	0
OG0013296	0	1	0	0	0	0	0	-1	0	0	0	0	0	0	0	0	0
OG0013297	0	0	0	0	1	-1	0	0	1	0	0	0	0	0	0	0	0
OG0013298	0	0	0	0	0	0	0	0	0	0	0	0	0	0	0	0	0
OG0013299	0	0	0	0	0	0	0	0	-1	0	0	0	0	0	0	0	0
OG0013300	0	0	0	-1	0	0	0	0	0	0	0	0	0	0	0	0	0
OG0013301	0	0	0	-1	0	0	0	0	0	0	0	0	0	0	0	0	0
OG0013302	0	0	0	0	0	0	0	0	0	0	0	0	0	0	0	0	0
OG0013303	0	0	0	0	0	0	0	0	0	0	0	0	0	0	0	0	0
OG0013304	0	1	0	0	0	0	0	0	-1	0	0	0	0	0	0	0	0
OG0013305	0	0	0	0	0	0	0	0	0	0	0	0	0	0	0	0	0
OG0013306	0	0	0	-1	0	0	0	0	0	0	0	0	0	0	0	0	0
OG0013307	0	0	0	0	0	0	0	0	0	0	0	0	0	0	0	0	0
OG0013308	0	0	0	0	0	0	0	0	0	0	0	0	0	0	0	0	0
OG0013309	0	0	0	0	0	0	-1	0	0	0	0	0	0	0	0	0	0
OG0013310	0	0	-1	0	0	0	0	0	0	0	0	0	0	0	0	0	0
OG0013311	0	0	0	0	0	0	0	0	0	0	0	0	0	0	0	0	0
OG0013312	0	1	0	0	0	0	0	0	-1	0	0	0	0	0	0	0	0
OG0013313	0	0	0	-1	0	0	0	0	0	0	0	0	0	0	0	0	0
OG0013314	0	0	0	0	0	0	0	0	0	0	0	0	0	0	0	0	0
OG0013315	0	0	0	0	0	0	0	0	0	0	0	0	0	0	0	0	0
OG0013316	0	0	0	0	0	0	0	0	0	0	0	0	0	0	0	0	0
OG0013317	0	0	0	0	0	0	0	0	0	0	0	0	0	0	0	0	0
OG0013318	0	0	0	-1	0	0	0	0	0	0	0	0	0	0	0	0	0
OG0013319	0	0	0	0	0	0	0	0	0	0	0	0	0	0	0	0	0
OG0013320	0	1	0	-1	0	0	0	0	-1	0	0	0	0	0	0	0	0
OG0013321	0	0	0	-1	0	0	0	0	0	0	0	0	0	0	0	0	0
OG0013322	0	0	0	0	0	0	-1	0	0	0	0	0	0	0	0	0	0
OG0013323	0	0	0	-1	0	0	0	0	0	0	0	0	0	0	0	0	0
OG0013324	0	0	0	0	0	0	-1	0	0	0	0	0	0	0	0	0	0
OG0013325	0	0	0	-1	0	0	0	0	0	0	0	0	0	0	0	0	0
OG0013326	0	0	0	-1	0	0	0	0	0	0	0	0	0	0	0	0	0
OG0013327	0	0	0	-1	0	0	0	0	0	0	0	0	0	0	0	0	0
OG0013328	0	0	0	0	0	0	0	0	0	0	0	0	0	0	0	0	0
OG0013329	0	0	0	1	0	0	-1	0	-1	0	0	0	0	0	0	0	0
OG0013330	0	0	0	0	0	0	0	0	-1	0	0	0	0	0	0	0	0
OG0013331	0	0	0	-1	0	0	0	0	0	0	0	0	0	0	0	0	0
OG0013332	0	0	0	-1	0	0	0	0	0	0	0	0	0	0	0	0	0
OG0013333	0	1	0	0	0	0	0	0	-1	0	0	0	0	0	0	0	0
OG0013334	0	0	0	-1	0	0	0	0	0	0	0	0	0	0	0	0	0
OG0013335	0	0	0	0	0	0	0	0	0	0	0	0	0	0	0	0	0
OG0013336	0	0	0	-1	1	0	0	0	-1	0	0	0	0	0	0	0	0
OG0013337	0	0	0	0	0	0	0	0	-1	0	0	0	0	0	0	0	0
OG0013338	0	0	0	0	0	0	0	0	-1	0	0	0	0	0	0	0	0
OG0013339	0	0	0	0	0	0	0	0	-1	0	0	0	0	0	0	0	0
OG0013340	0	0	0	0	0	0	0	0	-1	0	0	0	0	0	0	0	0
OG0013341	0	0	0	-1	0	0	0	0	0	0	0	0	0	0	0	0	0
OG0013342	0	0	0	0	0	0	0	0	0	0	0	0	0	0	0	0	0
OG0013343	0	0	0	0	0	0	0	0	-1	0	0	0	0	0	0	0	0
OG0013344	0	0	0	0	0	0	0	0	0	0	0	0	0	0	0	0	0
OG0013345	0	0	0	0	0	0	0	0	-1	0	0	0	0	0	0	0	0
OG0013346	0	0	0	-1	0	0	0	0	0	0	0	0	0	0	0	0	0
OG0013347	0	0	0	-1	0	0	0	0	0	0	0	0	0	0	0	0	0
OG0013348	0	0	0	0	0	0	0	0	0	0	0	0	0	0	0	0	0
OG0013349	0	0	0	0	0	0	0	0	0	0	0	0	0	0	0	0	0
OG0013350	0	0	0	0	-1	0	0	0	0	0	0	0	0	0	0	0	0
OG0013351	0	0	0	0	0	0	0	0	-1	0	0	0	0	0	0	0	0
OG0013352	0	0	0	0	0	0	0	0	0	0	0	0	0	0	0	0	0
OG0013353	0	0	0	0	0	0	-1	0	0	0	0	0	0	0	0	0	0
OG0013354	0	0	0	0	0	0	0	0	0	0	0	0	0	0	0	0	0
OG0013355	0	0	0	0	0	0	0	0	0	0	0	0	0	0	0	0	0
OG0013356	2	0	0	0	0	0	0	-1	0	0	0	0	0	0	0	0	0
OG0013357	0	0	0	-1	0	0	0	0	0	0	0	0	0	0	0	0	0
OG0013358	0	0	0	0	0	0	0	0	0	0	0	0	0	0	0	0	0
OG0013359	0	0	0	0	0	0	0	0	0	0	0	0	0	0	0	0	0
OG0013360	0	0	0	0	0	0	0	0	0	0	0	0	0	0	0	0	0
OG0013361	0	0	0	0	0	0	-1	0	0	0	0	0	0	0	0	0	0
OG0013362	0	0	0	0	0	0	0	0	0	0	0	0	0	0	0	0	0
OG0013363	0	0	0	0	0	0	0	0	0	0	0	0	0	0	0	0	0
OG0013364	0	0	0	0	0	0	0	0	-1	0	0	0	0	0	0	0	0
OG0013365	0	0	0	-1	0	0	0	0	0	0	0	0	0	0	0	0	0
OG0013366	0	0	0	0	0	0	0	0	-1	0	0	0	0	0	0	0	0
OG0013367	0	0	0	0	0	0	0	0	0	0	0	0	0	0	0	0	0
OG0013368	0	0	0	-1	0	0	0	-1	0	0	0	1	0	0	0	0	0
OG0013369	0	0	0	0	0	0	0	0	0	0	0	0	0	0	0	0	0
OG0013370	0	0	0	0	0	0	0	0	-1	0	0	0	0	0	0	0	0
OG0013371	0	1	0	0	0	0	-1	0	0	0	0	0	0	0	0	0	0
OG0013372	0	1	0	0	0	0	0	0	0	0	0	0	0	0	0	0	0
OG0013373	0	1	0	0	0	0	0	0	-1	0	0	0	0	0	0	0	0
OG0013374	0	2	0	0	0	-1	0	0	0	0	0	0	0	0	0	0	0
OG0013375	0	0	0	0	0	0	0	0	0	0	0	0	0	0	0	0	0
OG0013376	0	0	0	0	0	0	0	0	0	0	0	0	0	0	0	0	0
OG0013377	0	0	0	0	0	0	-1	0	0	0	0	0	0	0	0	0	0
OG0013378	0	0	0	0	0	0	0	0	0	0	0	0	0	0	0	0	0
OG0013379	0	0	0	0	0	0	0	0	0	0	0	0	0	0	0	0	0
OG0013380	0	0	0	0	0	0	0	0	-1	0	0	0	0	0	0	0	0
OG0013381	0	0	0	0	0	0	0	0	0	0	0	0	0	0	0	0	0
OG0013382	0	0	1	0	0	0	0	0	-1	0	0	0	0	0	0	0	0
OG0013383	0	0	0	0	0	0	0	0	0	0	0	0	0	0	0	0	0
OG0013384	0	1	0	0	0	0	0	0	0	0	0	0	0	0	0	0	0
OG0013385	0	0	-1	0	0	0	0	0	0	0	0	0	0	0	0	0	0
OG0013386	0	0	0	0	0	0	0	0	0	0	0	0	0	0	0	0	0
OG0013994	0	0	-1	1	3	0	0	0	0	0	0	0	0	0	0	-1	0
OG0013998	0	0	0	-1	0	0	0	0	0	0	0	0	0	0	0	0	0
OG0013999	2	0	0	0	0	0	0	0	-1	0	0	0	0	0	0	0	0
OG0014000	0	0	0	0	0	0	0	0	0	0	0	0	0	0	0	0	0
OG0014001	2	-1	0	0	-1	0	0	0	0	0	-1	0	0	0	0	0	-1
OG0014002	0	0	0	0	0	0	0	0	-1	0	0	0	0	0	0	0	0
OG0014005	0	1	0	0	0	-1	0	0	0	0	0	0	0	0	0	0	0
OG0014007	2	-1	0	-1	0	0	0	0	-1	0	-1	0	0	0	0	0	0
OG0014009	0	0	0	2	0	0	0	-1	0	0	0	-1	0	0	0	0	0
OG0014010	1	0	0	0	0	-1	0	0	0	0	0	0	0	0	0	0	0
OG0014011	1	0	-1	0	0	0	0	0	-1	0	0	0	0	0	0	0	0
OG0014014	0	0	0	0	0	0	0	-1	0	0	0	0	0	0	0	0	0
OG0014015	0	0	0	0	0	0	0	0	-1	0	0	0	0	0	0	0	0
OG0014016	0	0	0	0	0	0	0	0	0	0	0	-1	0	0	0	0	0
OG0014017	0	0	0	0	0	0	0	0	-1	0	0	0	0	0	0	0	0
OG0014018	0	0	0	0	0	0	0	0	-1	0	0	0	0	0	0	0	0
OG0014019	0	0	0	0	0	0	0	0	-1	0	0	0	0	0	0	0	0
OG0014020	1	-1	1	-1	0	0	-1	0	-1	0	0	0	0	0	0	0	0
OG0014021	0	0	0	0	0	0	0	0	0	0	0	2	0	0	0	-1	0
OG0014022	0	0	0	0	1	0	0	0	0	0	0	0	0	0	0	0	-1
OG0014023	1	-1	0	-1	1	0	0	-1	0	0	0	0	0	0	0	0	0
OG0014024	0	0	0	0	0	-1	0	0	0	0	0	0	0	0	0	0	0
OG0014025	1	0	0	0	0	0	0	0	-1	0	0	0	0	0	0	0	0
OG0014026	0	1	0	0	0	-1	0	0	0	0	0	0	0	0	0	0	0
OG0014027	0	0	0	0	0	-1	0	0	0	0	0	0	0	0	0	0	0
OG0014028	0	-1	0	0	0	0	0	0	0	0	0	0	0	0	0	0	0
OG0014029	1	0	0	0	0	0	0	0	-1	0	0	0	0	0	0	0	0
OG0014030	0	-1	0	0	0	0	0	0	-1	0	0	0	0	0	0	0	0
OG0014031	0	-1	0	0	0	0	0	0	0	0	0	0	0	0	0	0	0
OG0014032	0	0	0	0	0	0	0	0	0	0	0	0	0	0	0	0	0
OG0014033	0	0	0	0	0	0	0	-1	0	0	0	0	0	0	0	0	0
OG0014034	0	0	0	0	0	-1	0	0	0	0	0	0	0	0	0	0	0
OG0014035	0	-1	0	0	-1	0	0	0	0	0	0	0	0	0	0	0	0
OG0014036	0	0	0	0	0	0	-1	0	0	0	0	-1	0	0	0	0	0
OG0014037	0	1	0	0	0	-1	0	0	0	0	0	0	0	0	0	0	0
OG0014038	0	0	0	0	0	0	0	0	0	0	0	0	0	0	0	0	0
OG0014039	2	0	0	-1	1	-1	0	0	0	0	-1	-1	0	0	0	0	0
OG0014040	0	0	0	0	0	0	0	0	-1	0	0	0	0	0	0	0	0
OG0014041	0	0	0	0	0	0	0	0	0	0	0	0	0	0	0	0	0
OG0014042	0	0	-1	0	0	-1	-1	0	-1	0	1	0	0	0	-1	0	0
OG0014043	1	1	0	-1	0	0	0	-1	0	0	0	0	0	0	0	0	0
OG0014044	1	1	0	0	0	0	0	0	0	0	0	0	0	0	0	0	-1
OG0014045	0	1	0	0	0	0	-1	-1	0	0	0	0	0	0	0	0	0
OG0014046	0	0	0	-1	0	0	0	0	0	0	0	0	0	0	0	0	0
OG0014047	0	-1	0	0	0	0	0	0	0	0	0	0	0	0	0	0	0
OG0014048	0	-1	0	0	0	0	0	0	-1	0	0	0	0	0	0	0	0
OG0014049	0	0	0	0	0	0	0	0	-1	0	0	0	0	0	0	0	0
OG0014050	0	0	0	0	0	0	0	0	-1	0	0	0	0	0	0	0	0
OG0014051	0	0	0	-1	0	0	0	0	0	0	0	0	0	0	0	0	0
OG0014052	0	3	0	0	0	0	0	0	0	0	0	0	0	0	0	0	-1
OG0014053	0	1	0	0	0	-1	0	0	-1	0	0	0	0	0	0	0	0
OG0014054	0	0	0	0	0	0	0	-1	0	0	0	0	0	0	0	0	0
OG0014055	0	0	0	0	0	0	0	0	-1	0	0	0	0	0	0	0	0
OG0014056	0	0	0	-1	0	0	0	0	-1	0	0	0	0	0	0	0	0
OG0014057	0	0	0	0	0	0	0	0	-1	0	0	0	0	0	0	0	0
OG0014058	0	0	0	0	0	-1	0	0	0	0	0	0	0	0	0	0	0
OG0014059	0	0	0	0	0	0	0	0	-1	0	0	0	0	0	0	0	0
OG0014060	0	0	0	0	0	0	0	0	0	0	0	0	0	0	0	0	0
OG0014061	0	0	0	-1	0	0	0	0	0	0	0	0	0	0	0	0	0
OG0014062	0	0	0	0	0	0	0	0	0	0	0	0	0	0	0	0	0
OG0014063	0	0	0	0	0	0	0	0	-1	0	0	0	0	0	0	0	0
OG0014064	1	0	0	0	0	-1	0	0	0	0	0	0	0	0	0	0	0
OG0014065	0	0	0	0	0	0	0	-1	0	0	0	0	0	0	0	0	0
OG0014066	0	0	0	0	0	0	0	0	-1	0	0	0	0	0	0	0	0
OG0014067	0	0	0	0	0	0	0	0	-1	0	0	0	0	0	0	0	0
OG0014068	0	0	0	0	0	0	0	0	-1	0	0	0	0	0	0	0	0
OG0014069	0	0	0	-1	0	0	0	0	-1	0	0	0	0	0	0	0	0
OG0014070	0	0	0	1	0	-1	0	0	0	0	0	0	0	0	0	0	0
OG0014071	0	0	0	0	0	-1	0	-1	0	0	0	0	0	0	0	1	0
OG0014072	1	7	0	0	0	0	0	0	0	0	0	0	0	-1	0	0	0
OG0014073	1	0	0	0	0	0	-1	-1	0	0	0	0	0	0	0	0	0
OG0014074	0	0	0	0	0	0	-1	0	0	0	0	0	0	0	0	0	0
OG0014075	0	0	0	0	0	0	0	0	-1	0	0	0	0	0	0	0	0
OG0014076	0	0	0	0	0	0	0	0	-1	0	0	0	0	0	0	0	0
OG0014077	0	1	0	0	0	0	0	0	-1	0	0	0	0	0	0	0	0
OG0014078	1	1	0	0	0	-1	-1	0	0	0	0	0	0	0	0	0	0
OG0014079	0	1	0	-1	0	-1	0	0	0	0	0	0	0	0	0	0	0
OG0014080	5	0	0	-1	-1	0	0	0	0	0	-1	0	0	0	0	-1	0
OG0014081	1	0	0	-1	0	0	0	0	-1	0	0	0	0	0	0	0	0
OG0014082	0	1	-1	0	0	0	0	-1	0	0	0	0	0	0	0	0	0
OG0014083	0	0	0	0	0	0	0	0	-1	0	0	0	0	0	0	0	0
OG0014084	0	0	0	0	0	0	0	0	-1	0	0	0	0	0	0	0	0
OG0014085	0	-1	0	0	0	0	-1	0	0	0	0	0	0	0	0	0	0
OG0014086	1	0	0	0	0	-1	0	0	-1	0	0	0	0	0	0	0	0
OG0014087	0	1	0	0	0	0	0	0	0	0	0	0	0	0	0	0	-1
OG0014088	0	0	0	0	0	0	0	-1	0	0	0	0	0	0	0	0	0
OG0014089	0	0	0	-1	-1	0	-1	0	0	0	0	0	0	0	0	0	0
OG0014090	0	-1	0	-1	0	0	0	0	0	0	0	0	0	0	0	0	0
OG0014091	0	0	0	0	0	0	-1	0	-1	0	0	0	0	0	0	0	0
OG0014092	0	0	0	0	0	0	0	0	-1	0	0	0	0	0	0	0	0
OG0014093	0	0	0	0	0	0	0	0	-1	0	0	0	0	0	0	0	0
OG0014094	0	0	0	0	0	0	-1	0	-1	0	0	1	0	0	0	0	0
OG0014095	0	0	0	-1	1	0	0	0	0	0	0	0	0	0	0	0	0
OG0014096	0	0	0	-1	0	0	0	0	0	0	0	0	0	0	0	0	0
OG0014097	0	0	0	0	0	0	0	0	-1	0	0	0	0	0	0	0	0
OG0014098	0	0	0	0	0	-1	0	0	0	0	0	0	0	0	0	0	0
OG0014099	0	0	0	-1	0	0	0	0	-1	0	0	0	0	0	0	0	0
OG0014100	0	1	0	-1	0	0	-1	0	0	0	0	0	0	0	0	0	0
OG0014101	0	0	0	0	0	0	-1	0	0	0	0	0	0	0	0	0	0
OG0014102	0	-1	0	-1	0	0	0	0	0	0	0	0	0	0	0	0	0
OG0014103	0	0	1	-1	0	0	0	-1	0	0	0	0	0	0	0	0	0
OG0014104	0	0	0	0	0	0	0	-1	0	0	0	0	0	0	0	0	0
OG0014105	0	0	0	0	0	0	0	0	-1	0	0	0	0	0	0	0	0
OG0014106	0	0	0	0	0	0	-1	0	0	0	0	0	0	0	0	0	0
OG0014107	0	0	0	0	0	0	-1	0	-1	0	0	0	0	0	0	0	0
OG0014108	0	0	0	-1	0	0	0	0	0	0	0	0	0	0	0	0	0
OG0014109	0	0	0	0	0	0	0	-1	0	0	0	0	0	0	0	0	0
OG0014110	0	0	0	-1	0	0	0	0	0	0	0	0	0	0	0	0	0
OG0014111	0	0	0	-1	0	0	0	0	0	0	0	0	0	0	0	0	0
OG0014112	0	0	0	0	0	0	0	-1	0	0	0	0	0	0	0	0	0
OG0014113	0	0	0	0	0	0	0	0	0	0	0	0	0	0	0	0	0
OG0014114	1	0	0	0	0	0	0	-1	0	0	0	0	0	0	0	0	0
OG0014115	0	0	0	0	0	0	0	0	-1	0	0	0	0	0	0	0	0
OG0014116	0	0	0	0	0	0	-1	0	0	0	0	0	0	0	0	0	0
OG0014117	0	0	0	0	0	0	-1	-1	0	0	0	0	0	0	0	0	0
OG0014118	0	0	0	0	0	0	0	0	-1	0	0	0	0	0	0	0	0
OG0014119	1	0	0	1	-1	0	0	0	-1	0	0	-1	0	0	0	0	0
OG0014120	1	0	0	0	0	0	0	0	-1	0	0	0	0	0	0	0	0
OG0014121	0	0	0	0	0	0	-1	0	-1	0	0	0	0	0	0	0	0
OG0014123	2	0	0	-1	0	0	0	0	-1	0	0	0	0	0	0	0	0
OG0014124	1	0	0	0	0	0	0	0	0	0	0	0	0	0	0	0	-1
OG0014125	0	0	0	0	0	0	0	0	-1	0	0	0	0	0	0	0	0
OG0014126	0	0	0	0	0	0	0	0	0	0	0	0	0	0	0	0	0
OG0014127	0	0	0	-1	0	0	-1	0	0	0	0	0	0	0	0	0	0
OG0014128	0	0	0	-1	0	0	0	0	0	0	0	0	0	0	0	0	0
OG0014129	0	0	0	0	0	-1	0	0	0	0	0	0	0	0	0	0	0
OG0014130	0	0	0	0	0	0	0	0	-1	0	0	0	0	0	0	0	0
OG0014131	0	0	0	0	0	0	0	-1	0	0	0	0	0	0	0	0	0
OG0014132	1	0	0	-1	0	0	0	-1	0	0	0	0	0	0	0	0	0
OG0014133	0	1	0	0	1	0	0	0	0	0	0	0	0	0	0	0	-1
OG0014134	0	0	0	0	0	0	0	-1	0	0	0	0	0	0	0	0	0
OG0014135	0	0	0	-1	0	0	0	0	0	0	0	0	0	0	0	0	0
OG0014137	0	0	2	0	1	0	-1	0	-1	0	0	0	0	0	0	0	0
OG0014139	0	1	0	0	0	-1	0	0	0	0	0	0	0	0	0	0	0
OG0014140	1	0	0	0	0	-1	0	0	0	0	0	0	0	0	0	0	0
OG0014141	0	0	0	0	0	0	0	0	0	0	0	0	0	0	0	0	0
OG0014142	0	0	0	0	0	-1	0	0	0	0	0	0	0	0	0	0	0
OG0014143	0	1	0	0	0	0	0	0	0	0	0	0	0	0	0	0	-1
OG0014144	1	1	0	0	0	0	0	0	0	0	0	0	0	0	0	-1	0
OG0014145	0	0	0	0	0	0	0	-1	0	0	0	0	0	0	0	0	0
OG0014146	0	0	0	0	0	0	0	0	-1	0	0	0	0	0	0	0	0
OG0014147	0	0	0	0	0	0	0	0	0	0	0	-1	0	0	0	0	0
OG0014148	0	0	0	0	0	0	0	-1	0	0	0	0	0	0	0	0	0
OG0014149	0	1	0	-1	0	0	-1	0	-1	0	0	0	0	0	0	0	0
OG0014150	0	0	0	0	0	0	0	-1	0	0	0	0	0	0	0	0	0
OG0014151	0	1	0	0	0	0	-1	-1	0	0	0	0	0	0	0	0	0
OG0014152	0	0	0	-1	0	0	0	0	0	0	0	0	0	0	0	0	0
OG0014153	6	0	0	0	-1	-1	0	0	-1	0	-1	-1	0	0	0	0	0
OG0014154	0	0	0	0	0	0	0	0	-1	0	0	0	0	0	0	0	0
OG0014155	0	-1	0	-1	0	0	0	0	0	0	0	0	0	0	0	0	0
OG0014156	0	0	0	-1	0	0	0	0	0	0	0	0	0	0	0	0	0
OG0014157	0	1	0	-1	0	-1	0	0	0	0	0	0	0	0	0	0	0
OG0014159	0	-1	0	0	0	0	0	0	0	0	0	0	0	0	0	0	0
OG0014160	0	1	0	0	0	0	-1	0	-1	0	0	0	0	0	0	0	0
OG0014161	0	0	0	0	0	0	0	0	-1	0	0	0	0	0	0	0	0
OG0014162	0	0	0	0	0	0	-1	0	0	0	0	0	0	0	0	0	0
OG0014163	0	0	0	-1	0	0	0	0	0	0	0	0	0	0	0	0	0
OG0014164	0	0	0	0	0	0	0	0	-1	0	0	0	0	0	0	0	0
OG0014165	2	-1	0	0	0	0	0	-1	0	0	0	0	0	0	0	0	0
OG0014166	1	0	0	-1	0	0	0	0	-1	0	0	0	0	0	0	0	0
OG0014167	0	0	0	0	0	0	0	0	-1	0	0	0	0	0	0	0	0
OG0014168	0	1	0	0	0	-1	0	0	0	0	0	0	0	0	0	0	0
OG0014169	0	0	0	-1	0	0	0	0	-1	0	0	0	0	0	0	0	0
OG0014170	0	0	0	-1	0	0	0	0	0	0	0	0	0	0	0	0	0
OG0014171	2	0	0	0	0	-1	0	0	0	0	0	0	0	0	0	0	0
OG0014172	0	0	0	-1	0	0	0	0	0	0	0	0	0	0	0	0	0
OG0014173	0	0	0	0	0	0	0	-1	0	0	0	0	0	0	0	0	0
OG0014174	2	-1	0	0	0	-1	0	0	0	0	0	0	0	0	0	0	0
OG0014175	0	0	0	1	0	-1	0	0	0	0	0	0	0	0	0	0	0
OG0014176	0	0	0	-1	0	0	-1	0	0	0	0	0	0	0	0	0	0
OG0014177	1	0	0	0	0	0	0	0	0	0	0	0	0	0	0	0	-1
OG0014179	0	0	0	0	0	0	0	-1	0	0	0	0	0	0	0	0	0
OG0014180	0	0	0	0	0	-1	0	0	0	0	0	0	0	0	0	0	0
OG0014181	0	0	0	0	0	0	0	-1	0	0	0	0	0	0	0	0	0
OG0014182	0	0	0	0	0	0	-1	0	-1	0	0	0	0	0	0	0	0
OG0014184	0	1	0	0	0	-1	0	0	0	0	0	0	0	0	0	0	0
OG0014185	1	0	1	0	0	-1	0	-1	0	0	0	0	0	0	0	0	0
OG0014186	0	0	0	-1	0	0	0	0	0	0	0	0	0	0	0	0	0
OG0014187	0	0	0	0	0	0	0	0	-1	0	0	0	0	0	0	0	0
OG0014188	0	0	0	0	0	0	-1	0	0	0	0	0	0	0	0	0	0
OG0014189	0	0	0	0	0	0	-1	0	0	0	0	0	0	0	0	0	0
OG0014190	1	0	0	0	0	-1	0	0	0	0	0	0	0	0	0	0	0
OG0014192	0	0	0	-1	0	0	0	0	0	0	0	0	0	0	0	0	0
OG0014193	0	0	0	0	0	-1	0	0	0	0	0	0	0	0	0	0	0
OG0014194	0	0	0	0	0	0	0	0	-1	0	0	0	0	0	0	0	0
OG0014195	0	1	0	-1	0	0	-1	0	-1	0	0	0	0	0	0	0	0
OG0014196	0	0	0	0	0	0	0	0	-1	0	0	0	0	0	0	0	0
OG0014198	0	0	1	0	0	0	0	0	0	0	0	0	0	0	0	0	-1
OG0014199	0	0	0	0	0	0	0	0	0	0	0	0	0	0	0	0	0
OG0014200	1	0	0	0	0	0	-1	-1	0	0	0	0	0	0	0	0	0
OG0014201	0	-1	0	0	0	0	-1	0	0	0	0	0	0	0	0	0	0
OG0014202	0	0	0	0	0	0	-1	0	0	0	0	0	0	0	0	0	0
OG0014203	0	0	0	0	0	0	0	-1	0	0	0	0	0	0	0	0	0
OG0014204	0	0	0	0	0	0	0	0	-1	0	0	0	0	0	0	0	0
OG0014205	0	0	0	0	0	0	0	0	-1	0	0	0	0	0	0	0	0
OG0014206	0	0	0	0	0	0	0	0	0	0	0	0	0	0	0	0	0
OG0014207	0	1	0	-1	0	0	0	0	-1	0	0	0	0	0	0	0	0
OG0014209	1	0	0	0	0	-1	0	0	0	0	0	0	0	0	0	0	0
OG0014210	0	0	0	1	0	-1	0	0	0	0	0	0	0	0	0	0	0
OG0014211	0	0	0	0	0	0	-1	0	0	0	0	0	0	0	0	0	0
OG0014212	0	0	0	0	0	0	0	0	-1	0	0	0	0	0	0	0	0
OG0014213	0	-1	0	-1	0	0	1	0	-1	0	0	0	0	0	0	0	0
OG0014214	0	0	0	0	0	0	-1	0	-1	0	0	0	0	0	0	0	0
OG0014215	0	1	0	0	0	0	-1	0	-1	0	0	0	0	0	0	0	0
OG0014216	0	0	0	-1	0	0	0	0	-1	0	0	0	0	0	0	0	0
OG0014217	1	0	0	0	0	-1	0	0	0	0	0	0	0	0	0	0	0
OG0014218	0	2	0	0	0	0	0	0	0	0	0	0	0	0	0	0	-1
OG0014219	0	0	0	0	0	-1	0	0	0	0	0	0	0	0	0	0	0
OG0014220	0	-1	0	0	0	0	0	0	0	0	0	0	0	0	0	0	0
OG0014221	0	0	0	0	0	0	0	0	0	0	0	0	0	0	0	0	0
OG0014222	0	0	0	-1	0	0	0	0	0	0	0	0	0	0	0	0	0
OG0014223	0	0	0	-1	0	0	0	0	0	0	0	0	0	0	0	0	0
OG0014224	1	0	0	0	0	0	0	-1	0	0	0	0	0	0	0	0	0
OG0014225	0	0	0	-1	0	0	0	0	0	0	0	0	0	0	0	0	0
OG0014226	0	0	0	-1	0	0	0	0	-1	0	0	0	0	0	0	0	0
OG0014227	0	0	0	0	0	0	0	0	-1	0	0	0	0	0	0	0	0
OG0014228	0	0	0	0	0	0	0	0	-1	0	0	0	0	0	0	0	0
OG0014229	0	0	0	0	0	0	1	-1	0	0	0	0	0	0	0	0	0
OG0014230	0	0	0	0	0	-1	0	0	0	0	0	0	0	0	0	0	0
OG0014231	0	1	0	-1	0	0	0	-1	0	0	0	0	0	0	0	0	0
OG0014232	0	0	0	0	0	0	0	-1	0	0	0	0	0	0	0	0	0
OG0014233	0	-1	0	-1	0	0	0	0	0	0	0	0	0	0	0	0	0
OG0014234	0	0	0	0	0	0	0	-1	0	0	0	0	0	0	0	0	0
OG0014235	0	0	0	0	0	0	0	0	-1	0	0	0	0	0	0	0	0
OG0014236	0	0	0	0	0	0	0	0	-1	0	0	0	0	0	0	0	0
OG0014237	0	0	0	0	0	-1	0	0	0	0	0	0	0	0	0	0	0
OG0014238	0	0	0	0	0	0	0	0	-1	0	0	0	0	0	0	0	0
OG0014239	0	1	0	0	0	-1	0	0	0	0	0	0	0	0	0	0	0
OG0014240	0	1	0	0	0	-1	0	0	0	0	0	0	0	0	0	0	0
OG0014241	0	0	0	-1	0	0	0	0	0	0	0	0	0	0	0	0	0
OG0014242	0	0	0	0	0	0	0	0	0	0	0	0	0	0	0	0	0
OG0014243	0	0	0	-1	0	0	0	0	-1	0	0	0	0	0	0	0	0
OG0014244	0	0	0	-1	0	0	0	0	0	0	0	0	0	0	0	0	0
OG0014245	0	0	0	0	0	0	-1	0	0	0	0	0	0	0	0	0	0
OG0014246	1	0	0	0	0	-1	0	0	0	0	0	0	0	0	0	0	0
OG0014247	0	0	0	-1	0	0	0	0	0	0	0	0	0	0	0	0	0
OG0014248	0	0	0	0	0	0	0	-1	0	0	0	0	0	0	0	0	0
OG0014249	0	0	0	0	0	0	0	-1	0	0	0	0	0	0	0	0	0
OG0014250	0	0	0	0	0	0	0	0	-1	0	0	0	0	0	0	0	0
OG0014251	0	0	-1	0	0	0	0	0	0	0	0	0	0	0	0	0	0
OG0014252	0	0	0	0	0	0	0	0	0	0	0	0	0	0	0	0	0
OG0014253	0	0	0	0	0	0	0	-1	0	0	0	0	0	0	0	0	0
OG0014254	0	0	0	0	0	0	0	0	0	0	0	0	0	0	0	0	0
OG0014255	0	0	0	0	0	0	0	0	-1	0	0	0	0	0	0	0	0
OG0014256	0	0	0	0	0	0	0	0	-1	0	0	0	0	0	0	0	0
OG0014257	1	0	0	-1	0	0	0	0	-1	0	0	0	0	0	0	0	0
OG0014258	0	0	0	0	0	0	0	-1	0	0	0	0	0	0	0	0	0
OG0014259	0	0	0	0	0	0	0	-1	0	0	0	0	0	0	0	0	0
OG0014260	0	-1	1	0	0	0	-1	0	0	0	0	0	0	0	0	0	0
OG0014261	1	0	0	0	0	0	0	0	-1	0	0	0	0	0	0	0	0
OG0014262	1	0	0	0	0	-1	0	0	0	0	0	0	0	0	0	0	0
OG0014263	0	1	0	-1	0	0	-1	0	0	0	0	0	0	0	0	0	0
OG0014264	0	0	0	-1	0	0	0	0	-1	0	0	0	0	0	0	0	0
OG0014265	0	0	0	0	0	0	0	0	0	0	0	0	0	0	0	0	0
OG0014266	0	0	0	0	0	0	0	0	-1	0	0	0	0	0	0	0	0
OG0014267	0	0	0	-1	0	0	0	0	0	0	0	0	0	0	0	0	0
OG0014268	0	0	0	0	0	0	0	-1	0	0	0	0	0	0	0	0	0
OG0014269	0	0	0	0	0	0	-1	0	0	0	0	0	0	0	0	0	0
OG0014270	0	0	0	0	0	0	0	0	0	0	0	-1	0	0	0	0	0
OG0014271	1	0	0	0	0	-1	0	0	0	0	0	0	0	0	0	0	0
OG0014272	0	0	0	0	0	0	0	-1	0	0	0	0	0	0	0	0	0
OG0014273	0	0	1	0	0	0	0	-1	0	0	0	0	0	0	0	0	0
OG0014274	0	0	0	0	0	0	-1	0	0	0	0	0	0	0	0	0	0
OG0014275	0	0	0	0	0	-1	0	0	0	0	0	0	0	0	0	0	0
OG0014276	0	1	0	-1	0	-1	0	0	0	0	0	0	0	0	0	0	0
OG0014277	0	-1	0	0	0	0	0	0	0	0	0	0	0	0	0	0	0
OG0014278	1	0	0	-1	2	-1	-1	1	-1	0	0	-1	0	0	0	0	0
OG0014279	0	0	0	0	0	0	-1	0	0	0	0	0	0	0	0	0	0
OG0014280	0	0	0	0	0	0	0	-1	0	0	0	0	0	0	0	0	0
OG0014281	0	0	0	1	1	-1	0	0	-1	0	0	0	0	0	0	0	0
OG0014282	0	0	0	0	0	0	0	0	-1	0	0	0	0	0	0	0	0
OG0014283	0	0	1	0	0	0	-1	0	0	0	0	0	0	0	0	0	0
OG0014284	0	0	0	0	0	-1	0	0	0	0	0	0	0	0	0	0	0
OG0014285	0	0	0	-1	0	-1	0	0	0	0	0	0	0	0	0	0	0
OG0014286	0	0	0	0	0	0	0	0	-1	0	0	0	0	0	0	0	0
OG0014287	0	0	0	0	0	0	0	-1	0	0	0	0	0	0	0	0	0
OG0014288	0	0	0	-1	1	0	0	0	-1	0	0	0	0	0	0	0	0
OG0014289	0	0	0	0	0	0	0	0	0	0	0	0	0	0	0	0	0
OG0014290	0	1	0	0	0	0	0	0	0	0	0	0	0	0	0	0	-1
OG0014291	0	-1	1	0	0	-1	0	0	0	0	0	0	0	0	0	0	0
OG0014292	0	0	0	0	0	0	-1	0	0	0	0	0	0	0	0	0	0
OG0014293	0	0	0	0	0	0	1	-1	0	0	0	0	0	0	0	0	0
OG0014294	0	0	0	0	0	0	0	0	-1	0	0	0	0	0	0	0	0
OG0014295	0	0	0	0	0	0	0	0	-1	0	0	0	0	0	0	0	0
OG0014296	0	0	0	0	0	0	0	0	-1	0	0	0	0	0	0	0	0
OG0014297	0	0	0	-1	0	0	0	0	0	0	0	0	0	0	0	0	0
OG0014298	0	0	0	0	0	0	0	0	-1	0	0	0	0	0	0	0	0
OG0014299	0	0	0	0	0	-1	0	0	0	0	0	0	0	0	0	0	0
OG0014300	1	0	0	0	0	-1	0	0	0	0	0	0	0	0	0	0	0
OG0014301	0	-1	0	-1	0	0	0	0	0	0	0	0	0	0	0	0	0
OG0014302	0	1	0	-1	0	0	0	0	-1	0	0	0	0	0	0	0	0
OG0014303	1	0	0	0	0	0	0	0	-1	0	0	0	0	0	0	0	0
OG0014304	0	0	0	-1	0	0	0	0	0	0	0	0	0	0	0	0	0
OG0014305	0	0	0	0	0	0	0	0	-1	0	0	0	0	0	0	0	0
OG0014306	0	0	0	0	0	-1	0	0	0	0	0	0	0	0	0	0	0
OG0014307	0	0	0	-1	0	0	0	0	0	0	0	0	0	0	0	0	0
OG0014308	0	0	0	-1	0	0	0	0	0	0	0	0	0	0	0	0	0
OG0014309	0	0	0	0	0	0	0	0	0	0	0	-1	0	0	0	0	0
OG0014310	0	0	0	0	0	0	0	0	-1	0	0	0	0	0	0	0	0
OG0014311	0	0	0	0	0	0	0	0	-1	0	0	0	0	0	0	0	0
OG0014312	0	0	0	-1	0	0	0	0	0	0	0	0	0	0	0	0	0
OG0014313	0	0	0	0	0	0	0	0	-1	0	0	0	0	0	0	0	0
OG0014314	0	0	-1	-1	0	0	0	0	0	0	0	0	0	0	0	0	0
OG0014315	0	0	0	0	0	0	0	-1	0	0	0	0	0	0	0	0	0
OG0014316	0	0	0	-1	0	0	0	0	-1	0	0	0	0	0	0	0	0
OG0014317	0	0	0	0	0	-1	0	0	0	0	0	0	0	0	0	0	0
OG0014318	0	0	0	-1	0	0	0	0	0	0	0	0	0	0	0	0	0
OG0014319	0	0	0	0	0	0	0	0	-1	0	0	0	0	0	0	0	0
OG0014320	0	0	0	0	0	0	0	0	-1	0	0	0	0	0	0	0	0
OG0014321	0	1	0	0	0	0	0	0	0	0	0	0	0	0	0	0	-1
OG0014322	1	0	0	0	0	-1	0	0	-1	0	0	0	0	0	0	0	0
OG0014323	0	0	0	0	0	0	0	-1	0	0	0	0	0	0	0	0	0
OG0014324	0	0	0	-1	0	0	0	0	0	0	0	0	0	0	0	0	0
OG0014325	0	0	0	0	0	0	0	0	-1	0	0	0	0	0	0	0	0
OG0014326	1	0	0	0	0	0	0	-1	0	0	0	0	0	0	0	0	0
OG0014327	0	0	0	0	0	0	0	-1	0	0	0	0	0	0	0	0	0
OG0014328	0	0	0	0	0	0	0	0	0	0	0	0	0	0	0	0	0
OG0014329	0	0	0	0	0	0	-1	0	0	0	0	0	0	0	0	0	0
OG0014330	1	0	0	0	-1	0	0	0	-1	0	0	0	0	0	0	0	0
OG0014331	1	0	-1	-1	0	0	-1	0	0	0	0	0	0	0	0	0	0
OG0014332	0	0	0	-1	0	0	0	0	0	0	0	0	0	0	0	0	0
OG0014333	0	0	1	-1	0	0	0	0	-1	0	0	0	0	0	0	0	0
OG0014334	0	0	0	0	0	0	0	0	-1	0	0	0	0	0	0	0	0
OG0014335	0	0	0	-1	0	0	0	0	0	0	0	0	0	0	0	0	0
OG0014336	0	0	0	0	0	0	0	0	0	0	0	0	0	0	0	0	0
OG0014337	0	0	0	0	0	0	0	0	0	0	0	0	0	0	0	0	0
OG0014338	0	0	0	0	0	-1	0	0	0	0	0	0	0	0	0	0	0
OG0014339	1	0	0	0	0	0	0	0	0	0	0	0	0	0	0	0	-1
OG0014340	0	0	0	-1	0	0	0	0	-1	0	0	0	0	0	0	0	0
OG0014341	0	0	0	0	0	0	0	-1	0	0	0	0	0	0	0	0	0
OG0014342	2	0	0	0	-1	-1	0	0	0	0	0	0	0	0	0	0	0
OG0014343	1	0	0	0	0	-1	0	0	0	0	0	0	0	0	0	0	0
OG0014344	0	0	0	-1	0	0	0	0	0	0	0	0	0	0	0	0	0
OG0014345	0	0	0	0	0	0	0	0	0	0	0	0	0	0	0	0	0
OG0014346	0	0	0	-1	0	0	0	0	0	0	0	0	0	0	0	0	0
OG0014347	0	0	0	0	0	0	0	0	0	0	0	0	0	0	0	0	0
OG0014348	0	0	0	-1	0	0	0	0	0	0	0	0	0	0	0	0	0
OG0014349	0	1	0	-1	0	-1	0	0	0	0	0	0	0	0	0	0	0
OG0014350	0	0	0	-1	0	0	0	0	-1	0	0	0	0	0	0	0	0
OG0014351	0	0	0	0	0	-1	0	0	0	0	0	0	0	0	0	0	0
OG0014352	0	0	0	0	0	0	0	-1	0	0	0	0	0	0	0	0	0
OG0014353	0	0	0	0	0	-1	0	0	0	0	0	0	0	0	0	0	0
OG0014354	0	0	0	0	1	-1	0	0	0	0	0	0	0	0	0	0	0
OG0014355	0	0	0	0	0	0	0	0	-1	0	0	0	0	0	0	0	0
OG0014356	0	1	0	0	2	-1	0	0	-1	0	0	0	0	0	0	0	0
OG0014357	0	0	0	0	-1	0	-1	0	0	0	0	0	0	0	0	0	0
OG0014358	0	0	0	-1	2	0	0	-1	0	0	0	0	0	0	0	0	0
OG0014359	0	0	0	0	0	0	0	-1	0	0	0	0	0	0	0	0	0
OG0014360	0	1	0	0	0	0	-1	-1	0	0	0	0	0	0	0	0	0
OG0014361	0	0	0	0	0	0	0	0	-1	0	0	0	0	0	0	0	0
OG0014362	0	0	0	0	0	0	0	0	-1	0	0	0	0	0	0	0	0
OG0014363	0	0	0	-1	0	0	0	0	0	0	0	0	0	0	0	0	0
OG0014364	0	0	0	0	0	0	0	-1	0	0	0	0	0	0	0	0	0
OG0014365	0	0	0	0	0	-1	0	0	0	0	0	0	0	0	0	0	0
OG0014366	0	0	0	-1	0	0	0	0	0	0	0	0	0	0	0	0	0
OG0014367	0	0	0	0	0	0	0	0	-1	0	0	0	0	0	0	0	0
OG0014368	0	0	0	0	0	0	0	0	0	0	0	0	0	0	0	0	0
OG0014369	0	0	0	-1	0	0	0	0	0	0	0	0	0	0	0	0	0
OG0014370	0	0	0	0	0	0	0	0	-1	0	0	0	0	0	0	0	0
OG0014371	0	0	0	0	0	0	0	0	0	0	0	0	0	0	0	0	0
OG0014372	0	-1	0	0	-1	0	0	0	0	0	0	0	0	0	0	0	0
OG0014373	0	0	0	0	0	0	0	-1	0	0	0	0	0	0	0	0	0
OG0014374	1	0	0	0	0	-1	0	0	0	0	0	0	0	0	0	0	0
OG0014375	2	0	0	-1	-1	2	0	0	0	0	0	-1	0	0	0	0	-1
OG0014376	0	0	0	-1	0	2	0	0	0	0	0	-1	0	0	0	-1	0
OG0014377	1	0	0	0	0	0	0	-1	0	0	0	0	0	0	0	0	0
OG0014378	0	0	0	1	0	-1	0	0	0	0	0	0	0	0	0	0	0
OG0014379	0	0	0	0	0	0	0	0	0	0	0	0	0	0	0	0	0
OG0014380	0	0	0	0	0	0	0	0	-1	0	0	0	0	0	0	0	0
OG0014381	0	0	0	-1	0	0	0	0	0	0	0	0	0	0	0	0	0
OG0014382	0	0	0	0	0	-1	0	0	0	0	0	0	0	0	0	0	0
OG0014383	0	0	0	-1	0	0	0	-1	0	0	0	0	0	0	0	0	0
OG0014384	0	0	0	0	0	-1	-1	0	0	0	0	0	0	0	0	0	0
OG0014385	0	0	0	-1	0	0	0	0	0	0	0	0	0	0	0	0	0
OG0014386	0	0	0	-1	0	0	0	0	-1	0	0	0	0	0	0	0	0
OG0014387	0	0	0	-1	0	0	0	0	0	0	0	0	0	0	0	0	0
OG0014388	0	1	0	-1	0	0	0	-1	0	0	0	0	0	0	0	0	0
OG0014389	0	0	0	0	0	0	0	0	-1	0	0	0	0	0	0	0	0
OG0014390	0	-1	0	0	0	0	0	0	0	0	0	0	0	0	0	0	0
OG0014391	0	0	0	0	0	0	-1	0	0	0	0	0	0	0	0	0	0
OG0014392	0	0	0	0	0	0	0	0	-1	0	0	0	0	0	0	0	0
OG0014393	0	0	0	0	0	0	0	0	-1	0	0	0	0	0	0	0	0
OG0014394	0	0	0	0	0	0	-1	0	0	0	0	0	0	0	0	0	0
OG0014395	0	0	0	0	0	0	0	0	-1	0	0	0	0	0	0	0	0
OG0014396	0	0	0	-1	0	0	0	0	0	0	0	0	0	0	0	0	0
OG0014397	0	0	0	0	0	0	0	-1	0	0	0	0	0	0	0	0	0
OG0014398	0	0	0	0	0	0	0	0	-1	0	0	0	0	0	0	0	0
OG0014399	0	0	0	0	0	0	0	0	-1	0	0	0	0	0	0	0	0
OG0014400	0	0	0	0	0	0	0	0	-1	0	0	0	0	0	0	0	0
OG0014401	1	-1	0	0	0	0	0	0	-1	0	0	0	0	0	0	0	0
OG0014402	0	0	0	0	1	0	0	0	0	0	0	0	0	0	0	0	-1
OG0014403	0	0	0	0	0	0	0	-1	0	0	0	0	0	0	0	0	0
OG0014404	0	-1	0	0	0	0	-1	0	0	0	0	0	0	0	0	0	0
OG0014405	0	0	0	0	0	0	0	-1	0	0	0	0	0	0	0	0	0
OG0014406	0	0	0	0	0	0	0	0	-1	0	0	0	0	0	0	0	0
OG0014407	0	0	0	-1	0	0	0	0	-1	0	0	0	0	0	0	0	0
OG0014408	0	0	0	-1	0	0	0	0	0	0	0	0	0	0	0	0	0
OG0014409	0	-1	0	0	0	0	-1	0	0	0	0	0	0	0	0	0	0
OG0014410	0	0	0	0	0	0	0	0	-1	0	0	0	0	0	0	0	0
OG0014411	0	1	0	0	0	-1	0	0	0	0	0	0	0	0	0	0	0
OG0014412	0	0	0	-1	0	0	0	0	0	0	0	0	0	0	0	0	0
OG0014413	0	-1	0	-1	0	0	0	0	0	0	0	0	0	0	0	0	0
OG0014414	0	0	0	-1	0	0	0	0	0	0	0	0	0	0	0	0	0
OG0014415	0	1	0	-1	0	0	0	0	-1	0	0	0	0	0	0	0	0
OG0014416	0	0	0	0	0	0	0	0	-1	0	0	0	0	0	0	0	0
OG0014417	0	0	0	0	0	0	0	0	-1	0	0	0	0	0	0	0	0
OG0014418	0	0	0	0	0	0	0	0	0	0	0	0	0	0	0	0	0
OG0014419	0	0	0	0	0	0	0	-1	0	0	0	0	0	0	0	0	0
OG0014420	0	0	0	0	0	0	0	0	-1	0	0	0	0	0	0	0	0
OG0014421	0	0	0	0	0	0	0	-1	0	0	0	0	0	0	0	0	0
OG0014422	0	0	-1	0	0	0	0	0	0	0	0	0	0	0	0	0	0
OG0014423	0	-1	0	0	0	0	0	0	0	0	0	0	0	0	0	0	0
OG0014424	1	1	-1	-1	0	0	-1	0	-1	0	0	0	0	0	0	0	0
OG0014425	0	0	0	0	0	0	0	-1	0	0	0	0	0	0	0	0	0
OG0014426	0	0	0	0	0	0	0	0	0	0	0	0	0	0	0	0	0
OG0014427	0	0	0	0	0	0	0	-1	0	0	0	0	0	0	0	0	0
OG0014428	0	1	0	0	0	-1	0	0	0	0	0	0	0	0	0	0	0
OG0014429	0	0	0	0	0	0	0	0	-1	0	0	0	0	0	0	0	0
OG0014430	0	0	0	0	0	0	0	0	-1	0	0	0	0	0	0	0	0
OG0014431	1	1	0	0	-1	0	-1	0	-1	0	0	0	0	0	0	0	0
OG0014432	0	0	0	0	0	0	0	0	0	0	0	0	0	0	0	0	0
OG0014433	0	0	0	-1	0	0	0	0	0	0	0	0	0	0	0	0	0
OG0014434	0	-1	0	0	0	0	0	0	-1	0	0	0	0	0	0	0	0
OG0014435	0	-1	0	-1	0	1	-1	0	-1	0	0	0	0	0	0	0	0
OG0014436	0	0	0	-1	0	0	0	0	0	0	0	0	0	0	0	0	0
OG0014437	0	0	0	0	0	0	-1	0	-1	0	0	0	0	0	0	0	0
OG0014438	0	0	0	0	0	-1	0	0	0	0	0	0	0	0	0	0	0
OG0014439	0	0	1	0	0	-1	0	0	0	0	0	0	0	0	0	0	0
OG0014440	0	0	0	-1	0	0	0	0	0	0	0	0	0	0	0	0	0
OG0014441	0	0	0	0	0	0	-1	0	-1	0	0	0	0	0	0	0	0
OG0014442	0	0	0	0	0	0	0	0	-1	0	0	0	0	0	0	0	0
OG0014443	0	-1	0	-1	0	0	0	0	0	0	0	0	0	0	0	0	0
OG0014444	0	0	1	0	0	0	0	-1	0	0	0	0	0	0	0	0	0
OG0014445	0	0	0	0	0	0	0	0	-1	0	0	0	0	0	0	0	0
OG0014446	0	0	0	0	0	0	0	0	-1	0	0	0	0	0	0	0	0
OG0014447	0	-1	0	0	0	0	0	0	0	0	0	0	0	0	0	0	0
OG0014448	0	-1	0	0	0	0	0	0	-1	0	0	0	0	0	0	0	0
OG0014449	0	0	0	-1	0	0	0	0	0	0	0	0	0	0	0	0	0
OG0014450	0	0	0	0	0	0	0	0	-1	0	0	0	0	0	0	0	0
OG0014451	1	1	0	-1	0	0	0	-1	0	0	0	0	0	0	0	0	0
OG0014452	0	0	0	-1	0	0	0	0	-1	0	0	0	0	0	0	0	0
OG0014453	0	1	0	0	0	0	0	-1	0	0	0	0	0	0	0	0	0
OG0014454	0	0	0	0	0	0	0	0	-1	0	0	0	0	0	0	0	0
OG0014455	0	0	0	-1	0	0	0	0	0	0	0	0	0	0	0	0	0
OG0014456	0	0	0	0	0	0	0	0	-1	0	0	0	0	0	0	0	0
OG0014457	0	0	0	0	0	0	0	0	0	0	0	-1	0	0	0	0	0
OG0014458	0	0	0	-1	0	0	0	0	-1	0	0	0	0	0	0	0	0
OG0014459	0	0	0	0	0	0	-1	0	0	0	0	0	0	0	0	0	0
OG0014460	0	-1	0	0	0	0	0	0	-1	0	0	0	0	0	0	0	0
OG0014461	0	1	0	0	0	0	0	0	-1	0	0	0	0	0	0	0	0
OG0014462	0	0	0	0	0	0	0	0	0	0	0	0	0	0	0	0	0
OG0014463	0	1	0	-1	0	0	0	0	-1	0	0	0	0	0	0	0	0
OG0014464	0	0	0	0	0	0	0	0	0	0	0	0	0	0	0	0	0
OG0014465	0	0	0	-1	0	0	0	0	0	0	0	0	0	0	0	0	0
OG0014466	0	0	-1	0	0	0	0	0	-1	0	0	0	0	0	0	0	0
OG0014467	0	0	0	-1	0	0	0	0	-1	0	0	0	0	0	0	0	0
OG0014468	0	0	0	0	0	0	0	0	-1	0	0	0	0	0	0	0	0
OG0014469	2	0	0	0	0	-1	0	0	-1	0	0	0	0	0	0	0	0
OG0014470	0	0	0	-1	0	0	0	0	0	0	0	0	0	0	0	0	0
OG0014471	0	0	0	0	0	0	0	0	0	0	0	0	0	0	0	0	0
OG0014472	0	0	0	0	0	-1	0	0	0	0	0	0	0	0	0	0	0
OG0014473	0	0	0	-1	0	0	0	0	0	0	0	0	0	0	0	0	0
OG0014474	0	0	0	0	0	-1	0	0	0	0	0	0	0	0	0	0	0
OG0014475	0	0	0	0	0	0	0	-1	0	0	0	0	0	0	0	0	0
OG0014476	0	0	0	0	0	0	0	-1	0	0	0	0	0	0	0	0	0
OG0014477	0	0	0	0	0	0	0	-1	0	0	0	0	0	0	0	0	0
OG0014478	0	0	0	0	0	0	0	0	0	0	0	0	0	0	0	0	0
OG0014479	1	0	0	0	0	-1	0	0	0	0	0	0	0	0	0	0	0
OG0014480	0	0	0	-1	0	0	0	0	-1	0	0	0	0	0	0	0	0
OG0014481	0	0	0	-1	0	0	0	0	0	0	0	0	0	0	0	0	0
OG0014482	0	0	0	0	0	0	0	0	-1	0	0	0	0	0	0	0	0
OG0014483	0	0	1	-1	0	0	0	0	0	0	0	0	0	0	0	0	0
OG0014484	0	0	0	0	0	0	0	0	-1	0	0	0	0	0	0	0	0
OG0014485	0	1	0	0	0	0	0	-1	0	0	0	0	0	0	0	0	0
OG0014486	0	0	0	0	0	0	0	-1	0	0	0	0	0	0	0	0	0
OG0014487	0	0	0	0	0	-1	0	0	0	0	0	0	0	0	0	0	0
OG0014488	0	0	0	-1	0	0	-1	0	0	0	0	0	0	0	0	0	0
OG0014489	0	0	0	-1	0	0	0	0	-1	0	0	0	0	0	0	0	0
OG0014490	0	0	0	-1	0	0	0	0	0	0	0	0	0	0	0	0	0
OG0014491	0	0	0	0	0	0	0	0	-1	0	0	0	0	0	0	0	0
OG0014492	0	0	-1	0	0	0	-1	0	0	0	0	0	0	0	0	0	0
OG0014493	1	0	0	0	0	-1	0	0	-1	0	0	0	0	0	0	0	0
OG0014494	0	0	0	0	0	0	0	0	0	0	0	-1	0	0	0	0	0
OG0014495	0	0	0	0	0	0	0	0	-1	0	0	0	0	0	0	0	0
OG0014496	0	0	0	0	0	0	0	-1	0	0	0	0	0	0	0	0	0
OG0014497	0	0	0	0	0	0	0	0	0	0	0	0	0	0	0	0	0
OG0014498	0	0	0	-1	0	0	0	0	-1	0	0	0	0	0	0	0	0
OG0014499	0	0	0	-1	0	0	0	0	0	0	0	0	0	0	0	0	0
OG0014500	0	-1	0	0	0	0	0	0	0	0	0	0	0	0	0	0	0
OG0014501	0	0	0	0	0	0	0	0	-1	0	0	0	0	0	0	0	0
OG0014502	0	-1	0	-1	0	0	0	0	0	0	0	0	0	0	0	0	0
OG0014503	0	0	0	0	0	0	0	-1	0	0	0	0	0	0	0	0	0
OG0014504	0	0	0	-1	0	0	0	0	-1	0	0	0	0	0	0	0	0
OG0014505	0	0	0	0	0	0	0	0	-1	0	0	0	0	0	0	0	0
OG0014506	0	0	0	0	0	0	0	0	-1	0	0	0	0	0	0	0	0
OG0014507	0	0	0	-1	0	0	0	0	0	0	0	0	0	0	0	0	0
OG0014508	0	0	0	0	1	-1	0	0	0	0	0	0	0	0	0	0	0
OG0014509	0	0	0	1	1	-1	-1	1	-1	0	0	0	0	0	0	0	0
OG0014510	0	0	0	-1	0	0	0	0	-1	0	0	0	0	0	0	0	0
OG0014511	0	0	0	-1	0	0	0	0	0	0	0	0	0	0	0	0	0
OG0014512	0	0	0	1	1	0	-1	0	-1	0	0	0	0	0	0	0	0
OG0014513	0	0	0	0	0	0	0	0	-1	0	0	0	0	0	0	0	0
OG0014514	0	0	0	0	0	0	0	0	-1	0	0	0	0	0	0	0	0
OG0014515	0	0	0	0	0	-1	0	0	0	0	0	0	0	0	0	0	0
OG0014516	0	3	0	-1	0	-1	0	0	-1	0	0	0	0	0	0	0	0
OG0014517	0	0	0	0	0	0	0	0	-1	0	0	0	0	0	0	0	0
OG0014518	0	-1	0	0	0	0	0	0	0	0	0	0	0	0	0	0	0
OG0014519	0	0	1	0	0	-1	0	0	0	0	0	0	0	0	0	0	0
OG0014520	0	0	0	-1	0	0	0	0	-1	0	0	0	0	0	0	0	0
OG0014521	0	0	0	-1	0	0	0	0	0	0	0	0	0	0	0	0	0
OG0014522	0	0	0	0	0	0	0	0	-1	0	0	0	0	0	0	0	0
OG0014523	0	0	0	0	0	0	0	-1	0	0	0	0	0	0	0	0	0
OG0014524	0	0	0	-1	0	0	0	0	0	0	0	0	0	0	0	0	0
OG0014525	0	0	0	-1	0	0	0	0	0	0	0	0	0	0	0	0	0
OG0014526	0	0	0	-1	0	0	0	0	0	0	0	0	0	0	0	0	0
OG0014527	0	0	0	0	0	0	0	0	0	0	0	0	0	0	0	0	0
OG0014528	0	0	0	0	0	0	0	0	-1	0	0	0	0	0	0	0	0
OG0014529	0	0	1	0	1	0	0	0	0	0	0	0	0	0	0	0	-1
OG0014530	0	0	-1	0	-1	0	0	0	0	0	0	0	0	0	0	0	0
OG0014531	0	0	0	-1	0	0	0	0	-1	0	0	0	0	0	0	0	0
OG0014532	0	0	0	0	0	-1	0	0	0	0	0	0	0	0	0	0	0
OG0014533	0	0	0	0	0	0	0	-1	0	0	0	0	0	0	0	0	0
OG0014534	0	0	0	0	0	0	0	-1	0	0	0	0	0	0	0	0	0
OG0014535	0	-1	0	0	0	0	-1	0	-1	0	0	0	0	0	0	0	0
OG0014536	0	0	0	0	0	0	0	0	-1	0	0	0	0	0	0	0	0
OG0014537	0	0	1	0	0	-1	0	0	0	0	0	0	0	0	0	0	0
OG0014538	0	0	0	0	0	0	0	0	-1	0	0	0	0	0	0	0	0
OG0014539	0	0	0	0	-1	0	0	0	0	0	0	0	0	0	0	0	0
OG0014540	0	0	0	-1	0	0	0	0	-1	0	0	0	0	0	0	0	0
OG0014541	0	0	0	-1	0	0	0	0	0	0	0	0	0	0	0	0	0
OG0014542	0	0	0	-1	0	0	-1	0	0	0	0	0	0	0	0	0	0
OG0014543	0	0	0	-1	-1	0	0	0	0	0	0	0	0	0	0	0	0
OG0014544	0	0	0	0	0	0	0	0	-1	0	0	0	0	0	0	0	0
OG0014545	0	0	0	0	0	0	0	-1	0	0	0	0	0	0	0	0	0
OG0014546	0	0	0	-1	0	0	0	0	0	0	0	0	0	0	0	0	0
OG0014547	0	0	0	0	0	0	0	-1	0	0	0	0	0	0	0	0	0
OG0014548	0	0	0	-1	0	0	0	0	0	0	0	0	0	0	0	0	0
OG0014549	0	0	0	0	0	0	0	0	-1	0	0	0	0	0	0	0	0
OG0014550	0	0	0	-1	0	0	0	0	0	0	0	0	0	0	0	0	0
OG0014551	0	0	0	-1	0	0	-1	0	0	0	0	0	0	0	0	0	0
OG0014552	1	0	0	0	0	0	0	0	-1	0	0	0	0	0	0	0	0
OG0014553	0	0	0	0	0	0	0	0	0	0	0	0	0	0	0	0	0
OG0014554	0	0	0	-1	0	0	0	0	0	0	0	0	0	0	0	0	0
OG0014555	0	-1	0	0	0	0	0	0	0	0	0	0	0	0	0	0	0
OG0014556	0	0	0	0	0	0	0	0	-1	0	0	0	0	0	0	0	0
OG0014557	0	0	0	0	0	0	0	0	-1	0	0	0	0	0	0	0	0
OG0014558	0	0	0	-1	0	0	0	0	0	0	0	0	0	0	0	0	0
OG0014559	0	0	0	0	0	0	0	0	0	0	0	-1	0	0	0	0	0
OG0014560	0	1	0	-1	0	0	-1	0	0	0	0	0	0	0	0	0	0
OG0014561	0	0	0	0	0	0	0	0	0	0	0	0	0	0	0	0	0
OG0014562	0	0	0	0	0	0	0	0	-1	0	0	0	0	0	0	0	0
OG0014563	0	0	1	1	0	0	0	0	0	0	0	0	0	0	0	0	-1
OG0014564	0	0	0	0	0	0	0	-1	0	0	0	0	0	0	0	0	0
OG0014565	0	1	0	-1	0	0	0	-1	0	0	0	0	0	0	0	0	0
OG0014566	0	0	0	0	1	-1	0	0	-1	0	0	0	0	0	0	0	0
OG0014567	0	0	0	0	0	0	-1	0	0	0	0	0	0	0	0	0	0
OG0014568	0	0	0	-1	0	0	-1	0	0	0	0	0	0	0	0	0	0
OG0014569	0	0	0	0	-1	0	0	0	0	0	0	0	0	0	0	0	0
OG0014570	0	0	1	0	0	-1	0	0	0	0	0	0	0	0	0	0	0
OG0014571	0	0	0	0	1	-1	0	0	-1	0	0	0	0	0	0	0	0
OG0014572	0	1	0	0	0	-1	-1	0	0	0	0	0	0	0	0	0	0
OG0014573	0	1	0	0	0	-1	0	0	0	0	0	0	0	0	0	0	0
OG0014574	0	0	0	0	0	0	0	0	-1	0	0	0	0	0	0	0	0
OG0014575	0	0	0	2	-1	-1	-1	1	-1	0	0	-1	0	0	0	0	0
OG0014576	0	0	0	0	0	0	0	0	-1	0	0	0	0	0	0	0	0
OG0014577	0	0	0	0	0	0	0	0	-1	0	0	0	0	0	0	0	0
OG0014578	0	0	0	-1	0	0	0	0	0	0	0	0	0	0	0	0	0
OG0014579	0	0	0	0	0	0	0	0	0	0	0	0	0	0	0	0	0
OG0014580	0	1	0	0	0	-1	0	0	0	0	0	0	0	0	0	0	0
OG0014581	0	1	0	-1	0	-1	0	0	0	0	0	0	0	0	0	0	0
OG0014582	0	0	-1	0	0	0	0	0	-1	0	0	0	0	0	0	0	0
OG0014583	0	0	0	0	0	0	0	0	-1	0	0	0	0	0	0	0	0
OG0014584	0	0	0	0	0	0	0	0	-1	0	0	0	0	0	0	0	0
OG0014585	0	0	0	0	0	0	-1	0	0	0	0	0	0	0	0	0	0
OG0014586	0	0	0	1	0	-1	0	0	0	0	0	0	0	0	0	0	0
OG0014587	0	0	0	0	0	0	0	0	0	0	0	0	0	0	0	0	0
OG0014588	0	0	0	0	0	0	0	-1	0	0	0	0	0	0	0	0	0
OG0014589	0	0	0	0	0	0	-1	0	0	0	0	0	0	0	0	0	0
OG0014590	0	0	0	-1	0	0	0	0	-1	0	0	0	0	0	0	0	0
OG0014591	0	0	0	-1	0	0	0	0	0	0	0	0	0	0	0	0	0
OG0014592	0	0	0	0	0	0	0	-1	0	0	0	0	0	0	0	0	0
OG0014593	0	0	0	0	0	0	0	0	-1	0	0	0	0	0	0	0	0
OG0014594	0	0	0	0	0	0	-1	0	0	0	0	0	0	0	0	0	0
OG0014595	0	0	0	-1	0	0	0	0	0	0	0	0	0	0	0	0	0
OG0014596	0	0	0	-1	1	0	0	-1	0	0	0	0	0	0	0	0	0
OG0014597	0	0	0	0	0	0	0	0	-1	0	0	0	0	0	0	0	0
OG0014598	0	0	0	0	0	0	0	0	-1	0	0	0	0	0	0	0	0
OG0014599	0	0	0	0	0	0	0	-1	0	0	0	0	0	0	0	0	0
OG0014600	0	1	0	-1	0	0	0	-1	0	0	0	0	0	0	0	0	0
OG0014601	0	0	0	0	0	0	0	0	-1	0	0	0	0	0	0	0	0
OG0014602	0	-1	0	0	0	0	0	0	0	0	0	0	0	0	0	0	0
OG0014603	0	0	0	-1	0	0	0	0	0	0	0	0	0	0	0	0	0
OG0014604	0	-1	0	0	0	0	0	0	-1	0	0	0	0	0	0	0	0
OG0014605	0	0	1	-1	0	-1	1	0	0	0	0	0	0	0	0	0	0
OG0014606	0	0	0	0	0	0	0	-1	0	0	0	0	0	0	0	0	0
OG0014607	0	-1	0	0	0	0	0	0	0	0	0	0	0	0	0	0	0
OG0014608	1	0	0	0	0	0	0	0	0	0	0	-1	0	0	0	0	0
OG0014609	0	1	0	-1	0	0	0	0	-1	0	0	0	0	0	0	0	0
OG0014610	0	0	0	0	0	0	0	0	-1	0	0	0	0	0	0	0	0
OG0014611	0	0	0	0	0	0	0	0	-1	0	0	0	0	0	0	0	0
OG0014612	0	0	0	1	0	0	0	0	-1	0	0	0	0	0	0	0	0
OG0014613	0	1	0	0	0	0	0	0	0	0	0	0	0	0	0	0	-1
OG0014614	0	0	0	0	0	0	0	0	-1	0	0	0	0	0	0	0	0
OG0014615	0	0	0	0	0	0	-1	0	0	0	0	0	0	0	0	0	0
OG0014616	0	0	0	0	0	0	0	-1	0	0	0	0	0	0	0	0	0
OG0014617	0	0	0	0	0	0	0	-1	0	0	0	0	0	0	0	0	0
OG0014618	0	1	0	-1	0	-1	0	0	0	0	0	0	0	0	0	0	0
OG0014619	0	1	0	0	0	-1	0	0	0	0	0	0	0	0	0	0	0
OG0014620	0	0	1	0	0	0	0	0	0	0	0	0	0	0	0	0	-1
OG0014621	0	0	0	0	0	0	0	0	0	0	0	0	0	0	0	0	0
OG0014622	0	0	0	-1	0	0	-1	0	0	0	0	0	0	0	0	0	0
OG0014623	0	0	0	0	0	0	0	0	0	0	0	0	0	0	0	0	0
OG0014624	0	0	0	0	0	0	0	0	-1	0	0	0	0	0	0	0	0
OG0014625	0	1	0	-1	0	0	0	-1	0	0	0	0	0	0	0	0	0
OG0014626	0	0	0	-1	0	0	0	0	0	0	0	0	0	0	0	0	0
OG0014627	0	0	0	-1	0	0	-1	0	0	0	0	0	0	0	0	0	0
OG0014628	0	0	0	-1	0	0	0	0	-1	0	0	0	0	0	0	0	0
OG0014629	0	0	0	-1	-1	0	-1	0	1	0	0	-1	0	0	0	0	0
OG0014630	0	0	0	0	1	-1	-1	2	-1	0	0	-1	0	0	0	0	0
OG0015094	0	0	0	0	0	-1	0	0	0	0	0	0	0	0	0	0	0
OG0015095	0	0	1	2	0	0	0	0	0	0	1	0	0	-2	0	0	0
OG0015096	2	0	0	1	0	-1	0	0	-1	0	0	0	0	0	0	0	0
OG0015097	2	0	0	-1	-1	-1	0	0	0	0	0	0	0	0	0	0	0
OG0015103	0	0	0	-1	0	0	0	0	0	0	0	-1	0	0	0	0	0
OG0015105	0	-1	0	-1	0	0	1	0	0	0	0	0	0	0	0	0	0
OG0015106	1	0	0	-1	-1	0	0	0	0	0	0	-1	0	0	0	0	0
OG0015107	0	0	0	1	-1	-1	2	-2	0	0	0	-1	0	0	0	1	0
OG0015108	0	-1	0	-1	0	0	0	0	0	0	0	0	0	0	0	0	0
OG0015109	0	0	0	0	0	0	0	0	-1	0	0	0	0	0	0	0	0
OG0015110	0	0	0	0	0	-1	0	0	0	0	0	0	0	0	0	0	0
OG0015111	0	-1	0	0	0	0	0	0	-1	0	0	0	0	0	0	0	0
OG0015112	0	0	0	-1	0	0	0	0	-1	0	0	0	0	0	0	0	0
OG0015113	1	0	0	0	0	-1	0	0	-1	0	0	0	0	0	0	0	0
OG0015114	0	1	0	0	0	0	0	0	0	0	0	0	0	0	0	0	-1
OG0015116	0	1	0	-1	0	0	-1	0	-1	0	0	0	0	0	0	0	0
OG0015117	0	0	0	0	0	-1	0	0	0	0	0	0	0	0	0	0	0
OG0015118	0	0	0	-1	0	0	0	0	0	0	0	-1	0	0	0	0	0
OG0015119	0	-1	0	0	1	-1	0	0	-1	0	0	0	0	0	0	0	0
OG0015120	2	0	0	-1	-1	0	0	0	0	0	0	-1	0	0	0	0	0
OG0015121	0	0	0	0	0	0	0	-1	0	0	0	0	0	0	0	0	0
OG0015122	0	1	0	0	0	-1	0	0	-1	0	0	0	0	0	0	0	0
OG0015123	0	0	0	0	0	0	-1	0	-1	0	0	0	0	0	0	0	0
OG0015124	1	0	0	0	0	0	0	0	-1	0	0	-1	0	0	0	0	0
OG0015125	0	0	0	-1	0	-1	0	0	0	0	0	0	0	0	0	0	0
OG0015126	0	0	0	0	-1	0	0	0	0	0	0	0	0	0	0	0	0
OG0015127	0	0	0	-1	0	0	0	0	0	0	0	-1	0	0	0	0	0
OG0015128	0	0	0	-1	0	0	0	-1	0	0	0	0	0	0	0	0	0
OG0015129	0	0	0	0	0	-1	0	0	0	0	0	0	0	0	0	0	0
OG0015130	0	0	0	0	0	0	0	-1	0	0	0	0	0	0	0	0	0
OG0015131	0	-1	0	1	0	0	-1	0	-1	0	0	0	0	0	0	0	0
OG0015132	1	1	0	0	0	0	-1	0	-1	0	0	0	0	0	0	0	0
OG0015133	8	0	0	0	0	0	0	0	0	0	-1	-1	0	-1	0	0	0
OG0015134	0	-1	0	-1	-1	0	-1	0	1	0	0	0	0	0	0	0	0
OG0015135	0	0	0	-1	0	0	0	-1	0	0	0	0	0	0	0	0	0
OG0015136	1	0	0	0	0	-1	0	0	-1	0	0	0	0	0	0	0	0
OG0015137	1	1	0	0	0	-1	0	0	-1	0	0	0	0	0	0	0	0
OG0015138	0	0	0	0	0	-1	0	0	0	0	0	0	0	0	0	0	0
OG0015139	1	1	0	0	0	0	0	0	0	0	0	0	0	0	0	0	-1
OG0015140	0	0	0	-1	0	0	0	0	0	0	0	-1	0	0	0	0	0
OG0015141	1	0	0	0	0	-1	-1	0	0	0	0	0	0	0	0	0	0
OG0015142	0	0	0	0	0	0	0	0	0	0	0	0	0	0	0	0	-1
OG0015143	2	1	0	0	0	-1	0	0	0	0	0	0	0	0	0	0	-1
OG0015144	0	0	0	0	0	-1	-1	0	0	0	0	0	0	0	0	0	0
OG0015145	0	0	0	0	0	-1	0	0	0	0	0	0	0	0	0	0	0
OG0015146	0	0	0	0	0	-1	0	0	0	0	0	0	0	0	0	0	0
OG0015147	0	0	0	0	0	-1	0	0	0	0	0	0	0	0	0	0	0
OG0015148	0	0	0	0	0	-1	0	0	0	0	0	0	0	0	0	0	0
OG0015149	0	0	0	0	0	-1	0	0	0	0	0	0	0	0	0	0	0
OG0015150	0	0	0	0	0	0	0	-1	0	0	0	0	0	0	0	0	0
OG0015151	0	0	0	0	0	-1	0	0	0	0	0	0	0	0	0	0	0
OG0015153	0	0	0	0	0	-1	0	0	0	0	0	0	0	0	0	0	0
OG0015155	1	0	0	0	0	-1	0	0	0	0	0	0	0	0	0	0	0
OG0015156	0	1	0	-1	0	-1	0	0	0	0	0	0	0	0	0	0	0
OG0015157	0	0	0	-1	0	0	-1	0	0	0	0	0	0	0	0	0	0
OG0015158	0	0	0	0	0	-1	-1	0	0	0	0	0	0	0	0	0	0
OG0015159	0	-1	0	0	0	0	0	0	-1	0	0	0	0	0	0	0	0
OG0015160	0	0	0	-1	0	0	0	0	-1	0	0	0	0	0	0	0	0
OG0015161	0	0	0	0	0	0	-1	-1	0	0	0	0	0	0	0	0	0
OG0015162	0	0	0	-1	0	0	0	-1	0	0	0	0	0	0	0	0	0
OG0015163	0	0	0	0	0	-1	0	0	0	0	0	0	0	0	0	0	0
OG0015164	0	0	0	-1	0	0	0	0	0	0	0	0	0	0	0	0	0
OG0015165	0	0	0	0	0	0	0	0	0	0	0	0	0	0	0	0	-1
OG0015166	0	0	0	0	1	-1	0	0	0	0	0	0	0	0	0	0	0
OG0015167	0	0	0	0	0	0	-1	0	-1	0	0	0	0	0	0	0	0
OG0015169	0	0	0	0	0	0	0	-1	0	0	0	0	0	0	0	0	0
OG0015170	0	0	0	-1	0	0	0	0	0	0	0	0	0	0	0	0	0
OG0015171	2	0	0	0	0	0	0	0	0	0	0	0	0	0	0	0	-1
OG0015173	0	0	0	0	0	0	0	0	-1	0	0	0	0	0	0	0	0
OG0015174	1	-1	0	-1	0	0	0	0	-1	0	0	0	0	0	0	0	0
OG0015175	0	-1	0	-1	0	0	0	0	0	0	0	0	0	0	0	0	0
OG0015176	0	0	-1	0	-1	0	0	0	0	0	0	0	0	0	0	0	0
OG0015177	1	-1	0	0	-1	0	0	0	-1	0	0	0	0	0	0	0	0
OG0015178	1	0	0	-1	0	0	-1	0	-1	0	0	0	0	0	0	0	0
OG0015179	0	0	0	0	-1	-1	0	0	0	0	0	0	0	0	0	0	0
OG0015180	0	0	0	0	0	-1	-1	0	0	0	0	0	0	0	0	0	0
OG0015181	0	-1	0	0	0	0	0	0	-1	0	0	0	0	0	0	0	0
OG0015182	0	0	0	-1	0	0	-1	0	0	0	0	0	0	0	0	0	0
OG0015183	1	0	0	-1	0	0	0	-1	0	0	0	0	0	0	0	0	0
OG0015184	0	0	0	0	0	0	0	0	-1	0	0	0	0	0	0	0	0
OG0015185	0	0	0	0	0	-1	0	0	0	0	0	0	0	0	0	0	0
OG0015186	0	0	0	0	0	0	0	0	-1	0	0	0	0	0	0	0	0
OG0015187	0	-1	0	-1	0	0	0	0	0	0	0	0	0	0	0	0	0
OG0015188	0	0	0	0	0	0	0	0	-1	0	0	0	0	0	0	0	0
OG0015189	0	0	0	0	0	-1	0	0	0	0	0	0	0	0	0	0	0
OG0015190	0	0	0	0	0	-1	0	0	0	0	0	0	0	0	0	0	0
OG0015192	1	0	0	0	0	-1	-1	0	0	0	0	0	0	0	0	0	0
OG0015193	0	0	0	-1	0	0	0	0	-1	0	0	0	0	0	0	0	0
OG0015194	1	-1	0	2	0	0	0	0	0	0	0	0	0	0	0	-1	0
OG0015195	0	-1	0	0	-1	0	0	0	0	0	0	0	0	0	0	0	0
OG0015196	0	0	0	0	0	-1	0	0	0	0	0	0	0	0	0	0	0
OG0015197	0	0	0	0	0	0	0	0	0	0	0	0	0	0	0	0	-1
OG0015198	0	0	0	0	0	0	0	0	-1	0	0	0	0	0	0	0	0
OG0015199	0	0	0	0	0	0	0	0	0	0	0	0	0	0	0	0	-1
OG0015200	0	0	0	-1	0	0	-1	0	-1	0	0	0	0	0	0	0	0
OG0015201	0	-1	0	-1	0	0	0	0	0	0	0	0	0	0	0	0	0
OG0015202	0	0	0	0	0	0	0	0	0	0	0	0	0	0	0	0	-1
OG0015203	0	0	0	-1	0	-1	0	0	-1	0	0	1	0	0	0	0	0
OG0015204	0	0	0	0	0	-1	-1	0	0	0	0	0	0	0	0	0	0
OG0015205	0	0	0	0	0	-1	0	0	0	0	0	0	0	0	0	0	0
OG0015206	0	0	0	0	0	0	0	0	0	0	0	0	0	0	0	0	-1
OG0015207	0	0	0	-1	0	0	0	0	0	0	0	0	0	0	0	0	0
OG0015208	8	-1	0	0	0	0	0	0	0	0	-1	0	-1	0	0	0	0
OG0015209	0	0	0	-1	0	0	0	-1	0	0	0	0	0	0	0	0	0
OG0015210	0	-1	0	0	0	0	-1	0	0	0	0	0	0	0	0	0	0
OG0015211	0	0	-1	0	0	0	0	0	-1	0	0	0	0	0	0	0	0
OG0015212	0	0	0	0	0	0	0	0	-1	0	0	0	0	0	0	0	0
OG0015213	0	0	0	0	0	0	-1	0	-1	0	0	0	0	0	0	0	0
OG0015214	0	-1	0	0	0	0	-1	0	-1	0	0	0	0	0	0	0	0
OG0015215	0	-1	1	0	0	0	-1	0	-1	0	0	0	0	0	0	0	0
OG0015216	0	0	0	0	0	0	0	-1	0	0	0	0	0	0	0	0	0
OG0015217	0	0	0	-1	0	0	0	0	0	0	0	-1	0	0	0	0	0
OG0015218	0	0	0	0	0	-1	0	0	0	0	0	0	0	0	0	0	0
OG0015219	0	0	0	0	0	0	-1	0	-1	0	0	0	0	0	0	0	0
OG0015220	0	0	0	0	0	0	0	0	-1	0	0	0	0	0	0	0	0
OG0015221	0	0	0	0	0	-1	0	0	0	0	0	0	0	0	0	0	0
OG0015222	0	0	0	0	0	0	0	-1	0	0	0	0	0	0	0	0	0
OG0015223	0	0	0	0	0	0	0	0	-1	0	0	0	0	0	0	0	0
OG0015224	0	0	0	-1	0	0	0	-1	0	0	0	0	0	0	0	0	0
OG0015225	0	0	0	-1	0	0	0	-1	0	0	0	0	0	0	0	0	0
OG0015226	0	0	0	0	0	-1	0	0	0	0	0	0	0	0	0	0	0
OG0015227	0	0	0	0	0	0	0	0	0	0	0	0	0	0	0	0	-1
OG0015228	0	0	0	-1	0	0	0	0	-1	0	0	0	0	0	0	0	0
OG0015229	0	0	1	-1	0	0	0	0	0	0	0	0	0	0	0	0	-1
OG0015230	0	0	0	0	0	0	0	-1	0	0	0	0	0	0	0	0	0
OG0015231	0	0	0	0	0	0	0	0	-1	0	0	0	0	0	0	0	0
OG0015232	0	0	0	0	0	0	0	0	-1	0	0	0	0	0	0	0	0
OG0015233	0	0	0	0	0	0	0	0	-1	0	0	0	0	0	0	0	0
OG0015234	0	0	0	0	0	-1	0	0	-1	0	0	0	0	0	0	0	0
OG0015235	0	0	0	0	0	-1	0	0	0	0	0	0	0	0	0	0	0
OG0015236	1	0	0	-1	-1	0	0	0	-1	0	0	0	0	0	0	0	0
OG0015237	0	0	0	0	0	0	0	0	-1	0	0	0	0	0	0	0	0
OG0015238	0	1	0	0	0	-1	0	0	-1	0	0	0	0	0	0	0	0
OG0015239	0	0	0	0	0	0	-1	-1	0	0	0	0	0	0	0	0	0
OG0015240	0	0	0	-1	0	0	0	0	-1	0	0	0	0	0	0	0	0
OG0015241	0	-1	0	0	0	0	0	0	-1	0	0	0	0	0	0	0	0
OG0015242	0	0	0	0	0	0	0	-1	0	0	0	0	0	0	0	0	0
OG0015243	0	0	0	0	0	0	0	0	0	0	0	0	0	0	0	0	-1
OG0015244	2	0	0	-1	0	0	0	0	0	0	0	-1	0	0	0	0	0
OG0015245	0	-1	0	0	0	-1	-1	-1	0	0	1	0	0	0	-1	0	0
OG0015246	0	1	0	-1	0	-1	0	0	0	0	0	0	0	0	0	0	0
OG0015247	2	0	0	-1	0	-1	0	0	0	0	0	0	0	0	0	0	0
OG0015248	0	0	0	0	0	0	-1	0	-1	0	0	0	0	0	0	0	0
OG0015249	0	0	1	0	0	0	-1	0	-1	0	0	0	0	0	0	0	0
OG0015250	2	0	0	0	0	-1	0	-1	0	0	-1	0	0	0	0	0	0
OG0015251	0	0	0	0	0	0	0	0	0	0	0	0	0	0	0	0	-1
OG0015252	0	0	0	0	0	-1	0	0	0	0	0	0	0	0	0	0	0
OG0015253	0	0	0	0	0	0	0	0	0	0	0	0	0	0	0	0	-1
OG0015254	0	0	0	0	1	-1	0	0	-1	0	0	0	0	0	0	0	0
OG0015255	0	0	0	0	0	-1	0	0	0	0	0	0	0	0	0	0	0
OG0015256	2	-1	0	0	0	0	0	0	0	0	0	0	0	0	0	0	-1
OG0015257	0	0	0	0	0	-1	0	0	0	0	0	0	0	0	0	0	0
OG0015258	0	-1	0	0	0	0	0	0	-1	0	0	0	0	0	0	0	0
OG0015259	0	0	0	-1	0	0	0	0	-1	0	0	0	0	0	0	0	0
OG0015260	0	0	0	-1	0	-1	0	0	0	0	0	0	0	0	0	0	0
OG0015261	0	0	0	0	0	0	0	0	-1	0	0	0	0	0	0	0	0
OG0015262	0	-1	0	-1	0	0	0	0	0	0	0	0	0	0	0	0	0
OG0015263	0	0	0	0	0	0	0	0	0	0	0	0	0	0	0	0	-1
OG0015264	0	0	0	0	0	0	0	0	-1	0	0	0	0	0	0	0	0
OG0015265	0	-1	0	0	0	-1	-1	0	-1	0	0	0	0	0	-1	0	0
OG0015266	0	0	0	0	0	0	0	0	-1	0	0	0	0	0	0	0	0
OG0015267	0	0	0	0	1	-1	0	0	-1	0	0	0	0	0	0	0	0
OG0015268	0	0	0	-1	0	0	0	0	-1	0	0	0	0	0	0	0	0
OG0015269	0	0	0	-1	0	0	0	0	-1	0	0	0	0	0	0	0	0
OG0015270	0	1	0	0	-1	0	-1	0	-1	0	0	0	0	0	0	0	0
OG0015271	0	1	0	0	0	-1	0	0	-1	0	0	0	0	0	0	0	0
OG0015272	0	0	0	-1	0	0	0	-1	0	0	0	0	0	0	0	0	0
OG0015273	0	0	0	0	0	0	0	0	-1	0	0	0	0	0	0	0	0
OG0015274	0	0	0	0	0	0	0	-1	0	0	0	0	0	0	0	0	0
OG0015275	0	-1	0	0	0	0	-1	0	-1	0	0	0	0	0	0	0	0
OG0015276	0	1	0	-1	0	-1	0	0	0	0	0	0	0	0	0	0	0
OG0015277	0	0	0	-1	0	0	0	0	0	0	0	0	0	0	0	0	0
OG0015278	0	0	0	-1	0	0	0	0	0	0	0	0	0	0	0	0	0
OG0015279	0	0	0	0	0	0	0	0	-1	0	0	0	0	0	0	0	0
OG0015280	0	-1	0	0	0	0	0	0	-1	0	0	0	0	0	0	0	0
OG0015281	0	0	0	-1	0	-1	0	0	0	0	0	0	0	0	0	0	0
OG0015282	0	0	0	0	0	0	-1	0	-1	0	0	0	0	0	0	0	0
OG0015283	0	0	0	-1	0	0	0	-1	0	0	0	0	0	0	0	0	0
OG0015284	0	1	0	-1	1	-1	0	0	0	0	0	0	0	0	0	0	0
OG0015285	0	0	1	0	0	-1	0	0	-1	0	0	0	0	0	0	0	0
OG0015287	0	0	0	0	0	0	0	0	-1	0	0	0	0	0	0	0	0
OG0015288	0	0	0	0	-1	-1	0	1	0	0	0	-1	0	0	0	0	0
OG0015289	1	0	0	-1	0	0	0	0	-1	0	0	0	0	0	0	0	0
OG0015291	0	-1	0	0	0	-1	0	0	0	0	0	0	0	0	0	0	0
OG0015292	0	0	0	0	0	0	-1	0	-1	0	0	0	0	0	0	0	0
OG0015293	0	1	-1	0	0	0	-1	0	-1	0	0	0	0	0	0	0	0
OG0015294	0	0	0	0	0	-1	0	0	0	0	0	0	0	0	0	0	0
OG0015295	0	0	0	-1	-1	0	0	0	-1	0	0	0	0	0	0	0	0
OG0015296	0	0	0	0	0	0	-1	0	-1	0	0	0	0	0	0	0	0
OG0015297	0	0	0	0	0	0	-1	0	-1	0	0	0	0	0	0	0	0
OG0015298	0	0	0	0	-1	0	0	0	0	0	0	0	0	0	0	0	0
OG0015299	0	0	0	-1	0	0	0	0	0	0	0	0	0	0	0	0	0
OG0015300	0	0	0	0	0	0	0	0	-1	0	0	0	0	0	0	0	0
OG0015301	0	0	0	0	0	0	0	0	-1	0	0	0	0	0	0	0	0
OG0015302	0	0	0	-1	0	-1	0	0	0	0	0	0	0	0	0	0	0
OG0015303	0	0	0	0	0	-1	0	0	0	0	0	0	0	0	0	0	0
OG0015304	0	0	0	0	0	-1	0	0	-1	0	0	0	0	0	0	0	0
OG0015305	0	0	0	0	0	0	-1	0	-1	0	0	0	0	0	0	0	0
OG0015306	0	0	0	0	0	0	-1	0	-1	0	0	0	0	0	0	0	0
OG0015307	0	0	0	0	0	-1	-1	0	0	0	0	0	0	0	0	0	0
OG0015308	0	0	0	0	0	0	0	-1	0	0	0	0	0	0	0	0	0
OG0015309	0	0	0	0	0	0	-1	0	-1	0	0	0	0	0	0	0	0
OG0015310	0	0	0	0	0	0	0	-1	0	0	0	0	0	0	0	0	0
OG0015311	0	0	0	0	0	-1	0	0	0	0	0	0	0	0	0	0	0
OG0015313	0	0	0	0	0	-1	0	0	0	0	0	0	0	0	0	0	0
OG0015314	0	0	0	-1	0	-1	1	0	-1	0	0	0	0	0	0	0	0
OG0015315	0	1	0	-1	0	0	-1	-1	0	0	0	0	0	0	0	0	0
OG0015316	0	-1	0	-1	0	0	0	0	-1	0	0	0	0	0	0	0	0
OG0015317	0	-1	0	0	0	0	-1	0	-1	0	0	0	0	0	0	0	0
OG0015318	0	1	0	-1	0	0	0	0	-1	0	0	0	0	0	0	0	0
OG0015319	0	0	0	0	0	0	-1	0	-1	0	0	0	0	0	0	0	0
OG0015320	0	0	0	0	0	0	0	-1	0	0	0	0	0	0	0	0	0
OG0015321	0	0	0	-1	0	0	-1	0	-1	0	0	0	0	0	0	0	0
OG0015322	0	0	0	-1	0	0	0	0	0	0	0	0	0	0	0	0	0
OG0015323	0	0	0	-1	0	0	0	0	-1	0	0	0	0	0	0	0	0
OG0015324	0	0	0	-1	0	0	0	0	-1	0	0	0	0	0	0	0	0
OG0015325	0	0	0	0	0	0	-1	0	-1	0	0	0	0	0	0	0	0
OG0015326	0	0	0	0	0	0	0	0	-1	0	0	0	0	0	0	0	0
OG0015327	1	0	0	0	0	0	0	0	-1	0	0	0	0	0	0	0	0
OG0015328	0	0	0	0	0	0	0	0	0	0	0	-1	0	0	0	0	0
OG0015329	0	-1	0	0	0	0	0	0	-1	0	0	0	0	0	0	0	0
OG0015330	0	0	0	-1	0	-1	0	0	0	0	0	0	0	0	0	0	0
OG0015331	0	0	0	0	0	-1	0	0	0	0	0	0	0	0	0	0	0
OG0015332	0	0	0	0	0	0	0	0	0	0	0	0	0	0	0	0	-1
OG0015333	0	0	0	0	0	0	0	0	-1	0	0	0	0	0	0	0	0
OG0015334	0	0	0	0	0	0	0	0	-1	0	0	0	0	0	0	0	0
OG0015335	0	0	0	0	0	0	0	0	0	0	0	0	0	0	0	0	-1
OG0015336	0	0	0	0	0	0	0	0	-1	0	0	0	0	0	0	0	0
OG0015337	0	-1	0	0	0	-1	0	0	0	0	0	0	0	0	0	0	0
OG0015338	0	1	0	0	0	-1	0	0	-1	0	0	0	0	0	0	0	0
OG0015339	1	0	0	0	0	-1	0	0	0	0	0	0	0	0	0	0	0
OG0015340	0	0	0	0	0	-1	0	0	0	0	0	0	0	0	0	0	0
OG0015341	0	0	0	-1	0	0	0	0	-1	0	0	0	0	0	0	0	0
OG0015342	0	0	0	0	0	0	0	-1	0	0	0	0	0	0	0	0	0
OG0015343	0	0	0	-1	0	0	0	-1	0	0	0	0	0	0	0	0	0
OG0015344	0	0	0	-1	0	0	0	-1	0	0	0	0	0	0	0	0	0
OG0015345	0	-1	0	0	0	-1	0	0	0	0	0	0	0	0	0	0	0
OG0015346	0	0	0	0	0	0	-1	0	-1	0	0	0	0	0	0	0	0
OG0015347	0	0	0	0	0	0	0	0	0	0	0	0	0	0	0	0	-1
OG0015348	0	0	0	-1	0	0	0	0	-1	0	0	0	0	0	0	0	0
OG0015349	0	0	0	0	0	0	-1	0	-1	0	0	0	0	0	0	0	0
OG0015350	0	1	0	-1	0	-1	0	0	0	0	0	0	0	0	0	0	0
OG0015351	0	1	0	-1	0	0	0	-1	0	0	0	0	0	0	0	0	0
OG0015352	0	0	0	0	0	0	0	0	-1	0	0	0	0	0	0	0	0
OG0015353	0	0	0	0	0	0	-1	0	-1	0	0	0	0	0	0	0	0
OG0015354	0	0	0	0	0	0	0	-1	0	0	0	0	0	0	0	0	0
OG0015355	0	0	0	0	0	-1	0	0	0	0	0	0	0	0	0	0	0
OG0015356	0	1	0	-1	0	0	0	-1	0	0	0	0	0	0	0	0	0
OG0015357	0	0	0	0	0	-1	0	0	0	0	0	0	0	0	0	0	0
OG0015358	0	-1	0	0	0	0	-1	0	-1	0	0	0	0	0	0	0	0
OG0015359	0	0	0	-1	0	0	0	-1	0	0	0	0	0	0	0	0	0
OG0015360	0	1	0	-1	0	0	0	0	0	0	0	0	0	0	0	0	-1
OG0015361	0	0	0	0	0	-1	0	0	0	0	0	0	0	0	0	0	0
OG0015362	0	1	-1	0	-1	0	0	0	-1	0	0	0	0	0	0	0	0
OG0015363	0	0	0	0	0	-1	0	0	-1	0	0	0	0	0	0	0	0
OG0015364	0	0	0	0	0	0	0	0	-1	0	0	0	0	0	0	0	0
OG0015365	0	0	0	0	0	0	0	0	-1	0	0	0	0	0	0	0	0
OG0015366	0	0	0	0	0	0	0	0	0	0	0	0	0	0	0	0	-1
OG0015367	0	0	1	0	0	0	0	0	0	0	0	0	0	0	0	0	-1
OG0015368	0	0	0	-1	0	0	0	0	-1	0	0	0	0	0	0	0	0
OG0015370	0	0	0	0	0	0	-1	0	-1	0	0	0	0	0	0	0	0
OG0015371	0	0	0	0	0	0	-1	-1	0	0	0	0	0	0	0	0	0
OG0015372	0	0	0	0	0	-1	0	0	0	0	0	0	0	0	0	0	0
OG0015373	0	0	0	-1	0	-1	0	0	0	0	0	0	0	0	0	0	0
OG0015374	0	0	0	0	0	0	-1	0	-1	0	0	0	0	0	0	0	0
OG0015375	0	0	0	0	0	0	0	0	-1	0	0	0	0	0	0	0	0
OG0015376	0	0	0	-1	0	0	-1	0	0	0	0	0	0	0	0	0	0
OG0015377	0	0	0	0	0	0	0	0	0	0	0	0	0	0	0	0	-1
OG0015378	0	0	0	0	0	-1	0	0	-1	0	0	0	0	0	0	0	0
OG0015379	0	0	0	-1	0	0	0	0	0	0	0	0	0	0	0	0	0
OG0015380	0	1	0	-1	0	-1	0	0	0	0	0	0	0	0	0	0	0
OG0015381	0	0	0	-1	0	0	0	0	-1	0	0	0	0	0	0	0	0
OG0015382	0	0	0	-1	0	-1	0	0	0	0	0	0	0	0	0	0	0
OG0015383	0	0	0	-1	0	0	0	0	0	0	0	0	0	0	0	0	0
OG0015384	0	-1	2	-1	1	-1	-1	1	-1	0	0	0	0	0	0	0	0
OG0015806	0	0	0	1	4	0	0	0	0	0	0	-1	0	0	-1	0	0
OG0015807	0	0	0	-1	0	0	0	0	0	0	0	-1	0	0	0	0	0
OG0015808	1	-1	0	-1	-1	-1	5	0	0	0	0	0	0	0	0	0	-1
OG0015809	1	0	0	0	-1	0	0	0	-1	0	0	-1	0	0	0	0	0
OG0015810	3	0	0	0	-1	-1	0	0	-1	0	-1	-1	0	0	0	0	0
OG0015811	0	-1	0	-1	0	0	0	0	0	0	0	0	0	0	0	0	0
OG0015814	2	0	0	-1	0	0	0	0	-1	0	0	-1	0	0	0	0	0
OG0015815	2	0	0	0	0	-1	0	0	0	0	-1	0	0	0	0	0	-1
OG0015816	2	0	0	0	-1	-1	-1	-1	2	0	0	-1	0	0	0	0	0
OG0015817	7	-1	0	0	0	0	0	0	0	0	-1	0	-1	0	0	0	0
OG0015818	0	-1	0	0	0	0	0	0	-1	0	0	0	0	0	0	0	0
OG0015819	1	1	0	0	0	0	0	0	0	0	0	0	0	0	0	-1	0
OG0015822	0	0	0	0	-1	-1	0	0	0	0	0	0	0	0	0	0	0
OG0015824	1	0	0	0	0	-1	0	0	-1	0	0	0	0	0	0	0	0
OG0015825	0	1	0	0	0	0	0	0	0	0	0	0	0	0	0	0	-1
OG0015826	0	0	0	-1	0	0	0	-1	0	0	0	0	0	0	0	0	0
OG0015827	1	-1	0	-1	0	-1	0	0	0	0	0	0	0	0	0	0	0
OG0015828	1	0	0	-1	0	-1	-1	0	-1	0	0	0	0	0	0	0	0
OG0015829	0	0	0	-1	-1	0	0	0	0	0	0	-1	0	0	0	0	0
OG0015830	1	0	0	0	1	0	0	0	0	0	0	0	0	0	0	-1	0
OG0015831	0	0	0	-1	-1	0	0	0	0	0	0	-1	0	0	0	0	0
OG0015832	0	0	0	0	0	0	0	-1	0	0	0	0	0	0	0	0	0
OG0015833	0	0	0	-1	0	0	-1	0	0	0	0	-1	0	0	0	0	0
OG0015835	0	0	0	0	0	0	0	0	0	0	0	0	0	0	0	0	-1
OG0015836	0	0	0	-1	0	-1	0	0	0	0	0	0	0	0	0	0	0
OG0015837	0	-1	0	-1	-1	0	0	0	0	0	0	0	0	0	0	0	0
OG0015838	0	0	0	0	0	0	0	0	-1	0	0	0	0	0	0	0	0
OG0015839	1	0	0	0	0	0	0	0	0	0	0	0	0	0	0	0	-1
OG0015840	0	0	0	-1	0	0	0	-1	0	0	0	0	0	0	0	0	0
OG0015842	1	0	0	-1	0	0	0	0	0	0	0	0	0	0	0	-1	0
OG0015843	0	0	0	-1	0	0	-1	0	-1	0	0	0	0	0	0	0	0
OG0015844	0	0	0	-1	0	0	-1	0	-1	0	0	0	0	0	0	0	0
OG0015845	0	0	0	-1	0	-1	0	0	1	0	0	0	0	0	0	0	0
OG0015846	0	0	0	0	0	0	0	-1	0	0	0	0	0	0	0	0	0
OG0015847	0	0	0	0	0	-1	0	0	0	0	0	0	0	0	0	0	0
OG0015848	0	0	0	-1	0	0	-1	-1	0	0	0	0	0	0	0	0	0
OG0015849	0	0	0	-1	0	0	0	0	-1	0	0	0	0	0	0	0	0
OG0015850	1	0	0	-1	1	-1	-1	0	-1	0	0	0	0	0	0	0	0
OG0015851	0	0	0	-1	0	0	0	0	0	0	0	0	0	0	0	0	-1
OG0015853	0	0	0	-1	0	0	0	0	0	0	0	-1	0	0	0	0	0
OG0015854	0	0	0	-1	0	0	0	0	-1	0	0	-1	0	0	0	0	0
OG0015855	0	-1	2	0	0	-1	0	-1	0	0	0	0	0	0	0	0	0
OG0015856	0	0	0	-1	0	0	0	0	0	0	0	0	0	0	0	0	-1
OG0015857	0	0	0	-1	0	0	-1	0	-1	0	0	0	0	0	0	0	0
OG0015859	0	0	0	-1	0	0	0	0	0	0	0	0	0	0	0	0	-1
OG0015860	0	0	0	0	0	0	-1	0	-1	0	0	0	0	0	0	0	0
OG0015861	1	0	0	-1	-1	0	0	0	-1	0	0	0	0	0	0	0	0
OG0015863	0	1	0	-1	0	-1	0	0	-1	0	0	0	0	0	0	0	0
OG0015864	0	0	0	-1	0	0	0	0	-1	0	0	0	0	0	0	0	0
OG0015865	0	0	0	0	0	0	0	0	0	0	0	0	0	0	0	0	-1
OG0015866	0	0	0	0	0	-1	0	-1	0	0	0	0	0	0	0	0	0
OG0015867	0	0	0	-1	-1	-1	4	0	0	0	0	-1	0	0	0	0	0
OG0015868	0	0	0	-1	0	-1	0	0	0	0	0	0	0	0	0	0	0
OG0015869	0	0	0	0	0	-1	-1	0	0	0	0	0	0	0	0	0	0
OG0015871	0	0	0	-1	0	0	0	0	0	0	0	0	0	0	0	0	-1
OG0015872	0	0	0	0	0	0	0	0	0	0	0	0	0	0	0	0	-1
OG0015873	0	0	0	0	0	0	0	0	0	0	0	0	0	0	0	-1	0
OG0015874	0	0	0	0	0	-1	0	0	0	0	0	0	0	0	0	0	0
OG0015875	0	1	0	0	0	0	0	0	0	0	0	0	0	0	0	0	-1
OG0015876	0	0	0	0	0	-1	0	0	-1	0	0	0	0	0	0	0	0
OG0015877	1	0	0	0	0	0	0	0	0	0	0	0	0	0	0	0	-1
OG0015878	0	1	0	-1	0	-1	0	0	-1	0	0	0	0	0	0	0	0
OG0015879	0	0	0	-1	0	0	0	-1	0	0	0	0	0	0	0	0	0
OG0015881	0	0	0	0	0	-1	0	0	0	0	0	0	0	0	0	0	0
OG0015882	0	0	0	-1	-1	0	0	0	-1	0	0	0	0	0	0	0	0
OG0015883	0	0	0	0	0	-1	0	0	0	0	0	0	0	0	0	0	0
OG0015884	0	0	0	0	-1	-1	0	0	0	0	0	0	0	0	0	0	0
OG0015885	0	0	0	0	0	0	0	0	0	0	1	0	0	-1	-1	0	0
OG0015886	1	0	0	-1	0	-1	0	0	-1	0	0	0	0	0	0	0	0
OG0015887	1	0	0	0	1	0	0	0	0	0	0	0	0	0	0	-1	0
OG0015888	0	0	0	0	0	-1	0	0	0	0	0	0	0	0	0	0	0
OG0015889	0	0	0	0	0	-1	0	0	-1	0	0	0	0	0	0	0	0
OG0015890	0	0	0	-1	0	0	0	0	0	0	0	0	0	0	0	0	-1
OG0015891	0	0	0	-1	0	0	0	-1	0	0	0	0	0	0	0	0	0
OG0015892	0	0	0	-1	0	0	0	0	0	0	0	0	0	0	0	0	-1
OG0015893	0	1	0	-1	0	-1	0	0	-1	0	0	0	0	0	0	0	0
OG0015894	0	-1	0	-1	0	-1	0	0	0	0	0	0	0	0	0	0	0
OG0015895	0	0	-1	0	-1	-1	1	0	-1	0	0	0	0	0	0	0	0
OG0015896	0	0	0	0	0	-1	0	0	-1	0	0	0	0	0	0	0	0
OG0015897	0	0	0	-1	0	0	0	0	-1	0	0	-1	0	0	0	0	0
OG0015898	0	0	-1	-1	0	0	0	0	0	0	0	0	0	0	0	0	0
OG0015899	0	0	0	-1	1	0	0	0	-1	0	0	0	0	0	0	0	0
OG0015900	0	1	0	0	0	-1	-1	0	-1	0	0	0	0	0	0	0	0
OG0015901	0	0	0	0	0	0	-1	-1	0	0	0	0	0	0	0	0	0
OG0015902	0	-1	0	0	0	-1	0	0	-1	0	0	0	0	0	0	0	0
OG0015903	0	0	0	0	0	-1	0	0	-1	0	0	0	0	0	0	0	0
OG0015904	0	1	0	0	0	0	0	0	0	0	0	0	0	0	0	-1	0
OG0015905	0	0	0	-1	0	0	0	0	-1	0	0	0	0	0	0	0	0
OG0015906	0	0	0	0	0	0	0	0	-1	0	0	-1	0	0	0	0	0
OG0015907	0	0	0	0	0	-1	0	0	0	0	0	0	0	0	0	0	0
OG0015908	0	-1	0	0	0	0	0	-1	0	0	0	0	0	0	0	0	0
OG0015909	0	0	0	0	0	-1	0	0	0	0	0	0	0	0	0	0	0
OG0015910	0	-1	0	0	0	0	-1	0	-1	0	0	0	0	0	0	0	0
OG0015911	0	0	0	0	0	-1	0	-1	0	0	0	0	0	0	0	0	0
OG0015912	0	0	0	-1	0	0	0	-1	0	0	0	0	0	0	0	0	0
OG0015913	1	1	0	0	0	0	0	0	0	0	0	0	0	0	0	-1	0
OG0015914	0	0	0	0	0	0	0	0	0	0	0	0	0	0	0	-1	0
OG0015915	0	0	-1	0	0	0	0	0	0	0	0	0	0	0	0	0	-1
OG0015916	2	0	0	0	0	0	0	0	0	0	0	0	0	0	0	-1	0
OG0015917	0	-1	0	-1	0	0	0	-1	0	0	0	0	0	0	0	0	0
OG0015918	0	-1	0	0	0	-1	-1	0	0	0	0	0	0	0	0	0	0
OG0015919	0	1	0	0	0	0	0	0	0	0	0	0	0	0	0	0	-1
OG0015920	0	0	0	0	0	-1	0	-1	0	0	0	0	0	0	0	0	0
OG0015921	0	-1	0	0	0	0	0	0	0	0	0	0	0	0	0	0	-1
OG0015922	1	0	0	0	0	-1	0	0	-1	0	0	0	0	0	0	0	0
OG0015923	0	0	0	-1	0	-1	0	0	0	0	0	0	0	0	0	0	0
OG0015924	0	-1	0	0	0	0	0	0	-1	0	0	0	0	0	0	0	0
OG0015925	0	0	2	4	0	0	0	0	0	0	0	0	0	-1	0	0	0
OG0015926	1	0	0	0	1	-1	0	0	0	0	0	0	0	0	0	0	-1
OG0015927	0	-1	0	0	0	-1	0	0	0	0	0	0	0	0	0	0	0
OG0015928	0	0	0	0	0	0	-1	-1	0	0	0	0	0	0	0	0	0
OG0015929	0	-1	0	0	0	0	0	0	0	0	0	0	0	0	0	0	-1
OG0015930	0	0	0	0	-1	-1	0	0	-1	0	0	0	0	0	0	0	0
OG0015931	0	0	0	0	0	0	-1	-1	0	0	0	0	0	0	0	0	0
OG0015932	0	-1	0	0	1	-1	0	0	-1	0	0	0	0	0	0	0	0
OG0015933	0	0	0	0	0	0	-1	0	-1	0	0	0	0	0	0	0	0
OG0015934	0	0	0	-1	0	0	0	0	0	0	0	0	0	0	0	0	-1
OG0015935	0	0	0	0	0	-1	0	0	0	0	0	0	0	0	0	0	0
OG0015936	0	-1	0	0	0	0	-1	0	-1	0	0	0	0	0	0	0	0
OG0015937	0	0	0	0	0	0	0	0	-1	0	0	0	0	0	0	0	0
OG0015938	0	0	0	-1	0	-1	0	0	0	0	0	0	0	0	0	0	0
OG0015939	0	0	0	0	0	0	-1	0	-1	0	0	0	0	0	0	0	0
OG0015940	0	0	0	0	0	-1	0	0	-1	0	0	0	0	0	0	0	0
OG0015941	0	0	0	-1	0	-1	0	0	0	0	0	0	0	0	0	0	0
OG0015942	0	1	0	0	0	-1	0	0	-1	0	0	0	0	0	0	0	0
OG0015943	0	0	0	-1	0	0	0	-1	0	0	0	0	0	0	0	0	0
OG0015944	0	-1	0	0	0	0	0	0	0	0	0	0	0	0	0	0	-1
OG0015945	0	0	0	0	0	0	0	0	0	0	0	0	0	0	0	0	-1
OG0015946	0	0	0	0	0	0	-1	-1	0	0	0	0	0	0	0	0	0
OG0015947	0	-1	1	-1	1	0	-1	0	-1	0	0	0	0	0	0	0	0
OG0015948	0	-1	0	-1	0	0	0	0	-1	0	0	0	0	0	0	0	0
OG0015949	0	0	0	-1	0	-1	0	0	0	0	0	0	0	0	0	0	0
OG0015950	0	0	0	-1	0	-1	0	0	0	0	0	0	0	0	0	0	0
OG0015951	0	0	0	-1	2	1	0	0	0	0	0	-1	0	0	0	-1	0
OG0015952	0	0	0	-1	-1	0	-1	0	0	0	0	-1	0	0	0	0	0
OG0015953	0	0	0	0	1	-1	-1	1	-1	0	0	-1	0	0	0	0	0
OG0016257	2	-1	0	0	0	-1	0	-1	0	0	0	0	0	0	0	0	0
OG0016259	1	-1	0	0	0	0	0	0	0	0	0	0	0	-1	-1	0	0
OG0016261	0	-1	1	-1	0	0	1	0	0	0	0	0	0	0	0	0	-1
OG0016262	0	0	0	-1	0	-1	-1	0	0	0	0	0	0	0	0	0	0
OG0016264	1	0	0	-1	-1	-1	0	0	-1	0	0	0	0	0	0	0	0
OG0016265	1	0	0	-1	-1	-1	-1	0	0	0	0	-1	0	0	0	0	0
OG0016266	0	-1	0	0	0	-1	-1	1	-1	0	0	0	0	0	0	0	0
OG0016268	0	1	0	0	0	-1	0	0	-1	0	0	0	0	0	0	0	0
OG0016269	0	-1	0	0	0	-1	-1	0	0	0	0	0	0	0	0	0	0
OG0016270	2	3	0	0	0	0	0	0	0	0	0	0	0	-1	0	0	0
OG0016271	0	0	0	0	0	-1	-1	0	0	0	0	0	0	0	0	0	0
OG0016272	1	0	0	0	0	-1	-1	0	-1	0	0	0	0	0	0	0	0
OG0016273	0	0	0	-1	0	-1	0	0	0	0	0	0	0	0	0	0	0
OG0016274	0	-1	0	0	0	0	0	0	-1	0	0	0	0	0	0	0	0
OG0016275	0	0	0	0	0	-1	0	0	0	0	0	0	0	0	0	0	-1
OG0016276	0	4	0	0	0	0	0	0	0	0	0	0	0	0	-1	0	0
OG0016278	0	0	0	-1	0	0	0	0	0	0	0	0	0	0	0	-1	0
OG0016279	1	0	1	0	0	0	0	0	0	0	0	0	0	0	0	-1	0
OG0016281	0	-1	0	0	0	-1	0	0	0	0	0	0	0	0	0	0	0
OG0016282	0	0	0	0	0	-1	-1	0	-1	0	0	0	0	0	0	0	0
OG0016285	0	0	-1	0	0	0	0	0	0	0	0	0	0	0	0	0	-1
OG0016289	0	0	0	0	0	0	0	0	0	0	0	0	0	0	0	-1	0
OG0016290	0	0	0	-1	0	0	0	0	-1	0	0	-1	0	0	0	0	0
OG0016291	0	0	0	0	0	0	0	0	0	0	0	0	0	0	0	0	-1
OG0016293	0	0	0	0	0	0	0	0	0	0	0	0	0	0	0	0	-1
OG0016294	0	0	0	-1	-1	-1	-1	1	-1	0	0	-1	0	0	0	0	0
OG0016295	0	0	0	0	-1	-1	1	0	-1	0	0	0	0	0	0	0	0
OG0016296	1	0	0	0	-1	-1	0	0	0	0	0	-1	0	0	0	0	0
OG0016297	1	0	0	0	0	0	0	0	0	0	0	0	0	0	0	-1	0
OG0016299	0	0	0	0	0	0	0	0	0	0	0	0	0	0	0	0	-1
OG0016300	0	0	0	-1	0	0	-1	0	0	0	0	-1	0	0	0	0	0
OG0016301	0	0	0	-1	0	-1	0	0	0	0	0	0	0	0	0	0	0
OG0016302	0	0	0	-1	-1	0	0	0	0	0	0	0	0	0	0	0	-1
OG0016303	0	0	0	0	0	-1	0	0	-1	0	0	0	0	0	0	0	0
OG0016304	0	-1	1	1	0	-1	0	0	-1	0	0	0	0	0	0	0	0
OG0016305	1	1	-1	0	0	-1	-1	0	-1	0	0	0	0	0	0	0	0
OG0016306	0	1	0	0	0	-1	0	0	0	0	0	0	0	0	0	0	-1
OG0016307	0	4	-1	-1	-1	-1	-1	-1	1	0	0	0	0	0	0	0	0
OG0016308	0	0	0	0	0	-1	0	-1	0	0	0	0	0	0	0	0	0
OG0016309	0	0	0	-1	0	0	0	0	-1	0	0	0	0	0	0	0	0
OG0016310	0	0	0	-1	0	-1	0	0	-1	0	0	0	0	0	0	0	0
OG0016311	0	0	0	0	0	-1	-1	0	0	0	0	0	0	0	0	0	0
OG0016312	0	0	0	-1	0	-1	0	0	-1	0	0	0	0	0	0	0	0
OG0016313	1	-1	0	-1	-1	0	-1	0	-1	0	0	0	0	0	0	0	0
OG0016314	0	-1	0	0	0	0	0	0	0	0	0	0	0	0	0	0	-1
OG0016315	0	0	0	0	0	-1	0	0	-1	0	0	0	0	0	0	0	0
OG0016316	0	2	0	-1	0	-1	-1	0	-1	0	0	0	0	0	0	0	0
OG0016317	0	0	0	-1	0	0	0	0	0	0	0	0	0	0	0	0	-1
OG0016318	0	0	0	0	0	-1	0	-1	0	0	0	0	0	0	0	0	0
OG0016319	0	0	0	0	1	0	0	0	0	0	0	0	0	0	0	-1	0
OG0016320	0	0	0	0	0	-1	0	0	0	0	0	0	0	0	0	0	-1
OG0016321	0	0	0	-1	0	0	0	0	0	0	0	0	0	0	0	0	-1
OG0016322	0	0	0	0	0	-1	0	0	-1	0	0	0	0	0	0	0	0
OG0016323	0	1	0	0	0	-1	0	0	-1	0	0	0	0	0	0	0	0
OG0016324	0	-1	0	0	0	0	0	0	0	0	0	0	0	0	0	0	-1
OG0016325	0	0	0	0	0	-1	0	0	-1	0	0	0	0	0	0	0	0
OG0016326	0	0	0	0	0	-1	0	-1	0	0	0	0	0	0	0	0	0
OG0016327	0	0	0	7	0	0	0	0	0	0	0	-1	0	-1	0	0	0
OG0016328	0	0	0	1	0	-1	0	0	-1	0	0	0	0	0	0	0	0
OG0016329	0	-1	0	-1	0	-1	-1	0	1	0	0	0	0	0	0	0	0
OG0016330	0	1	-1	-1	-1	-1	-1	0	1	0	0	0	0	0	0	0	0
OG0016602	0	0	0	1	0	-1	0	0	-1	0	0	-1	0	0	0	0	0
OG0016605	0	0	0	-1	1	0	0	0	0	0	0	-1	0	0	0	0	-1
OG0016607	0	0	0	0	0	0	0	0	0	0	0	0	0	0	0	-1	0
OG0016608	1	0	0	0	-1	0	0	0	0	0	0	0	0	0	0	-1	0
OG0016609	0	0	0	-1	0	-1	0	0	0	0	0	-1	0	0	0	0	0
OG0016610	0	1	0	-1	0	-1	-1	0	-1	0	0	0	0	0	0	0	0
OG0016611	0	0	0	0	-1	-1	0	0	-1	0	0	0	0	0	0	0	0
OG0016612	0	0	0	0	0	0	0	0	0	0	0	0	0	0	0	-1	0
OG0016613	1	0	0	3	0	0	0	0	0	0	0	0	0	-1	0	0	0
OG0016614	0	0	0	-1	0	-1	-1	0	-1	0	0	0	0	0	0	0	0
OG0016615	0	-1	0	0	-1	-1	0	0	-1	0	0	0	0	0	0	0	0
OG0016616	0	1	-1	0	-1	-1	-1	0	-1	0	0	0	0	0	0	0	0
OG0016619	0	0	0	0	0	-1	0	0	-1	0	0	0	0	0	0	0	0
OG0016620	0	0	0	0	0	-1	0	-1	0	0	0	0	0	0	0	0	0
OG0016624	1	0	0	1	-1	-1	-1	0	0	0	0	-1	0	0	0	0	0
OG0016625	0	0	0	0	0	-1	0	0	0	0	0	0	0	0	0	0	-1
OG0016627	2	0	-1	0	1	0	0	0	0	0	0	0	0	0	-1	0	0
OG0016628	0	0	0	0	0	-1	-1	0	-1	0	0	0	0	0	0	0	0
OG0016629	0	0	0	0	0	0	0	0	0	0	0	0	0	0	0	-1	0
OG0016630	0	0	0	-1	-1	0	0	0	-1	0	0	0	0	0	0	0	0
OG0016631	0	0	0	-1	0	-1	0	0	-1	0	0	0	0	0	0	0	0
OG0016632	0	0	0	0	0	-1	0	-1	0	0	0	0	0	0	0	0	0
OG0016633	0	-1	0	0	0	-1	-1	0	-1	0	0	0	0	0	0	0	0
OG0016634	0	-1	0	-1	0	-1	-1	0	0	0	0	0	0	0	0	0	0
OG0016635	0	0	0	0	0	-1	0	0	-1	0	0	0	0	0	0	0	0
OG0016636	1	-1	0	0	0	-1	-1	0	-1	0	0	0	0	0	0	0	0
OG0016637	0	0	-1	-1	0	0	-1	0	-1	0	0	0	0	0	0	0	0
OG0016638	0	0	0	-1	0	0	0	0	0	0	0	0	0	0	0	-1	0
OG0016639	0	-1	0	0	0	-1	-1	0	-1	0	0	0	0	0	0	0	0
OG0016640	0	0	0	-1	0	-1	0	0	-1	0	0	0	0	0	0	0	0
OG0016641	0	-1	0	1	0	0	0	0	0	0	0	0	0	-2	0	0	0
OG0016642	0	-1	1	0	-1	-1	-1	0	0	0	0	0	0	0	0	0	0
OG0016643	0	-1	1	-1	0	0	0	0	0	0	0	0	0	0	0	0	-1
OG0016644	0	0	0	0	0	-1	0	0	0	0	0	0	0	0	0	0	-1
OG0016645	0	0	0	0	0	0	0	0	0	0	0	0	0	0	0	-1	0
OG0016646	0	0	0	-1	0	0	0	0	0	0	0	0	0	0	0	0	-1
OG0016647	0	0	0	0	0	-1	0	-1	0	0	0	0	0	0	0	0	0
OG0016648	0	0	0	-1	0	0	0	0	-1	0	0	-1	0	0	0	0	0
OG0016649	0	0	0	0	0	-1	-1	0	-1	0	0	0	0	0	0	0	0
OG0016651	0	0	0	0	0	-1	0	0	-1	0	0	0	0	0	0	0	0
OG0016652	0	0	0	0	0	0	0	0	0	0	0	0	0	0	0	-1	0
OG0016653	0	0	0	-1	0	-1	0	0	0	0	0	-1	0	0	0	0	0
OG0016654	0	-1	0	1	0	-1	-1	0	-1	0	0	0	0	0	0	0	0
OG0016655	0	0	0	0	0	-1	0	0	0	0	0	0	0	0	0	0	-1
OG0016656	0	-1	0	-1	0	0	0	0	0	0	0	0	0	0	0	-1	0
OG0016657	0	-1	0	0	0	-1	0	-1	0	0	0	0	0	0	0	0	0
OG0016658	0	0	0	-1	0	-1	-1	1	-1	0	0	-1	0	0	0	0	0
OG0016922	0	0	0	-1	0	0	-1	-1	0	0	0	-1	0	0	0	0	0
OG0016923	0	0	0	-1	-1	1	0	0	0	0	0	-1	0	0	0	0	-1
OG0016924	0	-1	0	-1	0	-1	0	0	-1	0	0	0	0	0	0	0	0
OG0016925	3	-1	1	0	0	0	0	0	0	0	-1	0	-1	0	0	0	0
OG0016929	0	-1	0	0	0	-1	0	0	0	0	0	0	0	0	0	0	-1
OG0016930	0	0	0	-1	0	0	0	0	0	0	0	0	0	0	0	-1	0
OG0016931	0	0	0	-1	-1	-1	0	0	0	0	0	-1	0	0	0	0	0
OG0016932	0	0	-1	-1	0	0	0	0	0	0	0	0	0	0	0	0	-1
OG0016933	0	0	-1	0	-1	-1	0	-1	0	0	0	0	0	0	0	0	0
OG0016934	0	0	0	0	0	0	0	0	0	0	0	0	0	0	0	-1	0
OG0016935	1	-1	0	1	1	0	0	0	0	0	0	0	0	0	-1	0	0
OG0016936	0	0	0	3	0	0	0	0	0	0	0	0	0	-1	0	0	0
OG0016937	2	1	0	0	0	0	0	0	0	0	-1	0	-1	0	0	0	0
OG0016940	0	-1	0	0	0	-1	0	-1	0	0	0	0	0	0	0	0	0
OG0016941	2	-1	0	0	0	0	0	0	0	0	-1	0	0	0	-1	0	0
OG0016950	0	-1	0	0	0	-1	-1	0	-1	0	0	0	0	0	0	0	0
OG0016951	0	-1	0	1	0	0	0	0	0	0	0	0	0	0	0	-1	0
OG0016954	0	0	0	-1	0	0	0	0	0	0	0	0	0	0	0	-1	0
OG0016955	0	-1	0	0	0	0	0	0	0	0	0	0	0	0	0	-1	0
OG0016957	0	5	-1	0	0	0	0	0	0	0	0	0	-1	0	0	0	0
OG0016959	0	0	1	0	0	0	0	0	0	0	0	1	0	-1	0	0	0
OG0016961	0	0	0	0	0	0	0	0	0	0	0	-1	0	0	0	0	-1
OG0016964	1	0	0	0	0	0	0	0	0	0	0	-1	0	0	0	-1	0
OG0016965	0	0	0	-1	-1	1	0	0	0	0	0	-1	0	0	0	-1	0
OG0016966	0	0	0	-1	0	0	0	0	0	0	0	0	0	0	0	-1	0
OG0016967	0	-1	0	0	0	-1	-1	0	-1	0	0	0	0	0	0	0	0
OG0016968	0	1	0	-1	0	-1	0	0	0	0	0	0	0	0	0	0	-1
OG0016969	0	0	-1	-1	-1	-1	3	0	0	0	0	0	0	0	0	0	-1
OG0016971	0	-1	0	0	0	0	0	0	0	0	0	0	0	0	0	-1	0
OG0016972	0	0	0	0	0	0	0	0	0	0	0	-1	0	0	0	-1	0
OG0016973	0	0	0	-1	-1	-1	3	-1	0	0	0	-1	0	0	0	0	0
OG0016974	0	0	0	0	0	0	0	0	0	0	0	0	0	0	-1	0	0
OG0016975	0	-1	0	0	0	0	0	0	0	0	0	0	0	0	0	-1	0
OG0016976	0	0	0	0	0	-1	0	0	0	0	0	0	0	0	0	0	-1
OG0016977	0	0	0	-1	-1	-1	0	-1	0	0	0	0	0	0	0	0	0
OG0016978	0	0	0	0	0	-1	-1	-1	0	0	0	0	0	0	0	0	0
OG0016979	0	0	0	0	0	0	0	0	0	0	0	0	0	0	0	-1	0
OG0017285	2	0	0	-1	1	0	0	0	0	0	-1	-1	0	0	-1	0	0
OG0017286	0	0	0	0	0	-1	0	0	-1	0	0	-1	0	0	0	0	0
OG0017287	2	2	-1	0	0	0	0	0	0	0	0	0	-1	0	0	0	0
OG0017288	1	0	0	1	-1	-1	-1	-1	0	0	0	-1	0	0	0	0	0
OG0017289	0	0	0	-1	0	0	0	0	0	0	0	0	0	0	0	-1	0
OG0017290	0	0	0	-1	-1	0	0	0	0	0	0	-1	0	0	0	-1	0
OG0017291	1	0	2	0	0	0	0	0	0	0	0	0	-1	0	0	0	0
OG0017294	1	1	0	-1	0	0	0	0	0	0	0	0	0	0	-1	0	0
OG0017295	0	0	0	0	-1	0	0	0	0	0	0	0	0	0	0	-1	0
OG0017296	0	0	0	4	0	0	0	0	0	0	0	-1	0	-1	0	0	0
OG0017297	0	0	1	0	0	0	0	0	0	0	0	0	0	0	-1	0	0
OG0017298	0	0	0	0	0	0	0	0	0	0	0	0	0	0	-1	0	0
OG0017300	0	0	0	0	0	-1	-1	0	-1	0	0	-1	0	0	0	0	0
OG0017302	1	0	0	1	0	0	0	0	0	0	0	0	0	-1	0	0	0
OG0017303	0	0	0	-1	-1	1	0	0	0	0	0	-1	0	0	0	-1	0
OG0017313	0	1	0	0	0	0	0	0	0	0	0	0	0	0	-1	0	0
OG0017314	2	0	0	0	0	0	0	0	0	0	-1	0	-1	0	0	0	0
OG0017315	0	0	-1	-1	-1	-1	-1	-1	1	0	0	0	0	0	0	0	0
OG0017317	3	0	-1	0	0	0	0	0	0	0	-1	0	-1	0	0	0	0
OG0017322	0	0	0	-1	-1	0	-1	0	-1	0	0	-1	0	0	0	0	0
OG0017326	0	2	0	0	0	0	0	0	0	0	0	0	0	-1	0	0	0
OG0017327	0	0	0	0	0	0	0	0	0	0	0	0	0	0	-1	0	0
OG0017330	0	0	0	0	0	0	0	0	0	0	0	0	0	0	-1	0	0
OG0017331	0	0	0	0	0	-1	-1	0	-1	0	0	-1	0	0	0	0	0
OG0017336	2	1	-1	0	0	0	0	0	0	0	-1	0	-1	0	0	0	0
OG0017337	2	0	0	-1	-1	-1	-1	-1	0	0	-1	-1	0	0	0	0	0
OG0017340	0	0	0	-1	0	-1	0	0	-1	0	0	-1	0	0	0	0	0
OG0017342	0	1	0	0	0	0	0	0	0	0	0	0	0	0	-1	0	0
OG0017753	0	0	0	0	0	0	0	0	0	0	0	0	0	0	-1	0	0
OG0017754	0	2	-1	0	0	0	0	0	0	0	0	0	0	-1	0	0	0
OG0017756	2	0	-1	-1	0	0	0	0	0	0	0	0	0	0	-1	0	0
OG0017759	1	0	0	-1	0	0	0	0	0	0	0	0	0	0	-1	0	0
OG0017760	0	0	0	0	0	0	0	0	0	0	0	1	-1	0	0	0	0
OG0017761	1	0	0	0	0	0	0	0	0	0	0	0	0	-1	0	0	0
OG0017762	2	0	0	1	0	0	0	0	0	0	0	-1	0	-1	0	0	0
OG0017763	0	0	0	0	0	0	0	0	0	0	0	0	0	-1	0	0	0
OG0017764	1	0	0	1	0	0	0	0	0	0	0	-1	0	-1	0	0	0
OG0017765	0	0	0	0	0	0	0	0	0	0	0	0	0	0	-1	0	0
OG0017766	0	0	0	0	0	0	0	0	0	0	0	0	0	0	-1	0	0
OG0017767	2	0	0	0	0	0	0	0	0	0	0	-1	0	-1	0	0	0
OG0017768	0	0	0	0	0	0	0	0	0	0	0	0	0	-1	0	0	0
OG0017769	1	0	0	-1	0	0	0	0	0	0	0	-1	0	0	-1	0	0
OG0017771	1	0	0	0	0	0	0	0	0	0	0	0	0	-1	0	0	0
OG0017772	0	0	0	0	0	0	0	0	0	0	0	-1	0	-1	0	0	0
OG0017779	2	0	0	0	0	0	0	0	0	0	0	0	-1	0	0	0	0
OG0017781	0	0	0	0	0	0	0	0	0	0	0	0	0	0	-1	0	0
OG0017784	0	0	0	-1	0	0	0	0	0	0	0	0	0	0	-1	0	0
OG0017795	0	0	-1	-1	-1	-1	-1	0	-1	0	0	0	0	0	0	0	0
OG0017796	1	0	0	0	-1	0	0	0	0	0	0	-1	0	0	0	-1	0
OG0017799	1	0	0	-1	-1	-1	1	0	0	0	0	-1	0	0	0	0	-1
OG0017809	0	1	0	0	0	0	0	0	0	0	0	0	0	-1	0	0	0
OG0017821	0	1	-1	0	0	0	0	0	0	0	0	0	0	-1	0	0	0
OG0017825	0	0	0	0	0	0	0	0	0	0	0	0	0	0	-1	0	0
OG0017828	1	0	0	0	0	0	0	0	0	0	0	0	0	-1	0	0	0
OG0017830	1	-1	0	0	0	0	0	0	0	0	0	0	0	0	-1	0	0
OG0017831	0	0	0	0	0	0	0	0	0	0	0	0	0	0	-1	0	0
OG0017832	0	0	0	0	0	0	0	0	0	0	0	0	0	0	-1	0	0
OG0017833	0	0	0	-1	-1	-1	-1	0	-1	0	0	-1	0	0	0	0	0
OG0017834	0	0	0	-1	-1	-1	-1	0	0	0	0	-1	0	0	0	0	0
OG0018351	0	0	0	1	0	0	0	0	0	0	0	-1	0	0	-1	0	0
OG0018352	0	0	0	-1	1	0	0	0	0	0	0	-1	0	0	-1	0	0
OG0018355	0	0	0	0	0	0	0	0	0	0	0	0	0	-1	0	0	0
OG0018356	0	0	0	-1	0	-1	1	0	0	0	0	-1	0	0	0	0	-1
OG0018363	1	0	0	-1	1	0	0	0	0	0	0	-1	0	0	-1	0	0
OG0018364	0	0	0	0	-1	-1	1	0	0	0	0	-1	0	0	0	0	-1
OG0018365	0	0	0	-1	-1	-1	0	-1	0	0	0	-1	0	0	0	0	0
OG0018366	1	0	0	0	0	0	0	0	0	0	0	0	-1	0	0	0	0
OG0018367	0	-1	0	0	0	0	0	0	0	0	0	0	0	0	-1	0	0
OG0018369	0	0	0	-1	-1	0	0	0	0	0	0	-1	0	0	0	-1	0
OG0018370	0	0	0	0	0	0	0	0	0	0	0	0	0	-1	0	0	0
OG0018371	0	-1	0	-1	-1	0	0	0	0	0	0	0	0	0	0	-1	0
OG0018372	0	2	-1	0	0	0	0	0	0	0	0	0	-1	0	0	0	0
OG0018373	0	0	0	-1	-1	0	0	0	0	0	0	-1	0	0	0	-1	0
OG0018374	0	0	0	0	0	0	0	0	0	0	0	0	-1	0	0	0	0
OG0018375	0	0	0	0	0	0	0	0	0	0	0	0	0	-1	0	0	0
OG0018376	1	0	0	0	0	0	0	0	0	0	0	0	-1	0	0	0	0
OG0018377	0	0	0	-1	-1	0	0	0	0	0	0	-1	0	0	0	-1	0
OG0018384	1	0	0	0	0	0	0	0	0	0	0	0	-1	0	0	0	0
OG0018390	0	0	0	-1	0	-1	-1	0	-1	0	0	-1	0	0	0	0	0
OG0018399	0	0	0	0	0	0	0	0	0	0	0	0	0	-1	0	0	0
OG0018409	0	0	0	0	0	0	0	0	0	0	0	-1	0	-1	0	0	0
OG0018436	0	-1	0	0	0	0	0	0	0	0	0	0	0	0	-1	0	0
OG0018444	1	0	0	0	0	0	0	0	0	0	0	0	-1	0	0	0	0
OG0018445	0	0	0	0	0	0	0	0	0	0	0	0	0	-1	0	0	0
OG0018450	0	0	0	-1	-1	0	0	0	0	0	0	-1	0	0	0	-1	0
OG0018452	0	-1	0	0	0	0	0	0	0	0	0	0	0	0	-1	0	0
OG0018454	0	0	0	0	0	0	0	0	0	0	0	0	0	-1	0	0	0
OG0018457	0	0	0	0	0	0	0	0	0	0	0	0	0	-1	0	0	0
OG0018458	0	0	0	0	0	0	0	0	0	0	0	0	0	-1	0	0	0
OG0018459	0	0	0	-1	-1	-1	0	0	0	0	0	-1	0	0	0	0	-1
OG0018461	0	0	0	2	0	0	0	0	0	0	0	-1	0	-1	0	0	0
OG0018464	0	0	0	0	0	0	0	0	0	0	0	0	0	-1	0	0	0
OG0018465	0	-1	0	-1	-1	0	0	0	0	0	0	0	0	0	0	-1	0
OG0018467	0	-1	0	-1	1	0	0	0	0	0	0	0	0	0	-1	0	0
OG0019358	0	0	0	-1	1	0	0	0	0	0	0	-1	0	0	-1	0	0
OG0019359	0	0	-1	0	0	0	0	0	0	0	0	0	0	-1	0	0	0
OG0019366	1	0	0	-1	0	0	0	0	0	0	0	-1	0	0	-1	0	0
OG0019370	0	0	0	0	0	0	0	0	0	0	0	-1	0	0	-1	0	0
OG0019373	1	0	0	0	0	0	0	0	0	0	0	-1	0	-1	0	0	0
OG0019377	1	-1	0	0	0	0	0	0	0	0	0	0	-1	0	0	0	0
OG0019380	0	0	0	0	0	0	0	0	0	0	0	-1	0	0	-1	0	0
OG0019382	1	0	0	0	0	0	0	0	0	0	0	-1	0	-1	0	0	0
OG0019384	1	0	-1	0	0	0	0	0	0	0	0	0	-1	0	0	0	0
OG0019385	0	0	0	-1	0	0	0	0	0	0	0	-1	0	0	-1	0	0
OG0019386	1	0	0	-1	0	0	0	0	0	0	0	-1	0	0	-1	0	0
OG0019387	0	0	0	1	0	0	0	0	0	0	0	-1	0	-1	0	0	0
OG0019390	0	0	0	0	0	0	0	0	0	0	0	0	-1	0	0	0	0
OG0019391	0	0	0	0	0	0	0	0	0	0	0	0	-1	0	0	0	0
OG0019392	0	-1	1	0	0	0	0	0	0	0	0	0	-1	0	0	0	0
OG0019393	1	0	0	0	0	0	0	0	0	0	0	-1	0	-1	0	0	0
OG0019394	0	0	0	0	0	0	0	0	0	0	0	0	-1	0	0	0	0
OG0019395	0	1	-1	0	0	0	0	0	0	0	0	0	-1	0	0	0	0
OG0019396	0	0	0	0	0	0	0	0	0	0	0	0	-1	0	0	0	0
OG0019397	0	-1	0	0	0	0	0	0	0	0	0	0	0	-1	0	0	0
OG0019398	0	-1	0	-1	0	0	0	0	0	0	0	0	0	0	-1	0	0
OG0019399	0	0	0	0	0	0	0	0	0	0	0	-1	0	-1	0	0	0
OG0019400	0	0	-1	0	0	0	0	0	0	0	0	0	0	-1	0	0	0
OG0019409	1	0	0	0	0	0	0	0	0	0	0	-1	0	-1	0	0	0
OG0019420	1	0	0	0	0	0	0	0	0	0	0	-1	0	-1	0	0	0
OG0019444	0	-1	0	-1	0	0	0	0	0	0	0	0	0	0	-1	0	0
OG0019451	0	0	-1	0	0	0	0	0	0	0	0	0	0	-1	0	0	0
OG0019476	0	-1	1	0	0	0	0	0	0	0	0	0	-1	0	0	0	0
OG0019479	0	1	-1	0	0	0	0	0	0	0	0	0	-1	0	0	0	0
OG0019485	0	0	0	1	0	0	0	0	0	0	0	-1	0	-1	0	0	0
OG0019490	0	1	-1	0	0	0	0	0	0	0	0	0	-1	0	0	0	0
OG0019496	0	-1	0	-1	0	0	0	0	0	0	0	0	0	0	-1	0	0
OG0019527	0	0	0	-1	-1	-1	-1	0	-1	0	0	-1	0	0	0	0	0
OG0019532	0	0	0	0	0	0	0	0	0	0	0	0	-1	0	0	0	0
OG0019533	0	0	0	1	0	0	0	0	0	0	0	-1	0	-1	0	0	0
OG0019536	0	0	0	0	0	0	0	0	0	0	0	0	-1	0	0	0	0
OG0019537	0	0	0	0	0	0	0	0	0	0	0	0	-1	0	0	0	0
OG0019539	0	0	0	0	0	0	0	0	0	0	0	0	-1	0	0	0	0
OG0021271	0	-1	0	0	0	0	0	0	0	0	0	0	-1	0	0	0	0
OG0021277	0	0	0	0	0	0	0	0	0	0	0	-1	0	-1	0	0	0
OG0021279	0	0	0	-1	0	0	0	0	0	0	0	-1	0	0	-1	0	0
OG0021280	0	0	0	0	0	0	0	0	0	0	0	-1	0	-1	0	0	0
OG0021285	0	0	0	0	0	0	0	0	0	0	0	-1	0	-1	0	0	0
OG0021287	0	0	0	0	0	0	0	0	0	0	0	-1	0	-1	0	0	0
OG0021288	0	-1	0	0	0	0	0	0	0	0	0	0	-1	0	0	0	0
OG0021294	0	0	0	-1	0	0	0	0	0	0	0	-1	0	0	-1	0	0
OG0021295	0	-1	0	0	0	0	0	0	0	0	0	0	-1	0	0	0	0
OG0021298	0	0	0	-1	0	0	0	0	0	0	0	-1	0	0	-1	0	0
OG0021299	0	0	-1	0	0	0	0	0	0	0	0	0	-1	0	0	0	0
OG0021301	0	0	0	0	0	0	0	0	0	0	0	-1	0	-1	0	0	0
OG0021302	0	0	0	0	0	0	0	0	0	0	0	-1	0	-1	0	0	0
OG0021304	0	0	0	0	0	0	0	0	0	0	0	-1	0	-1	0	0	0
OG0021305	0	0	-1	0	0	0	0	0	0	0	0	0	-1	0	0	0	0
OG0021306	0	0	0	-1	0	0	0	0	0	0	0	-1	0	0	-1	0	0
OG0021307	0	-1	0	0	0	0	0	0	0	0	0	0	-1	0	0	0	0
OG0021308	0	0	-1	0	0	0	0	0	0	0	0	0	-1	0	0	0	0
OG0021309	0	0	0	0	0	0	0	0	0	0	0	-1	0	-1	0	0	0
OG0021311	0	0	0	0	0	0	0	0	0	0	0	-1	0	-1	0	0	0
OG0021312	0	0	0	0	0	0	0	0	0	0	0	-1	0	-1	0	0	0
OG0021313	0	0	0	0	0	0	0	0	0	0	0	-1	0	-1	0	0	0
OG0021340	0	0	0	0	0	0	0	0	0	0	0	-1	0	-1	0	0	0
OG0021394	0	-1	0	0	0	0	0	0	0	0	0	0	-1	0	0	0	0
OG0021451	0	0	0	0	0	0	0	0	0	0	0	-1	0	-1	0	0	0
OG0021469	0	0	0	0	0	0	0	0	0	0	0	-1	0	-1	0	0	0
OG0021505	0	0	-1	0	0	0	0	0	0	0	0	0	-1	0	0	0	0
OG0021510	0	0	0	0	0	0	0	0	0	0	0	-1	0	-1	0	0	0
OG0021521	0	-1	0	0	0	0	0	0	0	0	0	0	-1	0	0	0	0
OG0021563	0	-1	0	0	0	0	0	0	0	0	0	0	-1	0	0	0	0
OG0021728	0	0	-1	0	0	0	0	0	0	0	0	0	-1	0	0	0	0
OG0021755	0	-1	0	0	0	0	0	0	0	0	0	0	-1	0	0	0	0
OG0021762	0	0	-1	0	0	0	0	0	0	0	0	0	-1	0	0	0	0
OG0021794	0	0	0	0	0	0	0	0	0	0	0	-1	0	-1	0	0	0
OG0021809	0	0	0	0	0	0	0	0	0	0	0	-1	0	-1	0	0	0
OG0021815	0	0	0	0	0	0	0	0	0	0	0	-1	0	-1	0	0	0
OG0021823	0	0	0	-1	0	0	0	0	0	0	0	-1	0	0	-1	0	0
