FamilyID,TaxonID,Count,Change,Pvalue
OG0000024,Avena_sativa,28,-1,0.680753
OG0000024,Arabidopsis_thaliana,4,-2,0.426528
OG0000024,Triticum_turgidum,26,-2,0.0100196
OG0000024,Zea_mays,24,-2,0.272914
OG0000024,Sorghum_bicolor,33,7,0.000207676
OG0000024,Hordeum_vulgare,35,6,5.93E-05
OG0000024,Triticum_aestivum,28,0,0.661102
OG0000024,Oryza_sativa,19,-5,0.0352628
OG0000024,Brachypodium_distachyon,40,11,1.24E-05
OG0000027,Avena_sativa,23,0,0.872722
OG0000027,Arabidopsis_thaliana,19,12,0.000147664
OG0000027,Triticum_turgidum,24,-1,0.228813
OG0000027,Zea_mays,24,-1,0.624726
OG0000027,Sorghum_bicolor,31,6,0.000994777
OG0000027,Hordeum_vulgare,56,29,1.64E-33
OG0000027,Triticum_aestivum,25,0,0.648234
OG0000027,Oryza_sativa,19,-1,0.732178
OG0000027,Brachypodium_distachyon,15,-6,0.00131441
OG0000032,Avena_sativa,28,4,0.0324559
OG0000032,Arabidopsis_thaliana,15,8,0.00673586
OG0000032,Triticum_turgidum,24,-2,0.0087168
OG0000032,Zea_mays,19,-2,0.224497
OG0000032,Sorghum_bicolor,27,6,0.000469996
OG0000032,Hordeum_vulgare,26,0,0.791561
OG0000032,Triticum_aestivum,30,4,7.06E-05
OG0000032,Oryza_sativa,19,0,0.905946
OG0000032,Brachypodium_distachyon,11,-9,2.04E-06
OG0000035,Avena_sativa,26,2,0.185821
OG0000035,Arabidopsis_thaliana,4,-1,0.900432
OG0000035,Triticum_turgidum,24,0,0.643756
OG0000035,Zea_mays,21,-2,0.244725
OG0000035,Sorghum_bicolor,31,8,1.68E-05
OG0000035,Hordeum_vulgare,19,-4,0.000820012
OG0000035,Triticum_aestivum,25,1,0.0908164
OG0000035,Oryza_sativa,22,0,0.91299
OG0000035,Brachypodium_distachyon,26,2,0.238531
OG0000036,Avena_sativa,28,5,0.00708962
OG0000036,Arabidopsis_thaliana,23,16,4.12E-06
OG0000036,Triticum_turgidum,24,0,0.643756
OG0000036,Zea_mays,23,0,0.858466
OG0000036,Sorghum_bicolor,25,2,0.143727
OG0000036,Hordeum_vulgare,24,0,0.781648
OG0000036,Triticum_aestivum,24,0,0.643756
OG0000036,Oryza_sativa,12,-5,0.0139526
OG0000036,Brachypodium_distachyon,13,-5,0.00344993
OG0000038,Avena_sativa,21,0,0.865802
OG0000038,Arabidopsis_thaliana,3,-1,0.88845
OG0000038,Triticum_turgidum,30,0,0.669231
OG0000038,Zea_mays,18,1,0.328843
OG0000038,Sorghum_bicolor,16,-1,0.547536
OG0000038,Hordeum_vulgare,23,-1,0.454979
OG0000038,Triticum_aestivum,33,3,0.0021362
OG0000038,Oryza_sativa,23,4,0.0878738
OG0000038,Brachypodium_distachyon,16,-4,0.0205252
OG0000044,Avena_sativa,21,-7,0.000322949
OG0000044,Arabidopsis_thaliana,4,0,0.666893
OG0000044,Triticum_turgidum,42,9,1.37E-11
OG0000044,Zea_mays,0,-5,2.49E-07
OG0000044,Sorghum_bicolor,5,0,0.677962
OG0000044,Hordeum_vulgare,42,9,1.05E-07
OG0000044,Triticum_aestivum,11,-22,4.43E-39
OG0000044,Oryza_sativa,16,0,0.896816
OG0000044,Brachypodium_distachyon,47,19,1.22E-11
OG0000046,Avena_sativa,26,5,0.00526605
OG0000046,Arabidopsis_thaliana,1,-3,0.129298
OG0000046,Triticum_turgidum,22,0,0.634501
OG0000046,Zea_mays,9,-9,2.77E-08
OG0000046,Sorghum_bicolor,30,12,2.13E-09
OG0000046,Hordeum_vulgare,21,0,0.764616
OG0000046,Triticum_aestivum,22,0,0.634501
OG0000046,Oryza_sativa,22,4,0.0799003
OG0000046,Brachypodium_distachyon,8,-10,4.11E-08
OG0000050,Avena_sativa,21,2,0.141654
OG0000050,Arabidopsis_thaliana,2,-2,0.324545
OG0000050,Triticum_turgidum,26,0,0.652616
OG0000050,Zea_mays,4,-5,2.83E-05
OG0000050,Sorghum_bicolor,10,1,0.199999
OG0000050,Hordeum_vulgare,15,-4,0.000407459
OG0000050,Triticum_aestivum,27,1,0.0980592
OG0000050,Oryza_sativa,18,3,0.0974709
OG0000050,Brachypodium_distachyon,17,-1,0.64154
OG0000051,Avena_sativa,12,-6,0.000210601
OG0000051,Arabidopsis_thaliana,5,0,0.703171
OG0000051,Triticum_turgidum,26,0,0.652616
OG0000051,Zea_mays,7,-9,9.65E-09
OG0000051,Sorghum_bicolor,20,4,0.00698429
OG0000051,Hordeum_vulgare,17,-2,0.0354227
OG0000051,Triticum_aestivum,26,0,0.652616
OG0000051,Oryza_sativa,28,10,6.64E-05
OG0000051,Brachypodium_distachyon,19,1,0.440056
OG0000055,Avena_sativa,12,-1,0.52786
OG0000055,Arabidopsis_thaliana,2,-1,0.614525
OG0000055,Triticum_turgidum,35,3,0.00253577
OG0000055,Zea_mays,2,-3,0.00071883
OG0000055,Sorghum_bicolor,7,2,0.0312902
OG0000055,Hordeum_vulgare,26,0,0.791561
OG0000055,Triticum_aestivum,32,0,0.67702
OG0000055,Oryza_sativa,5,-1,0.515014
OG0000055,Brachypodium_distachyon,10,0,0.819319
OG0000056,Avena_sativa,16,2,0.0949685
OG0000056,Arabidopsis_thaliana,47,40,1.18E-16
OG0000056,Triticum_turgidum,24,5,6.30E-07
OG0000056,Zea_mays,3,-2,0.0120803
OG0000056,Sorghum_bicolor,5,0,0.677962
OG0000056,Hordeum_vulgare,14,-1,0.34673
OG0000056,Triticum_aestivum,19,0,0.619836
OG0000056,Oryza_sativa,19,7,0.000945865
OG0000056,Brachypodium_distachyon,9,-3,0.0254808
OG0000063,Avena_sativa,21,5,0.00204003
OG0000063,Arabidopsis_thaliana,1,-2,0.25291
OG0000063,Triticum_turgidum,27,5,1.26E-06
OG0000063,Zea_mays,7,0,0.720859
OG0000063,Sorghum_bicolor,7,0,0.720859
OG0000063,Hordeum_vulgare,13,-4,0.000267472
OG0000063,Triticum_aestivum,22,0,0.634501
OG0000063,Oryza_sativa,13,1,0.45701
OG0000063,Brachypodium_distachyon,13,-1,0.594287
OG0000067,Avena_sativa,19,2,0.123143
OG0000067,Arabidopsis_thaliana,1,-2,0.25291
OG0000067,Triticum_turgidum,24,4,2.63E-05
OG0000067,Zea_mays,9,-4,0.00149421
OG0000067,Sorghum_bicolor,15,2,0.0658811
OG0000067,Hordeum_vulgare,16,-1,0.37502
OG0000067,Triticum_aestivum,20,0,0.624832
OG0000067,Oryza_sativa,16,2,0.225301
OG0000067,Brachypodium_distachyon,11,-4,0.00925758
OG0000069,Avena_sativa,21,3,0.0682533
OG0000069,Arabidopsis_thaliana,20,13,6.18E-05
OG0000069,Triticum_turgidum,16,0,0.604164
OG0000069,Zea_mays,8,0,0.738439
OG0000069,Sorghum_bicolor,7,-1,0.375438
OG0000069,Hordeum_vulgare,13,-3,0.00273465
OG0000069,Triticum_aestivum,16,0,0.604164
OG0000069,Oryza_sativa,17,2,0.240877
OG0000069,Brachypodium_distachyon,24,6,0.0014998
OG0000070,Avena_sativa,13,-1,0.544026
OG0000070,Arabidopsis_thaliana,6,1,0.530024
OG0000070,Triticum_turgidum,25,3,0.000918606
OG0000070,Zea_mays,10,-1,0.449309
OG0000070,Sorghum_bicolor,13,2,0.106276
OG0000070,Hordeum_vulgare,21,0,0.764616
OG0000070,Triticum_aestivum,22,0,0.634501
OG0000070,Oryza_sativa,10,-1,0.638667
OG0000070,Brachypodium_distachyon,14,0,0.852653
OG0000071,Avena_sativa,22,4,0.015944
OG0000071,Arabidopsis_thaliana,3,-1,0.88845
OG0000071,Triticum_turgidum,20,0,0.624832
OG0000071,Zea_mays,9,-1,0.427102
OG0000071,Sorghum_bicolor,11,1,0.218761
OG0000071,Hordeum_vulgare,16,-2,0.0322918
OG0000071,Triticum_aestivum,20,0,0.624832
OG0000071,Oryza_sativa,10,-1,0.638667
OG0000071,Brachypodium_distachyon,15,0,0.858596
OG0000074,Avena_sativa,14,0,0.828787
OG0000074,Arabidopsis_thaliana,6,1,0.530024
OG0000074,Triticum_turgidum,20,0,0.624832
OG0000074,Zea_mays,12,0,0.790581
OG0000074,Sorghum_bicolor,12,0,0.790581
OG0000074,Hordeum_vulgare,35,15,1.23E-16
OG0000074,Triticum_aestivum,20,0,0.624832
OG0000074,Oryza_sativa,8,-3,0.0576834
OG0000074,Brachypodium_distachyon,11,-1,0.562794
OG0000075,Avena_sativa,15,0,0.835826
OG0000075,Arabidopsis_thaliana,1,-2,0.25291
OG0000075,Triticum_turgidum,22,0,0.634501
OG0000075,Zea_mays,13,-1,0.504736
OG0000075,Sorghum_bicolor,15,1,0.285974
OG0000075,Hordeum_vulgare,14,-2,0.0262964
OG0000075,Triticum_aestivum,23,1,0.083508
OG0000075,Oryza_sativa,16,2,0.225301
OG0000075,Brachypodium_distachyon,11,-3,0.0356491
OG0000077,Avena_sativa,20,3,0.0616236
OG0000077,Arabidopsis_thaliana,3,-1,0.88845
OG0000077,Triticum_turgidum,20,1,0.0724294
OG0000077,Zea_mays,7,-3,0.00572155
OG0000077,Sorghum_bicolor,10,0,0.767619
OG0000077,Hordeum_vulgare,13,-4,0.000267472
OG0000077,Triticum_aestivum,19,0,0.619836
OG0000077,Oryza_sativa,16,2,0.225301
OG0000077,Brachypodium_distachyon,16,0,0.863889
OG0000080,Avena_sativa,19,2,0.123143
OG0000080,Arabidopsis_thaliana,1,-2,0.25291
OG0000080,Triticum_turgidum,20,0,0.624832
OG0000080,Zea_mays,3,-6,5.51E-07
OG0000080,Sorghum_bicolor,11,2,0.0800996
OG0000080,Hordeum_vulgare,17,-1,0.388141
OG0000080,Triticum_aestivum,21,1,0.0761371
OG0000080,Oryza_sativa,10,-1,0.638667
OG0000080,Brachypodium_distachyon,15,0,0.858596
OG0000082,Avena_sativa,14,0,0.828787
OG0000082,Arabidopsis_thaliana,22,15,1.03E-05
OG0000082,Triticum_turgidum,19,1,0.0687074
OG0000082,Zea_mays,7,-3,0.00572155
OG0000082,Sorghum_bicolor,10,0,0.767619
OG0000082,Hordeum_vulgare,21,3,0.00934836
OG0000082,Triticum_aestivum,18,0,0.614727
OG0000082,Oryza_sativa,14,2,0.192045
OG0000082,Brachypodium_distachyon,10,-2,0.195931
OG0000083,Avena_sativa,18,2,0.113777
OG0000083,Arabidopsis_thaliana,2,-1,0.614525
OG0000083,Triticum_turgidum,20,0,0.624832
OG0000083,Zea_mays,14,2,0.119332
OG0000083,Sorghum_bicolor,12,0,0.790581
OG0000083,Hordeum_vulgare,18,0,0.744463
OG0000083,Triticum_aestivum,21,1,0.0761371
OG0000083,Oryza_sativa,4,-6,0.000174602
OG0000083,Brachypodium_distachyon,9,-3,0.0254808
OG0000092,Avena_sativa,14,1,0.308496
OG0000092,Arabidopsis_thaliana,18,11,0.00057494
OG0000092,Triticum_turgidum,22,4,1.76E-05
OG0000092,Zea_mays,7,0,0.720859
OG0000092,Sorghum_bicolor,7,0,0.720859
OG0000092,Hordeum_vulgare,14,0,0.711442
OG0000092,Triticum_aestivum,18,0,0.614727
OG0000092,Oryza_sativa,15,3,0.1154
OG0000092,Brachypodium_distachyon,10,-2,0.195931
OG0000094,Avena_sativa,7,-5,0.000247786
OG0000094,Arabidopsis_thaliana,35,28,3.30E-11
OG0000094,Triticum_turgidum,16,0,0.604164
OG0000094,Zea_mays,10,-2,0.0582265
OG0000094,Sorghum_bicolor,14,2,0.119332
OG0000094,Hordeum_vulgare,17,1,0.171559
OG0000094,Triticum_aestivum,16,0,0.604164
OG0000094,Oryza_sativa,22,10,1.07E-05
OG0000094,Brachypodium_distachyon,11,-1,0.562794
OG0000096,Avena_sativa,17,2,0.104374
OG0000096,Arabidopsis_thaliana,1,-2,0.25291
OG0000096,Triticum_turgidum,21,0,0.62972
OG0000096,Zea_mays,15,7,8.18E-07
OG0000096,Sorghum_bicolor,4,-4,0.00023711
OG0000096,Hordeum_vulgare,16,-1,0.37502
OG0000096,Triticum_aestivum,21,0,0.62972
OG0000096,Oryza_sativa,6,-2,0.211716
OG0000096,Brachypodium_distachyon,9,-2,0.178504
OG0000099,Avena_sativa,14,0,0.828787
OG0000099,Arabidopsis_thaliana,11,5,0.0350331
OG0000099,Triticum_turgidum,14,-3,0.000147194
OG0000099,Zea_mays,8,-3,0.00738495
OG0000099,Sorghum_bicolor,20,9,2.87E-08
OG0000099,Hordeum_vulgare,18,1,0.180994
OG0000099,Triticum_aestivum,20,3,0.000445739
OG0000099,Oryza_sativa,8,-2,0.261358
OG0000099,Brachypodium_distachyon,9,-2,0.178504
OG0000102,Avena_sativa,15,3,0.0310811
OG0000102,Arabidopsis_thaliana,38,31,1.51E-12
OG0000102,Triticum_turgidum,12,0,0.581566
OG0000102,Zea_mays,0,-10,3.91E-14
OG0000102,Sorghum_bicolor,12,2,0.0931658
OG0000102,Hordeum_vulgare,4,-8,2.36E-11
OG0000102,Triticum_aestivum,15,3,0.000163677
OG0000102,Oryza_sativa,24,12,5.58E-07
OG0000102,Brachypodium_distachyon,12,0,0.838279
OG0000105,Avena_sativa,17,3,0.0426201
OG0000105,Arabidopsis_thaliana,15,9,0.00191328
OG0000105,Triticum_turgidum,15,0,0.598703
OG0000105,Zea_mays,9,-1,0.427102
OG0000105,Sorghum_bicolor,11,1,0.218761
OG0000105,Hordeum_vulgare,14,0,0.711442
OG0000105,Triticum_aestivum,18,3,0.000311913
OG0000105,Oryza_sativa,9,-1,0.621116
OG0000105,Brachypodium_distachyon,9,-2,0.178504
OG0000106,Avena_sativa,16,0,0.842135
OG0000106,Arabidopsis_thaliana,1,-2,0.25291
OG0000106,Triticum_turgidum,14,-3,0.000147194
OG0000106,Zea_mays,8,-4,0.00112113
OG0000106,Sorghum_bicolor,13,1,0.253895
OG0000106,Hordeum_vulgare,18,1,0.180994
OG0000106,Triticum_aestivum,19,2,0.0105977
OG0000106,Oryza_sativa,15,1,0.492276
OG0000106,Brachypodium_distachyon,16,0,0.863889
OG0000121,Avena_sativa,23,13,6.31E-12
OG0000121,Arabidopsis_thaliana,16,9,0.00202015
OG0000121,Triticum_turgidum,10,0,0.569479
OG0000121,Zea_mays,17,4,0.00372692
OG0000121,Sorghum_bicolor,13,0,0.800244
OG0000121,Hordeum_vulgare,0,-9,2.56E-15
OG0000121,Triticum_aestivum,12,2,0.00391994
OG0000121,Oryza_sativa,10,0,0.865502
OG0000121,Brachypodium_distachyon,6,-4,0.0025286
OG0000128,Avena_sativa,13,0,0.820893
OG0000128,Arabidopsis_thaliana,8,2,0.305208
OG0000128,Triticum_turgidum,12,-1,0.132972
OG0000128,Zea_mays,19,5,0.000622573
OG0000128,Sorghum_bicolor,14,0,0.808909
OG0000128,Hordeum_vulgare,17,4,0.000295084
OG0000128,Triticum_aestivum,13,0,0.587407
OG0000128,Oryza_sativa,9,-2,0.283622
OG0000128,Brachypodium_distachyon,10,-1,0.544251
OG0000129,Avena_sativa,16,5,0.00049593
OG0000129,Arabidopsis_thaliana,3,-1,0.88845
OG0000129,Triticum_turgidum,16,0,0.604164
OG0000129,Zea_mays,15,1,0.285974
OG0000129,Sorghum_bicolor,15,1,0.285974
OG0000129,Hordeum_vulgare,0,-11,9.21E-19
OG0000129,Triticum_aestivum,17,1,0.0612227
OG0000129,Oryza_sativa,9,-1,0.621116
OG0000129,Brachypodium_distachyon,8,-2,0.160434
OG0000130,Avena_sativa,14,1,0.308496
OG0000130,Arabidopsis_thaliana,4,0,0.666893
OG0000130,Triticum_turgidum,16,-1,0.167415
OG0000130,Zea_mays,4,-3,0.00206668
OG0000130,Sorghum_bicolor,7,0,0.720859
OG0000130,Hordeum_vulgare,20,3,0.00812644
OG0000130,Triticum_aestivum,19,2,0.0105977
OG0000130,Oryza_sativa,8,0,0.846402
OG0000130,Brachypodium_distachyon,7,-2,0.141787
OG0000136,Avena_sativa,16,2,0.0949685
OG0000136,Arabidopsis_thaliana,8,2,0.305208
OG0000136,Triticum_turgidum,14,0,0.593119
OG0000136,Zea_mays,11,1,0.218761
OG0000136,Sorghum_bicolor,9,-1,0.427102
OG0000136,Hordeum_vulgare,25,10,2.75E-11
OG0000136,Triticum_aestivum,10,-4,1.77E-06
OG0000136,Oryza_sativa,10,0,0.865502
OG0000136,Brachypodium_distachyon,7,-4,0.00349132
OG0000137,Avena_sativa,1,-11,1.46E-13
OG0000137,Arabidopsis_thaliana,3,-1,0.88845
OG0000137,Triticum_turgidum,20,0,0.624832
OG0000137,Zea_mays,13,0,0.800244
OG0000137,Sorghum_bicolor,13,0,0.800244
OG0000137,Hordeum_vulgare,19,0,0.751569
OG0000137,Triticum_aestivum,21,1,0.0761371
OG0000137,Oryza_sativa,11,-1,0.654029
OG0000137,Brachypodium_distachyon,12,0,0.838279
OG0000138,Avena_sativa,7,-5,0.000247786
OG0000138,Arabidopsis_thaliana,5,1,0.477231
OG0000138,Triticum_turgidum,6,0,0.54359
OG0000138,Zea_mays,20,10,2.32E-09
OG0000138,Sorghum_bicolor,7,-3,0.00572155
OG0000138,Hordeum_vulgare,30,18,3.01E-23
OG0000138,Triticum_aestivum,5,-1,0.065727
OG0000138,Oryza_sativa,6,-4,0.0113892
OG0000138,Brachypodium_distachyon,59,46,1.54E-42
OG0000142,Avena_sativa,13,0,0.820893
OG0000142,Arabidopsis_thaliana,6,1,0.530024
OG0000142,Triticum_turgidum,14,-1,0.15053
OG0000142,Zea_mays,11,2,0.0800996
OG0000142,Sorghum_bicolor,9,0,0.753927
OG0000142,Hordeum_vulgare,15,0,0.720455
OG0000142,Triticum_aestivum,17,2,0.00841951
OG0000142,Oryza_sativa,4,-5,0.00156111
OG0000142,Brachypodium_distachyon,11,0,0.82949
OG0000144,Avena_sativa,12,0,0.811997
OG0000144,Arabidopsis_thaliana,5,0,0.703171
OG0000144,Triticum_turgidum,14,0,0.593119
OG0000144,Zea_mays,13,-1,0.504736
OG0000144,Sorghum_bicolor,18,4,0.0046832
OG0000144,Hordeum_vulgare,10,-2,0.0156056
OG0000144,Triticum_aestivum,14,0,0.593119
OG0000144,Oryza_sativa,12,0,0.878931
OG0000144,Brachypodium_distachyon,7,-5,0.000706052
OG0000145,Avena_sativa,13,0,0.820893
OG0000145,Arabidopsis_thaliana,11,5,0.0350331
OG0000145,Triticum_turgidum,15,0,0.598703
OG0000145,Zea_mays,0,-9,1.27E-12
OG0000145,Sorghum_bicolor,16,7,1.70E-06
OG0000145,Hordeum_vulgare,10,-3,0.00151637
OG0000145,Triticum_aestivum,15,0,0.598703
OG0000145,Oryza_sativa,7,-2,0.237416
OG0000145,Brachypodium_distachyon,15,2,0.119381
OG0000146,Avena_sativa,10,0,0.790444
OG0000146,Arabidopsis_thaliana,1,-1,0.526493
OG0000146,Triticum_turgidum,22,1,0.0798301
OG0000146,Zea_mays,1,-3,0.00033682
OG0000146,Sorghum_bicolor,4,0,0.65174
OG0000146,Hordeum_vulgare,9,-2,0.0132576
OG0000146,Triticum_aestivum,21,0,0.62972
OG0000146,Oryza_sativa,10,2,0.118213
OG0000146,Brachypodium_distachyon,10,0,0.819319
OG0000147,Avena_sativa,15,0,0.835826
OG0000147,Arabidopsis_thaliana,1,-1,0.526493
OG0000147,Triticum_turgidum,20,2,0.0117596
OG0000147,Zea_mays,2,-1,0.18413
OG0000147,Sorghum_bicolor,3,0,0.621591
OG0000147,Hordeum_vulgare,40,21,4.93E-25
OG0000147,Triticum_aestivum,1,-17,1.23E-35
OG0000147,Oryza_sativa,30,18,1.49E-11
OG0000147,Brachypodium_distachyon,7,-6,0.000143913
OG0000148,Avena_sativa,14,3,0.0257862
OG0000148,Arabidopsis_thaliana,11,5,0.0350331
OG0000148,Triticum_turgidum,12,0,0.581566
OG0000148,Zea_mays,9,0,0.753927
OG0000148,Sorghum_bicolor,9,0,0.753927
OG0000148,Hordeum_vulgare,9,-2,0.0132576
OG0000148,Triticum_aestivum,17,5,7.18E-08
OG0000148,Oryza_sativa,10,1,0.389042
OG0000148,Brachypodium_distachyon,8,-2,0.160434
OG0000149,Avena_sativa,19,6,0.000126517
OG0000149,Arabidopsis_thaliana,1,-1,0.526493
OG0000149,Triticum_turgidum,14,0,0.593119
OG0000149,Zea_mays,4,1,0.0712625
OG0000149,Sorghum_bicolor,1,-2,0.00408936
OG0000149,Hordeum_vulgare,10,-3,0.00151637
OG0000149,Triticum_aestivum,18,4,6.71E-06
OG0000149,Oryza_sativa,1,-2,0.0244268
OG0000149,Brachypodium_distachyon,15,2,0.119381
OG0000150,Avena_sativa,11,0,0.80192
OG0000150,Arabidopsis_thaliana,1,-1,0.526493
OG0000150,Triticum_turgidum,20,0,0.624832
OG0000150,Zea_mays,3,-1,0.231726
OG0000150,Sorghum_bicolor,4,0,0.65174
OG0000150,Hordeum_vulgare,14,0,0.711442
OG0000150,Triticum_aestivum,20,0,0.624832
OG0000150,Oryza_sativa,9,1,0.361068
OG0000150,Brachypodium_distachyon,9,-1,0.52338
OG0000152,Avena_sativa,12,0,0.811997
OG0000152,Arabidopsis_thaliana,8,2,0.305208
OG0000152,Triticum_turgidum,14,0,0.593119
OG0000152,Zea_mays,13,0,0.800244
OG0000152,Sorghum_bicolor,15,2,0.0658811
OG0000152,Hordeum_vulgare,0,-11,9.21E-19
OG0000152,Triticum_aestivum,16,2,0.00740719
OG0000152,Oryza_sativa,10,-2,0.304317
OG0000152,Brachypodium_distachyon,14,2,0.107408
OG0000153,Avena_sativa,15,1,0.32511
OG0000153,Arabidopsis_thaliana,1,0,0.756301
OG0000153,Triticum_turgidum,25,4,3.17E-05
OG0000153,Zea_mays,2,0,0.586825
OG0000153,Sorghum_bicolor,0,-2,0.001522
OG0000153,Hordeum_vulgare,30,9,4.02E-09
OG0000153,Triticum_aestivum,12,-9,2.89E-14
OG0000153,Oryza_sativa,0,-2,0.0102411
OG0000153,Brachypodium_distachyon,5,-1,0.405807
OG0000154,Avena_sativa,17,4,0.00640105
OG0000154,Arabidopsis_thaliana,8,2,0.305208
OG0000154,Triticum_turgidum,14,0,0.593119
OG0000154,Zea_mays,6,0,0.700838
OG0000154,Sorghum_bicolor,5,-1,0.311624
OG0000154,Hordeum_vulgare,19,5,2.48E-05
OG0000154,Triticum_aestivum,13,-1,0.141838
OG0000154,Oryza_sativa,10,1,0.389042
OG0000154,Brachypodium_distachyon,4,-5,0.000204768
OG0000156,Avena_sativa,8,-4,0.00208092
OG0000156,Arabidopsis_thaliana,1,-2,0.25291
OG0000156,Triticum_turgidum,13,-3,0.000122288
OG0000156,Zea_mays,9,-1,0.427102
OG0000156,Sorghum_bicolor,14,4,0.0016081
OG0000156,Hordeum_vulgare,19,3,0.00699062
OG0000156,Triticum_aestivum,17,1,0.0612227
OG0000156,Oryza_sativa,7,-3,0.0479178
OG0000156,Brachypodium_distachyon,14,2,0.107408
OG0000159,Avena_sativa,7,0,0.744723
OG0000159,Arabidopsis_thaliana,16,11,0.000108698
OG0000159,Triticum_turgidum,15,0,0.598703
OG0000159,Zea_mays,5,-1,0.311624
OG0000159,Sorghum_bicolor,9,3,0.00383251
OG0000159,Hordeum_vulgare,15,0,0.720455
OG0000159,Triticum_aestivum,20,5,2.05E-07
OG0000159,Oryza_sativa,4,-2,0.155086
OG0000159,Brachypodium_distachyon,5,-1,0.405807
OG0000165,Avena_sativa,26,13,1.16E-10
OG0000165,Arabidopsis_thaliana,1,-1,0.526493
OG0000165,Triticum_turgidum,6,-3,1.96E-05
OG0000165,Zea_mays,2,0,0.586825
OG0000165,Sorghum_bicolor,2,0,0.586825
OG0000165,Hordeum_vulgare,8,-1,0.241789
OG0000165,Triticum_aestivum,9,0,0.563226
OG0000165,Oryza_sativa,17,5,0.00901238
OG0000165,Brachypodium_distachyon,14,1,0.363793
OG0000168,Avena_sativa,18,5,0.000942015
OG0000168,Arabidopsis_thaliana,2,-1,0.614525
OG0000168,Triticum_turgidum,14,0,0.593119
OG0000168,Zea_mays,5,0,0.677962
OG0000168,Sorghum_bicolor,3,-2,0.0120803
OG0000168,Hordeum_vulgare,19,5,2.48E-05
OG0000168,Triticum_aestivum,13,-1,0.141838
OG0000168,Oryza_sativa,4,-1,0.473385
OG0000168,Brachypodium_distachyon,7,-1,0.472747
OG0000169,Avena_sativa,13,1,0.290933
OG0000169,Arabidopsis_thaliana,9,3,0.142299
OG0000169,Triticum_turgidum,12,-1,0.132972
OG0000169,Zea_mays,5,0,0.677962
OG0000169,Sorghum_bicolor,5,0,0.677962
OG0000169,Hordeum_vulgare,13,0,0.70186
OG0000169,Triticum_aestivum,16,3,0.000206509
OG0000169,Oryza_sativa,13,4,0.0171575
OG0000169,Brachypodium_distachyon,4,-5,0.000204768
OG0000170,Avena_sativa,5,-3,0.00498856
OG0000170,Arabidopsis_thaliana,1,-1,0.526493
OG0000170,Triticum_turgidum,4,1,0.0115823
OG0000170,Zea_mays,0,-2,0.001522
OG0000170,Sorghum_bicolor,4,2,0.00548055
OG0000170,Hordeum_vulgare,88,78,1.49E-117
OG0000170,Triticum_aestivum,0,-3,2.82E-07
OG0000170,Oryza_sativa,1,-2,0.0244268
OG0000170,Brachypodium_distachyon,42,34,4.50E-33
OG0000174,Avena_sativa,17,4,0.00640105
OG0000174,Arabidopsis_thaliana,1,-2,0.25291
OG0000174,Triticum_turgidum,12,1,0.0423002
OG0000174,Zea_mays,1,-8,2.14E-10
OG0000174,Sorghum_bicolor,14,5,0.000107194
OG0000174,Hordeum_vulgare,6,-5,1.86E-06
OG0000174,Triticum_aestivum,11,0,0.575591
OG0000174,Oryza_sativa,11,0,0.872749
OG0000174,Brachypodium_distachyon,16,3,0.0590086
OG0000177,Avena_sativa,18,8,6.88E-07
OG0000177,Arabidopsis_thaliana,1,-1,0.526493
OG0000177,Triticum_turgidum,14,0,0.593119
OG0000177,Zea_mays,1,-4,3.31E-05
OG0000177,Sorghum_bicolor,5,0,0.677962
OG0000177,Hordeum_vulgare,4,-6,3.72E-08
OG0000177,Triticum_aestivum,17,3,0.000255811
OG0000177,Oryza_sativa,6,0,0.817115
OG0000177,Brachypodium_distachyon,6,-1,0.441729
OG0000178,Avena_sativa,12,0,0.811997
OG0000178,Arabidopsis_thaliana,9,4,0.0654543
OG0000178,Triticum_turgidum,6,0,0.54359
OG0000178,Zea_mays,4,-2,0.0172425
OG0000178,Sorghum_bicolor,6,0,0.700838
OG0000178,Hordeum_vulgare,61,48,6.38E-68
OG0000178,Triticum_aestivum,3,-3,4.86E-06
OG0000178,Oryza_sativa,2,-4,0.00222284
OG0000178,Brachypodium_distachyon,14,2,0.107408
OG0000182,Avena_sativa,13,0,0.820893
OG0000182,Arabidopsis_thaliana,1,-2,0.25291
OG0000182,Triticum_turgidum,12,0,0.581566
OG0000182,Zea_mays,15,7,8.18E-07
OG0000182,Sorghum_bicolor,6,-2,0.0293429
OG0000182,Hordeum_vulgare,13,0,0.70186
OG0000182,Triticum_aestivum,11,-1,0.12393
OG0000182,Oryza_sativa,1,-7,1.84E-06
OG0000182,Brachypodium_distachyon,21,8,1.69E-05
OG0000183,Avena_sativa,17,5,0.000693812
OG0000183,Arabidopsis_thaliana,1,-2,0.25291
OG0000183,Triticum_turgidum,10,-1,0.114708
OG0000183,Zea_mays,1,-7,2.69E-09
OG0000183,Sorghum_bicolor,11,3,0.00804886
OG0000183,Hordeum_vulgare,10,-1,0.28058
OG0000183,Triticum_aestivum,12,1,0.0423002
OG0000183,Oryza_sativa,11,1,0.41411
OG0000183,Brachypodium_distachyon,12,0,0.838279
OG0000185,Avena_sativa,14,4,0.00286119
OG0000185,Arabidopsis_thaliana,8,2,0.305208
OG0000185,Triticum_turgidum,9,-1,0.1053
OG0000185,Zea_mays,11,1,0.218761
OG0000185,Sorghum_bicolor,9,-1,0.427102
OG0000185,Hordeum_vulgare,10,0,0.669249
OG0000185,Triticum_aestivum,11,1,0.0384848
OG0000185,Oryza_sativa,14,4,0.0224914
OG0000185,Brachypodium_distachyon,7,-3,0.0166403
OG0000192,Avena_sativa,19,9,6.25E-08
OG0000192,Arabidopsis_thaliana,1,-2,0.25291
OG0000192,Triticum_turgidum,11,0,0.575591
OG0000192,Zea_mays,7,-1,0.375438
OG0000192,Sorghum_bicolor,8,0,0.738439
OG0000192,Hordeum_vulgare,6,-4,3.12E-05
OG0000192,Triticum_aestivum,11,0,0.575591
OG0000192,Oryza_sativa,8,0,0.846402
OG0000192,Brachypodium_distachyon,6,-2,0.0601319
OG0000196,Avena_sativa,11,2,0.103275
OG0000196,Arabidopsis_thaliana,28,22,5.26E-09
OG0000196,Triticum_turgidum,12,0,0.581566
OG0000196,Zea_mays,3,-3,0.00128946
OG0000196,Sorghum_bicolor,8,2,0.042575
OG0000196,Hordeum_vulgare,7,-2,0.00902304
OG0000196,Triticum_aestivum,12,0,0.581566
OG0000196,Oryza_sativa,0,-6,2.57E-06
OG0000196,Brachypodium_distachyon,9,0,0.807448
OG0000198,Avena_sativa,0,-7,2.29E-09
OG0000198,Arabidopsis_thaliana,3,0,0.871099
OG0000198,Triticum_turgidum,21,1,0.0761371
OG0000198,Zea_mays,9,0,0.753927
OG0000198,Sorghum_bicolor,11,2,0.0800996
OG0000198,Hordeum_vulgare,12,0,0.691665
OG0000198,Triticum_aestivum,20,0,0.624832
OG0000198,Oryza_sativa,6,-1,0.548957
OG0000198,Brachypodium_distachyon,7,0,0.77689
OG0000199,Avena_sativa,13,4,0.00204321
OG0000199,Arabidopsis_thaliana,13,7,0.00670883
OG0000199,Triticum_turgidum,12,0,0.581566
OG0000199,Zea_mays,3,-3,0.00128946
OG0000199,Sorghum_bicolor,6,0,0.700838
OG0000199,Hordeum_vulgare,7,-2,0.00902304
OG0000199,Triticum_aestivum,15,3,0.000163677
OG0000199,Oryza_sativa,10,2,0.118213
OG0000199,Brachypodium_distachyon,4,-4,0.001143
OG0000202,Avena_sativa,9,-3,0.0144199
OG0000202,Arabidopsis_thaliana,3,-1,0.88845
OG0000202,Triticum_turgidum,4,-4,1.38E-07
OG0000202,Zea_mays,1,-10,5.49E-13
OG0000202,Sorghum_bicolor,18,7,5.92E-06
OG0000202,Hordeum_vulgare,41,28,1.76E-37
OG0000202,Triticum_aestivum,8,0,0.55683
OG0000202,Oryza_sativa,13,1,0.45701
OG0000202,Brachypodium_distachyon,14,2,0.107408
OG0000206,Avena_sativa,6,-1,0.385545
OG0000206,Arabidopsis_thaliana,3,0,0.871099
OG0000206,Triticum_turgidum,12,2,0.00391994
OG0000206,Zea_mays,52,40,1.22E-43
OG0000206,Sorghum_bicolor,6,-6,9.91E-06
OG0000206,Hordeum_vulgare,16,6,2.74E-07
OG0000206,Triticum_aestivum,4,-6,3.75E-11
OG0000206,Oryza_sativa,7,0,0.83346
OG0000206,Brachypodium_distachyon,6,-1,0.441729
OG0000207,Avena_sativa,12,1,0.272368
OG0000207,Arabidopsis_thaliana,4,0,0.666893
OG0000207,Triticum_turgidum,12,0,0.581566
OG0000207,Zea_mays,8,0,0.738439
OG0000207,Sorghum_bicolor,8,0,0.738439
OG0000207,Hordeum_vulgare,14,2,0.03856
OG0000207,Triticum_aestivum,12,0,0.581566
OG0000207,Oryza_sativa,8,0,0.846402
OG0000207,Brachypodium_distachyon,8,-1,0.499732
OG0000210,Avena_sativa,9,0,0.777309
OG0000210,Arabidopsis_thaliana,2,-1,0.614525
OG0000210,Triticum_turgidum,14,0,0.593119
OG0000210,Zea_mays,6,0,0.700838
OG0000210,Sorghum_bicolor,6,0,0.700838
OG0000210,Hordeum_vulgare,13,0,0.70186
OG0000210,Triticum_aestivum,16,2,0.00740719
OG0000210,Oryza_sativa,4,-2,0.155086
OG0000210,Brachypodium_distachyon,8,0,0.793476
OG0000211,Avena_sativa,12,1,0.272368
OG0000211,Arabidopsis_thaliana,8,3,0.10917
OG0000211,Triticum_turgidum,14,1,0.0499022
OG0000211,Zea_mays,3,-3,0.00128946
OG0000211,Sorghum_bicolor,6,0,0.700838
OG0000211,Hordeum_vulgare,8,-3,0.00092697
OG0000211,Triticum_aestivum,13,0,0.587407
OG0000211,Oryza_sativa,6,-1,0.548957
OG0000211,Brachypodium_distachyon,12,1,0.325238
OG0000212,Avena_sativa,7,-4,0.00153195
OG0000212,Arabidopsis_thaliana,1,0,0.756301
OG0000212,Triticum_turgidum,22,5,3.71E-07
OG0000212,Zea_mays,0,0,0.5
OG0000212,Sorghum_bicolor,0,0,0.5
OG0000212,Hordeum_vulgare,21,4,0.000755947
OG0000212,Triticum_aestivum,13,-4,4.05E-06
OG0000212,Oryza_sativa,1,-1,0.268992
OG0000212,Brachypodium_distachyon,17,6,0.000192674
OG0000214,Avena_sativa,13,3,0.0208744
OG0000214,Arabidopsis_thaliana,6,1,0.530024
OG0000214,Triticum_turgidum,7,-3,2.77E-05
OG0000214,Zea_mays,12,2,0.0931658
OG0000214,Sorghum_bicolor,10,0,0.767619
OG0000214,Hordeum_vulgare,10,0,0.669249
OG0000214,Triticum_aestivum,11,1,0.0384848
OG0000214,Oryza_sativa,10,0,0.865502
OG0000214,Brachypodium_distachyon,10,0,0.819319
OG0000215,Avena_sativa,13,4,0.00204321
OG0000215,Arabidopsis_thaliana,16,10,0.000490984
OG0000215,Triticum_turgidum,12,0,0.581566
OG0000215,Zea_mays,6,-2,0.0293429
OG0000215,Sorghum_bicolor,10,2,0.0672012
OG0000215,Hordeum_vulgare,0,-9,2.56E-15
OG0000215,Triticum_aestivum,12,0,0.581566
OG0000215,Oryza_sativa,6,-2,0.211716
OG0000215,Brachypodium_distachyon,8,-1,0.499732
OG0000216,Avena_sativa,10,-1,0.49033
OG0000216,Arabidopsis_thaliana,1,-2,0.25291
OG0000216,Triticum_turgidum,10,-2,0.00192193
OG0000216,Zea_mays,8,-1,0.402588
OG0000216,Sorghum_bicolor,12,3,0.0107669
OG0000216,Hordeum_vulgare,15,3,0.00333577
OG0000216,Triticum_aestivum,12,0,0.581566
OG0000216,Oryza_sativa,5,-3,0.0299029
OG0000216,Brachypodium_distachyon,14,3,0.0428159
OG0000219,Avena_sativa,0,-9,8.00E-12
OG0000219,Arabidopsis_thaliana,31,24,1.86E-09
OG0000219,Triticum_turgidum,4,-5,2.21E-09
OG0000219,Zea_mays,14,1,0.270304
OG0000219,Sorghum_bicolor,13,0,0.800244
OG0000219,Hordeum_vulgare,9,0,0.656923
OG0000219,Triticum_aestivum,9,0,0.563226
OG0000219,Oryza_sativa,19,6,0.00285503
OG0000219,Brachypodium_distachyon,22,10,3.42E-07
OG0000222,Avena_sativa,2,-5,6.70E-06
OG0000222,Arabidopsis_thaliana,1,-2,0.25291
OG0000222,Triticum_turgidum,16,2,0.00740719
OG0000222,Zea_mays,9,-2,0.0506
OG0000222,Sorghum_bicolor,22,11,2.75E-10
OG0000222,Hordeum_vulgare,9,0,0.656923
OG0000222,Triticum_aestivum,14,0,0.593119
OG0000222,Oryza_sativa,12,4,0.0125098
OG0000222,Brachypodium_distachyon,5,-2,0.0483209
OG0000223,Avena_sativa,12,2,0.118975
OG0000223,Arabidopsis_thaliana,3,-1,0.88845
OG0000223,Triticum_turgidum,8,-2,0.00132614
OG0000223,Zea_mays,11,-1,0.469493
OG0000223,Sorghum_bicolor,19,7,3.92E-06
OG0000223,Hordeum_vulgare,12,2,0.0284094
OG0000223,Triticum_aestivum,10,0,0.569479
OG0000223,Oryza_sativa,7,-2,0.237416
OG0000223,Brachypodium_distachyon,7,-2,0.141787
OG0000224,Avena_sativa,16,2,0.0949685
OG0000224,Arabidopsis_thaliana,4,1,0.40319
OG0000224,Triticum_turgidum,2,-3,2.48E-06
OG0000224,Zea_mays,0,-1,0.0693598
OG0000224,Sorghum_bicolor,1,0,0.54662
OG0000224,Hordeum_vulgare,53,39,1.66E-53
OG0000224,Triticum_aestivum,5,0,0.536738
OG0000224,Oryza_sativa,1,-2,0.0244268
OG0000224,Brachypodium_distachyon,12,0,0.838279
OG0000228,Avena_sativa,7,-2,0.0488686
OG0000228,Arabidopsis_thaliana,17,11,0.000204035
OG0000228,Triticum_turgidum,8,-3,3.77E-05
OG0000228,Zea_mays,3,-5,1.60E-05
OG0000228,Sorghum_bicolor,12,4,0.000764498
OG0000228,Hordeum_vulgare,11,0,0.680812
OG0000228,Triticum_aestivum,14,3,0.00012696
OG0000228,Oryza_sativa,5,-3,0.0299029
OG0000228,Brachypodium_distachyon,11,2,0.0717392
OG0000229,Avena_sativa,6,1,0.137871
OG0000229,Arabidopsis_thaliana,34,29,1.06E-12
OG0000229,Triticum_turgidum,14,0,0.593119
OG0000229,Zea_mays,2,-2,0.00765457
OG0000229,Sorghum_bicolor,7,3,0.00127647
OG0000229,Hordeum_vulgare,0,-5,3.97E-09
OG0000229,Triticum_aestivum,14,0,0.593119
OG0000229,Oryza_sativa,2,-2,0.041886
OG0000229,Brachypodium_distachyon,3,-1,0.314564
OG0000231,Avena_sativa,10,0,0.790444
OG0000231,Arabidopsis_thaliana,2,-1,0.614525
OG0000231,Triticum_turgidum,11,-2,0.00225798
OG0000231,Zea_mays,3,-2,0.0120803
OG0000231,Sorghum_bicolor,8,3,0.00235073
OG0000231,Hordeum_vulgare,19,6,1.00E-06
OG0000231,Triticum_aestivum,14,1,0.0499022
OG0000231,Oryza_sativa,2,-3,0.00934822
OG0000231,Brachypodium_distachyon,9,0,0.807448
OG0000234,Avena_sativa,8,0,0.762198
OG0000234,Arabidopsis_thaliana,6,2,0.203812
OG0000234,Triticum_turgidum,15,0,0.598703
OG0000234,Zea_mays,4,0,0.65174
OG0000234,Sorghum_bicolor,3,-1,0.231726
OG0000234,Hordeum_vulgare,10,0,0.669249
OG0000234,Triticum_aestivum,15,0,0.598703
OG0000234,Oryza_sativa,6,0,0.817115
OG0000234,Brachypodium_distachyon,9,1,0.256174
OG0000235,Avena_sativa,13,2,0.0671664
OG0000235,Arabidopsis_thaliana,1,-1,0.526493
OG0000235,Triticum_turgidum,10,-1,0.114708
OG0000235,Zea_mays,8,1,0.160055
OG0000235,Sorghum_bicolor,7,0,0.720859
OG0000235,Hordeum_vulgare,11,0,0.680812
OG0000235,Triticum_aestivum,12,1,0.0423002
OG0000235,Oryza_sativa,7,0,0.83346
OG0000235,Brachypodium_distachyon,7,-1,0.472747
OG0000237,Avena_sativa,12,3,0.016397
OG0000237,Arabidopsis_thaliana,1,0,0.756301
OG0000237,Triticum_turgidum,19,3,0.000375126
OG0000237,Zea_mays,0,-2,0.001522
OG0000237,Sorghum_bicolor,2,0,0.586825
OG0000237,Hordeum_vulgare,0,-9,2.56E-15
OG0000237,Triticum_aestivum,16,0,0.604164
OG0000237,Oryza_sativa,0,-2,0.0102411
OG0000237,Brachypodium_distachyon,9,0,0.807448
OG0000238,Avena_sativa,4,-5,6.64E-05
OG0000238,Arabidopsis_thaliana,2,-1,0.614525
OG0000238,Triticum_turgidum,14,0,0.593119
OG0000238,Zea_mays,5,-1,0.311624
OG0000238,Sorghum_bicolor,6,0,0.700838
OG0000238,Hordeum_vulgare,14,0,0.711442
OG0000238,Triticum_aestivum,16,2,0.00740719
OG0000238,Oryza_sativa,13,4,0.0171575
OG0000238,Brachypodium_distachyon,9,0,0.807448
OG0000243,Avena_sativa,4,-10,2.62E-10
OG0000243,Arabidopsis_thaliana,1,-2,0.25291
OG0000243,Triticum_turgidum,11,0,0.575591
OG0000243,Zea_mays,3,-7,5.30E-08
OG0000243,Sorghum_bicolor,11,1,0.218761
OG0000243,Hordeum_vulgare,37,22,7.81E-28
OG0000243,Triticum_aestivum,0,-11,7.41E-24
OG0000243,Oryza_sativa,22,8,0.000376474
OG0000243,Brachypodium_distachyon,25,10,6.75E-07
OG0000245,Avena_sativa,12,3,0.016397
OG0000245,Arabidopsis_thaliana,12,6,0.0209871
OG0000245,Triticum_turgidum,7,-1,0.0859113
OG0000245,Zea_mays,6,-2,0.0293429
OG0000245,Sorghum_bicolor,11,3,0.00804886
OG0000245,Hordeum_vulgare,8,0,0.643773
OG0000245,Triticum_aestivum,9,1,0.0308288
OG0000245,Oryza_sativa,6,-2,0.211716
OG0000245,Brachypodium_distachyon,9,0,0.807448
OG0000247,Avena_sativa,8,1,0.187227
OG0000247,Arabidopsis_thaliana,20,16,3.08E-07
OG0000247,Triticum_turgidum,14,0,0.593119
OG0000247,Zea_mays,1,0,0.54662
OG0000247,Sorghum_bicolor,1,0,0.54662
OG0000247,Hordeum_vulgare,5,-2,0.00547959
OG0000247,Triticum_aestivum,14,0,0.593119
OG0000247,Oryza_sativa,3,-1,0.421377
OG0000247,Brachypodium_distachyon,6,0,0.757034
OG0000248,Avena_sativa,8,0,0.762198
OG0000248,Arabidopsis_thaliana,8,3,0.10917
OG0000248,Triticum_turgidum,12,0,0.581566
OG0000248,Zea_mays,8,1,0.160055
OG0000248,Sorghum_bicolor,6,-1,0.345267
OG0000248,Hordeum_vulgare,10,0,0.669249
OG0000248,Triticum_aestivum,13,1,0.0461063
OG0000248,Oryza_sativa,5,-1,0.515014
OG0000248,Brachypodium_distachyon,6,-1,0.441729
OG0000253,Avena_sativa,9,1,0.210207
OG0000253,Arabidopsis_thaliana,7,3,0.0772611
OG0000253,Triticum_turgidum,12,0,0.581566
OG0000253,Zea_mays,3,0,0.621591
OG0000253,Sorghum_bicolor,3,0,0.621591
OG0000253,Hordeum_vulgare,9,0,0.656923
OG0000253,Triticum_aestivum,16,4,3.70E-06
OG0000253,Oryza_sativa,4,0,0.768135
OG0000253,Brachypodium_distachyon,5,-1,0.405807
OG0000254,Avena_sativa,8,0,0.762198
OG0000254,Arabidopsis_thaliana,7,2,0.258481
OG0000254,Triticum_turgidum,14,4,1.83E-06
OG0000254,Zea_mays,3,-4,0.000137509
OG0000254,Sorghum_bicolor,8,1,0.160055
OG0000254,Hordeum_vulgare,6,-2,0.007159
OG0000254,Triticum_aestivum,10,0,0.569479
OG0000254,Oryza_sativa,13,5,0.00241651
OG0000254,Brachypodium_distachyon,9,1,0.256174
OG0000255,Avena_sativa,0,-10,2.63E-13
OG0000255,Arabidopsis_thaliana,1,-2,0.25291
OG0000255,Triticum_turgidum,9,-1,0.1053
OG0000255,Zea_mays,15,0,0.816707
OG0000255,Sorghum_bicolor,16,1,0.300933
OG0000255,Hordeum_vulgare,10,0,0.669249
OG0000255,Triticum_aestivum,14,4,1.83E-06
OG0000255,Oryza_sativa,13,1,0.45701
OG0000255,Brachypodium_distachyon,14,3,0.0428159
OG0000257,Avena_sativa,7,0,0.744723
OG0000257,Arabidopsis_thaliana,5,1,0.477231
OG0000257,Triticum_turgidum,11,0,0.575591
OG0000257,Zea_mays,5,-2,0.0230299
OG0000257,Sorghum_bicolor,13,6,7.72E-06
OG0000257,Hordeum_vulgare,11,0,0.680812
OG0000257,Triticum_aestivum,12,1,0.0423002
OG0000257,Oryza_sativa,7,0,0.83346
OG0000257,Brachypodium_distachyon,7,0,0.77689
OG0000258,Avena_sativa,14,4,0.00286119
OG0000258,Arabidopsis_thaliana,1,-1,0.526493
OG0000258,Triticum_turgidum,8,-2,0.00132614
OG0000258,Zea_mays,6,-1,0.345267
OG0000258,Sorghum_bicolor,9,2,0.0546273
OG0000258,Hordeum_vulgare,10,0,0.669249
OG0000258,Triticum_aestivum,10,0,0.569479
OG0000258,Oryza_sativa,3,-3,0.0150785
OG0000258,Brachypodium_distachyon,8,0,0.793476
OG0000259,Avena_sativa,14,5,0.000227354
OG0000259,Arabidopsis_thaliana,1,-1,0.526493
OG0000259,Triticum_turgidum,10,0,0.569479
OG0000259,Zea_mays,6,0,0.700838
OG0000259,Sorghum_bicolor,6,0,0.700838
OG0000259,Hordeum_vulgare,8,-1,0.241789
OG0000259,Triticum_aestivum,12,2,0.00391994
OG0000259,Oryza_sativa,1,-4,0.000477172
OG0000259,Brachypodium_distachyon,7,0,0.77689
OG0000260,Avena_sativa,8,1,0.187227
OG0000260,Arabidopsis_thaliana,1,0,0.756301
OG0000260,Triticum_turgidum,1,-5,1.72E-10
OG0000260,Zea_mays,0,0,0.5
OG0000260,Sorghum_bicolor,0,0,0.5
OG0000260,Hordeum_vulgare,82,72,5.38E-108
OG0000260,Triticum_aestivum,6,0,0.54359
OG0000260,Oryza_sativa,0,-1,0.154715
OG0000260,Brachypodium_distachyon,0,-1,0.102088
OG0000263,Avena_sativa,14,3,0.0257862
OG0000263,Arabidopsis_thaliana,4,0,0.666893
OG0000263,Triticum_turgidum,6,-5,7.34E-09
OG0000263,Zea_mays,8,2,0.042575
OG0000263,Sorghum_bicolor,6,0,0.700838
OG0000263,Hordeum_vulgare,12,1,0.12173
OG0000263,Triticum_aestivum,11,0,0.575591
OG0000263,Oryza_sativa,2,-4,0.00222284
OG0000263,Brachypodium_distachyon,8,-1,0.499732
OG0000265,Avena_sativa,7,0,0.744723
OG0000265,Arabidopsis_thaliana,1,-1,0.526493
OG0000265,Triticum_turgidum,14,0,0.593119
OG0000265,Zea_mays,4,-1,0.273983
OG0000265,Sorghum_bicolor,6,1,0.116998
OG0000265,Hordeum_vulgare,8,0,0.643773
OG0000265,Triticum_aestivum,16,2,0.00740719
OG0000265,Oryza_sativa,5,0,0.79601
OG0000265,Brachypodium_distachyon,4,-1,0.363881
OG0000269,Avena_sativa,16,8,1.82E-07
OG0000269,Arabidopsis_thaliana,1,-1,0.526493
OG0000269,Triticum_turgidum,9,0,0.563226
OG0000269,Zea_mays,5,0,0.677962
OG0000269,Sorghum_bicolor,4,-1,0.273983
OG0000269,Hordeum_vulgare,1,-7,2.62E-11
OG0000269,Triticum_aestivum,12,3,7.03E-05
OG0000269,Oryza_sativa,4,-1,0.473385
OG0000269,Brachypodium_distachyon,7,0,0.77689
OG0000270,Avena_sativa,8,-1,0.443944
OG0000270,Arabidopsis_thaliana,4,0,0.666893
OG0000270,Triticum_turgidum,7,-2,0.00106735
OG0000270,Zea_mays,9,-1,0.427102
OG0000270,Sorghum_bicolor,13,3,0.0138666
OG0000270,Hordeum_vulgare,10,1,0.100627
OG0000270,Triticum_aestivum,10,1,0.0346607
OG0000270,Oryza_sativa,12,3,0.0722075
OG0000270,Brachypodium_distachyon,8,-1,0.499732
OG0000272,Avena_sativa,5,-2,0.0317366
OG0000272,Arabidopsis_thaliana,2,-1,0.614525
OG0000272,Triticum_turgidum,12,0,0.581566
OG0000272,Zea_mays,7,0,0.720859
OG0000272,Sorghum_bicolor,8,1,0.160055
OG0000272,Hordeum_vulgare,14,2,0.03856
OG0000272,Triticum_aestivum,13,1,0.0461063
OG0000272,Oryza_sativa,6,-1,0.548957
OG0000272,Brachypodium_distachyon,7,0,0.77689
OG0000273,Avena_sativa,10,3,0.00894349
OG0000273,Arabidopsis_thaliana,15,9,0.00191328
OG0000273,Triticum_turgidum,6,0,0.54359
OG0000273,Zea_mays,9,0,0.753927
OG0000273,Sorghum_bicolor,13,4,0.00113468
OG0000273,Hordeum_vulgare,6,0,0.614742
OG0000273,Triticum_aestivum,7,1,0.0231449
OG0000273,Oryza_sativa,7,0,0.83346
OG0000273,Brachypodium_distachyon,7,0,0.77689
OG0000274,Avena_sativa,6,-2,0.0400737
OG0000274,Arabidopsis_thaliana,5,1,0.477231
OG0000274,Triticum_turgidum,10,-1,0.114708
OG0000274,Zea_mays,6,-1,0.345267
OG0000274,Sorghum_bicolor,12,5,4.00E-05
OG0000274,Hordeum_vulgare,12,1,0.12173
OG0000274,Triticum_aestivum,11,0,0.575591
OG0000274,Oryza_sativa,6,-1,0.548957
OG0000274,Brachypodium_distachyon,9,1,0.256174
OG0000275,Avena_sativa,10,1,0.232043
OG0000275,Arabidopsis_thaliana,2,-1,0.614525
OG0000275,Triticum_turgidum,10,1,0.0346607
OG0000275,Zea_mays,10,-1,0.449309
OG0000275,Sorghum_bicolor,18,7,5.92E-06
OG0000275,Hordeum_vulgare,9,0,0.656923
OG0000275,Triticum_aestivum,8,-1,0.0957027
OG0000275,Oryza_sativa,5,-3,0.0299029
OG0000275,Brachypodium_distachyon,7,-1,0.472747
OG0000278,Avena_sativa,12,3,0.016397
OG0000278,Arabidopsis_thaliana,11,6,0.0115419
OG0000278,Triticum_turgidum,8,0,0.55683
OG0000278,Zea_mays,2,-1,0.18413
OG0000278,Sorghum_bicolor,3,0,0.621591
OG0000278,Hordeum_vulgare,8,0,0.643773
OG0000278,Triticum_aestivum,9,1,0.0308288
OG0000278,Oryza_sativa,6,0,0.817115
OG0000278,Brachypodium_distachyon,11,2,0.0717392
OG0000284,Avena_sativa,14,5,0.000227354
OG0000284,Arabidopsis_thaliana,1,0,0.756301
OG0000284,Triticum_turgidum,10,0,0.569479
OG0000284,Zea_mays,1,-1,0.130342
OG0000284,Sorghum_bicolor,3,1,0.0476668
OG0000284,Hordeum_vulgare,9,0,0.656923
OG0000284,Triticum_aestivum,13,3,9.60E-05
OG0000284,Oryza_sativa,1,-1,0.268992
OG0000284,Brachypodium_distachyon,4,-1,0.363881
OG0000286,Avena_sativa,7,0,0.744723
OG0000286,Arabidopsis_thaliana,1,-1,0.526493
OG0000286,Triticum_turgidum,16,2,0.00740719
OG0000286,Zea_mays,0,-2,0.001522
OG0000286,Sorghum_bicolor,2,0,0.586825
OG0000286,Hordeum_vulgare,10,0,0.669249
OG0000286,Triticum_aestivum,14,0,0.593119
OG0000286,Oryza_sativa,4,0,0.768135
OG0000286,Brachypodium_distachyon,7,0,0.77689
OG0000287,Avena_sativa,6,0,0.724415
OG0000287,Arabidopsis_thaliana,5,1,0.477231
OG0000287,Triticum_turgidum,10,0,0.569479
OG0000287,Zea_mays,6,-2,0.0293429
OG0000287,Sorghum_bicolor,14,6,6.02E-06
OG0000287,Hordeum_vulgare,6,0,0.614742
OG0000287,Triticum_aestivum,13,3,9.60E-05
OG0000287,Oryza_sativa,12,5,0.00154696
OG0000287,Brachypodium_distachyon,2,-4,0.00038373
OG0000288,Avena_sativa,7,0,0.744723
OG0000288,Arabidopsis_thaliana,12,7,0.00643576
OG0000288,Triticum_turgidum,10,0,0.569479
OG0000288,Zea_mays,2,-4,7.21E-05
OG0000288,Sorghum_bicolor,8,2,0.042575
OG0000288,Hordeum_vulgare,6,-1,0.198439
OG0000288,Triticum_aestivum,12,2,0.00391994
OG0000288,Oryza_sativa,5,-1,0.515014
OG0000288,Brachypodium_distachyon,8,1,0.229751
OG0000289,Avena_sativa,11,2,0.103275
OG0000289,Arabidopsis_thaliana,2,-1,0.614525
OG0000289,Triticum_turgidum,8,-1,0.0957027
OG0000289,Zea_mays,3,-2,0.0120803
OG0000289,Sorghum_bicolor,7,2,0.0312902
OG0000289,Hordeum_vulgare,9,0,0.656923
OG0000289,Triticum_aestivum,14,5,1.92E-08
OG0000289,Oryza_sativa,4,-1,0.473385
OG0000289,Brachypodium_distachyon,6,-1,0.441729
OG0000291,Avena_sativa,10,3,0.00894349
OG0000291,Arabidopsis_thaliana,14,8,0.00341691
OG0000291,Triticum_turgidum,4,-1,0.0553244
OG0000291,Zea_mays,9,-1,0.427102
OG0000291,Sorghum_bicolor,19,9,1.55E-08
OG0000291,Hordeum_vulgare,3,-2,0.00272496
OG0000291,Triticum_aestivum,7,2,0.00100311
OG0000291,Oryza_sativa,7,0,0.83346
OG0000291,Brachypodium_distachyon,6,-1,0.441729
OG0000292,Avena_sativa,7,-1,0.41649
OG0000292,Arabidopsis_thaliana,1,-2,0.25291
OG0000292,Triticum_turgidum,12,0,0.581566
OG0000292,Zea_mays,6,-2,0.0293429
OG0000292,Sorghum_bicolor,14,6,6.02E-06
OG0000292,Hordeum_vulgare,0,-8,5.67E-14
OG0000292,Triticum_aestivum,12,0,0.581566
OG0000292,Oryza_sativa,9,1,0.361068
OG0000292,Brachypodium_distachyon,8,0,0.793476
OG0000293,Avena_sativa,7,-2,0.0488686
OG0000293,Arabidopsis_thaliana,1,-2,0.25291
OG0000293,Triticum_turgidum,10,0,0.569479
OG0000293,Zea_mays,11,0,0.779767
OG0000293,Sorghum_bicolor,11,0,0.779767
OG0000293,Hordeum_vulgare,10,0,0.669249
OG0000293,Triticum_aestivum,9,-1,0.1053
OG0000293,Oryza_sativa,7,-2,0.237416
OG0000293,Brachypodium_distachyon,9,0,0.807448
OG0000295,Avena_sativa,8,0,0.762198
OG0000295,Arabidopsis_thaliana,2,-1,0.614525
OG0000295,Triticum_turgidum,11,0,0.575591
OG0000295,Zea_mays,4,-1,0.273983
OG0000295,Sorghum_bicolor,7,2,0.0312902
OG0000295,Hordeum_vulgare,11,0,0.680812
OG0000295,Triticum_aestivum,12,1,0.0423002
OG0000295,Oryza_sativa,1,-4,0.000477172
OG0000295,Brachypodium_distachyon,9,1,0.256174
OG0000298,Avena_sativa,8,0,0.762198
OG0000298,Arabidopsis_thaliana,5,1,0.477231
OG0000298,Triticum_turgidum,10,-1,0.114708
OG0000298,Zea_mays,9,4,0.000157622
OG0000298,Sorghum_bicolor,2,-3,0.00071883
OG0000298,Hordeum_vulgare,14,3,0.00264703
OG0000298,Triticum_aestivum,11,0,0.575591
OG0000298,Oryza_sativa,3,-2,0.0612592
OG0000298,Brachypodium_distachyon,6,0,0.757034
OG0000299,Avena_sativa,9,0,0.777309
OG0000299,Arabidopsis_thaliana,12,8,0.000921693
OG0000299,Triticum_turgidum,11,1,0.0384848
OG0000299,Zea_mays,2,-2,0.00765457
OG0000299,Sorghum_bicolor,4,0,0.65174
OG0000299,Hordeum_vulgare,13,3,0.0020474
OG0000299,Triticum_aestivum,8,-2,0.00132614
OG0000299,Oryza_sativa,4,-1,0.473385
OG0000299,Brachypodium_distachyon,6,-1,0.441729
OG0000300,Avena_sativa,7,1,0.163104
OG0000300,Arabidopsis_thaliana,14,9,0.000682945
OG0000300,Triticum_turgidum,11,0,0.575591
OG0000300,Zea_mays,5,0,0.677962
OG0000300,Sorghum_bicolor,6,1,0.116998
OG0000300,Hordeum_vulgare,0,-6,1.45E-10
OG0000300,Triticum_aestivum,13,2,0.00470293
OG0000300,Oryza_sativa,3,-2,0.0612592
OG0000300,Brachypodium_distachyon,6,0,0.757034
OG0000301,Avena_sativa,12,4,0.00139317
OG0000301,Arabidopsis_thaliana,4,1,0.40319
OG0000301,Triticum_turgidum,10,0,0.569479
OG0000301,Zea_mays,2,-2,0.00765457
OG0000301,Sorghum_bicolor,5,1,0.0944197
OG0000301,Hordeum_vulgare,4,-4,1.18E-05
OG0000301,Triticum_aestivum,11,1,0.0384848
OG0000301,Oryza_sativa,2,-2,0.041886
OG0000301,Brachypodium_distachyon,8,0,0.793476
OG0000302,Avena_sativa,8,0,0.762198
OG0000302,Arabidopsis_thaliana,2,0,0.83681
OG0000302,Triticum_turgidum,10,-2,0.00192193
OG0000302,Zea_mays,2,0,0.586825
OG0000302,Sorghum_bicolor,2,0,0.586825
OG0000302,Hordeum_vulgare,20,8,3.84E-09
OG0000302,Triticum_aestivum,12,0,0.581566
OG0000302,Oryza_sativa,3,0,0.730477
OG0000302,Brachypodium_distachyon,6,0,0.757034
OG0000303,Avena_sativa,4,0,0.672871
OG0000303,Arabidopsis_thaliana,2,0,0.83681
OG0000303,Triticum_turgidum,14,0,0.593119
OG0000303,Zea_mays,10,4,0.000289177
OG0000303,Sorghum_bicolor,6,0,0.700838
OG0000303,Hordeum_vulgare,8,0,0.643773
OG0000303,Triticum_aestivum,15,1,0.0536873
OG0000303,Oryza_sativa,3,-1,0.421377
OG0000303,Brachypodium_distachyon,4,0,0.703899
OG0000307,Avena_sativa,0,-8,7.77E-11
OG0000307,Arabidopsis_thaliana,1,-1,0.526493
OG0000307,Triticum_turgidum,11,-2,0.00225798
OG0000307,Zea_mays,3,-4,0.000137509
OG0000307,Sorghum_bicolor,8,1,0.160055
OG0000307,Hordeum_vulgare,15,2,0.0439271
OG0000307,Triticum_aestivum,15,2,0.00644885
OG0000307,Oryza_sativa,11,3,0.0582235
OG0000307,Brachypodium_distachyon,8,0,0.793476
OG0000308,Avena_sativa,7,0,0.744723
OG0000308,Arabidopsis_thaliana,3,0,0.871099
OG0000308,Triticum_turgidum,10,0,0.569479
OG0000308,Zea_mays,3,0,0.621591
OG0000308,Sorghum_bicolor,2,-1,0.18413
OG0000308,Hordeum_vulgare,10,0,0.669249
OG0000308,Triticum_aestivum,15,5,3.09E-08
OG0000308,Oryza_sativa,4,0,0.768135
OG0000308,Brachypodium_distachyon,4,-1,0.363881
OG0000313,Avena_sativa,9,0,0.777309
OG0000313,Arabidopsis_thaliana,4,0,0.666893
OG0000313,Triticum_turgidum,8,-1,0.0957027
OG0000313,Zea_mays,8,1,0.160055
OG0000313,Sorghum_bicolor,6,-1,0.345267
OG0000313,Hordeum_vulgare,11,2,0.0236902
OG0000313,Triticum_aestivum,9,0,0.563226
OG0000313,Oryza_sativa,5,-2,0.184242
OG0000313,Brachypodium_distachyon,8,0,0.793476
OG0000314,Avena_sativa,10,2,0.0875273
OG0000314,Arabidopsis_thaliana,5,1,0.477231
OG0000314,Triticum_turgidum,10,2,0.00254591
OG0000314,Zea_mays,3,-3,0.00128946
OG0000314,Sorghum_bicolor,6,0,0.700838
OG0000314,Hordeum_vulgare,8,0,0.643773
OG0000314,Triticum_aestivum,8,0,0.55683
OG0000314,Oryza_sativa,6,0,0.817115
OG0000314,Brachypodium_distachyon,7,0,0.77689
OG0000316,Avena_sativa,10,0,0.790444
OG0000316,Arabidopsis_thaliana,1,-1,0.526493
OG0000316,Triticum_turgidum,10,0,0.569479
OG0000316,Zea_mays,3,-2,0.0120803
OG0000316,Sorghum_bicolor,9,4,0.000157622
OG0000316,Hordeum_vulgare,10,0,0.669249
OG0000316,Triticum_aestivum,8,-2,0.00132614
OG0000316,Oryza_sativa,2,-3,0.00934822
OG0000316,Brachypodium_distachyon,10,0,0.819319
OG0000317,Avena_sativa,4,-1,0.310606
OG0000317,Arabidopsis_thaliana,6,2,0.203812
OG0000317,Triticum_turgidum,7,0,0.550286
OG0000317,Zea_mays,36,29,2.27E-33
OG0000317,Sorghum_bicolor,1,-6,8.33E-08
OG0000317,Hordeum_vulgare,17,10,1.19E-13
OG0000317,Triticum_aestivum,6,-1,0.075921
OG0000317,Oryza_sativa,4,-1,0.473385
OG0000317,Brachypodium_distachyon,5,0,0.733066
OG0000321,Avena_sativa,7,0,0.744723
OG0000321,Arabidopsis_thaliana,2,-1,0.614525
OG0000321,Triticum_turgidum,10,1,0.0346607
OG0000321,Zea_mays,7,-1,0.375438
OG0000321,Sorghum_bicolor,15,7,8.18E-07
OG0000321,Hordeum_vulgare,9,0,0.656923
OG0000321,Triticum_aestivum,8,-1,0.0957027
OG0000321,Oryza_sativa,3,-3,0.0150785
OG0000321,Brachypodium_distachyon,7,0,0.77689
OG0000322,Avena_sativa,10,2,0.0875273
OG0000322,Arabidopsis_thaliana,2,0,0.83681
OG0000322,Triticum_turgidum,10,0,0.569479
OG0000322,Zea_mays,3,0,0.621591
OG0000322,Sorghum_bicolor,2,-1,0.18413
OG0000322,Hordeum_vulgare,9,0,0.656923
OG0000322,Triticum_aestivum,13,3,9.60E-05
OG0000322,Oryza_sativa,2,-1,0.355122
OG0000322,Brachypodium_distachyon,3,-1,0.314564
OG0000323,Avena_sativa,9,1,0.210207
OG0000323,Arabidopsis_thaliana,7,2,0.258481
OG0000323,Triticum_turgidum,8,0,0.55683
OG0000323,Zea_mays,6,-2,0.0293429
OG0000323,Sorghum_bicolor,11,3,0.00804886
OG0000323,Hordeum_vulgare,4,-4,1.18E-05
OG0000323,Triticum_aestivum,8,0,0.55683
OG0000323,Oryza_sativa,7,0,0.83346
OG0000323,Brachypodium_distachyon,9,1,0.256174
OG0000324,Avena_sativa,6,0,0.724415
OG0000324,Arabidopsis_thaliana,6,2,0.203812
OG0000324,Triticum_turgidum,12,1,0.0423002
OG0000324,Zea_mays,4,-1,0.273983
OG0000324,Sorghum_bicolor,8,3,0.00235073
OG0000324,Hordeum_vulgare,16,5,8.59E-06
OG0000324,Triticum_aestivum,9,-2,0.00161116
OG0000324,Oryza_sativa,5,0,0.79601
OG0000324,Brachypodium_distachyon,4,-1,0.363881
OG0000328,Avena_sativa,7,-1,0.41649
OG0000328,Arabidopsis_thaliana,2,-1,0.614525
OG0000328,Triticum_turgidum,10,0,0.569479
OG0000328,Zea_mays,6,0,0.700838
OG0000328,Sorghum_bicolor,6,0,0.700838
OG0000328,Hordeum_vulgare,9,0,0.656923
OG0000328,Triticum_aestivum,10,0,0.569479
OG0000328,Oryza_sativa,3,-3,0.0150785
OG0000328,Brachypodium_distachyon,12,4,0.00305764
OG0000329,Avena_sativa,8,0,0.762198
OG0000329,Arabidopsis_thaliana,2,0,0.83681
OG0000329,Triticum_turgidum,12,0,0.581566
OG0000329,Zea_mays,1,0,0.54662
OG0000329,Sorghum_bicolor,1,0,0.54662
OG0000329,Hordeum_vulgare,9,0,0.656923
OG0000329,Triticum_aestivum,14,2,0.00554668
OG0000329,Oryza_sativa,4,0,0.768135
OG0000329,Brachypodium_distachyon,5,-1,0.405807
OG0000330,Avena_sativa,8,0,0.762198
OG0000330,Arabidopsis_thaliana,7,2,0.258481
OG0000330,Triticum_turgidum,7,-2,0.00106735
OG0000330,Zea_mays,5,0,0.677962
OG0000330,Sorghum_bicolor,5,0,0.677962
OG0000330,Hordeum_vulgare,11,2,0.0236902
OG0000330,Triticum_aestivum,10,1,0.0346607
OG0000330,Oryza_sativa,7,0,0.83346
OG0000330,Brachypodium_distachyon,7,0,0.77689
OG0000331,Avena_sativa,6,-2,0.0400737
OG0000331,Arabidopsis_thaliana,3,-1,0.88845
OG0000331,Triticum_turgidum,8,0,0.55683
OG0000331,Zea_mays,11,0,0.779767
OG0000331,Sorghum_bicolor,12,1,0.236721
OG0000331,Hordeum_vulgare,10,2,0.019257
OG0000331,Triticum_aestivum,8,0,0.55683
OG0000331,Oryza_sativa,9,1,0.361068
OG0000331,Brachypodium_distachyon,7,-1,0.472747
OG0000332,Avena_sativa,10,1,0.232043
OG0000332,Arabidopsis_thaliana,3,0,0.871099
OG0000332,Triticum_turgidum,4,-5,2.21E-09
OG0000332,Zea_mays,7,0,0.720859
OG0000332,Sorghum_bicolor,7,0,0.720859
OG0000332,Hordeum_vulgare,9,0,0.656923
OG0000332,Triticum_aestivum,11,2,0.00320011
OG0000332,Oryza_sativa,7,0,0.83346
OG0000332,Brachypodium_distachyon,6,-1,0.441729
OG0000333,Avena_sativa,6,-2,0.0400737
OG0000333,Arabidopsis_thaliana,7,2,0.258481
OG0000333,Triticum_turgidum,10,2,0.00254591
OG0000333,Zea_mays,3,-5,1.60E-05
OG0000333,Sorghum_bicolor,15,7,8.18E-07
OG0000333,Hordeum_vulgare,8,0,0.643773
OG0000333,Triticum_aestivum,7,-1,0.0859113
OG0000333,Oryza_sativa,9,1,0.361068
OG0000333,Brachypodium_distachyon,9,1,0.256174
OG0000336,Avena_sativa,8,0,0.762198
OG0000336,Arabidopsis_thaliana,4,0,0.666893
OG0000336,Triticum_turgidum,8,-1,0.0957027
OG0000336,Zea_mays,5,-1,0.311624
OG0000336,Sorghum_bicolor,7,1,0.138898
OG0000336,Hordeum_vulgare,11,2,0.0236902
OG0000336,Triticum_aestivum,9,0,0.563226
OG0000336,Oryza_sativa,6,0,0.817115
OG0000336,Brachypodium_distachyon,7,0,0.77689
OG0000337,Avena_sativa,9,1,0.210207
OG0000337,Arabidopsis_thaliana,5,1,0.477231
OG0000337,Triticum_turgidum,7,-2,0.00106735
OG0000337,Zea_mays,6,0,0.700838
OG0000337,Sorghum_bicolor,6,0,0.700838
OG0000337,Hordeum_vulgare,11,2,0.0236902
OG0000337,Triticum_aestivum,10,1,0.0346607
OG0000337,Oryza_sativa,5,-1,0.515014
OG0000337,Brachypodium_distachyon,3,-3,0.00428772
OG0000338,Avena_sativa,5,-1,0.350496
OG0000338,Arabidopsis_thaliana,8,3,0.10917
OG0000338,Triticum_turgidum,9,0,0.563226
OG0000338,Zea_mays,8,0,0.738439
OG0000338,Sorghum_bicolor,10,2,0.0672012
OG0000338,Hordeum_vulgare,9,0,0.656923
OG0000338,Triticum_aestivum,10,1,0.0346607
OG0000338,Oryza_sativa,4,-2,0.155086
OG0000338,Brachypodium_distachyon,6,0,0.757034
OG0000339,Avena_sativa,6,-1,0.385545
OG0000339,Arabidopsis_thaliana,1,-1,0.526493
OG0000339,Triticum_turgidum,8,-1,0.0957027
OG0000339,Zea_mays,4,-2,0.0172425
OG0000339,Sorghum_bicolor,6,0,0.700838
OG0000339,Hordeum_vulgare,9,0,0.656923
OG0000339,Triticum_aestivum,13,4,1.22E-06
OG0000339,Oryza_sativa,7,1,0.294687
OG0000339,Brachypodium_distachyon,7,0,0.77689
OG0000344,Avena_sativa,2,-1,0.212567
OG0000344,Arabidopsis_thaliana,1,-2,0.25291
OG0000344,Triticum_turgidum,2,1,0.00386114
OG0000344,Zea_mays,14,3,0.0173229
OG0000344,Sorghum_bicolor,2,-9,6.45E-11
OG0000344,Hordeum_vulgare,0,-1,0.0337031
OG0000344,Triticum_aestivum,0,-1,0.0115245
OG0000344,Oryza_sativa,59,46,4.17E-34
OG0000344,Brachypodium_distachyon,20,9,6.97E-07
OG0000345,Avena_sativa,6,0,0.724415
OG0000345,Arabidopsis_thaliana,1,-1,0.526493
OG0000345,Triticum_turgidum,10,0,0.569479
OG0000345,Zea_mays,4,-2,0.0172425
OG0000345,Sorghum_bicolor,11,5,2.23E-05
OG0000345,Hordeum_vulgare,7,0,0.629736
OG0000345,Triticum_aestivum,12,2,0.00391994
OG0000345,Oryza_sativa,6,0,0.817115
OG0000345,Brachypodium_distachyon,3,-3,0.00428772
OG0000351,Avena_sativa,16,5,0.00049593
OG0000351,Arabidopsis_thaliana,1,-1,0.526493
OG0000351,Triticum_turgidum,0,0,0.5
OG0000351,Zea_mays,0,-1,0.0693598
OG0000351,Sorghum_bicolor,1,0,0.54662
OG0000351,Hordeum_vulgare,39,28,1.63E-38
OG0000351,Triticum_aestivum,0,0,0.5
OG0000351,Oryza_sativa,7,1,0.294687
OG0000351,Brachypodium_distachyon,9,0,0.807448
OG0000352,Avena_sativa,9,1,0.210207
OG0000352,Arabidopsis_thaliana,1,-1,0.526493
OG0000352,Triticum_turgidum,11,0,0.575591
OG0000352,Zea_mays,2,-1,0.18413
OG0000352,Sorghum_bicolor,4,1,0.0712625
OG0000352,Hordeum_vulgare,7,-1,0.220724
OG0000352,Triticum_aestivum,11,0,0.575591
OG0000352,Oryza_sativa,1,-2,0.0244268
OG0000352,Brachypodium_distachyon,7,0,0.77689
OG0000360,Avena_sativa,14,7,1.09E-06
OG0000360,Arabidopsis_thaliana,3,0,0.871099
OG0000360,Triticum_turgidum,8,0,0.55683
OG0000360,Zea_mays,2,-1,0.18413
OG0000360,Sorghum_bicolor,3,0,0.621591
OG0000360,Hordeum_vulgare,6,-1,0.198439
OG0000360,Triticum_aestivum,10,2,0.00254591
OG0000360,Oryza_sativa,1,-2,0.0244268
OG0000360,Brachypodium_distachyon,3,-1,0.314564
OG0000361,Avena_sativa,6,-2,0.0400737
OG0000361,Arabidopsis_thaliana,3,0,0.871099
OG0000361,Triticum_turgidum,8,0,0.55683
OG0000361,Zea_mays,7,-1,0.375438
OG0000361,Sorghum_bicolor,9,1,0.180429
OG0000361,Hordeum_vulgare,10,2,0.019257
OG0000361,Triticum_aestivum,8,0,0.55683
OG0000361,Oryza_sativa,7,0,0.83346
OG0000361,Brachypodium_distachyon,10,2,0.122536
OG0000362,Avena_sativa,12,3,0.016397
OG0000362,Arabidopsis_thaliana,2,-1,0.614525
OG0000362,Triticum_turgidum,5,-2,0.000630433
OG0000362,Zea_mays,2,-2,0.00765457
OG0000362,Sorghum_bicolor,6,2,0.0210788
OG0000362,Hordeum_vulgare,6,-1,0.198439
OG0000362,Triticum_aestivum,8,1,0.0269899
OG0000362,Oryza_sativa,3,-2,0.0612592
OG0000362,Brachypodium_distachyon,15,6,8.32E-05
OG0000363,Avena_sativa,9,1,0.210207
OG0000363,Arabidopsis_thaliana,1,-1,0.526493
OG0000363,Triticum_turgidum,7,-2,0.00106735
OG0000363,Zea_mays,5,-1,0.311624
OG0000363,Sorghum_bicolor,8,2,0.042575
OG0000363,Hordeum_vulgare,12,3,0.00153517
OG0000363,Triticum_aestivum,9,0,0.563226
OG0000363,Oryza_sativa,7,1,0.294687
OG0000363,Brachypodium_distachyon,3,-4,0.000694313
OG0000364,Avena_sativa,5,-1,0.350496
OG0000364,Arabidopsis_thaliana,2,-1,0.614525
OG0000364,Triticum_turgidum,10,0,0.569479
OG0000364,Zea_mays,8,0,0.738439
OG0000364,Sorghum_bicolor,9,1,0.180429
OG0000364,Hordeum_vulgare,8,0,0.643773
OG0000364,Triticum_aestivum,10,0,0.569479
OG0000364,Oryza_sativa,9,2,0.0989371
OG0000364,Brachypodium_distachyon,4,-2,0.0370891
OG0000365,Avena_sativa,13,6,1.85E-05
OG0000365,Arabidopsis_thaliana,3,0,0.871099
OG0000365,Triticum_turgidum,8,0,0.55683
OG0000365,Zea_mays,4,0,0.65174
OG0000365,Sorghum_bicolor,3,-1,0.231726
OG0000365,Hordeum_vulgare,6,-1,0.198439
OG0000365,Triticum_aestivum,8,0,0.55683
OG0000365,Oryza_sativa,3,-1,0.421377
OG0000365,Brachypodium_distachyon,4,-1,0.363881
OG0000366,Avena_sativa,8,1,0.187227
OG0000366,Arabidopsis_thaliana,5,1,0.477231
OG0000366,Triticum_turgidum,8,0,0.55683
OG0000366,Zea_mays,4,-1,0.273983
OG0000366,Sorghum_bicolor,6,1,0.116998
OG0000366,Hordeum_vulgare,6,-1,0.198439
OG0000366,Triticum_aestivum,10,2,0.00254591
OG0000366,Oryza_sativa,5,0,0.79601
OG0000366,Brachypodium_distachyon,7,0,0.77689
OG0000370,Avena_sativa,3,0,0.640072
OG0000370,Arabidopsis_thaliana,1,0,0.756301
OG0000370,Triticum_turgidum,14,0,0.593119
OG0000370,Zea_mays,11,9,5.91E-12
OG0000370,Sorghum_bicolor,1,-1,0.130342
OG0000370,Hordeum_vulgare,7,0,0.629736
OG0000370,Triticum_aestivum,15,1,0.0536873
OG0000370,Oryza_sativa,0,-2,0.0102411
OG0000370,Brachypodium_distachyon,1,-1,0.186225
OG0000371,Avena_sativa,7,0,0.744723
OG0000371,Arabidopsis_thaliana,4,1,0.40319
OG0000371,Triticum_turgidum,9,-1,0.1053
OG0000371,Zea_mays,2,-2,0.00765457
OG0000371,Sorghum_bicolor,5,1,0.0944197
OG0000371,Hordeum_vulgare,11,1,0.111257
OG0000371,Triticum_aestivum,12,2,0.00391994
OG0000371,Oryza_sativa,2,-2,0.041886
OG0000371,Brachypodium_distachyon,3,-1,0.314564
OG0000372,Avena_sativa,8,1,0.187227
OG0000372,Arabidopsis_thaliana,1,-1,0.526493
OG0000372,Triticum_turgidum,8,0,0.55683
OG0000372,Zea_mays,4,-2,0.0172425
OG0000372,Sorghum_bicolor,6,0,0.700838
OG0000372,Hordeum_vulgare,7,0,0.629736
OG0000372,Triticum_aestivum,10,2,0.00254591
OG0000372,Oryza_sativa,9,3,0.0325743
OG0000372,Brachypodium_distachyon,4,-2,0.0370891
OG0000375,Avena_sativa,1,-8,1.01E-09
OG0000375,Arabidopsis_thaliana,1,0,0.756301
OG0000375,Triticum_turgidum,0,-12,2.43E-26
OG0000375,Zea_mays,0,-1,0.0693598
OG0000375,Sorghum_bicolor,1,0,0.54662
OG0000375,Hordeum_vulgare,20,8,3.84E-09
OG0000375,Triticum_aestivum,15,3,0.000163677
OG0000375,Oryza_sativa,2,0,0.678483
OG0000375,Brachypodium_distachyon,27,18,6.09E-16
OG0000376,Avena_sativa,7,0,0.744723
OG0000376,Arabidopsis_thaliana,9,6,0.00314982
OG0000376,Triticum_turgidum,9,-1,0.1053
OG0000376,Zea_mays,0,-1,0.0693598
OG0000376,Sorghum_bicolor,1,0,0.54662
OG0000376,Hordeum_vulgare,11,1,0.111257
OG0000376,Triticum_aestivum,12,2,0.00391994
OG0000376,Oryza_sativa,2,0,0.678483
OG0000376,Brachypodium_distachyon,3,-1,0.314564
OG0000377,Avena_sativa,7,0,0.744723
OG0000377,Arabidopsis_thaliana,4,0,0.666893
OG0000377,Triticum_turgidum,6,-2,0.000835287
OG0000377,Zea_mays,8,0,0.738439
OG0000377,Sorghum_bicolor,8,0,0.738439
OG0000377,Hordeum_vulgare,9,1,0.0898505
OG0000377,Triticum_aestivum,10,2,0.00254591
OG0000377,Oryza_sativa,4,-3,0.0219957
OG0000377,Brachypodium_distachyon,7,0,0.77689
OG0000378,Avena_sativa,9,2,0.0719146
OG0000378,Arabidopsis_thaliana,3,0,0.871099
OG0000378,Triticum_turgidum,9,0,0.563226
OG0000378,Zea_mays,2,0,0.586825
OG0000378,Sorghum_bicolor,2,0,0.586825
OG0000378,Hordeum_vulgare,8,0,0.643773
OG0000378,Triticum_aestivum,12,3,7.03E-05
OG0000378,Oryza_sativa,3,0,0.730477
OG0000378,Brachypodium_distachyon,2,-1,0.256093
OG0000379,Avena_sativa,4,-1,0.310606
OG0000379,Arabidopsis_thaliana,1,-1,0.526493
OG0000379,Triticum_turgidum,10,0,0.569479
OG0000379,Zea_mays,2,-3,0.00071883
OG0000379,Sorghum_bicolor,8,3,0.00235073
OG0000379,Hordeum_vulgare,18,8,9.59E-10
OG0000379,Triticum_aestivum,10,0,0.569479
OG0000379,Oryza_sativa,6,1,0.255402
OG0000379,Brachypodium_distachyon,4,-1,0.363881
OG0000383,Avena_sativa,6,-1,0.385545
OG0000383,Arabidopsis_thaliana,3,0,0.871099
OG0000383,Triticum_turgidum,8,-1,0.0957027
OG0000383,Zea_mays,3,-1,0.231726
OG0000383,Sorghum_bicolor,4,0,0.65174
OG0000383,Hordeum_vulgare,10,1,0.100627
OG0000383,Triticum_aestivum,11,2,0.00320011
OG0000383,Oryza_sativa,5,0,0.79601
OG0000383,Brachypodium_distachyon,7,0,0.77689
OG0000384,Avena_sativa,6,0,0.724415
OG0000384,Arabidopsis_thaliana,2,0,0.83681
OG0000384,Triticum_turgidum,12,0,0.581566
OG0000384,Zea_mays,2,0,0.586825
OG0000384,Sorghum_bicolor,2,0,0.586825
OG0000384,Hordeum_vulgare,7,0,0.629736
OG0000384,Triticum_aestivum,12,0,0.581566
OG0000384,Oryza_sativa,7,2,0.124417
OG0000384,Brachypodium_distachyon,2,-3,0.00249472
OG0000385,Avena_sativa,10,1,0.232043
OG0000385,Arabidopsis_thaliana,1,-1,0.526493
OG0000385,Triticum_turgidum,8,-2,0.00132614
OG0000385,Zea_mays,3,0,0.621591
OG0000385,Sorghum_bicolor,3,0,0.621591
OG0000385,Hordeum_vulgare,12,2,0.0284094
OG0000385,Triticum_aestivum,10,0,0.569479
OG0000385,Oryza_sativa,3,0,0.730477
OG0000385,Brachypodium_distachyon,3,-1,0.314564
OG0000386,Avena_sativa,9,1,0.210207
OG0000386,Arabidopsis_thaliana,1,-1,0.526493
OG0000386,Triticum_turgidum,6,-3,1.96E-05
OG0000386,Zea_mays,3,0,0.621591
OG0000386,Sorghum_bicolor,2,-1,0.18413
OG0000386,Hordeum_vulgare,10,1,0.100627
OG0000386,Triticum_aestivum,11,2,0.00320011
OG0000386,Oryza_sativa,6,0,0.817115
OG0000386,Brachypodium_distachyon,6,0,0.757034
OG0000387,Avena_sativa,4,0,0.672871
OG0000387,Arabidopsis_thaliana,5,2,0.142253
OG0000387,Triticum_turgidum,15,3,0.000163677
OG0000387,Zea_mays,1,-2,0.00408936
OG0000387,Sorghum_bicolor,4,1,0.0712625
OG0000387,Hordeum_vulgare,4,-1,0.149855
OG0000387,Triticum_aestivum,12,0,0.581566
OG0000387,Oryza_sativa,3,0,0.730477
OG0000387,Brachypodium_distachyon,3,0,0.668125
OG0000388,Avena_sativa,8,1,0.187227
OG0000388,Arabidopsis_thaliana,3,0,0.871099
OG0000388,Triticum_turgidum,6,-1,0.075921
OG0000388,Zea_mays,6,-1,0.345267
OG0000388,Sorghum_bicolor,12,5,4.00E-05
OG0000388,Hordeum_vulgare,7,0,0.629736
OG0000388,Triticum_aestivum,9,2,0.0019599
OG0000388,Oryza_sativa,4,-2,0.155086
OG0000388,Brachypodium_distachyon,5,-1,0.405807
OG0000397,Avena_sativa,7,0,0.744723
OG0000397,Arabidopsis_thaliana,2,0,0.83681
OG0000397,Triticum_turgidum,12,0,0.581566
OG0000397,Zea_mays,0,-2,0.001522
OG0000397,Sorghum_bicolor,2,0,0.586825
OG0000397,Hordeum_vulgare,1,-6,6.41E-10
OG0000397,Triticum_aestivum,12,0,0.581566
OG0000397,Oryza_sativa,0,-2,0.0102411
OG0000397,Brachypodium_distachyon,9,2,0.102354
OG0000406,Avena_sativa,10,3,0.00894349
OG0000406,Arabidopsis_thaliana,3,0,0.871099
OG0000406,Triticum_turgidum,6,-1,0.075921
OG0000406,Zea_mays,8,2,0.042575
OG0000406,Sorghum_bicolor,5,-1,0.311624
OG0000406,Hordeum_vulgare,8,1,0.0789363
OG0000406,Triticum_aestivum,7,0,0.550286
OG0000406,Oryza_sativa,5,-1,0.515014
OG0000406,Brachypodium_distachyon,5,-1,0.405807
OG0000407,Avena_sativa,5,0,0.700698
OG0000407,Arabidopsis_thaliana,3,0,0.871099
OG0000407,Triticum_turgidum,9,-1,0.1053
OG0000407,Zea_mays,5,0,0.677962
OG0000407,Sorghum_bicolor,5,0,0.677962
OG0000407,Hordeum_vulgare,14,4,0.000114543
OG0000407,Triticum_aestivum,10,0,0.569479
OG0000407,Oryza_sativa,2,-2,0.041886
OG0000407,Brachypodium_distachyon,4,0,0.703899
OG0000408,Avena_sativa,8,1,0.187227
OG0000408,Arabidopsis_thaliana,4,1,0.40319
OG0000408,Triticum_turgidum,8,0,0.55683
OG0000408,Zea_mays,5,0,0.677962
OG0000408,Sorghum_bicolor,6,1,0.116998
OG0000408,Hordeum_vulgare,7,0,0.629736
OG0000408,Triticum_aestivum,10,2,0.00254591
OG0000408,Oryza_sativa,2,-3,0.00934822
OG0000408,Brachypodium_distachyon,5,-1,0.405807
OG0000415,Avena_sativa,3,-1,0.264988
OG0000415,Arabidopsis_thaliana,1,-1,0.526493
OG0000415,Triticum_turgidum,1,0,0.507693
OG0000415,Zea_mays,0,-2,0.001522
OG0000415,Sorghum_bicolor,2,0,0.586825
OG0000415,Hordeum_vulgare,3,0,0.563236
OG0000415,Triticum_aestivum,0,-1,0.0115245
OG0000415,Oryza_sativa,8,2,0.0798483
OG0000415,Brachypodium_distachyon,71,65,9.53E-69
OG0000416,Avena_sativa,6,0,0.724415
OG0000416,Arabidopsis_thaliana,2,-1,0.614525
OG0000416,Triticum_turgidum,6,0,0.54359
OG0000416,Zea_mays,10,0,0.767619
OG0000416,Sorghum_bicolor,11,1,0.218761
OG0000416,Hordeum_vulgare,5,-1,0.174847
OG0000416,Triticum_aestivum,9,3,2.10E-05
OG0000416,Oryza_sativa,4,-2,0.155086
OG0000416,Brachypodium_distachyon,7,1,0.201502
OG0000417,Avena_sativa,1,-4,6.95E-05
OG0000417,Arabidopsis_thaliana,1,0,0.756301
OG0000417,Triticum_turgidum,1,-1,0.0228136
OG0000417,Zea_mays,0,0,0.5
OG0000417,Sorghum_bicolor,0,0,0.5
OG0000417,Hordeum_vulgare,12,7,4.52E-10
OG0000417,Triticum_aestivum,2,0,0.515209
OG0000417,Oryza_sativa,3,0,0.730477
OG0000417,Brachypodium_distachyon,70,65,7.87E-70
OG0000418,Avena_sativa,6,-1,0.385545
OG0000418,Arabidopsis_thaliana,2,-1,0.614525
OG0000418,Triticum_turgidum,7,-1,0.0859113
OG0000418,Zea_mays,6,0,0.700838
OG0000418,Sorghum_bicolor,6,0,0.700838
OG0000418,Hordeum_vulgare,12,4,5.08E-05
OG0000418,Triticum_aestivum,8,0,0.55683
OG0000418,Oryza_sativa,6,0,0.817115
OG0000418,Brachypodium_distachyon,8,1,0.229751
OG0000419,Avena_sativa,5,0,0.700698
OG0000419,Arabidopsis_thaliana,3,0,0.871099
OG0000419,Triticum_turgidum,8,-2,0.00132614
OG0000419,Zea_mays,4,0,0.65174
OG0000419,Sorghum_bicolor,4,0,0.65174
OG0000419,Hordeum_vulgare,16,6,2.74E-07
OG0000419,Triticum_aestivum,11,1,0.0384848
OG0000419,Oryza_sativa,3,-1,0.421377
OG0000419,Brachypodium_distachyon,4,0,0.703899
OG0000422,Avena_sativa,6,0,0.724415
OG0000422,Arabidopsis_thaliana,6,3,0.0776588
OG0000422,Triticum_turgidum,8,-1,0.0957027
OG0000422,Zea_mays,3,0,0.621591
OG0000422,Sorghum_bicolor,2,-1,0.18413
OG0000422,Hordeum_vulgare,10,1,0.100627
OG0000422,Triticum_aestivum,12,3,7.03E-05
OG0000422,Oryza_sativa,2,-1,0.355122
OG0000422,Brachypodium_distachyon,5,0,0.733066
OG0000423,Avena_sativa,7,0,0.744723
OG0000423,Arabidopsis_thaliana,2,0,0.83681
OG0000423,Triticum_turgidum,10,0,0.569479
OG0000423,Zea_mays,3,0,0.621591
OG0000423,Sorghum_bicolor,2,-1,0.18413
OG0000423,Hordeum_vulgare,9,0,0.656923
OG0000423,Triticum_aestivum,10,0,0.569479
OG0000423,Oryza_sativa,4,0,0.768135
OG0000423,Brachypodium_distachyon,5,0,0.733066
OG0000424,Avena_sativa,9,2,0.0719146
OG0000424,Arabidopsis_thaliana,1,-1,0.526493
OG0000424,Triticum_turgidum,7,0,0.550286
OG0000424,Zea_mays,7,0,0.720859
OG0000424,Sorghum_bicolor,5,-2,0.0230299
OG0000424,Hordeum_vulgare,6,-1,0.198439
OG0000424,Triticum_aestivum,7,0,0.550286
OG0000424,Oryza_sativa,9,2,0.0989371
OG0000424,Brachypodium_distachyon,6,-1,0.441729
OG0000425,Avena_sativa,8,1,0.187227
OG0000425,Arabidopsis_thaliana,1,-1,0.526493
OG0000425,Triticum_turgidum,7,0,0.550286
OG0000425,Zea_mays,5,0,0.677962
OG0000425,Sorghum_bicolor,8,3,0.00235073
OG0000425,Hordeum_vulgare,7,0,0.629736
OG0000425,Triticum_aestivum,10,3,3.33E-05
OG0000425,Oryza_sativa,5,0,0.79601
OG0000425,Brachypodium_distachyon,3,-2,0.0266823
OG0000428,Avena_sativa,1,0,0.555086
OG0000428,Arabidopsis_thaliana,22,19,3.34E-09
OG0000428,Triticum_turgidum,0,-8,6.49E-18
OG0000428,Zea_mays,1,0,0.54662
OG0000428,Sorghum_bicolor,0,-1,0.0693598
OG0000428,Hordeum_vulgare,37,29,7.48E-42
OG0000428,Triticum_aestivum,9,1,0.0308288
OG0000428,Oryza_sativa,0,-1,0.154715
OG0000428,Brachypodium_distachyon,1,0,0.56891
OG0000429,Avena_sativa,7,0,0.744723
OG0000429,Arabidopsis_thaliana,5,1,0.477231
OG0000429,Triticum_turgidum,4,-3,8.38E-06
OG0000429,Zea_mays,13,5,6.72E-05
OG0000429,Sorghum_bicolor,7,-1,0.375438
OG0000429,Hordeum_vulgare,7,0,0.629736
OG0000429,Triticum_aestivum,7,0,0.550286
OG0000429,Oryza_sativa,4,-2,0.155086
OG0000429,Brachypodium_distachyon,6,0,0.757034
OG0000430,Avena_sativa,1,0,0.555086
OG0000430,Arabidopsis_thaliana,82,77,4.08E-36
OG0000430,Triticum_turgidum,0,-1,0.0115245
OG0000430,Zea_mays,1,0,0.54662
OG0000430,Sorghum_bicolor,1,0,0.54662
OG0000430,Hordeum_vulgare,1,0,0.522556
OG0000430,Triticum_aestivum,1,0,0.507693
OG0000430,Oryza_sativa,1,0,0.605212
OG0000430,Brachypodium_distachyon,1,0,0.56891
OG0000431,Avena_sativa,8,1,0.187227
OG0000431,Arabidopsis_thaliana,2,-1,0.614525
OG0000431,Triticum_turgidum,7,0,0.550286
OG0000431,Zea_mays,4,-1,0.273983
OG0000431,Sorghum_bicolor,7,2,0.0312902
OG0000431,Hordeum_vulgare,7,0,0.629736
OG0000431,Triticum_aestivum,9,2,0.0019599
OG0000431,Oryza_sativa,3,-2,0.0612592
OG0000431,Brachypodium_distachyon,5,-1,0.405807
OG0000433,Avena_sativa,10,4,0.000539312
OG0000433,Arabidopsis_thaliana,1,-1,0.526493
OG0000433,Triticum_turgidum,10,2,0.00254591
OG0000433,Zea_mays,3,-1,0.231726
OG0000433,Sorghum_bicolor,8,4,7.73E-05
OG0000433,Hordeum_vulgare,4,-2,0.00399726
OG0000433,Triticum_aestivum,8,0,0.55683
OG0000433,Oryza_sativa,3,-1,0.421377
OG0000433,Brachypodium_distachyon,3,-1,0.314564
OG0000435,Avena_sativa,8,2,0.0566821
OG0000435,Arabidopsis_thaliana,1,-1,0.526493
OG0000435,Triticum_turgidum,10,1,0.0346607
OG0000435,Zea_mays,2,-2,0.00765457
OG0000435,Sorghum_bicolor,5,1,0.0944197
OG0000435,Hordeum_vulgare,4,-2,0.00399726
OG0000435,Triticum_aestivum,9,0,0.563226
OG0000435,Oryza_sativa,4,0,0.768135
OG0000435,Brachypodium_distachyon,4,-1,0.363881
OG0000436,Avena_sativa,6,0,0.724415
OG0000436,Arabidopsis_thaliana,1,-1,0.526493
OG0000436,Triticum_turgidum,8,0,0.55683
OG0000436,Zea_mays,7,0,0.720859
OG0000436,Sorghum_bicolor,10,3,0.00573293
OG0000436,Hordeum_vulgare,6,0,0.614742
OG0000436,Triticum_aestivum,9,1,0.0308288
OG0000436,Oryza_sativa,5,-1,0.515014
OG0000436,Brachypodium_distachyon,5,-1,0.405807
OG0000440,Avena_sativa,6,-1,0.385545
OG0000440,Arabidopsis_thaliana,3,0,0.871099
OG0000440,Triticum_turgidum,6,-2,0.000835287
OG0000440,Zea_mays,1,-1,0.130342
OG0000440,Sorghum_bicolor,2,0,0.586825
OG0000440,Hordeum_vulgare,8,0,0.643773
OG0000440,Triticum_aestivum,10,2,0.00254591
OG0000440,Oryza_sativa,7,1,0.294687
OG0000440,Brachypodium_distachyon,10,3,0.0159833
OG0000441,Avena_sativa,5,0,0.700698
OG0000441,Arabidopsis_thaliana,3,0,0.871099
OG0000441,Triticum_turgidum,9,0,0.563226
OG0000441,Zea_mays,3,0,0.621591
OG0000441,Sorghum_bicolor,2,-1,0.18413
OG0000441,Hordeum_vulgare,6,0,0.614742
OG0000441,Triticum_aestivum,12,3,7.03E-05
OG0000441,Oryza_sativa,5,1,0.211576
OG0000441,Brachypodium_distachyon,3,-1,0.314564
OG0000442,Avena_sativa,6,0,0.724415
OG0000442,Arabidopsis_thaliana,5,2,0.142253
OG0000442,Triticum_turgidum,7,-1,0.0859113
OG0000442,Zea_mays,3,0,0.621591
OG0000442,Sorghum_bicolor,3,0,0.621591
OG0000442,Hordeum_vulgare,9,1,0.0898505
OG0000442,Triticum_aestivum,11,3,4.96E-05
OG0000442,Oryza_sativa,2,-1,0.355122
OG0000442,Brachypodium_distachyon,5,0,0.733066
OG0000443,Avena_sativa,5,0,0.700698
OG0000443,Arabidopsis_thaliana,1,0,0.756301
OG0000443,Triticum_turgidum,12,1,0.0423002
OG0000443,Zea_mays,2,0,0.586825
OG0000443,Sorghum_bicolor,2,0,0.586825
OG0000443,Hordeum_vulgare,8,0,0.643773
OG0000443,Triticum_aestivum,11,0,0.575591
OG0000443,Oryza_sativa,2,0,0.678483
OG0000443,Brachypodium_distachyon,4,0,0.703899
OG0000444,Avena_sativa,4,-2,0.0239867
OG0000444,Arabidopsis_thaliana,5,1,0.477231
OG0000444,Triticum_turgidum,7,0,0.550286
OG0000444,Zea_mays,5,-2,0.0230299
OG0000444,Sorghum_bicolor,12,5,4.00E-05
OG0000444,Hordeum_vulgare,7,0,0.629736
OG0000444,Triticum_aestivum,7,0,0.550286
OG0000444,Oryza_sativa,9,3,0.0325743
OG0000444,Brachypodium_distachyon,6,0,0.757034
OG0000447,Avena_sativa,19,12,5.40E-12
OG0000447,Arabidopsis_thaliana,4,1,0.40319
OG0000447,Triticum_turgidum,1,0,0.507693
OG0000447,Zea_mays,1,0,0.54662
OG0000447,Sorghum_bicolor,1,0,0.54662
OG0000447,Hordeum_vulgare,1,0,0.522556
OG0000447,Triticum_aestivum,1,0,0.507693
OG0000447,Oryza_sativa,14,7,6.67E-05
OG0000447,Brachypodium_distachyon,7,0,0.77689
OG0000448,Avena_sativa,7,1,0.163104
OG0000448,Arabidopsis_thaliana,7,2,0.258481
OG0000448,Triticum_turgidum,6,0,0.54359
OG0000448,Zea_mays,6,-1,0.345267
OG0000448,Sorghum_bicolor,8,1,0.160055
OG0000448,Hordeum_vulgare,0,-6,1.45E-10
OG0000448,Triticum_aestivum,6,0,0.54359
OG0000448,Oryza_sativa,14,7,6.67E-05
OG0000448,Brachypodium_distachyon,5,-1,0.405807
OG0000449,Avena_sativa,7,3,0.00206501
OG0000449,Arabidopsis_thaliana,5,3,0.030694
OG0000449,Triticum_turgidum,11,0,0.575591
OG0000449,Zea_mays,1,-1,0.130342
OG0000449,Sorghum_bicolor,2,0,0.586825
OG0000449,Hordeum_vulgare,0,-4,1.46E-07
OG0000449,Triticum_aestivum,12,1,0.0423002
OG0000449,Oryza_sativa,1,-1,0.268992
OG0000449,Brachypodium_distachyon,2,0,0.62392
OG0000453,Avena_sativa,0,-1,0.0818261
OG0000453,Arabidopsis_thaliana,1,-2,0.25291
OG0000453,Triticum_turgidum,0,0,0.5
OG0000453,Zea_mays,26,5,0.00284425
OG0000453,Sorghum_bicolor,21,0,0.850554
OG0000453,Hordeum_vulgare,1,0,0.522556
OG0000453,Triticum_aestivum,0,0,0.5
OG0000453,Oryza_sativa,15,2,0.209022
OG0000453,Brachypodium_distachyon,24,12,2.97E-09
OG0000454,Avena_sativa,9,3,0.00605292
OG0000454,Arabidopsis_thaliana,14,10,0.000135369
OG0000454,Triticum_turgidum,5,0,0.536738
OG0000454,Zea_mays,3,-2,0.0120803
OG0000454,Sorghum_bicolor,7,2,0.0312902
OG0000454,Hordeum_vulgare,9,3,0.000491075
OG0000454,Triticum_aestivum,5,0,0.536738
OG0000454,Oryza_sativa,1,-4,0.000477172
OG0000454,Brachypodium_distachyon,5,0,0.733066
OG0000460,Avena_sativa,6,0,0.724415
OG0000460,Arabidopsis_thaliana,1,-1,0.526493
OG0000460,Triticum_turgidum,8,0,0.55683
OG0000460,Zea_mays,3,-1,0.231726
OG0000460,Sorghum_bicolor,6,2,0.0210788
OG0000460,Hordeum_vulgare,7,0,0.629736
OG0000460,Triticum_aestivum,10,2,0.00254591
OG0000460,Oryza_sativa,2,-2,0.041886
OG0000460,Brachypodium_distachyon,6,0,0.757034
OG0000461,Avena_sativa,6,0,0.724415
OG0000461,Arabidopsis_thaliana,5,1,0.477231
OG0000461,Triticum_turgidum,6,-1,0.075921
OG0000461,Zea_mays,6,0,0.700838
OG0000461,Sorghum_bicolor,6,0,0.700838
OG0000461,Hordeum_vulgare,8,1,0.0789363
OG0000461,Triticum_aestivum,8,1,0.0269899
OG0000461,Oryza_sativa,6,0,0.817115
OG0000461,Brachypodium_distachyon,4,-2,0.0370891
OG0000462,Avena_sativa,5,0,0.700698
OG0000462,Arabidopsis_thaliana,1,-1,0.526493
OG0000462,Triticum_turgidum,8,0,0.55683
OG0000462,Zea_mays,1,-3,0.00033682
OG0000462,Sorghum_bicolor,4,0,0.65174
OG0000462,Hordeum_vulgare,4,-1,0.149855
OG0000462,Triticum_aestivum,11,3,4.96E-05
OG0000462,Oryza_sativa,11,6,0.000108511
OG0000462,Brachypodium_distachyon,4,-1,0.363881
OG0000466,Avena_sativa,7,0,0.744723
OG0000466,Arabidopsis_thaliana,2,-1,0.614525
OG0000466,Triticum_turgidum,5,-2,0.000630433
OG0000466,Zea_mays,7,0,0.720859
OG0000466,Sorghum_bicolor,6,-1,0.345267
OG0000466,Hordeum_vulgare,7,0,0.629736
OG0000466,Triticum_aestivum,8,1,0.0269899
OG0000466,Oryza_sativa,7,0,0.83346
OG0000466,Brachypodium_distachyon,6,-1,0.441729
OG0000467,Avena_sativa,6,0,0.724415
OG0000467,Arabidopsis_thaliana,4,0,0.666893
OG0000467,Triticum_turgidum,4,-3,8.38E-06
OG0000467,Zea_mays,9,1,0.180429
OG0000467,Sorghum_bicolor,8,0,0.738439
OG0000467,Hordeum_vulgare,8,1,0.0789363
OG0000467,Triticum_aestivum,8,1,0.0269899
OG0000467,Oryza_sativa,3,-3,0.0150785
OG0000467,Brachypodium_distachyon,5,-1,0.405807
OG0000468,Avena_sativa,9,3,0.00605292
OG0000468,Arabidopsis_thaliana,3,0,0.871099
OG0000468,Triticum_turgidum,6,0,0.54359
OG0000468,Zea_mays,13,6,7.72E-06
OG0000468,Sorghum_bicolor,6,-1,0.345267
OG0000468,Hordeum_vulgare,4,-2,0.00399726
OG0000468,Triticum_aestivum,6,0,0.54359
OG0000468,Oryza_sativa,1,-4,0.000477172
OG0000468,Brachypodium_distachyon,5,0,0.733066
OG0000470,Avena_sativa,7,0,0.744723
OG0000470,Arabidopsis_thaliana,2,-1,0.614525
OG0000470,Triticum_turgidum,8,2,0.00144473
OG0000470,Zea_mays,6,-1,0.345267
OG0000470,Sorghum_bicolor,7,0,0.720859
OG0000470,Hordeum_vulgare,5,-1,0.174847
OG0000470,Triticum_aestivum,5,-1,0.065727
OG0000470,Oryza_sativa,10,3,0.0448889
OG0000470,Brachypodium_distachyon,8,1,0.229751
OG0000474,Avena_sativa,5,0,0.700698
OG0000474,Arabidopsis_thaliana,4,1,0.40319
OG0000474,Triticum_turgidum,12,1,0.0423002
OG0000474,Zea_mays,4,1,0.0712625
OG0000474,Sorghum_bicolor,2,-1,0.18413
OG0000474,Hordeum_vulgare,29,18,1.19E-23
OG0000474,Triticum_aestivum,1,-10,4.43E-21
OG0000474,Oryza_sativa,0,-3,0.00206251
OG0000474,Brachypodium_distachyon,5,0,0.733066
OG0000475,Avena_sativa,2,-3,0.00122451
OG0000475,Arabidopsis_thaliana,1,-1,0.526493
OG0000475,Triticum_turgidum,15,5,3.09E-08
OG0000475,Zea_mays,0,-2,0.001522
OG0000475,Sorghum_bicolor,2,0,0.586825
OG0000475,Hordeum_vulgare,4,-1,0.149855
OG0000475,Triticum_aestivum,10,0,0.569479
OG0000475,Oryza_sativa,5,1,0.211576
OG0000475,Brachypodium_distachyon,9,4,0.000688933
OG0000476,Avena_sativa,7,0,0.744723
OG0000476,Arabidopsis_thaliana,1,-1,0.526493
OG0000476,Triticum_turgidum,6,-2,0.000835287
OG0000476,Zea_mays,9,4,0.000157622
OG0000476,Sorghum_bicolor,4,-1,0.273983
OG0000476,Hordeum_vulgare,9,1,0.0898505
OG0000476,Triticum_aestivum,8,0,0.55683
OG0000476,Oryza_sativa,2,-3,0.00934822
OG0000476,Brachypodium_distachyon,5,-1,0.405807
OG0000479,Avena_sativa,6,0,0.724415
OG0000479,Arabidopsis_thaliana,3,0,0.871099
OG0000479,Triticum_turgidum,9,1,0.0308288
OG0000479,Zea_mays,2,-1,0.18413
OG0000479,Sorghum_bicolor,4,1,0.0712625
OG0000479,Hordeum_vulgare,5,-1,0.174847
OG0000479,Triticum_aestivum,8,0,0.55683
OG0000479,Oryza_sativa,1,-2,0.0244268
OG0000479,Brachypodium_distachyon,9,3,0.0110339
OG0000481,Avena_sativa,6,0,0.724415
OG0000481,Arabidopsis_thaliana,1,-1,0.526493
OG0000481,Triticum_turgidum,8,0,0.55683
OG0000481,Zea_mays,2,0,0.586825
OG0000481,Sorghum_bicolor,2,0,0.586825
OG0000481,Hordeum_vulgare,7,0,0.629736
OG0000481,Triticum_aestivum,10,2,0.00254591
OG0000481,Oryza_sativa,4,0,0.768135
OG0000481,Brachypodium_distachyon,4,-1,0.363881
OG0000482,Avena_sativa,5,0,0.700698
OG0000482,Arabidopsis_thaliana,2,0,0.83681
OG0000482,Triticum_turgidum,12,3,7.03E-05
OG0000482,Zea_mays,2,-1,0.18413
OG0000482,Sorghum_bicolor,4,1,0.0712625
OG0000482,Hordeum_vulgare,8,0,0.643773
OG0000482,Triticum_aestivum,9,0,0.563226
OG0000482,Oryza_sativa,1,-2,0.0244268
OG0000482,Brachypodium_distachyon,3,0,0.668125
OG0000488,Avena_sativa,2,-1,0.212567
OG0000488,Arabidopsis_thaliana,7,2,0.258481
OG0000488,Triticum_turgidum,1,-2,9.30E-05
OG0000488,Zea_mays,2,-4,7.21E-05
OG0000488,Sorghum_bicolor,14,8,2.32E-08
OG0000488,Hordeum_vulgare,2,-1,0.0952486
OG0000488,Triticum_aestivum,12,9,2.61E-18
OG0000488,Oryza_sativa,9,3,0.0325743
OG0000488,Brachypodium_distachyon,7,2,0.0622173
OG0000489,Avena_sativa,5,1,0.111601
OG0000489,Arabidopsis_thaliana,1,0,0.756301
OG0000489,Triticum_turgidum,16,8,4.99E-14
OG0000489,Zea_mays,8,6,3.81E-08
OG0000489,Sorghum_bicolor,0,-2,0.001522
OG0000489,Hordeum_vulgare,2,-2,0.00167612
OG0000489,Triticum_aestivum,8,0,0.55683
OG0000489,Oryza_sativa,0,-2,0.0102411
OG0000489,Brachypodium_distachyon,1,-1,0.186225
OG0000491,Avena_sativa,9,4,0.000297162
OG0000491,Arabidopsis_thaliana,12,8,0.000921693
OG0000491,Triticum_turgidum,4,-1,0.0553244
OG0000491,Zea_mays,3,-1,0.231726
OG0000491,Sorghum_bicolor,4,0,0.65174
OG0000491,Hordeum_vulgare,4,-1,0.149855
OG0000491,Triticum_aestivum,6,1,0.0192946
OG0000491,Oryza_sativa,6,1,0.255402
OG0000491,Brachypodium_distachyon,4,-1,0.363881
OG0000492,Avena_sativa,3,-3,0.00216025
OG0000492,Arabidopsis_thaliana,7,3,0.0772611
OG0000492,Triticum_turgidum,6,-1,0.075921
OG0000492,Zea_mays,2,-2,0.00765457
OG0000492,Sorghum_bicolor,5,1,0.0944197
OG0000492,Hordeum_vulgare,7,0,0.629736
OG0000492,Triticum_aestivum,11,4,4.66E-07
OG0000492,Oryza_sativa,2,-2,0.041886
OG0000492,Brachypodium_distachyon,9,3,0.0110339
OG0000496,Avena_sativa,4,0,0.672871
OG0000496,Arabidopsis_thaliana,1,0,0.756301
OG0000496,Triticum_turgidum,8,-1,0.0957027
OG0000496,Zea_mays,2,0,0.586825
OG0000496,Sorghum_bicolor,2,0,0.586825
OG0000496,Hordeum_vulgare,11,2,0.0236902
OG0000496,Triticum_aestivum,12,3,7.03E-05
OG0000496,Oryza_sativa,1,-1,0.268992
OG0000496,Brachypodium_distachyon,3,0,0.668125
OG0000497,Avena_sativa,5,-1,0.350496
OG0000497,Arabidopsis_thaliana,2,-1,0.614525
OG0000497,Triticum_turgidum,8,1,0.0269899
OG0000497,Zea_mays,6,0,0.700838
OG0000497,Sorghum_bicolor,6,0,0.700838
OG0000497,Hordeum_vulgare,8,1,0.0789363
OG0000497,Triticum_aestivum,7,0,0.550286
OG0000497,Oryza_sativa,3,-2,0.0612592
OG0000497,Brachypodium_distachyon,6,0,0.757034
OG0000499,Avena_sativa,9,4,0.000297162
OG0000499,Arabidopsis_thaliana,2,0,0.83681
OG0000499,Triticum_turgidum,5,0,0.536738
OG0000499,Zea_mays,4,-1,0.273983
OG0000499,Sorghum_bicolor,9,4,0.000157622
OG0000499,Hordeum_vulgare,5,0,0.598716
OG0000499,Triticum_aestivum,7,2,0.00100311
OG0000499,Oryza_sativa,2,-2,0.041886
OG0000499,Brachypodium_distachyon,4,0,0.703899
OG0000500,Avena_sativa,5,-1,0.350496
OG0000500,Arabidopsis_thaliana,1,-1,0.526493
OG0000500,Triticum_turgidum,6,-2,0.000835287
OG0000500,Zea_mays,3,-1,0.231726
OG0000500,Sorghum_bicolor,4,0,0.65174
OG0000500,Hordeum_vulgare,13,5,2.18E-06
OG0000500,Triticum_aestivum,9,1,0.0308288
OG0000500,Oryza_sativa,2,-2,0.041886
OG0000500,Brachypodium_distachyon,8,2,0.0821086
OG0000502,Avena_sativa,5,-1,0.350496
OG0000502,Arabidopsis_thaliana,6,2,0.203812
OG0000502,Triticum_turgidum,5,0,0.536738
OG0000502,Zea_mays,6,0,0.700838
OG0000502,Sorghum_bicolor,6,0,0.700838
OG0000502,Hordeum_vulgare,12,6,6.23E-08
OG0000502,Triticum_aestivum,5,0,0.536738
OG0000502,Oryza_sativa,7,1,0.294687
OG0000502,Brachypodium_distachyon,8,2,0.0821086
OG0000503,Avena_sativa,8,1,0.187227
OG0000503,Arabidopsis_thaliana,4,1,0.40319
OG0000503,Triticum_turgidum,3,-4,7.16E-08
OG0000503,Zea_mays,2,0,0.586825
OG0000503,Sorghum_bicolor,1,-1,0.130342
OG0000503,Hordeum_vulgare,10,3,0.000761285
OG0000503,Triticum_aestivum,8,1,0.0269899
OG0000503,Oryza_sativa,5,0,0.79601
OG0000503,Brachypodium_distachyon,5,-1,0.405807
OG0000504,Avena_sativa,9,2,0.0719146
OG0000504,Arabidopsis_thaliana,1,-1,0.526493
OG0000504,Triticum_turgidum,4,-1,0.0553244
OG0000504,Zea_mays,6,0,0.700838
OG0000504,Sorghum_bicolor,7,1,0.138898
OG0000504,Hordeum_vulgare,4,-1,0.149855
OG0000504,Triticum_aestivum,5,0,0.536738
OG0000504,Oryza_sativa,3,-3,0.0150785
OG0000504,Brachypodium_distachyon,9,2,0.102354
OG0000511,Avena_sativa,5,0,0.700698
OG0000511,Arabidopsis_thaliana,3,1,0.294252
OG0000511,Triticum_turgidum,10,0,0.569479
OG0000511,Zea_mays,1,-1,0.130342
OG0000511,Sorghum_bicolor,3,1,0.0476668
OG0000511,Hordeum_vulgare,6,0,0.614742
OG0000511,Triticum_aestivum,10,0,0.569479
OG0000511,Oryza_sativa,2,-1,0.355122
OG0000511,Brachypodium_distachyon,3,0,0.668125
OG0000512,Avena_sativa,4,0,0.672871
OG0000512,Arabidopsis_thaliana,5,2,0.142253
OG0000512,Triticum_turgidum,8,1,0.0269899
OG0000512,Zea_mays,9,3,0.00383251
OG0000512,Sorghum_bicolor,6,0,0.700838
OG0000512,Hordeum_vulgare,4,0,0.581577
OG0000512,Triticum_aestivum,7,0,0.550286
OG0000512,Oryza_sativa,4,0,0.768135
OG0000512,Brachypodium_distachyon,3,-1,0.314564
OG0000513,Avena_sativa,6,0,0.724415
OG0000513,Arabidopsis_thaliana,5,1,0.477231
OG0000513,Triticum_turgidum,5,0,0.536738
OG0000513,Zea_mays,7,0,0.720859
OG0000513,Sorghum_bicolor,10,3,0.00573293
OG0000513,Hordeum_vulgare,4,-1,0.149855
OG0000513,Triticum_aestivum,6,1,0.0192946
OG0000513,Oryza_sativa,4,-2,0.155086
OG0000513,Brachypodium_distachyon,6,0,0.757034
OG0000515,Avena_sativa,5,0,0.700698
OG0000515,Arabidopsis_thaliana,3,0,0.871099
OG0000515,Triticum_turgidum,6,0,0.54359
OG0000515,Zea_mays,8,0,0.738439
OG0000515,Sorghum_bicolor,8,0,0.738439
OG0000515,Hordeum_vulgare,5,0,0.598716
OG0000515,Triticum_aestivum,8,2,0.00144473
OG0000515,Oryza_sativa,3,-2,0.0612592
OG0000515,Brachypodium_distachyon,5,0,0.733066
OG0000517,Avena_sativa,0,-3,0.000210169
OG0000517,Arabidopsis_thaliana,14,10,0.000135369
OG0000517,Triticum_turgidum,0,0,0.5
OG0000517,Zea_mays,0,-5,2.49E-07
OG0000517,Sorghum_bicolor,9,4,0.000157622
OG0000517,Hordeum_vulgare,5,2,0.00297147
OG0000517,Triticum_aestivum,0,0,0.5
OG0000517,Oryza_sativa,4,-1,0.473385
OG0000517,Brachypodium_distachyon,48,43,2.65E-45
OG0000520,Avena_sativa,6,2,0.0287475
OG0000520,Arabidopsis_thaliana,1,-1,0.526493
OG0000520,Triticum_turgidum,11,3,4.96E-05
OG0000520,Zea_mays,4,0,0.65174
OG0000520,Sorghum_bicolor,6,2,0.0210788
OG0000520,Hordeum_vulgare,2,-2,0.00167612
OG0000520,Triticum_aestivum,8,0,0.55683
OG0000520,Oryza_sativa,2,-1,0.355122
OG0000520,Brachypodium_distachyon,1,-2,0.00961005
OG0000521,Avena_sativa,3,-2,0.0169743
OG0000521,Arabidopsis_thaliana,6,2,0.203812
OG0000521,Triticum_turgidum,7,0,0.550286
OG0000521,Zea_mays,5,0,0.677962
OG0000521,Sorghum_bicolor,5,0,0.677962
OG0000521,Hordeum_vulgare,8,1,0.0789363
OG0000521,Triticum_aestivum,8,1,0.0269899
OG0000521,Oryza_sativa,6,1,0.255402
OG0000521,Brachypodium_distachyon,5,0,0.733066
OG0000527,Avena_sativa,8,4,0.000147283
OG0000527,Arabidopsis_thaliana,14,10,0.000135369
OG0000527,Triticum_turgidum,4,0,0.529727
OG0000527,Zea_mays,1,0,0.54662
OG0000527,Sorghum_bicolor,1,0,0.54662
OG0000527,Hordeum_vulgare,3,-1,0.123358
OG0000527,Triticum_aestivum,6,2,0.000637864
OG0000527,Oryza_sativa,8,4,0.00170393
OG0000527,Brachypodium_distachyon,1,-3,0.00123235
OG0000528,Avena_sativa,4,0,0.672871
OG0000528,Arabidopsis_thaliana,1,-1,0.526493
OG0000528,Triticum_turgidum,8,1,0.0269899
OG0000528,Zea_mays,9,0,0.753927
OG0000528,Sorghum_bicolor,9,0,0.753927
OG0000528,Hordeum_vulgare,5,0,0.598716
OG0000528,Triticum_aestivum,7,0,0.550286
OG0000528,Oryza_sativa,4,0,0.768135
OG0000528,Brachypodium_distachyon,4,0,0.703899
OG0000530,Avena_sativa,10,5,2.57E-05
OG0000530,Arabidopsis_thaliana,25,20,1.44E-08
OG0000530,Triticum_turgidum,4,0,0.529727
OG0000530,Zea_mays,0,0,0.5
OG0000530,Sorghum_bicolor,0,0,0.5
OG0000530,Hordeum_vulgare,6,1,0.0567459
OG0000530,Triticum_aestivum,0,-4,3.24E-09
OG0000530,Oryza_sativa,10,5,0.001131
OG0000530,Brachypodium_distachyon,1,-4,7.33E-05
OG0000531,Avena_sativa,6,0,0.724415
OG0000531,Arabidopsis_thaliana,1,-1,0.526493
OG0000531,Triticum_turgidum,8,1,0.0269899
OG0000531,Zea_mays,4,-1,0.273983
OG0000531,Sorghum_bicolor,6,1,0.116998
OG0000531,Hordeum_vulgare,7,0,0.629736
OG0000531,Triticum_aestivum,7,0,0.550286
OG0000531,Oryza_sativa,4,-1,0.473385
OG0000531,Brachypodium_distachyon,4,-1,0.363881
OG0000532,Avena_sativa,5,0,0.700698
OG0000532,Arabidopsis_thaliana,4,1,0.40319
OG0000532,Triticum_turgidum,5,-1,0.065727
OG0000532,Zea_mays,11,5,2.23E-05
OG0000532,Sorghum_bicolor,6,0,0.700838
OG0000532,Hordeum_vulgare,6,0,0.614742
OG0000532,Triticum_aestivum,6,0,0.54359
OG0000532,Oryza_sativa,5,0,0.79601
OG0000532,Brachypodium_distachyon,5,0,0.733066
OG0000539,Avena_sativa,5,0,0.700698
OG0000539,Arabidopsis_thaliana,8,5,0.0082092
OG0000539,Triticum_turgidum,8,1,0.0269899
OG0000539,Zea_mays,3,-1,0.231726
OG0000539,Sorghum_bicolor,4,0,0.65174
OG0000539,Hordeum_vulgare,5,0,0.598716
OG0000539,Triticum_aestivum,7,0,0.550286
OG0000539,Oryza_sativa,1,-3,0.00497628
OG0000539,Brachypodium_distachyon,6,1,0.171411
OG0000543,Avena_sativa,4,0,0.672871
OG0000543,Arabidopsis_thaliana,4,1,0.40319
OG0000543,Triticum_turgidum,6,-1,0.075921
OG0000543,Zea_mays,5,1,0.0944197
OG0000543,Sorghum_bicolor,3,-1,0.231726
OG0000543,Hordeum_vulgare,8,1,0.0789363
OG0000543,Triticum_aestivum,9,2,0.0019599
OG0000543,Oryza_sativa,3,-1,0.421377
OG0000543,Brachypodium_distachyon,4,0,0.703899
OG0000544,Avena_sativa,4,0,0.672871
OG0000544,Arabidopsis_thaliana,8,4,0.0398073
OG0000544,Triticum_turgidum,10,2,0.00254591
OG0000544,Zea_mays,4,0,0.65174
OG0000544,Sorghum_bicolor,5,1,0.0944197
OG0000544,Hordeum_vulgare,0,-4,1.46E-07
OG0000544,Triticum_aestivum,8,0,0.55683
OG0000544,Oryza_sativa,5,1,0.211576
OG0000544,Brachypodium_distachyon,2,-2,0.017401
OG0000545,Avena_sativa,7,1,0.163104
OG0000545,Arabidopsis_thaliana,14,10,0.000135369
OG0000545,Triticum_turgidum,6,0,0.54359
OG0000545,Zea_mays,1,-2,0.00408936
OG0000545,Sorghum_bicolor,3,0,0.621591
OG0000545,Hordeum_vulgare,6,0,0.614742
OG0000545,Triticum_aestivum,6,0,0.54359
OG0000545,Oryza_sativa,2,-1,0.355122
OG0000545,Brachypodium_distachyon,2,-1,0.256093
OG0000547,Avena_sativa,5,0,0.700698
OG0000547,Arabidopsis_thaliana,2,-1,0.614525
OG0000547,Triticum_turgidum,6,0,0.54359
OG0000547,Zea_mays,6,0,0.700838
OG0000547,Sorghum_bicolor,9,3,0.00383251
OG0000547,Hordeum_vulgare,6,0,0.614742
OG0000547,Triticum_aestivum,7,1,0.0231449
OG0000547,Oryza_sativa,6,1,0.255402
OG0000547,Brachypodium_distachyon,3,-2,0.0266823
OG0000548,Avena_sativa,4,0,0.672871
OG0000548,Arabidopsis_thaliana,6,3,0.0776588
OG0000548,Triticum_turgidum,4,-2,0.00045328
OG0000548,Zea_mays,7,2,0.0312902
OG0000548,Sorghum_bicolor,5,0,0.677962
OG0000548,Hordeum_vulgare,7,1,0.0678967
OG0000548,Triticum_aestivum,8,2,0.00144473
OG0000548,Oryza_sativa,4,0,0.768135
OG0000548,Brachypodium_distachyon,3,-1,0.314564
OG0000549,Avena_sativa,4,-1,0.310606
OG0000549,Arabidopsis_thaliana,2,-1,0.614525
OG0000549,Triticum_turgidum,6,0,0.54359
OG0000549,Zea_mays,7,0,0.720859
OG0000549,Sorghum_bicolor,7,0,0.720859
OG0000549,Hordeum_vulgare,6,0,0.614742
OG0000549,Triticum_aestivum,8,2,0.00144473
OG0000549,Oryza_sativa,5,0,0.79601
OG0000549,Brachypodium_distachyon,4,-1,0.363881
OG0000550,Avena_sativa,4,0,0.672871
OG0000550,Arabidopsis_thaliana,1,-1,0.526493
OG0000550,Triticum_turgidum,10,2,0.00254591
OG0000550,Zea_mays,2,-2,0.00765457
OG0000550,Sorghum_bicolor,7,3,0.00127647
OG0000550,Hordeum_vulgare,6,0,0.614742
OG0000550,Triticum_aestivum,8,0,0.55683
OG0000550,Oryza_sativa,7,3,0.0127925
OG0000550,Brachypodium_distachyon,3,-1,0.314564
OG0000551,Avena_sativa,6,1,0.137871
OG0000551,Arabidopsis_thaliana,3,0,0.871099
OG0000551,Triticum_turgidum,8,1,0.0269899
OG0000551,Zea_mays,4,-1,0.273983
OG0000551,Sorghum_bicolor,5,0,0.677962
OG0000551,Hordeum_vulgare,0,-5,3.97E-09
OG0000551,Triticum_aestivum,7,0,0.550286
OG0000551,Oryza_sativa,7,2,0.124417
OG0000551,Brachypodium_distachyon,5,0,0.733066
OG0000552,Avena_sativa,5,0,0.700698
OG0000552,Arabidopsis_thaliana,1,-1,0.526493
OG0000552,Triticum_turgidum,6,0,0.54359
OG0000552,Zea_mays,8,0,0.738439
OG0000552,Sorghum_bicolor,11,3,0.00804886
OG0000552,Hordeum_vulgare,6,0,0.614742
OG0000552,Triticum_aestivum,6,0,0.54359
OG0000552,Oryza_sativa,4,-1,0.473385
OG0000552,Brachypodium_distachyon,5,0,0.733066
OG0000559,Avena_sativa,4,-1,0.310606
OG0000559,Arabidopsis_thaliana,1,-1,0.526493
OG0000559,Triticum_turgidum,9,1,0.0308288
OG0000559,Zea_mays,4,0,0.65174
OG0000559,Sorghum_bicolor,5,1,0.0944197
OG0000559,Hordeum_vulgare,8,0,0.643773
OG0000559,Triticum_aestivum,8,0,0.55683
OG0000559,Oryza_sativa,1,-3,0.00497628
OG0000559,Brachypodium_distachyon,5,0,0.733066
OG0000560,Avena_sativa,5,0,0.700698
OG0000560,Arabidopsis_thaliana,4,1,0.40319
OG0000560,Triticum_turgidum,6,0,0.54359
OG0000560,Zea_mays,9,3,0.00383251
OG0000560,Sorghum_bicolor,5,-1,0.311624
OG0000560,Hordeum_vulgare,5,0,0.598716
OG0000560,Triticum_aestivum,7,1,0.0231449
OG0000560,Oryza_sativa,5,0,0.79601
OG0000560,Brachypodium_distachyon,4,-1,0.363881
OG0000561,Avena_sativa,5,0,0.700698
OG0000561,Arabidopsis_thaliana,2,-1,0.614525
OG0000561,Triticum_turgidum,4,-1,0.0553244
OG0000561,Zea_mays,8,1,0.160055
OG0000561,Sorghum_bicolor,7,0,0.720859
OG0000561,Hordeum_vulgare,5,0,0.598716
OG0000561,Triticum_aestivum,7,2,0.00100311
OG0000561,Oryza_sativa,7,1,0.294687
OG0000561,Brachypodium_distachyon,5,0,0.733066
OG0000562,Avena_sativa,4,0,0.672871
OG0000562,Arabidopsis_thaliana,2,0,0.83681
OG0000562,Triticum_turgidum,10,1,0.0346607
OG0000562,Zea_mays,2,0,0.586825
OG0000562,Sorghum_bicolor,6,4,1.20E-05
OG0000562,Hordeum_vulgare,8,0,0.643773
OG0000562,Triticum_aestivum,9,0,0.563226
OG0000562,Oryza_sativa,1,-1,0.268992
OG0000562,Brachypodium_distachyon,1,-1,0.186225
OG0000563,Avena_sativa,4,0,0.672871
OG0000563,Arabidopsis_thaliana,1,-1,0.526493
OG0000563,Triticum_turgidum,10,0,0.569479
OG0000563,Zea_mays,5,2,0.0123196
OG0000563,Sorghum_bicolor,1,-2,0.00408936
OG0000563,Hordeum_vulgare,5,0,0.598716
OG0000563,Triticum_aestivum,10,0,0.569479
OG0000563,Oryza_sativa,0,-3,0.00206251
OG0000563,Brachypodium_distachyon,5,1,0.139528
OG0000571,Avena_sativa,6,0,0.724415
OG0000571,Arabidopsis_thaliana,1,-1,0.526493
OG0000571,Triticum_turgidum,7,0,0.550286
OG0000571,Zea_mays,3,0,0.621591
OG0000571,Sorghum_bicolor,3,0,0.621591
OG0000571,Hordeum_vulgare,9,2,0.0151506
OG0000571,Triticum_aestivum,6,-1,0.075921
OG0000571,Oryza_sativa,6,2,0.0910077
OG0000571,Brachypodium_distachyon,3,-2,0.0266823
OG0000572,Avena_sativa,6,1,0.137871
OG0000572,Arabidopsis_thaliana,6,3,0.0776588
OG0000572,Triticum_turgidum,4,0,0.529727
OG0000572,Zea_mays,11,7,2.63E-08
OG0000572,Sorghum_bicolor,2,-2,0.00765457
OG0000572,Hordeum_vulgare,13,8,1.54E-11
OG0000572,Triticum_aestivum,4,0,0.529727
OG0000572,Oryza_sativa,2,-2,0.041886
OG0000572,Brachypodium_distachyon,2,-2,0.017401
OG0000582,Avena_sativa,0,-4,7.08E-06
OG0000582,Arabidopsis_thaliana,1,-1,0.526493
OG0000582,Triticum_turgidum,4,-1,0.0553244
OG0000582,Zea_mays,8,2,0.042575
OG0000582,Sorghum_bicolor,6,0,0.700838
OG0000582,Hordeum_vulgare,5,0,0.598716
OG0000582,Triticum_aestivum,13,8,2.96E-15
OG0000582,Oryza_sativa,2,-2,0.041886
OG0000582,Brachypodium_distachyon,6,2,0.0432809
OG0000586,Avena_sativa,4,0,0.672871
OG0000586,Arabidopsis_thaliana,4,1,0.40319
OG0000586,Triticum_turgidum,4,0,0.529727
OG0000586,Zea_mays,20,14,1.19E-15
OG0000586,Sorghum_bicolor,5,-1,0.311624
OG0000586,Hordeum_vulgare,4,0,0.581577
OG0000586,Triticum_aestivum,4,0,0.529727
OG0000586,Oryza_sativa,4,0,0.768135
OG0000586,Brachypodium_distachyon,5,1,0.139528
OG0000587,Avena_sativa,6,0,0.724415
OG0000587,Arabidopsis_thaliana,1,-1,0.526493
OG0000587,Triticum_turgidum,5,-2,0.000630433
OG0000587,Zea_mays,4,0,0.65174
OG0000587,Sorghum_bicolor,4,0,0.65174
OG0000587,Hordeum_vulgare,7,0,0.629736
OG0000587,Triticum_aestivum,8,1,0.0269899
OG0000587,Oryza_sativa,3,-1,0.421377
OG0000587,Brachypodium_distachyon,4,-1,0.363881
OG0000588,Avena_sativa,3,-1,0.264988
OG0000588,Arabidopsis_thaliana,4,1,0.40319
OG0000588,Triticum_turgidum,8,0,0.55683
OG0000588,Zea_mays,4,0,0.65174
OG0000588,Sorghum_bicolor,6,2,0.0210788
OG0000588,Hordeum_vulgare,6,0,0.614742
OG0000588,Triticum_aestivum,8,0,0.55683
OG0000588,Oryza_sativa,5,1,0.211576
OG0000588,Brachypodium_distachyon,2,-2,0.017401
OG0000589,Avena_sativa,3,-2,0.0169743
OG0000589,Arabidopsis_thaliana,2,-1,0.614525
OG0000589,Triticum_turgidum,8,0,0.55683
OG0000589,Zea_mays,3,-2,0.0120803
OG0000589,Sorghum_bicolor,9,4,0.000157622
OG0000589,Hordeum_vulgare,0,-5,3.97E-09
OG0000589,Triticum_aestivum,9,1,0.0308288
OG0000589,Oryza_sativa,5,0,0.79601
OG0000589,Brachypodium_distachyon,5,0,0.733066
OG0000590,Avena_sativa,8,2,0.0566821
OG0000590,Arabidopsis_thaliana,1,-1,0.526493
OG0000590,Triticum_turgidum,4,-2,0.00045328
OG0000590,Zea_mays,4,0,0.65174
OG0000590,Sorghum_bicolor,4,0,0.65174
OG0000590,Hordeum_vulgare,7,1,0.0678967
OG0000590,Triticum_aestivum,6,0,0.54359
OG0000590,Oryza_sativa,5,0,0.79601
OG0000590,Brachypodium_distachyon,5,0,0.733066
OG0000597,Avena_sativa,2,-1,0.212567
OG0000597,Arabidopsis_thaliana,8,5,0.0082092
OG0000597,Triticum_turgidum,4,-3,8.38E-06
OG0000597,Zea_mays,3,0,0.621591
OG0000597,Sorghum_bicolor,5,2,0.0123196
OG0000597,Hordeum_vulgare,21,14,1.55E-19
OG0000597,Triticum_aestivum,7,0,0.550286
OG0000597,Oryza_sativa,2,-1,0.355122
OG0000597,Brachypodium_distachyon,3,0,0.668125
OG0000599,Avena_sativa,4,-1,0.310606
OG0000599,Arabidopsis_thaliana,2,0,0.83681
OG0000599,Triticum_turgidum,4,-3,8.38E-06
OG0000599,Zea_mays,1,-1,0.130342
OG0000599,Sorghum_bicolor,2,0,0.586825
OG0000599,Hordeum_vulgare,8,1,0.0789363
OG0000599,Triticum_aestivum,10,3,3.33E-05
OG0000599,Oryza_sativa,4,0,0.768135
OG0000599,Brachypodium_distachyon,5,0,0.733066
OG0000601,Avena_sativa,5,1,0.111601
OG0000601,Arabidopsis_thaliana,4,1,0.40319
OG0000601,Triticum_turgidum,6,0,0.54359
OG0000601,Zea_mays,5,1,0.0944197
OG0000601,Sorghum_bicolor,4,0,0.65174
OG0000601,Hordeum_vulgare,4,-1,0.149855
OG0000601,Triticum_aestivum,8,2,0.00144473
OG0000601,Oryza_sativa,3,-1,0.421377
OG0000601,Brachypodium_distachyon,3,-1,0.314564
OG0000603,Avena_sativa,8,4,0.000147283
OG0000603,Arabidopsis_thaliana,5,2,0.142253
OG0000603,Triticum_turgidum,6,0,0.54359
OG0000603,Zea_mays,1,0,0.54662
OG0000603,Sorghum_bicolor,1,0,0.54662
OG0000603,Hordeum_vulgare,2,-2,0.00167612
OG0000603,Triticum_aestivum,8,2,0.00144473
OG0000603,Oryza_sativa,3,0,0.730477
OG0000603,Brachypodium_distachyon,2,-1,0.256093
OG0000604,Avena_sativa,9,4,0.000297162
OG0000604,Arabidopsis_thaliana,5,3,0.030694
OG0000604,Triticum_turgidum,6,0,0.54359
OG0000604,Zea_mays,2,0,0.586825
OG0000604,Sorghum_bicolor,1,-1,0.130342
OG0000604,Hordeum_vulgare,5,0,0.598716
OG0000604,Triticum_aestivum,7,1,0.0231449
OG0000604,Oryza_sativa,0,-2,0.0102411
OG0000604,Brachypodium_distachyon,1,-1,0.186225
OG0000605,Avena_sativa,5,0,0.700698
OG0000605,Arabidopsis_thaliana,1,-1,0.526493
OG0000605,Triticum_turgidum,8,0,0.55683
OG0000605,Zea_mays,1,-2,0.00408936
OG0000605,Sorghum_bicolor,3,0,0.621591
OG0000605,Hordeum_vulgare,6,0,0.614742
OG0000605,Triticum_aestivum,8,0,0.55683
OG0000605,Oryza_sativa,7,2,0.124417
OG0000605,Brachypodium_distachyon,4,-1,0.363881
OG0000606,Avena_sativa,6,1,0.137871
OG0000606,Arabidopsis_thaliana,2,-1,0.614525
OG0000606,Triticum_turgidum,4,-1,0.0553244
OG0000606,Zea_mays,8,1,0.160055
OG0000606,Sorghum_bicolor,7,0,0.720859
OG0000606,Hordeum_vulgare,5,0,0.598716
OG0000606,Triticum_aestivum,6,1,0.0192946
OG0000606,Oryza_sativa,4,-1,0.473385
OG0000606,Brachypodium_distachyon,3,-2,0.0266823
OG0000611,Avena_sativa,8,3,0.00375845
OG0000611,Arabidopsis_thaliana,5,1,0.477231
OG0000611,Triticum_turgidum,2,-3,2.48E-06
OG0000611,Zea_mays,6,0,0.700838
OG0000611,Sorghum_bicolor,6,0,0.700838
OG0000611,Hordeum_vulgare,5,0,0.598716
OG0000611,Triticum_aestivum,5,0,0.536738
OG0000611,Oryza_sativa,2,-3,0.00934822
OG0000611,Brachypodium_distachyon,5,0,0.733066
OG0000612,Avena_sativa,2,-3,0.00122451
OG0000612,Arabidopsis_thaliana,1,-1,0.526493
OG0000612,Triticum_turgidum,3,0,0.522552
OG0000612,Zea_mays,11,4,0.000486826
OG0000612,Sorghum_bicolor,6,-1,0.345267
OG0000612,Hordeum_vulgare,7,2,0.00810445
OG0000612,Triticum_aestivum,1,-2,9.30E-05
OG0000612,Oryza_sativa,5,-1,0.515014
OG0000612,Brachypodium_distachyon,27,21,1.40E-20
OG0000613,Avena_sativa,5,0,0.700698
OG0000613,Arabidopsis_thaliana,2,0,0.83681
OG0000613,Triticum_turgidum,8,1,0.0269899
OG0000613,Zea_mays,2,-1,0.18413
OG0000613,Sorghum_bicolor,3,0,0.621591
OG0000613,Hordeum_vulgare,10,3,0.000761285
OG0000613,Triticum_aestivum,6,-1,0.075921
OG0000613,Oryza_sativa,5,1,0.211576
OG0000613,Brachypodium_distachyon,2,-2,0.017401
OG0000614,Avena_sativa,7,2,0.0421525
OG0000614,Arabidopsis_thaliana,2,-1,0.614525
OG0000614,Triticum_turgidum,4,-1,0.0553244
OG0000614,Zea_mays,8,3,0.00235073
OG0000614,Sorghum_bicolor,5,0,0.677962
OG0000614,Hordeum_vulgare,6,1,0.0567459
OG0000614,Triticum_aestivum,5,0,0.536738
OG0000614,Oryza_sativa,5,0,0.79601
OG0000614,Brachypodium_distachyon,4,-1,0.363881
OG0000618,Avena_sativa,6,1,0.137871
OG0000618,Arabidopsis_thaliana,3,0,0.871099
OG0000618,Triticum_turgidum,4,-1,0.0553244
OG0000618,Zea_mays,3,-2,0.0120803
OG0000618,Sorghum_bicolor,9,4,0.000157622
OG0000618,Hordeum_vulgare,5,0,0.598716
OG0000618,Triticum_aestivum,5,0,0.536738
OG0000618,Oryza_sativa,7,2,0.124417
OG0000618,Brachypodium_distachyon,4,-1,0.363881
OG0000619,Avena_sativa,6,0,0.724415
OG0000619,Arabidopsis_thaliana,1,-1,0.526493
OG0000619,Triticum_turgidum,6,0,0.54359
OG0000619,Zea_mays,3,-1,0.231726
OG0000619,Sorghum_bicolor,6,2,0.0210788
OG0000619,Hordeum_vulgare,8,2,0.0114165
OG0000619,Triticum_aestivum,6,0,0.54359
OG0000619,Oryza_sativa,3,-1,0.421377
OG0000619,Brachypodium_distachyon,4,-1,0.363881
OG0000620,Avena_sativa,3,-1,0.264988
OG0000620,Arabidopsis_thaliana,14,10,0.000135369
OG0000620,Triticum_turgidum,4,-1,0.0553244
OG0000620,Zea_mays,4,-1,0.273983
OG0000620,Sorghum_bicolor,11,6,1.14E-06
OG0000620,Hordeum_vulgare,5,0,0.598716
OG0000620,Triticum_aestivum,5,0,0.536738
OG0000620,Oryza_sativa,3,-1,0.421377
OG0000620,Brachypodium_distachyon,3,-1,0.314564
OG0000621,Avena_sativa,3,-1,0.264988
OG0000621,Arabidopsis_thaliana,9,5,0.0220168
OG0000621,Triticum_turgidum,6,0,0.54359
OG0000621,Zea_mays,1,-3,0.00033682
OG0000621,Sorghum_bicolor,6,2,0.0210788
OG0000621,Hordeum_vulgare,7,1,0.0678967
OG0000621,Triticum_aestivum,7,1,0.0231449
OG0000621,Oryza_sativa,6,2,0.0910077
OG0000621,Brachypodium_distachyon,3,-1,0.314564
OG0000622,Avena_sativa,4,0,0.672871
OG0000622,Arabidopsis_thaliana,3,0,0.871099
OG0000622,Triticum_turgidum,4,0,0.529727
OG0000622,Zea_mays,21,14,3.61E-15
OG0000622,Sorghum_bicolor,5,-2,0.0230299
OG0000622,Hordeum_vulgare,4,0,0.581577
OG0000622,Triticum_aestivum,3,-1,0.0447081
OG0000622,Oryza_sativa,5,0,0.79601
OG0000622,Brachypodium_distachyon,4,0,0.703899
OG0000623,Avena_sativa,4,-2,0.0239867
OG0000623,Arabidopsis_thaliana,2,0,0.83681
OG0000623,Triticum_turgidum,6,0,0.54359
OG0000623,Zea_mays,3,0,0.621591
OG0000623,Sorghum_bicolor,2,-1,0.18413
OG0000623,Hordeum_vulgare,6,0,0.614742
OG0000623,Triticum_aestivum,7,1,0.0231449
OG0000623,Oryza_sativa,3,0,0.730477
OG0000623,Brachypodium_distachyon,10,4,0.00122865
OG0000636,Avena_sativa,3,0,0.640072
OG0000636,Arabidopsis_thaliana,3,1,0.294252
OG0000636,Triticum_turgidum,3,0,0.522552
OG0000636,Zea_mays,0,0,0.5
OG0000636,Sorghum_bicolor,0,0,0.5
OG0000636,Hordeum_vulgare,34,30,1.33E-46
OG0000636,Triticum_aestivum,0,-3,2.82E-07
OG0000636,Oryza_sativa,17,14,1.74E-12
OG0000636,Brachypodium_distachyon,0,-3,0.000462887
OG0000638,Avena_sativa,7,1,0.163104
OG0000638,Arabidopsis_thaliana,1,-1,0.526493
OG0000638,Triticum_turgidum,6,0,0.54359
OG0000638,Zea_mays,3,0,0.621591
OG0000638,Sorghum_bicolor,3,0,0.621591
OG0000638,Hordeum_vulgare,7,1,0.0678967
OG0000638,Triticum_aestivum,6,0,0.54359
OG0000638,Oryza_sativa,2,-1,0.355122
OG0000638,Brachypodium_distachyon,2,-1,0.256093
OG0000640,Avena_sativa,4,-1,0.310606
OG0000640,Arabidopsis_thaliana,2,-1,0.614525
OG0000640,Triticum_turgidum,4,-1,0.0553244
OG0000640,Zea_mays,11,3,0.00804886
OG0000640,Sorghum_bicolor,8,0,0.738439
OG0000640,Hordeum_vulgare,5,0,0.598716
OG0000640,Triticum_aestivum,5,0,0.536738
OG0000640,Oryza_sativa,5,0,0.79601
OG0000640,Brachypodium_distachyon,5,0,0.733066
OG0000642,Avena_sativa,6,2,0.0287475
OG0000642,Arabidopsis_thaliana,2,0,0.83681
OG0000642,Triticum_turgidum,6,0,0.54359
OG0000642,Zea_mays,4,0,0.65174
OG0000642,Sorghum_bicolor,3,-1,0.231726
OG0000642,Hordeum_vulgare,2,-2,0.00167612
OG0000642,Triticum_aestivum,7,1,0.0231449
OG0000642,Oryza_sativa,6,2,0.0910077
OG0000642,Brachypodium_distachyon,3,-1,0.314564
OG0000643,Avena_sativa,5,0,0.700698
OG0000643,Arabidopsis_thaliana,1,-1,0.526493
OG0000643,Triticum_turgidum,6,0,0.54359
OG0000643,Zea_mays,3,-1,0.231726
OG0000643,Sorghum_bicolor,5,1,0.0944197
OG0000643,Hordeum_vulgare,7,1,0.0678967
OG0000643,Triticum_aestivum,7,1,0.0231449
OG0000643,Oryza_sativa,4,0,0.768135
OG0000643,Brachypodium_distachyon,2,-2,0.017401
OG0000644,Avena_sativa,2,-2,0.010873
OG0000644,Arabidopsis_thaliana,1,-1,0.526493
OG0000644,Triticum_turgidum,6,0,0.54359
OG0000644,Zea_mays,5,0,0.677962
OG0000644,Sorghum_bicolor,9,4,0.000157622
OG0000644,Hordeum_vulgare,3,-1,0.123358
OG0000644,Triticum_aestivum,9,3,2.10E-05
OG0000644,Oryza_sativa,3,-1,0.421377
OG0000644,Brachypodium_distachyon,6,2,0.0432809
OG0000649,Avena_sativa,4,-1,0.310606
OG0000649,Arabidopsis_thaliana,1,-1,0.526493
OG0000649,Triticum_turgidum,6,0,0.54359
OG0000649,Zea_mays,4,0,0.65174
OG0000649,Sorghum_bicolor,5,1,0.0944197
OG0000649,Hordeum_vulgare,10,4,1.80E-05
OG0000649,Triticum_aestivum,6,0,0.54359
OG0000649,Oryza_sativa,4,0,0.768135
OG0000649,Brachypodium_distachyon,5,0,0.733066
OG0000651,Avena_sativa,4,0,0.672871
OG0000651,Arabidopsis_thaliana,3,0,0.871099
OG0000651,Triticum_turgidum,4,0,0.529727
OG0000651,Zea_mays,16,9,2.49E-09
OG0000651,Sorghum_bicolor,6,-1,0.345267
OG0000651,Hordeum_vulgare,4,0,0.581577
OG0000651,Triticum_aestivum,4,0,0.529727
OG0000651,Oryza_sativa,5,0,0.79601
OG0000651,Brachypodium_distachyon,4,0,0.703899
OG0000652,Avena_sativa,3,-1,0.264988
OG0000652,Arabidopsis_thaliana,1,-1,0.526493
OG0000652,Triticum_turgidum,8,1,0.0269899
OG0000652,Zea_mays,5,0,0.677962
OG0000652,Sorghum_bicolor,7,2,0.0312902
OG0000652,Hordeum_vulgare,5,0,0.598716
OG0000652,Triticum_aestivum,7,0,0.550286
OG0000652,Oryza_sativa,2,-2,0.041886
OG0000652,Brachypodium_distachyon,4,0,0.703899
OG0000658,Avena_sativa,4,0,0.672871
OG0000658,Arabidopsis_thaliana,6,2,0.203812
OG0000658,Triticum_turgidum,2,-2,0.000184061
OG0000658,Zea_mays,7,0,0.720859
OG0000658,Sorghum_bicolor,7,0,0.720859
OG0000658,Hordeum_vulgare,4,0,0.581577
OG0000658,Triticum_aestivum,4,0,0.529727
OG0000658,Oryza_sativa,8,2,0.0798483
OG0000658,Brachypodium_distachyon,7,1,0.201502
OG0000662,Avena_sativa,6,1,0.137871
OG0000662,Arabidopsis_thaliana,2,-1,0.614525
OG0000662,Triticum_turgidum,6,0,0.54359
OG0000662,Zea_mays,3,-2,0.0120803
OG0000662,Sorghum_bicolor,6,1,0.116998
OG0000662,Hordeum_vulgare,0,-5,3.97E-09
OG0000662,Triticum_aestivum,7,1,0.0231449
OG0000662,Oryza_sativa,5,0,0.79601
OG0000662,Brachypodium_distachyon,5,0,0.733066
OG0000663,Avena_sativa,4,-1,0.310606
OG0000663,Arabidopsis_thaliana,4,1,0.40319
OG0000663,Triticum_turgidum,4,-1,0.0553244
OG0000663,Zea_mays,6,1,0.116998
OG0000663,Sorghum_bicolor,3,-2,0.0120803
OG0000663,Hordeum_vulgare,6,1,0.0567459
OG0000663,Triticum_aestivum,5,0,0.536738
OG0000663,Oryza_sativa,12,7,3.28E-05
OG0000663,Brachypodium_distachyon,3,-2,0.0266823
OG0000664,Avena_sativa,7,3,0.00206501
OG0000664,Arabidopsis_thaliana,3,0,0.871099
OG0000664,Triticum_turgidum,4,0,0.529727
OG0000664,Zea_mays,6,0,0.700838
OG0000664,Sorghum_bicolor,10,4,0.000289177
OG0000664,Hordeum_vulgare,3,-1,0.123358
OG0000664,Triticum_aestivum,4,0,0.529727
OG0000664,Oryza_sativa,3,-1,0.421377
OG0000664,Brachypodium_distachyon,2,-2,0.017401
OG0000676,Avena_sativa,7,2,0.0421525
OG0000676,Arabidopsis_thaliana,3,0,0.871099
OG0000676,Triticum_turgidum,4,-1,0.0553244
OG0000676,Zea_mays,3,0,0.621591
OG0000676,Sorghum_bicolor,3,0,0.621591
OG0000676,Hordeum_vulgare,8,3,0.000290822
OG0000676,Triticum_aestivum,5,0,0.536738
OG0000676,Oryza_sativa,4,0,0.768135
OG0000676,Brachypodium_distachyon,3,-1,0.314564
OG0000678,Avena_sativa,2,0,0.601244
OG0000678,Arabidopsis_thaliana,2,0,0.83681
OG0000678,Triticum_turgidum,8,0,0.55683
OG0000678,Zea_mays,3,1,0.0476668
OG0000678,Sorghum_bicolor,2,0,0.586825
OG0000678,Hordeum_vulgare,12,4,5.08E-05
OG0000678,Triticum_aestivum,7,-1,0.0859113
OG0000678,Oryza_sativa,2,0,0.678483
OG0000678,Brachypodium_distachyon,2,0,0.62392
OG0000681,Avena_sativa,2,0,0.601244
OG0000681,Arabidopsis_thaliana,1,0,0.756301
OG0000681,Triticum_turgidum,8,0,0.55683
OG0000681,Zea_mays,3,0,0.621591
OG0000681,Sorghum_bicolor,3,0,0.621591
OG0000681,Hordeum_vulgare,8,0,0.643773
OG0000681,Triticum_aestivum,9,1,0.0308288
OG0000681,Oryza_sativa,2,0,0.678483
OG0000681,Brachypodium_distachyon,2,0,0.62392
OG0000682,Avena_sativa,5,0,0.700698
OG0000682,Arabidopsis_thaliana,4,1,0.40319
OG0000682,Triticum_turgidum,5,0,0.536738
OG0000682,Zea_mays,8,3,0.00235073
OG0000682,Sorghum_bicolor,4,-1,0.273983
OG0000682,Hordeum_vulgare,6,1,0.0567459
OG0000682,Triticum_aestivum,4,-1,0.0553244
OG0000682,Oryza_sativa,6,1,0.255402
OG0000682,Brachypodium_distachyon,3,-2,0.0266823
OG0000683,Avena_sativa,6,1,0.137871
OG0000683,Arabidopsis_thaliana,5,2,0.142253
OG0000683,Triticum_turgidum,9,4,1.36E-07
OG0000683,Zea_mays,3,0,0.621591
OG0000683,Sorghum_bicolor,3,0,0.621591
OG0000683,Hordeum_vulgare,5,0,0.598716
OG0000683,Triticum_aestivum,3,-2,0.000304323
OG0000683,Oryza_sativa,3,0,0.730477
OG0000683,Brachypodium_distachyon,2,-1,0.256093
OG0000690,Avena_sativa,2,0,0.601244
OG0000690,Arabidopsis_thaliana,1,0,0.756301
OG0000690,Triticum_turgidum,8,-1,0.0957027
OG0000690,Zea_mays,0,0,0.5
OG0000690,Sorghum_bicolor,0,0,0.5
OG0000690,Hordeum_vulgare,13,4,7.80E-05
OG0000690,Triticum_aestivum,11,2,0.00320011
OG0000690,Oryza_sativa,0,-1,0.154715
OG0000690,Brachypodium_distachyon,0,-1,0.102088
OG0000695,Avena_sativa,3,-1,0.264988
OG0000695,Arabidopsis_thaliana,1,-1,0.526493
OG0000695,Triticum_turgidum,8,2,0.00144473
OG0000695,Zea_mays,2,0,0.586825
OG0000695,Sorghum_bicolor,2,0,0.586825
OG0000695,Hordeum_vulgare,5,0,0.598716
OG0000695,Triticum_aestivum,6,0,0.54359
OG0000695,Oryza_sativa,11,7,6.91E-06
OG0000695,Brachypodium_distachyon,4,0,0.703899
OG0000696,Avena_sativa,6,1,0.137871
OG0000696,Arabidopsis_thaliana,2,0,0.83681
OG0000696,Triticum_turgidum,6,1,0.0192946
OG0000696,Zea_mays,6,2,0.0210788
OG0000696,Sorghum_bicolor,3,-1,0.231726
OG0000696,Hordeum_vulgare,4,-1,0.149855
OG0000696,Triticum_aestivum,5,0,0.536738
OG0000696,Oryza_sativa,4,0,0.768135
OG0000696,Brachypodium_distachyon,5,0,0.733066
OG0000703,Avena_sativa,5,0,0.700698
OG0000703,Arabidopsis_thaliana,1,-1,0.526493
OG0000703,Triticum_turgidum,6,0,0.54359
OG0000703,Zea_mays,7,3,0.00127647
OG0000703,Sorghum_bicolor,4,0,0.65174
OG0000703,Hordeum_vulgare,5,0,0.598716
OG0000703,Triticum_aestivum,6,0,0.54359
OG0000703,Oryza_sativa,3,-1,0.421377
OG0000703,Brachypodium_distachyon,4,0,0.703899
OG0000705,Avena_sativa,4,0,0.672871
OG0000705,Arabidopsis_thaliana,6,3,0.0776588
OG0000705,Triticum_turgidum,6,1,0.0192946
OG0000705,Zea_mays,3,-1,0.231726
OG0000705,Sorghum_bicolor,6,2,0.0210788
OG0000705,Hordeum_vulgare,6,1,0.0567459
OG0000705,Triticum_aestivum,5,0,0.536738
OG0000705,Oryza_sativa,4,0,0.768135
OG0000705,Brachypodium_distachyon,3,-1,0.314564
OG0000706,Avena_sativa,0,-5,6.75E-07
OG0000706,Arabidopsis_thaliana,6,2,0.203812
OG0000706,Triticum_turgidum,4,-1,0.0553244
OG0000706,Zea_mays,13,6,7.72E-06
OG0000706,Sorghum_bicolor,6,-1,0.345267
OG0000706,Hordeum_vulgare,5,0,0.598716
OG0000706,Triticum_aestivum,5,0,0.536738
OG0000706,Oryza_sativa,7,1,0.294687
OG0000706,Brachypodium_distachyon,5,0,0.733066
OG0000708,Avena_sativa,0,0,0.5
OG0000708,Arabidopsis_thaliana,65,60,1.11E-27
OG0000708,Triticum_turgidum,0,0,0.5
OG0000708,Zea_mays,0,-1,0.0693598
OG0000708,Sorghum_bicolor,1,0,0.54662
OG0000708,Hordeum_vulgare,0,0,0.5
OG0000708,Triticum_aestivum,0,0,0.5
OG0000708,Oryza_sativa,0,0,0.5
OG0000708,Brachypodium_distachyon,0,0,0.5
OG0000709,Avena_sativa,2,0,0.601244
OG0000709,Arabidopsis_thaliana,1,0,0.756301
OG0000709,Triticum_turgidum,12,1,0.0423002
OG0000709,Zea_mays,0,0,0.5
OG0000709,Sorghum_bicolor,0,0,0.5
OG0000709,Hordeum_vulgare,2,0,0.543596
OG0000709,Triticum_aestivum,11,0,0.575591
OG0000709,Oryza_sativa,1,0,0.605212
OG0000709,Brachypodium_distachyon,0,-1,0.102088
OG0000711,Avena_sativa,4,-1,0.310606
OG0000711,Arabidopsis_thaliana,1,-1,0.526493
OG0000711,Triticum_turgidum,4,-1,0.0553244
OG0000711,Zea_mays,10,4,0.000289177
OG0000711,Sorghum_bicolor,5,-1,0.311624
OG0000711,Hordeum_vulgare,5,0,0.598716
OG0000711,Triticum_aestivum,5,0,0.536738
OG0000711,Oryza_sativa,4,-1,0.473385
OG0000711,Brachypodium_distachyon,5,0,0.733066
OG0000712,Avena_sativa,2,-1,0.212567
OG0000712,Arabidopsis_thaliana,3,0,0.871099
OG0000712,Triticum_turgidum,7,0,0.550286
OG0000712,Zea_mays,6,1,0.116998
OG0000712,Sorghum_bicolor,5,0,0.677962
OG0000712,Hordeum_vulgare,3,0,0.563236
OG0000712,Triticum_aestivum,8,1,0.0269899
OG0000712,Oryza_sativa,2,-1,0.355122
OG0000712,Brachypodium_distachyon,3,0,0.668125
OG0000721,Avena_sativa,4,0,0.672871
OG0000721,Arabidopsis_thaliana,3,0,0.871099
OG0000721,Triticum_turgidum,4,-1,0.0553244
OG0000721,Zea_mays,9,3,0.00383251
OG0000721,Sorghum_bicolor,6,0,0.700838
OG0000721,Hordeum_vulgare,5,0,0.598716
OG0000721,Triticum_aestivum,5,0,0.536738
OG0000721,Oryza_sativa,2,-2,0.041886
OG0000721,Brachypodium_distachyon,4,0,0.703899
OG0000723,Avena_sativa,4,0,0.672871
OG0000723,Arabidopsis_thaliana,6,3,0.0776588
OG0000723,Triticum_turgidum,6,0,0.54359
OG0000723,Zea_mays,4,1,0.0712625
OG0000723,Sorghum_bicolor,2,-1,0.18413
OG0000723,Hordeum_vulgare,7,1,0.0678967
OG0000723,Triticum_aestivum,6,0,0.54359
OG0000723,Oryza_sativa,1,-2,0.0244268
OG0000723,Brachypodium_distachyon,3,0,0.668125
OG0000727,Avena_sativa,8,2,0.0566821
OG0000727,Arabidopsis_thaliana,1,0,0.756301
OG0000727,Triticum_turgidum,5,-1,0.065727
OG0000727,Zea_mays,1,0,0.54662
OG0000727,Sorghum_bicolor,1,0,0.54662
OG0000727,Hordeum_vulgare,8,2,0.0114165
OG0000727,Triticum_aestivum,6,0,0.54359
OG0000727,Oryza_sativa,0,-1,0.154715
OG0000727,Brachypodium_distachyon,2,0,0.62392
OG0000735,Avena_sativa,4,0,0.672871
OG0000735,Arabidopsis_thaliana,5,2,0.142253
OG0000735,Triticum_turgidum,6,1,0.0192946
OG0000735,Zea_mays,2,-2,0.00765457
OG0000735,Sorghum_bicolor,5,1,0.0944197
OG0000735,Hordeum_vulgare,4,0,0.581577
OG0000735,Triticum_aestivum,5,0,0.536738
OG0000735,Oryza_sativa,5,1,0.211576
OG0000735,Brachypodium_distachyon,5,1,0.139528
OG0000736,Avena_sativa,5,0,0.700698
OG0000736,Arabidopsis_thaliana,9,5,0.0220168
OG0000736,Triticum_turgidum,2,-2,0.000184061
OG0000736,Zea_mays,2,-3,0.00071883
OG0000736,Sorghum_bicolor,5,0,0.677962
OG0000736,Hordeum_vulgare,4,0,0.581577
OG0000736,Triticum_aestivum,5,1,0.0154401
OG0000736,Oryza_sativa,6,1,0.255402
OG0000736,Brachypodium_distachyon,5,0,0.733066
OG0000737,Avena_sativa,6,1,0.137871
OG0000737,Arabidopsis_thaliana,4,1,0.40319
OG0000737,Triticum_turgidum,2,-3,2.48E-06
OG0000737,Zea_mays,5,0,0.677962
OG0000737,Sorghum_bicolor,5,0,0.677962
OG0000737,Hordeum_vulgare,5,0,0.598716
OG0000737,Triticum_aestivum,6,1,0.0192946
OG0000737,Oryza_sativa,1,-3,0.00497628
OG0000737,Brachypodium_distachyon,3,-1,0.314564
OG0000738,Avena_sativa,8,4,0.000147283
OG0000738,Arabidopsis_thaliana,4,2,0.0815
OG0000738,Triticum_turgidum,6,1,0.0192946
OG0000738,Zea_mays,1,0,0.54662
OG0000738,Sorghum_bicolor,1,0,0.54662
OG0000738,Hordeum_vulgare,3,-1,0.123358
OG0000738,Triticum_aestivum,5,0,0.536738
OG0000738,Oryza_sativa,2,0,0.678483
OG0000738,Brachypodium_distachyon,3,0,0.668125
OG0000740,Avena_sativa,5,0,0.700698
OG0000740,Arabidopsis_thaliana,4,1,0.40319
OG0000740,Triticum_turgidum,4,0,0.529727
OG0000740,Zea_mays,6,2,0.0210788
OG0000740,Sorghum_bicolor,4,0,0.65174
OG0000740,Hordeum_vulgare,10,5,3.40E-07
OG0000740,Triticum_aestivum,3,-1,0.0447081
OG0000740,Oryza_sativa,3,-1,0.421377
OG0000740,Brachypodium_distachyon,4,0,0.703899
OG0000742,Avena_sativa,5,0,0.700698
OG0000742,Arabidopsis_thaliana,5,1,0.477231
OG0000742,Triticum_turgidum,4,0,0.529727
OG0000742,Zea_mays,9,3,0.00383251
OG0000742,Sorghum_bicolor,5,-1,0.311624
OG0000742,Hordeum_vulgare,4,0,0.581577
OG0000742,Triticum_aestivum,4,0,0.529727
OG0000742,Oryza_sativa,2,-3,0.00934822
OG0000742,Brachypodium_distachyon,5,0,0.733066
OG0000744,Avena_sativa,6,2,0.0287475
OG0000744,Arabidopsis_thaliana,4,1,0.40319
OG0000744,Triticum_turgidum,4,0,0.529727
OG0000744,Zea_mays,6,0,0.700838
OG0000744,Sorghum_bicolor,8,2,0.042575
OG0000744,Hordeum_vulgare,3,-1,0.123358
OG0000744,Triticum_aestivum,4,0,0.529727
OG0000744,Oryza_sativa,3,-1,0.421377
OG0000744,Brachypodium_distachyon,2,-2,0.017401
OG0000745,Avena_sativa,4,0,0.672871
OG0000745,Arabidopsis_thaliana,1,-1,0.526493
OG0000745,Triticum_turgidum,4,-1,0.0553244
OG0000745,Zea_mays,5,1,0.0944197
OG0000745,Sorghum_bicolor,4,0,0.65174
OG0000745,Hordeum_vulgare,5,0,0.598716
OG0000745,Triticum_aestivum,7,2,0.00100311
OG0000745,Oryza_sativa,4,0,0.768135
OG0000745,Brachypodium_distachyon,2,-2,0.017401
OG0000746,Avena_sativa,4,-1,0.310606
OG0000746,Arabidopsis_thaliana,1,-1,0.526493
OG0000746,Triticum_turgidum,6,0,0.54359
OG0000746,Zea_mays,2,-3,0.00071883
OG0000746,Sorghum_bicolor,5,0,0.677962
OG0000746,Hordeum_vulgare,5,0,0.598716
OG0000746,Triticum_aestivum,6,0,0.54359
OG0000746,Oryza_sativa,5,0,0.79601
OG0000746,Brachypodium_distachyon,5,0,0.733066
OG0000763,Avena_sativa,2,-1,0.212567
OG0000763,Arabidopsis_thaliana,5,2,0.142253
OG0000763,Triticum_turgidum,6,0,0.54359
OG0000763,Zea_mays,6,0,0.700838
OG0000763,Sorghum_bicolor,7,1,0.138898
OG0000763,Hordeum_vulgare,6,0,0.614742
OG0000763,Triticum_aestivum,6,0,0.54359
OG0000763,Oryza_sativa,2,-1,0.355122
OG0000763,Brachypodium_distachyon,2,-1,0.256093
OG0000764,Avena_sativa,4,0,0.672871
OG0000764,Arabidopsis_thaliana,1,-1,0.526493
OG0000764,Triticum_turgidum,4,0,0.529727
OG0000764,Zea_mays,11,6,1.14E-06
OG0000764,Sorghum_bicolor,4,-1,0.273983
OG0000764,Hordeum_vulgare,4,0,0.581577
OG0000764,Triticum_aestivum,5,1,0.0154401
OG0000764,Oryza_sativa,4,0,0.768135
OG0000764,Brachypodium_distachyon,4,0,0.703899
OG0000766,Avena_sativa,4,0,0.672871
OG0000766,Arabidopsis_thaliana,8,5,0.0082092
OG0000766,Triticum_turgidum,4,0,0.529727
OG0000766,Zea_mays,1,-2,0.00408936
OG0000766,Sorghum_bicolor,3,0,0.621591
OG0000766,Hordeum_vulgare,3,-1,0.123358
OG0000766,Triticum_aestivum,6,2,0.000637864
OG0000766,Oryza_sativa,4,0,0.768135
OG0000766,Brachypodium_distachyon,3,-1,0.314564
OG0000767,Avena_sativa,6,2,0.0287475
OG0000767,Arabidopsis_thaliana,1,-1,0.526493
OG0000767,Triticum_turgidum,4,0,0.529727
OG0000767,Zea_mays,4,0,0.65174
OG0000767,Sorghum_bicolor,6,2,0.0210788
OG0000767,Hordeum_vulgare,4,0,0.581577
OG0000767,Triticum_aestivum,5,1,0.0154401
OG0000767,Oryza_sativa,1,-3,0.00497628
OG0000767,Brachypodium_distachyon,4,0,0.703899
OG0000769,Avena_sativa,4,0,0.672871
OG0000769,Arabidopsis_thaliana,2,0,0.83681
OG0000769,Triticum_turgidum,5,0,0.536738
OG0000769,Zea_mays,3,0,0.621591
OG0000769,Sorghum_bicolor,2,-1,0.18413
OG0000769,Hordeum_vulgare,5,0,0.598716
OG0000769,Triticum_aestivum,6,1,0.0192946
OG0000769,Oryza_sativa,9,5,0.000423056
OG0000769,Brachypodium_distachyon,4,0,0.703899
OG0000770,Avena_sativa,8,4,0.000147283
OG0000770,Arabidopsis_thaliana,2,0,0.83681
OG0000770,Triticum_turgidum,2,-2,0.000184061
OG0000770,Zea_mays,4,0,0.65174
OG0000770,Sorghum_bicolor,5,1,0.0944197
OG0000770,Hordeum_vulgare,4,0,0.581577
OG0000770,Triticum_aestivum,5,1,0.0154401
OG0000770,Oryza_sativa,2,-1,0.355122
OG0000770,Brachypodium_distachyon,2,-1,0.256093
OG0000771,Avena_sativa,7,2,0.0421525
OG0000771,Arabidopsis_thaliana,3,0,0.871099
OG0000771,Triticum_turgidum,4,0,0.529727
OG0000771,Zea_mays,2,-1,0.18413
OG0000771,Sorghum_bicolor,4,1,0.0712625
OG0000771,Hordeum_vulgare,6,1,0.0567459
OG0000771,Triticum_aestivum,4,0,0.529727
OG0000771,Oryza_sativa,2,-1,0.355122
OG0000771,Brachypodium_distachyon,5,0,0.733066
OG0000774,Avena_sativa,7,4,6.42E-05
OG0000774,Arabidopsis_thaliana,1,0,0.756301
OG0000774,Triticum_turgidum,4,0,0.529727
OG0000774,Zea_mays,1,-1,0.130342
OG0000774,Sorghum_bicolor,2,0,0.586825
OG0000774,Hordeum_vulgare,1,-2,0.000864647
OG0000774,Triticum_aestivum,8,4,6.35E-08
OG0000774,Oryza_sativa,1,-1,0.268992
OG0000774,Brachypodium_distachyon,2,0,0.62392
OG0000775,Avena_sativa,4,0,0.672871
OG0000775,Arabidopsis_thaliana,2,0,0.83681
OG0000775,Triticum_turgidum,6,0,0.54359
OG0000775,Zea_mays,6,3,0.000579131
OG0000775,Sorghum_bicolor,1,-2,0.00408936
OG0000775,Hordeum_vulgare,0,-4,1.46E-07
OG0000775,Triticum_aestivum,7,1,0.0231449
OG0000775,Oryza_sativa,1,-2,0.0244268
OG0000775,Brachypodium_distachyon,7,3,0.00391436
OG0000786,Avena_sativa,2,0,0.601244
OG0000786,Arabidopsis_thaliana,2,0,0.83681
OG0000786,Triticum_turgidum,4,0,0.529727
OG0000786,Zea_mays,21,18,1.32E-22
OG0000786,Sorghum_bicolor,0,-3,0.000117003
OG0000786,Hordeum_vulgare,0,-2,0.000304881
OG0000786,Triticum_aestivum,7,3,6.27E-06
OG0000786,Oryza_sativa,0,-2,0.0102411
OG0000786,Brachypodium_distachyon,5,3,0.000650462
OG0000787,Avena_sativa,4,0,0.672871
OG0000787,Arabidopsis_thaliana,14,10,0.000135369
OG0000787,Triticum_turgidum,4,-1,0.0553244
OG0000787,Zea_mays,3,0,0.621591
OG0000787,Sorghum_bicolor,2,-1,0.18413
OG0000787,Hordeum_vulgare,5,0,0.598716
OG0000787,Triticum_aestivum,5,0,0.536738
OG0000787,Oryza_sativa,2,-1,0.355122
OG0000787,Brachypodium_distachyon,2,-1,0.256093
OG0000788,Avena_sativa,4,0,0.672871
OG0000788,Arabidopsis_thaliana,1,-1,0.526493
OG0000788,Triticum_turgidum,7,1,0.0231449
OG0000788,Zea_mays,3,0,0.621591
OG0000788,Sorghum_bicolor,3,0,0.621591
OG0000788,Hordeum_vulgare,8,2,0.0114165
OG0000788,Triticum_aestivum,5,-1,0.065727
OG0000788,Oryza_sativa,5,1,0.211576
OG0000788,Brachypodium_distachyon,2,-2,0.017401
OG0000789,Avena_sativa,4,0,0.672871
OG0000789,Arabidopsis_thaliana,2,0,0.83681
OG0000789,Triticum_turgidum,5,-1,0.065727
OG0000789,Zea_mays,6,2,0.0210788
OG0000789,Sorghum_bicolor,3,-1,0.231726
OG0000789,Hordeum_vulgare,7,1,0.0678967
OG0000789,Triticum_aestivum,6,0,0.54359
OG0000789,Oryza_sativa,3,-1,0.421377
OG0000789,Brachypodium_distachyon,3,-1,0.314564
OG0000790,Avena_sativa,4,0,0.672871
OG0000790,Arabidopsis_thaliana,4,1,0.40319
OG0000790,Triticum_turgidum,4,0,0.529727
OG0000790,Zea_mays,12,7,6.66E-08
OG0000790,Sorghum_bicolor,4,-1,0.273983
OG0000790,Hordeum_vulgare,4,0,0.581577
OG0000790,Triticum_aestivum,3,-1,0.0447081
OG0000790,Oryza_sativa,6,2,0.0910077
OG0000790,Brachypodium_distachyon,4,0,0.703899
OG0000791,Avena_sativa,4,0,0.672871
OG0000791,Arabidopsis_thaliana,2,0,0.83681
OG0000791,Triticum_turgidum,4,0,0.529727
OG0000791,Zea_mays,6,1,0.116998
OG0000791,Sorghum_bicolor,5,0,0.677962
OG0000791,Hordeum_vulgare,9,5,4.25E-07
OG0000791,Triticum_aestivum,4,0,0.529727
OG0000791,Oryza_sativa,5,1,0.211576
OG0000791,Brachypodium_distachyon,4,0,0.703899
OG0000794,Avena_sativa,8,4,0.000147283
OG0000794,Arabidopsis_thaliana,1,0,0.756301
OG0000794,Triticum_turgidum,8,2,0.00144473
OG0000794,Zea_mays,0,0,0.5
OG0000794,Sorghum_bicolor,0,0,0.5
OG0000794,Hordeum_vulgare,2,-2,0.00167612
OG0000794,Triticum_aestivum,6,0,0.54359
OG0000794,Oryza_sativa,0,-1,0.154715
OG0000794,Brachypodium_distachyon,0,-1,0.102088
OG0000796,Avena_sativa,3,-1,0.264988
OG0000796,Arabidopsis_thaliana,6,3,0.0776588
OG0000796,Triticum_turgidum,5,0,0.536738
OG0000796,Zea_mays,3,0,0.621591
OG0000796,Sorghum_bicolor,2,-1,0.18413
OG0000796,Hordeum_vulgare,4,0,0.581577
OG0000796,Triticum_aestivum,6,1,0.0192946
OG0000796,Oryza_sativa,7,3,0.0127925
OG0000796,Brachypodium_distachyon,3,-1,0.314564
OG0000797,Avena_sativa,4,0,0.672871
OG0000797,Arabidopsis_thaliana,1,-1,0.526493
OG0000797,Triticum_turgidum,4,-2,0.00045328
OG0000797,Zea_mays,2,-1,0.18413
OG0000797,Sorghum_bicolor,3,0,0.621591
OG0000797,Hordeum_vulgare,7,1,0.0678967
OG0000797,Triticum_aestivum,8,2,0.00144473
OG0000797,Oryza_sativa,3,0,0.730477
OG0000797,Brachypodium_distachyon,4,0,0.703899
OG0000798,Avena_sativa,5,1,0.111601
OG0000798,Arabidopsis_thaliana,2,0,0.83681
OG0000798,Triticum_turgidum,6,0,0.54359
OG0000798,Zea_mays,2,-1,0.18413
OG0000798,Sorghum_bicolor,3,0,0.621591
OG0000798,Hordeum_vulgare,4,0,0.581577
OG0000798,Triticum_aestivum,6,0,0.54359
OG0000798,Oryza_sativa,2,-1,0.355122
OG0000798,Brachypodium_distachyon,3,0,0.668125
OG0000810,Avena_sativa,0,-5,6.75E-07
OG0000810,Arabidopsis_thaliana,3,0,0.871099
OG0000810,Triticum_turgidum,6,0,0.54359
OG0000810,Zea_mays,3,-2,0.0120803
OG0000810,Sorghum_bicolor,5,0,0.677962
OG0000810,Hordeum_vulgare,7,1,0.0678967
OG0000810,Triticum_aestivum,6,0,0.54359
OG0000810,Oryza_sativa,5,0,0.79601
OG0000810,Brachypodium_distachyon,6,1,0.171411
OG0000811,Avena_sativa,5,0,0.700698
OG0000811,Arabidopsis_thaliana,4,1,0.40319
OG0000811,Triticum_turgidum,3,-1,0.0447081
OG0000811,Zea_mays,3,-2,0.0120803
OG0000811,Sorghum_bicolor,5,0,0.677962
OG0000811,Hordeum_vulgare,3,-1,0.123358
OG0000811,Triticum_aestivum,5,1,0.0154401
OG0000811,Oryza_sativa,5,0,0.79601
OG0000811,Brachypodium_distachyon,5,0,0.733066
OG0000814,Avena_sativa,4,0,0.672871
OG0000814,Arabidopsis_thaliana,6,3,0.0776588
OG0000814,Triticum_turgidum,6,1,0.0192946
OG0000814,Zea_mays,6,3,0.000579131
OG0000814,Sorghum_bicolor,2,-1,0.18413
OG0000814,Hordeum_vulgare,5,0,0.598716
OG0000814,Triticum_aestivum,5,0,0.536738
OG0000814,Oryza_sativa,1,-2,0.0244268
OG0000814,Brachypodium_distachyon,3,0,0.668125
OG0000816,Avena_sativa,4,0,0.672871
OG0000816,Arabidopsis_thaliana,1,-1,0.526493
OG0000816,Triticum_turgidum,6,1,0.0192946
OG0000816,Zea_mays,7,3,0.00127647
OG0000816,Sorghum_bicolor,4,0,0.65174
OG0000816,Hordeum_vulgare,0,-4,1.46E-07
OG0000816,Triticum_aestivum,5,0,0.536738
OG0000816,Oryza_sativa,4,0,0.768135
OG0000816,Brachypodium_distachyon,5,1,0.139528
OG0000819,Avena_sativa,5,0,0.700698
OG0000819,Arabidopsis_thaliana,2,0,0.83681
OG0000819,Triticum_turgidum,3,-2,0.000304323
OG0000819,Zea_mays,7,3,0.00127647
OG0000819,Sorghum_bicolor,4,0,0.65174
OG0000819,Hordeum_vulgare,5,0,0.598716
OG0000819,Triticum_aestivum,6,1,0.0192946
OG0000819,Oryza_sativa,2,-2,0.041886
OG0000819,Brachypodium_distachyon,3,-1,0.314564
OG0000820,Avena_sativa,1,-1,0.15204
OG0000820,Arabidopsis_thaliana,1,-1,0.526493
OG0000820,Triticum_turgidum,2,0,0.515209
OG0000820,Zea_mays,21,14,3.61E-15
OG0000820,Sorghum_bicolor,3,-4,0.000137509
OG0000820,Hordeum_vulgare,1,-1,0.0654064
OG0000820,Triticum_aestivum,3,1,0.00772228
OG0000820,Oryza_sativa,16,10,1.55E-07
OG0000820,Brachypodium_distachyon,5,0,0.733066
OG0000821,Avena_sativa,4,0,0.672871
OG0000821,Arabidopsis_thaliana,1,0,0.756301
OG0000821,Triticum_turgidum,6,-1,0.075921
OG0000821,Zea_mays,0,-1,0.0693598
OG0000821,Sorghum_bicolor,1,0,0.54662
OG0000821,Hordeum_vulgare,7,0,0.629736
OG0000821,Triticum_aestivum,8,1,0.0269899
OG0000821,Oryza_sativa,0,-1,0.154715
OG0000821,Brachypodium_distachyon,2,0,0.62392
OG0000836,Avena_sativa,0,-1,0.0818261
OG0000836,Arabidopsis_thaliana,1,0,0.756301
OG0000836,Triticum_turgidum,1,0,0.507693
OG0000836,Zea_mays,51,47,6.05E-59
OG0000836,Sorghum_bicolor,1,-3,0.00033682
OG0000836,Hordeum_vulgare,1,0,0.522556
OG0000836,Triticum_aestivum,1,0,0.507693
OG0000836,Oryza_sativa,1,0,0.605212
OG0000836,Brachypodium_distachyon,1,0,0.56891
OG0000837,Avena_sativa,8,4,0.000147283
OG0000837,Arabidopsis_thaliana,2,0,0.83681
OG0000837,Triticum_turgidum,2,-1,0.033873
OG0000837,Zea_mays,5,1,0.0944197
OG0000837,Sorghum_bicolor,3,-1,0.231726
OG0000837,Hordeum_vulgare,3,0,0.563236
OG0000837,Triticum_aestivum,4,1,0.0115823
OG0000837,Oryza_sativa,4,0,0.768135
OG0000837,Brachypodium_distachyon,5,1,0.139528
OG0000841,Avena_sativa,6,1,0.137871
OG0000841,Arabidopsis_thaliana,2,0,0.83681
OG0000841,Triticum_turgidum,5,0,0.536738
OG0000841,Zea_mays,1,-1,0.130342
OG0000841,Sorghum_bicolor,2,0,0.586825
OG0000841,Hordeum_vulgare,9,4,9.49E-06
OG0000841,Triticum_aestivum,5,0,0.536738
OG0000841,Oryza_sativa,2,0,0.678483
OG0000841,Brachypodium_distachyon,2,-1,0.256093
OG0000843,Avena_sativa,6,2,0.0287475
OG0000843,Arabidopsis_thaliana,1,-1,0.526493
OG0000843,Triticum_turgidum,5,0,0.536738
OG0000843,Zea_mays,3,0,0.621591
OG0000843,Sorghum_bicolor,3,0,0.621591
OG0000843,Hordeum_vulgare,3,-1,0.123358
OG0000843,Triticum_aestivum,5,0,0.536738
OG0000843,Oryza_sativa,4,0,0.768135
OG0000843,Brachypodium_distachyon,3,-1,0.314564
OG0000850,Avena_sativa,4,0,0.672871
OG0000850,Arabidopsis_thaliana,6,3,0.0776588
OG0000850,Triticum_turgidum,4,0,0.529727
OG0000850,Zea_mays,3,0,0.621591
OG0000850,Sorghum_bicolor,3,0,0.621591
OG0000850,Hordeum_vulgare,4,0,0.581577
OG0000850,Triticum_aestivum,6,2,0.000637864
OG0000850,Oryza_sativa,1,-2,0.0244268
OG0000850,Brachypodium_distachyon,5,1,0.139528
OG0000853,Avena_sativa,2,-1,0.212567
OG0000853,Arabidopsis_thaliana,3,0,0.871099
OG0000853,Triticum_turgidum,6,0,0.54359
OG0000853,Zea_mays,6,0,0.700838
OG0000853,Sorghum_bicolor,8,2,0.042575
OG0000853,Hordeum_vulgare,3,0,0.563236
OG0000853,Triticum_aestivum,6,0,0.54359
OG0000853,Oryza_sativa,1,-2,0.0244268
OG0000853,Brachypodium_distachyon,3,0,0.668125
OG0000856,Avena_sativa,5,0,0.700698
OG0000856,Arabidopsis_thaliana,3,0,0.871099
OG0000856,Triticum_turgidum,4,-1,0.0553244
OG0000856,Zea_mays,3,0,0.621591
OG0000856,Sorghum_bicolor,4,1,0.0712625
OG0000856,Hordeum_vulgare,7,2,0.00810445
OG0000856,Triticum_aestivum,5,0,0.536738
OG0000856,Oryza_sativa,2,-1,0.355122
OG0000856,Brachypodium_distachyon,2,-1,0.256093
OG0000858,Avena_sativa,6,1,0.137871
OG0000858,Arabidopsis_thaliana,1,-1,0.526493
OG0000858,Triticum_turgidum,2,-2,0.000184061
OG0000858,Zea_mays,3,-1,0.231726
OG0000858,Sorghum_bicolor,4,0,0.65174
OG0000858,Hordeum_vulgare,5,0,0.598716
OG0000858,Triticum_aestivum,4,0,0.529727
OG0000858,Oryza_sativa,7,2,0.124417
OG0000858,Brachypodium_distachyon,5,0,0.733066
OG0000859,Avena_sativa,3,-1,0.264988
OG0000859,Arabidopsis_thaliana,4,1,0.40319
OG0000859,Triticum_turgidum,2,-2,0.000184061
OG0000859,Zea_mays,6,0,0.700838
OG0000859,Sorghum_bicolor,9,3,0.00383251
OG0000859,Hordeum_vulgare,5,1,0.0455004
OG0000859,Triticum_aestivum,4,0,0.529727
OG0000859,Oryza_sativa,6,1,0.255402
OG0000859,Brachypodium_distachyon,4,0,0.703899
OG0000874,Avena_sativa,1,-3,0.000585901
OG0000874,Arabidopsis_thaliana,4,1,0.40319
OG0000874,Triticum_turgidum,5,0,0.536738
OG0000874,Zea_mays,5,1,0.0944197
OG0000874,Sorghum_bicolor,4,0,0.65174
OG0000874,Hordeum_vulgare,5,0,0.598716
OG0000874,Triticum_aestivum,7,2,0.00100311
OG0000874,Oryza_sativa,3,-1,0.421377
OG0000874,Brachypodium_distachyon,4,0,0.703899
OG0000875,Avena_sativa,0,-2,0.00222918
OG0000875,Arabidopsis_thaliana,1,0,0.756301
OG0000875,Triticum_turgidum,8,0,0.55683
OG0000875,Zea_mays,2,0,0.586825
OG0000875,Sorghum_bicolor,2,0,0.586825
OG0000875,Hordeum_vulgare,6,0,0.614742
OG0000875,Triticum_aestivum,9,1,0.0308288
OG0000875,Oryza_sativa,1,-1,0.268992
OG0000875,Brachypodium_distachyon,2,0,0.62392
OG0000878,Avena_sativa,1,0,0.555086
OG0000878,Arabidopsis_thaliana,1,0,0.756301
OG0000878,Triticum_turgidum,8,0,0.55683
OG0000878,Zea_mays,0,0,0.5
OG0000878,Sorghum_bicolor,0,0,0.5
OG0000878,Hordeum_vulgare,6,0,0.614742
OG0000878,Triticum_aestivum,11,3,4.96E-05
OG0000878,Oryza_sativa,0,-1,0.154715
OG0000878,Brachypodium_distachyon,0,-1,0.102088
OG0000882,Avena_sativa,5,0,0.700698
OG0000882,Arabidopsis_thaliana,2,0,0.83681
OG0000882,Triticum_turgidum,4,-1,0.0553244
OG0000882,Zea_mays,4,1,0.0712625
OG0000882,Sorghum_bicolor,2,-1,0.18413
OG0000882,Hordeum_vulgare,8,3,0.000290822
OG0000882,Triticum_aestivum,5,0,0.536738
OG0000882,Oryza_sativa,3,0,0.730477
OG0000882,Brachypodium_distachyon,2,-1,0.256093
OG0000883,Avena_sativa,4,0,0.672871
OG0000883,Arabidopsis_thaliana,4,1,0.40319
OG0000883,Triticum_turgidum,4,0,0.529727
OG0000883,Zea_mays,7,3,0.00127647
OG0000883,Sorghum_bicolor,4,0,0.65174
OG0000883,Hordeum_vulgare,6,2,0.0052693
OG0000883,Triticum_aestivum,4,0,0.529727
OG0000883,Oryza_sativa,2,-2,0.041886
OG0000883,Brachypodium_distachyon,5,1,0.139528
OG0000885,Avena_sativa,4,0,0.672871
OG0000885,Arabidopsis_thaliana,1,0,0.756301
OG0000885,Triticum_turgidum,4,-2,0.00045328
OG0000885,Zea_mays,1,-1,0.130342
OG0000885,Sorghum_bicolor,4,2,0.00548055
OG0000885,Hordeum_vulgare,8,2,0.0114165
OG0000885,Triticum_aestivum,7,1,0.0231449
OG0000885,Oryza_sativa,2,0,0.678483
OG0000885,Brachypodium_distachyon,2,0,0.62392
OG0000886,Avena_sativa,5,0,0.700698
OG0000886,Arabidopsis_thaliana,2,0,0.83681
OG0000886,Triticum_turgidum,4,-1,0.0553244
OG0000886,Zea_mays,3,0,0.621591
OG0000886,Sorghum_bicolor,6,3,0.000579131
OG0000886,Hordeum_vulgare,6,1,0.0567459
OG0000886,Triticum_aestivum,6,1,0.0192946
OG0000886,Oryza_sativa,1,-2,0.0244268
OG0000886,Brachypodium_distachyon,2,-1,0.256093
OG0000887,Avena_sativa,3,0,0.640072
OG0000887,Arabidopsis_thaliana,7,4,0.0207191
OG0000887,Triticum_turgidum,6,0,0.54359
OG0000887,Zea_mays,0,-1,0.0693598
OG0000887,Sorghum_bicolor,1,0,0.54662
OG0000887,Hordeum_vulgare,3,0,0.563236
OG0000887,Triticum_aestivum,7,1,0.0231449
OG0000887,Oryza_sativa,3,0,0.730477
OG0000887,Brachypodium_distachyon,1,-2,0.00961005
OG0000889,Avena_sativa,2,-1,0.212567
OG0000889,Arabidopsis_thaliana,1,-1,0.526493
OG0000889,Triticum_turgidum,3,0,0.522552
OG0000889,Zea_mays,27,22,4.47E-26
OG0000889,Sorghum_bicolor,3,-2,0.0120803
OG0000889,Hordeum_vulgare,2,-1,0.0952486
OG0000889,Triticum_aestivum,3,0,0.522552
OG0000889,Oryza_sativa,2,-1,0.355122
OG0000889,Brachypodium_distachyon,3,0,0.668125
OG0000896,Avena_sativa,3,-1,0.264988
OG0000896,Arabidopsis_thaliana,1,-1,0.526493
OG0000896,Triticum_turgidum,4,-1,0.0553244
OG0000896,Zea_mays,4,0,0.65174
OG0000896,Sorghum_bicolor,6,2,0.0210788
OG0000896,Hordeum_vulgare,5,0,0.598716
OG0000896,Triticum_aestivum,5,0,0.536738
OG0000896,Oryza_sativa,4,0,0.768135
OG0000896,Brachypodium_distachyon,5,1,0.139528
OG0000898,Avena_sativa,4,0,0.672871
OG0000898,Arabidopsis_thaliana,3,0,0.871099
OG0000898,Triticum_turgidum,6,2,0.000637864
OG0000898,Zea_mays,4,0,0.65174
OG0000898,Sorghum_bicolor,3,-1,0.231726
OG0000898,Hordeum_vulgare,3,-1,0.123358
OG0000898,Triticum_aestivum,4,0,0.529727
OG0000898,Oryza_sativa,3,-1,0.421377
OG0000898,Brachypodium_distachyon,5,1,0.139528
OG0000899,Avena_sativa,5,2,0.017015
OG0000899,Arabidopsis_thaliana,1,0,0.756301
OG0000899,Triticum_turgidum,8,0,0.55683
OG0000899,Zea_mays,0,0,0.5
OG0000899,Sorghum_bicolor,0,0,0.5
OG0000899,Hordeum_vulgare,0,-3,9.60E-06
OG0000899,Triticum_aestivum,8,0,0.55683
OG0000899,Oryza_sativa,0,-1,0.154715
OG0000899,Brachypodium_distachyon,0,-1,0.102088
OG0000900,Avena_sativa,3,-1,0.264988
OG0000900,Arabidopsis_thaliana,5,2,0.142253
OG0000900,Triticum_turgidum,4,-1,0.0553244
OG0000900,Zea_mays,1,-1,0.130342
OG0000900,Sorghum_bicolor,2,0,0.586825
OG0000900,Hordeum_vulgare,5,0,0.598716
OG0000900,Triticum_aestivum,7,2,0.00100311
OG0000900,Oryza_sativa,2,-1,0.355122
OG0000900,Brachypodium_distachyon,4,0,0.703899
OG0000903,Avena_sativa,3,-1,0.264988
OG0000903,Arabidopsis_thaliana,3,0,0.871099
OG0000903,Triticum_turgidum,6,1,0.0192946
OG0000903,Zea_mays,4,0,0.65174
OG0000903,Sorghum_bicolor,3,-1,0.231726
OG0000903,Hordeum_vulgare,5,0,0.598716
OG0000903,Triticum_aestivum,4,-1,0.0553244
OG0000903,Oryza_sativa,4,0,0.768135
OG0000903,Brachypodium_distachyon,3,-1,0.314564
OG0000904,Avena_sativa,3,0,0.640072
OG0000904,Arabidopsis_thaliana,1,-1,0.526493
OG0000904,Triticum_turgidum,6,0,0.54359
OG0000904,Zea_mays,3,0,0.621591
OG0000904,Sorghum_bicolor,3,0,0.621591
OG0000904,Hordeum_vulgare,8,2,0.0114165
OG0000904,Triticum_aestivum,5,-1,0.065727
OG0000904,Oryza_sativa,2,-1,0.355122
OG0000904,Brachypodium_distachyon,3,0,0.668125
OG0000905,Avena_sativa,5,0,0.700698
OG0000905,Arabidopsis_thaliana,2,0,0.83681
OG0000905,Triticum_turgidum,6,1,0.0192946
OG0000905,Zea_mays,2,0,0.586825
OG0000905,Sorghum_bicolor,2,0,0.586825
OG0000905,Hordeum_vulgare,5,0,0.598716
OG0000905,Triticum_aestivum,5,0,0.536738
OG0000905,Oryza_sativa,2,0,0.678483
OG0000905,Brachypodium_distachyon,2,-1,0.256093
OG0000906,Avena_sativa,4,0,0.672871
OG0000906,Arabidopsis_thaliana,1,-1,0.526493
OG0000906,Triticum_turgidum,4,0,0.529727
OG0000906,Zea_mays,7,3,0.00127647
OG0000906,Sorghum_bicolor,4,0,0.65174
OG0000906,Hordeum_vulgare,0,-4,1.46E-07
OG0000906,Triticum_aestivum,5,1,0.0154401
OG0000906,Oryza_sativa,4,0,0.768135
OG0000906,Brachypodium_distachyon,4,0,0.703899
OG0000907,Avena_sativa,1,-1,0.15204
OG0000907,Arabidopsis_thaliana,1,0,0.756301
OG0000907,Triticum_turgidum,12,4,7.74E-07
OG0000907,Zea_mays,0,0,0.5
OG0000907,Sorghum_bicolor,0,0,0.5
OG0000907,Hordeum_vulgare,0,-2,0.000304881
OG0000907,Triticum_aestivum,8,0,0.55683
OG0000907,Oryza_sativa,1,0,0.605212
OG0000907,Brachypodium_distachyon,5,3,0.000650462
OG0000924,Avena_sativa,2,-2,0.010873
OG0000924,Arabidopsis_thaliana,2,-1,0.614525
OG0000924,Triticum_turgidum,4,0,0.529727
OG0000924,Zea_mays,10,3,0.00573293
OG0000924,Sorghum_bicolor,7,0,0.720859
OG0000924,Hordeum_vulgare,4,0,0.581577
OG0000924,Triticum_aestivum,3,-1,0.0447081
OG0000924,Oryza_sativa,6,1,0.255402
OG0000924,Brachypodium_distachyon,6,1,0.171411
OG0000925,Avena_sativa,7,3,0.00206501
OG0000925,Arabidopsis_thaliana,3,0,0.871099
OG0000925,Triticum_turgidum,2,-1,0.033873
OG0000925,Zea_mays,4,0,0.65174
OG0000925,Sorghum_bicolor,4,0,0.65174
OG0000925,Hordeum_vulgare,4,0,0.581577
OG0000925,Triticum_aestivum,3,0,0.522552
OG0000925,Oryza_sativa,3,-1,0.421377
OG0000925,Brachypodium_distachyon,4,0,0.703899
OG0000926,Avena_sativa,4,1,0.0844237
OG0000926,Arabidopsis_thaliana,1,0,0.756301
OG0000926,Triticum_turgidum,6,0,0.54359
OG0000926,Zea_mays,1,-1,0.130342
OG0000926,Sorghum_bicolor,2,0,0.586825
OG0000926,Hordeum_vulgare,2,-1,0.0952486
OG0000926,Triticum_aestivum,8,2,0.00144473
OG0000926,Oryza_sativa,1,-1,0.268992
OG0000926,Brachypodium_distachyon,2,0,0.62392
OG0000927,Avena_sativa,4,0,0.672871
OG0000927,Arabidopsis_thaliana,2,0,0.83681
OG0000927,Triticum_turgidum,3,0,0.522552
OG0000927,Zea_mays,11,2,0.0800996
OG0000927,Sorghum_bicolor,9,0,0.753927
OG0000927,Hordeum_vulgare,2,-1,0.0952486
OG0000927,Triticum_aestivum,3,0,0.522552
OG0000927,Oryza_sativa,2,-2,0.041886
OG0000927,Brachypodium_distachyon,4,0,0.703899
OG0000929,Avena_sativa,2,-2,0.010873
OG0000929,Arabidopsis_thaliana,1,-1,0.526493
OG0000929,Triticum_turgidum,4,0,0.529727
OG0000929,Zea_mays,8,1,0.160055
OG0000929,Sorghum_bicolor,7,0,0.720859
OG0000929,Hordeum_vulgare,6,2,0.0052693
OG0000929,Triticum_aestivum,4,0,0.529727
OG0000929,Oryza_sativa,5,0,0.79601
OG0000929,Brachypodium_distachyon,4,0,0.703899
OG0000931,Avena_sativa,3,0,0.640072
OG0000931,Arabidopsis_thaliana,2,0,0.83681
OG0000931,Triticum_turgidum,3,0,0.522552
OG0000931,Zea_mays,13,8,4.74E-09
OG0000931,Sorghum_bicolor,4,-1,0.273983
OG0000931,Hordeum_vulgare,3,0,0.563236
OG0000931,Triticum_aestivum,3,0,0.522552
OG0000931,Oryza_sativa,4,0,0.768135
OG0000931,Brachypodium_distachyon,6,2,0.0432809
OG0000932,Avena_sativa,5,2,0.017015
OG0000932,Arabidopsis_thaliana,6,4,0.0111044
OG0000932,Triticum_turgidum,6,1,0.0192946
OG0000932,Zea_mays,1,-1,0.130342
OG0000932,Sorghum_bicolor,2,0,0.586825
OG0000932,Hordeum_vulgare,1,-2,0.000864647
OG0000932,Triticum_aestivum,5,0,0.536738
OG0000932,Oryza_sativa,0,-2,0.0102411
OG0000932,Brachypodium_distachyon,1,-1,0.186225
OG0000937,Avena_sativa,3,0,0.640072
OG0000937,Arabidopsis_thaliana,2,0,0.83681
OG0000937,Triticum_turgidum,3,0,0.522552
OG0000937,Zea_mays,16,11,1.41E-12
OG0000937,Sorghum_bicolor,4,-1,0.273983
OG0000937,Hordeum_vulgare,4,1,0.0341793
OG0000937,Triticum_aestivum,3,0,0.522552
OG0000937,Oryza_sativa,4,0,0.768135
OG0000937,Brachypodium_distachyon,3,0,0.668125
OG0000938,Avena_sativa,7,3,0.00206501
OG0000938,Arabidopsis_thaliana,1,0,0.756301
OG0000938,Triticum_turgidum,4,0,0.529727
OG0000938,Zea_mays,1,0,0.54662
OG0000938,Sorghum_bicolor,1,0,0.54662
OG0000938,Hordeum_vulgare,4,0,0.581577
OG0000938,Triticum_aestivum,4,0,0.529727
OG0000938,Oryza_sativa,2,0,0.678483
OG0000938,Brachypodium_distachyon,4,0,0.703899
OG0000939,Avena_sativa,3,0,0.640072
OG0000939,Arabidopsis_thaliana,2,0,0.83681
OG0000939,Triticum_turgidum,4,-1,0.0553244
OG0000939,Zea_mays,5,3,0.00020209
OG0000939,Sorghum_bicolor,1,-1,0.130342
OG0000939,Hordeum_vulgare,6,1,0.0567459
OG0000939,Triticum_aestivum,7,2,0.00100311
OG0000939,Oryza_sativa,1,-1,0.268992
OG0000939,Brachypodium_distachyon,1,-1,0.186225
OG0000951,Avena_sativa,3,0,0.640072
OG0000951,Arabidopsis_thaliana,4,1,0.40319
OG0000951,Triticum_turgidum,6,2,0.000637864
OG0000951,Zea_mays,8,4,7.73E-05
OG0000951,Sorghum_bicolor,3,-1,0.231726
OG0000951,Hordeum_vulgare,4,0,0.581577
OG0000951,Triticum_aestivum,4,0,0.529727
OG0000951,Oryza_sativa,1,-2,0.0244268
OG0000951,Brachypodium_distachyon,3,0,0.668125
OG0000955,Avena_sativa,0,-4,7.08E-06
OG0000955,Arabidopsis_thaliana,1,-1,0.526493
OG0000955,Triticum_turgidum,6,1,0.0192946
OG0000955,Zea_mays,8,0,0.738439
OG0000955,Sorghum_bicolor,8,0,0.738439
OG0000955,Hordeum_vulgare,3,-1,0.123358
OG0000955,Triticum_aestivum,5,0,0.536738
OG0000955,Oryza_sativa,4,0,0.768135
OG0000955,Brachypodium_distachyon,4,0,0.703899
OG0000958,Avena_sativa,4,0,0.672871
OG0000958,Arabidopsis_thaliana,2,0,0.83681
OG0000958,Triticum_turgidum,4,0,0.529727
OG0000958,Zea_mays,2,-1,0.18413
OG0000958,Sorghum_bicolor,3,0,0.621591
OG0000958,Hordeum_vulgare,9,5,4.25E-07
OG0000958,Triticum_aestivum,4,0,0.529727
OG0000958,Oryza_sativa,3,0,0.730477
OG0000958,Brachypodium_distachyon,3,0,0.668125
OG0000963,Avena_sativa,3,0,0.640072
OG0000963,Arabidopsis_thaliana,4,2,0.0815
OG0000963,Triticum_turgidum,6,0,0.54359
OG0000963,Zea_mays,2,0,0.586825
OG0000963,Sorghum_bicolor,1,-1,0.130342
OG0000963,Hordeum_vulgare,5,0,0.598716
OG0000963,Triticum_aestivum,6,0,0.54359
OG0000963,Oryza_sativa,1,-1,0.268992
OG0000963,Brachypodium_distachyon,3,0,0.668125
OG0000964,Avena_sativa,3,0,0.640072
OG0000964,Arabidopsis_thaliana,2,0,0.83681
OG0000964,Triticum_turgidum,2,0,0.515209
OG0000964,Zea_mays,20,14,1.19E-15
OG0000964,Sorghum_bicolor,4,-2,0.0172425
OG0000964,Hordeum_vulgare,2,0,0.543596
OG0000964,Triticum_aestivum,1,-1,0.0228136
OG0000964,Oryza_sativa,5,1,0.211576
OG0000964,Brachypodium_distachyon,4,0,0.703899
OG0000965,Avena_sativa,6,2,0.0287475
OG0000965,Arabidopsis_thaliana,3,0,0.871099
OG0000965,Triticum_turgidum,3,-1,0.0447081
OG0000965,Zea_mays,2,-1,0.18413
OG0000965,Sorghum_bicolor,3,0,0.621591
OG0000965,Hordeum_vulgare,4,0,0.581577
OG0000965,Triticum_aestivum,5,1,0.0154401
OG0000965,Oryza_sativa,3,0,0.730477
OG0000965,Brachypodium_distachyon,3,0,0.668125
OG0000966,Avena_sativa,4,0,0.672871
OG0000966,Arabidopsis_thaliana,1,-1,0.526493
OG0000966,Triticum_turgidum,2,0,0.515209
OG0000966,Zea_mays,10,1,0.199999
OG0000966,Sorghum_bicolor,9,0,0.753927
OG0000966,Hordeum_vulgare,2,0,0.543596
OG0000966,Triticum_aestivum,2,0,0.515209
OG0000966,Oryza_sativa,4,0,0.768135
OG0000966,Brachypodium_distachyon,7,3,0.00391436
OG0000967,Avena_sativa,4,0,0.672871
OG0000967,Arabidopsis_thaliana,1,-1,0.526493
OG0000967,Triticum_turgidum,3,-1,0.0447081
OG0000967,Zea_mays,3,-1,0.231726
OG0000967,Sorghum_bicolor,9,5,1.07E-05
OG0000967,Hordeum_vulgare,4,0,0.581577
OG0000967,Triticum_aestivum,4,0,0.529727
OG0000967,Oryza_sativa,7,3,0.0127925
OG0000967,Brachypodium_distachyon,1,-3,0.00123235
OG0000979,Avena_sativa,0,-5,6.75E-07
OG0000979,Arabidopsis_thaliana,7,3,0.0772611
OG0000979,Triticum_turgidum,4,0,0.529727
OG0000979,Zea_mays,1,-4,3.31E-05
OG0000979,Sorghum_bicolor,7,2,0.0312902
OG0000979,Hordeum_vulgare,15,10,1.62E-14
OG0000979,Triticum_aestivum,0,-4,3.24E-09
OG0000979,Oryza_sativa,5,0,0.79601
OG0000979,Brachypodium_distachyon,11,6,1.03E-05
OG0000984,Avena_sativa,4,0,0.672871
OG0000984,Arabidopsis_thaliana,1,-1,0.526493
OG0000984,Triticum_turgidum,4,1,0.0115823
OG0000984,Zea_mays,11,6,1.14E-06
OG0000984,Sorghum_bicolor,4,-1,0.273983
OG0000984,Hordeum_vulgare,3,0,0.563236
OG0000984,Triticum_aestivum,3,0,0.522552
OG0000984,Oryza_sativa,3,-1,0.421377
OG0000984,Brachypodium_distachyon,4,0,0.703899
OG0000985,Avena_sativa,5,1,0.111601
OG0000985,Arabidopsis_thaliana,5,2,0.142253
OG0000985,Triticum_turgidum,4,0,0.529727
OG0000985,Zea_mays,1,-2,0.00408936
OG0000985,Sorghum_bicolor,6,3,0.000579131
OG0000985,Hordeum_vulgare,4,0,0.581577
OG0000985,Triticum_aestivum,4,0,0.529727
OG0000985,Oryza_sativa,3,0,0.730477
OG0000985,Brachypodium_distachyon,1,-2,0.00961005
OG0000987,Avena_sativa,4,0,0.672871
OG0000987,Arabidopsis_thaliana,2,0,0.83681
OG0000987,Triticum_turgidum,6,2,0.000637864
OG0000987,Zea_mays,1,-3,0.00033682
OG0000987,Sorghum_bicolor,4,0,0.65174
OG0000987,Hordeum_vulgare,4,0,0.581577
OG0000987,Triticum_aestivum,4,0,0.529727
OG0000987,Oryza_sativa,4,0,0.768135
OG0000987,Brachypodium_distachyon,3,-1,0.314564
OG0000989,Avena_sativa,2,0,0.601244
OG0000989,Arabidopsis_thaliana,2,0,0.83681
OG0000989,Triticum_turgidum,9,3,2.10E-05
OG0000989,Zea_mays,2,0,0.586825
OG0000989,Sorghum_bicolor,2,0,0.586825
OG0000989,Hordeum_vulgare,6,0,0.614742
OG0000989,Triticum_aestivum,5,-1,0.065727
OG0000989,Oryza_sativa,2,0,0.678483
OG0000989,Brachypodium_distachyon,2,0,0.62392
OG0001004,Avena_sativa,3,-1,0.264988
OG0001004,Arabidopsis_thaliana,4,1,0.40319
OG0001004,Triticum_turgidum,3,0,0.522552
OG0001004,Zea_mays,5,1,0.0944197
OG0001004,Sorghum_bicolor,4,0,0.65174
OG0001004,Hordeum_vulgare,7,3,0.000152737
OG0001004,Triticum_aestivum,3,0,0.522552
OG0001004,Oryza_sativa,4,0,0.768135
OG0001004,Brachypodium_distachyon,5,1,0.139528
OG0001006,Avena_sativa,4,0,0.672871
OG0001006,Arabidopsis_thaliana,2,0,0.83681
OG0001006,Triticum_turgidum,4,-1,0.0553244
OG0001006,Zea_mays,3,1,0.0476668
OG0001006,Sorghum_bicolor,2,0,0.586825
OG0001006,Hordeum_vulgare,5,0,0.598716
OG0001006,Triticum_aestivum,5,0,0.536738
OG0001006,Oryza_sativa,2,0,0.678483
OG0001006,Brachypodium_distachyon,2,0,0.62392
OG0001009,Avena_sativa,5,1,0.111601
OG0001009,Arabidopsis_thaliana,5,2,0.142253
OG0001009,Triticum_turgidum,4,0,0.529727
OG0001009,Zea_mays,3,0,0.621591
OG0001009,Sorghum_bicolor,3,0,0.621591
OG0001009,Hordeum_vulgare,6,2,0.0052693
OG0001009,Triticum_aestivum,3,-1,0.0447081
OG0001009,Oryza_sativa,1,-2,0.0244268
OG0001009,Brachypodium_distachyon,2,-1,0.256093
OG0001010,Avena_sativa,2,-1,0.212567
OG0001010,Arabidopsis_thaliana,2,-1,0.614525
OG0001010,Triticum_turgidum,4,0,0.529727
OG0001010,Zea_mays,9,3,0.00383251
OG0001010,Sorghum_bicolor,6,0,0.700838
OG0001010,Hordeum_vulgare,3,0,0.563236
OG0001010,Triticum_aestivum,4,0,0.529727
OG0001010,Oryza_sativa,7,2,0.124417
OG0001010,Brachypodium_distachyon,1,-2,0.00961005
OG0001011,Avena_sativa,2,-2,0.010873
OG0001011,Arabidopsis_thaliana,1,-1,0.526493
OG0001011,Triticum_turgidum,4,-1,0.0553244
OG0001011,Zea_mays,4,0,0.65174
OG0001011,Sorghum_bicolor,6,2,0.0210788
OG0001011,Hordeum_vulgare,6,1,0.0567459
OG0001011,Triticum_aestivum,5,0,0.536738
OG0001011,Oryza_sativa,4,0,0.768135
OG0001011,Brachypodium_distachyon,4,0,0.703899
OG0001013,Avena_sativa,3,0,0.640072
OG0001013,Arabidopsis_thaliana,1,-1,0.526493
OG0001013,Triticum_turgidum,3,0,0.522552
OG0001013,Zea_mays,2,-2,0.00765457
OG0001013,Sorghum_bicolor,5,1,0.0944197
OG0001013,Hordeum_vulgare,3,0,0.563236
OG0001013,Triticum_aestivum,3,0,0.522552
OG0001013,Oryza_sativa,18,14,7.95E-12
OG0001013,Brachypodium_distachyon,1,-2,0.00961005
OG0001014,Avena_sativa,3,-1,0.264988
OG0001014,Arabidopsis_thaliana,4,1,0.40319
OG0001014,Triticum_turgidum,3,-1,0.0447081
OG0001014,Zea_mays,2,-2,0.00765457
OG0001014,Sorghum_bicolor,6,2,0.0210788
OG0001014,Hordeum_vulgare,5,1,0.0455004
OG0001014,Triticum_aestivum,5,1,0.0154401
OG0001014,Oryza_sativa,3,-1,0.421377
OG0001014,Brachypodium_distachyon,5,1,0.139528
OG0001016,Avena_sativa,3,0,0.640072
OG0001016,Arabidopsis_thaliana,1,-1,0.526493
OG0001016,Triticum_turgidum,3,0,0.522552
OG0001016,Zea_mays,16,12,2.44E-14
OG0001016,Sorghum_bicolor,2,-2,0.00765457
OG0001016,Hordeum_vulgare,4,1,0.0341793
OG0001016,Triticum_aestivum,3,0,0.522552
OG0001016,Oryza_sativa,0,-3,0.00206251
OG0001016,Brachypodium_distachyon,5,2,0.0261507
OG0001018,Avena_sativa,4,0,0.672871
OG0001018,Arabidopsis_thaliana,1,-1,0.526493
OG0001018,Triticum_turgidum,4,0,0.529727
OG0001018,Zea_mays,5,2,0.0123196
OG0001018,Sorghum_bicolor,2,-1,0.18413
OG0001018,Hordeum_vulgare,5,1,0.0455004
OG0001018,Triticum_aestivum,4,0,0.529727
OG0001018,Oryza_sativa,2,-1,0.355122
OG0001018,Brachypodium_distachyon,5,1,0.139528
OG0001031,Avena_sativa,3,0,0.640072
OG0001031,Arabidopsis_thaliana,1,-1,0.526493
OG0001031,Triticum_turgidum,4,0,0.529727
OG0001031,Zea_mays,1,-2,0.00408936
OG0001031,Sorghum_bicolor,7,4,3.33E-05
OG0001031,Hordeum_vulgare,3,0,0.563236
OG0001031,Triticum_aestivum,5,1,0.0154401
OG0001031,Oryza_sativa,1,-2,0.0244268
OG0001031,Brachypodium_distachyon,7,4,0.000154141
OG0001032,Avena_sativa,3,0,0.640072
OG0001032,Arabidopsis_thaliana,1,-1,0.526493
OG0001032,Triticum_turgidum,6,1,0.0192946
OG0001032,Zea_mays,5,2,0.0123196
OG0001032,Sorghum_bicolor,3,0,0.621591
OG0001032,Hordeum_vulgare,5,0,0.598716
OG0001032,Triticum_aestivum,4,-1,0.0553244
OG0001032,Oryza_sativa,2,-1,0.355122
OG0001032,Brachypodium_distachyon,3,0,0.668125
OG0001034,Avena_sativa,1,-1,0.15204
OG0001034,Arabidopsis_thaliana,6,3,0.0776588
OG0001034,Triticum_turgidum,2,0,0.515209
OG0001034,Zea_mays,21,16,1.23E-18
OG0001034,Sorghum_bicolor,3,-2,0.0120803
OG0001034,Hordeum_vulgare,3,1,0.0228047
OG0001034,Triticum_aestivum,2,0,0.515209
OG0001034,Oryza_sativa,3,0,0.730477
OG0001034,Brachypodium_distachyon,1,-1,0.186225
OG0001037,Avena_sativa,4,0,0.672871
OG0001037,Arabidopsis_thaliana,2,0,0.83681
OG0001037,Triticum_turgidum,2,-2,0.000184061
OG0001037,Zea_mays,6,2,0.0210788
OG0001037,Sorghum_bicolor,4,0,0.65174
OG0001037,Hordeum_vulgare,4,0,0.581577
OG0001037,Triticum_aestivum,4,0,0.529727
OG0001037,Oryza_sativa,4,0,0.768135
OG0001037,Brachypodium_distachyon,5,1,0.139528
OG0001042,Avena_sativa,3,-1,0.264988
OG0001042,Arabidopsis_thaliana,1,-1,0.526493
OG0001042,Triticum_turgidum,6,1,0.0192946
OG0001042,Zea_mays,3,0,0.621591
OG0001042,Sorghum_bicolor,4,1,0.0712625
OG0001042,Hordeum_vulgare,5,0,0.598716
OG0001042,Triticum_aestivum,5,0,0.536738
OG0001042,Oryza_sativa,1,-2,0.0244268
OG0001042,Brachypodium_distachyon,4,0,0.703899
OG0001046,Avena_sativa,4,0,0.672871
OG0001046,Arabidopsis_thaliana,2,0,0.83681
OG0001046,Triticum_turgidum,3,-1,0.0447081
OG0001046,Zea_mays,8,3,0.00235073
OG0001046,Sorghum_bicolor,4,-1,0.273983
OG0001046,Hordeum_vulgare,4,0,0.581577
OG0001046,Triticum_aestivum,4,0,0.529727
OG0001046,Oryza_sativa,2,-2,0.041886
OG0001046,Brachypodium_distachyon,4,0,0.703899
OG0001047,Avena_sativa,5,1,0.111601
OG0001047,Arabidopsis_thaliana,2,0,0.83681
OG0001047,Triticum_turgidum,2,-2,0.000184061
OG0001047,Zea_mays,3,-1,0.231726
OG0001047,Sorghum_bicolor,4,0,0.65174
OG0001047,Hordeum_vulgare,5,1,0.0455004
OG0001047,Triticum_aestivum,4,0,0.529727
OG0001047,Oryza_sativa,4,0,0.768135
OG0001047,Brachypodium_distachyon,3,-1,0.314564
OG0001048,Avena_sativa,5,1,0.111601
OG0001048,Arabidopsis_thaliana,2,0,0.83681
OG0001048,Triticum_turgidum,3,0,0.522552
OG0001048,Zea_mays,5,1,0.0944197
OG0001048,Sorghum_bicolor,4,0,0.65174
OG0001048,Hordeum_vulgare,7,3,0.000152737
OG0001048,Triticum_aestivum,3,0,0.522552
OG0001048,Oryza_sativa,2,-2,0.041886
OG0001048,Brachypodium_distachyon,4,0,0.703899
OG0001050,Avena_sativa,3,0,0.640072
OG0001050,Arabidopsis_thaliana,2,0,0.83681
OG0001050,Triticum_turgidum,3,0,0.522552
OG0001050,Zea_mays,14,10,6.76E-12
OG0001050,Sorghum_bicolor,3,-1,0.231726
OG0001050,Hordeum_vulgare,3,0,0.563236
OG0001050,Triticum_aestivum,3,0,0.522552
OG0001050,Oryza_sativa,3,0,0.730477
OG0001050,Brachypodium_distachyon,3,0,0.668125
OG0001051,Avena_sativa,3,0,0.640072
OG0001051,Arabidopsis_thaliana,1,-1,0.526493
OG0001051,Triticum_turgidum,5,0,0.536738
OG0001051,Zea_mays,3,0,0.621591
OG0001051,Sorghum_bicolor,4,1,0.0712625
OG0001051,Hordeum_vulgare,3,0,0.563236
OG0001051,Triticum_aestivum,6,1,0.0192946
OG0001051,Oryza_sativa,3,0,0.730477
OG0001051,Brachypodium_distachyon,2,-1,0.256093
OG0001052,Avena_sativa,5,1,0.111601
OG0001052,Arabidopsis_thaliana,1,-1,0.526493
OG0001052,Triticum_turgidum,2,-2,0.000184061
OG0001052,Zea_mays,3,0,0.621591
OG0001052,Sorghum_bicolor,4,1,0.0712625
OG0001052,Hordeum_vulgare,7,3,0.000152737
OG0001052,Triticum_aestivum,4,0,0.529727
OG0001052,Oryza_sativa,3,0,0.730477
OG0001052,Brachypodium_distachyon,3,0,0.668125
OG0001053,Avena_sativa,3,0,0.640072
OG0001053,Arabidopsis_thaliana,1,0,0.756301
OG0001053,Triticum_turgidum,6,0,0.54359
OG0001053,Zea_mays,4,2,0.00548055
OG0001053,Sorghum_bicolor,2,0,0.586825
OG0001053,Hordeum_vulgare,3,0,0.563236
OG0001053,Triticum_aestivum,6,0,0.54359
OG0001053,Oryza_sativa,2,0,0.678483
OG0001053,Brachypodium_distachyon,2,0,0.62392
OG0001055,Avena_sativa,3,-1,0.264988
OG0001055,Arabidopsis_thaliana,1,-1,0.526493
OG0001055,Triticum_turgidum,2,-1,0.033873
OG0001055,Zea_mays,8,3,0.00235073
OG0001055,Sorghum_bicolor,5,0,0.677962
OG0001055,Hordeum_vulgare,5,1,0.0455004
OG0001055,Triticum_aestivum,3,0,0.522552
OG0001055,Oryza_sativa,4,0,0.768135
OG0001055,Brachypodium_distachyon,7,3,0.00391436
OG0001071,Avena_sativa,6,2,0.0287475
OG0001071,Arabidopsis_thaliana,2,0,0.83681
OG0001071,Triticum_turgidum,8,4,6.35E-08
OG0001071,Zea_mays,8,6,3.81E-08
OG0001071,Sorghum_bicolor,1,-1,0.130342
OG0001071,Hordeum_vulgare,4,0,0.581577
OG0001071,Triticum_aestivum,0,-4,3.24E-09
OG0001071,Oryza_sativa,1,-1,0.268992
OG0001071,Brachypodium_distachyon,1,-1,0.186225
OG0001072,Avena_sativa,1,-1,0.15204
OG0001072,Arabidopsis_thaliana,1,0,0.756301
OG0001072,Triticum_turgidum,14,12,2.88E-25
OG0001072,Zea_mays,2,0,0.586825
OG0001072,Sorghum_bicolor,2,0,0.586825
OG0001072,Hordeum_vulgare,1,-1,0.0654064
OG0001072,Triticum_aestivum,2,0,0.515209
OG0001072,Oryza_sativa,4,2,0.0281791
OG0001072,Brachypodium_distachyon,3,1,0.0711731
OG0001074,Avena_sativa,3,0,0.640072
OG0001074,Arabidopsis_thaliana,3,0,0.871099
OG0001074,Triticum_turgidum,4,0,0.529727
OG0001074,Zea_mays,7,3,0.00127647
OG0001074,Sorghum_bicolor,3,-1,0.231726
OG0001074,Hordeum_vulgare,3,0,0.563236
OG0001074,Triticum_aestivum,4,0,0.529727
OG0001074,Oryza_sativa,5,2,0.0580412
OG0001074,Brachypodium_distachyon,3,0,0.668125
OG0001076,Avena_sativa,5,2,0.017015
OG0001076,Arabidopsis_thaliana,6,3,0.0776588
OG0001076,Triticum_turgidum,1,-2,9.30E-05
OG0001076,Zea_mays,2,0,0.586825
OG0001076,Sorghum_bicolor,2,0,0.586825
OG0001076,Hordeum_vulgare,3,0,0.563236
OG0001076,Triticum_aestivum,4,1,0.0115823
OG0001076,Oryza_sativa,6,3,0.00623898
OG0001076,Brachypodium_distachyon,2,-1,0.256093
OG0001079,Avena_sativa,3,0,0.640072
OG0001079,Arabidopsis_thaliana,4,1,0.40319
OG0001079,Triticum_turgidum,2,-1,0.033873
OG0001079,Zea_mays,4,-1,0.273983
OG0001079,Sorghum_bicolor,12,7,6.66E-08
OG0001079,Hordeum_vulgare,3,0,0.563236
OG0001079,Triticum_aestivum,3,0,0.522552
OG0001079,Oryza_sativa,2,-1,0.355122
OG0001079,Brachypodium_distachyon,3,0,0.668125
OG0001081,Avena_sativa,5,1,0.111601
OG0001081,Arabidopsis_thaliana,1,-1,0.526493
OG0001081,Triticum_turgidum,4,0,0.529727
OG0001081,Zea_mays,3,0,0.621591
OG0001081,Sorghum_bicolor,2,-1,0.18413
OG0001081,Hordeum_vulgare,4,0,0.581577
OG0001081,Triticum_aestivum,4,0,0.529727
OG0001081,Oryza_sativa,1,-2,0.0244268
OG0001081,Brachypodium_distachyon,6,2,0.0432809
OG0001099,Avena_sativa,4,1,0.0844237
OG0001099,Arabidopsis_thaliana,4,1,0.40319
OG0001099,Triticum_turgidum,2,0,0.515209
OG0001099,Zea_mays,9,2,0.0546273
OG0001099,Sorghum_bicolor,7,0,0.720859
OG0001099,Hordeum_vulgare,3,0,0.563236
OG0001099,Triticum_aestivum,2,0,0.515209
OG0001099,Oryza_sativa,1,-2,0.0244268
OG0001099,Brachypodium_distachyon,2,-1,0.256093
OG0001100,Avena_sativa,2,-1,0.212567
OG0001100,Arabidopsis_thaliana,4,1,0.40319
OG0001100,Triticum_turgidum,4,0,0.529727
OG0001100,Zea_mays,2,-1,0.18413
OG0001100,Sorghum_bicolor,8,5,2.21E-06
OG0001100,Hordeum_vulgare,4,0,0.581577
OG0001100,Triticum_aestivum,5,1,0.0154401
OG0001100,Oryza_sativa,3,0,0.730477
OG0001100,Brachypodium_distachyon,3,0,0.668125
OG0001102,Avena_sativa,0,-3,0.000210169
OG0001102,Arabidopsis_thaliana,3,0,0.871099
OG0001102,Triticum_turgidum,4,-1,0.0553244
OG0001102,Zea_mays,3,0,0.621591
OG0001102,Sorghum_bicolor,2,-1,0.18413
OG0001102,Hordeum_vulgare,5,0,0.598716
OG0001102,Triticum_aestivum,7,2,0.00100311
OG0001102,Oryza_sativa,4,1,0.163122
OG0001102,Brachypodium_distachyon,2,-1,0.256093
OG0001103,Avena_sativa,3,0,0.640072
OG0001103,Arabidopsis_thaliana,1,0,0.756301
OG0001103,Triticum_turgidum,6,0,0.54359
OG0001103,Zea_mays,2,1,0.0238258
OG0001103,Sorghum_bicolor,1,0,0.54662
OG0001103,Hordeum_vulgare,3,0,0.563236
OG0001103,Triticum_aestivum,7,1,0.0231449
OG0001103,Oryza_sativa,1,0,0.605212
OG0001103,Brachypodium_distachyon,1,0,0.56891
OG0001104,Avena_sativa,6,3,0.000946689
OG0001104,Arabidopsis_thaliana,2,0,0.83681
OG0001104,Triticum_turgidum,3,0,0.522552
OG0001104,Zea_mays,3,1,0.0476668
OG0001104,Sorghum_bicolor,2,0,0.586825
OG0001104,Hordeum_vulgare,2,-1,0.0952486
OG0001104,Triticum_aestivum,5,2,0.000351888
OG0001104,Oryza_sativa,2,0,0.678483
OG0001104,Brachypodium_distachyon,2,0,0.62392
OG0001105,Avena_sativa,4,2,0.00766286
OG0001105,Arabidopsis_thaliana,1,0,0.756301
OG0001105,Triticum_turgidum,8,1,0.0269899
OG0001105,Zea_mays,0,0,0.5
OG0001105,Sorghum_bicolor,0,0,0.5
OG0001105,Hordeum_vulgare,0,-2,0.000304881
OG0001105,Triticum_aestivum,7,0,0.550286
OG0001105,Oryza_sativa,0,-1,0.154715
OG0001105,Brachypodium_distachyon,0,-1,0.102088
OG0001109,Avena_sativa,2,-1,0.212567
OG0001109,Arabidopsis_thaliana,2,0,0.83681
OG0001109,Triticum_turgidum,3,0,0.522552
OG0001109,Zea_mays,2,0,0.586825
OG0001109,Sorghum_bicolor,1,-1,0.130342
OG0001109,Hordeum_vulgare,1,-2,0.000864647
OG0001109,Triticum_aestivum,7,4,2.60E-08
OG0001109,Oryza_sativa,7,4,0.000791187
OG0001109,Brachypodium_distachyon,6,3,0.00182532
OG0001111,Avena_sativa,2,0,0.601244
OG0001111,Arabidopsis_thaliana,25,20,1.44E-08
OG0001111,Triticum_turgidum,0,-1,0.0115245
OG0001111,Zea_mays,5,1,0.0944197
OG0001111,Sorghum_bicolor,3,-1,0.231726
OG0001111,Hordeum_vulgare,1,0,0.522556
OG0001111,Triticum_aestivum,1,0,0.507693
OG0001111,Oryza_sativa,5,1,0.211576
OG0001111,Brachypodium_distachyon,2,0,0.62392
OG0001113,Avena_sativa,2,-1,0.212567
OG0001113,Arabidopsis_thaliana,2,0,0.83681
OG0001113,Triticum_turgidum,4,0,0.529727
OG0001113,Zea_mays,5,2,0.0123196
OG0001113,Sorghum_bicolor,3,0,0.621591
OG0001113,Hordeum_vulgare,4,0,0.581577
OG0001113,Triticum_aestivum,5,1,0.0154401
OG0001113,Oryza_sativa,2,-1,0.355122
OG0001113,Brachypodium_distachyon,4,1,0.106012
OG0001114,Avena_sativa,3,0,0.640072
OG0001114,Arabidopsis_thaliana,3,0,0.871099
OG0001114,Triticum_turgidum,5,1,0.0154401
OG0001114,Zea_mays,2,-1,0.18413
OG0001114,Sorghum_bicolor,4,1,0.0712625
OG0001114,Hordeum_vulgare,3,0,0.563236
OG0001114,Triticum_aestivum,4,0,0.529727
OG0001114,Oryza_sativa,5,2,0.0580412
OG0001114,Brachypodium_distachyon,0,-3,0.000462887
OG0001115,Avena_sativa,3,0,0.640072
OG0001115,Arabidopsis_thaliana,1,-1,0.526493
OG0001115,Triticum_turgidum,2,0,0.515209
OG0001115,Zea_mays,19,14,3.41E-16
OG0001115,Sorghum_bicolor,4,-1,0.273983
OG0001115,Hordeum_vulgare,2,0,0.543596
OG0001115,Triticum_aestivum,2,0,0.515209
OG0001115,Oryza_sativa,2,-1,0.355122
OG0001115,Brachypodium_distachyon,4,1,0.106012
OG0001118,Avena_sativa,3,0,0.640072
OG0001118,Arabidopsis_thaliana,2,0,0.83681
OG0001118,Triticum_turgidum,2,-1,0.033873
OG0001118,Zea_mays,7,3,0.00127647
OG0001118,Sorghum_bicolor,4,0,0.65174
OG0001118,Hordeum_vulgare,4,1,0.0341793
OG0001118,Triticum_aestivum,3,0,0.522552
OG0001118,Oryza_sativa,3,0,0.730477
OG0001118,Brachypodium_distachyon,5,2,0.0261507
OG0001119,Avena_sativa,4,1,0.0844237
OG0001119,Arabidopsis_thaliana,2,0,0.83681
OG0001119,Triticum_turgidum,5,0,0.536738
OG0001119,Zea_mays,4,1,0.0712625
OG0001119,Sorghum_bicolor,3,0,0.621591
OG0001119,Hordeum_vulgare,3,0,0.563236
OG0001119,Triticum_aestivum,5,0,0.536738
OG0001119,Oryza_sativa,1,-2,0.0244268
OG0001119,Brachypodium_distachyon,2,-1,0.256093
OG0001123,Avena_sativa,5,2,0.017015
OG0001123,Arabidopsis_thaliana,2,0,0.83681
OG0001123,Triticum_turgidum,3,0,0.522552
OG0001123,Zea_mays,7,3,0.00127647
OG0001123,Sorghum_bicolor,4,0,0.65174
OG0001123,Hordeum_vulgare,2,-1,0.0952486
OG0001123,Triticum_aestivum,3,0,0.522552
OG0001123,Oryza_sativa,3,0,0.730477
OG0001123,Brachypodium_distachyon,3,0,0.668125
OG0001124,Avena_sativa,2,-1,0.212567
OG0001124,Arabidopsis_thaliana,2,0,0.83681
OG0001124,Triticum_turgidum,3,0,0.522552
OG0001124,Zea_mays,12,7,6.66E-08
OG0001124,Sorghum_bicolor,4,-1,0.273983
OG0001124,Hordeum_vulgare,4,1,0.0341793
OG0001124,Triticum_aestivum,3,0,0.522552
OG0001124,Oryza_sativa,4,0,0.768135
OG0001124,Brachypodium_distachyon,3,0,0.668125
OG0001139,Avena_sativa,3,0,0.640072
OG0001139,Arabidopsis_thaliana,1,-1,0.526493
OG0001139,Triticum_turgidum,3,0,0.522552
OG0001139,Zea_mays,11,7,2.63E-08
OG0001139,Sorghum_bicolor,4,0,0.65174
OG0001139,Hordeum_vulgare,3,0,0.563236
OG0001139,Triticum_aestivum,3,0,0.522552
OG0001139,Oryza_sativa,3,0,0.730477
OG0001139,Brachypodium_distachyon,4,1,0.106012
OG0001142,Avena_sativa,3,1,0.0565411
OG0001142,Arabidopsis_thaliana,1,0,0.756301
OG0001142,Triticum_turgidum,3,0,0.522552
OG0001142,Zea_mays,4,2,0.00548055
OG0001142,Sorghum_bicolor,2,0,0.586825
OG0001142,Hordeum_vulgare,2,0,0.543596
OG0001142,Triticum_aestivum,7,4,2.60E-08
OG0001142,Oryza_sativa,2,0,0.678483
OG0001142,Brachypodium_distachyon,2,0,0.62392
OG0001143,Avena_sativa,0,-4,7.08E-06
OG0001143,Arabidopsis_thaliana,3,0,0.871099
OG0001143,Triticum_turgidum,4,0,0.529727
OG0001143,Zea_mays,8,3,0.00235073
OG0001143,Sorghum_bicolor,4,-1,0.273983
OG0001143,Hordeum_vulgare,4,0,0.581577
OG0001143,Triticum_aestivum,5,1,0.0154401
OG0001143,Oryza_sativa,4,0,0.768135
OG0001143,Brachypodium_distachyon,4,0,0.703899
OG0001144,Avena_sativa,3,0,0.640072
OG0001144,Arabidopsis_thaliana,4,1,0.40319
OG0001144,Triticum_turgidum,3,0,0.522552
OG0001144,Zea_mays,10,6,3.88E-07
OG0001144,Sorghum_bicolor,4,0,0.65174
OG0001144,Hordeum_vulgare,3,0,0.563236
OG0001144,Triticum_aestivum,3,0,0.522552
OG0001144,Oryza_sativa,1,-2,0.0244268
OG0001144,Brachypodium_distachyon,3,0,0.668125
OG0001148,Avena_sativa,3,0,0.640072
OG0001148,Arabidopsis_thaliana,3,0,0.871099
OG0001148,Triticum_turgidum,3,0,0.522552
OG0001148,Zea_mays,8,3,0.00235073
OG0001148,Sorghum_bicolor,4,-1,0.273983
OG0001148,Hordeum_vulgare,3,0,0.563236
OG0001148,Triticum_aestivum,2,-1,0.033873
OG0001148,Oryza_sativa,5,1,0.211576
OG0001148,Brachypodium_distachyon,5,1,0.139528
OG0001149,Avena_sativa,4,0,0.672871
OG0001149,Arabidopsis_thaliana,1,-1,0.526493
OG0001149,Triticum_turgidum,2,-1,0.033873
OG0001149,Zea_mays,4,-1,0.273983
OG0001149,Sorghum_bicolor,8,3,0.00235073
OG0001149,Hordeum_vulgare,2,-1,0.0952486
OG0001149,Triticum_aestivum,3,0,0.522552
OG0001149,Oryza_sativa,2,-2,0.041886
OG0001149,Brachypodium_distachyon,5,1,0.139528
OG0001150,Avena_sativa,5,1,0.111601
OG0001150,Arabidopsis_thaliana,11,7,0.002331
OG0001150,Triticum_turgidum,0,-3,2.82E-07
OG0001150,Zea_mays,0,-1,0.0693598
OG0001150,Sorghum_bicolor,1,0,0.54662
OG0001150,Hordeum_vulgare,5,1,0.0455004
OG0001150,Triticum_aestivum,3,0,0.522552
OG0001150,Oryza_sativa,5,1,0.211576
OG0001150,Brachypodium_distachyon,2,-2,0.017401
OG0001152,Avena_sativa,5,2,0.017015
OG0001152,Arabidopsis_thaliana,1,-1,0.526493
OG0001152,Triticum_turgidum,2,-1,0.033873
OG0001152,Zea_mays,5,2,0.0123196
OG0001152,Sorghum_bicolor,3,0,0.621591
OG0001152,Hordeum_vulgare,3,0,0.563236
OG0001152,Triticum_aestivum,5,2,0.000351888
OG0001152,Oryza_sativa,2,-1,0.355122
OG0001152,Brachypodium_distachyon,2,-1,0.256093
OG0001154,Avena_sativa,6,2,0.0287475
OG0001154,Arabidopsis_thaliana,3,0,0.871099
OG0001154,Triticum_turgidum,1,-1,0.0228136
OG0001154,Zea_mays,6,1,0.116998
OG0001154,Sorghum_bicolor,5,0,0.677962
OG0001154,Hordeum_vulgare,2,0,0.543596
OG0001154,Triticum_aestivum,2,0,0.515209
OG0001154,Oryza_sativa,5,1,0.211576
OG0001154,Brachypodium_distachyon,3,-1,0.314564
OG0001156,Avena_sativa,4,0,0.672871
OG0001156,Arabidopsis_thaliana,1,-1,0.526493
OG0001156,Triticum_turgidum,3,-1,0.0447081
OG0001156,Zea_mays,2,-1,0.18413
OG0001156,Sorghum_bicolor,3,0,0.621591
OG0001156,Hordeum_vulgare,6,2,0.0052693
OG0001156,Triticum_aestivum,4,0,0.529727
OG0001156,Oryza_sativa,5,1,0.211576
OG0001156,Brachypodium_distachyon,4,0,0.703899
OG0001158,Avena_sativa,7,4,6.42E-05
OG0001158,Arabidopsis_thaliana,1,0,0.756301
OG0001158,Triticum_turgidum,4,1,0.0115823
OG0001158,Zea_mays,3,0,0.621591
OG0001158,Sorghum_bicolor,4,1,0.0712625
OG0001158,Hordeum_vulgare,3,0,0.563236
OG0001158,Triticum_aestivum,3,0,0.522552
OG0001158,Oryza_sativa,1,-1,0.268992
OG0001158,Brachypodium_distachyon,1,-1,0.186225
OG0001181,Avena_sativa,4,0,0.672871
OG0001181,Arabidopsis_thaliana,1,-1,0.526493
OG0001181,Triticum_turgidum,4,0,0.529727
OG0001181,Zea_mays,2,0,0.586825
OG0001181,Sorghum_bicolor,2,0,0.586825
OG0001181,Hordeum_vulgare,1,-3,3.11E-05
OG0001181,Triticum_aestivum,5,1,0.0154401
OG0001181,Oryza_sativa,4,0,0.768135
OG0001181,Brachypodium_distachyon,4,0,0.703899
OG0001182,Avena_sativa,3,0,0.640072
OG0001182,Arabidopsis_thaliana,1,-1,0.526493
OG0001182,Triticum_turgidum,3,0,0.522552
OG0001182,Zea_mays,10,6,3.88E-07
OG0001182,Sorghum_bicolor,3,-1,0.231726
OG0001182,Hordeum_vulgare,3,0,0.563236
OG0001182,Triticum_aestivum,3,0,0.522552
OG0001182,Oryza_sativa,3,0,0.730477
OG0001182,Brachypodium_distachyon,4,1,0.106012
OG0001184,Avena_sativa,2,0,0.601244
OG0001184,Arabidopsis_thaliana,3,1,0.294252
OG0001184,Triticum_turgidum,5,0,0.536738
OG0001184,Zea_mays,3,0,0.621591
OG0001184,Sorghum_bicolor,7,4,3.33E-05
OG0001184,Hordeum_vulgare,1,-1,0.0654064
OG0001184,Triticum_aestivum,5,0,0.536738
OG0001184,Oryza_sativa,1,-1,0.268992
OG0001184,Brachypodium_distachyon,1,-1,0.186225
OG0001186,Avena_sativa,1,-1,0.15204
OG0001186,Arabidopsis_thaliana,3,1,0.294252
OG0001186,Triticum_turgidum,6,0,0.54359
OG0001186,Zea_mays,1,0,0.54662
OG0001186,Sorghum_bicolor,1,0,0.54662
OG0001186,Hordeum_vulgare,5,0,0.598716
OG0001186,Triticum_aestivum,6,0,0.54359
OG0001186,Oryza_sativa,3,1,0.110464
OG0001186,Brachypodium_distachyon,2,0,0.62392
OG0001188,Avena_sativa,4,0,0.672871
OG0001188,Arabidopsis_thaliana,3,0,0.871099
OG0001188,Triticum_turgidum,3,-1,0.0447081
OG0001188,Zea_mays,2,0,0.586825
OG0001188,Sorghum_bicolor,2,0,0.586825
OG0001188,Hordeum_vulgare,4,0,0.581577
OG0001188,Triticum_aestivum,5,1,0.0154401
OG0001188,Oryza_sativa,3,0,0.730477
OG0001188,Brachypodium_distachyon,2,-1,0.256093
OG0001191,Avena_sativa,2,-1,0.212567
OG0001191,Arabidopsis_thaliana,2,0,0.83681
OG0001191,Triticum_turgidum,4,0,0.529727
OG0001191,Zea_mays,7,3,0.00127647
OG0001191,Sorghum_bicolor,4,0,0.65174
OG0001191,Hordeum_vulgare,3,0,0.563236
OG0001191,Triticum_aestivum,4,0,0.529727
OG0001191,Oryza_sativa,3,0,0.730477
OG0001191,Brachypodium_distachyon,3,0,0.668125
OG0001194,Avena_sativa,3,0,0.640072
OG0001194,Arabidopsis_thaliana,1,-1,0.526493
OG0001194,Triticum_turgidum,2,-1,0.033873
OG0001194,Zea_mays,11,6,1.14E-06
OG0001194,Sorghum_bicolor,4,-1,0.273983
OG0001194,Hordeum_vulgare,3,0,0.563236
OG0001194,Triticum_aestivum,3,0,0.522552
OG0001194,Oryza_sativa,4,0,0.768135
OG0001194,Brachypodium_distachyon,4,0,0.703899
OG0001196,Avena_sativa,2,-1,0.212567
OG0001196,Arabidopsis_thaliana,16,12,1.86E-05
OG0001196,Triticum_turgidum,2,-1,0.033873
OG0001196,Zea_mays,2,0,0.586825
OG0001196,Sorghum_bicolor,2,0,0.586825
OG0001196,Hordeum_vulgare,3,0,0.563236
OG0001196,Triticum_aestivum,4,1,0.0115823
OG0001196,Oryza_sativa,2,-1,0.355122
OG0001196,Brachypodium_distachyon,3,0,0.668125
OG0001199,Avena_sativa,3,0,0.640072
OG0001199,Arabidopsis_thaliana,2,0,0.83681
OG0001199,Triticum_turgidum,3,0,0.522552
OG0001199,Zea_mays,6,3,0.000579131
OG0001199,Sorghum_bicolor,3,0,0.621591
OG0001199,Hordeum_vulgare,3,0,0.563236
OG0001199,Triticum_aestivum,4,1,0.0115823
OG0001199,Oryza_sativa,2,-1,0.355122
OG0001199,Brachypodium_distachyon,4,1,0.106012
OG0001200,Avena_sativa,2,0,0.601244
OG0001200,Arabidopsis_thaliana,3,1,0.294252
OG0001200,Triticum_turgidum,2,0,0.515209
OG0001200,Zea_mays,19,15,4.75E-18
OG0001200,Sorghum_bicolor,3,-1,0.231726
OG0001200,Hordeum_vulgare,3,1,0.0228047
OG0001200,Triticum_aestivum,2,0,0.515209
OG0001200,Oryza_sativa,1,-1,0.268992
OG0001200,Brachypodium_distachyon,3,1,0.0711731
OG0001205,Avena_sativa,4,1,0.0844237
OG0001205,Arabidopsis_thaliana,4,1,0.40319
OG0001205,Triticum_turgidum,2,0,0.515209
OG0001205,Zea_mays,4,0,0.65174
OG0001205,Sorghum_bicolor,7,3,0.00127647
OG0001205,Hordeum_vulgare,3,0,0.563236
OG0001205,Triticum_aestivum,2,0,0.515209
OG0001205,Oryza_sativa,5,1,0.211576
OG0001205,Brachypodium_distachyon,2,-1,0.256093
OG0001207,Avena_sativa,6,3,0.000946689
OG0001207,Arabidopsis_thaliana,1,-1,0.526493
OG0001207,Triticum_turgidum,4,1,0.0115823
OG0001207,Zea_mays,5,2,0.0123196
OG0001207,Sorghum_bicolor,2,-1,0.18413
OG0001207,Hordeum_vulgare,0,-3,9.60E-06
OG0001207,Triticum_aestivum,3,0,0.522552
OG0001207,Oryza_sativa,3,0,0.730477
OG0001207,Brachypodium_distachyon,1,-2,0.00961005
OG0001208,Avena_sativa,5,1,0.111601
OG0001208,Arabidopsis_thaliana,3,1,0.294252
OG0001208,Triticum_turgidum,4,0,0.529727
OG0001208,Zea_mays,2,0,0.586825
OG0001208,Sorghum_bicolor,2,0,0.586825
OG0001208,Hordeum_vulgare,1,-3,3.11E-05
OG0001208,Triticum_aestivum,4,0,0.529727
OG0001208,Oryza_sativa,2,0,0.678483
OG0001208,Brachypodium_distachyon,4,0,0.703899
OG0001209,Avena_sativa,5,2,0.017015
OG0001209,Arabidopsis_thaliana,1,-1,0.526493
OG0001209,Triticum_turgidum,3,0,0.522552
OG0001209,Zea_mays,6,3,0.000579131
OG0001209,Sorghum_bicolor,3,0,0.621591
OG0001209,Hordeum_vulgare,2,-1,0.0952486
OG0001209,Triticum_aestivum,3,0,0.522552
OG0001209,Oryza_sativa,3,0,0.730477
OG0001209,Brachypodium_distachyon,2,-1,0.256093
OG0001210,Avena_sativa,4,0,0.672871
OG0001210,Arabidopsis_thaliana,2,0,0.83681
OG0001210,Triticum_turgidum,5,0,0.536738
OG0001210,Zea_mays,3,1,0.0476668
OG0001210,Sorghum_bicolor,2,0,0.586825
OG0001210,Hordeum_vulgare,6,1,0.0567459
OG0001210,Triticum_aestivum,3,-2,0.000304323
OG0001210,Oryza_sativa,2,0,0.678483
OG0001210,Brachypodium_distachyon,2,0,0.62392
OG0001211,Avena_sativa,3,0,0.640072
OG0001211,Arabidopsis_thaliana,1,-1,0.526493
OG0001211,Triticum_turgidum,4,1,0.0115823
OG0001211,Zea_mays,12,8,1.72E-09
OG0001211,Sorghum_bicolor,3,-1,0.231726
OG0001211,Hordeum_vulgare,3,0,0.563236
OG0001211,Triticum_aestivum,2,-1,0.033873
OG0001211,Oryza_sativa,4,1,0.163122
OG0001211,Brachypodium_distachyon,3,0,0.668125
OG0001212,Avena_sativa,4,0,0.672871
OG0001212,Arabidopsis_thaliana,1,0,0.756301
OG0001212,Triticum_turgidum,4,0,0.529727
OG0001212,Zea_mays,1,0,0.54662
OG0001212,Sorghum_bicolor,1,0,0.54662
OG0001212,Hordeum_vulgare,3,-1,0.123358
OG0001212,Triticum_aestivum,5,1,0.0154401
OG0001212,Oryza_sativa,0,-1,0.154715
OG0001212,Brachypodium_distachyon,4,0,0.703899
OG0001214,Avena_sativa,3,0,0.640072
OG0001214,Arabidopsis_thaliana,1,-1,0.526493
OG0001214,Triticum_turgidum,1,-2,9.30E-05
OG0001214,Zea_mays,10,7,8.59E-09
OG0001214,Sorghum_bicolor,1,-2,0.00408936
OG0001214,Hordeum_vulgare,2,-1,0.0952486
OG0001214,Triticum_aestivum,5,2,0.000351888
OG0001214,Oryza_sativa,2,-1,0.355122
OG0001214,Brachypodium_distachyon,6,3,0.00182532
OG0001230,Avena_sativa,4,1,0.0844237
OG0001230,Arabidopsis_thaliana,2,0,0.83681
OG0001230,Triticum_turgidum,4,0,0.529727
OG0001230,Zea_mays,4,2,0.00548055
OG0001230,Sorghum_bicolor,2,0,0.586825
OG0001230,Hordeum_vulgare,3,0,0.563236
OG0001230,Triticum_aestivum,4,0,0.529727
OG0001230,Oryza_sativa,1,-1,0.268992
OG0001230,Brachypodium_distachyon,2,0,0.62392
OG0001231,Avena_sativa,3,0,0.640072
OG0001231,Arabidopsis_thaliana,1,0,0.756301
OG0001231,Triticum_turgidum,7,2,0.00100311
OG0001231,Zea_mays,0,-1,0.0693598
OG0001231,Sorghum_bicolor,1,0,0.54662
OG0001231,Hordeum_vulgare,4,0,0.581577
OG0001231,Triticum_aestivum,5,0,0.536738
OG0001231,Oryza_sativa,1,0,0.605212
OG0001231,Brachypodium_distachyon,1,0,0.56891
OG0001232,Avena_sativa,0,-2,0.00222918
OG0001232,Arabidopsis_thaliana,25,21,1.53E-09
OG0001232,Triticum_turgidum,3,0,0.522552
OG0001232,Zea_mays,1,-1,0.130342
OG0001232,Sorghum_bicolor,2,0,0.586825
OG0001232,Hordeum_vulgare,3,0,0.563236
OG0001232,Triticum_aestivum,2,-1,0.033873
OG0001232,Oryza_sativa,1,-1,0.268992
OG0001232,Brachypodium_distachyon,2,0,0.62392
OG0001235,Avena_sativa,6,3,0.000946689
OG0001235,Arabidopsis_thaliana,4,1,0.40319
OG0001235,Triticum_turgidum,1,-1,0.0228136
OG0001235,Zea_mays,3,0,0.621591
OG0001235,Sorghum_bicolor,4,1,0.0712625
OG0001235,Hordeum_vulgare,3,0,0.563236
OG0001235,Triticum_aestivum,2,0,0.515209
OG0001235,Oryza_sativa,4,1,0.163122
OG0001235,Brachypodium_distachyon,3,0,0.668125
OG0001238,Avena_sativa,6,3,0.000946689
OG0001238,Arabidopsis_thaliana,2,0,0.83681
OG0001238,Triticum_turgidum,3,0,0.522552
OG0001238,Zea_mays,1,-1,0.130342
OG0001238,Sorghum_bicolor,2,0,0.586825
OG0001238,Hordeum_vulgare,2,-1,0.0952486
OG0001238,Triticum_aestivum,4,1,0.0115823
OG0001238,Oryza_sativa,1,-1,0.268992
OG0001238,Brachypodium_distachyon,3,0,0.668125
OG0001239,Avena_sativa,2,0,0.601244
OG0001239,Arabidopsis_thaliana,1,-1,0.526493
OG0001239,Triticum_turgidum,2,0,0.515209
OG0001239,Zea_mays,21,17,1.51E-20
OG0001239,Sorghum_bicolor,2,-2,0.00765457
OG0001239,Hordeum_vulgare,2,0,0.543596
OG0001239,Triticum_aestivum,2,0,0.515209
OG0001239,Oryza_sativa,4,1,0.163122
OG0001239,Brachypodium_distachyon,2,0,0.62392
OG0001240,Avena_sativa,2,0,0.601244
OG0001240,Arabidopsis_thaliana,2,0,0.83681
OG0001240,Triticum_turgidum,4,-1,0.0553244
OG0001240,Zea_mays,4,2,0.00548055
OG0001240,Sorghum_bicolor,2,0,0.586825
OG0001240,Hordeum_vulgare,6,1,0.0567459
OG0001240,Triticum_aestivum,6,1,0.0192946
OG0001240,Oryza_sativa,1,-1,0.268992
OG0001240,Brachypodium_distachyon,2,0,0.62392
OG0001242,Avena_sativa,3,0,0.640072
OG0001242,Arabidopsis_thaliana,8,5,0.0082092
OG0001242,Triticum_turgidum,2,-1,0.033873
OG0001242,Zea_mays,3,0,0.621591
OG0001242,Sorghum_bicolor,2,-1,0.18413
OG0001242,Hordeum_vulgare,3,0,0.563236
OG0001242,Triticum_aestivum,4,1,0.0115823
OG0001242,Oryza_sativa,2,-1,0.355122
OG0001242,Brachypodium_distachyon,2,-1,0.256093
OG0001249,Avena_sativa,7,4,6.42E-05
OG0001249,Arabidopsis_thaliana,1,0,0.756301
OG0001249,Triticum_turgidum,2,0,0.515209
OG0001249,Zea_mays,1,-1,0.130342
OG0001249,Sorghum_bicolor,3,1,0.0476668
OG0001249,Hordeum_vulgare,2,0,0.543596
OG0001249,Triticum_aestivum,3,1,0.00772228
OG0001249,Oryza_sativa,1,-1,0.268992
OG0001249,Brachypodium_distachyon,3,0,0.668125
OG0001250,Avena_sativa,4,0,0.672871
OG0001250,Arabidopsis_thaliana,2,0,0.83681
OG0001250,Triticum_turgidum,2,0,0.515209
OG0001250,Zea_mays,2,-2,0.00765457
OG0001250,Sorghum_bicolor,5,1,0.0944197
OG0001250,Hordeum_vulgare,1,-1,0.0654064
OG0001250,Triticum_aestivum,3,1,0.00772228
OG0001250,Oryza_sativa,5,1,0.211576
OG0001250,Brachypodium_distachyon,5,1,0.139528
OG0001252,Avena_sativa,5,1,0.111601
OG0001252,Arabidopsis_thaliana,1,0,0.756301
OG0001252,Triticum_turgidum,3,-1,0.0447081
OG0001252,Zea_mays,2,0,0.586825
OG0001252,Sorghum_bicolor,2,0,0.586825
OG0001252,Hordeum_vulgare,5,1,0.0455004
OG0001252,Triticum_aestivum,4,0,0.529727
OG0001252,Oryza_sativa,2,0,0.678483
OG0001252,Brachypodium_distachyon,2,0,0.62392
OG0001253,Avena_sativa,3,0,0.640072
OG0001253,Arabidopsis_thaliana,4,1,0.40319
OG0001253,Triticum_turgidum,3,0,0.522552
OG0001253,Zea_mays,9,5,1.07E-05
OG0001253,Sorghum_bicolor,4,0,0.65174
OG0001253,Hordeum_vulgare,0,-3,9.60E-06
OG0001253,Triticum_aestivum,3,0,0.522552
OG0001253,Oryza_sativa,3,0,0.730477
OG0001253,Brachypodium_distachyon,3,0,0.668125
OG0001254,Avena_sativa,2,0,0.601244
OG0001254,Arabidopsis_thaliana,4,2,0.0815
OG0001254,Triticum_turgidum,5,0,0.536738
OG0001254,Zea_mays,1,0,0.54662
OG0001254,Sorghum_bicolor,1,0,0.54662
OG0001254,Hordeum_vulgare,7,2,0.00810445
OG0001254,Triticum_aestivum,4,-1,0.0553244
OG0001254,Oryza_sativa,2,0,0.678483
OG0001254,Brachypodium_distachyon,2,0,0.62392
OG0001256,Avena_sativa,3,0,0.640072
OG0001256,Arabidopsis_thaliana,1,0,0.756301
OG0001256,Triticum_turgidum,4,0,0.529727
OG0001256,Zea_mays,4,2,0.00548055
OG0001256,Sorghum_bicolor,2,0,0.586825
OG0001256,Hordeum_vulgare,4,0,0.581577
OG0001256,Triticum_aestivum,5,1,0.0154401
OG0001256,Oryza_sativa,2,0,0.678483
OG0001256,Brachypodium_distachyon,2,0,0.62392
OG0001257,Avena_sativa,2,0,0.601244
OG0001257,Arabidopsis_thaliana,22,18,3.75E-08
OG0001257,Triticum_turgidum,2,0,0.515209
OG0001257,Zea_mays,1,-1,0.130342
OG0001257,Sorghum_bicolor,3,1,0.0476668
OG0001257,Hordeum_vulgare,2,0,0.543596
OG0001257,Triticum_aestivum,2,0,0.515209
OG0001257,Oryza_sativa,2,0,0.678483
OG0001257,Brachypodium_distachyon,2,0,0.62392
OG0001258,Avena_sativa,0,-1,0.0818261
OG0001258,Arabidopsis_thaliana,38,34,9.47E-16
OG0001258,Triticum_turgidum,1,0,0.507693
OG0001258,Zea_mays,1,0,0.54662
OG0001258,Sorghum_bicolor,1,0,0.54662
OG0001258,Hordeum_vulgare,1,0,0.522556
OG0001258,Triticum_aestivum,1,0,0.507693
OG0001258,Oryza_sativa,0,-1,0.154715
OG0001258,Brachypodium_distachyon,1,0,0.56891
OG0001262,Avena_sativa,4,1,0.0844237
OG0001262,Arabidopsis_thaliana,2,0,0.83681
OG0001262,Triticum_turgidum,4,1,0.0115823
OG0001262,Zea_mays,6,2,0.0210788
OG0001262,Sorghum_bicolor,4,0,0.65174
OG0001262,Hordeum_vulgare,3,0,0.563236
OG0001262,Triticum_aestivum,2,-1,0.033873
OG0001262,Oryza_sativa,1,-2,0.0244268
OG0001262,Brachypodium_distachyon,4,1,0.106012
OG0001263,Avena_sativa,3,0,0.640072
OG0001263,Arabidopsis_thaliana,2,0,0.83681
OG0001263,Triticum_turgidum,5,1,0.0154401
OG0001263,Zea_mays,2,0,0.586825
OG0001263,Sorghum_bicolor,2,0,0.586825
OG0001263,Hordeum_vulgare,5,1,0.0455004
OG0001263,Triticum_aestivum,4,0,0.529727
OG0001263,Oryza_sativa,1,-1,0.268992
OG0001263,Brachypodium_distachyon,2,0,0.62392
OG0001264,Avena_sativa,4,0,0.672871
OG0001264,Arabidopsis_thaliana,2,0,0.83681
OG0001264,Triticum_turgidum,4,0,0.529727
OG0001264,Zea_mays,3,0,0.621591
OG0001264,Sorghum_bicolor,2,-1,0.18413
OG0001264,Hordeum_vulgare,0,-4,1.46E-07
OG0001264,Triticum_aestivum,4,0,0.529727
OG0001264,Oryza_sativa,2,-1,0.355122
OG0001264,Brachypodium_distachyon,4,0,0.703899
OG0001266,Avena_sativa,5,2,0.017015
OG0001266,Arabidopsis_thaliana,2,0,0.83681
OG0001266,Triticum_turgidum,4,1,0.0115823
OG0001266,Zea_mays,4,1,0.0712625
OG0001266,Sorghum_bicolor,3,0,0.621591
OG0001266,Hordeum_vulgare,3,0,0.563236
OG0001266,Triticum_aestivum,3,0,0.522552
OG0001266,Oryza_sativa,1,-2,0.0244268
OG0001266,Brachypodium_distachyon,4,1,0.106012
OG0001276,Avena_sativa,2,0,0.601244
OG0001276,Arabidopsis_thaliana,12,8,0.000921693
OG0001276,Triticum_turgidum,2,0,0.515209
OG0001276,Zea_mays,2,-2,0.00765457
OG0001276,Sorghum_bicolor,7,3,0.00127647
OG0001276,Hordeum_vulgare,3,1,0.0228047
OG0001276,Triticum_aestivum,1,-1,0.0228136
OG0001276,Oryza_sativa,5,1,0.211576
OG0001276,Brachypodium_distachyon,2,0,0.62392
OG0001277,Avena_sativa,2,-1,0.212567
OG0001277,Arabidopsis_thaliana,2,0,0.83681
OG0001277,Triticum_turgidum,4,0,0.529727
OG0001277,Zea_mays,3,0,0.621591
OG0001277,Sorghum_bicolor,2,-1,0.18413
OG0001277,Hordeum_vulgare,5,1,0.0455004
OG0001277,Triticum_aestivum,5,1,0.0154401
OG0001277,Oryza_sativa,2,-1,0.355122
OG0001277,Brachypodium_distachyon,3,0,0.668125
OG0001278,Avena_sativa,3,0,0.640072
OG0001278,Arabidopsis_thaliana,1,0,0.756301
OG0001278,Triticum_turgidum,4,0,0.529727
OG0001278,Zea_mays,3,1,0.0476668
OG0001278,Sorghum_bicolor,2,0,0.586825
OG0001278,Hordeum_vulgare,3,0,0.563236
OG0001278,Triticum_aestivum,5,1,0.0154401
OG0001278,Oryza_sativa,1,-1,0.268992
OG0001278,Brachypodium_distachyon,2,0,0.62392
OG0001279,Avena_sativa,3,0,0.640072
OG0001279,Arabidopsis_thaliana,1,0,0.756301
OG0001279,Triticum_turgidum,6,1,0.0192946
OG0001279,Zea_mays,0,-1,0.0693598
OG0001279,Sorghum_bicolor,2,1,0.0238258
OG0001279,Hordeum_vulgare,5,0,0.598716
OG0001279,Triticum_aestivum,5,0,0.536738
OG0001279,Oryza_sativa,1,0,0.605212
OG0001279,Brachypodium_distachyon,1,0,0.56891
OG0001281,Avena_sativa,1,-3,0.000585901
OG0001281,Arabidopsis_thaliana,2,0,0.83681
OG0001281,Triticum_turgidum,4,0,0.529727
OG0001281,Zea_mays,3,0,0.621591
OG0001281,Sorghum_bicolor,3,0,0.621591
OG0001281,Hordeum_vulgare,5,1,0.0455004
OG0001281,Triticum_aestivum,4,0,0.529727
OG0001281,Oryza_sativa,5,1,0.211576
OG0001281,Brachypodium_distachyon,4,0,0.703899
OG0001286,Avena_sativa,2,0,0.601244
OG0001286,Arabidopsis_thaliana,5,2,0.142253
OG0001286,Triticum_turgidum,2,0,0.515209
OG0001286,Zea_mays,13,9,1.09E-10
OG0001286,Sorghum_bicolor,2,-2,0.00765457
OG0001286,Hordeum_vulgare,2,0,0.543596
OG0001286,Triticum_aestivum,3,1,0.00772228
OG0001286,Oryza_sativa,2,-1,0.355122
OG0001286,Brachypodium_distachyon,4,1,0.106012
OG0001288,Avena_sativa,2,-1,0.212567
OG0001288,Arabidopsis_thaliana,3,0,0.871099
OG0001288,Triticum_turgidum,3,0,0.522552
OG0001288,Zea_mays,7,4,3.33E-05
OG0001288,Sorghum_bicolor,3,0,0.621591
OG0001288,Hordeum_vulgare,4,1,0.0341793
OG0001288,Triticum_aestivum,3,0,0.522552
OG0001288,Oryza_sativa,3,0,0.730477
OG0001288,Brachypodium_distachyon,4,1,0.106012
OG0001289,Avena_sativa,4,0,0.672871
OG0001289,Arabidopsis_thaliana,1,-1,0.526493
OG0001289,Triticum_turgidum,4,0,0.529727
OG0001289,Zea_mays,0,-3,0.000117003
OG0001289,Sorghum_bicolor,3,0,0.621591
OG0001289,Hordeum_vulgare,4,0,0.581577
OG0001289,Triticum_aestivum,3,-1,0.0447081
OG0001289,Oryza_sativa,5,1,0.211576
OG0001289,Brachypodium_distachyon,4,0,0.703899
OG0001291,Avena_sativa,6,4,2.35E-05
OG0001291,Arabidopsis_thaliana,2,0,0.83681
OG0001291,Triticum_turgidum,2,0,0.515209
OG0001291,Zea_mays,1,-1,0.130342
OG0001291,Sorghum_bicolor,2,0,0.586825
OG0001291,Hordeum_vulgare,2,0,0.543596
OG0001291,Triticum_aestivum,4,2,0.000148177
OG0001291,Oryza_sativa,1,-1,0.268992
OG0001291,Brachypodium_distachyon,1,-1,0.186225
OG0001292,Avena_sativa,1,0,0.555086
OG0001292,Arabidopsis_thaliana,1,0,0.756301
OG0001292,Triticum_turgidum,7,0,0.550286
OG0001292,Zea_mays,0,0,0.5
OG0001292,Sorghum_bicolor,0,0,0.5
OG0001292,Hordeum_vulgare,1,0,0.522556
OG0001292,Triticum_aestivum,9,2,0.0019599
OG0001292,Oryza_sativa,0,-1,0.154715
OG0001292,Brachypodium_distachyon,0,-1,0.102088
OG0001293,Avena_sativa,2,1,0.0282556
OG0001293,Arabidopsis_thaliana,1,0,0.756301
OG0001293,Triticum_turgidum,10,8,5.62E-17
OG0001293,Zea_mays,9,8,1.35E-11
OG0001293,Sorghum_bicolor,1,0,0.54662
OG0001293,Hordeum_vulgare,1,0,0.522556
OG0001293,Triticum_aestivum,2,0,0.515209
OG0001293,Oryza_sativa,0,-1,0.154715
OG0001293,Brachypodium_distachyon,0,-1,0.102088
OG0001294,Avena_sativa,2,-2,0.010873
OG0001294,Arabidopsis_thaliana,2,0,0.83681
OG0001294,Triticum_turgidum,4,-1,0.0553244
OG0001294,Zea_mays,1,-1,0.130342
OG0001294,Sorghum_bicolor,2,0,0.586825
OG0001294,Hordeum_vulgare,5,0,0.598716
OG0001294,Triticum_aestivum,5,0,0.536738
OG0001294,Oryza_sativa,4,0,0.768135
OG0001294,Brachypodium_distachyon,4,0,0.703899
OG0001295,Avena_sativa,3,0,0.640072
OG0001295,Arabidopsis_thaliana,2,0,0.83681
OG0001295,Triticum_turgidum,4,1,0.0115823
OG0001295,Zea_mays,5,2,0.0123196
OG0001295,Sorghum_bicolor,3,0,0.621591
OG0001295,Hordeum_vulgare,3,0,0.563236
OG0001295,Triticum_aestivum,2,-1,0.033873
OG0001295,Oryza_sativa,6,3,0.00623898
OG0001295,Brachypodium_distachyon,3,0,0.668125
OG0001296,Avena_sativa,4,0,0.672871
OG0001296,Arabidopsis_thaliana,1,0,0.756301
OG0001296,Triticum_turgidum,4,0,0.529727
OG0001296,Zea_mays,0,-1,0.0693598
OG0001296,Sorghum_bicolor,1,0,0.54662
OG0001296,Hordeum_vulgare,4,0,0.581577
OG0001296,Triticum_aestivum,6,2,0.000637864
OG0001296,Oryza_sativa,1,0,0.605212
OG0001296,Brachypodium_distachyon,2,0,0.62392
OG0001298,Avena_sativa,3,0,0.640072
OG0001298,Arabidopsis_thaliana,3,0,0.871099
OG0001298,Triticum_turgidum,4,0,0.529727
OG0001298,Zea_mays,7,4,3.33E-05
OG0001298,Sorghum_bicolor,3,0,0.621591
OG0001298,Hordeum_vulgare,0,-3,9.60E-06
OG0001298,Triticum_aestivum,4,0,0.529727
OG0001298,Oryza_sativa,1,-2,0.0244268
OG0001298,Brachypodium_distachyon,3,0,0.668125
OG0001320,Avena_sativa,0,-2,0.00222918
OG0001320,Arabidopsis_thaliana,1,-1,0.526493
OG0001320,Triticum_turgidum,0,0,0.5
OG0001320,Zea_mays,2,0,0.586825
OG0001320,Sorghum_bicolor,1,-1,0.130342
OG0001320,Hordeum_vulgare,2,0,0.543596
OG0001320,Triticum_aestivum,0,0,0.5
OG0001320,Oryza_sativa,23,18,1.05E-14
OG0001320,Brachypodium_distachyon,15,10,1.02E-09
OG0001323,Avena_sativa,0,0,0.5
OG0001323,Arabidopsis_thaliana,1,-1,0.526493
OG0001323,Triticum_turgidum,0,0,0.5
OG0001323,Zea_mays,38,32,7.28E-38
OG0001323,Sorghum_bicolor,3,-3,0.00128946
OG0001323,Hordeum_vulgare,0,0,0.5
OG0001323,Triticum_aestivum,0,0,0.5
OG0001323,Oryza_sativa,3,1,0.110464
OG0001323,Brachypodium_distachyon,0,0,0.5
OG0001326,Avena_sativa,1,-2,0.00588216
OG0001326,Arabidopsis_thaliana,6,3,0.0776588
OG0001326,Triticum_turgidum,3,-1,0.0447081
OG0001326,Zea_mays,4,0,0.65174
OG0001326,Sorghum_bicolor,7,3,0.00127647
OG0001326,Hordeum_vulgare,4,0,0.581577
OG0001326,Triticum_aestivum,4,0,0.529727
OG0001326,Oryza_sativa,2,-1,0.355122
OG0001326,Brachypodium_distachyon,3,0,0.668125
OG0001327,Avena_sativa,3,1,0.0565411
OG0001327,Arabidopsis_thaliana,2,0,0.83681
OG0001327,Triticum_turgidum,2,0,0.515209
OG0001327,Zea_mays,18,15,8.67E-19
OG0001327,Sorghum_bicolor,1,-2,0.00408936
OG0001327,Hordeum_vulgare,2,0,0.543596
OG0001327,Triticum_aestivum,2,0,0.515209
OG0001327,Oryza_sativa,2,0,0.678483
OG0001327,Brachypodium_distachyon,2,0,0.62392
OG0001328,Avena_sativa,3,0,0.640072
OG0001328,Arabidopsis_thaliana,2,0,0.83681
OG0001328,Triticum_turgidum,2,-2,0.000184061
OG0001328,Zea_mays,2,-1,0.18413
OG0001328,Sorghum_bicolor,3,0,0.621591
OG0001328,Hordeum_vulgare,6,2,0.0052693
OG0001328,Triticum_aestivum,4,0,0.529727
OG0001328,Oryza_sativa,2,-1,0.355122
OG0001328,Brachypodium_distachyon,4,1,0.106012
OG0001330,Avena_sativa,4,0,0.672871
OG0001330,Arabidopsis_thaliana,4,1,0.40319
OG0001330,Triticum_turgidum,2,0,0.515209
OG0001330,Zea_mays,6,2,0.0210788
OG0001330,Sorghum_bicolor,4,0,0.65174
OG0001330,Hordeum_vulgare,3,0,0.563236
OG0001330,Triticum_aestivum,1,-1,0.0228136
OG0001330,Oryza_sativa,4,0,0.768135
OG0001330,Brachypodium_distachyon,4,0,0.703899
OG0001332,Avena_sativa,2,0,0.601244
OG0001332,Arabidopsis_thaliana,4,1,0.40319
OG0001332,Triticum_turgidum,4,2,0.000148177
OG0001332,Zea_mays,8,4,7.73E-05
OG0001332,Sorghum_bicolor,4,0,0.65174
OG0001332,Hordeum_vulgare,2,0,0.543596
OG0001332,Triticum_aestivum,2,0,0.515209
OG0001332,Oryza_sativa,3,0,0.730477
OG0001332,Brachypodium_distachyon,3,0,0.668125
OG0001334,Avena_sativa,3,0,0.640072
OG0001334,Arabidopsis_thaliana,1,-1,0.526493
OG0001334,Triticum_turgidum,2,-1,0.033873
OG0001334,Zea_mays,8,4,7.73E-05
OG0001334,Sorghum_bicolor,4,0,0.65174
OG0001334,Hordeum_vulgare,4,1,0.0341793
OG0001334,Triticum_aestivum,3,0,0.522552
OG0001334,Oryza_sativa,3,0,0.730477
OG0001334,Brachypodium_distachyon,2,-1,0.256093
OG0001338,Avena_sativa,5,2,0.017015
OG0001338,Arabidopsis_thaliana,3,1,0.294252
OG0001338,Triticum_turgidum,4,0,0.529727
OG0001338,Zea_mays,1,-1,0.130342
OG0001338,Sorghum_bicolor,2,0,0.586825
OG0001338,Hordeum_vulgare,1,-2,0.000864647
OG0001338,Triticum_aestivum,4,0,0.529727
OG0001338,Oryza_sativa,2,0,0.678483
OG0001338,Brachypodium_distachyon,2,0,0.62392
OG0001344,Avena_sativa,1,-2,0.00588216
OG0001344,Arabidopsis_thaliana,2,0,0.83681
OG0001344,Triticum_turgidum,3,-1,0.0447081
OG0001344,Zea_mays,11,8,5.11E-10
OG0001344,Sorghum_bicolor,2,-1,0.18413
OG0001344,Hordeum_vulgare,4,0,0.581577
OG0001344,Triticum_aestivum,4,0,0.529727
OG0001344,Oryza_sativa,2,-1,0.355122
OG0001344,Brachypodium_distachyon,3,0,0.668125
OG0001346,Avena_sativa,3,0,0.640072
OG0001346,Arabidopsis_thaliana,2,0,0.83681
OG0001346,Triticum_turgidum,3,0,0.522552
OG0001346,Zea_mays,8,4,7.73E-05
OG0001346,Sorghum_bicolor,4,0,0.65174
OG0001346,Hordeum_vulgare,3,0,0.563236
OG0001346,Triticum_aestivum,3,0,0.522552
OG0001346,Oryza_sativa,1,-2,0.0244268
OG0001346,Brachypodium_distachyon,4,1,0.106012
OG0001347,Avena_sativa,4,0,0.672871
OG0001347,Arabidopsis_thaliana,1,0,0.756301
OG0001347,Triticum_turgidum,4,-1,0.0553244
OG0001347,Zea_mays,1,0,0.54662
OG0001347,Sorghum_bicolor,1,0,0.54662
OG0001347,Hordeum_vulgare,5,0,0.598716
OG0001347,Triticum_aestivum,5,0,0.536738
OG0001347,Oryza_sativa,2,0,0.678483
OG0001347,Brachypodium_distachyon,2,0,0.62392
OG0001348,Avena_sativa,5,1,0.111601
OG0001348,Arabidopsis_thaliana,1,0,0.756301
OG0001348,Triticum_turgidum,4,0,0.529727
OG0001348,Zea_mays,3,1,0.0476668
OG0001348,Sorghum_bicolor,2,0,0.586825
OG0001348,Hordeum_vulgare,5,1,0.0455004
OG0001348,Triticum_aestivum,3,-1,0.0447081
OG0001348,Oryza_sativa,2,0,0.678483
OG0001348,Brachypodium_distachyon,2,0,0.62392
OG0001349,Avena_sativa,4,0,0.672871
OG0001349,Arabidopsis_thaliana,1,-1,0.526493
OG0001349,Triticum_turgidum,2,-2,0.000184061
OG0001349,Zea_mays,4,1,0.0712625
OG0001349,Sorghum_bicolor,3,0,0.621591
OG0001349,Hordeum_vulgare,4,0,0.581577
OG0001349,Triticum_aestivum,4,0,0.529727
OG0001349,Oryza_sativa,2,-1,0.355122
OG0001349,Brachypodium_distachyon,4,0,0.703899
OG0001350,Avena_sativa,2,-1,0.212567
OG0001350,Arabidopsis_thaliana,1,0,0.756301
OG0001350,Triticum_turgidum,4,0,0.529727
OG0001350,Zea_mays,2,0,0.586825
OG0001350,Sorghum_bicolor,2,0,0.586825
OG0001350,Hordeum_vulgare,3,0,0.563236
OG0001350,Triticum_aestivum,6,2,0.000637864
OG0001350,Oryza_sativa,2,0,0.678483
OG0001350,Brachypodium_distachyon,3,0,0.668125
OG0001352,Avena_sativa,1,-2,0.00588216
OG0001352,Arabidopsis_thaliana,1,0,0.756301
OG0001352,Triticum_turgidum,6,0,0.54359
OG0001352,Zea_mays,0,0,0.5
OG0001352,Sorghum_bicolor,0,0,0.5
OG0001352,Hordeum_vulgare,6,0,0.614742
OG0001352,Triticum_aestivum,6,0,0.54359
OG0001352,Oryza_sativa,1,0,0.605212
OG0001352,Brachypodium_distachyon,3,0,0.668125
OG0001367,Avena_sativa,3,0,0.640072
OG0001367,Arabidopsis_thaliana,5,2,0.142253
OG0001367,Triticum_turgidum,1,-2,9.30E-05
OG0001367,Zea_mays,5,2,0.0123196
OG0001367,Sorghum_bicolor,3,0,0.621591
OG0001367,Hordeum_vulgare,4,1,0.0341793
OG0001367,Triticum_aestivum,3,0,0.522552
OG0001367,Oryza_sativa,3,0,0.730477
OG0001367,Brachypodium_distachyon,3,0,0.668125
OG0001368,Avena_sativa,0,-3,0.000210169
OG0001368,Arabidopsis_thaliana,1,-1,0.526493
OG0001368,Triticum_turgidum,5,0,0.536738
OG0001368,Zea_mays,1,-2,0.00408936
OG0001368,Sorghum_bicolor,3,0,0.621591
OG0001368,Hordeum_vulgare,3,0,0.563236
OG0001368,Triticum_aestivum,6,1,0.0192946
OG0001368,Oryza_sativa,4,1,0.163122
OG0001368,Brachypodium_distachyon,5,2,0.0261507
OG0001371,Avena_sativa,9,8,5.32E-11
OG0001371,Arabidopsis_thaliana,7,5,0.00390711
OG0001371,Triticum_turgidum,0,-1,0.0115245
OG0001371,Zea_mays,1,0,0.54662
OG0001371,Sorghum_bicolor,1,0,0.54662
OG0001371,Hordeum_vulgare,1,0,0.522556
OG0001371,Triticum_aestivum,1,0,0.507693
OG0001371,Oryza_sativa,1,0,0.605212
OG0001371,Brachypodium_distachyon,1,0,0.56891
OG0001374,Avena_sativa,1,0,0.555086
OG0001374,Arabidopsis_thaliana,1,0,0.756301
OG0001374,Triticum_turgidum,4,-2,0.00045328
OG0001374,Zea_mays,0,0,0.5
OG0001374,Sorghum_bicolor,0,0,0.5
OG0001374,Hordeum_vulgare,7,1,0.0678967
OG0001374,Triticum_aestivum,8,2,0.00144473
OG0001374,Oryza_sativa,0,-1,0.154715
OG0001374,Brachypodium_distachyon,0,-1,0.102088
OG0001377,Avena_sativa,3,0,0.640072
OG0001377,Arabidopsis_thaliana,4,1,0.40319
OG0001377,Triticum_turgidum,2,0,0.515209
OG0001377,Zea_mays,8,4,7.73E-05
OG0001377,Sorghum_bicolor,4,0,0.65174
OG0001377,Hordeum_vulgare,2,0,0.543596
OG0001377,Triticum_aestivum,2,0,0.515209
OG0001377,Oryza_sativa,2,-1,0.355122
OG0001377,Brachypodium_distachyon,4,1,0.106012
OG0001382,Avena_sativa,2,0,0.601244
OG0001382,Arabidopsis_thaliana,4,1,0.40319
OG0001382,Triticum_turgidum,2,0,0.515209
OG0001382,Zea_mays,12,9,2.98E-11
OG0001382,Sorghum_bicolor,2,-1,0.18413
OG0001382,Hordeum_vulgare,2,0,0.543596
OG0001382,Triticum_aestivum,3,1,0.00772228
OG0001382,Oryza_sativa,3,0,0.730477
OG0001382,Brachypodium_distachyon,2,0,0.62392
OG0001386,Avena_sativa,2,-1,0.212567
OG0001386,Arabidopsis_thaliana,4,1,0.40319
OG0001386,Triticum_turgidum,3,0,0.522552
OG0001386,Zea_mays,12,9,2.98E-11
OG0001386,Sorghum_bicolor,1,-2,0.00408936
OG0001386,Hordeum_vulgare,2,-1,0.0952486
OG0001386,Triticum_aestivum,3,0,0.522552
OG0001386,Oryza_sativa,1,-2,0.0244268
OG0001386,Brachypodium_distachyon,3,0,0.668125
OG0001390,Avena_sativa,3,0,0.640072
OG0001390,Arabidopsis_thaliana,2,0,0.83681
OG0001390,Triticum_turgidum,4,0,0.529727
OG0001390,Zea_mays,2,0,0.586825
OG0001390,Sorghum_bicolor,1,-1,0.130342
OG0001390,Hordeum_vulgare,4,0,0.581577
OG0001390,Triticum_aestivum,5,1,0.0154401
OG0001390,Oryza_sativa,1,-1,0.268992
OG0001390,Brachypodium_distachyon,1,-1,0.186225
OG0001392,Avena_sativa,1,0,0.555086
OG0001392,Arabidopsis_thaliana,1,0,0.756301
OG0001392,Triticum_turgidum,6,0,0.54359
OG0001392,Zea_mays,6,5,1.24E-07
OG0001392,Sorghum_bicolor,0,-1,0.0693598
OG0001392,Hordeum_vulgare,0,-1,0.0337031
OG0001392,Triticum_aestivum,8,2,0.00144473
OG0001392,Oryza_sativa,0,-1,0.154715
OG0001392,Brachypodium_distachyon,0,-1,0.102088
OG0001394,Avena_sativa,2,0,0.601244
OG0001394,Arabidopsis_thaliana,2,0,0.83681
OG0001394,Triticum_turgidum,6,1,0.0192946
OG0001394,Zea_mays,2,0,0.586825
OG0001394,Sorghum_bicolor,2,0,0.586825
OG0001394,Hordeum_vulgare,0,-2,0.000304881
OG0001394,Triticum_aestivum,5,0,0.536738
OG0001394,Oryza_sativa,2,0,0.678483
OG0001394,Brachypodium_distachyon,2,0,0.62392
OG0001396,Avena_sativa,3,0,0.640072
OG0001396,Arabidopsis_thaliana,3,0,0.871099
OG0001396,Triticum_turgidum,2,-1,0.033873
OG0001396,Zea_mays,7,4,3.33E-05
OG0001396,Sorghum_bicolor,3,0,0.621591
OG0001396,Hordeum_vulgare,3,0,0.563236
OG0001396,Triticum_aestivum,3,0,0.522552
OG0001396,Oryza_sativa,3,0,0.730477
OG0001396,Brachypodium_distachyon,3,0,0.668125
OG0001397,Avena_sativa,2,0,0.601244
OG0001397,Arabidopsis_thaliana,3,1,0.294252
OG0001397,Triticum_turgidum,4,0,0.529727
OG0001397,Zea_mays,3,0,0.621591
OG0001397,Sorghum_bicolor,3,0,0.621591
OG0001397,Hordeum_vulgare,5,1,0.0455004
OG0001397,Triticum_aestivum,5,1,0.0154401
OG0001397,Oryza_sativa,1,-1,0.268992
OG0001397,Brachypodium_distachyon,1,-1,0.186225
OG0001398,Avena_sativa,3,0,0.640072
OG0001398,Arabidopsis_thaliana,2,0,0.83681
OG0001398,Triticum_turgidum,3,0,0.522552
OG0001398,Zea_mays,10,6,3.88E-07
OG0001398,Sorghum_bicolor,3,-1,0.231726
OG0001398,Hordeum_vulgare,2,-1,0.0952486
OG0001398,Triticum_aestivum,3,0,0.522552
OG0001398,Oryza_sativa,2,-1,0.355122
OG0001398,Brachypodium_distachyon,3,0,0.668125
OG0001399,Avena_sativa,4,2,0.00766286
OG0001399,Arabidopsis_thaliana,4,2,0.0815
OG0001399,Triticum_turgidum,2,0,0.515209
OG0001399,Zea_mays,11,8,5.11E-10
OG0001399,Sorghum_bicolor,3,0,0.621591
OG0001399,Hordeum_vulgare,2,0,0.543596
OG0001399,Triticum_aestivum,1,-1,0.0228136
OG0001399,Oryza_sativa,2,0,0.678483
OG0001399,Brachypodium_distachyon,2,0,0.62392
OG0001401,Avena_sativa,5,2,0.017015
OG0001401,Arabidopsis_thaliana,1,0,0.756301
OG0001401,Triticum_turgidum,4,0,0.529727
OG0001401,Zea_mays,3,1,0.0476668
OG0001401,Sorghum_bicolor,2,0,0.586825
OG0001401,Hordeum_vulgare,3,0,0.563236
OG0001401,Triticum_aestivum,4,0,0.529727
OG0001401,Oryza_sativa,1,-1,0.268992
OG0001401,Brachypodium_distachyon,2,0,0.62392
OG0001406,Avena_sativa,2,-1,0.212567
OG0001406,Arabidopsis_thaliana,4,1,0.40319
OG0001406,Triticum_turgidum,6,3,2.71E-06
OG0001406,Zea_mays,2,0,0.586825
OG0001406,Sorghum_bicolor,2,0,0.586825
OG0001406,Hordeum_vulgare,3,0,0.563236
OG0001406,Triticum_aestivum,3,0,0.522552
OG0001406,Oryza_sativa,3,0,0.730477
OG0001406,Brachypodium_distachyon,3,0,0.668125
OG0001408,Avena_sativa,4,2,0.00766286
OG0001408,Arabidopsis_thaliana,1,0,0.756301
OG0001408,Triticum_turgidum,8,3,1.22E-05
OG0001408,Zea_mays,0,0,0.5
OG0001408,Sorghum_bicolor,0,0,0.5
OG0001408,Hordeum_vulgare,1,-1,0.0654064
OG0001408,Triticum_aestivum,5,0,0.536738
OG0001408,Oryza_sativa,0,-1,0.154715
OG0001408,Brachypodium_distachyon,0,-1,0.102088
OG0001427,Avena_sativa,6,4,2.35E-05
OG0001427,Arabidopsis_thaliana,2,0,0.83681
OG0001427,Triticum_turgidum,1,-1,0.0228136
OG0001427,Zea_mays,4,0,0.65174
OG0001427,Sorghum_bicolor,4,0,0.65174
OG0001427,Hordeum_vulgare,2,0,0.543596
OG0001427,Triticum_aestivum,2,0,0.515209
OG0001427,Oryza_sativa,2,0,0.678483
OG0001427,Brachypodium_distachyon,2,0,0.62392
OG0001428,Avena_sativa,2,0,0.601244
OG0001428,Arabidopsis_thaliana,2,0,0.83681
OG0001428,Triticum_turgidum,4,0,0.529727
OG0001428,Zea_mays,5,2,0.0123196
OG0001428,Sorghum_bicolor,3,0,0.621591
OG0001428,Hordeum_vulgare,4,0,0.581577
OG0001428,Triticum_aestivum,4,0,0.529727
OG0001428,Oryza_sativa,1,-1,0.268992
OG0001428,Brachypodium_distachyon,2,0,0.62392
OG0001429,Avena_sativa,1,-2,0.00588216
OG0001429,Arabidopsis_thaliana,1,-1,0.526493
OG0001429,Triticum_turgidum,2,-1,0.033873
OG0001429,Zea_mays,7,2,0.0312902
OG0001429,Sorghum_bicolor,5,0,0.677962
OG0001429,Hordeum_vulgare,4,1,0.0341793
OG0001429,Triticum_aestivum,3,0,0.522552
OG0001429,Oryza_sativa,6,2,0.0910077
OG0001429,Brachypodium_distachyon,4,0,0.703899
OG0001431,Avena_sativa,3,0,0.640072
OG0001431,Arabidopsis_thaliana,2,0,0.83681
OG0001431,Triticum_turgidum,3,-1,0.0447081
OG0001431,Zea_mays,2,0,0.586825
OG0001431,Sorghum_bicolor,3,1,0.0476668
OG0001431,Hordeum_vulgare,4,0,0.581577
OG0001431,Triticum_aestivum,5,1,0.0154401
OG0001431,Oryza_sativa,2,0,0.678483
OG0001431,Brachypodium_distachyon,2,0,0.62392
OG0001432,Avena_sativa,2,0,0.601244
OG0001432,Arabidopsis_thaliana,1,0,0.756301
OG0001432,Triticum_turgidum,2,0,0.515209
OG0001432,Zea_mays,1,0,0.54662
OG0001432,Sorghum_bicolor,0,-1,0.0693598
OG0001432,Hordeum_vulgare,0,-2,0.000304881
OG0001432,Triticum_aestivum,8,6,7.33E-13
OG0001432,Oryza_sativa,0,-1,0.154715
OG0001432,Brachypodium_distachyon,6,4,5.77E-05
OG0001433,Avena_sativa,3,0,0.640072
OG0001433,Arabidopsis_thaliana,2,0,0.83681
OG0001433,Triticum_turgidum,2,-1,0.033873
OG0001433,Zea_mays,7,4,3.33E-05
OG0001433,Sorghum_bicolor,3,0,0.621591
OG0001433,Hordeum_vulgare,3,0,0.563236
OG0001433,Triticum_aestivum,3,0,0.522552
OG0001433,Oryza_sativa,3,0,0.730477
OG0001433,Brachypodium_distachyon,3,0,0.668125
OG0001436,Avena_sativa,13,12,5.50E-16
OG0001436,Arabidopsis_thaliana,3,2,0.0414086
OG0001436,Triticum_turgidum,0,0,0.5
OG0001436,Zea_mays,0,0,0.5
OG0001436,Sorghum_bicolor,0,0,0.5
OG0001436,Hordeum_vulgare,0,0,0.5
OG0001436,Triticum_aestivum,0,0,0.5
OG0001436,Oryza_sativa,0,-1,0.154715
OG0001436,Brachypodium_distachyon,0,-1,0.102088
OG0001438,Avena_sativa,4,0,0.672871
OG0001438,Arabidopsis_thaliana,3,0,0.871099
OG0001438,Triticum_turgidum,2,-2,0.000184061
OG0001438,Zea_mays,1,-1,0.130342
OG0001438,Sorghum_bicolor,2,0,0.586825
OG0001438,Hordeum_vulgare,4,0,0.581577
OG0001438,Triticum_aestivum,4,0,0.529727
OG0001438,Oryza_sativa,3,0,0.730477
OG0001438,Brachypodium_distachyon,3,0,0.668125
OG0001439,Avena_sativa,4,0,0.672871
OG0001439,Arabidopsis_thaliana,4,2,0.0815
OG0001439,Triticum_turgidum,4,0,0.529727
OG0001439,Zea_mays,1,0,0.54662
OG0001439,Sorghum_bicolor,1,0,0.54662
OG0001439,Hordeum_vulgare,5,1,0.0455004
OG0001439,Triticum_aestivum,3,-1,0.0447081
OG0001439,Oryza_sativa,1,-1,0.268992
OG0001439,Brachypodium_distachyon,2,0,0.62392
OG0001440,Avena_sativa,2,-1,0.212567
OG0001440,Arabidopsis_thaliana,4,1,0.40319
OG0001440,Triticum_turgidum,2,-1,0.033873
OG0001440,Zea_mays,4,1,0.0712625
OG0001440,Sorghum_bicolor,2,-1,0.18413
OG0001440,Hordeum_vulgare,3,0,0.563236
OG0001440,Triticum_aestivum,3,0,0.522552
OG0001440,Oryza_sativa,7,4,0.000791187
OG0001440,Brachypodium_distachyon,3,0,0.668125
OG0001444,Avena_sativa,1,0,0.555086
OG0001444,Arabidopsis_thaliana,2,1,0.137178
OG0001444,Triticum_turgidum,6,1,0.0192946
OG0001444,Zea_mays,2,1,0.0238258
OG0001444,Sorghum_bicolor,1,0,0.54662
OG0001444,Hordeum_vulgare,6,1,0.0567459
OG0001444,Triticum_aestivum,5,0,0.536738
OG0001444,Oryza_sativa,1,0,0.605212
OG0001444,Brachypodium_distachyon,1,0,0.56891
OG0001445,Avena_sativa,4,1,0.0844237
OG0001445,Arabidopsis_thaliana,6,3,0.0776588
OG0001445,Triticum_turgidum,4,1,0.0115823
OG0001445,Zea_mays,3,0,0.621591
OG0001445,Sorghum_bicolor,3,0,0.621591
OG0001445,Hordeum_vulgare,2,-1,0.0952486
OG0001445,Triticum_aestivum,3,0,0.522552
OG0001445,Oryza_sativa,1,-2,0.0244268
OG0001445,Brachypodium_distachyon,1,-2,0.00961005
OG0001449,Avena_sativa,5,1,0.111601
OG0001449,Arabidopsis_thaliana,1,-1,0.526493
OG0001449,Triticum_turgidum,2,0,0.515209
OG0001449,Zea_mays,3,0,0.621591
OG0001449,Sorghum_bicolor,2,-1,0.18413
OG0001449,Hordeum_vulgare,6,2,0.0052693
OG0001449,Triticum_aestivum,2,0,0.515209
OG0001449,Oryza_sativa,2,-1,0.355122
OG0001449,Brachypodium_distachyon,4,0,0.703899
OG0001450,Avena_sativa,4,1,0.0844237
OG0001450,Arabidopsis_thaliana,2,0,0.83681
OG0001450,Triticum_turgidum,3,0,0.522552
OG0001450,Zea_mays,3,0,0.621591
OG0001450,Sorghum_bicolor,6,3,0.000579131
OG0001450,Hordeum_vulgare,3,0,0.563236
OG0001450,Triticum_aestivum,2,-1,0.033873
OG0001450,Oryza_sativa,1,-2,0.0244268
OG0001450,Brachypodium_distachyon,4,1,0.106012
OG0001451,Avena_sativa,5,1,0.111601
OG0001451,Arabidopsis_thaliana,1,0,0.756301
OG0001451,Triticum_turgidum,3,-1,0.0447081
OG0001451,Zea_mays,1,0,0.54662
OG0001451,Sorghum_bicolor,1,0,0.54662
OG0001451,Hordeum_vulgare,4,0,0.581577
OG0001451,Triticum_aestivum,4,0,0.529727
OG0001451,Oryza_sativa,1,0,0.605212
OG0001451,Brachypodium_distachyon,4,0,0.703899
OG0001454,Avena_sativa,2,0,0.601244
OG0001454,Arabidopsis_thaliana,1,0,0.756301
OG0001454,Triticum_turgidum,6,0,0.54359
OG0001454,Zea_mays,0,0,0.5
OG0001454,Sorghum_bicolor,0,0,0.5
OG0001454,Hordeum_vulgare,3,0,0.563236
OG0001454,Triticum_aestivum,7,1,0.0231449
OG0001454,Oryza_sativa,0,-1,0.154715
OG0001454,Brachypodium_distachyon,0,-1,0.102088
OG0001462,Avena_sativa,5,2,0.017015
OG0001462,Arabidopsis_thaliana,2,0,0.83681
OG0001462,Triticum_turgidum,2,-1,0.033873
OG0001462,Zea_mays,1,-1,0.130342
OG0001462,Sorghum_bicolor,3,1,0.0476668
OG0001462,Hordeum_vulgare,3,0,0.563236
OG0001462,Triticum_aestivum,4,1,0.0115823
OG0001462,Oryza_sativa,0,-2,0.0102411
OG0001462,Brachypodium_distachyon,3,0,0.668125
OG0001463,Avena_sativa,3,0,0.640072
OG0001463,Arabidopsis_thaliana,1,-1,0.526493
OG0001463,Triticum_turgidum,4,0,0.529727
OG0001463,Zea_mays,5,2,0.0123196
OG0001463,Sorghum_bicolor,3,0,0.621591
OG0001463,Hordeum_vulgare,3,0,0.563236
OG0001463,Triticum_aestivum,4,0,0.529727
OG0001463,Oryza_sativa,1,-2,0.0244268
OG0001463,Brachypodium_distachyon,2,-1,0.256093
OG0001471,Avena_sativa,2,-1,0.212567
OG0001471,Arabidopsis_thaliana,2,0,0.83681
OG0001471,Triticum_turgidum,3,0,0.522552
OG0001471,Zea_mays,8,4,7.73E-05
OG0001471,Sorghum_bicolor,3,-1,0.231726
OG0001471,Hordeum_vulgare,3,0,0.563236
OG0001471,Triticum_aestivum,3,0,0.522552
OG0001471,Oryza_sativa,3,0,0.730477
OG0001471,Brachypodium_distachyon,3,0,0.668125
OG0001472,Avena_sativa,4,1,0.0844237
OG0001472,Arabidopsis_thaliana,2,0,0.83681
OG0001472,Triticum_turgidum,2,-1,0.033873
OG0001472,Zea_mays,2,0,0.586825
OG0001472,Sorghum_bicolor,2,0,0.586825
OG0001472,Hordeum_vulgare,2,-1,0.0952486
OG0001472,Triticum_aestivum,5,2,0.000351888
OG0001472,Oryza_sativa,1,-1,0.268992
OG0001472,Brachypodium_distachyon,3,0,0.668125
OG0001474,Avena_sativa,3,0,0.640072
OG0001474,Arabidopsis_thaliana,3,0,0.871099
OG0001474,Triticum_turgidum,3,0,0.522552
OG0001474,Zea_mays,2,-1,0.18413
OG0001474,Sorghum_bicolor,6,3,0.000579131
OG0001474,Hordeum_vulgare,3,0,0.563236
OG0001474,Triticum_aestivum,4,1,0.0115823
OG0001474,Oryza_sativa,2,-1,0.355122
OG0001474,Brachypodium_distachyon,2,-1,0.256093
OG0001475,Avena_sativa,5,1,0.111601
OG0001475,Arabidopsis_thaliana,1,0,0.756301
OG0001475,Triticum_turgidum,4,0,0.529727
OG0001475,Zea_mays,1,0,0.54662
OG0001475,Sorghum_bicolor,1,0,0.54662
OG0001475,Hordeum_vulgare,4,0,0.581577
OG0001475,Triticum_aestivum,3,-1,0.0447081
OG0001475,Oryza_sativa,1,0,0.605212
OG0001475,Brachypodium_distachyon,2,0,0.62392
OG0001476,Avena_sativa,2,0,0.601244
OG0001476,Arabidopsis_thaliana,1,0,0.756301
OG0001476,Triticum_turgidum,2,0,0.515209
OG0001476,Zea_mays,18,15,8.67E-19
OG0001476,Sorghum_bicolor,1,-2,0.00408936
OG0001476,Hordeum_vulgare,2,0,0.543596
OG0001476,Triticum_aestivum,2,0,0.515209
OG0001476,Oryza_sativa,1,-1,0.268992
OG0001476,Brachypodium_distachyon,3,1,0.0711731
OG0001477,Avena_sativa,3,0,0.640072
OG0001477,Arabidopsis_thaliana,1,-1,0.526493
OG0001477,Triticum_turgidum,3,0,0.522552
OG0001477,Zea_mays,8,4,7.73E-05
OG0001477,Sorghum_bicolor,3,-1,0.231726
OG0001477,Hordeum_vulgare,3,0,0.563236
OG0001477,Triticum_aestivum,3,0,0.522552
OG0001477,Oryza_sativa,2,-1,0.355122
OG0001477,Brachypodium_distachyon,2,-1,0.256093
OG0001497,Avena_sativa,2,0,0.601244
OG0001497,Arabidopsis_thaliana,13,9,0.000356541
OG0001497,Triticum_turgidum,2,0,0.515209
OG0001497,Zea_mays,6,2,0.0210788
OG0001497,Sorghum_bicolor,4,0,0.65174
OG0001497,Hordeum_vulgare,2,0,0.543596
OG0001497,Triticum_aestivum,2,0,0.515209
OG0001497,Oryza_sativa,0,-2,0.0102411
OG0001497,Brachypodium_distachyon,2,0,0.62392
OG0001498,Avena_sativa,5,2,0.017015
OG0001498,Arabidopsis_thaliana,1,-1,0.526493
OG0001498,Triticum_turgidum,2,-1,0.033873
OG0001498,Zea_mays,3,0,0.621591
OG0001498,Sorghum_bicolor,3,0,0.621591
OG0001498,Hordeum_vulgare,4,1,0.0341793
OG0001498,Triticum_aestivum,3,0,0.522552
OG0001498,Oryza_sativa,1,-2,0.0244268
OG0001498,Brachypodium_distachyon,3,0,0.668125
OG0001500,Avena_sativa,1,0,0.555086
OG0001500,Arabidopsis_thaliana,29,26,1.33E-12
OG0001500,Triticum_turgidum,1,0,0.507693
OG0001500,Zea_mays,2,1,0.0238258
OG0001500,Sorghum_bicolor,1,0,0.54662
OG0001500,Hordeum_vulgare,1,0,0.522556
OG0001500,Triticum_aestivum,1,0,0.507693
OG0001500,Oryza_sativa,1,0,0.605212
OG0001500,Brachypodium_distachyon,1,0,0.56891
OG0001501,Avena_sativa,4,1,0.0844237
OG0001501,Arabidopsis_thaliana,4,1,0.40319
OG0001501,Triticum_turgidum,2,0,0.515209
OG0001501,Zea_mays,6,3,0.000579131
OG0001501,Sorghum_bicolor,2,-1,0.18413
OG0001501,Hordeum_vulgare,2,0,0.543596
OG0001501,Triticum_aestivum,2,0,0.515209
OG0001501,Oryza_sativa,6,3,0.00623898
OG0001501,Brachypodium_distachyon,2,-1,0.256093
OG0001505,Avena_sativa,4,0,0.672871
OG0001505,Arabidopsis_thaliana,9,5,0.0220168
OG0001505,Triticum_turgidum,1,0,0.507693
OG0001505,Zea_mays,1,-1,0.130342
OG0001505,Sorghum_bicolor,2,0,0.586825
OG0001505,Hordeum_vulgare,1,0,0.522556
OG0001505,Triticum_aestivum,1,0,0.507693
OG0001505,Oryza_sativa,7,3,0.0127925
OG0001505,Brachypodium_distachyon,5,1,0.139528
OG0001507,Avena_sativa,1,0,0.555086
OG0001507,Arabidopsis_thaliana,1,0,0.756301
OG0001507,Triticum_turgidum,1,0,0.507693
OG0001507,Zea_mays,30,26,6.22E-32
OG0001507,Sorghum_bicolor,2,-2,0.00765457
OG0001507,Hordeum_vulgare,1,0,0.522556
OG0001507,Triticum_aestivum,1,0,0.507693
OG0001507,Oryza_sativa,0,-1,0.154715
OG0001507,Brachypodium_distachyon,1,0,0.56891
OG0001511,Avena_sativa,3,0,0.640072
OG0001511,Arabidopsis_thaliana,3,0,0.871099
OG0001511,Triticum_turgidum,2,0,0.515209
OG0001511,Zea_mays,8,4,7.73E-05
OG0001511,Sorghum_bicolor,4,0,0.65174
OG0001511,Hordeum_vulgare,2,0,0.543596
OG0001511,Triticum_aestivum,2,0,0.515209
OG0001511,Oryza_sativa,3,0,0.730477
OG0001511,Brachypodium_distachyon,4,1,0.106012
OG0001518,Avena_sativa,2,0,0.601244
OG0001518,Arabidopsis_thaliana,2,0,0.83681
OG0001518,Triticum_turgidum,2,0,0.515209
OG0001518,Zea_mays,14,10,6.76E-12
OG0001518,Sorghum_bicolor,4,0,0.65174
OG0001518,Hordeum_vulgare,2,0,0.543596
OG0001518,Triticum_aestivum,2,0,0.515209
OG0001518,Oryza_sativa,2,0,0.678483
OG0001518,Brachypodium_distachyon,2,0,0.62392
OG0001520,Avena_sativa,2,0,0.601244
OG0001520,Arabidopsis_thaliana,1,0,0.756301
OG0001520,Triticum_turgidum,8,3,1.22E-05
OG0001520,Zea_mays,0,0,0.5
OG0001520,Sorghum_bicolor,0,0,0.5
OG0001520,Hordeum_vulgare,0,-2,0.000304881
OG0001520,Triticum_aestivum,5,0,0.536738
OG0001520,Oryza_sativa,3,1,0.110464
OG0001520,Brachypodium_distachyon,1,-1,0.186225
OG0001522,Avena_sativa,3,1,0.0565411
OG0001522,Arabidopsis_thaliana,5,3,0.030694
OG0001522,Triticum_turgidum,2,0,0.515209
OG0001522,Zea_mays,2,0,0.586825
OG0001522,Sorghum_bicolor,3,1,0.0476668
OG0001522,Hordeum_vulgare,2,0,0.543596
OG0001522,Triticum_aestivum,4,2,0.000148177
OG0001522,Oryza_sativa,2,0,0.678483
OG0001522,Brachypodium_distachyon,2,0,0.62392
OG0001526,Avena_sativa,3,0,0.640072
OG0001526,Arabidopsis_thaliana,2,0,0.83681
OG0001526,Triticum_turgidum,2,-1,0.033873
OG0001526,Zea_mays,4,1,0.0712625
OG0001526,Sorghum_bicolor,3,0,0.621591
OG0001526,Hordeum_vulgare,2,-1,0.0952486
OG0001526,Triticum_aestivum,4,1,0.0115823
OG0001526,Oryza_sativa,1,-2,0.0244268
OG0001526,Brachypodium_distachyon,5,2,0.0261507
OG0001528,Avena_sativa,3,0,0.640072
OG0001528,Arabidopsis_thaliana,1,-1,0.526493
OG0001528,Triticum_turgidum,3,0,0.522552
OG0001528,Zea_mays,7,4,3.33E-05
OG0001528,Sorghum_bicolor,3,0,0.621591
OG0001528,Hordeum_vulgare,3,0,0.563236
OG0001528,Triticum_aestivum,3,0,0.522552
OG0001528,Oryza_sativa,1,-2,0.0244268
OG0001528,Brachypodium_distachyon,3,0,0.668125
OG0001531,Avena_sativa,0,-1,0.0818261
OG0001531,Arabidopsis_thaliana,1,0,0.756301
OG0001531,Triticum_turgidum,0,0,0.5
OG0001531,Zea_mays,0,0,0.5
OG0001531,Sorghum_bicolor,0,0,0.5
OG0001531,Hordeum_vulgare,41,40,1.07E-66
OG0001531,Triticum_aestivum,0,0,0.5
OG0001531,Oryza_sativa,0,-1,0.154715
OG0001531,Brachypodium_distachyon,0,-1,0.102088
OG0001539,Avena_sativa,3,0,0.640072
OG0001539,Arabidopsis_thaliana,2,0,0.83681
OG0001539,Triticum_turgidum,4,0,0.529727
OG0001539,Zea_mays,2,-1,0.18413
OG0001539,Sorghum_bicolor,3,0,0.621591
OG0001539,Hordeum_vulgare,0,-3,9.60E-06
OG0001539,Triticum_aestivum,4,0,0.529727
OG0001539,Oryza_sativa,3,0,0.730477
OG0001539,Brachypodium_distachyon,4,1,0.106012
OG0001542,Avena_sativa,4,1,0.0844237
OG0001542,Arabidopsis_thaliana,3,1,0.294252
OG0001542,Triticum_turgidum,4,1,0.0115823
OG0001542,Zea_mays,1,-1,0.130342
OG0001542,Sorghum_bicolor,3,1,0.0476668
OG0001542,Hordeum_vulgare,3,0,0.563236
OG0001542,Triticum_aestivum,3,0,0.522552
OG0001542,Oryza_sativa,1,-1,0.268992
OG0001542,Brachypodium_distachyon,2,0,0.62392
OG0001543,Avena_sativa,4,1,0.0844237
OG0001543,Arabidopsis_thaliana,1,0,0.756301
OG0001543,Triticum_turgidum,3,0,0.522552
OG0001543,Zea_mays,3,1,0.0476668
OG0001543,Sorghum_bicolor,2,0,0.586825
OG0001543,Hordeum_vulgare,3,0,0.563236
OG0001543,Triticum_aestivum,4,1,0.0115823
OG0001543,Oryza_sativa,1,-1,0.268992
OG0001543,Brachypodium_distachyon,2,0,0.62392
OG0001544,Avena_sativa,5,1,0.111601
OG0001544,Arabidopsis_thaliana,1,0,0.756301
OG0001544,Triticum_turgidum,3,0,0.522552
OG0001544,Zea_mays,0,0,0.5
OG0001544,Sorghum_bicolor,0,0,0.5
OG0001544,Hordeum_vulgare,11,7,1.71E-10
OG0001544,Triticum_aestivum,3,0,0.522552
OG0001544,Oryza_sativa,0,-1,0.154715
OG0001544,Brachypodium_distachyon,0,-1,0.102088
OG0001555,Avena_sativa,0,-3,0.000210169
OG0001555,Arabidopsis_thaliana,3,0,0.871099
OG0001555,Triticum_turgidum,4,0,0.529727
OG0001555,Zea_mays,4,1,0.0712625
OG0001555,Sorghum_bicolor,3,0,0.621591
OG0001555,Hordeum_vulgare,4,0,0.581577
OG0001555,Triticum_aestivum,4,0,0.529727
OG0001555,Oryza_sativa,3,0,0.730477
OG0001555,Brachypodium_distachyon,4,1,0.106012
OG0001558,Avena_sativa,3,0,0.640072
OG0001558,Arabidopsis_thaliana,1,-1,0.526493
OG0001558,Triticum_turgidum,2,0,0.515209
OG0001558,Zea_mays,9,6,1.40E-07
OG0001558,Sorghum_bicolor,2,-1,0.18413
OG0001558,Hordeum_vulgare,2,0,0.543596
OG0001558,Triticum_aestivum,3,1,0.00772228
OG0001558,Oryza_sativa,2,-1,0.355122
OG0001558,Brachypodium_distachyon,3,0,0.668125
OG0001568,Avena_sativa,4,1,0.0844237
OG0001568,Arabidopsis_thaliana,2,0,0.83681
OG0001568,Triticum_turgidum,4,1,0.0115823
OG0001568,Zea_mays,1,-1,0.130342
OG0001568,Sorghum_bicolor,6,4,1.20E-05
OG0001568,Hordeum_vulgare,3,0,0.563236
OG0001568,Triticum_aestivum,2,-1,0.033873
OG0001568,Oryza_sativa,2,0,0.678483
OG0001568,Brachypodium_distachyon,2,0,0.62392
OG0001572,Avena_sativa,2,-1,0.212567
OG0001572,Arabidopsis_thaliana,3,0,0.871099
OG0001572,Triticum_turgidum,2,-1,0.033873
OG0001572,Zea_mays,7,4,3.33E-05
OG0001572,Sorghum_bicolor,3,0,0.621591
OG0001572,Hordeum_vulgare,3,0,0.563236
OG0001572,Triticum_aestivum,3,0,0.522552
OG0001572,Oryza_sativa,3,0,0.730477
OG0001572,Brachypodium_distachyon,3,0,0.668125
OG0001573,Avena_sativa,4,1,0.0844237
OG0001573,Arabidopsis_thaliana,2,0,0.83681
OG0001573,Triticum_turgidum,2,0,0.515209
OG0001573,Zea_mays,2,-1,0.18413
OG0001573,Sorghum_bicolor,4,1,0.0712625
OG0001573,Hordeum_vulgare,0,-2,0.000304881
OG0001573,Triticum_aestivum,3,1,0.00772228
OG0001573,Oryza_sativa,5,2,0.0580412
OG0001573,Brachypodium_distachyon,3,0,0.668125
OG0001574,Avena_sativa,2,-1,0.212567
OG0001574,Arabidopsis_thaliana,4,1,0.40319
OG0001574,Triticum_turgidum,4,1,0.0115823
OG0001574,Zea_mays,4,0,0.65174
OG0001574,Sorghum_bicolor,4,0,0.65174
OG0001574,Hordeum_vulgare,0,-3,9.60E-06
OG0001574,Triticum_aestivum,3,0,0.522552
OG0001574,Oryza_sativa,2,-1,0.355122
OG0001574,Brachypodium_distachyon,4,1,0.106012
OG0001575,Avena_sativa,2,0,0.601244
OG0001575,Arabidopsis_thaliana,3,1,0.294252
OG0001575,Triticum_turgidum,4,2,0.000148177
OG0001575,Zea_mays,6,1,0.116998
OG0001575,Sorghum_bicolor,5,0,0.677962
OG0001575,Hordeum_vulgare,2,0,0.543596
OG0001575,Triticum_aestivum,2,0,0.515209
OG0001575,Oryza_sativa,2,0,0.678483
OG0001575,Brachypodium_distachyon,3,1,0.0711731
OG0001576,Avena_sativa,0,-1,0.0818261
OG0001576,Arabidopsis_thaliana,1,0,0.756301
OG0001576,Triticum_turgidum,0,-1,0.0115245
OG0001576,Zea_mays,0,-1,0.0693598
OG0001576,Sorghum_bicolor,2,1,0.0238258
OG0001576,Hordeum_vulgare,0,-1,0.0337031
OG0001576,Triticum_aestivum,12,11,2.91E-24
OG0001576,Oryza_sativa,0,-1,0.154715
OG0001576,Brachypodium_distachyon,3,2,0.00254048
OG0001577,Avena_sativa,2,0,0.601244
OG0001577,Arabidopsis_thaliana,3,1,0.294252
OG0001577,Triticum_turgidum,2,0,0.515209
OG0001577,Zea_mays,15,12,5.34E-15
OG0001577,Sorghum_bicolor,2,-1,0.18413
OG0001577,Hordeum_vulgare,2,0,0.543596
OG0001577,Triticum_aestivum,2,0,0.515209
OG0001577,Oryza_sativa,2,0,0.678483
OG0001577,Brachypodium_distachyon,2,0,0.62392
OG0001582,Avena_sativa,2,0,0.601244
OG0001582,Arabidopsis_thaliana,3,0,0.871099
OG0001582,Triticum_turgidum,2,0,0.515209
OG0001582,Zea_mays,11,7,2.63E-08
OG0001582,Sorghum_bicolor,3,-1,0.231726
OG0001582,Hordeum_vulgare,2,0,0.543596
OG0001582,Triticum_aestivum,2,0,0.515209
OG0001582,Oryza_sativa,5,2,0.0580412
OG0001582,Brachypodium_distachyon,1,-1,0.186225
OG0001584,Avena_sativa,3,0,0.640072
OG0001584,Arabidopsis_thaliana,1,0,0.756301
OG0001584,Triticum_turgidum,6,3,2.71E-06
OG0001584,Zea_mays,3,1,0.0476668
OG0001584,Sorghum_bicolor,2,0,0.586825
OG0001584,Hordeum_vulgare,3,0,0.563236
OG0001584,Triticum_aestivum,3,0,0.522552
OG0001584,Oryza_sativa,1,-1,0.268992
OG0001584,Brachypodium_distachyon,1,-1,0.186225
OG0001585,Avena_sativa,2,0,0.601244
OG0001585,Arabidopsis_thaliana,2,0,0.83681
OG0001585,Triticum_turgidum,6,2,0.000637864
OG0001585,Zea_mays,3,1,0.0476668
OG0001585,Sorghum_bicolor,2,0,0.586825
OG0001585,Hordeum_vulgare,2,0,0.543596
OG0001585,Triticum_aestivum,4,0,0.529727
OG0001585,Oryza_sativa,2,0,0.678483
OG0001585,Brachypodium_distachyon,2,0,0.62392
OG0001586,Avena_sativa,3,0,0.640072
OG0001586,Arabidopsis_thaliana,4,1,0.40319
OG0001586,Triticum_turgidum,3,0,0.522552
OG0001586,Zea_mays,3,0,0.621591
OG0001586,Sorghum_bicolor,2,-1,0.18413
OG0001586,Hordeum_vulgare,5,2,0.00297147
OG0001586,Triticum_aestivum,2,-1,0.033873
OG0001586,Oryza_sativa,2,-1,0.355122
OG0001586,Brachypodium_distachyon,4,1,0.106012
OG0001604,Avena_sativa,4,1,0.0844237
OG0001604,Arabidopsis_thaliana,2,0,0.83681
OG0001604,Triticum_turgidum,2,0,0.515209
OG0001604,Zea_mays,5,2,0.0123196
OG0001604,Sorghum_bicolor,3,0,0.621591
OG0001604,Hordeum_vulgare,0,-2,0.000304881
OG0001604,Triticum_aestivum,3,1,0.00772228
OG0001604,Oryza_sativa,3,0,0.730477
OG0001604,Brachypodium_distachyon,4,1,0.106012
OG0001608,Avena_sativa,4,1,0.0844237
OG0001608,Arabidopsis_thaliana,1,0,0.756301
OG0001608,Triticum_turgidum,4,0,0.529727
OG0001608,Zea_mays,1,0,0.54662
OG0001608,Sorghum_bicolor,2,1,0.0238258
OG0001608,Hordeum_vulgare,2,-1,0.0952486
OG0001608,Triticum_aestivum,5,1,0.0154401
OG0001608,Oryza_sativa,1,0,0.605212
OG0001608,Brachypodium_distachyon,1,0,0.56891
OG0001610,Avena_sativa,3,0,0.640072
OG0001610,Arabidopsis_thaliana,1,-1,0.526493
OG0001610,Triticum_turgidum,2,-1,0.033873
OG0001610,Zea_mays,8,4,7.73E-05
OG0001610,Sorghum_bicolor,4,0,0.65174
OG0001610,Hordeum_vulgare,3,0,0.563236
OG0001610,Triticum_aestivum,3,0,0.522552
OG0001610,Oryza_sativa,3,0,0.730477
OG0001610,Brachypodium_distachyon,3,0,0.668125
OG0001630,Avena_sativa,1,0,0.555086
OG0001630,Arabidopsis_thaliana,1,0,0.756301
OG0001630,Triticum_turgidum,6,0,0.54359
OG0001630,Zea_mays,2,1,0.0238258
OG0001630,Sorghum_bicolor,1,0,0.54662
OG0001630,Hordeum_vulgare,3,0,0.563236
OG0001630,Triticum_aestivum,6,0,0.54359
OG0001630,Oryza_sativa,1,0,0.605212
OG0001630,Brachypodium_distachyon,1,0,0.56891
OG0001633,Avena_sativa,2,0,0.601244
OG0001633,Arabidopsis_thaliana,1,0,0.756301
OG0001633,Triticum_turgidum,4,0,0.529727
OG0001633,Zea_mays,4,1,0.0712625
OG0001633,Sorghum_bicolor,3,0,0.621591
OG0001633,Hordeum_vulgare,3,0,0.563236
OG0001633,Triticum_aestivum,5,1,0.0154401
OG0001633,Oryza_sativa,0,-2,0.0102411
OG0001633,Brachypodium_distachyon,2,0,0.62392
OG0001635,Avena_sativa,3,1,0.0565411
OG0001635,Arabidopsis_thaliana,1,0,0.756301
OG0001635,Triticum_turgidum,3,0,0.522552
OG0001635,Zea_mays,2,0,0.586825
OG0001635,Sorghum_bicolor,2,0,0.586825
OG0001635,Hordeum_vulgare,0,-2,0.000304881
OG0001635,Triticum_aestivum,5,2,0.000351888
OG0001635,Oryza_sativa,2,0,0.678483
OG0001635,Brachypodium_distachyon,1,-1,0.186225
OG0001637,Avena_sativa,2,0,0.601244
OG0001637,Arabidopsis_thaliana,3,0,0.871099
OG0001637,Triticum_turgidum,2,0,0.515209
OG0001637,Zea_mays,9,4,0.000157622
OG0001637,Sorghum_bicolor,5,0,0.677962
OG0001637,Hordeum_vulgare,2,0,0.543596
OG0001637,Triticum_aestivum,1,-1,0.0228136
OG0001637,Oryza_sativa,3,0,0.730477
OG0001637,Brachypodium_distachyon,3,0,0.668125
OG0001640,Avena_sativa,0,-1,0.0818261
OG0001640,Arabidopsis_thaliana,2,1,0.137178
OG0001640,Triticum_turgidum,8,3,1.22E-05
OG0001640,Zea_mays,0,0,0.5
OG0001640,Sorghum_bicolor,0,0,0.5
OG0001640,Hordeum_vulgare,4,0,0.581577
OG0001640,Triticum_aestivum,5,0,0.536738
OG0001640,Oryza_sativa,1,0,0.605212
OG0001640,Brachypodium_distachyon,1,0,0.56891
OG0001645,Avena_sativa,3,0,0.640072
OG0001645,Arabidopsis_thaliana,4,1,0.40319
OG0001645,Triticum_turgidum,2,0,0.515209
OG0001645,Zea_mays,6,3,0.000579131
OG0001645,Sorghum_bicolor,2,-1,0.18413
OG0001645,Hordeum_vulgare,4,1,0.0341793
OG0001645,Triticum_aestivum,2,0,0.515209
OG0001645,Oryza_sativa,2,-1,0.355122
OG0001645,Brachypodium_distachyon,3,0,0.668125
OG0001649,Avena_sativa,4,1,0.0844237
OG0001649,Arabidopsis_thaliana,1,-1,0.526493
OG0001649,Triticum_turgidum,2,-1,0.033873
OG0001649,Zea_mays,3,0,0.621591
OG0001649,Sorghum_bicolor,2,-1,0.18413
OG0001649,Hordeum_vulgare,3,0,0.563236
OG0001649,Triticum_aestivum,3,0,0.522552
OG0001649,Oryza_sativa,4,1,0.163122
OG0001649,Brachypodium_distachyon,1,-2,0.00961005
OG0001654,Avena_sativa,2,-1,0.212567
OG0001654,Arabidopsis_thaliana,2,0,0.83681
OG0001654,Triticum_turgidum,2,-2,0.000184061
OG0001654,Zea_mays,4,1,0.0712625
OG0001654,Sorghum_bicolor,3,0,0.621591
OG0001654,Hordeum_vulgare,5,1,0.0455004
OG0001654,Triticum_aestivum,4,0,0.529727
OG0001654,Oryza_sativa,3,0,0.730477
OG0001654,Brachypodium_distachyon,2,-1,0.256093
OG0001655,Avena_sativa,2,-1,0.212567
OG0001655,Arabidopsis_thaliana,2,0,0.83681
OG0001655,Triticum_turgidum,3,0,0.522552
OG0001655,Zea_mays,1,-1,0.130342
OG0001655,Sorghum_bicolor,3,1,0.0476668
OG0001655,Hordeum_vulgare,8,5,6.01E-08
OG0001655,Triticum_aestivum,3,0,0.522552
OG0001655,Oryza_sativa,2,0,0.678483
OG0001655,Brachypodium_distachyon,3,0,0.668125
OG0001661,Avena_sativa,2,0,0.601244
OG0001661,Arabidopsis_thaliana,1,0,0.756301
OG0001661,Triticum_turgidum,10,7,2.87E-14
OG0001661,Zea_mays,0,0,0.5
OG0001661,Sorghum_bicolor,0,0,0.5
OG0001661,Hordeum_vulgare,1,-1,0.0654064
OG0001661,Triticum_aestivum,3,0,0.522552
OG0001661,Oryza_sativa,1,0,0.605212
OG0001661,Brachypodium_distachyon,1,0,0.56891
OG0001670,Avena_sativa,1,-2,0.00588216
OG0001670,Arabidopsis_thaliana,2,0,0.83681
OG0001670,Triticum_turgidum,2,-2,0.000184061
OG0001670,Zea_mays,3,0,0.621591
OG0001670,Sorghum_bicolor,2,-1,0.18413
OG0001670,Hordeum_vulgare,5,1,0.0455004
OG0001670,Triticum_aestivum,4,0,0.529727
OG0001670,Oryza_sativa,5,2,0.0580412
OG0001670,Brachypodium_distachyon,2,-1,0.256093
OG0001684,Avena_sativa,3,0,0.640072
OG0001684,Arabidopsis_thaliana,1,0,0.756301
OG0001684,Triticum_turgidum,3,-1,0.0447081
OG0001684,Zea_mays,1,-1,0.130342
OG0001684,Sorghum_bicolor,4,2,0.00548055
OG0001684,Hordeum_vulgare,4,0,0.581577
OG0001684,Triticum_aestivum,4,0,0.529727
OG0001684,Oryza_sativa,2,0,0.678483
OG0001684,Brachypodium_distachyon,2,0,0.62392
OG0001687,Avena_sativa,5,2,0.017015
OG0001687,Arabidopsis_thaliana,1,-1,0.526493
OG0001687,Triticum_turgidum,3,1,0.00772228
OG0001687,Zea_mays,4,0,0.65174
OG0001687,Sorghum_bicolor,4,0,0.65174
OG0001687,Hordeum_vulgare,0,-2,0.000304881
OG0001687,Triticum_aestivum,2,0,0.515209
OG0001687,Oryza_sativa,0,-3,0.00206251
OG0001687,Brachypodium_distachyon,5,2,0.0261507
OG0001688,Avena_sativa,0,-1,0.0818261
OG0001688,Arabidopsis_thaliana,1,0,0.756301
OG0001688,Triticum_turgidum,5,0,0.536738
OG0001688,Zea_mays,0,-1,0.0693598
OG0001688,Sorghum_bicolor,1,0,0.54662
OG0001688,Hordeum_vulgare,0,-1,0.0337031
OG0001688,Triticum_aestivum,8,3,1.22E-05
OG0001688,Oryza_sativa,0,-1,0.154715
OG0001688,Brachypodium_distachyon,2,1,0.0355493
OG0001710,Avena_sativa,3,0,0.640072
OG0001710,Arabidopsis_thaliana,2,1,0.137178
OG0001710,Triticum_turgidum,2,-2,0.000184061
OG0001710,Zea_mays,0,0,0.5
OG0001710,Sorghum_bicolor,0,0,0.5
OG0001710,Hordeum_vulgare,5,1,0.0455004
OG0001710,Triticum_aestivum,6,2,0.000637864
OG0001710,Oryza_sativa,0,-1,0.154715
OG0001710,Brachypodium_distachyon,3,0,0.668125
OG0001714,Avena_sativa,3,0,0.640072
OG0001714,Arabidopsis_thaliana,1,-1,0.526493
OG0001714,Triticum_turgidum,3,0,0.522552
OG0001714,Zea_mays,2,0,0.586825
OG0001714,Sorghum_bicolor,2,0,0.586825
OG0001714,Hordeum_vulgare,4,1,0.0341793
OG0001714,Triticum_aestivum,2,-1,0.033873
OG0001714,Oryza_sativa,6,3,0.00623898
OG0001714,Brachypodium_distachyon,3,0,0.668125
OG0001715,Avena_sativa,3,1,0.0565411
OG0001715,Arabidopsis_thaliana,17,13,6.78E-06
OG0001715,Triticum_turgidum,1,0,0.507693
OG0001715,Zea_mays,0,-3,0.000117003
OG0001715,Sorghum_bicolor,3,0,0.621591
OG0001715,Hordeum_vulgare,2,0,0.543596
OG0001715,Triticum_aestivum,0,-1,0.0115245
OG0001715,Oryza_sativa,6,3,0.00623898
OG0001715,Brachypodium_distachyon,0,-2,0.00374819
OG0001717,Avena_sativa,2,-1,0.212567
OG0001717,Arabidopsis_thaliana,3,0,0.871099
OG0001717,Triticum_turgidum,3,0,0.522552
OG0001717,Zea_mays,4,1,0.0712625
OG0001717,Sorghum_bicolor,1,-2,0.00408936
OG0001717,Hordeum_vulgare,4,1,0.0341793
OG0001717,Triticum_aestivum,2,-1,0.033873
OG0001717,Oryza_sativa,3,0,0.730477
OG0001717,Brachypodium_distachyon,4,1,0.106012
OG0001719,Avena_sativa,2,-1,0.212567
OG0001719,Arabidopsis_thaliana,1,-1,0.526493
OG0001719,Triticum_turgidum,2,-1,0.033873
OG0001719,Zea_mays,6,2,0.0210788
OG0001719,Sorghum_bicolor,4,0,0.65174
OG0001719,Hordeum_vulgare,3,0,0.563236
OG0001719,Triticum_aestivum,3,0,0.522552
OG0001719,Oryza_sativa,4,1,0.163122
OG0001719,Brachypodium_distachyon,3,0,0.668125
OG0001721,Avena_sativa,2,0,0.601244
OG0001721,Arabidopsis_thaliana,1,-1,0.526493
OG0001721,Triticum_turgidum,2,0,0.515209
OG0001721,Zea_mays,14,10,6.76E-12
OG0001721,Sorghum_bicolor,3,-1,0.231726
OG0001721,Hordeum_vulgare,2,0,0.543596
OG0001721,Triticum_aestivum,2,0,0.515209
OG0001721,Oryza_sativa,3,0,0.730477
OG0001721,Brachypodium_distachyon,2,0,0.62392
OG0001722,Avena_sativa,0,-1,0.0818261
OG0001722,Arabidopsis_thaliana,4,2,0.0815
OG0001722,Triticum_turgidum,10,9,4.89E-20
OG0001722,Zea_mays,0,0,0.5
OG0001722,Sorghum_bicolor,0,0,0.5
OG0001722,Hordeum_vulgare,1,0,0.522556
OG0001722,Triticum_aestivum,0,-1,0.0115245
OG0001722,Oryza_sativa,12,10,1.29E-09
OG0001722,Brachypodium_distachyon,0,-1,0.102088
OG0001725,Avena_sativa,3,0,0.640072
OG0001725,Arabidopsis_thaliana,2,1,0.137178
OG0001725,Triticum_turgidum,3,0,0.522552
OG0001725,Zea_mays,1,0,0.54662
OG0001725,Sorghum_bicolor,1,0,0.54662
OG0001725,Hordeum_vulgare,8,5,6.01E-08
OG0001725,Triticum_aestivum,3,0,0.522552
OG0001725,Oryza_sativa,1,0,0.605212
OG0001725,Brachypodium_distachyon,2,0,0.62392
OG0001727,Avena_sativa,1,-1,0.15204
OG0001727,Arabidopsis_thaliana,1,0,0.756301
OG0001727,Triticum_turgidum,4,0,0.529727
OG0001727,Zea_mays,4,2,0.00548055
OG0001727,Sorghum_bicolor,2,0,0.586825
OG0001727,Hordeum_vulgare,3,0,0.563236
OG0001727,Triticum_aestivum,4,0,0.529727
OG0001727,Oryza_sativa,2,0,0.678483
OG0001727,Brachypodium_distachyon,2,0,0.62392
OG0001729,Avena_sativa,1,-1,0.15204
OG0001729,Arabidopsis_thaliana,2,0,0.83681
OG0001729,Triticum_turgidum,4,0,0.529727
OG0001729,Zea_mays,4,2,0.00548055
OG0001729,Sorghum_bicolor,2,0,0.586825
OG0001729,Hordeum_vulgare,4,0,0.581577
OG0001729,Triticum_aestivum,4,0,0.529727
OG0001729,Oryza_sativa,1,-1,0.268992
OG0001729,Brachypodium_distachyon,1,-1,0.186225
OG0001731,Avena_sativa,2,1,0.0282556
OG0001731,Arabidopsis_thaliana,20,17,3.02E-08
OG0001731,Triticum_turgidum,1,0,0.507693
OG0001731,Zea_mays,4,2,0.00548055
OG0001731,Sorghum_bicolor,2,0,0.586825
OG0001731,Hordeum_vulgare,1,0,0.522556
OG0001731,Triticum_aestivum,1,0,0.507693
OG0001731,Oryza_sativa,1,0,0.605212
OG0001731,Brachypodium_distachyon,1,0,0.56891
OG0001733,Avena_sativa,2,-1,0.212567
OG0001733,Arabidopsis_thaliana,5,2,0.142253
OG0001733,Triticum_turgidum,2,0,0.515209
OG0001733,Zea_mays,4,1,0.0712625
OG0001733,Sorghum_bicolor,2,-1,0.18413
OG0001733,Hordeum_vulgare,8,5,6.01E-08
OG0001733,Triticum_aestivum,2,0,0.515209
OG0001733,Oryza_sativa,1,-2,0.0244268
OG0001733,Brachypodium_distachyon,3,0,0.668125
OG0001736,Avena_sativa,2,-1,0.212567
OG0001736,Arabidopsis_thaliana,3,0,0.871099
OG0001736,Triticum_turgidum,2,-1,0.033873
OG0001736,Zea_mays,5,2,0.0123196
OG0001736,Sorghum_bicolor,3,0,0.621591
OG0001736,Hordeum_vulgare,4,1,0.0341793
OG0001736,Triticum_aestivum,3,0,0.522552
OG0001736,Oryza_sativa,2,-1,0.355122
OG0001736,Brachypodium_distachyon,3,0,0.668125
OG0001740,Avena_sativa,3,0,0.640072
OG0001740,Arabidopsis_thaliana,2,0,0.83681
OG0001740,Triticum_turgidum,3,0,0.522552
OG0001740,Zea_mays,5,2,0.0123196
OG0001740,Sorghum_bicolor,3,0,0.621591
OG0001740,Hordeum_vulgare,3,0,0.563236
OG0001740,Triticum_aestivum,2,-1,0.033873
OG0001740,Oryza_sativa,1,-2,0.0244268
OG0001740,Brachypodium_distachyon,4,1,0.106012
OG0001745,Avena_sativa,1,-2,0.00588216
OG0001745,Arabidopsis_thaliana,3,1,0.294252
OG0001745,Triticum_turgidum,4,0,0.529727
OG0001745,Zea_mays,1,-1,0.130342
OG0001745,Sorghum_bicolor,2,0,0.586825
OG0001745,Hordeum_vulgare,4,0,0.581577
OG0001745,Triticum_aestivum,4,0,0.529727
OG0001745,Oryza_sativa,1,-1,0.268992
OG0001745,Brachypodium_distachyon,7,4,0.000154141
OG0001750,Avena_sativa,2,0,0.601244
OG0001750,Arabidopsis_thaliana,1,0,0.756301
OG0001750,Triticum_turgidum,3,-1,0.0447081
OG0001750,Zea_mays,3,0,0.621591
OG0001750,Sorghum_bicolor,3,0,0.621591
OG0001750,Hordeum_vulgare,4,0,0.581577
OG0001750,Triticum_aestivum,5,1,0.0154401
OG0001750,Oryza_sativa,1,-1,0.268992
OG0001750,Brachypodium_distachyon,1,-1,0.186225
OG0001751,Avena_sativa,2,-1,0.212567
OG0001751,Arabidopsis_thaliana,1,-1,0.526493
OG0001751,Triticum_turgidum,4,0,0.529727
OG0001751,Zea_mays,2,-1,0.18413
OG0001751,Sorghum_bicolor,3,0,0.621591
OG0001751,Hordeum_vulgare,0,-3,9.60E-06
OG0001751,Triticum_aestivum,4,0,0.529727
OG0001751,Oryza_sativa,5,2,0.0580412
OG0001751,Brachypodium_distachyon,4,1,0.106012
OG0001757,Avena_sativa,3,0,0.640072
OG0001757,Arabidopsis_thaliana,2,0,0.83681
OG0001757,Triticum_turgidum,5,2,0.000351888
OG0001757,Zea_mays,3,0,0.621591
OG0001757,Sorghum_bicolor,3,0,0.621591
OG0001757,Hordeum_vulgare,3,0,0.563236
OG0001757,Triticum_aestivum,2,-1,0.033873
OG0001757,Oryza_sativa,0,-3,0.00206251
OG0001757,Brachypodium_distachyon,2,-1,0.256093
OG0001758,Avena_sativa,2,0,0.601244
OG0001758,Arabidopsis_thaliana,3,1,0.294252
OG0001758,Triticum_turgidum,2,-1,0.033873
OG0001758,Zea_mays,7,4,3.33E-05
OG0001758,Sorghum_bicolor,3,0,0.621591
OG0001758,Hordeum_vulgare,3,0,0.563236
OG0001758,Triticum_aestivum,3,0,0.522552
OG0001758,Oryza_sativa,2,0,0.678483
OG0001758,Brachypodium_distachyon,2,0,0.62392
OG0001760,Avena_sativa,0,-3,0.000210169
OG0001760,Arabidopsis_thaliana,1,-1,0.526493
OG0001760,Triticum_turgidum,4,1,0.0115823
OG0001760,Zea_mays,5,0,0.677962
OG0001760,Sorghum_bicolor,7,2,0.0312902
OG0001760,Hordeum_vulgare,3,0,0.563236
OG0001760,Triticum_aestivum,2,-1,0.033873
OG0001760,Oryza_sativa,7,3,0.0127925
OG0001760,Brachypodium_distachyon,1,-2,0.00961005
OG0001761,Avena_sativa,3,0,0.640072
OG0001761,Arabidopsis_thaliana,1,-1,0.526493
OG0001761,Triticum_turgidum,2,-1,0.033873
OG0001761,Zea_mays,3,0,0.621591
OG0001761,Sorghum_bicolor,3,0,0.621591
OG0001761,Hordeum_vulgare,6,3,6.73E-05
OG0001761,Triticum_aestivum,3,0,0.522552
OG0001761,Oryza_sativa,2,-1,0.355122
OG0001761,Brachypodium_distachyon,3,0,0.668125
OG0001763,Avena_sativa,2,-1,0.212567
OG0001763,Arabidopsis_thaliana,1,-1,0.526493
OG0001763,Triticum_turgidum,2,-1,0.033873
OG0001763,Zea_mays,7,1,0.138898
OG0001763,Sorghum_bicolor,6,0,0.700838
OG0001763,Hordeum_vulgare,3,0,0.563236
OG0001763,Triticum_aestivum,3,0,0.522552
OG0001763,Oryza_sativa,2,-1,0.355122
OG0001763,Brachypodium_distachyon,3,0,0.668125
OG0001764,Avena_sativa,4,1,0.0844237
OG0001764,Arabidopsis_thaliana,1,-1,0.526493
OG0001764,Triticum_turgidum,2,0,0.515209
OG0001764,Zea_mays,3,0,0.621591
OG0001764,Sorghum_bicolor,3,0,0.621591
OG0001764,Hordeum_vulgare,0,-2,0.000304881
OG0001764,Triticum_aestivum,3,1,0.00772228
OG0001764,Oryza_sativa,3,0,0.730477
OG0001764,Brachypodium_distachyon,2,-1,0.256093
OG0001766,Avena_sativa,2,0,0.601244
OG0001766,Arabidopsis_thaliana,2,0,0.83681
OG0001766,Triticum_turgidum,2,0,0.515209
OG0001766,Zea_mays,10,7,8.59E-09
OG0001766,Sorghum_bicolor,2,-1,0.18413
OG0001766,Hordeum_vulgare,2,0,0.543596
OG0001766,Triticum_aestivum,2,0,0.515209
OG0001766,Oryza_sativa,4,1,0.163122
OG0001766,Brachypodium_distachyon,3,0,0.668125
OG0001773,Avena_sativa,4,1,0.0844237
OG0001773,Arabidopsis_thaliana,2,0,0.83681
OG0001773,Triticum_turgidum,2,0,0.515209
OG0001773,Zea_mays,9,5,1.07E-05
OG0001773,Sorghum_bicolor,4,0,0.65174
OG0001773,Hordeum_vulgare,0,-2,0.000304881
OG0001773,Triticum_aestivum,1,-1,0.0228136
OG0001773,Oryza_sativa,2,-1,0.355122
OG0001773,Brachypodium_distachyon,4,1,0.106012
OG0001776,Avena_sativa,3,0,0.640072
OG0001776,Arabidopsis_thaliana,1,-1,0.526493
OG0001776,Triticum_turgidum,2,0,0.515209
OG0001776,Zea_mays,6,3,0.000579131
OG0001776,Sorghum_bicolor,3,0,0.621591
OG0001776,Hordeum_vulgare,3,0,0.563236
OG0001776,Triticum_aestivum,2,0,0.515209
OG0001776,Oryza_sativa,2,-1,0.355122
OG0001776,Brachypodium_distachyon,4,1,0.106012
OG0001778,Avena_sativa,4,1,0.0844237
OG0001778,Arabidopsis_thaliana,1,-1,0.526493
OG0001778,Triticum_turgidum,4,2,0.000148177
OG0001778,Zea_mays,2,0,0.586825
OG0001778,Sorghum_bicolor,1,-1,0.130342
OG0001778,Hordeum_vulgare,0,-2,0.000304881
OG0001778,Triticum_aestivum,2,0,0.515209
OG0001778,Oryza_sativa,6,3,0.00623898
OG0001778,Brachypodium_distachyon,3,0,0.668125
OG0001779,Avena_sativa,0,-1,0.0818261
OG0001779,Arabidopsis_thaliana,1,0,0.756301
OG0001779,Triticum_turgidum,3,0,0.522552
OG0001779,Zea_mays,7,6,5.92E-09
OG0001779,Sorghum_bicolor,1,0,0.54662
OG0001779,Hordeum_vulgare,0,-1,0.0337031
OG0001779,Triticum_aestivum,7,4,2.60E-08
OG0001779,Oryza_sativa,1,0,0.605212
OG0001779,Brachypodium_distachyon,1,0,0.56891
OG0001780,Avena_sativa,3,1,0.0565411
OG0001780,Arabidopsis_thaliana,1,0,0.756301
OG0001780,Triticum_turgidum,5,0,0.536738
OG0001780,Zea_mays,0,-1,0.0693598
OG0001780,Sorghum_bicolor,1,0,0.54662
OG0001780,Hordeum_vulgare,0,-2,0.000304881
OG0001780,Triticum_aestivum,6,1,0.0192946
OG0001780,Oryza_sativa,0,-1,0.154715
OG0001780,Brachypodium_distachyon,0,-1,0.102088
OG0001812,Avena_sativa,3,0,0.640072
OG0001812,Arabidopsis_thaliana,1,-1,0.526493
OG0001812,Triticum_turgidum,2,0,0.515209
OG0001812,Zea_mays,7,4,3.33E-05
OG0001812,Sorghum_bicolor,3,0,0.621591
OG0001812,Hordeum_vulgare,1,-1,0.0654064
OG0001812,Triticum_aestivum,2,0,0.515209
OG0001812,Oryza_sativa,2,-1,0.355122
OG0001812,Brachypodium_distachyon,3,0,0.668125
OG0001815,Avena_sativa,2,0,0.601244
OG0001815,Arabidopsis_thaliana,1,0,0.756301
OG0001815,Triticum_turgidum,4,1,0.0115823
OG0001815,Zea_mays,9,7,2.08E-09
OG0001815,Sorghum_bicolor,1,-1,0.130342
OG0001815,Hordeum_vulgare,0,-2,0.000304881
OG0001815,Triticum_aestivum,3,0,0.522552
OG0001815,Oryza_sativa,0,-2,0.0102411
OG0001815,Brachypodium_distachyon,4,2,0.0120187
OG0001820,Avena_sativa,3,0,0.640072
OG0001820,Arabidopsis_thaliana,1,-1,0.526493
OG0001820,Triticum_turgidum,3,0,0.522552
OG0001820,Zea_mays,4,1,0.0712625
OG0001820,Sorghum_bicolor,3,0,0.621591
OG0001820,Hordeum_vulgare,0,-3,9.60E-06
OG0001820,Triticum_aestivum,3,0,0.522552
OG0001820,Oryza_sativa,4,1,0.163122
OG0001820,Brachypodium_distachyon,2,-1,0.256093
OG0001822,Avena_sativa,3,0,0.640072
OG0001822,Arabidopsis_thaliana,3,0,0.871099
OG0001822,Triticum_turgidum,4,2,0.000148177
OG0001822,Zea_mays,4,1,0.0712625
OG0001822,Sorghum_bicolor,3,0,0.621591
OG0001822,Hordeum_vulgare,0,-2,0.000304881
OG0001822,Triticum_aestivum,2,0,0.515209
OG0001822,Oryza_sativa,1,-2,0.0244268
OG0001822,Brachypodium_distachyon,3,0,0.668125
OG0001825,Avena_sativa,7,6,1.65E-08
OG0001825,Arabidopsis_thaliana,1,0,0.756301
OG0001825,Triticum_turgidum,6,5,1.37E-11
OG0001825,Zea_mays,0,0,0.5
OG0001825,Sorghum_bicolor,0,0,0.5
OG0001825,Hordeum_vulgare,1,0,0.522556
OG0001825,Triticum_aestivum,0,-1,0.0115245
OG0001825,Oryza_sativa,1,0,0.605212
OG0001825,Brachypodium_distachyon,0,-1,0.102088
OG0001826,Avena_sativa,3,0,0.640072
OG0001826,Arabidopsis_thaliana,1,-1,0.526493
OG0001826,Triticum_turgidum,2,-1,0.033873
OG0001826,Zea_mays,3,0,0.621591
OG0001826,Sorghum_bicolor,2,-1,0.18413
OG0001826,Hordeum_vulgare,3,0,0.563236
OG0001826,Triticum_aestivum,4,1,0.0115823
OG0001826,Oryza_sativa,3,0,0.730477
OG0001826,Brachypodium_distachyon,2,-1,0.256093
OG0001827,Avena_sativa,3,0,0.640072
OG0001827,Arabidopsis_thaliana,1,-1,0.526493
OG0001827,Triticum_turgidum,2,0,0.515209
OG0001827,Zea_mays,5,2,0.0123196
OG0001827,Sorghum_bicolor,3,0,0.621591
OG0001827,Hordeum_vulgare,2,0,0.543596
OG0001827,Triticum_aestivum,3,1,0.00772228
OG0001827,Oryza_sativa,3,0,0.730477
OG0001827,Brachypodium_distachyon,2,-1,0.256093
OG0001833,Avena_sativa,2,0,0.601244
OG0001833,Arabidopsis_thaliana,3,1,0.294252
OG0001833,Triticum_turgidum,2,0,0.515209
OG0001833,Zea_mays,10,7,8.59E-09
OG0001833,Sorghum_bicolor,3,0,0.621591
OG0001833,Hordeum_vulgare,2,0,0.543596
OG0001833,Triticum_aestivum,2,0,0.515209
OG0001833,Oryza_sativa,2,0,0.678483
OG0001833,Brachypodium_distachyon,2,0,0.62392
OG0001837,Avena_sativa,1,-1,0.15204
OG0001837,Arabidopsis_thaliana,1,0,0.756301
OG0001837,Triticum_turgidum,4,0,0.529727
OG0001837,Zea_mays,2,0,0.586825
OG0001837,Sorghum_bicolor,1,-1,0.130342
OG0001837,Hordeum_vulgare,3,0,0.563236
OG0001837,Triticum_aestivum,6,2,0.000637864
OG0001837,Oryza_sativa,1,-1,0.268992
OG0001837,Brachypodium_distachyon,2,0,0.62392
OG0001840,Avena_sativa,3,0,0.640072
OG0001840,Arabidopsis_thaliana,2,0,0.83681
OG0001840,Triticum_turgidum,2,0,0.515209
OG0001840,Zea_mays,8,4,7.73E-05
OG0001840,Sorghum_bicolor,3,-1,0.231726
OG0001840,Hordeum_vulgare,2,0,0.543596
OG0001840,Triticum_aestivum,2,0,0.515209
OG0001840,Oryza_sativa,2,-1,0.355122
OG0001840,Brachypodium_distachyon,3,0,0.668125
OG0001843,Avena_sativa,3,0,0.640072
OG0001843,Arabidopsis_thaliana,2,0,0.83681
OG0001843,Triticum_turgidum,2,0,0.515209
OG0001843,Zea_mays,7,4,3.33E-05
OG0001843,Sorghum_bicolor,2,-1,0.18413
OG0001843,Hordeum_vulgare,2,0,0.543596
OG0001843,Triticum_aestivum,2,0,0.515209
OG0001843,Oryza_sativa,3,0,0.730477
OG0001843,Brachypodium_distachyon,3,0,0.668125
OG0001844,Avena_sativa,5,2,0.017015
OG0001844,Arabidopsis_thaliana,1,-1,0.526493
OG0001844,Triticum_turgidum,2,0,0.515209
OG0001844,Zea_mays,4,1,0.0712625
OG0001844,Sorghum_bicolor,2,-1,0.18413
OG0001844,Hordeum_vulgare,2,0,0.543596
OG0001844,Triticum_aestivum,2,0,0.515209
OG0001844,Oryza_sativa,3,0,0.730477
OG0001844,Brachypodium_distachyon,2,-1,0.256093
OG0001864,Avena_sativa,1,-2,0.00588216
OG0001864,Arabidopsis_thaliana,1,0,0.756301
OG0001864,Triticum_turgidum,2,-1,0.033873
OG0001864,Zea_mays,1,0,0.54662
OG0001864,Sorghum_bicolor,1,0,0.54662
OG0001864,Hordeum_vulgare,3,0,0.563236
OG0001864,Triticum_aestivum,5,2,0.000351888
OG0001864,Oryza_sativa,6,3,0.00623898
OG0001864,Brachypodium_distachyon,4,1,0.106012
OG0001865,Avena_sativa,2,-1,0.212567
OG0001865,Arabidopsis_thaliana,1,-1,0.526493
OG0001865,Triticum_turgidum,3,0,0.522552
OG0001865,Zea_mays,3,0,0.621591
OG0001865,Sorghum_bicolor,2,-1,0.18413
OG0001865,Hordeum_vulgare,1,-2,0.000864647
OG0001865,Triticum_aestivum,3,0,0.522552
OG0001865,Oryza_sativa,5,2,0.0580412
OG0001865,Brachypodium_distachyon,6,3,0.00182532
OG0001866,Avena_sativa,1,0,0.555086
OG0001866,Arabidopsis_thaliana,1,0,0.756301
OG0001866,Triticum_turgidum,1,0,0.507693
OG0001866,Zea_mays,20,15,2.06E-17
OG0001866,Sorghum_bicolor,4,-1,0.273983
OG0001866,Hordeum_vulgare,1,0,0.522556
OG0001866,Triticum_aestivum,2,1,0.00386114
OG0001866,Oryza_sativa,1,0,0.605212
OG0001866,Brachypodium_distachyon,1,0,0.56891
OG0001901,Avena_sativa,3,0,0.640072
OG0001901,Arabidopsis_thaliana,1,0,0.756301
OG0001901,Triticum_turgidum,1,-1,0.0228136
OG0001901,Zea_mays,1,0,0.54662
OG0001901,Sorghum_bicolor,1,0,0.54662
OG0001901,Hordeum_vulgare,0,-2,0.000304881
OG0001901,Triticum_aestivum,3,1,0.00772228
OG0001901,Oryza_sativa,1,0,0.605212
OG0001901,Brachypodium_distachyon,13,10,8.73E-11
OG0001903,Avena_sativa,2,-1,0.212567
OG0001903,Arabidopsis_thaliana,4,1,0.40319
OG0001903,Triticum_turgidum,2,-1,0.033873
OG0001903,Zea_mays,3,0,0.621591
OG0001903,Sorghum_bicolor,3,0,0.621591
OG0001903,Hordeum_vulgare,4,1,0.0341793
OG0001903,Triticum_aestivum,3,0,0.522552
OG0001903,Oryza_sativa,4,1,0.163122
OG0001903,Brachypodium_distachyon,1,-2,0.00961005
OG0001904,Avena_sativa,4,1,0.0844237
OG0001904,Arabidopsis_thaliana,1,0,0.756301
OG0001904,Triticum_turgidum,3,0,0.522552
OG0001904,Zea_mays,2,0,0.586825
OG0001904,Sorghum_bicolor,1,-1,0.130342
OG0001904,Hordeum_vulgare,5,2,0.00297147
OG0001904,Triticum_aestivum,2,-1,0.033873
OG0001904,Oryza_sativa,1,-1,0.268992
OG0001904,Brachypodium_distachyon,2,0,0.62392
OG0001906,Avena_sativa,1,-2,0.00588216
OG0001906,Arabidopsis_thaliana,1,-1,0.526493
OG0001906,Triticum_turgidum,4,1,0.0115823
OG0001906,Zea_mays,5,2,0.0123196
OG0001906,Sorghum_bicolor,3,0,0.621591
OG0001906,Hordeum_vulgare,3,0,0.563236
OG0001906,Triticum_aestivum,3,0,0.522552
OG0001906,Oryza_sativa,2,-1,0.355122
OG0001906,Brachypodium_distachyon,3,0,0.668125
OG0001908,Avena_sativa,2,0,0.601244
OG0001908,Arabidopsis_thaliana,2,0,0.83681
OG0001908,Triticum_turgidum,2,0,0.515209
OG0001908,Zea_mays,6,3,0.000579131
OG0001908,Sorghum_bicolor,3,0,0.621591
OG0001908,Hordeum_vulgare,2,0,0.543596
OG0001908,Triticum_aestivum,2,0,0.515209
OG0001908,Oryza_sativa,2,0,0.678483
OG0001908,Brachypodium_distachyon,5,3,0.000650462
OG0001909,Avena_sativa,3,1,0.0565411
OG0001909,Arabidopsis_thaliana,2,0,0.83681
OG0001909,Triticum_turgidum,2,0,0.515209
OG0001909,Zea_mays,2,0,0.586825
OG0001909,Sorghum_bicolor,1,-1,0.130342
OG0001909,Hordeum_vulgare,2,0,0.543596
OG0001909,Triticum_aestivum,4,2,0.000148177
OG0001909,Oryza_sativa,2,0,0.678483
OG0001909,Brachypodium_distachyon,3,1,0.0711731
OG0001918,Avena_sativa,3,0,0.640072
OG0001918,Arabidopsis_thaliana,4,1,0.40319
OG0001918,Triticum_turgidum,1,-2,9.30E-05
OG0001918,Zea_mays,4,1,0.0712625
OG0001918,Sorghum_bicolor,3,0,0.621591
OG0001918,Hordeum_vulgare,3,0,0.563236
OG0001918,Triticum_aestivum,3,0,0.522552
OG0001918,Oryza_sativa,1,-2,0.0244268
OG0001918,Brachypodium_distachyon,3,0,0.668125
OG0001920,Avena_sativa,1,0,0.555086
OG0001920,Arabidopsis_thaliana,20,17,3.02E-08
OG0001920,Triticum_turgidum,0,-1,0.0115245
OG0001920,Zea_mays,0,0,0.5
OG0001920,Sorghum_bicolor,0,0,0.5
OG0001920,Hordeum_vulgare,1,0,0.522556
OG0001920,Triticum_aestivum,1,0,0.507693
OG0001920,Oryza_sativa,9,7,6.86E-07
OG0001920,Brachypodium_distachyon,0,-1,0.102088
OG0001926,Avena_sativa,3,0,0.640072
OG0001926,Arabidopsis_thaliana,1,-1,0.526493
OG0001926,Triticum_turgidum,3,0,0.522552
OG0001926,Zea_mays,5,2,0.0123196
OG0001926,Sorghum_bicolor,3,0,0.621591
OG0001926,Hordeum_vulgare,3,0,0.563236
OG0001926,Triticum_aestivum,2,-1,0.033873
OG0001926,Oryza_sativa,1,-2,0.0244268
OG0001926,Brachypodium_distachyon,3,0,0.668125
OG0001929,Avena_sativa,1,-2,0.00588216
OG0001929,Arabidopsis_thaliana,1,0,0.756301
OG0001929,Triticum_turgidum,10,5,1.67E-09
OG0001929,Zea_mays,0,0,0.5
OG0001929,Sorghum_bicolor,0,0,0.5
OG0001929,Hordeum_vulgare,7,2,0.00810445
OG0001929,Triticum_aestivum,0,-5,1.42E-11
OG0001929,Oryza_sativa,3,0,0.730477
OG0001929,Brachypodium_distachyon,3,0,0.668125
OG0001933,Avena_sativa,1,0,0.555086
OG0001933,Arabidopsis_thaliana,1,0,0.756301
OG0001933,Triticum_turgidum,5,0,0.536738
OG0001933,Zea_mays,0,-1,0.0693598
OG0001933,Sorghum_bicolor,1,0,0.54662
OG0001933,Hordeum_vulgare,3,0,0.563236
OG0001933,Triticum_aestivum,6,1,0.0192946
OG0001933,Oryza_sativa,1,0,0.605212
OG0001933,Brachypodium_distachyon,1,0,0.56891
OG0001937,Avena_sativa,4,2,0.00766286
OG0001937,Arabidopsis_thaliana,2,0,0.83681
OG0001937,Triticum_turgidum,2,0,0.515209
OG0001937,Zea_mays,6,4,1.20E-05
OG0001937,Sorghum_bicolor,0,-2,0.001522
OG0001937,Hordeum_vulgare,0,-2,0.000304881
OG0001937,Triticum_aestivum,4,2,0.000148177
OG0001937,Oryza_sativa,0,-2,0.0102411
OG0001937,Brachypodium_distachyon,0,-2,0.00374819
OG0001943,Avena_sativa,2,0,0.601244
OG0001943,Arabidopsis_thaliana,3,0,0.871099
OG0001943,Triticum_turgidum,2,0,0.515209
OG0001943,Zea_mays,5,2,0.0123196
OG0001943,Sorghum_bicolor,3,0,0.621591
OG0001943,Hordeum_vulgare,0,-2,0.000304881
OG0001943,Triticum_aestivum,3,1,0.00772228
OG0001943,Oryza_sativa,3,0,0.730477
OG0001943,Brachypodium_distachyon,4,1,0.106012
OG0001953,Avena_sativa,2,0,0.601244
OG0001953,Arabidopsis_thaliana,4,1,0.40319
OG0001953,Triticum_turgidum,2,0,0.515209
OG0001953,Zea_mays,3,0,0.621591
OG0001953,Sorghum_bicolor,3,0,0.621591
OG0001953,Hordeum_vulgare,5,3,2.29E-05
OG0001953,Triticum_aestivum,2,0,0.515209
OG0001953,Oryza_sativa,5,2,0.0580412
OG0001953,Brachypodium_distachyon,2,0,0.62392
OG0001954,Avena_sativa,5,3,0.000333025
OG0001954,Arabidopsis_thaliana,1,0,0.756301
OG0001954,Triticum_turgidum,3,0,0.522552
OG0001954,Zea_mays,1,0,0.54662
OG0001954,Sorghum_bicolor,1,0,0.54662
OG0001954,Hordeum_vulgare,2,0,0.543596
OG0001954,Triticum_aestivum,3,0,0.522552
OG0001954,Oryza_sativa,1,0,0.605212
OG0001954,Brachypodium_distachyon,1,0,0.56891
OG0001957,Avena_sativa,1,0,0.555086
OG0001957,Arabidopsis_thaliana,1,0,0.756301
OG0001957,Triticum_turgidum,1,0,0.507693
OG0001957,Zea_mays,21,18,1.32E-22
OG0001957,Sorghum_bicolor,2,-1,0.18413
OG0001957,Hordeum_vulgare,1,0,0.522556
OG0001957,Triticum_aestivum,1,0,0.507693
OG0001957,Oryza_sativa,2,0,0.678483
OG0001957,Brachypodium_distachyon,2,0,0.62392
OG0001959,Avena_sativa,3,0,0.640072
OG0001959,Arabidopsis_thaliana,2,0,0.83681
OG0001959,Triticum_turgidum,1,-2,9.30E-05
OG0001959,Zea_mays,4,1,0.0712625
OG0001959,Sorghum_bicolor,3,0,0.621591
OG0001959,Hordeum_vulgare,3,0,0.563236
OG0001959,Triticum_aestivum,3,0,0.522552
OG0001959,Oryza_sativa,3,0,0.730477
OG0001959,Brachypodium_distachyon,2,-1,0.256093
OG0001963,Avena_sativa,1,-2,0.00588216
OG0001963,Arabidopsis_thaliana,1,-1,0.526493
OG0001963,Triticum_turgidum,3,0,0.522552
OG0001963,Zea_mays,3,0,0.621591
OG0001963,Sorghum_bicolor,5,2,0.0123196
OG0001963,Hordeum_vulgare,3,0,0.563236
OG0001963,Triticum_aestivum,3,0,0.522552
OG0001963,Oryza_sativa,2,-1,0.355122
OG0001963,Brachypodium_distachyon,4,1,0.106012
OG0001965,Avena_sativa,2,-1,0.212567
OG0001965,Arabidopsis_thaliana,1,0,0.756301
OG0001965,Triticum_turgidum,5,1,0.0154401
OG0001965,Zea_mays,1,0,0.54662
OG0001965,Sorghum_bicolor,1,0,0.54662
OG0001965,Hordeum_vulgare,4,0,0.581577
OG0001965,Triticum_aestivum,3,-1,0.0447081
OG0001965,Oryza_sativa,1,0,0.605212
OG0001965,Brachypodium_distachyon,3,0,0.668125
OG0001992,Avena_sativa,2,0,0.601244
OG0001992,Arabidopsis_thaliana,2,0,0.83681
OG0001992,Triticum_turgidum,2,-1,0.033873
OG0001992,Zea_mays,3,0,0.621591
OG0001992,Sorghum_bicolor,3,0,0.621591
OG0001992,Hordeum_vulgare,5,2,0.00297147
OG0001992,Triticum_aestivum,3,0,0.522552
OG0001992,Oryza_sativa,1,-1,0.268992
OG0001992,Brachypodium_distachyon,2,0,0.62392
OG0001995,Avena_sativa,1,-1,0.15204
OG0001995,Arabidopsis_thaliana,4,2,0.0815
OG0001995,Triticum_turgidum,4,1,0.0115823
OG0001995,Zea_mays,5,2,0.0123196
OG0001995,Sorghum_bicolor,3,0,0.621591
OG0001995,Hordeum_vulgare,2,0,0.543596
OG0001995,Triticum_aestivum,3,0,0.522552
OG0001995,Oryza_sativa,1,-1,0.268992
OG0001995,Brachypodium_distachyon,2,0,0.62392
OG0001997,Avena_sativa,2,-1,0.212567
OG0001997,Arabidopsis_thaliana,2,0,0.83681
OG0001997,Triticum_turgidum,2,-1,0.033873
OG0001997,Zea_mays,2,-1,0.18413
OG0001997,Sorghum_bicolor,5,2,0.0123196
OG0001997,Hordeum_vulgare,3,0,0.563236
OG0001997,Triticum_aestivum,3,0,0.522552
OG0001997,Oryza_sativa,3,0,0.730477
OG0001997,Brachypodium_distachyon,3,0,0.668125
OG0001998,Avena_sativa,1,-1,0.15204
OG0001998,Arabidopsis_thaliana,4,2,0.0815
OG0001998,Triticum_turgidum,4,0,0.529727
OG0001998,Zea_mays,4,2,0.00548055
OG0001998,Sorghum_bicolor,2,0,0.586825
OG0001998,Hordeum_vulgare,5,1,0.0455004
OG0001998,Triticum_aestivum,3,-1,0.0447081
OG0001998,Oryza_sativa,1,-1,0.268992
OG0001998,Brachypodium_distachyon,1,-1,0.186225
OG0001999,Avena_sativa,2,0,0.601244
OG0001999,Arabidopsis_thaliana,1,0,0.756301
OG0001999,Triticum_turgidum,4,2,0.000148177
OG0001999,Zea_mays,5,3,0.00020209
OG0001999,Sorghum_bicolor,1,-1,0.130342
OG0001999,Hordeum_vulgare,1,-1,0.0654064
OG0001999,Triticum_aestivum,2,0,0.515209
OG0001999,Oryza_sativa,2,0,0.678483
OG0001999,Brachypodium_distachyon,6,4,5.77E-05
OG0002000,Avena_sativa,3,0,0.640072
OG0002000,Arabidopsis_thaliana,1,0,0.756301
OG0002000,Triticum_turgidum,3,0,0.522552
OG0002000,Zea_mays,3,1,0.0476668
OG0002000,Sorghum_bicolor,2,0,0.586825
OG0002000,Hordeum_vulgare,5,2,0.00297147
OG0002000,Triticum_aestivum,3,0,0.522552
OG0002000,Oryza_sativa,0,-2,0.0102411
OG0002000,Brachypodium_distachyon,2,0,0.62392
OG0002001,Avena_sativa,1,0,0.555086
OG0002001,Arabidopsis_thaliana,1,0,0.756301
OG0002001,Triticum_turgidum,5,1,0.0154401
OG0002001,Zea_mays,1,0,0.54662
OG0002001,Sorghum_bicolor,0,-1,0.0693598
OG0002001,Hordeum_vulgare,6,2,0.0052693
OG0002001,Triticum_aestivum,4,0,0.529727
OG0002001,Oryza_sativa,1,0,0.605212
OG0002001,Brachypodium_distachyon,0,-1,0.102088
OG0002002,Avena_sativa,2,0,0.601244
OG0002002,Arabidopsis_thaliana,3,1,0.294252
OG0002002,Triticum_turgidum,4,0,0.529727
OG0002002,Zea_mays,2,0,0.586825
OG0002002,Sorghum_bicolor,1,-1,0.130342
OG0002002,Hordeum_vulgare,0,-2,0.000304881
OG0002002,Triticum_aestivum,5,1,0.0154401
OG0002002,Oryza_sativa,1,-1,0.268992
OG0002002,Brachypodium_distachyon,1,-1,0.186225
OG0002004,Avena_sativa,1,-1,0.15204
OG0002004,Arabidopsis_thaliana,1,0,0.756301
OG0002004,Triticum_turgidum,2,0,0.515209
OG0002004,Zea_mays,17,14,1.60E-17
OG0002004,Sorghum_bicolor,1,-2,0.00408936
OG0002004,Hordeum_vulgare,1,-1,0.0654064
OG0002004,Triticum_aestivum,2,0,0.515209
OG0002004,Oryza_sativa,1,-1,0.268992
OG0002004,Brachypodium_distachyon,2,0,0.62392
OG0002005,Avena_sativa,0,-3,0.000210169
OG0002005,Arabidopsis_thaliana,3,0,0.871099
OG0002005,Triticum_turgidum,3,0,0.522552
OG0002005,Zea_mays,6,3,0.000579131
OG0002005,Sorghum_bicolor,3,0,0.621591
OG0002005,Hordeum_vulgare,3,0,0.563236
OG0002005,Triticum_aestivum,3,0,0.522552
OG0002005,Oryza_sativa,3,0,0.730477
OG0002005,Brachypodium_distachyon,3,0,0.668125
OG0002006,Avena_sativa,2,0,0.601244
OG0002006,Arabidopsis_thaliana,6,4,0.0111044
OG0002006,Triticum_turgidum,4,2,0.000148177
OG0002006,Zea_mays,3,0,0.621591
OG0002006,Sorghum_bicolor,3,0,0.621591
OG0002006,Hordeum_vulgare,0,-2,0.000304881
OG0002006,Triticum_aestivum,2,0,0.515209
OG0002006,Oryza_sativa,1,-1,0.268992
OG0002006,Brachypodium_distachyon,3,1,0.0711731
OG0002013,Avena_sativa,0,0,0.5
OG0002013,Arabidopsis_thaliana,32,28,7.42E-13
OG0002013,Triticum_turgidum,0,0,0.5
OG0002013,Zea_mays,1,0,0.54662
OG0002013,Sorghum_bicolor,1,0,0.54662
OG0002013,Hordeum_vulgare,0,0,0.5
OG0002013,Triticum_aestivum,0,0,0.5
OG0002013,Oryza_sativa,2,1,0.055018
OG0002013,Brachypodium_distachyon,0,0,0.5
OG0002014,Avena_sativa,2,0,0.601244
OG0002014,Arabidopsis_thaliana,4,2,0.0815
OG0002014,Triticum_turgidum,2,0,0.515209
OG0002014,Zea_mays,9,6,1.40E-07
OG0002014,Sorghum_bicolor,3,0,0.621591
OG0002014,Hordeum_vulgare,2,0,0.543596
OG0002014,Triticum_aestivum,1,-1,0.0228136
OG0002014,Oryza_sativa,2,0,0.678483
OG0002014,Brachypodium_distachyon,2,0,0.62392
OG0002015,Avena_sativa,3,0,0.640072
OG0002015,Arabidopsis_thaliana,2,0,0.83681
OG0002015,Triticum_turgidum,3,0,0.522552
OG0002015,Zea_mays,3,0,0.621591
OG0002015,Sorghum_bicolor,2,-1,0.18413
OG0002015,Hordeum_vulgare,0,-3,9.60E-06
OG0002015,Triticum_aestivum,3,0,0.522552
OG0002015,Oryza_sativa,2,-1,0.355122
OG0002015,Brachypodium_distachyon,3,0,0.668125
OG0002017,Avena_sativa,2,0,0.601244
OG0002017,Arabidopsis_thaliana,3,1,0.294252
OG0002017,Triticum_turgidum,2,0,0.515209
OG0002017,Zea_mays,8,5,2.21E-06
OG0002017,Sorghum_bicolor,3,0,0.621591
OG0002017,Hordeum_vulgare,2,0,0.543596
OG0002017,Triticum_aestivum,2,0,0.515209
OG0002017,Oryza_sativa,2,0,0.678483
OG0002017,Brachypodium_distachyon,3,1,0.0711731
OG0002021,Avena_sativa,3,1,0.0565411
OG0002021,Arabidopsis_thaliana,3,1,0.294252
OG0002021,Triticum_turgidum,2,0,0.515209
OG0002021,Zea_mays,6,4,1.20E-05
OG0002021,Sorghum_bicolor,2,0,0.586825
OG0002021,Hordeum_vulgare,2,0,0.543596
OG0002021,Triticum_aestivum,3,1,0.00772228
OG0002021,Oryza_sativa,1,-1,0.268992
OG0002021,Brachypodium_distachyon,1,-1,0.186225
OG0002024,Avena_sativa,2,0,0.601244
OG0002024,Arabidopsis_thaliana,1,0,0.756301
OG0002024,Triticum_turgidum,4,1,0.0115823
OG0002024,Zea_mays,2,0,0.586825
OG0002024,Sorghum_bicolor,4,2,0.00548055
OG0002024,Hordeum_vulgare,2,0,0.543596
OG0002024,Triticum_aestivum,3,0,0.522552
OG0002024,Oryza_sativa,2,0,0.678483
OG0002024,Brachypodium_distachyon,2,0,0.62392
OG0002025,Avena_sativa,2,0,0.601244
OG0002025,Arabidopsis_thaliana,2,0,0.83681
OG0002025,Triticum_turgidum,2,0,0.515209
OG0002025,Zea_mays,5,2,0.0123196
OG0002025,Sorghum_bicolor,2,-1,0.18413
OG0002025,Hordeum_vulgare,2,0,0.543596
OG0002025,Triticum_aestivum,3,1,0.00772228
OG0002025,Oryza_sativa,4,1,0.163122
OG0002025,Brachypodium_distachyon,2,0,0.62392
OG0002033,Avena_sativa,2,0,0.601244
OG0002033,Arabidopsis_thaliana,2,0,0.83681
OG0002033,Triticum_turgidum,2,0,0.515209
OG0002033,Zea_mays,8,5,2.21E-06
OG0002033,Sorghum_bicolor,2,-1,0.18413
OG0002033,Hordeum_vulgare,4,2,0.0012774
OG0002033,Triticum_aestivum,2,0,0.515209
OG0002033,Oryza_sativa,3,1,0.110464
OG0002033,Brachypodium_distachyon,2,0,0.62392
OG0002039,Avena_sativa,1,0,0.555086
OG0002039,Arabidopsis_thaliana,1,0,0.756301
OG0002039,Triticum_turgidum,6,2,0.000637864
OG0002039,Zea_mays,1,0,0.54662
OG0002039,Sorghum_bicolor,1,0,0.54662
OG0002039,Hordeum_vulgare,4,0,0.581577
OG0002039,Triticum_aestivum,4,0,0.529727
OG0002039,Oryza_sativa,1,0,0.605212
OG0002039,Brachypodium_distachyon,1,0,0.56891
OG0002040,Avena_sativa,2,0,0.601244
OG0002040,Arabidopsis_thaliana,1,0,0.756301
OG0002040,Triticum_turgidum,2,0,0.515209
OG0002040,Zea_mays,2,0,0.586825
OG0002040,Sorghum_bicolor,2,0,0.586825
OG0002040,Hordeum_vulgare,12,10,2.02E-16
OG0002040,Triticum_aestivum,2,0,0.515209
OG0002040,Oryza_sativa,2,0,0.678483
OG0002040,Brachypodium_distachyon,2,0,0.62392
OG0002044,Avena_sativa,2,0,0.601244
OG0002044,Arabidopsis_thaliana,3,1,0.294252
OG0002044,Triticum_turgidum,3,0,0.522552
OG0002044,Zea_mays,1,-1,0.130342
OG0002044,Sorghum_bicolor,3,1,0.0476668
OG0002044,Hordeum_vulgare,2,0,0.543596
OG0002044,Triticum_aestivum,4,1,0.0115823
OG0002044,Oryza_sativa,3,1,0.110464
OG0002044,Brachypodium_distachyon,2,0,0.62392
OG0002046,Avena_sativa,2,0,0.601244
OG0002046,Arabidopsis_thaliana,1,0,0.756301
OG0002046,Triticum_turgidum,3,0,0.522552
OG0002046,Zea_mays,3,1,0.0476668
OG0002046,Sorghum_bicolor,1,-1,0.130342
OG0002046,Hordeum_vulgare,2,0,0.543596
OG0002046,Triticum_aestivum,4,1,0.0115823
OG0002046,Oryza_sativa,1,-1,0.268992
OG0002046,Brachypodium_distachyon,3,1,0.0711731
OG0002048,Avena_sativa,1,-1,0.15204
OG0002048,Arabidopsis_thaliana,1,0,0.756301
OG0002048,Triticum_turgidum,4,0,0.529727
OG0002048,Zea_mays,1,0,0.54662
OG0002048,Sorghum_bicolor,0,-1,0.0693598
OG0002048,Hordeum_vulgare,2,0,0.543596
OG0002048,Triticum_aestivum,5,1,0.0154401
OG0002048,Oryza_sativa,5,3,0.00229579
OG0002048,Brachypodium_distachyon,2,0,0.62392
OG0002051,Avena_sativa,3,0,0.640072
OG0002051,Arabidopsis_thaliana,1,0,0.756301
OG0002051,Triticum_turgidum,3,-1,0.0447081
OG0002051,Zea_mays,2,0,0.586825
OG0002051,Sorghum_bicolor,1,-1,0.130342
OG0002051,Hordeum_vulgare,4,0,0.581577
OG0002051,Triticum_aestivum,4,0,0.529727
OG0002051,Oryza_sativa,2,0,0.678483
OG0002051,Brachypodium_distachyon,1,-1,0.186225
OG0002056,Avena_sativa,2,0,0.601244
OG0002056,Arabidopsis_thaliana,3,1,0.294252
OG0002056,Triticum_turgidum,2,0,0.515209
OG0002056,Zea_mays,9,6,1.40E-07
OG0002056,Sorghum_bicolor,2,-1,0.18413
OG0002056,Hordeum_vulgare,2,0,0.543596
OG0002056,Triticum_aestivum,2,0,0.515209
OG0002056,Oryza_sativa,2,0,0.678483
OG0002056,Brachypodium_distachyon,2,0,0.62392
OG0002058,Avena_sativa,3,0,0.640072
OG0002058,Arabidopsis_thaliana,2,0,0.83681
OG0002058,Triticum_turgidum,1,-1,0.0228136
OG0002058,Zea_mays,1,-2,0.00408936
OG0002058,Sorghum_bicolor,3,0,0.621591
OG0002058,Hordeum_vulgare,2,0,0.543596
OG0002058,Triticum_aestivum,2,0,0.515209
OG0002058,Oryza_sativa,8,5,0.000121312
OG0002058,Brachypodium_distachyon,4,1,0.106012
OG0002060,Avena_sativa,2,0,0.601244
OG0002060,Arabidopsis_thaliana,1,0,0.756301
OG0002060,Triticum_turgidum,3,0,0.522552
OG0002060,Zea_mays,10,8,1.11E-10
OG0002060,Sorghum_bicolor,1,-1,0.130342
OG0002060,Hordeum_vulgare,0,-2,0.000304881
OG0002060,Triticum_aestivum,3,0,0.522552
OG0002060,Oryza_sativa,0,-2,0.0102411
OG0002060,Brachypodium_distachyon,3,1,0.0711731
OG0002061,Avena_sativa,2,0,0.601244
OG0002061,Arabidopsis_thaliana,2,1,0.137178
OG0002061,Triticum_turgidum,2,0,0.515209
OG0002061,Zea_mays,0,-1,0.0693598
OG0002061,Sorghum_bicolor,1,0,0.54662
OG0002061,Hordeum_vulgare,9,7,1.24E-11
OG0002061,Triticum_aestivum,2,0,0.515209
OG0002061,Oryza_sativa,0,-1,0.154715
OG0002061,Brachypodium_distachyon,7,5,4.92E-06
OG0002089,Avena_sativa,1,-1,0.15204
OG0002089,Arabidopsis_thaliana,4,2,0.0815
OG0002089,Triticum_turgidum,2,-1,0.033873
OG0002089,Zea_mays,2,0,0.586825
OG0002089,Sorghum_bicolor,2,0,0.586825
OG0002089,Hordeum_vulgare,4,1,0.0341793
OG0002089,Triticum_aestivum,3,0,0.522552
OG0002089,Oryza_sativa,3,1,0.110464
OG0002089,Brachypodium_distachyon,2,0,0.62392
OG0002091,Avena_sativa,2,0,0.601244
OG0002091,Arabidopsis_thaliana,2,0,0.83681
OG0002091,Triticum_turgidum,2,0,0.515209
OG0002091,Zea_mays,10,7,8.59E-09
OG0002091,Sorghum_bicolor,2,-1,0.18413
OG0002091,Hordeum_vulgare,2,0,0.543596
OG0002091,Triticum_aestivum,2,0,0.515209
OG0002091,Oryza_sativa,2,0,0.678483
OG0002091,Brachypodium_distachyon,2,0,0.62392
OG0002096,Avena_sativa,2,-1,0.212567
OG0002096,Arabidopsis_thaliana,2,0,0.83681
OG0002096,Triticum_turgidum,1,-2,9.30E-05
OG0002096,Zea_mays,5,2,0.0123196
OG0002096,Sorghum_bicolor,3,0,0.621591
OG0002096,Hordeum_vulgare,3,0,0.563236
OG0002096,Triticum_aestivum,3,0,0.522552
OG0002096,Oryza_sativa,3,0,0.730477
OG0002096,Brachypodium_distachyon,3,0,0.668125
OG0002097,Avena_sativa,4,2,0.00766286
OG0002097,Arabidopsis_thaliana,1,0,0.756301
OG0002097,Triticum_turgidum,2,0,0.515209
OG0002097,Zea_mays,6,5,1.24E-07
OG0002097,Sorghum_bicolor,1,0,0.54662
OG0002097,Hordeum_vulgare,0,-2,0.000304881
OG0002097,Triticum_aestivum,3,1,0.00772228
OG0002097,Oryza_sativa,0,-1,0.154715
OG0002097,Brachypodium_distachyon,1,0,0.56891
OG0002098,Avena_sativa,3,0,0.640072
OG0002098,Arabidopsis_thaliana,1,0,0.756301
OG0002098,Triticum_turgidum,4,1,0.0115823
OG0002098,Zea_mays,2,0,0.586825
OG0002098,Sorghum_bicolor,2,0,0.586825
OG0002098,Hordeum_vulgare,3,0,0.563236
OG0002098,Triticum_aestivum,2,-1,0.033873
OG0002098,Oryza_sativa,2,0,0.678483
OG0002098,Brachypodium_distachyon,1,-1,0.186225
OG0002103,Avena_sativa,3,0,0.640072
OG0002103,Arabidopsis_thaliana,2,0,0.83681
OG0002103,Triticum_turgidum,0,-1,0.0115245
OG0002103,Zea_mays,3,0,0.621591
OG0002103,Sorghum_bicolor,3,0,0.621591
OG0002103,Hordeum_vulgare,0,-1,0.0337031
OG0002103,Triticum_aestivum,2,1,0.00386114
OG0002103,Oryza_sativa,5,2,0.0580412
OG0002103,Brachypodium_distachyon,6,3,0.00182532
OG0002105,Avena_sativa,2,0,0.601244
OG0002105,Arabidopsis_thaliana,1,0,0.756301
OG0002105,Triticum_turgidum,3,0,0.522552
OG0002105,Zea_mays,1,0,0.54662
OG0002105,Sorghum_bicolor,3,2,0.00113794
OG0002105,Hordeum_vulgare,4,1,0.0341793
OG0002105,Triticum_aestivum,4,1,0.0115823
OG0002105,Oryza_sativa,1,0,0.605212
OG0002105,Brachypodium_distachyon,1,0,0.56891
OG0002106,Avena_sativa,0,-1,0.0818261
OG0002106,Arabidopsis_thaliana,7,5,0.00390711
OG0002106,Triticum_turgidum,4,0,0.529727
OG0002106,Zea_mays,2,1,0.0238258
OG0002106,Sorghum_bicolor,1,0,0.54662
OG0002106,Hordeum_vulgare,3,0,0.563236
OG0002106,Triticum_aestivum,4,0,0.529727
OG0002106,Oryza_sativa,1,0,0.605212
OG0002106,Brachypodium_distachyon,1,0,0.56891
OG0002110,Avena_sativa,1,-1,0.15204
OG0002110,Arabidopsis_thaliana,11,8,0.000431765
OG0002110,Triticum_turgidum,4,1,0.0115823
OG0002110,Zea_mays,0,0,0.5
OG0002110,Sorghum_bicolor,0,0,0.5
OG0002110,Hordeum_vulgare,0,-2,0.000304881
OG0002110,Triticum_aestivum,3,0,0.522552
OG0002110,Oryza_sativa,2,0,0.678483
OG0002110,Brachypodium_distachyon,2,0,0.62392
OG0002123,Avena_sativa,0,-2,0.00222918
OG0002123,Arabidopsis_thaliana,11,8,0.000431765
OG0002123,Triticum_turgidum,2,0,0.515209
OG0002123,Zea_mays,3,1,0.0476668
OG0002123,Sorghum_bicolor,2,0,0.586825
OG0002123,Hordeum_vulgare,2,0,0.543596
OG0002123,Triticum_aestivum,3,1,0.00772228
OG0002123,Oryza_sativa,2,0,0.678483
OG0002123,Brachypodium_distachyon,2,0,0.62392
OG0002125,Avena_sativa,2,0,0.601244
OG0002125,Arabidopsis_thaliana,6,4,0.0111044
OG0002125,Triticum_turgidum,2,0,0.515209
OG0002125,Zea_mays,8,6,3.81E-08
OG0002125,Sorghum_bicolor,2,0,0.586825
OG0002125,Hordeum_vulgare,2,0,0.543596
OG0002125,Triticum_aestivum,2,0,0.515209
OG0002125,Oryza_sativa,1,-1,0.268992
OG0002125,Brachypodium_distachyon,2,0,0.62392
OG0002126,Avena_sativa,3,0,0.640072
OG0002126,Arabidopsis_thaliana,1,-1,0.526493
OG0002126,Triticum_turgidum,4,1,0.0115823
OG0002126,Zea_mays,2,-1,0.18413
OG0002126,Sorghum_bicolor,3,0,0.621591
OG0002126,Hordeum_vulgare,2,-1,0.0952486
OG0002126,Triticum_aestivum,2,-1,0.033873
OG0002126,Oryza_sativa,3,0,0.730477
OG0002126,Brachypodium_distachyon,3,0,0.668125
OG0002129,Avena_sativa,2,0,0.601244
OG0002129,Arabidopsis_thaliana,1,0,0.756301
OG0002129,Triticum_turgidum,2,0,0.515209
OG0002129,Zea_mays,11,8,5.11E-10
OG0002129,Sorghum_bicolor,2,-1,0.18413
OG0002129,Hordeum_vulgare,2,0,0.543596
OG0002129,Triticum_aestivum,2,0,0.515209
OG0002129,Oryza_sativa,2,0,0.678483
OG0002129,Brachypodium_distachyon,2,0,0.62392
OG0002131,Avena_sativa,3,1,0.0565411
OG0002131,Arabidopsis_thaliana,1,-1,0.526493
OG0002131,Triticum_turgidum,2,0,0.515209
OG0002131,Zea_mays,3,0,0.621591
OG0002131,Sorghum_bicolor,3,0,0.621591
OG0002131,Hordeum_vulgare,2,0,0.543596
OG0002131,Triticum_aestivum,3,1,0.00772228
OG0002131,Oryza_sativa,5,2,0.0580412
OG0002131,Brachypodium_distachyon,1,-1,0.186225
OG0002132,Avena_sativa,3,0,0.640072
OG0002132,Arabidopsis_thaliana,2,0,0.83681
OG0002132,Triticum_turgidum,2,0,0.515209
OG0002132,Zea_mays,6,3,0.000579131
OG0002132,Sorghum_bicolor,1,-2,0.00408936
OG0002132,Hordeum_vulgare,2,0,0.543596
OG0002132,Triticum_aestivum,2,0,0.515209
OG0002132,Oryza_sativa,2,-1,0.355122
OG0002132,Brachypodium_distachyon,3,0,0.668125
OG0002133,Avena_sativa,2,0,0.601244
OG0002133,Arabidopsis_thaliana,2,0,0.83681
OG0002133,Triticum_turgidum,2,0,0.515209
OG0002133,Zea_mays,8,5,2.21E-06
OG0002133,Sorghum_bicolor,2,-1,0.18413
OG0002133,Hordeum_vulgare,2,0,0.543596
OG0002133,Triticum_aestivum,2,0,0.515209
OG0002133,Oryza_sativa,3,1,0.110464
OG0002133,Brachypodium_distachyon,2,0,0.62392
OG0002134,Avena_sativa,2,0,0.601244
OG0002134,Arabidopsis_thaliana,2,0,0.83681
OG0002134,Triticum_turgidum,1,0,0.507693
OG0002134,Zea_mays,14,11,9.60E-14
OG0002134,Sorghum_bicolor,2,-1,0.18413
OG0002134,Hordeum_vulgare,1,0,0.522556
OG0002134,Triticum_aestivum,1,0,0.507693
OG0002134,Oryza_sativa,2,0,0.678483
OG0002134,Brachypodium_distachyon,2,0,0.62392
OG0002136,Avena_sativa,3,0,0.640072
OG0002136,Arabidopsis_thaliana,2,0,0.83681
OG0002136,Triticum_turgidum,2,-1,0.033873
OG0002136,Zea_mays,2,0,0.586825
OG0002136,Sorghum_bicolor,2,0,0.586825
OG0002136,Hordeum_vulgare,5,2,0.00297147
OG0002136,Triticum_aestivum,3,0,0.522552
OG0002136,Oryza_sativa,2,0,0.678483
OG0002136,Brachypodium_distachyon,2,0,0.62392
OG0002138,Avena_sativa,3,1,0.0565411
OG0002138,Arabidopsis_thaliana,1,0,0.756301
OG0002138,Triticum_turgidum,4,1,0.0115823
OG0002138,Zea_mays,3,1,0.0476668
OG0002138,Sorghum_bicolor,2,0,0.586825
OG0002138,Hordeum_vulgare,0,-2,0.000304881
OG0002138,Triticum_aestivum,3,0,0.522552
OG0002138,Oryza_sativa,1,-1,0.268992
OG0002138,Brachypodium_distachyon,2,0,0.62392
OG0002139,Avena_sativa,11,10,1.71E-13
OG0002139,Arabidopsis_thaliana,1,0,0.756301
OG0002139,Triticum_turgidum,0,0,0.5
OG0002139,Zea_mays,0,-1,0.0693598
OG0002139,Sorghum_bicolor,1,0,0.54662
OG0002139,Hordeum_vulgare,0,0,0.5
OG0002139,Triticum_aestivum,0,0,0.5
OG0002139,Oryza_sativa,1,0,0.605212
OG0002139,Brachypodium_distachyon,0,-1,0.102088
OG0002140,Avena_sativa,2,0,0.601244
OG0002140,Arabidopsis_thaliana,1,0,0.756301
OG0002140,Triticum_turgidum,6,2,0.000637864
OG0002140,Zea_mays,1,0,0.54662
OG0002140,Sorghum_bicolor,1,0,0.54662
OG0002140,Hordeum_vulgare,6,2,0.0052693
OG0002140,Triticum_aestivum,2,-2,0.000184061
OG0002140,Oryza_sativa,0,-1,0.154715
OG0002140,Brachypodium_distachyon,1,0,0.56891
OG0002141,Avena_sativa,1,-1,0.15204
OG0002141,Arabidopsis_thaliana,1,0,0.756301
OG0002141,Triticum_turgidum,1,-1,0.0228136
OG0002141,Zea_mays,15,12,5.34E-15
OG0002141,Sorghum_bicolor,2,-1,0.18413
OG0002141,Hordeum_vulgare,2,0,0.543596
OG0002141,Triticum_aestivum,2,0,0.515209
OG0002141,Oryza_sativa,2,0,0.678483
OG0002141,Brachypodium_distachyon,2,0,0.62392
OG0002142,Avena_sativa,2,0,0.601244
OG0002142,Arabidopsis_thaliana,3,1,0.294252
OG0002142,Triticum_turgidum,2,-1,0.033873
OG0002142,Zea_mays,4,2,0.00548055
OG0002142,Sorghum_bicolor,2,0,0.586825
OG0002142,Hordeum_vulgare,3,0,0.563236
OG0002142,Triticum_aestivum,3,0,0.522552
OG0002142,Oryza_sativa,1,-1,0.268992
OG0002142,Brachypodium_distachyon,1,-1,0.186225
OG0002145,Avena_sativa,1,0,0.555086
OG0002145,Arabidopsis_thaliana,3,2,0.0414086
OG0002145,Triticum_turgidum,3,0,0.522552
OG0002145,Zea_mays,2,1,0.0238258
OG0002145,Sorghum_bicolor,1,0,0.54662
OG0002145,Hordeum_vulgare,2,0,0.543596
OG0002145,Triticum_aestivum,5,2,0.000351888
OG0002145,Oryza_sativa,1,0,0.605212
OG0002145,Brachypodium_distachyon,1,0,0.56891
OG0002148,Avena_sativa,2,0,0.601244
OG0002148,Arabidopsis_thaliana,1,0,0.756301
OG0002148,Triticum_turgidum,2,-1,0.033873
OG0002148,Zea_mays,3,0,0.621591
OG0002148,Sorghum_bicolor,3,0,0.621591
OG0002148,Hordeum_vulgare,4,1,0.0341793
OG0002148,Triticum_aestivum,3,0,0.522552
OG0002148,Oryza_sativa,2,0,0.678483
OG0002148,Brachypodium_distachyon,1,-1,0.186225
OG0002149,Avena_sativa,3,1,0.0565411
OG0002149,Arabidopsis_thaliana,1,0,0.756301
OG0002149,Triticum_turgidum,2,0,0.515209
OG0002149,Zea_mays,1,0,0.54662
OG0002149,Sorghum_bicolor,1,0,0.54662
OG0002149,Hordeum_vulgare,1,-1,0.0654064
OG0002149,Triticum_aestivum,4,2,0.000148177
OG0002149,Oryza_sativa,3,1,0.110464
OG0002149,Brachypodium_distachyon,2,0,0.62392
OG0002153,Avena_sativa,1,-2,0.00588216
OG0002153,Arabidopsis_thaliana,5,2,0.142253
OG0002153,Triticum_turgidum,3,0,0.522552
OG0002153,Zea_mays,4,1,0.0712625
OG0002153,Sorghum_bicolor,2,-1,0.18413
OG0002153,Hordeum_vulgare,3,0,0.563236
OG0002153,Triticum_aestivum,2,-1,0.033873
OG0002153,Oryza_sativa,1,-2,0.0244268
OG0002153,Brachypodium_distachyon,3,0,0.668125
OG0002157,Avena_sativa,2,0,0.601244
OG0002157,Arabidopsis_thaliana,2,0,0.83681
OG0002157,Triticum_turgidum,2,0,0.515209
OG0002157,Zea_mays,10,7,8.59E-09
OG0002157,Sorghum_bicolor,2,-1,0.18413
OG0002157,Hordeum_vulgare,2,0,0.543596
OG0002157,Triticum_aestivum,2,0,0.515209
OG0002157,Oryza_sativa,2,0,0.678483
OG0002157,Brachypodium_distachyon,2,0,0.62392
OG0002159,Avena_sativa,2,0,0.601244
OG0002159,Arabidopsis_thaliana,1,0,0.756301
OG0002159,Triticum_turgidum,5,2,0.000351888
OG0002159,Zea_mays,2,0,0.586825
OG0002159,Sorghum_bicolor,1,-1,0.130342
OG0002159,Hordeum_vulgare,2,0,0.543596
OG0002159,Triticum_aestivum,3,0,0.522552
OG0002159,Oryza_sativa,1,-1,0.268992
OG0002159,Brachypodium_distachyon,2,0,0.62392
OG0002166,Avena_sativa,3,1,0.0565411
OG0002166,Arabidopsis_thaliana,1,-1,0.526493
OG0002166,Triticum_turgidum,0,-1,0.0115245
OG0002166,Zea_mays,1,-2,0.00408936
OG0002166,Sorghum_bicolor,11,8,5.11E-10
OG0002166,Hordeum_vulgare,1,0,0.522556
OG0002166,Triticum_aestivum,2,1,0.00386114
OG0002166,Oryza_sativa,1,-1,0.268992
OG0002166,Brachypodium_distachyon,4,2,0.0120187
OG0002167,Avena_sativa,2,0,0.601244
OG0002167,Arabidopsis_thaliana,1,-1,0.526493
OG0002167,Triticum_turgidum,3,0,0.522552
OG0002167,Zea_mays,6,3,0.000579131
OG0002167,Sorghum_bicolor,2,-1,0.18413
OG0002167,Hordeum_vulgare,3,0,0.563236
OG0002167,Triticum_aestivum,3,0,0.522552
OG0002167,Oryza_sativa,3,1,0.110464
OG0002167,Brachypodium_distachyon,1,-1,0.186225
OG0002168,Avena_sativa,2,-1,0.212567
OG0002168,Arabidopsis_thaliana,1,0,0.756301
OG0002168,Triticum_turgidum,3,0,0.522552
OG0002168,Zea_mays,3,1,0.0476668
OG0002168,Sorghum_bicolor,1,-1,0.130342
OG0002168,Hordeum_vulgare,4,1,0.0341793
OG0002168,Triticum_aestivum,3,0,0.522552
OG0002168,Oryza_sativa,2,0,0.678483
OG0002168,Brachypodium_distachyon,4,1,0.106012
OG0002169,Avena_sativa,2,0,0.601244
OG0002169,Arabidopsis_thaliana,2,0,0.83681
OG0002169,Triticum_turgidum,3,0,0.522552
OG0002169,Zea_mays,1,-1,0.130342
OG0002169,Sorghum_bicolor,3,1,0.0476668
OG0002169,Hordeum_vulgare,2,0,0.543596
OG0002169,Triticum_aestivum,4,1,0.0115823
OG0002169,Oryza_sativa,2,0,0.678483
OG0002169,Brachypodium_distachyon,3,1,0.0711731
OG0002170,Avena_sativa,2,0,0.601244
OG0002170,Arabidopsis_thaliana,2,0,0.83681
OG0002170,Triticum_turgidum,2,0,0.515209
OG0002170,Zea_mays,10,7,8.59E-09
OG0002170,Sorghum_bicolor,2,-1,0.18413
OG0002170,Hordeum_vulgare,2,0,0.543596
OG0002170,Triticum_aestivum,2,0,0.515209
OG0002170,Oryza_sativa,2,0,0.678483
OG0002170,Brachypodium_distachyon,2,0,0.62392
OG0002200,Avena_sativa,1,-1,0.15204
OG0002200,Arabidopsis_thaliana,13,10,5.52E-05
OG0002200,Triticum_turgidum,2,0,0.515209
OG0002200,Zea_mays,1,0,0.54662
OG0002200,Sorghum_bicolor,1,0,0.54662
OG0002200,Hordeum_vulgare,3,1,0.0228047
OG0002200,Triticum_aestivum,1,-1,0.0228136
OG0002200,Oryza_sativa,2,0,0.678483
OG0002200,Brachypodium_distachyon,2,0,0.62392
OG0002201,Avena_sativa,2,0,0.601244
OG0002201,Arabidopsis_thaliana,2,0,0.83681
OG0002201,Triticum_turgidum,2,0,0.515209
OG0002201,Zea_mays,4,2,0.00548055
OG0002201,Sorghum_bicolor,2,0,0.586825
OG0002201,Hordeum_vulgare,5,3,2.29E-05
OG0002201,Triticum_aestivum,2,0,0.515209
OG0002201,Oryza_sativa,1,-1,0.268992
OG0002201,Brachypodium_distachyon,2,0,0.62392
OG0002203,Avena_sativa,1,0,0.555086
OG0002203,Arabidopsis_thaliana,5,3,0.030694
OG0002203,Triticum_turgidum,4,0,0.529727
OG0002203,Zea_mays,2,0,0.586825
OG0002203,Sorghum_bicolor,4,2,0.00548055
OG0002203,Hordeum_vulgare,3,0,0.563236
OG0002203,Triticum_aestivum,4,0,0.529727
OG0002203,Oryza_sativa,0,-1,0.154715
OG0002203,Brachypodium_distachyon,0,-1,0.102088
OG0002204,Avena_sativa,2,-1,0.212567
OG0002204,Arabidopsis_thaliana,2,0,0.83681
OG0002204,Triticum_turgidum,1,0,0.507693
OG0002204,Zea_mays,6,2,0.0210788
OG0002204,Sorghum_bicolor,4,0,0.65174
OG0002204,Hordeum_vulgare,3,0,0.563236
OG0002204,Triticum_aestivum,1,0,0.507693
OG0002204,Oryza_sativa,3,0,0.730477
OG0002204,Brachypodium_distachyon,3,0,0.668125
OG0002211,Avena_sativa,2,0,0.601244
OG0002211,Arabidopsis_thaliana,3,1,0.294252
OG0002211,Triticum_turgidum,2,0,0.515209
OG0002211,Zea_mays,8,6,3.81E-08
OG0002211,Sorghum_bicolor,2,0,0.586825
OG0002211,Hordeum_vulgare,2,0,0.543596
OG0002211,Triticum_aestivum,2,0,0.515209
OG0002211,Oryza_sativa,2,0,0.678483
OG0002211,Brachypodium_distachyon,2,0,0.62392
OG0002217,Avena_sativa,2,0,0.601244
OG0002217,Arabidopsis_thaliana,1,0,0.756301
OG0002217,Triticum_turgidum,2,0,0.515209
OG0002217,Zea_mays,10,7,8.59E-09
OG0002217,Sorghum_bicolor,2,-1,0.18413
OG0002217,Hordeum_vulgare,2,0,0.543596
OG0002217,Triticum_aestivum,2,0,0.515209
OG0002217,Oryza_sativa,2,0,0.678483
OG0002217,Brachypodium_distachyon,2,0,0.62392
OG0002221,Avena_sativa,3,1,0.0565411
OG0002221,Arabidopsis_thaliana,1,0,0.756301
OG0002221,Triticum_turgidum,2,0,0.515209
OG0002221,Zea_mays,7,5,6.86E-07
OG0002221,Sorghum_bicolor,2,0,0.586825
OG0002221,Hordeum_vulgare,1,-1,0.0654064
OG0002221,Triticum_aestivum,2,0,0.515209
OG0002221,Oryza_sativa,3,1,0.110464
OG0002221,Brachypodium_distachyon,2,0,0.62392
OG0002223,Avena_sativa,1,-1,0.15204
OG0002223,Arabidopsis_thaliana,4,2,0.0815
OG0002223,Triticum_turgidum,4,1,0.0115823
OG0002223,Zea_mays,2,0,0.586825
OG0002223,Sorghum_bicolor,2,0,0.586825
OG0002223,Hordeum_vulgare,4,1,0.0341793
OG0002223,Triticum_aestivum,3,0,0.522552
OG0002223,Oryza_sativa,1,-1,0.268992
OG0002223,Brachypodium_distachyon,1,-1,0.186225
OG0002224,Avena_sativa,2,0,0.601244
OG0002224,Arabidopsis_thaliana,1,-1,0.526493
OG0002224,Triticum_turgidum,1,-1,0.0228136
OG0002224,Zea_mays,7,4,3.33E-05
OG0002224,Sorghum_bicolor,3,0,0.621591
OG0002224,Hordeum_vulgare,5,3,2.29E-05
OG0002224,Triticum_aestivum,2,0,0.515209
OG0002224,Oryza_sativa,3,0,0.730477
OG0002224,Brachypodium_distachyon,2,0,0.62392
OG0002228,Avena_sativa,2,0,0.601244
OG0002228,Arabidopsis_thaliana,2,0,0.83681
OG0002228,Triticum_turgidum,2,0,0.515209
OG0002228,Zea_mays,4,2,0.00548055
OG0002228,Sorghum_bicolor,2,0,0.586825
OG0002228,Hordeum_vulgare,6,4,6.53E-07
OG0002228,Triticum_aestivum,2,0,0.515209
OG0002228,Oryza_sativa,2,0,0.678483
OG0002228,Brachypodium_distachyon,2,0,0.62392
OG0002230,Avena_sativa,1,0,0.555086
OG0002230,Arabidopsis_thaliana,3,2,0.0414086
OG0002230,Triticum_turgidum,4,0,0.529727
OG0002230,Zea_mays,1,0,0.54662
OG0002230,Sorghum_bicolor,1,0,0.54662
OG0002230,Hordeum_vulgare,3,0,0.563236
OG0002230,Triticum_aestivum,5,1,0.0154401
OG0002230,Oryza_sativa,1,0,0.605212
OG0002230,Brachypodium_distachyon,1,0,0.56891
OG0002231,Avena_sativa,2,0,0.601244
OG0002231,Arabidopsis_thaliana,2,0,0.83681
OG0002231,Triticum_turgidum,2,0,0.515209
OG0002231,Zea_mays,5,2,0.0123196
OG0002231,Sorghum_bicolor,1,-2,0.00408936
OG0002231,Hordeum_vulgare,2,0,0.543596
OG0002231,Triticum_aestivum,3,1,0.00772228
OG0002231,Oryza_sativa,3,0,0.730477
OG0002231,Brachypodium_distachyon,3,0,0.668125
OG0002234,Avena_sativa,2,0,0.601244
OG0002234,Arabidopsis_thaliana,2,0,0.83681
OG0002234,Triticum_turgidum,2,0,0.515209
OG0002234,Zea_mays,6,4,1.20E-05
OG0002234,Sorghum_bicolor,2,0,0.586825
OG0002234,Hordeum_vulgare,4,2,0.0012774
OG0002234,Triticum_aestivum,2,0,0.515209
OG0002234,Oryza_sativa,2,0,0.678483
OG0002234,Brachypodium_distachyon,3,1,0.0711731
OG0002236,Avena_sativa,4,2,0.00766286
OG0002236,Arabidopsis_thaliana,5,3,0.030694
OG0002236,Triticum_turgidum,1,-1,0.0228136
OG0002236,Zea_mays,1,-1,0.130342
OG0002236,Sorghum_bicolor,2,0,0.586825
OG0002236,Hordeum_vulgare,3,1,0.0228047
OG0002236,Triticum_aestivum,2,0,0.515209
OG0002236,Oryza_sativa,1,-1,0.268992
OG0002236,Brachypodium_distachyon,2,0,0.62392
OG0002241,Avena_sativa,3,1,0.0565411
OG0002241,Arabidopsis_thaliana,3,1,0.294252
OG0002241,Triticum_turgidum,2,0,0.515209
OG0002241,Zea_mays,3,1,0.0476668
OG0002241,Sorghum_bicolor,2,0,0.586825
OG0002241,Hordeum_vulgare,0,-2,0.000304881
OG0002241,Triticum_aestivum,3,1,0.00772228
OG0002241,Oryza_sativa,2,0,0.678483
OG0002241,Brachypodium_distachyon,3,1,0.0711731
OG0002248,Avena_sativa,1,-1,0.15204
OG0002248,Arabidopsis_thaliana,3,1,0.294252
OG0002248,Triticum_turgidum,3,1,0.00772228
OG0002248,Zea_mays,6,3,0.000579131
OG0002248,Sorghum_bicolor,3,0,0.621591
OG0002248,Hordeum_vulgare,2,0,0.543596
OG0002248,Triticum_aestivum,2,0,0.515209
OG0002248,Oryza_sativa,1,-1,0.268992
OG0002248,Brachypodium_distachyon,3,1,0.0711731
OG0002250,Avena_sativa,2,0,0.601244
OG0002250,Arabidopsis_thaliana,3,1,0.294252
OG0002250,Triticum_turgidum,2,-1,0.033873
OG0002250,Zea_mays,3,1,0.0476668
OG0002250,Sorghum_bicolor,2,0,0.586825
OG0002250,Hordeum_vulgare,4,1,0.0341793
OG0002250,Triticum_aestivum,3,0,0.522552
OG0002250,Oryza_sativa,1,-1,0.268992
OG0002250,Brachypodium_distachyon,1,-1,0.186225
OG0002251,Avena_sativa,3,1,0.0565411
OG0002251,Arabidopsis_thaliana,3,1,0.294252
OG0002251,Triticum_turgidum,1,-1,0.0228136
OG0002251,Zea_mays,3,1,0.0476668
OG0002251,Sorghum_bicolor,2,0,0.586825
OG0002251,Hordeum_vulgare,2,0,0.543596
OG0002251,Triticum_aestivum,3,1,0.00772228
OG0002251,Oryza_sativa,2,0,0.678483
OG0002251,Brachypodium_distachyon,2,0,0.62392
OG0002253,Avena_sativa,2,0,0.601244
OG0002253,Arabidopsis_thaliana,2,0,0.83681
OG0002253,Triticum_turgidum,2,-1,0.033873
OG0002253,Zea_mays,5,2,0.0123196
OG0002253,Sorghum_bicolor,3,0,0.621591
OG0002253,Hordeum_vulgare,4,1,0.0341793
OG0002253,Triticum_aestivum,3,0,0.522552
OG0002253,Oryza_sativa,2,0,0.678483
OG0002253,Brachypodium_distachyon,2,0,0.62392
OG0002257,Avena_sativa,2,0,0.601244
OG0002257,Arabidopsis_thaliana,3,1,0.294252
OG0002257,Triticum_turgidum,2,0,0.515209
OG0002257,Zea_mays,3,1,0.0476668
OG0002257,Sorghum_bicolor,2,0,0.586825
OG0002257,Hordeum_vulgare,0,-2,0.000304881
OG0002257,Triticum_aestivum,4,2,0.000148177
OG0002257,Oryza_sativa,2,0,0.678483
OG0002257,Brachypodium_distachyon,2,0,0.62392
OG0002258,Avena_sativa,2,0,0.601244
OG0002258,Arabidopsis_thaliana,3,1,0.294252
OG0002258,Triticum_turgidum,3,0,0.522552
OG0002258,Zea_mays,3,0,0.621591
OG0002258,Sorghum_bicolor,4,1,0.0712625
OG0002258,Hordeum_vulgare,0,-2,0.000304881
OG0002258,Triticum_aestivum,3,0,0.522552
OG0002258,Oryza_sativa,1,-1,0.268992
OG0002258,Brachypodium_distachyon,2,0,0.62392
OG0002264,Avena_sativa,1,0,0.555086
OG0002264,Arabidopsis_thaliana,1,0,0.756301
OG0002264,Triticum_turgidum,6,2,0.000637864
OG0002264,Zea_mays,2,1,0.0238258
OG0002264,Sorghum_bicolor,1,0,0.54662
OG0002264,Hordeum_vulgare,1,0,0.522556
OG0002264,Triticum_aestivum,4,0,0.529727
OG0002264,Oryza_sativa,0,-1,0.154715
OG0002264,Brachypodium_distachyon,1,0,0.56891
OG0002265,Avena_sativa,1,-1,0.15204
OG0002265,Arabidopsis_thaliana,6,4,0.0111044
OG0002265,Triticum_turgidum,4,1,0.0115823
OG0002265,Zea_mays,1,-1,0.130342
OG0002265,Sorghum_bicolor,2,0,0.586825
OG0002265,Hordeum_vulgare,2,0,0.543596
OG0002265,Triticum_aestivum,3,0,0.522552
OG0002265,Oryza_sativa,0,-2,0.0102411
OG0002265,Brachypodium_distachyon,2,0,0.62392
OG0002267,Avena_sativa,2,0,0.601244
OG0002267,Arabidopsis_thaliana,1,0,0.756301
OG0002267,Triticum_turgidum,4,0,0.529727
OG0002267,Zea_mays,1,0,0.54662
OG0002267,Sorghum_bicolor,1,0,0.54662
OG0002267,Hordeum_vulgare,1,-1,0.0654064
OG0002267,Triticum_aestivum,4,0,0.529727
OG0002267,Oryza_sativa,2,0,0.678483
OG0002267,Brachypodium_distachyon,2,0,0.62392
OG0002269,Avena_sativa,0,-2,0.00222918
OG0002269,Arabidopsis_thaliana,2,0,0.83681
OG0002269,Triticum_turgidum,0,-2,3.16E-05
OG0002269,Zea_mays,20,17,2.48E-21
OG0002269,Sorghum_bicolor,2,-1,0.18413
OG0002269,Hordeum_vulgare,2,0,0.543596
OG0002269,Triticum_aestivum,2,0,0.515209
OG0002269,Oryza_sativa,2,0,0.678483
OG0002269,Brachypodium_distachyon,1,-1,0.186225
OG0002272,Avena_sativa,2,0,0.601244
OG0002272,Arabidopsis_thaliana,1,0,0.756301
OG0002272,Triticum_turgidum,3,0,0.522552
OG0002272,Zea_mays,4,1,0.0712625
OG0002272,Sorghum_bicolor,3,0,0.621591
OG0002272,Hordeum_vulgare,0,-2,0.000304881
OG0002272,Triticum_aestivum,3,0,0.522552
OG0002272,Oryza_sativa,2,0,0.678483
OG0002272,Brachypodium_distachyon,3,1,0.0711731
OG0002275,Avena_sativa,2,-1,0.212567
OG0002275,Arabidopsis_thaliana,3,0,0.871099
OG0002275,Triticum_turgidum,1,-2,9.30E-05
OG0002275,Zea_mays,3,0,0.621591
OG0002275,Sorghum_bicolor,3,0,0.621591
OG0002275,Hordeum_vulgare,3,0,0.563236
OG0002275,Triticum_aestivum,3,0,0.522552
OG0002275,Oryza_sativa,3,0,0.730477
OG0002275,Brachypodium_distachyon,4,1,0.106012
OG0002278,Avena_sativa,2,0,0.601244
OG0002278,Arabidopsis_thaliana,1,0,0.756301
OG0002278,Triticum_turgidum,2,-1,0.033873
OG0002278,Zea_mays,2,0,0.586825
OG0002278,Sorghum_bicolor,1,-1,0.130342
OG0002278,Hordeum_vulgare,4,1,0.0341793
OG0002278,Triticum_aestivum,4,1,0.0115823
OG0002278,Oryza_sativa,2,0,0.678483
OG0002278,Brachypodium_distachyon,2,0,0.62392
OG0002279,Avena_sativa,0,-2,0.00222918
OG0002279,Arabidopsis_thaliana,1,0,0.756301
OG0002279,Triticum_turgidum,5,1,0.0154401
OG0002279,Zea_mays,2,0,0.586825
OG0002279,Sorghum_bicolor,1,-1,0.130342
OG0002279,Hordeum_vulgare,4,0,0.581577
OG0002279,Triticum_aestivum,4,0,0.529727
OG0002279,Oryza_sativa,1,-1,0.268992
OG0002279,Brachypodium_distachyon,2,0,0.62392
OG0002281,Avena_sativa,1,0,0.555086
OG0002281,Arabidopsis_thaliana,1,0,0.756301
OG0002281,Triticum_turgidum,1,0,0.507693
OG0002281,Zea_mays,21,19,7.26E-25
OG0002281,Sorghum_bicolor,1,-1,0.130342
OG0002281,Hordeum_vulgare,1,0,0.522556
OG0002281,Triticum_aestivum,1,0,0.507693
OG0002281,Oryza_sativa,1,0,0.605212
OG0002281,Brachypodium_distachyon,1,0,0.56891
OG0002282,Avena_sativa,3,1,0.0565411
OG0002282,Arabidopsis_thaliana,2,0,0.83681
OG0002282,Triticum_turgidum,2,0,0.515209
OG0002282,Zea_mays,2,0,0.586825
OG0002282,Sorghum_bicolor,2,0,0.586825
OG0002282,Hordeum_vulgare,1,-1,0.0654064
OG0002282,Triticum_aestivum,2,0,0.515209
OG0002282,Oryza_sativa,8,6,5.41E-06
OG0002282,Brachypodium_distachyon,2,0,0.62392
OG0002288,Avena_sativa,3,1,0.0565411
OG0002288,Arabidopsis_thaliana,2,0,0.83681
OG0002288,Triticum_turgidum,4,1,0.0115823
OG0002288,Zea_mays,2,0,0.586825
OG0002288,Sorghum_bicolor,2,0,0.586825
OG0002288,Hordeum_vulgare,2,0,0.543596
OG0002288,Triticum_aestivum,3,0,0.522552
OG0002288,Oryza_sativa,0,-2,0.0102411
OG0002288,Brachypodium_distachyon,2,0,0.62392
OG0002291,Avena_sativa,1,0,0.555086
OG0002291,Arabidopsis_thaliana,1,0,0.756301
OG0002291,Triticum_turgidum,2,0,0.515209
OG0002291,Zea_mays,17,15,1.12E-19
OG0002291,Sorghum_bicolor,0,-2,0.001522
OG0002291,Hordeum_vulgare,0,-1,0.0337031
OG0002291,Triticum_aestivum,2,0,0.515209
OG0002291,Oryza_sativa,0,-1,0.154715
OG0002291,Brachypodium_distachyon,2,1,0.0355493
OG0002292,Avena_sativa,1,-1,0.15204
OG0002292,Arabidopsis_thaliana,1,0,0.756301
OG0002292,Triticum_turgidum,4,1,0.0115823
OG0002292,Zea_mays,11,9,5.91E-12
OG0002292,Sorghum_bicolor,1,-1,0.130342
OG0002292,Hordeum_vulgare,0,-2,0.000304881
OG0002292,Triticum_aestivum,3,0,0.522552
OG0002292,Oryza_sativa,0,-2,0.0102411
OG0002292,Brachypodium_distachyon,3,1,0.0711731
OG0002321,Avena_sativa,2,0,0.601244
OG0002321,Arabidopsis_thaliana,2,0,0.83681
OG0002321,Triticum_turgidum,3,0,0.522552
OG0002321,Zea_mays,4,2,0.00548055
OG0002321,Sorghum_bicolor,2,0,0.586825
OG0002321,Hordeum_vulgare,3,0,0.563236
OG0002321,Triticum_aestivum,2,-1,0.033873
OG0002321,Oryza_sativa,1,-1,0.268992
OG0002321,Brachypodium_distachyon,2,0,0.62392
OG0002323,Avena_sativa,0,-3,0.000210169
OG0002323,Arabidopsis_thaliana,1,-1,0.526493
OG0002323,Triticum_turgidum,4,0,0.529727
OG0002323,Zea_mays,2,0,0.586825
OG0002323,Sorghum_bicolor,2,0,0.586825
OG0002323,Hordeum_vulgare,3,0,0.563236
OG0002323,Triticum_aestivum,4,0,0.529727
OG0002323,Oryza_sativa,3,0,0.730477
OG0002323,Brachypodium_distachyon,3,0,0.668125
OG0002329,Avena_sativa,3,0,0.640072
OG0002329,Arabidopsis_thaliana,1,0,0.756301
OG0002329,Triticum_turgidum,3,0,0.522552
OG0002329,Zea_mays,1,-1,0.130342
OG0002329,Sorghum_bicolor,2,0,0.586825
OG0002329,Hordeum_vulgare,4,1,0.0341793
OG0002329,Triticum_aestivum,2,-1,0.033873
OG0002329,Oryza_sativa,2,0,0.678483
OG0002329,Brachypodium_distachyon,2,0,0.62392
OG0002331,Avena_sativa,2,0,0.601244
OG0002331,Arabidopsis_thaliana,1,0,0.756301
OG0002331,Triticum_turgidum,2,0,0.515209
OG0002331,Zea_mays,9,7,2.08E-09
OG0002331,Sorghum_bicolor,1,-1,0.130342
OG0002331,Hordeum_vulgare,1,-1,0.0654064
OG0002331,Triticum_aestivum,2,0,0.515209
OG0002331,Oryza_sativa,3,1,0.110464
OG0002331,Brachypodium_distachyon,1,-1,0.186225
OG0002336,Avena_sativa,3,0,0.640072
OG0002336,Arabidopsis_thaliana,1,-1,0.526493
OG0002336,Triticum_turgidum,1,-1,0.0228136
OG0002336,Zea_mays,3,1,0.0476668
OG0002336,Sorghum_bicolor,2,0,0.586825
OG0002336,Hordeum_vulgare,0,-2,0.000304881
OG0002336,Triticum_aestivum,3,1,0.00772228
OG0002336,Oryza_sativa,2,0,0.678483
OG0002336,Brachypodium_distachyon,5,2,0.0261507
OG0002339,Avena_sativa,2,0,0.601244
OG0002339,Arabidopsis_thaliana,2,0,0.83681
OG0002339,Triticum_turgidum,2,0,0.515209
OG0002339,Zea_mays,5,2,0.0123196
OG0002339,Sorghum_bicolor,2,-1,0.18413
OG0002339,Hordeum_vulgare,2,0,0.543596
OG0002339,Triticum_aestivum,1,-1,0.0228136
OG0002339,Oryza_sativa,7,4,0.000791187
OG0002339,Brachypodium_distachyon,2,0,0.62392
OG0002340,Avena_sativa,2,0,0.601244
OG0002340,Arabidopsis_thaliana,2,0,0.83681
OG0002340,Triticum_turgidum,2,0,0.515209
OG0002340,Zea_mays,8,6,3.81E-08
OG0002340,Sorghum_bicolor,2,0,0.586825
OG0002340,Hordeum_vulgare,2,0,0.543596
OG0002340,Triticum_aestivum,2,0,0.515209
OG0002340,Oryza_sativa,2,0,0.678483
OG0002340,Brachypodium_distachyon,2,0,0.62392
OG0002341,Avena_sativa,2,0,0.601244
OG0002341,Arabidopsis_thaliana,1,0,0.756301
OG0002341,Triticum_turgidum,2,0,0.515209
OG0002341,Zea_mays,10,7,8.59E-09
OG0002341,Sorghum_bicolor,2,-1,0.18413
OG0002341,Hordeum_vulgare,2,0,0.543596
OG0002341,Triticum_aestivum,2,0,0.515209
OG0002341,Oryza_sativa,2,0,0.678483
OG0002341,Brachypodium_distachyon,2,0,0.62392
OG0002348,Avena_sativa,2,0,0.601244
OG0002348,Arabidopsis_thaliana,3,1,0.294252
OG0002348,Triticum_turgidum,2,0,0.515209
OG0002348,Zea_mays,7,5,6.86E-07
OG0002348,Sorghum_bicolor,2,0,0.586825
OG0002348,Hordeum_vulgare,2,0,0.543596
OG0002348,Triticum_aestivum,2,0,0.515209
OG0002348,Oryza_sativa,2,0,0.678483
OG0002348,Brachypodium_distachyon,1,-1,0.186225
OG0002349,Avena_sativa,2,0,0.601244
OG0002349,Arabidopsis_thaliana,2,0,0.83681
OG0002349,Triticum_turgidum,2,0,0.515209
OG0002349,Zea_mays,7,5,6.86E-07
OG0002349,Sorghum_bicolor,2,0,0.586825
OG0002349,Hordeum_vulgare,2,0,0.543596
OG0002349,Triticum_aestivum,2,0,0.515209
OG0002349,Oryza_sativa,2,0,0.678483
OG0002349,Brachypodium_distachyon,2,0,0.62392
OG0002350,Avena_sativa,3,0,0.640072
OG0002350,Arabidopsis_thaliana,3,0,0.871099
OG0002350,Triticum_turgidum,2,0,0.515209
OG0002350,Zea_mays,4,1,0.0712625
OG0002350,Sorghum_bicolor,3,0,0.621591
OG0002350,Hordeum_vulgare,0,-2,0.000304881
OG0002350,Triticum_aestivum,2,0,0.515209
OG0002350,Oryza_sativa,2,-1,0.355122
OG0002350,Brachypodium_distachyon,3,0,0.668125
OG0002357,Avena_sativa,2,0,0.601244
OG0002357,Arabidopsis_thaliana,3,1,0.294252
OG0002357,Triticum_turgidum,1,-1,0.0228136
OG0002357,Zea_mays,8,6,3.81E-08
OG0002357,Sorghum_bicolor,2,0,0.586825
OG0002357,Hordeum_vulgare,3,1,0.0228047
OG0002357,Triticum_aestivum,2,0,0.515209
OG0002357,Oryza_sativa,1,-1,0.268992
OG0002357,Brachypodium_distachyon,2,0,0.62392
OG0002358,Avena_sativa,2,0,0.601244
OG0002358,Arabidopsis_thaliana,2,0,0.83681
OG0002358,Triticum_turgidum,2,0,0.515209
OG0002358,Zea_mays,7,5,6.86E-07
OG0002358,Sorghum_bicolor,2,0,0.586825
OG0002358,Hordeum_vulgare,2,0,0.543596
OG0002358,Triticum_aestivum,2,0,0.515209
OG0002358,Oryza_sativa,2,0,0.678483
OG0002358,Brachypodium_distachyon,2,0,0.62392
OG0002359,Avena_sativa,2,0,0.601244
OG0002359,Arabidopsis_thaliana,1,0,0.756301
OG0002359,Triticum_turgidum,3,0,0.522552
OG0002359,Zea_mays,5,3,0.00020209
OG0002359,Sorghum_bicolor,1,-1,0.130342
OG0002359,Hordeum_vulgare,2,0,0.543596
OG0002359,Triticum_aestivum,3,0,0.522552
OG0002359,Oryza_sativa,1,-1,0.268992
OG0002359,Brachypodium_distachyon,2,0,0.62392
OG0002363,Avena_sativa,2,0,0.601244
OG0002363,Arabidopsis_thaliana,1,0,0.756301
OG0002363,Triticum_turgidum,2,0,0.515209
OG0002363,Zea_mays,2,0,0.586825
OG0002363,Sorghum_bicolor,2,0,0.586825
OG0002363,Hordeum_vulgare,2,0,0.543596
OG0002363,Triticum_aestivum,2,0,0.515209
OG0002363,Oryza_sativa,3,1,0.110464
OG0002363,Brachypodium_distachyon,7,5,4.92E-06
OG0002368,Avena_sativa,2,-1,0.212567
OG0002368,Arabidopsis_thaliana,2,0,0.83681
OG0002368,Triticum_turgidum,1,-2,9.30E-05
OG0002368,Zea_mays,2,-1,0.18413
OG0002368,Sorghum_bicolor,3,0,0.621591
OG0002368,Hordeum_vulgare,3,0,0.563236
OG0002368,Triticum_aestivum,3,0,0.522552
OG0002368,Oryza_sativa,2,-1,0.355122
OG0002368,Brachypodium_distachyon,3,0,0.668125
OG0002369,Avena_sativa,3,1,0.0565411
OG0002369,Arabidopsis_thaliana,1,0,0.756301
OG0002369,Triticum_turgidum,4,1,0.0115823
OG0002369,Zea_mays,3,1,0.0476668
OG0002369,Sorghum_bicolor,2,0,0.586825
OG0002369,Hordeum_vulgare,0,-2,0.000304881
OG0002369,Triticum_aestivum,3,0,0.522552
OG0002369,Oryza_sativa,1,-1,0.268992
OG0002369,Brachypodium_distachyon,2,0,0.62392
OG0002376,Avena_sativa,1,0,0.555086
OG0002376,Arabidopsis_thaliana,1,0,0.756301
OG0002376,Triticum_turgidum,4,0,0.529727
OG0002376,Zea_mays,1,0,0.54662
OG0002376,Sorghum_bicolor,1,0,0.54662
OG0002376,Hordeum_vulgare,1,0,0.522556
OG0002376,Triticum_aestivum,5,1,0.0154401
OG0002376,Oryza_sativa,1,0,0.605212
OG0002376,Brachypodium_distachyon,1,0,0.56891
OG0002378,Avena_sativa,1,0,0.555086
OG0002378,Arabidopsis_thaliana,2,1,0.137178
OG0002378,Triticum_turgidum,2,0,0.515209
OG0002378,Zea_mays,10,9,6.45E-13
OG0002378,Sorghum_bicolor,1,0,0.54662
OG0002378,Hordeum_vulgare,1,0,0.522556
OG0002378,Triticum_aestivum,3,1,0.00772228
OG0002378,Oryza_sativa,0,-1,0.154715
OG0002378,Brachypodium_distachyon,1,0,0.56891
OG0002379,Avena_sativa,2,0,0.601244
OG0002379,Arabidopsis_thaliana,3,0,0.871099
OG0002379,Triticum_turgidum,2,0,0.515209
OG0002379,Zea_mays,3,0,0.621591
OG0002379,Sorghum_bicolor,3,0,0.621591
OG0002379,Hordeum_vulgare,0,-2,0.000304881
OG0002379,Triticum_aestivum,3,1,0.00772228
OG0002379,Oryza_sativa,3,0,0.730477
OG0002379,Brachypodium_distachyon,3,0,0.668125
OG0002383,Avena_sativa,3,0,0.640072
OG0002383,Arabidopsis_thaliana,2,0,0.83681
OG0002383,Triticum_turgidum,2,0,0.515209
OG0002383,Zea_mays,3,0,0.621591
OG0002383,Sorghum_bicolor,3,0,0.621591
OG0002383,Hordeum_vulgare,0,-2,0.000304881
OG0002383,Triticum_aestivum,2,0,0.515209
OG0002383,Oryza_sativa,2,-1,0.355122
OG0002383,Brachypodium_distachyon,5,2,0.0261507
OG0002384,Avena_sativa,2,0,0.601244
OG0002384,Arabidopsis_thaliana,2,0,0.83681
OG0002384,Triticum_turgidum,2,0,0.515209
OG0002384,Zea_mays,7,5,6.86E-07
OG0002384,Sorghum_bicolor,2,0,0.586825
OG0002384,Hordeum_vulgare,2,0,0.543596
OG0002384,Triticum_aestivum,2,0,0.515209
OG0002384,Oryza_sativa,2,0,0.678483
OG0002384,Brachypodium_distachyon,2,0,0.62392
OG0002386,Avena_sativa,2,0,0.601244
OG0002386,Arabidopsis_thaliana,2,0,0.83681
OG0002386,Triticum_turgidum,0,-2,3.16E-05
OG0002386,Zea_mays,8,5,2.21E-06
OG0002386,Sorghum_bicolor,3,0,0.621591
OG0002386,Hordeum_vulgare,2,0,0.543596
OG0002386,Triticum_aestivum,2,0,0.515209
OG0002386,Oryza_sativa,2,0,0.678483
OG0002386,Brachypodium_distachyon,2,0,0.62392
OG0002387,Avena_sativa,2,0,0.601244
OG0002387,Arabidopsis_thaliana,2,0,0.83681
OG0002387,Triticum_turgidum,2,0,0.515209
OG0002387,Zea_mays,3,0,0.621591
OG0002387,Sorghum_bicolor,3,0,0.621591
OG0002387,Hordeum_vulgare,0,-2,0.000304881
OG0002387,Triticum_aestivum,3,1,0.00772228
OG0002387,Oryza_sativa,2,0,0.678483
OG0002387,Brachypodium_distachyon,3,1,0.0711731
OG0002388,Avena_sativa,1,-2,0.00588216
OG0002388,Arabidopsis_thaliana,1,-1,0.526493
OG0002388,Triticum_turgidum,2,-1,0.033873
OG0002388,Zea_mays,9,6,1.40E-07
OG0002388,Sorghum_bicolor,2,-1,0.18413
OG0002388,Hordeum_vulgare,3,0,0.563236
OG0002388,Triticum_aestivum,3,0,0.522552
OG0002388,Oryza_sativa,1,-2,0.0244268
OG0002388,Brachypodium_distachyon,3,0,0.668125
OG0002389,Avena_sativa,1,-1,0.15204
OG0002389,Arabidopsis_thaliana,2,0,0.83681
OG0002389,Triticum_turgidum,2,0,0.515209
OG0002389,Zea_mays,10,7,8.59E-09
OG0002389,Sorghum_bicolor,3,0,0.621591
OG0002389,Hordeum_vulgare,2,0,0.543596
OG0002389,Triticum_aestivum,2,0,0.515209
OG0002389,Oryza_sativa,2,0,0.678483
OG0002389,Brachypodium_distachyon,2,0,0.62392
OG0002390,Avena_sativa,2,0,0.601244
OG0002390,Arabidopsis_thaliana,1,-1,0.526493
OG0002390,Triticum_turgidum,2,0,0.515209
OG0002390,Zea_mays,8,5,2.21E-06
OG0002390,Sorghum_bicolor,2,-1,0.18413
OG0002390,Hordeum_vulgare,2,0,0.543596
OG0002390,Triticum_aestivum,2,0,0.515209
OG0002390,Oryza_sativa,3,0,0.730477
OG0002390,Brachypodium_distachyon,3,0,0.668125
OG0002394,Avena_sativa,2,0,0.601244
OG0002394,Arabidopsis_thaliana,1,0,0.756301
OG0002394,Triticum_turgidum,2,0,0.515209
OG0002394,Zea_mays,4,1,0.0712625
OG0002394,Sorghum_bicolor,3,0,0.621591
OG0002394,Hordeum_vulgare,0,-2,0.000304881
OG0002394,Triticum_aestivum,3,1,0.00772228
OG0002394,Oryza_sativa,2,0,0.678483
OG0002394,Brachypodium_distachyon,3,1,0.0711731
OG0002395,Avena_sativa,4,1,0.0844237
OG0002395,Arabidopsis_thaliana,2,0,0.83681
OG0002395,Triticum_turgidum,2,0,0.515209
OG0002395,Zea_mays,7,4,3.33E-05
OG0002395,Sorghum_bicolor,2,-1,0.18413
OG0002395,Hordeum_vulgare,0,-2,0.000304881
OG0002395,Triticum_aestivum,1,-1,0.0228136
OG0002395,Oryza_sativa,3,0,0.730477
OG0002395,Brachypodium_distachyon,3,0,0.668125
OG0002397,Avena_sativa,1,-2,0.00588216
OG0002397,Arabidopsis_thaliana,1,-1,0.526493
OG0002397,Triticum_turgidum,2,-1,0.033873
OG0002397,Zea_mays,7,4,3.33E-05
OG0002397,Sorghum_bicolor,2,-1,0.18413
OG0002397,Hordeum_vulgare,3,0,0.563236
OG0002397,Triticum_aestivum,3,0,0.522552
OG0002397,Oryza_sativa,2,-1,0.355122
OG0002397,Brachypodium_distachyon,3,0,0.668125
OG0002399,Avena_sativa,3,1,0.0565411
OG0002399,Arabidopsis_thaliana,1,0,0.756301
OG0002399,Triticum_turgidum,2,0,0.515209
OG0002399,Zea_mays,7,4,3.33E-05
OG0002399,Sorghum_bicolor,3,0,0.621591
OG0002399,Hordeum_vulgare,1,-1,0.0654064
OG0002399,Triticum_aestivum,1,-1,0.0228136
OG0002399,Oryza_sativa,2,0,0.678483
OG0002399,Brachypodium_distachyon,2,0,0.62392
OG0002400,Avena_sativa,2,0,0.601244
OG0002400,Arabidopsis_thaliana,2,0,0.83681
OG0002400,Triticum_turgidum,4,2,0.000148177
OG0002400,Zea_mays,3,1,0.0476668
OG0002400,Sorghum_bicolor,2,0,0.586825
OG0002400,Hordeum_vulgare,2,0,0.543596
OG0002400,Triticum_aestivum,2,0,0.515209
OG0002400,Oryza_sativa,2,0,0.678483
OG0002400,Brachypodium_distachyon,3,1,0.0711731
OG0002401,Avena_sativa,2,0,0.601244
OG0002401,Arabidopsis_thaliana,2,0,0.83681
OG0002401,Triticum_turgidum,3,0,0.522552
OG0002401,Zea_mays,3,1,0.0476668
OG0002401,Sorghum_bicolor,2,0,0.586825
OG0002401,Hordeum_vulgare,0,-2,0.000304881
OG0002401,Triticum_aestivum,3,0,0.522552
OG0002401,Oryza_sativa,2,0,0.678483
OG0002401,Brachypodium_distachyon,2,0,0.62392
OG0002402,Avena_sativa,2,0,0.601244
OG0002402,Arabidopsis_thaliana,1,0,0.756301
OG0002402,Triticum_turgidum,2,0,0.515209
OG0002402,Zea_mays,8,6,3.81E-08
OG0002402,Sorghum_bicolor,2,0,0.586825
OG0002402,Hordeum_vulgare,2,0,0.543596
OG0002402,Triticum_aestivum,2,0,0.515209
OG0002402,Oryza_sativa,2,0,0.678483
OG0002402,Brachypodium_distachyon,2,0,0.62392
OG0002404,Avena_sativa,2,0,0.601244
OG0002404,Arabidopsis_thaliana,1,0,0.756301
OG0002404,Triticum_turgidum,2,0,0.515209
OG0002404,Zea_mays,6,4,1.20E-05
OG0002404,Sorghum_bicolor,2,0,0.586825
OG0002404,Hordeum_vulgare,3,1,0.0228047
OG0002404,Triticum_aestivum,2,0,0.515209
OG0002404,Oryza_sativa,2,0,0.678483
OG0002404,Brachypodium_distachyon,2,0,0.62392
OG0002408,Avena_sativa,3,1,0.0565411
OG0002408,Arabidopsis_thaliana,1,-1,0.526493
OG0002408,Triticum_turgidum,2,1,0.00386114
OG0002408,Zea_mays,8,5,2.21E-06
OG0002408,Sorghum_bicolor,2,-1,0.18413
OG0002408,Hordeum_vulgare,0,-1,0.0337031
OG0002408,Triticum_aestivum,1,0,0.507693
OG0002408,Oryza_sativa,0,-2,0.0102411
OG0002408,Brachypodium_distachyon,4,2,0.0120187
OG0002436,Avena_sativa,2,0,0.601244
OG0002436,Arabidopsis_thaliana,1,0,0.756301
OG0002436,Triticum_turgidum,4,0,0.529727
OG0002436,Zea_mays,0,-1,0.0693598
OG0002436,Sorghum_bicolor,1,0,0.54662
OG0002436,Hordeum_vulgare,1,-1,0.0654064
OG0002436,Triticum_aestivum,4,0,0.529727
OG0002436,Oryza_sativa,1,0,0.605212
OG0002436,Brachypodium_distachyon,1,0,0.56891
OG0002442,Avena_sativa,2,0,0.601244
OG0002442,Arabidopsis_thaliana,1,-1,0.526493
OG0002442,Triticum_turgidum,2,0,0.515209
OG0002442,Zea_mays,3,0,0.621591
OG0002442,Sorghum_bicolor,4,1,0.0712625
OG0002442,Hordeum_vulgare,5,3,2.29E-05
OG0002442,Triticum_aestivum,1,-1,0.0228136
OG0002442,Oryza_sativa,3,0,0.730477
OG0002442,Brachypodium_distachyon,2,0,0.62392
OG0002443,Avena_sativa,2,0,0.601244
OG0002443,Arabidopsis_thaliana,1,0,0.756301
OG0002443,Triticum_turgidum,3,0,0.522552
OG0002443,Zea_mays,1,0,0.54662
OG0002443,Sorghum_bicolor,4,3,5.43E-05
OG0002443,Hordeum_vulgare,2,0,0.543596
OG0002443,Triticum_aestivum,3,0,0.522552
OG0002443,Oryza_sativa,1,0,0.605212
OG0002443,Brachypodium_distachyon,1,0,0.56891
OG0002444,Avena_sativa,2,0,0.601244
OG0002444,Arabidopsis_thaliana,1,0,0.756301
OG0002444,Triticum_turgidum,4,1,0.0115823
OG0002444,Zea_mays,1,0,0.54662
OG0002444,Sorghum_bicolor,1,0,0.54662
OG0002444,Hordeum_vulgare,4,1,0.0341793
OG0002444,Triticum_aestivum,3,0,0.522552
OG0002444,Oryza_sativa,1,0,0.605212
OG0002444,Brachypodium_distachyon,1,0,0.56891
OG0002448,Avena_sativa,0,-1,0.0818261
OG0002448,Arabidopsis_thaliana,10,7,0.00117825
OG0002448,Triticum_turgidum,0,-1,0.0115245
OG0002448,Zea_mays,1,-1,0.130342
OG0002448,Sorghum_bicolor,2,0,0.586825
OG0002448,Hordeum_vulgare,1,0,0.522556
OG0002448,Triticum_aestivum,2,1,0.00386114
OG0002448,Oryza_sativa,11,9,1.06E-08
OG0002448,Brachypodium_distachyon,0,-1,0.102088
OG0002450,Avena_sativa,2,0,0.601244
OG0002450,Arabidopsis_thaliana,9,6,0.00314982
OG0002450,Triticum_turgidum,0,-1,0.0115245
OG0002450,Zea_mays,2,0,0.586825
OG0002450,Sorghum_bicolor,2,0,0.586825
OG0002450,Hordeum_vulgare,0,-1,0.0337031
OG0002450,Triticum_aestivum,3,2,2.98E-05
OG0002450,Oryza_sativa,0,-2,0.0102411
OG0002450,Brachypodium_distachyon,3,1,0.0711731
OG0002451,Avena_sativa,2,0,0.601244
OG0002451,Arabidopsis_thaliana,1,-1,0.526493
OG0002451,Triticum_turgidum,2,0,0.515209
OG0002451,Zea_mays,6,3,0.000579131
OG0002451,Sorghum_bicolor,2,-1,0.18413
OG0002451,Hordeum_vulgare,2,0,0.543596
OG0002451,Triticum_aestivum,2,0,0.515209
OG0002451,Oryza_sativa,3,0,0.730477
OG0002451,Brachypodium_distachyon,3,0,0.668125
OG0002453,Avena_sativa,2,0,0.601244
OG0002453,Arabidopsis_thaliana,1,0,0.756301
OG0002453,Triticum_turgidum,2,0,0.515209
OG0002453,Zea_mays,7,5,6.86E-07
OG0002453,Sorghum_bicolor,2,0,0.586825
OG0002453,Hordeum_vulgare,2,0,0.543596
OG0002453,Triticum_aestivum,2,0,0.515209
OG0002453,Oryza_sativa,2,0,0.678483
OG0002453,Brachypodium_distachyon,2,0,0.62392
OG0002461,Avena_sativa,1,-1,0.15204
OG0002461,Arabidopsis_thaliana,3,1,0.294252
OG0002461,Triticum_turgidum,3,0,0.522552
OG0002461,Zea_mays,3,1,0.0476668
OG0002461,Sorghum_bicolor,2,0,0.586825
OG0002461,Hordeum_vulgare,4,1,0.0341793
OG0002461,Triticum_aestivum,2,-1,0.033873
OG0002461,Oryza_sativa,2,0,0.678483
OG0002461,Brachypodium_distachyon,2,0,0.62392
OG0002467,Avena_sativa,2,0,0.601244
OG0002467,Arabidopsis_thaliana,3,1,0.294252
OG0002467,Triticum_turgidum,0,-1,0.0115245
OG0002467,Zea_mays,4,1,0.0712625
OG0002467,Sorghum_bicolor,3,0,0.621591
OG0002467,Hordeum_vulgare,0,-1,0.0337031
OG0002467,Triticum_aestivum,3,2,2.98E-05
OG0002467,Oryza_sativa,2,0,0.678483
OG0002467,Brachypodium_distachyon,3,1,0.0711731
OG0002468,Avena_sativa,2,0,0.601244
OG0002468,Arabidopsis_thaliana,3,1,0.294252
OG0002468,Triticum_turgidum,2,0,0.515209
OG0002468,Zea_mays,1,-1,0.130342
OG0002468,Sorghum_bicolor,2,0,0.586825
OG0002468,Hordeum_vulgare,1,-1,0.0654064
OG0002468,Triticum_aestivum,4,2,0.000148177
OG0002468,Oryza_sativa,2,0,0.678483
OG0002468,Brachypodium_distachyon,2,0,0.62392
OG0002470,Avena_sativa,3,0,0.640072
OG0002470,Arabidopsis_thaliana,3,0,0.871099
OG0002470,Triticum_turgidum,2,0,0.515209
OG0002470,Zea_mays,3,0,0.621591
OG0002470,Sorghum_bicolor,3,0,0.621591
OG0002470,Hordeum_vulgare,0,-2,0.000304881
OG0002470,Triticum_aestivum,1,-1,0.0228136
OG0002470,Oryza_sativa,3,0,0.730477
OG0002470,Brachypodium_distachyon,3,0,0.668125
OG0002471,Avena_sativa,2,0,0.601244
OG0002471,Arabidopsis_thaliana,2,0,0.83681
OG0002471,Triticum_turgidum,2,0,0.515209
OG0002471,Zea_mays,8,6,3.81E-08
OG0002471,Sorghum_bicolor,1,-1,0.130342
OG0002471,Hordeum_vulgare,2,0,0.543596
OG0002471,Triticum_aestivum,2,0,0.515209
OG0002471,Oryza_sativa,3,1,0.110464
OG0002471,Brachypodium_distachyon,0,-2,0.00374819
OG0002480,Avena_sativa,2,0,0.601244
OG0002480,Arabidopsis_thaliana,1,0,0.756301
OG0002480,Triticum_turgidum,2,0,0.515209
OG0002480,Zea_mays,7,5,6.86E-07
OG0002480,Sorghum_bicolor,2,0,0.586825
OG0002480,Hordeum_vulgare,2,0,0.543596
OG0002480,Triticum_aestivum,2,0,0.515209
OG0002480,Oryza_sativa,2,0,0.678483
OG0002480,Brachypodium_distachyon,2,0,0.62392
OG0002486,Avena_sativa,3,0,0.640072
OG0002486,Arabidopsis_thaliana,2,0,0.83681
OG0002486,Triticum_turgidum,2,-1,0.033873
OG0002486,Zea_mays,2,0,0.586825
OG0002486,Sorghum_bicolor,1,-1,0.130342
OG0002486,Hordeum_vulgare,3,0,0.563236
OG0002486,Triticum_aestivum,3,0,0.522552
OG0002486,Oryza_sativa,1,-1,0.268992
OG0002486,Brachypodium_distachyon,1,-1,0.186225
OG0002487,Avena_sativa,3,1,0.0565411
OG0002487,Arabidopsis_thaliana,1,0,0.756301
OG0002487,Triticum_turgidum,2,0,0.515209
OG0002487,Zea_mays,2,0,0.586825
OG0002487,Sorghum_bicolor,3,1,0.0476668
OG0002487,Hordeum_vulgare,0,-2,0.000304881
OG0002487,Triticum_aestivum,3,1,0.00772228
OG0002487,Oryza_sativa,2,0,0.678483
OG0002487,Brachypodium_distachyon,3,1,0.0711731
OG0002489,Avena_sativa,2,0,0.601244
OG0002489,Arabidopsis_thaliana,2,0,0.83681
OG0002489,Triticum_turgidum,2,0,0.515209
OG0002489,Zea_mays,9,7,2.08E-09
OG0002489,Sorghum_bicolor,1,-1,0.130342
OG0002489,Hordeum_vulgare,2,0,0.543596
OG0002489,Triticum_aestivum,2,0,0.515209
OG0002489,Oryza_sativa,1,-1,0.268992
OG0002489,Brachypodium_distachyon,2,0,0.62392
OG0002492,Avena_sativa,3,1,0.0565411
OG0002492,Arabidopsis_thaliana,2,0,0.83681
OG0002492,Triticum_turgidum,1,-1,0.0228136
OG0002492,Zea_mays,3,1,0.0476668
OG0002492,Sorghum_bicolor,1,-1,0.130342
OG0002492,Hordeum_vulgare,2,0,0.543596
OG0002492,Triticum_aestivum,3,1,0.00772228
OG0002492,Oryza_sativa,2,0,0.678483
OG0002492,Brachypodium_distachyon,2,0,0.62392
OG0002499,Avena_sativa,3,0,0.640072
OG0002499,Arabidopsis_thaliana,1,-1,0.526493
OG0002499,Triticum_turgidum,2,0,0.515209
OG0002499,Zea_mays,3,0,0.621591
OG0002499,Sorghum_bicolor,3,0,0.621591
OG0002499,Hordeum_vulgare,0,-2,0.000304881
OG0002499,Triticum_aestivum,2,0,0.515209
OG0002499,Oryza_sativa,2,-1,0.355122
OG0002499,Brachypodium_distachyon,3,0,0.668125
OG0002501,Avena_sativa,2,0,0.601244
OG0002501,Arabidopsis_thaliana,1,0,0.756301
OG0002501,Triticum_turgidum,2,0,0.515209
OG0002501,Zea_mays,2,0,0.586825
OG0002501,Sorghum_bicolor,2,0,0.586825
OG0002501,Hordeum_vulgare,6,4,6.53E-07
OG0002501,Triticum_aestivum,2,0,0.515209
OG0002501,Oryza_sativa,3,1,0.110464
OG0002501,Brachypodium_distachyon,2,0,0.62392
OG0002510,Avena_sativa,0,-3,0.000210169
OG0002510,Arabidopsis_thaliana,1,-1,0.526493
OG0002510,Triticum_turgidum,2,-1,0.033873
OG0002510,Zea_mays,5,1,0.0944197
OG0002510,Sorghum_bicolor,4,0,0.65174
OG0002510,Hordeum_vulgare,3,0,0.563236
OG0002510,Triticum_aestivum,3,0,0.522552
OG0002510,Oryza_sativa,2,-1,0.355122
OG0002510,Brachypodium_distachyon,3,0,0.668125
OG0002513,Avena_sativa,4,1,0.0844237
OG0002513,Arabidopsis_thaliana,1,0,0.756301
OG0002513,Triticum_turgidum,3,0,0.522552
OG0002513,Zea_mays,1,0,0.54662
OG0002513,Sorghum_bicolor,1,0,0.54662
OG0002513,Hordeum_vulgare,3,0,0.563236
OG0002513,Triticum_aestivum,2,-1,0.033873
OG0002513,Oryza_sativa,1,0,0.605212
OG0002513,Brachypodium_distachyon,1,0,0.56891
OG0002518,Avena_sativa,1,0,0.555086
OG0002518,Arabidopsis_thaliana,1,0,0.756301
OG0002518,Triticum_turgidum,1,0,0.507693
OG0002518,Zea_mays,18,15,8.67E-19
OG0002518,Sorghum_bicolor,1,-2,0.00408936
OG0002518,Hordeum_vulgare,1,0,0.522556
OG0002518,Triticum_aestivum,1,0,0.507693
OG0002518,Oryza_sativa,2,0,0.678483
OG0002518,Brachypodium_distachyon,1,0,0.56891
OG0002519,Avena_sativa,2,0,0.601244
OG0002519,Arabidopsis_thaliana,1,0,0.756301
OG0002519,Triticum_turgidum,4,2,0.000148177
OG0002519,Zea_mays,3,0,0.621591
OG0002519,Sorghum_bicolor,3,0,0.621591
OG0002519,Hordeum_vulgare,2,0,0.543596
OG0002519,Triticum_aestivum,2,0,0.515209
OG0002519,Oryza_sativa,1,-1,0.268992
OG0002519,Brachypodium_distachyon,2,0,0.62392
OG0002523,Avena_sativa,2,0,0.601244
OG0002523,Arabidopsis_thaliana,1,0,0.756301
OG0002523,Triticum_turgidum,2,-1,0.033873
OG0002523,Zea_mays,2,0,0.586825
OG0002523,Sorghum_bicolor,1,-1,0.130342
OG0002523,Hordeum_vulgare,5,2,0.00297147
OG0002523,Triticum_aestivum,3,0,0.522552
OG0002523,Oryza_sativa,3,1,0.110464
OG0002523,Brachypodium_distachyon,2,0,0.62392
OG0002524,Avena_sativa,2,0,0.601244
OG0002524,Arabidopsis_thaliana,1,0,0.756301
OG0002524,Triticum_turgidum,2,0,0.515209
OG0002524,Zea_mays,5,3,0.00020209
OG0002524,Sorghum_bicolor,2,0,0.586825
OG0002524,Hordeum_vulgare,3,1,0.0228047
OG0002524,Triticum_aestivum,2,0,0.515209
OG0002524,Oryza_sativa,1,-1,0.268992
OG0002524,Brachypodium_distachyon,2,0,0.62392
OG0002525,Avena_sativa,2,0,0.601244
OG0002525,Arabidopsis_thaliana,1,0,0.756301
OG0002525,Triticum_turgidum,2,0,0.515209
OG0002525,Zea_mays,2,0,0.586825
OG0002525,Sorghum_bicolor,3,1,0.0476668
OG0002525,Hordeum_vulgare,7,5,1.78E-08
OG0002525,Triticum_aestivum,2,0,0.515209
OG0002525,Oryza_sativa,2,0,0.678483
OG0002525,Brachypodium_distachyon,2,0,0.62392
OG0002528,Avena_sativa,2,-1,0.212567
OG0002528,Arabidopsis_thaliana,1,-1,0.526493
OG0002528,Triticum_turgidum,0,-3,2.82E-07
OG0002528,Zea_mays,3,0,0.621591
OG0002528,Sorghum_bicolor,3,0,0.621591
OG0002528,Hordeum_vulgare,3,0,0.563236
OG0002528,Triticum_aestivum,3,0,0.522552
OG0002528,Oryza_sativa,3,0,0.730477
OG0002528,Brachypodium_distachyon,2,-1,0.256093
OG0002529,Avena_sativa,4,2,0.00766286
OG0002529,Arabidopsis_thaliana,1,0,0.756301
OG0002529,Triticum_turgidum,6,4,8.78E-09
OG0002529,Zea_mays,0,-1,0.0693598
OG0002529,Sorghum_bicolor,2,1,0.0238258
OG0002529,Hordeum_vulgare,0,-2,0.000304881
OG0002529,Triticum_aestivum,2,0,0.515209
OG0002529,Oryza_sativa,0,-1,0.154715
OG0002529,Brachypodium_distachyon,0,-1,0.102088
OG0002568,Avena_sativa,3,1,0.0565411
OG0002568,Arabidopsis_thaliana,1,0,0.756301
OG0002568,Triticum_turgidum,2,0,0.515209
OG0002568,Zea_mays,5,4,2.60E-06
OG0002568,Sorghum_bicolor,1,0,0.54662
OG0002568,Hordeum_vulgare,3,1,0.0228047
OG0002568,Triticum_aestivum,2,0,0.515209
OG0002568,Oryza_sativa,1,0,0.605212
OG0002568,Brachypodium_distachyon,0,-1,0.102088
OG0002581,Avena_sativa,0,-2,0.00222918
OG0002581,Arabidopsis_thaliana,2,0,0.83681
OG0002581,Triticum_turgidum,2,-1,0.033873
OG0002581,Zea_mays,4,2,0.00548055
OG0002581,Sorghum_bicolor,2,0,0.586825
OG0002581,Hordeum_vulgare,3,0,0.563236
OG0002581,Triticum_aestivum,3,0,0.522552
OG0002581,Oryza_sativa,2,0,0.678483
OG0002581,Brachypodium_distachyon,2,0,0.62392
OG0002583,Avena_sativa,0,-2,0.00222918
OG0002583,Arabidopsis_thaliana,2,0,0.83681
OG0002583,Triticum_turgidum,3,0,0.522552
OG0002583,Zea_mays,0,-1,0.0693598
OG0002583,Sorghum_bicolor,1,0,0.54662
OG0002583,Hordeum_vulgare,3,0,0.563236
OG0002583,Triticum_aestivum,3,0,0.522552
OG0002583,Oryza_sativa,10,8,8.57E-08
OG0002583,Brachypodium_distachyon,0,-2,0.00374819
OG0002588,Avena_sativa,2,0,0.601244
OG0002588,Arabidopsis_thaliana,1,0,0.756301
OG0002588,Triticum_turgidum,2,0,0.515209
OG0002588,Zea_mays,3,0,0.621591
OG0002588,Sorghum_bicolor,3,0,0.621591
OG0002588,Hordeum_vulgare,5,3,2.29E-05
OG0002588,Triticum_aestivum,2,0,0.515209
OG0002588,Oryza_sativa,1,-1,0.268992
OG0002588,Brachypodium_distachyon,2,0,0.62392
OG0002598,Avena_sativa,2,0,0.601244
OG0002598,Arabidopsis_thaliana,4,2,0.0815
OG0002598,Triticum_turgidum,2,0,0.515209
OG0002598,Zea_mays,5,2,0.0123196
OG0002598,Sorghum_bicolor,3,0,0.621591
OG0002598,Hordeum_vulgare,0,-2,0.000304881
OG0002598,Triticum_aestivum,2,0,0.515209
OG0002598,Oryza_sativa,2,0,0.678483
OG0002598,Brachypodium_distachyon,2,0,0.62392
OG0002601,Avena_sativa,3,0,0.640072
OG0002601,Arabidopsis_thaliana,3,1,0.294252
OG0002601,Triticum_turgidum,2,-1,0.033873
OG0002601,Zea_mays,1,0,0.54662
OG0002601,Sorghum_bicolor,0,-1,0.0693598
OG0002601,Hordeum_vulgare,3,0,0.563236
OG0002601,Triticum_aestivum,3,0,0.522552
OG0002601,Oryza_sativa,2,0,0.678483
OG0002601,Brachypodium_distachyon,0,-2,0.00374819
OG0002605,Avena_sativa,2,0,0.601244
OG0002605,Arabidopsis_thaliana,2,0,0.83681
OG0002605,Triticum_turgidum,3,1,0.00772228
OG0002605,Zea_mays,2,0,0.586825
OG0002605,Sorghum_bicolor,3,1,0.0476668
OG0002605,Hordeum_vulgare,1,-1,0.0654064
OG0002605,Triticum_aestivum,2,0,0.515209
OG0002605,Oryza_sativa,4,2,0.0281791
OG0002605,Brachypodium_distachyon,1,-1,0.186225
OG0002613,Avena_sativa,2,0,0.601244
OG0002613,Arabidopsis_thaliana,3,1,0.294252
OG0002613,Triticum_turgidum,1,0,0.507693
OG0002613,Zea_mays,1,0,0.54662
OG0002613,Sorghum_bicolor,1,0,0.54662
OG0002613,Hordeum_vulgare,8,6,4.74E-10
OG0002613,Triticum_aestivum,1,0,0.507693
OG0002613,Oryza_sativa,3,1,0.110464
OG0002613,Brachypodium_distachyon,3,1,0.0711731
OG0002622,Avena_sativa,2,0,0.601244
OG0002622,Arabidopsis_thaliana,2,0,0.83681
OG0002622,Triticum_turgidum,2,0,0.515209
OG0002622,Zea_mays,8,6,3.81E-08
OG0002622,Sorghum_bicolor,1,-1,0.130342
OG0002622,Hordeum_vulgare,1,-1,0.0654064
OG0002622,Triticum_aestivum,2,0,0.515209
OG0002622,Oryza_sativa,2,0,0.678483
OG0002622,Brachypodium_distachyon,1,-1,0.186225
OG0002626,Avena_sativa,2,0,0.601244
OG0002626,Arabidopsis_thaliana,1,0,0.756301
OG0002626,Triticum_turgidum,2,0,0.515209
OG0002626,Zea_mays,4,1,0.0712625
OG0002626,Sorghum_bicolor,3,0,0.621591
OG0002626,Hordeum_vulgare,0,-2,0.000304881
OG0002626,Triticum_aestivum,2,0,0.515209
OG0002626,Oryza_sativa,2,0,0.678483
OG0002626,Brachypodium_distachyon,4,2,0.0120187
OG0002627,Avena_sativa,2,0,0.601244
OG0002627,Arabidopsis_thaliana,1,0,0.756301
OG0002627,Triticum_turgidum,2,0,0.515209
OG0002627,Zea_mays,7,5,6.86E-07
OG0002627,Sorghum_bicolor,2,0,0.586825
OG0002627,Hordeum_vulgare,2,0,0.543596
OG0002627,Triticum_aestivum,2,0,0.515209
OG0002627,Oryza_sativa,1,-1,0.268992
OG0002627,Brachypodium_distachyon,2,0,0.62392
OG0002628,Avena_sativa,3,0,0.640072
OG0002628,Arabidopsis_thaliana,1,-1,0.526493
OG0002628,Triticum_turgidum,2,0,0.515209
OG0002628,Zea_mays,1,-1,0.130342
OG0002628,Sorghum_bicolor,2,0,0.586825
OG0002628,Hordeum_vulgare,0,-2,0.000304881
OG0002628,Triticum_aestivum,3,1,0.00772228
OG0002628,Oryza_sativa,3,0,0.730477
OG0002628,Brachypodium_distachyon,3,0,0.668125
OG0002631,Avena_sativa,5,3,0.000333025
OG0002631,Arabidopsis_thaliana,1,0,0.756301
OG0002631,Triticum_turgidum,2,0,0.515209
OG0002631,Zea_mays,0,0,0.5
OG0002631,Sorghum_bicolor,0,0,0.5
OG0002631,Hordeum_vulgare,4,2,0.0012774
OG0002631,Triticum_aestivum,2,0,0.515209
OG0002631,Oryza_sativa,1,0,0.605212
OG0002631,Brachypodium_distachyon,1,0,0.56891
OG0002632,Avena_sativa,2,0,0.601244
OG0002632,Arabidopsis_thaliana,2,0,0.83681
OG0002632,Triticum_turgidum,2,0,0.515209
OG0002632,Zea_mays,6,4,1.20E-05
OG0002632,Sorghum_bicolor,2,0,0.586825
OG0002632,Hordeum_vulgare,2,0,0.543596
OG0002632,Triticum_aestivum,2,0,0.515209
OG0002632,Oryza_sativa,1,-1,0.268992
OG0002632,Brachypodium_distachyon,3,1,0.0711731
OG0002635,Avena_sativa,3,0,0.640072
OG0002635,Arabidopsis_thaliana,2,1,0.137178
OG0002635,Triticum_turgidum,2,-1,0.033873
OG0002635,Zea_mays,0,0,0.5
OG0002635,Sorghum_bicolor,0,0,0.5
OG0002635,Hordeum_vulgare,3,0,0.563236
OG0002635,Triticum_aestivum,4,1,0.0115823
OG0002635,Oryza_sativa,0,-1,0.154715
OG0002635,Brachypodium_distachyon,1,0,0.56891
OG0002637,Avena_sativa,0,-2,0.00222918
OG0002637,Arabidopsis_thaliana,5,2,0.142253
OG0002637,Triticum_turgidum,2,0,0.515209
OG0002637,Zea_mays,2,-1,0.18413
OG0002637,Sorghum_bicolor,3,0,0.621591
OG0002637,Hordeum_vulgare,2,0,0.543596
OG0002637,Triticum_aestivum,3,1,0.00772228
OG0002637,Oryza_sativa,3,0,0.730477
OG0002637,Brachypodium_distachyon,5,2,0.0261507
OG0002641,Avena_sativa,2,0,0.601244
OG0002641,Arabidopsis_thaliana,3,0,0.871099
OG0002641,Triticum_turgidum,2,0,0.515209
OG0002641,Zea_mays,1,-2,0.00408936
OG0002641,Sorghum_bicolor,3,0,0.621591
OG0002641,Hordeum_vulgare,2,0,0.543596
OG0002641,Triticum_aestivum,1,-1,0.0228136
OG0002641,Oryza_sativa,5,2,0.0580412
OG0002641,Brachypodium_distachyon,3,0,0.668125
OG0002642,Avena_sativa,3,1,0.0565411
OG0002642,Arabidopsis_thaliana,3,1,0.294252
OG0002642,Triticum_turgidum,0,-1,0.0115245
OG0002642,Zea_mays,3,0,0.621591
OG0002642,Sorghum_bicolor,4,1,0.0712625
OG0002642,Hordeum_vulgare,1,0,0.522556
OG0002642,Triticum_aestivum,2,1,0.00386114
OG0002642,Oryza_sativa,2,0,0.678483
OG0002642,Brachypodium_distachyon,2,0,0.62392
OG0002648,Avena_sativa,1,-2,0.00588216
OG0002648,Arabidopsis_thaliana,1,-1,0.526493
OG0002648,Triticum_turgidum,2,-1,0.033873
OG0002648,Zea_mays,3,0,0.621591
OG0002648,Sorghum_bicolor,2,-1,0.18413
OG0002648,Hordeum_vulgare,4,1,0.0341793
OG0002648,Triticum_aestivum,3,0,0.522552
OG0002648,Oryza_sativa,3,0,0.730477
OG0002648,Brachypodium_distachyon,3,0,0.668125
OG0002649,Avena_sativa,5,3,0.000333025
OG0002649,Arabidopsis_thaliana,1,0,0.756301
OG0002649,Triticum_turgidum,2,0,0.515209
OG0002649,Zea_mays,1,-1,0.130342
OG0002649,Sorghum_bicolor,2,0,0.586825
OG0002649,Hordeum_vulgare,1,-1,0.0654064
OG0002649,Triticum_aestivum,1,-1,0.0228136
OG0002649,Oryza_sativa,2,0,0.678483
OG0002649,Brachypodium_distachyon,2,0,0.62392
OG0002655,Avena_sativa,2,0,0.601244
OG0002655,Arabidopsis_thaliana,2,0,0.83681
OG0002655,Triticum_turgidum,2,0,0.515209
OG0002655,Zea_mays,5,2,0.0123196
OG0002655,Sorghum_bicolor,3,0,0.621591
OG0002655,Hordeum_vulgare,0,-2,0.000304881
OG0002655,Triticum_aestivum,2,0,0.515209
OG0002655,Oryza_sativa,2,0,0.678483
OG0002655,Brachypodium_distachyon,2,0,0.62392
OG0002656,Avena_sativa,2,0,0.601244
OG0002656,Arabidopsis_thaliana,2,0,0.83681
OG0002656,Triticum_turgidum,2,0,0.515209
OG0002656,Zea_mays,8,5,2.21E-06
OG0002656,Sorghum_bicolor,3,0,0.621591
OG0002656,Hordeum_vulgare,2,0,0.543596
OG0002656,Triticum_aestivum,1,-1,0.0228136
OG0002656,Oryza_sativa,1,-1,0.268992
OG0002656,Brachypodium_distachyon,2,0,0.62392
OG0002659,Avena_sativa,4,2,0.00766286
OG0002659,Arabidopsis_thaliana,2,1,0.137178
OG0002659,Triticum_turgidum,2,0,0.515209
OG0002659,Zea_mays,1,0,0.54662
OG0002659,Sorghum_bicolor,1,0,0.54662
OG0002659,Hordeum_vulgare,2,0,0.543596
OG0002659,Triticum_aestivum,1,-1,0.0228136
OG0002659,Oryza_sativa,1,0,0.605212
OG0002659,Brachypodium_distachyon,3,1,0.0711731
OG0002660,Avena_sativa,2,0,0.601244
OG0002660,Arabidopsis_thaliana,2,0,0.83681
OG0002660,Triticum_turgidum,1,-1,0.0228136
OG0002660,Zea_mays,5,2,0.0123196
OG0002660,Sorghum_bicolor,3,0,0.621591
OG0002660,Hordeum_vulgare,0,-2,0.000304881
OG0002660,Triticum_aestivum,3,1,0.00772228
OG0002660,Oryza_sativa,2,0,0.678483
OG0002660,Brachypodium_distachyon,2,0,0.62392
OG0002662,Avena_sativa,2,0,0.601244
OG0002662,Arabidopsis_thaliana,2,0,0.83681
OG0002662,Triticum_turgidum,2,0,0.515209
OG0002662,Zea_mays,6,4,1.20E-05
OG0002662,Sorghum_bicolor,1,-1,0.130342
OG0002662,Hordeum_vulgare,2,0,0.543596
OG0002662,Triticum_aestivum,2,0,0.515209
OG0002662,Oryza_sativa,2,0,0.678483
OG0002662,Brachypodium_distachyon,2,0,0.62392
OG0002671,Avena_sativa,1,0,0.555086
OG0002671,Arabidopsis_thaliana,12,9,0.00015555
OG0002671,Triticum_turgidum,1,0,0.507693
OG0002671,Zea_mays,7,4,3.33E-05
OG0002671,Sorghum_bicolor,3,0,0.621591
OG0002671,Hordeum_vulgare,1,0,0.522556
OG0002671,Triticum_aestivum,0,-1,0.0115245
OG0002671,Oryza_sativa,0,-1,0.154715
OG0002671,Brachypodium_distachyon,1,0,0.56891
OG0002674,Avena_sativa,2,0,0.601244
OG0002674,Arabidopsis_thaliana,1,0,0.756301
OG0002674,Triticum_turgidum,1,-1,0.0228136
OG0002674,Zea_mays,12,10,3.10E-13
OG0002674,Sorghum_bicolor,1,-1,0.130342
OG0002674,Hordeum_vulgare,2,0,0.543596
OG0002674,Triticum_aestivum,2,0,0.515209
OG0002674,Oryza_sativa,0,-2,0.0102411
OG0002674,Brachypodium_distachyon,1,-1,0.186225
OG0002676,Avena_sativa,1,-1,0.15204
OG0002676,Arabidopsis_thaliana,1,-1,0.526493
OG0002676,Triticum_turgidum,2,0,0.515209
OG0002676,Zea_mays,4,0,0.65174
OG0002676,Sorghum_bicolor,4,0,0.65174
OG0002676,Hordeum_vulgare,1,-1,0.0654064
OG0002676,Triticum_aestivum,3,1,0.00772228
OG0002676,Oryza_sativa,3,0,0.730477
OG0002676,Brachypodium_distachyon,3,0,0.668125
OG0002687,Avena_sativa,2,0,0.601244
OG0002687,Arabidopsis_thaliana,1,0,0.756301
OG0002687,Triticum_turgidum,2,0,0.515209
OG0002687,Zea_mays,3,1,0.0476668
OG0002687,Sorghum_bicolor,2,0,0.586825
OG0002687,Hordeum_vulgare,5,3,2.29E-05
OG0002687,Triticum_aestivum,2,0,0.515209
OG0002687,Oryza_sativa,3,1,0.110464
OG0002687,Brachypodium_distachyon,2,0,0.62392
OG0002693,Avena_sativa,1,0,0.555086
OG0002693,Arabidopsis_thaliana,1,0,0.756301
OG0002693,Triticum_turgidum,2,1,0.00386114
OG0002693,Zea_mays,14,12,8.35E-16
OG0002693,Sorghum_bicolor,1,-1,0.130342
OG0002693,Hordeum_vulgare,0,-1,0.0337031
OG0002693,Triticum_aestivum,1,0,0.507693
OG0002693,Oryza_sativa,0,-1,0.154715
OG0002693,Brachypodium_distachyon,5,4,1.30E-05
OG0002742,Avena_sativa,2,0,0.601244
OG0002742,Arabidopsis_thaliana,6,4,0.0111044
OG0002742,Triticum_turgidum,2,0,0.515209
OG0002742,Zea_mays,2,0,0.586825
OG0002742,Sorghum_bicolor,1,-1,0.130342
OG0002742,Hordeum_vulgare,2,0,0.543596
OG0002742,Triticum_aestivum,3,1,0.00772228
OG0002742,Oryza_sativa,0,-2,0.0102411
OG0002742,Brachypodium_distachyon,0,-2,0.00374819
OG0002743,Avena_sativa,2,0,0.601244
OG0002743,Arabidopsis_thaliana,1,0,0.756301
OG0002743,Triticum_turgidum,2,0,0.515209
OG0002743,Zea_mays,2,0,0.586825
OG0002743,Sorghum_bicolor,1,-1,0.130342
OG0002743,Hordeum_vulgare,6,4,6.53E-07
OG0002743,Triticum_aestivum,2,0,0.515209
OG0002743,Oryza_sativa,1,-1,0.268992
OG0002743,Brachypodium_distachyon,2,0,0.62392
OG0002757,Avena_sativa,2,0,0.601244
OG0002757,Arabidopsis_thaliana,1,0,0.756301
OG0002757,Triticum_turgidum,3,0,0.522552
OG0002757,Zea_mays,1,0,0.54662
OG0002757,Sorghum_bicolor,0,-1,0.0693598
OG0002757,Hordeum_vulgare,2,0,0.543596
OG0002757,Triticum_aestivum,3,0,0.522552
OG0002757,Oryza_sativa,3,1,0.110464
OG0002757,Brachypodium_distachyon,0,-2,0.00374819
OG0002759,Avena_sativa,3,1,0.0565411
OG0002759,Arabidopsis_thaliana,1,0,0.756301
OG0002759,Triticum_turgidum,0,-2,3.16E-05
OG0002759,Zea_mays,4,1,0.0712625
OG0002759,Sorghum_bicolor,3,0,0.621591
OG0002759,Hordeum_vulgare,2,0,0.543596
OG0002759,Triticum_aestivum,2,0,0.515209
OG0002759,Oryza_sativa,2,0,0.678483
OG0002759,Brachypodium_distachyon,2,0,0.62392
OG0002760,Avena_sativa,1,-1,0.15204
OG0002760,Arabidopsis_thaliana,2,0,0.83681
OG0002760,Triticum_turgidum,2,0,0.515209
OG0002760,Zea_mays,8,6,3.81E-08
OG0002760,Sorghum_bicolor,2,0,0.586825
OG0002760,Hordeum_vulgare,2,0,0.543596
OG0002760,Triticum_aestivum,2,0,0.515209
OG0002760,Oryza_sativa,2,0,0.678483
OG0002760,Brachypodium_distachyon,2,0,0.62392
OG0002762,Avena_sativa,2,0,0.601244
OG0002762,Arabidopsis_thaliana,1,0,0.756301
OG0002762,Triticum_turgidum,2,0,0.515209
OG0002762,Zea_mays,6,4,1.20E-05
OG0002762,Sorghum_bicolor,2,0,0.586825
OG0002762,Hordeum_vulgare,3,1,0.0228047
OG0002762,Triticum_aestivum,2,0,0.515209
OG0002762,Oryza_sativa,1,-1,0.268992
OG0002762,Brachypodium_distachyon,2,0,0.62392
OG0002769,Avena_sativa,0,-2,0.00222918
OG0002769,Arabidopsis_thaliana,1,0,0.756301
OG0002769,Triticum_turgidum,3,0,0.522552
OG0002769,Zea_mays,3,1,0.0476668
OG0002769,Sorghum_bicolor,2,0,0.586825
OG0002769,Hordeum_vulgare,5,2,0.00297147
OG0002769,Triticum_aestivum,3,0,0.522552
OG0002769,Oryza_sativa,2,0,0.678483
OG0002769,Brachypodium_distachyon,3,1,0.0711731
OG0002778,Avena_sativa,4,2,0.00766286
OG0002778,Arabidopsis_thaliana,4,2,0.0815
OG0002778,Triticum_turgidum,0,-1,0.0115245
OG0002778,Zea_mays,1,-1,0.130342
OG0002778,Sorghum_bicolor,2,0,0.586825
OG0002778,Hordeum_vulgare,2,0,0.543596
OG0002778,Triticum_aestivum,1,0,0.507693
OG0002778,Oryza_sativa,2,0,0.678483
OG0002778,Brachypodium_distachyon,2,0,0.62392
OG0002779,Avena_sativa,2,0,0.601244
OG0002779,Arabidopsis_thaliana,1,0,0.756301
OG0002779,Triticum_turgidum,2,0,0.515209
OG0002779,Zea_mays,3,1,0.0476668
OG0002779,Sorghum_bicolor,1,-1,0.130342
OG0002779,Hordeum_vulgare,2,0,0.543596
OG0002779,Triticum_aestivum,1,-1,0.0228136
OG0002779,Oryza_sativa,7,5,4.19E-05
OG0002779,Brachypodium_distachyon,2,0,0.62392
OG0002782,Avena_sativa,2,0,0.601244
OG0002782,Arabidopsis_thaliana,2,0,0.83681
OG0002782,Triticum_turgidum,2,0,0.515209
OG0002782,Zea_mays,6,4,1.20E-05
OG0002782,Sorghum_bicolor,2,0,0.586825
OG0002782,Hordeum_vulgare,2,0,0.543596
OG0002782,Triticum_aestivum,1,-1,0.0228136
OG0002782,Oryza_sativa,2,0,0.678483
OG0002782,Brachypodium_distachyon,2,0,0.62392
OG0002784,Avena_sativa,2,0,0.601244
OG0002784,Arabidopsis_thaliana,1,0,0.756301
OG0002784,Triticum_turgidum,2,0,0.515209
OG0002784,Zea_mays,7,5,6.86E-07
OG0002784,Sorghum_bicolor,2,0,0.586825
OG0002784,Hordeum_vulgare,1,-1,0.0654064
OG0002784,Triticum_aestivum,2,0,0.515209
OG0002784,Oryza_sativa,2,0,0.678483
OG0002784,Brachypodium_distachyon,2,0,0.62392
OG0002787,Avena_sativa,1,0,0.555086
OG0002787,Arabidopsis_thaliana,2,1,0.137178
OG0002787,Triticum_turgidum,4,1,0.0115823
OG0002787,Zea_mays,1,0,0.54662
OG0002787,Sorghum_bicolor,1,0,0.54662
OG0002787,Hordeum_vulgare,3,0,0.563236
OG0002787,Triticum_aestivum,3,0,0.522552
OG0002787,Oryza_sativa,0,-1,0.154715
OG0002787,Brachypodium_distachyon,1,0,0.56891
OG0002798,Avena_sativa,0,-2,0.00222918
OG0002798,Arabidopsis_thaliana,2,0,0.83681
OG0002798,Triticum_turgidum,2,0,0.515209
OG0002798,Zea_mays,6,3,0.000579131
OG0002798,Sorghum_bicolor,3,0,0.621591
OG0002798,Hordeum_vulgare,2,0,0.543596
OG0002798,Triticum_aestivum,3,1,0.00772228
OG0002798,Oryza_sativa,2,0,0.678483
OG0002798,Brachypodium_distachyon,2,0,0.62392
OG0002813,Avena_sativa,2,0,0.601244
OG0002813,Arabidopsis_thaliana,6,4,0.0111044
OG0002813,Triticum_turgidum,1,0,0.507693
OG0002813,Zea_mays,3,0,0.621591
OG0002813,Sorghum_bicolor,5,2,0.0123196
OG0002813,Hordeum_vulgare,0,-1,0.0337031
OG0002813,Triticum_aestivum,2,1,0.00386114
OG0002813,Oryza_sativa,1,-1,0.268992
OG0002813,Brachypodium_distachyon,2,0,0.62392
OG0002815,Avena_sativa,1,-1,0.15204
OG0002815,Arabidopsis_thaliana,2,0,0.83681
OG0002815,Triticum_turgidum,2,-1,0.033873
OG0002815,Zea_mays,3,1,0.0476668
OG0002815,Sorghum_bicolor,2,0,0.586825
OG0002815,Hordeum_vulgare,3,0,0.563236
OG0002815,Triticum_aestivum,3,0,0.522552
OG0002815,Oryza_sativa,1,-1,0.268992
OG0002815,Brachypodium_distachyon,2,0,0.62392
OG0002822,Avena_sativa,1,-1,0.15204
OG0002822,Arabidopsis_thaliana,3,1,0.294252
OG0002822,Triticum_turgidum,2,-1,0.033873
OG0002822,Zea_mays,2,0,0.586825
OG0002822,Sorghum_bicolor,1,-1,0.130342
OG0002822,Hordeum_vulgare,4,1,0.0341793
OG0002822,Triticum_aestivum,3,0,0.522552
OG0002822,Oryza_sativa,3,1,0.110464
OG0002822,Brachypodium_distachyon,2,0,0.62392
OG0002826,Avena_sativa,1,0,0.555086
OG0002826,Arabidopsis_thaliana,1,0,0.756301
OG0002826,Triticum_turgidum,2,0,0.515209
OG0002826,Zea_mays,10,9,6.45E-13
OG0002826,Sorghum_bicolor,1,0,0.54662
OG0002826,Hordeum_vulgare,6,4,6.53E-07
OG0002826,Triticum_aestivum,1,-1,0.0228136
OG0002826,Oryza_sativa,1,0,0.605212
OG0002826,Brachypodium_distachyon,1,0,0.56891
OG0002828,Avena_sativa,1,0,0.555086
OG0002828,Arabidopsis_thaliana,6,4,0.0111044
OG0002828,Triticum_turgidum,2,0,0.515209
OG0002828,Zea_mays,1,-1,0.130342
OG0002828,Sorghum_bicolor,3,1,0.0476668
OG0002828,Hordeum_vulgare,1,0,0.522556
OG0002828,Triticum_aestivum,3,1,0.00772228
OG0002828,Oryza_sativa,3,1,0.110464
OG0002828,Brachypodium_distachyon,1,0,0.56891
OG0002841,Avena_sativa,2,0,0.601244
OG0002841,Arabidopsis_thaliana,1,0,0.756301
OG0002841,Triticum_turgidum,1,-1,0.0228136
OG0002841,Zea_mays,7,5,6.86E-07
OG0002841,Sorghum_bicolor,2,0,0.586825
OG0002841,Hordeum_vulgare,2,0,0.543596
OG0002841,Triticum_aestivum,2,0,0.515209
OG0002841,Oryza_sativa,2,0,0.678483
OG0002841,Brachypodium_distachyon,2,0,0.62392
OG0002844,Avena_sativa,2,0,0.601244
OG0002844,Arabidopsis_thaliana,1,0,0.756301
OG0002844,Triticum_turgidum,2,0,0.515209
OG0002844,Zea_mays,8,6,3.81E-08
OG0002844,Sorghum_bicolor,1,-1,0.130342
OG0002844,Hordeum_vulgare,1,-1,0.0654064
OG0002844,Triticum_aestivum,2,0,0.515209
OG0002844,Oryza_sativa,1,-1,0.268992
OG0002844,Brachypodium_distachyon,1,-1,0.186225
OG0002850,Avena_sativa,1,0,0.555086
OG0002850,Arabidopsis_thaliana,1,-1,0.526493
OG0002850,Triticum_turgidum,1,0,0.507693
OG0002850,Zea_mays,1,-2,0.00408936
OG0002850,Sorghum_bicolor,13,10,1.70E-12
OG0002850,Hordeum_vulgare,1,0,0.522556
OG0002850,Triticum_aestivum,1,0,0.507693
OG0002850,Oryza_sativa,5,3,0.00229579
OG0002850,Brachypodium_distachyon,1,0,0.56891
OG0002859,Avena_sativa,2,0,0.601244
OG0002859,Arabidopsis_thaliana,2,0,0.83681
OG0002859,Triticum_turgidum,2,0,0.515209
OG0002859,Zea_mays,8,6,3.81E-08
OG0002859,Sorghum_bicolor,2,0,0.586825
OG0002859,Hordeum_vulgare,2,0,0.543596
OG0002859,Triticum_aestivum,1,-1,0.0228136
OG0002859,Oryza_sativa,1,-1,0.268992
OG0002859,Brachypodium_distachyon,2,0,0.62392
OG0002860,Avena_sativa,2,0,0.601244
OG0002860,Arabidopsis_thaliana,2,0,0.83681
OG0002860,Triticum_turgidum,2,0,0.515209
OG0002860,Zea_mays,2,0,0.586825
OG0002860,Sorghum_bicolor,3,1,0.0476668
OG0002860,Hordeum_vulgare,1,-1,0.0654064
OG0002860,Triticum_aestivum,2,0,0.515209
OG0002860,Oryza_sativa,1,-1,0.268992
OG0002860,Brachypodium_distachyon,6,4,5.77E-05
OG0002871,Avena_sativa,2,0,0.601244
OG0002871,Arabidopsis_thaliana,2,0,0.83681
OG0002871,Triticum_turgidum,1,-1,0.0228136
OG0002871,Zea_mays,3,1,0.0476668
OG0002871,Sorghum_bicolor,2,0,0.586825
OG0002871,Hordeum_vulgare,4,2,0.0012774
OG0002871,Triticum_aestivum,2,0,0.515209
OG0002871,Oryza_sativa,2,0,0.678483
OG0002871,Brachypodium_distachyon,2,0,0.62392
OG0002877,Avena_sativa,1,0,0.555086
OG0002877,Arabidopsis_thaliana,8,6,0.00134698
OG0002877,Triticum_turgidum,2,0,0.515209
OG0002877,Zea_mays,0,-1,0.0693598
OG0002877,Sorghum_bicolor,1,0,0.54662
OG0002877,Hordeum_vulgare,2,0,0.543596
OG0002877,Triticum_aestivum,3,1,0.00772228
OG0002877,Oryza_sativa,0,-1,0.154715
OG0002877,Brachypodium_distachyon,1,0,0.56891
OG0002878,Avena_sativa,1,-1,0.15204
OG0002878,Arabidopsis_thaliana,1,0,0.756301
OG0002878,Triticum_turgidum,2,-1,0.033873
OG0002878,Zea_mays,1,-1,0.130342
OG0002878,Sorghum_bicolor,2,0,0.586825
OG0002878,Hordeum_vulgare,3,0,0.563236
OG0002878,Triticum_aestivum,4,1,0.0115823
OG0002878,Oryza_sativa,2,0,0.678483
OG0002878,Brachypodium_distachyon,2,0,0.62392
OG0002879,Avena_sativa,2,0,0.601244
OG0002879,Arabidopsis_thaliana,1,0,0.756301
OG0002879,Triticum_turgidum,4,1,0.0115823
OG0002879,Zea_mays,1,-1,0.130342
OG0002879,Sorghum_bicolor,2,0,0.586825
OG0002879,Hordeum_vulgare,0,-2,0.000304881
OG0002879,Triticum_aestivum,3,0,0.522552
OG0002879,Oryza_sativa,1,-1,0.268992
OG0002879,Brachypodium_distachyon,2,0,0.62392
OG0002886,Avena_sativa,2,0,0.601244
OG0002886,Arabidopsis_thaliana,2,0,0.83681
OG0002886,Triticum_turgidum,2,0,0.515209
OG0002886,Zea_mays,1,-1,0.130342
OG0002886,Sorghum_bicolor,2,0,0.586825
OG0002886,Hordeum_vulgare,9,7,1.24E-11
OG0002886,Triticum_aestivum,2,0,0.515209
OG0002886,Oryza_sativa,1,-1,0.268992
OG0002886,Brachypodium_distachyon,2,0,0.62392
OG0002892,Avena_sativa,2,0,0.601244
OG0002892,Arabidopsis_thaliana,1,0,0.756301
OG0002892,Triticum_turgidum,0,-1,0.0115245
OG0002892,Zea_mays,10,8,1.11E-10
OG0002892,Sorghum_bicolor,1,-1,0.130342
OG0002892,Hordeum_vulgare,0,-1,0.0337031
OG0002892,Triticum_aestivum,2,1,0.00386114
OG0002892,Oryza_sativa,0,-2,0.0102411
OG0002892,Brachypodium_distachyon,7,5,4.92E-06
OG0002893,Avena_sativa,1,0,0.555086
OG0002893,Arabidopsis_thaliana,1,0,0.756301
OG0002893,Triticum_turgidum,2,0,0.515209
OG0002893,Zea_mays,3,2,0.00113794
OG0002893,Sorghum_bicolor,0,-1,0.0693598
OG0002893,Hordeum_vulgare,0,-1,0.0337031
OG0002893,Triticum_aestivum,5,3,9.10E-07
OG0002893,Oryza_sativa,1,0,0.605212
OG0002893,Brachypodium_distachyon,2,1,0.0355493
OG0002946,Avena_sativa,1,0,0.555086
OG0002946,Arabidopsis_thaliana,1,0,0.756301
OG0002946,Triticum_turgidum,6,4,8.78E-09
OG0002946,Zea_mays,6,5,1.24E-07
OG0002946,Sorghum_bicolor,0,-1,0.0693598
OG0002946,Hordeum_vulgare,0,-1,0.0337031
OG0002946,Triticum_aestivum,2,0,0.515209
OG0002946,Oryza_sativa,0,-1,0.154715
OG0002946,Brachypodium_distachyon,0,-1,0.102088
OG0002948,Avena_sativa,1,-1,0.15204
OG0002948,Arabidopsis_thaliana,2,0,0.83681
OG0002948,Triticum_turgidum,2,0,0.515209
OG0002948,Zea_mays,1,-1,0.130342
OG0002948,Sorghum_bicolor,5,3,0.00020209
OG0002948,Hordeum_vulgare,2,0,0.543596
OG0002948,Triticum_aestivum,3,1,0.00772228
OG0002948,Oryza_sativa,2,0,0.678483
OG0002948,Brachypodium_distachyon,4,2,0.0120187
OG0002952,Avena_sativa,2,0,0.601244
OG0002952,Arabidopsis_thaliana,3,1,0.294252
OG0002952,Triticum_turgidum,1,-1,0.0228136
OG0002952,Zea_mays,2,0,0.586825
OG0002952,Sorghum_bicolor,2,0,0.586825
OG0002952,Hordeum_vulgare,2,0,0.543596
OG0002952,Triticum_aestivum,2,0,0.515209
OG0002952,Oryza_sativa,2,0,0.678483
OG0002952,Brachypodium_distachyon,6,4,5.77E-05
OG0002959,Avena_sativa,2,0,0.601244
OG0002959,Arabidopsis_thaliana,1,0,0.756301
OG0002959,Triticum_turgidum,2,0,0.515209
OG0002959,Zea_mays,9,6,1.40E-07
OG0002959,Sorghum_bicolor,2,-1,0.18413
OG0002959,Hordeum_vulgare,2,0,0.543596
OG0002959,Triticum_aestivum,1,-1,0.0228136
OG0002959,Oryza_sativa,2,0,0.678483
OG0002959,Brachypodium_distachyon,2,0,0.62392
OG0002962,Avena_sativa,2,0,0.601244
OG0002962,Arabidopsis_thaliana,2,0,0.83681
OG0002962,Triticum_turgidum,3,1,0.00772228
OG0002962,Zea_mays,4,1,0.0712625
OG0002962,Sorghum_bicolor,3,0,0.621591
OG0002962,Hordeum_vulgare,2,0,0.543596
OG0002962,Triticum_aestivum,1,-1,0.0228136
OG0002962,Oryza_sativa,0,-2,0.0102411
OG0002962,Brachypodium_distachyon,1,-1,0.186225
OG0002963,Avena_sativa,1,0,0.555086
OG0002963,Arabidopsis_thaliana,4,2,0.0815
OG0002963,Triticum_turgidum,2,0,0.515209
OG0002963,Zea_mays,4,0,0.65174
OG0002963,Sorghum_bicolor,4,0,0.65174
OG0002963,Hordeum_vulgare,0,-1,0.0337031
OG0002963,Triticum_aestivum,2,0,0.515209
OG0002963,Oryza_sativa,2,0,0.678483
OG0002963,Brachypodium_distachyon,1,0,0.56891
OG0002964,Avena_sativa,2,0,0.601244
OG0002964,Arabidopsis_thaliana,1,0,0.756301
OG0002964,Triticum_turgidum,2,0,0.515209
OG0002964,Zea_mays,6,4,1.20E-05
OG0002964,Sorghum_bicolor,2,0,0.586825
OG0002964,Hordeum_vulgare,2,0,0.543596
OG0002964,Triticum_aestivum,2,0,0.515209
OG0002964,Oryza_sativa,0,-2,0.0102411
OG0002964,Brachypodium_distachyon,2,0,0.62392
OG0002970,Avena_sativa,0,-2,0.00222918
OG0002970,Arabidopsis_thaliana,3,1,0.294252
OG0002970,Triticum_turgidum,2,-1,0.033873
OG0002970,Zea_mays,5,3,0.00020209
OG0002970,Sorghum_bicolor,2,0,0.586825
OG0002970,Hordeum_vulgare,3,0,0.563236
OG0002970,Triticum_aestivum,3,0,0.522552
OG0002970,Oryza_sativa,2,0,0.678483
OG0002970,Brachypodium_distachyon,2,0,0.62392
OG0002989,Avena_sativa,2,0,0.601244
OG0002989,Arabidopsis_thaliana,4,2,0.0815
OG0002989,Triticum_turgidum,2,0,0.515209
OG0002989,Zea_mays,4,2,0.00548055
OG0002989,Sorghum_bicolor,2,0,0.586825
OG0002989,Hordeum_vulgare,0,-2,0.000304881
OG0002989,Triticum_aestivum,2,0,0.515209
OG0002989,Oryza_sativa,1,-1,0.268992
OG0002989,Brachypodium_distachyon,2,0,0.62392
OG0002999,Avena_sativa,4,2,0.00766286
OG0002999,Arabidopsis_thaliana,2,0,0.83681
OG0002999,Triticum_turgidum,2,0,0.515209
OG0002999,Zea_mays,2,0,0.586825
OG0002999,Sorghum_bicolor,2,0,0.586825
OG0002999,Hordeum_vulgare,0,-2,0.000304881
OG0002999,Triticum_aestivum,2,0,0.515209
OG0002999,Oryza_sativa,1,-1,0.268992
OG0002999,Brachypodium_distachyon,1,-1,0.186225
OG0003007,Avena_sativa,2,0,0.601244
OG0003007,Arabidopsis_thaliana,1,0,0.756301
OG0003007,Triticum_turgidum,2,0,0.515209
OG0003007,Zea_mays,7,5,6.86E-07
OG0003007,Sorghum_bicolor,2,0,0.586825
OG0003007,Hordeum_vulgare,2,0,0.543596
OG0003007,Triticum_aestivum,2,0,0.515209
OG0003007,Oryza_sativa,0,-2,0.0102411
OG0003007,Brachypodium_distachyon,2,0,0.62392
OG0003008,Avena_sativa,0,-2,0.00222918
OG0003008,Arabidopsis_thaliana,8,5,0.0082092
OG0003008,Triticum_turgidum,2,0,0.515209
OG0003008,Zea_mays,4,2,0.00548055
OG0003008,Sorghum_bicolor,2,0,0.586825
OG0003008,Hordeum_vulgare,2,0,0.543596
OG0003008,Triticum_aestivum,2,0,0.515209
OG0003008,Oryza_sativa,1,-1,0.268992
OG0003008,Brachypodium_distachyon,2,0,0.62392
OG0003020,Avena_sativa,2,0,0.601244
OG0003020,Arabidopsis_thaliana,4,2,0.0815
OG0003020,Triticum_turgidum,0,-2,3.16E-05
OG0003020,Zea_mays,3,1,0.0476668
OG0003020,Sorghum_bicolor,2,0,0.586825
OG0003020,Hordeum_vulgare,2,0,0.543596
OG0003020,Triticum_aestivum,2,0,0.515209
OG0003020,Oryza_sativa,3,1,0.110464
OG0003020,Brachypodium_distachyon,2,0,0.62392
OG0003027,Avena_sativa,1,-1,0.15204
OG0003027,Arabidopsis_thaliana,1,0,0.756301
OG0003027,Triticum_turgidum,2,0,0.515209
OG0003027,Zea_mays,7,4,3.33E-05
OG0003027,Sorghum_bicolor,3,0,0.621591
OG0003027,Hordeum_vulgare,2,0,0.543596
OG0003027,Triticum_aestivum,2,0,0.515209
OG0003027,Oryza_sativa,2,0,0.678483
OG0003027,Brachypodium_distachyon,2,0,0.62392
OG0003034,Avena_sativa,1,-1,0.15204
OG0003034,Arabidopsis_thaliana,2,0,0.83681
OG0003034,Triticum_turgidum,1,-1,0.0228136
OG0003034,Zea_mays,8,5,2.21E-06
OG0003034,Sorghum_bicolor,3,0,0.621591
OG0003034,Hordeum_vulgare,2,0,0.543596
OG0003034,Triticum_aestivum,2,0,0.515209
OG0003034,Oryza_sativa,2,0,0.678483
OG0003034,Brachypodium_distachyon,1,-1,0.186225
OG0003037,Avena_sativa,4,2,0.00766286
OG0003037,Arabidopsis_thaliana,1,0,0.756301
OG0003037,Triticum_turgidum,2,0,0.515209
OG0003037,Zea_mays,3,1,0.0476668
OG0003037,Sorghum_bicolor,2,0,0.586825
OG0003037,Hordeum_vulgare,2,0,0.543596
OG0003037,Triticum_aestivum,1,-1,0.0228136
OG0003037,Oryza_sativa,1,-1,0.268992
OG0003037,Brachypodium_distachyon,2,0,0.62392
OG0003046,Avena_sativa,0,-3,0.000210169
OG0003046,Arabidopsis_thaliana,2,0,0.83681
OG0003046,Triticum_turgidum,2,-1,0.033873
OG0003046,Zea_mays,3,0,0.621591
OG0003046,Sorghum_bicolor,3,0,0.621591
OG0003046,Hordeum_vulgare,3,0,0.563236
OG0003046,Triticum_aestivum,3,0,0.522552
OG0003046,Oryza_sativa,1,-2,0.0244268
OG0003046,Brachypodium_distachyon,3,0,0.668125
OG0003047,Avena_sativa,2,0,0.601244
OG0003047,Arabidopsis_thaliana,3,1,0.294252
OG0003047,Triticum_turgidum,2,1,0.00386114
OG0003047,Zea_mays,6,2,0.0210788
OG0003047,Sorghum_bicolor,4,0,0.65174
OG0003047,Hordeum_vulgare,0,-1,0.0337031
OG0003047,Triticum_aestivum,1,0,0.507693
OG0003047,Oryza_sativa,2,0,0.678483
OG0003047,Brachypodium_distachyon,2,0,0.62392
OG0003050,Avena_sativa,2,0,0.601244
OG0003050,Arabidopsis_thaliana,5,3,0.030694
OG0003050,Triticum_turgidum,1,-1,0.0228136
OG0003050,Zea_mays,2,0,0.586825
OG0003050,Sorghum_bicolor,1,-1,0.130342
OG0003050,Hordeum_vulgare,2,0,0.543596
OG0003050,Triticum_aestivum,2,0,0.515209
OG0003050,Oryza_sativa,0,-2,0.0102411
OG0003050,Brachypodium_distachyon,4,2,0.0120187
OG0003051,Avena_sativa,2,0,0.601244
OG0003051,Arabidopsis_thaliana,4,2,0.0815
OG0003051,Triticum_turgidum,2,0,0.515209
OG0003051,Zea_mays,3,1,0.0476668
OG0003051,Sorghum_bicolor,1,-1,0.130342
OG0003051,Hordeum_vulgare,0,-2,0.000304881
OG0003051,Triticum_aestivum,2,0,0.515209
OG0003051,Oryza_sativa,3,1,0.110464
OG0003051,Brachypodium_distachyon,3,1,0.0711731
OG0003057,Avena_sativa,1,-2,0.00588216
OG0003057,Arabidopsis_thaliana,3,1,0.294252
OG0003057,Triticum_turgidum,2,-1,0.033873
OG0003057,Zea_mays,1,0,0.54662
OG0003057,Sorghum_bicolor,1,0,0.54662
OG0003057,Hordeum_vulgare,3,0,0.563236
OG0003057,Triticum_aestivum,3,0,0.522552
OG0003057,Oryza_sativa,1,-1,0.268992
OG0003057,Brachypodium_distachyon,5,2,0.0261507
OG0003061,Avena_sativa,2,0,0.601244
OG0003061,Arabidopsis_thaliana,2,0,0.83681
OG0003061,Triticum_turgidum,2,0,0.515209
OG0003061,Zea_mays,6,4,1.20E-05
OG0003061,Sorghum_bicolor,2,0,0.586825
OG0003061,Hordeum_vulgare,2,0,0.543596
OG0003061,Triticum_aestivum,1,-1,0.0228136
OG0003061,Oryza_sativa,2,0,0.678483
OG0003061,Brachypodium_distachyon,2,0,0.62392
OG0003072,Avena_sativa,3,1,0.0565411
OG0003072,Arabidopsis_thaliana,2,0,0.83681
OG0003072,Triticum_turgidum,2,0,0.515209
OG0003072,Zea_mays,3,1,0.0476668
OG0003072,Sorghum_bicolor,2,0,0.586825
OG0003072,Hordeum_vulgare,0,-2,0.000304881
OG0003072,Triticum_aestivum,2,0,0.515209
OG0003072,Oryza_sativa,2,0,0.678483
OG0003072,Brachypodium_distachyon,3,1,0.0711731
OG0003074,Avena_sativa,1,-1,0.15204
OG0003074,Arabidopsis_thaliana,2,0,0.83681
OG0003074,Triticum_turgidum,1,0,0.507693
OG0003074,Zea_mays,4,0,0.65174
OG0003074,Sorghum_bicolor,7,3,0.00127647
OG0003074,Hordeum_vulgare,2,0,0.543596
OG0003074,Triticum_aestivum,1,0,0.507693
OG0003074,Oryza_sativa,3,0,0.730477
OG0003074,Brachypodium_distachyon,2,0,0.62392
OG0003080,Avena_sativa,0,-2,0.00222918
OG0003080,Arabidopsis_thaliana,2,0,0.83681
OG0003080,Triticum_turgidum,1,-1,0.0228136
OG0003080,Zea_mays,4,0,0.65174
OG0003080,Sorghum_bicolor,6,2,0.0210788
OG0003080,Hordeum_vulgare,2,0,0.543596
OG0003080,Triticum_aestivum,2,0,0.515209
OG0003080,Oryza_sativa,2,0,0.678483
OG0003080,Brachypodium_distachyon,4,2,0.0120187
OG0003085,Avena_sativa,2,0,0.601244
OG0003085,Arabidopsis_thaliana,2,0,0.83681
OG0003085,Triticum_turgidum,1,0,0.507693
OG0003085,Zea_mays,3,1,0.0476668
OG0003085,Sorghum_bicolor,2,0,0.586825
OG0003085,Hordeum_vulgare,0,-1,0.0337031
OG0003085,Triticum_aestivum,2,1,0.00386114
OG0003085,Oryza_sativa,7,5,4.19E-05
OG0003085,Brachypodium_distachyon,2,0,0.62392
OG0003088,Avena_sativa,1,0,0.555086
OG0003088,Arabidopsis_thaliana,1,0,0.756301
OG0003088,Triticum_turgidum,2,0,0.515209
OG0003088,Zea_mays,3,1,0.0476668
OG0003088,Sorghum_bicolor,2,0,0.586825
OG0003088,Hordeum_vulgare,2,0,0.543596
OG0003088,Triticum_aestivum,4,2,0.000148177
OG0003088,Oryza_sativa,1,0,0.605212
OG0003088,Brachypodium_distachyon,1,0,0.56891
OG0003090,Avena_sativa,2,0,0.601244
OG0003090,Arabidopsis_thaliana,1,0,0.756301
OG0003090,Triticum_turgidum,4,2,0.000148177
OG0003090,Zea_mays,2,0,0.586825
OG0003090,Sorghum_bicolor,2,0,0.586825
OG0003090,Hordeum_vulgare,2,0,0.543596
OG0003090,Triticum_aestivum,2,0,0.515209
OG0003090,Oryza_sativa,1,-1,0.268992
OG0003090,Brachypodium_distachyon,1,-1,0.186225
OG0003096,Avena_sativa,1,0,0.555086
OG0003096,Arabidopsis_thaliana,1,0,0.756301
OG0003096,Triticum_turgidum,2,0,0.515209
OG0003096,Zea_mays,11,9,5.91E-12
OG0003096,Sorghum_bicolor,1,-1,0.130342
OG0003096,Hordeum_vulgare,4,2,0.0012774
OG0003096,Triticum_aestivum,1,-1,0.0228136
OG0003096,Oryza_sativa,1,0,0.605212
OG0003096,Brachypodium_distachyon,1,0,0.56891
OG0003104,Avena_sativa,3,1,0.0565411
OG0003104,Arabidopsis_thaliana,1,0,0.756301
OG0003104,Triticum_turgidum,2,0,0.515209
OG0003104,Zea_mays,2,1,0.0238258
OG0003104,Sorghum_bicolor,1,0,0.54662
OG0003104,Hordeum_vulgare,2,0,0.543596
OG0003104,Triticum_aestivum,3,1,0.00772228
OG0003104,Oryza_sativa,1,0,0.605212
OG0003104,Brachypodium_distachyon,1,0,0.56891
OG0003107,Avena_sativa,3,1,0.0565411
OG0003107,Arabidopsis_thaliana,1,0,0.756301
OG0003107,Triticum_turgidum,1,0,0.507693
OG0003107,Zea_mays,2,0,0.586825
OG0003107,Sorghum_bicolor,6,4,1.20E-05
OG0003107,Hordeum_vulgare,2,0,0.543596
OG0003107,Triticum_aestivum,1,0,0.507693
OG0003107,Oryza_sativa,1,-1,0.268992
OG0003107,Brachypodium_distachyon,2,0,0.62392
OG0003110,Avena_sativa,2,0,0.601244
OG0003110,Arabidopsis_thaliana,1,0,0.756301
OG0003110,Triticum_turgidum,2,0,0.515209
OG0003110,Zea_mays,6,4,1.20E-05
OG0003110,Sorghum_bicolor,2,0,0.586825
OG0003110,Hordeum_vulgare,2,0,0.543596
OG0003110,Triticum_aestivum,2,0,0.515209
OG0003110,Oryza_sativa,1,-1,0.268992
OG0003110,Brachypodium_distachyon,2,0,0.62392
OG0003113,Avena_sativa,1,-1,0.15204
OG0003113,Arabidopsis_thaliana,2,0,0.83681
OG0003113,Triticum_turgidum,2,0,0.515209
OG0003113,Zea_mays,5,3,0.00020209
OG0003113,Sorghum_bicolor,2,0,0.586825
OG0003113,Hordeum_vulgare,4,2,0.0012774
OG0003113,Triticum_aestivum,2,0,0.515209
OG0003113,Oryza_sativa,1,-1,0.268992
OG0003113,Brachypodium_distachyon,2,0,0.62392
OG0003119,Avena_sativa,2,0,0.601244
OG0003119,Arabidopsis_thaliana,1,0,0.756301
OG0003119,Triticum_turgidum,4,1,0.0115823
OG0003119,Zea_mays,2,1,0.0238258
OG0003119,Sorghum_bicolor,1,0,0.54662
OG0003119,Hordeum_vulgare,3,0,0.563236
OG0003119,Triticum_aestivum,3,0,0.522552
OG0003119,Oryza_sativa,1,0,0.605212
OG0003119,Brachypodium_distachyon,1,0,0.56891
OG0003124,Avena_sativa,1,-1,0.15204
OG0003124,Arabidopsis_thaliana,1,0,0.756301
OG0003124,Triticum_turgidum,2,0,0.515209
OG0003124,Zea_mays,10,8,1.11E-10
OG0003124,Sorghum_bicolor,1,-1,0.130342
OG0003124,Hordeum_vulgare,1,-1,0.0654064
OG0003124,Triticum_aestivum,2,0,0.515209
OG0003124,Oryza_sativa,1,-1,0.268992
OG0003124,Brachypodium_distachyon,2,0,0.62392
OG0003126,Avena_sativa,0,-2,0.00222918
OG0003126,Arabidopsis_thaliana,2,0,0.83681
OG0003126,Triticum_turgidum,4,1,0.0115823
OG0003126,Zea_mays,2,0,0.586825
OG0003126,Sorghum_bicolor,3,1,0.0476668
OG0003126,Hordeum_vulgare,3,0,0.563236
OG0003126,Triticum_aestivum,3,0,0.522552
OG0003126,Oryza_sativa,1,-1,0.268992
OG0003126,Brachypodium_distachyon,2,0,0.62392
OG0003138,Avena_sativa,1,0,0.555086
OG0003138,Arabidopsis_thaliana,2,1,0.137178
OG0003138,Triticum_turgidum,3,0,0.522552
OG0003138,Zea_mays,1,0,0.54662
OG0003138,Sorghum_bicolor,3,2,0.00113794
OG0003138,Hordeum_vulgare,2,0,0.543596
OG0003138,Triticum_aestivum,4,1,0.0115823
OG0003138,Oryza_sativa,0,-1,0.154715
OG0003138,Brachypodium_distachyon,1,0,0.56891
OG0003150,Avena_sativa,6,4,2.35E-05
OG0003150,Arabidopsis_thaliana,1,0,0.756301
OG0003150,Triticum_turgidum,1,0,0.507693
OG0003150,Zea_mays,1,0,0.54662
OG0003150,Sorghum_bicolor,2,1,0.0238258
OG0003150,Hordeum_vulgare,2,0,0.543596
OG0003150,Triticum_aestivum,1,0,0.507693
OG0003150,Oryza_sativa,1,0,0.605212
OG0003150,Brachypodium_distachyon,0,-1,0.102088
OG0003153,Avena_sativa,2,0,0.601244
OG0003153,Arabidopsis_thaliana,1,0,0.756301
OG0003153,Triticum_turgidum,2,0,0.515209
OG0003153,Zea_mays,6,4,1.20E-05
OG0003153,Sorghum_bicolor,2,0,0.586825
OG0003153,Hordeum_vulgare,2,0,0.543596
OG0003153,Triticum_aestivum,2,0,0.515209
OG0003153,Oryza_sativa,1,-1,0.268992
OG0003153,Brachypodium_distachyon,3,1,0.0711731
OG0003212,Avena_sativa,1,0,0.555086
OG0003212,Arabidopsis_thaliana,2,1,0.137178
OG0003212,Triticum_turgidum,1,0,0.507693
OG0003212,Zea_mays,14,12,8.35E-16
OG0003212,Sorghum_bicolor,1,-1,0.130342
OG0003212,Hordeum_vulgare,1,0,0.522556
OG0003212,Triticum_aestivum,1,0,0.507693
OG0003212,Oryza_sativa,1,0,0.605212
OG0003212,Brachypodium_distachyon,1,0,0.56891
OG0003220,Avena_sativa,2,0,0.601244
OG0003220,Arabidopsis_thaliana,1,0,0.756301
OG0003220,Triticum_turgidum,2,0,0.515209
OG0003220,Zea_mays,5,3,0.00020209
OG0003220,Sorghum_bicolor,2,0,0.586825
OG0003220,Hordeum_vulgare,2,0,0.543596
OG0003220,Triticum_aestivum,1,-1,0.0228136
OG0003220,Oryza_sativa,3,1,0.110464
OG0003220,Brachypodium_distachyon,2,0,0.62392
OG0003230,Avena_sativa,0,-2,0.00222918
OG0003230,Arabidopsis_thaliana,2,0,0.83681
OG0003230,Triticum_turgidum,3,0,0.522552
OG0003230,Zea_mays,3,0,0.621591
OG0003230,Sorghum_bicolor,3,0,0.621591
OG0003230,Hordeum_vulgare,2,0,0.543596
OG0003230,Triticum_aestivum,3,0,0.522552
OG0003230,Oryza_sativa,0,-2,0.0102411
OG0003230,Brachypodium_distachyon,3,1,0.0711731
OG0003240,Avena_sativa,2,0,0.601244
OG0003240,Arabidopsis_thaliana,3,1,0.294252
OG0003240,Triticum_turgidum,2,0,0.515209
OG0003240,Zea_mays,2,0,0.586825
OG0003240,Sorghum_bicolor,1,-1,0.130342
OG0003240,Hordeum_vulgare,5,3,2.29E-05
OG0003240,Triticum_aestivum,2,0,0.515209
OG0003240,Oryza_sativa,1,-1,0.268992
OG0003240,Brachypodium_distachyon,2,0,0.62392
OG0003244,Avena_sativa,2,0,0.601244
OG0003244,Arabidopsis_thaliana,1,0,0.756301
OG0003244,Triticum_turgidum,2,0,0.515209
OG0003244,Zea_mays,6,4,1.20E-05
OG0003244,Sorghum_bicolor,2,0,0.586825
OG0003244,Hordeum_vulgare,2,0,0.543596
OG0003244,Triticum_aestivum,1,-1,0.0228136
OG0003244,Oryza_sativa,2,0,0.678483
OG0003244,Brachypodium_distachyon,2,0,0.62392
OG0003245,Avena_sativa,2,0,0.601244
OG0003245,Arabidopsis_thaliana,1,0,0.756301
OG0003245,Triticum_turgidum,2,0,0.515209
OG0003245,Zea_mays,0,-2,0.001522
OG0003245,Sorghum_bicolor,3,1,0.0476668
OG0003245,Hordeum_vulgare,3,1,0.0228047
OG0003245,Triticum_aestivum,2,0,0.515209
OG0003245,Oryza_sativa,3,1,0.110464
OG0003245,Brachypodium_distachyon,2,0,0.62392
OG0003272,Avena_sativa,2,0,0.601244
OG0003272,Arabidopsis_thaliana,4,2,0.0815
OG0003272,Triticum_turgidum,2,0,0.515209
OG0003272,Zea_mays,2,0,0.586825
OG0003272,Sorghum_bicolor,3,1,0.0476668
OG0003272,Hordeum_vulgare,1,-1,0.0654064
OG0003272,Triticum_aestivum,1,-1,0.0228136
OG0003272,Oryza_sativa,4,2,0.0281791
OG0003272,Brachypodium_distachyon,1,-1,0.186225
OG0003273,Avena_sativa,2,0,0.601244
OG0003273,Arabidopsis_thaliana,5,3,0.030694
OG0003273,Triticum_turgidum,0,-2,3.16E-05
OG0003273,Zea_mays,3,1,0.0476668
OG0003273,Sorghum_bicolor,2,0,0.586825
OG0003273,Hordeum_vulgare,2,0,0.543596
OG0003273,Triticum_aestivum,2,0,0.515209
OG0003273,Oryza_sativa,2,0,0.678483
OG0003273,Brachypodium_distachyon,2,0,0.62392
OG0003280,Avena_sativa,1,-1,0.15204
OG0003280,Arabidopsis_thaliana,1,0,0.756301
OG0003280,Triticum_turgidum,3,0,0.522552
OG0003280,Zea_mays,2,0,0.586825
OG0003280,Sorghum_bicolor,2,0,0.586825
OG0003280,Hordeum_vulgare,0,-2,0.000304881
OG0003280,Triticum_aestivum,3,0,0.522552
OG0003280,Oryza_sativa,0,-2,0.0102411
OG0003280,Brachypodium_distachyon,3,1,0.0711731
OG0003287,Avena_sativa,4,2,0.00766286
OG0003287,Arabidopsis_thaliana,3,1,0.294252
OG0003287,Triticum_turgidum,2,0,0.515209
OG0003287,Zea_mays,0,-2,0.001522
OG0003287,Sorghum_bicolor,2,0,0.586825
OG0003287,Hordeum_vulgare,3,1,0.0228047
OG0003287,Triticum_aestivum,0,-2,3.16E-05
OG0003287,Oryza_sativa,3,1,0.110464
OG0003287,Brachypodium_distachyon,1,-1,0.186225
OG0003290,Avena_sativa,0,-2,0.00222918
OG0003290,Arabidopsis_thaliana,2,0,0.83681
OG0003290,Triticum_turgidum,2,0,0.515209
OG0003290,Zea_mays,1,-1,0.130342
OG0003290,Sorghum_bicolor,5,3,0.00020209
OG0003290,Hordeum_vulgare,2,0,0.543596
OG0003290,Triticum_aestivum,3,1,0.00772228
OG0003290,Oryza_sativa,2,0,0.678483
OG0003290,Brachypodium_distachyon,2,0,0.62392
OG0003296,Avena_sativa,1,-1,0.15204
OG0003296,Arabidopsis_thaliana,10,7,0.00117825
OG0003296,Triticum_turgidum,0,-1,0.0115245
OG0003296,Zea_mays,0,-2,0.001522
OG0003296,Sorghum_bicolor,2,0,0.586825
OG0003296,Hordeum_vulgare,2,0,0.543596
OG0003296,Triticum_aestivum,1,0,0.507693
OG0003296,Oryza_sativa,4,1,0.163122
OG0003296,Brachypodium_distachyon,4,1,0.106012
OG0003301,Avena_sativa,1,0,0.555086
OG0003301,Arabidopsis_thaliana,1,0,0.756301
OG0003301,Triticum_turgidum,2,1,0.00386114
OG0003301,Zea_mays,0,0,0.5
OG0003301,Sorghum_bicolor,0,0,0.5
OG0003301,Hordeum_vulgare,1,0,0.522556
OG0003301,Triticum_aestivum,0,-1,0.0115245
OG0003301,Oryza_sativa,6,4,0.000315882
OG0003301,Brachypodium_distachyon,14,12,1.00E-13
OG0003308,Avena_sativa,2,0,0.601244
OG0003308,Arabidopsis_thaliana,3,1,0.294252
OG0003308,Triticum_turgidum,1,-1,0.0228136
OG0003308,Zea_mays,4,2,0.00548055
OG0003308,Sorghum_bicolor,2,0,0.586825
OG0003308,Hordeum_vulgare,3,1,0.0228047
OG0003308,Triticum_aestivum,2,0,0.515209
OG0003308,Oryza_sativa,1,-1,0.268992
OG0003308,Brachypodium_distachyon,1,-1,0.186225
OG0003311,Avena_sativa,1,-1,0.15204
OG0003311,Arabidopsis_thaliana,1,0,0.756301
OG0003311,Triticum_turgidum,2,-1,0.033873
OG0003311,Zea_mays,3,1,0.0476668
OG0003311,Sorghum_bicolor,2,0,0.586825
OG0003311,Hordeum_vulgare,3,0,0.563236
OG0003311,Triticum_aestivum,3,0,0.522552
OG0003311,Oryza_sativa,2,0,0.678483
OG0003311,Brachypodium_distachyon,1,-1,0.186225
OG0003317,Avena_sativa,0,-2,0.00222918
OG0003317,Arabidopsis_thaliana,3,0,0.871099
OG0003317,Triticum_turgidum,2,0,0.515209
OG0003317,Zea_mays,4,1,0.0712625
OG0003317,Sorghum_bicolor,2,-1,0.18413
OG0003317,Hordeum_vulgare,1,-1,0.0654064
OG0003317,Triticum_aestivum,3,1,0.00772228
OG0003317,Oryza_sativa,4,1,0.163122
OG0003317,Brachypodium_distachyon,2,0,0.62392
OG0003321,Avena_sativa,1,0,0.555086
OG0003321,Arabidopsis_thaliana,1,0,0.756301
OG0003321,Triticum_turgidum,1,0,0.507693
OG0003321,Zea_mays,15,13,4.29E-17
OG0003321,Sorghum_bicolor,1,-1,0.130342
OG0003321,Hordeum_vulgare,1,0,0.522556
OG0003321,Triticum_aestivum,1,0,0.507693
OG0003321,Oryza_sativa,1,0,0.605212
OG0003321,Brachypodium_distachyon,1,0,0.56891
OG0003326,Avena_sativa,1,0,0.555086
OG0003326,Arabidopsis_thaliana,1,0,0.756301
OG0003326,Triticum_turgidum,1,0,0.507693
OG0003326,Zea_mays,15,13,4.29E-17
OG0003326,Sorghum_bicolor,1,-1,0.130342
OG0003326,Hordeum_vulgare,1,0,0.522556
OG0003326,Triticum_aestivum,1,0,0.507693
OG0003326,Oryza_sativa,1,0,0.605212
OG0003326,Brachypodium_distachyon,1,0,0.56891
OG0003350,Avena_sativa,1,0,0.555086
OG0003350,Arabidopsis_thaliana,1,0,0.756301
OG0003350,Triticum_turgidum,1,0,0.507693
OG0003350,Zea_mays,14,11,9.60E-14
OG0003350,Sorghum_bicolor,2,-1,0.18413
OG0003350,Hordeum_vulgare,1,0,0.522556
OG0003350,Triticum_aestivum,1,0,0.507693
OG0003350,Oryza_sativa,2,0,0.678483
OG0003350,Brachypodium_distachyon,1,0,0.56891
OG0003358,Avena_sativa,2,0,0.601244
OG0003358,Arabidopsis_thaliana,1,0,0.756301
OG0003358,Triticum_turgidum,2,0,0.515209
OG0003358,Zea_mays,2,0,0.586825
OG0003358,Sorghum_bicolor,2,0,0.586825
OG0003358,Hordeum_vulgare,0,-2,0.000304881
OG0003358,Triticum_aestivum,3,1,0.00772228
OG0003358,Oryza_sativa,1,-1,0.268992
OG0003358,Brachypodium_distachyon,2,0,0.62392
OG0003368,Avena_sativa,1,0,0.555086
OG0003368,Arabidopsis_thaliana,2,1,0.137178
OG0003368,Triticum_turgidum,3,2,2.98E-05
OG0003368,Zea_mays,9,8,1.35E-11
OG0003368,Sorghum_bicolor,1,0,0.54662
OG0003368,Hordeum_vulgare,1,0,0.522556
OG0003368,Triticum_aestivum,1,0,0.507693
OG0003368,Oryza_sativa,1,0,0.605212
OG0003368,Brachypodium_distachyon,1,0,0.56891
OG0003378,Avena_sativa,2,0,0.601244
OG0003378,Arabidopsis_thaliana,2,0,0.83681
OG0003378,Triticum_turgidum,2,0,0.515209
OG0003378,Zea_mays,4,2,0.00548055
OG0003378,Sorghum_bicolor,2,0,0.586825
OG0003378,Hordeum_vulgare,0,-2,0.000304881
OG0003378,Triticum_aestivum,2,0,0.515209
OG0003378,Oryza_sativa,2,0,0.678483
OG0003378,Brachypodium_distachyon,2,0,0.62392
OG0003380,Avena_sativa,2,0,0.601244
OG0003380,Arabidopsis_thaliana,2,0,0.83681
OG0003380,Triticum_turgidum,2,0,0.515209
OG0003380,Zea_mays,2,0,0.586825
OG0003380,Sorghum_bicolor,5,3,0.00020209
OG0003380,Hordeum_vulgare,2,0,0.543596
OG0003380,Triticum_aestivum,1,-1,0.0228136
OG0003380,Oryza_sativa,1,-1,0.268992
OG0003380,Brachypodium_distachyon,2,0,0.62392
OG0003381,Avena_sativa,1,-1,0.15204
OG0003381,Arabidopsis_thaliana,2,0,0.83681
OG0003381,Triticum_turgidum,2,0,0.515209
OG0003381,Zea_mays,1,-1,0.130342
OG0003381,Sorghum_bicolor,2,0,0.586825
OG0003381,Hordeum_vulgare,6,4,6.53E-07
OG0003381,Triticum_aestivum,2,0,0.515209
OG0003381,Oryza_sativa,2,0,0.678483
OG0003381,Brachypodium_distachyon,3,1,0.0711731
OG0003383,Avena_sativa,1,0,0.555086
OG0003383,Arabidopsis_thaliana,2,1,0.137178
OG0003383,Triticum_turgidum,2,-1,0.033873
OG0003383,Zea_mays,1,0,0.54662
OG0003383,Sorghum_bicolor,2,1,0.0238258
OG0003383,Hordeum_vulgare,3,0,0.563236
OG0003383,Triticum_aestivum,4,1,0.0115823
OG0003383,Oryza_sativa,1,0,0.605212
OG0003383,Brachypodium_distachyon,1,0,0.56891
OG0003386,Avena_sativa,2,0,0.601244
OG0003386,Arabidopsis_thaliana,1,0,0.756301
OG0003386,Triticum_turgidum,2,0,0.515209
OG0003386,Zea_mays,9,6,1.40E-07
OG0003386,Sorghum_bicolor,2,-1,0.18413
OG0003386,Hordeum_vulgare,1,-1,0.0654064
OG0003386,Triticum_aestivum,2,0,0.515209
OG0003386,Oryza_sativa,0,-2,0.0102411
OG0003386,Brachypodium_distachyon,1,-1,0.186225
OG0003388,Avena_sativa,1,-1,0.15204
OG0003388,Arabidopsis_thaliana,4,2,0.0815
OG0003388,Triticum_turgidum,2,0,0.515209
OG0003388,Zea_mays,3,0,0.621591
OG0003388,Sorghum_bicolor,4,1,0.0712625
OG0003388,Hordeum_vulgare,2,0,0.543596
OG0003388,Triticum_aestivum,1,-1,0.0228136
OG0003388,Oryza_sativa,1,-1,0.268992
OG0003388,Brachypodium_distachyon,5,3,0.000650462
OG0003390,Avena_sativa,2,0,0.601244
OG0003390,Arabidopsis_thaliana,1,0,0.756301
OG0003390,Triticum_turgidum,1,0,0.507693
OG0003390,Zea_mays,9,6,1.40E-07
OG0003390,Sorghum_bicolor,2,-1,0.18413
OG0003390,Hordeum_vulgare,1,0,0.522556
OG0003390,Triticum_aestivum,1,0,0.507693
OG0003390,Oryza_sativa,2,0,0.678483
OG0003390,Brachypodium_distachyon,1,-1,0.186225
OG0003403,Avena_sativa,2,0,0.601244
OG0003403,Arabidopsis_thaliana,3,0,0.871099
OG0003403,Triticum_turgidum,0,-1,0.0115245
OG0003403,Zea_mays,3,0,0.621591
OG0003403,Sorghum_bicolor,3,0,0.621591
OG0003403,Hordeum_vulgare,0,-1,0.0337031
OG0003403,Triticum_aestivum,1,0,0.507693
OG0003403,Oryza_sativa,4,1,0.163122
OG0003403,Brachypodium_distachyon,3,0,0.668125
OG0003408,Avena_sativa,2,0,0.601244
OG0003408,Arabidopsis_thaliana,1,-1,0.526493
OG0003408,Triticum_turgidum,1,0,0.507693
OG0003408,Zea_mays,7,4,3.33E-05
OG0003408,Sorghum_bicolor,3,0,0.621591
OG0003408,Hordeum_vulgare,1,0,0.522556
OG0003408,Triticum_aestivum,1,0,0.507693
OG0003408,Oryza_sativa,3,0,0.730477
OG0003408,Brachypodium_distachyon,2,0,0.62392
OG0003427,Avena_sativa,1,0,0.555086
OG0003427,Arabidopsis_thaliana,1,0,0.756301
OG0003427,Triticum_turgidum,2,0,0.515209
OG0003427,Zea_mays,4,3,5.43E-05
OG0003427,Sorghum_bicolor,1,0,0.54662
OG0003427,Hordeum_vulgare,2,0,0.543596
OG0003427,Triticum_aestivum,4,2,0.000148177
OG0003427,Oryza_sativa,1,0,0.605212
OG0003427,Brachypodium_distachyon,1,0,0.56891
OG0003441,Avena_sativa,1,-1,0.15204
OG0003441,Arabidopsis_thaliana,1,0,0.756301
OG0003441,Triticum_turgidum,1,-1,0.0228136
OG0003441,Zea_mays,1,-1,0.130342
OG0003441,Sorghum_bicolor,2,0,0.586825
OG0003441,Hordeum_vulgare,2,0,0.543596
OG0003441,Triticum_aestivum,2,0,0.515209
OG0003441,Oryza_sativa,10,8,8.57E-08
OG0003441,Brachypodium_distachyon,1,-1,0.186225
OG0003443,Avena_sativa,2,0,0.601244
OG0003443,Arabidopsis_thaliana,1,0,0.756301
OG0003443,Triticum_turgidum,0,-2,3.16E-05
OG0003443,Zea_mays,1,-1,0.130342
OG0003443,Sorghum_bicolor,2,0,0.586825
OG0003443,Hordeum_vulgare,2,0,0.543596
OG0003443,Triticum_aestivum,3,1,0.00772228
OG0003443,Oryza_sativa,2,0,0.678483
OG0003443,Brachypodium_distachyon,5,3,0.000650462
OG0003452,Avena_sativa,3,1,0.0565411
OG0003452,Arabidopsis_thaliana,1,0,0.756301
OG0003452,Triticum_turgidum,2,0,0.515209
OG0003452,Zea_mays,4,2,0.00548055
OG0003452,Sorghum_bicolor,2,0,0.586825
OG0003452,Hordeum_vulgare,0,-2,0.000304881
OG0003452,Triticum_aestivum,2,0,0.515209
OG0003452,Oryza_sativa,2,0,0.678483
OG0003452,Brachypodium_distachyon,2,0,0.62392
OG0003457,Avena_sativa,1,-1,0.15204
OG0003457,Arabidopsis_thaliana,1,-1,0.526493
OG0003457,Triticum_turgidum,2,0,0.515209
OG0003457,Zea_mays,4,1,0.0712625
OG0003457,Sorghum_bicolor,3,0,0.621591
OG0003457,Hordeum_vulgare,4,2,0.0012774
OG0003457,Triticum_aestivum,2,0,0.515209
OG0003457,Oryza_sativa,3,0,0.730477
OG0003457,Brachypodium_distachyon,2,0,0.62392
OG0003462,Avena_sativa,1,0,0.555086
OG0003462,Arabidopsis_thaliana,1,0,0.756301
OG0003462,Triticum_turgidum,4,0,0.529727
OG0003462,Zea_mays,1,0,0.54662
OG0003462,Sorghum_bicolor,1,0,0.54662
OG0003462,Hordeum_vulgare,3,0,0.563236
OG0003462,Triticum_aestivum,4,0,0.529727
OG0003462,Oryza_sativa,0,-1,0.154715
OG0003462,Brachypodium_distachyon,1,0,0.56891
OG0003464,Avena_sativa,1,-1,0.15204
OG0003464,Arabidopsis_thaliana,1,0,0.756301
OG0003464,Triticum_turgidum,2,0,0.515209
OG0003464,Zea_mays,6,4,1.20E-05
OG0003464,Sorghum_bicolor,2,0,0.586825
OG0003464,Hordeum_vulgare,2,0,0.543596
OG0003464,Triticum_aestivum,2,0,0.515209
OG0003464,Oryza_sativa,3,1,0.110464
OG0003464,Brachypodium_distachyon,2,0,0.62392
OG0003466,Avena_sativa,1,0,0.555086
OG0003466,Arabidopsis_thaliana,1,0,0.756301
OG0003466,Triticum_turgidum,5,4,1.78E-09
OG0003466,Zea_mays,0,-1,0.0693598
OG0003466,Sorghum_bicolor,4,3,5.43E-05
OG0003466,Hordeum_vulgare,0,-1,0.0337031
OG0003466,Triticum_aestivum,1,0,0.507693
OG0003466,Oryza_sativa,0,-1,0.154715
OG0003466,Brachypodium_distachyon,6,5,9.27E-07
OG0003517,Avena_sativa,1,0,0.555086
OG0003517,Arabidopsis_thaliana,1,0,0.756301
OG0003517,Triticum_turgidum,1,0,0.507693
OG0003517,Zea_mays,13,12,7.03E-17
OG0003517,Sorghum_bicolor,0,-1,0.0693598
OG0003517,Hordeum_vulgare,1,0,0.522556
OG0003517,Triticum_aestivum,3,2,2.98E-05
OG0003517,Oryza_sativa,0,-1,0.154715
OG0003517,Brachypodium_distachyon,0,-1,0.102088
OG0003520,Avena_sativa,0,-1,0.0818261
OG0003520,Arabidopsis_thaliana,1,0,0.756301
OG0003520,Triticum_turgidum,3,0,0.522552
OG0003520,Zea_mays,0,0,0.5
OG0003520,Sorghum_bicolor,0,0,0.5
OG0003520,Hordeum_vulgare,18,15,1.47E-23
OG0003520,Triticum_aestivum,0,-3,2.82E-07
OG0003520,Oryza_sativa,1,0,0.605212
OG0003520,Brachypodium_distachyon,0,-1,0.102088
OG0003544,Avena_sativa,2,0,0.601244
OG0003544,Arabidopsis_thaliana,1,0,0.756301
OG0003544,Triticum_turgidum,1,-1,0.0228136
OG0003544,Zea_mays,4,2,0.00548055
OG0003544,Sorghum_bicolor,2,0,0.586825
OG0003544,Hordeum_vulgare,4,2,0.0012774
OG0003544,Triticum_aestivum,2,0,0.515209
OG0003544,Oryza_sativa,2,0,0.678483
OG0003544,Brachypodium_distachyon,2,0,0.62392
OG0003558,Avena_sativa,2,0,0.601244
OG0003558,Arabidopsis_thaliana,3,1,0.294252
OG0003558,Triticum_turgidum,1,0,0.507693
OG0003558,Zea_mays,6,2,0.0210788
OG0003558,Sorghum_bicolor,4,0,0.65174
OG0003558,Hordeum_vulgare,0,-1,0.0337031
OG0003558,Triticum_aestivum,1,0,0.507693
OG0003558,Oryza_sativa,1,-1,0.268992
OG0003558,Brachypodium_distachyon,2,0,0.62392
OG0003566,Avena_sativa,2,0,0.601244
OG0003566,Arabidopsis_thaliana,2,0,0.83681
OG0003566,Triticum_turgidum,2,0,0.515209
OG0003566,Zea_mays,2,0,0.586825
OG0003566,Sorghum_bicolor,4,2,0.00548055
OG0003566,Hordeum_vulgare,0,-2,0.000304881
OG0003566,Triticum_aestivum,2,0,0.515209
OG0003566,Oryza_sativa,1,-1,0.268992
OG0003566,Brachypodium_distachyon,2,0,0.62392
OG0003578,Avena_sativa,1,0,0.555086
OG0003578,Arabidopsis_thaliana,3,1,0.294252
OG0003578,Triticum_turgidum,2,0,0.515209
OG0003578,Zea_mays,1,-1,0.130342
OG0003578,Sorghum_bicolor,2,0,0.586825
OG0003578,Hordeum_vulgare,1,0,0.522556
OG0003578,Triticum_aestivum,3,1,0.00772228
OG0003578,Oryza_sativa,2,0,0.678483
OG0003578,Brachypodium_distachyon,1,0,0.56891
OG0003587,Avena_sativa,0,-2,0.00222918
OG0003587,Arabidopsis_thaliana,3,1,0.294252
OG0003587,Triticum_turgidum,4,1,0.0115823
OG0003587,Zea_mays,2,0,0.586825
OG0003587,Sorghum_bicolor,2,0,0.586825
OG0003587,Hordeum_vulgare,3,0,0.563236
OG0003587,Triticum_aestivum,2,-1,0.033873
OG0003587,Oryza_sativa,2,0,0.678483
OG0003587,Brachypodium_distachyon,2,0,0.62392
OG0003590,Avena_sativa,2,0,0.601244
OG0003590,Arabidopsis_thaliana,3,1,0.294252
OG0003590,Triticum_turgidum,2,0,0.515209
OG0003590,Zea_mays,4,2,0.00548055
OG0003590,Sorghum_bicolor,1,-1,0.130342
OG0003590,Hordeum_vulgare,2,0,0.543596
OG0003590,Triticum_aestivum,2,0,0.515209
OG0003590,Oryza_sativa,0,-2,0.0102411
OG0003590,Brachypodium_distachyon,1,-1,0.186225
OG0003592,Avena_sativa,1,-1,0.15204
OG0003592,Arabidopsis_thaliana,3,1,0.294252
OG0003592,Triticum_turgidum,2,0,0.515209
OG0003592,Zea_mays,5,3,0.00020209
OG0003592,Sorghum_bicolor,2,0,0.586825
OG0003592,Hordeum_vulgare,2,0,0.543596
OG0003592,Triticum_aestivum,1,-1,0.0228136
OG0003592,Oryza_sativa,2,0,0.678483
OG0003592,Brachypodium_distachyon,2,0,0.62392
OG0003604,Avena_sativa,1,0,0.555086
OG0003604,Arabidopsis_thaliana,1,0,0.756301
OG0003604,Triticum_turgidum,3,0,0.522552
OG0003604,Zea_mays,1,0,0.54662
OG0003604,Sorghum_bicolor,1,0,0.54662
OG0003604,Hordeum_vulgare,1,0,0.522556
OG0003604,Triticum_aestivum,4,1,0.0115823
OG0003604,Oryza_sativa,1,0,0.605212
OG0003604,Brachypodium_distachyon,1,0,0.56891
OG0003605,Avena_sativa,3,1,0.0565411
OG0003605,Arabidopsis_thaliana,2,0,0.83681
OG0003605,Triticum_turgidum,0,-2,3.16E-05
OG0003605,Zea_mays,1,-1,0.130342
OG0003605,Sorghum_bicolor,2,0,0.586825
OG0003605,Hordeum_vulgare,2,0,0.543596
OG0003605,Triticum_aestivum,2,0,0.515209
OG0003605,Oryza_sativa,2,0,0.678483
OG0003605,Brachypodium_distachyon,2,0,0.62392
OG0003615,Avena_sativa,0,-2,0.00222918
OG0003615,Arabidopsis_thaliana,11,8,0.000431765
OG0003615,Triticum_turgidum,2,0,0.515209
OG0003615,Zea_mays,1,0,0.54662
OG0003615,Sorghum_bicolor,1,0,0.54662
OG0003615,Hordeum_vulgare,0,-2,0.000304881
OG0003615,Triticum_aestivum,2,0,0.515209
OG0003615,Oryza_sativa,2,0,0.678483
OG0003615,Brachypodium_distachyon,2,0,0.62392
OG0003623,Avena_sativa,3,1,0.0565411
OG0003623,Arabidopsis_thaliana,2,0,0.83681
OG0003623,Triticum_turgidum,0,-1,0.0115245
OG0003623,Zea_mays,3,1,0.0476668
OG0003623,Sorghum_bicolor,2,0,0.586825
OG0003623,Hordeum_vulgare,1,0,0.522556
OG0003623,Triticum_aestivum,2,1,0.00386114
OG0003623,Oryza_sativa,2,0,0.678483
OG0003623,Brachypodium_distachyon,2,0,0.62392
OG0003626,Avena_sativa,2,0,0.601244
OG0003626,Arabidopsis_thaliana,1,0,0.756301
OG0003626,Triticum_turgidum,2,0,0.515209
OG0003626,Zea_mays,2,0,0.586825
OG0003626,Sorghum_bicolor,2,0,0.586825
OG0003626,Hordeum_vulgare,0,-2,0.000304881
OG0003626,Triticum_aestivum,2,0,0.515209
OG0003626,Oryza_sativa,2,0,0.678483
OG0003626,Brachypodium_distachyon,4,2,0.0120187
OG0003628,Avena_sativa,5,4,5.15E-06
OG0003628,Arabidopsis_thaliana,2,1,0.137178
OG0003628,Triticum_turgidum,3,2,2.98E-05
OG0003628,Zea_mays,1,0,0.54662
OG0003628,Sorghum_bicolor,2,1,0.0238258
OG0003628,Hordeum_vulgare,0,-1,0.0337031
OG0003628,Triticum_aestivum,0,-1,0.0115245
OG0003628,Oryza_sativa,1,0,0.605212
OG0003628,Brachypodium_distachyon,0,-1,0.102088
OG0003641,Avena_sativa,1,0,0.555086
OG0003641,Arabidopsis_thaliana,1,0,0.756301
OG0003641,Triticum_turgidum,2,0,0.515209
OG0003641,Zea_mays,7,5,6.86E-07
OG0003641,Sorghum_bicolor,2,0,0.586825
OG0003641,Hordeum_vulgare,2,0,0.543596
OG0003641,Triticum_aestivum,2,0,0.515209
OG0003641,Oryza_sativa,1,0,0.605212
OG0003641,Brachypodium_distachyon,1,0,0.56891
OG0003656,Avena_sativa,2,0,0.601244
OG0003656,Arabidopsis_thaliana,1,0,0.756301
OG0003656,Triticum_turgidum,1,-1,0.0228136
OG0003656,Zea_mays,3,1,0.0476668
OG0003656,Sorghum_bicolor,2,0,0.586825
OG0003656,Hordeum_vulgare,5,3,2.29E-05
OG0003656,Triticum_aestivum,2,0,0.515209
OG0003656,Oryza_sativa,1,-1,0.268992
OG0003656,Brachypodium_distachyon,2,0,0.62392
OG0003665,Avena_sativa,1,0,0.555086
OG0003665,Arabidopsis_thaliana,1,0,0.756301
OG0003665,Triticum_turgidum,1,0,0.507693
OG0003665,Zea_mays,16,14,2.20E-18
OG0003665,Sorghum_bicolor,1,-1,0.130342
OG0003665,Hordeum_vulgare,1,0,0.522556
OG0003665,Triticum_aestivum,0,-1,0.0115245
OG0003665,Oryza_sativa,1,0,0.605212
OG0003665,Brachypodium_distachyon,1,0,0.56891
OG0003666,Avena_sativa,1,-1,0.15204
OG0003666,Arabidopsis_thaliana,2,0,0.83681
OG0003666,Triticum_turgidum,2,0,0.515209
OG0003666,Zea_mays,4,2,0.00548055
OG0003666,Sorghum_bicolor,2,0,0.586825
OG0003666,Hordeum_vulgare,2,0,0.543596
OG0003666,Triticum_aestivum,1,-1,0.0228136
OG0003666,Oryza_sativa,2,0,0.678483
OG0003666,Brachypodium_distachyon,4,2,0.0120187
OG0003668,Avena_sativa,2,0,0.601244
OG0003668,Arabidopsis_thaliana,1,0,0.756301
OG0003668,Triticum_turgidum,2,0,0.515209
OG0003668,Zea_mays,4,2,0.00548055
OG0003668,Sorghum_bicolor,2,0,0.586825
OG0003668,Hordeum_vulgare,0,-2,0.000304881
OG0003668,Triticum_aestivum,2,0,0.515209
OG0003668,Oryza_sativa,2,0,0.678483
OG0003668,Brachypodium_distachyon,2,0,0.62392
OG0003669,Avena_sativa,2,0,0.601244
OG0003669,Arabidopsis_thaliana,2,0,0.83681
OG0003669,Triticum_turgidum,2,0,0.515209
OG0003669,Zea_mays,1,-1,0.130342
OG0003669,Sorghum_bicolor,6,4,1.20E-05
OG0003669,Hordeum_vulgare,2,0,0.543596
OG0003669,Triticum_aestivum,1,-1,0.0228136
OG0003669,Oryza_sativa,2,0,0.678483
OG0003669,Brachypodium_distachyon,2,0,0.62392
OG0003672,Avena_sativa,0,-1,0.0818261
OG0003672,Arabidopsis_thaliana,1,0,0.756301
OG0003672,Triticum_turgidum,5,1,0.0154401
OG0003672,Zea_mays,0,0,0.5
OG0003672,Sorghum_bicolor,0,0,0.5
OG0003672,Hordeum_vulgare,2,0,0.543596
OG0003672,Triticum_aestivum,4,0,0.529727
OG0003672,Oryza_sativa,0,-1,0.154715
OG0003672,Brachypodium_distachyon,0,-1,0.102088
OG0003686,Avena_sativa,1,-1,0.15204
OG0003686,Arabidopsis_thaliana,2,0,0.83681
OG0003686,Triticum_turgidum,2,0,0.515209
OG0003686,Zea_mays,4,2,0.00548055
OG0003686,Sorghum_bicolor,1,-1,0.130342
OG0003686,Hordeum_vulgare,1,-1,0.0654064
OG0003686,Triticum_aestivum,2,0,0.515209
OG0003686,Oryza_sativa,1,-1,0.268992
OG0003686,Brachypodium_distachyon,2,0,0.62392
OG0003690,Avena_sativa,1,0,0.555086
OG0003690,Arabidopsis_thaliana,2,1,0.137178
OG0003690,Triticum_turgidum,2,-1,0.033873
OG0003690,Zea_mays,2,1,0.0238258
OG0003690,Sorghum_bicolor,1,0,0.54662
OG0003690,Hordeum_vulgare,3,0,0.563236
OG0003690,Triticum_aestivum,3,0,0.522552
OG0003690,Oryza_sativa,1,0,0.605212
OG0003690,Brachypodium_distachyon,1,0,0.56891
OG0003691,Avena_sativa,1,0,0.555086
OG0003691,Arabidopsis_thaliana,1,0,0.756301
OG0003691,Triticum_turgidum,2,1,0.00386114
OG0003691,Zea_mays,13,11,1.61E-14
OG0003691,Sorghum_bicolor,1,-1,0.130342
OG0003691,Hordeum_vulgare,1,0,0.522556
OG0003691,Triticum_aestivum,1,0,0.507693
OG0003691,Oryza_sativa,1,0,0.605212
OG0003691,Brachypodium_distachyon,1,0,0.56891
OG0003705,Avena_sativa,2,0,0.601244
OG0003705,Arabidopsis_thaliana,2,0,0.83681
OG0003705,Triticum_turgidum,2,0,0.515209
OG0003705,Zea_mays,4,2,0.00548055
OG0003705,Sorghum_bicolor,2,0,0.586825
OG0003705,Hordeum_vulgare,1,-1,0.0654064
OG0003705,Triticum_aestivum,2,0,0.515209
OG0003705,Oryza_sativa,0,-2,0.0102411
OG0003705,Brachypodium_distachyon,2,0,0.62392
OG0003713,Avena_sativa,2,0,0.601244
OG0003713,Arabidopsis_thaliana,2,0,0.83681
OG0003713,Triticum_turgidum,0,-2,3.16E-05
OG0003713,Zea_mays,1,-1,0.130342
OG0003713,Sorghum_bicolor,2,0,0.586825
OG0003713,Hordeum_vulgare,2,0,0.543596
OG0003713,Triticum_aestivum,2,0,0.515209
OG0003713,Oryza_sativa,4,2,0.0281791
OG0003713,Brachypodium_distachyon,2,0,0.62392
OG0003718,Avena_sativa,1,-1,0.15204
OG0003718,Arabidopsis_thaliana,1,0,0.756301
OG0003718,Triticum_turgidum,2,0,0.515209
OG0003718,Zea_mays,1,-1,0.130342
OG0003718,Sorghum_bicolor,2,0,0.586825
OG0003718,Hordeum_vulgare,3,1,0.0228047
OG0003718,Triticum_aestivum,2,0,0.515209
OG0003718,Oryza_sativa,4,2,0.0281791
OG0003718,Brachypodium_distachyon,1,-1,0.186225
OG0003723,Avena_sativa,1,0,0.555086
OG0003723,Arabidopsis_thaliana,1,0,0.756301
OG0003723,Triticum_turgidum,1,0,0.507693
OG0003723,Zea_mays,15,13,4.29E-17
OG0003723,Sorghum_bicolor,1,-1,0.130342
OG0003723,Hordeum_vulgare,1,0,0.522556
OG0003723,Triticum_aestivum,1,0,0.507693
OG0003723,Oryza_sativa,0,-1,0.154715
OG0003723,Brachypodium_distachyon,1,0,0.56891
OG0003724,Avena_sativa,2,0,0.601244
OG0003724,Arabidopsis_thaliana,1,0,0.756301
OG0003724,Triticum_turgidum,2,0,0.515209
OG0003724,Zea_mays,7,5,6.86E-07
OG0003724,Sorghum_bicolor,2,0,0.586825
OG0003724,Hordeum_vulgare,1,-1,0.0654064
OG0003724,Triticum_aestivum,2,0,0.515209
OG0003724,Oryza_sativa,1,-1,0.268992
OG0003724,Brachypodium_distachyon,2,0,0.62392
OG0003727,Avena_sativa,1,-1,0.15204
OG0003727,Arabidopsis_thaliana,5,2,0.142253
OG0003727,Triticum_turgidum,2,0,0.515209
OG0003727,Zea_mays,2,-1,0.18413
OG0003727,Sorghum_bicolor,4,1,0.0712625
OG0003727,Hordeum_vulgare,2,0,0.543596
OG0003727,Triticum_aestivum,1,-1,0.0228136
OG0003727,Oryza_sativa,3,0,0.730477
OG0003727,Brachypodium_distachyon,1,-1,0.186225
OG0003732,Avena_sativa,3,1,0.0565411
OG0003732,Arabidopsis_thaliana,1,0,0.756301
OG0003732,Triticum_turgidum,1,-1,0.0228136
OG0003732,Zea_mays,1,-1,0.130342
OG0003732,Sorghum_bicolor,3,1,0.0476668
OG0003732,Hordeum_vulgare,2,0,0.543596
OG0003732,Triticum_aestivum,2,0,0.515209
OG0003732,Oryza_sativa,2,0,0.678483
OG0003732,Brachypodium_distachyon,1,-1,0.186225
OG0003748,Avena_sativa,1,0,0.555086
OG0003748,Arabidopsis_thaliana,3,2,0.0414086
OG0003748,Triticum_turgidum,1,0,0.507693
OG0003748,Zea_mays,2,1,0.0238258
OG0003748,Sorghum_bicolor,1,0,0.54662
OG0003748,Hordeum_vulgare,11,10,1.91E-17
OG0003748,Triticum_aestivum,1,0,0.507693
OG0003748,Oryza_sativa,1,0,0.605212
OG0003748,Brachypodium_distachyon,1,0,0.56891
OG0003752,Avena_sativa,2,0,0.601244
OG0003752,Arabidopsis_thaliana,1,0,0.756301
OG0003752,Triticum_turgidum,3,0,0.522552
OG0003752,Zea_mays,2,1,0.0238258
OG0003752,Sorghum_bicolor,1,0,0.54662
OG0003752,Hordeum_vulgare,3,0,0.563236
OG0003752,Triticum_aestivum,2,-1,0.033873
OG0003752,Oryza_sativa,1,0,0.605212
OG0003752,Brachypodium_distachyon,1,0,0.56891
OG0003756,Avena_sativa,1,-1,0.15204
OG0003756,Arabidopsis_thaliana,2,0,0.83681
OG0003756,Triticum_turgidum,2,0,0.515209
OG0003756,Zea_mays,5,3,0.00020209
OG0003756,Sorghum_bicolor,1,-1,0.130342
OG0003756,Hordeum_vulgare,2,0,0.543596
OG0003756,Triticum_aestivum,2,0,0.515209
OG0003756,Oryza_sativa,1,-1,0.268992
OG0003756,Brachypodium_distachyon,2,0,0.62392
OG0003757,Avena_sativa,2,0,0.601244
OG0003757,Arabidopsis_thaliana,2,0,0.83681
OG0003757,Triticum_turgidum,0,-1,0.0115245
OG0003757,Zea_mays,4,2,0.00548055
OG0003757,Sorghum_bicolor,1,-1,0.130342
OG0003757,Hordeum_vulgare,0,-1,0.0337031
OG0003757,Triticum_aestivum,3,2,2.98E-05
OG0003757,Oryza_sativa,2,0,0.678483
OG0003757,Brachypodium_distachyon,3,1,0.0711731
OG0003758,Avena_sativa,3,1,0.0565411
OG0003758,Arabidopsis_thaliana,1,0,0.756301
OG0003758,Triticum_turgidum,2,0,0.515209
OG0003758,Zea_mays,1,0,0.54662
OG0003758,Sorghum_bicolor,2,1,0.0238258
OG0003758,Hordeum_vulgare,4,2,0.0012774
OG0003758,Triticum_aestivum,2,0,0.515209
OG0003758,Oryza_sativa,1,0,0.605212
OG0003758,Brachypodium_distachyon,1,0,0.56891
OG0003762,Avena_sativa,2,0,0.601244
OG0003762,Arabidopsis_thaliana,1,0,0.756301
OG0003762,Triticum_turgidum,2,0,0.515209
OG0003762,Zea_mays,5,3,0.00020209
OG0003762,Sorghum_bicolor,2,0,0.586825
OG0003762,Hordeum_vulgare,0,-2,0.000304881
OG0003762,Triticum_aestivum,2,0,0.515209
OG0003762,Oryza_sativa,2,0,0.678483
OG0003762,Brachypodium_distachyon,2,0,0.62392
OG0003776,Avena_sativa,1,-1,0.15204
OG0003776,Arabidopsis_thaliana,1,0,0.756301
OG0003776,Triticum_turgidum,2,0,0.515209
OG0003776,Zea_mays,2,0,0.586825
OG0003776,Sorghum_bicolor,2,0,0.586825
OG0003776,Hordeum_vulgare,1,-1,0.0654064
OG0003776,Triticum_aestivum,2,0,0.515209
OG0003776,Oryza_sativa,6,4,0.000315882
OG0003776,Brachypodium_distachyon,2,0,0.62392
OG0003778,Avena_sativa,0,-1,0.0818261
OG0003778,Arabidopsis_thaliana,2,1,0.137178
OG0003778,Triticum_turgidum,3,0,0.522552
OG0003778,Zea_mays,2,0,0.586825
OG0003778,Sorghum_bicolor,2,0,0.586825
OG0003778,Hordeum_vulgare,2,0,0.543596
OG0003778,Triticum_aestivum,4,1,0.0115823
OG0003778,Oryza_sativa,1,0,0.605212
OG0003778,Brachypodium_distachyon,1,0,0.56891
OG0003781,Avena_sativa,2,0,0.601244
OG0003781,Arabidopsis_thaliana,1,0,0.756301
OG0003781,Triticum_turgidum,0,-2,3.16E-05
OG0003781,Zea_mays,2,0,0.586825
OG0003781,Sorghum_bicolor,2,0,0.586825
OG0003781,Hordeum_vulgare,2,0,0.543596
OG0003781,Triticum_aestivum,3,1,0.00772228
OG0003781,Oryza_sativa,1,-1,0.268992
OG0003781,Brachypodium_distachyon,2,0,0.62392
OG0003785,Avena_sativa,1,0,0.555086
OG0003785,Arabidopsis_thaliana,1,0,0.756301
OG0003785,Triticum_turgidum,2,0,0.515209
OG0003785,Zea_mays,1,0,0.54662
OG0003785,Sorghum_bicolor,1,0,0.54662
OG0003785,Hordeum_vulgare,2,0,0.543596
OG0003785,Triticum_aestivum,4,2,0.000148177
OG0003785,Oryza_sativa,1,0,0.605212
OG0003785,Brachypodium_distachyon,1,0,0.56891
OG0003788,Avena_sativa,2,0,0.601244
OG0003788,Arabidopsis_thaliana,2,0,0.83681
OG0003788,Triticum_turgidum,3,1,0.00772228
OG0003788,Zea_mays,2,0,0.586825
OG0003788,Sorghum_bicolor,1,-1,0.130342
OG0003788,Hordeum_vulgare,0,-2,0.000304881
OG0003788,Triticum_aestivum,2,0,0.515209
OG0003788,Oryza_sativa,2,0,0.678483
OG0003788,Brachypodium_distachyon,2,0,0.62392
OG0003795,Avena_sativa,1,0,0.555086
OG0003795,Arabidopsis_thaliana,1,0,0.756301
OG0003795,Triticum_turgidum,2,0,0.515209
OG0003795,Zea_mays,7,6,5.92E-09
OG0003795,Sorghum_bicolor,1,0,0.54662
OG0003795,Hordeum_vulgare,2,0,0.543596
OG0003795,Triticum_aestivum,3,1,0.00772228
OG0003795,Oryza_sativa,1,0,0.605212
OG0003795,Brachypodium_distachyon,1,0,0.56891
OG0003796,Avena_sativa,1,-1,0.15204
OG0003796,Arabidopsis_thaliana,1,0,0.756301
OG0003796,Triticum_turgidum,3,0,0.522552
OG0003796,Zea_mays,2,0,0.586825
OG0003796,Sorghum_bicolor,1,-1,0.130342
OG0003796,Hordeum_vulgare,3,0,0.563236
OG0003796,Triticum_aestivum,2,-1,0.033873
OG0003796,Oryza_sativa,1,-1,0.268992
OG0003796,Brachypodium_distachyon,2,0,0.62392
OG0003797,Avena_sativa,2,-1,0.212567
OG0003797,Arabidopsis_thaliana,1,0,0.756301
OG0003797,Triticum_turgidum,2,-1,0.033873
OG0003797,Zea_mays,2,0,0.586825
OG0003797,Sorghum_bicolor,2,0,0.586825
OG0003797,Hordeum_vulgare,3,0,0.563236
OG0003797,Triticum_aestivum,3,0,0.522552
OG0003797,Oryza_sativa,0,-2,0.0102411
OG0003797,Brachypodium_distachyon,3,0,0.668125
OG0003802,Avena_sativa,2,0,0.601244
OG0003802,Arabidopsis_thaliana,1,0,0.756301
OG0003802,Triticum_turgidum,2,0,0.515209
OG0003802,Zea_mays,2,1,0.0238258
OG0003802,Sorghum_bicolor,1,0,0.54662
OG0003802,Hordeum_vulgare,6,4,6.53E-07
OG0003802,Triticum_aestivum,2,0,0.515209
OG0003802,Oryza_sativa,1,0,0.605212
OG0003802,Brachypodium_distachyon,1,0,0.56891
OG0003803,Avena_sativa,3,1,0.0565411
OG0003803,Arabidopsis_thaliana,1,0,0.756301
OG0003803,Triticum_turgidum,2,1,0.00386114
OG0003803,Zea_mays,2,0,0.586825
OG0003803,Sorghum_bicolor,2,0,0.586825
OG0003803,Hordeum_vulgare,0,-1,0.0337031
OG0003803,Triticum_aestivum,1,0,0.507693
OG0003803,Oryza_sativa,2,0,0.678483
OG0003803,Brachypodium_distachyon,2,0,0.62392
OG0003818,Avena_sativa,0,-3,0.000210169
OG0003818,Arabidopsis_thaliana,1,-1,0.526493
OG0003818,Triticum_turgidum,2,-1,0.033873
OG0003818,Zea_mays,3,0,0.621591
OG0003818,Sorghum_bicolor,3,0,0.621591
OG0003818,Hordeum_vulgare,3,0,0.563236
OG0003818,Triticum_aestivum,3,0,0.522552
OG0003818,Oryza_sativa,1,-2,0.0244268
OG0003818,Brachypodium_distachyon,3,0,0.668125
OG0003821,Avena_sativa,1,0,0.555086
OG0003821,Arabidopsis_thaliana,1,0,0.756301
OG0003821,Triticum_turgidum,1,0,0.507693
OG0003821,Zea_mays,14,12,8.35E-16
OG0003821,Sorghum_bicolor,1,-1,0.130342
OG0003821,Hordeum_vulgare,1,0,0.522556
OG0003821,Triticum_aestivum,1,0,0.507693
OG0003821,Oryza_sativa,1,0,0.605212
OG0003821,Brachypodium_distachyon,1,0,0.56891
OG0003826,Avena_sativa,1,0,0.555086
OG0003826,Arabidopsis_thaliana,4,2,0.0815
OG0003826,Triticum_turgidum,2,0,0.515209
OG0003826,Zea_mays,2,0,0.586825
OG0003826,Sorghum_bicolor,1,-1,0.130342
OG0003826,Hordeum_vulgare,1,0,0.522556
OG0003826,Triticum_aestivum,2,0,0.515209
OG0003826,Oryza_sativa,5,3,0.00229579
OG0003826,Brachypodium_distachyon,1,0,0.56891
OG0003902,Avena_sativa,2,0,0.601244
OG0003902,Arabidopsis_thaliana,1,0,0.756301
OG0003902,Triticum_turgidum,0,-2,3.16E-05
OG0003902,Zea_mays,2,0,0.586825
OG0003902,Sorghum_bicolor,2,0,0.586825
OG0003902,Hordeum_vulgare,2,0,0.543596
OG0003902,Triticum_aestivum,2,0,0.515209
OG0003902,Oryza_sativa,3,1,0.110464
OG0003902,Brachypodium_distachyon,2,0,0.62392
OG0003903,Avena_sativa,0,-2,0.00222918
OG0003903,Arabidopsis_thaliana,1,0,0.756301
OG0003903,Triticum_turgidum,3,0,0.522552
OG0003903,Zea_mays,2,0,0.586825
OG0003903,Sorghum_bicolor,2,0,0.586825
OG0003903,Hordeum_vulgare,3,0,0.563236
OG0003903,Triticum_aestivum,2,-1,0.033873
OG0003903,Oryza_sativa,2,0,0.678483
OG0003903,Brachypodium_distachyon,3,1,0.0711731
OG0003911,Avena_sativa,3,1,0.0565411
OG0003911,Arabidopsis_thaliana,2,1,0.137178
OG0003911,Triticum_turgidum,2,0,0.515209
OG0003911,Zea_mays,1,0,0.54662
OG0003911,Sorghum_bicolor,1,0,0.54662
OG0003911,Hordeum_vulgare,0,-2,0.000304881
OG0003911,Triticum_aestivum,2,0,0.515209
OG0003911,Oryza_sativa,1,0,0.605212
OG0003911,Brachypodium_distachyon,3,1,0.0711731
OG0003926,Avena_sativa,1,0,0.555086
OG0003926,Arabidopsis_thaliana,1,0,0.756301
OG0003926,Triticum_turgidum,4,1,0.0115823
OG0003926,Zea_mays,1,0,0.54662
OG0003926,Sorghum_bicolor,1,0,0.54662
OG0003926,Hordeum_vulgare,2,0,0.543596
OG0003926,Triticum_aestivum,3,0,0.522552
OG0003926,Oryza_sativa,0,-1,0.154715
OG0003926,Brachypodium_distachyon,1,0,0.56891
OG0003927,Avena_sativa,0,-2,0.00222918
OG0003927,Arabidopsis_thaliana,2,0,0.83681
OG0003927,Triticum_turgidum,2,0,0.515209
OG0003927,Zea_mays,6,4,1.20E-05
OG0003927,Sorghum_bicolor,2,0,0.586825
OG0003927,Hordeum_vulgare,1,-1,0.0654064
OG0003927,Triticum_aestivum,2,0,0.515209
OG0003927,Oryza_sativa,2,0,0.678483
OG0003927,Brachypodium_distachyon,3,1,0.0711731
OG0003929,Avena_sativa,2,0,0.601244
OG0003929,Arabidopsis_thaliana,1,0,0.756301
OG0003929,Triticum_turgidum,1,0,0.507693
OG0003929,Zea_mays,6,3,0.000579131
OG0003929,Sorghum_bicolor,3,0,0.621591
OG0003929,Hordeum_vulgare,1,0,0.522556
OG0003929,Triticum_aestivum,1,0,0.507693
OG0003929,Oryza_sativa,2,0,0.678483
OG0003929,Brachypodium_distachyon,3,1,0.0711731
OG0003934,Avena_sativa,1,-1,0.15204
OG0003934,Arabidopsis_thaliana,1,0,0.756301
OG0003934,Triticum_turgidum,2,0,0.515209
OG0003934,Zea_mays,0,-1,0.0693598
OG0003934,Sorghum_bicolor,1,0,0.54662
OG0003934,Hordeum_vulgare,2,0,0.543596
OG0003934,Triticum_aestivum,4,2,0.000148177
OG0003934,Oryza_sativa,0,-1,0.154715
OG0003934,Brachypodium_distachyon,3,1,0.0711731
OG0003945,Avena_sativa,2,0,0.601244
OG0003945,Arabidopsis_thaliana,2,0,0.83681
OG0003945,Triticum_turgidum,0,-2,3.16E-05
OG0003945,Zea_mays,1,-1,0.130342
OG0003945,Sorghum_bicolor,2,0,0.586825
OG0003945,Hordeum_vulgare,3,1,0.0228047
OG0003945,Triticum_aestivum,2,0,0.515209
OG0003945,Oryza_sativa,3,1,0.110464
OG0003945,Brachypodium_distachyon,2,0,0.62392
OG0003950,Avena_sativa,1,0,0.555086
OG0003950,Arabidopsis_thaliana,2,1,0.137178
OG0003950,Triticum_turgidum,1,0,0.507693
OG0003950,Zea_mays,12,10,3.10E-13
OG0003950,Sorghum_bicolor,1,-1,0.130342
OG0003950,Hordeum_vulgare,1,0,0.522556
OG0003950,Triticum_aestivum,1,0,0.507693
OG0003950,Oryza_sativa,1,0,0.605212
OG0003950,Brachypodium_distachyon,1,0,0.56891
OG0003952,Avena_sativa,2,0,0.601244
OG0003952,Arabidopsis_thaliana,1,0,0.756301
OG0003952,Triticum_turgidum,2,0,0.515209
OG0003952,Zea_mays,4,2,0.00548055
OG0003952,Sorghum_bicolor,1,-1,0.130342
OG0003952,Hordeum_vulgare,2,0,0.543596
OG0003952,Triticum_aestivum,1,-1,0.0228136
OG0003952,Oryza_sativa,1,-1,0.268992
OG0003952,Brachypodium_distachyon,3,1,0.0711731
OG0003954,Avena_sativa,2,0,0.601244
OG0003954,Arabidopsis_thaliana,1,0,0.756301
OG0003954,Triticum_turgidum,2,0,0.515209
OG0003954,Zea_mays,6,4,1.20E-05
OG0003954,Sorghum_bicolor,2,0,0.586825
OG0003954,Hordeum_vulgare,1,-1,0.0654064
OG0003954,Triticum_aestivum,2,0,0.515209
OG0003954,Oryza_sativa,1,-1,0.268992
OG0003954,Brachypodium_distachyon,2,0,0.62392
OG0003961,Avena_sativa,1,-1,0.15204
OG0003961,Arabidopsis_thaliana,1,0,0.756301
OG0003961,Triticum_turgidum,2,0,0.515209
OG0003961,Zea_mays,2,0,0.586825
OG0003961,Sorghum_bicolor,1,-1,0.130342
OG0003961,Hordeum_vulgare,1,-1,0.0654064
OG0003961,Triticum_aestivum,2,0,0.515209
OG0003961,Oryza_sativa,4,2,0.0281791
OG0003961,Brachypodium_distachyon,5,3,0.000650462
OG0003966,Avena_sativa,2,0,0.601244
OG0003966,Arabidopsis_thaliana,4,1,0.40319
OG0003966,Triticum_turgidum,1,0,0.507693
OG0003966,Zea_mays,2,-1,0.18413
OG0003966,Sorghum_bicolor,4,1,0.0712625
OG0003966,Hordeum_vulgare,1,0,0.522556
OG0003966,Triticum_aestivum,0,-1,0.0115245
OG0003966,Oryza_sativa,3,0,0.730477
OG0003966,Brachypodium_distachyon,3,0,0.668125
OG0003970,Avena_sativa,2,0,0.601244
OG0003970,Arabidopsis_thaliana,1,0,0.756301
OG0003970,Triticum_turgidum,1,0,0.507693
OG0003970,Zea_mays,7,5,6.86E-07
OG0003970,Sorghum_bicolor,2,0,0.586825
OG0003970,Hordeum_vulgare,1,0,0.522556
OG0003970,Triticum_aestivum,1,0,0.507693
OG0003970,Oryza_sativa,1,-1,0.268992
OG0003970,Brachypodium_distachyon,3,1,0.0711731
OG0003981,Avena_sativa,2,0,0.601244
OG0003981,Arabidopsis_thaliana,2,0,0.83681
OG0003981,Triticum_turgidum,0,-2,3.16E-05
OG0003981,Zea_mays,3,1,0.0476668
OG0003981,Sorghum_bicolor,2,0,0.586825
OG0003981,Hordeum_vulgare,2,0,0.543596
OG0003981,Triticum_aestivum,2,0,0.515209
OG0003981,Oryza_sativa,2,0,0.678483
OG0003981,Brachypodium_distachyon,2,0,0.62392
OG0003995,Avena_sativa,1,-1,0.15204
OG0003995,Arabidopsis_thaliana,1,0,0.756301
OG0003995,Triticum_turgidum,1,-1,0.0228136
OG0003995,Zea_mays,3,1,0.0476668
OG0003995,Sorghum_bicolor,2,0,0.586825
OG0003995,Hordeum_vulgare,3,1,0.0228047
OG0003995,Triticum_aestivum,2,0,0.515209
OG0003995,Oryza_sativa,2,0,0.678483
OG0003995,Brachypodium_distachyon,2,0,0.62392
OG0004001,Avena_sativa,0,-1,0.0818261
OG0004001,Arabidopsis_thaliana,1,0,0.756301
OG0004001,Triticum_turgidum,1,0,0.507693
OG0004001,Zea_mays,7,3,0.00127647
OG0004001,Sorghum_bicolor,4,0,0.65174
OG0004001,Hordeum_vulgare,1,0,0.522556
OG0004001,Triticum_aestivum,2,1,0.00386114
OG0004001,Oryza_sativa,2,0,0.678483
OG0004001,Brachypodium_distachyon,3,1,0.0711731
OG0004005,Avena_sativa,1,0,0.555086
OG0004005,Arabidopsis_thaliana,3,2,0.0414086
OG0004005,Triticum_turgidum,2,0,0.515209
OG0004005,Zea_mays,6,5,1.24E-07
OG0004005,Sorghum_bicolor,1,0,0.54662
OG0004005,Hordeum_vulgare,1,0,0.522556
OG0004005,Triticum_aestivum,2,0,0.515209
OG0004005,Oryza_sativa,1,0,0.605212
OG0004005,Brachypodium_distachyon,1,0,0.56891
OG0004006,Avena_sativa,1,-1,0.15204
OG0004006,Arabidopsis_thaliana,2,0,0.83681
OG0004006,Triticum_turgidum,1,-1,0.0228136
OG0004006,Zea_mays,1,-1,0.130342
OG0004006,Sorghum_bicolor,3,1,0.0476668
OG0004006,Hordeum_vulgare,4,2,0.0012774
OG0004006,Triticum_aestivum,2,0,0.515209
OG0004006,Oryza_sativa,2,0,0.678483
OG0004006,Brachypodium_distachyon,2,0,0.62392
OG0004008,Avena_sativa,2,0,0.601244
OG0004008,Arabidopsis_thaliana,2,0,0.83681
OG0004008,Triticum_turgidum,1,-1,0.0228136
OG0004008,Zea_mays,2,0,0.586825
OG0004008,Sorghum_bicolor,1,-1,0.130342
OG0004008,Hordeum_vulgare,1,-1,0.0654064
OG0004008,Triticum_aestivum,2,0,0.515209
OG0004008,Oryza_sativa,5,3,0.00229579
OG0004008,Brachypodium_distachyon,1,-1,0.186225
OG0004024,Avena_sativa,0,-2,0.00222918
OG0004024,Arabidopsis_thaliana,1,0,0.756301
OG0004024,Triticum_turgidum,3,0,0.522552
OG0004024,Zea_mays,3,1,0.0476668
OG0004024,Sorghum_bicolor,2,0,0.586825
OG0004024,Hordeum_vulgare,2,0,0.543596
OG0004024,Triticum_aestivum,3,0,0.522552
OG0004024,Oryza_sativa,2,0,0.678483
OG0004024,Brachypodium_distachyon,2,0,0.62392
OG0004026,Avena_sativa,1,0,0.555086
OG0004026,Arabidopsis_thaliana,1,0,0.756301
OG0004026,Triticum_turgidum,1,0,0.507693
OG0004026,Zea_mays,11,9,5.91E-12
OG0004026,Sorghum_bicolor,1,-1,0.130342
OG0004026,Hordeum_vulgare,1,0,0.522556
OG0004026,Triticum_aestivum,1,0,0.507693
OG0004026,Oryza_sativa,1,0,0.605212
OG0004026,Brachypodium_distachyon,3,2,0.00254048
OG0004041,Avena_sativa,2,0,0.601244
OG0004041,Arabidopsis_thaliana,1,0,0.756301
OG0004041,Triticum_turgidum,1,0,0.507693
OG0004041,Zea_mays,5,3,0.00020209
OG0004041,Sorghum_bicolor,2,0,0.586825
OG0004041,Hordeum_vulgare,1,0,0.522556
OG0004041,Triticum_aestivum,1,0,0.507693
OG0004041,Oryza_sativa,2,0,0.678483
OG0004041,Brachypodium_distachyon,3,1,0.0711731
OG0004042,Avena_sativa,0,-2,0.00222918
OG0004042,Arabidopsis_thaliana,3,2,0.0414086
OG0004042,Triticum_turgidum,2,-1,0.033873
OG0004042,Zea_mays,1,0,0.54662
OG0004042,Sorghum_bicolor,1,0,0.54662
OG0004042,Hordeum_vulgare,3,0,0.563236
OG0004042,Triticum_aestivum,3,0,0.522552
OG0004042,Oryza_sativa,1,0,0.605212
OG0004042,Brachypodium_distachyon,2,0,0.62392
OG0004047,Avena_sativa,2,0,0.601244
OG0004047,Arabidopsis_thaliana,3,1,0.294252
OG0004047,Triticum_turgidum,0,-1,0.0115245
OG0004047,Zea_mays,2,0,0.586825
OG0004047,Sorghum_bicolor,1,-1,0.130342
OG0004047,Hordeum_vulgare,1,0,0.522556
OG0004047,Triticum_aestivum,2,1,0.00386114
OG0004047,Oryza_sativa,4,2,0.0281791
OG0004047,Brachypodium_distachyon,2,0,0.62392
OG0004050,Avena_sativa,4,2,0.00766286
OG0004050,Arabidopsis_thaliana,2,0,0.83681
OG0004050,Triticum_turgidum,1,0,0.507693
OG0004050,Zea_mays,2,0,0.586825
OG0004050,Sorghum_bicolor,1,-1,0.130342
OG0004050,Hordeum_vulgare,0,-1,0.0337031
OG0004050,Triticum_aestivum,1,0,0.507693
OG0004050,Oryza_sativa,2,0,0.678483
OG0004050,Brachypodium_distachyon,2,0,0.62392
OG0004067,Avena_sativa,1,-1,0.15204
OG0004067,Arabidopsis_thaliana,3,1,0.294252
OG0004067,Triticum_turgidum,1,-1,0.0228136
OG0004067,Zea_mays,6,4,1.20E-05
OG0004067,Sorghum_bicolor,1,-1,0.130342
OG0004067,Hordeum_vulgare,3,1,0.0228047
OG0004067,Triticum_aestivum,2,0,0.515209
OG0004067,Oryza_sativa,1,-1,0.268992
OG0004067,Brachypodium_distachyon,2,0,0.62392
OG0004069,Avena_sativa,1,-1,0.15204
OG0004069,Arabidopsis_thaliana,1,0,0.756301
OG0004069,Triticum_turgidum,2,0,0.515209
OG0004069,Zea_mays,3,0,0.621591
OG0004069,Sorghum_bicolor,3,0,0.621591
OG0004069,Hordeum_vulgare,1,-1,0.0654064
OG0004069,Triticum_aestivum,3,1,0.00772228
OG0004069,Oryza_sativa,1,-1,0.268992
OG0004069,Brachypodium_distachyon,2,0,0.62392
OG0004072,Avena_sativa,0,-2,0.00222918
OG0004072,Arabidopsis_thaliana,3,1,0.294252
OG0004072,Triticum_turgidum,2,0,0.515209
OG0004072,Zea_mays,5,3,0.00020209
OG0004072,Sorghum_bicolor,2,0,0.586825
OG0004072,Hordeum_vulgare,2,0,0.543596
OG0004072,Triticum_aestivum,2,0,0.515209
OG0004072,Oryza_sativa,2,0,0.678483
OG0004072,Brachypodium_distachyon,2,0,0.62392
OG0004075,Avena_sativa,2,0,0.601244
OG0004075,Arabidopsis_thaliana,2,0,0.83681
OG0004075,Triticum_turgidum,1,0,0.507693
OG0004075,Zea_mays,2,-1,0.18413
OG0004075,Sorghum_bicolor,6,3,0.000579131
OG0004075,Hordeum_vulgare,0,-1,0.0337031
OG0004075,Triticum_aestivum,1,0,0.507693
OG0004075,Oryza_sativa,3,0,0.730477
OG0004075,Brachypodium_distachyon,4,1,0.106012
OG0004092,Avena_sativa,3,1,0.0565411
OG0004092,Arabidopsis_thaliana,2,0,0.83681
OG0004092,Triticum_turgidum,2,1,0.00386114
OG0004092,Zea_mays,1,-1,0.130342
OG0004092,Sorghum_bicolor,5,3,0.00020209
OG0004092,Hordeum_vulgare,0,-1,0.0337031
OG0004092,Triticum_aestivum,0,-1,0.0115245
OG0004092,Oryza_sativa,1,-1,0.268992
OG0004092,Brachypodium_distachyon,4,2,0.0120187
OG0004095,Avena_sativa,1,-1,0.15204
OG0004095,Arabidopsis_thaliana,2,0,0.83681
OG0004095,Triticum_turgidum,2,0,0.515209
OG0004095,Zea_mays,6,4,1.20E-05
OG0004095,Sorghum_bicolor,2,0,0.586825
OG0004095,Hordeum_vulgare,2,0,0.543596
OG0004095,Triticum_aestivum,1,-1,0.0228136
OG0004095,Oryza_sativa,3,1,0.110464
OG0004095,Brachypodium_distachyon,1,-1,0.186225
OG0004096,Avena_sativa,2,0,0.601244
OG0004096,Arabidopsis_thaliana,2,0,0.83681
OG0004096,Triticum_turgidum,2,1,0.00386114
OG0004096,Zea_mays,3,1,0.0476668
OG0004096,Sorghum_bicolor,2,0,0.586825
OG0004096,Hordeum_vulgare,0,-1,0.0337031
OG0004096,Triticum_aestivum,1,0,0.507693
OG0004096,Oryza_sativa,1,-1,0.268992
OG0004096,Brachypodium_distachyon,3,1,0.0711731
OG0004097,Avena_sativa,2,0,0.601244
OG0004097,Arabidopsis_thaliana,1,0,0.756301
OG0004097,Triticum_turgidum,3,1,0.00772228
OG0004097,Zea_mays,3,1,0.0476668
OG0004097,Sorghum_bicolor,1,-1,0.130342
OG0004097,Hordeum_vulgare,2,0,0.543596
OG0004097,Triticum_aestivum,1,-1,0.0228136
OG0004097,Oryza_sativa,1,-1,0.268992
OG0004097,Brachypodium_distachyon,2,0,0.62392
OG0004107,Avena_sativa,2,0,0.601244
OG0004107,Arabidopsis_thaliana,1,0,0.756301
OG0004107,Triticum_turgidum,2,0,0.515209
OG0004107,Zea_mays,5,3,0.00020209
OG0004107,Sorghum_bicolor,2,0,0.586825
OG0004107,Hordeum_vulgare,2,0,0.543596
OG0004107,Triticum_aestivum,1,-1,0.0228136
OG0004107,Oryza_sativa,1,-1,0.268992
OG0004107,Brachypodium_distachyon,3,1,0.0711731
OG0004112,Avena_sativa,2,0,0.601244
OG0004112,Arabidopsis_thaliana,1,0,0.756301
OG0004112,Triticum_turgidum,2,0,0.515209
OG0004112,Zea_mays,4,1,0.0712625
OG0004112,Sorghum_bicolor,3,0,0.621591
OG0004112,Hordeum_vulgare,0,-2,0.000304881
OG0004112,Triticum_aestivum,2,0,0.515209
OG0004112,Oryza_sativa,2,0,0.678483
OG0004112,Brachypodium_distachyon,1,-1,0.186225
OG0004118,Avena_sativa,2,0,0.601244
OG0004118,Arabidopsis_thaliana,1,-1,0.526493
OG0004118,Triticum_turgidum,0,-1,0.0115245
OG0004118,Zea_mays,4,1,0.0712625
OG0004118,Sorghum_bicolor,3,0,0.621591
OG0004118,Hordeum_vulgare,1,0,0.522556
OG0004118,Triticum_aestivum,1,0,0.507693
OG0004118,Oryza_sativa,3,0,0.730477
OG0004118,Brachypodium_distachyon,3,0,0.668125
OG0004122,Avena_sativa,2,0,0.601244
OG0004122,Arabidopsis_thaliana,1,0,0.756301
OG0004122,Triticum_turgidum,0,-1,0.0115245
OG0004122,Zea_mays,6,4,1.20E-05
OG0004122,Sorghum_bicolor,2,0,0.586825
OG0004122,Hordeum_vulgare,2,0,0.543596
OG0004122,Triticum_aestivum,1,0,0.507693
OG0004122,Oryza_sativa,2,0,0.678483
OG0004122,Brachypodium_distachyon,2,0,0.62392
OG0004123,Avena_sativa,2,0,0.601244
OG0004123,Arabidopsis_thaliana,2,0,0.83681
OG0004123,Triticum_turgidum,2,0,0.515209
OG0004123,Zea_mays,2,0,0.586825
OG0004123,Sorghum_bicolor,1,-1,0.130342
OG0004123,Hordeum_vulgare,5,3,2.29E-05
OG0004123,Triticum_aestivum,1,-1,0.0228136
OG0004123,Oryza_sativa,1,-1,0.268992
OG0004123,Brachypodium_distachyon,2,0,0.62392
OG0004136,Avena_sativa,1,0,0.555086
OG0004136,Arabidopsis_thaliana,1,0,0.756301
OG0004136,Triticum_turgidum,1,0,0.507693
OG0004136,Zea_mays,1,0,0.54662
OG0004136,Sorghum_bicolor,1,0,0.54662
OG0004136,Hordeum_vulgare,10,9,8.37E-16
OG0004136,Triticum_aestivum,1,0,0.507693
OG0004136,Oryza_sativa,4,3,0.000683008
OG0004136,Brachypodium_distachyon,1,0,0.56891
OG0004145,Avena_sativa,2,0,0.601244
OG0004145,Arabidopsis_thaliana,1,0,0.756301
OG0004145,Triticum_turgidum,2,0,0.515209
OG0004145,Zea_mays,6,4,1.20E-05
OG0004145,Sorghum_bicolor,2,0,0.586825
OG0004145,Hordeum_vulgare,1,-1,0.0654064
OG0004145,Triticum_aestivum,2,0,0.515209
OG0004145,Oryza_sativa,2,0,0.678483
OG0004145,Brachypodium_distachyon,1,-1,0.186225
OG0004154,Avena_sativa,2,0,0.601244
OG0004154,Arabidopsis_thaliana,1,0,0.756301
OG0004154,Triticum_turgidum,2,0,0.515209
OG0004154,Zea_mays,1,0,0.54662
OG0004154,Sorghum_bicolor,2,1,0.0238258
OG0004154,Hordeum_vulgare,2,0,0.543596
OG0004154,Triticum_aestivum,3,1,0.00772228
OG0004154,Oryza_sativa,0,-1,0.154715
OG0004154,Brachypodium_distachyon,1,0,0.56891
OG0004245,Avena_sativa,1,0,0.555086
OG0004245,Arabidopsis_thaliana,1,0,0.756301
OG0004245,Triticum_turgidum,4,1,0.0115823
OG0004245,Zea_mays,1,0,0.54662
OG0004245,Sorghum_bicolor,1,0,0.54662
OG0004245,Hordeum_vulgare,1,0,0.522556
OG0004245,Triticum_aestivum,3,0,0.522552
OG0004245,Oryza_sativa,1,0,0.605212
OG0004245,Brachypodium_distachyon,2,1,0.0355493
OG0004248,Avena_sativa,1,0,0.555086
OG0004248,Arabidopsis_thaliana,2,1,0.137178
OG0004248,Triticum_turgidum,1,0,0.507693
OG0004248,Zea_mays,11,9,5.91E-12
OG0004248,Sorghum_bicolor,1,-1,0.130342
OG0004248,Hordeum_vulgare,1,0,0.522556
OG0004248,Triticum_aestivum,1,0,0.507693
OG0004248,Oryza_sativa,1,0,0.605212
OG0004248,Brachypodium_distachyon,1,0,0.56891
OG0004259,Avena_sativa,1,0,0.555086
OG0004259,Arabidopsis_thaliana,1,0,0.756301
OG0004259,Triticum_turgidum,2,0,0.515209
OG0004259,Zea_mays,2,1,0.0238258
OG0004259,Sorghum_bicolor,1,0,0.54662
OG0004259,Hordeum_vulgare,1,0,0.522556
OG0004259,Triticum_aestivum,3,1,0.00772228
OG0004259,Oryza_sativa,3,2,0.00613007
OG0004259,Brachypodium_distachyon,1,0,0.56891
OG0004262,Avena_sativa,1,0,0.555086
OG0004262,Arabidopsis_thaliana,1,0,0.756301
OG0004262,Triticum_turgidum,1,0,0.507693
OG0004262,Zea_mays,6,5,1.24E-07
OG0004262,Sorghum_bicolor,1,0,0.54662
OG0004262,Hordeum_vulgare,7,6,7.05E-11
OG0004262,Triticum_aestivum,1,0,0.507693
OG0004262,Oryza_sativa,1,0,0.605212
OG0004262,Brachypodium_distachyon,1,0,0.56891
OG0004265,Avena_sativa,1,0,0.555086
OG0004265,Arabidopsis_thaliana,1,0,0.756301
OG0004265,Triticum_turgidum,2,0,0.515209
OG0004265,Zea_mays,4,2,0.00548055
OG0004265,Sorghum_bicolor,2,0,0.586825
OG0004265,Hordeum_vulgare,0,-1,0.0337031
OG0004265,Triticum_aestivum,2,0,0.515209
OG0004265,Oryza_sativa,2,0,0.678483
OG0004265,Brachypodium_distachyon,1,0,0.56891
OG0004268,Avena_sativa,2,0,0.601244
OG0004268,Arabidopsis_thaliana,1,0,0.756301
OG0004268,Triticum_turgidum,2,0,0.515209
OG0004268,Zea_mays,0,-1,0.0693598
OG0004268,Sorghum_bicolor,1,0,0.54662
OG0004268,Hordeum_vulgare,0,-2,0.000304881
OG0004268,Triticum_aestivum,3,1,0.00772228
OG0004268,Oryza_sativa,0,-1,0.154715
OG0004268,Brachypodium_distachyon,5,3,0.000650462
OG0004278,Avena_sativa,2,0,0.601244
OG0004278,Arabidopsis_thaliana,1,0,0.756301
OG0004278,Triticum_turgidum,2,0,0.515209
OG0004278,Zea_mays,6,4,1.20E-05
OG0004278,Sorghum_bicolor,1,-1,0.130342
OG0004278,Hordeum_vulgare,1,-1,0.0654064
OG0004278,Triticum_aestivum,2,0,0.515209
OG0004278,Oryza_sativa,1,-1,0.268992
OG0004278,Brachypodium_distachyon,1,-1,0.186225
OG0004281,Avena_sativa,0,-2,0.00222918
OG0004281,Arabidopsis_thaliana,2,0,0.83681
OG0004281,Triticum_turgidum,2,0,0.515209
OG0004281,Zea_mays,4,1,0.0712625
OG0004281,Sorghum_bicolor,3,0,0.621591
OG0004281,Hordeum_vulgare,2,0,0.543596
OG0004281,Triticum_aestivum,2,0,0.515209
OG0004281,Oryza_sativa,1,-1,0.268992
OG0004281,Brachypodium_distachyon,3,1,0.0711731
OG0004313,Avena_sativa,1,0,0.555086
OG0004313,Arabidopsis_thaliana,4,2,0.0815
OG0004313,Triticum_turgidum,2,1,0.00386114
OG0004313,Zea_mays,2,0,0.586825
OG0004313,Sorghum_bicolor,2,0,0.586825
OG0004313,Hordeum_vulgare,1,0,0.522556
OG0004313,Triticum_aestivum,1,0,0.507693
OG0004313,Oryza_sativa,1,-1,0.268992
OG0004313,Brachypodium_distachyon,4,2,0.0120187
OG0004323,Avena_sativa,0,-1,0.0818261
OG0004323,Arabidopsis_thaliana,11,9,5.09E-05
OG0004323,Triticum_turgidum,1,0,0.507693
OG0004323,Zea_mays,1,0,0.54662
OG0004323,Sorghum_bicolor,3,2,0.00113794
OG0004323,Hordeum_vulgare,1,0,0.522556
OG0004323,Triticum_aestivum,1,0,0.507693
OG0004323,Oryza_sativa,1,0,0.605212
OG0004323,Brachypodium_distachyon,2,1,0.0355493
OG0004325,Avena_sativa,2,0,0.601244
OG0004325,Arabidopsis_thaliana,2,0,0.83681
OG0004325,Triticum_turgidum,2,0,0.515209
OG0004325,Zea_mays,1,0,0.54662
OG0004325,Sorghum_bicolor,1,0,0.54662
OG0004325,Hordeum_vulgare,0,-2,0.000304881
OG0004325,Triticum_aestivum,3,1,0.00772228
OG0004325,Oryza_sativa,2,0,0.678483
OG0004325,Brachypodium_distachyon,2,0,0.62392
OG0004336,Avena_sativa,2,0,0.601244
OG0004336,Arabidopsis_thaliana,1,0,0.756301
OG0004336,Triticum_turgidum,1,-1,0.0228136
OG0004336,Zea_mays,4,2,0.00548055
OG0004336,Sorghum_bicolor,2,0,0.586825
OG0004336,Hordeum_vulgare,1,-1,0.0654064
OG0004336,Triticum_aestivum,2,0,0.515209
OG0004336,Oryza_sativa,2,0,0.678483
OG0004336,Brachypodium_distachyon,2,0,0.62392
OG0004341,Avena_sativa,1,0,0.555086
OG0004341,Arabidopsis_thaliana,1,0,0.756301
OG0004341,Triticum_turgidum,1,0,0.507693
OG0004341,Zea_mays,12,10,3.10E-13
OG0004341,Sorghum_bicolor,1,-1,0.130342
OG0004341,Hordeum_vulgare,1,0,0.522556
OG0004341,Triticum_aestivum,1,0,0.507693
OG0004341,Oryza_sativa,1,0,0.605212
OG0004341,Brachypodium_distachyon,1,0,0.56891
OG0004342,Avena_sativa,1,0,0.555086
OG0004342,Arabidopsis_thaliana,1,0,0.756301
OG0004342,Triticum_turgidum,3,0,0.522552
OG0004342,Zea_mays,6,5,1.24E-07
OG0004342,Sorghum_bicolor,0,-1,0.0693598
OG0004342,Hordeum_vulgare,0,-1,0.0337031
OG0004342,Triticum_aestivum,3,0,0.522552
OG0004342,Oryza_sativa,0,-1,0.154715
OG0004342,Brachypodium_distachyon,0,-1,0.102088
OG0004351,Avena_sativa,2,0,0.601244
OG0004351,Arabidopsis_thaliana,3,1,0.294252
OG0004351,Triticum_turgidum,1,0,0.507693
OG0004351,Zea_mays,4,2,0.00548055
OG0004351,Sorghum_bicolor,2,0,0.586825
OG0004351,Hordeum_vulgare,0,-1,0.0337031
OG0004351,Triticum_aestivum,2,1,0.00386114
OG0004351,Oryza_sativa,1,-1,0.268992
OG0004351,Brachypodium_distachyon,2,0,0.62392
OG0004354,Avena_sativa,1,0,0.555086
OG0004354,Arabidopsis_thaliana,12,10,1.67E-05
OG0004354,Triticum_turgidum,0,-2,3.16E-05
OG0004354,Zea_mays,0,0,0.5
OG0004354,Sorghum_bicolor,0,0,0.5
OG0004354,Hordeum_vulgare,2,0,0.543596
OG0004354,Triticum_aestivum,3,1,0.00772228
OG0004354,Oryza_sativa,0,-1,0.154715
OG0004354,Brachypodium_distachyon,0,-1,0.102088
OG0004359,Avena_sativa,1,-1,0.15204
OG0004359,Arabidopsis_thaliana,1,0,0.756301
OG0004359,Triticum_turgidum,3,0,0.522552
OG0004359,Zea_mays,2,0,0.586825
OG0004359,Sorghum_bicolor,1,-1,0.130342
OG0004359,Hordeum_vulgare,3,0,0.563236
OG0004359,Triticum_aestivum,2,-1,0.033873
OG0004359,Oryza_sativa,1,-1,0.268992
OG0004359,Brachypodium_distachyon,2,0,0.62392
OG0004372,Avena_sativa,3,1,0.0565411
OG0004372,Arabidopsis_thaliana,4,2,0.0815
OG0004372,Triticum_turgidum,0,-1,0.0115245
OG0004372,Zea_mays,1,-1,0.130342
OG0004372,Sorghum_bicolor,2,0,0.586825
OG0004372,Hordeum_vulgare,0,-1,0.0337031
OG0004372,Triticum_aestivum,1,0,0.507693
OG0004372,Oryza_sativa,2,0,0.678483
OG0004372,Brachypodium_distachyon,2,0,0.62392
OG0004377,Avena_sativa,1,0,0.555086
OG0004377,Arabidopsis_thaliana,1,0,0.756301
OG0004377,Triticum_turgidum,1,0,0.507693
OG0004377,Zea_mays,13,11,1.61E-14
OG0004377,Sorghum_bicolor,1,-1,0.130342
OG0004377,Hordeum_vulgare,1,0,0.522556
OG0004377,Triticum_aestivum,1,0,0.507693
OG0004377,Oryza_sativa,1,0,0.605212
OG0004377,Brachypodium_distachyon,1,0,0.56891
OG0004378,Avena_sativa,5,3,0.000333025
OG0004378,Arabidopsis_thaliana,1,0,0.756301
OG0004378,Triticum_turgidum,0,-1,0.0115245
OG0004378,Zea_mays,1,0,0.54662
OG0004378,Sorghum_bicolor,1,0,0.54662
OG0004378,Hordeum_vulgare,2,0,0.543596
OG0004378,Triticum_aestivum,1,0,0.507693
OG0004378,Oryza_sativa,1,0,0.605212
OG0004378,Brachypodium_distachyon,1,0,0.56891
OG0004383,Avena_sativa,2,1,0.0282556
OG0004383,Arabidopsis_thaliana,1,0,0.756301
OG0004383,Triticum_turgidum,2,0,0.515209
OG0004383,Zea_mays,1,0,0.54662
OG0004383,Sorghum_bicolor,2,1,0.0238258
OG0004383,Hordeum_vulgare,1,0,0.522556
OG0004383,Triticum_aestivum,3,1,0.00772228
OG0004383,Oryza_sativa,1,0,0.605212
OG0004383,Brachypodium_distachyon,1,0,0.56891
OG0004386,Avena_sativa,0,-2,0.00222918
OG0004386,Arabidopsis_thaliana,3,1,0.294252
OG0004386,Triticum_turgidum,2,0,0.515209
OG0004386,Zea_mays,2,0,0.586825
OG0004386,Sorghum_bicolor,2,0,0.586825
OG0004386,Hordeum_vulgare,4,2,0.0012774
OG0004386,Triticum_aestivum,2,0,0.515209
OG0004386,Oryza_sativa,2,0,0.678483
OG0004386,Brachypodium_distachyon,2,0,0.62392
OG0004389,Avena_sativa,2,0,0.601244
OG0004389,Arabidopsis_thaliana,2,0,0.83681
OG0004389,Triticum_turgidum,0,-2,3.16E-05
OG0004389,Zea_mays,3,0,0.621591
OG0004389,Sorghum_bicolor,3,0,0.621591
OG0004389,Hordeum_vulgare,2,0,0.543596
OG0004389,Triticum_aestivum,2,0,0.515209
OG0004389,Oryza_sativa,0,-2,0.0102411
OG0004389,Brachypodium_distachyon,2,0,0.62392
OG0004396,Avena_sativa,1,0,0.555086
OG0004396,Arabidopsis_thaliana,3,1,0.294252
OG0004396,Triticum_turgidum,1,0,0.507693
OG0004396,Zea_mays,6,4,1.20E-05
OG0004396,Sorghum_bicolor,1,-1,0.130342
OG0004396,Hordeum_vulgare,2,1,0.011402
OG0004396,Triticum_aestivum,1,0,0.507693
OG0004396,Oryza_sativa,4,2,0.0281791
OG0004396,Brachypodium_distachyon,1,0,0.56891
OG0004402,Avena_sativa,1,0,0.555086
OG0004402,Arabidopsis_thaliana,1,0,0.756301
OG0004402,Triticum_turgidum,2,0,0.515209
OG0004402,Zea_mays,1,0,0.54662
OG0004402,Sorghum_bicolor,1,0,0.54662
OG0004402,Hordeum_vulgare,2,0,0.543596
OG0004402,Triticum_aestivum,4,2,0.000148177
OG0004402,Oryza_sativa,1,0,0.605212
OG0004402,Brachypodium_distachyon,1,0,0.56891
OG0004407,Avena_sativa,2,0,0.601244
OG0004407,Arabidopsis_thaliana,1,0,0.756301
OG0004407,Triticum_turgidum,2,0,0.515209
OG0004407,Zea_mays,0,-1,0.0693598
OG0004407,Sorghum_bicolor,2,1,0.0238258
OG0004407,Hordeum_vulgare,2,0,0.543596
OG0004407,Triticum_aestivum,2,0,0.515209
OG0004407,Oryza_sativa,1,0,0.605212
OG0004407,Brachypodium_distachyon,4,2,0.0120187
OG0004414,Avena_sativa,2,0,0.601244
OG0004414,Arabidopsis_thaliana,3,1,0.294252
OG0004414,Triticum_turgidum,0,-1,0.0115245
OG0004414,Zea_mays,3,1,0.0476668
OG0004414,Sorghum_bicolor,2,0,0.586825
OG0004414,Hordeum_vulgare,0,-1,0.0337031
OG0004414,Triticum_aestivum,2,1,0.00386114
OG0004414,Oryza_sativa,3,1,0.110464
OG0004414,Brachypodium_distachyon,1,-1,0.186225
OG0004433,Avena_sativa,2,0,0.601244
OG0004433,Arabidopsis_thaliana,1,0,0.756301
OG0004433,Triticum_turgidum,0,0,0.5
OG0004433,Zea_mays,7,5,6.86E-07
OG0004433,Sorghum_bicolor,1,-1,0.130342
OG0004433,Hordeum_vulgare,6,4,6.53E-07
OG0004433,Triticum_aestivum,0,0,0.5
OG0004433,Oryza_sativa,1,-1,0.268992
OG0004433,Brachypodium_distachyon,1,-1,0.186225
OG0004440,Avena_sativa,2,0,0.601244
OG0004440,Arabidopsis_thaliana,1,0,0.756301
OG0004440,Triticum_turgidum,2,0,0.515209
OG0004440,Zea_mays,3,1,0.0476668
OG0004440,Sorghum_bicolor,2,0,0.586825
OG0004440,Hordeum_vulgare,0,-2,0.000304881
OG0004440,Triticum_aestivum,2,0,0.515209
OG0004440,Oryza_sativa,1,-1,0.268992
OG0004440,Brachypodium_distachyon,2,0,0.62392
OG0004461,Avena_sativa,1,0,0.555086
OG0004461,Arabidopsis_thaliana,2,0,0.83681
OG0004461,Triticum_turgidum,1,0,0.507693
OG0004461,Zea_mays,8,6,3.81E-08
OG0004461,Sorghum_bicolor,2,0,0.586825
OG0004461,Hordeum_vulgare,1,0,0.522556
OG0004461,Triticum_aestivum,1,0,0.507693
OG0004461,Oryza_sativa,1,-1,0.268992
OG0004461,Brachypodium_distachyon,3,1,0.0711731
OG0004472,Avena_sativa,2,0,0.601244
OG0004472,Arabidopsis_thaliana,2,0,0.83681
OG0004472,Triticum_turgidum,0,-1,0.0115245
OG0004472,Zea_mays,7,5,6.86E-07
OG0004472,Sorghum_bicolor,2,0,0.586825
OG0004472,Hordeum_vulgare,0,-1,0.0337031
OG0004472,Triticum_aestivum,1,0,0.507693
OG0004472,Oryza_sativa,2,0,0.678483
OG0004472,Brachypodium_distachyon,2,0,0.62392
OG0004476,Avena_sativa,1,-1,0.15204
OG0004476,Arabidopsis_thaliana,1,0,0.756301
OG0004476,Triticum_turgidum,2,0,0.515209
OG0004476,Zea_mays,5,3,0.00020209
OG0004476,Sorghum_bicolor,1,-1,0.130342
OG0004476,Hordeum_vulgare,2,0,0.543596
OG0004476,Triticum_aestivum,2,0,0.515209
OG0004476,Oryza_sativa,2,0,0.678483
OG0004476,Brachypodium_distachyon,2,0,0.62392
OG0004481,Avena_sativa,1,0,0.555086
OG0004481,Arabidopsis_thaliana,1,0,0.756301
OG0004481,Triticum_turgidum,1,0,0.507693
OG0004481,Zea_mays,3,1,0.0476668
OG0004481,Sorghum_bicolor,2,0,0.586825
OG0004481,Hordeum_vulgare,0,-1,0.0337031
OG0004481,Triticum_aestivum,2,1,0.00386114
OG0004481,Oryza_sativa,3,1,0.110464
OG0004481,Brachypodium_distachyon,3,1,0.0711731
OG0004489,Avena_sativa,0,-1,0.0818261
OG0004489,Arabidopsis_thaliana,1,0,0.756301
OG0004489,Triticum_turgidum,2,0,0.515209
OG0004489,Zea_mays,0,0,0.5
OG0004489,Sorghum_bicolor,0,0,0.5
OG0004489,Hordeum_vulgare,0,-1,0.0337031
OG0004489,Triticum_aestivum,5,3,9.10E-07
OG0004489,Oryza_sativa,0,-1,0.154715
OG0004489,Brachypodium_distachyon,4,3,0.000181551
OG0004490,Avena_sativa,1,0,0.555086
OG0004490,Arabidopsis_thaliana,1,0,0.756301
OG0004490,Triticum_turgidum,2,0,0.515209
OG0004490,Zea_mays,0,-1,0.0693598
OG0004490,Sorghum_bicolor,1,0,0.54662
OG0004490,Hordeum_vulgare,0,-1,0.0337031
OG0004490,Triticum_aestivum,5,3,9.10E-07
OG0004490,Oryza_sativa,0,-1,0.154715
OG0004490,Brachypodium_distachyon,2,1,0.0355493
OG0004491,Avena_sativa,1,0,0.555086
OG0004491,Arabidopsis_thaliana,1,0,0.756301
OG0004491,Triticum_turgidum,2,0,0.515209
OG0004491,Zea_mays,0,0,0.5
OG0004491,Sorghum_bicolor,0,0,0.5
OG0004491,Hordeum_vulgare,0,-1,0.0337031
OG0004491,Triticum_aestivum,4,2,0.000148177
OG0004491,Oryza_sativa,0,-1,0.154715
OG0004491,Brachypodium_distachyon,3,2,0.00254048
OG0004492,Avena_sativa,1,0,0.555086
OG0004492,Arabidopsis_thaliana,1,0,0.756301
OG0004492,Triticum_turgidum,4,1,0.0115823
OG0004492,Zea_mays,0,-1,0.0693598
OG0004492,Sorghum_bicolor,1,0,0.54662
OG0004492,Hordeum_vulgare,0,-1,0.0337031
OG0004492,Triticum_aestivum,3,0,0.522552
OG0004492,Oryza_sativa,0,-1,0.154715
OG0004492,Brachypodium_distachyon,2,1,0.0355493
OG0004576,Avena_sativa,2,0,0.601244
OG0004576,Arabidopsis_thaliana,3,1,0.294252
OG0004576,Triticum_turgidum,0,-2,3.16E-05
OG0004576,Zea_mays,1,-1,0.130342
OG0004576,Sorghum_bicolor,2,0,0.586825
OG0004576,Hordeum_vulgare,2,0,0.543596
OG0004576,Triticum_aestivum,2,0,0.515209
OG0004576,Oryza_sativa,1,-1,0.268992
OG0004576,Brachypodium_distachyon,2,0,0.62392
OG0004582,Avena_sativa,1,0,0.555086
OG0004582,Arabidopsis_thaliana,2,1,0.137178
OG0004582,Triticum_turgidum,1,0,0.507693
OG0004582,Zea_mays,11,9,5.91E-12
OG0004582,Sorghum_bicolor,1,-1,0.130342
OG0004582,Hordeum_vulgare,1,0,0.522556
OG0004582,Triticum_aestivum,1,0,0.507693
OG0004582,Oryza_sativa,1,0,0.605212
OG0004582,Brachypodium_distachyon,1,0,0.56891
OG0004583,Avena_sativa,0,-1,0.0818261
OG0004583,Arabidopsis_thaliana,2,0,0.83681
OG0004583,Triticum_turgidum,2,1,0.00386114
OG0004583,Zea_mays,5,3,0.00020209
OG0004583,Sorghum_bicolor,0,-2,0.001522
OG0004583,Hordeum_vulgare,1,0,0.522556
OG0004583,Triticum_aestivum,0,-1,0.0115245
OG0004583,Oryza_sativa,11,9,1.06E-08
OG0004583,Brachypodium_distachyon,0,-1,0.102088
OG0004585,Avena_sativa,3,2,0.00160191
OG0004585,Arabidopsis_thaliana,1,0,0.756301
OG0004585,Triticum_turgidum,1,0,0.507693
OG0004585,Zea_mays,9,8,1.35E-11
OG0004585,Sorghum_bicolor,0,-1,0.0693598
OG0004585,Hordeum_vulgare,0,-1,0.0337031
OG0004585,Triticum_aestivum,1,0,0.507693
OG0004585,Oryza_sativa,0,-1,0.154715
OG0004585,Brachypodium_distachyon,0,-1,0.102088
OG0004586,Avena_sativa,2,0,0.601244
OG0004586,Arabidopsis_thaliana,2,0,0.83681
OG0004586,Triticum_turgidum,1,-1,0.0228136
OG0004586,Zea_mays,2,0,0.586825
OG0004586,Sorghum_bicolor,1,-1,0.130342
OG0004586,Hordeum_vulgare,3,1,0.0228047
OG0004586,Triticum_aestivum,2,0,0.515209
OG0004586,Oryza_sativa,1,-1,0.268992
OG0004586,Brachypodium_distachyon,1,-1,0.186225
OG0004591,Avena_sativa,0,-2,0.00222918
OG0004591,Arabidopsis_thaliana,1,0,0.756301
OG0004591,Triticum_turgidum,2,0,0.515209
OG0004591,Zea_mays,3,0,0.621591
OG0004591,Sorghum_bicolor,4,1,0.0712625
OG0004591,Hordeum_vulgare,1,-1,0.0654064
OG0004591,Triticum_aestivum,2,0,0.515209
OG0004591,Oryza_sativa,2,0,0.678483
OG0004591,Brachypodium_distachyon,2,0,0.62392
OG0004595,Avena_sativa,2,0,0.601244
OG0004595,Arabidopsis_thaliana,1,0,0.756301
OG0004595,Triticum_turgidum,1,-1,0.0228136
OG0004595,Zea_mays,1,-1,0.130342
OG0004595,Sorghum_bicolor,4,2,0.00548055
OG0004595,Hordeum_vulgare,3,1,0.0228047
OG0004595,Triticum_aestivum,2,0,0.515209
OG0004595,Oryza_sativa,2,0,0.678483
OG0004595,Brachypodium_distachyon,1,-1,0.186225
OG0004600,Avena_sativa,1,0,0.555086
OG0004600,Arabidopsis_thaliana,1,0,0.756301
OG0004600,Triticum_turgidum,2,1,0.00386114
OG0004600,Zea_mays,10,9,6.45E-13
OG0004600,Sorghum_bicolor,0,-1,0.0693598
OG0004600,Hordeum_vulgare,1,0,0.522556
OG0004600,Triticum_aestivum,1,0,0.507693
OG0004600,Oryza_sativa,1,0,0.605212
OG0004600,Brachypodium_distachyon,0,-1,0.102088
OG0004602,Avena_sativa,1,-1,0.15204
OG0004602,Arabidopsis_thaliana,1,0,0.756301
OG0004602,Triticum_turgidum,1,0,0.507693
OG0004602,Zea_mays,8,6,3.81E-08
OG0004602,Sorghum_bicolor,1,-1,0.130342
OG0004602,Hordeum_vulgare,2,0,0.543596
OG0004602,Triticum_aestivum,1,0,0.507693
OG0004602,Oryza_sativa,2,0,0.678483
OG0004602,Brachypodium_distachyon,2,0,0.62392
OG0004609,Avena_sativa,2,0,0.601244
OG0004609,Arabidopsis_thaliana,2,0,0.83681
OG0004609,Triticum_turgidum,2,0,0.515209
OG0004609,Zea_mays,1,-1,0.130342
OG0004609,Sorghum_bicolor,2,0,0.586825
OG0004609,Hordeum_vulgare,2,0,0.543596
OG0004609,Triticum_aestivum,1,-1,0.0228136
OG0004609,Oryza_sativa,0,-2,0.0102411
OG0004609,Brachypodium_distachyon,3,1,0.0711731
OG0004624,Avena_sativa,2,0,0.601244
OG0004624,Arabidopsis_thaliana,2,0,0.83681
OG0004624,Triticum_turgidum,0,-2,3.16E-05
OG0004624,Zea_mays,0,-2,0.001522
OG0004624,Sorghum_bicolor,2,0,0.586825
OG0004624,Hordeum_vulgare,2,0,0.543596
OG0004624,Triticum_aestivum,2,0,0.515209
OG0004624,Oryza_sativa,2,0,0.678483
OG0004624,Brachypodium_distachyon,2,0,0.62392
OG0004626,Avena_sativa,2,0,0.601244
OG0004626,Arabidopsis_thaliana,1,0,0.756301
OG0004626,Triticum_turgidum,2,0,0.515209
OG0004626,Zea_mays,2,0,0.586825
OG0004626,Sorghum_bicolor,4,2,0.00548055
OG0004626,Hordeum_vulgare,1,-1,0.0654064
OG0004626,Triticum_aestivum,1,-1,0.0228136
OG0004626,Oryza_sativa,2,0,0.678483
OG0004626,Brachypodium_distachyon,2,0,0.62392
OG0004629,Avena_sativa,3,1,0.0565411
OG0004629,Arabidopsis_thaliana,2,0,0.83681
OG0004629,Triticum_turgidum,1,0,0.507693
OG0004629,Zea_mays,3,1,0.0476668
OG0004629,Sorghum_bicolor,2,0,0.586825
OG0004629,Hordeum_vulgare,0,-1,0.0337031
OG0004629,Triticum_aestivum,1,0,0.507693
OG0004629,Oryza_sativa,2,0,0.678483
OG0004629,Brachypodium_distachyon,0,-2,0.00374819
OG0004635,Avena_sativa,1,0,0.555086
OG0004635,Arabidopsis_thaliana,2,1,0.137178
OG0004635,Triticum_turgidum,1,0,0.507693
OG0004635,Zea_mays,10,9,6.45E-13
OG0004635,Sorghum_bicolor,1,0,0.54662
OG0004635,Hordeum_vulgare,1,0,0.522556
OG0004635,Triticum_aestivum,1,0,0.507693
OG0004635,Oryza_sativa,1,0,0.605212
OG0004635,Brachypodium_distachyon,1,0,0.56891
OG0004637,Avena_sativa,2,0,0.601244
OG0004637,Arabidopsis_thaliana,2,0,0.83681
OG0004637,Triticum_turgidum,2,0,0.515209
OG0004637,Zea_mays,3,1,0.0476668
OG0004637,Sorghum_bicolor,1,-1,0.130342
OG0004637,Hordeum_vulgare,0,-2,0.000304881
OG0004637,Triticum_aestivum,2,0,0.515209
OG0004637,Oryza_sativa,1,-1,0.268992
OG0004637,Brachypodium_distachyon,2,0,0.62392
OG0004639,Avena_sativa,1,0,0.555086
OG0004639,Arabidopsis_thaliana,2,1,0.137178
OG0004639,Triticum_turgidum,1,0,0.507693
OG0004639,Zea_mays,9,6,1.40E-07
OG0004639,Sorghum_bicolor,3,0,0.621591
OG0004639,Hordeum_vulgare,1,0,0.522556
OG0004639,Triticum_aestivum,1,0,0.507693
OG0004639,Oryza_sativa,0,-1,0.154715
OG0004639,Brachypodium_distachyon,1,0,0.56891
OG0004641,Avena_sativa,2,0,0.601244
OG0004641,Arabidopsis_thaliana,2,0,0.83681
OG0004641,Triticum_turgidum,1,0,0.507693
OG0004641,Zea_mays,3,1,0.0476668
OG0004641,Sorghum_bicolor,2,0,0.586825
OG0004641,Hordeum_vulgare,0,-1,0.0337031
OG0004641,Triticum_aestivum,2,1,0.00386114
OG0004641,Oryza_sativa,1,-1,0.268992
OG0004641,Brachypodium_distachyon,2,0,0.62392
OG0004647,Avena_sativa,1,0,0.555086
OG0004647,Arabidopsis_thaliana,1,0,0.756301
OG0004647,Triticum_turgidum,2,-1,0.033873
OG0004647,Zea_mays,2,1,0.0238258
OG0004647,Sorghum_bicolor,1,0,0.54662
OG0004647,Hordeum_vulgare,3,0,0.563236
OG0004647,Triticum_aestivum,3,0,0.522552
OG0004647,Oryza_sativa,1,0,0.605212
OG0004647,Brachypodium_distachyon,1,0,0.56891
OG0004657,Avena_sativa,2,0,0.601244
OG0004657,Arabidopsis_thaliana,3,1,0.294252
OG0004657,Triticum_turgidum,0,-1,0.0115245
OG0004657,Zea_mays,2,0,0.586825
OG0004657,Sorghum_bicolor,3,1,0.0476668
OG0004657,Hordeum_vulgare,0,-1,0.0337031
OG0004657,Triticum_aestivum,2,1,0.00386114
OG0004657,Oryza_sativa,2,0,0.678483
OG0004657,Brachypodium_distachyon,2,0,0.62392
OG0004663,Avena_sativa,1,-1,0.15204
OG0004663,Arabidopsis_thaliana,1,0,0.756301
OG0004663,Triticum_turgidum,2,0,0.515209
OG0004663,Zea_mays,1,-1,0.130342
OG0004663,Sorghum_bicolor,3,1,0.0476668
OG0004663,Hordeum_vulgare,2,0,0.543596
OG0004663,Triticum_aestivum,1,-1,0.0228136
OG0004663,Oryza_sativa,3,1,0.110464
OG0004663,Brachypodium_distachyon,3,1,0.0711731
OG0004665,Avena_sativa,2,0,0.601244
OG0004665,Arabidopsis_thaliana,2,0,0.83681
OG0004665,Triticum_turgidum,2,0,0.515209
OG0004665,Zea_mays,2,0,0.586825
OG0004665,Sorghum_bicolor,2,0,0.586825
OG0004665,Hordeum_vulgare,0,-2,0.000304881
OG0004665,Triticum_aestivum,2,0,0.515209
OG0004665,Oryza_sativa,0,-2,0.0102411
OG0004665,Brachypodium_distachyon,2,0,0.62392
OG0004674,Avena_sativa,1,-1,0.15204
OG0004674,Arabidopsis_thaliana,2,0,0.83681
OG0004674,Triticum_turgidum,2,0,0.515209
OG0004674,Zea_mays,5,1,0.0944197
OG0004674,Sorghum_bicolor,4,0,0.65174
OG0004674,Hordeum_vulgare,2,0,0.543596
OG0004674,Triticum_aestivum,1,-1,0.0228136
OG0004674,Oryza_sativa,0,-2,0.0102411
OG0004674,Brachypodium_distachyon,2,0,0.62392
OG0004678,Avena_sativa,2,0,0.601244
OG0004678,Arabidopsis_thaliana,1,0,0.756301
OG0004678,Triticum_turgidum,1,0,0.507693
OG0004678,Zea_mays,3,1,0.0476668
OG0004678,Sorghum_bicolor,2,0,0.586825
OG0004678,Hordeum_vulgare,0,-1,0.0337031
OG0004678,Triticum_aestivum,2,1,0.00386114
OG0004678,Oryza_sativa,2,0,0.678483
OG0004678,Brachypodium_distachyon,2,0,0.62392
OG0004680,Avena_sativa,2,0,0.601244
OG0004680,Arabidopsis_thaliana,2,0,0.83681
OG0004680,Triticum_turgidum,2,1,0.00386114
OG0004680,Zea_mays,1,-1,0.130342
OG0004680,Sorghum_bicolor,2,0,0.586825
OG0004680,Hordeum_vulgare,0,-1,0.0337031
OG0004680,Triticum_aestivum,1,0,0.507693
OG0004680,Oryza_sativa,3,1,0.110464
OG0004680,Brachypodium_distachyon,1,-1,0.186225
OG0004681,Avena_sativa,2,0,0.601244
OG0004681,Arabidopsis_thaliana,3,1,0.294252
OG0004681,Triticum_turgidum,2,1,0.00386114
OG0004681,Zea_mays,2,0,0.586825
OG0004681,Sorghum_bicolor,3,1,0.0476668
OG0004681,Hordeum_vulgare,0,-1,0.0337031
OG0004681,Triticum_aestivum,1,0,0.507693
OG0004681,Oryza_sativa,3,1,0.110464
OG0004681,Brachypodium_distachyon,1,-1,0.186225
OG0004683,Avena_sativa,1,0,0.555086
OG0004683,Arabidopsis_thaliana,2,1,0.137178
OG0004683,Triticum_turgidum,1,0,0.507693
OG0004683,Zea_mays,10,9,6.45E-13
OG0004683,Sorghum_bicolor,1,0,0.54662
OG0004683,Hordeum_vulgare,1,0,0.522556
OG0004683,Triticum_aestivum,1,0,0.507693
OG0004683,Oryza_sativa,1,0,0.605212
OG0004683,Brachypodium_distachyon,1,0,0.56891
OG0004685,Avena_sativa,1,-1,0.15204
OG0004685,Arabidopsis_thaliana,1,0,0.756301
OG0004685,Triticum_turgidum,2,0,0.515209
OG0004685,Zea_mays,6,4,1.20E-05
OG0004685,Sorghum_bicolor,2,0,0.586825
OG0004685,Hordeum_vulgare,2,0,0.543596
OG0004685,Triticum_aestivum,2,0,0.515209
OG0004685,Oryza_sativa,0,-2,0.0102411
OG0004685,Brachypodium_distachyon,2,0,0.62392
OG0004687,Avena_sativa,2,0,0.601244
OG0004687,Arabidopsis_thaliana,2,0,0.83681
OG0004687,Triticum_turgidum,1,0,0.507693
OG0004687,Zea_mays,3,1,0.0476668
OG0004687,Sorghum_bicolor,2,0,0.586825
OG0004687,Hordeum_vulgare,0,-1,0.0337031
OG0004687,Triticum_aestivum,2,1,0.00386114
OG0004687,Oryza_sativa,2,0,0.678483
OG0004687,Brachypodium_distachyon,2,0,0.62392
OG0004694,Avena_sativa,2,0,0.601244
OG0004694,Arabidopsis_thaliana,3,1,0.294252
OG0004694,Triticum_turgidum,2,0,0.515209
OG0004694,Zea_mays,3,1,0.0476668
OG0004694,Sorghum_bicolor,1,-1,0.130342
OG0004694,Hordeum_vulgare,0,-2,0.000304881
OG0004694,Triticum_aestivum,2,0,0.515209
OG0004694,Oryza_sativa,2,0,0.678483
OG0004694,Brachypodium_distachyon,1,-1,0.186225
OG0004699,Avena_sativa,3,1,0.0565411
OG0004699,Arabidopsis_thaliana,2,0,0.83681
OG0004699,Triticum_turgidum,1,0,0.507693
OG0004699,Zea_mays,3,1,0.0476668
OG0004699,Sorghum_bicolor,1,-1,0.130342
OG0004699,Hordeum_vulgare,2,0,0.543596
OG0004699,Triticum_aestivum,1,0,0.507693
OG0004699,Oryza_sativa,2,0,0.678483
OG0004699,Brachypodium_distachyon,1,-1,0.186225
OG0004709,Avena_sativa,2,0,0.601244
OG0004709,Arabidopsis_thaliana,1,0,0.756301
OG0004709,Triticum_turgidum,2,0,0.515209
OG0004709,Zea_mays,3,0,0.621591
OG0004709,Sorghum_bicolor,4,1,0.0712625
OG0004709,Hordeum_vulgare,1,-1,0.0654064
OG0004709,Triticum_aestivum,1,-1,0.0228136
OG0004709,Oryza_sativa,0,-2,0.0102411
OG0004709,Brachypodium_distachyon,2,0,0.62392
OG0004713,Avena_sativa,3,1,0.0565411
OG0004713,Arabidopsis_thaliana,1,0,0.756301
OG0004713,Triticum_turgidum,2,0,0.515209
OG0004713,Zea_mays,3,1,0.0476668
OG0004713,Sorghum_bicolor,2,0,0.586825
OG0004713,Hordeum_vulgare,0,-2,0.000304881
OG0004713,Triticum_aestivum,2,0,0.515209
OG0004713,Oryza_sativa,1,-1,0.268992
OG0004713,Brachypodium_distachyon,1,-1,0.186225
OG0004721,Avena_sativa,2,0,0.601244
OG0004721,Arabidopsis_thaliana,1,0,0.756301
OG0004721,Triticum_turgidum,2,0,0.515209
OG0004721,Zea_mays,1,-1,0.130342
OG0004721,Sorghum_bicolor,3,1,0.0476668
OG0004721,Hordeum_vulgare,0,-2,0.000304881
OG0004721,Triticum_aestivum,2,0,0.515209
OG0004721,Oryza_sativa,2,0,0.678483
OG0004721,Brachypodium_distachyon,1,-1,0.186225
OG0004725,Avena_sativa,1,0,0.555086
OG0004725,Arabidopsis_thaliana,1,0,0.756301
OG0004725,Triticum_turgidum,2,0,0.515209
OG0004725,Zea_mays,1,0,0.54662
OG0004725,Sorghum_bicolor,1,0,0.54662
OG0004725,Hordeum_vulgare,8,6,4.74E-10
OG0004725,Triticum_aestivum,1,-1,0.0228136
OG0004725,Oryza_sativa,1,0,0.605212
OG0004725,Brachypodium_distachyon,1,0,0.56891
OG0004731,Avena_sativa,1,0,0.555086
OG0004731,Arabidopsis_thaliana,1,0,0.756301
OG0004731,Triticum_turgidum,1,0,0.507693
OG0004731,Zea_mays,11,9,5.91E-12
OG0004731,Sorghum_bicolor,1,-1,0.130342
OG0004731,Hordeum_vulgare,1,0,0.522556
OG0004731,Triticum_aestivum,1,0,0.507693
OG0004731,Oryza_sativa,1,0,0.605212
OG0004731,Brachypodium_distachyon,1,0,0.56891
OG0004737,Avena_sativa,1,0,0.555086
OG0004737,Arabidopsis_thaliana,1,0,0.756301
OG0004737,Triticum_turgidum,2,0,0.515209
OG0004737,Zea_mays,8,7,2.83E-10
OG0004737,Sorghum_bicolor,1,0,0.54662
OG0004737,Hordeum_vulgare,2,0,0.543596
OG0004737,Triticum_aestivum,1,-1,0.0228136
OG0004737,Oryza_sativa,1,0,0.605212
OG0004737,Brachypodium_distachyon,1,0,0.56891
OG0004741,Avena_sativa,3,1,0.0565411
OG0004741,Arabidopsis_thaliana,2,0,0.83681
OG0004741,Triticum_turgidum,2,0,0.515209
OG0004741,Zea_mays,2,0,0.586825
OG0004741,Sorghum_bicolor,2,0,0.586825
OG0004741,Hordeum_vulgare,2,0,0.543596
OG0004741,Triticum_aestivum,1,-1,0.0228136
OG0004741,Oryza_sativa,0,-2,0.0102411
OG0004741,Brachypodium_distachyon,1,-1,0.186225
OG0004745,Avena_sativa,1,0,0.555086
OG0004745,Arabidopsis_thaliana,4,2,0.0815
OG0004745,Triticum_turgidum,1,0,0.507693
OG0004745,Zea_mays,8,7,2.83E-10
OG0004745,Sorghum_bicolor,1,0,0.54662
OG0004745,Hordeum_vulgare,1,0,0.522556
OG0004745,Triticum_aestivum,1,0,0.507693
OG0004745,Oryza_sativa,1,0,0.605212
OG0004745,Brachypodium_distachyon,1,0,0.56891
OG0004747,Avena_sativa,7,6,1.65E-08
OG0004747,Arabidopsis_thaliana,1,0,0.756301
OG0004747,Triticum_turgidum,0,0,0.5
OG0004747,Zea_mays,0,0,0.5
OG0004747,Sorghum_bicolor,0,0,0.5
OG0004747,Hordeum_vulgare,0,0,0.5
OG0004747,Triticum_aestivum,0,0,0.5
OG0004747,Oryza_sativa,0,-1,0.154715
OG0004747,Brachypodium_distachyon,1,0,0.56891
OG0004751,Avena_sativa,1,-1,0.15204
OG0004751,Arabidopsis_thaliana,2,0,0.83681
OG0004751,Triticum_turgidum,2,0,0.515209
OG0004751,Zea_mays,4,2,0.00548055
OG0004751,Sorghum_bicolor,2,0,0.586825
OG0004751,Hordeum_vulgare,2,0,0.543596
OG0004751,Triticum_aestivum,1,-1,0.0228136
OG0004751,Oryza_sativa,1,-1,0.268992
OG0004751,Brachypodium_distachyon,2,0,0.62392
OG0004753,Avena_sativa,1,0,0.555086
OG0004753,Arabidopsis_thaliana,3,2,0.0414086
OG0004753,Triticum_turgidum,1,0,0.507693
OG0004753,Zea_mays,10,8,1.11E-10
OG0004753,Sorghum_bicolor,1,-1,0.130342
OG0004753,Hordeum_vulgare,1,0,0.522556
OG0004753,Triticum_aestivum,1,0,0.507693
OG0004753,Oryza_sativa,0,-1,0.154715
OG0004753,Brachypodium_distachyon,1,0,0.56891
OG0004754,Avena_sativa,1,0,0.555086
OG0004754,Arabidopsis_thaliana,1,0,0.756301
OG0004754,Triticum_turgidum,1,0,0.507693
OG0004754,Zea_mays,10,8,1.11E-10
OG0004754,Sorghum_bicolor,2,0,0.586825
OG0004754,Hordeum_vulgare,1,0,0.522556
OG0004754,Triticum_aestivum,1,0,0.507693
OG0004754,Oryza_sativa,1,0,0.605212
OG0004754,Brachypodium_distachyon,1,0,0.56891
OG0004755,Avena_sativa,1,0,0.555086
OG0004755,Arabidopsis_thaliana,2,1,0.137178
OG0004755,Triticum_turgidum,1,0,0.507693
OG0004755,Zea_mays,9,8,1.35E-11
OG0004755,Sorghum_bicolor,1,0,0.54662
OG0004755,Hordeum_vulgare,1,0,0.522556
OG0004755,Triticum_aestivum,1,0,0.507693
OG0004755,Oryza_sativa,1,0,0.605212
OG0004755,Brachypodium_distachyon,1,0,0.56891
OG0004756,Avena_sativa,1,0,0.555086
OG0004756,Arabidopsis_thaliana,1,0,0.756301
OG0004756,Triticum_turgidum,1,0,0.507693
OG0004756,Zea_mays,11,9,5.91E-12
OG0004756,Sorghum_bicolor,1,-1,0.130342
OG0004756,Hordeum_vulgare,1,0,0.522556
OG0004756,Triticum_aestivum,1,0,0.507693
OG0004756,Oryza_sativa,1,0,0.605212
OG0004756,Brachypodium_distachyon,1,0,0.56891
OG0004758,Avena_sativa,1,0,0.555086
OG0004758,Arabidopsis_thaliana,2,0,0.83681
OG0004758,Triticum_turgidum,1,0,0.507693
OG0004758,Zea_mays,8,6,3.81E-08
OG0004758,Sorghum_bicolor,2,0,0.586825
OG0004758,Hordeum_vulgare,1,0,0.522556
OG0004758,Triticum_aestivum,1,0,0.507693
OG0004758,Oryza_sativa,2,0,0.678483
OG0004758,Brachypodium_distachyon,1,0,0.56891
OG0004760,Avena_sativa,2,1,0.0282556
OG0004760,Arabidopsis_thaliana,1,0,0.756301
OG0004760,Triticum_turgidum,2,0,0.515209
OG0004760,Zea_mays,4,3,5.43E-05
OG0004760,Sorghum_bicolor,1,0,0.54662
OG0004760,Hordeum_vulgare,0,-1,0.0337031
OG0004760,Triticum_aestivum,2,0,0.515209
OG0004760,Oryza_sativa,1,0,0.605212
OG0004760,Brachypodium_distachyon,1,0,0.56891
OG0004762,Avena_sativa,1,0,0.555086
OG0004762,Arabidopsis_thaliana,1,0,0.756301
OG0004762,Triticum_turgidum,0,-1,0.0115245
OG0004762,Zea_mays,9,6,1.40E-07
OG0004762,Sorghum_bicolor,2,-1,0.18413
OG0004762,Hordeum_vulgare,1,0,0.522556
OG0004762,Triticum_aestivum,1,0,0.507693
OG0004762,Oryza_sativa,2,0,0.678483
OG0004762,Brachypodium_distachyon,2,0,0.62392
OG0004764,Avena_sativa,1,-1,0.15204
OG0004764,Arabidopsis_thaliana,1,0,0.756301
OG0004764,Triticum_turgidum,0,-2,3.16E-05
OG0004764,Zea_mays,2,0,0.586825
OG0004764,Sorghum_bicolor,2,0,0.586825
OG0004764,Hordeum_vulgare,3,1,0.0228047
OG0004764,Triticum_aestivum,3,1,0.00772228
OG0004764,Oryza_sativa,1,-1,0.268992
OG0004764,Brachypodium_distachyon,3,1,0.0711731
OG0004769,Avena_sativa,0,-1,0.0818261
OG0004769,Arabidopsis_thaliana,1,0,0.756301
OG0004769,Triticum_turgidum,3,1,0.00772228
OG0004769,Zea_mays,2,0,0.586825
OG0004769,Sorghum_bicolor,3,1,0.0476668
OG0004769,Hordeum_vulgare,1,0,0.522556
OG0004769,Triticum_aestivum,2,0,0.515209
OG0004769,Oryza_sativa,2,0,0.678483
OG0004769,Brachypodium_distachyon,1,0,0.56891
OG0004777,Avena_sativa,1,0,0.555086
OG0004777,Arabidopsis_thaliana,2,1,0.137178
OG0004777,Triticum_turgidum,1,0,0.507693
OG0004777,Zea_mays,8,7,2.83E-10
OG0004777,Sorghum_bicolor,1,0,0.54662
OG0004777,Hordeum_vulgare,3,2,0.000260145
OG0004777,Triticum_aestivum,1,0,0.507693
OG0004777,Oryza_sativa,1,0,0.605212
OG0004777,Brachypodium_distachyon,1,0,0.56891
OG0004803,Avena_sativa,1,0,0.555086
OG0004803,Arabidopsis_thaliana,1,0,0.756301
OG0004803,Triticum_turgidum,1,0,0.507693
OG0004803,Zea_mays,11,9,5.91E-12
OG0004803,Sorghum_bicolor,1,-1,0.130342
OG0004803,Hordeum_vulgare,1,0,0.522556
OG0004803,Triticum_aestivum,1,0,0.507693
OG0004803,Oryza_sativa,1,0,0.605212
OG0004803,Brachypodium_distachyon,1,0,0.56891
OG0004807,Avena_sativa,2,0,0.601244
OG0004807,Arabidopsis_thaliana,1,-1,0.526493
OG0004807,Triticum_turgidum,0,-1,0.0115245
OG0004807,Zea_mays,4,1,0.0712625
OG0004807,Sorghum_bicolor,3,0,0.621591
OG0004807,Hordeum_vulgare,1,0,0.522556
OG0004807,Triticum_aestivum,1,0,0.507693
OG0004807,Oryza_sativa,3,0,0.730477
OG0004807,Brachypodium_distachyon,2,0,0.62392
OG0004808,Avena_sativa,1,0,0.555086
OG0004808,Arabidopsis_thaliana,1,0,0.756301
OG0004808,Triticum_turgidum,2,0,0.515209
OG0004808,Zea_mays,5,4,2.60E-06
OG0004808,Sorghum_bicolor,1,0,0.54662
OG0004808,Hordeum_vulgare,2,0,0.543596
OG0004808,Triticum_aestivum,2,0,0.515209
OG0004808,Oryza_sativa,1,0,0.605212
OG0004808,Brachypodium_distachyon,1,0,0.56891
OG0004809,Avena_sativa,1,0,0.555086
OG0004809,Arabidopsis_thaliana,1,0,0.756301
OG0004809,Triticum_turgidum,0,-1,0.0115245
OG0004809,Zea_mays,6,5,1.24E-07
OG0004809,Sorghum_bicolor,1,0,0.54662
OG0004809,Hordeum_vulgare,1,0,0.522556
OG0004809,Triticum_aestivum,2,1,0.00386114
OG0004809,Oryza_sativa,0,-1,0.154715
OG0004809,Brachypodium_distachyon,5,4,1.30E-05
OG0004810,Avena_sativa,0,-1,0.0818261
OG0004810,Arabidopsis_thaliana,1,0,0.756301
OG0004810,Triticum_turgidum,0,-1,0.0115245
OG0004810,Zea_mays,0,-1,0.0693598
OG0004810,Sorghum_bicolor,1,0,0.54662
OG0004810,Hordeum_vulgare,0,-1,0.0337031
OG0004810,Triticum_aestivum,7,6,1.06E-13
OG0004810,Oryza_sativa,0,-1,0.154715
OG0004810,Brachypodium_distachyon,2,1,0.0355493
OG0004887,Avena_sativa,2,0,0.601244
OG0004887,Arabidopsis_thaliana,3,2,0.0414086
OG0004887,Triticum_turgidum,3,1,0.00772228
OG0004887,Zea_mays,0,0,0.5
OG0004887,Sorghum_bicolor,0,0,0.5
OG0004887,Hordeum_vulgare,2,0,0.543596
OG0004887,Triticum_aestivum,2,0,0.515209
OG0004887,Oryza_sativa,0,-1,0.154715
OG0004887,Brachypodium_distachyon,1,0,0.56891
OG0004888,Avena_sativa,1,0,0.555086
OG0004888,Arabidopsis_thaliana,1,0,0.756301
OG0004888,Triticum_turgidum,1,0,0.507693
OG0004888,Zea_mays,5,3,0.00020209
OG0004888,Sorghum_bicolor,2,0,0.586825
OG0004888,Hordeum_vulgare,1,0,0.522556
OG0004888,Triticum_aestivum,1,0,0.507693
OG0004888,Oryza_sativa,4,2,0.0281791
OG0004888,Brachypodium_distachyon,2,0,0.62392
OG0004889,Avena_sativa,2,0,0.601244
OG0004889,Arabidopsis_thaliana,1,0,0.756301
OG0004889,Triticum_turgidum,0,-2,3.16E-05
OG0004889,Zea_mays,2,0,0.586825
OG0004889,Sorghum_bicolor,2,0,0.586825
OG0004889,Hordeum_vulgare,2,0,0.543596
OG0004889,Triticum_aestivum,2,0,0.515209
OG0004889,Oryza_sativa,2,0,0.678483
OG0004889,Brachypodium_distachyon,1,-1,0.186225
OG0004890,Avena_sativa,2,0,0.601244
OG0004890,Arabidopsis_thaliana,3,1,0.294252
OG0004890,Triticum_turgidum,2,0,0.515209
OG0004890,Zea_mays,3,1,0.0476668
OG0004890,Sorghum_bicolor,2,0,0.586825
OG0004890,Hordeum_vulgare,2,0,0.543596
OG0004890,Triticum_aestivum,0,-2,3.16E-05
OG0004890,Oryza_sativa,1,-1,0.268992
OG0004890,Brachypodium_distachyon,2,0,0.62392
OG0004891,Avena_sativa,1,-1,0.15204
OG0004891,Arabidopsis_thaliana,2,0,0.83681
OG0004891,Triticum_turgidum,0,-2,3.16E-05
OG0004891,Zea_mays,3,1,0.0476668
OG0004891,Sorghum_bicolor,2,0,0.586825
OG0004891,Hordeum_vulgare,2,0,0.543596
OG0004891,Triticum_aestivum,2,0,0.515209
OG0004891,Oryza_sativa,2,0,0.678483
OG0004891,Brachypodium_distachyon,3,1,0.0711731
OG0004895,Avena_sativa,1,0,0.555086
OG0004895,Arabidopsis_thaliana,1,0,0.756301
OG0004895,Triticum_turgidum,2,0,0.515209
OG0004895,Zea_mays,4,3,5.43E-05
OG0004895,Sorghum_bicolor,1,0,0.54662
OG0004895,Hordeum_vulgare,2,0,0.543596
OG0004895,Triticum_aestivum,2,0,0.515209
OG0004895,Oryza_sativa,1,0,0.605212
OG0004895,Brachypodium_distachyon,1,0,0.56891
OG0004897,Avena_sativa,2,0,0.601244
OG0004897,Arabidopsis_thaliana,1,0,0.756301
OG0004897,Triticum_turgidum,0,-2,3.16E-05
OG0004897,Zea_mays,4,2,0.00548055
OG0004897,Sorghum_bicolor,1,-1,0.130342
OG0004897,Hordeum_vulgare,2,0,0.543596
OG0004897,Triticum_aestivum,2,0,0.515209
OG0004897,Oryza_sativa,0,-2,0.0102411
OG0004897,Brachypodium_distachyon,2,0,0.62392
OG0004904,Avena_sativa,2,0,0.601244
OG0004904,Arabidopsis_thaliana,1,0,0.756301
OG0004904,Triticum_turgidum,1,-1,0.0228136
OG0004904,Zea_mays,0,-2,0.001522
OG0004904,Sorghum_bicolor,2,0,0.586825
OG0004904,Hordeum_vulgare,2,0,0.543596
OG0004904,Triticum_aestivum,2,0,0.515209
OG0004904,Oryza_sativa,2,0,0.678483
OG0004904,Brachypodium_distachyon,1,-1,0.186225
OG0004908,Avena_sativa,2,0,0.601244
OG0004908,Arabidopsis_thaliana,2,0,0.83681
OG0004908,Triticum_turgidum,0,-1,0.0115245
OG0004908,Zea_mays,3,1,0.0476668
OG0004908,Sorghum_bicolor,1,-1,0.130342
OG0004908,Hordeum_vulgare,2,0,0.543596
OG0004908,Triticum_aestivum,1,0,0.507693
OG0004908,Oryza_sativa,2,0,0.678483
OG0004908,Brachypodium_distachyon,2,0,0.62392
OG0004910,Avena_sativa,1,0,0.555086
OG0004910,Arabidopsis_thaliana,2,1,0.137178
OG0004910,Triticum_turgidum,1,0,0.507693
OG0004910,Zea_mays,8,7,2.83E-10
OG0004910,Sorghum_bicolor,1,0,0.54662
OG0004910,Hordeum_vulgare,1,0,0.522556
OG0004910,Triticum_aestivum,1,0,0.507693
OG0004910,Oryza_sativa,1,0,0.605212
OG0004910,Brachypodium_distachyon,1,0,0.56891
OG0004913,Avena_sativa,1,0,0.555086
OG0004913,Arabidopsis_thaliana,2,0,0.83681
OG0004913,Triticum_turgidum,1,-1,0.0228136
OG0004913,Zea_mays,4,1,0.0712625
OG0004913,Sorghum_bicolor,3,0,0.621591
OG0004913,Hordeum_vulgare,2,0,0.543596
OG0004913,Triticum_aestivum,2,0,0.515209
OG0004913,Oryza_sativa,1,0,0.605212
OG0004913,Brachypodium_distachyon,1,0,0.56891
OG0004918,Avena_sativa,2,0,0.601244
OG0004918,Arabidopsis_thaliana,4,2,0.0815
OG0004918,Triticum_turgidum,0,-2,3.16E-05
OG0004918,Zea_mays,1,-1,0.130342
OG0004918,Sorghum_bicolor,2,0,0.586825
OG0004918,Hordeum_vulgare,2,0,0.543596
OG0004918,Triticum_aestivum,2,0,0.515209
OG0004918,Oryza_sativa,1,-1,0.268992
OG0004918,Brachypodium_distachyon,2,0,0.62392
OG0004919,Avena_sativa,3,1,0.0565411
OG0004919,Arabidopsis_thaliana,1,0,0.756301
OG0004919,Triticum_turgidum,0,-1,0.0115245
OG0004919,Zea_mays,1,0,0.54662
OG0004919,Sorghum_bicolor,1,0,0.54662
OG0004919,Hordeum_vulgare,1,0,0.522556
OG0004919,Triticum_aestivum,2,1,0.00386114
OG0004919,Oryza_sativa,2,0,0.678483
OG0004919,Brachypodium_distachyon,2,0,0.62392
OG0004923,Avena_sativa,3,1,0.0565411
OG0004923,Arabidopsis_thaliana,2,0,0.83681
OG0004923,Triticum_turgidum,2,0,0.515209
OG0004923,Zea_mays,1,-1,0.130342
OG0004923,Sorghum_bicolor,2,0,0.586825
OG0004923,Hordeum_vulgare,1,-1,0.0654064
OG0004923,Triticum_aestivum,1,-1,0.0228136
OG0004923,Oryza_sativa,2,0,0.678483
OG0004923,Brachypodium_distachyon,1,-1,0.186225
OG0004935,Avena_sativa,2,0,0.601244
OG0004935,Arabidopsis_thaliana,1,0,0.756301
OG0004935,Triticum_turgidum,0,-1,0.0115245
OG0004935,Zea_mays,3,1,0.0476668
OG0004935,Sorghum_bicolor,2,0,0.586825
OG0004935,Hordeum_vulgare,1,0,0.522556
OG0004935,Triticum_aestivum,2,1,0.00386114
OG0004935,Oryza_sativa,2,0,0.678483
OG0004935,Brachypodium_distachyon,2,0,0.62392
OG0004943,Avena_sativa,1,0,0.555086
OG0004943,Arabidopsis_thaliana,1,0,0.756301
OG0004943,Triticum_turgidum,1,0,0.507693
OG0004943,Zea_mays,8,7,2.83E-10
OG0004943,Sorghum_bicolor,1,0,0.54662
OG0004943,Hordeum_vulgare,1,0,0.522556
OG0004943,Triticum_aestivum,1,0,0.507693
OG0004943,Oryza_sativa,1,0,0.605212
OG0004943,Brachypodium_distachyon,3,2,0.00254048
OG0004949,Avena_sativa,1,0,0.555086
OG0004949,Arabidopsis_thaliana,4,2,0.0815
OG0004949,Triticum_turgidum,1,0,0.507693
OG0004949,Zea_mays,6,4,1.20E-05
OG0004949,Sorghum_bicolor,1,-1,0.130342
OG0004949,Hordeum_vulgare,1,0,0.522556
OG0004949,Triticum_aestivum,1,0,0.507693
OG0004949,Oryza_sativa,2,0,0.678483
OG0004949,Brachypodium_distachyon,1,0,0.56891
OG0004954,Avena_sativa,1,0,0.555086
OG0004954,Arabidopsis_thaliana,2,1,0.137178
OG0004954,Triticum_turgidum,1,0,0.507693
OG0004954,Zea_mays,11,9,5.91E-12
OG0004954,Sorghum_bicolor,1,-1,0.130342
OG0004954,Hordeum_vulgare,1,0,0.522556
OG0004954,Triticum_aestivum,0,-1,0.0115245
OG0004954,Oryza_sativa,1,0,0.605212
OG0004954,Brachypodium_distachyon,1,0,0.56891
OG0004956,Avena_sativa,2,0,0.601244
OG0004956,Arabidopsis_thaliana,2,0,0.83681
OG0004956,Triticum_turgidum,0,-2,3.16E-05
OG0004956,Zea_mays,2,0,0.586825
OG0004956,Sorghum_bicolor,1,-1,0.130342
OG0004956,Hordeum_vulgare,2,0,0.543596
OG0004956,Triticum_aestivum,2,0,0.515209
OG0004956,Oryza_sativa,2,0,0.678483
OG0004956,Brachypodium_distachyon,2,0,0.62392
OG0004963,Avena_sativa,1,0,0.555086
OG0004963,Arabidopsis_thaliana,2,1,0.137178
OG0004963,Triticum_turgidum,1,0,0.507693
OG0004963,Zea_mays,6,4,1.20E-05
OG0004963,Sorghum_bicolor,2,0,0.586825
OG0004963,Hordeum_vulgare,1,0,0.522556
OG0004963,Triticum_aestivum,1,0,0.507693
OG0004963,Oryza_sativa,1,0,0.605212
OG0004963,Brachypodium_distachyon,2,1,0.0355493
OG0004967,Avena_sativa,2,1,0.0282556
OG0004967,Arabidopsis_thaliana,5,3,0.030694
OG0004967,Triticum_turgidum,0,-1,0.0115245
OG0004967,Zea_mays,1,0,0.54662
OG0004967,Sorghum_bicolor,5,4,2.60E-06
OG0004967,Hordeum_vulgare,1,0,0.522556
OG0004967,Triticum_aestivum,1,0,0.507693
OG0004967,Oryza_sativa,1,0,0.605212
OG0004967,Brachypodium_distachyon,1,0,0.56891
OG0004969,Avena_sativa,4,3,9.08E-05
OG0004969,Arabidopsis_thaliana,2,1,0.137178
OG0004969,Triticum_turgidum,1,0,0.507693
OG0004969,Zea_mays,2,1,0.0238258
OG0004969,Sorghum_bicolor,1,0,0.54662
OG0004969,Hordeum_vulgare,0,-1,0.0337031
OG0004969,Triticum_aestivum,1,0,0.507693
OG0004969,Oryza_sativa,1,0,0.605212
OG0004969,Brachypodium_distachyon,1,0,0.56891
OG0004970,Avena_sativa,1,0,0.555086
OG0004970,Arabidopsis_thaliana,5,3,0.030694
OG0004970,Triticum_turgidum,1,0,0.507693
OG0004970,Zea_mays,7,6,5.92E-09
OG0004970,Sorghum_bicolor,1,0,0.54662
OG0004970,Hordeum_vulgare,1,0,0.522556
OG0004970,Triticum_aestivum,1,0,0.507693
OG0004970,Oryza_sativa,0,-1,0.154715
OG0004970,Brachypodium_distachyon,1,0,0.56891
OG0004972,Avena_sativa,1,0,0.555086
OG0004972,Arabidopsis_thaliana,1,0,0.756301
OG0004972,Triticum_turgidum,2,0,0.515209
OG0004972,Zea_mays,2,0,0.586825
OG0004972,Sorghum_bicolor,4,2,0.00548055
OG0004972,Hordeum_vulgare,2,0,0.543596
OG0004972,Triticum_aestivum,1,-1,0.0228136
OG0004972,Oryza_sativa,1,0,0.605212
OG0004972,Brachypodium_distachyon,1,0,0.56891
OG0004973,Avena_sativa,2,1,0.0282556
OG0004973,Arabidopsis_thaliana,2,1,0.137178
OG0004973,Triticum_turgidum,1,0,0.507693
OG0004973,Zea_mays,6,5,1.24E-07
OG0004973,Sorghum_bicolor,1,0,0.54662
OG0004973,Hordeum_vulgare,1,0,0.522556
OG0004973,Triticum_aestivum,1,0,0.507693
OG0004973,Oryza_sativa,1,0,0.605212
OG0004973,Brachypodium_distachyon,1,0,0.56891
OG0004976,Avena_sativa,1,0,0.555086
OG0004976,Arabidopsis_thaliana,4,2,0.0815
OG0004976,Triticum_turgidum,1,0,0.507693
OG0004976,Zea_mays,7,6,5.92E-09
OG0004976,Sorghum_bicolor,1,0,0.54662
OG0004976,Hordeum_vulgare,1,0,0.522556
OG0004976,Triticum_aestivum,1,0,0.507693
OG0004976,Oryza_sativa,1,0,0.605212
OG0004976,Brachypodium_distachyon,1,0,0.56891
OG0004981,Avena_sativa,2,0,0.601244
OG0004981,Arabidopsis_thaliana,2,0,0.83681
OG0004981,Triticum_turgidum,0,-1,0.0115245
OG0004981,Zea_mays,3,1,0.0476668
OG0004981,Sorghum_bicolor,1,-1,0.130342
OG0004981,Hordeum_vulgare,2,0,0.543596
OG0004981,Triticum_aestivum,1,0,0.507693
OG0004981,Oryza_sativa,2,0,0.678483
OG0004981,Brachypodium_distachyon,2,0,0.62392
OG0004983,Avena_sativa,1,0,0.555086
OG0004983,Arabidopsis_thaliana,1,0,0.756301
OG0004983,Triticum_turgidum,2,1,0.00386114
OG0004983,Zea_mays,8,7,2.83E-10
OG0004983,Sorghum_bicolor,1,0,0.54662
OG0004983,Hordeum_vulgare,1,0,0.522556
OG0004983,Triticum_aestivum,1,0,0.507693
OG0004983,Oryza_sativa,0,-1,0.154715
OG0004983,Brachypodium_distachyon,1,0,0.56891
OG0004992,Avena_sativa,1,0,0.555086
OG0004992,Arabidopsis_thaliana,1,0,0.756301
OG0004992,Triticum_turgidum,0,-1,0.0115245
OG0004992,Zea_mays,9,8,1.35E-11
OG0004992,Sorghum_bicolor,1,0,0.54662
OG0004992,Hordeum_vulgare,3,2,0.000260145
OG0004992,Triticum_aestivum,1,0,0.507693
OG0004992,Oryza_sativa,0,-1,0.154715
OG0004992,Brachypodium_distachyon,1,0,0.56891
OG0004995,Avena_sativa,1,0,0.555086
OG0004995,Arabidopsis_thaliana,1,0,0.756301
OG0004995,Triticum_turgidum,1,0,0.507693
OG0004995,Zea_mays,10,8,1.11E-10
OG0004995,Sorghum_bicolor,2,0,0.586825
OG0004995,Hordeum_vulgare,0,-1,0.0337031
OG0004995,Triticum_aestivum,1,0,0.507693
OG0004995,Oryza_sativa,1,0,0.605212
OG0004995,Brachypodium_distachyon,1,0,0.56891
OG0005000,Avena_sativa,1,0,0.555086
OG0005000,Arabidopsis_thaliana,2,1,0.137178
OG0005000,Triticum_turgidum,5,3,9.10E-07
OG0005000,Zea_mays,0,0,0.5
OG0005000,Sorghum_bicolor,0,0,0.5
OG0005000,Hordeum_vulgare,0,-1,0.0337031
OG0005000,Triticum_aestivum,2,0,0.515209
OG0005000,Oryza_sativa,0,-1,0.154715
OG0005000,Brachypodium_distachyon,0,-1,0.102088
OG0005001,Avena_sativa,3,2,0.00160191
OG0005001,Arabidopsis_thaliana,4,2,0.0815
OG0005001,Triticum_turgidum,0,-1,0.0115245
OG0005001,Zea_mays,2,1,0.0238258
OG0005001,Sorghum_bicolor,1,0,0.54662
OG0005001,Hordeum_vulgare,1,0,0.522556
OG0005001,Triticum_aestivum,1,0,0.507693
OG0005001,Oryza_sativa,1,0,0.605212
OG0005001,Brachypodium_distachyon,1,0,0.56891
OG0005009,Avena_sativa,2,0,0.601244
OG0005009,Arabidopsis_thaliana,4,2,0.0815
OG0005009,Triticum_turgidum,2,0,0.515209
OG0005009,Zea_mays,0,-1,0.0693598
OG0005009,Sorghum_bicolor,1,0,0.54662
OG0005009,Hordeum_vulgare,0,-2,0.000304881
OG0005009,Triticum_aestivum,2,0,0.515209
OG0005009,Oryza_sativa,3,1,0.110464
OG0005009,Brachypodium_distachyon,0,-2,0.00374819
OG0005011,Avena_sativa,1,0,0.555086
OG0005011,Arabidopsis_thaliana,1,0,0.756301
OG0005011,Triticum_turgidum,1,0,0.507693
OG0005011,Zea_mays,9,7,2.08E-09
OG0005011,Sorghum_bicolor,1,-1,0.130342
OG0005011,Hordeum_vulgare,1,0,0.522556
OG0005011,Triticum_aestivum,1,0,0.507693
OG0005011,Oryza_sativa,2,0,0.678483
OG0005011,Brachypodium_distachyon,1,0,0.56891
OG0005012,Avena_sativa,1,0,0.555086
OG0005012,Arabidopsis_thaliana,1,0,0.756301
OG0005012,Triticum_turgidum,2,0,0.515209
OG0005012,Zea_mays,1,0,0.54662
OG0005012,Sorghum_bicolor,3,2,0.00113794
OG0005012,Hordeum_vulgare,1,0,0.522556
OG0005012,Triticum_aestivum,3,1,0.00772228
OG0005012,Oryza_sativa,1,0,0.605212
OG0005012,Brachypodium_distachyon,1,0,0.56891
OG0005020,Avena_sativa,1,0,0.555086
OG0005020,Arabidopsis_thaliana,2,0,0.83681
OG0005020,Triticum_turgidum,2,1,0.00386114
OG0005020,Zea_mays,5,2,0.0123196
OG0005020,Sorghum_bicolor,3,0,0.621591
OG0005020,Hordeum_vulgare,0,-1,0.0337031
OG0005020,Triticum_aestivum,0,-1,0.0115245
OG0005020,Oryza_sativa,3,0,0.730477
OG0005020,Brachypodium_distachyon,3,0,0.668125
OG0005022,Avena_sativa,1,0,0.555086
OG0005022,Arabidopsis_thaliana,1,0,0.756301
OG0005022,Triticum_turgidum,1,0,0.507693
OG0005022,Zea_mays,10,9,6.45E-13
OG0005022,Sorghum_bicolor,1,0,0.54662
OG0005022,Hordeum_vulgare,1,0,0.522556
OG0005022,Triticum_aestivum,1,0,0.507693
OG0005022,Oryza_sativa,0,-1,0.154715
OG0005022,Brachypodium_distachyon,1,0,0.56891
OG0005028,Avena_sativa,2,0,0.601244
OG0005028,Arabidopsis_thaliana,1,0,0.756301
OG0005028,Triticum_turgidum,2,0,0.515209
OG0005028,Zea_mays,1,-1,0.130342
OG0005028,Sorghum_bicolor,2,0,0.586825
OG0005028,Hordeum_vulgare,0,-2,0.000304881
OG0005028,Triticum_aestivum,2,0,0.515209
OG0005028,Oryza_sativa,2,0,0.678483
OG0005028,Brachypodium_distachyon,1,-1,0.186225
OG0005033,Avena_sativa,2,0,0.601244
OG0005033,Arabidopsis_thaliana,1,0,0.756301
OG0005033,Triticum_turgidum,1,0,0.507693
OG0005033,Zea_mays,5,3,0.00020209
OG0005033,Sorghum_bicolor,1,-1,0.130342
OG0005033,Hordeum_vulgare,1,0,0.522556
OG0005033,Triticum_aestivum,1,0,0.507693
OG0005033,Oryza_sativa,1,-1,0.268992
OG0005033,Brachypodium_distachyon,2,0,0.62392
OG0005050,Avena_sativa,0,-1,0.0818261
OG0005050,Arabidopsis_thaliana,4,2,0.0815
OG0005050,Triticum_turgidum,1,0,0.507693
OG0005050,Zea_mays,1,-1,0.130342
OG0005050,Sorghum_bicolor,3,1,0.0476668
OG0005050,Hordeum_vulgare,0,-1,0.0337031
OG0005050,Triticum_aestivum,2,1,0.00386114
OG0005050,Oryza_sativa,3,1,0.110464
OG0005050,Brachypodium_distachyon,3,1,0.0711731
OG0005053,Avena_sativa,3,2,0.00160191
OG0005053,Arabidopsis_thaliana,1,0,0.756301
OG0005053,Triticum_turgidum,2,1,0.00386114
OG0005053,Zea_mays,1,0,0.54662
OG0005053,Sorghum_bicolor,1,0,0.54662
OG0005053,Hordeum_vulgare,1,0,0.522556
OG0005053,Triticum_aestivum,1,0,0.507693
OG0005053,Oryza_sativa,2,1,0.055018
OG0005053,Brachypodium_distachyon,1,0,0.56891
OG0005056,Avena_sativa,1,0,0.555086
OG0005056,Arabidopsis_thaliana,1,0,0.756301
OG0005056,Triticum_turgidum,2,0,0.515209
OG0005056,Zea_mays,5,4,2.60E-06
OG0005056,Sorghum_bicolor,1,0,0.54662
OG0005056,Hordeum_vulgare,1,0,0.522556
OG0005056,Triticum_aestivum,2,0,0.515209
OG0005056,Oryza_sativa,1,0,0.605212
OG0005056,Brachypodium_distachyon,1,0,0.56891
OG0005058,Avena_sativa,1,0,0.555086
OG0005058,Arabidopsis_thaliana,1,0,0.756301
OG0005058,Triticum_turgidum,1,0,0.507693
OG0005058,Zea_mays,11,9,5.91E-12
OG0005058,Sorghum_bicolor,1,-1,0.130342
OG0005058,Hordeum_vulgare,1,0,0.522556
OG0005058,Triticum_aestivum,1,0,0.507693
OG0005058,Oryza_sativa,1,0,0.605212
OG0005058,Brachypodium_distachyon,1,0,0.56891
OG0005060,Avena_sativa,2,0,0.601244
OG0005060,Arabidopsis_thaliana,2,0,0.83681
OG0005060,Triticum_turgidum,0,-1,0.0115245
OG0005060,Zea_mays,4,2,0.00548055
OG0005060,Sorghum_bicolor,2,0,0.586825
OG0005060,Hordeum_vulgare,0,-1,0.0337031
OG0005060,Triticum_aestivum,1,0,0.507693
OG0005060,Oryza_sativa,3,1,0.110464
OG0005060,Brachypodium_distachyon,2,0,0.62392
OG0005063,Avena_sativa,3,1,0.0565411
OG0005063,Arabidopsis_thaliana,2,1,0.137178
OG0005063,Triticum_turgidum,0,-1,0.0115245
OG0005063,Zea_mays,1,0,0.54662
OG0005063,Sorghum_bicolor,1,0,0.54662
OG0005063,Hordeum_vulgare,1,0,0.522556
OG0005063,Triticum_aestivum,1,0,0.507693
OG0005063,Oryza_sativa,1,0,0.605212
OG0005063,Brachypodium_distachyon,2,0,0.62392
OG0005069,Avena_sativa,2,0,0.601244
OG0005069,Arabidopsis_thaliana,2,0,0.83681
OG0005069,Triticum_turgidum,0,-1,0.0115245
OG0005069,Zea_mays,3,1,0.0476668
OG0005069,Sorghum_bicolor,2,0,0.586825
OG0005069,Hordeum_vulgare,0,-1,0.0337031
OG0005069,Triticum_aestivum,1,0,0.507693
OG0005069,Oryza_sativa,4,2,0.0281791
OG0005069,Brachypodium_distachyon,2,0,0.62392
OG0005077,Avena_sativa,2,0,0.601244
OG0005077,Arabidopsis_thaliana,1,0,0.756301
OG0005077,Triticum_turgidum,2,0,0.515209
OG0005077,Zea_mays,4,2,0.00548055
OG0005077,Sorghum_bicolor,2,0,0.586825
OG0005077,Hordeum_vulgare,2,0,0.543596
OG0005077,Triticum_aestivum,1,-1,0.0228136
OG0005077,Oryza_sativa,0,-2,0.0102411
OG0005077,Brachypodium_distachyon,2,0,0.62392
OG0005082,Avena_sativa,1,0,0.555086
OG0005082,Arabidopsis_thaliana,2,1,0.137178
OG0005082,Triticum_turgidum,0,-1,0.0115245
OG0005082,Zea_mays,10,9,6.45E-13
OG0005082,Sorghum_bicolor,1,0,0.54662
OG0005082,Hordeum_vulgare,1,0,0.522556
OG0005082,Triticum_aestivum,1,0,0.507693
OG0005082,Oryza_sativa,1,0,0.605212
OG0005082,Brachypodium_distachyon,1,0,0.56891
OG0005084,Avena_sativa,1,0,0.555086
OG0005084,Arabidopsis_thaliana,1,0,0.756301
OG0005084,Triticum_turgidum,1,-1,0.0228136
OG0005084,Zea_mays,6,5,1.24E-07
OG0005084,Sorghum_bicolor,1,0,0.54662
OG0005084,Hordeum_vulgare,3,1,0.0228047
OG0005084,Triticum_aestivum,2,0,0.515209
OG0005084,Oryza_sativa,1,0,0.605212
OG0005084,Brachypodium_distachyon,1,0,0.56891
OG0005087,Avena_sativa,2,0,0.601244
OG0005087,Arabidopsis_thaliana,1,0,0.756301
OG0005087,Triticum_turgidum,2,0,0.515209
OG0005087,Zea_mays,1,0,0.54662
OG0005087,Sorghum_bicolor,1,0,0.54662
OG0005087,Hordeum_vulgare,3,1,0.0228047
OG0005087,Triticum_aestivum,1,-1,0.0228136
OG0005087,Oryza_sativa,1,0,0.605212
OG0005087,Brachypodium_distachyon,3,1,0.0711731
OG0005099,Avena_sativa,2,0,0.601244
OG0005099,Arabidopsis_thaliana,1,0,0.756301
OG0005099,Triticum_turgidum,2,0,0.515209
OG0005099,Zea_mays,2,0,0.586825
OG0005099,Sorghum_bicolor,2,0,0.586825
OG0005099,Hordeum_vulgare,0,-2,0.000304881
OG0005099,Triticum_aestivum,2,0,0.515209
OG0005099,Oryza_sativa,0,-2,0.0102411
OG0005099,Brachypodium_distachyon,2,0,0.62392
OG0005103,Avena_sativa,3,2,0.00160191
OG0005103,Arabidopsis_thaliana,1,0,0.756301
OG0005103,Triticum_turgidum,2,1,0.00386114
OG0005103,Zea_mays,1,0,0.54662
OG0005103,Sorghum_bicolor,1,0,0.54662
OG0005103,Hordeum_vulgare,1,0,0.522556
OG0005103,Triticum_aestivum,1,0,0.507693
OG0005103,Oryza_sativa,2,1,0.055018
OG0005103,Brachypodium_distachyon,1,0,0.56891
OG0005108,Avena_sativa,0,-1,0.0818261
OG0005108,Arabidopsis_thaliana,1,0,0.756301
OG0005108,Triticum_turgidum,2,0,0.515209
OG0005108,Zea_mays,0,-1,0.0693598
OG0005108,Sorghum_bicolor,2,1,0.0238258
OG0005108,Hordeum_vulgare,0,-1,0.0337031
OG0005108,Triticum_aestivum,4,2,0.000148177
OG0005108,Oryza_sativa,0,-1,0.154715
OG0005108,Brachypodium_distachyon,3,2,0.00254048
OG0005190,Avena_sativa,2,1,0.0282556
OG0005190,Arabidopsis_thaliana,1,0,0.756301
OG0005190,Triticum_turgidum,2,0,0.515209
OG0005190,Zea_mays,0,0,0.5
OG0005190,Sorghum_bicolor,0,0,0.5
OG0005190,Hordeum_vulgare,1,0,0.522556
OG0005190,Triticum_aestivum,3,1,0.00772228
OG0005190,Oryza_sativa,0,-1,0.154715
OG0005190,Brachypodium_distachyon,1,0,0.56891
OG0005193,Avena_sativa,0,0,0.5
OG0005193,Arabidopsis_thaliana,14,11,1.94E-05
OG0005193,Triticum_turgidum,0,0,0.5
OG0005193,Zea_mays,0,0,0.5
OG0005193,Sorghum_bicolor,0,0,0.5
OG0005193,Hordeum_vulgare,0,0,0.5
OG0005193,Triticum_aestivum,0,0,0.5
OG0005193,Oryza_sativa,7,6,9.45E-07
OG0005193,Brachypodium_distachyon,0,0,0.5
OG0005196,Avena_sativa,2,1,0.0282556
OG0005196,Arabidopsis_thaliana,2,1,0.137178
OG0005196,Triticum_turgidum,1,0,0.507693
OG0005196,Zea_mays,1,0,0.54662
OG0005196,Sorghum_bicolor,1,0,0.54662
OG0005196,Hordeum_vulgare,4,3,5.94E-06
OG0005196,Triticum_aestivum,1,0,0.507693
OG0005196,Oryza_sativa,1,0,0.605212
OG0005196,Brachypodium_distachyon,1,0,0.56891
OG0005197,Avena_sativa,2,0,0.601244
OG0005197,Arabidopsis_thaliana,2,0,0.83681
OG0005197,Triticum_turgidum,0,-1,0.0115245
OG0005197,Zea_mays,6,4,1.20E-05
OG0005197,Sorghum_bicolor,2,0,0.586825
OG0005197,Hordeum_vulgare,1,0,0.522556
OG0005197,Triticum_aestivum,1,0,0.507693
OG0005197,Oryza_sativa,0,-2,0.0102411
OG0005197,Brachypodium_distachyon,2,0,0.62392
OG0005200,Avena_sativa,2,1,0.0282556
OG0005200,Arabidopsis_thaliana,1,0,0.756301
OG0005200,Triticum_turgidum,2,0,0.515209
OG0005200,Zea_mays,1,0,0.54662
OG0005200,Sorghum_bicolor,1,0,0.54662
OG0005200,Hordeum_vulgare,0,-1,0.0337031
OG0005200,Triticum_aestivum,3,1,0.00772228
OG0005200,Oryza_sativa,1,0,0.605212
OG0005200,Brachypodium_distachyon,1,0,0.56891
OG0005203,Avena_sativa,1,0,0.555086
OG0005203,Arabidopsis_thaliana,2,1,0.137178
OG0005203,Triticum_turgidum,3,1,0.00772228
OG0005203,Zea_mays,2,1,0.0238258
OG0005203,Sorghum_bicolor,1,0,0.54662
OG0005203,Hordeum_vulgare,1,0,0.522556
OG0005203,Triticum_aestivum,2,0,0.515209
OG0005203,Oryza_sativa,0,-1,0.154715
OG0005203,Brachypodium_distachyon,1,0,0.56891
OG0005206,Avena_sativa,2,0,0.601244
OG0005206,Arabidopsis_thaliana,1,0,0.756301
OG0005206,Triticum_turgidum,0,-1,0.0115245
OG0005206,Zea_mays,2,0,0.586825
OG0005206,Sorghum_bicolor,3,1,0.0476668
OG0005206,Hordeum_vulgare,0,-1,0.0337031
OG0005206,Triticum_aestivum,2,1,0.00386114
OG0005206,Oryza_sativa,2,0,0.678483
OG0005206,Brachypodium_distachyon,2,0,0.62392
OG0005210,Avena_sativa,2,0,0.601244
OG0005210,Arabidopsis_thaliana,1,0,0.756301
OG0005210,Triticum_turgidum,0,-2,3.16E-05
OG0005210,Zea_mays,1,0,0.54662
OG0005210,Sorghum_bicolor,1,0,0.54662
OG0005210,Hordeum_vulgare,2,0,0.543596
OG0005210,Triticum_aestivum,2,0,0.515209
OG0005210,Oryza_sativa,2,0,0.678483
OG0005210,Brachypodium_distachyon,2,0,0.62392
OG0005221,Avena_sativa,2,0,0.601244
OG0005221,Arabidopsis_thaliana,1,0,0.756301
OG0005221,Triticum_turgidum,0,-1,0.0115245
OG0005221,Zea_mays,2,0,0.586825
OG0005221,Sorghum_bicolor,2,0,0.586825
OG0005221,Hordeum_vulgare,1,0,0.522556
OG0005221,Triticum_aestivum,2,1,0.00386114
OG0005221,Oryza_sativa,2,0,0.678483
OG0005221,Brachypodium_distachyon,3,1,0.0711731
OG0005222,Avena_sativa,1,0,0.555086
OG0005222,Arabidopsis_thaliana,2,0,0.83681
OG0005222,Triticum_turgidum,0,-1,0.0115245
OG0005222,Zea_mays,4,1,0.0712625
OG0005222,Sorghum_bicolor,3,0,0.621591
OG0005222,Hordeum_vulgare,1,0,0.522556
OG0005222,Triticum_aestivum,1,0,0.507693
OG0005222,Oryza_sativa,3,0,0.730477
OG0005222,Brachypodium_distachyon,3,0,0.668125
OG0005224,Avena_sativa,1,0,0.555086
OG0005224,Arabidopsis_thaliana,5,3,0.030694
OG0005224,Triticum_turgidum,1,0,0.507693
OG0005224,Zea_mays,2,1,0.0238258
OG0005224,Sorghum_bicolor,1,0,0.54662
OG0005224,Hordeum_vulgare,5,4,1.35E-07
OG0005224,Triticum_aestivum,1,0,0.507693
OG0005224,Oryza_sativa,1,0,0.605212
OG0005224,Brachypodium_distachyon,1,0,0.56891
OG0005225,Avena_sativa,1,0,0.555086
OG0005225,Arabidopsis_thaliana,3,1,0.294252
OG0005225,Triticum_turgidum,1,0,0.507693
OG0005225,Zea_mays,5,3,0.00020209
OG0005225,Sorghum_bicolor,1,-1,0.130342
OG0005225,Hordeum_vulgare,1,0,0.522556
OG0005225,Triticum_aestivum,1,0,0.507693
OG0005225,Oryza_sativa,4,2,0.0281791
OG0005225,Brachypodium_distachyon,1,0,0.56891
OG0005228,Avena_sativa,2,0,0.601244
OG0005228,Arabidopsis_thaliana,2,0,0.83681
OG0005228,Triticum_turgidum,0,-1,0.0115245
OG0005228,Zea_mays,2,0,0.586825
OG0005228,Sorghum_bicolor,4,2,0.00548055
OG0005228,Hordeum_vulgare,0,-1,0.0337031
OG0005228,Triticum_aestivum,1,0,0.507693
OG0005228,Oryza_sativa,4,2,0.0281791
OG0005228,Brachypodium_distachyon,1,-1,0.186225
OG0005229,Avena_sativa,2,0,0.601244
OG0005229,Arabidopsis_thaliana,1,0,0.756301
OG0005229,Triticum_turgidum,2,0,0.515209
OG0005229,Zea_mays,2,0,0.586825
OG0005229,Sorghum_bicolor,3,1,0.0476668
OG0005229,Hordeum_vulgare,1,-1,0.0654064
OG0005229,Triticum_aestivum,1,-1,0.0228136
OG0005229,Oryza_sativa,0,-2,0.0102411
OG0005229,Brachypodium_distachyon,2,0,0.62392
OG0005231,Avena_sativa,2,0,0.601244
OG0005231,Arabidopsis_thaliana,2,0,0.83681
OG0005231,Triticum_turgidum,0,-1,0.0115245
OG0005231,Zea_mays,2,0,0.586825
OG0005231,Sorghum_bicolor,2,0,0.586825
OG0005231,Hordeum_vulgare,1,0,0.522556
OG0005231,Triticum_aestivum,2,1,0.00386114
OG0005231,Oryza_sativa,2,0,0.678483
OG0005231,Brachypodium_distachyon,2,0,0.62392
OG0005234,Avena_sativa,1,0,0.555086
OG0005234,Arabidopsis_thaliana,1,0,0.756301
OG0005234,Triticum_turgidum,1,0,0.507693
OG0005234,Zea_mays,10,9,6.45E-13
OG0005234,Sorghum_bicolor,1,0,0.54662
OG0005234,Hordeum_vulgare,1,0,0.522556
OG0005234,Triticum_aestivum,1,0,0.507693
OG0005234,Oryza_sativa,0,-1,0.154715
OG0005234,Brachypodium_distachyon,1,0,0.56891
OG0005237,Avena_sativa,1,0,0.555086
OG0005237,Arabidopsis_thaliana,1,0,0.756301
OG0005237,Triticum_turgidum,1,0,0.507693
OG0005237,Zea_mays,7,6,5.92E-09
OG0005237,Sorghum_bicolor,1,0,0.54662
OG0005237,Hordeum_vulgare,3,2,0.000260145
OG0005237,Triticum_aestivum,1,0,0.507693
OG0005237,Oryza_sativa,1,0,0.605212
OG0005237,Brachypodium_distachyon,1,0,0.56891
OG0005240,Avena_sativa,5,4,5.15E-06
OG0005240,Arabidopsis_thaliana,2,1,0.137178
OG0005240,Triticum_turgidum,0,0,0.5
OG0005240,Zea_mays,1,0,0.54662
OG0005240,Sorghum_bicolor,1,0,0.54662
OG0005240,Hordeum_vulgare,1,0,0.522556
OG0005240,Triticum_aestivum,0,0,0.5
OG0005240,Oryza_sativa,1,0,0.605212
OG0005240,Brachypodium_distachyon,1,0,0.56891
OG0005246,Avena_sativa,1,0,0.555086
OG0005246,Arabidopsis_thaliana,1,0,0.756301
OG0005246,Triticum_turgidum,1,0,0.507693
OG0005246,Zea_mays,2,0,0.586825
OG0005246,Sorghum_bicolor,6,4,1.20E-05
OG0005246,Hordeum_vulgare,1,0,0.522556
OG0005246,Triticum_aestivum,1,0,0.507693
OG0005246,Oryza_sativa,1,0,0.605212
OG0005246,Brachypodium_distachyon,1,0,0.56891
OG0005251,Avena_sativa,2,0,0.601244
OG0005251,Arabidopsis_thaliana,1,0,0.756301
OG0005251,Triticum_turgidum,0,-2,3.16E-05
OG0005251,Zea_mays,2,0,0.586825
OG0005251,Sorghum_bicolor,2,0,0.586825
OG0005251,Hordeum_vulgare,2,0,0.543596
OG0005251,Triticum_aestivum,2,0,0.515209
OG0005251,Oryza_sativa,1,-1,0.268992
OG0005251,Brachypodium_distachyon,1,-1,0.186225
OG0005254,Avena_sativa,1,0,0.555086
OG0005254,Arabidopsis_thaliana,2,0,0.83681
OG0005254,Triticum_turgidum,0,-1,0.0115245
OG0005254,Zea_mays,5,2,0.0123196
OG0005254,Sorghum_bicolor,3,0,0.621591
OG0005254,Hordeum_vulgare,1,0,0.522556
OG0005254,Triticum_aestivum,1,0,0.507693
OG0005254,Oryza_sativa,3,0,0.730477
OG0005254,Brachypodium_distachyon,3,0,0.668125
OG0005256,Avena_sativa,0,-1,0.0818261
OG0005256,Arabidopsis_thaliana,1,0,0.756301
OG0005256,Triticum_turgidum,2,0,0.515209
OG0005256,Zea_mays,2,0,0.586825
OG0005256,Sorghum_bicolor,2,0,0.586825
OG0005256,Hordeum_vulgare,1,0,0.522556
OG0005256,Triticum_aestivum,3,1,0.00772228
OG0005256,Oryza_sativa,1,0,0.605212
OG0005256,Brachypodium_distachyon,1,0,0.56891
OG0005258,Avena_sativa,1,0,0.555086
OG0005258,Arabidopsis_thaliana,1,0,0.756301
OG0005258,Triticum_turgidum,1,0,0.507693
OG0005258,Zea_mays,2,1,0.0238258
OG0005258,Sorghum_bicolor,1,0,0.54662
OG0005258,Hordeum_vulgare,7,6,7.05E-11
OG0005258,Triticum_aestivum,1,0,0.507693
OG0005258,Oryza_sativa,2,1,0.055018
OG0005258,Brachypodium_distachyon,1,0,0.56891
OG0005266,Avena_sativa,1,0,0.555086
OG0005266,Arabidopsis_thaliana,1,-1,0.526493
OG0005266,Triticum_turgidum,0,-1,0.0115245
OG0005266,Zea_mays,4,1,0.0712625
OG0005266,Sorghum_bicolor,3,0,0.621591
OG0005266,Hordeum_vulgare,1,0,0.522556
OG0005266,Triticum_aestivum,1,0,0.507693
OG0005266,Oryza_sativa,3,0,0.730477
OG0005266,Brachypodium_distachyon,2,0,0.62392
OG0005275,Avena_sativa,1,0,0.555086
OG0005275,Arabidopsis_thaliana,1,0,0.756301
OG0005275,Triticum_turgidum,1,0,0.507693
OG0005275,Zea_mays,1,-1,0.130342
OG0005275,Sorghum_bicolor,7,5,6.86E-07
OG0005275,Hordeum_vulgare,2,1,0.011402
OG0005275,Triticum_aestivum,1,0,0.507693
OG0005275,Oryza_sativa,2,1,0.055018
OG0005275,Brachypodium_distachyon,1,0,0.56891
OG0005279,Avena_sativa,1,-1,0.15204
OG0005279,Arabidopsis_thaliana,1,0,0.756301
OG0005279,Triticum_turgidum,0,-2,3.16E-05
OG0005279,Zea_mays,4,2,0.00548055
OG0005279,Sorghum_bicolor,1,-1,0.130342
OG0005279,Hordeum_vulgare,2,0,0.543596
OG0005279,Triticum_aestivum,2,0,0.515209
OG0005279,Oryza_sativa,1,-1,0.268992
OG0005279,Brachypodium_distachyon,2,0,0.62392
OG0005288,Avena_sativa,1,0,0.555086
OG0005288,Arabidopsis_thaliana,1,0,0.756301
OG0005288,Triticum_turgidum,2,0,0.515209
OG0005288,Zea_mays,4,3,5.43E-05
OG0005288,Sorghum_bicolor,1,0,0.54662
OG0005288,Hordeum_vulgare,2,0,0.543596
OG0005288,Triticum_aestivum,2,0,0.515209
OG0005288,Oryza_sativa,1,0,0.605212
OG0005288,Brachypodium_distachyon,1,0,0.56891
OG0005289,Avena_sativa,1,0,0.555086
OG0005289,Arabidopsis_thaliana,2,1,0.137178
OG0005289,Triticum_turgidum,1,0,0.507693
OG0005289,Zea_mays,8,7,2.83E-10
OG0005289,Sorghum_bicolor,1,0,0.54662
OG0005289,Hordeum_vulgare,1,0,0.522556
OG0005289,Triticum_aestivum,1,0,0.507693
OG0005289,Oryza_sativa,1,0,0.605212
OG0005289,Brachypodium_distachyon,1,0,0.56891
OG0005300,Avena_sativa,1,0,0.555086
OG0005300,Arabidopsis_thaliana,1,0,0.756301
OG0005300,Triticum_turgidum,1,0,0.507693
OG0005300,Zea_mays,9,8,1.35E-11
OG0005300,Sorghum_bicolor,1,0,0.54662
OG0005300,Hordeum_vulgare,2,1,0.011402
OG0005300,Triticum_aestivum,1,0,0.507693
OG0005300,Oryza_sativa,1,0,0.605212
OG0005300,Brachypodium_distachyon,1,0,0.56891
OG0005314,Avena_sativa,2,1,0.0282556
OG0005314,Arabidopsis_thaliana,1,0,0.756301
OG0005314,Triticum_turgidum,2,1,0.00386114
OG0005314,Zea_mays,3,2,0.00113794
OG0005314,Sorghum_bicolor,1,0,0.54662
OG0005314,Hordeum_vulgare,1,0,0.522556
OG0005314,Triticum_aestivum,1,0,0.507693
OG0005314,Oryza_sativa,1,0,0.605212
OG0005314,Brachypodium_distachyon,1,0,0.56891
OG0005331,Avena_sativa,1,0,0.555086
OG0005331,Arabidopsis_thaliana,2,1,0.137178
OG0005331,Triticum_turgidum,1,0,0.507693
OG0005331,Zea_mays,8,7,2.83E-10
OG0005331,Sorghum_bicolor,1,0,0.54662
OG0005331,Hordeum_vulgare,1,0,0.522556
OG0005331,Triticum_aestivum,1,0,0.507693
OG0005331,Oryza_sativa,1,0,0.605212
OG0005331,Brachypodium_distachyon,1,0,0.56891
OG0005332,Avena_sativa,1,0,0.555086
OG0005332,Arabidopsis_thaliana,2,1,0.137178
OG0005332,Triticum_turgidum,2,0,0.515209
OG0005332,Zea_mays,4,3,5.43E-05
OG0005332,Sorghum_bicolor,1,0,0.54662
OG0005332,Hordeum_vulgare,1,0,0.522556
OG0005332,Triticum_aestivum,2,0,0.515209
OG0005332,Oryza_sativa,1,0,0.605212
OG0005332,Brachypodium_distachyon,1,0,0.56891
OG0005333,Avena_sativa,1,0,0.555086
OG0005333,Arabidopsis_thaliana,2,1,0.137178
OG0005333,Triticum_turgidum,3,0,0.522552
OG0005333,Zea_mays,1,0,0.54662
OG0005333,Sorghum_bicolor,1,0,0.54662
OG0005333,Hordeum_vulgare,0,-1,0.0337031
OG0005333,Triticum_aestivum,3,0,0.522552
OG0005333,Oryza_sativa,1,0,0.605212
OG0005333,Brachypodium_distachyon,1,0,0.56891
OG0005336,Avena_sativa,2,0,0.601244
OG0005336,Arabidopsis_thaliana,1,0,0.756301
OG0005336,Triticum_turgidum,0,-1,0.0115245
OG0005336,Zea_mays,1,-1,0.130342
OG0005336,Sorghum_bicolor,2,0,0.586825
OG0005336,Hordeum_vulgare,1,0,0.522556
OG0005336,Triticum_aestivum,2,1,0.00386114
OG0005336,Oryza_sativa,2,0,0.678483
OG0005336,Brachypodium_distachyon,2,0,0.62392
OG0005342,Avena_sativa,1,0,0.555086
OG0005342,Arabidopsis_thaliana,1,0,0.756301
OG0005342,Triticum_turgidum,0,-1,0.0115245
OG0005342,Zea_mays,11,9,5.91E-12
OG0005342,Sorghum_bicolor,1,-1,0.130342
OG0005342,Hordeum_vulgare,1,0,0.522556
OG0005342,Triticum_aestivum,1,0,0.507693
OG0005342,Oryza_sativa,1,0,0.605212
OG0005342,Brachypodium_distachyon,1,0,0.56891
OG0005349,Avena_sativa,4,3,9.08E-05
OG0005349,Arabidopsis_thaliana,1,0,0.756301
OG0005349,Triticum_turgidum,0,-1,0.0115245
OG0005349,Zea_mays,1,0,0.54662
OG0005349,Sorghum_bicolor,1,0,0.54662
OG0005349,Hordeum_vulgare,1,0,0.522556
OG0005349,Triticum_aestivum,1,0,0.507693
OG0005349,Oryza_sativa,1,0,0.605212
OG0005349,Brachypodium_distachyon,1,0,0.56891
OG0005360,Avena_sativa,1,0,0.555086
OG0005360,Arabidopsis_thaliana,1,0,0.756301
OG0005360,Triticum_turgidum,1,0,0.507693
OG0005360,Zea_mays,10,9,6.45E-13
OG0005360,Sorghum_bicolor,1,0,0.54662
OG0005360,Hordeum_vulgare,1,0,0.522556
OG0005360,Triticum_aestivum,1,0,0.507693
OG0005360,Oryza_sativa,1,0,0.605212
OG0005360,Brachypodium_distachyon,1,0,0.56891
OG0005362,Avena_sativa,1,0,0.555086
OG0005362,Arabidopsis_thaliana,1,0,0.756301
OG0005362,Triticum_turgidum,1,0,0.507693
OG0005362,Zea_mays,8,6,3.81E-08
OG0005362,Sorghum_bicolor,2,0,0.586825
OG0005362,Hordeum_vulgare,1,0,0.522556
OG0005362,Triticum_aestivum,1,0,0.507693
OG0005362,Oryza_sativa,1,0,0.605212
OG0005362,Brachypodium_distachyon,1,0,0.56891
OG0005365,Avena_sativa,1,-1,0.15204
OG0005365,Arabidopsis_thaliana,1,0,0.756301
OG0005365,Triticum_turgidum,0,-1,0.0115245
OG0005365,Zea_mays,3,1,0.0476668
OG0005365,Sorghum_bicolor,2,0,0.586825
OG0005365,Hordeum_vulgare,2,0,0.543596
OG0005365,Triticum_aestivum,1,0,0.507693
OG0005365,Oryza_sativa,3,1,0.110464
OG0005365,Brachypodium_distachyon,2,0,0.62392
OG0005367,Avena_sativa,1,0,0.555086
OG0005367,Arabidopsis_thaliana,2,1,0.137178
OG0005367,Triticum_turgidum,1,0,0.507693
OG0005367,Zea_mays,8,7,2.83E-10
OG0005367,Sorghum_bicolor,1,0,0.54662
OG0005367,Hordeum_vulgare,1,0,0.522556
OG0005367,Triticum_aestivum,1,0,0.507693
OG0005367,Oryza_sativa,1,0,0.605212
OG0005367,Brachypodium_distachyon,1,0,0.56891
OG0005372,Avena_sativa,2,0,0.601244
OG0005372,Arabidopsis_thaliana,1,0,0.756301
OG0005372,Triticum_turgidum,0,-2,3.16E-05
OG0005372,Zea_mays,1,-1,0.130342
OG0005372,Sorghum_bicolor,2,0,0.586825
OG0005372,Hordeum_vulgare,2,0,0.543596
OG0005372,Triticum_aestivum,2,0,0.515209
OG0005372,Oryza_sativa,2,0,0.678483
OG0005372,Brachypodium_distachyon,2,0,0.62392
OG0005373,Avena_sativa,1,0,0.555086
OG0005373,Arabidopsis_thaliana,1,0,0.756301
OG0005373,Triticum_turgidum,1,0,0.507693
OG0005373,Zea_mays,7,5,6.86E-07
OG0005373,Sorghum_bicolor,2,0,0.586825
OG0005373,Hordeum_vulgare,1,0,0.522556
OG0005373,Triticum_aestivum,1,0,0.507693
OG0005373,Oryza_sativa,1,0,0.605212
OG0005373,Brachypodium_distachyon,2,1,0.0355493
OG0005375,Avena_sativa,1,0,0.555086
OG0005375,Arabidopsis_thaliana,1,0,0.756301
OG0005375,Triticum_turgidum,2,1,0.00386114
OG0005375,Zea_mays,4,3,5.43E-05
OG0005375,Sorghum_bicolor,1,0,0.54662
OG0005375,Hordeum_vulgare,1,0,0.522556
OG0005375,Triticum_aestivum,1,0,0.507693
OG0005375,Oryza_sativa,2,1,0.055018
OG0005375,Brachypodium_distachyon,1,0,0.56891
OG0005376,Avena_sativa,2,0,0.601244
OG0005376,Arabidopsis_thaliana,1,0,0.756301
OG0005376,Triticum_turgidum,0,-1,0.0115245
OG0005376,Zea_mays,2,0,0.586825
OG0005376,Sorghum_bicolor,3,1,0.0476668
OG0005376,Hordeum_vulgare,1,0,0.522556
OG0005376,Triticum_aestivum,2,1,0.00386114
OG0005376,Oryza_sativa,2,0,0.678483
OG0005376,Brachypodium_distachyon,1,-1,0.186225
OG0005382,Avena_sativa,2,0,0.601244
OG0005382,Arabidopsis_thaliana,1,0,0.756301
OG0005382,Triticum_turgidum,2,0,0.515209
OG0005382,Zea_mays,1,0,0.54662
OG0005382,Sorghum_bicolor,1,0,0.54662
OG0005382,Hordeum_vulgare,3,1,0.0228047
OG0005382,Triticum_aestivum,1,-1,0.0228136
OG0005382,Oryza_sativa,0,-1,0.154715
OG0005382,Brachypodium_distachyon,2,0,0.62392
OG0005383,Avena_sativa,1,-1,0.15204
OG0005383,Arabidopsis_thaliana,1,0,0.756301
OG0005383,Triticum_turgidum,2,0,0.515209
OG0005383,Zea_mays,2,0,0.586825
OG0005383,Sorghum_bicolor,1,-1,0.130342
OG0005383,Hordeum_vulgare,2,0,0.543596
OG0005383,Triticum_aestivum,1,-1,0.0228136
OG0005383,Oryza_sativa,1,-1,0.268992
OG0005383,Brachypodium_distachyon,4,2,0.0120187
OG0005386,Avena_sativa,0,-1,0.0818261
OG0005386,Arabidopsis_thaliana,2,1,0.137178
OG0005386,Triticum_turgidum,4,1,0.0115823
OG0005386,Zea_mays,0,-1,0.0693598
OG0005386,Sorghum_bicolor,1,0,0.54662
OG0005386,Hordeum_vulgare,0,-1,0.0337031
OG0005386,Triticum_aestivum,3,0,0.522552
OG0005386,Oryza_sativa,0,-1,0.154715
OG0005386,Brachypodium_distachyon,1,0,0.56891
OG0005387,Avena_sativa,1,0,0.555086
OG0005387,Arabidopsis_thaliana,1,0,0.756301
OG0005387,Triticum_turgidum,2,0,0.515209
OG0005387,Zea_mays,0,0,0.5
OG0005387,Sorghum_bicolor,0,0,0.5
OG0005387,Hordeum_vulgare,0,-1,0.0337031
OG0005387,Triticum_aestivum,3,1,0.00772228
OG0005387,Oryza_sativa,0,-1,0.154715
OG0005387,Brachypodium_distachyon,4,3,0.000181551
OG0005464,Avena_sativa,0,0,0.5
OG0005464,Arabidopsis_thaliana,5,2,0.142253
OG0005464,Triticum_turgidum,0,0,0.5
OG0005464,Zea_mays,9,4,0.000157622
OG0005464,Sorghum_bicolor,5,0,0.677962
OG0005464,Hordeum_vulgare,0,0,0.5
OG0005464,Triticum_aestivum,0,0,0.5
OG0005464,Oryza_sativa,2,0,0.678483
OG0005464,Brachypodium_distachyon,0,0,0.5
OG0005466,Avena_sativa,3,1,0.0565411
OG0005466,Arabidopsis_thaliana,1,0,0.756301
OG0005466,Triticum_turgidum,2,0,0.515209
OG0005466,Zea_mays,0,-1,0.0693598
OG0005466,Sorghum_bicolor,2,1,0.0238258
OG0005466,Hordeum_vulgare,4,2,0.0012774
OG0005466,Triticum_aestivum,0,-2,3.16E-05
OG0005466,Oryza_sativa,0,-1,0.154715
OG0005466,Brachypodium_distachyon,0,-1,0.102088
OG0005475,Avena_sativa,1,0,0.555086
OG0005475,Arabidopsis_thaliana,1,0,0.756301
OG0005475,Triticum_turgidum,2,0,0.515209
OG0005475,Zea_mays,0,-1,0.0693598
OG0005475,Sorghum_bicolor,3,2,0.00113794
OG0005475,Hordeum_vulgare,0,-1,0.0337031
OG0005475,Triticum_aestivum,2,0,0.515209
OG0005475,Oryza_sativa,0,-1,0.154715
OG0005475,Brachypodium_distachyon,5,4,1.30E-05
OG0005476,Avena_sativa,4,3,9.08E-05
OG0005476,Arabidopsis_thaliana,1,0,0.756301
OG0005476,Triticum_turgidum,0,-1,0.0115245
OG0005476,Zea_mays,0,-1,0.0693598
OG0005476,Sorghum_bicolor,1,0,0.54662
OG0005476,Hordeum_vulgare,1,0,0.522556
OG0005476,Triticum_aestivum,1,0,0.507693
OG0005476,Oryza_sativa,1,0,0.605212
OG0005476,Brachypodium_distachyon,1,0,0.56891
OG0005478,Avena_sativa,1,-1,0.15204
OG0005478,Arabidopsis_thaliana,1,0,0.756301
OG0005478,Triticum_turgidum,0,-2,3.16E-05
OG0005478,Zea_mays,2,0,0.586825
OG0005478,Sorghum_bicolor,2,0,0.586825
OG0005478,Hordeum_vulgare,2,0,0.543596
OG0005478,Triticum_aestivum,2,0,0.515209
OG0005478,Oryza_sativa,2,0,0.678483
OG0005478,Brachypodium_distachyon,2,0,0.62392
OG0005481,Avena_sativa,3,2,0.00160191
OG0005481,Arabidopsis_thaliana,5,3,0.030694
OG0005481,Triticum_turgidum,0,-1,0.0115245
OG0005481,Zea_mays,0,0,0.5
OG0005481,Sorghum_bicolor,0,0,0.5
OG0005481,Hordeum_vulgare,2,1,0.011402
OG0005481,Triticum_aestivum,1,0,0.507693
OG0005481,Oryza_sativa,0,-1,0.154715
OG0005481,Brachypodium_distachyon,0,-1,0.102088
OG0005490,Avena_sativa,2,1,0.0282556
OG0005490,Arabidopsis_thaliana,1,0,0.756301
OG0005490,Triticum_turgidum,0,-1,0.0115245
OG0005490,Zea_mays,2,1,0.0238258
OG0005490,Sorghum_bicolor,1,0,0.54662
OG0005490,Hordeum_vulgare,1,0,0.522556
OG0005490,Triticum_aestivum,2,1,0.00386114
OG0005490,Oryza_sativa,1,0,0.605212
OG0005490,Brachypodium_distachyon,1,0,0.56891
OG0005492,Avena_sativa,0,-1,0.0818261
OG0005492,Arabidopsis_thaliana,1,0,0.756301
OG0005492,Triticum_turgidum,1,0,0.507693
OG0005492,Zea_mays,1,-1,0.130342
OG0005492,Sorghum_bicolor,4,2,0.00548055
OG0005492,Hordeum_vulgare,2,1,0.011402
OG0005492,Triticum_aestivum,1,0,0.507693
OG0005492,Oryza_sativa,8,6,5.41E-06
OG0005492,Brachypodium_distachyon,0,-1,0.102088
OG0005505,Avena_sativa,3,1,0.0565411
OG0005505,Arabidopsis_thaliana,1,0,0.756301
OG0005505,Triticum_turgidum,1,-1,0.0228136
OG0005505,Zea_mays,0,-1,0.0693598
OG0005505,Sorghum_bicolor,1,0,0.54662
OG0005505,Hordeum_vulgare,1,-1,0.0654064
OG0005505,Triticum_aestivum,2,0,0.515209
OG0005505,Oryza_sativa,0,-1,0.154715
OG0005505,Brachypodium_distachyon,2,0,0.62392
OG0005507,Avena_sativa,1,0,0.555086
OG0005507,Arabidopsis_thaliana,1,0,0.756301
OG0005507,Triticum_turgidum,1,0,0.507693
OG0005507,Zea_mays,1,-1,0.130342
OG0005507,Sorghum_bicolor,7,5,6.86E-07
OG0005507,Hordeum_vulgare,1,0,0.522556
OG0005507,Triticum_aestivum,1,0,0.507693
OG0005507,Oryza_sativa,2,1,0.055018
OG0005507,Brachypodium_distachyon,1,0,0.56891
OG0005522,Avena_sativa,1,0,0.555086
OG0005522,Arabidopsis_thaliana,1,0,0.756301
OG0005522,Triticum_turgidum,1,0,0.507693
OG0005522,Zea_mays,8,7,2.83E-10
OG0005522,Sorghum_bicolor,1,0,0.54662
OG0005522,Hordeum_vulgare,1,0,0.522556
OG0005522,Triticum_aestivum,1,0,0.507693
OG0005522,Oryza_sativa,1,0,0.605212
OG0005522,Brachypodium_distachyon,1,0,0.56891
OG0005523,Avena_sativa,1,0,0.555086
OG0005523,Arabidopsis_thaliana,1,0,0.756301
OG0005523,Triticum_turgidum,2,0,0.515209
OG0005523,Zea_mays,1,0,0.54662
OG0005523,Sorghum_bicolor,2,1,0.0238258
OG0005523,Hordeum_vulgare,1,0,0.522556
OG0005523,Triticum_aestivum,3,1,0.00772228
OG0005523,Oryza_sativa,0,-1,0.154715
OG0005523,Brachypodium_distachyon,1,0,0.56891
OG0005524,Avena_sativa,2,0,0.601244
OG0005524,Arabidopsis_thaliana,2,0,0.83681
OG0005524,Triticum_turgidum,0,-2,3.16E-05
OG0005524,Zea_mays,2,0,0.586825
OG0005524,Sorghum_bicolor,2,0,0.586825
OG0005524,Hordeum_vulgare,2,0,0.543596
OG0005524,Triticum_aestivum,2,0,0.515209
OG0005524,Oryza_sativa,1,-1,0.268992
OG0005524,Brachypodium_distachyon,1,-1,0.186225
OG0005527,Avena_sativa,2,0,0.601244
OG0005527,Arabidopsis_thaliana,1,0,0.756301
OG0005527,Triticum_turgidum,1,0,0.507693
OG0005527,Zea_mays,4,2,0.00548055
OG0005527,Sorghum_bicolor,2,0,0.586825
OG0005527,Hordeum_vulgare,2,0,0.543596
OG0005527,Triticum_aestivum,0,-1,0.0115245
OG0005527,Oryza_sativa,2,0,0.678483
OG0005527,Brachypodium_distachyon,1,-1,0.186225
OG0005538,Avena_sativa,1,0,0.555086
OG0005538,Arabidopsis_thaliana,1,0,0.756301
OG0005538,Triticum_turgidum,0,-1,0.0115245
OG0005538,Zea_mays,2,-1,0.18413
OG0005538,Sorghum_bicolor,5,2,0.0123196
OG0005538,Hordeum_vulgare,1,0,0.522556
OG0005538,Triticum_aestivum,1,0,0.507693
OG0005538,Oryza_sativa,3,1,0.110464
OG0005538,Brachypodium_distachyon,3,1,0.0711731
OG0005542,Avena_sativa,2,0,0.601244
OG0005542,Arabidopsis_thaliana,2,0,0.83681
OG0005542,Triticum_turgidum,2,0,0.515209
OG0005542,Zea_mays,1,-1,0.130342
OG0005542,Sorghum_bicolor,3,1,0.0476668
OG0005542,Hordeum_vulgare,1,-1,0.0654064
OG0005542,Triticum_aestivum,1,-1,0.0228136
OG0005542,Oryza_sativa,1,-1,0.268992
OG0005542,Brachypodium_distachyon,2,0,0.62392
OG0005543,Avena_sativa,1,0,0.555086
OG0005543,Arabidopsis_thaliana,3,2,0.0414086
OG0005543,Triticum_turgidum,2,0,0.515209
OG0005543,Zea_mays,1,0,0.54662
OG0005543,Sorghum_bicolor,4,3,5.43E-05
OG0005543,Hordeum_vulgare,1,0,0.522556
OG0005543,Triticum_aestivum,2,0,0.515209
OG0005543,Oryza_sativa,1,0,0.605212
OG0005543,Brachypodium_distachyon,1,0,0.56891
OG0005544,Avena_sativa,1,0,0.555086
OG0005544,Arabidopsis_thaliana,1,0,0.756301
OG0005544,Triticum_turgidum,4,3,2.30E-07
OG0005544,Zea_mays,1,0,0.54662
OG0005544,Sorghum_bicolor,1,0,0.54662
OG0005544,Hordeum_vulgare,1,0,0.522556
OG0005544,Triticum_aestivum,1,0,0.507693
OG0005544,Oryza_sativa,1,0,0.605212
OG0005544,Brachypodium_distachyon,1,0,0.56891
OG0005545,Avena_sativa,1,0,0.555086
OG0005545,Arabidopsis_thaliana,1,0,0.756301
OG0005545,Triticum_turgidum,1,0,0.507693
OG0005545,Zea_mays,7,5,6.86E-07
OG0005545,Sorghum_bicolor,2,0,0.586825
OG0005545,Hordeum_vulgare,1,0,0.522556
OG0005545,Triticum_aestivum,1,0,0.507693
OG0005545,Oryza_sativa,1,0,0.605212
OG0005545,Brachypodium_distachyon,1,0,0.56891
OG0005547,Avena_sativa,1,0,0.555086
OG0005547,Arabidopsis_thaliana,1,0,0.756301
OG0005547,Triticum_turgidum,1,0,0.507693
OG0005547,Zea_mays,8,7,2.83E-10
OG0005547,Sorghum_bicolor,1,0,0.54662
OG0005547,Hordeum_vulgare,1,0,0.522556
OG0005547,Triticum_aestivum,1,0,0.507693
OG0005547,Oryza_sativa,1,0,0.605212
OG0005547,Brachypodium_distachyon,1,0,0.56891
OG0005548,Avena_sativa,1,0,0.555086
OG0005548,Arabidopsis_thaliana,1,0,0.756301
OG0005548,Triticum_turgidum,2,0,0.515209
OG0005548,Zea_mays,1,0,0.54662
OG0005548,Sorghum_bicolor,3,2,0.00113794
OG0005548,Hordeum_vulgare,0,-1,0.0337031
OG0005548,Triticum_aestivum,2,0,0.515209
OG0005548,Oryza_sativa,1,0,0.605212
OG0005548,Brachypodium_distachyon,1,0,0.56891
OG0005551,Avena_sativa,1,0,0.555086
OG0005551,Arabidopsis_thaliana,1,0,0.756301
OG0005551,Triticum_turgidum,1,0,0.507693
OG0005551,Zea_mays,3,1,0.0476668
OG0005551,Sorghum_bicolor,1,-1,0.130342
OG0005551,Hordeum_vulgare,1,0,0.522556
OG0005551,Triticum_aestivum,1,0,0.507693
OG0005551,Oryza_sativa,6,4,0.000315882
OG0005551,Brachypodium_distachyon,1,0,0.56891
OG0005555,Avena_sativa,1,0,0.555086
OG0005555,Arabidopsis_thaliana,1,0,0.756301
OG0005555,Triticum_turgidum,1,0,0.507693
OG0005555,Zea_mays,2,0,0.586825
OG0005555,Sorghum_bicolor,2,0,0.586825
OG0005555,Hordeum_vulgare,2,1,0.011402
OG0005555,Triticum_aestivum,1,0,0.507693
OG0005555,Oryza_sativa,0,-1,0.154715
OG0005555,Brachypodium_distachyon,4,3,0.000181551
OG0005556,Avena_sativa,2,0,0.601244
OG0005556,Arabidopsis_thaliana,1,0,0.756301
OG0005556,Triticum_turgidum,0,-1,0.0115245
OG0005556,Zea_mays,1,-1,0.130342
OG0005556,Sorghum_bicolor,3,1,0.0476668
OG0005556,Hordeum_vulgare,1,0,0.522556
OG0005556,Triticum_aestivum,1,0,0.507693
OG0005556,Oryza_sativa,1,-1,0.268992
OG0005556,Brachypodium_distachyon,2,0,0.62392
OG0005561,Avena_sativa,1,0,0.555086
OG0005561,Arabidopsis_thaliana,1,0,0.756301
OG0005561,Triticum_turgidum,2,0,0.515209
OG0005561,Zea_mays,3,2,0.00113794
OG0005561,Sorghum_bicolor,1,0,0.54662
OG0005561,Hordeum_vulgare,2,0,0.543596
OG0005561,Triticum_aestivum,1,-1,0.0228136
OG0005561,Oryza_sativa,1,0,0.605212
OG0005561,Brachypodium_distachyon,1,0,0.56891
OG0005571,Avena_sativa,2,1,0.0282556
OG0005571,Arabidopsis_thaliana,2,1,0.137178
OG0005571,Triticum_turgidum,1,0,0.507693
OG0005571,Zea_mays,0,-1,0.0693598
OG0005571,Sorghum_bicolor,1,0,0.54662
OG0005571,Hordeum_vulgare,1,0,0.522556
OG0005571,Triticum_aestivum,2,1,0.00386114
OG0005571,Oryza_sativa,1,0,0.605212
OG0005571,Brachypodium_distachyon,2,1,0.0355493
OG0005578,Avena_sativa,0,-2,0.00222918
OG0005578,Arabidopsis_thaliana,2,0,0.83681
OG0005578,Triticum_turgidum,0,-2,3.16E-05
OG0005578,Zea_mays,2,0,0.586825
OG0005578,Sorghum_bicolor,2,0,0.586825
OG0005578,Hordeum_vulgare,2,0,0.543596
OG0005578,Triticum_aestivum,2,0,0.515209
OG0005578,Oryza_sativa,2,0,0.678483
OG0005578,Brachypodium_distachyon,2,0,0.62392
OG0005582,Avena_sativa,2,0,0.601244
OG0005582,Arabidopsis_thaliana,3,1,0.294252
OG0005582,Triticum_turgidum,1,0,0.507693
OG0005582,Zea_mays,3,1,0.0476668
OG0005582,Sorghum_bicolor,2,0,0.586825
OG0005582,Hordeum_vulgare,0,-1,0.0337031
OG0005582,Triticum_aestivum,0,-1,0.0115245
OG0005582,Oryza_sativa,2,0,0.678483
OG0005582,Brachypodium_distachyon,2,0,0.62392
OG0005589,Avena_sativa,2,0,0.601244
OG0005589,Arabidopsis_thaliana,1,0,0.756301
OG0005589,Triticum_turgidum,2,0,0.515209
OG0005589,Zea_mays,3,2,0.00113794
OG0005589,Sorghum_bicolor,1,0,0.54662
OG0005589,Hordeum_vulgare,2,0,0.543596
OG0005589,Triticum_aestivum,1,-1,0.0228136
OG0005589,Oryza_sativa,1,0,0.605212
OG0005589,Brachypodium_distachyon,1,0,0.56891
OG0005590,Avena_sativa,3,1,0.0565411
OG0005590,Arabidopsis_thaliana,2,1,0.137178
OG0005590,Triticum_turgidum,2,0,0.515209
OG0005590,Zea_mays,0,0,0.5
OG0005590,Sorghum_bicolor,0,0,0.5
OG0005590,Hordeum_vulgare,1,-1,0.0654064
OG0005590,Triticum_aestivum,2,0,0.515209
OG0005590,Oryza_sativa,0,-1,0.154715
OG0005590,Brachypodium_distachyon,0,-1,0.102088
OG0005597,Avena_sativa,1,0,0.555086
OG0005597,Arabidopsis_thaliana,2,1,0.137178
OG0005597,Triticum_turgidum,3,2,2.98E-05
OG0005597,Zea_mays,1,0,0.54662
OG0005597,Sorghum_bicolor,2,1,0.0238258
OG0005597,Hordeum_vulgare,1,0,0.522556
OG0005597,Triticum_aestivum,1,0,0.507693
OG0005597,Oryza_sativa,1,0,0.605212
OG0005597,Brachypodium_distachyon,1,0,0.56891
OG0005599,Avena_sativa,1,0,0.555086
OG0005599,Arabidopsis_thaliana,3,2,0.0414086
OG0005599,Triticum_turgidum,2,1,0.00386114
OG0005599,Zea_mays,4,3,5.43E-05
OG0005599,Sorghum_bicolor,1,0,0.54662
OG0005599,Hordeum_vulgare,1,0,0.522556
OG0005599,Triticum_aestivum,1,0,0.507693
OG0005599,Oryza_sativa,1,0,0.605212
OG0005599,Brachypodium_distachyon,1,0,0.56891
OG0005601,Avena_sativa,1,0,0.555086
OG0005601,Arabidopsis_thaliana,3,2,0.0414086
OG0005601,Triticum_turgidum,2,0,0.515209
OG0005601,Zea_mays,2,1,0.0238258
OG0005601,Sorghum_bicolor,1,0,0.54662
OG0005601,Hordeum_vulgare,0,-1,0.0337031
OG0005601,Triticum_aestivum,2,0,0.515209
OG0005601,Oryza_sativa,0,-1,0.154715
OG0005601,Brachypodium_distachyon,3,2,0.00254048
OG0005604,Avena_sativa,1,0,0.555086
OG0005604,Arabidopsis_thaliana,1,0,0.756301
OG0005604,Triticum_turgidum,1,0,0.507693
OG0005604,Zea_mays,8,7,2.83E-10
OG0005604,Sorghum_bicolor,1,0,0.54662
OG0005604,Hordeum_vulgare,1,0,0.522556
OG0005604,Triticum_aestivum,1,0,0.507693
OG0005604,Oryza_sativa,1,0,0.605212
OG0005604,Brachypodium_distachyon,1,0,0.56891
OG0005606,Avena_sativa,1,0,0.555086
OG0005606,Arabidopsis_thaliana,3,1,0.294252
OG0005606,Triticum_turgidum,0,-1,0.0115245
OG0005606,Zea_mays,4,2,0.00548055
OG0005606,Sorghum_bicolor,2,0,0.586825
OG0005606,Hordeum_vulgare,1,0,0.522556
OG0005606,Triticum_aestivum,1,0,0.507693
OG0005606,Oryza_sativa,2,0,0.678483
OG0005606,Brachypodium_distachyon,2,0,0.62392
OG0005608,Avena_sativa,1,-1,0.15204
OG0005608,Arabidopsis_thaliana,1,0,0.756301
OG0005608,Triticum_turgidum,2,0,0.515209
OG0005608,Zea_mays,1,-1,0.130342
OG0005608,Sorghum_bicolor,2,0,0.586825
OG0005608,Hordeum_vulgare,2,0,0.543596
OG0005608,Triticum_aestivum,1,-1,0.0228136
OG0005608,Oryza_sativa,1,-1,0.268992
OG0005608,Brachypodium_distachyon,3,1,0.0711731
OG0005612,Avena_sativa,1,0,0.555086
OG0005612,Arabidopsis_thaliana,1,0,0.756301
OG0005612,Triticum_turgidum,2,1,0.00386114
OG0005612,Zea_mays,5,4,2.60E-06
OG0005612,Sorghum_bicolor,1,0,0.54662
OG0005612,Hordeum_vulgare,1,0,0.522556
OG0005612,Triticum_aestivum,1,0,0.507693
OG0005612,Oryza_sativa,1,0,0.605212
OG0005612,Brachypodium_distachyon,1,0,0.56891
OG0005614,Avena_sativa,2,1,0.0282556
OG0005614,Arabidopsis_thaliana,3,2,0.0414086
OG0005614,Triticum_turgidum,1,0,0.507693
OG0005614,Zea_mays,2,1,0.0238258
OG0005614,Sorghum_bicolor,1,0,0.54662
OG0005614,Hordeum_vulgare,0,-1,0.0337031
OG0005614,Triticum_aestivum,2,1,0.00386114
OG0005614,Oryza_sativa,1,0,0.605212
OG0005614,Brachypodium_distachyon,1,0,0.56891
OG0005618,Avena_sativa,2,1,0.0282556
OG0005618,Arabidopsis_thaliana,3,2,0.0414086
OG0005618,Triticum_turgidum,2,1,0.00386114
OG0005618,Zea_mays,1,0,0.54662
OG0005618,Sorghum_bicolor,2,1,0.0238258
OG0005618,Hordeum_vulgare,1,0,0.522556
OG0005618,Triticum_aestivum,1,0,0.507693
OG0005618,Oryza_sativa,0,-1,0.154715
OG0005618,Brachypodium_distachyon,1,0,0.56891
OG0005620,Avena_sativa,1,0,0.555086
OG0005620,Arabidopsis_thaliana,1,0,0.756301
OG0005620,Triticum_turgidum,4,3,2.30E-07
OG0005620,Zea_mays,2,1,0.0238258
OG0005620,Sorghum_bicolor,1,0,0.54662
OG0005620,Hordeum_vulgare,1,0,0.522556
OG0005620,Triticum_aestivum,1,0,0.507693
OG0005620,Oryza_sativa,1,0,0.605212
OG0005620,Brachypodium_distachyon,1,0,0.56891
OG0005628,Avena_sativa,1,0,0.555086
OG0005628,Arabidopsis_thaliana,1,0,0.756301
OG0005628,Triticum_turgidum,1,0,0.507693
OG0005628,Zea_mays,7,5,6.86E-07
OG0005628,Sorghum_bicolor,1,-1,0.130342
OG0005628,Hordeum_vulgare,1,0,0.522556
OG0005628,Triticum_aestivum,1,0,0.507693
OG0005628,Oryza_sativa,2,1,0.055018
OG0005628,Brachypodium_distachyon,1,0,0.56891
OG0005636,Avena_sativa,1,0,0.555086
OG0005636,Arabidopsis_thaliana,2,1,0.137178
OG0005636,Triticum_turgidum,1,0,0.507693
OG0005636,Zea_mays,5,3,0.00020209
OG0005636,Sorghum_bicolor,1,-1,0.130342
OG0005636,Hordeum_vulgare,1,0,0.522556
OG0005636,Triticum_aestivum,1,0,0.507693
OG0005636,Oryza_sativa,1,0,0.605212
OG0005636,Brachypodium_distachyon,3,2,0.00254048
OG0005638,Avena_sativa,1,0,0.555086
OG0005638,Arabidopsis_thaliana,2,0,0.83681
OG0005638,Triticum_turgidum,2,0,0.515209
OG0005638,Zea_mays,3,1,0.0476668
OG0005638,Sorghum_bicolor,1,-1,0.130342
OG0005638,Hordeum_vulgare,1,0,0.522556
OG0005638,Triticum_aestivum,2,0,0.515209
OG0005638,Oryza_sativa,2,0,0.678483
OG0005638,Brachypodium_distachyon,0,-1,0.102088
OG0005647,Avena_sativa,1,0,0.555086
OG0005647,Arabidopsis_thaliana,1,0,0.756301
OG0005647,Triticum_turgidum,0,-1,0.0115245
OG0005647,Zea_mays,7,5,6.86E-07
OG0005647,Sorghum_bicolor,2,0,0.586825
OG0005647,Hordeum_vulgare,1,0,0.522556
OG0005647,Triticum_aestivum,1,0,0.507693
OG0005647,Oryza_sativa,1,0,0.605212
OG0005647,Brachypodium_distachyon,1,0,0.56891
OG0005655,Avena_sativa,2,0,0.601244
OG0005655,Arabidopsis_thaliana,1,0,0.756301
OG0005655,Triticum_turgidum,1,0,0.507693
OG0005655,Zea_mays,1,0,0.54662
OG0005655,Sorghum_bicolor,1,0,0.54662
OG0005655,Hordeum_vulgare,0,-1,0.0337031
OG0005655,Triticum_aestivum,2,1,0.00386114
OG0005655,Oryza_sativa,2,0,0.678483
OG0005655,Brachypodium_distachyon,2,0,0.62392
OG0005665,Avena_sativa,1,0,0.555086
OG0005665,Arabidopsis_thaliana,1,0,0.756301
OG0005665,Triticum_turgidum,1,0,0.507693
OG0005665,Zea_mays,10,9,6.45E-13
OG0005665,Sorghum_bicolor,1,0,0.54662
OG0005665,Hordeum_vulgare,1,0,0.522556
OG0005665,Triticum_aestivum,0,-1,0.0115245
OG0005665,Oryza_sativa,1,0,0.605212
OG0005665,Brachypodium_distachyon,1,0,0.56891
OG0005667,Avena_sativa,1,-1,0.15204
OG0005667,Arabidopsis_thaliana,1,0,0.756301
OG0005667,Triticum_turgidum,1,0,0.507693
OG0005667,Zea_mays,3,1,0.0476668
OG0005667,Sorghum_bicolor,1,-1,0.130342
OG0005667,Hordeum_vulgare,3,1,0.0228047
OG0005667,Triticum_aestivum,1,0,0.507693
OG0005667,Oryza_sativa,2,0,0.678483
OG0005667,Brachypodium_distachyon,2,0,0.62392
OG0005670,Avena_sativa,2,1,0.0282556
OG0005670,Arabidopsis_thaliana,1,0,0.756301
OG0005670,Triticum_turgidum,0,-1,0.0115245
OG0005670,Zea_mays,7,6,5.92E-09
OG0005670,Sorghum_bicolor,1,0,0.54662
OG0005670,Hordeum_vulgare,1,0,0.522556
OG0005670,Triticum_aestivum,1,0,0.507693
OG0005670,Oryza_sativa,1,0,0.605212
OG0005670,Brachypodium_distachyon,1,0,0.56891
OG0005675,Avena_sativa,1,0,0.555086
OG0005675,Arabidopsis_thaliana,1,0,0.756301
OG0005675,Triticum_turgidum,1,0,0.507693
OG0005675,Zea_mays,1,0,0.54662
OG0005675,Sorghum_bicolor,1,0,0.54662
OG0005675,Hordeum_vulgare,1,0,0.522556
OG0005675,Triticum_aestivum,1,0,0.507693
OG0005675,Oryza_sativa,7,6,9.45E-07
OG0005675,Brachypodium_distachyon,1,0,0.56891
OG0005681,Avena_sativa,2,0,0.601244
OG0005681,Arabidopsis_thaliana,1,0,0.756301
OG0005681,Triticum_turgidum,0,-2,3.16E-05
OG0005681,Zea_mays,2,0,0.586825
OG0005681,Sorghum_bicolor,2,0,0.586825
OG0005681,Hordeum_vulgare,2,0,0.543596
OG0005681,Triticum_aestivum,2,0,0.515209
OG0005681,Oryza_sativa,1,-1,0.268992
OG0005681,Brachypodium_distachyon,1,-1,0.186225
OG0005686,Avena_sativa,1,0,0.555086
OG0005686,Arabidopsis_thaliana,1,0,0.756301
OG0005686,Triticum_turgidum,1,0,0.507693
OG0005686,Zea_mays,8,7,2.83E-10
OG0005686,Sorghum_bicolor,1,0,0.54662
OG0005686,Hordeum_vulgare,1,0,0.522556
OG0005686,Triticum_aestivum,1,0,0.507693
OG0005686,Oryza_sativa,1,0,0.605212
OG0005686,Brachypodium_distachyon,1,0,0.56891
OG0005687,Avena_sativa,1,0,0.555086
OG0005687,Arabidopsis_thaliana,1,0,0.756301
OG0005687,Triticum_turgidum,4,3,2.30E-07
OG0005687,Zea_mays,2,0,0.586825
OG0005687,Sorghum_bicolor,2,0,0.586825
OG0005687,Hordeum_vulgare,1,0,0.522556
OG0005687,Triticum_aestivum,0,-1,0.0115245
OG0005687,Oryza_sativa,2,0,0.678483
OG0005687,Brachypodium_distachyon,1,0,0.56891
OG0005692,Avena_sativa,2,0,0.601244
OG0005692,Arabidopsis_thaliana,1,0,0.756301
OG0005692,Triticum_turgidum,1,-1,0.0228136
OG0005692,Zea_mays,0,-1,0.0693598
OG0005692,Sorghum_bicolor,1,0,0.54662
OG0005692,Hordeum_vulgare,0,-2,0.000304881
OG0005692,Triticum_aestivum,3,1,0.00772228
OG0005692,Oryza_sativa,0,-1,0.154715
OG0005692,Brachypodium_distachyon,3,1,0.0711731
OG0005773,Avena_sativa,1,0,0.555086
OG0005773,Arabidopsis_thaliana,2,1,0.137178
OG0005773,Triticum_turgidum,2,1,0.00386114
OG0005773,Zea_mays,0,-1,0.0693598
OG0005773,Sorghum_bicolor,2,1,0.0238258
OG0005773,Hordeum_vulgare,0,-1,0.0337031
OG0005773,Triticum_aestivum,1,0,0.507693
OG0005773,Oryza_sativa,0,-1,0.154715
OG0005773,Brachypodium_distachyon,4,3,0.000181551
OG0005780,Avena_sativa,1,0,0.555086
OG0005780,Arabidopsis_thaliana,1,0,0.756301
OG0005780,Triticum_turgidum,2,0,0.515209
OG0005780,Zea_mays,6,5,1.24E-07
OG0005780,Sorghum_bicolor,1,0,0.54662
OG0005780,Hordeum_vulgare,0,-1,0.0337031
OG0005780,Triticum_aestivum,2,0,0.515209
OG0005780,Oryza_sativa,0,-1,0.154715
OG0005780,Brachypodium_distachyon,1,0,0.56891
OG0005781,Avena_sativa,0,0,0.5
OG0005781,Arabidopsis_thaliana,1,0,0.756301
OG0005781,Triticum_turgidum,0,0,0.5
OG0005781,Zea_mays,16,13,2.94E-16
OG0005781,Sorghum_bicolor,2,-1,0.18413
OG0005781,Hordeum_vulgare,0,0,0.5
OG0005781,Triticum_aestivum,0,0,0.5
OG0005781,Oryza_sativa,0,0,0.5
OG0005781,Brachypodium_distachyon,0,0,0.5
OG0005782,Avena_sativa,3,2,0.00160191
OG0005782,Arabidopsis_thaliana,1,0,0.756301
OG0005782,Triticum_turgidum,2,1,0.00386114
OG0005782,Zea_mays,0,-1,0.0693598
OG0005782,Sorghum_bicolor,2,1,0.0238258
OG0005782,Hordeum_vulgare,0,-1,0.0337031
OG0005782,Triticum_aestivum,1,0,0.507693
OG0005782,Oryza_sativa,0,-1,0.154715
OG0005782,Brachypodium_distachyon,1,0,0.56891
OG0005783,Avena_sativa,0,-2,0.00222918
OG0005783,Arabidopsis_thaliana,1,0,0.756301
OG0005783,Triticum_turgidum,3,0,0.522552
OG0005783,Zea_mays,0,0,0.5
OG0005783,Sorghum_bicolor,0,0,0.5
OG0005783,Hordeum_vulgare,3,0,0.563236
OG0005783,Triticum_aestivum,2,-1,0.033873
OG0005783,Oryza_sativa,0,-1,0.154715
OG0005783,Brachypodium_distachyon,2,0,0.62392
OG0005786,Avena_sativa,2,1,0.0282556
OG0005786,Arabidopsis_thaliana,1,0,0.756301
OG0005786,Triticum_turgidum,1,0,0.507693
OG0005786,Zea_mays,6,5,1.24E-07
OG0005786,Sorghum_bicolor,1,0,0.54662
OG0005786,Hordeum_vulgare,1,0,0.522556
OG0005786,Triticum_aestivum,1,0,0.507693
OG0005786,Oryza_sativa,0,-1,0.154715
OG0005786,Brachypodium_distachyon,1,0,0.56891
OG0005790,Avena_sativa,1,0,0.555086
OG0005790,Arabidopsis_thaliana,1,0,0.756301
OG0005790,Triticum_turgidum,1,0,0.507693
OG0005790,Zea_mays,0,-1,0.0693598
OG0005790,Sorghum_bicolor,1,0,0.54662
OG0005790,Hordeum_vulgare,0,-1,0.0337031
OG0005790,Triticum_aestivum,2,1,0.00386114
OG0005790,Oryza_sativa,0,-1,0.154715
OG0005790,Brachypodium_distachyon,6,5,9.27E-07
OG0005791,Avena_sativa,2,0,0.601244
OG0005791,Arabidopsis_thaliana,1,0,0.756301
OG0005791,Triticum_turgidum,1,-1,0.0228136
OG0005791,Zea_mays,0,-1,0.0693598
OG0005791,Sorghum_bicolor,1,0,0.54662
OG0005791,Hordeum_vulgare,1,-1,0.0654064
OG0005791,Triticum_aestivum,2,0,0.515209
OG0005791,Oryza_sativa,0,-1,0.154715
OG0005791,Brachypodium_distachyon,3,1,0.0711731
OG0005794,Avena_sativa,1,-1,0.15204
OG0005794,Arabidopsis_thaliana,1,0,0.756301
OG0005794,Triticum_turgidum,0,-1,0.0115245
OG0005794,Zea_mays,3,1,0.0476668
OG0005794,Sorghum_bicolor,2,0,0.586825
OG0005794,Hordeum_vulgare,2,0,0.543596
OG0005794,Triticum_aestivum,1,0,0.507693
OG0005794,Oryza_sativa,2,0,0.678483
OG0005794,Brachypodium_distachyon,2,0,0.62392
OG0005797,Avena_sativa,2,1,0.0282556
OG0005797,Arabidopsis_thaliana,2,1,0.137178
OG0005797,Triticum_turgidum,0,-1,0.0115245
OG0005797,Zea_mays,1,0,0.54662
OG0005797,Sorghum_bicolor,5,4,2.60E-06
OG0005797,Hordeum_vulgare,1,0,0.522556
OG0005797,Triticum_aestivum,1,0,0.507693
OG0005797,Oryza_sativa,1,0,0.605212
OG0005797,Brachypodium_distachyon,1,0,0.56891
OG0005799,Avena_sativa,2,0,0.601244
OG0005799,Arabidopsis_thaliana,1,0,0.756301
OG0005799,Triticum_turgidum,0,-2,3.16E-05
OG0005799,Zea_mays,1,0,0.54662
OG0005799,Sorghum_bicolor,1,0,0.54662
OG0005799,Hordeum_vulgare,2,0,0.543596
OG0005799,Triticum_aestivum,2,0,0.515209
OG0005799,Oryza_sativa,1,0,0.605212
OG0005799,Brachypodium_distachyon,2,0,0.62392
OG0005803,Avena_sativa,1,0,0.555086
OG0005803,Arabidopsis_thaliana,2,1,0.137178
OG0005803,Triticum_turgidum,0,-1,0.0115245
OG0005803,Zea_mays,5,3,0.00020209
OG0005803,Sorghum_bicolor,2,0,0.586825
OG0005803,Hordeum_vulgare,1,0,0.522556
OG0005803,Triticum_aestivum,1,0,0.507693
OG0005803,Oryza_sativa,1,0,0.605212
OG0005803,Brachypodium_distachyon,2,1,0.0355493
OG0005809,Avena_sativa,1,0,0.555086
OG0005809,Arabidopsis_thaliana,2,1,0.137178
OG0005809,Triticum_turgidum,1,0,0.507693
OG0005809,Zea_mays,4,3,5.43E-05
OG0005809,Sorghum_bicolor,1,0,0.54662
OG0005809,Hordeum_vulgare,1,0,0.522556
OG0005809,Triticum_aestivum,2,1,0.00386114
OG0005809,Oryza_sativa,1,0,0.605212
OG0005809,Brachypodium_distachyon,1,0,0.56891
OG0005812,Avena_sativa,1,0,0.555086
OG0005812,Arabidopsis_thaliana,1,0,0.756301
OG0005812,Triticum_turgidum,1,0,0.507693
OG0005812,Zea_mays,7,6,5.92E-09
OG0005812,Sorghum_bicolor,1,0,0.54662
OG0005812,Hordeum_vulgare,1,0,0.522556
OG0005812,Triticum_aestivum,1,0,0.507693
OG0005812,Oryza_sativa,1,0,0.605212
OG0005812,Brachypodium_distachyon,1,0,0.56891
OG0005813,Avena_sativa,1,0,0.555086
OG0005813,Arabidopsis_thaliana,2,0,0.83681
OG0005813,Triticum_turgidum,1,0,0.507693
OG0005813,Zea_mays,1,-1,0.130342
OG0005813,Sorghum_bicolor,4,2,0.00548055
OG0005813,Hordeum_vulgare,1,0,0.522556
OG0005813,Triticum_aestivum,1,0,0.507693
OG0005813,Oryza_sativa,4,2,0.0281791
OG0005813,Brachypodium_distachyon,0,-1,0.102088
OG0005826,Avena_sativa,1,0,0.555086
OG0005826,Arabidopsis_thaliana,1,0,0.756301
OG0005826,Triticum_turgidum,1,0,0.507693
OG0005826,Zea_mays,6,5,1.24E-07
OG0005826,Sorghum_bicolor,1,0,0.54662
OG0005826,Hordeum_vulgare,1,0,0.522556
OG0005826,Triticum_aestivum,1,0,0.507693
OG0005826,Oryza_sativa,1,0,0.605212
OG0005826,Brachypodium_distachyon,1,0,0.56891
OG0005836,Avena_sativa,1,-1,0.15204
OG0005836,Arabidopsis_thaliana,1,0,0.756301
OG0005836,Triticum_turgidum,2,0,0.515209
OG0005836,Zea_mays,2,0,0.586825
OG0005836,Sorghum_bicolor,2,0,0.586825
OG0005836,Hordeum_vulgare,2,0,0.543596
OG0005836,Triticum_aestivum,0,-2,3.16E-05
OG0005836,Oryza_sativa,2,0,0.678483
OG0005836,Brachypodium_distachyon,3,1,0.0711731
OG0005846,Avena_sativa,2,1,0.0282556
OG0005846,Arabidopsis_thaliana,2,1,0.137178
OG0005846,Triticum_turgidum,0,-1,0.0115245
OG0005846,Zea_mays,5,4,2.60E-06
OG0005846,Sorghum_bicolor,1,0,0.54662
OG0005846,Hordeum_vulgare,1,0,0.522556
OG0005846,Triticum_aestivum,1,0,0.507693
OG0005846,Oryza_sativa,1,0,0.605212
OG0005846,Brachypodium_distachyon,1,0,0.56891
OG0005849,Avena_sativa,1,0,0.555086
OG0005849,Arabidopsis_thaliana,3,2,0.0414086
OG0005849,Triticum_turgidum,0,-1,0.0115245
OG0005849,Zea_mays,6,5,1.24E-07
OG0005849,Sorghum_bicolor,1,0,0.54662
OG0005849,Hordeum_vulgare,1,0,0.522556
OG0005849,Triticum_aestivum,1,0,0.507693
OG0005849,Oryza_sativa,1,0,0.605212
OG0005849,Brachypodium_distachyon,1,0,0.56891
OG0005855,Avena_sativa,2,1,0.0282556
OG0005855,Arabidopsis_thaliana,4,2,0.0815
OG0005855,Triticum_turgidum,2,1,0.00386114
OG0005855,Zea_mays,2,1,0.0238258
OG0005855,Sorghum_bicolor,1,0,0.54662
OG0005855,Hordeum_vulgare,1,0,0.522556
OG0005855,Triticum_aestivum,1,0,0.507693
OG0005855,Oryza_sativa,0,-1,0.154715
OG0005855,Brachypodium_distachyon,1,0,0.56891
OG0005867,Avena_sativa,1,0,0.555086
OG0005867,Arabidopsis_thaliana,1,0,0.756301
OG0005867,Triticum_turgidum,1,0,0.507693
OG0005867,Zea_mays,7,6,5.92E-09
OG0005867,Sorghum_bicolor,1,0,0.54662
OG0005867,Hordeum_vulgare,1,0,0.522556
OG0005867,Triticum_aestivum,1,0,0.507693
OG0005867,Oryza_sativa,1,0,0.605212
OG0005867,Brachypodium_distachyon,1,0,0.56891
OG0005885,Avena_sativa,2,1,0.0282556
OG0005885,Arabidopsis_thaliana,2,0,0.83681
OG0005885,Triticum_turgidum,1,0,0.507693
OG0005885,Zea_mays,1,-1,0.130342
OG0005885,Sorghum_bicolor,2,0,0.586825
OG0005885,Hordeum_vulgare,0,-1,0.0337031
OG0005885,Triticum_aestivum,0,-1,0.0115245
OG0005885,Oryza_sativa,7,5,4.19E-05
OG0005885,Brachypodium_distachyon,0,-1,0.102088
OG0005891,Avena_sativa,2,0,0.601244
OG0005891,Arabidopsis_thaliana,2,0,0.83681
OG0005891,Triticum_turgidum,0,-1,0.0115245
OG0005891,Zea_mays,4,2,0.00548055
OG0005891,Sorghum_bicolor,1,-1,0.130342
OG0005891,Hordeum_vulgare,1,0,0.522556
OG0005891,Triticum_aestivum,1,0,0.507693
OG0005891,Oryza_sativa,1,-1,0.268992
OG0005891,Brachypodium_distachyon,2,0,0.62392
OG0005910,Avena_sativa,1,0,0.555086
OG0005910,Arabidopsis_thaliana,1,0,0.756301
OG0005910,Triticum_turgidum,2,0,0.515209
OG0005910,Zea_mays,0,-1,0.0693598
OG0005910,Sorghum_bicolor,1,0,0.54662
OG0005910,Hordeum_vulgare,3,1,0.0228047
OG0005910,Triticum_aestivum,1,-1,0.0228136
OG0005910,Oryza_sativa,2,1,0.055018
OG0005910,Brachypodium_distachyon,1,0,0.56891
OG0005911,Avena_sativa,1,0,0.555086
OG0005911,Arabidopsis_thaliana,2,1,0.137178
OG0005911,Triticum_turgidum,0,-2,3.16E-05
OG0005911,Zea_mays,2,0,0.586825
OG0005911,Sorghum_bicolor,2,0,0.586825
OG0005911,Hordeum_vulgare,2,0,0.543596
OG0005911,Triticum_aestivum,2,0,0.515209
OG0005911,Oryza_sativa,1,0,0.605212
OG0005911,Brachypodium_distachyon,1,0,0.56891
OG0005913,Avena_sativa,1,-1,0.15204
OG0005913,Arabidopsis_thaliana,1,0,0.756301
OG0005913,Triticum_turgidum,2,0,0.515209
OG0005913,Zea_mays,3,1,0.0476668
OG0005913,Sorghum_bicolor,2,0,0.586825
OG0005913,Hordeum_vulgare,2,0,0.543596
OG0005913,Triticum_aestivum,1,-1,0.0228136
OG0005913,Oryza_sativa,0,-2,0.0102411
OG0005913,Brachypodium_distachyon,2,0,0.62392
OG0005920,Avena_sativa,1,0,0.555086
OG0005920,Arabidopsis_thaliana,1,0,0.756301
OG0005920,Triticum_turgidum,1,0,0.507693
OG0005920,Zea_mays,6,4,1.20E-05
OG0005920,Sorghum_bicolor,2,0,0.586825
OG0005920,Hordeum_vulgare,1,0,0.522556
OG0005920,Triticum_aestivum,1,0,0.507693
OG0005920,Oryza_sativa,1,0,0.605212
OG0005920,Brachypodium_distachyon,1,0,0.56891
OG0005922,Avena_sativa,1,0,0.555086
OG0005922,Arabidopsis_thaliana,1,0,0.756301
OG0005922,Triticum_turgidum,4,1,0.0115823
OG0005922,Zea_mays,1,0,0.54662
OG0005922,Sorghum_bicolor,1,0,0.54662
OG0005922,Hordeum_vulgare,3,0,0.563236
OG0005922,Triticum_aestivum,1,-2,9.30E-05
OG0005922,Oryza_sativa,1,0,0.605212
OG0005922,Brachypodium_distachyon,1,0,0.56891
OG0005935,Avena_sativa,1,0,0.555086
OG0005935,Arabidopsis_thaliana,3,2,0.0414086
OG0005935,Triticum_turgidum,1,0,0.507693
OG0005935,Zea_mays,5,3,0.00020209
OG0005935,Sorghum_bicolor,1,-1,0.130342
OG0005935,Hordeum_vulgare,1,0,0.522556
OG0005935,Triticum_aestivum,1,0,0.507693
OG0005935,Oryza_sativa,1,0,0.605212
OG0005935,Brachypodium_distachyon,2,1,0.0355493
OG0005937,Avena_sativa,1,0,0.555086
OG0005937,Arabidopsis_thaliana,1,0,0.756301
OG0005937,Triticum_turgidum,1,0,0.507693
OG0005937,Zea_mays,5,4,2.60E-06
OG0005937,Sorghum_bicolor,1,0,0.54662
OG0005937,Hordeum_vulgare,1,0,0.522556
OG0005937,Triticum_aestivum,2,1,0.00386114
OG0005937,Oryza_sativa,1,0,0.605212
OG0005937,Brachypodium_distachyon,1,0,0.56891
OG0005939,Avena_sativa,2,1,0.0282556
OG0005939,Arabidopsis_thaliana,4,2,0.0815
OG0005939,Triticum_turgidum,2,1,0.00386114
OG0005939,Zea_mays,1,0,0.54662
OG0005939,Sorghum_bicolor,1,0,0.54662
OG0005939,Hordeum_vulgare,0,-1,0.0337031
OG0005939,Triticum_aestivum,1,0,0.507693
OG0005939,Oryza_sativa,0,-1,0.154715
OG0005939,Brachypodium_distachyon,1,0,0.56891
OG0005946,Avena_sativa,1,0,0.555086
OG0005946,Arabidopsis_thaliana,1,0,0.756301
OG0005946,Triticum_turgidum,1,0,0.507693
OG0005946,Zea_mays,6,5,1.24E-07
OG0005946,Sorghum_bicolor,1,0,0.54662
OG0005946,Hordeum_vulgare,1,0,0.522556
OG0005946,Triticum_aestivum,1,0,0.507693
OG0005946,Oryza_sativa,1,0,0.605212
OG0005946,Brachypodium_distachyon,1,0,0.56891
OG0005947,Avena_sativa,1,0,0.555086
OG0005947,Arabidopsis_thaliana,1,0,0.756301
OG0005947,Triticum_turgidum,1,0,0.507693
OG0005947,Zea_mays,7,6,5.92E-09
OG0005947,Sorghum_bicolor,1,0,0.54662
OG0005947,Hordeum_vulgare,1,0,0.522556
OG0005947,Triticum_aestivum,1,0,0.507693
OG0005947,Oryza_sativa,1,0,0.605212
OG0005947,Brachypodium_distachyon,1,0,0.56891
OG0005948,Avena_sativa,1,0,0.555086
OG0005948,Arabidopsis_thaliana,1,0,0.756301
OG0005948,Triticum_turgidum,1,0,0.507693
OG0005948,Zea_mays,7,6,5.92E-09
OG0005948,Sorghum_bicolor,1,0,0.54662
OG0005948,Hordeum_vulgare,1,0,0.522556
OG0005948,Triticum_aestivum,1,0,0.507693
OG0005948,Oryza_sativa,1,0,0.605212
OG0005948,Brachypodium_distachyon,2,1,0.0355493
OG0005951,Avena_sativa,1,0,0.555086
OG0005951,Arabidopsis_thaliana,1,0,0.756301
OG0005951,Triticum_turgidum,2,0,0.515209
OG0005951,Zea_mays,2,1,0.0238258
OG0005951,Sorghum_bicolor,1,0,0.54662
OG0005951,Hordeum_vulgare,0,-1,0.0337031
OG0005951,Triticum_aestivum,2,0,0.515209
OG0005951,Oryza_sativa,1,0,0.605212
OG0005951,Brachypodium_distachyon,3,2,0.00254048
OG0005952,Avena_sativa,0,-1,0.0818261
OG0005952,Arabidopsis_thaliana,1,0,0.756301
OG0005952,Triticum_turgidum,2,1,0.00386114
OG0005952,Zea_mays,2,0,0.586825
OG0005952,Sorghum_bicolor,2,0,0.586825
OG0005952,Hordeum_vulgare,1,0,0.522556
OG0005952,Triticum_aestivum,1,0,0.507693
OG0005952,Oryza_sativa,2,0,0.678483
OG0005952,Brachypodium_distachyon,4,2,0.0120187
OG0005957,Avena_sativa,2,0,0.601244
OG0005957,Arabidopsis_thaliana,1,0,0.756301
OG0005957,Triticum_turgidum,2,0,0.515209
OG0005957,Zea_mays,1,0,0.54662
OG0005957,Sorghum_bicolor,1,0,0.54662
OG0005957,Hordeum_vulgare,1,-1,0.0654064
OG0005957,Triticum_aestivum,1,-1,0.0228136
OG0005957,Oryza_sativa,0,-1,0.154715
OG0005957,Brachypodium_distachyon,3,1,0.0711731
OG0005964,Avena_sativa,1,-1,0.15204
OG0005964,Arabidopsis_thaliana,1,0,0.756301
OG0005964,Triticum_turgidum,2,0,0.515209
OG0005964,Zea_mays,2,0,0.586825
OG0005964,Sorghum_bicolor,2,0,0.586825
OG0005964,Hordeum_vulgare,2,0,0.543596
OG0005964,Triticum_aestivum,1,-1,0.0228136
OG0005964,Oryza_sativa,0,-2,0.0102411
OG0005964,Brachypodium_distachyon,3,1,0.0711731
OG0005965,Avena_sativa,1,0,0.555086
OG0005965,Arabidopsis_thaliana,1,0,0.756301
OG0005965,Triticum_turgidum,1,0,0.507693
OG0005965,Zea_mays,8,7,2.83E-10
OG0005965,Sorghum_bicolor,1,0,0.54662
OG0005965,Hordeum_vulgare,1,0,0.522556
OG0005965,Triticum_aestivum,1,0,0.507693
OG0005965,Oryza_sativa,0,-1,0.154715
OG0005965,Brachypodium_distachyon,1,0,0.56891
OG0005970,Avena_sativa,0,-1,0.0818261
OG0005970,Arabidopsis_thaliana,1,0,0.756301
OG0005970,Triticum_turgidum,0,-1,0.0115245
OG0005970,Zea_mays,1,0,0.54662
OG0005970,Sorghum_bicolor,2,1,0.0238258
OG0005970,Hordeum_vulgare,0,-1,0.0337031
OG0005970,Triticum_aestivum,3,2,2.98E-05
OG0005970,Oryza_sativa,4,3,0.000683008
OG0005970,Brachypodium_distachyon,1,0,0.56891
OG0005973,Avena_sativa,1,0,0.555086
OG0005973,Arabidopsis_thaliana,1,0,0.756301
OG0005973,Triticum_turgidum,0,-1,0.0115245
OG0005973,Zea_mays,2,0,0.586825
OG0005973,Sorghum_bicolor,3,1,0.0476668
OG0005973,Hordeum_vulgare,1,0,0.522556
OG0005973,Triticum_aestivum,1,0,0.507693
OG0005973,Oryza_sativa,5,3,0.00229579
OG0005973,Brachypodium_distachyon,2,0,0.62392
OG0005974,Avena_sativa,1,0,0.555086
OG0005974,Arabidopsis_thaliana,2,1,0.137178
OG0005974,Triticum_turgidum,2,0,0.515209
OG0005974,Zea_mays,5,4,2.60E-06
OG0005974,Sorghum_bicolor,1,0,0.54662
OG0005974,Hordeum_vulgare,2,0,0.543596
OG0005974,Triticum_aestivum,1,-1,0.0228136
OG0005974,Oryza_sativa,0,-1,0.154715
OG0005974,Brachypodium_distachyon,1,0,0.56891
OG0005981,Avena_sativa,1,0,0.555086
OG0005981,Arabidopsis_thaliana,1,0,0.756301
OG0005981,Triticum_turgidum,1,0,0.507693
OG0005981,Zea_mays,5,4,2.60E-06
OG0005981,Sorghum_bicolor,1,0,0.54662
OG0005981,Hordeum_vulgare,1,0,0.522556
OG0005981,Triticum_aestivum,1,0,0.507693
OG0005981,Oryza_sativa,2,1,0.055018
OG0005981,Brachypodium_distachyon,1,0,0.56891
OG0005982,Avena_sativa,1,0,0.555086
OG0005982,Arabidopsis_thaliana,1,0,0.756301
OG0005982,Triticum_turgidum,1,0,0.507693
OG0005982,Zea_mays,6,5,1.24E-07
OG0005982,Sorghum_bicolor,1,0,0.54662
OG0005982,Hordeum_vulgare,1,0,0.522556
OG0005982,Triticum_aestivum,1,0,0.507693
OG0005982,Oryza_sativa,1,0,0.605212
OG0005982,Brachypodium_distachyon,2,1,0.0355493
OG0005983,Avena_sativa,1,-1,0.15204
OG0005983,Arabidopsis_thaliana,2,0,0.83681
OG0005983,Triticum_turgidum,2,0,0.515209
OG0005983,Zea_mays,2,0,0.586825
OG0005983,Sorghum_bicolor,1,-1,0.130342
OG0005983,Hordeum_vulgare,2,0,0.543596
OG0005983,Triticum_aestivum,1,-1,0.0228136
OG0005983,Oryza_sativa,1,-1,0.268992
OG0005983,Brachypodium_distachyon,3,1,0.0711731
OG0005986,Avena_sativa,1,0,0.555086
OG0005986,Arabidopsis_thaliana,1,0,0.756301
OG0005986,Triticum_turgidum,1,0,0.507693
OG0005986,Zea_mays,7,6,5.92E-09
OG0005986,Sorghum_bicolor,1,0,0.54662
OG0005986,Hordeum_vulgare,1,0,0.522556
OG0005986,Triticum_aestivum,1,0,0.507693
OG0005986,Oryza_sativa,1,0,0.605212
OG0005986,Brachypodium_distachyon,1,0,0.56891
OG0005987,Avena_sativa,1,0,0.555086
OG0005987,Arabidopsis_thaliana,1,0,0.756301
OG0005987,Triticum_turgidum,1,0,0.507693
OG0005987,Zea_mays,7,6,5.92E-09
OG0005987,Sorghum_bicolor,1,0,0.54662
OG0005987,Hordeum_vulgare,1,0,0.522556
OG0005987,Triticum_aestivum,1,0,0.507693
OG0005987,Oryza_sativa,1,0,0.605212
OG0005987,Brachypodium_distachyon,1,0,0.56891
OG0005990,Avena_sativa,2,0,0.601244
OG0005990,Arabidopsis_thaliana,1,0,0.756301
OG0005990,Triticum_turgidum,0,-2,3.16E-05
OG0005990,Zea_mays,2,0,0.586825
OG0005990,Sorghum_bicolor,2,0,0.586825
OG0005990,Hordeum_vulgare,2,0,0.543596
OG0005990,Triticum_aestivum,2,0,0.515209
OG0005990,Oryza_sativa,0,-2,0.0102411
OG0005990,Brachypodium_distachyon,2,0,0.62392
OG0005993,Avena_sativa,1,0,0.555086
OG0005993,Arabidopsis_thaliana,1,0,0.756301
OG0005993,Triticum_turgidum,0,-1,0.0115245
OG0005993,Zea_mays,6,5,1.24E-07
OG0005993,Sorghum_bicolor,1,0,0.54662
OG0005993,Hordeum_vulgare,1,0,0.522556
OG0005993,Triticum_aestivum,2,1,0.00386114
OG0005993,Oryza_sativa,1,0,0.605212
OG0005993,Brachypodium_distachyon,1,0,0.56891
OG0005999,Avena_sativa,1,0,0.555086
OG0005999,Arabidopsis_thaliana,1,0,0.756301
OG0005999,Triticum_turgidum,2,1,0.00386114
OG0005999,Zea_mays,6,5,1.24E-07
OG0005999,Sorghum_bicolor,1,0,0.54662
OG0005999,Hordeum_vulgare,1,0,0.522556
OG0005999,Triticum_aestivum,1,0,0.507693
OG0005999,Oryza_sativa,1,0,0.605212
OG0005999,Brachypodium_distachyon,1,0,0.56891
OG0006007,Avena_sativa,1,0,0.555086
OG0006007,Arabidopsis_thaliana,1,0,0.756301
OG0006007,Triticum_turgidum,1,0,0.507693
OG0006007,Zea_mays,3,2,0.00113794
OG0006007,Sorghum_bicolor,1,0,0.54662
OG0006007,Hordeum_vulgare,5,4,1.35E-07
OG0006007,Triticum_aestivum,1,0,0.507693
OG0006007,Oryza_sativa,1,0,0.605212
OG0006007,Brachypodium_distachyon,1,0,0.56891
OG0006012,Avena_sativa,1,0,0.555086
OG0006012,Arabidopsis_thaliana,2,1,0.137178
OG0006012,Triticum_turgidum,1,0,0.507693
OG0006012,Zea_mays,2,1,0.0238258
OG0006012,Sorghum_bicolor,1,0,0.54662
OG0006012,Hordeum_vulgare,4,3,5.94E-06
OG0006012,Triticum_aestivum,1,0,0.507693
OG0006012,Oryza_sativa,1,0,0.605212
OG0006012,Brachypodium_distachyon,1,0,0.56891
OG0006013,Avena_sativa,1,0,0.555086
OG0006013,Arabidopsis_thaliana,2,1,0.137178
OG0006013,Triticum_turgidum,1,0,0.507693
OG0006013,Zea_mays,7,6,5.92E-09
OG0006013,Sorghum_bicolor,1,0,0.54662
OG0006013,Hordeum_vulgare,1,0,0.522556
OG0006013,Triticum_aestivum,1,0,0.507693
OG0006013,Oryza_sativa,0,-1,0.154715
OG0006013,Brachypodium_distachyon,1,0,0.56891
OG0006014,Avena_sativa,1,0,0.555086
OG0006014,Arabidopsis_thaliana,1,0,0.756301
OG0006014,Triticum_turgidum,1,0,0.507693
OG0006014,Zea_mays,7,6,5.92E-09
OG0006014,Sorghum_bicolor,1,0,0.54662
OG0006014,Hordeum_vulgare,1,0,0.522556
OG0006014,Triticum_aestivum,1,0,0.507693
OG0006014,Oryza_sativa,1,0,0.605212
OG0006014,Brachypodium_distachyon,1,0,0.56891
OG0006016,Avena_sativa,3,2,0.00160191
OG0006016,Arabidopsis_thaliana,1,0,0.756301
OG0006016,Triticum_turgidum,0,-1,0.0115245
OG0006016,Zea_mays,1,0,0.54662
OG0006016,Sorghum_bicolor,2,1,0.0238258
OG0006016,Hordeum_vulgare,1,0,0.522556
OG0006016,Triticum_aestivum,1,0,0.507693
OG0006016,Oryza_sativa,0,-1,0.154715
OG0006016,Brachypodium_distachyon,1,0,0.56891
OG0006019,Avena_sativa,1,0,0.555086
OG0006019,Arabidopsis_thaliana,1,0,0.756301
OG0006019,Triticum_turgidum,1,0,0.507693
OG0006019,Zea_mays,9,8,1.35E-11
OG0006019,Sorghum_bicolor,1,0,0.54662
OG0006019,Hordeum_vulgare,1,0,0.522556
OG0006019,Triticum_aestivum,1,0,0.507693
OG0006019,Oryza_sativa,0,-1,0.154715
OG0006019,Brachypodium_distachyon,1,0,0.56891
OG0006022,Avena_sativa,0,-1,0.0818261
OG0006022,Arabidopsis_thaliana,1,0,0.756301
OG0006022,Triticum_turgidum,2,1,0.00386114
OG0006022,Zea_mays,5,4,2.60E-06
OG0006022,Sorghum_bicolor,1,0,0.54662
OG0006022,Hordeum_vulgare,1,0,0.522556
OG0006022,Triticum_aestivum,1,0,0.507693
OG0006022,Oryza_sativa,1,0,0.605212
OG0006022,Brachypodium_distachyon,3,2,0.00254048
OG0006029,Avena_sativa,1,0,0.555086
OG0006029,Arabidopsis_thaliana,1,0,0.756301
OG0006029,Triticum_turgidum,1,0,0.507693
OG0006029,Zea_mays,7,6,5.92E-09
OG0006029,Sorghum_bicolor,1,0,0.54662
OG0006029,Hordeum_vulgare,1,0,0.522556
OG0006029,Triticum_aestivum,1,0,0.507693
OG0006029,Oryza_sativa,1,0,0.605212
OG0006029,Brachypodium_distachyon,1,0,0.56891
OG0006031,Avena_sativa,1,0,0.555086
OG0006031,Arabidopsis_thaliana,2,0,0.83681
OG0006031,Triticum_turgidum,2,0,0.515209
OG0006031,Zea_mays,1,-1,0.130342
OG0006031,Sorghum_bicolor,3,1,0.0476668
OG0006031,Hordeum_vulgare,1,0,0.522556
OG0006031,Triticum_aestivum,2,0,0.515209
OG0006031,Oryza_sativa,2,0,0.678483
OG0006031,Brachypodium_distachyon,0,-1,0.102088
OG0006035,Avena_sativa,1,0,0.555086
OG0006035,Arabidopsis_thaliana,1,0,0.756301
OG0006035,Triticum_turgidum,0,-1,0.0115245
OG0006035,Zea_mays,8,7,2.83E-10
OG0006035,Sorghum_bicolor,1,0,0.54662
OG0006035,Hordeum_vulgare,1,0,0.522556
OG0006035,Triticum_aestivum,1,0,0.507693
OG0006035,Oryza_sativa,1,0,0.605212
OG0006035,Brachypodium_distachyon,1,0,0.56891
OG0006039,Avena_sativa,0,-1,0.0818261
OG0006039,Arabidopsis_thaliana,1,0,0.756301
OG0006039,Triticum_turgidum,2,0,0.515209
OG0006039,Zea_mays,0,-1,0.0693598
OG0006039,Sorghum_bicolor,1,0,0.54662
OG0006039,Hordeum_vulgare,0,-1,0.0337031
OG0006039,Triticum_aestivum,3,1,0.00772228
OG0006039,Oryza_sativa,0,-1,0.154715
OG0006039,Brachypodium_distachyon,2,1,0.0355493
OG0006040,Avena_sativa,0,-1,0.0818261
OG0006040,Arabidopsis_thaliana,1,0,0.756301
OG0006040,Triticum_turgidum,0,-1,0.0115245
OG0006040,Zea_mays,0,-1,0.0693598
OG0006040,Sorghum_bicolor,4,3,5.43E-05
OG0006040,Hordeum_vulgare,0,-1,0.0337031
OG0006040,Triticum_aestivum,3,2,2.98E-05
OG0006040,Oryza_sativa,0,-1,0.154715
OG0006040,Brachypodium_distachyon,3,2,0.00254048
OG0006146,Avena_sativa,0,-2,0.00222918
OG0006146,Arabidopsis_thaliana,2,0,0.83681
OG0006146,Triticum_turgidum,0,0,0.5
OG0006146,Zea_mays,4,1,0.0712625
OG0006146,Sorghum_bicolor,3,0,0.621591
OG0006146,Hordeum_vulgare,3,1,0.0228047
OG0006146,Triticum_aestivum,0,0,0.5
OG0006146,Oryza_sativa,3,0,0.730477
OG0006146,Brachypodium_distachyon,3,0,0.668125
OG0006150,Avena_sativa,1,0,0.555086
OG0006150,Arabidopsis_thaliana,1,0,0.756301
OG0006150,Triticum_turgidum,2,0,0.515209
OG0006150,Zea_mays,2,0,0.586825
OG0006150,Sorghum_bicolor,2,0,0.586825
OG0006150,Hordeum_vulgare,2,0,0.543596
OG0006150,Triticum_aestivum,1,-1,0.0228136
OG0006150,Oryza_sativa,0,-1,0.154715
OG0006150,Brachypodium_distachyon,0,-1,0.102088
OG0006155,Avena_sativa,0,-1,0.0818261
OG0006155,Arabidopsis_thaliana,3,2,0.0414086
OG0006155,Triticum_turgidum,3,2,2.98E-05
OG0006155,Zea_mays,1,0,0.54662
OG0006155,Sorghum_bicolor,1,0,0.54662
OG0006155,Hordeum_vulgare,1,0,0.522556
OG0006155,Triticum_aestivum,1,0,0.507693
OG0006155,Oryza_sativa,1,0,0.605212
OG0006155,Brachypodium_distachyon,1,0,0.56891
OG0006162,Avena_sativa,1,0,0.555086
OG0006162,Arabidopsis_thaliana,2,0,0.83681
OG0006162,Triticum_turgidum,0,-1,0.0115245
OG0006162,Zea_mays,4,2,0.00548055
OG0006162,Sorghum_bicolor,2,0,0.586825
OG0006162,Hordeum_vulgare,1,0,0.522556
OG0006162,Triticum_aestivum,1,0,0.507693
OG0006162,Oryza_sativa,3,1,0.110464
OG0006162,Brachypodium_distachyon,1,0,0.56891
OG0006164,Avena_sativa,0,-1,0.0818261
OG0006164,Arabidopsis_thaliana,2,1,0.137178
OG0006164,Triticum_turgidum,7,6,1.06E-13
OG0006164,Zea_mays,2,1,0.0238258
OG0006164,Sorghum_bicolor,0,-1,0.0693598
OG0006164,Hordeum_vulgare,1,0,0.522556
OG0006164,Triticum_aestivum,0,-1,0.0115245
OG0006164,Oryza_sativa,0,-1,0.154715
OG0006164,Brachypodium_distachyon,0,-1,0.102088
OG0006167,Avena_sativa,1,0,0.555086
OG0006167,Arabidopsis_thaliana,3,1,0.294252
OG0006167,Triticum_turgidum,0,-1,0.0115245
OG0006167,Zea_mays,1,-1,0.130342
OG0006167,Sorghum_bicolor,2,0,0.586825
OG0006167,Hordeum_vulgare,2,1,0.011402
OG0006167,Triticum_aestivum,1,0,0.507693
OG0006167,Oryza_sativa,2,0,0.678483
OG0006167,Brachypodium_distachyon,1,0,0.56891
OG0006168,Avena_sativa,2,0,0.601244
OG0006168,Arabidopsis_thaliana,1,0,0.756301
OG0006168,Triticum_turgidum,0,0,0.5
OG0006168,Zea_mays,4,2,0.00548055
OG0006168,Sorghum_bicolor,2,0,0.586825
OG0006168,Hordeum_vulgare,1,0,0.522556
OG0006168,Triticum_aestivum,0,0,0.5
OG0006168,Oryza_sativa,2,0,0.678483
OG0006168,Brachypodium_distachyon,2,0,0.62392
OG0006170,Avena_sativa,0,-1,0.0818261
OG0006170,Arabidopsis_thaliana,1,0,0.756301
OG0006170,Triticum_turgidum,2,0,0.515209
OG0006170,Zea_mays,1,0,0.54662
OG0006170,Sorghum_bicolor,2,1,0.0238258
OG0006170,Hordeum_vulgare,1,0,0.522556
OG0006170,Triticum_aestivum,2,0,0.515209
OG0006170,Oryza_sativa,1,0,0.605212
OG0006170,Brachypodium_distachyon,2,1,0.0355493
OG0006173,Avena_sativa,1,-1,0.15204
OG0006173,Arabidopsis_thaliana,1,0,0.756301
OG0006173,Triticum_turgidum,2,0,0.515209
OG0006173,Zea_mays,0,-1,0.0693598
OG0006173,Sorghum_bicolor,1,0,0.54662
OG0006173,Hordeum_vulgare,2,0,0.543596
OG0006173,Triticum_aestivum,2,0,0.515209
OG0006173,Oryza_sativa,0,-1,0.154715
OG0006173,Brachypodium_distachyon,3,1,0.0711731
OG0006174,Avena_sativa,1,0,0.555086
OG0006174,Arabidopsis_thaliana,1,0,0.756301
OG0006174,Triticum_turgidum,1,0,0.507693
OG0006174,Zea_mays,7,6,5.92E-09
OG0006174,Sorghum_bicolor,1,0,0.54662
OG0006174,Hordeum_vulgare,1,0,0.522556
OG0006174,Triticum_aestivum,1,0,0.507693
OG0006174,Oryza_sativa,0,-1,0.154715
OG0006174,Brachypodium_distachyon,1,0,0.56891
OG0006183,Avena_sativa,2,1,0.0282556
OG0006183,Arabidopsis_thaliana,1,0,0.756301
OG0006183,Triticum_turgidum,0,-1,0.0115245
OG0006183,Zea_mays,4,0,0.65174
OG0006183,Sorghum_bicolor,4,0,0.65174
OG0006183,Hordeum_vulgare,0,-1,0.0337031
OG0006183,Triticum_aestivum,1,0,0.507693
OG0006183,Oryza_sativa,0,-1,0.154715
OG0006183,Brachypodium_distachyon,1,0,0.56891
OG0006188,Avena_sativa,1,0,0.555086
OG0006188,Arabidopsis_thaliana,1,0,0.756301
OG0006188,Triticum_turgidum,1,0,0.507693
OG0006188,Zea_mays,6,5,1.24E-07
OG0006188,Sorghum_bicolor,1,0,0.54662
OG0006188,Hordeum_vulgare,1,0,0.522556
OG0006188,Triticum_aestivum,1,0,0.507693
OG0006188,Oryza_sativa,1,0,0.605212
OG0006188,Brachypodium_distachyon,1,0,0.56891
OG0006196,Avena_sativa,2,1,0.0282556
OG0006196,Arabidopsis_thaliana,1,0,0.756301
OG0006196,Triticum_turgidum,2,1,0.00386114
OG0006196,Zea_mays,2,1,0.0238258
OG0006196,Sorghum_bicolor,1,0,0.54662
OG0006196,Hordeum_vulgare,1,0,0.522556
OG0006196,Triticum_aestivum,1,0,0.507693
OG0006196,Oryza_sativa,0,-1,0.154715
OG0006196,Brachypodium_distachyon,1,0,0.56891
OG0006199,Avena_sativa,1,0,0.555086
OG0006199,Arabidopsis_thaliana,1,0,0.756301
OG0006199,Triticum_turgidum,2,1,0.00386114
OG0006199,Zea_mays,4,3,5.43E-05
OG0006199,Sorghum_bicolor,1,0,0.54662
OG0006199,Hordeum_vulgare,1,0,0.522556
OG0006199,Triticum_aestivum,1,0,0.507693
OG0006199,Oryza_sativa,1,0,0.605212
OG0006199,Brachypodium_distachyon,1,0,0.56891
OG0006219,Avena_sativa,1,0,0.555086
OG0006219,Arabidopsis_thaliana,2,1,0.137178
OG0006219,Triticum_turgidum,2,1,0.00386114
OG0006219,Zea_mays,1,0,0.54662
OG0006219,Sorghum_bicolor,4,3,5.43E-05
OG0006219,Hordeum_vulgare,1,0,0.522556
OG0006219,Triticum_aestivum,1,0,0.507693
OG0006219,Oryza_sativa,1,0,0.605212
OG0006219,Brachypodium_distachyon,1,0,0.56891
OG0006221,Avena_sativa,2,0,0.601244
OG0006221,Arabidopsis_thaliana,3,1,0.294252
OG0006221,Triticum_turgidum,0,0,0.5
OG0006221,Zea_mays,4,2,0.00548055
OG0006221,Sorghum_bicolor,2,0,0.586825
OG0006221,Hordeum_vulgare,1,0,0.522556
OG0006221,Triticum_aestivum,0,0,0.5
OG0006221,Oryza_sativa,1,-1,0.268992
OG0006221,Brachypodium_distachyon,2,0,0.62392
OG0006223,Avena_sativa,1,0,0.555086
OG0006223,Arabidopsis_thaliana,1,0,0.756301
OG0006223,Triticum_turgidum,1,0,0.507693
OG0006223,Zea_mays,6,5,1.24E-07
OG0006223,Sorghum_bicolor,1,0,0.54662
OG0006223,Hordeum_vulgare,2,1,0.011402
OG0006223,Triticum_aestivum,1,0,0.507693
OG0006223,Oryza_sativa,0,-1,0.154715
OG0006223,Brachypodium_distachyon,1,0,0.56891
OG0006238,Avena_sativa,1,0,0.555086
OG0006238,Arabidopsis_thaliana,1,0,0.756301
OG0006238,Triticum_turgidum,1,0,0.507693
OG0006238,Zea_mays,6,5,1.24E-07
OG0006238,Sorghum_bicolor,1,0,0.54662
OG0006238,Hordeum_vulgare,1,0,0.522556
OG0006238,Triticum_aestivum,1,0,0.507693
OG0006238,Oryza_sativa,1,0,0.605212
OG0006238,Brachypodium_distachyon,1,0,0.56891
OG0006241,Avena_sativa,2,0,0.601244
OG0006241,Arabidopsis_thaliana,2,1,0.137178
OG0006241,Triticum_turgidum,0,-1,0.0115245
OG0006241,Zea_mays,1,0,0.54662
OG0006241,Sorghum_bicolor,1,0,0.54662
OG0006241,Hordeum_vulgare,1,0,0.522556
OG0006241,Triticum_aestivum,1,0,0.507693
OG0006241,Oryza_sativa,1,0,0.605212
OG0006241,Brachypodium_distachyon,4,2,0.0120187
OG0006247,Avena_sativa,1,0,0.555086
OG0006247,Arabidopsis_thaliana,1,0,0.756301
OG0006247,Triticum_turgidum,3,1,0.00772228
OG0006247,Zea_mays,1,0,0.54662
OG0006247,Sorghum_bicolor,1,0,0.54662
OG0006247,Hordeum_vulgare,0,-1,0.0337031
OG0006247,Triticum_aestivum,2,0,0.515209
OG0006247,Oryza_sativa,1,0,0.605212
OG0006247,Brachypodium_distachyon,0,-1,0.102088
OG0006257,Avena_sativa,0,-2,0.00222918
OG0006257,Arabidopsis_thaliana,2,0,0.83681
OG0006257,Triticum_turgidum,2,0,0.515209
OG0006257,Zea_mays,3,1,0.0476668
OG0006257,Sorghum_bicolor,1,-1,0.130342
OG0006257,Hordeum_vulgare,2,0,0.543596
OG0006257,Triticum_aestivum,1,-1,0.0228136
OG0006257,Oryza_sativa,2,0,0.678483
OG0006257,Brachypodium_distachyon,2,0,0.62392
OG0006265,Avena_sativa,0,-1,0.0818261
OG0006265,Arabidopsis_thaliana,2,1,0.137178
OG0006265,Triticum_turgidum,2,0,0.515209
OG0006265,Zea_mays,2,0,0.586825
OG0006265,Sorghum_bicolor,2,0,0.586825
OG0006265,Hordeum_vulgare,2,0,0.543596
OG0006265,Triticum_aestivum,1,-1,0.0228136
OG0006265,Oryza_sativa,1,0,0.605212
OG0006265,Brachypodium_distachyon,1,0,0.56891
OG0006266,Avena_sativa,1,0,0.555086
OG0006266,Arabidopsis_thaliana,1,0,0.756301
OG0006266,Triticum_turgidum,2,1,0.00386114
OG0006266,Zea_mays,1,0,0.54662
OG0006266,Sorghum_bicolor,4,3,5.43E-05
OG0006266,Hordeum_vulgare,1,0,0.522556
OG0006266,Triticum_aestivum,1,0,0.507693
OG0006266,Oryza_sativa,0,-1,0.154715
OG0006266,Brachypodium_distachyon,1,0,0.56891
OG0006267,Avena_sativa,1,0,0.555086
OG0006267,Arabidopsis_thaliana,6,4,0.0111044
OG0006267,Triticum_turgidum,0,0,0.5
OG0006267,Zea_mays,1,-1,0.130342
OG0006267,Sorghum_bicolor,4,2,0.00548055
OG0006267,Hordeum_vulgare,0,0,0.5
OG0006267,Triticum_aestivum,0,0,0.5
OG0006267,Oryza_sativa,1,-1,0.268992
OG0006267,Brachypodium_distachyon,3,1,0.0711731
OG0006275,Avena_sativa,1,0,0.555086
OG0006275,Arabidopsis_thaliana,2,0,0.83681
OG0006275,Triticum_turgidum,0,-1,0.0115245
OG0006275,Zea_mays,2,0,0.586825
OG0006275,Sorghum_bicolor,3,1,0.0476668
OG0006275,Hordeum_vulgare,1,0,0.522556
OG0006275,Triticum_aestivum,1,0,0.507693
OG0006275,Oryza_sativa,1,-1,0.268992
OG0006275,Brachypodium_distachyon,4,2,0.0120187
OG0006279,Avena_sativa,1,0,0.555086
OG0006279,Arabidopsis_thaliana,1,0,0.756301
OG0006279,Triticum_turgidum,1,0,0.507693
OG0006279,Zea_mays,6,5,1.24E-07
OG0006279,Sorghum_bicolor,1,0,0.54662
OG0006279,Hordeum_vulgare,1,0,0.522556
OG0006279,Triticum_aestivum,1,0,0.507693
OG0006279,Oryza_sativa,1,0,0.605212
OG0006279,Brachypodium_distachyon,1,0,0.56891
OG0006283,Avena_sativa,2,0,0.601244
OG0006283,Arabidopsis_thaliana,1,0,0.756301
OG0006283,Triticum_turgidum,1,0,0.507693
OG0006283,Zea_mays,2,1,0.0238258
OG0006283,Sorghum_bicolor,1,0,0.54662
OG0006283,Hordeum_vulgare,0,-1,0.0337031
OG0006283,Triticum_aestivum,1,0,0.507693
OG0006283,Oryza_sativa,0,-1,0.154715
OG0006283,Brachypodium_distachyon,4,2,0.0120187
OG0006284,Avena_sativa,6,5,2.92E-07
OG0006284,Arabidopsis_thaliana,1,0,0.756301
OG0006284,Triticum_turgidum,0,0,0.5
OG0006284,Zea_mays,0,0,0.5
OG0006284,Sorghum_bicolor,0,0,0.5
OG0006284,Hordeum_vulgare,0,0,0.5
OG0006284,Triticum_aestivum,0,0,0.5
OG0006284,Oryza_sativa,0,-1,0.154715
OG0006284,Brachypodium_distachyon,0,-1,0.102088
OG0006294,Avena_sativa,1,0,0.555086
OG0006294,Arabidopsis_thaliana,1,0,0.756301
OG0006294,Triticum_turgidum,1,0,0.507693
OG0006294,Zea_mays,5,4,2.60E-06
OG0006294,Sorghum_bicolor,1,0,0.54662
OG0006294,Hordeum_vulgare,1,0,0.522556
OG0006294,Triticum_aestivum,1,0,0.507693
OG0006294,Oryza_sativa,2,1,0.055018
OG0006294,Brachypodium_distachyon,1,0,0.56891
OG0006298,Avena_sativa,1,0,0.555086
OG0006298,Arabidopsis_thaliana,2,1,0.137178
OG0006298,Triticum_turgidum,0,-1,0.0115245
OG0006298,Zea_mays,3,2,0.00113794
OG0006298,Sorghum_bicolor,1,0,0.54662
OG0006298,Hordeum_vulgare,4,3,5.94E-06
OG0006298,Triticum_aestivum,1,0,0.507693
OG0006298,Oryza_sativa,1,0,0.605212
OG0006298,Brachypodium_distachyon,1,0,0.56891
OG0006300,Avena_sativa,1,0,0.555086
OG0006300,Arabidopsis_thaliana,1,0,0.756301
OG0006300,Triticum_turgidum,1,0,0.507693
OG0006300,Zea_mays,5,4,2.60E-06
OG0006300,Sorghum_bicolor,1,0,0.54662
OG0006300,Hordeum_vulgare,1,0,0.522556
OG0006300,Triticum_aestivum,1,0,0.507693
OG0006300,Oryza_sativa,2,1,0.055018
OG0006300,Brachypodium_distachyon,1,0,0.56891
OG0006302,Avena_sativa,0,-1,0.0818261
OG0006302,Arabidopsis_thaliana,1,0,0.756301
OG0006302,Triticum_turgidum,2,0,0.515209
OG0006302,Zea_mays,1,0,0.54662
OG0006302,Sorghum_bicolor,1,0,0.54662
OG0006302,Hordeum_vulgare,1,0,0.522556
OG0006302,Triticum_aestivum,3,1,0.00772228
OG0006302,Oryza_sativa,0,-1,0.154715
OG0006302,Brachypodium_distachyon,2,1,0.0355493
OG0006312,Avena_sativa,1,0,0.555086
OG0006312,Arabidopsis_thaliana,1,0,0.756301
OG0006312,Triticum_turgidum,1,0,0.507693
OG0006312,Zea_mays,5,4,2.60E-06
OG0006312,Sorghum_bicolor,1,0,0.54662
OG0006312,Hordeum_vulgare,1,0,0.522556
OG0006312,Triticum_aestivum,1,0,0.507693
OG0006312,Oryza_sativa,2,1,0.055018
OG0006312,Brachypodium_distachyon,1,0,0.56891
OG0006313,Avena_sativa,2,0,0.601244
OG0006313,Arabidopsis_thaliana,1,0,0.756301
OG0006313,Triticum_turgidum,1,-1,0.0228136
OG0006313,Zea_mays,0,-1,0.0693598
OG0006313,Sorghum_bicolor,1,0,0.54662
OG0006313,Hordeum_vulgare,2,0,0.543596
OG0006313,Triticum_aestivum,2,0,0.515209
OG0006313,Oryza_sativa,0,-1,0.154715
OG0006313,Brachypodium_distachyon,1,0,0.56891
OG0006320,Avena_sativa,1,-1,0.15204
OG0006320,Arabidopsis_thaliana,1,0,0.756301
OG0006320,Triticum_turgidum,0,-2,3.16E-05
OG0006320,Zea_mays,2,0,0.586825
OG0006320,Sorghum_bicolor,1,-1,0.130342
OG0006320,Hordeum_vulgare,2,0,0.543596
OG0006320,Triticum_aestivum,2,0,0.515209
OG0006320,Oryza_sativa,1,-1,0.268992
OG0006320,Brachypodium_distachyon,2,0,0.62392
OG0006323,Avena_sativa,1,0,0.555086
OG0006323,Arabidopsis_thaliana,2,0,0.83681
OG0006323,Triticum_turgidum,0,-1,0.0115245
OG0006323,Zea_mays,4,2,0.00548055
OG0006323,Sorghum_bicolor,2,0,0.586825
OG0006323,Hordeum_vulgare,1,0,0.522556
OG0006323,Triticum_aestivum,1,0,0.507693
OG0006323,Oryza_sativa,1,-1,0.268992
OG0006323,Brachypodium_distachyon,3,1,0.0711731
OG0006331,Avena_sativa,1,0,0.555086
OG0006331,Arabidopsis_thaliana,2,1,0.137178
OG0006331,Triticum_turgidum,0,-1,0.0115245
OG0006331,Zea_mays,3,1,0.0476668
OG0006331,Sorghum_bicolor,2,0,0.586825
OG0006331,Hordeum_vulgare,1,0,0.522556
OG0006331,Triticum_aestivum,2,1,0.00386114
OG0006331,Oryza_sativa,1,0,0.605212
OG0006331,Brachypodium_distachyon,1,0,0.56891
OG0006333,Avena_sativa,0,-2,0.00222918
OG0006333,Arabidopsis_thaliana,2,0,0.83681
OG0006333,Triticum_turgidum,0,-2,3.16E-05
OG0006333,Zea_mays,2,0,0.586825
OG0006333,Sorghum_bicolor,2,0,0.586825
OG0006333,Hordeum_vulgare,2,0,0.543596
OG0006333,Triticum_aestivum,2,0,0.515209
OG0006333,Oryza_sativa,3,1,0.110464
OG0006333,Brachypodium_distachyon,3,1,0.0711731
OG0006349,Avena_sativa,1,0,0.555086
OG0006349,Arabidopsis_thaliana,2,0,0.83681
OG0006349,Triticum_turgidum,2,1,0.00386114
OG0006349,Zea_mays,2,0,0.586825
OG0006349,Sorghum_bicolor,1,-1,0.130342
OG0006349,Hordeum_vulgare,0,-1,0.0337031
OG0006349,Triticum_aestivum,1,0,0.507693
OG0006349,Oryza_sativa,2,0,0.678483
OG0006349,Brachypodium_distachyon,1,0,0.56891
OG0006363,Avena_sativa,1,0,0.555086
OG0006363,Arabidopsis_thaliana,1,0,0.756301
OG0006363,Triticum_turgidum,0,-1,0.0115245
OG0006363,Zea_mays,6,5,1.24E-07
OG0006363,Sorghum_bicolor,1,0,0.54662
OG0006363,Hordeum_vulgare,1,0,0.522556
OG0006363,Triticum_aestivum,1,0,0.507693
OG0006363,Oryza_sativa,2,1,0.055018
OG0006363,Brachypodium_distachyon,1,0,0.56891
OG0006365,Avena_sativa,1,0,0.555086
OG0006365,Arabidopsis_thaliana,1,0,0.756301
OG0006365,Triticum_turgidum,1,0,0.507693
OG0006365,Zea_mays,6,5,1.24E-07
OG0006365,Sorghum_bicolor,1,0,0.54662
OG0006365,Hordeum_vulgare,1,0,0.522556
OG0006365,Triticum_aestivum,1,0,0.507693
OG0006365,Oryza_sativa,1,0,0.605212
OG0006365,Brachypodium_distachyon,1,0,0.56891
OG0006371,Avena_sativa,2,1,0.0282556
OG0006371,Arabidopsis_thaliana,2,1,0.137178
OG0006371,Triticum_turgidum,0,-1,0.0115245
OG0006371,Zea_mays,1,0,0.54662
OG0006371,Sorghum_bicolor,1,0,0.54662
OG0006371,Hordeum_vulgare,1,0,0.522556
OG0006371,Triticum_aestivum,2,1,0.00386114
OG0006371,Oryza_sativa,1,0,0.605212
OG0006371,Brachypodium_distachyon,1,0,0.56891
OG0006373,Avena_sativa,1,0,0.555086
OG0006373,Arabidopsis_thaliana,1,0,0.756301
OG0006373,Triticum_turgidum,1,0,0.507693
OG0006373,Zea_mays,6,5,1.24E-07
OG0006373,Sorghum_bicolor,1,0,0.54662
OG0006373,Hordeum_vulgare,1,0,0.522556
OG0006373,Triticum_aestivum,1,0,0.507693
OG0006373,Oryza_sativa,1,0,0.605212
OG0006373,Brachypodium_distachyon,1,0,0.56891
OG0006374,Avena_sativa,1,0,0.555086
OG0006374,Arabidopsis_thaliana,1,0,0.756301
OG0006374,Triticum_turgidum,1,0,0.507693
OG0006374,Zea_mays,7,6,5.92E-09
OG0006374,Sorghum_bicolor,1,0,0.54662
OG0006374,Hordeum_vulgare,1,0,0.522556
OG0006374,Triticum_aestivum,1,0,0.507693
OG0006374,Oryza_sativa,0,-1,0.154715
OG0006374,Brachypodium_distachyon,1,0,0.56891
OG0006377,Avena_sativa,0,-2,0.00222918
OG0006377,Arabidopsis_thaliana,2,0,0.83681
OG0006377,Triticum_turgidum,1,-1,0.0228136
OG0006377,Zea_mays,2,0,0.586825
OG0006377,Sorghum_bicolor,2,0,0.586825
OG0006377,Hordeum_vulgare,2,0,0.543596
OG0006377,Triticum_aestivum,2,0,0.515209
OG0006377,Oryza_sativa,2,0,0.678483
OG0006377,Brachypodium_distachyon,1,-1,0.186225
OG0006379,Avena_sativa,1,0,0.555086
OG0006379,Arabidopsis_thaliana,1,0,0.756301
OG0006379,Triticum_turgidum,1,0,0.507693
OG0006379,Zea_mays,6,5,1.24E-07
OG0006379,Sorghum_bicolor,1,0,0.54662
OG0006379,Hordeum_vulgare,1,0,0.522556
OG0006379,Triticum_aestivum,1,0,0.507693
OG0006379,Oryza_sativa,1,0,0.605212
OG0006379,Brachypodium_distachyon,1,0,0.56891
OG0006388,Avena_sativa,1,0,0.555086
OG0006388,Arabidopsis_thaliana,1,0,0.756301
OG0006388,Triticum_turgidum,2,1,0.00386114
OG0006388,Zea_mays,2,0,0.586825
OG0006388,Sorghum_bicolor,4,2,0.00548055
OG0006388,Hordeum_vulgare,1,0,0.522556
OG0006388,Triticum_aestivum,1,0,0.507693
OG0006388,Oryza_sativa,0,-1,0.154715
OG0006388,Brachypodium_distachyon,1,0,0.56891
OG0006390,Avena_sativa,1,0,0.555086
OG0006390,Arabidopsis_thaliana,1,0,0.756301
OG0006390,Triticum_turgidum,1,0,0.507693
OG0006390,Zea_mays,1,0,0.54662
OG0006390,Sorghum_bicolor,1,0,0.54662
OG0006390,Hordeum_vulgare,6,5,3.09E-09
OG0006390,Triticum_aestivum,1,0,0.507693
OG0006390,Oryza_sativa,1,0,0.605212
OG0006390,Brachypodium_distachyon,1,0,0.56891
OG0006401,Avena_sativa,2,1,0.0282556
OG0006401,Arabidopsis_thaliana,1,0,0.756301
OG0006401,Triticum_turgidum,0,-1,0.0115245
OG0006401,Zea_mays,2,1,0.0238258
OG0006401,Sorghum_bicolor,1,0,0.54662
OG0006401,Hordeum_vulgare,1,0,0.522556
OG0006401,Triticum_aestivum,1,0,0.507693
OG0006401,Oryza_sativa,3,2,0.00613007
OG0006401,Brachypodium_distachyon,1,0,0.56891
OG0006403,Avena_sativa,1,0,0.555086
OG0006403,Arabidopsis_thaliana,1,0,0.756301
OG0006403,Triticum_turgidum,0,-2,3.16E-05
OG0006403,Zea_mays,2,0,0.586825
OG0006403,Sorghum_bicolor,2,0,0.586825
OG0006403,Hordeum_vulgare,2,0,0.543596
OG0006403,Triticum_aestivum,2,0,0.515209
OG0006403,Oryza_sativa,1,0,0.605212
OG0006403,Brachypodium_distachyon,1,0,0.56891
OG0006406,Avena_sativa,1,0,0.555086
OG0006406,Arabidopsis_thaliana,1,0,0.756301
OG0006406,Triticum_turgidum,1,0,0.507693
OG0006406,Zea_mays,6,5,1.24E-07
OG0006406,Sorghum_bicolor,1,0,0.54662
OG0006406,Hordeum_vulgare,1,0,0.522556
OG0006406,Triticum_aestivum,1,0,0.507693
OG0006406,Oryza_sativa,1,0,0.605212
OG0006406,Brachypodium_distachyon,1,0,0.56891
OG0006411,Avena_sativa,1,0,0.555086
OG0006411,Arabidopsis_thaliana,2,1,0.137178
OG0006411,Triticum_turgidum,1,0,0.507693
OG0006411,Zea_mays,2,1,0.0238258
OG0006411,Sorghum_bicolor,1,0,0.54662
OG0006411,Hordeum_vulgare,4,3,5.94E-06
OG0006411,Triticum_aestivum,1,0,0.507693
OG0006411,Oryza_sativa,0,-1,0.154715
OG0006411,Brachypodium_distachyon,2,1,0.0355493
OG0006413,Avena_sativa,1,0,0.555086
OG0006413,Arabidopsis_thaliana,1,0,0.756301
OG0006413,Triticum_turgidum,1,0,0.507693
OG0006413,Zea_mays,6,4,1.20E-05
OG0006413,Sorghum_bicolor,2,0,0.586825
OG0006413,Hordeum_vulgare,1,0,0.522556
OG0006413,Triticum_aestivum,1,0,0.507693
OG0006413,Oryza_sativa,0,-1,0.154715
OG0006413,Brachypodium_distachyon,1,0,0.56891
OG0006414,Avena_sativa,1,0,0.555086
OG0006414,Arabidopsis_thaliana,1,0,0.756301
OG0006414,Triticum_turgidum,4,3,2.30E-07
OG0006414,Zea_mays,1,0,0.54662
OG0006414,Sorghum_bicolor,1,0,0.54662
OG0006414,Hordeum_vulgare,1,0,0.522556
OG0006414,Triticum_aestivum,1,0,0.507693
OG0006414,Oryza_sativa,1,0,0.605212
OG0006414,Brachypodium_distachyon,1,0,0.56891
OG0006419,Avena_sativa,1,0,0.555086
OG0006419,Arabidopsis_thaliana,1,0,0.756301
OG0006419,Triticum_turgidum,1,0,0.507693
OG0006419,Zea_mays,6,5,1.24E-07
OG0006419,Sorghum_bicolor,1,0,0.54662
OG0006419,Hordeum_vulgare,1,0,0.522556
OG0006419,Triticum_aestivum,1,0,0.507693
OG0006419,Oryza_sativa,1,0,0.605212
OG0006419,Brachypodium_distachyon,1,0,0.56891
OG0006422,Avena_sativa,0,-2,0.00222918
OG0006422,Arabidopsis_thaliana,1,0,0.756301
OG0006422,Triticum_turgidum,2,0,0.515209
OG0006422,Zea_mays,3,1,0.0476668
OG0006422,Sorghum_bicolor,2,0,0.586825
OG0006422,Hordeum_vulgare,2,0,0.543596
OG0006422,Triticum_aestivum,1,-1,0.0228136
OG0006422,Oryza_sativa,1,-1,0.268992
OG0006422,Brachypodium_distachyon,2,0,0.62392
OG0006434,Avena_sativa,1,0,0.555086
OG0006434,Arabidopsis_thaliana,1,0,0.756301
OG0006434,Triticum_turgidum,1,0,0.507693
OG0006434,Zea_mays,8,7,2.83E-10
OG0006434,Sorghum_bicolor,1,0,0.54662
OG0006434,Hordeum_vulgare,1,0,0.522556
OG0006434,Triticum_aestivum,1,0,0.507693
OG0006434,Oryza_sativa,1,0,0.605212
OG0006434,Brachypodium_distachyon,1,0,0.56891
OG0006436,Avena_sativa,1,0,0.555086
OG0006436,Arabidopsis_thaliana,1,0,0.756301
OG0006436,Triticum_turgidum,1,0,0.507693
OG0006436,Zea_mays,1,0,0.54662
OG0006436,Sorghum_bicolor,5,4,2.60E-06
OG0006436,Hordeum_vulgare,1,0,0.522556
OG0006436,Triticum_aestivum,1,0,0.507693
OG0006436,Oryza_sativa,1,0,0.605212
OG0006436,Brachypodium_distachyon,2,1,0.0355493
OG0006438,Avena_sativa,1,0,0.555086
OG0006438,Arabidopsis_thaliana,1,0,0.756301
OG0006438,Triticum_turgidum,1,0,0.507693
OG0006438,Zea_mays,6,5,1.24E-07
OG0006438,Sorghum_bicolor,1,0,0.54662
OG0006438,Hordeum_vulgare,1,0,0.522556
OG0006438,Triticum_aestivum,1,0,0.507693
OG0006438,Oryza_sativa,1,0,0.605212
OG0006438,Brachypodium_distachyon,1,0,0.56891
OG0006447,Avena_sativa,1,0,0.555086
OG0006447,Arabidopsis_thaliana,1,0,0.756301
OG0006447,Triticum_turgidum,0,-1,0.0115245
OG0006447,Zea_mays,4,2,0.00548055
OG0006447,Sorghum_bicolor,2,0,0.586825
OG0006447,Hordeum_vulgare,1,0,0.522556
OG0006447,Triticum_aestivum,1,0,0.507693
OG0006447,Oryza_sativa,2,0,0.678483
OG0006447,Brachypodium_distachyon,1,0,0.56891
OG0006451,Avena_sativa,1,0,0.555086
OG0006451,Arabidopsis_thaliana,1,0,0.756301
OG0006451,Triticum_turgidum,0,-1,0.0115245
OG0006451,Zea_mays,2,1,0.0238258
OG0006451,Sorghum_bicolor,1,0,0.54662
OG0006451,Hordeum_vulgare,0,-1,0.0337031
OG0006451,Triticum_aestivum,1,0,0.507693
OG0006451,Oryza_sativa,1,0,0.605212
OG0006451,Brachypodium_distachyon,7,6,6.63E-08
OG0006452,Avena_sativa,2,1,0.0282556
OG0006452,Arabidopsis_thaliana,1,0,0.756301
OG0006452,Triticum_turgidum,1,0,0.507693
OG0006452,Zea_mays,5,4,2.60E-06
OG0006452,Sorghum_bicolor,0,-1,0.0693598
OG0006452,Hordeum_vulgare,0,-1,0.0337031
OG0006452,Triticum_aestivum,2,1,0.00386114
OG0006452,Oryza_sativa,0,-1,0.154715
OG0006452,Brachypodium_distachyon,0,-1,0.102088
OG0006559,Avena_sativa,1,0,0.555086
OG0006559,Arabidopsis_thaliana,1,0,0.756301
OG0006559,Triticum_turgidum,2,0,0.515209
OG0006559,Zea_mays,3,1,0.0476668
OG0006559,Sorghum_bicolor,2,0,0.586825
OG0006559,Hordeum_vulgare,0,-1,0.0337031
OG0006559,Triticum_aestivum,2,0,0.515209
OG0006559,Oryza_sativa,0,-1,0.154715
OG0006559,Brachypodium_distachyon,0,-1,0.102088
OG0006566,Avena_sativa,1,0,0.555086
OG0006566,Arabidopsis_thaliana,2,1,0.137178
OG0006566,Triticum_turgidum,2,0,0.515209
OG0006566,Zea_mays,2,1,0.0238258
OG0006566,Sorghum_bicolor,0,-1,0.0693598
OG0006566,Hordeum_vulgare,0,-1,0.0337031
OG0006566,Triticum_aestivum,2,0,0.515209
OG0006566,Oryza_sativa,0,-1,0.154715
OG0006566,Brachypodium_distachyon,0,-1,0.102088
OG0006568,Avena_sativa,1,0,0.555086
OG0006568,Arabidopsis_thaliana,2,1,0.137178
OG0006568,Triticum_turgidum,0,-1,0.0115245
OG0006568,Zea_mays,3,0,0.621591
OG0006568,Sorghum_bicolor,3,0,0.621591
OG0006568,Hordeum_vulgare,1,0,0.522556
OG0006568,Triticum_aestivum,1,0,0.507693
OG0006568,Oryza_sativa,0,-1,0.154715
OG0006568,Brachypodium_distachyon,2,1,0.0355493
OG0006570,Avena_sativa,0,-1,0.0818261
OG0006570,Arabidopsis_thaliana,3,1,0.294252
OG0006570,Triticum_turgidum,0,-1,0.0115245
OG0006570,Zea_mays,2,0,0.586825
OG0006570,Sorghum_bicolor,3,1,0.0476668
OG0006570,Hordeum_vulgare,1,0,0.522556
OG0006570,Triticum_aestivum,1,0,0.507693
OG0006570,Oryza_sativa,2,0,0.678483
OG0006570,Brachypodium_distachyon,3,1,0.0711731
OG0006572,Avena_sativa,1,0,0.555086
OG0006572,Arabidopsis_thaliana,10,8,0.000153275
OG0006572,Triticum_turgidum,0,-1,0.0115245
OG0006572,Zea_mays,1,0,0.54662
OG0006572,Sorghum_bicolor,1,0,0.54662
OG0006572,Hordeum_vulgare,1,0,0.522556
OG0006572,Triticum_aestivum,1,0,0.507693
OG0006572,Oryza_sativa,0,-1,0.154715
OG0006572,Brachypodium_distachyon,0,-1,0.102088
OG0006574,Avena_sativa,0,-2,0.00222918
OG0006574,Arabidopsis_thaliana,4,2,0.0815
OG0006574,Triticum_turgidum,0,0,0.5
OG0006574,Zea_mays,4,1,0.0712625
OG0006574,Sorghum_bicolor,3,0,0.621591
OG0006574,Hordeum_vulgare,2,0,0.543596
OG0006574,Triticum_aestivum,0,0,0.5
OG0006574,Oryza_sativa,2,0,0.678483
OG0006574,Brachypodium_distachyon,2,0,0.62392
OG0006585,Avena_sativa,1,0,0.555086
OG0006585,Arabidopsis_thaliana,1,0,0.756301
OG0006585,Triticum_turgidum,0,-1,0.0115245
OG0006585,Zea_mays,1,-1,0.130342
OG0006585,Sorghum_bicolor,4,2,0.00548055
OG0006585,Hordeum_vulgare,1,0,0.522556
OG0006585,Triticum_aestivum,1,0,0.507693
OG0006585,Oryza_sativa,2,0,0.678483
OG0006585,Brachypodium_distachyon,2,0,0.62392
OG0006587,Avena_sativa,1,0,0.555086
OG0006587,Arabidopsis_thaliana,1,0,0.756301
OG0006587,Triticum_turgidum,1,0,0.507693
OG0006587,Zea_mays,1,0,0.54662
OG0006587,Sorghum_bicolor,1,0,0.54662
OG0006587,Hordeum_vulgare,5,4,1.35E-07
OG0006587,Triticum_aestivum,1,0,0.507693
OG0006587,Oryza_sativa,2,1,0.055018
OG0006587,Brachypodium_distachyon,1,0,0.56891
OG0006602,Avena_sativa,1,0,0.555086
OG0006602,Arabidopsis_thaliana,1,0,0.756301
OG0006602,Triticum_turgidum,0,-1,0.0115245
OG0006602,Zea_mays,1,0,0.54662
OG0006602,Sorghum_bicolor,1,0,0.54662
OG0006602,Hordeum_vulgare,2,1,0.011402
OG0006602,Triticum_aestivum,1,0,0.507693
OG0006602,Oryza_sativa,1,0,0.605212
OG0006602,Brachypodium_distachyon,4,3,0.000181551
OG0006618,Avena_sativa,1,0,0.555086
OG0006618,Arabidopsis_thaliana,2,0,0.83681
OG0006618,Triticum_turgidum,0,-1,0.0115245
OG0006618,Zea_mays,2,0,0.586825
OG0006618,Sorghum_bicolor,2,0,0.586825
OG0006618,Hordeum_vulgare,0,-1,0.0337031
OG0006618,Triticum_aestivum,1,0,0.507693
OG0006618,Oryza_sativa,1,-1,0.268992
OG0006618,Brachypodium_distachyon,4,2,0.0120187
OG0006622,Avena_sativa,0,-1,0.0818261
OG0006622,Arabidopsis_thaliana,4,2,0.0815
OG0006622,Triticum_turgidum,1,0,0.507693
OG0006622,Zea_mays,5,4,2.60E-06
OG0006622,Sorghum_bicolor,1,0,0.54662
OG0006622,Hordeum_vulgare,1,0,0.522556
OG0006622,Triticum_aestivum,1,0,0.507693
OG0006622,Oryza_sativa,1,0,0.605212
OG0006622,Brachypodium_distachyon,1,0,0.56891
OG0006637,Avena_sativa,1,0,0.555086
OG0006637,Arabidopsis_thaliana,2,0,0.83681
OG0006637,Triticum_turgidum,0,-1,0.0115245
OG0006637,Zea_mays,2,0,0.586825
OG0006637,Sorghum_bicolor,2,0,0.586825
OG0006637,Hordeum_vulgare,0,-1,0.0337031
OG0006637,Triticum_aestivum,1,0,0.507693
OG0006637,Oryza_sativa,4,2,0.0281791
OG0006637,Brachypodium_distachyon,1,0,0.56891
OG0006674,Avena_sativa,1,-1,0.15204
OG0006674,Arabidopsis_thaliana,2,0,0.83681
OG0006674,Triticum_turgidum,0,-1,0.0115245
OG0006674,Zea_mays,2,0,0.586825
OG0006674,Sorghum_bicolor,3,1,0.0476668
OG0006674,Hordeum_vulgare,2,0,0.543596
OG0006674,Triticum_aestivum,1,0,0.507693
OG0006674,Oryza_sativa,2,0,0.678483
OG0006674,Brachypodium_distachyon,2,0,0.62392
OG0006694,Avena_sativa,2,1,0.0282556
OG0006694,Arabidopsis_thaliana,1,0,0.756301
OG0006694,Triticum_turgidum,0,-1,0.0115245
OG0006694,Zea_mays,1,0,0.54662
OG0006694,Sorghum_bicolor,2,1,0.0238258
OG0006694,Hordeum_vulgare,1,0,0.522556
OG0006694,Triticum_aestivum,1,0,0.507693
OG0006694,Oryza_sativa,3,2,0.00613007
OG0006694,Brachypodium_distachyon,1,0,0.56891
OG0006695,Avena_sativa,0,-2,0.00222918
OG0006695,Arabidopsis_thaliana,1,0,0.756301
OG0006695,Triticum_turgidum,1,-1,0.0228136
OG0006695,Zea_mays,2,0,0.586825
OG0006695,Sorghum_bicolor,2,0,0.586825
OG0006695,Hordeum_vulgare,2,0,0.543596
OG0006695,Triticum_aestivum,2,0,0.515209
OG0006695,Oryza_sativa,1,-1,0.268992
OG0006695,Brachypodium_distachyon,2,0,0.62392
OG0006699,Avena_sativa,1,0,0.555086
OG0006699,Arabidopsis_thaliana,1,0,0.756301
OG0006699,Triticum_turgidum,0,-1,0.0115245
OG0006699,Zea_mays,6,5,1.24E-07
OG0006699,Sorghum_bicolor,1,0,0.54662
OG0006699,Hordeum_vulgare,1,0,0.522556
OG0006699,Triticum_aestivum,1,0,0.507693
OG0006699,Oryza_sativa,1,0,0.605212
OG0006699,Brachypodium_distachyon,1,0,0.56891
OG0006718,Avena_sativa,1,0,0.555086
OG0006718,Arabidopsis_thaliana,3,1,0.294252
OG0006718,Triticum_turgidum,0,-1,0.0115245
OG0006718,Zea_mays,2,0,0.586825
OG0006718,Sorghum_bicolor,1,-1,0.130342
OG0006718,Hordeum_vulgare,1,0,0.522556
OG0006718,Triticum_aestivum,1,0,0.507693
OG0006718,Oryza_sativa,4,2,0.0281791
OG0006718,Brachypodium_distachyon,1,0,0.56891
OG0006722,Avena_sativa,1,0,0.555086
OG0006722,Arabidopsis_thaliana,1,0,0.756301
OG0006722,Triticum_turgidum,1,0,0.507693
OG0006722,Zea_mays,1,0,0.54662
OG0006722,Sorghum_bicolor,1,0,0.54662
OG0006722,Hordeum_vulgare,6,5,3.09E-09
OG0006722,Triticum_aestivum,1,0,0.507693
OG0006722,Oryza_sativa,1,0,0.605212
OG0006722,Brachypodium_distachyon,1,0,0.56891
OG0006733,Avena_sativa,1,0,0.555086
OG0006733,Arabidopsis_thaliana,3,1,0.294252
OG0006733,Triticum_turgidum,0,-1,0.0115245
OG0006733,Zea_mays,1,0,0.54662
OG0006733,Sorghum_bicolor,1,0,0.54662
OG0006733,Hordeum_vulgare,0,-1,0.0337031
OG0006733,Triticum_aestivum,2,1,0.00386114
OG0006733,Oryza_sativa,2,0,0.678483
OG0006733,Brachypodium_distachyon,3,1,0.0711731
OG0006736,Avena_sativa,1,0,0.555086
OG0006736,Arabidopsis_thaliana,1,0,0.756301
OG0006736,Triticum_turgidum,0,-1,0.0115245
OG0006736,Zea_mays,7,6,5.92E-09
OG0006736,Sorghum_bicolor,1,0,0.54662
OG0006736,Hordeum_vulgare,1,0,0.522556
OG0006736,Triticum_aestivum,1,0,0.507693
OG0006736,Oryza_sativa,1,0,0.605212
OG0006736,Brachypodium_distachyon,1,0,0.56891
OG0006737,Avena_sativa,1,0,0.555086
OG0006737,Arabidopsis_thaliana,1,0,0.756301
OG0006737,Triticum_turgidum,1,0,0.507693
OG0006737,Zea_mays,1,0,0.54662
OG0006737,Sorghum_bicolor,1,0,0.54662
OG0006737,Hordeum_vulgare,5,4,1.35E-07
OG0006737,Triticum_aestivum,1,0,0.507693
OG0006737,Oryza_sativa,1,0,0.605212
OG0006737,Brachypodium_distachyon,1,0,0.56891
OG0006746,Avena_sativa,2,0,0.601244
OG0006746,Arabidopsis_thaliana,2,0,0.83681
OG0006746,Triticum_turgidum,1,0,0.507693
OG0006746,Zea_mays,0,-2,0.001522
OG0006746,Sorghum_bicolor,2,0,0.586825
OG0006746,Hordeum_vulgare,2,0,0.543596
OG0006746,Triticum_aestivum,1,0,0.507693
OG0006746,Oryza_sativa,0,-2,0.0102411
OG0006746,Brachypodium_distachyon,2,0,0.62392
OG0006748,Avena_sativa,2,1,0.0282556
OG0006748,Arabidopsis_thaliana,2,1,0.137178
OG0006748,Triticum_turgidum,1,0,0.507693
OG0006748,Zea_mays,0,-1,0.0693598
OG0006748,Sorghum_bicolor,1,0,0.54662
OG0006748,Hordeum_vulgare,4,3,5.94E-06
OG0006748,Triticum_aestivum,1,0,0.507693
OG0006748,Oryza_sativa,1,0,0.605212
OG0006748,Brachypodium_distachyon,0,-1,0.102088
OG0006750,Avena_sativa,1,0,0.555086
OG0006750,Arabidopsis_thaliana,1,0,0.756301
OG0006750,Triticum_turgidum,2,1,0.00386114
OG0006750,Zea_mays,5,4,2.60E-06
OG0006750,Sorghum_bicolor,1,0,0.54662
OG0006750,Hordeum_vulgare,1,0,0.522556
OG0006750,Triticum_aestivum,1,0,0.507693
OG0006750,Oryza_sativa,1,0,0.605212
OG0006750,Brachypodium_distachyon,1,0,0.56891
OG0006759,Avena_sativa,1,0,0.555086
OG0006759,Arabidopsis_thaliana,2,1,0.137178
OG0006759,Triticum_turgidum,1,0,0.507693
OG0006759,Zea_mays,5,4,2.60E-06
OG0006759,Sorghum_bicolor,1,0,0.54662
OG0006759,Hordeum_vulgare,1,0,0.522556
OG0006759,Triticum_aestivum,1,0,0.507693
OG0006759,Oryza_sativa,0,-1,0.154715
OG0006759,Brachypodium_distachyon,1,0,0.56891
OG0006761,Avena_sativa,1,0,0.555086
OG0006761,Arabidopsis_thaliana,3,1,0.294252
OG0006761,Triticum_turgidum,2,1,0.00386114
OG0006761,Zea_mays,2,0,0.586825
OG0006761,Sorghum_bicolor,1,-1,0.130342
OG0006761,Hordeum_vulgare,1,0,0.522556
OG0006761,Triticum_aestivum,0,-1,0.0115245
OG0006761,Oryza_sativa,2,0,0.678483
OG0006761,Brachypodium_distachyon,1,0,0.56891
OG0006766,Avena_sativa,1,0,0.555086
OG0006766,Arabidopsis_thaliana,1,0,0.756301
OG0006766,Triticum_turgidum,1,0,0.507693
OG0006766,Zea_mays,6,5,1.24E-07
OG0006766,Sorghum_bicolor,1,0,0.54662
OG0006766,Hordeum_vulgare,1,0,0.522556
OG0006766,Triticum_aestivum,1,0,0.507693
OG0006766,Oryza_sativa,0,-1,0.154715
OG0006766,Brachypodium_distachyon,1,0,0.56891
OG0006781,Avena_sativa,2,0,0.601244
OG0006781,Arabidopsis_thaliana,1,0,0.756301
OG0006781,Triticum_turgidum,0,-1,0.0115245
OG0006781,Zea_mays,2,0,0.586825
OG0006781,Sorghum_bicolor,2,0,0.586825
OG0006781,Hordeum_vulgare,0,-1,0.0337031
OG0006781,Triticum_aestivum,1,0,0.507693
OG0006781,Oryza_sativa,1,-1,0.268992
OG0006781,Brachypodium_distachyon,2,0,0.62392
OG0006787,Avena_sativa,1,0,0.555086
OG0006787,Arabidopsis_thaliana,2,1,0.137178
OG0006787,Triticum_turgidum,1,0,0.507693
OG0006787,Zea_mays,1,0,0.54662
OG0006787,Sorghum_bicolor,4,3,5.43E-05
OG0006787,Hordeum_vulgare,0,-1,0.0337031
OG0006787,Triticum_aestivum,1,0,0.507693
OG0006787,Oryza_sativa,1,0,0.605212
OG0006787,Brachypodium_distachyon,1,0,0.56891
OG0006789,Avena_sativa,1,0,0.555086
OG0006789,Arabidopsis_thaliana,1,0,0.756301
OG0006789,Triticum_turgidum,1,0,0.507693
OG0006789,Zea_mays,4,3,5.43E-05
OG0006789,Sorghum_bicolor,1,0,0.54662
OG0006789,Hordeum_vulgare,1,0,0.522556
OG0006789,Triticum_aestivum,1,0,0.507693
OG0006789,Oryza_sativa,0,-1,0.154715
OG0006789,Brachypodium_distachyon,3,2,0.00254048
OG0006791,Avena_sativa,1,0,0.555086
OG0006791,Arabidopsis_thaliana,2,0,0.83681
OG0006791,Triticum_turgidum,0,-1,0.0115245
OG0006791,Zea_mays,1,-1,0.130342
OG0006791,Sorghum_bicolor,2,0,0.586825
OG0006791,Hordeum_vulgare,0,-1,0.0337031
OG0006791,Triticum_aestivum,2,1,0.00386114
OG0006791,Oryza_sativa,2,0,0.678483
OG0006791,Brachypodium_distachyon,2,0,0.62392
OG0006799,Avena_sativa,1,0,0.555086
OG0006799,Arabidopsis_thaliana,2,1,0.137178
OG0006799,Triticum_turgidum,0,-1,0.0115245
OG0006799,Zea_mays,1,0,0.54662
OG0006799,Sorghum_bicolor,2,1,0.0238258
OG0006799,Hordeum_vulgare,1,0,0.522556
OG0006799,Triticum_aestivum,2,1,0.00386114
OG0006799,Oryza_sativa,1,0,0.605212
OG0006799,Brachypodium_distachyon,1,0,0.56891
OG0006800,Avena_sativa,1,0,0.555086
OG0006800,Arabidopsis_thaliana,2,1,0.137178
OG0006800,Triticum_turgidum,0,-1,0.0115245
OG0006800,Zea_mays,3,1,0.0476668
OG0006800,Sorghum_bicolor,2,0,0.586825
OG0006800,Hordeum_vulgare,1,0,0.522556
OG0006800,Triticum_aestivum,2,1,0.00386114
OG0006800,Oryza_sativa,1,0,0.605212
OG0006800,Brachypodium_distachyon,2,1,0.0355493
OG0006819,Avena_sativa,1,0,0.555086
OG0006819,Arabidopsis_thaliana,1,0,0.756301
OG0006819,Triticum_turgidum,2,1,0.00386114
OG0006819,Zea_mays,4,3,5.43E-05
OG0006819,Sorghum_bicolor,1,0,0.54662
OG0006819,Hordeum_vulgare,1,0,0.522556
OG0006819,Triticum_aestivum,1,0,0.507693
OG0006819,Oryza_sativa,1,0,0.605212
OG0006819,Brachypodium_distachyon,1,0,0.56891
OG0006823,Avena_sativa,1,0,0.555086
OG0006823,Arabidopsis_thaliana,1,0,0.756301
OG0006823,Triticum_turgidum,0,-1,0.0115245
OG0006823,Zea_mays,4,3,5.43E-05
OG0006823,Sorghum_bicolor,1,0,0.54662
OG0006823,Hordeum_vulgare,3,2,0.000260145
OG0006823,Triticum_aestivum,1,0,0.507693
OG0006823,Oryza_sativa,1,0,0.605212
OG0006823,Brachypodium_distachyon,1,0,0.56891
OG0006830,Avena_sativa,1,0,0.555086
OG0006830,Arabidopsis_thaliana,1,0,0.756301
OG0006830,Triticum_turgidum,2,0,0.515209
OG0006830,Zea_mays,0,0,0.5
OG0006830,Sorghum_bicolor,0,0,0.5
OG0006830,Hordeum_vulgare,7,5,1.78E-08
OG0006830,Triticum_aestivum,1,-1,0.0228136
OG0006830,Oryza_sativa,1,0,0.605212
OG0006830,Brachypodium_distachyon,1,0,0.56891
OG0006832,Avena_sativa,1,0,0.555086
OG0006832,Arabidopsis_thaliana,1,0,0.756301
OG0006832,Triticum_turgidum,1,0,0.507693
OG0006832,Zea_mays,1,0,0.54662
OG0006832,Sorghum_bicolor,1,0,0.54662
OG0006832,Hordeum_vulgare,4,3,5.94E-06
OG0006832,Triticum_aestivum,1,0,0.507693
OG0006832,Oryza_sativa,2,1,0.055018
OG0006832,Brachypodium_distachyon,1,0,0.56891
OG0006838,Avena_sativa,1,0,0.555086
OG0006838,Arabidopsis_thaliana,2,1,0.137178
OG0006838,Triticum_turgidum,0,0,0.5
OG0006838,Zea_mays,7,6,5.92E-09
OG0006838,Sorghum_bicolor,1,0,0.54662
OG0006838,Hordeum_vulgare,1,0,0.522556
OG0006838,Triticum_aestivum,0,0,0.5
OG0006838,Oryza_sativa,1,0,0.605212
OG0006838,Brachypodium_distachyon,1,0,0.56891
OG0006853,Avena_sativa,1,0,0.555086
OG0006853,Arabidopsis_thaliana,1,0,0.756301
OG0006853,Triticum_turgidum,1,0,0.507693
OG0006853,Zea_mays,6,5,1.24E-07
OG0006853,Sorghum_bicolor,1,0,0.54662
OG0006853,Hordeum_vulgare,1,0,0.522556
OG0006853,Triticum_aestivum,1,0,0.507693
OG0006853,Oryza_sativa,0,-1,0.154715
OG0006853,Brachypodium_distachyon,1,0,0.56891
OG0006854,Avena_sativa,0,-1,0.0818261
OG0006854,Arabidopsis_thaliana,1,0,0.756301
OG0006854,Triticum_turgidum,0,-1,0.0115245
OG0006854,Zea_mays,0,0,0.5
OG0006854,Sorghum_bicolor,0,0,0.5
OG0006854,Hordeum_vulgare,0,-1,0.0337031
OG0006854,Triticum_aestivum,6,5,1.37E-11
OG0006854,Oryza_sativa,0,-1,0.154715
OG0006854,Brachypodium_distachyon,0,-1,0.102088
OG0006865,Avena_sativa,0,-2,0.00222918
OG0006865,Arabidopsis_thaliana,1,0,0.756301
OG0006865,Triticum_turgidum,0,-2,3.16E-05
OG0006865,Zea_mays,3,1,0.0476668
OG0006865,Sorghum_bicolor,2,0,0.586825
OG0006865,Hordeum_vulgare,2,0,0.543596
OG0006865,Triticum_aestivum,2,0,0.515209
OG0006865,Oryza_sativa,2,0,0.678483
OG0006865,Brachypodium_distachyon,2,0,0.62392
OG0006871,Avena_sativa,0,-1,0.0818261
OG0006871,Arabidopsis_thaliana,1,0,0.756301
OG0006871,Triticum_turgidum,1,0,0.507693
OG0006871,Zea_mays,1,0,0.54662
OG0006871,Sorghum_bicolor,2,1,0.0238258
OG0006871,Hordeum_vulgare,8,7,1.61E-12
OG0006871,Triticum_aestivum,1,0,0.507693
OG0006871,Oryza_sativa,0,-1,0.154715
OG0006871,Brachypodium_distachyon,1,0,0.56891
OG0006876,Avena_sativa,0,-1,0.0818261
OG0006876,Arabidopsis_thaliana,1,0,0.756301
OG0006876,Triticum_turgidum,0,0,0.5
OG0006876,Zea_mays,0,0,0.5
OG0006876,Sorghum_bicolor,0,0,0.5
OG0006876,Hordeum_vulgare,17,16,2.69E-27
OG0006876,Triticum_aestivum,0,0,0.5
OG0006876,Oryza_sativa,0,-1,0.154715
OG0006876,Brachypodium_distachyon,0,-1,0.102088
OG0006880,Avena_sativa,1,0,0.555086
OG0006880,Arabidopsis_thaliana,3,2,0.0414086
OG0006880,Triticum_turgidum,0,-1,0.0115245
OG0006880,Zea_mays,5,3,0.00020209
OG0006880,Sorghum_bicolor,2,0,0.586825
OG0006880,Hordeum_vulgare,1,0,0.522556
OG0006880,Triticum_aestivum,1,0,0.507693
OG0006880,Oryza_sativa,1,0,0.605212
OG0006880,Brachypodium_distachyon,1,0,0.56891
OG0006889,Avena_sativa,2,0,0.601244
OG0006889,Arabidopsis_thaliana,1,0,0.756301
OG0006889,Triticum_turgidum,2,1,0.00386114
OG0006889,Zea_mays,1,0,0.54662
OG0006889,Sorghum_bicolor,1,0,0.54662
OG0006889,Hordeum_vulgare,0,-1,0.0337031
OG0006889,Triticum_aestivum,1,0,0.507693
OG0006889,Oryza_sativa,2,0,0.678483
OG0006889,Brachypodium_distachyon,2,0,0.62392
OG0006904,Avena_sativa,1,0,0.555086
OG0006904,Arabidopsis_thaliana,1,0,0.756301
OG0006904,Triticum_turgidum,1,0,0.507693
OG0006904,Zea_mays,0,0,0.5
OG0006904,Sorghum_bicolor,0,0,0.5
OG0006904,Hordeum_vulgare,5,4,1.35E-07
OG0006904,Triticum_aestivum,1,0,0.507693
OG0006904,Oryza_sativa,0,-1,0.154715
OG0006904,Brachypodium_distachyon,3,2,0.00254048
OG0006905,Avena_sativa,0,-1,0.0818261
OG0006905,Arabidopsis_thaliana,1,0,0.756301
OG0006905,Triticum_turgidum,0,-1,0.0115245
OG0006905,Zea_mays,0,-1,0.0693598
OG0006905,Sorghum_bicolor,1,0,0.54662
OG0006905,Hordeum_vulgare,0,-1,0.0337031
OG0006905,Triticum_aestivum,5,4,1.78E-09
OG0006905,Oryza_sativa,0,-1,0.154715
OG0006905,Brachypodium_distachyon,1,0,0.56891
OG0007011,Avena_sativa,1,0,0.555086
OG0007011,Arabidopsis_thaliana,2,1,0.137178
OG0007011,Triticum_turgidum,1,0,0.507693
OG0007011,Zea_mays,0,-1,0.0693598
OG0007011,Sorghum_bicolor,1,0,0.54662
OG0007011,Hordeum_vulgare,3,2,0.000260145
OG0007011,Triticum_aestivum,1,0,0.507693
OG0007011,Oryza_sativa,0,-1,0.154715
OG0007011,Brachypodium_distachyon,1,0,0.56891
OG0007013,Avena_sativa,1,0,0.555086
OG0007013,Arabidopsis_thaliana,1,0,0.756301
OG0007013,Triticum_turgidum,1,0,0.507693
OG0007013,Zea_mays,5,4,2.60E-06
OG0007013,Sorghum_bicolor,1,0,0.54662
OG0007013,Hordeum_vulgare,1,0,0.522556
OG0007013,Triticum_aestivum,1,0,0.507693
OG0007013,Oryza_sativa,0,-1,0.154715
OG0007013,Brachypodium_distachyon,1,0,0.56891
OG0007042,Avena_sativa,1,0,0.555086
OG0007042,Arabidopsis_thaliana,1,0,0.756301
OG0007042,Triticum_turgidum,1,0,0.507693
OG0007042,Zea_mays,3,1,0.0476668
OG0007042,Sorghum_bicolor,1,-1,0.130342
OG0007042,Hordeum_vulgare,0,-1,0.0337031
OG0007042,Triticum_aestivum,1,0,0.507693
OG0007042,Oryza_sativa,2,0,0.678483
OG0007042,Brachypodium_distachyon,2,0,0.62392
OG0007054,Avena_sativa,0,-1,0.0818261
OG0007054,Arabidopsis_thaliana,3,2,0.0414086
OG0007054,Triticum_turgidum,1,0,0.507693
OG0007054,Zea_mays,1,0,0.54662
OG0007054,Sorghum_bicolor,1,0,0.54662
OG0007054,Hordeum_vulgare,0,-1,0.0337031
OG0007054,Triticum_aestivum,3,2,2.98E-05
OG0007054,Oryza_sativa,1,0,0.605212
OG0007054,Brachypodium_distachyon,1,0,0.56891
OG0007060,Avena_sativa,1,0,0.555086
OG0007060,Arabidopsis_thaliana,2,0,0.83681
OG0007060,Triticum_turgidum,0,-1,0.0115245
OG0007060,Zea_mays,2,0,0.586825
OG0007060,Sorghum_bicolor,3,1,0.0476668
OG0007060,Hordeum_vulgare,0,-1,0.0337031
OG0007060,Triticum_aestivum,1,0,0.507693
OG0007060,Oryza_sativa,2,0,0.678483
OG0007060,Brachypodium_distachyon,1,0,0.56891
OG0007063,Avena_sativa,1,0,0.555086
OG0007063,Arabidopsis_thaliana,1,0,0.756301
OG0007063,Triticum_turgidum,0,0,0.5
OG0007063,Zea_mays,0,0,0.5
OG0007063,Sorghum_bicolor,0,0,0.5
OG0007063,Hordeum_vulgare,4,3,5.94E-06
OG0007063,Triticum_aestivum,0,0,0.5
OG0007063,Oryza_sativa,0,-1,0.154715
OG0007063,Brachypodium_distachyon,7,6,6.63E-08
OG0007066,Avena_sativa,1,0,0.555086
OG0007066,Arabidopsis_thaliana,1,0,0.756301
OG0007066,Triticum_turgidum,1,0,0.507693
OG0007066,Zea_mays,5,4,2.60E-06
OG0007066,Sorghum_bicolor,1,0,0.54662
OG0007066,Hordeum_vulgare,1,0,0.522556
OG0007066,Triticum_aestivum,0,-1,0.0115245
OG0007066,Oryza_sativa,2,1,0.055018
OG0007066,Brachypodium_distachyon,1,0,0.56891
OG0007080,Avena_sativa,1,0,0.555086
OG0007080,Arabidopsis_thaliana,1,0,0.756301
OG0007080,Triticum_turgidum,1,0,0.507693
OG0007080,Zea_mays,4,3,5.43E-05
OG0007080,Sorghum_bicolor,1,0,0.54662
OG0007080,Hordeum_vulgare,0,-1,0.0337031
OG0007080,Triticum_aestivum,1,0,0.507693
OG0007080,Oryza_sativa,1,0,0.605212
OG0007080,Brachypodium_distachyon,1,0,0.56891
OG0007085,Avena_sativa,1,0,0.555086
OG0007085,Arabidopsis_thaliana,1,0,0.756301
OG0007085,Triticum_turgidum,2,1,0.00386114
OG0007085,Zea_mays,2,1,0.0238258
OG0007085,Sorghum_bicolor,1,0,0.54662
OG0007085,Hordeum_vulgare,1,0,0.522556
OG0007085,Triticum_aestivum,1,0,0.507693
OG0007085,Oryza_sativa,0,-1,0.154715
OG0007085,Brachypodium_distachyon,3,2,0.00254048
OG0007088,Avena_sativa,1,0,0.555086
OG0007088,Arabidopsis_thaliana,1,0,0.756301
OG0007088,Triticum_turgidum,1,0,0.507693
OG0007088,Zea_mays,5,4,2.60E-06
OG0007088,Sorghum_bicolor,1,0,0.54662
OG0007088,Hordeum_vulgare,1,0,0.522556
OG0007088,Triticum_aestivum,1,0,0.507693
OG0007088,Oryza_sativa,0,-1,0.154715
OG0007088,Brachypodium_distachyon,1,0,0.56891
OG0007091,Avena_sativa,1,0,0.555086
OG0007091,Arabidopsis_thaliana,1,0,0.756301
OG0007091,Triticum_turgidum,1,0,0.507693
OG0007091,Zea_mays,5,4,2.60E-06
OG0007091,Sorghum_bicolor,1,0,0.54662
OG0007091,Hordeum_vulgare,1,0,0.522556
OG0007091,Triticum_aestivum,1,0,0.507693
OG0007091,Oryza_sativa,0,-1,0.154715
OG0007091,Brachypodium_distachyon,1,0,0.56891
OG0007096,Avena_sativa,1,-1,0.15204
OG0007096,Arabidopsis_thaliana,1,0,0.756301
OG0007096,Triticum_turgidum,0,-2,3.16E-05
OG0007096,Zea_mays,1,0,0.54662
OG0007096,Sorghum_bicolor,1,0,0.54662
OG0007096,Hordeum_vulgare,2,0,0.543596
OG0007096,Triticum_aestivum,2,0,0.515209
OG0007096,Oryza_sativa,1,0,0.605212
OG0007096,Brachypodium_distachyon,2,0,0.62392
OG0007104,Avena_sativa,1,0,0.555086
OG0007104,Arabidopsis_thaliana,1,0,0.756301
OG0007104,Triticum_turgidum,2,1,0.00386114
OG0007104,Zea_mays,2,1,0.0238258
OG0007104,Sorghum_bicolor,1,0,0.54662
OG0007104,Hordeum_vulgare,0,-1,0.0337031
OG0007104,Triticum_aestivum,1,0,0.507693
OG0007104,Oryza_sativa,2,1,0.055018
OG0007104,Brachypodium_distachyon,1,0,0.56891
OG0007118,Avena_sativa,0,-1,0.0818261
OG0007118,Arabidopsis_thaliana,1,0,0.756301
OG0007118,Triticum_turgidum,2,0,0.515209
OG0007118,Zea_mays,2,0,0.586825
OG0007118,Sorghum_bicolor,2,0,0.586825
OG0007118,Hordeum_vulgare,3,1,0.0228047
OG0007118,Triticum_aestivum,1,-1,0.0228136
OG0007118,Oryza_sativa,0,-1,0.154715
OG0007118,Brachypodium_distachyon,1,0,0.56891
OG0007129,Avena_sativa,1,0,0.555086
OG0007129,Arabidopsis_thaliana,2,0,0.83681
OG0007129,Triticum_turgidum,0,-1,0.0115245
OG0007129,Zea_mays,3,1,0.0476668
OG0007129,Sorghum_bicolor,1,-1,0.130342
OG0007129,Hordeum_vulgare,1,0,0.522556
OG0007129,Triticum_aestivum,1,0,0.507693
OG0007129,Oryza_sativa,3,1,0.110464
OG0007129,Brachypodium_distachyon,1,0,0.56891
OG0007133,Avena_sativa,1,0,0.555086
OG0007133,Arabidopsis_thaliana,5,3,0.030694
OG0007133,Triticum_turgidum,0,-1,0.0115245
OG0007133,Zea_mays,2,1,0.0238258
OG0007133,Sorghum_bicolor,1,0,0.54662
OG0007133,Hordeum_vulgare,0,-1,0.0337031
OG0007133,Triticum_aestivum,1,0,0.507693
OG0007133,Oryza_sativa,1,0,0.605212
OG0007133,Brachypodium_distachyon,1,0,0.56891
OG0007142,Avena_sativa,2,1,0.0282556
OG0007142,Arabidopsis_thaliana,2,1,0.137178
OG0007142,Triticum_turgidum,0,-1,0.0115245
OG0007142,Zea_mays,1,0,0.54662
OG0007142,Sorghum_bicolor,1,0,0.54662
OG0007142,Hordeum_vulgare,1,0,0.522556
OG0007142,Triticum_aestivum,2,1,0.00386114
OG0007142,Oryza_sativa,1,0,0.605212
OG0007142,Brachypodium_distachyon,1,0,0.56891
OG0007161,Avena_sativa,1,0,0.555086
OG0007161,Arabidopsis_thaliana,2,0,0.83681
OG0007161,Triticum_turgidum,0,-1,0.0115245
OG0007161,Zea_mays,3,1,0.0476668
OG0007161,Sorghum_bicolor,1,-1,0.130342
OG0007161,Hordeum_vulgare,1,0,0.522556
OG0007161,Triticum_aestivum,1,0,0.507693
OG0007161,Oryza_sativa,2,0,0.678483
OG0007161,Brachypodium_distachyon,2,0,0.62392
OG0007177,Avena_sativa,1,-1,0.15204
OG0007177,Arabidopsis_thaliana,2,0,0.83681
OG0007177,Triticum_turgidum,1,0,0.507693
OG0007177,Zea_mays,1,0,0.54662
OG0007177,Sorghum_bicolor,1,0,0.54662
OG0007177,Hordeum_vulgare,2,0,0.543596
OG0007177,Triticum_aestivum,0,-1,0.0115245
OG0007177,Oryza_sativa,2,0,0.678483
OG0007177,Brachypodium_distachyon,2,0,0.62392
OG0007201,Avena_sativa,1,0,0.555086
OG0007201,Arabidopsis_thaliana,2,1,0.137178
OG0007201,Triticum_turgidum,0,-1,0.0115245
OG0007201,Zea_mays,5,4,2.60E-06
OG0007201,Sorghum_bicolor,1,0,0.54662
OG0007201,Hordeum_vulgare,1,0,0.522556
OG0007201,Triticum_aestivum,1,0,0.507693
OG0007201,Oryza_sativa,1,0,0.605212
OG0007201,Brachypodium_distachyon,1,0,0.56891
OG0007211,Avena_sativa,0,-1,0.0818261
OG0007211,Arabidopsis_thaliana,3,2,0.0414086
OG0007211,Triticum_turgidum,2,0,0.515209
OG0007211,Zea_mays,2,0,0.586825
OG0007211,Sorghum_bicolor,2,0,0.586825
OG0007211,Hordeum_vulgare,2,0,0.543596
OG0007211,Triticum_aestivum,1,-1,0.0228136
OG0007211,Oryza_sativa,0,-1,0.154715
OG0007211,Brachypodium_distachyon,1,0,0.56891
OG0007214,Avena_sativa,2,1,0.0282556
OG0007214,Arabidopsis_thaliana,1,0,0.756301
OG0007214,Triticum_turgidum,0,-1,0.0115245
OG0007214,Zea_mays,1,0,0.54662
OG0007214,Sorghum_bicolor,1,0,0.54662
OG0007214,Hordeum_vulgare,1,0,0.522556
OG0007214,Triticum_aestivum,2,1,0.00386114
OG0007214,Oryza_sativa,1,0,0.605212
OG0007214,Brachypodium_distachyon,1,0,0.56891
OG0007226,Avena_sativa,1,0,0.555086
OG0007226,Arabidopsis_thaliana,1,0,0.756301
OG0007226,Triticum_turgidum,0,-1,0.0115245
OG0007226,Zea_mays,4,1,0.0712625
OG0007226,Sorghum_bicolor,3,0,0.621591
OG0007226,Hordeum_vulgare,0,-1,0.0337031
OG0007226,Triticum_aestivum,1,0,0.507693
OG0007226,Oryza_sativa,2,0,0.678483
OG0007226,Brachypodium_distachyon,3,1,0.0711731
OG0007239,Avena_sativa,2,1,0.0282556
OG0007239,Arabidopsis_thaliana,1,0,0.756301
OG0007239,Triticum_turgidum,0,-1,0.0115245
OG0007239,Zea_mays,0,-1,0.0693598
OG0007239,Sorghum_bicolor,2,1,0.0238258
OG0007239,Hordeum_vulgare,0,-1,0.0337031
OG0007239,Triticum_aestivum,2,1,0.00386114
OG0007239,Oryza_sativa,1,0,0.605212
OG0007239,Brachypodium_distachyon,2,1,0.0355493
OG0007241,Avena_sativa,1,0,0.555086
OG0007241,Arabidopsis_thaliana,2,1,0.137178
OG0007241,Triticum_turgidum,1,0,0.507693
OG0007241,Zea_mays,5,4,2.60E-06
OG0007241,Sorghum_bicolor,1,0,0.54662
OG0007241,Hordeum_vulgare,1,0,0.522556
OG0007241,Triticum_aestivum,1,0,0.507693
OG0007241,Oryza_sativa,0,-1,0.154715
OG0007241,Brachypodium_distachyon,1,0,0.56891
OG0007270,Avena_sativa,1,0,0.555086
OG0007270,Arabidopsis_thaliana,1,0,0.756301
OG0007270,Triticum_turgidum,1,0,0.507693
OG0007270,Zea_mays,5,4,2.60E-06
OG0007270,Sorghum_bicolor,1,0,0.54662
OG0007270,Hordeum_vulgare,1,0,0.522556
OG0007270,Triticum_aestivum,1,0,0.507693
OG0007270,Oryza_sativa,0,-1,0.154715
OG0007270,Brachypodium_distachyon,2,1,0.0355493
OG0007275,Avena_sativa,1,0,0.555086
OG0007275,Arabidopsis_thaliana,1,0,0.756301
OG0007275,Triticum_turgidum,0,0,0.5
OG0007275,Zea_mays,8,7,2.83E-10
OG0007275,Sorghum_bicolor,1,0,0.54662
OG0007275,Hordeum_vulgare,1,0,0.522556
OG0007275,Triticum_aestivum,0,0,0.5
OG0007275,Oryza_sativa,1,0,0.605212
OG0007275,Brachypodium_distachyon,1,0,0.56891
OG0007279,Avena_sativa,1,0,0.555086
OG0007279,Arabidopsis_thaliana,2,1,0.137178
OG0007279,Triticum_turgidum,0,-1,0.0115245
OG0007279,Zea_mays,3,2,0.00113794
OG0007279,Sorghum_bicolor,1,0,0.54662
OG0007279,Hordeum_vulgare,2,1,0.011402
OG0007279,Triticum_aestivum,1,0,0.507693
OG0007279,Oryza_sativa,1,0,0.605212
OG0007279,Brachypodium_distachyon,1,0,0.56891
OG0007297,Avena_sativa,2,1,0.0282556
OG0007297,Arabidopsis_thaliana,2,1,0.137178
OG0007297,Triticum_turgidum,0,-1,0.0115245
OG0007297,Zea_mays,1,0,0.54662
OG0007297,Sorghum_bicolor,1,0,0.54662
OG0007297,Hordeum_vulgare,1,0,0.522556
OG0007297,Triticum_aestivum,1,0,0.507693
OG0007297,Oryza_sativa,0,-1,0.154715
OG0007297,Brachypodium_distachyon,2,1,0.0355493
OG0007303,Avena_sativa,2,1,0.0282556
OG0007303,Arabidopsis_thaliana,1,0,0.756301
OG0007303,Triticum_turgidum,1,0,0.507693
OG0007303,Zea_mays,1,0,0.54662
OG0007303,Sorghum_bicolor,1,0,0.54662
OG0007303,Hordeum_vulgare,3,2,0.000260145
OG0007303,Triticum_aestivum,1,0,0.507693
OG0007303,Oryza_sativa,0,-1,0.154715
OG0007303,Brachypodium_distachyon,1,0,0.56891
OG0007306,Avena_sativa,1,0,0.555086
OG0007306,Arabidopsis_thaliana,1,0,0.756301
OG0007306,Triticum_turgidum,2,1,0.00386114
OG0007306,Zea_mays,4,2,0.00548055
OG0007306,Sorghum_bicolor,2,0,0.586825
OG0007306,Hordeum_vulgare,0,-1,0.0337031
OG0007306,Triticum_aestivum,0,-1,0.0115245
OG0007306,Oryza_sativa,2,0,0.678483
OG0007306,Brachypodium_distachyon,2,0,0.62392
OG0007307,Avena_sativa,1,0,0.555086
OG0007307,Arabidopsis_thaliana,1,0,0.756301
OG0007307,Triticum_turgidum,1,0,0.507693
OG0007307,Zea_mays,6,5,1.24E-07
OG0007307,Sorghum_bicolor,1,0,0.54662
OG0007307,Hordeum_vulgare,1,0,0.522556
OG0007307,Triticum_aestivum,0,-1,0.0115245
OG0007307,Oryza_sativa,1,0,0.605212
OG0007307,Brachypodium_distachyon,1,0,0.56891
OG0007312,Avena_sativa,1,0,0.555086
OG0007312,Arabidopsis_thaliana,1,0,0.756301
OG0007312,Triticum_turgidum,0,-1,0.0115245
OG0007312,Zea_mays,1,0,0.54662
OG0007312,Sorghum_bicolor,1,0,0.54662
OG0007312,Hordeum_vulgare,1,0,0.522556
OG0007312,Triticum_aestivum,1,0,0.507693
OG0007312,Oryza_sativa,2,1,0.055018
OG0007312,Brachypodium_distachyon,6,5,9.27E-07
OG0007316,Avena_sativa,2,1,0.0282556
OG0007316,Arabidopsis_thaliana,1,0,0.756301
OG0007316,Triticum_turgidum,1,0,0.507693
OG0007316,Zea_mays,1,0,0.54662
OG0007316,Sorghum_bicolor,1,0,0.54662
OG0007316,Hordeum_vulgare,3,2,0.000260145
OG0007316,Triticum_aestivum,1,0,0.507693
OG0007316,Oryza_sativa,0,-1,0.154715
OG0007316,Brachypodium_distachyon,1,0,0.56891
OG0007320,Avena_sativa,0,-1,0.0818261
OG0007320,Arabidopsis_thaliana,1,0,0.756301
OG0007320,Triticum_turgidum,2,0,0.515209
OG0007320,Zea_mays,2,0,0.586825
OG0007320,Sorghum_bicolor,2,0,0.586825
OG0007320,Hordeum_vulgare,2,0,0.543596
OG0007320,Triticum_aestivum,1,-1,0.0228136
OG0007320,Oryza_sativa,1,0,0.605212
OG0007320,Brachypodium_distachyon,1,0,0.56891
OG0007324,Avena_sativa,1,0,0.555086
OG0007324,Arabidopsis_thaliana,1,0,0.756301
OG0007324,Triticum_turgidum,0,-1,0.0115245
OG0007324,Zea_mays,1,0,0.54662
OG0007324,Sorghum_bicolor,1,0,0.54662
OG0007324,Hordeum_vulgare,6,5,3.09E-09
OG0007324,Triticum_aestivum,1,0,0.507693
OG0007324,Oryza_sativa,0,-1,0.154715
OG0007324,Brachypodium_distachyon,1,0,0.56891
OG0007344,Avena_sativa,1,-1,0.15204
OG0007344,Arabidopsis_thaliana,1,0,0.756301
OG0007344,Triticum_turgidum,0,-1,0.0115245
OG0007344,Zea_mays,1,-1,0.130342
OG0007344,Sorghum_bicolor,3,1,0.0476668
OG0007344,Hordeum_vulgare,2,0,0.543596
OG0007344,Triticum_aestivum,1,0,0.507693
OG0007344,Oryza_sativa,2,0,0.678483
OG0007344,Brachypodium_distachyon,2,0,0.62392
OG0007355,Avena_sativa,1,0,0.555086
OG0007355,Arabidopsis_thaliana,2,0,0.83681
OG0007355,Triticum_turgidum,1,0,0.507693
OG0007355,Zea_mays,4,2,0.00548055
OG0007355,Sorghum_bicolor,1,-1,0.130342
OG0007355,Hordeum_vulgare,0,-1,0.0337031
OG0007355,Triticum_aestivum,1,0,0.507693
OG0007355,Oryza_sativa,2,0,0.678483
OG0007355,Brachypodium_distachyon,1,0,0.56891
OG0007366,Avena_sativa,1,0,0.555086
OG0007366,Arabidopsis_thaliana,1,0,0.756301
OG0007366,Triticum_turgidum,0,-1,0.0115245
OG0007366,Zea_mays,6,5,1.24E-07
OG0007366,Sorghum_bicolor,1,0,0.54662
OG0007366,Hordeum_vulgare,1,0,0.522556
OG0007366,Triticum_aestivum,1,0,0.507693
OG0007366,Oryza_sativa,1,0,0.605212
OG0007366,Brachypodium_distachyon,1,0,0.56891
OG0007383,Avena_sativa,1,0,0.555086
OG0007383,Arabidopsis_thaliana,1,0,0.756301
OG0007383,Triticum_turgidum,0,-1,0.0115245
OG0007383,Zea_mays,0,0,0.5
OG0007383,Sorghum_bicolor,0,0,0.5
OG0007383,Hordeum_vulgare,3,2,0.000260145
OG0007383,Triticum_aestivum,1,0,0.507693
OG0007383,Oryza_sativa,0,-1,0.154715
OG0007383,Brachypodium_distachyon,6,5,9.27E-07
OG0007389,Avena_sativa,1,0,0.555086
OG0007389,Arabidopsis_thaliana,2,0,0.83681
OG0007389,Triticum_turgidum,0,0,0.5
OG0007389,Zea_mays,2,0,0.586825
OG0007389,Sorghum_bicolor,3,1,0.0476668
OG0007389,Hordeum_vulgare,1,0,0.522556
OG0007389,Triticum_aestivum,0,0,0.5
OG0007389,Oryza_sativa,7,5,4.19E-05
OG0007389,Brachypodium_distachyon,0,-1,0.102088
OG0007390,Avena_sativa,1,0,0.555086
OG0007390,Arabidopsis_thaliana,1,0,0.756301
OG0007390,Triticum_turgidum,1,0,0.507693
OG0007390,Zea_mays,7,6,5.92E-09
OG0007390,Sorghum_bicolor,1,0,0.54662
OG0007390,Hordeum_vulgare,1,0,0.522556
OG0007390,Triticum_aestivum,0,-1,0.0115245
OG0007390,Oryza_sativa,0,-1,0.154715
OG0007390,Brachypodium_distachyon,1,0,0.56891
OG0007411,Avena_sativa,1,0,0.555086
OG0007411,Arabidopsis_thaliana,1,0,0.756301
OG0007411,Triticum_turgidum,0,-1,0.0115245
OG0007411,Zea_mays,3,2,0.00113794
OG0007411,Sorghum_bicolor,1,0,0.54662
OG0007411,Hordeum_vulgare,2,1,0.011402
OG0007411,Triticum_aestivum,1,0,0.507693
OG0007411,Oryza_sativa,1,0,0.605212
OG0007411,Brachypodium_distachyon,1,0,0.56891
OG0007413,Avena_sativa,2,1,0.0282556
OG0007413,Arabidopsis_thaliana,1,0,0.756301
OG0007413,Triticum_turgidum,0,-1,0.0115245
OG0007413,Zea_mays,1,0,0.54662
OG0007413,Sorghum_bicolor,2,1,0.0238258
OG0007413,Hordeum_vulgare,0,-1,0.0337031
OG0007413,Triticum_aestivum,1,0,0.507693
OG0007413,Oryza_sativa,1,0,0.605212
OG0007413,Brachypodium_distachyon,2,1,0.0355493
OG0007417,Avena_sativa,1,0,0.555086
OG0007417,Arabidopsis_thaliana,1,0,0.756301
OG0007417,Triticum_turgidum,2,0,0.515209
OG0007417,Zea_mays,0,-1,0.0693598
OG0007417,Sorghum_bicolor,2,1,0.0238258
OG0007417,Hordeum_vulgare,1,0,0.522556
OG0007417,Triticum_aestivum,2,0,0.515209
OG0007417,Oryza_sativa,0,-1,0.154715
OG0007417,Brachypodium_distachyon,1,0,0.56891
OG0007420,Avena_sativa,2,1,0.0282556
OG0007420,Arabidopsis_thaliana,1,0,0.756301
OG0007420,Triticum_turgidum,2,0,0.515209
OG0007420,Zea_mays,0,0,0.5
OG0007420,Sorghum_bicolor,0,0,0.5
OG0007420,Hordeum_vulgare,0,-1,0.0337031
OG0007420,Triticum_aestivum,2,0,0.515209
OG0007420,Oryza_sativa,1,0,0.605212
OG0007420,Brachypodium_distachyon,1,0,0.56891
OG0007424,Avena_sativa,1,0,0.555086
OG0007424,Arabidopsis_thaliana,1,0,0.756301
OG0007424,Triticum_turgidum,1,0,0.507693
OG0007424,Zea_mays,5,4,2.60E-06
OG0007424,Sorghum_bicolor,1,0,0.54662
OG0007424,Hordeum_vulgare,1,0,0.522556
OG0007424,Triticum_aestivum,1,0,0.507693
OG0007424,Oryza_sativa,0,-1,0.154715
OG0007424,Brachypodium_distachyon,1,0,0.56891
OG0007431,Avena_sativa,1,0,0.555086
OG0007431,Arabidopsis_thaliana,1,0,0.756301
OG0007431,Triticum_turgidum,0,-1,0.0115245
OG0007431,Zea_mays,2,1,0.0238258
OG0007431,Sorghum_bicolor,1,0,0.54662
OG0007431,Hordeum_vulgare,5,4,1.35E-07
OG0007431,Triticum_aestivum,1,0,0.507693
OG0007431,Oryza_sativa,1,0,0.605212
OG0007431,Brachypodium_distachyon,1,0,0.56891
OG0007432,Avena_sativa,1,0,0.555086
OG0007432,Arabidopsis_thaliana,2,1,0.137178
OG0007432,Triticum_turgidum,0,-1,0.0115245
OG0007432,Zea_mays,4,3,5.43E-05
OG0007432,Sorghum_bicolor,1,0,0.54662
OG0007432,Hordeum_vulgare,1,0,0.522556
OG0007432,Triticum_aestivum,1,0,0.507693
OG0007432,Oryza_sativa,1,0,0.605212
OG0007432,Brachypodium_distachyon,1,0,0.56891
OG0007434,Avena_sativa,1,0,0.555086
OG0007434,Arabidopsis_thaliana,1,0,0.756301
OG0007434,Triticum_turgidum,0,-1,0.0115245
OG0007434,Zea_mays,2,0,0.586825
OG0007434,Sorghum_bicolor,2,0,0.586825
OG0007434,Hordeum_vulgare,2,1,0.011402
OG0007434,Triticum_aestivum,1,0,0.507693
OG0007434,Oryza_sativa,1,0,0.605212
OG0007434,Brachypodium_distachyon,2,1,0.0355493
OG0007447,Avena_sativa,1,0,0.555086
OG0007447,Arabidopsis_thaliana,1,0,0.756301
OG0007447,Triticum_turgidum,0,-1,0.0115245
OG0007447,Zea_mays,6,5,1.24E-07
OG0007447,Sorghum_bicolor,1,0,0.54662
OG0007447,Hordeum_vulgare,1,0,0.522556
OG0007447,Triticum_aestivum,1,0,0.507693
OG0007447,Oryza_sativa,1,0,0.605212
OG0007447,Brachypodium_distachyon,1,0,0.56891
OG0007452,Avena_sativa,1,0,0.555086
OG0007452,Arabidopsis_thaliana,1,0,0.756301
OG0007452,Triticum_turgidum,2,1,0.00386114
OG0007452,Zea_mays,3,2,0.00113794
OG0007452,Sorghum_bicolor,1,0,0.54662
OG0007452,Hordeum_vulgare,1,0,0.522556
OG0007452,Triticum_aestivum,1,0,0.507693
OG0007452,Oryza_sativa,0,-1,0.154715
OG0007452,Brachypodium_distachyon,1,0,0.56891
OG0007456,Avena_sativa,1,0,0.555086
OG0007456,Arabidopsis_thaliana,1,0,0.756301
OG0007456,Triticum_turgidum,0,-1,0.0115245
OG0007456,Zea_mays,2,0,0.586825
OG0007456,Sorghum_bicolor,4,2,0.00548055
OG0007456,Hordeum_vulgare,3,2,0.000260145
OG0007456,Triticum_aestivum,1,0,0.507693
OG0007456,Oryza_sativa,0,-1,0.154715
OG0007456,Brachypodium_distachyon,1,0,0.56891
OG0007462,Avena_sativa,1,0,0.555086
OG0007462,Arabidopsis_thaliana,1,0,0.756301
OG0007462,Triticum_turgidum,1,0,0.507693
OG0007462,Zea_mays,5,4,2.60E-06
OG0007462,Sorghum_bicolor,1,0,0.54662
OG0007462,Hordeum_vulgare,1,0,0.522556
OG0007462,Triticum_aestivum,1,0,0.507693
OG0007462,Oryza_sativa,0,-1,0.154715
OG0007462,Brachypodium_distachyon,1,0,0.56891
OG0007463,Avena_sativa,1,0,0.555086
OG0007463,Arabidopsis_thaliana,1,0,0.756301
OG0007463,Triticum_turgidum,0,-1,0.0115245
OG0007463,Zea_mays,1,0,0.54662
OG0007463,Sorghum_bicolor,1,0,0.54662
OG0007463,Hordeum_vulgare,5,4,1.35E-07
OG0007463,Triticum_aestivum,1,0,0.507693
OG0007463,Oryza_sativa,2,1,0.055018
OG0007463,Brachypodium_distachyon,1,0,0.56891
OG0007471,Avena_sativa,1,0,0.555086
OG0007471,Arabidopsis_thaliana,1,0,0.756301
OG0007471,Triticum_turgidum,1,0,0.507693
OG0007471,Zea_mays,1,0,0.54662
OG0007471,Sorghum_bicolor,1,0,0.54662
OG0007471,Hordeum_vulgare,4,3,5.94E-06
OG0007471,Triticum_aestivum,1,0,0.507693
OG0007471,Oryza_sativa,2,1,0.055018
OG0007471,Brachypodium_distachyon,1,0,0.56891
OG0007472,Avena_sativa,1,0,0.555086
OG0007472,Arabidopsis_thaliana,1,0,0.756301
OG0007472,Triticum_turgidum,0,-2,3.16E-05
OG0007472,Zea_mays,1,0,0.54662
OG0007472,Sorghum_bicolor,1,0,0.54662
OG0007472,Hordeum_vulgare,3,1,0.0228047
OG0007472,Triticum_aestivum,2,0,0.515209
OG0007472,Oryza_sativa,1,0,0.605212
OG0007472,Brachypodium_distachyon,1,0,0.56891
OG0007484,Avena_sativa,1,0,0.555086
OG0007484,Arabidopsis_thaliana,1,0,0.756301
OG0007484,Triticum_turgidum,0,-1,0.0115245
OG0007484,Zea_mays,6,5,1.24E-07
OG0007484,Sorghum_bicolor,0,-1,0.0693598
OG0007484,Hordeum_vulgare,0,-1,0.0337031
OG0007484,Triticum_aestivum,1,0,0.507693
OG0007484,Oryza_sativa,0,-1,0.154715
OG0007484,Brachypodium_distachyon,1,0,0.56891
OG0007485,Avena_sativa,0,-1,0.0818261
OG0007485,Arabidopsis_thaliana,1,0,0.756301
OG0007485,Triticum_turgidum,0,-1,0.0115245
OG0007485,Zea_mays,0,-1,0.0693598
OG0007485,Sorghum_bicolor,4,3,5.43E-05
OG0007485,Hordeum_vulgare,0,-1,0.0337031
OG0007485,Triticum_aestivum,3,2,2.98E-05
OG0007485,Oryza_sativa,0,-1,0.154715
OG0007485,Brachypodium_distachyon,3,2,0.00254048
OG0007599,Avena_sativa,3,1,0.0565411
OG0007599,Arabidopsis_thaliana,1,0,0.756301
OG0007599,Triticum_turgidum,1,0,0.507693
OG0007599,Zea_mays,0,0,0.5
OG0007599,Sorghum_bicolor,0,0,0.5
OG0007599,Hordeum_vulgare,0,-1,0.0337031
OG0007599,Triticum_aestivum,0,-1,0.0115245
OG0007599,Oryza_sativa,0,-1,0.154715
OG0007599,Brachypodium_distachyon,4,2,0.0120187
OG0007601,Avena_sativa,2,0,0.601244
OG0007601,Arabidopsis_thaliana,1,0,0.756301
OG0007601,Triticum_turgidum,0,-1,0.0115245
OG0007601,Zea_mays,0,0,0.5
OG0007601,Sorghum_bicolor,0,0,0.5
OG0007601,Hordeum_vulgare,2,0,0.543596
OG0007601,Triticum_aestivum,1,0,0.507693
OG0007601,Oryza_sativa,1,0,0.605212
OG0007601,Brachypodium_distachyon,2,0,0.62392
OG0007639,Avena_sativa,0,-1,0.0818261
OG0007639,Arabidopsis_thaliana,1,0,0.756301
OG0007639,Triticum_turgidum,2,1,0.00386114
OG0007639,Zea_mays,3,2,0.00113794
OG0007639,Sorghum_bicolor,1,0,0.54662
OG0007639,Hordeum_vulgare,1,0,0.522556
OG0007639,Triticum_aestivum,1,0,0.507693
OG0007639,Oryza_sativa,1,0,0.605212
OG0007639,Brachypodium_distachyon,2,1,0.0355493
OG0007641,Avena_sativa,1,0,0.555086
OG0007641,Arabidopsis_thaliana,1,0,0.756301
OG0007641,Triticum_turgidum,1,0,0.507693
OG0007641,Zea_mays,0,-1,0.0693598
OG0007641,Sorghum_bicolor,5,4,2.60E-06
OG0007641,Hordeum_vulgare,1,0,0.522556
OG0007641,Triticum_aestivum,1,0,0.507693
OG0007641,Oryza_sativa,1,0,0.605212
OG0007641,Brachypodium_distachyon,1,0,0.56891
OG0007657,Avena_sativa,2,1,0.0282556
OG0007657,Arabidopsis_thaliana,1,0,0.756301
OG0007657,Triticum_turgidum,0,-1,0.0115245
OG0007657,Zea_mays,2,1,0.0238258
OG0007657,Sorghum_bicolor,1,0,0.54662
OG0007657,Hordeum_vulgare,1,0,0.522556
OG0007657,Triticum_aestivum,1,0,0.507693
OG0007657,Oryza_sativa,0,-1,0.154715
OG0007657,Brachypodium_distachyon,1,0,0.56891
OG0007659,Avena_sativa,1,0,0.555086
OG0007659,Arabidopsis_thaliana,1,0,0.756301
OG0007659,Triticum_turgidum,0,-2,3.16E-05
OG0007659,Zea_mays,0,-1,0.0693598
OG0007659,Sorghum_bicolor,1,0,0.54662
OG0007659,Hordeum_vulgare,2,0,0.543596
OG0007659,Triticum_aestivum,2,0,0.515209
OG0007659,Oryza_sativa,2,1,0.055018
OG0007659,Brachypodium_distachyon,1,0,0.56891
OG0007696,Avena_sativa,1,0,0.555086
OG0007696,Arabidopsis_thaliana,1,0,0.756301
OG0007696,Triticum_turgidum,0,-1,0.0115245
OG0007696,Zea_mays,6,5,1.24E-07
OG0007696,Sorghum_bicolor,1,0,0.54662
OG0007696,Hordeum_vulgare,1,0,0.522556
OG0007696,Triticum_aestivum,1,0,0.507693
OG0007696,Oryza_sativa,0,-1,0.154715
OG0007696,Brachypodium_distachyon,1,0,0.56891
OG0007702,Avena_sativa,2,1,0.0282556
OG0007702,Arabidopsis_thaliana,1,0,0.756301
OG0007702,Triticum_turgidum,0,-1,0.0115245
OG0007702,Zea_mays,2,1,0.0238258
OG0007702,Sorghum_bicolor,1,0,0.54662
OG0007702,Hordeum_vulgare,0,-1,0.0337031
OG0007702,Triticum_aestivum,1,0,0.507693
OG0007702,Oryza_sativa,1,0,0.605212
OG0007702,Brachypodium_distachyon,2,1,0.0355493
OG0007715,Avena_sativa,0,-1,0.0818261
OG0007715,Arabidopsis_thaliana,2,0,0.83681
OG0007715,Triticum_turgidum,0,-1,0.0115245
OG0007715,Zea_mays,2,0,0.586825
OG0007715,Sorghum_bicolor,2,0,0.586825
OG0007715,Hordeum_vulgare,1,0,0.522556
OG0007715,Triticum_aestivum,1,0,0.507693
OG0007715,Oryza_sativa,2,0,0.678483
OG0007715,Brachypodium_distachyon,4,2,0.0120187
OG0007784,Avena_sativa,1,0,0.555086
OG0007784,Arabidopsis_thaliana,1,0,0.756301
OG0007784,Triticum_turgidum,0,-1,0.0115245
OG0007784,Zea_mays,5,4,2.60E-06
OG0007784,Sorghum_bicolor,1,0,0.54662
OG0007784,Hordeum_vulgare,1,0,0.522556
OG0007784,Triticum_aestivum,1,0,0.507693
OG0007784,Oryza_sativa,1,0,0.605212
OG0007784,Brachypodium_distachyon,1,0,0.56891
OG0007787,Avena_sativa,0,0,0.5
OG0007787,Arabidopsis_thaliana,7,5,0.00390711
OG0007787,Triticum_turgidum,0,0,0.5
OG0007787,Zea_mays,2,0,0.586825
OG0007787,Sorghum_bicolor,6,4,1.20E-05
OG0007787,Hordeum_vulgare,0,0,0.5
OG0007787,Triticum_aestivum,0,0,0.5
OG0007787,Oryza_sativa,1,0,0.605212
OG0007787,Brachypodium_distachyon,0,0,0.5
OG0007788,Avena_sativa,0,-1,0.0818261
OG0007788,Arabidopsis_thaliana,2,1,0.137178
OG0007788,Triticum_turgidum,1,0,0.507693
OG0007788,Zea_mays,5,4,2.60E-06
OG0007788,Sorghum_bicolor,1,0,0.54662
OG0007788,Hordeum_vulgare,1,0,0.522556
OG0007788,Triticum_aestivum,0,-1,0.0115245
OG0007788,Oryza_sativa,1,0,0.605212
OG0007788,Brachypodium_distachyon,2,1,0.0355493
OG0007805,Avena_sativa,1,0,0.555086
OG0007805,Arabidopsis_thaliana,1,0,0.756301
OG0007805,Triticum_turgidum,1,0,0.507693
OG0007805,Zea_mays,1,0,0.54662
OG0007805,Sorghum_bicolor,1,0,0.54662
OG0007805,Hordeum_vulgare,3,2,0.000260145
OG0007805,Triticum_aestivum,0,-1,0.0115245
OG0007805,Oryza_sativa,1,0,0.605212
OG0007805,Brachypodium_distachyon,2,1,0.0355493
OG0007830,Avena_sativa,1,0,0.555086
OG0007830,Arabidopsis_thaliana,1,0,0.756301
OG0007830,Triticum_turgidum,6,5,1.37E-11
OG0007830,Zea_mays,0,0,0.5
OG0007830,Sorghum_bicolor,0,0,0.5
OG0007830,Hordeum_vulgare,0,-1,0.0337031
OG0007830,Triticum_aestivum,0,-1,0.0115245
OG0007830,Oryza_sativa,1,0,0.605212
OG0007830,Brachypodium_distachyon,0,-1,0.102088
OG0007852,Avena_sativa,0,-1,0.0818261
OG0007852,Arabidopsis_thaliana,2,1,0.137178
OG0007852,Triticum_turgidum,0,-1,0.0115245
OG0007852,Zea_mays,1,0,0.54662
OG0007852,Sorghum_bicolor,3,2,0.00113794
OG0007852,Hordeum_vulgare,1,0,0.522556
OG0007852,Triticum_aestivum,2,1,0.00386114
OG0007852,Oryza_sativa,0,-1,0.154715
OG0007852,Brachypodium_distachyon,2,1,0.0355493
OG0007873,Avena_sativa,1,0,0.555086
OG0007873,Arabidopsis_thaliana,1,0,0.756301
OG0007873,Triticum_turgidum,1,0,0.507693
OG0007873,Zea_mays,4,3,5.43E-05
OG0007873,Sorghum_bicolor,1,0,0.54662
OG0007873,Hordeum_vulgare,0,-1,0.0337031
OG0007873,Triticum_aestivum,1,0,0.507693
OG0007873,Oryza_sativa,2,1,0.055018
OG0007873,Brachypodium_distachyon,1,0,0.56891
OG0007886,Avena_sativa,0,-1,0.0818261
OG0007886,Arabidopsis_thaliana,1,0,0.756301
OG0007886,Triticum_turgidum,2,0,0.515209
OG0007886,Zea_mays,1,0,0.54662
OG0007886,Sorghum_bicolor,2,1,0.0238258
OG0007886,Hordeum_vulgare,2,0,0.543596
OG0007886,Triticum_aestivum,2,0,0.515209
OG0007886,Oryza_sativa,0,-1,0.154715
OG0007886,Brachypodium_distachyon,2,1,0.0355493
OG0007892,Avena_sativa,1,0,0.555086
OG0007892,Arabidopsis_thaliana,2,1,0.137178
OG0007892,Triticum_turgidum,2,1,0.00386114
OG0007892,Zea_mays,2,1,0.0238258
OG0007892,Sorghum_bicolor,1,0,0.54662
OG0007892,Hordeum_vulgare,1,0,0.522556
OG0007892,Triticum_aestivum,0,-1,0.0115245
OG0007892,Oryza_sativa,1,0,0.605212
OG0007892,Brachypodium_distachyon,1,0,0.56891
OG0007899,Avena_sativa,0,-1,0.0818261
OG0007899,Arabidopsis_thaliana,1,0,0.756301
OG0007899,Triticum_turgidum,1,0,0.507693
OG0007899,Zea_mays,5,4,2.60E-06
OG0007899,Sorghum_bicolor,1,0,0.54662
OG0007899,Hordeum_vulgare,1,0,0.522556
OG0007899,Triticum_aestivum,1,0,0.507693
OG0007899,Oryza_sativa,1,0,0.605212
OG0007899,Brachypodium_distachyon,1,0,0.56891
OG0007908,Avena_sativa,1,0,0.555086
OG0007908,Arabidopsis_thaliana,1,0,0.756301
OG0007908,Triticum_turgidum,0,-1,0.0115245
OG0007908,Zea_mays,2,1,0.0238258
OG0007908,Sorghum_bicolor,1,0,0.54662
OG0007908,Hordeum_vulgare,4,3,5.94E-06
OG0007908,Triticum_aestivum,1,0,0.507693
OG0007908,Oryza_sativa,1,0,0.605212
OG0007908,Brachypodium_distachyon,1,0,0.56891
OG0007918,Avena_sativa,1,0,0.555086
OG0007918,Arabidopsis_thaliana,1,0,0.756301
OG0007918,Triticum_turgidum,0,-1,0.0115245
OG0007918,Zea_mays,1,0,0.54662
OG0007918,Sorghum_bicolor,1,0,0.54662
OG0007918,Hordeum_vulgare,5,4,1.35E-07
OG0007918,Triticum_aestivum,1,0,0.507693
OG0007918,Oryza_sativa,1,0,0.605212
OG0007918,Brachypodium_distachyon,1,0,0.56891
OG0007921,Avena_sativa,1,0,0.555086
OG0007921,Arabidopsis_thaliana,1,0,0.756301
OG0007921,Triticum_turgidum,1,0,0.507693
OG0007921,Zea_mays,5,4,2.60E-06
OG0007921,Sorghum_bicolor,1,0,0.54662
OG0007921,Hordeum_vulgare,1,0,0.522556
OG0007921,Triticum_aestivum,0,-1,0.0115245
OG0007921,Oryza_sativa,1,0,0.605212
OG0007921,Brachypodium_distachyon,1,0,0.56891
OG0007928,Avena_sativa,1,0,0.555086
OG0007928,Arabidopsis_thaliana,1,0,0.756301
OG0007928,Triticum_turgidum,0,-2,3.16E-05
OG0007928,Zea_mays,0,-1,0.0693598
OG0007928,Sorghum_bicolor,1,0,0.54662
OG0007928,Hordeum_vulgare,2,0,0.543596
OG0007928,Triticum_aestivum,2,0,0.515209
OG0007928,Oryza_sativa,1,0,0.605212
OG0007928,Brachypodium_distachyon,1,0,0.56891
OG0007973,Avena_sativa,1,0,0.555086
OG0007973,Arabidopsis_thaliana,1,0,0.756301
OG0007973,Triticum_turgidum,0,-1,0.0115245
OG0007973,Zea_mays,4,3,5.43E-05
OG0007973,Sorghum_bicolor,1,0,0.54662
OG0007973,Hordeum_vulgare,1,0,0.522556
OG0007973,Triticum_aestivum,1,0,0.507693
OG0007973,Oryza_sativa,1,0,0.605212
OG0007973,Brachypodium_distachyon,1,0,0.56891
OG0007996,Avena_sativa,0,-1,0.0818261
OG0007996,Arabidopsis_thaliana,1,0,0.756301
OG0007996,Triticum_turgidum,1,0,0.507693
OG0007996,Zea_mays,1,0,0.54662
OG0007996,Sorghum_bicolor,2,1,0.0238258
OG0007996,Hordeum_vulgare,1,0,0.522556
OG0007996,Triticum_aestivum,2,1,0.00386114
OG0007996,Oryza_sativa,2,1,0.055018
OG0007996,Brachypodium_distachyon,1,0,0.56891
OG0008094,Avena_sativa,1,0,0.555086
OG0008094,Arabidopsis_thaliana,1,0,0.756301
OG0008094,Triticum_turgidum,0,-1,0.0115245
OG0008094,Zea_mays,2,1,0.0238258
OG0008094,Sorghum_bicolor,1,0,0.54662
OG0008094,Hordeum_vulgare,2,1,0.011402
OG0008094,Triticum_aestivum,1,0,0.507693
OG0008094,Oryza_sativa,1,0,0.605212
OG0008094,Brachypodium_distachyon,3,2,0.00254048
OG0008130,Avena_sativa,1,0,0.555086
OG0008130,Arabidopsis_thaliana,1,0,0.756301
OG0008130,Triticum_turgidum,0,-1,0.0115245
OG0008130,Zea_mays,3,2,0.00113794
OG0008130,Sorghum_bicolor,1,0,0.54662
OG0008130,Hordeum_vulgare,2,1,0.011402
OG0008130,Triticum_aestivum,1,0,0.507693
OG0008130,Oryza_sativa,1,0,0.605212
OG0008130,Brachypodium_distachyon,1,0,0.56891
OG0008148,Avena_sativa,0,-1,0.0818261
OG0008148,Arabidopsis_thaliana,1,0,0.756301
OG0008148,Triticum_turgidum,2,1,0.00386114
OG0008148,Zea_mays,1,0,0.54662
OG0008148,Sorghum_bicolor,2,1,0.0238258
OG0008148,Hordeum_vulgare,1,0,0.522556
OG0008148,Triticum_aestivum,1,0,0.507693
OG0008148,Oryza_sativa,5,4,7.61E-05
OG0008148,Brachypodium_distachyon,1,0,0.56891
OG0008173,Avena_sativa,1,0,0.555086
OG0008173,Arabidopsis_thaliana,1,0,0.756301
OG0008173,Triticum_turgidum,1,0,0.507693
OG0008173,Zea_mays,5,4,2.60E-06
OG0008173,Sorghum_bicolor,1,0,0.54662
OG0008173,Hordeum_vulgare,1,0,0.522556
OG0008173,Triticum_aestivum,1,0,0.507693
OG0008173,Oryza_sativa,0,-1,0.154715
OG0008173,Brachypodium_distachyon,1,0,0.56891
OG0008180,Avena_sativa,1,0,0.555086
OG0008180,Arabidopsis_thaliana,1,0,0.756301
OG0008180,Triticum_turgidum,0,-1,0.0115245
OG0008180,Zea_mays,1,0,0.54662
OG0008180,Sorghum_bicolor,2,1,0.0238258
OG0008180,Hordeum_vulgare,1,0,0.522556
OG0008180,Triticum_aestivum,2,1,0.00386114
OG0008180,Oryza_sativa,1,0,0.605212
OG0008180,Brachypodium_distachyon,1,0,0.56891
OG0008183,Avena_sativa,1,0,0.555086
OG0008183,Arabidopsis_thaliana,1,0,0.756301
OG0008183,Triticum_turgidum,1,0,0.507693
OG0008183,Zea_mays,5,4,2.60E-06
OG0008183,Sorghum_bicolor,1,0,0.54662
OG0008183,Hordeum_vulgare,1,0,0.522556
OG0008183,Triticum_aestivum,0,-1,0.0115245
OG0008183,Oryza_sativa,1,0,0.605212
OG0008183,Brachypodium_distachyon,1,0,0.56891
OG0008199,Avena_sativa,1,0,0.555086
OG0008199,Arabidopsis_thaliana,2,1,0.137178
OG0008199,Triticum_turgidum,0,-1,0.0115245
OG0008199,Zea_mays,1,0,0.54662
OG0008199,Sorghum_bicolor,1,0,0.54662
OG0008199,Hordeum_vulgare,1,0,0.522556
OG0008199,Triticum_aestivum,2,1,0.00386114
OG0008199,Oryza_sativa,0,-1,0.154715
OG0008199,Brachypodium_distachyon,1,0,0.56891
OG0008218,Avena_sativa,1,0,0.555086
OG0008218,Arabidopsis_thaliana,1,0,0.756301
OG0008218,Triticum_turgidum,0,-1,0.0115245
OG0008218,Zea_mays,3,2,0.00113794
OG0008218,Sorghum_bicolor,1,0,0.54662
OG0008218,Hordeum_vulgare,2,1,0.011402
OG0008218,Triticum_aestivum,1,0,0.507693
OG0008218,Oryza_sativa,1,0,0.605212
OG0008218,Brachypodium_distachyon,1,0,0.56891
OG0008221,Avena_sativa,1,0,0.555086
OG0008221,Arabidopsis_thaliana,1,0,0.756301
OG0008221,Triticum_turgidum,1,0,0.507693
OG0008221,Zea_mays,2,1,0.0238258
OG0008221,Sorghum_bicolor,1,0,0.54662
OG0008221,Hordeum_vulgare,3,2,0.000260145
OG0008221,Triticum_aestivum,1,0,0.507693
OG0008221,Oryza_sativa,0,-1,0.154715
OG0008221,Brachypodium_distachyon,1,0,0.56891
OG0008230,Avena_sativa,1,0,0.555086
OG0008230,Arabidopsis_thaliana,1,0,0.756301
OG0008230,Triticum_turgidum,1,0,0.507693
OG0008230,Zea_mays,5,4,2.60E-06
OG0008230,Sorghum_bicolor,1,0,0.54662
OG0008230,Hordeum_vulgare,1,0,0.522556
OG0008230,Triticum_aestivum,1,0,0.507693
OG0008230,Oryza_sativa,0,-1,0.154715
OG0008230,Brachypodium_distachyon,1,0,0.56891
OG0008249,Avena_sativa,1,0,0.555086
OG0008249,Arabidopsis_thaliana,1,0,0.756301
OG0008249,Triticum_turgidum,0,-1,0.0115245
OG0008249,Zea_mays,2,0,0.586825
OG0008249,Sorghum_bicolor,4,2,0.00548055
OG0008249,Hordeum_vulgare,1,0,0.522556
OG0008249,Triticum_aestivum,1,0,0.507693
OG0008249,Oryza_sativa,1,0,0.605212
OG0008249,Brachypodium_distachyon,1,0,0.56891
OG0008250,Avena_sativa,1,0,0.555086
OG0008250,Arabidopsis_thaliana,1,0,0.756301
OG0008250,Triticum_turgidum,1,0,0.507693
OG0008250,Zea_mays,5,4,2.60E-06
OG0008250,Sorghum_bicolor,1,0,0.54662
OG0008250,Hordeum_vulgare,1,0,0.522556
OG0008250,Triticum_aestivum,0,-1,0.0115245
OG0008250,Oryza_sativa,1,0,0.605212
OG0008250,Brachypodium_distachyon,1,0,0.56891
OG0008262,Avena_sativa,1,0,0.555086
OG0008262,Arabidopsis_thaliana,2,1,0.137178
OG0008262,Triticum_turgidum,0,-1,0.0115245
OG0008262,Zea_mays,1,0,0.54662
OG0008262,Sorghum_bicolor,2,1,0.0238258
OG0008262,Hordeum_vulgare,0,-1,0.0337031
OG0008262,Triticum_aestivum,1,0,0.507693
OG0008262,Oryza_sativa,1,0,0.605212
OG0008262,Brachypodium_distachyon,2,1,0.0355493
OG0008305,Avena_sativa,1,0,0.555086
OG0008305,Arabidopsis_thaliana,1,0,0.756301
OG0008305,Triticum_turgidum,0,-1,0.0115245
OG0008305,Zea_mays,4,3,5.43E-05
OG0008305,Sorghum_bicolor,1,0,0.54662
OG0008305,Hordeum_vulgare,1,0,0.522556
OG0008305,Triticum_aestivum,1,0,0.507693
OG0008305,Oryza_sativa,1,0,0.605212
OG0008305,Brachypodium_distachyon,1,0,0.56891
OG0008351,Avena_sativa,1,0,0.555086
OG0008351,Arabidopsis_thaliana,1,0,0.756301
OG0008351,Triticum_turgidum,1,0,0.507693
OG0008351,Zea_mays,4,3,5.43E-05
OG0008351,Sorghum_bicolor,1,0,0.54662
OG0008351,Hordeum_vulgare,0,-1,0.0337031
OG0008351,Triticum_aestivum,1,0,0.507693
OG0008351,Oryza_sativa,1,0,0.605212
OG0008351,Brachypodium_distachyon,1,0,0.56891
OG0008529,Avena_sativa,0,-2,0.00222918
OG0008529,Arabidopsis_thaliana,4,2,0.0815
OG0008529,Triticum_turgidum,0,0,0.5
OG0008529,Zea_mays,1,0,0.54662
OG0008529,Sorghum_bicolor,1,0,0.54662
OG0008529,Hordeum_vulgare,2,0,0.543596
OG0008529,Triticum_aestivum,0,0,0.5
OG0008529,Oryza_sativa,3,1,0.110464
OG0008529,Brachypodium_distachyon,2,0,0.62392
OG0008552,Avena_sativa,1,0,0.555086
OG0008552,Arabidopsis_thaliana,1,0,0.756301
OG0008552,Triticum_turgidum,2,0,0.515209
OG0008552,Zea_mays,0,0,0.5
OG0008552,Sorghum_bicolor,0,0,0.5
OG0008552,Hordeum_vulgare,0,-1,0.0337031
OG0008552,Triticum_aestivum,2,0,0.515209
OG0008552,Oryza_sativa,0,-1,0.154715
OG0008552,Brachypodium_distachyon,2,1,0.0355493
OG0008554,Avena_sativa,1,0,0.555086
OG0008554,Arabidopsis_thaliana,1,0,0.756301
OG0008554,Triticum_turgidum,0,-1,0.0115245
OG0008554,Zea_mays,2,1,0.0238258
OG0008554,Sorghum_bicolor,1,0,0.54662
OG0008554,Hordeum_vulgare,1,0,0.522556
OG0008554,Triticum_aestivum,1,0,0.507693
OG0008554,Oryza_sativa,1,0,0.605212
OG0008554,Brachypodium_distachyon,3,2,0.00254048
OG0008557,Avena_sativa,0,-1,0.0818261
OG0008557,Arabidopsis_thaliana,1,0,0.756301
OG0008557,Triticum_turgidum,2,0,0.515209
OG0008557,Zea_mays,2,1,0.0238258
OG0008557,Sorghum_bicolor,1,0,0.54662
OG0008557,Hordeum_vulgare,2,0,0.543596
OG0008557,Triticum_aestivum,1,-1,0.0228136
OG0008557,Oryza_sativa,0,-1,0.154715
OG0008557,Brachypodium_distachyon,2,1,0.0355493
OG0008572,Avena_sativa,1,0,0.555086
OG0008572,Arabidopsis_thaliana,1,0,0.756301
OG0008572,Triticum_turgidum,0,-1,0.0115245
OG0008572,Zea_mays,2,1,0.0238258
OG0008572,Sorghum_bicolor,1,0,0.54662
OG0008572,Hordeum_vulgare,1,0,0.522556
OG0008572,Triticum_aestivum,1,0,0.507693
OG0008572,Oryza_sativa,0,-1,0.154715
OG0008572,Brachypodium_distachyon,2,1,0.0355493
OG0008587,Avena_sativa,0,-1,0.0818261
OG0008587,Arabidopsis_thaliana,1,0,0.756301
OG0008587,Triticum_turgidum,2,0,0.515209
OG0008587,Zea_mays,0,-1,0.0693598
OG0008587,Sorghum_bicolor,1,0,0.54662
OG0008587,Hordeum_vulgare,0,-1,0.0337031
OG0008587,Triticum_aestivum,2,0,0.515209
OG0008587,Oryza_sativa,1,0,0.605212
OG0008587,Brachypodium_distachyon,2,1,0.0355493
OG0008592,Avena_sativa,1,0,0.555086
OG0008592,Arabidopsis_thaliana,1,0,0.756301
OG0008592,Triticum_turgidum,0,-1,0.0115245
OG0008592,Zea_mays,5,4,2.60E-06
OG0008592,Sorghum_bicolor,0,-1,0.0693598
OG0008592,Hordeum_vulgare,0,-1,0.0337031
OG0008592,Triticum_aestivum,1,0,0.507693
OG0008592,Oryza_sativa,0,-1,0.154715
OG0008592,Brachypodium_distachyon,3,2,0.00254048
OG0008601,Avena_sativa,0,0,0.5
OG0008601,Arabidopsis_thaliana,10,8,0.000153275
OG0008601,Triticum_turgidum,0,0,0.5
OG0008601,Zea_mays,0,0,0.5
OG0008601,Sorghum_bicolor,0,0,0.5
OG0008601,Hordeum_vulgare,0,0,0.5
OG0008601,Triticum_aestivum,0,0,0.5
OG0008601,Oryza_sativa,5,4,7.61E-05
OG0008601,Brachypodium_distachyon,0,0,0.5
OG0008608,Avena_sativa,1,0,0.555086
OG0008608,Arabidopsis_thaliana,1,0,0.756301
OG0008608,Triticum_turgidum,0,-1,0.0115245
OG0008608,Zea_mays,3,1,0.0476668
OG0008608,Sorghum_bicolor,2,0,0.586825
OG0008608,Hordeum_vulgare,0,-1,0.0337031
OG0008608,Triticum_aestivum,1,0,0.507693
OG0008608,Oryza_sativa,2,0,0.678483
OG0008608,Brachypodium_distachyon,1,0,0.56891
OG0008634,Avena_sativa,2,1,0.0282556
OG0008634,Arabidopsis_thaliana,2,1,0.137178
OG0008634,Triticum_turgidum,0,-1,0.0115245
OG0008634,Zea_mays,0,-1,0.0693598
OG0008634,Sorghum_bicolor,1,0,0.54662
OG0008634,Hordeum_vulgare,1,0,0.522556
OG0008634,Triticum_aestivum,1,0,0.507693
OG0008634,Oryza_sativa,0,-1,0.154715
OG0008634,Brachypodium_distachyon,1,0,0.56891
OG0008722,Avena_sativa,0,0,0.5
OG0008722,Arabidopsis_thaliana,11,9,5.09E-05
OG0008722,Triticum_turgidum,0,0,0.5
OG0008722,Zea_mays,0,-1,0.0693598
OG0008722,Sorghum_bicolor,4,3,5.43E-05
OG0008722,Hordeum_vulgare,0,0,0.5
OG0008722,Triticum_aestivum,0,0,0.5
OG0008722,Oryza_sativa,0,0,0.5
OG0008722,Brachypodium_distachyon,0,0,0.5
OG0008779,Avena_sativa,1,0,0.555086
OG0008779,Arabidopsis_thaliana,1,0,0.756301
OG0008779,Triticum_turgidum,1,0,0.507693
OG0008779,Zea_mays,2,1,0.0238258
OG0008779,Sorghum_bicolor,0,-1,0.0693598
OG0008779,Hordeum_vulgare,0,-1,0.0337031
OG0008779,Triticum_aestivum,1,0,0.507693
OG0008779,Oryza_sativa,3,2,0.00613007
OG0008779,Brachypodium_distachyon,1,0,0.56891
OG0008893,Avena_sativa,0,0,0.5
OG0008893,Arabidopsis_thaliana,12,10,1.67E-05
OG0008893,Triticum_turgidum,0,0,0.5
OG0008893,Zea_mays,0,-1,0.0693598
OG0008893,Sorghum_bicolor,3,2,0.00113794
OG0008893,Hordeum_vulgare,0,0,0.5
OG0008893,Triticum_aestivum,0,0,0.5
OG0008893,Oryza_sativa,0,0,0.5
OG0008893,Brachypodium_distachyon,0,0,0.5
OG0008906,Avena_sativa,1,0,0.555086
OG0008906,Arabidopsis_thaliana,1,0,0.756301
OG0008906,Triticum_turgidum,0,-1,0.0115245
OG0008906,Zea_mays,4,3,5.43E-05
OG0008906,Sorghum_bicolor,1,0,0.54662
OG0008906,Hordeum_vulgare,1,0,0.522556
OG0008906,Triticum_aestivum,1,0,0.507693
OG0008906,Oryza_sativa,1,0,0.605212
OG0008906,Brachypodium_distachyon,1,0,0.56891
OG0009015,Avena_sativa,1,0,0.555086
OG0009015,Arabidopsis_thaliana,1,0,0.756301
OG0009015,Triticum_turgidum,0,-1,0.0115245
OG0009015,Zea_mays,4,3,5.43E-05
OG0009015,Sorghum_bicolor,1,0,0.54662
OG0009015,Hordeum_vulgare,1,0,0.522556
OG0009015,Triticum_aestivum,1,0,0.507693
OG0009015,Oryza_sativa,1,0,0.605212
OG0009015,Brachypodium_distachyon,1,0,0.56891
OG0009063,Avena_sativa,1,0,0.555086
OG0009063,Arabidopsis_thaliana,1,0,0.756301
OG0009063,Triticum_turgidum,0,-1,0.0115245
OG0009063,Zea_mays,1,0,0.54662
OG0009063,Sorghum_bicolor,2,1,0.0238258
OG0009063,Hordeum_vulgare,1,0,0.522556
OG0009063,Triticum_aestivum,2,1,0.00386114
OG0009063,Oryza_sativa,0,-1,0.154715
OG0009063,Brachypodium_distachyon,1,0,0.56891
OG0009127,Avena_sativa,0,-1,0.0818261
OG0009127,Arabidopsis_thaliana,3,2,0.0414086
OG0009127,Triticum_turgidum,0,-1,0.0115245
OG0009127,Zea_mays,2,0,0.586825
OG0009127,Sorghum_bicolor,2,0,0.586825
OG0009127,Hordeum_vulgare,1,0,0.522556
OG0009127,Triticum_aestivum,2,1,0.00386114
OG0009127,Oryza_sativa,0,-1,0.154715
OG0009127,Brachypodium_distachyon,1,0,0.56891
OG0009245,Avena_sativa,1,0,0.555086
OG0009245,Arabidopsis_thaliana,1,0,0.756301
OG0009245,Triticum_turgidum,1,0,0.507693
OG0009245,Zea_mays,4,3,5.43E-05
OG0009245,Sorghum_bicolor,1,0,0.54662
OG0009245,Hordeum_vulgare,1,0,0.522556
OG0009245,Triticum_aestivum,0,-1,0.0115245
OG0009245,Oryza_sativa,1,0,0.605212
OG0009245,Brachypodium_distachyon,1,0,0.56891
OG0009276,Avena_sativa,1,0,0.555086
OG0009276,Arabidopsis_thaliana,1,0,0.756301
OG0009276,Triticum_turgidum,0,0,0.5
OG0009276,Zea_mays,5,4,2.60E-06
OG0009276,Sorghum_bicolor,1,0,0.54662
OG0009276,Hordeum_vulgare,1,0,0.522556
OG0009276,Triticum_aestivum,0,0,0.5
OG0009276,Oryza_sativa,1,0,0.605212
OG0009276,Brachypodium_distachyon,1,0,0.56891
OG0009283,Avena_sativa,1,0,0.555086
OG0009283,Arabidopsis_thaliana,1,0,0.756301
OG0009283,Triticum_turgidum,0,-1,0.0115245
OG0009283,Zea_mays,4,3,5.43E-05
OG0009283,Sorghum_bicolor,1,0,0.54662
OG0009283,Hordeum_vulgare,1,0,0.522556
OG0009283,Triticum_aestivum,1,0,0.507693
OG0009283,Oryza_sativa,0,-1,0.154715
OG0009283,Brachypodium_distachyon,1,0,0.56891
OG0009341,Avena_sativa,1,0,0.555086
OG0009341,Arabidopsis_thaliana,1,0,0.756301
OG0009341,Triticum_turgidum,0,-2,3.16E-05
OG0009341,Zea_mays,1,0,0.54662
OG0009341,Sorghum_bicolor,1,0,0.54662
OG0009341,Hordeum_vulgare,2,0,0.543596
OG0009341,Triticum_aestivum,2,0,0.515209
OG0009341,Oryza_sativa,1,0,0.605212
OG0009341,Brachypodium_distachyon,1,0,0.56891
OG0009354,Avena_sativa,1,0,0.555086
OG0009354,Arabidopsis_thaliana,1,0,0.756301
OG0009354,Triticum_turgidum,0,-1,0.0115245
OG0009354,Zea_mays,1,0,0.54662
OG0009354,Sorghum_bicolor,2,1,0.0238258
OG0009354,Hordeum_vulgare,1,0,0.522556
OG0009354,Triticum_aestivum,2,1,0.00386114
OG0009354,Oryza_sativa,1,0,0.605212
OG0009354,Brachypodium_distachyon,1,0,0.56891
OG0009535,Avena_sativa,0,-1,0.0818261
OG0009535,Arabidopsis_thaliana,1,0,0.756301
OG0009535,Triticum_turgidum,1,0,0.507693
OG0009535,Zea_mays,5,4,2.60E-06
OG0009535,Sorghum_bicolor,1,0,0.54662
OG0009535,Hordeum_vulgare,1,0,0.522556
OG0009535,Triticum_aestivum,1,0,0.507693
OG0009535,Oryza_sativa,1,0,0.605212
OG0009535,Brachypodium_distachyon,1,0,0.56891
OG0009590,Avena_sativa,1,0,0.555086
OG0009590,Arabidopsis_thaliana,1,0,0.756301
OG0009590,Triticum_turgidum,1,0,0.507693
OG0009590,Zea_mays,4,3,5.43E-05
OG0009590,Sorghum_bicolor,1,0,0.54662
OG0009590,Hordeum_vulgare,1,0,0.522556
OG0009590,Triticum_aestivum,0,-1,0.0115245
OG0009590,Oryza_sativa,1,0,0.605212
OG0009590,Brachypodium_distachyon,1,0,0.56891
OG0009676,Avena_sativa,0,-1,0.0818261
OG0009676,Arabidopsis_thaliana,1,0,0.756301
OG0009676,Triticum_turgidum,1,0,0.507693
OG0009676,Zea_mays,6,5,1.24E-07
OG0009676,Sorghum_bicolor,1,0,0.54662
OG0009676,Hordeum_vulgare,1,0,0.522556
OG0009676,Triticum_aestivum,1,0,0.507693
OG0009676,Oryza_sativa,1,0,0.605212
OG0009676,Brachypodium_distachyon,1,0,0.56891
OG0009713,Avena_sativa,0,-1,0.0818261
OG0009713,Arabidopsis_thaliana,1,0,0.756301
OG0009713,Triticum_turgidum,1,0,0.507693
OG0009713,Zea_mays,2,1,0.0238258
OG0009713,Sorghum_bicolor,1,0,0.54662
OG0009713,Hordeum_vulgare,0,-1,0.0337031
OG0009713,Triticum_aestivum,2,1,0.00386114
OG0009713,Oryza_sativa,1,0,0.605212
OG0009713,Brachypodium_distachyon,1,0,0.56891
OG0009721,Avena_sativa,0,-1,0.0818261
OG0009721,Arabidopsis_thaliana,1,0,0.756301
OG0009721,Triticum_turgidum,0,-1,0.0115245
OG0009721,Zea_mays,9,8,1.35E-11
OG0009721,Sorghum_bicolor,0,-1,0.0693598
OG0009721,Hordeum_vulgare,0,-1,0.0337031
OG0009721,Triticum_aestivum,1,0,0.507693
OG0009721,Oryza_sativa,0,-1,0.154715
OG0009721,Brachypodium_distachyon,1,0,0.56891
OG0009722,Avena_sativa,0,-1,0.0818261
OG0009722,Arabidopsis_thaliana,1,0,0.756301
OG0009722,Triticum_turgidum,0,-1,0.0115245
OG0009722,Zea_mays,0,0,0.5
OG0009722,Sorghum_bicolor,0,0,0.5
OG0009722,Hordeum_vulgare,0,-1,0.0337031
OG0009722,Triticum_aestivum,3,2,2.98E-05
OG0009722,Oryza_sativa,0,-1,0.154715
OG0009722,Brachypodium_distachyon,4,3,0.000181551
OG0009723,Avena_sativa,0,-1,0.0818261
OG0009723,Arabidopsis_thaliana,1,0,0.756301
OG0009723,Triticum_turgidum,0,-1,0.0115245
OG0009723,Zea_mays,0,0,0.5
OG0009723,Sorghum_bicolor,0,0,0.5
OG0009723,Hordeum_vulgare,0,-1,0.0337031
OG0009723,Triticum_aestivum,3,2,2.98E-05
OG0009723,Oryza_sativa,1,0,0.605212
OG0009723,Brachypodium_distachyon,3,2,0.00254048
OG0009724,Avena_sativa,2,1,0.0282556
OG0009724,Arabidopsis_thaliana,1,0,0.756301
OG0009724,Triticum_turgidum,1,0,0.507693
OG0009724,Zea_mays,0,-1,0.0693598
OG0009724,Sorghum_bicolor,1,0,0.54662
OG0009724,Hordeum_vulgare,0,-1,0.0337031
OG0009724,Triticum_aestivum,2,1,0.00386114
OG0009724,Oryza_sativa,0,-1,0.154715
OG0009724,Brachypodium_distachyon,1,0,0.56891
OG0009944,Avena_sativa,0,-1,0.0818261
OG0009944,Arabidopsis_thaliana,2,1,0.137178
OG0009944,Triticum_turgidum,0,-2,3.16E-05
OG0009944,Zea_mays,0,0,0.5
OG0009944,Sorghum_bicolor,0,0,0.5
OG0009944,Hordeum_vulgare,2,0,0.543596
OG0009944,Triticum_aestivum,2,0,0.515209
OG0009944,Oryza_sativa,1,0,0.605212
OG0009944,Brachypodium_distachyon,1,0,0.56891
OG0010031,Avena_sativa,2,1,0.0282556
OG0010031,Arabidopsis_thaliana,1,0,0.756301
OG0010031,Triticum_turgidum,0,-1,0.0115245
OG0010031,Zea_mays,0,-1,0.0693598
OG0010031,Sorghum_bicolor,1,0,0.54662
OG0010031,Hordeum_vulgare,1,0,0.522556
OG0010031,Triticum_aestivum,1,0,0.507693
OG0010031,Oryza_sativa,0,-1,0.154715
OG0010031,Brachypodium_distachyon,1,0,0.56891
OG0010114,Avena_sativa,1,0,0.555086
OG0010114,Arabidopsis_thaliana,1,0,0.756301
OG0010114,Triticum_turgidum,0,-1,0.0115245
OG0010114,Zea_mays,1,0,0.54662
OG0010114,Sorghum_bicolor,2,1,0.0238258
OG0010114,Hordeum_vulgare,0,-1,0.0337031
OG0010114,Triticum_aestivum,1,0,0.507693
OG0010114,Oryza_sativa,2,1,0.055018
OG0010114,Brachypodium_distachyon,1,0,0.56891
OG0010128,Avena_sativa,1,0,0.555086
OG0010128,Arabidopsis_thaliana,7,5,0.00390711
OG0010128,Triticum_turgidum,0,0,0.5
OG0010128,Zea_mays,0,-1,0.0693598
OG0010128,Sorghum_bicolor,1,0,0.54662
OG0010128,Hordeum_vulgare,0,0,0.5
OG0010128,Triticum_aestivum,0,0,0.5
OG0010128,Oryza_sativa,4,3,0.000683008
OG0010128,Brachypodium_distachyon,0,-1,0.102088
OG0010182,Avena_sativa,0,-1,0.0818261
OG0010182,Arabidopsis_thaliana,3,2,0.0414086
OG0010182,Triticum_turgidum,1,0,0.507693
OG0010182,Zea_mays,2,1,0.0238258
OG0010182,Sorghum_bicolor,1,0,0.54662
OG0010182,Hordeum_vulgare,0,-1,0.0337031
OG0010182,Triticum_aestivum,1,0,0.507693
OG0010182,Oryza_sativa,1,0,0.605212
OG0010182,Brachypodium_distachyon,2,1,0.0355493
OG0010212,Avena_sativa,0,-1,0.0818261
OG0010212,Arabidopsis_thaliana,1,0,0.756301
OG0010212,Triticum_turgidum,2,1,0.00386114
OG0010212,Zea_mays,2,0,0.586825
OG0010212,Sorghum_bicolor,2,0,0.586825
OG0010212,Hordeum_vulgare,1,0,0.522556
OG0010212,Triticum_aestivum,1,0,0.507693
OG0010212,Oryza_sativa,0,-1,0.154715
OG0010212,Brachypodium_distachyon,1,0,0.56891
OG0010259,Avena_sativa,0,-1,0.0818261
OG0010259,Arabidopsis_thaliana,2,1,0.137178
OG0010259,Triticum_turgidum,0,-1,0.0115245
OG0010259,Zea_mays,3,1,0.0476668
OG0010259,Sorghum_bicolor,2,0,0.586825
OG0010259,Hordeum_vulgare,1,0,0.522556
OG0010259,Triticum_aestivum,1,0,0.507693
OG0010259,Oryza_sativa,1,0,0.605212
OG0010259,Brachypodium_distachyon,1,0,0.56891
OG0010274,Avena_sativa,1,0,0.555086
OG0010274,Arabidopsis_thaliana,1,0,0.756301
OG0010274,Triticum_turgidum,2,0,0.515209
OG0010274,Zea_mays,1,0,0.54662
OG0010274,Sorghum_bicolor,1,0,0.54662
OG0010274,Hordeum_vulgare,2,0,0.543596
OG0010274,Triticum_aestivum,0,-2,3.16E-05
OG0010274,Oryza_sativa,0,-1,0.154715
OG0010274,Brachypodium_distachyon,1,0,0.56891
OG0010302,Avena_sativa,1,0,0.555086
OG0010302,Arabidopsis_thaliana,2,0,0.83681
OG0010302,Triticum_turgidum,0,-1,0.0115245
OG0010302,Zea_mays,2,0,0.586825
OG0010302,Sorghum_bicolor,1,-1,0.130342
OG0010302,Hordeum_vulgare,0,-1,0.0337031
OG0010302,Triticum_aestivum,1,0,0.507693
OG0010302,Oryza_sativa,2,0,0.678483
OG0010302,Brachypodium_distachyon,1,0,0.56891
OG0010374,Avena_sativa,1,0,0.555086
OG0010374,Arabidopsis_thaliana,1,0,0.756301
OG0010374,Triticum_turgidum,0,-1,0.0115245
OG0010374,Zea_mays,0,-1,0.0693598
OG0010374,Sorghum_bicolor,1,0,0.54662
OG0010374,Hordeum_vulgare,1,0,0.522556
OG0010374,Triticum_aestivum,1,0,0.507693
OG0010374,Oryza_sativa,2,1,0.055018
OG0010374,Brachypodium_distachyon,2,1,0.0355493
OG0010461,Avena_sativa,0,-1,0.0818261
OG0010461,Arabidopsis_thaliana,2,1,0.137178
OG0010461,Triticum_turgidum,0,0,0.5
OG0010461,Zea_mays,10,9,6.45E-13
OG0010461,Sorghum_bicolor,1,0,0.54662
OG0010461,Hordeum_vulgare,1,0,0.522556
OG0010461,Triticum_aestivum,0,0,0.5
OG0010461,Oryza_sativa,0,-1,0.154715
OG0010461,Brachypodium_distachyon,0,-1,0.102088
OG0010604,Avena_sativa,0,-1,0.0818261
OG0010604,Arabidopsis_thaliana,1,0,0.756301
OG0010604,Triticum_turgidum,0,-1,0.0115245
OG0010604,Zea_mays,4,2,0.00548055
OG0010604,Sorghum_bicolor,2,0,0.586825
OG0010604,Hordeum_vulgare,1,0,0.522556
OG0010604,Triticum_aestivum,1,0,0.507693
OG0010604,Oryza_sativa,1,0,0.605212
OG0010604,Brachypodium_distachyon,2,1,0.0355493
OG0010780,Avena_sativa,0,-1,0.0818261
OG0010780,Arabidopsis_thaliana,1,0,0.756301
OG0010780,Triticum_turgidum,2,0,0.515209
OG0010780,Zea_mays,0,-1,0.0693598
OG0010780,Sorghum_bicolor,1,0,0.54662
OG0010780,Hordeum_vulgare,1,0,0.522556
OG0010780,Triticum_aestivum,2,0,0.515209
OG0010780,Oryza_sativa,0,-1,0.154715
OG0010780,Brachypodium_distachyon,0,-1,0.102088
OG0010839,Avena_sativa,1,0,0.555086
OG0010839,Arabidopsis_thaliana,2,0,0.83681
OG0010839,Triticum_turgidum,0,-1,0.0115245
OG0010839,Zea_mays,2,0,0.586825
OG0010839,Sorghum_bicolor,1,-1,0.130342
OG0010839,Hordeum_vulgare,0,-1,0.0337031
OG0010839,Triticum_aestivum,1,0,0.507693
OG0010839,Oryza_sativa,2,0,0.678483
OG0010839,Brachypodium_distachyon,1,0,0.56891
OG0010882,Avena_sativa,1,0,0.555086
OG0010882,Arabidopsis_thaliana,1,0,0.756301
OG0010882,Triticum_turgidum,0,-1,0.0115245
OG0010882,Zea_mays,0,-1,0.0693598
OG0010882,Sorghum_bicolor,1,0,0.54662
OG0010882,Hordeum_vulgare,1,0,0.522556
OG0010882,Triticum_aestivum,1,0,0.507693
OG0010882,Oryza_sativa,1,0,0.605212
OG0010882,Brachypodium_distachyon,3,2,0.00254048
OG0010914,Avena_sativa,0,-1,0.0818261
OG0010914,Arabidopsis_thaliana,2,1,0.137178
OG0010914,Triticum_turgidum,0,-1,0.0115245
OG0010914,Zea_mays,0,-1,0.0693598
OG0010914,Sorghum_bicolor,1,0,0.54662
OG0010914,Hordeum_vulgare,0,-1,0.0337031
OG0010914,Triticum_aestivum,2,1,0.00386114
OG0010914,Oryza_sativa,2,1,0.055018
OG0010914,Brachypodium_distachyon,2,1,0.0355493
OG0011084,Avena_sativa,1,0,0.555086
OG0011084,Arabidopsis_thaliana,2,1,0.137178
OG0011084,Triticum_turgidum,0,-1,0.0115245
OG0011084,Zea_mays,2,1,0.0238258
OG0011084,Sorghum_bicolor,1,0,0.54662
OG0011084,Hordeum_vulgare,0,-1,0.0337031
OG0011084,Triticum_aestivum,1,0,0.507693
OG0011084,Oryza_sativa,1,0,0.605212
OG0011084,Brachypodium_distachyon,2,1,0.0355493
OG0011171,Avena_sativa,1,0,0.555086
OG0011171,Arabidopsis_thaliana,1,0,0.756301
OG0011171,Triticum_turgidum,0,-1,0.0115245
OG0011171,Zea_mays,1,0,0.54662
OG0011171,Sorghum_bicolor,0,-1,0.0693598
OG0011171,Hordeum_vulgare,1,0,0.522556
OG0011171,Triticum_aestivum,1,0,0.507693
OG0011171,Oryza_sativa,1,0,0.605212
OG0011171,Brachypodium_distachyon,3,2,0.00254048
OG0011181,Avena_sativa,0,-1,0.0818261
OG0011181,Arabidopsis_thaliana,1,0,0.756301
OG0011181,Triticum_turgidum,0,-2,3.16E-05
OG0011181,Zea_mays,2,1,0.0238258
OG0011181,Sorghum_bicolor,1,0,0.54662
OG0011181,Hordeum_vulgare,3,1,0.0228047
OG0011181,Triticum_aestivum,2,0,0.515209
OG0011181,Oryza_sativa,1,0,0.605212
OG0011181,Brachypodium_distachyon,0,-1,0.102088
OG0011226,Avena_sativa,1,0,0.555086
OG0011226,Arabidopsis_thaliana,2,0,0.83681
OG0011226,Triticum_turgidum,0,-1,0.0115245
OG0011226,Zea_mays,2,0,0.586825
OG0011226,Sorghum_bicolor,1,-1,0.130342
OG0011226,Hordeum_vulgare,0,-1,0.0337031
OG0011226,Triticum_aestivum,1,0,0.507693
OG0011226,Oryza_sativa,2,0,0.678483
OG0011226,Brachypodium_distachyon,1,0,0.56891
OG0011236,Avena_sativa,0,-1,0.0818261
OG0011236,Arabidopsis_thaliana,1,0,0.756301
OG0011236,Triticum_turgidum,0,-1,0.0115245
OG0011236,Zea_mays,1,-1,0.130342
OG0011236,Sorghum_bicolor,2,0,0.586825
OG0011236,Hordeum_vulgare,1,0,0.522556
OG0011236,Triticum_aestivum,1,0,0.507693
OG0011236,Oryza_sativa,2,0,0.678483
OG0011236,Brachypodium_distachyon,2,0,0.62392
OG0011350,Avena_sativa,0,-1,0.0818261
OG0011350,Arabidopsis_thaliana,2,1,0.137178
OG0011350,Triticum_turgidum,2,0,0.515209
OG0011350,Zea_mays,1,0,0.54662
OG0011350,Sorghum_bicolor,0,-1,0.0693598
OG0011350,Hordeum_vulgare,0,-1,0.0337031
OG0011350,Triticum_aestivum,2,0,0.515209
OG0011350,Oryza_sativa,1,0,0.605212
OG0011350,Brachypodium_distachyon,1,0,0.56891
OG0011359,Avena_sativa,0,-1,0.0818261
OG0011359,Arabidopsis_thaliana,1,0,0.756301
OG0011359,Triticum_turgidum,0,-1,0.0115245
OG0011359,Zea_mays,1,0,0.54662
OG0011359,Sorghum_bicolor,1,0,0.54662
OG0011359,Hordeum_vulgare,1,0,0.522556
OG0011359,Triticum_aestivum,2,1,0.00386114
OG0011359,Oryza_sativa,1,0,0.605212
OG0011359,Brachypodium_distachyon,1,0,0.56891
OG0011570,Avena_sativa,1,0,0.555086
OG0011570,Arabidopsis_thaliana,1,0,0.756301
OG0011570,Triticum_turgidum,0,-1,0.0115245
OG0011570,Zea_mays,1,-1,0.130342
OG0011570,Sorghum_bicolor,2,0,0.586825
OG0011570,Hordeum_vulgare,0,-1,0.0337031
OG0011570,Triticum_aestivum,1,0,0.507693
OG0011570,Oryza_sativa,2,0,0.678483
OG0011570,Brachypodium_distachyon,2,0,0.62392
OG0011644,Avena_sativa,1,0,0.555086
OG0011644,Arabidopsis_thaliana,1,0,0.756301
OG0011644,Triticum_turgidum,0,-1,0.0115245
OG0011644,Zea_mays,0,-1,0.0693598
OG0011644,Sorghum_bicolor,1,0,0.54662
OG0011644,Hordeum_vulgare,1,0,0.522556
OG0011644,Triticum_aestivum,1,0,0.507693
OG0011644,Oryza_sativa,3,2,0.00613007
OG0011644,Brachypodium_distachyon,1,0,0.56891
OG0011808,Avena_sativa,1,0,0.555086
OG0011808,Arabidopsis_thaliana,1,0,0.756301
OG0011808,Triticum_turgidum,1,0,0.507693
OG0011808,Zea_mays,0,0,0.5
OG0011808,Sorghum_bicolor,0,0,0.5
OG0011808,Hordeum_vulgare,0,-1,0.0337031
OG0011808,Triticum_aestivum,2,1,0.00386114
OG0011808,Oryza_sativa,0,-1,0.154715
OG0011808,Brachypodium_distachyon,3,2,0.00254048
OG0011809,Avena_sativa,0,-1,0.0818261
OG0011809,Arabidopsis_thaliana,1,0,0.756301
OG0011809,Triticum_turgidum,0,-1,0.0115245
OG0011809,Zea_mays,0,-1,0.0693598
OG0011809,Sorghum_bicolor,1,0,0.54662
OG0011809,Hordeum_vulgare,0,-1,0.0337031
OG0011809,Triticum_aestivum,3,2,2.98E-05
OG0011809,Oryza_sativa,0,-1,0.154715
OG0011809,Brachypodium_distachyon,4,3,0.000181551
OG0011810,Avena_sativa,0,-1,0.0818261
OG0011810,Arabidopsis_thaliana,1,0,0.756301
OG0011810,Triticum_turgidum,0,-1,0.0115245
OG0011810,Zea_mays,0,0,0.5
OG0011810,Sorghum_bicolor,0,0,0.5
OG0011810,Hordeum_vulgare,0,-1,0.0337031
OG0011810,Triticum_aestivum,3,2,2.98E-05
OG0011810,Oryza_sativa,0,-1,0.154715
OG0011810,Brachypodium_distachyon,4,3,0.000181551
OG0012169,Avena_sativa,0,-1,0.0818261
OG0012169,Arabidopsis_thaliana,1,0,0.756301
OG0012169,Triticum_turgidum,4,3,2.30E-07
OG0012169,Zea_mays,0,0,0.5
OG0012169,Sorghum_bicolor,0,0,0.5
OG0012169,Hordeum_vulgare,0,-1,0.0337031
OG0012169,Triticum_aestivum,1,0,0.507693
OG0012169,Oryza_sativa,0,-1,0.154715
OG0012169,Brachypodium_distachyon,0,-1,0.102088
OG0012202,Avena_sativa,0,-1,0.0818261
OG0012202,Arabidopsis_thaliana,1,0,0.756301
OG0012202,Triticum_turgidum,2,0,0.515209
OG0012202,Zea_mays,0,0,0.5
OG0012202,Sorghum_bicolor,0,0,0.5
OG0012202,Hordeum_vulgare,2,0,0.543596
OG0012202,Triticum_aestivum,1,-1,0.0228136
OG0012202,Oryza_sativa,2,1,0.055018
OG0012202,Brachypodium_distachyon,0,-1,0.102088
OG0012235,Avena_sativa,0,-1,0.0818261
OG0012235,Arabidopsis_thaliana,1,0,0.756301
OG0012235,Triticum_turgidum,0,-1,0.0115245
OG0012235,Zea_mays,4,3,5.43E-05
OG0012235,Sorghum_bicolor,1,0,0.54662
OG0012235,Hordeum_vulgare,1,0,0.522556
OG0012235,Triticum_aestivum,1,0,0.507693
OG0012235,Oryza_sativa,1,0,0.605212
OG0012235,Brachypodium_distachyon,1,0,0.56891
OG0012287,Avena_sativa,2,1,0.0282556
OG0012287,Arabidopsis_thaliana,1,0,0.756301
OG0012287,Triticum_turgidum,0,0,0.5
OG0012287,Zea_mays,2,1,0.0238258
OG0012287,Sorghum_bicolor,1,0,0.54662
OG0012287,Hordeum_vulgare,1,0,0.522556
OG0012287,Triticum_aestivum,0,0,0.5
OG0012287,Oryza_sativa,2,1,0.055018
OG0012287,Brachypodium_distachyon,0,-1,0.102088
OG0012296,Avena_sativa,0,-1,0.0818261
OG0012296,Arabidopsis_thaliana,2,1,0.137178
OG0012296,Triticum_turgidum,1,0,0.507693
OG0012296,Zea_mays,1,0,0.54662
OG0012296,Sorghum_bicolor,1,0,0.54662
OG0012296,Hordeum_vulgare,0,-1,0.0337031
OG0012296,Triticum_aestivum,1,0,0.507693
OG0012296,Oryza_sativa,1,0,0.605212
OG0012296,Brachypodium_distachyon,3,2,0.00254048
OG0012335,Avena_sativa,1,0,0.555086
OG0012335,Arabidopsis_thaliana,2,1,0.137178
OG0012335,Triticum_turgidum,0,-1,0.0115245
OG0012335,Zea_mays,2,1,0.0238258
OG0012335,Sorghum_bicolor,1,0,0.54662
OG0012335,Hordeum_vulgare,1,0,0.522556
OG0012335,Triticum_aestivum,1,0,0.507693
OG0012335,Oryza_sativa,0,-1,0.154715
OG0012335,Brachypodium_distachyon,0,-1,0.102088
OG0012443,Avena_sativa,1,0,0.555086
OG0012443,Arabidopsis_thaliana,9,7,0.000457184
OG0012443,Triticum_turgidum,0,0,0.5
OG0012443,Zea_mays,0,0,0.5
OG0012443,Sorghum_bicolor,0,0,0.5
OG0012443,Hordeum_vulgare,0,0,0.5
OG0012443,Triticum_aestivum,0,0,0.5
OG0012443,Oryza_sativa,0,-1,0.154715
OG0012443,Brachypodium_distachyon,0,-1,0.102088
OG0012454,Avena_sativa,0,-1,0.0818261
OG0012454,Arabidopsis_thaliana,1,0,0.756301
OG0012454,Triticum_turgidum,1,0,0.507693
OG0012454,Zea_mays,1,0,0.54662
OG0012454,Sorghum_bicolor,2,1,0.0238258
OG0012454,Hordeum_vulgare,2,1,0.011402
OG0012454,Triticum_aestivum,0,-1,0.0115245
OG0012454,Oryza_sativa,1,0,0.605212
OG0012454,Brachypodium_distachyon,2,1,0.0355493
OG0012470,Avena_sativa,1,0,0.555086
OG0012470,Arabidopsis_thaliana,1,0,0.756301
OG0012470,Triticum_turgidum,0,-1,0.0115245
OG0012470,Zea_mays,1,0,0.54662
OG0012470,Sorghum_bicolor,1,0,0.54662
OG0012470,Hordeum_vulgare,0,-1,0.0337031
OG0012470,Triticum_aestivum,2,1,0.00386114
OG0012470,Oryza_sativa,1,0,0.605212
OG0012470,Brachypodium_distachyon,1,0,0.56891
OG0012494,Avena_sativa,0,-1,0.0818261
OG0012494,Arabidopsis_thaliana,2,0,0.83681
OG0012494,Triticum_turgidum,0,-1,0.0115245
OG0012494,Zea_mays,1,-1,0.130342
OG0012494,Sorghum_bicolor,2,0,0.586825
OG0012494,Hordeum_vulgare,0,-1,0.0337031
OG0012494,Triticum_aestivum,1,0,0.507693
OG0012494,Oryza_sativa,2,0,0.678483
OG0012494,Brachypodium_distachyon,3,1,0.0711731
OG0012509,Avena_sativa,1,0,0.555086
OG0012509,Arabidopsis_thaliana,1,0,0.756301
OG0012509,Triticum_turgidum,1,0,0.507693
OG0012509,Zea_mays,3,2,0.00113794
OG0012509,Sorghum_bicolor,1,0,0.54662
OG0012509,Hordeum_vulgare,1,0,0.522556
OG0012509,Triticum_aestivum,0,-1,0.0115245
OG0012509,Oryza_sativa,0,-1,0.154715
OG0012509,Brachypodium_distachyon,1,0,0.56891
OG0012511,Avena_sativa,0,-1,0.0818261
OG0012511,Arabidopsis_thaliana,2,1,0.137178
OG0012511,Triticum_turgidum,0,-1,0.0115245
OG0012511,Zea_mays,1,0,0.54662
OG0012511,Sorghum_bicolor,1,0,0.54662
OG0012511,Hordeum_vulgare,1,0,0.522556
OG0012511,Triticum_aestivum,1,0,0.507693
OG0012511,Oryza_sativa,3,2,0.00613007
OG0012511,Brachypodium_distachyon,1,0,0.56891
OG0012573,Avena_sativa,1,0,0.555086
OG0012573,Arabidopsis_thaliana,1,0,0.756301
OG0012573,Triticum_turgidum,0,-1,0.0115245
OG0012573,Zea_mays,2,1,0.0238258
OG0012573,Sorghum_bicolor,1,0,0.54662
OG0012573,Hordeum_vulgare,0,-1,0.0337031
OG0012573,Triticum_aestivum,1,0,0.507693
OG0012573,Oryza_sativa,2,1,0.055018
OG0012573,Brachypodium_distachyon,1,0,0.56891
OG0012584,Avena_sativa,0,-1,0.0818261
OG0012584,Arabidopsis_thaliana,1,0,0.756301
OG0012584,Triticum_turgidum,0,-1,0.0115245
OG0012584,Zea_mays,2,0,0.586825
OG0012584,Sorghum_bicolor,1,-1,0.130342
OG0012584,Hordeum_vulgare,0,-1,0.0337031
OG0012584,Triticum_aestivum,1,0,0.507693
OG0012584,Oryza_sativa,3,1,0.110464
OG0012584,Brachypodium_distachyon,2,0,0.62392
OG0012594,Avena_sativa,2,1,0.0282556
OG0012594,Arabidopsis_thaliana,1,0,0.756301
OG0012594,Triticum_turgidum,0,-1,0.0115245
OG0012594,Zea_mays,0,-1,0.0693598
OG0012594,Sorghum_bicolor,1,0,0.54662
OG0012594,Hordeum_vulgare,0,-1,0.0337031
OG0012594,Triticum_aestivum,1,0,0.507693
OG0012594,Oryza_sativa,1,0,0.605212
OG0012594,Brachypodium_distachyon,1,0,0.56891
OG0012602,Avena_sativa,0,-1,0.0818261
OG0012602,Arabidopsis_thaliana,1,0,0.756301
OG0012602,Triticum_turgidum,2,1,0.00386114
OG0012602,Zea_mays,1,0,0.54662
OG0012602,Sorghum_bicolor,1,0,0.54662
OG0012602,Hordeum_vulgare,1,0,0.522556
OG0012602,Triticum_aestivum,1,0,0.507693
OG0012602,Oryza_sativa,0,-1,0.154715
OG0012602,Brachypodium_distachyon,2,1,0.0355493
OG0012720,Avena_sativa,0,-1,0.0818261
OG0012720,Arabidopsis_thaliana,1,0,0.756301
OG0012720,Triticum_turgidum,1,0,0.507693
OG0012720,Zea_mays,1,0,0.54662
OG0012720,Sorghum_bicolor,1,0,0.54662
OG0012720,Hordeum_vulgare,4,3,5.94E-06
OG0012720,Triticum_aestivum,1,0,0.507693
OG0012720,Oryza_sativa,1,0,0.605212
OG0012720,Brachypodium_distachyon,1,0,0.56891
OG0012749,Avena_sativa,1,0,0.555086
OG0012749,Arabidopsis_thaliana,1,0,0.756301
OG0012749,Triticum_turgidum,0,-1,0.0115245
OG0012749,Zea_mays,1,0,0.54662
OG0012749,Sorghum_bicolor,1,0,0.54662
OG0012749,Hordeum_vulgare,0,-1,0.0337031
OG0012749,Triticum_aestivum,1,0,0.507693
OG0012749,Oryza_sativa,2,1,0.055018
OG0012749,Brachypodium_distachyon,2,1,0.0355493
OG0012752,Avena_sativa,0,-1,0.0818261
OG0012752,Arabidopsis_thaliana,1,0,0.756301
OG0012752,Triticum_turgidum,0,-1,0.0115245
OG0012752,Zea_mays,1,-1,0.130342
OG0012752,Sorghum_bicolor,2,0,0.586825
OG0012752,Hordeum_vulgare,0,-1,0.0337031
OG0012752,Triticum_aestivum,2,1,0.00386114
OG0012752,Oryza_sativa,2,0,0.678483
OG0012752,Brachypodium_distachyon,2,0,0.62392
OG0012771,Avena_sativa,1,0,0.555086
OG0012771,Arabidopsis_thaliana,1,0,0.756301
OG0012771,Triticum_turgidum,0,0,0.5
OG0012771,Zea_mays,1,0,0.54662
OG0012771,Sorghum_bicolor,1,0,0.54662
OG0012771,Hordeum_vulgare,1,0,0.522556
OG0012771,Triticum_aestivum,0,0,0.5
OG0012771,Oryza_sativa,1,0,0.605212
OG0012771,Brachypodium_distachyon,4,3,0.000181551
OG0012783,Avena_sativa,0,-1,0.0818261
OG0012783,Arabidopsis_thaliana,1,0,0.756301
OG0012783,Triticum_turgidum,0,-1,0.0115245
OG0012783,Zea_mays,2,0,0.586825
OG0012783,Sorghum_bicolor,3,1,0.0476668
OG0012783,Hordeum_vulgare,1,0,0.522556
OG0012783,Triticum_aestivum,1,0,0.507693
OG0012783,Oryza_sativa,0,-1,0.154715
OG0012783,Brachypodium_distachyon,1,0,0.56891
OG0012838,Avena_sativa,2,1,0.0282556
OG0012838,Arabidopsis_thaliana,1,0,0.756301
OG0012838,Triticum_turgidum,0,-1,0.0115245
OG0012838,Zea_mays,1,0,0.54662
OG0012838,Sorghum_bicolor,1,0,0.54662
OG0012838,Hordeum_vulgare,0,-1,0.0337031
OG0012838,Triticum_aestivum,1,0,0.507693
OG0012838,Oryza_sativa,0,-1,0.154715
OG0012838,Brachypodium_distachyon,1,0,0.56891
OG0013033,Avena_sativa,1,0,0.555086
OG0013033,Arabidopsis_thaliana,1,0,0.756301
OG0013033,Triticum_turgidum,0,-1,0.0115245
OG0013033,Zea_mays,2,1,0.0238258
OG0013033,Sorghum_bicolor,1,0,0.54662
OG0013033,Hordeum_vulgare,0,-1,0.0337031
OG0013033,Triticum_aestivum,1,0,0.507693
OG0013033,Oryza_sativa,2,1,0.055018
OG0013033,Brachypodium_distachyon,0,-1,0.102088
OG0013077,Avena_sativa,1,0,0.555086
OG0013077,Arabidopsis_thaliana,2,1,0.137178
OG0013077,Triticum_turgidum,0,-1,0.0115245
OG0013077,Zea_mays,3,2,0.00113794
OG0013077,Sorghum_bicolor,1,0,0.54662
OG0013077,Hordeum_vulgare,0,-1,0.0337031
OG0013077,Triticum_aestivum,1,0,0.507693
OG0013077,Oryza_sativa,1,0,0.605212
OG0013077,Brachypodium_distachyon,1,0,0.56891
OG0013132,Avena_sativa,1,0,0.555086
OG0013132,Arabidopsis_thaliana,1,0,0.756301
OG0013132,Triticum_turgidum,0,-1,0.0115245
OG0013132,Zea_mays,3,2,0.00113794
OG0013132,Sorghum_bicolor,1,0,0.54662
OG0013132,Hordeum_vulgare,0,-1,0.0337031
OG0013132,Triticum_aestivum,1,0,0.507693
OG0013132,Oryza_sativa,1,0,0.605212
OG0013132,Brachypodium_distachyon,1,0,0.56891
OG0013224,Avena_sativa,1,0,0.555086
OG0013224,Arabidopsis_thaliana,1,0,0.756301
OG0013224,Triticum_turgidum,0,-1,0.0115245
OG0013224,Zea_mays,1,0,0.54662
OG0013224,Sorghum_bicolor,2,1,0.0238258
OG0013224,Hordeum_vulgare,0,-1,0.0337031
OG0013224,Triticum_aestivum,1,0,0.507693
OG0013224,Oryza_sativa,2,1,0.055018
OG0013224,Brachypodium_distachyon,1,0,0.56891
OG0013994,Avena_sativa,1,0,0.555086
OG0013994,Arabidopsis_thaliana,1,0,0.756301
OG0013994,Triticum_turgidum,0,0,0.5
OG0013994,Zea_mays,1,0,0.54662
OG0013994,Sorghum_bicolor,0,-1,0.0693598
OG0013994,Hordeum_vulgare,0,0,0.5
OG0013994,Triticum_aestivum,0,0,0.5
OG0013994,Oryza_sativa,2,1,0.055018
OG0013994,Brachypodium_distachyon,4,3,0.000181551
OG0014020,Avena_sativa,1,0,0.555086
OG0014020,Arabidopsis_thaliana,2,1,0.137178
OG0014020,Triticum_turgidum,0,-1,0.0115245
OG0014020,Zea_mays,0,-1,0.0693598
OG0014020,Sorghum_bicolor,2,1,0.0238258
OG0014020,Hordeum_vulgare,0,-1,0.0337031
OG0014020,Triticum_aestivum,1,0,0.507693
OG0014020,Oryza_sativa,0,-1,0.154715
OG0014020,Brachypodium_distachyon,1,0,0.56891
OG0014023,Avena_sativa,1,0,0.555086
OG0014023,Arabidopsis_thaliana,2,1,0.137178
OG0014023,Triticum_turgidum,1,0,0.507693
OG0014023,Zea_mays,0,-1,0.0693598
OG0014023,Sorghum_bicolor,1,0,0.54662
OG0014023,Hordeum_vulgare,1,0,0.522556
OG0014023,Triticum_aestivum,0,-1,0.0115245
OG0014023,Oryza_sativa,0,-1,0.154715
OG0014023,Brachypodium_distachyon,2,1,0.0355493
OG0014042,Avena_sativa,0,-1,0.0818261
OG0014042,Arabidopsis_thaliana,1,0,0.756301
OG0014042,Triticum_turgidum,0,-1,0.0115245
OG0014042,Zea_mays,2,0,0.586825
OG0014042,Sorghum_bicolor,1,-1,0.130342
OG0014042,Hordeum_vulgare,0,-1,0.0337031
OG0014042,Triticum_aestivum,1,0,0.507693
OG0014042,Oryza_sativa,2,0,0.678483
OG0014042,Brachypodium_distachyon,2,0,0.62392
OG0014052,Avena_sativa,1,0,0.555086
OG0014052,Arabidopsis_thaliana,1,0,0.756301
OG0014052,Triticum_turgidum,0,0,0.5
OG0014052,Zea_mays,4,3,5.43E-05
OG0014052,Sorghum_bicolor,1,0,0.54662
OG0014052,Hordeum_vulgare,1,0,0.522556
OG0014052,Triticum_aestivum,0,0,0.5
OG0014052,Oryza_sativa,1,0,0.605212
OG0014052,Brachypodium_distachyon,1,0,0.56891
OG0014072,Avena_sativa,0,0,0.5
OG0014072,Arabidopsis_thaliana,2,1,0.137178
OG0014072,Triticum_turgidum,0,0,0.5
OG0014072,Zea_mays,8,7,2.83E-10
OG0014072,Sorghum_bicolor,1,0,0.54662
OG0014072,Hordeum_vulgare,0,0,0.5
OG0014072,Triticum_aestivum,0,0,0.5
OG0014072,Oryza_sativa,1,0,0.605212
OG0014072,Brachypodium_distachyon,0,0,0.5
OG0014137,Avena_sativa,1,0,0.555086
OG0014137,Arabidopsis_thaliana,1,0,0.756301
OG0014137,Triticum_turgidum,0,-1,0.0115245
OG0014137,Zea_mays,1,0,0.54662
OG0014137,Sorghum_bicolor,3,2,0.00113794
OG0014137,Hordeum_vulgare,0,-1,0.0337031
OG0014137,Triticum_aestivum,1,0,0.507693
OG0014137,Oryza_sativa,1,0,0.605212
OG0014137,Brachypodium_distachyon,2,1,0.0355493
OG0014149,Avena_sativa,1,0,0.555086
OG0014149,Arabidopsis_thaliana,1,0,0.756301
OG0014149,Triticum_turgidum,0,-1,0.0115245
OG0014149,Zea_mays,2,1,0.0238258
OG0014149,Sorghum_bicolor,1,0,0.54662
OG0014149,Hordeum_vulgare,0,-1,0.0337031
OG0014149,Triticum_aestivum,1,0,0.507693
OG0014149,Oryza_sativa,0,-1,0.154715
OG0014149,Brachypodium_distachyon,1,0,0.56891
OG0014153,Avena_sativa,0,-1,0.0818261
OG0014153,Arabidopsis_thaliana,8,6,0.00134698
OG0014153,Triticum_turgidum,0,-1,0.0115245
OG0014153,Zea_mays,0,0,0.5
OG0014153,Sorghum_bicolor,0,0,0.5
OG0014153,Hordeum_vulgare,1,0,0.522556
OG0014153,Triticum_aestivum,1,0,0.507693
OG0014153,Oryza_sativa,1,0,0.605212
OG0014153,Brachypodium_distachyon,0,-1,0.102088
OG0014195,Avena_sativa,1,0,0.555086
OG0014195,Arabidopsis_thaliana,1,0,0.756301
OG0014195,Triticum_turgidum,0,-1,0.0115245
OG0014195,Zea_mays,2,1,0.0238258
OG0014195,Sorghum_bicolor,1,0,0.54662
OG0014195,Hordeum_vulgare,0,-1,0.0337031
OG0014195,Triticum_aestivum,1,0,0.507693
OG0014195,Oryza_sativa,0,-1,0.154715
OG0014195,Brachypodium_distachyon,1,0,0.56891
OG0014213,Avena_sativa,1,0,0.555086
OG0014213,Arabidopsis_thaliana,1,0,0.756301
OG0014213,Triticum_turgidum,0,-1,0.0115245
OG0014213,Zea_mays,0,-1,0.0693598
OG0014213,Sorghum_bicolor,1,0,0.54662
OG0014213,Hordeum_vulgare,2,1,0.011402
OG0014213,Triticum_aestivum,1,0,0.507693
OG0014213,Oryza_sativa,0,-1,0.154715
OG0014213,Brachypodium_distachyon,1,0,0.56891
OG0014278,Avena_sativa,0,-1,0.0818261
OG0014278,Arabidopsis_thaliana,2,1,0.137178
OG0014278,Triticum_turgidum,0,-1,0.0115245
OG0014278,Zea_mays,0,0,0.5
OG0014278,Sorghum_bicolor,0,0,0.5
OG0014278,Hordeum_vulgare,0,-1,0.0337031
OG0014278,Triticum_aestivum,2,1,0.00386114
OG0014278,Oryza_sativa,0,-1,0.154715
OG0014278,Brachypodium_distachyon,3,2,0.00254048
OG0014281,Avena_sativa,0,-1,0.0818261
OG0014281,Arabidopsis_thaliana,1,0,0.756301
OG0014281,Triticum_turgidum,0,-1,0.0115245
OG0014281,Zea_mays,1,0,0.54662
OG0014281,Sorghum_bicolor,1,0,0.54662
OG0014281,Hordeum_vulgare,1,0,0.522556
OG0014281,Triticum_aestivum,1,0,0.507693
OG0014281,Oryza_sativa,2,1,0.055018
OG0014281,Brachypodium_distachyon,2,1,0.0355493
OG0014356,Avena_sativa,0,-1,0.0818261
OG0014356,Arabidopsis_thaliana,1,0,0.756301
OG0014356,Triticum_turgidum,0,-1,0.0115245
OG0014356,Zea_mays,2,1,0.0238258
OG0014356,Sorghum_bicolor,1,0,0.54662
OG0014356,Hordeum_vulgare,1,0,0.522556
OG0014356,Triticum_aestivum,1,0,0.507693
OG0014356,Oryza_sativa,1,0,0.605212
OG0014356,Brachypodium_distachyon,3,2,0.00254048
OG0014358,Avena_sativa,1,0,0.555086
OG0014358,Arabidopsis_thaliana,1,0,0.756301
OG0014358,Triticum_turgidum,1,0,0.507693
OG0014358,Zea_mays,1,0,0.54662
OG0014358,Sorghum_bicolor,1,0,0.54662
OG0014358,Hordeum_vulgare,1,0,0.522556
OG0014358,Triticum_aestivum,0,-1,0.0115245
OG0014358,Oryza_sativa,0,-1,0.154715
OG0014358,Brachypodium_distachyon,3,2,0.00254048
OG0014375,Avena_sativa,3,2,0.00160191
OG0014375,Arabidopsis_thaliana,3,2,0.0414086
OG0014375,Triticum_turgidum,0,0,0.5
OG0014375,Zea_mays,0,0,0.5
OG0014375,Sorghum_bicolor,0,0,0.5
OG0014375,Hordeum_vulgare,1,0,0.522556
OG0014375,Triticum_aestivum,0,0,0.5
OG0014375,Oryza_sativa,0,-1,0.154715
OG0014375,Brachypodium_distachyon,0,-1,0.102088
OG0014376,Avena_sativa,3,2,0.00160191
OG0014376,Arabidopsis_thaliana,1,0,0.756301
OG0014376,Triticum_turgidum,0,0,0.5
OG0014376,Zea_mays,0,0,0.5
OG0014376,Sorghum_bicolor,0,0,0.5
OG0014376,Hordeum_vulgare,0,0,0.5
OG0014376,Triticum_aestivum,0,0,0.5
OG0014376,Oryza_sativa,0,-1,0.154715
OG0014376,Brachypodium_distachyon,1,0,0.56891
OG0014424,Avena_sativa,1,0,0.555086
OG0014424,Arabidopsis_thaliana,2,1,0.137178
OG0014424,Triticum_turgidum,0,-1,0.0115245
OG0014424,Zea_mays,2,1,0.0238258
OG0014424,Sorghum_bicolor,0,-1,0.0693598
OG0014424,Hordeum_vulgare,0,-1,0.0337031
OG0014424,Triticum_aestivum,1,0,0.507693
OG0014424,Oryza_sativa,0,-1,0.154715
OG0014424,Brachypodium_distachyon,1,0,0.56891
OG0014431,Avena_sativa,1,0,0.555086
OG0014431,Arabidopsis_thaliana,2,1,0.137178
OG0014431,Triticum_turgidum,0,-1,0.0115245
OG0014431,Zea_mays,2,1,0.0238258
OG0014431,Sorghum_bicolor,1,0,0.54662
OG0014431,Hordeum_vulgare,0,-1,0.0337031
OG0014431,Triticum_aestivum,1,0,0.507693
OG0014431,Oryza_sativa,1,0,0.605212
OG0014431,Brachypodium_distachyon,0,-1,0.102088
OG0014435,Avena_sativa,2,1,0.0282556
OG0014435,Arabidopsis_thaliana,1,0,0.756301
OG0014435,Triticum_turgidum,0,-1,0.0115245
OG0014435,Zea_mays,0,-1,0.0693598
OG0014435,Sorghum_bicolor,1,0,0.54662
OG0014435,Hordeum_vulgare,0,-1,0.0337031
OG0014435,Triticum_aestivum,1,0,0.507693
OG0014435,Oryza_sativa,0,-1,0.154715
OG0014435,Brachypodium_distachyon,1,0,0.56891
OG0014509,Avena_sativa,0,-1,0.0818261
OG0014509,Arabidopsis_thaliana,1,0,0.756301
OG0014509,Triticum_turgidum,0,-1,0.0115245
OG0014509,Zea_mays,1,0,0.54662
OG0014509,Sorghum_bicolor,1,0,0.54662
OG0014509,Hordeum_vulgare,0,-1,0.0337031
OG0014509,Triticum_aestivum,2,1,0.00386114
OG0014509,Oryza_sativa,2,1,0.055018
OG0014509,Brachypodium_distachyon,2,1,0.0355493
OG0014512,Avena_sativa,1,0,0.555086
OG0014512,Arabidopsis_thaliana,1,0,0.756301
OG0014512,Triticum_turgidum,0,-1,0.0115245
OG0014512,Zea_mays,1,0,0.54662
OG0014512,Sorghum_bicolor,1,0,0.54662
OG0014512,Hordeum_vulgare,0,-1,0.0337031
OG0014512,Triticum_aestivum,1,0,0.507693
OG0014512,Oryza_sativa,2,1,0.055018
OG0014512,Brachypodium_distachyon,2,1,0.0355493
OG0014516,Avena_sativa,0,-1,0.0818261
OG0014516,Arabidopsis_thaliana,1,0,0.756301
OG0014516,Triticum_turgidum,0,-1,0.0115245
OG0014516,Zea_mays,4,3,5.43E-05
OG0014516,Sorghum_bicolor,1,0,0.54662
OG0014516,Hordeum_vulgare,1,0,0.522556
OG0014516,Triticum_aestivum,1,0,0.507693
OG0014516,Oryza_sativa,0,-1,0.154715
OG0014516,Brachypodium_distachyon,1,0,0.56891
OG0014535,Avena_sativa,1,0,0.555086
OG0014535,Arabidopsis_thaliana,1,0,0.756301
OG0014535,Triticum_turgidum,0,-1,0.0115245
OG0014535,Zea_mays,0,-1,0.0693598
OG0014535,Sorghum_bicolor,1,0,0.54662
OG0014535,Hordeum_vulgare,0,-1,0.0337031
OG0014535,Triticum_aestivum,1,0,0.507693
OG0014535,Oryza_sativa,1,0,0.605212
OG0014535,Brachypodium_distachyon,1,0,0.56891
OG0014575,Avena_sativa,0,-1,0.0818261
OG0014575,Arabidopsis_thaliana,1,0,0.756301
OG0014575,Triticum_turgidum,0,-1,0.0115245
OG0014575,Zea_mays,0,0,0.5
OG0014575,Sorghum_bicolor,0,0,0.5
OG0014575,Hordeum_vulgare,0,-1,0.0337031
OG0014575,Triticum_aestivum,2,1,0.00386114
OG0014575,Oryza_sativa,3,2,0.00613007
OG0014575,Brachypodium_distachyon,0,-1,0.102088
OG0014629,Avena_sativa,1,0,0.555086
OG0014629,Arabidopsis_thaliana,1,0,0.756301
OG0014629,Triticum_turgidum,2,1,0.00386114
OG0014629,Zea_mays,0,0,0.5
OG0014629,Sorghum_bicolor,0,0,0.5
OG0014629,Hordeum_vulgare,0,-1,0.0337031
OG0014629,Triticum_aestivum,1,0,0.507693
OG0014629,Oryza_sativa,0,-1,0.154715
OG0014629,Brachypodium_distachyon,0,-1,0.102088
OG0014630,Avena_sativa,0,-1,0.0818261
OG0014630,Arabidopsis_thaliana,1,0,0.756301
OG0014630,Triticum_turgidum,0,-1,0.0115245
OG0014630,Zea_mays,0,0,0.5
OG0014630,Sorghum_bicolor,0,0,0.5
OG0014630,Hordeum_vulgare,0,-1,0.0337031
OG0014630,Triticum_aestivum,3,2,2.98E-05
OG0014630,Oryza_sativa,1,0,0.605212
OG0014630,Brachypodium_distachyon,2,1,0.0355493
OG0015107,Avena_sativa,0,-1,0.0818261
OG0015107,Arabidopsis_thaliana,1,0,0.756301
OG0015107,Triticum_turgidum,2,0,0.515209
OG0015107,Zea_mays,0,0,0.5
OG0015107,Sorghum_bicolor,0,0,0.5
OG0015107,Hordeum_vulgare,4,2,0.0012774
OG0015107,Triticum_aestivum,0,-2,3.16E-05
OG0015107,Oryza_sativa,2,1,0.055018
OG0015107,Brachypodium_distachyon,0,-1,0.102088
OG0015116,Avena_sativa,1,0,0.555086
OG0015116,Arabidopsis_thaliana,1,0,0.756301
OG0015116,Triticum_turgidum,0,-1,0.0115245
OG0015116,Zea_mays,2,1,0.0238258
OG0015116,Sorghum_bicolor,1,0,0.54662
OG0015116,Hordeum_vulgare,0,-1,0.0337031
OG0015116,Triticum_aestivum,1,0,0.507693
OG0015116,Oryza_sativa,0,-1,0.154715
OG0015116,Brachypodium_distachyon,1,0,0.56891
OG0015119,Avena_sativa,0,-1,0.0818261
OG0015119,Arabidopsis_thaliana,1,0,0.756301
OG0015119,Triticum_turgidum,0,-1,0.0115245
OG0015119,Zea_mays,0,-1,0.0693598
OG0015119,Sorghum_bicolor,1,0,0.54662
OG0015119,Hordeum_vulgare,1,0,0.522556
OG0015119,Triticum_aestivum,1,0,0.507693
OG0015119,Oryza_sativa,1,0,0.605212
OG0015119,Brachypodium_distachyon,2,1,0.0355493
OG0015131,Avena_sativa,1,0,0.555086
OG0015131,Arabidopsis_thaliana,1,0,0.756301
OG0015131,Triticum_turgidum,0,-1,0.0115245
OG0015131,Zea_mays,0,-1,0.0693598
OG0015131,Sorghum_bicolor,1,0,0.54662
OG0015131,Hordeum_vulgare,0,-1,0.0337031
OG0015131,Triticum_aestivum,1,0,0.507693
OG0015131,Oryza_sativa,2,1,0.055018
OG0015131,Brachypodium_distachyon,1,0,0.56891
OG0015134,Avena_sativa,1,0,0.555086
OG0015134,Arabidopsis_thaliana,1,0,0.756301
OG0015134,Triticum_turgidum,2,1,0.00386114
OG0015134,Zea_mays,0,-1,0.0693598
OG0015134,Sorghum_bicolor,1,0,0.54662
OG0015134,Hordeum_vulgare,0,-1,0.0337031
OG0015134,Triticum_aestivum,1,0,0.507693
OG0015134,Oryza_sativa,0,-1,0.154715
OG0015134,Brachypodium_distachyon,0,-1,0.102088
OG0015200,Avena_sativa,1,0,0.555086
OG0015200,Arabidopsis_thaliana,1,0,0.756301
OG0015200,Triticum_turgidum,0,-1,0.0115245
OG0015200,Zea_mays,1,0,0.54662
OG0015200,Sorghum_bicolor,1,0,0.54662
OG0015200,Hordeum_vulgare,0,-1,0.0337031
OG0015200,Triticum_aestivum,1,0,0.507693
OG0015200,Oryza_sativa,0,-1,0.154715
OG0015200,Brachypodium_distachyon,1,0,0.56891
OG0015203,Avena_sativa,0,-1,0.0818261
OG0015203,Arabidopsis_thaliana,1,0,0.756301
OG0015203,Triticum_turgidum,0,-1,0.0115245
OG0015203,Zea_mays,2,0,0.586825
OG0015203,Sorghum_bicolor,2,0,0.586825
OG0015203,Hordeum_vulgare,1,0,0.522556
OG0015203,Triticum_aestivum,1,0,0.507693
OG0015203,Oryza_sativa,0,-1,0.154715
OG0015203,Brachypodium_distachyon,1,0,0.56891
OG0015214,Avena_sativa,1,0,0.555086
OG0015214,Arabidopsis_thaliana,1,0,0.756301
OG0015214,Triticum_turgidum,0,-1,0.0115245
OG0015214,Zea_mays,0,-1,0.0693598
OG0015214,Sorghum_bicolor,1,0,0.54662
OG0015214,Hordeum_vulgare,0,-1,0.0337031
OG0015214,Triticum_aestivum,1,0,0.507693
OG0015214,Oryza_sativa,1,0,0.605212
OG0015214,Brachypodium_distachyon,1,0,0.56891
OG0015215,Avena_sativa,1,0,0.555086
OG0015215,Arabidopsis_thaliana,1,0,0.756301
OG0015215,Triticum_turgidum,0,-1,0.0115245
OG0015215,Zea_mays,0,-1,0.0693598
OG0015215,Sorghum_bicolor,2,1,0.0238258
OG0015215,Hordeum_vulgare,0,-1,0.0337031
OG0015215,Triticum_aestivum,1,0,0.507693
OG0015215,Oryza_sativa,1,0,0.605212
OG0015215,Brachypodium_distachyon,1,0,0.56891
OG0015245,Avena_sativa,0,-1,0.0818261
OG0015245,Arabidopsis_thaliana,1,0,0.756301
OG0015245,Triticum_turgidum,1,0,0.507693
OG0015245,Zea_mays,1,-1,0.130342
OG0015245,Sorghum_bicolor,2,0,0.586825
OG0015245,Hordeum_vulgare,0,-1,0.0337031
OG0015245,Triticum_aestivum,0,-1,0.0115245
OG0015245,Oryza_sativa,2,0,0.678483
OG0015245,Brachypodium_distachyon,2,0,0.62392
OG0015265,Avena_sativa,0,-1,0.0818261
OG0015265,Arabidopsis_thaliana,2,0,0.83681
OG0015265,Triticum_turgidum,0,-1,0.0115245
OG0015265,Zea_mays,1,-1,0.130342
OG0015265,Sorghum_bicolor,2,0,0.586825
OG0015265,Hordeum_vulgare,0,-1,0.0337031
OG0015265,Triticum_aestivum,1,0,0.507693
OG0015265,Oryza_sativa,2,0,0.678483
OG0015265,Brachypodium_distachyon,2,0,0.62392
OG0015270,Avena_sativa,1,0,0.555086
OG0015270,Arabidopsis_thaliana,1,0,0.756301
OG0015270,Triticum_turgidum,0,-1,0.0115245
OG0015270,Zea_mays,2,1,0.0238258
OG0015270,Sorghum_bicolor,1,0,0.54662
OG0015270,Hordeum_vulgare,0,-1,0.0337031
OG0015270,Triticum_aestivum,1,0,0.507693
OG0015270,Oryza_sativa,1,0,0.605212
OG0015270,Brachypodium_distachyon,0,-1,0.102088
OG0015275,Avena_sativa,1,0,0.555086
OG0015275,Arabidopsis_thaliana,1,0,0.756301
OG0015275,Triticum_turgidum,0,-1,0.0115245
OG0015275,Zea_mays,0,-1,0.0693598
OG0015275,Sorghum_bicolor,1,0,0.54662
OG0015275,Hordeum_vulgare,0,-1,0.0337031
OG0015275,Triticum_aestivum,1,0,0.507693
OG0015275,Oryza_sativa,1,0,0.605212
OG0015275,Brachypodium_distachyon,1,0,0.56891
OG0015288,Avena_sativa,0,-1,0.0818261
OG0015288,Arabidopsis_thaliana,1,0,0.756301
OG0015288,Triticum_turgidum,1,0,0.507693
OG0015288,Zea_mays,0,0,0.5
OG0015288,Sorghum_bicolor,0,0,0.5
OG0015288,Hordeum_vulgare,1,0,0.522556
OG0015288,Triticum_aestivum,2,1,0.00386114
OG0015288,Oryza_sativa,1,0,0.605212
OG0015288,Brachypodium_distachyon,0,-1,0.102088
OG0015293,Avena_sativa,1,0,0.555086
OG0015293,Arabidopsis_thaliana,1,0,0.756301
OG0015293,Triticum_turgidum,0,-1,0.0115245
OG0015293,Zea_mays,2,1,0.0238258
OG0015293,Sorghum_bicolor,0,-1,0.0693598
OG0015293,Hordeum_vulgare,0,-1,0.0337031
OG0015293,Triticum_aestivum,1,0,0.507693
OG0015293,Oryza_sativa,1,0,0.605212
OG0015293,Brachypodium_distachyon,1,0,0.56891
OG0015314,Avena_sativa,0,-1,0.0818261
OG0015314,Arabidopsis_thaliana,1,0,0.756301
OG0015314,Triticum_turgidum,0,-1,0.0115245
OG0015314,Zea_mays,1,0,0.54662
OG0015314,Sorghum_bicolor,1,0,0.54662
OG0015314,Hordeum_vulgare,2,1,0.011402
OG0015314,Triticum_aestivum,1,0,0.507693
OG0015314,Oryza_sativa,0,-1,0.154715
OG0015314,Brachypodium_distachyon,1,0,0.56891
OG0015315,Avena_sativa,1,0,0.555086
OG0015315,Arabidopsis_thaliana,1,0,0.756301
OG0015315,Triticum_turgidum,1,0,0.507693
OG0015315,Zea_mays,2,1,0.0238258
OG0015315,Sorghum_bicolor,1,0,0.54662
OG0015315,Hordeum_vulgare,0,-1,0.0337031
OG0015315,Triticum_aestivum,0,-1,0.0115245
OG0015315,Oryza_sativa,0,-1,0.154715
OG0015315,Brachypodium_distachyon,1,0,0.56891
OG0015317,Avena_sativa,1,0,0.555086
OG0015317,Arabidopsis_thaliana,1,0,0.756301
OG0015317,Triticum_turgidum,0,-1,0.0115245
OG0015317,Zea_mays,0,-1,0.0693598
OG0015317,Sorghum_bicolor,1,0,0.54662
OG0015317,Hordeum_vulgare,0,-1,0.0337031
OG0015317,Triticum_aestivum,1,0,0.507693
OG0015317,Oryza_sativa,1,0,0.605212
OG0015317,Brachypodium_distachyon,1,0,0.56891
OG0015321,Avena_sativa,1,0,0.555086
OG0015321,Arabidopsis_thaliana,1,0,0.756301
OG0015321,Triticum_turgidum,0,-1,0.0115245
OG0015321,Zea_mays,1,0,0.54662
OG0015321,Sorghum_bicolor,1,0,0.54662
OG0015321,Hordeum_vulgare,0,-1,0.0337031
OG0015321,Triticum_aestivum,1,0,0.507693
OG0015321,Oryza_sativa,0,-1,0.154715
OG0015321,Brachypodium_distachyon,1,0,0.56891
OG0015358,Avena_sativa,1,0,0.555086
OG0015358,Arabidopsis_thaliana,1,0,0.756301
OG0015358,Triticum_turgidum,0,-1,0.0115245
OG0015358,Zea_mays,0,-1,0.0693598
OG0015358,Sorghum_bicolor,1,0,0.54662
OG0015358,Hordeum_vulgare,0,-1,0.0337031
OG0015358,Triticum_aestivum,1,0,0.507693
OG0015358,Oryza_sativa,1,0,0.605212
OG0015358,Brachypodium_distachyon,1,0,0.56891
OG0015362,Avena_sativa,1,0,0.555086
OG0015362,Arabidopsis_thaliana,1,0,0.756301
OG0015362,Triticum_turgidum,0,-1,0.0115245
OG0015362,Zea_mays,2,1,0.0238258
OG0015362,Sorghum_bicolor,0,-1,0.0693598
OG0015362,Hordeum_vulgare,1,0,0.522556
OG0015362,Triticum_aestivum,1,0,0.507693
OG0015362,Oryza_sativa,1,0,0.605212
OG0015362,Brachypodium_distachyon,0,-1,0.102088
OG0015384,Avena_sativa,0,-1,0.0818261
OG0015384,Arabidopsis_thaliana,1,0,0.756301
OG0015384,Triticum_turgidum,0,-1,0.0115245
OG0015384,Zea_mays,0,-1,0.0693598
OG0015384,Sorghum_bicolor,3,2,0.00113794
OG0015384,Hordeum_vulgare,0,-1,0.0337031
OG0015384,Triticum_aestivum,2,1,0.00386114
OG0015384,Oryza_sativa,0,-1,0.154715
OG0015384,Brachypodium_distachyon,2,1,0.0355493
OG0015806,Avena_sativa,0,0,0.5
OG0015806,Arabidopsis_thaliana,1,0,0.756301
OG0015806,Triticum_turgidum,0,0,0.5
OG0015806,Zea_mays,0,0,0.5
OG0015806,Sorghum_bicolor,0,0,0.5
OG0015806,Hordeum_vulgare,0,0,0.5
OG0015806,Triticum_aestivum,0,0,0.5
OG0015806,Oryza_sativa,2,1,0.055018
OG0015806,Brachypodium_distachyon,5,4,1.30E-05
OG0015808,Avena_sativa,0,-1,0.0818261
OG0015808,Arabidopsis_thaliana,2,1,0.137178
OG0015808,Triticum_turgidum,0,0,0.5
OG0015808,Zea_mays,0,-1,0.0693598
OG0015808,Sorghum_bicolor,1,0,0.54662
OG0015808,Hordeum_vulgare,6,5,3.09E-09
OG0015808,Triticum_aestivum,0,0,0.5
OG0015808,Oryza_sativa,0,-1,0.154715
OG0015808,Brachypodium_distachyon,0,-1,0.102088
OG0015810,Avena_sativa,0,-1,0.0818261
OG0015810,Arabidopsis_thaliana,5,3,0.030694
OG0015810,Triticum_turgidum,0,-1,0.0115245
OG0015810,Zea_mays,0,0,0.5
OG0015810,Sorghum_bicolor,0,0,0.5
OG0015810,Hordeum_vulgare,1,0,0.522556
OG0015810,Triticum_aestivum,1,0,0.507693
OG0015810,Oryza_sativa,1,0,0.605212
OG0015810,Brachypodium_distachyon,0,-1,0.102088
OG0015816,Avena_sativa,0,-1,0.0818261
OG0015816,Arabidopsis_thaliana,3,2,0.0414086
OG0015816,Triticum_turgidum,3,2,2.98E-05
OG0015816,Zea_mays,0,0,0.5
OG0015816,Sorghum_bicolor,0,0,0.5
OG0015816,Hordeum_vulgare,0,-1,0.0337031
OG0015816,Triticum_aestivum,0,-1,0.0115245
OG0015816,Oryza_sativa,1,0,0.605212
OG0015816,Brachypodium_distachyon,0,-1,0.102088
OG0015828,Avena_sativa,0,-1,0.0818261
OG0015828,Arabidopsis_thaliana,2,1,0.137178
OG0015828,Triticum_turgidum,0,-1,0.0115245
OG0015828,Zea_mays,1,0,0.54662
OG0015828,Sorghum_bicolor,1,0,0.54662
OG0015828,Hordeum_vulgare,0,-1,0.0337031
OG0015828,Triticum_aestivum,1,0,0.507693
OG0015828,Oryza_sativa,0,-1,0.154715
OG0015828,Brachypodium_distachyon,1,0,0.56891
OG0015843,Avena_sativa,1,0,0.555086
OG0015843,Arabidopsis_thaliana,1,0,0.756301
OG0015843,Triticum_turgidum,0,-1,0.0115245
OG0015843,Zea_mays,1,0,0.54662
OG0015843,Sorghum_bicolor,1,0,0.54662
OG0015843,Hordeum_vulgare,0,-1,0.0337031
OG0015843,Triticum_aestivum,1,0,0.507693
OG0015843,Oryza_sativa,0,-1,0.154715
OG0015843,Brachypodium_distachyon,1,0,0.56891
OG0015844,Avena_sativa,1,0,0.555086
OG0015844,Arabidopsis_thaliana,1,0,0.756301
OG0015844,Triticum_turgidum,0,-1,0.0115245
OG0015844,Zea_mays,1,0,0.54662
OG0015844,Sorghum_bicolor,1,0,0.54662
OG0015844,Hordeum_vulgare,0,-1,0.0337031
OG0015844,Triticum_aestivum,1,0,0.507693
OG0015844,Oryza_sativa,0,-1,0.154715
OG0015844,Brachypodium_distachyon,1,0,0.56891
OG0015848,Avena_sativa,1,0,0.555086
OG0015848,Arabidopsis_thaliana,1,0,0.756301
OG0015848,Triticum_turgidum,1,0,0.507693
OG0015848,Zea_mays,1,0,0.54662
OG0015848,Sorghum_bicolor,1,0,0.54662
OG0015848,Hordeum_vulgare,0,-1,0.0337031
OG0015848,Triticum_aestivum,0,-1,0.0115245
OG0015848,Oryza_sativa,0,-1,0.154715
OG0015848,Brachypodium_distachyon,1,0,0.56891
OG0015850,Avena_sativa,0,-1,0.0818261
OG0015850,Arabidopsis_thaliana,2,1,0.137178
OG0015850,Triticum_turgidum,0,-1,0.0115245
OG0015850,Zea_mays,1,0,0.54662
OG0015850,Sorghum_bicolor,1,0,0.54662
OG0015850,Hordeum_vulgare,0,-1,0.0337031
OG0015850,Triticum_aestivum,1,0,0.507693
OG0015850,Oryza_sativa,0,-1,0.154715
OG0015850,Brachypodium_distachyon,2,1,0.0355493
OG0015855,Avena_sativa,0,-1,0.0818261
OG0015855,Arabidopsis_thaliana,1,0,0.756301
OG0015855,Triticum_turgidum,1,0,0.507693
OG0015855,Zea_mays,0,-1,0.0693598
OG0015855,Sorghum_bicolor,3,2,0.00113794
OG0015855,Hordeum_vulgare,1,0,0.522556
OG0015855,Triticum_aestivum,0,-1,0.0115245
OG0015855,Oryza_sativa,1,0,0.605212
OG0015855,Brachypodium_distachyon,1,0,0.56891
OG0015857,Avena_sativa,1,0,0.555086
OG0015857,Arabidopsis_thaliana,1,0,0.756301
OG0015857,Triticum_turgidum,0,-1,0.0115245
OG0015857,Zea_mays,1,0,0.54662
OG0015857,Sorghum_bicolor,1,0,0.54662
OG0015857,Hordeum_vulgare,0,-1,0.0337031
OG0015857,Triticum_aestivum,1,0,0.507693
OG0015857,Oryza_sativa,0,-1,0.154715
OG0015857,Brachypodium_distachyon,1,0,0.56891
OG0015863,Avena_sativa,0,-1,0.0818261
OG0015863,Arabidopsis_thaliana,1,0,0.756301
OG0015863,Triticum_turgidum,0,-1,0.0115245
OG0015863,Zea_mays,2,1,0.0238258
OG0015863,Sorghum_bicolor,1,0,0.54662
OG0015863,Hordeum_vulgare,1,0,0.522556
OG0015863,Triticum_aestivum,1,0,0.507693
OG0015863,Oryza_sativa,0,-1,0.154715
OG0015863,Brachypodium_distachyon,1,0,0.56891
OG0015867,Avena_sativa,0,-1,0.0818261
OG0015867,Arabidopsis_thaliana,1,0,0.756301
OG0015867,Triticum_turgidum,1,0,0.507693
OG0015867,Zea_mays,0,0,0.5
OG0015867,Sorghum_bicolor,0,0,0.5
OG0015867,Hordeum_vulgare,5,4,1.35E-07
OG0015867,Triticum_aestivum,1,0,0.507693
OG0015867,Oryza_sativa,0,-1,0.154715
OG0015867,Brachypodium_distachyon,0,-1,0.102088
OG0015878,Avena_sativa,0,-1,0.0818261
OG0015878,Arabidopsis_thaliana,1,0,0.756301
OG0015878,Triticum_turgidum,0,-1,0.0115245
OG0015878,Zea_mays,2,1,0.0238258
OG0015878,Sorghum_bicolor,1,0,0.54662
OG0015878,Hordeum_vulgare,1,0,0.522556
OG0015878,Triticum_aestivum,1,0,0.507693
OG0015878,Oryza_sativa,0,-1,0.154715
OG0015878,Brachypodium_distachyon,1,0,0.56891
OG0015893,Avena_sativa,0,-1,0.0818261
OG0015893,Arabidopsis_thaliana,1,0,0.756301
OG0015893,Triticum_turgidum,0,-1,0.0115245
OG0015893,Zea_mays,2,1,0.0238258
OG0015893,Sorghum_bicolor,1,0,0.54662
OG0015893,Hordeum_vulgare,1,0,0.522556
OG0015893,Triticum_aestivum,1,0,0.507693
OG0015893,Oryza_sativa,0,-1,0.154715
OG0015893,Brachypodium_distachyon,1,0,0.56891
OG0015895,Avena_sativa,0,-1,0.0818261
OG0015895,Arabidopsis_thaliana,1,0,0.756301
OG0015895,Triticum_turgidum,0,-1,0.0115245
OG0015895,Zea_mays,1,0,0.54662
OG0015895,Sorghum_bicolor,0,-1,0.0693598
OG0015895,Hordeum_vulgare,2,1,0.011402
OG0015895,Triticum_aestivum,1,0,0.507693
OG0015895,Oryza_sativa,1,0,0.605212
OG0015895,Brachypodium_distachyon,0,-1,0.102088
OG0015900,Avena_sativa,0,-1,0.0818261
OG0015900,Arabidopsis_thaliana,1,0,0.756301
OG0015900,Triticum_turgidum,0,-1,0.0115245
OG0015900,Zea_mays,2,1,0.0238258
OG0015900,Sorghum_bicolor,1,0,0.54662
OG0015900,Hordeum_vulgare,0,-1,0.0337031
OG0015900,Triticum_aestivum,1,0,0.507693
OG0015900,Oryza_sativa,1,0,0.605212
OG0015900,Brachypodium_distachyon,1,0,0.56891
OG0015902,Avena_sativa,0,-1,0.0818261
OG0015902,Arabidopsis_thaliana,1,0,0.756301
OG0015902,Triticum_turgidum,0,-1,0.0115245
OG0015902,Zea_mays,0,-1,0.0693598
OG0015902,Sorghum_bicolor,1,0,0.54662
OG0015902,Hordeum_vulgare,1,0,0.522556
OG0015902,Triticum_aestivum,1,0,0.507693
OG0015902,Oryza_sativa,1,0,0.605212
OG0015902,Brachypodium_distachyon,1,0,0.56891
OG0015910,Avena_sativa,1,0,0.555086
OG0015910,Arabidopsis_thaliana,1,0,0.756301
OG0015910,Triticum_turgidum,0,-1,0.0115245
OG0015910,Zea_mays,0,-1,0.0693598
OG0015910,Sorghum_bicolor,1,0,0.54662
OG0015910,Hordeum_vulgare,0,-1,0.0337031
OG0015910,Triticum_aestivum,1,0,0.507693
OG0015910,Oryza_sativa,1,0,0.605212
OG0015910,Brachypodium_distachyon,1,0,0.56891
OG0015925,Avena_sativa,0,0,0.5
OG0015925,Arabidopsis_thaliana,1,0,0.756301
OG0015925,Triticum_turgidum,0,0,0.5
OG0015925,Zea_mays,1,0,0.54662
OG0015925,Sorghum_bicolor,3,2,0.00113794
OG0015925,Hordeum_vulgare,0,0,0.5
OG0015925,Triticum_aestivum,0,0,0.5
OG0015925,Oryza_sativa,5,4,7.61E-05
OG0015925,Brachypodium_distachyon,0,0,0.5
OG0015932,Avena_sativa,0,-1,0.0818261
OG0015932,Arabidopsis_thaliana,1,0,0.756301
OG0015932,Triticum_turgidum,0,-1,0.0115245
OG0015932,Zea_mays,0,-1,0.0693598
OG0015932,Sorghum_bicolor,1,0,0.54662
OG0015932,Hordeum_vulgare,1,0,0.522556
OG0015932,Triticum_aestivum,1,0,0.507693
OG0015932,Oryza_sativa,1,0,0.605212
OG0015932,Brachypodium_distachyon,2,1,0.0355493
OG0015936,Avena_sativa,1,0,0.555086
OG0015936,Arabidopsis_thaliana,1,0,0.756301
OG0015936,Triticum_turgidum,0,-1,0.0115245
OG0015936,Zea_mays,0,-1,0.0693598
OG0015936,Sorghum_bicolor,1,0,0.54662
OG0015936,Hordeum_vulgare,0,-1,0.0337031
OG0015936,Triticum_aestivum,1,0,0.507693
OG0015936,Oryza_sativa,1,0,0.605212
OG0015936,Brachypodium_distachyon,1,0,0.56891
OG0015947,Avena_sativa,1,0,0.555086
OG0015947,Arabidopsis_thaliana,1,0,0.756301
OG0015947,Triticum_turgidum,0,-1,0.0115245
OG0015947,Zea_mays,0,-1,0.0693598
OG0015947,Sorghum_bicolor,2,1,0.0238258
OG0015947,Hordeum_vulgare,0,-1,0.0337031
OG0015947,Triticum_aestivum,1,0,0.507693
OG0015947,Oryza_sativa,0,-1,0.154715
OG0015947,Brachypodium_distachyon,2,1,0.0355493
OG0015951,Avena_sativa,2,1,0.0282556
OG0015951,Arabidopsis_thaliana,1,0,0.756301
OG0015951,Triticum_turgidum,0,0,0.5
OG0015951,Zea_mays,0,0,0.5
OG0015951,Sorghum_bicolor,0,0,0.5
OG0015951,Hordeum_vulgare,0,0,0.5
OG0015951,Triticum_aestivum,0,0,0.5
OG0015951,Oryza_sativa,0,-1,0.154715
OG0015951,Brachypodium_distachyon,3,2,0.00254048
OG0015953,Avena_sativa,0,-1,0.0818261
OG0015953,Arabidopsis_thaliana,1,0,0.756301
OG0015953,Triticum_turgidum,0,-1,0.0115245
OG0015953,Zea_mays,0,0,0.5
OG0015953,Sorghum_bicolor,0,0,0.5
OG0015953,Hordeum_vulgare,0,-1,0.0337031
OG0015953,Triticum_aestivum,2,1,0.00386114
OG0015953,Oryza_sativa,1,0,0.605212
OG0015953,Brachypodium_distachyon,2,1,0.0355493
OG0016261,Avena_sativa,1,0,0.555086
OG0016261,Arabidopsis_thaliana,1,0,0.756301
OG0016261,Triticum_turgidum,0,0,0.5
OG0016261,Zea_mays,0,-1,0.0693598
OG0016261,Sorghum_bicolor,2,1,0.0238258
OG0016261,Hordeum_vulgare,2,1,0.011402
OG0016261,Triticum_aestivum,0,0,0.5
OG0016261,Oryza_sativa,0,-1,0.154715
OG0016261,Brachypodium_distachyon,1,0,0.56891
OG0016264,Avena_sativa,0,-1,0.0818261
OG0016264,Arabidopsis_thaliana,2,1,0.137178
OG0016264,Triticum_turgidum,0,-1,0.0115245
OG0016264,Zea_mays,1,0,0.54662
OG0016264,Sorghum_bicolor,1,0,0.54662
OG0016264,Hordeum_vulgare,1,0,0.522556
OG0016264,Triticum_aestivum,1,0,0.507693
OG0016264,Oryza_sativa,0,-1,0.154715
OG0016264,Brachypodium_distachyon,0,-1,0.102088
OG0016265,Avena_sativa,0,-1,0.0818261
OG0016265,Arabidopsis_thaliana,2,1,0.137178
OG0016265,Triticum_turgidum,1,0,0.507693
OG0016265,Zea_mays,0,0,0.5
OG0016265,Sorghum_bicolor,0,0,0.5
OG0016265,Hordeum_vulgare,0,-1,0.0337031
OG0016265,Triticum_aestivum,1,0,0.507693
OG0016265,Oryza_sativa,0,-1,0.154715
OG0016265,Brachypodium_distachyon,0,-1,0.102088
OG0016266,Avena_sativa,0,-1,0.0818261
OG0016266,Arabidopsis_thaliana,1,0,0.756301
OG0016266,Triticum_turgidum,0,-1,0.0115245
OG0016266,Zea_mays,0,-1,0.0693598
OG0016266,Sorghum_bicolor,1,0,0.54662
OG0016266,Hordeum_vulgare,0,-1,0.0337031
OG0016266,Triticum_aestivum,2,1,0.00386114
OG0016266,Oryza_sativa,1,0,0.605212
OG0016266,Brachypodium_distachyon,1,0,0.56891
OG0016276,Avena_sativa,0,0,0.5
OG0016276,Arabidopsis_thaliana,1,0,0.756301
OG0016276,Triticum_turgidum,0,0,0.5
OG0016276,Zea_mays,5,4,2.60E-06
OG0016276,Sorghum_bicolor,1,0,0.54662
OG0016276,Hordeum_vulgare,0,0,0.5
OG0016276,Triticum_aestivum,0,0,0.5
OG0016276,Oryza_sativa,1,0,0.605212
OG0016276,Brachypodium_distachyon,1,0,0.56891
OG0016282,Avena_sativa,0,-1,0.0818261
OG0016282,Arabidopsis_thaliana,1,0,0.756301
OG0016282,Triticum_turgidum,0,-1,0.0115245
OG0016282,Zea_mays,1,0,0.54662
OG0016282,Sorghum_bicolor,1,0,0.54662
OG0016282,Hordeum_vulgare,0,-1,0.0337031
OG0016282,Triticum_aestivum,1,0,0.507693
OG0016282,Oryza_sativa,1,0,0.605212
OG0016282,Brachypodium_distachyon,1,0,0.56891
OG0016294,Avena_sativa,0,-1,0.0818261
OG0016294,Arabidopsis_thaliana,1,0,0.756301
OG0016294,Triticum_turgidum,0,-1,0.0115245
OG0016294,Zea_mays,0,0,0.5
OG0016294,Sorghum_bicolor,0,0,0.5
OG0016294,Hordeum_vulgare,0,-1,0.0337031
OG0016294,Triticum_aestivum,2,1,0.00386114
OG0016294,Oryza_sativa,0,-1,0.154715
OG0016294,Brachypodium_distachyon,0,-1,0.102088
OG0016295,Avena_sativa,0,-1,0.0818261
OG0016295,Arabidopsis_thaliana,1,0,0.756301
OG0016295,Triticum_turgidum,0,-1,0.0115245
OG0016295,Zea_mays,1,0,0.54662
OG0016295,Sorghum_bicolor,1,0,0.54662
OG0016295,Hordeum_vulgare,2,1,0.011402
OG0016295,Triticum_aestivum,1,0,0.507693
OG0016295,Oryza_sativa,1,0,0.605212
OG0016295,Brachypodium_distachyon,0,-1,0.102088
OG0016304,Avena_sativa,0,-1,0.0818261
OG0016304,Arabidopsis_thaliana,1,0,0.756301
OG0016304,Triticum_turgidum,0,-1,0.0115245
OG0016304,Zea_mays,0,-1,0.0693598
OG0016304,Sorghum_bicolor,2,1,0.0238258
OG0016304,Hordeum_vulgare,1,0,0.522556
OG0016304,Triticum_aestivum,1,0,0.507693
OG0016304,Oryza_sativa,2,1,0.055018
OG0016304,Brachypodium_distachyon,1,0,0.56891
OG0016305,Avena_sativa,0,-1,0.0818261
OG0016305,Arabidopsis_thaliana,2,1,0.137178
OG0016305,Triticum_turgidum,0,-1,0.0115245
OG0016305,Zea_mays,2,1,0.0238258
OG0016305,Sorghum_bicolor,0,-1,0.0693598
OG0016305,Hordeum_vulgare,0,-1,0.0337031
OG0016305,Triticum_aestivum,1,0,0.507693
OG0016305,Oryza_sativa,1,0,0.605212
OG0016305,Brachypodium_distachyon,1,0,0.56891
OG0016307,Avena_sativa,0,-1,0.0818261
OG0016307,Arabidopsis_thaliana,1,0,0.756301
OG0016307,Triticum_turgidum,2,1,0.00386114
OG0016307,Zea_mays,5,4,2.60E-06
OG0016307,Sorghum_bicolor,0,-1,0.0693598
OG0016307,Hordeum_vulgare,0,-1,0.0337031
OG0016307,Triticum_aestivum,0,-1,0.0115245
OG0016307,Oryza_sativa,0,-1,0.154715
OG0016307,Brachypodium_distachyon,0,-1,0.102088
OG0016313,Avena_sativa,1,0,0.555086
OG0016313,Arabidopsis_thaliana,2,1,0.137178
OG0016313,Triticum_turgidum,0,-1,0.0115245
OG0016313,Zea_mays,0,-1,0.0693598
OG0016313,Sorghum_bicolor,1,0,0.54662
OG0016313,Hordeum_vulgare,0,-1,0.0337031
OG0016313,Triticum_aestivum,1,0,0.507693
OG0016313,Oryza_sativa,0,-1,0.154715
OG0016313,Brachypodium_distachyon,0,-1,0.102088
OG0016316,Avena_sativa,0,-1,0.0818261
OG0016316,Arabidopsis_thaliana,1,0,0.756301
OG0016316,Triticum_turgidum,0,-1,0.0115245
OG0016316,Zea_mays,3,2,0.00113794
OG0016316,Sorghum_bicolor,1,0,0.54662
OG0016316,Hordeum_vulgare,0,-1,0.0337031
OG0016316,Triticum_aestivum,1,0,0.507693
OG0016316,Oryza_sativa,0,-1,0.154715
OG0016316,Brachypodium_distachyon,1,0,0.56891
OG0016327,Avena_sativa,0,0,0.5
OG0016327,Arabidopsis_thaliana,1,0,0.756301
OG0016327,Triticum_turgidum,0,0,0.5
OG0016327,Zea_mays,0,0,0.5
OG0016327,Sorghum_bicolor,0,0,0.5
OG0016327,Hordeum_vulgare,0,0,0.5
OG0016327,Triticum_aestivum,0,0,0.5
OG0016327,Oryza_sativa,8,7,1.05E-07
OG0016327,Brachypodium_distachyon,0,0,0.5
OG0016329,Avena_sativa,0,-1,0.0818261
OG0016329,Arabidopsis_thaliana,1,0,0.756301
OG0016329,Triticum_turgidum,2,1,0.00386114
OG0016329,Zea_mays,0,-1,0.0693598
OG0016329,Sorghum_bicolor,1,0,0.54662
OG0016329,Hordeum_vulgare,0,-1,0.0337031
OG0016329,Triticum_aestivum,1,0,0.507693
OG0016329,Oryza_sativa,0,-1,0.154715
OG0016329,Brachypodium_distachyon,1,0,0.56891
OG0016330,Avena_sativa,0,-1,0.0818261
OG0016330,Arabidopsis_thaliana,1,0,0.756301
OG0016330,Triticum_turgidum,2,1,0.00386114
OG0016330,Zea_mays,2,1,0.0238258
OG0016330,Sorghum_bicolor,0,-1,0.0693598
OG0016330,Hordeum_vulgare,0,-1,0.0337031
OG0016330,Triticum_aestivum,1,0,0.507693
OG0016330,Oryza_sativa,0,-1,0.154715
OG0016330,Brachypodium_distachyon,0,-1,0.102088
OG0016602,Avena_sativa,0,-1,0.0818261
OG0016602,Arabidopsis_thaliana,1,0,0.756301
OG0016602,Triticum_turgidum,0,-1,0.0115245
OG0016602,Zea_mays,0,0,0.5
OG0016602,Sorghum_bicolor,0,0,0.5
OG0016602,Hordeum_vulgare,1,0,0.522556
OG0016602,Triticum_aestivum,1,0,0.507693
OG0016602,Oryza_sativa,2,1,0.055018
OG0016602,Brachypodium_distachyon,1,0,0.56891
OG0016610,Avena_sativa,0,-1,0.0818261
OG0016610,Arabidopsis_thaliana,1,0,0.756301
OG0016610,Triticum_turgidum,0,-1,0.0115245
OG0016610,Zea_mays,2,1,0.0238258
OG0016610,Sorghum_bicolor,1,0,0.54662
OG0016610,Hordeum_vulgare,0,-1,0.0337031
OG0016610,Triticum_aestivum,1,0,0.507693
OG0016610,Oryza_sativa,0,-1,0.154715
OG0016610,Brachypodium_distachyon,1,0,0.56891
OG0016614,Avena_sativa,0,-1,0.0818261
OG0016614,Arabidopsis_thaliana,1,0,0.756301
OG0016614,Triticum_turgidum,0,-1,0.0115245
OG0016614,Zea_mays,1,0,0.54662
OG0016614,Sorghum_bicolor,1,0,0.54662
OG0016614,Hordeum_vulgare,0,-1,0.0337031
OG0016614,Triticum_aestivum,1,0,0.507693
OG0016614,Oryza_sativa,0,-1,0.154715
OG0016614,Brachypodium_distachyon,1,0,0.56891
OG0016615,Avena_sativa,0,-1,0.0818261
OG0016615,Arabidopsis_thaliana,1,0,0.756301
OG0016615,Triticum_turgidum,0,-1,0.0115245
OG0016615,Zea_mays,0,-1,0.0693598
OG0016615,Sorghum_bicolor,1,0,0.54662
OG0016615,Hordeum_vulgare,1,0,0.522556
OG0016615,Triticum_aestivum,1,0,0.507693
OG0016615,Oryza_sativa,1,0,0.605212
OG0016615,Brachypodium_distachyon,0,-1,0.102088
OG0016616,Avena_sativa,0,-1,0.0818261
OG0016616,Arabidopsis_thaliana,1,0,0.756301
OG0016616,Triticum_turgidum,0,-1,0.0115245
OG0016616,Zea_mays,2,1,0.0238258
OG0016616,Sorghum_bicolor,0,-1,0.0693598
OG0016616,Hordeum_vulgare,0,-1,0.0337031
OG0016616,Triticum_aestivum,1,0,0.507693
OG0016616,Oryza_sativa,1,0,0.605212
OG0016616,Brachypodium_distachyon,0,-1,0.102088
OG0016624,Avena_sativa,0,-1,0.0818261
OG0016624,Arabidopsis_thaliana,2,1,0.137178
OG0016624,Triticum_turgidum,1,0,0.507693
OG0016624,Zea_mays,0,0,0.5
OG0016624,Sorghum_bicolor,0,0,0.5
OG0016624,Hordeum_vulgare,0,-1,0.0337031
OG0016624,Triticum_aestivum,1,0,0.507693
OG0016624,Oryza_sativa,2,1,0.055018
OG0016624,Brachypodium_distachyon,0,-1,0.102088
OG0016628,Avena_sativa,0,-1,0.0818261
OG0016628,Arabidopsis_thaliana,1,0,0.756301
OG0016628,Triticum_turgidum,0,-1,0.0115245
OG0016628,Zea_mays,1,0,0.54662
OG0016628,Sorghum_bicolor,1,0,0.54662
OG0016628,Hordeum_vulgare,0,-1,0.0337031
OG0016628,Triticum_aestivum,1,0,0.507693
OG0016628,Oryza_sativa,1,0,0.605212
OG0016628,Brachypodium_distachyon,1,0,0.56891
OG0016633,Avena_sativa,0,-1,0.0818261
OG0016633,Arabidopsis_thaliana,1,0,0.756301
OG0016633,Triticum_turgidum,0,-1,0.0115245
OG0016633,Zea_mays,0,-1,0.0693598
OG0016633,Sorghum_bicolor,1,0,0.54662
OG0016633,Hordeum_vulgare,0,-1,0.0337031
OG0016633,Triticum_aestivum,1,0,0.507693
OG0016633,Oryza_sativa,1,0,0.605212
OG0016633,Brachypodium_distachyon,1,0,0.56891
OG0016634,Avena_sativa,0,-1,0.0818261
OG0016634,Arabidopsis_thaliana,1,0,0.756301
OG0016634,Triticum_turgidum,1,0,0.507693
OG0016634,Zea_mays,0,-1,0.0693598
OG0016634,Sorghum_bicolor,1,0,0.54662
OG0016634,Hordeum_vulgare,0,-1,0.0337031
OG0016634,Triticum_aestivum,1,0,0.507693
OG0016634,Oryza_sativa,0,-1,0.154715
OG0016634,Brachypodium_distachyon,1,0,0.56891
OG0016636,Avena_sativa,0,-1,0.0818261
OG0016636,Arabidopsis_thaliana,2,1,0.137178
OG0016636,Triticum_turgidum,0,-1,0.0115245
OG0016636,Zea_mays,0,-1,0.0693598
OG0016636,Sorghum_bicolor,1,0,0.54662
OG0016636,Hordeum_vulgare,0,-1,0.0337031
OG0016636,Triticum_aestivum,1,0,0.507693
OG0016636,Oryza_sativa,1,0,0.605212
OG0016636,Brachypodium_distachyon,1,0,0.56891
OG0016637,Avena_sativa,1,0,0.555086
OG0016637,Arabidopsis_thaliana,1,0,0.756301
OG0016637,Triticum_turgidum,0,-1,0.0115245
OG0016637,Zea_mays,1,0,0.54662
OG0016637,Sorghum_bicolor,0,-1,0.0693598
OG0016637,Hordeum_vulgare,0,-1,0.0337031
OG0016637,Triticum_aestivum,1,0,0.507693
OG0016637,Oryza_sativa,0,-1,0.154715
OG0016637,Brachypodium_distachyon,1,0,0.56891
OG0016639,Avena_sativa,0,-1,0.0818261
OG0016639,Arabidopsis_thaliana,1,0,0.756301
OG0016639,Triticum_turgidum,0,-1,0.0115245
OG0016639,Zea_mays,0,-1,0.0693598
OG0016639,Sorghum_bicolor,1,0,0.54662
OG0016639,Hordeum_vulgare,0,-1,0.0337031
OG0016639,Triticum_aestivum,1,0,0.507693
OG0016639,Oryza_sativa,1,0,0.605212
OG0016639,Brachypodium_distachyon,1,0,0.56891
OG0016642,Avena_sativa,0,-1,0.0818261
OG0016642,Arabidopsis_thaliana,1,0,0.756301
OG0016642,Triticum_turgidum,1,0,0.507693
OG0016642,Zea_mays,0,-1,0.0693598
OG0016642,Sorghum_bicolor,2,1,0.0238258
OG0016642,Hordeum_vulgare,0,-1,0.0337031
OG0016642,Triticum_aestivum,1,0,0.507693
OG0016642,Oryza_sativa,1,0,0.605212
OG0016642,Brachypodium_distachyon,0,-1,0.102088
OG0016643,Avena_sativa,1,0,0.555086
OG0016643,Arabidopsis_thaliana,1,0,0.756301
OG0016643,Triticum_turgidum,0,0,0.5
OG0016643,Zea_mays,0,-1,0.0693598
OG0016643,Sorghum_bicolor,2,1,0.0238258
OG0016643,Hordeum_vulgare,1,0,0.522556
OG0016643,Triticum_aestivum,0,0,0.5
OG0016643,Oryza_sativa,0,-1,0.154715
OG0016643,Brachypodium_distachyon,1,0,0.56891
OG0016649,Avena_sativa,0,-1,0.0818261
OG0016649,Arabidopsis_thaliana,1,0,0.756301
OG0016649,Triticum_turgidum,0,-1,0.0115245
OG0016649,Zea_mays,1,0,0.54662
OG0016649,Sorghum_bicolor,1,0,0.54662
OG0016649,Hordeum_vulgare,0,-1,0.0337031
OG0016649,Triticum_aestivum,1,0,0.507693
OG0016649,Oryza_sativa,1,0,0.605212
OG0016649,Brachypodium_distachyon,1,0,0.56891
OG0016654,Avena_sativa,0,-1,0.0818261
OG0016654,Arabidopsis_thaliana,1,0,0.756301
OG0016654,Triticum_turgidum,0,-1,0.0115245
OG0016654,Zea_mays,0,-1,0.0693598
OG0016654,Sorghum_bicolor,1,0,0.54662
OG0016654,Hordeum_vulgare,0,-1,0.0337031
OG0016654,Triticum_aestivum,1,0,0.507693
OG0016654,Oryza_sativa,2,1,0.055018
OG0016654,Brachypodium_distachyon,1,0,0.56891
OG0016657,Avena_sativa,0,-1,0.0818261
OG0016657,Arabidopsis_thaliana,1,0,0.756301
OG0016657,Triticum_turgidum,1,0,0.507693
OG0016657,Zea_mays,0,-1,0.0693598
OG0016657,Sorghum_bicolor,1,0,0.54662
OG0016657,Hordeum_vulgare,1,0,0.522556
OG0016657,Triticum_aestivum,0,-1,0.0115245
OG0016657,Oryza_sativa,1,0,0.605212
OG0016657,Brachypodium_distachyon,1,0,0.56891
OG0016658,Avena_sativa,0,-1,0.0818261
OG0016658,Arabidopsis_thaliana,1,0,0.756301
OG0016658,Triticum_turgidum,0,-1,0.0115245
OG0016658,Zea_mays,0,0,0.5
OG0016658,Sorghum_bicolor,0,0,0.5
OG0016658,Hordeum_vulgare,0,-1,0.0337031
OG0016658,Triticum_aestivum,2,1,0.00386114
OG0016658,Oryza_sativa,0,-1,0.154715
OG0016658,Brachypodium_distachyon,1,0,0.56891
OG0016922,Avena_sativa,1,0,0.555086
OG0016922,Arabidopsis_thaliana,1,0,0.756301
OG0016922,Triticum_turgidum,1,0,0.507693
OG0016922,Zea_mays,0,0,0.5
OG0016922,Sorghum_bicolor,0,0,0.5
OG0016922,Hordeum_vulgare,0,-1,0.0337031
OG0016922,Triticum_aestivum,0,-1,0.0115245
OG0016922,Oryza_sativa,0,-1,0.154715
OG0016922,Brachypodium_distachyon,1,0,0.56891
OG0016923,Avena_sativa,2,1,0.0282556
OG0016923,Arabidopsis_thaliana,1,0,0.756301
OG0016923,Triticum_turgidum,0,0,0.5
OG0016923,Zea_mays,0,0,0.5
OG0016923,Sorghum_bicolor,0,0,0.5
OG0016923,Hordeum_vulgare,1,0,0.522556
OG0016923,Triticum_aestivum,0,0,0.5
OG0016923,Oryza_sativa,0,-1,0.154715
OG0016923,Brachypodium_distachyon,0,-1,0.102088
OG0016924,Avena_sativa,0,-1,0.0818261
OG0016924,Arabidopsis_thaliana,1,0,0.756301
OG0016924,Triticum_turgidum,0,-1,0.0115245
OG0016924,Zea_mays,0,-1,0.0693598
OG0016924,Sorghum_bicolor,1,0,0.54662
OG0016924,Hordeum_vulgare,1,0,0.522556
OG0016924,Triticum_aestivum,1,0,0.507693
OG0016924,Oryza_sativa,0,-1,0.154715
OG0016924,Brachypodium_distachyon,1,0,0.56891
OG0016933,Avena_sativa,0,-1,0.0818261
OG0016933,Arabidopsis_thaliana,1,0,0.756301
OG0016933,Triticum_turgidum,1,0,0.507693
OG0016933,Zea_mays,1,0,0.54662
OG0016933,Sorghum_bicolor,0,-1,0.0693598
OG0016933,Hordeum_vulgare,1,0,0.522556
OG0016933,Triticum_aestivum,0,-1,0.0115245
OG0016933,Oryza_sativa,1,0,0.605212
OG0016933,Brachypodium_distachyon,0,-1,0.102088
OG0016940,Avena_sativa,0,-1,0.0818261
OG0016940,Arabidopsis_thaliana,1,0,0.756301
OG0016940,Triticum_turgidum,1,0,0.507693
OG0016940,Zea_mays,0,-1,0.0693598
OG0016940,Sorghum_bicolor,1,0,0.54662
OG0016940,Hordeum_vulgare,1,0,0.522556
OG0016940,Triticum_aestivum,0,-1,0.0115245
OG0016940,Oryza_sativa,1,0,0.605212
OG0016940,Brachypodium_distachyon,1,0,0.56891
OG0016950,Avena_sativa,0,-1,0.0818261
OG0016950,Arabidopsis_thaliana,1,0,0.756301
OG0016950,Triticum_turgidum,0,-1,0.0115245
OG0016950,Zea_mays,0,-1,0.0693598
OG0016950,Sorghum_bicolor,1,0,0.54662
OG0016950,Hordeum_vulgare,0,-1,0.0337031
OG0016950,Triticum_aestivum,1,0,0.507693
OG0016950,Oryza_sativa,1,0,0.605212
OG0016950,Brachypodium_distachyon,1,0,0.56891
OG0016957,Avena_sativa,0,0,0.5
OG0016957,Arabidopsis_thaliana,1,0,0.756301
OG0016957,Triticum_turgidum,0,0,0.5
OG0016957,Zea_mays,6,5,1.24E-07
OG0016957,Sorghum_bicolor,0,-1,0.0693598
OG0016957,Hordeum_vulgare,0,0,0.5
OG0016957,Triticum_aestivum,0,0,0.5
OG0016957,Oryza_sativa,0,0,0.5
OG0016957,Brachypodium_distachyon,0,0,0.5
OG0016965,Avena_sativa,2,1,0.0282556
OG0016965,Arabidopsis_thaliana,1,0,0.756301
OG0016965,Triticum_turgidum,0,0,0.5
OG0016965,Zea_mays,0,0,0.5
OG0016965,Sorghum_bicolor,0,0,0.5
OG0016965,Hordeum_vulgare,0,0,0.5
OG0016965,Triticum_aestivum,0,0,0.5
OG0016965,Oryza_sativa,0,-1,0.154715
OG0016965,Brachypodium_distachyon,0,-1,0.102088
OG0016967,Avena_sativa,0,-1,0.0818261
OG0016967,Arabidopsis_thaliana,1,0,0.756301
OG0016967,Triticum_turgidum,0,-1,0.0115245
OG0016967,Zea_mays,0,-1,0.0693598
OG0016967,Sorghum_bicolor,1,0,0.54662
OG0016967,Hordeum_vulgare,0,-1,0.0337031
OG0016967,Triticum_aestivum,1,0,0.507693
OG0016967,Oryza_sativa,1,0,0.605212
OG0016967,Brachypodium_distachyon,1,0,0.56891
OG0016968,Avena_sativa,0,-1,0.0818261
OG0016968,Arabidopsis_thaliana,1,0,0.756301
OG0016968,Triticum_turgidum,0,0,0.5
OG0016968,Zea_mays,2,1,0.0238258
OG0016968,Sorghum_bicolor,1,0,0.54662
OG0016968,Hordeum_vulgare,1,0,0.522556
OG0016968,Triticum_aestivum,0,0,0.5
OG0016968,Oryza_sativa,0,-1,0.154715
OG0016968,Brachypodium_distachyon,1,0,0.56891
OG0016969,Avena_sativa,0,-1,0.0818261
OG0016969,Arabidopsis_thaliana,1,0,0.756301
OG0016969,Triticum_turgidum,0,0,0.5
OG0016969,Zea_mays,1,0,0.54662
OG0016969,Sorghum_bicolor,0,-1,0.0693598
OG0016969,Hordeum_vulgare,4,3,5.94E-06
OG0016969,Triticum_aestivum,0,0,0.5
OG0016969,Oryza_sativa,0,-1,0.154715
OG0016969,Brachypodium_distachyon,0,-1,0.102088
OG0016973,Avena_sativa,0,-1,0.0818261
OG0016973,Arabidopsis_thaliana,1,0,0.756301
OG0016973,Triticum_turgidum,1,0,0.507693
OG0016973,Zea_mays,0,0,0.5
OG0016973,Sorghum_bicolor,0,0,0.5
OG0016973,Hordeum_vulgare,4,3,5.94E-06
OG0016973,Triticum_aestivum,0,-1,0.0115245
OG0016973,Oryza_sativa,0,-1,0.154715
OG0016973,Brachypodium_distachyon,0,-1,0.102088
OG0016977,Avena_sativa,0,-1,0.0818261
OG0016977,Arabidopsis_thaliana,1,0,0.756301
OG0016977,Triticum_turgidum,1,0,0.507693
OG0016977,Zea_mays,1,0,0.54662
OG0016977,Sorghum_bicolor,1,0,0.54662
OG0016977,Hordeum_vulgare,1,0,0.522556
OG0016977,Triticum_aestivum,0,-1,0.0115245
OG0016977,Oryza_sativa,0,-1,0.154715
OG0016977,Brachypodium_distachyon,0,-1,0.102088
OG0016978,Avena_sativa,0,-1,0.0818261
OG0016978,Arabidopsis_thaliana,1,0,0.756301
OG0016978,Triticum_turgidum,1,0,0.507693
OG0016978,Zea_mays,1,0,0.54662
OG0016978,Sorghum_bicolor,1,0,0.54662
OG0016978,Hordeum_vulgare,0,-1,0.0337031
OG0016978,Triticum_aestivum,0,-1,0.0115245
OG0016978,Oryza_sativa,1,0,0.605212
OG0016978,Brachypodium_distachyon,1,0,0.56891
OG0017287,Avena_sativa,0,0,0.5
OG0017287,Arabidopsis_thaliana,3,2,0.0414086
OG0017287,Triticum_turgidum,0,0,0.5
OG0017287,Zea_mays,3,2,0.00113794
OG0017287,Sorghum_bicolor,0,-1,0.0693598
OG0017287,Hordeum_vulgare,0,0,0.5
OG0017287,Triticum_aestivum,0,0,0.5
OG0017287,Oryza_sativa,0,0,0.5
OG0017287,Brachypodium_distachyon,0,0,0.5
OG0017288,Avena_sativa,0,-1,0.0818261
OG0017288,Arabidopsis_thaliana,2,1,0.137178
OG0017288,Triticum_turgidum,1,0,0.507693
OG0017288,Zea_mays,0,0,0.5
OG0017288,Sorghum_bicolor,0,0,0.5
OG0017288,Hordeum_vulgare,0,-1,0.0337031
OG0017288,Triticum_aestivum,0,-1,0.0115245
OG0017288,Oryza_sativa,2,1,0.055018
OG0017288,Brachypodium_distachyon,0,-1,0.102088
OG0017296,Avena_sativa,0,0,0.5
OG0017296,Arabidopsis_thaliana,1,0,0.756301
OG0017296,Triticum_turgidum,0,0,0.5
OG0017296,Zea_mays,0,0,0.5
OG0017296,Sorghum_bicolor,0,0,0.5
OG0017296,Hordeum_vulgare,0,0,0.5
OG0017296,Triticum_aestivum,0,0,0.5
OG0017296,Oryza_sativa,5,4,7.61E-05
OG0017296,Brachypodium_distachyon,0,0,0.5
OG0017300,Avena_sativa,0,-1,0.0818261
OG0017300,Arabidopsis_thaliana,1,0,0.756301
OG0017300,Triticum_turgidum,0,-1,0.0115245
OG0017300,Zea_mays,0,0,0.5
OG0017300,Sorghum_bicolor,0,0,0.5
OG0017300,Hordeum_vulgare,0,-1,0.0337031
OG0017300,Triticum_aestivum,1,0,0.507693
OG0017300,Oryza_sativa,1,0,0.605212
OG0017300,Brachypodium_distachyon,1,0,0.56891
OG0017303,Avena_sativa,2,1,0.0282556
OG0017303,Arabidopsis_thaliana,1,0,0.756301
OG0017303,Triticum_turgidum,0,0,0.5
OG0017303,Zea_mays,0,0,0.5
OG0017303,Sorghum_bicolor,0,0,0.5
OG0017303,Hordeum_vulgare,0,0,0.5
OG0017303,Triticum_aestivum,0,0,0.5
OG0017303,Oryza_sativa,0,-1,0.154715
OG0017303,Brachypodium_distachyon,0,-1,0.102088
OG0017315,Avena_sativa,0,-1,0.0818261
OG0017315,Arabidopsis_thaliana,1,0,0.756301
OG0017315,Triticum_turgidum,2,1,0.00386114
OG0017315,Zea_mays,1,0,0.54662
OG0017315,Sorghum_bicolor,0,-1,0.0693598
OG0017315,Hordeum_vulgare,0,-1,0.0337031
OG0017315,Triticum_aestivum,0,-1,0.0115245
OG0017315,Oryza_sativa,0,-1,0.154715
OG0017315,Brachypodium_distachyon,0,-1,0.102088
OG0017322,Avena_sativa,1,0,0.555086
OG0017322,Arabidopsis_thaliana,1,0,0.756301
OG0017322,Triticum_turgidum,0,-1,0.0115245
OG0017322,Zea_mays,0,0,0.5
OG0017322,Sorghum_bicolor,0,0,0.5
OG0017322,Hordeum_vulgare,0,-1,0.0337031
OG0017322,Triticum_aestivum,1,0,0.507693
OG0017322,Oryza_sativa,0,-1,0.154715
OG0017322,Brachypodium_distachyon,0,-1,0.102088
OG0017331,Avena_sativa,0,-1,0.0818261
OG0017331,Arabidopsis_thaliana,1,0,0.756301
OG0017331,Triticum_turgidum,0,-1,0.0115245
OG0017331,Zea_mays,0,0,0.5
OG0017331,Sorghum_bicolor,0,0,0.5
OG0017331,Hordeum_vulgare,0,-1,0.0337031
OG0017331,Triticum_aestivum,1,0,0.507693
OG0017331,Oryza_sativa,1,0,0.605212
OG0017331,Brachypodium_distachyon,1,0,0.56891
OG0017337,Avena_sativa,0,-1,0.0818261
OG0017337,Arabidopsis_thaliana,4,2,0.0815
OG0017337,Triticum_turgidum,1,0,0.507693
OG0017337,Zea_mays,0,0,0.5
OG0017337,Sorghum_bicolor,0,0,0.5
OG0017337,Hordeum_vulgare,0,-1,0.0337031
OG0017337,Triticum_aestivum,0,-1,0.0115245
OG0017337,Oryza_sativa,0,-1,0.154715
OG0017337,Brachypodium_distachyon,0,-1,0.102088
OG0017340,Avena_sativa,0,-1,0.0818261
OG0017340,Arabidopsis_thaliana,1,0,0.756301
OG0017340,Triticum_turgidum,0,-1,0.0115245
OG0017340,Zea_mays,0,0,0.5
OG0017340,Sorghum_bicolor,0,0,0.5
OG0017340,Hordeum_vulgare,1,0,0.522556
OG0017340,Triticum_aestivum,1,0,0.507693
OG0017340,Oryza_sativa,0,-1,0.154715
OG0017340,Brachypodium_distachyon,1,0,0.56891
OG0017795,Avena_sativa,0,-1,0.0818261
OG0017795,Arabidopsis_thaliana,1,0,0.756301
OG0017795,Triticum_turgidum,0,-1,0.0115245
OG0017795,Zea_mays,1,0,0.54662
OG0017795,Sorghum_bicolor,0,-1,0.0693598
OG0017795,Hordeum_vulgare,0,-1,0.0337031
OG0017795,Triticum_aestivum,1,0,0.507693
OG0017795,Oryza_sativa,0,-1,0.154715
OG0017795,Brachypodium_distachyon,0,-1,0.102088
OG0017799,Avena_sativa,0,-1,0.0818261
OG0017799,Arabidopsis_thaliana,2,1,0.137178
OG0017799,Triticum_turgidum,0,0,0.5
OG0017799,Zea_mays,0,0,0.5
OG0017799,Sorghum_bicolor,0,0,0.5
OG0017799,Hordeum_vulgare,2,1,0.011402
OG0017799,Triticum_aestivum,0,0,0.5
OG0017799,Oryza_sativa,0,-1,0.154715
OG0017799,Brachypodium_distachyon,0,-1,0.102088
OG0017833,Avena_sativa,0,-1,0.0818261
OG0017833,Arabidopsis_thaliana,1,0,0.756301
OG0017833,Triticum_turgidum,0,-1,0.0115245
OG0017833,Zea_mays,0,0,0.5
OG0017833,Sorghum_bicolor,0,0,0.5
OG0017833,Hordeum_vulgare,0,-1,0.0337031
OG0017833,Triticum_aestivum,1,0,0.507693
OG0017833,Oryza_sativa,0,-1,0.154715
OG0017833,Brachypodium_distachyon,0,-1,0.102088
OG0017834,Avena_sativa,0,-1,0.0818261
OG0017834,Arabidopsis_thaliana,1,0,0.756301
OG0017834,Triticum_turgidum,1,0,0.507693
OG0017834,Zea_mays,0,0,0.5
OG0017834,Sorghum_bicolor,0,0,0.5
OG0017834,Hordeum_vulgare,0,-1,0.0337031
OG0017834,Triticum_aestivum,1,0,0.507693
OG0017834,Oryza_sativa,0,-1,0.154715
OG0017834,Brachypodium_distachyon,0,-1,0.102088
OG0018356,Avena_sativa,0,-1,0.0818261
OG0018356,Arabidopsis_thaliana,1,0,0.756301
OG0018356,Triticum_turgidum,0,0,0.5
OG0018356,Zea_mays,0,0,0.5
OG0018356,Sorghum_bicolor,0,0,0.5
OG0018356,Hordeum_vulgare,2,1,0.011402
OG0018356,Triticum_aestivum,0,0,0.5
OG0018356,Oryza_sativa,0,-1,0.154715
OG0018356,Brachypodium_distachyon,1,0,0.56891
OG0018364,Avena_sativa,0,-1,0.0818261
OG0018364,Arabidopsis_thaliana,1,0,0.756301
OG0018364,Triticum_turgidum,0,0,0.5
OG0018364,Zea_mays,0,0,0.5
OG0018364,Sorghum_bicolor,0,0,0.5
OG0018364,Hordeum_vulgare,2,1,0.011402
OG0018364,Triticum_aestivum,0,0,0.5
OG0018364,Oryza_sativa,1,0,0.605212
OG0018364,Brachypodium_distachyon,0,-1,0.102088
OG0018365,Avena_sativa,0,-1,0.0818261
OG0018365,Arabidopsis_thaliana,1,0,0.756301
OG0018365,Triticum_turgidum,1,0,0.507693
OG0018365,Zea_mays,0,0,0.5
OG0018365,Sorghum_bicolor,0,0,0.5
OG0018365,Hordeum_vulgare,1,0,0.522556
OG0018365,Triticum_aestivum,0,-1,0.0115245
OG0018365,Oryza_sativa,0,-1,0.154715
OG0018365,Brachypodium_distachyon,0,-1,0.102088
OG0018371,Avena_sativa,1,0,0.555086
OG0018371,Arabidopsis_thaliana,1,0,0.756301
OG0018371,Triticum_turgidum,0,0,0.5
OG0018371,Zea_mays,0,-1,0.0693598
OG0018371,Sorghum_bicolor,1,0,0.54662
OG0018371,Hordeum_vulgare,0,0,0.5
OG0018371,Triticum_aestivum,0,0,0.5
OG0018371,Oryza_sativa,0,-1,0.154715
OG0018371,Brachypodium_distachyon,0,-1,0.102088
OG0018372,Avena_sativa,0,0,0.5
OG0018372,Arabidopsis_thaliana,1,0,0.756301
OG0018372,Triticum_turgidum,0,0,0.5
OG0018372,Zea_mays,3,2,0.00113794
OG0018372,Sorghum_bicolor,0,-1,0.0693598
OG0018372,Hordeum_vulgare,0,0,0.5
OG0018372,Triticum_aestivum,0,0,0.5
OG0018372,Oryza_sativa,0,0,0.5
OG0018372,Brachypodium_distachyon,0,0,0.5
OG0018390,Avena_sativa,0,-1,0.0818261
OG0018390,Arabidopsis_thaliana,1,0,0.756301
OG0018390,Triticum_turgidum,0,-1,0.0115245
OG0018390,Zea_mays,0,0,0.5
OG0018390,Sorghum_bicolor,0,0,0.5
OG0018390,Hordeum_vulgare,0,-1,0.0337031
OG0018390,Triticum_aestivum,1,0,0.507693
OG0018390,Oryza_sativa,0,-1,0.154715
OG0018390,Brachypodium_distachyon,1,0,0.56891
OG0018459,Avena_sativa,0,-1,0.0818261
OG0018459,Arabidopsis_thaliana,1,0,0.756301
OG0018459,Triticum_turgidum,0,0,0.5
OG0018459,Zea_mays,0,0,0.5
OG0018459,Sorghum_bicolor,0,0,0.5
OG0018459,Hordeum_vulgare,1,0,0.522556
OG0018459,Triticum_aestivum,0,0,0.5
OG0018459,Oryza_sativa,0,-1,0.154715
OG0018459,Brachypodium_distachyon,0,-1,0.102088
OG0018465,Avena_sativa,1,0,0.555086
OG0018465,Arabidopsis_thaliana,1,0,0.756301
OG0018465,Triticum_turgidum,0,0,0.5
OG0018465,Zea_mays,0,-1,0.0693598
OG0018465,Sorghum_bicolor,1,0,0.54662
OG0018465,Hordeum_vulgare,0,0,0.5
OG0018465,Triticum_aestivum,0,0,0.5
OG0018465,Oryza_sativa,0,-1,0.154715
OG0018465,Brachypodium_distachyon,0,-1,0.102088
OG0019527,Avena_sativa,0,-1,0.0818261
OG0019527,Arabidopsis_thaliana,1,0,0.756301
OG0019527,Triticum_turgidum,0,-1,0.0115245
OG0019527,Zea_mays,0,0,0.5
OG0019527,Sorghum_bicolor,0,0,0.5
OG0019527,Hordeum_vulgare,0,-1,0.0337031
OG0019527,Triticum_aestivum,1,0,0.507693
OG0019527,Oryza_sativa,0,-1,0.154715
OG0019527,Brachypodium_distachyon,0,-1,0.102088
